genome_id,n_drugs_labelled
562.100002,5
562.100003,5
562.100005,5
562.100006,5
562.100007,5
562.100008,5
562.100009,5
562.100010,5
562.100011,5
562.100012,5
562.100013,5
562.100014,5
562.100015,5
562.100016,5
562.100017,5
562.100018,5
562.100019,5
562.100020,5
562.100021,5
562.100022,5
562.100023,5
562.100024,5
562.100025,5
562.100026,5
562.100027,5
562.100028,5
562.100029,5
562.100030,5
562.100031,5
562.100032,5
562.100033,5
562.100034,5
562.100035,5
562.100036,5
562.100037,5
562.100038,5
562.100039,5
562.100040,5
562.100041,5
562.100042,5
562.100043,5
562.100044,5
562.100045,5
562.100046,5
562.100047,5
562.100048,5
562.100049,5
562.100050,5
562.100051,5
562.100052,5
562.100053,5
562.100054,5
562.100055,5
562.100056,5
562.100057,5
562.100058,5
562.100059,5
562.100060,5
562.100061,5
562.100062,5
562.100063,5
562.100064,5
562.100065,5
562.100066,5
562.100067,5
562.100068,5
562.100069,5
562.100070,5
562.100071,5
562.100072,5
562.100073,5
562.100075,5
562.100076,5
562.100077,5
562.100078,5
562.100079,5
562.100080,5
562.100082,5
562.100083,5
562.100084,5
562.100085,5
562.100086,5
562.100087,5
562.100088,5
562.100089,5
562.100090,5
562.100091,5
562.100092,5
562.100093,5
562.100094,5
562.100095,5
562.100096,5
562.100097,5
562.100098,5
562.100099,5
562.100100,5
562.100101,5
562.100102,5
562.100103,5
562.100104,5
562.100105,5
562.100106,5
562.100107,5
562.100108,5
562.100109,5
562.100110,5
562.100111,5
562.100112,5
562.100113,5
562.100114,5
562.100115,5
562.100116,5
562.100117,5
562.100118,5
562.100120,5
562.100121,5
562.100122,5
562.100123,5
562.100124,5
562.100125,5
562.100126,5
562.100127,5
562.100128,5
562.100129,5
562.100130,5
562.100131,5
562.100133,5
562.100134,5
562.100135,5
562.100136,5
562.100137,5
562.100138,5
562.100139,5
562.100140,5
562.100141,5
562.100142,5
562.100143,5
562.100144,5
562.100145,5
562.100146,5
562.100148,5
562.100149,5
562.100150,5
562.100152,5
562.100153,5
562.100154,5
562.100155,5
562.100156,5
562.100157,5
562.100158,5
562.100159,5
562.100160,5
562.100162,5
562.100163,5
562.100164,5
562.100165,5
562.100166,5
562.100167,5
562.100168,5
562.100169,5
562.100170,5
562.100171,5
562.100172,5
562.100173,5
562.100174,5
562.100175,5
562.100176,5
562.100177,5
562.100178,5
562.100179,5
562.100180,5
562.100181,5
562.100182,5
562.100183,5
562.100184,5
562.100185,5
562.100186,5
562.100187,5
562.100188,5
562.100189,5
562.100190,5
562.100191,5
562.100192,5
562.100193,5
562.100194,5
562.100195,5
562.100196,5
562.100197,5
562.100198,5
562.100199,5
562.100200,5
562.100201,5
562.100202,5
562.100203,5
562.100204,5
562.100205,5
562.100206,5
562.100209,5
562.100210,5
562.100211,5
562.100212,5
562.100213,5
562.100214,5
562.100215,5
562.100216,5
562.100217,5
562.100218,5
562.100219,5
562.100220,5
562.100221,5
562.100222,5
562.100223,5
562.100224,5
562.100225,5
562.100226,5
562.100227,5
562.100228,5
562.100229,5
562.100230,5
562.100231,5
562.100232,5
562.100233,5
562.100234,5
562.100235,5
562.100236,5
562.100237,5
562.100238,5
562.100239,5
562.100240,5
562.100241,5
562.100242,5
562.100243,5
562.100244,5
562.100245,5
562.100246,5
562.100247,5
562.100248,5
562.100249,5
562.100250,5
562.100251,5
562.100252,5
562.100253,5
562.100254,5
562.100255,5
562.100256,5
562.100257,5
562.100258,5
562.100259,5
562.100260,5
562.100261,5
562.100262,5
562.100263,5
562.100264,5
562.100265,5
562.100266,5
562.100267,5
562.100268,5
562.100270,5
562.100271,5
562.100272,5
562.100273,5
562.100274,5
562.100275,5
562.100276,5
562.100277,5
562.100278,5
562.100279,5
562.100280,5
562.100281,5
562.100282,5
562.100283,5
562.100284,5
562.100285,5
562.100287,5
562.100288,5
562.100289,5
562.100290,5
562.100291,5
562.100292,5
562.100293,5
562.100294,5
562.100295,5
562.100296,5
562.100297,5
562.100298,5
562.100299,5
562.100301,5
562.100302,5
562.100303,5
562.100304,5
562.100305,5
562.100307,5
562.100308,5
562.100309,5
562.100310,5
562.100311,5
562.100312,5
562.100313,5
562.100314,5
562.100315,5
562.100316,5
562.100317,5
562.100318,5
562.100319,5
562.100320,5
562.100321,5
562.100322,5
562.100323,5
562.100324,5
562.100325,5
562.100326,5
562.100327,5
562.100328,5
562.100329,5
562.100330,5
562.100331,5
562.100332,5
562.100333,5
562.100334,5
562.100335,5
562.100336,5
562.100337,5
562.100338,5
562.100339,5
562.100340,5
562.100341,5
562.100342,5
562.100343,5
562.100344,5
562.100345,5
562.100346,5
562.100347,5
562.100348,5
562.100349,5
562.100351,5
562.100355,5
562.100356,5
562.100357,5
562.100358,5
562.100359,5
562.100360,5
562.100361,5
562.100363,5
562.100364,5
562.100365,5
562.100366,5
562.100367,5
562.100368,5
562.100369,5
562.100370,5
562.100371,5
562.100372,5
562.100373,5
562.100374,5
562.100375,5
562.100376,5
562.100377,5
562.100378,5
562.100379,5
562.100380,5
562.100381,5
562.100382,5
562.100383,5
562.100384,5
562.100386,5
562.100387,5
562.100388,5
562.100389,5
562.100390,5
562.100391,5
562.100392,5
562.100393,5
562.100397,5
562.100398,5
562.100399,5
562.100400,5
562.100401,5
562.100402,5
562.100403,5
562.100404,5
562.100405,5
562.100406,5
562.100407,5
562.100408,5
562.100409,5
562.100410,5
562.100411,5
562.100412,5
562.100413,5
562.100415,5
562.100416,5
562.100417,5
562.100419,5
562.100420,5
562.100422,5
562.100424,5
562.100425,5
562.100426,5
562.100427,5
562.100428,5
562.100429,5
562.100430,5
562.100431,5
562.100432,5
562.100433,5
562.100434,5
562.100435,5
562.100436,5
562.100437,5
562.100438,5
562.100439,5
562.100440,5
562.100441,5
562.100443,5
562.100444,5
562.100445,5
562.100446,5
562.100447,5
562.100448,5
562.100449,5
562.100450,5
562.100451,5
562.100452,5
562.100453,5
562.100454,5
562.100455,5
562.100456,5
562.100457,5
562.100458,5
562.100459,5
562.100460,5
562.100461,5
562.100462,5
562.100463,5
562.100464,5
562.100465,5
562.100466,5
562.100468,5
562.100469,5
562.100470,5
562.100471,5
562.100472,5
562.100473,5
562.100474,5
562.100475,5
562.100476,5
562.100477,5
562.100478,5
562.100479,5
562.100480,5
562.100481,5
562.100482,5
562.100483,5
562.100484,5
562.100485,5
562.100486,5
562.100487,5
562.100488,5
562.100489,5
562.100490,5
562.100491,5
562.100493,5
562.100494,5
562.100495,5
562.100496,5
562.100497,5
562.100498,5
562.100499,5
562.100500,5
562.100501,5
562.100502,5
562.100503,5
562.100504,5
562.100505,5
562.100506,5
562.100508,5
562.100509,5
562.100510,5
562.100511,5
562.100513,5
562.100514,5
562.100515,5
562.100516,5
562.100517,5
562.100518,5
562.100519,5
562.100520,5
562.100521,5
562.100522,5
562.100523,5
562.100525,5
562.100526,5
562.100527,5
562.100528,5
562.100529,5
562.100530,5
562.100531,5
562.100532,5
562.100533,5
562.100534,5
562.100535,5
562.100536,5
562.100537,5
562.100538,5
562.100539,5
562.100540,5
562.100542,5
562.100543,5
562.100544,5
562.100545,5
562.100546,5
562.100547,5
562.100548,5
562.100549,5
562.100550,5
562.100551,5
562.100552,5
562.100553,5
562.100554,5
562.100555,5
562.100556,5
562.100557,5
562.100558,5
562.100559,5
562.100560,5
562.100561,5
562.100562,5
562.100563,5
562.100564,5
562.100565,5
562.100566,5
562.100567,5
562.100568,5
562.100569,5
562.100570,5
562.100571,5
562.100572,5
562.100573,5
562.100574,5
562.100575,5
562.100576,5
562.100577,5
562.100578,5
562.100579,5
562.100580,5
562.100581,5
562.100582,5
562.100583,5
562.100584,5
562.100585,5
562.100586,5
562.100587,5
562.100588,5
562.100589,5
562.100590,5
562.100591,5
562.100592,5
562.100593,5
562.100594,5
562.100595,5
562.100596,5
562.100597,5
562.100598,5
562.100599,5
562.100600,5
562.100601,5
562.100602,5
562.100603,5
562.100604,5
562.100605,5
562.100607,5
562.100608,5
562.100610,5
562.100611,5
562.100612,5
562.100613,5
562.100615,5
562.100616,5
562.100617,5
562.100618,5
562.100619,5
562.100620,5
562.100621,5
562.100622,5
562.100623,5
562.100624,5
562.100625,5
562.100626,5
562.100627,5
562.100628,5
562.100629,5
562.100630,5
562.100631,5
562.100632,5
562.100633,5
562.100634,5
562.100635,5
562.100636,5
562.100637,5
562.100639,5
562.100640,5
562.100641,5
562.100642,5
562.100643,5
562.100644,5
562.100645,5
562.100646,5
562.100647,5
562.100648,5
562.100649,5
562.100651,5
562.100652,5
562.100653,5
562.100654,5
562.100655,5
562.100656,5
562.100657,5
562.100658,5
562.100659,5
562.100660,5
562.100662,5
562.100663,5
562.100664,5
562.100665,5
562.100666,5
562.100667,5
562.100668,5
562.100669,5
562.100670,5
562.100671,5
562.100672,5
562.100673,5
562.100674,5
562.100675,5
562.100676,5
562.100677,5
562.100678,5
562.100680,5
562.100681,5
562.100682,5
562.100683,5
562.100684,5
562.100685,5
562.100686,5
562.100687,5
562.100688,5
562.100689,5
562.100690,5
562.100691,5
562.100692,5
562.100693,5
562.100694,5
562.100695,5
562.100696,5
562.100697,5
562.100698,5
562.100699,5
562.100700,5
562.100701,5
562.100702,5
562.100703,5
562.100704,5
562.100705,5
562.100706,5
562.100708,5
562.100709,5
562.100710,5
562.100711,5
562.100712,5
562.100713,5
562.100714,5
562.100715,5
562.100716,5
562.100717,5
562.100718,5
562.100719,5
562.100720,5
562.100721,5
562.100722,5
562.100723,5
562.100724,5
562.100725,5
562.100726,5
562.100727,5
562.100728,5
562.100730,5
562.100731,5
562.100732,5
562.100733,5
562.100734,5
562.100735,5
562.100736,5
562.100737,5
562.100738,5
562.100739,5
562.100740,5
562.100741,5
562.100742,5
562.100743,5
562.100744,5
562.100745,5
562.100746,5
562.100748,5
562.100749,5
562.100750,5
562.100751,5
562.100752,5
562.100753,5
562.100754,5
562.100755,5
562.100756,5
562.100757,5
562.100758,5
562.100759,5
562.100760,5
562.100761,5
562.100762,5
562.100763,5
562.100764,5
562.100765,5
562.100766,5
562.100767,5
562.100768,5
562.100769,5
562.100770,5
562.100771,5
562.100772,5
562.100773,5
562.100774,5
562.100775,5
562.100776,5
562.100777,5
562.100778,5
562.100779,5
562.100780,5
562.100781,5
562.100782,5
562.100783,5
562.100785,5
562.100786,5
562.100787,5
562.100789,5
562.100790,5
562.100791,5
562.100792,5
562.100793,5
562.100794,5
562.100795,5
562.100796,5
562.100797,5
562.100798,5
562.100799,5
562.100800,5
562.100801,5
562.100802,5
562.100803,5
562.100804,5
562.100805,5
562.100806,5
562.100807,5
562.100808,5
562.100809,5
562.100810,5
562.100812,5
562.100813,5
562.100814,5
562.100815,5
562.100816,5
562.100817,5
562.100819,5
562.100820,5
562.100821,5
562.100822,5
562.100823,5
562.100824,5
562.100825,5
562.100826,5
562.100827,5
562.100828,5
562.100830,5
562.100832,5
562.100833,5
562.100834,5
562.100835,5
562.100836,5
562.100837,5
562.100838,5
562.100839,5
562.100840,5
562.100841,5
562.100842,5
562.100844,5
562.100845,5
562.100846,5
562.100847,5
562.100848,5
562.100849,5
562.100850,5
562.100851,5
562.100852,5
562.100853,5
562.100854,5
562.100855,5
562.100856,5
562.100857,5
562.100858,5
562.100859,5
562.100860,5
562.100861,5
562.100862,5
562.100863,5
562.100864,5
562.100865,5
562.100866,5
562.100867,5
562.100868,5
562.100869,5
562.100870,5
562.100871,5
562.100872,5
562.100873,5
562.100874,5
562.100875,5
562.100876,5
562.100877,5
562.100878,5
562.100879,5
562.100881,5
562.100882,5
562.100883,5
562.100884,5
562.100885,5
562.100886,5
562.100887,5
562.100888,5
562.100889,5
562.100890,5
562.100891,5
562.100892,5
562.100893,5
562.100894,5
562.100895,5
562.100896,5
562.100897,5
562.100898,5
562.100899,5
562.100900,5
562.100901,5
562.100902,5
562.100903,5
562.100904,5
562.100905,5
562.100906,5
562.100907,5
562.100908,5
562.100909,5
562.100910,5
562.100911,5
562.100912,5
562.100913,5
562.100914,5
562.100915,5
562.100916,5
562.100918,5
562.100919,5
562.100920,5
562.100921,5
562.100922,5
562.100923,5
562.100924,5
562.100925,5
562.100926,5
562.100927,5
562.100928,5
562.100929,5
562.100930,5
562.100931,5
562.100932,5
562.100933,5
562.100934,5
562.100935,5
562.100936,5
562.100937,5
562.100938,5
562.100939,5
562.100940,5
562.100941,5
562.100942,5
562.100943,5
562.100944,5
562.100945,5
562.100946,5
562.100947,5
562.100948,5
562.100949,5
562.100950,5
562.100951,5
562.100952,5
562.100953,5
562.100954,5
562.100955,5
562.100956,5
562.100957,5
562.100958,5
562.100959,5
562.100960,5
562.100961,5
562.100962,5
562.100964,5
562.100965,5
562.11346,5
562.11347,5
562.11349,5
562.11557,5
562.12959,5
562.12960,5
562.13671,5
562.140685,5
562.140687,5
562.140692,5
562.16324,5
562.16325,5
562.16326,5
562.16327,5
562.17620,5
562.17621,5
562.17721,5
562.17722,5
562.19151,5
562.19194,5
562.19195,5
562.19196,5
562.19197,5
562.19198,5
562.19200,5
562.19201,5
562.19631,5
562.19632,5
562.19633,5
562.19821,5
562.19823,5
562.20499,5
562.21897,5
562.21898,5
562.21899,5
562.22426,5
562.28131,5
562.28132,5
562.28389,5
562.28434,5
562.28435,5
562.28563,5
562.28565,5
562.28566,5
562.28567,5
562.28805,5
562.29003,5
562.29006,5
562.29007,5
562.29008,5
562.29139,5
562.30349,5
562.30362,5
562.30434,5
562.33280,5
562.33281,5
562.34085,5
562.34086,5
562.34089,5
562.42635,5
562.42686,5
562.42761,5
562.42762,5
562.42820,5
562.42821,5
562.42822,5
562.42823,5
562.42824,5
562.42825,5
562.42827,5
562.42829,5
562.42831,5
562.42832,5
562.42833,5
562.42834,5
562.42835,5
562.42836,5
562.42837,5
562.42838,5
562.42839,5
562.42840,5
562.42841,5
562.42842,5
562.42843,5
562.42844,5
562.42845,5
562.42846,5
562.42847,5
562.42848,5
562.42849,5
562.42850,5
562.42851,5
562.42852,5
562.42853,5
562.42854,5
562.42855,5
562.42856,5
562.42858,5
562.42859,5
562.42860,5
562.42861,5
562.42862,5
562.42863,5
562.42864,5
562.42865,5
562.42866,5
562.42867,5
562.42868,5
562.42869,5
562.42870,5
562.42871,5
562.42872,5
562.42873,5
562.52722,5
562.53932,5
562.58741,5
562.58742,5
562.58743,5
562.58745,5
562.58746,5
562.58747,5
562.58748,5
562.58749,5
562.58751,5
562.58752,5
562.58753,5
562.58754,5
562.58755,5
562.58757,5
562.58758,5
562.58759,5
562.58760,5
562.58761,5
562.58762,5
562.58763,5
562.58764,5
562.58765,5
562.58766,5
562.58767,5
562.58768,5
562.58769,5
562.58770,5
562.58771,5
562.58772,5
562.58773,5
562.58775,5
562.58776,5
562.58777,5
562.58778,5
562.58779,5
562.58780,5
562.58781,5
562.58782,5
562.58783,5
562.58784,5
562.58785,5
562.58786,5
562.58787,5
562.58788,5
562.58789,5
562.58790,5
562.58791,5
562.58792,5
562.65780,5
562.65781,5
562.65782,5
562.65783,5
562.65784,5
562.65785,5
562.65786,5
562.65787,5
562.65788,5
562.65789,5
562.65790,5
562.65791,5
562.97938,5
562.97939,5
562.97940,5
562.97941,5
562.97942,5
562.97943,5
562.97944,5
562.97945,5
562.97946,5
562.97947,5
562.97948,5
562.97949,5
562.97950,5
562.97951,5
562.97952,5
562.97953,5
562.97966,5
562.97970,5
562.97971,5
562.97972,5
562.97973,5
562.97974,5
562.97975,5
562.97976,5
562.97977,5
562.97978,5
562.97979,5
562.97981,5
562.97982,5
562.97984,5
562.97985,5
562.97986,5
562.97987,5
562.97988,5
562.97989,5
562.97990,5
562.97991,5
562.97992,5
562.97993,5
562.97994,5
562.97995,5
562.97996,5
562.97997,5
562.97998,5
562.97999,5
562.98000,5
562.98001,5
562.98002,5
562.98003,5
562.98004,5
562.98005,5
562.98006,5
562.98007,5
562.98008,5
562.98009,5
562.98010,5
562.98011,5
562.98012,5
562.98013,5
562.98014,5
562.98015,5
562.98016,5
562.98017,5
562.98018,5
562.98019,5
562.98020,5
562.98021,5
562.98022,5
562.98023,5
562.98024,5
562.98025,5
562.98026,5
562.98027,5
562.98028,5
562.98029,5
562.98030,5
562.98031,5
562.98032,5
562.98033,5
562.98034,5
562.98035,5
562.98036,5
562.98037,5
562.98038,5
562.98039,5
562.98040,5
562.98041,5
562.98042,5
562.98043,5
562.98044,5
562.98045,5
562.98046,5
562.98047,5
562.98048,5
562.98049,5
562.98050,5
562.98051,5
562.98052,5
562.98053,5
562.98054,5
562.98055,5
562.98056,5
562.98057,5
562.98058,5
562.98059,5
562.98060,5
562.98061,5
562.98062,5
562.98063,5
562.98064,5
562.98065,5
562.98066,5
562.98067,5
562.98068,5
562.98069,5
562.98070,5
562.98071,5
562.98072,5
562.98073,5
562.98074,5
562.98075,5
562.98076,5
562.98077,5
562.98078,5
562.98079,5
562.98080,5
562.98081,5
562.98082,5
562.98083,5
562.98084,5
562.98085,5
562.98086,5
562.98087,5
562.98088,5
562.98089,5
562.98090,5
562.98091,5
562.98092,5
562.98093,5
562.98094,5
562.98095,5
562.98096,5
562.98097,5
562.98098,5
562.98099,5
562.98100,5
562.98101,5
562.98102,5
562.98103,5
562.98104,5
562.98105,5
562.98106,5
562.98107,5
562.98108,5
562.98109,5
562.98110,5
562.98111,5
562.98112,5
562.98113,5
562.98114,5
562.98115,5
562.98116,5
562.98117,5
562.98118,5
562.98119,5
562.98120,5
562.98121,5
562.98122,5
562.98123,5
562.98124,5
562.98125,5
562.98126,5
562.98127,5
562.98128,5
562.98129,5
562.98130,5
562.98131,5
562.98132,5
562.98133,5
562.98134,5
562.98135,5
562.98136,5
562.98137,5
562.98138,5
562.98139,5
562.98140,5
562.98141,5
562.98142,5
562.98143,5
562.98144,5
562.98145,5
562.98146,5
562.98147,5
562.98148,5
562.98149,5
562.98150,5
562.98151,5
562.98152,5
562.98153,5
562.98154,5
562.98155,5
562.98156,5
562.98157,5
562.98158,5
562.98159,5
562.98160,5
562.98161,5
562.98162,5
562.98163,5
562.98164,5
562.98166,5
562.98167,5
562.98168,5
562.98169,5
562.98170,5
562.98171,5
562.98172,5
562.98173,5
562.98174,5
562.98175,5
562.98176,5
562.98177,5
562.98178,5
562.98179,5
562.98180,5
562.98181,5
562.98182,5
562.98183,5
562.98184,5
562.98185,5
562.98186,5
562.98187,5
562.98188,5
562.98189,5
562.98190,5
562.98191,5
562.98192,5
562.98193,5
562.98194,5
562.98195,5
562.98196,5
562.98197,5
562.98198,5
562.98199,5
562.98200,5
562.98201,5
562.98202,5
562.98203,5
562.98204,5
562.98205,5
562.98206,5
562.98207,5
562.98208,5
562.98209,5
562.98210,5
562.98211,5
562.98212,5
562.98213,5
562.98214,5
562.98215,5
562.98216,5
562.98217,5
562.98218,5
562.98219,5
562.98220,5
562.98221,5
562.98222,5
562.98223,5
562.98224,5
562.98225,5
562.98226,5
562.98227,5
562.98228,5
562.98229,5
562.98230,5
562.98231,5
562.98232,5
562.98233,5
562.98234,5
562.98235,5
562.98236,5
562.98237,5
562.98238,5
562.98239,5
562.98240,5
562.98241,5
562.98242,5
562.98243,5
562.98244,5
562.98245,5
562.98246,5
562.98247,5
562.98248,5
562.98249,5
562.98250,5
562.98251,5
562.98252,5
562.98253,5
562.98254,5
562.98255,5
562.98256,5
562.98257,5
562.98258,5
562.98259,5
562.98260,5
562.98261,5
562.98262,5
562.98263,5
562.98264,5
562.98265,5
562.98266,5
562.98268,5
562.98269,5
562.98270,5
562.98271,5
562.98272,5
562.98273,5
562.98274,5
562.98275,5
562.98276,5
562.98277,5
562.98278,5
562.98279,5
562.98280,5
562.98281,5
562.98283,5
562.98284,5
562.98285,5
562.98286,5
562.98287,5
562.98288,5
562.98289,5
562.98291,5
562.98292,5
562.98293,5
562.98294,5
562.98295,5
562.98296,5
562.98297,5
562.98298,5
562.98299,5
562.98300,5
562.98301,5
562.98302,5
562.98303,5
562.98304,5
562.98305,5
562.98306,5
562.98307,5
562.98308,5
562.98309,5
562.98310,5
562.98311,5
562.98312,5
562.98313,5
562.98314,5
562.98315,5
562.98316,5
562.98317,5
562.98318,5
562.98319,5
562.98320,5
562.98321,5
562.98322,5
562.98323,5
562.98324,5
562.98325,5
562.98326,5
562.98327,5
562.98328,5
562.98329,5
562.98330,5
562.98331,5
562.98332,5
562.98333,5
562.98334,5
562.98335,5
562.98336,5
562.98337,5
562.98338,5
562.98339,5
562.98340,5
562.98341,5
562.98342,5
562.98343,5
562.98344,5
562.98345,5
562.98347,5
562.98349,5
562.98350,5
562.98351,5
562.98352,5
562.98353,5
562.98354,5
562.98355,5
562.98356,5
562.98357,5
562.98358,5
562.98359,5
562.98360,5
562.98361,5
562.98362,5
562.98363,5
562.98364,5
562.98365,5
562.98366,5
562.98367,5
562.98368,5
562.98369,5
562.98370,5
562.98371,5
562.98372,5
562.98373,5
562.98374,5
562.98375,5
562.98376,5
562.98377,5
562.98378,5
562.98379,5
562.98380,5
562.98381,5
562.98382,5
562.98383,5
562.98384,5
562.98385,5
562.98386,5
562.98387,5
562.98388,5
562.98389,5
562.98390,5
562.98391,5
562.98392,5
562.98393,5
562.98394,5
562.98395,5
562.98396,5
562.98397,5
562.98398,5
562.98399,5
562.98400,5
562.98402,5
562.98403,5
562.98404,5
562.98406,5
562.98407,5
562.98408,5
562.98409,5
562.98410,5
562.98411,5
562.98412,5
562.98413,5
562.98414,5
562.98415,5
562.98416,5
562.98417,5
562.98418,5
562.98419,5
562.98420,5
562.98421,5
562.98422,5
562.98423,5
562.98424,5
562.98425,5
562.98426,5
562.98427,5
562.98428,5
562.98429,5
562.98430,5
562.98431,5
562.98432,5
562.98433,5
562.98434,5
562.98435,5
562.98436,5
562.98437,5
562.98438,5
562.98439,5
562.98440,5
562.98441,5
562.98442,5
562.98444,5
562.98445,5
562.98446,5
562.98447,5
562.98448,5
562.98449,5
562.98450,5
562.98451,5
562.98452,5
562.98453,5
562.98454,5
562.98455,5
562.98456,5
562.98457,5
562.98458,5
562.98459,5
562.98460,5
562.98461,5
562.98462,5
562.98463,5
562.98464,5
562.98465,5
562.98466,5
562.98467,5
562.98468,5
562.98469,5
562.98470,5
562.98471,5
562.98472,5
562.98473,5
562.98474,5
562.98475,5
562.98476,5
562.98477,5
562.98478,5
562.98479,5
562.98480,5
562.98481,5
562.98482,5
562.98483,5
562.98484,5
562.98485,5
562.98486,5
562.98487,5
562.98488,5
562.98489,5
562.98490,5
562.98491,5
562.98493,5
562.98494,5
562.98495,5
562.98496,5
562.98497,5
562.98498,5
562.98499,5
562.98500,5
562.98501,5
562.98502,5
562.98503,5
562.98504,5
562.98505,5
562.98506,5
562.98507,5
562.98508,5
562.98509,5
562.98510,5
562.98512,5
562.98513,5
562.98514,5
562.98515,5
562.98516,5
562.98517,5
562.98518,5
562.98519,5
562.98520,5
562.98521,5
562.98522,5
562.98523,5
562.98524,5
562.98525,5
562.98526,5
562.98527,5
562.98528,5
562.98529,5
562.98530,5
562.98531,5
562.98532,5
562.98533,5
562.98534,5
562.98535,5
562.98536,5
562.98537,5
562.98538,5
562.98539,5
562.98540,5
562.98541,5
562.98542,5
562.98543,5
562.98544,5
562.98545,5
562.98546,5
562.98547,5
562.98548,5
562.98549,5
562.98550,5
562.98551,5
562.98552,5
562.98553,5
562.98554,5
562.98555,5
562.98556,5
562.98557,5
562.98558,5
562.98559,5
562.98560,5
562.98561,5
562.98562,5
562.98564,5
562.98566,5
562.98567,5
562.98568,5
562.98569,5
562.98570,5
562.98571,5
562.98572,5
562.98573,5
562.98574,5
562.98575,5
562.98576,5
562.98577,5
562.98578,5
562.98579,5
562.98580,5
562.98581,5
562.98582,5
562.98583,5
562.98584,5
562.98585,5
562.98586,5
562.98587,5
562.98588,5
562.98589,5
562.98590,5
562.98591,5
562.98592,5
562.98593,5
562.98594,5
562.98595,5
562.98596,5
562.98597,5
562.98598,5
562.98599,5
562.98600,5
562.98601,5
562.98602,5
562.98603,5
562.98604,5
562.98605,5
562.98606,5
562.98607,5
562.98608,5
562.98609,5
562.98610,5
562.98611,5
562.98612,5
562.98613,5
562.98614,5
562.98615,5
562.98616,5
562.98617,5
562.98618,5
562.98619,5
562.98620,5
562.98621,5
562.98622,5
562.98623,5
562.98624,5
562.98625,5
562.98626,5
562.98627,5
562.98628,5
562.98629,5
562.98630,5
562.98631,5
562.98632,5
562.98633,5
562.98634,5
562.98635,5
562.98636,5
562.98637,5
562.98638,5
562.98639,5
562.98640,5
562.98641,5
562.98642,5
562.98643,5
562.98644,5
562.98645,5
562.98646,5
562.98647,5
562.98648,5
562.98649,5
562.98650,5
562.98651,5
562.98652,5
562.98653,5
562.98654,5
562.98655,5
562.98656,5
562.98657,5
562.98658,5
562.98659,5
562.98660,5
562.98661,5
562.98662,5
562.98663,5
562.98664,5
562.98665,5
562.98666,5
562.98667,5
562.98668,5
562.98669,5
562.98670,5
562.98671,5
562.98672,5
562.98673,5
562.98675,5
562.98676,5
562.98677,5
562.98678,5
562.98679,5
562.98680,5
562.98681,5
562.98683,5
562.98684,5
562.98685,5
562.98686,5
562.98687,5
562.98688,5
562.98689,5
562.98690,5
562.98691,5
562.98692,5
562.98693,5
562.98694,5
562.98695,5
562.98696,5
562.98697,5
562.98698,5
562.98700,5
562.98701,5
562.98702,5
562.98703,5
562.98704,5
562.98705,5
562.98706,5
562.98707,5
562.98708,5
562.98709,5
562.98711,5
562.98712,5
562.98713,5
562.98714,5
562.98715,5
562.98716,5
562.98717,5
562.98718,5
562.98719,5
562.98720,5
562.98721,5
562.98722,5
562.98723,5
562.98724,5
562.98725,5
562.98726,5
562.98728,5
562.98729,5
562.98730,5
562.98731,5
562.98732,5
562.98733,5
562.98734,5
562.98735,5
562.98736,5
562.98737,5
562.98738,5
562.98739,5
562.98740,5
562.98742,5
562.98743,5
562.98744,5
562.98745,5
562.98746,5
562.98747,5
562.98748,5
562.98749,5
562.98750,5
562.98751,5
562.98752,5
562.98753,5
562.98754,5
562.98755,5
562.98756,5
562.98757,5
562.98758,5
562.98759,5
562.98760,5
562.98761,5
562.98762,5
562.98763,5
562.98764,5
562.98765,5
562.98766,5
562.98767,5
562.98768,5
562.98769,5
562.98771,5
562.98772,5
562.98773,5
562.98774,5
562.98775,5
562.98776,5
562.98777,5
562.98778,5
562.98779,5
562.98780,5
562.98781,5
562.98782,5
562.98783,5
562.98784,5
562.98785,5
562.98786,5
562.98787,5
562.98788,5
562.98789,5
562.98790,5
562.98791,5
562.98792,5
562.98793,5
562.98794,5
562.98795,5
562.98796,5
562.98797,5
562.98798,5
562.98799,5
562.98800,5
562.98801,5
562.98803,5
562.98804,5
562.98806,5
562.98808,5
562.98809,5
562.98810,5
562.98811,5
562.98812,5
562.98813,5
562.98814,5
562.98815,5
562.98816,5
562.98817,5
562.98818,5
562.98819,5
562.98820,5
562.98821,5
562.98822,5
562.98823,5
562.98824,5
562.98825,5
562.98826,5
562.98827,5
562.98828,5
562.98829,5
562.98830,5
562.98831,5
562.98832,5
562.98833,5
562.98834,5
562.98836,5
562.98837,5
562.98838,5
562.98839,5
562.98840,5
562.98841,5
562.98842,5
562.98843,5
562.98844,5
562.98845,5
562.98846,5
562.98847,5
562.98848,5
562.98849,5
562.98850,5
562.98851,5
562.98852,5
562.98853,5
562.98854,5
562.98855,5
562.98856,5
562.98857,5
562.98858,5
562.98859,5
562.98860,5
562.98861,5
562.98862,5
562.98863,5
562.98864,5
562.98865,5
562.98866,5
562.98867,5
562.98868,5
562.98869,5
562.98870,5
562.98872,5
562.98873,5
562.98874,5
562.98875,5
562.98876,5
562.98877,5
562.98878,5
562.98879,5
562.98880,5
562.98881,5
562.98882,5
562.98883,5
562.98884,5
562.98885,5
562.98886,5
562.98887,5
562.98888,5
562.98889,5
562.98890,5
562.98891,5
562.98892,5
562.98893,5
562.98894,5
562.98895,5
562.98896,5
562.98897,5
562.98898,5
562.98899,5
562.98900,5
562.98901,5
562.98902,5
562.98903,5
562.98904,5
562.98905,5
562.98906,5
562.98907,5
562.98908,5
562.98909,5
562.98910,5
562.98911,5
562.98912,5
562.98913,5
562.98914,5
562.98915,5
562.98916,5
562.98917,5
562.98918,5
562.98919,5
562.98920,5
562.98921,5
562.98922,5
562.98924,5
562.98925,5
562.98926,5
562.98927,5
562.98928,5
562.98929,5
562.98930,5
562.98931,5
562.98932,5
562.98933,5
562.98934,5
562.98935,5
562.98936,5
562.98937,5
562.98939,5
562.98940,5
562.98941,5
562.98942,5
562.98943,5
562.98944,5
562.98945,5
562.98946,5
562.98947,5
562.98948,5
562.98949,5
562.98950,5
562.98951,5
562.98952,5
562.98953,5
562.98954,5
562.98955,5
562.98956,5
562.98957,5
562.98958,5
562.98959,5
562.98960,5
562.98961,5
562.98962,5
562.98963,5
562.98964,5
562.98965,5
562.98966,5
562.98967,5
562.98968,5
562.98969,5
562.98970,5
562.98971,5
562.98972,5
562.98974,5
562.98975,5
562.98976,5
562.98977,5
562.98978,5
562.98979,5
562.98980,5
562.98981,5
562.98982,5
562.98983,5
562.98984,5
562.98985,5
562.98986,5
562.98987,5
562.98988,5
562.98990,5
562.98991,5
562.98992,5
562.98993,5
562.98994,5
562.98996,5
562.98997,5
562.98998,5
562.98999,5
562.99000,5
562.99001,5
562.99002,5
562.99003,5
562.99004,5
562.99005,5
562.99006,5
562.99007,5
562.99008,5
562.99009,5
562.99010,5
562.99011,5
562.99012,5
562.99013,5
562.99014,5
562.99015,5
562.99016,5
562.99017,5
562.99019,5
562.99020,5
562.99021,5
562.99022,5
562.99026,5
562.99027,5
562.99028,5
562.99029,5
562.99030,5
562.99031,5
562.99032,5
562.99033,5
562.99034,5
562.99035,5
562.99036,5
562.99037,5
562.99039,5
562.99040,5
562.99041,5
562.99042,5
562.99043,5
562.99044,5
562.99045,5
562.99046,5
562.99047,5
562.99048,5
562.99049,5
562.99050,5
562.99051,5
562.99052,5
562.99053,5
562.99054,5
562.99055,5
562.99056,5
562.99057,5
562.99058,5
562.99059,5
562.99060,5
562.99061,5
562.99062,5
562.99063,5
562.99064,5
562.99065,5
562.99066,5
562.99067,5
562.99068,5
562.99069,5
562.99070,5
562.99071,5
562.99072,5
562.99073,5
562.99074,5
562.99075,5
562.99076,5
562.99077,5
562.99078,5
562.99079,5
562.99080,5
562.99081,5
562.99082,5
562.99083,5
562.99084,5
562.99085,5
562.99086,5
562.99087,5
562.99088,5
562.99089,5
562.99090,5
562.99091,5
562.99092,5
562.99093,5
562.99094,5
562.99095,5
562.99096,5
562.99097,5
562.99098,5
562.99099,5
562.99100,5
562.99101,5
562.99102,5
562.99103,5
562.99104,5
562.99105,5
562.99106,5
562.99107,5
562.99108,5
562.99109,5
562.99110,5
562.99111,5
562.99112,5
562.99113,5
562.99114,5
562.99115,5
562.99116,5
562.99117,5
562.99118,5
562.99119,5
562.99120,5
562.99121,5
562.99122,5
562.99123,5
562.99124,5
562.99125,5
562.99126,5
562.99127,5
562.99128,5
562.99129,5
562.99130,5
562.99131,5
562.99132,5
562.99133,5
562.99134,5
562.99136,5
562.99137,5
562.99138,5
562.99139,5
562.99140,5
562.99141,5
562.99142,5
562.99143,5
562.99144,5
562.99145,5
562.99146,5
562.99147,5
562.99148,5
562.99149,5
562.99150,5
562.99151,5
562.99152,5
562.99153,5
562.99155,5
562.99156,5
562.99157,5
562.99158,5
562.99159,5
562.99160,5
562.99161,5
562.99162,5
562.99163,5
562.99164,5
562.99165,5
562.99166,5
562.99167,5
562.99168,5
562.99169,5
562.99170,5
562.99171,5
562.99172,5
562.99173,5
562.99174,5
562.99175,5
562.99176,5
562.99177,5
562.99178,5
562.99179,5
562.99180,5
562.99181,5
562.99182,5
562.99184,5
562.99185,5
562.99186,5
562.99187,5
562.99188,5
562.99189,5
562.99190,5
562.99191,5
562.99192,5
562.99193,5
562.99194,5
562.99195,5
562.99196,5
562.99197,5
562.99198,5
562.99199,5
562.99200,5
562.99201,5
562.99202,5
562.99203,5
562.99204,5
562.99205,5
562.99206,5
562.99207,5
562.99208,5
562.99210,5
562.99211,5
562.99212,5
562.99213,5
562.99214,5
562.99215,5
562.99216,5
562.99217,5
562.99218,5
562.99219,5
562.99220,5
562.99221,5
562.99223,5
562.99224,5
562.99225,5
562.99226,5
562.99227,5
562.99229,5
562.99230,5
562.99231,5
562.99232,5
562.99233,5
562.99234,5
562.99235,5
562.99236,5
562.99237,5
562.99238,5
562.99240,5
562.99241,5
562.99242,5
562.99246,5
562.99247,5
562.99248,5
562.99249,5
562.99251,5
562.99252,5
562.99253,5
562.99257,5
562.99262,5
562.99275,5
562.99278,5
562.99280,5
562.99283,5
562.99285,5
562.99294,5
562.99295,5
562.99297,5
562.99299,5
562.99301,5
562.99302,5
562.99303,5
562.99304,5
562.99306,5
562.99308,5
562.99309,5
562.99312,5
562.99314,5
562.99316,5
562.99317,5
562.99318,5
562.99319,5
562.99320,5
562.99322,5
562.99323,5
562.99324,5
562.99325,5
562.99327,5
562.99329,5
562.99330,5
562.99331,5
562.99332,5
562.99333,5
562.99334,5
562.99335,5
562.99337,5
562.99338,5
562.99339,5
562.99342,5
562.99343,5
562.99344,5
562.99345,5
562.99346,5
562.99347,5
562.99348,5
562.99349,5
562.99350,5
562.99351,5
562.99353,5
562.99354,5
562.99356,5
562.99357,5
562.99358,5
562.99359,5
562.99360,5
562.99361,5
562.99362,5
562.99363,5
562.99364,5
562.99365,5
562.99366,5
562.99368,5
562.99372,5
562.99373,5
562.99374,5
562.99375,5
562.99376,5
562.99377,5
562.99379,5
562.99380,5
562.99382,5
562.99383,5
562.99384,5
562.99385,5
562.99386,5
562.99389,5
562.99390,5
562.99391,5
562.99392,5
562.99393,5
562.99394,5
562.99396,5
562.99397,5
562.99398,5
562.99399,5
562.99402,5
562.99404,5
562.99407,5
562.99408,5
562.99413,5
562.99416,5
562.99417,5
562.99418,5
562.99420,5
562.99421,5
562.99423,5
562.99424,5
562.99426,5
562.99431,5
562.99437,5
562.99440,5
562.99443,5
562.99450,5
562.99451,5
562.99460,5
562.99464,5
562.99467,5
562.99468,5
562.99470,5
562.99471,5
562.99473,5
562.99474,5
562.99475,5
562.99476,5
562.99477,5
562.99478,5
562.99479,5
562.99480,5
562.99481,5
562.99482,5
562.99483,5
562.99484,5
562.99486,5
562.99487,5
562.99488,5
562.99489,5
562.99490,5
562.99491,5
562.99492,5
562.99493,5
562.99494,5
562.99495,5
562.99496,5
562.99499,5
562.99500,5
562.99501,5
562.99502,5
562.99503,5
562.99504,5
562.99507,5
562.99508,5
562.99509,5
562.99510,5
562.99511,5
562.99512,5
562.99513,5
562.99514,5
562.99515,5
562.99516,5
562.99517,5
562.99518,5
562.99519,5
562.99520,5
562.99521,5
562.99522,5
562.99523,5
562.99524,5
562.99525,5
562.99526,5
562.99527,5
562.99528,5
562.99529,5
562.99530,5
562.99531,5
562.99532,5
562.99533,5
562.99534,5
562.99535,5
562.99536,5
562.99537,5
562.99539,5
562.99540,5
562.99541,5
562.99542,5
562.99543,5
562.99544,5
562.99545,5
562.99546,5
562.99547,5
562.99549,5
562.99550,5
562.99551,5
562.99552,5
562.99553,5
562.99554,5
562.99555,5
562.99556,5
562.99557,5
562.99558,5
562.99559,5
562.99560,5
562.99561,5
562.99562,5
562.99563,5
562.99564,5
562.99565,5
562.99566,5
562.99567,5
562.99568,5
562.99569,5
562.99570,5
562.99571,5
562.99572,5
562.99573,5
562.99574,5
562.99575,5
562.99576,5
562.99577,5
562.99578,5
562.99579,5
562.99581,5
562.99582,5
562.99583,5
562.99584,5
562.99585,5
562.99586,5
562.99587,5
562.99588,5
562.99589,5
562.99590,5
562.99591,5
562.99592,5
562.99593,5
562.99594,5
562.99595,5
562.99596,5
562.99597,5
562.99598,5
562.99599,5
562.99600,5
562.99602,5
562.99603,5
562.99604,5
562.99605,5
562.99606,5
562.99607,5
562.99608,5
562.99609,5
562.99610,5
562.99611,5
562.99612,5
562.99613,5
562.99614,5
562.99615,5
562.99616,5
562.99617,5
562.99618,5
562.99619,5
562.99620,5
562.99621,5
562.99622,5
562.99623,5
562.99624,5
562.99625,5
562.99626,5
562.99627,5
562.99628,5
562.99629,5
562.99630,5
562.99631,5
562.99632,5
562.99633,5
562.99634,5
562.99635,5
562.99636,5
562.99637,5
562.99638,5
562.99639,5
562.99640,5
562.99641,5
562.99643,5
562.99644,5
562.99645,5
562.99646,5
562.99647,5
562.99648,5
562.99649,5
562.99650,5
562.99651,5
562.99652,5
562.99653,5
562.99654,5
562.99656,5
562.99657,5
562.99658,5
562.99659,5
562.99660,5
562.99661,5
562.99662,5
562.99663,5
562.99664,5
562.99665,5
562.99666,5
562.99667,5
562.99669,5
562.99670,5
562.99671,5
562.99672,5
562.99673,5
562.99674,5
562.99675,5
562.99676,5
562.99677,5
562.99678,5
562.99679,5
562.99681,5
562.99682,5
562.99683,5
562.99685,5
562.99686,5
562.99687,5
562.99688,5
562.99689,5
562.99690,5
562.99691,5
562.99692,5
562.99694,5
562.99695,5
562.99696,5
562.99697,5
562.99698,5
562.99699,5
562.99700,5
562.99701,5
562.99702,5
562.99703,5
562.99704,5
562.99705,5
562.99706,5
562.99707,5
562.99708,5
562.99709,5
562.99710,5
562.99711,5
562.99712,5
562.99713,5
562.99714,5
562.99715,5
562.99716,5
562.99717,5
562.99718,5
562.99719,5
562.99720,5
562.99721,5
562.99722,5
562.99723,5
562.99724,5
562.99725,5
562.99726,5
562.99727,5
562.99728,5
562.99729,5
562.99730,5
562.99732,5
562.99734,5
562.99736,5
562.99737,5
562.99738,5
562.99739,5
562.99741,5
562.99742,5
562.99744,5
562.99745,5
562.99747,5
562.99748,5
562.99749,5
562.99750,5
562.99751,5
562.99752,5
562.99753,5
562.99754,5
562.99755,5
562.99756,5
562.99757,5
562.99758,5
562.99759,5
562.99761,5
562.99762,5
562.99763,5
562.99764,5
562.99765,5
562.99766,5
562.99767,5
562.99768,5
562.99770,5
562.99771,5
562.99772,5
562.99773,5
562.99774,5
562.99775,5
562.99776,5
562.99777,5
562.99778,5
562.99779,5
562.99780,5
562.99781,5
562.99782,5
562.99783,5
562.99784,5
562.99785,5
562.99786,5
562.99787,5
562.99788,5
562.99789,5
562.99791,5
562.99792,5
562.99793,5
562.99794,5
562.99796,5
562.99797,5
562.99798,5
562.99799,5
562.99800,5
562.99801,5
562.99802,5
562.99803,5
562.99804,5
562.99805,5
562.99806,5
562.99807,5
562.99808,5
562.99809,5
562.99810,5
562.99811,5
562.99812,5
562.99813,5
562.99814,5
562.99815,5
562.99816,5
562.99817,5
562.99818,5
562.99819,5
562.99820,5
562.99822,5
562.99823,5
562.99824,5
562.99825,5
562.99826,5
562.99827,5
562.99828,5
562.99829,5
562.99830,5
562.99831,5
562.99832,5
562.99833,5
562.99834,5
562.99835,5
562.99836,5
562.99837,5
562.99838,5
562.99839,5
562.99840,5
562.99841,5
562.99842,5
562.99843,5
562.99844,5
562.99845,5
562.99846,5
562.99847,5
562.99848,5
562.99849,5
562.99850,5
562.99851,5
562.99852,5
562.99853,5
562.99854,5
562.99855,5
562.99857,5
562.99858,5
562.99859,5
562.99860,5
562.99861,5
562.99862,5
562.99863,5
562.99864,5
562.99865,5
562.99867,5
562.99868,5
562.99869,5
562.99870,5
562.99871,5
562.99872,5
562.99873,5
562.99874,5
562.99875,5
562.99876,5
562.99877,5
562.99878,5
562.99879,5
562.99880,5
562.99881,5
562.99882,5
562.99883,5
562.99884,5
562.99885,5
562.99886,5
562.99887,5
562.99888,5
562.99889,5
562.99890,5
562.99891,5
562.99892,5
562.99893,5
562.99894,5
562.99895,5
562.99896,5
562.99897,5
562.99898,5
562.99899,5
562.99900,5
562.99901,5
562.99902,5
562.99903,5
562.99905,5
562.99906,5
562.99907,5
562.99908,5
562.99909,5
562.99910,5
562.99911,5
562.99912,5
562.99913,5
562.99914,5
562.99915,5
562.99916,5
562.99917,5
562.99918,5
562.99919,5
562.99920,5
562.99921,5
562.99922,5
562.99923,5
562.99924,5
562.99925,5
562.99926,5
562.99927,5
562.99928,5
562.99929,5
562.99930,5
562.99931,5
562.99932,5
562.99933,5
562.99934,5
562.99935,5
562.99936,5
562.99937,5
562.99938,5
562.99939,5
562.99940,5
562.99941,5
562.99942,5
562.99943,5
562.99944,5
562.99945,5
562.99946,5
562.99947,5
562.99948,5
562.99949,5
562.99950,5
562.99951,5
562.99952,5
562.99953,5
562.99954,5
562.99955,5
562.99956,5
562.99957,5
562.99958,5
562.99959,5
562.99960,5
562.99961,5
562.99962,5
562.99963,5
562.99964,5
562.99965,5
562.99966,5
562.99967,5
562.99969,5
562.99971,5
562.99972,5
562.99974,5
562.99975,5
562.99976,5
562.99977,5
562.99978,5
562.99980,5
562.99981,5
562.99982,5
562.99984,5
562.99985,5
562.99986,5
562.99988,5
562.99989,5
562.99990,5
562.99991,5
562.99992,5
562.99994,5
562.99996,5
562.99997,5
562.99998,5
562.99999,5
562.100000,4
562.100001,4
562.100004,4
562.100074,4
562.100081,4
562.100119,4
562.100132,4
562.100147,4
562.100151,4
562.100161,4
562.100207,4
562.100208,4
562.100269,4
562.100286,4
562.100306,4
562.100352,4
562.100354,4
562.100362,4
562.100385,4
562.100394,4
562.100395,4
562.100396,4
562.100414,4
562.100418,4
562.100421,4
562.100423,4
562.100442,4
562.100467,4
562.100492,4
562.100507,4
562.100524,4
562.100541,4
562.100606,4
562.100609,4
562.100614,4
562.100638,4
562.100650,4
562.100661,4
562.100679,4
562.100707,4
562.100729,4
562.100747,4
562.100784,4
562.100788,4
562.100811,4
562.100818,4
562.100829,4
562.100831,4
562.100843,4
562.100880,4
562.100917,4
562.100963,4
562.10576,4
562.140680,4
562.140682,4
562.140683,4
562.140684,4
562.140686,4
562.140688,4
562.140689,4
562.140691,4
562.140713,4
562.140714,4
562.140731,4
562.140735,4
562.140736,4
562.140740,4
562.140743,4
562.140746,4
562.140760,4
562.140762,4
562.140767,4
562.140771,4
562.140789,4
562.140795,4
562.140797,4
562.140804,4
562.140808,4
562.140810,4
562.140812,4
562.140818,4
562.140824,4
562.140825,4
562.140826,4
562.140827,4
562.140828,4
562.140829,4
562.140830,4
562.140831,4
562.140832,4
562.140833,4
562.140834,4
562.140835,4
562.140836,4
562.140837,4
562.140838,4
562.140839,4
562.140840,4
562.140841,4
562.140842,4
562.140843,4
562.140844,4
562.140845,4
562.140846,4
562.140847,4
562.140848,4
562.140849,4
562.140850,4
562.140851,4
562.140852,4
562.140853,4
562.140854,4
562.140855,4
562.140856,4
562.140857,4
562.140858,4
562.140859,4
562.140860,4
562.140861,4
562.140862,4
562.140863,4
562.140864,4
562.140865,4
562.140866,4
562.140867,4
562.140868,4
562.140869,4
562.140870,4
562.140871,4
562.140872,4
562.140873,4
562.140874,4
562.140875,4
562.140876,4
562.140877,4
562.140878,4
562.140879,4
562.140880,4
562.140881,4
562.140882,4
562.140883,4
562.140884,4
562.140885,4
562.140886,4
562.140887,4
562.140888,4
562.140889,4
562.140890,4
562.140891,4
562.140892,4
562.140893,4
562.140894,4
562.140895,4
562.140896,4
562.140897,4
562.140898,4
562.140899,4
562.140900,4
562.140901,4
562.140902,4
562.140903,4
562.140904,4
562.140905,4
562.140906,4
562.140907,4
562.140908,4
562.140909,4
562.140910,4
562.140911,4
562.140912,4
562.140913,4
562.140914,4
562.140915,4
562.140916,4
562.140917,4
562.140918,4
562.140919,4
562.140920,4
562.140921,4
562.140922,4
562.140923,4
562.140924,4
562.140925,4
562.140926,4
562.140927,4
562.140928,4
562.140929,4
562.140930,4
562.140931,4
562.140932,4
562.140933,4
562.140934,4
562.140935,4
562.140936,4
562.140937,4
562.140938,4
562.140939,4
562.140940,4
562.140941,4
562.140942,4
562.140946,4
562.140948,4
562.140949,4
562.140950,4
562.140953,4
562.140961,4
562.140964,4
562.140966,4
562.140986,4
562.141019,4
562.141025,4
562.141048,4
562.141059,4
562.141069,4
562.141080,4
562.141092,4
562.141113,4
562.141124,4
562.141130,4
562.141143,4
562.141155,4
562.141156,4
562.141159,4
562.141160,4
562.141163,4
562.141164,4
562.141165,4
562.141169,4
562.141172,4
562.141178,4
562.141179,4
562.141182,4
562.141183,4
562.141185,4
562.141186,4
562.141194,4
562.141195,4
562.141196,4
562.141197,4
562.141198,4
562.141199,4
562.141200,4
562.141201,4
562.141203,4
562.141206,4
562.141207,4
562.141209,4
562.141211,4
562.141212,4
562.141213,4
562.141215,4
562.141216,4
562.141217,4
562.141218,4
562.141219,4
562.141220,4
562.141221,4
562.141222,4
562.141223,4
562.141225,4
562.141226,4
562.141227,4
562.141232,4
562.141233,4
562.141234,4
562.141235,4
562.141236,4
562.141237,4
562.141238,4
562.141241,4
562.141242,4
562.141244,4
562.141245,4
562.141246,4
562.141247,4
562.141248,4
562.141249,4
562.141250,4
562.141251,4
562.141252,4
562.141254,4
562.141255,4
562.141257,4
562.141259,4
562.141261,4
562.141262,4
562.141265,4
562.141266,4
562.141268,4
562.141271,4
562.141272,4
562.141273,4
562.141274,4
562.141275,4
562.141276,4
562.141277,4
562.141278,4
562.141279,4
562.141280,4
562.141281,4
562.141284,4
562.141286,4
562.141292,4
562.141294,4
562.141295,4
562.141296,4
562.141298,4
562.141299,4
562.141300,4
562.141304,4
562.141305,4
562.141307,4
562.141309,4
562.141311,4
562.141312,4
562.141314,4
562.141315,4
562.141316,4
562.141317,4
562.141318,4
562.141319,4
562.141321,4
562.141322,4
562.141323,4
562.141325,4
562.141327,4
562.141328,4
562.141329,4
562.141330,4
562.141331,4
562.141332,4
562.141333,4
562.141334,4
562.141335,4
562.141336,4
562.141337,4
562.141338,4
562.141339,4
562.141340,4
562.141341,4
562.141342,4
562.141343,4
562.141344,4
562.141345,4
562.141346,4
562.141348,4
562.141350,4
562.141351,4
562.141353,4
562.141354,4
562.141356,4
562.141357,4
562.141358,4
562.141359,4
562.141360,4
562.141361,4
562.141362,4
562.141363,4
562.141364,4
562.141365,4
562.141367,4
562.141368,4
562.141369,4
562.141371,4
562.141372,4
562.141373,4
562.141374,4
562.141375,4
562.141377,4
562.141378,4
562.141379,4
562.141380,4
562.141381,4
562.141383,4
562.141384,4
562.141385,4
562.141386,4
562.141387,4
562.141388,4
562.141389,4
562.141390,4
562.141392,4
562.141393,4
562.141394,4
562.141395,4
562.141396,4
562.141397,4
562.141398,4
562.141401,4
562.141402,4
562.141403,4
562.141404,4
562.141405,4
562.141406,4
562.141407,4
562.141408,4
562.141409,4
562.141410,4
562.141412,4
562.141413,4
562.141414,4
562.141415,4
562.141416,4
562.141417,4
562.141419,4
562.141420,4
562.141421,4
562.141422,4
562.141423,4
562.141424,4
562.141425,4
562.141427,4
562.141428,4
562.141430,4
562.141431,4
562.141432,4
562.141433,4
562.141434,4
562.141435,4
562.141436,4
562.141437,4
562.141438,4
562.141439,4
562.141440,4
562.141441,4
562.141444,4
562.141445,4
562.141446,4
562.141447,4
562.141448,4
562.141449,4
562.141450,4
562.141451,4
562.141452,4
562.141453,4
562.141455,4
562.141456,4
562.141457,4
562.141458,4
562.141459,4
562.141460,4
562.141461,4
562.141465,4
562.141466,4
562.141468,4
562.141469,4
562.141471,4
562.141472,4
562.141473,4
562.141474,4
562.141475,4
562.141476,4
562.141477,4
562.141478,4
562.141479,4
562.141480,4
562.141481,4
562.141482,4
562.141487,4
562.141488,4
562.141489,4
562.141490,4
562.141507,4
562.141511,4
562.141513,4
562.141518,4
562.141519,4
562.141520,4
562.141521,4
562.141526,4
562.141527,4
562.141529,4
562.141530,4
562.141532,4
562.141541,4
562.141543,4
562.141547,4
562.141562,4
562.141567,4
562.141592,4
562.141594,4
562.141596,4
562.141607,4
562.141614,4
562.141620,4
562.141623,4
562.141624,4
562.141625,4
562.141632,4
562.141634,4
562.141649,4
562.141668,4
562.141673,4
562.141674,4
562.141675,4
562.141676,4
562.141708,4
562.141713,4
562.141717,4
562.141719,4
562.141720,4
562.141724,4
562.141726,4
562.141731,4
562.141735,4
562.141737,4
562.141738,4
562.141740,4
562.141745,4
562.141746,4
562.141747,4
562.141748,4
562.141749,4
562.141750,4
562.141751,4
562.141752,4
562.141753,4
562.141761,4
562.141765,4
562.141769,4
562.141770,4
562.141775,4
562.141791,4
562.141792,4
562.141793,4
562.141801,4
562.141802,4
562.141803,4
562.141810,4
562.141814,4
562.141815,4
562.141816,4
562.141820,4
562.141824,4
562.141825,4
562.141826,4
562.141828,4
562.141830,4
562.141854,4
562.141855,4
562.141870,4
562.141879,4
562.141883,4
562.141889,4
562.141891,4
562.141898,4
562.141903,4
562.141905,4
562.141907,4
562.141909,4
562.141912,4
562.141915,4
562.141921,4
562.141925,4
562.141926,4
562.141932,4
562.141938,4
562.141940,4
562.141941,4
562.141943,4
562.141947,4
562.141959,4
562.141963,4
562.141964,4
562.141966,4
562.141969,4
562.141973,4
562.141978,4
562.141981,4
562.141989,4
562.141993,4
562.142005,4
562.142006,4
562.142009,4
562.142011,4
562.142016,4
562.142021,4
562.142022,4
562.142023,4
562.142024,4
562.142025,4
562.142026,4
562.142027,4
562.142028,4
562.142032,4
562.142036,4
562.142040,4
562.142041,4
562.142042,4
562.142043,4
562.142044,4
562.142045,4
562.142046,4
562.142047,4
562.142048,4
562.142050,4
562.142053,4
562.142058,4
562.142061,4
562.142074,4
562.142076,4
562.142101,4
562.142102,4
562.142104,4
562.142105,4
562.142108,4
562.142122,4
562.142126,4
562.142137,4
562.142142,4
562.142147,4
562.142149,4
562.142151,4
562.142152,4
562.142153,4
562.142164,4
562.142165,4
562.142166,4
562.142170,4
562.142171,4
562.142172,4
562.142175,4
562.142176,4
562.142177,4
562.142179,4
562.142181,4
562.142182,4
562.142188,4
562.142194,4
562.142207,4
562.142208,4
562.142218,4
562.142219,4
562.142221,4
562.142223,4
562.142225,4
562.142227,4
562.142228,4
562.142229,4
562.142234,4
562.142235,4
562.142236,4
562.142237,4
562.142239,4
562.142240,4
562.142246,4
562.142249,4
562.142252,4
562.142253,4
562.142257,4
562.142261,4
562.142263,4
562.142264,4
562.142270,4
562.142271,4
562.142278,4
562.142279,4
562.142280,4
562.142284,4
562.142285,4
562.142286,4
562.142287,4
562.142288,4
562.142290,4
562.142291,4
562.142292,4
562.142295,4
562.142296,4
562.142297,4
562.142298,4
562.142299,4
562.142302,4
562.142303,4
562.142309,4
562.142312,4
562.142314,4
562.142316,4
562.142317,4
562.142318,4
562.142319,4
562.142321,4
562.142322,4
562.142324,4
562.142335,4
562.142336,4
562.142337,4
562.142339,4
562.142341,4
562.142344,4
562.142345,4
562.142350,4
562.142351,4
562.142352,4
562.142353,4
562.142356,4
562.142357,4
562.142358,4
562.142361,4
562.142362,4
562.142364,4
562.142370,4
562.142372,4
562.142374,4
562.142375,4
562.142377,4
562.142380,4
562.142381,4
562.142388,4
562.142391,4
562.142392,4
562.142393,4
562.142394,4
562.142395,4
562.142396,4
562.142399,4
562.142400,4
562.142401,4
562.142405,4
562.142406,4
562.142422,4
562.142428,4
562.142433,4
562.142434,4
562.142439,4
562.142441,4
562.142442,4
562.142444,4
562.142447,4
562.142452,4
562.142453,4
562.142458,4
562.142460,4
562.142461,4
562.142464,4
562.142465,4
562.142469,4
562.142470,4
562.142473,4
562.142474,4
562.142475,4
562.142476,4
562.142482,4
562.142483,4
562.142489,4
562.142492,4
562.142493,4
562.142496,4
562.142497,4
562.142500,4
562.142504,4
562.142505,4
562.142508,4
562.142509,4
562.142512,4
562.142521,4
562.142523,4
562.142527,4
562.142537,4
562.142541,4
562.142542,4
562.142543,4
562.142547,4
562.142548,4
562.142552,4
562.142556,4
562.142560,4
562.142561,4
562.142563,4
562.142568,4
562.142569,4
562.142570,4
562.142574,4
562.142582,4
562.142583,4
562.142586,4
562.142590,4
562.142592,4
562.142596,4
562.142597,4
562.142598,4
562.142600,4
562.142601,4
562.142605,4
562.142607,4
562.142608,4
562.142609,4
562.142612,4
562.142613,4
562.142618,4
562.142624,4
562.142626,4
562.142634,4
562.142635,4
562.142636,4
562.142641,4
562.142642,4
562.142643,4
562.142644,4
562.142648,4
562.142649,4
562.142652,4
562.142659,4
562.142660,4
562.142672,4
562.142679,4
562.142685,4
562.142692,4
562.142694,4
562.142695,4
562.142700,4
562.142708,4
562.142711,4
562.142713,4
562.142714,4
562.142719,4
562.142720,4
562.142727,4
562.142728,4
562.142731,4
562.142732,4
562.142737,4
562.142755,4
562.142758,4
562.142761,4
562.142762,4
562.142763,4
562.142764,4
562.142766,4
562.142767,4
562.142770,4
562.142781,4
562.142783,4
562.142790,4
562.142814,4
562.142820,4
562.142821,4
562.142823,4
562.142824,4
562.142830,4
562.142850,4
562.142852,4
562.142853,4
562.142854,4
562.142855,4
562.142856,4
562.142857,4
562.142862,4
562.142883,4
562.142895,4
562.142896,4
562.142897,4
562.142898,4
562.142899,4
562.142900,4
562.142902,4
562.142903,4
562.142907,4
562.142927,4
562.142939,4
562.142940,4
562.142953,4
562.142958,4
562.142959,4
562.142960,4
562.142964,4
562.142965,4
562.142967,4
562.142968,4
562.142972,4
562.142973,4
562.142975,4
562.142977,4
562.142978,4
562.142979,4
562.142980,4
562.142982,4
562.142983,4
562.142984,4
562.142986,4
562.142990,4
562.142991,4
562.142995,4
562.142996,4
562.142997,4
562.142999,4
562.143005,4
562.143006,4
562.143008,4
562.143010,4
562.143018,4
562.143019,4
562.143020,4
562.143021,4
562.143022,4
562.143023,4
562.143024,4
562.143026,4
562.143036,4
562.143038,4
562.143039,4
562.143041,4
562.143045,4
562.143046,4
562.143047,4
562.143049,4
562.143051,4
562.143063,4
562.143067,4
562.143072,4
562.143074,4
562.143077,4
562.143078,4
562.143082,4
562.143086,4
562.143099,4
562.143104,4
562.143106,4
562.143108,4
562.143111,4
562.143113,4
562.143118,4
562.143121,4
562.143122,4
562.143123,4
562.143125,4
562.143127,4
562.143128,4
562.143131,4
562.143136,4
562.143143,4
562.143146,4
562.143149,4
562.143151,4
562.143157,4
562.143159,4
562.143160,4
562.143163,4
562.143164,4
562.143165,4
562.143170,4
562.143171,4
562.143172,4
562.143173,4
562.143174,4
562.143175,4
562.143176,4
562.143177,4
562.143181,4
562.143195,4
562.143202,4
562.143204,4
562.143205,4
562.143209,4
562.143210,4
562.143215,4
562.143222,4
562.143230,4
562.143233,4
562.143234,4
562.143235,4
562.143236,4
562.143241,4
562.143244,4
562.143249,4
562.143255,4
562.143256,4
562.143257,4
562.143258,4
562.143260,4
562.143266,4
562.143267,4
562.143270,4
562.143271,4
562.143274,4
562.143275,4
562.143283,4
562.143284,4
562.143285,4
562.143286,4
562.143287,4
562.143290,4
562.143296,4
562.143297,4
562.143298,4
562.143299,4
562.143301,4
562.143309,4
562.143312,4
562.143313,4
562.143319,4
562.143323,4
562.143327,4
562.143329,4
562.143333,4
562.143334,4
562.143336,4
562.143343,4
562.143344,4
562.143346,4
562.143347,4
562.143349,4
562.143351,4
562.143355,4
562.143356,4
562.143363,4
562.143365,4
562.143367,4
562.143369,4
562.143370,4
562.143371,4
562.143376,4
562.143383,4
562.143417,4
562.143420,4
562.143425,4
562.143427,4
562.143429,4
562.143431,4
562.143433,4
562.143434,4
562.143438,4
562.143439,4
562.143443,4
562.143444,4
562.143445,4
562.143453,4
562.143459,4
562.143462,4
562.143463,4
562.143476,4
562.143478,4
562.143480,4
562.143484,4
562.143485,4
562.143486,4
562.143488,4
562.143490,4
562.143491,4
562.143492,4
562.143493,4
562.143494,4
562.143495,4
562.143496,4
562.143503,4
562.143504,4
562.143535,4
562.143540,4
562.143543,4
562.143545,4
562.143548,4
562.143550,4
562.143552,4
562.143554,4
562.143563,4
562.143571,4
562.143572,4
562.143578,4
562.143580,4
562.143585,4
562.143586,4
562.143587,4
562.143589,4
562.143591,4
562.143595,4
562.143596,4
562.143597,4
562.143598,4
562.143599,4
562.143600,4
562.143603,4
562.143609,4
562.143612,4
562.143613,4
562.143614,4
562.143616,4
562.143617,4
562.143644,4
562.143645,4
562.143646,4
562.143650,4
562.143655,4
562.143663,4
562.143664,4
562.143666,4
562.143679,4
562.143681,4
562.143684,4
562.143685,4
562.143687,4
562.143703,4
562.143704,4
562.143706,4
562.143707,4
562.143709,4
562.143710,4
562.143712,4
562.143715,4
562.143723,4
562.143730,4
562.143734,4
562.143735,4
562.143739,4
562.143740,4
562.143741,4
562.143742,4
562.143743,4
562.143745,4
562.143749,4
562.143750,4
562.143761,4
562.143762,4
562.143764,4
562.143767,4
562.143771,4
562.143776,4
562.143786,4
562.143787,4
562.143789,4
562.143790,4
562.143791,4
562.143795,4
562.143800,4
562.143806,4
562.143811,4
562.143812,4
562.143817,4
562.143819,4
562.143820,4
562.143823,4
562.143839,4
562.143840,4
562.143846,4
562.143848,4
562.143849,4
562.143857,4
562.143862,4
562.143872,4
562.143888,4
562.143891,4
562.143893,4
562.143898,4
562.143900,4
562.143901,4
562.143907,4
562.143910,4
562.143927,4
562.143929,4
562.143936,4
562.143937,4
562.143941,4
562.143942,4
562.143943,4
562.143949,4
562.143954,4
562.143956,4
562.143962,4
562.143966,4
562.143970,4
562.143976,4
562.143979,4
562.143981,4
562.143982,4
562.143998,4
562.144003,4
562.144017,4
562.144020,4
562.144024,4
562.144030,4
562.144033,4
562.144038,4
562.144039,4
562.144044,4
562.144051,4
562.144054,4
562.144061,4
562.144071,4
562.144072,4
562.144073,4
562.144074,4
562.144094,4
562.144101,4
562.144105,4
562.144106,4
562.144108,4
562.144109,4
562.144110,4
562.144116,4
562.144117,4
562.144118,4
562.144119,4
562.144120,4
562.144124,4
562.144127,4
562.144128,4
562.144129,4
562.144132,4
562.144133,4
562.144142,4
562.144505,4
562.144512,4
562.144513,4
562.144515,4
562.144516,4
562.144517,4
562.144525,4
562.144538,4
562.144542,4
562.144545,4
562.144548,4
562.144550,4
562.144553,4
562.144554,4
562.144557,4
562.144561,4
562.144562,4
562.144573,4
562.144576,4
562.144586,4
562.144596,4
562.144613,4
562.144616,4
562.144618,4
562.144619,4
562.144620,4
562.144621,4
562.144625,4
562.144631,4
562.144633,4
562.144634,4
562.144636,4
562.144637,4
562.144649,4
562.144663,4
562.144666,4
562.144676,4
562.144678,4
562.144681,4
562.144691,4
562.144693,4
562.144699,4
562.144702,4
562.144716,4
562.144720,4
562.144725,4
562.144726,4
562.144730,4
562.144731,4
562.144736,4
562.144738,4
562.144739,4
562.144743,4
562.144752,4
562.144756,4
562.144762,4
562.144770,4
562.144771,4
562.144773,4
562.144780,4
562.144787,4
562.144794,4
562.144796,4
562.144800,4
562.144805,4
562.144806,4
562.144816,4
562.144825,4
562.144831,4
562.144841,4
562.144845,4
562.144863,4
562.144872,4
562.144876,4
562.144882,4
562.144883,4
562.144889,4
562.144897,4
562.144900,4
562.144905,4
562.144906,4
562.144944,4
562.144945,4
562.144946,4
562.144947,4
562.144948,4
562.144949,4
562.144950,4
562.144951,4
562.144952,4
562.144953,4
562.144954,4
562.144955,4
562.144956,4
562.144957,4
562.144958,4
562.144959,4
562.144960,4
562.144961,4
562.144962,4
562.144963,4
562.144964,4
562.144965,4
562.144966,4
562.144967,4
562.144968,4
562.144969,4
562.144970,4
562.144971,4
562.144972,4
562.144973,4
562.144974,4
562.144975,4
562.144976,4
562.144977,4
562.144978,4
562.144979,4
562.144980,4
562.144981,4
562.144982,4
562.144983,4
562.144984,4
562.144985,4
562.144986,4
562.144987,4
562.144988,4
562.144989,4
562.144990,4
562.144991,4
562.144992,4
562.144993,4
562.144994,4
562.144995,4
562.144996,4
562.144997,4
562.144998,4
562.144999,4
562.145000,4
562.145001,4
562.145002,4
562.145003,4
562.145004,4
562.145005,4
562.145006,4
562.145007,4
562.145008,4
562.145009,4
562.145010,4
562.145011,4
562.145012,4
562.145013,4
562.145014,4
562.145015,4
562.145016,4
562.145017,4
562.145018,4
562.145019,4
562.145020,4
562.145021,4
562.145022,4
562.145023,4
562.145024,4
562.145025,4
562.145026,4
562.145027,4
562.145028,4
562.145029,4
562.145030,4
562.145031,4
562.145032,4
562.145033,4
562.145034,4
562.145035,4
562.145036,4
562.145037,4
562.145038,4
562.145039,4
562.145040,4
562.145041,4
562.145042,4
562.145043,4
562.145044,4
562.145045,4
562.145046,4
562.145047,4
562.145048,4
562.145049,4
562.145050,4
562.145051,4
562.145052,4
562.145053,4
562.145054,4
562.145055,4
562.145056,4
562.145057,4
562.145058,4
562.145059,4
562.145060,4
562.145061,4
562.145062,4
562.145063,4
562.145064,4
562.145065,4
562.145066,4
562.145067,4
562.145068,4
562.145069,4
562.145070,4
562.145071,4
562.145072,4
562.145073,4
562.145074,4
562.145075,4
562.145076,4
562.145077,4
562.145078,4
562.145079,4
562.145080,4
562.145081,4
562.145322,4
562.145324,4
562.145363,4
562.145378,4
562.145379,4
562.145380,4
562.145381,4
562.145383,4
562.145384,4
562.145385,4
562.145386,4
562.145387,4
562.145388,4
562.145389,4
562.145390,4
562.145391,4
562.145392,4
562.145393,4
562.145394,4
562.145395,4
562.145396,4
562.145397,4
562.145398,4
562.145399,4
562.145400,4
562.145401,4
562.145402,4
562.145403,4
562.145404,4
562.145405,4
562.145406,4
562.145407,4
562.145408,4
562.145409,4
562.145410,4
562.145411,4
562.145412,4
562.145413,4
562.145414,4
562.145415,4
562.145416,4
562.145417,4
562.145418,4
562.145419,4
562.145420,4
562.145421,4
562.145422,4
562.145423,4
562.145424,4
562.145425,4
562.145426,4
562.145427,4
562.145428,4
562.145429,4
562.145430,4
562.145431,4
562.145432,4
562.145433,4
562.145434,4
562.145435,4
562.145436,4
562.145437,4
562.145440,4
562.145441,4
562.145442,4
562.145443,4
562.145448,4
562.145454,4
562.145455,4
562.145456,4
562.145463,4
562.145464,4
562.145469,4
562.145478,4
562.145481,4
562.145483,4
562.145484,4
562.145485,4
562.145487,4
562.145491,4
562.145492,4
562.145494,4
562.145500,4
562.145503,4
562.145504,4
562.145505,4
562.145506,4
562.145508,4
562.145509,4
562.145510,4
562.145513,4
562.145517,4
562.145518,4
562.145521,4
562.145530,4
562.145531,4
562.145535,4
562.145537,4
562.145540,4
562.145545,4
562.145550,4
562.145557,4
562.145562,4
562.145563,4
562.145566,4
562.145574,4
562.145576,4
562.145599,4
562.145600,4
562.145611,4
562.145620,4
562.145622,4
562.145623,4
562.145627,4
562.145630,4
562.145632,4
562.145638,4
562.145641,4
562.145652,4
562.145657,4
562.145662,4
562.145667,4
562.145677,4
562.145684,4
562.145686,4
562.145695,4
562.145699,4
562.145703,4
562.145704,4
562.145740,4
562.145741,4
562.145742,4
562.145749,4
562.145753,4
562.145756,4
562.145757,4
562.145758,4
562.145760,4
562.145761,4
562.145763,4
562.145765,4
562.145767,4
562.145768,4
562.145769,4
562.145770,4
562.145773,4
562.145774,4
562.145779,4
562.145780,4
562.145781,4
562.145784,4
562.145785,4
562.145802,4
562.145803,4
562.145812,4
562.145816,4
562.145817,4
562.145818,4
562.145819,4
562.145820,4
562.145821,4
562.145822,4
562.16466,4
562.17359,4
562.19090,4
562.19199,4
562.22428,4
562.22429,4
562.22430,4
562.22431,4
562.22432,4
562.22433,4
562.22434,4
562.22435,4
562.22436,4
562.22437,4
562.22438,4
562.22439,4
562.22440,4
562.22441,4
562.22442,4
562.22443,4
562.22444,4
562.22445,4
562.22446,4
562.22447,4
562.22448,4
562.22449,4
562.22450,4
562.22451,4
562.22452,4
562.22453,4
562.22454,4
562.22455,4
562.22457,4
562.22458,4
562.22459,4
562.22460,4
562.22461,4
562.22462,4
562.22463,4
562.22464,4
562.22465,4
562.22466,4
562.22467,4
562.22468,4
562.22470,4
562.22471,4
562.22473,4
562.22474,4
562.22476,4
562.22477,4
562.22478,4
562.22479,4
562.22480,4
562.22481,4
562.22482,4
562.22483,4
562.22484,4
562.22485,4
562.22486,4
562.22487,4
562.22488,4
562.22489,4
562.22490,4
562.22491,4
562.22492,4
562.22493,4
562.22494,4
562.22495,4
562.22496,4
562.22497,4
562.22498,4
562.22499,4
562.22500,4
562.22501,4
562.22502,4
562.22503,4
562.22504,4
562.22505,4
562.22506,4
562.22507,4
562.22508,4
562.22509,4
562.22510,4
562.22511,4
562.22512,4
562.22513,4
562.22514,4
562.22515,4
562.22516,4
562.22517,4
562.22518,4
562.22519,4
562.22520,4
562.22521,4
562.22522,4
562.22524,4
562.22525,4
562.22526,4
562.22527,4
562.22528,4
562.22529,4
562.22530,4
562.22531,4
562.22532,4
562.22533,4
562.22534,4
562.22535,4
562.22536,4
562.22537,4
562.22538,4
562.22539,4
562.22540,4
562.22541,4
562.22542,4
562.22544,4
562.22545,4
562.22546,4
562.22547,4
562.22548,4
562.22549,4
562.22550,4
562.22551,4
562.22552,4
562.22553,4
562.22554,4
562.22555,4
562.22556,4
562.22557,4
562.22558,4
562.22559,4
562.22560,4
562.22561,4
562.22562,4
562.22563,4
562.22564,4
562.22565,4
562.22566,4
562.22567,4
562.22568,4
562.22569,4
562.22570,4
562.22571,4
562.22572,4
562.22573,4
562.22574,4
562.22576,4
562.22577,4
562.22578,4
562.22579,4
562.22580,4
562.22581,4
562.22582,4
562.22583,4
562.22584,4
562.22585,4
562.22586,4
562.22587,4
562.22588,4
562.22589,4
562.22590,4
562.22591,4
562.22592,4
562.22593,4
562.22594,4
562.22595,4
562.22596,4
562.22597,4
562.22598,4
562.22599,4
562.22600,4
562.22601,4
562.22602,4
562.22603,4
562.22604,4
562.22605,4
562.22606,4
562.22607,4
562.22608,4
562.22609,4
562.22610,4
562.22611,4
562.22612,4
562.22613,4
562.22614,4
562.22615,4
562.22617,4
562.22620,4
562.22621,4
562.22622,4
562.22623,4
562.22624,4
562.22625,4
562.22626,4
562.22627,4
562.22628,4
562.22629,4
562.22630,4
562.22631,4
562.22632,4
562.22633,4
562.22634,4
562.22635,4
562.22636,4
562.22637,4
562.22638,4
562.22639,4
562.22640,4
562.22641,4
562.22642,4
562.22643,4
562.22644,4
562.22645,4
562.22646,4
562.22647,4
562.22648,4
562.22649,4
562.22650,4
562.22651,4
562.22652,4
562.22653,4
562.22654,4
562.22655,4
562.22656,4
562.22657,4
562.22658,4
562.22659,4
562.22660,4
562.22661,4
562.22662,4
562.22663,4
562.22664,4
562.22665,4
562.22666,4
562.22667,4
562.22668,4
562.22669,4
562.22670,4
562.22671,4
562.22672,4
562.22673,4
562.22674,4
562.22675,4
562.22676,4
562.22677,4
562.22678,4
562.22679,4
562.22680,4
562.22681,4
562.22682,4
562.22683,4
562.22684,4
562.22686,4
562.22687,4
562.22688,4
562.22690,4
562.22691,4
562.22692,4
562.22693,4
562.22694,4
562.22695,4
562.22696,4
562.22697,4
562.22698,4
562.22699,4
562.22700,4
562.22701,4
562.22702,4
562.22703,4
562.22704,4
562.22705,4
562.22706,4
562.22707,4
562.22708,4
562.22709,4
562.22710,4
562.22711,4
562.22712,4
562.22713,4
562.22714,4
562.22715,4
562.22716,4
562.22717,4
562.22718,4
562.22719,4
562.22720,4
562.22721,4
562.22722,4
562.22723,4
562.22724,4
562.22725,4
562.22726,4
562.22727,4
562.22728,4
562.22729,4
562.22730,4
562.22731,4
562.22732,4
562.22733,4
562.22734,4
562.22735,4
562.22736,4
562.22737,4
562.22738,4
562.22740,4
562.22741,4
562.22742,4
562.22743,4
562.22744,4
562.22745,4
562.22746,4
562.22747,4
562.22748,4
562.22749,4
562.22750,4
562.22751,4
562.22752,4
562.22753,4
562.22754,4
562.22755,4
562.22756,4
562.22757,4
562.22758,4
562.22759,4
562.22760,4
562.22761,4
562.22762,4
562.22763,4
562.22764,4
562.22765,4
562.22766,4
562.22767,4
562.22768,4
562.22769,4
562.22770,4
562.22771,4
562.22772,4
562.22773,4
562.22774,4
562.22775,4
562.22776,4
562.22777,4
562.22778,4
562.22779,4
562.22780,4
562.22781,4
562.22782,4
562.22783,4
562.22784,4
562.22785,4
562.22786,4
562.22787,4
562.22788,4
562.22789,4
562.22790,4
562.22791,4
562.22792,4
562.22793,4
562.22794,4
562.22795,4
562.22796,4
562.22797,4
562.22798,4
562.22799,4
562.22800,4
562.22801,4
562.22802,4
562.22803,4
562.22804,4
562.22805,4
562.22806,4
562.22807,4
562.22808,4
562.22809,4
562.22810,4
562.22811,4
562.22812,4
562.22813,4
562.22814,4
562.22815,4
562.22816,4
562.22817,4
562.22818,4
562.22819,4
562.22820,4
562.22821,4
562.22822,4
562.22823,4
562.22824,4
562.22825,4
562.22826,4
562.22827,4
562.22872,4
562.22873,4
562.22874,4
562.22875,4
562.22876,4
562.22877,4
562.22878,4
562.22879,4
562.23790,4
562.23791,4
562.23792,4
562.23854,4
562.23866,4
562.23867,4
562.26272,4
562.26273,4
562.26274,4
562.26275,4
562.26276,4
562.26277,4
562.26278,4
562.26279,4
562.26280,4
562.26281,4
562.26282,4
562.26283,4
562.26284,4
562.26285,4
562.26286,4
562.26287,4
562.26288,4
562.26289,4
562.26290,4
562.26291,4
562.26292,4
562.26293,4
562.26294,4
562.26295,4
562.26296,4
562.26297,4
562.26298,4
562.26299,4
562.26300,4
562.26301,4
562.26302,4
562.26303,4
562.26305,4
562.26306,4
562.26307,4
562.26308,4
562.26309,4
562.26310,4
562.26311,4
562.26312,4
562.26313,4
562.26314,4
562.26315,4
562.26316,4
562.26317,4
562.26318,4
562.28838,4
562.28839,4
562.28840,4
562.28841,4
562.28844,4
562.28845,4
562.28846,4
562.30435,4
562.31449,4
562.31450,4
562.31451,4
562.31452,4
562.31454,4
562.31457,4
562.31458,4
562.31459,4
562.31460,4
562.31462,4
562.31463,4
562.31464,4
562.31465,4
562.31466,4
562.34088,4
562.37106,4
562.37108,4
562.37109,4
562.37111,4
562.37112,4
562.42634,4
562.42636,4
562.42637,4
562.42638,4
562.42639,4
562.42640,4
562.42641,4
562.42642,4
562.42643,4
562.42644,4
562.42645,4
562.42646,4
562.42647,4
562.42648,4
562.42649,4
562.42650,4
562.42651,4
562.42652,4
562.42653,4
562.42654,4
562.42655,4
562.42656,4
562.42657,4
562.42658,4
562.42659,4
562.42660,4
562.42661,4
562.42663,4
562.42664,4
562.42665,4
562.42667,4
562.42668,4
562.42669,4
562.42670,4
562.42671,4
562.42672,4
562.42673,4
562.42674,4
562.42675,4
562.42676,4
562.42677,4
562.42678,4
562.42679,4
562.42680,4
562.42681,4
562.42682,4
562.42683,4
562.42684,4
562.42685,4
562.42687,4
562.42688,4
562.42689,4
562.42690,4
562.42691,4
562.42692,4
562.42693,4
562.42694,4
562.42695,4
562.42696,4
562.42698,4
562.42699,4
562.42700,4
562.42701,4
562.42702,4
562.42703,4
562.42704,4
562.42705,4
562.42706,4
562.42707,4
562.42708,4
562.42709,4
562.42710,4
562.42711,4
562.42712,4
562.42713,4
562.42714,4
562.42715,4
562.42716,4
562.42718,4
562.42719,4
562.42720,4
562.42721,4
562.42722,4
562.42723,4
562.42724,4
562.42725,4
562.42726,4
562.42727,4
562.42728,4
562.42729,4
562.42730,4
562.42731,4
562.42732,4
562.42733,4
562.42734,4
562.42735,4
562.42736,4
562.42737,4
562.42738,4
562.42740,4
562.42741,4
562.42742,4
562.42743,4
562.42744,4
562.42746,4
562.42747,4
562.42748,4
562.42749,4
562.42750,4
562.42751,4
562.42752,4
562.42753,4
562.42754,4
562.42755,4
562.42756,4
562.42757,4
562.42758,4
562.42763,4
562.42764,4
562.42765,4
562.42766,4
562.42767,4
562.42768,4
562.42769,4
562.42770,4
562.42771,4
562.42772,4
562.42773,4
562.42774,4
562.42775,4
562.42776,4
562.42777,4
562.42778,4
562.42779,4
562.42780,4
562.42781,4
562.42782,4
562.42783,4
562.42784,4
562.42785,4
562.42786,4
562.42787,4
562.42788,4
562.42789,4
562.42790,4
562.42791,4
562.42792,4
562.42794,4
562.42796,4
562.42797,4
562.42799,4
562.42800,4
562.42801,4
562.42802,4
562.42803,4
562.42804,4
562.42805,4
562.42806,4
562.42807,4
562.42808,4
562.42809,4
562.42810,4
562.42811,4
562.42812,4
562.42813,4
562.42814,4
562.42815,4
562.42816,4
562.42817,4
562.42818,4
562.42819,4
562.42826,4
562.42828,4
562.42830,4
562.42857,4
562.45394,4
562.45396,4
562.45398,4
562.45399,4
562.45400,4
562.45401,4
562.45404,4
562.45585,4
562.45587,4
562.45588,4
562.45589,4
562.45591,4
562.45593,4
562.45594,4
562.45595,4
562.45596,4
562.45597,4
562.45598,4
562.45599,4
562.45601,4
562.45602,4
562.45603,4
562.45605,4
562.45606,4
562.45607,4
562.45608,4
562.45609,4
562.45611,4
562.45612,4
562.45614,4
562.45615,4
562.45616,4
562.45617,4
562.45618,4
562.45619,4
562.45620,4
562.45622,4
562.45623,4
562.45624,4
562.45625,4
562.45626,4
562.45627,4
562.45628,4
562.45629,4
562.45630,4
562.45631,4
562.45632,4
562.45633,4
562.45634,4
562.45635,4
562.45636,4
562.45637,4
562.45639,4
562.45640,4
562.45641,4
562.45642,4
562.45643,4
562.45644,4
562.45646,4
562.45648,4
562.45649,4
562.45650,4
562.45651,4
562.45652,4
562.45653,4
562.45654,4
562.45655,4
562.45656,4
562.45657,4
562.45658,4
562.45659,4
562.45660,4
562.45662,4
562.45663,4
562.45664,4
562.45665,4
562.45666,4
562.45667,4
562.45668,4
562.45669,4
562.45670,4
562.45671,4
562.45672,4
562.45673,4
562.45674,4
562.45675,4
562.45676,4
562.45677,4
562.45845,4
562.52539,4
562.52540,4
562.52541,4
562.52542,4
562.52543,4
562.52545,4
562.52546,4
562.52547,4
562.52548,4
562.52549,4
562.52550,4
562.52551,4
562.52552,4
562.52553,4
562.52554,4
562.52555,4
562.52556,4
562.52557,4
562.52558,4
562.52559,4
562.52560,4
562.52561,4
562.52562,4
562.52563,4
562.52564,4
562.52565,4
562.52570,4
562.52571,4
562.52573,4
562.52574,4
562.52575,4
562.52576,4
562.52577,4
562.52581,4
562.52583,4
562.52584,4
562.52585,4
562.52586,4
562.52587,4
562.52588,4
562.52590,4
562.52591,4
562.52593,4
562.52594,4
562.52595,4
562.52596,4
562.52597,4
562.52598,4
562.52599,4
562.52600,4
562.52601,4
562.52602,4
562.52603,4
562.52604,4
562.52605,4
562.52606,4
562.52607,4
562.52608,4
562.52609,4
562.52610,4
562.52611,4
562.52613,4
562.52614,4
562.52615,4
562.52617,4
562.52618,4
562.52619,4
562.52620,4
562.52621,4
562.52623,4
562.52624,4
562.52625,4
562.52626,4
562.52627,4
562.52628,4
562.52629,4
562.52630,4
562.52631,4
562.52640,4
562.5419,4
562.5420,4
562.5421,4
562.5422,4
562.5423,4
562.5424,4
562.5426,4
562.5427,4
562.5428,4
562.5429,4
562.5430,4
562.5431,4
562.5432,4
562.5433,4
562.5434,4
562.5435,4
562.5436,4
562.5437,4
562.5438,4
562.5439,4
562.5440,4
562.5441,4
562.5442,4
562.5443,4
562.5444,4
562.5445,4
562.5446,4
562.5447,4
562.5448,4
562.5449,4
562.5450,4
562.5451,4
562.5452,4
562.5453,4
562.5454,4
562.5455,4
562.5456,4
562.5457,4
562.5458,4
562.5459,4
562.5460,4
562.5461,4
562.5462,4
562.5463,4
562.5464,4
562.5465,4
562.5466,4
562.5467,4
562.5468,4
562.5469,4
562.5470,4
562.5471,4
562.5671,4
562.5676,4
562.5681,4
562.5686,4
562.5690,4
562.5691,4
562.5692,4
562.5693,4
562.5694,4
562.5695,4
562.5696,4
562.5697,4
562.5698,4
562.5699,4
562.5700,4
562.5701,4
562.5702,4
562.5703,4
562.5704,4
562.5705,4
562.5706,4
562.57076,4
562.57077,4
562.57078,4
562.57079,4
562.5708,4
562.57080,4
562.57081,4
562.57082,4
562.57083,4
562.57084,4
562.57085,4
562.57086,4
562.57087,4
562.57088,4
562.57089,4
562.57090,4
562.57091,4
562.57092,4
562.57093,4
562.57094,4
562.57095,4
562.57096,4
562.57097,4
562.57098,4
562.57099,4
562.57100,4
562.57101,4
562.57102,4
562.57103,4
562.57104,4
562.57105,4
562.57106,4
562.57107,4
562.57108,4
562.57109,4
562.57110,4
562.57111,4
562.57112,4
562.57113,4
562.57114,4
562.57115,4
562.57116,4
562.57117,4
562.57118,4
562.57119,4
562.57120,4
562.57121,4
562.57122,4
562.57123,4
562.57124,4
562.57125,4
562.57126,4
562.57127,4
562.57128,4
562.57129,4
562.57130,4
562.57131,4
562.57132,4
562.57133,4
562.57134,4
562.57135,4
562.57136,4
562.57137,4
562.57138,4
562.57139,4
562.57140,4
562.57141,4
562.57142,4
562.57143,4
562.57144,4
562.57145,4
562.57146,4
562.57147,4
562.57148,4
562.57149,4
562.57150,4
562.57151,4
562.57152,4
562.57153,4
562.57154,4
562.57155,4
562.57156,4
562.57157,4
562.57158,4
562.57159,4
562.57160,4
562.57161,4
562.57162,4
562.57163,4
562.57164,4
562.57165,4
562.57166,4
562.57167,4
562.57168,4
562.57169,4
562.57170,4
562.57171,4
562.57172,4
562.57173,4
562.57174,4
562.57175,4
562.57176,4
562.57177,4
562.57178,4
562.57179,4
562.57180,4
562.57181,4
562.57182,4
562.57183,4
562.57184,4
562.57185,4
562.57186,4
562.57187,4
562.57188,4
562.57189,4
562.57190,4
562.57191,4
562.57192,4
562.57193,4
562.57194,4
562.57195,4
562.57196,4
562.57197,4
562.57198,4
562.57199,4
562.57200,4
562.57201,4
562.57202,4
562.57203,4
562.57205,4
562.57206,4
562.57207,4
562.57208,4
562.57209,4
562.57210,4
562.57211,4
562.57212,4
562.57213,4
562.57214,4
562.57215,4
562.57216,4
562.57217,4
562.57218,4
562.57219,4
562.57220,4
562.57221,4
562.57222,4
562.57223,4
562.57224,4
562.57225,4
562.57226,4
562.57227,4
562.57228,4
562.57229,4
562.57230,4
562.57231,4
562.57232,4
562.57233,4
562.57234,4
562.57235,4
562.57236,4
562.57237,4
562.57238,4
562.57239,4
562.57240,4
562.57241,4
562.57242,4
562.57243,4
562.57244,4
562.57245,4
562.57246,4
562.57247,4
562.57248,4
562.57249,4
562.57250,4
562.57251,4
562.57252,4
562.57253,4
562.57254,4
562.57255,4
562.57256,4
562.57257,4
562.57258,4
562.57259,4
562.57260,4
562.57261,4
562.57262,4
562.57263,4
562.57264,4
562.57265,4
562.57266,4
562.57267,4
562.57268,4
562.57269,4
562.57270,4
562.57271,4
562.57273,4
562.57274,4
562.57275,4
562.57276,4
562.57277,4
562.57278,4
562.57279,4
562.57280,4
562.57281,4
562.57282,4
562.57283,4
562.57284,4
562.57285,4
562.57286,4
562.57287,4
562.57288,4
562.57289,4
562.57290,4
562.57291,4
562.57292,4
562.57293,4
562.57294,4
562.57295,4
562.57296,4
562.57297,4
562.57298,4
562.57299,4
562.57300,4
562.57301,4
562.57302,4
562.57303,4
562.57304,4
562.57305,4
562.57306,4
562.57307,4
562.57308,4
562.57309,4
562.57310,4
562.57311,4
562.57312,4
562.57313,4
562.57314,4
562.57315,4
562.57316,4
562.57317,4
562.57318,4
562.57319,4
562.57320,4
562.57321,4
562.57322,4
562.57323,4
562.57324,4
562.57325,4
562.57326,4
562.57327,4
562.57328,4
562.57329,4
562.57330,4
562.57331,4
562.57363,4
562.57364,4
562.57365,4
562.57366,4
562.57367,4
562.57368,4
562.57369,4
562.57370,4
562.57371,4
562.57372,4
562.57373,4
562.57374,4
562.57375,4
562.57376,4
562.57377,4
562.57379,4
562.57380,4
562.57381,4
562.57382,4
562.57383,4
562.57384,4
562.57385,4
562.57386,4
562.57388,4
562.57389,4
562.57390,4
562.57391,4
562.57392,4
562.57393,4
562.57394,4
562.57396,4
562.57398,4
562.57399,4
562.57400,4
562.57401,4
562.57402,4
562.57403,4
562.57404,4
562.57405,4
562.57406,4
562.57407,4
562.57409,4
562.57410,4
562.57411,4
562.57412,4
562.57413,4
562.57414,4
562.57415,4
562.57416,4
562.57417,4
562.57418,4
562.57419,4
562.57420,4
562.57421,4
562.57422,4
562.57424,4
562.57425,4
562.57426,4
562.57427,4
562.57428,4
562.57429,4
562.57430,4
562.57431,4
562.57432,4
562.57433,4
562.57434,4
562.57435,4
562.57436,4
562.57437,4
562.57438,4
562.57439,4
562.57440,4
562.57441,4
562.57442,4
562.57443,4
562.57444,4
562.57446,4
562.57447,4
562.57448,4
562.57449,4
562.57450,4
562.57451,4
562.57452,4
562.57453,4
562.57454,4
562.57455,4
562.57456,4
562.57457,4
562.57458,4
562.57459,4
562.57460,4
562.57462,4
562.57463,4
562.57464,4
562.57465,4
562.57466,4
562.57467,4
562.57468,4
562.57469,4
562.57470,4
562.57471,4
562.57472,4
562.57473,4
562.57474,4
562.57475,4
562.57478,4
562.57479,4
562.57480,4
562.57481,4
562.57482,4
562.57483,4
562.57484,4
562.57485,4
562.57486,4
562.57487,4
562.57489,4
562.57490,4
562.57491,4
562.57492,4
562.57493,4
562.57494,4
562.57495,4
562.57496,4
562.57497,4
562.57498,4
562.57499,4
562.57500,4
562.57502,4
562.57503,4
562.57504,4
562.57505,4
562.57506,4
562.57507,4
562.57508,4
562.57509,4
562.57510,4
562.58621,4
562.58622,4
562.58623,4
562.58624,4
562.58625,4
562.58626,4
562.58627,4
562.58628,4
562.58630,4
562.58631,4
562.58632,4
562.58633,4
562.58634,4
562.58635,4
562.58636,4
562.58637,4
562.58638,4
562.58640,4
562.58641,4
562.58642,4
562.58643,4
562.58644,4
562.58645,4
562.58646,4
562.58647,4
562.58649,4
562.58650,4
562.58651,4
562.58703,4
562.58704,4
562.58705,4
562.58706,4
562.58707,4
562.58708,4
562.58709,4
562.58710,4
562.58711,4
562.58712,4
562.58713,4
562.58714,4
562.58715,4
562.58716,4
562.58717,4
562.58718,4
562.58719,4
562.58720,4
562.58721,4
562.58722,4
562.58723,4
562.58724,4
562.58725,4
562.58726,4
562.58727,4
562.58728,4
562.58729,4
562.58730,4
562.58731,4
562.58732,4
562.58733,4
562.58734,4
562.58735,4
562.58736,4
562.58737,4
562.58738,4
562.58739,4
562.58740,4
562.58774,4
562.65793,4
562.65794,4
562.65795,4
562.65796,4
562.65798,4
562.65799,4
562.65800,4
562.65801,4
562.65802,4
562.65803,4
562.65804,4
562.65805,4
562.65806,4
562.65807,4
562.65808,4
562.65809,4
562.65810,4
562.65811,4
562.65812,4
562.65813,4
562.65814,4
562.65815,4
562.65816,4
562.65817,4
562.65818,4
562.65819,4
562.73346,4
562.73347,4
562.73349,4
562.73350,4
562.73351,4
562.73352,4
562.73353,4
562.73354,4
562.73355,4
562.73356,4
562.73357,4
562.73358,4
562.73359,4
562.73360,4
562.73363,4
562.73365,4
562.73366,4
562.73368,4
562.73369,4
562.73370,4
562.73372,4
562.73374,4
562.73376,4
562.73377,4
562.73378,4
562.73379,4
562.73380,4
562.73382,4
562.73383,4
562.73385,4
562.73386,4
562.73387,4
562.73390,4
562.73392,4
562.73393,4
562.73397,4
562.73398,4
562.7565,4
562.7566,4
562.7567,4
562.7568,4
562.7569,4
562.7570,4
562.7571,4
562.7572,4
562.7573,4
562.7575,4
562.7576,4
562.7577,4
562.7578,4
562.7579,4
562.7580,4
562.7581,4
562.7582,4
562.7583,4
562.7584,4
562.7617,4
562.7618,4
562.7619,4
562.7620,4
562.7621,4
562.7622,4
562.7623,4
562.7624,4
562.7625,4
562.7626,4
562.7627,4
562.7628,4
562.7629,4
562.7631,4
562.7632,4
562.7633,4
562.7634,4
562.7635,4
562.7636,4
562.7637,4
562.7638,4
562.7639,4
562.7640,4
562.7641,4
562.7642,4
562.7643,4
562.7644,4
562.7645,4
562.7646,4
562.7647,4
562.7648,4
562.7649,4
562.7650,4
562.7652,4
562.7653,4
562.7654,4
562.7655,4
562.7656,4
562.7657,4
562.7658,4
562.7659,4
562.7660,4
562.7661,4
562.7662,4
562.7663,4
562.7664,4
562.7665,4
562.7666,4
562.7667,4
562.7668,4
562.7669,4
562.7670,4
562.7671,4
562.7672,4
562.7673,4
562.7674,4
562.7677,4
562.7678,4
562.7679,4
562.7680,4
562.7681,4
562.7682,4
562.7683,4
562.7684,4
562.7685,4
562.7686,4
562.7687,4
562.7688,4
562.7689,4
562.7690,4
562.7691,4
562.7692,4
562.7693,4
562.7694,4
562.7695,4
562.7696,4
562.7697,4
562.7698,4
562.7700,4
562.7701,4
562.7702,4
562.7703,4
562.7704,4
562.7705,4
562.7706,4
562.7707,4
562.7708,4
562.7709,4
562.7710,4
562.7712,4
562.7713,4
562.7714,4
562.7717,4
562.7718,4
562.7719,4
562.7720,4
562.7721,4
562.7722,4
562.7723,4
562.7724,4
562.7725,4
562.7726,4
562.7727,4
562.7728,4
562.7729,4
562.7730,4
562.7731,4
562.7732,4
562.7733,4
562.7734,4
562.7735,4
562.7736,4
562.7737,4
562.7738,4
562.7739,4
562.7740,4
562.7741,4
562.7742,4
562.7743,4
562.7744,4
562.7745,4
562.7746,4
562.7747,4
562.7749,4
562.7750,4
562.7752,4
562.7753,4
562.7754,4
562.7755,4
562.7756,4
562.7757,4
562.7758,4
562.7759,4
562.7760,4
562.7761,4
562.7762,4
562.7763,4
562.7765,4
562.7766,4
562.7767,4
562.7769,4
562.7770,4
562.7771,4
562.7772,4
562.7773,4
562.7774,4
562.7775,4
562.7776,4
562.7777,4
562.7778,4
562.7779,4
562.7780,4
562.7781,4
562.7782,4
562.7783,4
562.7784,4
562.7785,4
562.7786,4
562.7788,4
562.7789,4
562.7790,4
562.7791,4
562.7792,4
562.7793,4
562.97749,4
562.97750,4
562.97751,4
562.97752,4
562.97753,4
562.97754,4
562.97755,4
562.97756,4
562.97757,4
562.97758,4
562.97759,4
562.97760,4
562.97761,4
562.97762,4
562.97763,4
562.97764,4
562.97765,4
562.97766,4
562.97767,4
562.97768,4
562.97769,4
562.97770,4
562.97771,4
562.97772,4
562.97773,4
562.97774,4
562.97775,4
562.97776,4
562.97777,4
562.97778,4
562.97779,4
562.97780,4
562.97781,4
562.97782,4
562.97783,4
562.97784,4
562.97786,4
562.97787,4
562.97788,4
562.97789,4
562.97790,4
562.97791,4
562.97793,4
562.97794,4
562.97795,4
562.97796,4
562.97797,4
562.97798,4
562.97799,4
562.97800,4
562.97801,4
562.97802,4
562.97803,4
562.97804,4
562.97805,4
562.97806,4
562.97807,4
562.97808,4
562.97809,4
562.97810,4
562.97811,4
562.97812,4
562.97813,4
562.97814,4
562.97815,4
562.97816,4
562.97817,4
562.97818,4
562.97819,4
562.97820,4
562.97821,4
562.97822,4
562.97823,4
562.97824,4
562.97825,4
562.97826,4
562.97827,4
562.97828,4
562.97829,4
562.97830,4
562.97831,4
562.97832,4
562.97833,4
562.97834,4
562.97835,4
562.97836,4
562.97837,4
562.97838,4
562.97839,4
562.97840,4
562.97841,4
562.97842,4
562.97843,4
562.97844,4
562.97845,4
562.97846,4
562.97847,4
562.97849,4
562.97850,4
562.97851,4
562.97852,4
562.97853,4
562.97854,4
562.97855,4
562.97856,4
562.97857,4
562.97858,4
562.97859,4
562.97860,4
562.97861,4
562.97862,4
562.97863,4
562.97864,4
562.97865,4
562.97866,4
562.97867,4
562.97868,4
562.97869,4
562.97870,4
562.97871,4
562.97872,4
562.97873,4
562.97874,4
562.97875,4
562.97876,4
562.97877,4
562.97878,4
562.97879,4
562.97880,4
562.97881,4
562.97882,4
562.97883,4
562.97884,4
562.97885,4
562.97886,4
562.97887,4
562.97888,4
562.97889,4
562.97890,4
562.97891,4
562.97892,4
562.97893,4
562.97894,4
562.97895,4
562.97896,4
562.97897,4
562.97898,4
562.97899,4
562.97900,4
562.97901,4
562.97902,4
562.97903,4
562.97904,4
562.97905,4
562.97906,4
562.97907,4
562.97908,4
562.97909,4
562.97910,4
562.97911,4
562.97912,4
562.97913,4
562.97914,4
562.97915,4
562.97916,4
562.97917,4
562.97918,4
562.97919,4
562.97920,4
562.97921,4
562.97922,4
562.97923,4
562.97924,4
562.97925,4
562.97926,4
562.97927,4
562.97928,4
562.97929,4
562.97930,4
562.97931,4
562.97932,4
562.97933,4
562.97934,4
562.97935,4
562.97936,4
562.97937,4
562.97954,4
562.97955,4
562.97956,4
562.97957,4
562.97958,4
562.97959,4
562.97960,4
562.97962,4
562.97963,4
562.97964,4
562.97965,4
562.97967,4
562.97968,4
562.97969,4
562.97980,4
562.97983,4
562.98165,4
562.98267,4
562.98282,4
562.98290,4
562.98346,4
562.98348,4
562.98401,4
562.98405,4
562.98443,4
562.98492,4
562.98511,4
562.98563,4
562.98565,4
562.98674,4
562.98682,4
562.98710,4
562.98727,4
562.98741,4
562.98770,4
562.98802,4
562.98805,4
562.98807,4
562.98835,4
562.98871,4
562.98923,4
562.98938,4
562.98973,4
562.98989,4
562.99018,4
562.99023,4
562.99024,4
562.99025,4
562.99038,4
562.99135,4
562.99154,4
562.99183,4
562.99209,4
562.99228,4
562.99239,4
562.99243,4
562.99244,4
562.99245,4
562.99250,4
562.99256,4
562.99258,4
562.99259,4
562.99260,4
562.99261,4
562.99263,4
562.99264,4
562.99265,4
562.99266,4
562.99267,4
562.99268,4
562.99270,4
562.99271,4
562.99272,4
562.99273,4
562.99274,4
562.99276,4
562.99277,4
562.99279,4
562.99281,4
562.99284,4
562.99286,4
562.99287,4
562.99289,4
562.99290,4
562.99291,4
562.99292,4
562.99293,4
562.99296,4
562.99298,4
562.99300,4
562.99305,4
562.99307,4
562.99310,4
562.99311,4
562.99313,4
562.99315,4
562.99321,4
562.99326,4
562.99328,4
562.99336,4
562.99340,4
562.99341,4
562.99352,4
562.99355,4
562.99370,4
562.99371,4
562.99381,4
562.99387,4
562.99388,4
562.99395,4
562.99403,4
562.99405,4
562.99409,4
562.99411,4
562.99412,4
562.99414,4
562.99415,4
562.99419,4
562.99422,4
562.99425,4
562.99427,4
562.99429,4
562.99430,4
562.99433,4
562.99434,4
562.99435,4
562.99436,4
562.99438,4
562.99439,4
562.99441,4
562.99442,4
562.99444,4
562.99445,4
562.99446,4
562.99447,4
562.99448,4
562.99449,4
562.99452,4
562.99453,4
562.99454,4
562.99455,4
562.99456,4
562.99457,4
562.99458,4
562.99463,4
562.99465,4
562.99472,4
562.99485,4
562.99498,4
562.99538,4
562.99580,4
562.99601,4
562.99642,4
562.99680,4
562.99684,4
562.99693,4
562.99731,4
562.99733,4
562.99735,4
562.99740,4
562.99743,4
562.99746,4
562.99760,4
562.99769,4
562.99790,4
562.99795,4
562.99821,4
562.99856,4
562.99866,4
562.99904,4
562.99968,4
562.99970,4
562.99973,4
562.99979,4
562.99983,4
562.99987,4
562.99993,4
562.99995,4
562.100300,3
562.100512,3
562.104199,3
562.104200,3
562.104211,3
562.104215,3
562.104217,3
562.104231,3
562.12961,3
562.12962,3
562.13502,3
562.135559,3
562.135560,3
562.135561,3
562.135562,3
562.135563,3
562.135564,3
562.135565,3
562.135567,3
562.135568,3
562.135569,3
562.135570,3
562.135571,3
562.135572,3
562.135573,3
562.135574,3
562.135575,3
562.135576,3
562.135577,3
562.135578,3
562.135579,3
562.135580,3
562.135581,3
562.135582,3
562.135583,3
562.135584,3
562.135585,3
562.135586,3
562.135587,3
562.135588,3
562.135589,3
562.135590,3
562.135591,3
562.135592,3
562.135593,3
562.135594,3
562.140690,3
562.140710,3
562.140711,3
562.140712,3
562.140715,3
562.140716,3
562.140717,3
562.140718,3
562.140719,3
562.140720,3
562.140721,3
562.140722,3
562.140723,3
562.140724,3
562.140725,3
562.140726,3
562.140727,3
562.140728,3
562.140729,3
562.140730,3
562.140732,3
562.140733,3
562.140734,3
562.140737,3
562.140738,3
562.140739,3
562.140741,3
562.140742,3
562.140744,3
562.140745,3
562.140747,3
562.140748,3
562.140749,3
562.140750,3
562.140751,3
562.140752,3
562.140753,3
562.140754,3
562.140755,3
562.140756,3
562.140757,3
562.140758,3
562.140759,3
562.140761,3
562.140763,3
562.140764,3
562.140765,3
562.140766,3
562.140768,3
562.140769,3
562.140770,3
562.140772,3
562.140773,3
562.140774,3
562.140775,3
562.140776,3
562.140777,3
562.140779,3
562.140780,3
562.140781,3
562.140782,3
562.140783,3
562.140784,3
562.140785,3
562.140786,3
562.140787,3
562.140788,3
562.140790,3
562.140791,3
562.140792,3
562.140793,3
562.140794,3
562.140796,3
562.140798,3
562.140799,3
562.140800,3
562.140801,3
562.140802,3
562.140803,3
562.140805,3
562.140806,3
562.140807,3
562.140809,3
562.140811,3
562.140813,3
562.140814,3
562.140815,3
562.140816,3
562.140817,3
562.140819,3
562.140820,3
562.140821,3
562.140822,3
562.140823,3
562.140943,3
562.140944,3
562.140945,3
562.140947,3
562.140951,3
562.140952,3
562.140956,3
562.140957,3
562.140958,3
562.140959,3
562.140962,3
562.140963,3
562.140965,3
562.140968,3
562.140970,3
562.140974,3
562.140975,3
562.140976,3
562.140979,3
562.140980,3
562.140981,3
562.140984,3
562.140985,3
562.140987,3
562.140988,3
562.140991,3
562.140992,3
562.140994,3
562.140995,3
562.140998,3
562.140999,3
562.141002,3
562.141004,3
562.141005,3
562.141006,3
562.141007,3
562.141011,3
562.141012,3
562.141013,3
562.141015,3
562.141018,3
562.141020,3
562.141021,3
562.141022,3
562.141023,3
562.141024,3
562.141026,3
562.141027,3
562.141028,3
562.141029,3
562.141032,3
562.141033,3
562.141034,3
562.141036,3
562.141037,3
562.141039,3
562.141040,3
562.141041,3
562.141043,3
562.141044,3
562.141045,3
562.141047,3
562.141049,3
562.141050,3
562.141051,3
562.141052,3
562.141053,3
562.141054,3
562.141057,3
562.141060,3
562.141061,3
562.141067,3
562.141068,3
562.141070,3
562.141071,3
562.141075,3
562.141077,3
562.141079,3
562.141081,3
562.141083,3
562.141084,3
562.141085,3
562.141086,3
562.141087,3
562.141088,3
562.141090,3
562.141091,3
562.141093,3
562.141094,3
562.141095,3
562.141097,3
562.141098,3
562.141099,3
562.141100,3
562.141101,3
562.141103,3
562.141110,3
562.141111,3
562.141112,3
562.141115,3
562.141117,3
562.141118,3
562.141119,3
562.141120,3
562.141121,3
562.141122,3
562.141127,3
562.141131,3
562.141133,3
562.141138,3
562.141140,3
562.141150,3
562.141153,3
562.141154,3
562.141157,3
562.141158,3
562.141161,3
562.141162,3
562.141167,3
562.141168,3
562.141170,3
562.141171,3
562.141173,3
562.141174,3
562.141175,3
562.141176,3
562.141177,3
562.141180,3
562.141181,3
562.141184,3
562.141187,3
562.141188,3
562.141189,3
562.141190,3
562.141191,3
562.141192,3
562.141202,3
562.141204,3
562.141205,3
562.141208,3
562.141210,3
562.141214,3
562.141224,3
562.141228,3
562.141229,3
562.141230,3
562.141231,3
562.141239,3
562.141243,3
562.141253,3
562.141256,3
562.141258,3
562.141260,3
562.141263,3
562.141264,3
562.141267,3
562.141269,3
562.141270,3
562.141282,3
562.141283,3
562.141285,3
562.141287,3
562.141288,3
562.141289,3
562.141291,3
562.141293,3
562.141297,3
562.141301,3
562.141302,3
562.141303,3
562.141306,3
562.141308,3
562.141313,3
562.141320,3
562.141324,3
562.141326,3
562.141347,3
562.141352,3
562.141355,3
562.141366,3
562.141370,3
562.141376,3
562.141382,3
562.141391,3
562.141399,3
562.141400,3
562.141411,3
562.141418,3
562.141426,3
562.141429,3
562.141442,3
562.141443,3
562.141454,3
562.141462,3
562.141463,3
562.141464,3
562.141467,3
562.141470,3
562.141483,3
562.141484,3
562.141495,3
562.141503,3
562.141506,3
562.141508,3
562.141514,3
562.141515,3
562.141516,3
562.141517,3
562.141522,3
562.141523,3
562.141524,3
562.141525,3
562.141528,3
562.141531,3
562.141533,3
562.141534,3
562.141535,3
562.141536,3
562.141537,3
562.141538,3
562.141539,3
562.141540,3
562.141542,3
562.141544,3
562.141545,3
562.141546,3
562.141548,3
562.141550,3
562.141552,3
562.141561,3
562.141563,3
562.141564,3
562.141565,3
562.141566,3
562.141568,3
562.141569,3
562.141572,3
562.141573,3
562.141574,3
562.141575,3
562.141576,3
562.141579,3
562.141580,3
562.141583,3
562.141587,3
562.141588,3
562.141589,3
562.141590,3
562.141591,3
562.141593,3
562.141595,3
562.141597,3
562.141598,3
562.141599,3
562.141600,3
562.141601,3
562.141602,3
562.141603,3
562.141604,3
562.141605,3
562.141606,3
562.141608,3
562.141609,3
562.141610,3
562.141611,3
562.141612,3
562.141613,3
562.141615,3
562.141617,3
562.141618,3
562.141619,3
562.141621,3
562.141622,3
562.141626,3
562.141627,3
562.141628,3
562.141630,3
562.141633,3
562.141635,3
562.141636,3
562.141637,3
562.141638,3
562.141639,3
562.141640,3
562.141641,3
562.141642,3
562.141643,3
562.141644,3
562.141645,3
562.141646,3
562.141647,3
562.141648,3
562.141650,3
562.141655,3
562.141661,3
562.141667,3
562.141669,3
562.141670,3
562.141671,3
562.141677,3
562.141678,3
562.141680,3
562.141683,3
562.141684,3
562.141686,3
562.141689,3
562.141690,3
562.141691,3
562.141692,3
562.141694,3
562.141695,3
562.141696,3
562.141697,3
562.141698,3
562.141699,3
562.141700,3
562.141701,3
562.141702,3
562.141703,3
562.141705,3
562.141706,3
562.141707,3
562.141709,3
562.141710,3
562.141711,3
562.141712,3
562.141714,3
562.141718,3
562.141721,3
562.141722,3
562.141723,3
562.141725,3
562.141727,3
562.141728,3
562.141729,3
562.141730,3
562.141733,3
562.141734,3
562.141736,3
562.141739,3
562.141741,3
562.141757,3
562.141759,3
562.141760,3
562.141762,3
562.141763,3
562.141764,3
562.141766,3
562.141767,3
562.141768,3
562.141771,3
562.141772,3
562.141773,3
562.141774,3
562.141776,3
562.141777,3
562.141778,3
562.141779,3
562.141780,3
562.141781,3
562.141782,3
562.141783,3
562.141784,3
562.141786,3
562.141787,3
562.141788,3
562.141789,3
562.141790,3
562.141794,3
562.141795,3
562.141796,3
562.141797,3
562.141798,3
562.141799,3
562.141800,3
562.141805,3
562.141806,3
562.141807,3
562.141808,3
562.141811,3
562.141812,3
562.141813,3
562.141818,3
562.141819,3
562.141821,3
562.141822,3
562.141827,3
562.141831,3
562.141832,3
562.141833,3
562.141834,3
562.141839,3
562.141853,3
562.141857,3
562.141858,3
562.141859,3
562.141860,3
562.141861,3
562.141862,3
562.141863,3
562.141864,3
562.141865,3
562.141866,3
562.141867,3
562.141868,3
562.141869,3
562.141871,3
562.141872,3
562.141873,3
562.141874,3
562.141875,3
562.141876,3
562.141877,3
562.141878,3
562.141880,3
562.141881,3
562.141884,3
562.141886,3
562.141887,3
562.141888,3
562.141890,3
562.141892,3
562.141893,3
562.141894,3
562.141895,3
562.141896,3
562.141897,3
562.141899,3
562.141900,3
562.141904,3
562.141906,3
562.141908,3
562.141910,3
562.141911,3
562.141922,3
562.141923,3
562.141924,3
562.141927,3
562.141928,3
562.141929,3
562.141930,3
562.141931,3
562.141933,3
562.141934,3
562.141935,3
562.141936,3
562.141937,3
562.141939,3
562.141942,3
562.141944,3
562.141945,3
562.141946,3
562.141948,3
562.141949,3
562.141954,3
562.141956,3
562.141957,3
562.141958,3
562.141960,3
562.141961,3
562.141962,3
562.141965,3
562.141967,3
562.141968,3
562.141970,3
562.141971,3
562.141972,3
562.141974,3
562.141975,3
562.141976,3
562.141977,3
562.141979,3
562.141980,3
562.141982,3
562.141983,3
562.141984,3
562.141985,3
562.141986,3
562.141987,3
562.141988,3
562.141990,3
562.141996,3
562.141997,3
562.141998,3
562.141999,3
562.142000,3
562.142001,3
562.142002,3
562.142003,3
562.142004,3
562.142007,3
562.142008,3
562.142010,3
562.142012,3
562.142015,3
562.142017,3
562.142018,3
562.142019,3
562.142020,3
562.142029,3
562.142030,3
562.142031,3
562.142033,3
562.142034,3
562.142035,3
562.142037,3
562.142038,3
562.142039,3
562.142049,3
562.142051,3
562.142052,3
562.142054,3
562.142055,3
562.142056,3
562.142057,3
562.142059,3
562.142060,3
562.142069,3
562.142070,3
562.142071,3
562.142072,3
562.142073,3
562.142075,3
562.142077,3
562.142096,3
562.142103,3
562.142106,3
562.142107,3
562.142109,3
562.142110,3
562.142111,3
562.142112,3
562.142117,3
562.142118,3
562.142119,3
562.142120,3
562.142121,3
562.142123,3
562.142124,3
562.142127,3
562.142129,3
562.142130,3
562.142131,3
562.142132,3
562.142133,3
562.142134,3
562.142135,3
562.142136,3
562.142138,3
562.142139,3
562.142140,3
562.142141,3
562.142143,3
562.142144,3
562.142145,3
562.142146,3
562.142148,3
562.142150,3
562.142154,3
562.142155,3
562.142156,3
562.142157,3
562.142158,3
562.142159,3
562.142167,3
562.142168,3
562.142169,3
562.142173,3
562.142174,3
562.142178,3
562.142180,3
562.142183,3
562.142184,3
562.142185,3
562.142186,3
562.142187,3
562.142189,3
562.142190,3
562.142191,3
562.142192,3
562.142193,3
562.142196,3
562.142198,3
562.142199,3
562.142200,3
562.142201,3
562.142202,3
562.142203,3
562.142204,3
562.142205,3
562.142206,3
562.142216,3
562.142220,3
562.142224,3
562.142226,3
562.142230,3
562.142231,3
562.142232,3
562.142233,3
562.142238,3
562.142241,3
562.142242,3
562.142243,3
562.142244,3
562.142247,3
562.142248,3
562.142250,3
562.142251,3
562.142254,3
562.142255,3
562.142256,3
562.142259,3
562.142260,3
562.142262,3
562.142265,3
562.142266,3
562.142267,3
562.142268,3
562.142269,3
562.142272,3
562.142273,3
562.142274,3
562.142275,3
562.142276,3
562.142277,3
562.142281,3
562.142282,3
562.142283,3
562.142289,3
562.142293,3
562.142294,3
562.142300,3
562.142301,3
562.142304,3
562.142306,3
562.142307,3
562.142308,3
562.142310,3
562.142311,3
562.142313,3
562.142315,3
562.142320,3
562.142325,3
562.142333,3
562.142338,3
562.142340,3
562.142342,3
562.142343,3
562.142346,3
562.142347,3
562.142348,3
562.142349,3
562.142354,3
562.142355,3
562.142359,3
562.142360,3
562.142363,3
562.142365,3
562.142366,3
562.142367,3
562.142368,3
562.142369,3
562.142371,3
562.142373,3
562.142385,3
562.142386,3
562.142387,3
562.142389,3
562.142390,3
562.142397,3
562.142398,3
562.142403,3
562.142404,3
562.142407,3
562.142413,3
562.142414,3
562.142420,3
562.142421,3
562.142424,3
562.142426,3
562.142427,3
562.142429,3
562.142431,3
562.142432,3
562.142435,3
562.142437,3
562.142438,3
562.142440,3
562.142443,3
562.142445,3
562.142446,3
562.142448,3
562.142449,3
562.142450,3
562.142451,3
562.142454,3
562.142455,3
562.142456,3
562.142457,3
562.142459,3
562.142462,3
562.142463,3
562.142466,3
562.142467,3
562.142468,3
562.142471,3
562.142472,3
562.142477,3
562.142478,3
562.142479,3
562.142481,3
562.142484,3
562.142485,3
562.142486,3
562.142487,3
562.142488,3
562.142490,3
562.142491,3
562.142494,3
562.142495,3
562.142498,3
562.142499,3
562.142501,3
562.142502,3
562.142503,3
562.142506,3
562.142507,3
562.142510,3
562.142511,3
562.142514,3
562.142515,3
562.142516,3
562.142519,3
562.142520,3
562.142522,3
562.142524,3
562.142525,3
562.142528,3
562.142529,3
562.142530,3
562.142534,3
562.142535,3
562.142536,3
562.142538,3
562.142539,3
562.142540,3
562.142544,3
562.142545,3
562.142546,3
562.142549,3
562.142550,3
562.142551,3
562.142553,3
562.142554,3
562.142555,3
562.142557,3
562.142558,3
562.142559,3
562.142562,3
562.142565,3
562.142566,3
562.142567,3
562.142571,3
562.142572,3
562.142573,3
562.142581,3
562.142584,3
562.142585,3
562.142587,3
562.142588,3
562.142589,3
562.142591,3
562.142593,3
562.142594,3
562.142595,3
562.142599,3
562.142602,3
562.142604,3
562.142610,3
562.142611,3
562.142614,3
562.142615,3
562.142616,3
562.142617,3
562.142627,3
562.142628,3
562.142629,3
562.142632,3
562.142637,3
562.142638,3
562.142639,3
562.142640,3
562.142645,3
562.142646,3
562.142647,3
562.142650,3
562.142651,3
562.142653,3
562.142654,3
562.142655,3
562.142658,3
562.142680,3
562.142682,3
562.142686,3
562.142687,3
562.142688,3
562.142689,3
562.142690,3
562.142691,3
562.142693,3
562.142696,3
562.142697,3
562.142698,3
562.142699,3
562.142701,3
562.142707,3
562.142712,3
562.142715,3
562.142716,3
562.142717,3
562.142718,3
562.142721,3
562.142722,3
562.142723,3
562.142724,3
562.142725,3
562.142726,3
562.142729,3
562.142730,3
562.142733,3
562.142734,3
562.142735,3
562.142736,3
562.142738,3
562.142739,3
562.142740,3
562.142741,3
562.142742,3
562.142744,3
562.142745,3
562.142746,3
562.142747,3
562.142748,3
562.142749,3
562.142753,3
562.142754,3
562.142756,3
562.142757,3
562.142760,3
562.142765,3
562.142768,3
562.142769,3
562.142771,3
562.142772,3
562.142773,3
562.142774,3
562.142775,3
562.142776,3
562.142777,3
562.142778,3
562.142779,3
562.142780,3
562.142782,3
562.142784,3
562.142785,3
562.142786,3
562.142787,3
562.142788,3
562.142789,3
562.142791,3
562.142792,3
562.142793,3
562.142794,3
562.142795,3
562.142797,3
562.142799,3
562.142800,3
562.142801,3
562.142803,3
562.142805,3
562.142811,3
562.142812,3
562.142813,3
562.142815,3
562.142816,3
562.142817,3
562.142818,3
562.142819,3
562.142825,3
562.142827,3
562.142828,3
562.142833,3
562.142836,3
562.142838,3
562.142839,3
562.142840,3
562.142841,3
562.142842,3
562.142843,3
562.142844,3
562.142845,3
562.142846,3
562.142847,3
562.142848,3
562.142849,3
562.142851,3
562.142858,3
562.142859,3
562.142860,3
562.142861,3
562.142863,3
562.142864,3
562.142865,3
562.142866,3
562.142867,3
562.142869,3
562.142873,3
562.142874,3
562.142877,3
562.142878,3
562.142890,3
562.142891,3
562.142892,3
562.142893,3
562.142894,3
562.142901,3
562.142904,3
562.142905,3
562.142906,3
562.142908,3
562.142909,3
562.142910,3
562.142911,3
562.142912,3
562.142914,3
562.142918,3
562.142920,3
562.142921,3
562.142922,3
562.142923,3
562.142924,3
562.142925,3
562.142926,3
562.142928,3
562.142929,3
562.142930,3
562.142931,3
562.142935,3
562.142937,3
562.142938,3
562.142941,3
562.142942,3
562.142943,3
562.142944,3
562.142945,3
562.142946,3
562.142954,3
562.142956,3
562.142957,3
562.142961,3
562.142963,3
562.142966,3
562.142969,3
562.142970,3
562.142971,3
562.142974,3
562.142976,3
562.142981,3
562.142985,3
562.142987,3
562.142988,3
562.142989,3
562.142992,3
562.142993,3
562.142994,3
562.142998,3
562.143000,3
562.143001,3
562.143002,3
562.143003,3
562.143004,3
562.143007,3
562.143009,3
562.143013,3
562.143025,3
562.143035,3
562.143040,3
562.143042,3
562.143043,3
562.143048,3
562.143050,3
562.143053,3
562.143054,3
562.143055,3
562.143056,3
562.143057,3
562.143058,3
562.143059,3
562.143061,3
562.143064,3
562.143066,3
562.143070,3
562.143073,3
562.143075,3
562.143076,3
562.143079,3
562.143080,3
562.143081,3
562.143083,3
562.143084,3
562.143085,3
562.143087,3
562.143088,3
562.143089,3
562.143090,3
562.143091,3
562.143092,3
562.143093,3
562.143094,3
562.143095,3
562.143096,3
562.143100,3
562.143101,3
562.143102,3
562.143103,3
562.143105,3
562.143107,3
562.143109,3
562.143110,3
562.143112,3
562.143114,3
562.143116,3
562.143117,3
562.143119,3
562.143120,3
562.143124,3
562.143126,3
562.143129,3
562.143132,3
562.143133,3
562.143134,3
562.143135,3
562.143137,3
562.143138,3
562.143139,3
562.143141,3
562.143142,3
562.143144,3
562.143145,3
562.143147,3
562.143148,3
562.143150,3
562.143152,3
562.143153,3
562.143154,3
562.143155,3
562.143156,3
562.143158,3
562.143161,3
562.143162,3
562.143166,3
562.143167,3
562.143168,3
562.143169,3
562.143192,3
562.143193,3
562.143194,3
562.143196,3
562.143197,3
562.143200,3
562.143201,3
562.143203,3
562.143207,3
562.143212,3
562.143223,3
562.143228,3
562.143229,3
562.143232,3
562.143237,3
562.143238,3
562.143239,3
562.143240,3
562.143242,3
562.143243,3
562.143245,3
562.143246,3
562.143247,3
562.143248,3
562.143250,3
562.143251,3
562.143252,3
562.143253,3
562.143259,3
562.143261,3
562.143262,3
562.143263,3
562.143264,3
562.143265,3
562.143268,3
562.143269,3
562.143272,3
562.143273,3
562.143276,3
562.143277,3
562.143278,3
562.143279,3
562.143280,3
562.143281,3
562.143282,3
562.143288,3
562.143289,3
562.143291,3
562.143292,3
562.143293,3
562.143294,3
562.143295,3
562.143300,3
562.143302,3
562.143308,3
562.143314,3
562.143315,3
562.143316,3
562.143317,3
562.143318,3
562.143320,3
562.143321,3
562.143322,3
562.143324,3
562.143325,3
562.143326,3
562.143328,3
562.143330,3
562.143331,3
562.143332,3
562.143337,3
562.143339,3
562.143340,3
562.143341,3
562.143342,3
562.143345,3
562.143348,3
562.143350,3
562.143352,3
562.143353,3
562.143354,3
562.143357,3
562.143358,3
562.143359,3
562.143360,3
562.143361,3
562.143362,3
562.143364,3
562.143366,3
562.143368,3
562.143372,3
562.143373,3
562.143375,3
562.143377,3
562.143378,3
562.143379,3
562.143380,3
562.143381,3
562.143382,3
562.143385,3
562.143387,3
562.143388,3
562.143397,3
562.143399,3
562.143400,3
562.143401,3
562.143403,3
562.143406,3
562.143407,3
562.143412,3
562.143414,3
562.143416,3
562.143418,3
562.143419,3
562.143421,3
562.143422,3
562.143423,3
562.143424,3
562.143426,3
562.143428,3
562.143430,3
562.143432,3
562.143435,3
562.143436,3
562.143437,3
562.143441,3
562.143442,3
562.143449,3
562.143450,3
562.143451,3
562.143461,3
562.143464,3
562.143466,3
562.143475,3
562.143477,3
562.143479,3
562.143481,3
562.143483,3
562.143487,3
562.143489,3
562.143497,3
562.143498,3
562.143499,3
562.143500,3
562.143505,3
562.143506,3
562.143507,3
562.143508,3
562.143509,3
562.143510,3
562.143511,3
562.143512,3
562.143513,3
562.143514,3
562.143515,3
562.143519,3
562.143520,3
562.143521,3
562.143522,3
562.143523,3
562.143524,3
562.143527,3
562.143528,3
562.143529,3
562.143530,3
562.143531,3
562.143532,3
562.143533,3
562.143534,3
562.143536,3
562.143537,3
562.143538,3
562.143539,3
562.143541,3
562.143542,3
562.143544,3
562.143546,3
562.143549,3
562.143551,3
562.143553,3
562.143555,3
562.143556,3
562.143558,3
562.143559,3
562.143560,3
562.143561,3
562.143562,3
562.143565,3
562.143566,3
562.143567,3
562.143568,3
562.143569,3
562.143570,3
562.143573,3
562.143574,3
562.143575,3
562.143576,3
562.143577,3
562.143579,3
562.143581,3
562.143582,3
562.143583,3
562.143584,3
562.143588,3
562.143590,3
562.143592,3
562.143593,3
562.143594,3
562.143601,3
562.143602,3
562.143604,3
562.143605,3
562.143606,3
562.143607,3
562.143608,3
562.143610,3
562.143611,3
562.143615,3
562.143618,3
562.143619,3
562.143620,3
562.143621,3
562.143622,3
562.143623,3
562.143624,3
562.143626,3
562.143628,3
562.143630,3
562.143642,3
562.143647,3
562.143648,3
562.143649,3
562.143652,3
562.143653,3
562.143654,3
562.143656,3
562.143657,3
562.143658,3
562.143659,3
562.143660,3
562.143661,3
562.143662,3
562.143665,3
562.143678,3
562.143683,3
562.143686,3
562.143696,3
562.143698,3
562.143700,3
562.143701,3
562.143702,3
562.143705,3
562.143708,3
562.143711,3
562.143713,3
562.143714,3
562.143716,3
562.143717,3
562.143718,3
562.143719,3
562.143720,3
562.143721,3
562.143728,3
562.143731,3
562.143732,3
562.143733,3
562.143736,3
562.143738,3
562.143744,3
562.143746,3
562.143747,3
562.143760,3
562.143763,3
562.143766,3
562.143768,3
562.143769,3
562.143770,3
562.143772,3
562.143773,3
562.143780,3
562.143781,3
562.143782,3
562.143783,3
562.143784,3
562.143785,3
562.143788,3
562.143792,3
562.143793,3
562.143794,3
562.143796,3
562.143797,3
562.143798,3
562.143799,3
562.143801,3
562.143802,3
562.143803,3
562.143804,3
562.143805,3
562.143807,3
562.143808,3
562.143809,3
562.143810,3
562.143813,3
562.143814,3
562.143815,3
562.143816,3
562.143818,3
562.143828,3
562.143829,3
562.143830,3
562.143832,3
562.143833,3
562.143835,3
562.143836,3
562.143838,3
562.143841,3
562.143842,3
562.143843,3
562.143844,3
562.143847,3
562.143859,3
562.143863,3
562.143864,3
562.143865,3
562.143866,3
562.143867,3
562.143869,3
562.143870,3
562.143871,3
562.143873,3
562.143874,3
562.143875,3
562.143876,3
562.143877,3
562.143878,3
562.143879,3
562.143880,3
562.143881,3
562.143882,3
562.143883,3
562.143884,3
562.143885,3
562.143886,3
562.143887,3
562.143889,3
562.143890,3
562.143892,3
562.143894,3
562.143895,3
562.143896,3
562.143897,3
562.143899,3
562.143902,3
562.143903,3
562.143904,3
562.143905,3
562.143906,3
562.143908,3
562.143909,3
562.143911,3
562.143922,3
562.143923,3
562.143928,3
562.143930,3
562.143931,3
562.143932,3
562.143934,3
562.143935,3
562.143938,3
562.143939,3
562.143940,3
562.143944,3
562.143945,3
562.143946,3
562.143947,3
562.143950,3
562.143952,3
562.143953,3
562.143955,3
562.143957,3
562.143958,3
562.143959,3
562.143960,3
562.143961,3
562.143963,3
562.143964,3
562.143965,3
562.143967,3
562.143968,3
562.143969,3
562.143971,3
562.143972,3
562.143973,3
562.143974,3
562.143975,3
562.143977,3
562.143978,3
562.143980,3
562.143990,3
562.143992,3
562.143993,3
562.143994,3
562.143995,3
562.143996,3
562.143999,3
562.144000,3
562.144001,3
562.144002,3
562.144004,3
562.144005,3
562.144006,3
562.144007,3
562.144008,3
562.144009,3
562.144010,3
562.144012,3
562.144015,3
562.144016,3
562.144018,3
562.144019,3
562.144021,3
562.144022,3
562.144023,3
562.144025,3
562.144026,3
562.144027,3
562.144028,3
562.144029,3
562.144031,3
562.144032,3
562.144034,3
562.144035,3
562.144036,3
562.144037,3
562.144043,3
562.144052,3
562.144053,3
562.144059,3
562.144070,3
562.144075,3
562.144076,3
562.144077,3
562.144079,3
562.144080,3
562.144087,3
562.144090,3
562.144097,3
562.144107,3
562.144111,3
562.144112,3
562.144113,3
562.144114,3
562.144115,3
562.144121,3
562.144122,3
562.144123,3
562.144125,3
562.144126,3
562.144130,3
562.144131,3
562.144134,3
562.144135,3
562.144136,3
562.144137,3
562.144138,3
562.144139,3
562.144140,3
562.144143,3
562.144144,3
562.144145,3
562.144146,3
562.144147,3
562.144149,3
562.144150,3
562.144151,3
562.144155,3
562.144156,3
562.144157,3
562.144158,3
562.144160,3
562.144161,3
562.144162,3
562.144163,3
562.144164,3
562.144165,3
562.144166,3
562.144167,3
562.144168,3
562.144171,3
562.144172,3
562.144173,3
562.144174,3
562.144175,3
562.144177,3
562.144178,3
562.144182,3
562.144183,3
562.144185,3
562.144186,3
562.144187,3
562.144188,3
562.144190,3
562.144191,3
562.144193,3
562.144194,3
562.144195,3
562.144196,3
562.144198,3
562.144199,3
562.144200,3
562.144202,3
562.144204,3
562.144205,3
562.144206,3
562.144209,3
562.144211,3
562.144212,3
562.144213,3
562.144214,3
562.144215,3
562.144216,3
562.144217,3
562.144218,3
562.144219,3
562.144221,3
562.144222,3
562.144223,3
562.144224,3
562.144225,3
562.144227,3
562.144228,3
562.144230,3
562.144231,3
562.144232,3
562.144233,3
562.144234,3
562.144235,3
562.144236,3
562.144237,3
562.144238,3
562.144239,3
562.144240,3
562.144241,3
562.144242,3
562.144243,3
562.144244,3
562.144246,3
562.144247,3
562.144248,3
562.144249,3
562.144250,3
562.144252,3
562.144253,3
562.144254,3
562.144255,3
562.144256,3
562.144257,3
562.144259,3
562.144260,3
562.144263,3
562.144265,3
562.144268,3
562.144269,3
562.144273,3
562.144274,3
562.144278,3
562.144281,3
562.144282,3
562.144283,3
562.144284,3
562.144286,3
562.144287,3
562.144288,3
562.144289,3
562.144290,3
562.144291,3
562.144294,3
562.144295,3
562.144296,3
562.144297,3
562.144298,3
562.144299,3
562.144300,3
562.144301,3
562.144302,3
562.144303,3
562.144304,3
562.144305,3
562.144306,3
562.144307,3
562.144308,3
562.144310,3
562.144311,3
562.144314,3
562.144315,3
562.144316,3
562.144318,3
562.144319,3
562.144320,3
562.144321,3
562.144322,3
562.144324,3
562.144325,3
562.144326,3
562.144328,3
562.144329,3
562.144330,3
562.144331,3
562.144332,3
562.144333,3
562.144461,3
562.144483,3
562.144485,3
562.144502,3
562.144508,3
562.144523,3
562.144536,3
562.144544,3
562.144559,3
562.144566,3
562.144572,3
562.144578,3
562.144591,3
562.144627,3
562.144629,3
562.144644,3
562.144647,3
562.144665,3
562.144712,3
562.144729,3
562.144750,3
562.144781,3
562.144795,3
562.144803,3
562.144807,3
562.144810,3
562.144860,3
562.144895,3
562.144908,3
562.144911,3
562.144912,3
562.144913,3
562.144914,3
562.144915,3
562.144916,3
562.144917,3
562.144918,3
562.144919,3
562.144920,3
562.144921,3
562.144922,3
562.144923,3
562.144924,3
562.144925,3
562.144926,3
562.144927,3
562.144928,3
562.144929,3
562.144930,3
562.144931,3
562.144932,3
562.144933,3
562.144934,3
562.144935,3
562.144936,3
562.144937,3
562.144938,3
562.144939,3
562.144940,3
562.144941,3
562.144942,3
562.144943,3
562.145318,3
562.145319,3
562.145320,3
562.145321,3
562.145323,3
562.145325,3
562.145326,3
562.145327,3
562.145328,3
562.145329,3
562.145330,3
562.145331,3
562.145332,3
562.145333,3
562.145334,3
562.145335,3
562.145336,3
562.145337,3
562.145338,3
562.145339,3
562.145340,3
562.145341,3
562.145342,3
562.145343,3
562.145344,3
562.145345,3
562.145346,3
562.145347,3
562.145348,3
562.145349,3
562.145350,3
562.145351,3
562.145352,3
562.145353,3
562.145354,3
562.145355,3
562.145356,3
562.145357,3
562.145358,3
562.145359,3
562.145360,3
562.145361,3
562.145362,3
562.145364,3
562.145365,3
562.145366,3
562.145367,3
562.145368,3
562.145369,3
562.145370,3
562.145371,3
562.145372,3
562.145373,3
562.145374,3
562.145375,3
562.145376,3
562.145377,3
562.145438,3
562.145439,3
562.145444,3
562.145445,3
562.145446,3
562.145447,3
562.145449,3
562.145450,3
562.145451,3
562.145453,3
562.145457,3
562.145458,3
562.145459,3
562.145460,3
562.145461,3
562.145465,3
562.145466,3
562.145467,3
562.145468,3
562.145470,3
562.145471,3
562.145477,3
562.145479,3
562.145480,3
562.145482,3
562.145486,3
562.145488,3
562.145489,3
562.145490,3
562.145493,3
562.145495,3
562.145496,3
562.145497,3
562.145498,3
562.145499,3
562.145501,3
562.145511,3
562.145514,3
562.145515,3
562.145516,3
562.145519,3
562.145520,3
562.145523,3
562.145524,3
562.145525,3
562.145526,3
562.145527,3
562.145528,3
562.145529,3
562.145533,3
562.145538,3
562.145541,3
562.145542,3
562.145543,3
562.145544,3
562.145546,3
562.145548,3
562.145552,3
562.145553,3
562.145564,3
562.145567,3
562.145568,3
562.145569,3
562.145570,3
562.145571,3
562.145572,3
562.145573,3
562.145575,3
562.145578,3
562.145579,3
562.145581,3
562.145582,3
562.145583,3
562.145584,3
562.145585,3
562.145586,3
562.145588,3
562.145589,3
562.145590,3
562.145591,3
562.145592,3
562.145594,3
562.145595,3
562.145597,3
562.145601,3
562.145604,3
562.145605,3
562.145606,3
562.145607,3
562.145612,3
562.145613,3
562.145614,3
562.145616,3
562.145617,3
562.145618,3
562.145619,3
562.145626,3
562.145628,3
562.145629,3
562.145631,3
562.145635,3
562.145637,3
562.145639,3
562.145642,3
562.145644,3
562.145645,3
562.145646,3
562.145647,3
562.145648,3
562.145649,3
562.145650,3
562.145651,3
562.145653,3
562.145654,3
562.145655,3
562.145656,3
562.145660,3
562.145661,3
562.145663,3
562.145664,3
562.145665,3
562.145666,3
562.145668,3
562.145669,3
562.145670,3
562.145671,3
562.145672,3
562.145673,3
562.145674,3
562.145675,3
562.145676,3
562.145678,3
562.145679,3
562.145680,3
562.145681,3
562.145682,3
562.145683,3
562.145685,3
562.145687,3
562.145688,3
562.145689,3
562.145690,3
562.145691,3
562.145692,3
562.145693,3
562.145694,3
562.145696,3
562.145697,3
562.145698,3
562.145700,3
562.145701,3
562.145702,3
562.145705,3
562.145707,3
562.145708,3
562.145709,3
562.145711,3
562.145712,3
562.145716,3
562.145717,3
562.145718,3
562.145719,3
562.145721,3
562.145722,3
562.145723,3
562.145724,3
562.145725,3
562.145726,3
562.145727,3
562.145728,3
562.145729,3
562.145730,3
562.145731,3
562.145732,3
562.145733,3
562.145739,3
562.145743,3
562.145744,3
562.145745,3
562.145746,3
562.145747,3
562.145748,3
562.145750,3
562.145751,3
562.145752,3
562.145755,3
562.145759,3
562.145762,3
562.145764,3
562.145766,3
562.145771,3
562.145772,3
562.145775,3
562.145776,3
562.145777,3
562.145778,3
562.145782,3
562.145783,3
562.145787,3
562.145793,3
562.145797,3
562.145806,3
562.145809,3
562.145810,3
562.145811,3
562.145813,3
562.145814,3
562.22469,3
562.22472,3
562.22523,3
562.22543,3
562.22618,3
562.22619,3
562.22685,3
562.22689,3
562.22880,3
562.22909,3
562.22910,3
562.22911,3
562.22912,3
562.22913,3
562.22914,3
562.22915,3
562.22916,3
562.22917,3
562.22918,3
562.22919,3
562.22920,3
562.22921,3
562.22922,3
562.22923,3
562.22924,3
562.22925,3
562.22926,3
562.22927,3
562.22928,3
562.22929,3
562.22930,3
562.22931,3
562.22932,3
562.22933,3
562.22934,3
562.22935,3
562.22936,3
562.22937,3
562.22938,3
562.22939,3
562.22940,3
562.22941,3
562.22942,3
562.22943,3
562.22944,3
562.22945,3
562.22946,3
562.22947,3
562.22948,3
562.22949,3
562.22950,3
562.22951,3
562.22952,3
562.22953,3
562.22954,3
562.22955,3
562.22956,3
562.22957,3
562.22958,3
562.22959,3
562.22960,3
562.22961,3
562.22962,3
562.22963,3
562.22964,3
562.22965,3
562.22966,3
562.22967,3
562.22968,3
562.22969,3
562.22970,3
562.22971,3
562.22972,3
562.22973,3
562.22974,3
562.22975,3
562.22976,3
562.22977,3
562.22978,3
562.22979,3
562.22980,3
562.22981,3
562.22982,3
562.22983,3
562.22984,3
562.22985,3
562.22986,3
562.22987,3
562.22988,3
562.22989,3
562.22990,3
562.22991,3
562.22992,3
562.22993,3
562.22994,3
562.22995,3
562.22996,3
562.22997,3
562.22998,3
562.22999,3
562.23000,3
562.23001,3
562.23002,3
562.23003,3
562.23004,3
562.23005,3
562.23006,3
562.23007,3
562.23008,3
562.23009,3
562.23010,3
562.23011,3
562.23012,3
562.23013,3
562.23014,3
562.23015,3
562.23016,3
562.23017,3
562.23018,3
562.23019,3
562.23020,3
562.23021,3
562.23022,3
562.23023,3
562.23024,3
562.23025,3
562.23026,3
562.23027,3
562.23028,3
562.23029,3
562.23030,3
562.23031,3
562.23032,3
562.23033,3
562.23034,3
562.23035,3
562.23036,3
562.23037,3
562.23038,3
562.23039,3
562.23040,3
562.23041,3
562.23042,3
562.23043,3
562.23044,3
562.23045,3
562.23046,3
562.23047,3
562.23048,3
562.23049,3
562.23050,3
562.23051,3
562.23052,3
562.23053,3
562.23054,3
562.23055,3
562.23056,3
562.23057,3
562.23058,3
562.23059,3
562.23060,3
562.23061,3
562.23062,3
562.23063,3
562.23064,3
562.23065,3
562.23066,3
562.23067,3
562.23068,3
562.23069,3
562.23070,3
562.23071,3
562.23072,3
562.23073,3
562.23074,3
562.23075,3
562.23076,3
562.23077,3
562.23078,3
562.23079,3
562.23080,3
562.23081,3
562.23082,3
562.23083,3
562.23084,3
562.23085,3
562.23086,3
562.23087,3
562.23088,3
562.23089,3
562.23090,3
562.23091,3
562.23092,3
562.23093,3
562.23094,3
562.23095,3
562.23096,3
562.23097,3
562.23098,3
562.23099,3
562.23100,3
562.23101,3
562.23102,3
562.23103,3
562.23104,3
562.23105,3
562.23106,3
562.23107,3
562.23108,3
562.23109,3
562.23110,3
562.23111,3
562.23112,3
562.23113,3
562.23114,3
562.23115,3
562.23116,3
562.23117,3
562.23118,3
562.23119,3
562.23120,3
562.23121,3
562.23122,3
562.23123,3
562.23124,3
562.23125,3
562.23126,3
562.23127,3
562.23128,3
562.23129,3
562.23130,3
562.23131,3
562.23132,3
562.23133,3
562.23134,3
562.23136,3
562.23137,3
562.23138,3
562.23139,3
562.23140,3
562.23142,3
562.23143,3
562.23144,3
562.23145,3
562.23146,3
562.23147,3
562.23148,3
562.23149,3
562.23150,3
562.23151,3
562.23152,3
562.23153,3
562.23154,3
562.23155,3
562.23156,3
562.23157,3
562.23158,3
562.23159,3
562.23160,3
562.23161,3
562.23162,3
562.23163,3
562.23164,3
562.23165,3
562.23166,3
562.23167,3
562.23168,3
562.23169,3
562.23170,3
562.23171,3
562.23172,3
562.23173,3
562.23174,3
562.23175,3
562.23176,3
562.23177,3
562.23178,3
562.23179,3
562.23180,3
562.23181,3
562.23182,3
562.23183,3
562.23184,3
562.23185,3
562.23186,3
562.23187,3
562.23188,3
562.23189,3
562.23190,3
562.23191,3
562.23192,3
562.23193,3
562.23194,3
562.23195,3
562.23196,3
562.23197,3
562.23198,3
562.23199,3
562.23200,3
562.23201,3
562.23202,3
562.23203,3
562.23204,3
562.23205,3
562.23206,3
562.23207,3
562.23208,3
562.23209,3
562.23210,3
562.23211,3
562.23212,3
562.23213,3
562.23214,3
562.23215,3
562.23216,3
562.23217,3
562.23218,3
562.23219,3
562.23220,3
562.23221,3
562.23222,3
562.23223,3
562.23224,3
562.23225,3
562.23226,3
562.23227,3
562.23228,3
562.23229,3
562.23230,3
562.23231,3
562.23232,3
562.23233,3
562.23234,3
562.23235,3
562.23236,3
562.23237,3
562.23238,3
562.23239,3
562.23240,3
562.23241,3
562.23242,3
562.23243,3
562.23244,3
562.23245,3
562.23246,3
562.23247,3
562.23248,3
562.23249,3
562.23250,3
562.23251,3
562.23252,3
562.23253,3
562.23254,3
562.23255,3
562.23256,3
562.23257,3
562.23258,3
562.23259,3
562.23260,3
562.23261,3
562.23262,3
562.23263,3
562.23264,3
562.23265,3
562.23266,3
562.23267,3
562.23268,3
562.23269,3
562.23270,3
562.23271,3
562.23272,3
562.23273,3
562.23274,3
562.23275,3
562.23276,3
562.23277,3
562.23278,3
562.23279,3
562.23280,3
562.23281,3
562.23282,3
562.23283,3
562.23284,3
562.23285,3
562.23286,3
562.23287,3
562.23288,3
562.23289,3
562.23290,3
562.23291,3
562.23292,3
562.23293,3
562.23294,3
562.23295,3
562.23296,3
562.23297,3
562.23298,3
562.23299,3
562.23300,3
562.23301,3
562.23302,3
562.23303,3
562.23304,3
562.23305,3
562.23306,3
562.23307,3
562.23308,3
562.23309,3
562.23310,3
562.23311,3
562.23312,3
562.23313,3
562.23314,3
562.23315,3
562.23316,3
562.23317,3
562.23318,3
562.23319,3
562.23320,3
562.23321,3
562.23322,3
562.23323,3
562.23324,3
562.23325,3
562.23326,3
562.23327,3
562.23328,3
562.23329,3
562.23330,3
562.23331,3
562.23332,3
562.23333,3
562.23334,3
562.23335,3
562.23336,3
562.23337,3
562.23338,3
562.23339,3
562.23340,3
562.23341,3
562.23342,3
562.23343,3
562.23344,3
562.23345,3
562.23346,3
562.23347,3
562.23348,3
562.23349,3
562.23350,3
562.23351,3
562.23352,3
562.23353,3
562.23354,3
562.23355,3
562.23356,3
562.23357,3
562.23358,3
562.23359,3
562.23360,3
562.23361,3
562.23362,3
562.23363,3
562.23364,3
562.23365,3
562.23366,3
562.23367,3
562.23368,3
562.23369,3
562.23370,3
562.23371,3
562.23372,3
562.23373,3
562.23374,3
562.23375,3
562.23376,3
562.23377,3
562.23378,3
562.23379,3
562.23380,3
562.23381,3
562.23382,3
562.23383,3
562.23384,3
562.23385,3
562.23386,3
562.23387,3
562.23388,3
562.23389,3
562.23390,3
562.23391,3
562.23392,3
562.23393,3
562.23394,3
562.23395,3
562.23396,3
562.23397,3
562.23398,3
562.23399,3
562.23400,3
562.23401,3
562.23402,3
562.23403,3
562.23404,3
562.23405,3
562.23406,3
562.23407,3
562.23408,3
562.23409,3
562.23410,3
562.23411,3
562.23412,3
562.23413,3
562.23414,3
562.23415,3
562.23416,3
562.23417,3
562.23418,3
562.23419,3
562.23420,3
562.23421,3
562.23422,3
562.23423,3
562.23424,3
562.23425,3
562.23426,3
562.23427,3
562.23428,3
562.23429,3
562.23430,3
562.23431,3
562.23432,3
562.23433,3
562.23434,3
562.23435,3
562.23436,3
562.23437,3
562.23438,3
562.23439,3
562.23440,3
562.23441,3
562.23442,3
562.23443,3
562.23444,3
562.23445,3
562.23446,3
562.23447,3
562.23448,3
562.23449,3
562.23450,3
562.23451,3
562.23452,3
562.23453,3
562.23454,3
562.23455,3
562.23456,3
562.23457,3
562.23458,3
562.23459,3
562.23460,3
562.23461,3
562.23462,3
562.23463,3
562.23464,3
562.23465,3
562.23466,3
562.23467,3
562.23468,3
562.23469,3
562.23470,3
562.23471,3
562.23472,3
562.23473,3
562.23474,3
562.23475,3
562.23476,3
562.23477,3
562.23478,3
562.23479,3
562.23480,3
562.23481,3
562.23482,3
562.23483,3
562.23484,3
562.23485,3
562.23486,3
562.23487,3
562.23488,3
562.23489,3
562.23490,3
562.23491,3
562.23492,3
562.23493,3
562.23494,3
562.23495,3
562.23496,3
562.23497,3
562.23498,3
562.23499,3
562.23500,3
562.23501,3
562.23502,3
562.23503,3
562.23504,3
562.23505,3
562.23506,3
562.23507,3
562.23508,3
562.23509,3
562.23510,3
562.23511,3
562.23512,3
562.23513,3
562.23514,3
562.23515,3
562.23516,3
562.23517,3
562.23518,3
562.23519,3
562.23520,3
562.23521,3
562.23522,3
562.23523,3
562.23524,3
562.23525,3
562.23526,3
562.23527,3
562.23528,3
562.23529,3
562.23530,3
562.23531,3
562.23532,3
562.23533,3
562.23534,3
562.23535,3
562.23536,3
562.23537,3
562.23538,3
562.23539,3
562.23540,3
562.23541,3
562.23542,3
562.23543,3
562.23544,3
562.23545,3
562.23546,3
562.23547,3
562.23548,3
562.23549,3
562.23550,3
562.23551,3
562.23552,3
562.23553,3
562.23554,3
562.23555,3
562.23556,3
562.23557,3
562.23558,3
562.23559,3
562.23560,3
562.23561,3
562.23562,3
562.23563,3
562.23564,3
562.23565,3
562.23566,3
562.23567,3
562.23568,3
562.23569,3
562.23570,3
562.23571,3
562.23572,3
562.23573,3
562.23574,3
562.23575,3
562.23576,3
562.23577,3
562.23578,3
562.23579,3
562.23580,3
562.23581,3
562.23582,3
562.23583,3
562.23584,3
562.23585,3
562.23586,3
562.23587,3
562.23588,3
562.23589,3
562.23590,3
562.23591,3
562.23592,3
562.23593,3
562.23594,3
562.23595,3
562.23596,3
562.23597,3
562.23598,3
562.23599,3
562.23600,3
562.23601,3
562.23602,3
562.23603,3
562.23604,3
562.23605,3
562.23606,3
562.23607,3
562.23608,3
562.23609,3
562.23610,3
562.23611,3
562.23612,3
562.23613,3
562.23614,3
562.23615,3
562.23616,3
562.23617,3
562.23618,3
562.23619,3
562.23620,3
562.23621,3
562.23622,3
562.23623,3
562.23624,3
562.23625,3
562.23626,3
562.23627,3
562.23628,3
562.23629,3
562.23630,3
562.23631,3
562.23632,3
562.23633,3
562.23634,3
562.23635,3
562.23636,3
562.23637,3
562.23638,3
562.23639,3
562.23640,3
562.23641,3
562.23642,3
562.23643,3
562.23644,3
562.23645,3
562.23646,3
562.23647,3
562.23648,3
562.23649,3
562.23650,3
562.23651,3
562.23652,3
562.23653,3
562.23654,3
562.23655,3
562.23656,3
562.23657,3
562.23658,3
562.23659,3
562.23660,3
562.23661,3
562.23662,3
562.23663,3
562.23664,3
562.23665,3
562.23666,3
562.23667,3
562.23668,3
562.23669,3
562.23670,3
562.23671,3
562.23672,3
562.23673,3
562.23674,3
562.23675,3
562.23676,3
562.23677,3
562.23678,3
562.23679,3
562.23680,3
562.23681,3
562.23682,3
562.23683,3
562.23684,3
562.23685,3
562.23686,3
562.23687,3
562.23688,3
562.23689,3
562.23690,3
562.23691,3
562.23692,3
562.23693,3
562.23694,3
562.23695,3
562.23696,3
562.23697,3
562.23698,3
562.23699,3
562.23700,3
562.23701,3
562.23702,3
562.23703,3
562.23704,3
562.23705,3
562.23706,3
562.23707,3
562.23708,3
562.23709,3
562.23710,3
562.23711,3
562.23712,3
562.23713,3
562.23714,3
562.23715,3
562.23716,3
562.23717,3
562.23718,3
562.23719,3
562.23720,3
562.23721,3
562.23722,3
562.23723,3
562.23724,3
562.23725,3
562.23726,3
562.23727,3
562.23728,3
562.23729,3
562.23730,3
562.23731,3
562.23732,3
562.23733,3
562.23734,3
562.23735,3
562.23736,3
562.23737,3
562.23738,3
562.23739,3
562.23740,3
562.23741,3
562.23742,3
562.23744,3
562.23745,3
562.23746,3
562.23747,3
562.23748,3
562.23749,3
562.23750,3
562.23751,3
562.23752,3
562.23753,3
562.23754,3
562.23755,3
562.23756,3
562.23757,3
562.23758,3
562.23759,3
562.23760,3
562.23761,3
562.23762,3
562.23763,3
562.23764,3
562.23765,3
562.23766,3
562.23767,3
562.23768,3
562.23769,3
562.23770,3
562.23771,3
562.23772,3
562.23773,3
562.23774,3
562.23775,3
562.23776,3
562.23777,3
562.23778,3
562.23779,3
562.23780,3
562.23781,3
562.23782,3
562.23784,3
562.23785,3
562.23786,3
562.23787,3
562.23788,3
562.23789,3
562.23793,3
562.23794,3
562.23795,3
562.23796,3
562.23797,3
562.23798,3
562.23799,3
562.23800,3
562.23801,3
562.23802,3
562.23803,3
562.23804,3
562.23805,3
562.23806,3
562.23807,3
562.23808,3
562.23809,3
562.23810,3
562.23811,3
562.23812,3
562.23813,3
562.23815,3
562.23816,3
562.23817,3
562.23818,3
562.23819,3
562.23820,3
562.23821,3
562.23822,3
562.23823,3
562.23824,3
562.23825,3
562.23826,3
562.23827,3
562.23828,3
562.23829,3
562.23830,3
562.23831,3
562.23832,3
562.23833,3
562.23834,3
562.23835,3
562.23836,3
562.23837,3
562.23838,3
562.23839,3
562.23840,3
562.23841,3
562.23842,3
562.23843,3
562.23844,3
562.23845,3
562.23846,3
562.23847,3
562.23848,3
562.23849,3
562.23850,3
562.23851,3
562.23852,3
562.23853,3
562.23855,3
562.23856,3
562.23857,3
562.23858,3
562.23859,3
562.23860,3
562.23861,3
562.23862,3
562.23863,3
562.23864,3
562.23868,3
562.23869,3
562.23870,3
562.23871,3
562.23872,3
562.23873,3
562.23874,3
562.23875,3
562.23876,3
562.23877,3
562.23878,3
562.23879,3
562.23880,3
562.23881,3
562.23882,3
562.23883,3
562.23884,3
562.23885,3
562.23886,3
562.23887,3
562.23888,3
562.23889,3
562.23890,3
562.23891,3
562.23892,3
562.23893,3
562.23894,3
562.23895,3
562.23896,3
562.23897,3
562.23898,3
562.23899,3
562.23900,3
562.23901,3
562.23902,3
562.23903,3
562.23904,3
562.23905,3
562.23906,3
562.23907,3
562.23908,3
562.23909,3
562.23910,3
562.23911,3
562.23912,3
562.23914,3
562.23915,3
562.23916,3
562.23917,3
562.23918,3
562.23919,3
562.23920,3
562.23921,3
562.23922,3
562.23923,3
562.23924,3
562.23925,3
562.23926,3
562.23927,3
562.23928,3
562.23929,3
562.23930,3
562.23931,3
562.23932,3
562.23933,3
562.23934,3
562.23935,3
562.23936,3
562.26304,3
562.42662,3
562.42666,3
562.42697,3
562.42717,3
562.42739,3
562.42745,3
562.42759,3
562.45395,3
562.45397,3
562.45403,3
562.45590,3
562.45592,3
562.45600,3
562.45604,3
562.45610,3
562.45613,3
562.45621,3
562.45645,3
562.45647,3
562.45661,3
562.45846,3
562.45847,3
562.45848,3
562.45849,3
562.45850,3
562.45851,3
562.45852,3
562.45853,3
562.45910,3
562.45916,3
562.48345,3
562.48346,3
562.48348,3
562.48349,3
562.52544,3
562.52566,3
562.52578,3
562.52579,3
562.52580,3
562.52592,3
562.52612,3
562.52616,3
562.52622,3
562.5425,3
562.56760,3
562.56762,3
562.56764,3
562.56766,3
562.56767,3
562.56769,3
562.56770,3
562.56771,3
562.56775,3
562.56776,3
562.56782,3
562.56783,3
562.56787,3
562.56794,3
562.56801,3
562.56802,3
562.56807,3
562.56813,3
562.56829,3
562.56840,3
562.56841,3
562.56842,3
562.56843,3
562.56845,3
562.56847,3
562.56848,3
562.56849,3
562.56850,3
562.56851,3
562.56854,3
562.56855,3
562.56867,3
562.56870,3
562.56872,3
562.5689,3
562.56893,3
562.56900,3
562.56904,3
562.56906,3
562.57378,3
562.57387,3
562.57395,3
562.57397,3
562.57408,3
562.57423,3
562.57445,3
562.57461,3
562.57476,3
562.57477,3
562.57488,3
562.57501,3
562.58629,3
562.58648,3
562.59217,3
562.59218,3
562.59219,3
562.59220,3
562.59221,3
562.59222,3
562.59223,3
562.59224,3
562.59225,3
562.59226,3
562.59227,3
562.59228,3
562.59229,3
562.65797,3
562.73348,3
562.73364,3
562.73367,3
562.73373,3
562.73381,3
562.73396,3
562.7699,3
562.7794,3
562.96418,3
562.96419,3
562.96423,3
562.96424,3
562.96425,3
562.96427,3
562.96428,3
562.96429,3
562.96430,3
562.96431,3
562.96432,3
562.96433,3
562.96434,3
562.96435,3
562.96438,3
562.96439,3
562.96441,3
562.96442,3
562.96443,3
562.96444,3
562.96445,3
562.96446,3
562.96447,3
562.96448,3
562.96449,3
562.96450,3
562.96451,3
562.96452,3
562.96453,3
562.96454,3
562.96455,3
562.96456,3
562.96457,3
562.96458,3
562.96459,3
562.96460,3
562.96461,3
562.96462,3
562.96463,3
562.96464,3
562.96465,3
562.96466,3
562.96467,3
562.96468,3
562.96469,3
562.96470,3
562.96471,3
562.96472,3
562.96473,3
562.96474,3
562.96475,3
562.96476,3
562.96477,3
562.96478,3
562.96479,3
562.96480,3
562.96481,3
562.96482,3
562.96483,3
562.96484,3
562.96485,3
562.96486,3
562.96487,3
562.96488,3
562.96489,3
562.96490,3
562.96491,3
562.96492,3
562.96493,3
562.96494,3
562.96495,3
562.96496,3
562.96497,3
562.96498,3
562.96499,3
562.96500,3
562.96501,3
562.96502,3
562.96503,3
562.96504,3
562.96505,3
562.96506,3
562.96507,3
562.96508,3
562.96509,3
562.96510,3
562.96511,3
562.96512,3
562.96513,3
562.96514,3
562.96515,3
562.96516,3
562.96517,3
562.96518,3
562.96519,3
562.96520,3
562.96521,3
562.96522,3
562.96523,3
562.96524,3
562.96525,3
562.96526,3
562.96527,3
562.96528,3
562.96529,3
562.96530,3
562.96531,3
562.96532,3
562.96533,3
562.96534,3
562.96535,3
562.96536,3
562.96537,3
562.96538,3
562.96539,3
562.96540,3
562.96541,3
562.96542,3
562.96543,3
562.96544,3
562.96545,3
562.96546,3
562.96547,3
562.96548,3
562.96549,3
562.96550,3
562.96551,3
562.96552,3
562.96553,3
562.96554,3
562.96555,3
562.96556,3
562.96557,3
562.96558,3
562.96559,3
562.96560,3
562.96561,3
562.96562,3
562.96563,3
562.96564,3
562.96565,3
562.96566,3
562.96567,3
562.96568,3
562.96569,3
562.96570,3
562.96571,3
562.96572,3
562.96573,3
562.96574,3
562.96575,3
562.96576,3
562.96577,3
562.96578,3
562.96579,3
562.96580,3
562.96581,3
562.96582,3
562.96584,3
562.96585,3
562.96586,3
562.96587,3
562.96588,3
562.96589,3
562.96590,3
562.96591,3
562.96592,3
562.96593,3
562.96594,3
562.96595,3
562.96596,3
562.96597,3
562.96598,3
562.96599,3
562.96600,3
562.96601,3
562.96602,3
562.96603,3
562.96604,3
562.96605,3
562.96606,3
562.96607,3
562.96608,3
562.96609,3
562.96610,3
562.96611,3
562.96612,3
562.96613,3
562.96614,3
562.96615,3
562.96616,3
562.96617,3
562.96618,3
562.96619,3
562.96620,3
562.96621,3
562.96622,3
562.96623,3
562.96624,3
562.96625,3
562.96626,3
562.96627,3
562.96628,3
562.96629,3
562.96630,3
562.96631,3
562.96632,3
562.96633,3
562.96634,3
562.96635,3
562.96636,3
562.96637,3
562.96638,3
562.96639,3
562.96640,3
562.96641,3
562.96642,3
562.96643,3
562.96644,3
562.96645,3
562.96646,3
562.96647,3
562.96648,3
562.96649,3
562.96650,3
562.96651,3
562.96652,3
562.96653,3
562.96654,3
562.96655,3
562.96656,3
562.96657,3
562.96658,3
562.96659,3
562.96660,3
562.96661,3
562.96662,3
562.96663,3
562.96664,3
562.96665,3
562.96666,3
562.96667,3
562.96668,3
562.96669,3
562.96670,3
562.96671,3
562.96672,3
562.96673,3
562.96674,3
562.96675,3
562.96676,3
562.96677,3
562.96678,3
562.96679,3
562.96680,3
562.96681,3
562.96682,3
562.96683,3
562.96684,3
562.96685,3
562.96686,3
562.96687,3
562.96688,3
562.96689,3
562.96690,3
562.96691,3
562.96692,3
562.96693,3
562.96694,3
562.96695,3
562.96696,3
562.96697,3
562.96698,3
562.96699,3
562.96700,3
562.96701,3
562.96702,3
562.96703,3
562.96704,3
562.96705,3
562.96706,3
562.96707,3
562.96708,3
562.96709,3
562.96710,3
562.96711,3
562.96712,3
562.96713,3
562.96714,3
562.96715,3
562.96716,3
562.96717,3
562.96718,3
562.96719,3
562.96720,3
562.96721,3
562.96722,3
562.96723,3
562.96724,3
562.96725,3
562.96726,3
562.96727,3
562.96728,3
562.96729,3
562.96730,3
562.96731,3
562.96732,3
562.96733,3
562.96734,3
562.96735,3
562.96736,3
562.96737,3
562.96738,3
562.96739,3
562.96740,3
562.96741,3
562.96742,3
562.96743,3
562.96744,3
562.96745,3
562.96748,3
562.96749,3
562.96751,3
562.96752,3
562.96754,3
562.96755,3
562.96756,3
562.96757,3
562.96758,3
562.96759,3
562.96760,3
562.96761,3
562.96762,3
562.96763,3
562.96764,3
562.96765,3
562.96766,3
562.96767,3
562.96768,3
562.96769,3
562.96770,3
562.96771,3
562.96772,3
562.96773,3
562.96774,3
562.96775,3
562.96776,3
562.96777,3
562.96778,3
562.96779,3
562.96780,3
562.96781,3
562.96782,3
562.96783,3
562.96784,3
562.96785,3
562.96786,3
562.96787,3
562.96788,3
562.96789,3
562.96790,3
562.96791,3
562.96792,3
562.96793,3
562.96794,3
562.96795,3
562.96796,3
562.96797,3
562.96798,3
562.96799,3
562.96800,3
562.96801,3
562.96802,3
562.96803,3
562.96804,3
562.96805,3
562.96806,3
562.96807,3
562.96808,3
562.96809,3
562.96810,3
562.96811,3
562.96812,3
562.96814,3
562.96815,3
562.96816,3
562.96817,3
562.96818,3
562.96819,3
562.96820,3
562.96821,3
562.96822,3
562.96823,3
562.96824,3
562.96825,3
562.96826,3
562.96827,3
562.96828,3
562.96829,3
562.96830,3
562.96831,3
562.96832,3
562.96833,3
562.96834,3
562.96835,3
562.96836,3
562.96837,3
562.96838,3
562.96839,3
562.96840,3
562.96841,3
562.96842,3
562.96843,3
562.96844,3
562.96845,3
562.96846,3
562.96847,3
562.96848,3
562.96849,3
562.96850,3
562.96851,3
562.96852,3
562.96853,3
562.96854,3
562.96855,3
562.96856,3
562.96857,3
562.96858,3
562.96859,3
562.96860,3
562.96861,3
562.96862,3
562.96863,3
562.96864,3
562.96865,3
562.96866,3
562.96867,3
562.96868,3
562.96869,3
562.96870,3
562.96871,3
562.96872,3
562.96873,3
562.96874,3
562.96875,3
562.96876,3
562.96877,3
562.96878,3
562.96879,3
562.96880,3
562.96881,3
562.96882,3
562.96883,3
562.96884,3
562.96885,3
562.96886,3
562.96887,3
562.96888,3
562.96889,3
562.96890,3
562.96891,3
562.96892,3
562.96893,3
562.96894,3
562.96895,3
562.96896,3
562.96897,3
562.96898,3
562.96899,3
562.96900,3
562.96901,3
562.96902,3
562.96903,3
562.96904,3
562.96905,3
562.96906,3
562.96907,3
562.96908,3
562.96909,3
562.96910,3
562.96911,3
562.96912,3
562.96913,3
562.96914,3
562.96915,3
562.96916,3
562.96917,3
562.96918,3
562.96919,3
562.96920,3
562.96921,3
562.96922,3
562.96923,3
562.96924,3
562.96925,3
562.96926,3
562.96927,3
562.96928,3
562.96929,3
562.96930,3
562.96931,3
562.96932,3
562.96933,3
562.96934,3
562.96935,3
562.96936,3
562.96937,3
562.96938,3
562.96939,3
562.96940,3
562.96941,3
562.96942,3
562.96943,3
562.96944,3
562.96945,3
562.96946,3
562.96947,3
562.96948,3
562.96949,3
562.96950,3
562.96951,3
562.96952,3
562.96953,3
562.96954,3
562.96955,3
562.96956,3
562.96957,3
562.96958,3
562.96959,3
562.96960,3
562.96961,3
562.96962,3
562.96963,3
562.96964,3
562.96965,3
562.96966,3
562.96967,3
562.96968,3
562.96969,3
562.96970,3
562.96971,3
562.96972,3
562.96973,3
562.96974,3
562.96975,3
562.96976,3
562.96977,3
562.96978,3
562.96979,3
562.96980,3
562.96981,3
562.96982,3
562.96983,3
562.96984,3
562.96985,3
562.96986,3
562.96987,3
562.96988,3
562.96989,3
562.96990,3
562.96991,3
562.96992,3
562.96993,3
562.96994,3
562.96995,3
562.96996,3
562.96997,3
562.96998,3
562.96999,3
562.97000,3
562.97001,3
562.97002,3
562.97003,3
562.97004,3
562.97005,3
562.97006,3
562.97007,3
562.97008,3
562.97009,3
562.97010,3
562.97011,3
562.97012,3
562.97013,3
562.97014,3
562.97015,3
562.97016,3
562.97017,3
562.97018,3
562.97019,3
562.97020,3
562.97021,3
562.97022,3
562.97023,3
562.97024,3
562.97025,3
562.97026,3
562.97027,3
562.97028,3
562.97029,3
562.97030,3
562.97031,3
562.97032,3
562.97033,3
562.97034,3
562.97035,3
562.97036,3
562.97037,3
562.97038,3
562.97039,3
562.97040,3
562.97041,3
562.97042,3
562.97043,3
562.97044,3
562.97045,3
562.97046,3
562.97047,3
562.97048,3
562.97049,3
562.97050,3
562.97051,3
562.97052,3
562.97053,3
562.97054,3
562.97055,3
562.97056,3
562.97057,3
562.97058,3
562.97059,3
562.97060,3
562.97061,3
562.97062,3
562.97063,3
562.97064,3
562.97065,3
562.97066,3
562.97067,3
562.97068,3
562.97069,3
562.97070,3
562.97071,3
562.97072,3
562.97073,3
562.97074,3
562.97075,3
562.97076,3
562.97077,3
562.97078,3
562.97079,3
562.97080,3
562.97081,3
562.97082,3
562.97083,3
562.97084,3
562.97085,3
562.97086,3
562.97087,3
562.97088,3
562.97089,3
562.97090,3
562.97091,3
562.97092,3
562.97093,3
562.97094,3
562.97095,3
562.97096,3
562.97097,3
562.97098,3
562.97099,3
562.97100,3
562.97101,3
562.97102,3
562.97103,3
562.97104,3
562.97105,3
562.97106,3
562.97107,3
562.97108,3
562.97109,3
562.97110,3
562.97111,3
562.97112,3
562.97113,3
562.97114,3
562.97115,3
562.97116,3
562.97117,3
562.97118,3
562.97119,3
562.97120,3
562.97121,3
562.97122,3
562.97123,3
562.97124,3
562.97125,3
562.97126,3
562.97127,3
562.97128,3
562.97129,3
562.97132,3
562.97133,3
562.97134,3
562.97136,3
562.97137,3
562.97138,3
562.97139,3
562.97140,3
562.97141,3
562.97142,3
562.97143,3
562.97144,3
562.97145,3
562.97146,3
562.97147,3
562.97148,3
562.97149,3
562.97150,3
562.97151,3
562.97152,3
562.97153,3
562.97154,3
562.97155,3
562.97156,3
562.97157,3
562.97158,3
562.97159,3
562.97160,3
562.97161,3
562.97162,3
562.97163,3
562.97164,3
562.97165,3
562.97166,3
562.97167,3
562.97168,3
562.97169,3
562.97170,3
562.97171,3
562.97172,3
562.97173,3
562.97174,3
562.97175,3
562.97176,3
562.97177,3
562.97178,3
562.97179,3
562.97180,3
562.97181,3
562.97182,3
562.97183,3
562.97184,3
562.97185,3
562.97186,3
562.97187,3
562.97188,3
562.97189,3
562.97190,3
562.97191,3
562.97192,3
562.97193,3
562.97194,3
562.97195,3
562.97196,3
562.97197,3
562.97198,3
562.97199,3
562.97200,3
562.97201,3
562.97202,3
562.97203,3
562.97204,3
562.97205,3
562.97206,3
562.97207,3
562.97208,3
562.97209,3
562.97210,3
562.97211,3
562.97212,3
562.97213,3
562.97215,3
562.97216,3
562.97217,3
562.97218,3
562.97219,3
562.97222,3
562.97223,3
562.97224,3
562.97225,3
562.97226,3
562.97227,3
562.97228,3
562.97229,3
562.97230,3
562.97231,3
562.97232,3
562.97233,3
562.97234,3
562.97235,3
562.97236,3
562.97237,3
562.97238,3
562.97239,3
562.97240,3
562.97241,3
562.97242,3
562.97243,3
562.97244,3
562.97245,3
562.97246,3
562.97247,3
562.97248,3
562.97249,3
562.97250,3
562.97251,3
562.97252,3
562.97253,3
562.97254,3
562.97255,3
562.97256,3
562.97257,3
562.97258,3
562.97259,3
562.97260,3
562.97261,3
562.97262,3
562.97263,3
562.97264,3
562.97265,3
562.97266,3
562.97267,3
562.97268,3
562.97269,3
562.97270,3
562.97271,3
562.97272,3
562.97273,3
562.97274,3
562.97275,3
562.97276,3
562.97277,3
562.97278,3
562.97279,3
562.97280,3
562.97281,3
562.97282,3
562.97283,3
562.97284,3
562.97285,3
562.97286,3
562.97287,3
562.97288,3
562.97289,3
562.97290,3
562.97291,3
562.97292,3
562.97293,3
562.97294,3
562.97295,3
562.97296,3
562.97297,3
562.97298,3
562.97299,3
562.97300,3
562.97301,3
562.97302,3
562.97303,3
562.97304,3
562.97305,3
562.97306,3
562.97307,3
562.97308,3
562.97309,3
562.97310,3
562.97311,3
562.97312,3
562.97313,3
562.97314,3
562.97315,3
562.97316,3
562.97317,3
562.97318,3
562.97319,3
562.97320,3
562.97321,3
562.97322,3
562.97323,3
562.97324,3
562.97325,3
562.97326,3
562.97327,3
562.97328,3
562.97329,3
562.97330,3
562.97331,3
562.97332,3
562.97333,3
562.97334,3
562.97335,3
562.97336,3
562.97337,3
562.97338,3
562.97339,3
562.97340,3
562.97341,3
562.97342,3
562.97343,3
562.97344,3
562.97345,3
562.97346,3
562.97347,3
562.97348,3
562.97349,3
562.97350,3
562.97351,3
562.97352,3
562.97353,3
562.97354,3
562.97355,3
562.97356,3
562.97357,3
562.97358,3
562.97359,3
562.97360,3
562.97361,3
562.97362,3
562.97363,3
562.97364,3
562.97365,3
562.97366,3
562.97367,3
562.97368,3
562.97369,3
562.97370,3
562.97371,3
562.97372,3
562.97373,3
562.97374,3
562.97375,3
562.97376,3
562.97377,3
562.97378,3
562.97379,3
562.97380,3
562.97381,3
562.97382,3
562.97383,3
562.97384,3
562.97385,3
562.97386,3
562.97387,3
562.97388,3
562.97389,3
562.97390,3
562.97391,3
562.97392,3
562.97393,3
562.97394,3
562.97395,3
562.97396,3
562.97397,3
562.97398,3
562.97399,3
562.97400,3
562.97401,3
562.97402,3
562.97403,3
562.97404,3
562.97405,3
562.97406,3
562.97407,3
562.97408,3
562.97409,3
562.97410,3
562.97411,3
562.97412,3
562.97413,3
562.97414,3
562.97415,3
562.97416,3
562.97417,3
562.97418,3
562.97419,3
562.97420,3
562.97421,3
562.97422,3
562.97423,3
562.97424,3
562.97425,3
562.97426,3
562.97427,3
562.97428,3
562.97429,3
562.97430,3
562.97431,3
562.97432,3
562.97433,3
562.97434,3
562.97435,3
562.97436,3
562.97437,3
562.97438,3
562.97439,3
562.97440,3
562.97441,3
562.97442,3
562.97443,3
562.97444,3
562.97445,3
562.97446,3
562.97447,3
562.97448,3
562.97449,3
562.97450,3
562.97451,3
562.97452,3
562.97453,3
562.97454,3
562.97455,3
562.97456,3
562.97457,3
562.97458,3
562.97459,3
562.97460,3
562.97461,3
562.97462,3
562.97463,3
562.97464,3
562.97465,3
562.97466,3
562.97467,3
562.97468,3
562.97469,3
562.97470,3
562.97471,3
562.97472,3
562.97473,3
562.97474,3
562.97475,3
562.97476,3
562.97477,3
562.97478,3
562.97479,3
562.97480,3
562.97481,3
562.97482,3
562.97483,3
562.97484,3
562.97485,3
562.97486,3
562.97487,3
562.97488,3
562.97489,3
562.97490,3
562.97491,3
562.97492,3
562.97493,3
562.97494,3
562.97495,3
562.97496,3
562.97497,3
562.97498,3
562.97499,3
562.97500,3
562.97501,3
562.97502,3
562.97503,3
562.97504,3
562.97505,3
562.97506,3
562.97507,3
562.97508,3
562.97509,3
562.97510,3
562.97514,3
562.97515,3
562.97961,3
562.98995,3
562.99254,3
562.99378,3
562.99400,3
562.99406,3
562.99459,3
562.99466,3
562.99469,3
562.99497,3
562.104196,2
562.104201,2
562.104202,2
562.104204,2
562.104205,2
562.104206,2
562.104207,2
562.104208,2
562.104213,2
562.104214,2
562.104216,2
562.104218,2
562.104219,2
562.104220,2
562.104221,2
562.104223,2
562.104224,2
562.104225,2
562.104226,2
562.104229,2
562.104230,2
562.140954,2
562.140955,2
562.140960,2
562.140967,2
562.140969,2
562.140971,2
562.140972,2
562.140973,2
562.140977,2
562.140978,2
562.140982,2
562.140983,2
562.140989,2
562.140990,2
562.140993,2
562.140996,2
562.140997,2
562.141000,2
562.141001,2
562.141003,2
562.141009,2
562.141010,2
562.141014,2
562.141016,2
562.141017,2
562.141030,2
562.141031,2
562.141038,2
562.141046,2
562.141055,2
562.141058,2
562.141062,2
562.141063,2
562.141064,2
562.141065,2
562.141066,2
562.141072,2
562.141073,2
562.141074,2
562.141076,2
562.141078,2
562.141082,2
562.141096,2
562.141102,2
562.141104,2
562.141105,2
562.141106,2
562.141108,2
562.141109,2
562.141114,2
562.141116,2
562.141123,2
562.141125,2
562.141126,2
562.141128,2
562.141129,2
562.141132,2
562.141134,2
562.141137,2
562.141139,2
562.141141,2
562.141142,2
562.141144,2
562.141145,2
562.141146,2
562.141147,2
562.141149,2
562.141151,2
562.141152,2
562.141166,2
562.141193,2
562.141240,2
562.141310,2
562.141349,2
562.141485,2
562.141486,2
562.141493,2
562.141570,2
562.141616,2
562.141631,2
562.141658,2
562.141681,2
562.141804,2
562.141809,2
562.141882,2
562.141885,2
562.141994,2
562.141995,2
562.142195,2
562.142197,2
562.142258,2
562.142329,2
562.142402,2
562.142419,2
562.142430,2
562.142517,2
562.142603,2
562.142684,2
562.142703,2
562.142743,2
562.142751,2
562.142798,2
562.142808,2
562.142809,2
562.142810,2
562.142829,2
562.142831,2
562.142949,2
562.142962,2
562.143052,2
562.143069,2
562.143115,2
562.143130,2
562.143231,2
562.143254,2
562.143335,2
562.143338,2
562.143547,2
562.143557,2
562.143564,2
562.143625,2
562.143651,2
562.143667,2
562.143682,2
562.143748,2
562.143774,2
562.143775,2
562.143986,2
562.143997,2
562.144078,2
562.144104,2
562.144148,2
562.144152,2
562.144153,2
562.144154,2
562.144159,2
562.144169,2
562.144170,2
562.144176,2
562.144179,2
562.144180,2
562.144181,2
562.144184,2
562.144189,2
562.144192,2
562.144197,2
562.144201,2
562.144203,2
562.144207,2
562.144208,2
562.144210,2
562.144220,2
562.144226,2
562.144229,2
562.144245,2
562.144251,2
562.144258,2
562.144261,2
562.144262,2
562.144264,2
562.144266,2
562.144267,2
562.144270,2
562.144271,2
562.144272,2
562.144275,2
562.144276,2
562.144277,2
562.144279,2
562.144280,2
562.144293,2
562.144309,2
562.144312,2
562.144313,2
562.144317,2
562.144323,2
562.144327,2
562.144334,2
562.144335,2
562.144441,2
562.144473,2
562.144503,2
562.144511,2
562.144527,2
562.144546,2
562.144552,2
562.144563,2
562.144626,2
562.144628,2
562.144630,2
562.144642,2
562.144650,2
562.144652,2
562.144657,2
562.144659,2
562.144672,2
562.144679,2
562.144686,2
562.145452,2
562.145462,2
562.145580,2
562.145587,2
562.145593,2
562.145596,2
562.145610,2
562.19177,2
562.19178,2
562.19179,2
562.19180,2
562.19181,2
562.19182,2
562.19183,2
562.19184,2
562.19185,2
562.19186,2
562.19187,2
562.19188,2
562.19189,2
562.19190,2
562.19191,2
562.22828,2
562.22829,2
562.22830,2
562.22831,2
562.22832,2
562.22833,2
562.22834,2
562.22835,2
562.22836,2
562.22837,2
562.22838,2
562.22839,2
562.22840,2
562.22841,2
562.22842,2
562.22843,2
562.22844,2
562.22845,2
562.22846,2
562.22847,2
562.22848,2
562.22849,2
562.22850,2
562.22851,2
562.22852,2
562.22853,2
562.22854,2
562.22855,2
562.22856,2
562.22857,2
562.22858,2
562.22859,2
562.22860,2
562.22861,2
562.22862,2
562.22863,2
562.22864,2
562.22865,2
562.22866,2
562.22867,2
562.22868,2
562.22869,2
562.22870,2
562.22871,2
562.22881,2
562.22882,2
562.22883,2
562.22884,2
562.22885,2
562.22886,2
562.22887,2
562.22888,2
562.22889,2
562.22890,2
562.22891,2
562.22892,2
562.22893,2
562.22894,2
562.22895,2
562.22896,2
562.22897,2
562.22898,2
562.22899,2
562.22900,2
562.22901,2
562.22902,2
562.22903,2
562.22904,2
562.22905,2
562.22906,2
562.22907,2
562.22908,2
562.23135,2
562.23141,2
562.23743,2
562.23783,2
562.23814,2
562.23865,2
562.23913,2
562.28111,2
562.28112,2
562.28113,2
562.28114,2
562.28810,2
562.28811,2
562.28981,2
562.28982,2
562.28997,2
562.28998,2
562.28999,2
562.29000,2
562.29001,2
562.29002,2
562.30304,2
562.30305,2
562.30306,2
562.30307,2
562.30308,2
562.30309,2
562.30310,2
562.45638,2
562.45964,2
562.56761,2
562.56763,2
562.56765,2
562.56768,2
562.56772,2
562.56773,2
562.56774,2
562.56777,2
562.56778,2
562.56779,2
562.56780,2
562.56781,2
562.56784,2
562.56785,2
562.56786,2
562.56788,2
562.56789,2
562.56790,2
562.56791,2
562.56792,2
562.56793,2
562.56795,2
562.56796,2
562.56797,2
562.56798,2
562.56799,2
562.56800,2
562.56803,2
562.56804,2
562.56805,2
562.56806,2
562.56808,2
562.56809,2
562.56810,2
562.56811,2
562.56812,2
562.56814,2
562.56815,2
562.56816,2
562.56817,2
562.56818,2
562.56819,2
562.56820,2
562.56821,2
562.56822,2
562.56823,2
562.56824,2
562.56825,2
562.56826,2
562.56827,2
562.56828,2
562.56830,2
562.56831,2
562.56832,2
562.56833,2
562.56834,2
562.56835,2
562.56836,2
562.56837,2
562.56838,2
562.56839,2
562.56844,2
562.56846,2
562.56852,2
562.56853,2
562.56856,2
562.56857,2
562.56858,2
562.56859,2
562.56860,2
562.56861,2
562.56862,2
562.56863,2
562.56864,2
562.56865,2
562.56866,2
562.56868,2
562.56869,2
562.56871,2
562.56873,2
562.56874,2
562.56875,2
562.56876,2
562.56877,2
562.56878,2
562.56879,2
562.56880,2
562.56881,2
562.56882,2
562.56883,2
562.56884,2
562.56885,2
562.56886,2
562.56887,2
562.56888,2
562.56889,2
562.56890,2
562.56891,2
562.56892,2
562.56894,2
562.56895,2
562.56896,2
562.56897,2
562.56898,2
562.56899,2
562.56901,2
562.56902,2
562.56903,2
562.56905,2
562.56907,2
562.56908,2
562.56909,2
562.56910,2
562.56911,2
562.56912,2
562.56913,2
562.56914,2
562.56915,2
562.56916,2
562.56917,2
562.56918,2
562.56919,2
562.56920,2
562.56921,2
562.56922,2
562.96426,2
562.96436,2
562.96437,2
562.96440,2
562.96583,2
562.96746,2
562.96747,2
562.96750,2
562.96753,2
562.96813,2
562.97130,2
562.97131,2
562.97135,2
562.97214,2
562.97220,2
562.97221,2
562.104197,1
562.104203,1
562.104209,1
562.104210,1
562.104212,1
562.104222,1
562.104227,1
562.104228,1
562.141008,1
562.141035,1
562.141042,1
562.141056,1
562.141107,1
562.141135,1
562.141136,1
562.141148,1
562.144399,1
562.144400,1
562.144401,1
562.144402,1
562.144403,1
562.144404,1
562.144405,1
562.144406,1
562.144407,1
562.144408,1
562.144409,1
562.144410,1
562.144411,1
562.144412,1
562.144413,1
562.144414,1
562.144415,1
562.144416,1
562.144417,1
562.144418,1
562.144419,1
562.144420,1
562.144421,1
562.144422,1
562.144423,1
562.144424,1
562.144425,1
562.144426,1
562.144427,1
562.144428,1
562.144429,1
562.144430,1
562.144431,1
562.144450,1
562.144507,1
562.144648,1
562.144668,1
562.17733,1
562.64824,1
562.64825,1
562.64826,1
562.64827,1
562.64828,1
562.64829,1
562.64830,1
562.64831,1
562.64832,1
562.64833,1
562.64834,1
562.64835,1
562.64836,1
562.64837,1
562.64838,1
562.64839,1
562.64840,1
562.64841,1
562.64842,1
562.64843,1
562.64844,1
562.64845,1
562.64846,1
562.64847,1
562.64848,1
562.64849,1
562.64850,1
562.64851,1
562.64852,1
562.64853,1
562.64854,1
562.64855,1
562.64856,1
562.64857,1
562.64858,1
562.64859,1
562.64860,1
562.64861,1
562.64862,1
562.64863,1
562.64864,1
562.64865,1
562.64866,1
562.64867,1
562.64868,1
562.64869,1
562.64870,1
562.64871,1
562.64872,1
562.64873,1
562.64874,1
562.64875,1
562.64876,1
562.64877,1
562.64878,1
562.64879,1
562.64880,1
562.64881,1
562.64882,1
562.64883,1
562.64884,1
562.64885,1
562.64886,1
562.64887,1
562.64888,1
562.64889,1
562.64890,1
562.64891,1
562.64892,1
562.64893,1
562.64894,1
562.64895,1
562.64896,1
562.64897,1
562.64898,1
562.64899,1
562.64900,1
562.64901,1
562.64902,1
562.64903,1
562.64904,1
562.64905,1
562.64906,1
562.64907,1
562.64908,1
562.64909,1
562.64910,1
562.64911,1
562.64912,1
562.64913,1
562.64914,1
562.64915,1
562.64916,1
562.64917,1
562.64918,1
562.64919,1
562.64920,1
562.64921,1
562.64922,1
562.64923,1
562.64924,1
562.64925,1
562.64926,1
562.64927,1
562.64928,1
562.64929,1
562.64930,1
562.64931,1
562.64932,1
562.64933,1
562.64934,1
562.64935,1
562.64936,1
562.64937,1
562.64938,1
562.64939,1
562.64940,1
562.64941,1
562.64942,1
562.64943,1
562.64944,1
562.64945,1
562.64946,1
562.64947,1
562.64948,1
562.64949,1
562.64950,1
562.64951,1
562.64952,1
562.64953,1
562.64954,1
562.64955,1
562.64956,1
562.64957,1
562.64958,1
562.64959,1
562.64960,1
562.64961,1
562.64962,1
562.64963,1
562.64964,1
562.64965,1
562.64966,1
562.64967,1
562.64968,1
562.64969,1
562.64970,1
562.64971,1
562.64972,1
562.64973,1
562.64974,1
562.64975,1
562.64976,1
562.64977,1
562.64978,1
562.64979,1
562.64980,1
562.64981,1
562.64982,1
562.64983,1
562.64984,1
562.64985,1
562.64986,1
562.64987,1
562.64988,1
562.64989,1
562.64990,1
562.64991,1
562.64992,1
562.64993,1
562.64994,1
562.64995,1
562.64996,1
562.64997,1
562.64998,1
562.64999,1
562.65000,1
562.65001,1
562.65002,1
562.65003,1
562.65004,1
562.65005,1
562.65006,1
562.65007,1
562.65008,1
562.65009,1
562.65010,1
562.65011,1
562.65012,1
562.65013,1
562.65014,1
562.65015,1
562.65016,1
562.65017,1
562.65018,1
562.65019,1
562.65020,1
562.65021,1
562.65022,1
562.65023,1
562.65024,1
562.65025,1
562.65026,1
562.65027,1
562.65028,1
562.65029,1
562.65030,1
562.65031,1
562.65032,1
562.65033,1
562.65034,1
562.65035,1
562.65036,1
562.65037,1
562.65038,1
562.65039,1
562.65040,1
562.65041,1
562.65042,1
562.65043,1
562.65044,1
562.65045,1
562.65046,1
562.65047,1
562.65048,1
562.65049,1
562.65050,1
562.65051,1
562.65052,1
562.65053,1
562.65054,1
562.65055,1
562.65056,1
562.65057,1
562.65058,1
562.65059,1
562.65060,1
562.65061,1
562.65062,1
562.65063,1
562.65064,1
562.65065,1
562.65066,1
562.65067,1
562.65068,1
562.65069,1
562.65070,1
562.65071,1
562.65072,1
562.65073,1
562.65074,1
562.65075,1
562.65076,1
562.65077,1
562.65078,1
562.65079,1
562.65080,1
562.65081,1
562.65082,1
562.65083,1
562.65084,1
562.65085,1
562.65086,1
562.65087,1
562.65088,1
562.65089,1
562.65090,1
562.65091,1
562.65092,1
562.65093,1
562.65094,1
562.65095,1
562.65097,1
562.65098,1
562.65099,1
562.65100,1
562.65102,1
562.65103,1
562.65104,1
562.65105,1
562.65106,1
562.65107,1
562.65108,1
562.65109,1
562.65110,1
562.65111,1
562.65112,1
562.65113,1
562.65114,1
562.65115,1
562.65116,1
562.65117,1
562.65118,1
562.65119,1
562.65120,1
562.65121,1
562.65122,1
562.65123,1
562.65124,1
562.65125,1
562.65126,1
562.65127,1
562.65128,1
562.65129,1
562.65130,1
562.65131,1
562.65132,1
562.65133,1
562.65134,1
562.65135,1
562.65136,1
562.65137,1
562.65138,1
562.65139,1
562.65140,1
562.65141,1
562.65142,1
562.65143,1
562.65144,1
562.65145,1
562.65146,1
562.65147,1
562.65148,1
562.65149,1
562.65150,1
562.65151,1
562.65152,1
562.65153,1
562.65154,1
562.65155,1
562.65156,1
562.65157,1
562.65158,1
562.65159,1
562.65160,1
562.65161,1
562.65162,1
562.65163,1
562.65164,1
562.65166,1
562.65167,1
562.65168,1
562.65169,1
562.65170,1
562.65171,1
562.65172,1
562.65173,1
562.65174,1
562.65175,1
562.65178,1
562.65180,1
562.65181,1
562.65182,1
562.65183,1
562.65184,1
562.65185,1
562.65186,1
562.65187,1
562.65188,1
562.65189,1
562.65193,1
562.65196,1
562.65197,1
562.65198,1
562.65199,1
562.65200,1
562.65201,1
562.65202,1
562.65203,1
562.65204,1
562.65205,1
562.65206,1
562.65207,1
562.65208,1
562.65209,1
562.65210,1
562.65211,1
562.65212,1
562.65213,1
562.65214,1
562.65215,1
562.65216,1
562.65217,1
562.65218,1
562.65219,1
562.65220,1
562.65221,1
562.65222,1
562.65223,1
562.65224,1
562.65225,1
562.65226,1
562.65227,1
562.65228,1
562.65229,1
562.65230,1
562.65231,1
562.65232,1
562.65233,1
562.65234,1
562.65235,1
562.65236,1
562.65237,1
562.65238,1
562.65239,1
562.65240,1
562.65241,1
562.65242,1
562.65243,1
562.65244,1
562.65245,1
562.65246,1
562.65247,1
562.65248,1
562.65249,1
562.65250,1
562.65251,1
562.65252,1
562.65253,1
562.65254,1
562.65255,1
562.65256,1
562.65257,1
562.65258,1
562.65259,1
562.65260,1
562.65261,1
562.65262,1
562.65263,1
562.65264,1
562.65265,1
562.65266,1
562.65267,1
562.65268,1
562.65269,1
562.65270,1
562.65271,1
562.65272,1
562.65273,1
562.65274,1
562.65275,1
562.65276,1
562.65277,1
562.65278,1
562.65279,1
562.65280,1
562.65281,1
562.65282,1
562.65283,1
562.65284,1
562.65285,1
562.65286,1
562.65287,1
562.65288,1
562.65289,1
562.65290,1
562.65291,1
562.65292,1
562.65293,1
562.65294,1
562.65295,1
562.65296,1
562.65297,1
562.65298,1
562.65299,1
562.65300,1
562.65301,1
562.65302,1
562.65303,1
562.65304,1
562.65305,1
562.65306,1
562.65307,1
562.65308,1
562.65309,1
562.65310,1
562.65311,1
562.65312,1
562.65313,1
562.65314,1
562.65315,1
562.65316,1
562.65317,1
562.65318,1
562.65319,1
562.65320,1
562.65321,1
562.65322,1
562.65323,1
562.65324,1
562.65325,1
562.65326,1
562.65327,1
562.65328,1
562.65329,1
562.65330,1
562.65331,1
562.65332,1
562.65333,1
562.65334,1
562.65335,1
562.65336,1
562.65337,1
562.65338,1
562.65339,1
562.65340,1
562.65341,1
562.65342,1
562.65343,1
562.65344,1
562.65345,1
562.65346,1
562.65347,1
562.65348,1
562.65349,1
562.65350,1
562.65351,1
562.65352,1
562.65353,1
562.65354,1
562.65355,1
562.65356,1
562.65357,1
562.65358,1
562.65359,1
562.65360,1
562.65361,1
562.65362,1
562.65363,1
562.65364,1
562.65365,1
562.65366,1
562.65367,1
562.65368,1
562.65369,1
562.65370,1
562.65371,1
562.65372,1
562.65373,1
562.65374,1
562.65375,1
562.65376,1
562.65377,1
562.65378,1
562.65379,1
562.65380,1
562.65381,1
562.65382,1
562.65383,1
562.65384,1
562.65385,1
562.65386,1
562.65387,1
562.65388,1
562.65389,1
562.65390,1
562.65391,1
562.65392,1
562.65393,1
562.65395,1
562.65396,1
562.65397,1
562.65398,1
562.65399,1
562.65400,1
562.65401,1
562.65402,1
562.65403,1
562.65404,1
562.65405,1
562.65406,1
562.65407,1
562.65408,1
562.65409,1
562.65410,1
562.65411,1
562.65412,1
562.65413,1
562.65414,1
562.65415,1
562.65416,1
562.65417,1
562.65418,1
562.65419,1
562.65420,1
562.65421,1
562.65422,1
562.65423,1
562.65424,1
562.65425,1
562.65426,1
562.65427,1
562.65428,1
562.65429,1
562.65430,1
562.65431,1
562.65432,1
562.65433,1
562.65434,1
562.65435,1
562.65436,1
562.65437,1
562.65438,1
562.65439,1
562.65440,1
562.65441,1
562.65442,1
562.65443,1
562.65444,1
562.65445,1
562.65446,1
562.65447,1
562.65448,1
562.65449,1
562.65450,1
562.65451,1
562.65452,1
562.65453,1
562.65454,1
562.65455,1
562.65456,1
562.65457,1
562.65458,1
562.65459,1
562.65460,1
562.65461,1
562.65462,1
562.65463,1
562.65464,1
562.65465,1
562.65466,1
562.65467,1
562.65468,1
562.65469,1
562.65470,1
562.65471,1
562.65472,1
562.65473,1
562.65474,1
562.65475,1
562.65476,1
562.65477,1
562.65478,1
562.65479,1
562.65480,1
562.65481,1
562.65482,1
562.65483,1
562.65484,1
562.65485,1
562.65486,1
562.65487,1
562.65488,1
562.65489,1
562.65490,1
562.65491,1
562.65492,1
562.65493,1
562.65494,1
562.65495,1
562.65496,1
562.65497,1
562.65498,1
562.65499,1
562.65500,1
562.65501,1
562.65502,1
562.65503,1
562.65504,1
562.65505,1
562.65506,1
562.65507,1
562.65508,1
562.65509,1
562.65510,1
562.65511,1
562.65512,1
562.65513,1
562.65514,1
562.65515,1
562.65516,1
562.65517,1
562.65518,1
562.65519,1
562.65520,1
562.65521,1
562.65522,1
562.65523,1
562.65524,1
562.65525,1
562.65526,1
562.65527,1
562.65528,1
562.65529,1
562.65530,1
562.65531,1
562.65532,1
562.65533,1
562.65534,1
562.65535,1
562.65536,1
562.65537,1
562.65538,1
562.65539,1
562.65540,1
562.65541,1
562.65542,1
562.65543,1
562.65544,1
562.65545,1
562.65546,1
562.65547,1
562.65548,1
562.65549,1
562.65550,1
562.65551,1
562.65552,1
562.65553,1
562.65554,1
562.65555,1
562.65556,1
562.65557,1
562.65558,1
562.65559,1
562.65560,1
562.65561,1
562.65562,1
562.65563,1
562.65564,1
562.65565,1
562.65566,1
562.65567,1
562.65568,1
562.65569,1
562.65570,1
562.65571,1
562.65572,1
562.65573,1
562.65574,1
562.65575,1
562.65576,1
562.65577,1
562.65578,1
562.65579,1
562.65580,1
562.65581,1
562.65583,1
562.65584,1
562.65585,1
562.65586,1
562.65587,1
562.65588,1
562.65589,1
562.65590,1
562.65593,1
562.65594,1
562.65595,1
562.65596,1
562.65597,1
562.65598,1
562.65599,1
562.65600,1
562.65601,1
562.65602,1
562.65603,1
562.65604,1
562.65605,1
562.65606,1
562.65607,1
562.65608,1
562.65609,1
562.65610,1
562.65611,1
562.65612,1
562.65613,1
562.65614,1
562.65615,1
562.65616,1
562.65617,1
562.65618,1
562.65619,1
562.65620,1
562.65621,1
562.65622,1
562.65623,1
562.65624,1
562.65625,1
562.65626,1
562.65627,1
562.65628,1
562.65629,1
562.65630,1
562.65631,1
562.65632,1
562.65633,1
562.65634,1
562.65635,1
562.65636,1
562.65637,1
562.65638,1
562.65639,1
562.65640,1
562.65641,1
562.65642,1
562.65643,1
562.65644,1
562.65645,1
562.65646,1
562.65647,1
562.65648,1
562.65649,1
562.65650,1
562.65651,1
562.65652,1
562.65653,1
562.65654,1
562.65655,1
562.65656,1
562.65657,1
562.65658,1
562.65659,1
562.65660,1
562.65661,1
562.65662,1
562.65663,1
562.65664,1
562.65665,1
562.65666,1
562.65667,1
562.65668,1
562.65669,1
562.65670,1
562.65671,1
562.65672,1
562.65673,1
562.65674,1
562.65675,1
562.65676,1
562.65677,1
562.65678,1
562.65679,1
562.65680,1
562.65681,1
562.65682,1
562.65683,1
562.65684,1
562.65685,1
562.65686,1
562.65687,1
562.65688,1
562.65689,1
562.65690,1
562.65691,1
562.65692,1
562.65693,1
562.65694,1
562.65695,1
562.65696,1
562.65697,1
562.65698,1
562.65699,1
562.65700,1
562.65701,1
562.65702,1
562.65703,1
562.65704,1
562.65705,1
562.65706,1
562.65707,1
562.65708,1
562.65709,1
562.65710,1
562.65711,1
562.65712,1
562.65713,1
562.65714,1
562.65715,1
562.65716,1
562.65717,1
562.65718,1
562.65719,1
562.65720,1
562.65721,1
562.65722,1
562.65723,1
562.65724,1
562.65725,1
562.65726,1
562.65727,1
562.65728,1
562.65729,1
562.65730,1
562.65731,1
562.65732,1
562.65733,1
562.65734,1
562.65735,1
562.65736,1
562.65737,1
562.65738,1
562.65739,1
562.65740,1
562.65741,1
562.65742,1
562.65743,1
562.65744,1
562.65745,1
562.65746,1
562.65747,1
562.65748,1
562.65749,1
562.65750,1
562.65751,1
562.65752,1
562.65753,1
562.65754,1
562.65755,1
562.65756,1
562.65757,1
562.65758,1
562.65759,1
562.65760,1
562.65761,1
562.65762,1
562.65763,1
562.65764,1
562.65765,1
562.65921,1
