genome_id,ampicillin,cefotaxime,ciprofloxacin,gentamicin,trimethoprim/sulfamethoxazole
562.100000,1.0,0.0,,0.0,1.0
562.100001,1.0,,0.0,0.0,1.0
562.100002,1.0,0.0,0.0,0.0,1.0
562.100003,0.0,0.0,0.0,0.0,0.0
562.100004,0.0,0.0,0.0,,0.0
562.100005,1.0,0.0,0.0,0.0,0.0
562.100006,1.0,0.0,0.0,0.0,0.0
562.100007,1.0,0.0,0.0,0.0,1.0
562.100008,1.0,0.0,0.0,0.0,0.0
562.100009,1.0,1.0,0.0,0.0,1.0
562.100010,0.0,0.0,0.0,0.0,0.0
562.100011,1.0,0.0,0.0,0.0,0.0
562.100012,0.0,0.0,0.0,0.0,0.0
562.100013,0.0,0.0,0.0,0.0,0.0
562.100014,1.0,0.0,1.0,0.0,1.0
562.100015,1.0,0.0,0.0,0.0,1.0
562.100016,0.0,0.0,0.0,0.0,0.0
562.100017,0.0,0.0,0.0,0.0,0.0
562.100018,1.0,1.0,1.0,0.0,1.0
562.100019,1.0,0.0,0.0,0.0,0.0
562.100020,0.0,0.0,0.0,0.0,0.0
562.100021,0.0,0.0,0.0,0.0,0.0
562.100022,1.0,0.0,0.0,0.0,0.0
562.100023,1.0,1.0,1.0,1.0,1.0
562.100024,0.0,0.0,0.0,0.0,0.0
562.100025,1.0,0.0,0.0,0.0,1.0
562.100026,0.0,0.0,0.0,0.0,0.0
562.100027,1.0,0.0,0.0,0.0,0.0
562.100028,1.0,0.0,0.0,0.0,0.0
562.100029,1.0,0.0,0.0,0.0,0.0
562.100030,1.0,0.0,0.0,0.0,0.0
562.100031,1.0,0.0,0.0,0.0,1.0
562.100032,1.0,0.0,0.0,0.0,0.0
562.100033,0.0,0.0,0.0,0.0,1.0
562.100034,1.0,0.0,0.0,0.0,0.0
562.100035,0.0,0.0,0.0,0.0,0.0
562.100036,0.0,0.0,0.0,0.0,0.0
562.100037,1.0,0.0,0.0,0.0,1.0
562.100038,1.0,0.0,0.0,0.0,0.0
562.100039,0.0,0.0,0.0,0.0,0.0
562.100040,0.0,0.0,0.0,0.0,1.0
562.100041,0.0,0.0,0.0,0.0,0.0
562.100042,1.0,0.0,0.0,0.0,0.0
562.100043,1.0,0.0,0.0,0.0,1.0
562.100044,1.0,1.0,1.0,0.0,1.0
562.100045,1.0,0.0,0.0,0.0,1.0
562.100046,0.0,0.0,0.0,0.0,0.0
562.100047,0.0,0.0,0.0,0.0,0.0
562.100048,1.0,0.0,0.0,0.0,1.0
562.100049,0.0,0.0,0.0,0.0,1.0
562.100050,1.0,1.0,1.0,1.0,1.0
562.100051,0.0,0.0,0.0,0.0,0.0
562.100052,1.0,0.0,0.0,0.0,1.0
562.100053,0.0,0.0,0.0,0.0,0.0
562.100054,0.0,0.0,0.0,0.0,0.0
562.100055,1.0,0.0,1.0,0.0,0.0
562.100056,0.0,0.0,0.0,0.0,0.0
562.100057,0.0,0.0,0.0,0.0,0.0
562.100058,1.0,0.0,0.0,1.0,1.0
562.100059,1.0,1.0,0.0,1.0,1.0
562.100060,0.0,0.0,0.0,0.0,0.0
562.100061,1.0,1.0,1.0,0.0,1.0
562.100062,1.0,0.0,0.0,0.0,0.0
562.100063,0.0,0.0,0.0,0.0,0.0
562.100064,0.0,0.0,0.0,0.0,0.0
562.100065,0.0,0.0,0.0,0.0,0.0
562.100066,0.0,0.0,0.0,0.0,0.0
562.100067,0.0,0.0,0.0,0.0,0.0
562.100068,1.0,0.0,0.0,0.0,0.0
562.100069,0.0,0.0,0.0,0.0,0.0
562.100070,0.0,0.0,0.0,0.0,0.0
562.100071,1.0,0.0,0.0,0.0,0.0
562.100072,0.0,0.0,0.0,0.0,0.0
562.100073,1.0,0.0,0.0,0.0,0.0
562.100074,1.0,0.0,,0.0,0.0
562.100075,0.0,0.0,0.0,0.0,0.0
562.100076,0.0,0.0,0.0,0.0,0.0
562.100077,0.0,0.0,0.0,0.0,1.0
562.100078,0.0,0.0,0.0,0.0,0.0
562.100079,1.0,0.0,0.0,0.0,0.0
562.100080,0.0,0.0,0.0,0.0,0.0
562.100081,0.0,0.0,0.0,,0.0
562.100082,1.0,0.0,1.0,0.0,1.0
562.100083,0.0,0.0,1.0,0.0,1.0
562.100084,1.0,0.0,1.0,1.0,0.0
562.100085,1.0,0.0,0.0,0.0,1.0
562.100086,0.0,0.0,0.0,0.0,0.0
562.100087,0.0,0.0,0.0,0.0,0.0
562.100088,1.0,0.0,0.0,0.0,1.0
562.100089,1.0,0.0,0.0,0.0,0.0
562.100090,0.0,0.0,0.0,0.0,0.0
562.100091,0.0,0.0,0.0,0.0,0.0
562.100092,0.0,0.0,0.0,0.0,1.0
562.100093,0.0,0.0,0.0,0.0,0.0
562.100094,0.0,0.0,0.0,0.0,0.0
562.100095,0.0,0.0,0.0,0.0,0.0
562.100096,0.0,0.0,0.0,0.0,0.0
562.100097,0.0,0.0,0.0,0.0,0.0
562.100098,0.0,0.0,0.0,0.0,0.0
562.100099,0.0,0.0,0.0,0.0,0.0
562.100100,1.0,0.0,0.0,1.0,1.0
562.100101,0.0,0.0,0.0,0.0,0.0
562.100102,0.0,0.0,0.0,0.0,0.0
562.100103,1.0,0.0,0.0,0.0,0.0
562.100104,1.0,0.0,0.0,0.0,0.0
562.100105,0.0,0.0,0.0,0.0,0.0
562.100106,0.0,0.0,0.0,0.0,0.0
562.100107,0.0,0.0,0.0,0.0,0.0
562.100108,0.0,0.0,0.0,0.0,0.0
562.100109,1.0,1.0,0.0,0.0,1.0
562.100110,0.0,0.0,0.0,0.0,0.0
562.100111,0.0,0.0,0.0,0.0,0.0
562.100112,0.0,0.0,0.0,0.0,0.0
562.100113,0.0,0.0,0.0,0.0,0.0
562.100114,1.0,1.0,1.0,1.0,1.0
562.100115,0.0,0.0,0.0,0.0,0.0
562.100116,1.0,0.0,1.0,1.0,1.0
562.100117,1.0,0.0,1.0,1.0,1.0
562.100118,0.0,0.0,0.0,0.0,0.0
562.100119,1.0,1.0,1.0,,1.0
562.100120,0.0,0.0,0.0,0.0,0.0
562.100121,1.0,0.0,1.0,1.0,0.0
562.100122,1.0,0.0,0.0,0.0,0.0
562.100123,1.0,0.0,1.0,0.0,1.0
562.100124,0.0,0.0,1.0,0.0,0.0
562.100125,0.0,0.0,0.0,0.0,0.0
562.100126,0.0,0.0,0.0,0.0,0.0
562.100127,0.0,0.0,0.0,0.0,0.0
562.100128,0.0,0.0,0.0,0.0,0.0
562.100129,1.0,0.0,0.0,0.0,0.0
562.100130,1.0,1.0,0.0,0.0,0.0
562.100131,0.0,0.0,0.0,0.0,0.0
562.100132,0.0,,0.0,0.0,0.0
562.100133,0.0,0.0,0.0,0.0,0.0
562.100134,0.0,0.0,0.0,0.0,0.0
562.100135,1.0,0.0,0.0,0.0,1.0
562.100136,1.0,0.0,0.0,0.0,0.0
562.100137,0.0,0.0,0.0,0.0,0.0
562.100138,1.0,0.0,0.0,0.0,1.0
562.100139,1.0,0.0,1.0,1.0,0.0
562.100140,0.0,0.0,0.0,0.0,0.0
562.100141,0.0,0.0,0.0,0.0,0.0
562.100142,0.0,0.0,0.0,0.0,0.0
562.100143,1.0,0.0,1.0,1.0,1.0
562.100144,1.0,0.0,0.0,0.0,1.0
562.100145,1.0,0.0,0.0,0.0,1.0
562.100146,0.0,0.0,0.0,0.0,0.0
562.100147,1.0,0.0,,1.0,0.0
562.100148,0.0,0.0,0.0,0.0,1.0
562.100149,0.0,0.0,0.0,0.0,0.0
562.100150,0.0,0.0,0.0,0.0,0.0
562.100151,1.0,0.0,,0.0,1.0
562.100152,0.0,0.0,0.0,0.0,0.0
562.100153,1.0,0.0,0.0,0.0,1.0
562.100154,1.0,0.0,0.0,0.0,0.0
562.100155,1.0,0.0,0.0,0.0,0.0
562.100156,0.0,0.0,0.0,0.0,0.0
562.100157,0.0,0.0,0.0,0.0,1.0
562.100158,0.0,0.0,0.0,0.0,0.0
562.100159,0.0,0.0,0.0,0.0,0.0
562.100160,1.0,1.0,0.0,1.0,1.0
562.100161,1.0,0.0,,0.0,1.0
562.100162,1.0,0.0,0.0,0.0,0.0
562.100163,1.0,0.0,0.0,0.0,1.0
562.100164,1.0,0.0,0.0,0.0,0.0
562.100165,1.0,0.0,0.0,0.0,0.0
562.100166,0.0,0.0,0.0,0.0,0.0
562.100167,0.0,0.0,0.0,0.0,1.0
562.100168,0.0,0.0,0.0,0.0,0.0
562.100169,1.0,0.0,0.0,0.0,1.0
562.100170,1.0,0.0,0.0,0.0,1.0
562.100171,0.0,0.0,0.0,0.0,0.0
562.100172,0.0,0.0,0.0,0.0,0.0
562.100173,1.0,0.0,1.0,0.0,1.0
562.100174,0.0,0.0,0.0,0.0,0.0
562.100175,1.0,0.0,0.0,0.0,0.0
562.100176,0.0,0.0,0.0,0.0,0.0
562.100177,0.0,0.0,0.0,0.0,0.0
562.100178,1.0,0.0,0.0,0.0,0.0
562.100179,1.0,0.0,0.0,0.0,1.0
562.100180,0.0,0.0,0.0,0.0,0.0
562.100181,0.0,0.0,0.0,0.0,0.0
562.100182,1.0,0.0,0.0,0.0,0.0
562.100183,1.0,1.0,1.0,1.0,1.0
562.100184,0.0,0.0,0.0,0.0,1.0
562.100185,1.0,0.0,0.0,0.0,1.0
562.100186,1.0,0.0,0.0,0.0,1.0
562.100187,0.0,0.0,0.0,0.0,0.0
562.100188,0.0,0.0,0.0,0.0,0.0
562.100189,1.0,0.0,0.0,0.0,1.0
562.100190,0.0,0.0,0.0,0.0,0.0
562.100191,0.0,0.0,0.0,0.0,0.0
562.100192,1.0,1.0,1.0,1.0,1.0
562.100193,1.0,0.0,0.0,0.0,0.0
562.100194,0.0,0.0,0.0,0.0,0.0
562.100195,0.0,0.0,0.0,0.0,0.0
562.100196,0.0,0.0,0.0,0.0,0.0
562.100197,1.0,0.0,0.0,0.0,0.0
562.100198,0.0,0.0,0.0,0.0,0.0
562.100199,0.0,0.0,0.0,0.0,0.0
562.100200,0.0,0.0,0.0,0.0,0.0
562.100201,1.0,0.0,0.0,0.0,0.0
562.100202,0.0,0.0,0.0,0.0,1.0
562.100203,0.0,0.0,0.0,0.0,0.0
562.100204,0.0,0.0,0.0,0.0,0.0
562.100205,1.0,1.0,1.0,0.0,1.0
562.100206,1.0,0.0,1.0,1.0,1.0
562.100207,1.0,0.0,0.0,0.0,
562.100208,1.0,,0.0,0.0,0.0
562.100209,1.0,0.0,1.0,1.0,0.0
562.100210,0.0,0.0,0.0,0.0,0.0
562.100211,0.0,0.0,0.0,0.0,0.0
562.100212,0.0,0.0,0.0,0.0,0.0
562.100213,0.0,0.0,0.0,0.0,0.0
562.100214,0.0,0.0,0.0,0.0,0.0
562.100215,0.0,0.0,0.0,0.0,0.0
562.100216,0.0,0.0,0.0,0.0,0.0
562.100217,1.0,0.0,0.0,0.0,0.0
562.100218,1.0,1.0,1.0,1.0,1.0
562.100219,0.0,0.0,0.0,0.0,0.0
562.100220,1.0,0.0,0.0,0.0,0.0
562.100221,0.0,0.0,0.0,0.0,0.0
562.100222,1.0,0.0,0.0,0.0,1.0
562.100223,0.0,0.0,0.0,0.0,0.0
562.100224,0.0,0.0,0.0,0.0,0.0
562.100225,0.0,0.0,0.0,0.0,0.0
562.100226,1.0,0.0,0.0,0.0,0.0
562.100227,0.0,0.0,0.0,0.0,0.0
562.100228,0.0,0.0,0.0,0.0,0.0
562.100229,0.0,0.0,0.0,0.0,0.0
562.100230,0.0,0.0,0.0,0.0,0.0
562.100231,1.0,0.0,0.0,0.0,1.0
562.100232,1.0,0.0,1.0,1.0,0.0
562.100233,1.0,0.0,0.0,0.0,1.0
562.100234,1.0,0.0,0.0,0.0,0.0
562.100235,0.0,0.0,0.0,0.0,0.0
562.100236,1.0,0.0,0.0,1.0,1.0
562.100237,1.0,0.0,0.0,0.0,0.0
562.100238,0.0,0.0,0.0,0.0,0.0
562.100239,1.0,0.0,0.0,0.0,0.0
562.100240,1.0,0.0,0.0,0.0,0.0
562.100241,0.0,0.0,0.0,0.0,0.0
562.100242,0.0,0.0,0.0,0.0,0.0
562.100243,0.0,0.0,0.0,0.0,0.0
562.100244,1.0,0.0,0.0,0.0,0.0
562.100245,1.0,0.0,0.0,0.0,1.0
562.100246,0.0,0.0,0.0,0.0,0.0
562.100247,1.0,0.0,0.0,0.0,0.0
562.100248,0.0,0.0,0.0,0.0,0.0
562.100249,1.0,0.0,0.0,0.0,1.0
562.100250,0.0,0.0,0.0,0.0,0.0
562.100251,0.0,0.0,0.0,0.0,0.0
562.100252,1.0,0.0,0.0,0.0,1.0
562.100253,1.0,0.0,0.0,0.0,0.0
562.100254,1.0,0.0,0.0,0.0,0.0
562.100255,0.0,0.0,0.0,0.0,0.0
562.100256,1.0,0.0,0.0,0.0,1.0
562.100257,0.0,0.0,0.0,0.0,0.0
562.100258,0.0,0.0,0.0,0.0,0.0
562.100259,1.0,0.0,0.0,0.0,0.0
562.100260,0.0,0.0,0.0,0.0,0.0
562.100261,1.0,0.0,0.0,0.0,0.0
562.100262,0.0,0.0,1.0,0.0,0.0
562.100263,1.0,1.0,1.0,1.0,1.0
562.100264,1.0,0.0,1.0,1.0,1.0
562.100265,0.0,0.0,0.0,0.0,0.0
562.100266,1.0,0.0,0.0,0.0,1.0
562.100267,0.0,0.0,0.0,0.0,0.0
562.100268,1.0,0.0,0.0,0.0,1.0
562.100269,1.0,0.0,0.0,,1.0
562.100270,0.0,0.0,0.0,0.0,1.0
562.100271,0.0,0.0,0.0,0.0,0.0
562.100272,0.0,0.0,0.0,0.0,0.0
562.100273,0.0,0.0,0.0,0.0,0.0
562.100274,0.0,0.0,0.0,0.0,0.0
562.100275,1.0,0.0,0.0,0.0,1.0
562.100276,0.0,0.0,0.0,0.0,0.0
562.100277,0.0,0.0,0.0,0.0,0.0
562.100278,1.0,1.0,1.0,1.0,1.0
562.100279,0.0,0.0,0.0,0.0,0.0
562.100280,0.0,0.0,0.0,0.0,0.0
562.100281,1.0,0.0,0.0,0.0,0.0
562.100282,1.0,0.0,0.0,0.0,1.0
562.100283,1.0,0.0,0.0,0.0,0.0
562.100284,1.0,0.0,0.0,0.0,1.0
562.100285,1.0,0.0,0.0,0.0,0.0
562.100286,0.0,,0.0,0.0,0.0
562.100287,0.0,0.0,0.0,0.0,0.0
562.100288,0.0,0.0,0.0,0.0,0.0
562.100289,0.0,0.0,0.0,0.0,0.0
562.100290,1.0,0.0,0.0,0.0,0.0
562.100291,1.0,0.0,1.0,0.0,0.0
562.100292,0.0,0.0,0.0,0.0,0.0
562.100293,0.0,0.0,0.0,0.0,0.0
562.100294,0.0,0.0,0.0,0.0,0.0
562.100295,1.0,0.0,0.0,0.0,1.0
562.100296,0.0,0.0,0.0,0.0,0.0
562.100297,0.0,0.0,0.0,0.0,0.0
562.100298,0.0,0.0,0.0,0.0,0.0
562.100299,0.0,0.0,0.0,0.0,0.0
562.100300,1.0,,0.0,0.0,
562.100301,0.0,0.0,0.0,0.0,0.0
562.100302,0.0,0.0,0.0,0.0,0.0
562.100303,1.0,0.0,0.0,0.0,1.0
562.100304,0.0,0.0,0.0,0.0,0.0
562.100305,1.0,1.0,1.0,1.0,1.0
562.100306,1.0,,0.0,0.0,0.0
562.100307,0.0,0.0,0.0,0.0,0.0
562.100308,1.0,0.0,0.0,0.0,0.0
562.100309,0.0,0.0,0.0,0.0,0.0
562.100310,1.0,0.0,0.0,0.0,1.0
562.100311,1.0,0.0,0.0,0.0,0.0
562.100312,0.0,0.0,0.0,0.0,0.0
562.100313,1.0,0.0,0.0,0.0,1.0
562.100314,0.0,0.0,0.0,0.0,0.0
562.100315,0.0,0.0,0.0,0.0,0.0
562.100316,1.0,0.0,0.0,0.0,1.0
562.100317,1.0,0.0,0.0,0.0,0.0
562.100318,0.0,0.0,0.0,0.0,0.0
562.100319,0.0,0.0,0.0,0.0,0.0
562.100320,0.0,0.0,0.0,0.0,1.0
562.100321,0.0,0.0,0.0,0.0,0.0
562.100322,1.0,0.0,0.0,0.0,0.0
562.100323,0.0,0.0,0.0,0.0,0.0
562.100324,0.0,0.0,0.0,0.0,0.0
562.100325,0.0,0.0,0.0,0.0,0.0
562.100326,0.0,0.0,0.0,0.0,0.0
562.100327,1.0,0.0,0.0,0.0,1.0
562.100328,0.0,0.0,0.0,0.0,0.0
562.100329,0.0,0.0,0.0,0.0,0.0
562.100330,1.0,0.0,0.0,1.0,0.0
562.100331,1.0,1.0,1.0,1.0,1.0
562.100332,0.0,0.0,0.0,0.0,0.0
562.100333,0.0,0.0,0.0,0.0,0.0
562.100334,1.0,0.0,0.0,0.0,1.0
562.100335,1.0,1.0,0.0,0.0,1.0
562.100336,1.0,0.0,0.0,0.0,0.0
562.100337,1.0,0.0,0.0,0.0,1.0
562.100338,0.0,0.0,0.0,0.0,0.0
562.100339,0.0,0.0,0.0,0.0,0.0
562.100340,1.0,0.0,0.0,0.0,0.0
562.100341,1.0,0.0,0.0,0.0,1.0
562.100342,0.0,0.0,0.0,0.0,0.0
562.100343,0.0,0.0,0.0,0.0,0.0
562.100344,1.0,0.0,1.0,0.0,1.0
562.100345,0.0,0.0,0.0,0.0,0.0
562.100346,0.0,0.0,0.0,0.0,0.0
562.100347,1.0,1.0,0.0,0.0,0.0
562.100348,1.0,0.0,0.0,0.0,1.0
562.100349,0.0,0.0,0.0,0.0,0.0
562.100351,0.0,0.0,0.0,0.0,0.0
562.100352,1.0,0.0,,0.0,0.0
562.100354,1.0,0.0,,0.0,0.0
562.100355,0.0,0.0,0.0,0.0,0.0
562.100356,0.0,0.0,0.0,0.0,0.0
562.100357,0.0,0.0,0.0,0.0,0.0
562.100358,1.0,1.0,1.0,1.0,1.0
562.100359,1.0,0.0,0.0,0.0,0.0
562.100360,1.0,0.0,1.0,1.0,1.0
562.100361,1.0,0.0,1.0,0.0,1.0
562.100362,1.0,0.0,,1.0,0.0
562.100363,0.0,0.0,0.0,0.0,0.0
562.100364,1.0,0.0,0.0,0.0,1.0
562.100365,0.0,0.0,0.0,0.0,0.0
562.100366,0.0,0.0,0.0,0.0,0.0
562.100367,0.0,0.0,0.0,0.0,0.0
562.100368,0.0,0.0,0.0,0.0,0.0
562.100369,1.0,0.0,0.0,0.0,0.0
562.100370,0.0,0.0,0.0,0.0,0.0
562.100371,0.0,0.0,0.0,0.0,0.0
562.100372,1.0,0.0,0.0,0.0,1.0
562.100373,0.0,0.0,0.0,0.0,0.0
562.100374,1.0,1.0,0.0,0.0,1.0
562.100375,1.0,1.0,1.0,1.0,1.0
562.100376,0.0,0.0,0.0,0.0,0.0
562.100377,0.0,0.0,0.0,0.0,0.0
562.100378,0.0,0.0,0.0,0.0,0.0
562.100379,0.0,0.0,0.0,0.0,0.0
562.100380,0.0,0.0,0.0,0.0,0.0
562.100381,1.0,0.0,0.0,0.0,0.0
562.100382,0.0,0.0,0.0,0.0,0.0
562.100383,0.0,0.0,0.0,0.0,0.0
562.100384,1.0,0.0,0.0,0.0,1.0
562.100385,1.0,1.0,0.0,0.0,
562.100386,1.0,0.0,0.0,0.0,0.0
562.100387,1.0,0.0,0.0,0.0,1.0
562.100388,1.0,0.0,0.0,0.0,1.0
562.100389,1.0,0.0,1.0,0.0,1.0
562.100390,0.0,0.0,0.0,0.0,0.0
562.100391,1.0,0.0,0.0,0.0,1.0
562.100392,0.0,0.0,0.0,0.0,0.0
562.100393,0.0,0.0,0.0,0.0,0.0
562.100394,0.0,0.0,,0.0,0.0
562.100395,0.0,0.0,,0.0,0.0
562.100396,1.0,0.0,,0.0,0.0
562.100397,0.0,0.0,0.0,0.0,0.0
562.100398,0.0,0.0,0.0,0.0,0.0
562.100399,0.0,0.0,0.0,0.0,0.0
562.100400,0.0,0.0,0.0,0.0,0.0
562.100401,1.0,0.0,1.0,0.0,0.0
562.100402,0.0,0.0,0.0,0.0,0.0
562.100403,0.0,0.0,0.0,0.0,0.0
562.100404,0.0,0.0,0.0,0.0,0.0
562.100405,1.0,1.0,1.0,0.0,1.0
562.100406,0.0,0.0,0.0,0.0,0.0
562.100407,0.0,0.0,0.0,0.0,0.0
562.100408,1.0,0.0,0.0,0.0,1.0
562.100409,1.0,0.0,0.0,0.0,1.0
562.100410,1.0,0.0,0.0,0.0,1.0
562.100411,0.0,0.0,0.0,0.0,0.0
562.100412,0.0,0.0,0.0,0.0,0.0
562.100413,0.0,0.0,0.0,0.0,0.0
562.100414,1.0,0.0,,0.0,0.0
562.100415,0.0,0.0,0.0,0.0,0.0
562.100416,1.0,0.0,0.0,0.0,1.0
562.100417,1.0,0.0,0.0,0.0,0.0
562.100418,1.0,0.0,,0.0,0.0
562.100419,0.0,0.0,0.0,0.0,0.0
562.100420,1.0,0.0,1.0,0.0,1.0
562.100421,0.0,0.0,0.0,,1.0
562.100422,1.0,0.0,0.0,0.0,1.0
562.100423,0.0,0.0,0.0,0.0,
562.100424,0.0,0.0,0.0,0.0,0.0
562.100425,0.0,0.0,0.0,0.0,0.0
562.100426,0.0,0.0,0.0,0.0,0.0
562.100427,1.0,1.0,1.0,1.0,1.0
562.100428,0.0,0.0,0.0,0.0,0.0
562.100429,1.0,0.0,1.0,0.0,0.0
562.100430,0.0,0.0,0.0,0.0,0.0
562.100431,0.0,0.0,0.0,0.0,0.0
562.100432,1.0,0.0,0.0,0.0,1.0
562.100433,0.0,0.0,0.0,0.0,1.0
562.100434,0.0,0.0,0.0,0.0,0.0
562.100435,0.0,0.0,0.0,0.0,0.0
562.100436,0.0,0.0,0.0,0.0,0.0
562.100437,0.0,0.0,0.0,0.0,0.0
562.100438,1.0,0.0,0.0,0.0,0.0
562.100439,0.0,0.0,0.0,0.0,0.0
562.100440,1.0,0.0,0.0,0.0,0.0
562.100441,0.0,0.0,0.0,0.0,0.0
562.100442,1.0,0.0,,1.0,0.0
562.100443,0.0,0.0,0.0,0.0,0.0
562.100444,1.0,0.0,0.0,0.0,1.0
562.100445,1.0,0.0,1.0,0.0,0.0
562.100446,1.0,0.0,0.0,0.0,1.0
562.100447,0.0,0.0,0.0,0.0,0.0
562.100448,0.0,0.0,0.0,0.0,0.0
562.100449,1.0,1.0,1.0,1.0,1.0
562.100450,1.0,0.0,0.0,0.0,0.0
562.100451,0.0,0.0,0.0,0.0,0.0
562.100452,0.0,0.0,0.0,0.0,0.0
562.100453,0.0,0.0,0.0,0.0,0.0
562.100454,0.0,0.0,0.0,0.0,0.0
562.100455,1.0,0.0,0.0,0.0,0.0
562.100456,0.0,0.0,0.0,1.0,1.0
562.100457,0.0,0.0,0.0,0.0,0.0
562.100458,1.0,0.0,0.0,0.0,0.0
562.100459,0.0,0.0,0.0,0.0,0.0
562.100460,0.0,0.0,0.0,0.0,0.0
562.100461,0.0,0.0,0.0,0.0,0.0
562.100462,0.0,0.0,0.0,0.0,0.0
562.100463,0.0,0.0,0.0,0.0,0.0
562.100464,0.0,0.0,0.0,0.0,0.0
562.100465,0.0,0.0,0.0,0.0,0.0
562.100466,0.0,0.0,0.0,0.0,0.0
562.100467,0.0,0.0,,0.0,0.0
562.100468,1.0,1.0,1.0,0.0,1.0
562.100469,1.0,0.0,0.0,0.0,0.0
562.100470,1.0,0.0,0.0,0.0,0.0
562.100471,0.0,0.0,0.0,0.0,0.0
562.100472,0.0,0.0,0.0,0.0,0.0
562.100473,0.0,0.0,0.0,0.0,0.0
562.100474,1.0,0.0,0.0,0.0,1.0
562.100475,1.0,1.0,1.0,1.0,1.0
562.100476,1.0,0.0,1.0,0.0,1.0
562.100477,1.0,0.0,0.0,0.0,0.0
562.100478,1.0,0.0,0.0,0.0,1.0
562.100479,1.0,0.0,0.0,0.0,0.0
562.100480,0.0,0.0,0.0,0.0,0.0
562.100481,0.0,0.0,0.0,0.0,0.0
562.100482,1.0,0.0,0.0,0.0,1.0
562.100483,1.0,0.0,0.0,0.0,0.0
562.100484,0.0,0.0,0.0,0.0,0.0
562.100485,0.0,0.0,0.0,0.0,0.0
562.100486,1.0,0.0,1.0,0.0,1.0
562.100487,0.0,0.0,0.0,0.0,0.0
562.100488,1.0,0.0,1.0,0.0,0.0
562.100489,0.0,0.0,0.0,0.0,0.0
562.100490,1.0,0.0,0.0,0.0,1.0
562.100491,1.0,0.0,0.0,0.0,0.0
562.100492,1.0,0.0,,0.0,0.0
562.100493,0.0,0.0,0.0,0.0,0.0
562.100494,1.0,0.0,0.0,0.0,0.0
562.100495,1.0,0.0,1.0,0.0,1.0
562.100496,0.0,0.0,0.0,0.0,0.0
562.100497,1.0,1.0,1.0,0.0,1.0
562.100498,0.0,0.0,0.0,0.0,0.0
562.100499,0.0,0.0,0.0,0.0,0.0
562.100500,0.0,0.0,0.0,0.0,0.0
562.100501,1.0,0.0,0.0,0.0,1.0
562.100502,1.0,0.0,0.0,0.0,1.0
562.100503,0.0,0.0,0.0,0.0,0.0
562.100504,1.0,1.0,0.0,0.0,1.0
562.100505,1.0,0.0,0.0,0.0,1.0
562.100506,1.0,0.0,1.0,0.0,1.0
562.100507,1.0,0.0,,0.0,1.0
562.100508,0.0,0.0,0.0,0.0,0.0
562.100509,1.0,0.0,0.0,0.0,1.0
562.100510,1.0,1.0,1.0,0.0,1.0
562.100511,0.0,0.0,0.0,0.0,0.0
562.100512,0.0,0.0,,0.0,
562.100513,1.0,0.0,0.0,0.0,0.0
562.100514,0.0,0.0,0.0,0.0,0.0
562.100515,0.0,0.0,0.0,0.0,0.0
562.100516,0.0,0.0,0.0,0.0,0.0
562.100517,1.0,0.0,0.0,0.0,0.0
562.100518,1.0,0.0,0.0,0.0,0.0
562.100519,0.0,0.0,0.0,0.0,0.0
562.100520,0.0,0.0,0.0,0.0,0.0
562.100521,1.0,0.0,0.0,0.0,1.0
562.100522,0.0,0.0,0.0,0.0,0.0
562.100523,1.0,0.0,0.0,0.0,1.0
562.100524,0.0,0.0,,0.0,0.0
562.100525,0.0,0.0,0.0,0.0,0.0
562.100526,1.0,1.0,1.0,1.0,1.0
562.100527,1.0,0.0,0.0,0.0,0.0
562.100528,0.0,0.0,0.0,0.0,0.0
562.100529,0.0,0.0,0.0,0.0,0.0
562.100530,0.0,0.0,0.0,0.0,0.0
562.100531,0.0,0.0,0.0,0.0,1.0
562.100532,0.0,0.0,1.0,0.0,0.0
562.100533,1.0,0.0,0.0,0.0,1.0
562.100534,0.0,0.0,0.0,0.0,0.0
562.100535,0.0,0.0,0.0,0.0,0.0
562.100536,0.0,0.0,0.0,0.0,0.0
562.100537,0.0,0.0,0.0,0.0,0.0
562.100538,0.0,0.0,0.0,0.0,0.0
562.100539,0.0,0.0,0.0,0.0,0.0
562.100540,1.0,0.0,1.0,0.0,1.0
562.100541,1.0,0.0,,0.0,1.0
562.100542,0.0,0.0,0.0,0.0,0.0
562.100543,1.0,0.0,0.0,0.0,1.0
562.100544,1.0,0.0,0.0,0.0,0.0
562.100545,1.0,0.0,0.0,0.0,1.0
562.100546,1.0,0.0,0.0,0.0,1.0
562.100547,1.0,1.0,1.0,1.0,1.0
562.100548,0.0,0.0,0.0,0.0,0.0
562.100549,1.0,1.0,0.0,0.0,1.0
562.100550,1.0,0.0,0.0,0.0,0.0
562.100551,0.0,0.0,0.0,0.0,0.0
562.100552,0.0,0.0,0.0,0.0,0.0
562.100553,1.0,0.0,1.0,0.0,1.0
562.100554,1.0,1.0,1.0,1.0,1.0
562.100555,1.0,1.0,1.0,0.0,1.0
562.100556,0.0,0.0,0.0,0.0,0.0
562.100557,0.0,0.0,0.0,0.0,0.0
562.100558,1.0,0.0,0.0,0.0,1.0
562.100559,1.0,0.0,0.0,0.0,1.0
562.100560,1.0,0.0,1.0,0.0,1.0
562.100561,0.0,0.0,0.0,0.0,0.0
562.100562,1.0,0.0,0.0,0.0,0.0
562.100563,0.0,0.0,1.0,0.0,1.0
562.100564,0.0,0.0,0.0,0.0,0.0
562.100565,1.0,1.0,1.0,0.0,0.0
562.100566,0.0,0.0,0.0,0.0,0.0
562.100567,1.0,0.0,0.0,0.0,1.0
562.100568,1.0,0.0,0.0,0.0,0.0
562.100569,1.0,0.0,0.0,0.0,0.0
562.100570,1.0,0.0,1.0,0.0,1.0
562.100571,1.0,0.0,0.0,0.0,0.0
562.100572,0.0,0.0,0.0,0.0,0.0
562.100573,0.0,0.0,0.0,0.0,0.0
562.100574,1.0,0.0,0.0,0.0,1.0
562.100575,0.0,0.0,0.0,0.0,0.0
562.100576,0.0,0.0,0.0,0.0,0.0
562.100577,1.0,0.0,0.0,0.0,0.0
562.100578,0.0,0.0,0.0,0.0,1.0
562.100579,0.0,0.0,0.0,0.0,0.0
562.100580,1.0,0.0,0.0,0.0,1.0
562.100581,0.0,0.0,0.0,0.0,0.0
562.100582,0.0,0.0,0.0,0.0,0.0
562.100583,1.0,0.0,1.0,0.0,0.0
562.100584,0.0,0.0,0.0,0.0,0.0
562.100585,0.0,0.0,0.0,0.0,0.0
562.100586,0.0,0.0,0.0,0.0,0.0
562.100587,1.0,0.0,0.0,0.0,0.0
562.100588,1.0,0.0,0.0,0.0,0.0
562.100589,0.0,0.0,0.0,0.0,0.0
562.100590,1.0,0.0,0.0,0.0,0.0
562.100591,0.0,0.0,0.0,0.0,0.0
562.100592,1.0,1.0,1.0,0.0,1.0
562.100593,0.0,0.0,0.0,0.0,0.0
562.100594,0.0,0.0,0.0,0.0,0.0
562.100595,0.0,0.0,0.0,0.0,0.0
562.100596,1.0,0.0,0.0,0.0,1.0
562.100597,0.0,0.0,0.0,0.0,0.0
562.100598,0.0,0.0,0.0,0.0,0.0
562.100599,0.0,0.0,0.0,0.0,0.0
562.100600,0.0,0.0,0.0,0.0,0.0
562.100601,1.0,1.0,0.0,1.0,1.0
562.100602,0.0,0.0,0.0,0.0,0.0
562.100603,1.0,0.0,0.0,0.0,1.0
562.100604,0.0,0.0,0.0,0.0,0.0
562.100605,1.0,0.0,0.0,0.0,1.0
562.100606,0.0,,0.0,0.0,0.0
562.100607,0.0,0.0,0.0,0.0,0.0
562.100608,1.0,0.0,0.0,0.0,1.0
562.100609,0.0,0.0,0.0,,1.0
562.100610,0.0,0.0,0.0,0.0,0.0
562.100611,0.0,0.0,0.0,0.0,0.0
562.100612,1.0,0.0,0.0,0.0,1.0
562.100613,1.0,1.0,1.0,0.0,1.0
562.100614,1.0,1.0,,0.0,0.0
562.100615,1.0,0.0,0.0,0.0,1.0
562.100616,0.0,0.0,0.0,0.0,0.0
562.100617,0.0,0.0,0.0,0.0,0.0
562.100618,1.0,0.0,0.0,0.0,1.0
562.100619,0.0,0.0,0.0,0.0,0.0
562.100620,0.0,0.0,0.0,0.0,0.0
562.100621,0.0,0.0,0.0,0.0,0.0
562.100622,0.0,0.0,1.0,0.0,0.0
562.100623,0.0,0.0,0.0,0.0,0.0
562.100624,1.0,0.0,0.0,0.0,0.0
562.100625,1.0,0.0,0.0,0.0,1.0
562.100626,0.0,0.0,0.0,0.0,0.0
562.100627,0.0,0.0,0.0,0.0,0.0
562.100628,1.0,0.0,0.0,0.0,1.0
562.100629,0.0,0.0,0.0,0.0,0.0
562.100630,0.0,0.0,0.0,0.0,0.0
562.100631,0.0,0.0,0.0,0.0,0.0
562.100632,1.0,1.0,1.0,0.0,0.0
562.100633,0.0,0.0,0.0,0.0,0.0
562.100634,0.0,0.0,0.0,0.0,0.0
562.100635,1.0,0.0,0.0,0.0,1.0
562.100636,0.0,0.0,0.0,0.0,0.0
562.100637,0.0,0.0,0.0,0.0,1.0
562.100638,1.0,,0.0,0.0,0.0
562.100639,1.0,0.0,0.0,0.0,0.0
562.100640,1.0,0.0,1.0,0.0,1.0
562.100641,1.0,0.0,0.0,0.0,0.0
562.100642,0.0,0.0,0.0,0.0,0.0
562.100643,1.0,1.0,1.0,0.0,0.0
562.100644,1.0,0.0,0.0,1.0,0.0
562.100645,0.0,0.0,0.0,0.0,0.0
562.100646,1.0,0.0,0.0,0.0,0.0
562.100647,1.0,0.0,0.0,0.0,0.0
562.100648,0.0,0.0,0.0,0.0,0.0
562.100649,0.0,0.0,0.0,0.0,0.0
562.100650,1.0,0.0,,0.0,0.0
562.100651,0.0,0.0,0.0,0.0,0.0
562.100652,1.0,0.0,0.0,1.0,1.0
562.100653,0.0,0.0,1.0,0.0,1.0
562.100654,0.0,0.0,0.0,0.0,0.0
562.100655,1.0,0.0,0.0,0.0,1.0
562.100656,0.0,0.0,0.0,0.0,0.0
562.100657,1.0,0.0,0.0,0.0,0.0
562.100658,0.0,0.0,0.0,0.0,0.0
562.100659,0.0,0.0,0.0,0.0,0.0
562.100660,1.0,0.0,1.0,0.0,1.0
562.100661,1.0,0.0,,0.0,0.0
562.100662,1.0,0.0,0.0,0.0,1.0
562.100663,0.0,0.0,0.0,0.0,0.0
562.100664,0.0,0.0,0.0,0.0,0.0
562.100665,1.0,1.0,1.0,0.0,0.0
562.100666,0.0,0.0,1.0,0.0,0.0
562.100667,1.0,0.0,0.0,0.0,0.0
562.100668,0.0,0.0,0.0,0.0,0.0
562.100669,1.0,0.0,0.0,0.0,1.0
562.100670,1.0,0.0,0.0,0.0,1.0
562.100671,1.0,1.0,1.0,0.0,1.0
562.100672,0.0,0.0,0.0,0.0,0.0
562.100673,0.0,0.0,0.0,0.0,0.0
562.100674,0.0,0.0,0.0,0.0,0.0
562.100675,0.0,0.0,0.0,0.0,0.0
562.100676,0.0,0.0,0.0,0.0,0.0
562.100677,1.0,0.0,0.0,0.0,0.0
562.100678,1.0,1.0,1.0,1.0,1.0
562.100679,1.0,0.0,,0.0,0.0
562.100680,1.0,1.0,1.0,1.0,1.0
562.100681,1.0,0.0,0.0,0.0,1.0
562.100682,0.0,0.0,0.0,0.0,0.0
562.100683,1.0,1.0,0.0,0.0,1.0
562.100684,1.0,0.0,0.0,0.0,0.0
562.100685,0.0,0.0,0.0,0.0,0.0
562.100686,1.0,0.0,1.0,1.0,1.0
562.100687,0.0,0.0,0.0,0.0,0.0
562.100688,1.0,0.0,1.0,0.0,0.0
562.100689,0.0,0.0,0.0,0.0,0.0
562.100690,0.0,0.0,0.0,0.0,0.0
562.100691,0.0,0.0,0.0,0.0,0.0
562.100692,0.0,0.0,0.0,0.0,0.0
562.100693,0.0,0.0,0.0,0.0,0.0
562.100694,1.0,0.0,0.0,0.0,1.0
562.100695,1.0,0.0,0.0,0.0,0.0
562.100696,0.0,0.0,0.0,0.0,0.0
562.100697,0.0,0.0,0.0,0.0,0.0
562.100698,1.0,0.0,0.0,0.0,1.0
562.100699,0.0,0.0,0.0,0.0,0.0
562.100700,0.0,0.0,0.0,0.0,0.0
562.100701,0.0,0.0,0.0,0.0,0.0
562.100702,0.0,0.0,0.0,0.0,0.0
562.100703,1.0,1.0,0.0,0.0,1.0
562.100704,1.0,0.0,1.0,1.0,1.0
562.100705,0.0,0.0,0.0,0.0,0.0
562.100706,0.0,0.0,0.0,0.0,0.0
562.100707,1.0,0.0,,0.0,1.0
562.100708,0.0,0.0,0.0,0.0,0.0
562.100709,0.0,0.0,0.0,0.0,0.0
562.100710,0.0,0.0,0.0,0.0,0.0
562.100711,0.0,0.0,0.0,0.0,0.0
562.100712,0.0,0.0,0.0,0.0,0.0
562.100713,1.0,0.0,1.0,0.0,1.0
562.100714,0.0,0.0,1.0,0.0,0.0
562.100715,1.0,0.0,1.0,1.0,1.0
562.100716,0.0,0.0,0.0,0.0,0.0
562.100717,1.0,0.0,0.0,0.0,0.0
562.100718,0.0,0.0,0.0,0.0,0.0
562.100719,1.0,0.0,1.0,0.0,0.0
562.100720,1.0,0.0,0.0,0.0,1.0
562.100721,1.0,0.0,0.0,0.0,1.0
562.100722,0.0,0.0,0.0,0.0,0.0
562.100723,1.0,0.0,0.0,0.0,1.0
562.100724,1.0,0.0,0.0,0.0,1.0
562.100725,0.0,0.0,0.0,0.0,0.0
562.100726,0.0,0.0,0.0,0.0,0.0
562.100727,1.0,0.0,0.0,0.0,0.0
562.100728,1.0,0.0,0.0,0.0,0.0
562.100729,1.0,0.0,,0.0,1.0
562.100730,0.0,0.0,0.0,0.0,0.0
562.100731,1.0,0.0,1.0,0.0,1.0
562.100732,0.0,0.0,0.0,0.0,0.0
562.100733,0.0,0.0,0.0,0.0,0.0
562.100734,1.0,0.0,1.0,0.0,1.0
562.100735,0.0,0.0,0.0,0.0,0.0
562.100736,0.0,0.0,0.0,0.0,0.0
562.100737,0.0,0.0,0.0,0.0,0.0
562.100738,0.0,0.0,0.0,0.0,0.0
562.100739,0.0,0.0,0.0,0.0,0.0
562.100740,0.0,0.0,0.0,0.0,0.0
562.100741,1.0,0.0,0.0,0.0,1.0
562.100742,1.0,1.0,1.0,0.0,1.0
562.100743,1.0,0.0,0.0,0.0,0.0
562.100744,1.0,0.0,0.0,0.0,0.0
562.100745,0.0,0.0,0.0,0.0,0.0
562.100746,1.0,0.0,0.0,0.0,0.0
562.100747,1.0,0.0,,1.0,0.0
562.100748,1.0,0.0,0.0,0.0,0.0
562.100749,1.0,0.0,0.0,0.0,0.0
562.100750,1.0,0.0,0.0,0.0,1.0
562.100751,1.0,1.0,1.0,1.0,1.0
562.100752,1.0,0.0,1.0,0.0,0.0
562.100753,0.0,0.0,0.0,0.0,0.0
562.100754,0.0,0.0,0.0,0.0,0.0
562.100755,1.0,0.0,1.0,1.0,1.0
562.100756,1.0,0.0,0.0,0.0,0.0
562.100757,1.0,0.0,1.0,0.0,0.0
562.100758,0.0,0.0,0.0,0.0,0.0
562.100759,1.0,0.0,0.0,0.0,1.0
562.100760,0.0,0.0,0.0,0.0,0.0
562.100761,0.0,0.0,1.0,0.0,0.0
562.100762,0.0,0.0,0.0,0.0,0.0
562.100763,1.0,0.0,0.0,0.0,0.0
562.100764,0.0,0.0,0.0,0.0,0.0
562.100765,1.0,0.0,0.0,0.0,0.0
562.100766,0.0,0.0,0.0,0.0,0.0
562.100767,1.0,0.0,0.0,0.0,1.0
562.100768,1.0,0.0,0.0,0.0,0.0
562.100769,0.0,0.0,0.0,0.0,0.0
562.100770,1.0,0.0,0.0,0.0,0.0
562.100771,1.0,0.0,0.0,0.0,0.0
562.100772,0.0,0.0,1.0,0.0,1.0
562.100773,1.0,0.0,0.0,0.0,0.0
562.100774,1.0,0.0,0.0,0.0,1.0
562.100775,0.0,1.0,0.0,0.0,0.0
562.100776,0.0,0.0,0.0,0.0,0.0
562.100777,1.0,0.0,0.0,0.0,0.0
562.100778,0.0,0.0,0.0,0.0,0.0
562.100779,1.0,0.0,0.0,0.0,1.0
562.100780,0.0,0.0,0.0,0.0,0.0
562.100781,1.0,0.0,0.0,0.0,0.0
562.100782,0.0,0.0,0.0,0.0,0.0
562.100783,0.0,0.0,0.0,0.0,0.0
562.100784,1.0,1.0,,0.0,1.0
562.100785,0.0,0.0,0.0,0.0,0.0
562.100786,1.0,0.0,1.0,0.0,1.0
562.100787,0.0,0.0,0.0,0.0,0.0
562.100788,1.0,0.0,,0.0,0.0
562.100789,1.0,0.0,0.0,0.0,0.0
562.100790,1.0,0.0,0.0,0.0,0.0
562.100791,1.0,0.0,1.0,0.0,1.0
562.100792,0.0,0.0,0.0,0.0,0.0
562.100793,1.0,0.0,1.0,0.0,1.0
562.100794,0.0,0.0,0.0,0.0,0.0
562.100795,0.0,0.0,0.0,0.0,0.0
562.100796,0.0,0.0,0.0,0.0,0.0
562.100797,0.0,0.0,0.0,0.0,0.0
562.100798,1.0,0.0,0.0,0.0,1.0
562.100799,0.0,0.0,0.0,0.0,0.0
562.100800,1.0,0.0,1.0,0.0,1.0
562.100801,0.0,0.0,0.0,0.0,0.0
562.100802,1.0,1.0,1.0,1.0,0.0
562.100803,0.0,0.0,1.0,0.0,1.0
562.100804,1.0,0.0,0.0,0.0,0.0
562.100805,1.0,0.0,0.0,0.0,1.0
562.100806,0.0,0.0,0.0,0.0,0.0
562.100807,0.0,0.0,0.0,0.0,0.0
562.100808,0.0,0.0,0.0,0.0,0.0
562.100809,1.0,0.0,0.0,0.0,1.0
562.100810,0.0,0.0,1.0,0.0,0.0
562.100811,0.0,0.0,,0.0,1.0
562.100812,0.0,0.0,0.0,0.0,0.0
562.100813,0.0,0.0,0.0,0.0,0.0
562.100814,0.0,0.0,0.0,0.0,0.0
562.100815,0.0,0.0,0.0,0.0,0.0
562.100816,1.0,0.0,0.0,0.0,0.0
562.100817,1.0,0.0,0.0,0.0,0.0
562.100818,1.0,0.0,0.0,0.0,
562.100819,1.0,0.0,0.0,0.0,1.0
562.100820,1.0,0.0,0.0,0.0,0.0
562.100821,0.0,0.0,0.0,0.0,0.0
562.100822,1.0,0.0,0.0,1.0,0.0
562.100823,1.0,0.0,1.0,0.0,1.0
562.100824,1.0,0.0,0.0,0.0,0.0
562.100825,1.0,0.0,1.0,0.0,0.0
562.100826,0.0,0.0,0.0,0.0,0.0
562.100827,0.0,0.0,0.0,0.0,0.0
562.100828,0.0,0.0,0.0,0.0,0.0
562.100829,1.0,0.0,,0.0,1.0
562.100830,0.0,0.0,0.0,0.0,0.0
562.100831,1.0,0.0,,0.0,1.0
562.100832,0.0,0.0,0.0,0.0,0.0
562.100833,1.0,0.0,0.0,0.0,0.0
562.100834,0.0,0.0,0.0,0.0,0.0
562.100835,0.0,0.0,0.0,0.0,0.0
562.100836,1.0,0.0,0.0,1.0,1.0
562.100837,1.0,0.0,1.0,0.0,1.0
562.100838,1.0,1.0,1.0,1.0,0.0
562.100839,0.0,0.0,0.0,0.0,0.0
562.100840,1.0,0.0,0.0,0.0,0.0
562.100841,1.0,0.0,0.0,0.0,0.0
562.100842,1.0,0.0,0.0,0.0,1.0
562.100843,1.0,0.0,,0.0,0.0
562.100844,0.0,0.0,0.0,0.0,0.0
562.100845,0.0,0.0,0.0,0.0,0.0
562.100846,0.0,0.0,0.0,0.0,0.0
562.100847,0.0,0.0,0.0,0.0,0.0
562.100848,0.0,0.0,0.0,0.0,0.0
562.100849,1.0,0.0,0.0,0.0,0.0
562.100850,1.0,0.0,0.0,0.0,0.0
562.100851,1.0,0.0,0.0,0.0,0.0
562.100852,1.0,0.0,0.0,0.0,0.0
562.100853,1.0,0.0,0.0,0.0,0.0
562.100854,0.0,0.0,0.0,0.0,0.0
562.100855,1.0,0.0,1.0,0.0,1.0
562.100856,0.0,0.0,1.0,0.0,0.0
562.100857,0.0,0.0,0.0,0.0,1.0
562.100858,0.0,0.0,0.0,0.0,0.0
562.100859,0.0,0.0,0.0,0.0,0.0
562.100860,0.0,0.0,0.0,0.0,0.0
562.100861,1.0,1.0,0.0,0.0,1.0
562.100862,0.0,0.0,0.0,0.0,0.0
562.100863,1.0,1.0,1.0,1.0,1.0
562.100864,0.0,0.0,0.0,0.0,0.0
562.100865,1.0,0.0,0.0,0.0,0.0
562.100866,1.0,0.0,0.0,0.0,1.0
562.100867,1.0,0.0,0.0,0.0,0.0
562.100868,0.0,0.0,0.0,0.0,0.0
562.100869,1.0,0.0,0.0,0.0,1.0
562.100870,0.0,0.0,0.0,0.0,0.0
562.100871,1.0,0.0,1.0,1.0,0.0
562.100872,0.0,0.0,0.0,0.0,0.0
562.100873,0.0,0.0,0.0,0.0,0.0
562.100874,0.0,0.0,0.0,0.0,0.0
562.100875,1.0,0.0,0.0,0.0,1.0
562.100876,0.0,0.0,0.0,0.0,0.0
562.100877,0.0,0.0,0.0,0.0,0.0
562.100878,1.0,0.0,0.0,0.0,0.0
562.100879,0.0,0.0,0.0,0.0,0.0
562.100880,1.0,0.0,,0.0,0.0
562.100881,0.0,0.0,0.0,0.0,0.0
562.100882,0.0,0.0,1.0,0.0,1.0
562.100883,0.0,0.0,1.0,0.0,0.0
562.100884,1.0,0.0,0.0,0.0,0.0
562.100885,0.0,0.0,0.0,0.0,1.0
562.100886,1.0,1.0,0.0,1.0,1.0
562.100887,0.0,0.0,0.0,0.0,0.0
562.100888,0.0,0.0,0.0,0.0,0.0
562.100889,0.0,0.0,1.0,0.0,0.0
562.100890,1.0,0.0,0.0,0.0,0.0
562.100891,1.0,0.0,0.0,0.0,0.0
562.100892,0.0,0.0,0.0,0.0,0.0
562.100893,0.0,0.0,1.0,0.0,1.0
562.100894,1.0,0.0,0.0,0.0,0.0
562.100895,1.0,0.0,0.0,0.0,0.0
562.100896,1.0,0.0,0.0,0.0,0.0
562.100897,0.0,0.0,0.0,0.0,0.0
562.100898,1.0,0.0,1.0,0.0,0.0
562.100899,1.0,0.0,0.0,0.0,1.0
562.100900,0.0,0.0,0.0,0.0,0.0
562.100901,0.0,0.0,0.0,0.0,0.0
562.100902,0.0,0.0,0.0,0.0,0.0
562.100903,0.0,0.0,0.0,0.0,0.0
562.100904,0.0,0.0,0.0,0.0,0.0
562.100905,1.0,0.0,0.0,0.0,0.0
562.100906,1.0,0.0,0.0,0.0,1.0
562.100907,1.0,0.0,0.0,0.0,1.0
562.100908,0.0,0.0,0.0,0.0,1.0
562.100909,0.0,0.0,0.0,0.0,0.0
562.100910,0.0,0.0,0.0,0.0,0.0
562.100911,0.0,0.0,0.0,0.0,1.0
562.100912,1.0,0.0,0.0,0.0,1.0
562.100913,0.0,0.0,0.0,0.0,0.0
562.100914,0.0,0.0,0.0,0.0,0.0
562.100915,0.0,0.0,0.0,0.0,0.0
562.100916,1.0,0.0,0.0,0.0,1.0
562.100917,0.0,0.0,,0.0,0.0
562.100918,1.0,0.0,0.0,0.0,1.0
562.100919,0.0,0.0,0.0,0.0,0.0
562.100920,0.0,0.0,0.0,0.0,0.0
562.100921,1.0,0.0,0.0,0.0,1.0
562.100922,1.0,0.0,0.0,0.0,0.0
562.100923,1.0,0.0,0.0,0.0,1.0
562.100924,1.0,0.0,0.0,0.0,1.0
562.100925,1.0,0.0,0.0,0.0,1.0
562.100926,1.0,0.0,1.0,0.0,1.0
562.100927,0.0,0.0,0.0,0.0,0.0
562.100928,1.0,0.0,0.0,0.0,0.0
562.100929,1.0,0.0,0.0,1.0,1.0
562.100930,0.0,0.0,0.0,0.0,0.0
562.100931,0.0,0.0,0.0,0.0,0.0
562.100932,1.0,0.0,0.0,0.0,0.0
562.100933,0.0,0.0,0.0,0.0,0.0
562.100934,0.0,0.0,0.0,0.0,0.0
562.100935,1.0,1.0,0.0,1.0,1.0
562.100936,1.0,0.0,0.0,0.0,0.0
562.100937,1.0,0.0,0.0,0.0,1.0
562.100938,1.0,0.0,0.0,0.0,0.0
562.100939,0.0,0.0,0.0,0.0,0.0
562.100940,0.0,0.0,0.0,0.0,0.0
562.100941,1.0,0.0,0.0,1.0,1.0
562.100942,0.0,0.0,0.0,0.0,0.0
562.100943,1.0,0.0,0.0,0.0,0.0
562.100944,0.0,0.0,0.0,0.0,0.0
562.100945,0.0,0.0,0.0,0.0,0.0
562.100946,1.0,0.0,0.0,0.0,1.0
562.100947,1.0,0.0,1.0,1.0,1.0
562.100948,1.0,0.0,0.0,0.0,1.0
562.100949,0.0,0.0,0.0,0.0,0.0
562.100950,0.0,0.0,0.0,0.0,0.0
562.100951,0.0,0.0,0.0,0.0,0.0
562.100952,0.0,0.0,0.0,0.0,0.0
562.100953,0.0,0.0,0.0,0.0,0.0
562.100954,1.0,0.0,0.0,0.0,0.0
562.100955,1.0,0.0,0.0,0.0,0.0
562.100956,1.0,0.0,0.0,0.0,0.0
562.100957,0.0,0.0,0.0,0.0,0.0
562.100958,0.0,0.0,0.0,0.0,0.0
562.100959,1.0,0.0,0.0,0.0,1.0
562.100960,1.0,0.0,0.0,0.0,0.0
562.100961,1.0,1.0,0.0,0.0,1.0
562.100962,0.0,0.0,0.0,0.0,1.0
562.100963,1.0,0.0,,0.0,1.0
562.100964,0.0,0.0,0.0,0.0,0.0
562.100965,1.0,0.0,1.0,1.0,1.0
562.104196,,,1.0,,1.0
562.104197,,,1.0,,
562.104199,,,1.0,1.0,1.0
562.104200,,,0.0,1.0,1.0
562.104201,,,1.0,,1.0
562.104202,,,1.0,,1.0
562.104203,,,1.0,,
562.104204,,,1.0,,1.0
562.104205,,,0.0,,1.0
562.104206,,,1.0,,1.0
562.104207,,,1.0,,1.0
562.104208,,,1.0,,1.0
562.104209,,,1.0,,
562.104210,,,1.0,,
562.104211,,,1.0,1.0,1.0
562.104212,,,0.0,,
562.104213,,,1.0,,1.0
562.104214,,,1.0,,1.0
562.104215,,,1.0,1.0,1.0
562.104216,,,1.0,1.0,
562.104217,,,1.0,1.0,1.0
562.104218,,,1.0,,1.0
562.104219,,,0.0,,1.0
562.104220,,,1.0,,1.0
562.104221,,,0.0,,1.0
562.104222,,,1.0,,
562.104223,,,1.0,,1.0
562.104224,,,1.0,,1.0
562.104225,,,1.0,,1.0
562.104226,,,1.0,,1.0
562.104227,,,1.0,,
562.104228,,,1.0,,
562.104229,,,1.0,,1.0
562.104230,,,1.0,,1.0
562.104231,,,1.0,1.0,1.0
562.10576,1.0,,1.0,1.0,1.0
562.11346,1.0,1.0,0.0,0.0,1.0
562.11347,1.0,1.0,1.0,0.0,1.0
562.11349,1.0,1.0,0.0,0.0,0.0
562.11557,1.0,1.0,1.0,0.0,1.0
562.12959,1.0,1.0,1.0,0.0,1.0
562.12960,1.0,1.0,1.0,1.0,1.0
562.12961,1.0,,0.0,1.0,
562.12962,1.0,1.0,,0.0,
562.13502,,1.0,1.0,1.0,
562.135559,1.0,,1.0,,1.0
562.135560,1.0,,1.0,,1.0
562.135561,1.0,,1.0,,1.0
562.135562,1.0,,1.0,,1.0
562.135563,1.0,,1.0,,1.0
562.135564,1.0,,1.0,,1.0
562.135565,1.0,,1.0,,1.0
562.135567,1.0,,1.0,,1.0
562.135568,1.0,,1.0,,1.0
562.135569,1.0,,1.0,,1.0
562.135570,1.0,,1.0,,1.0
562.135571,1.0,,1.0,,1.0
562.135572,1.0,,1.0,,1.0
562.135573,1.0,,1.0,,1.0
562.135574,1.0,,1.0,,1.0
562.135575,1.0,,1.0,,1.0
562.135576,1.0,,1.0,,1.0
562.135577,1.0,,1.0,,1.0
562.135578,1.0,,1.0,,1.0
562.135579,1.0,,1.0,,0.0
562.135580,1.0,,1.0,,1.0
562.135581,1.0,,1.0,,1.0
562.135582,1.0,,1.0,,1.0
562.135583,1.0,,1.0,,1.0
562.135584,1.0,,1.0,,0.0
562.135585,1.0,,1.0,,1.0
562.135586,1.0,,1.0,,1.0
562.135587,1.0,,1.0,,1.0
562.135588,1.0,,1.0,,1.0
562.135589,1.0,,1.0,,1.0
562.135590,1.0,,1.0,,1.0
562.135591,1.0,,1.0,,1.0
562.135592,1.0,,1.0,,1.0
562.135593,1.0,,1.0,,0.0
562.135594,1.0,,1.0,,1.0
562.13671,1.0,0.0,0.0,1.0,1.0
562.140680,1.0,1.0,1.0,0.0,
562.140682,1.0,1.0,1.0,0.0,
562.140683,1.0,1.0,0.0,0.0,
562.140684,1.0,1.0,1.0,1.0,
562.140685,1.0,1.0,0.0,0.0,1.0
562.140686,1.0,1.0,1.0,0.0,
562.140687,1.0,1.0,0.0,0.0,1.0
562.140688,1.0,1.0,1.0,0.0,
562.140689,1.0,1.0,0.0,0.0,
562.140690,1.0,1.0,,0.0,
562.140691,1.0,1.0,0.0,0.0,
562.140692,1.0,1.0,1.0,1.0,1.0
562.140710,1.0,,,0.0,0.0
562.140711,0.0,,,0.0,0.0
562.140712,1.0,,,1.0,0.0
562.140713,1.0,,1.0,0.0,1.0
562.140714,1.0,,1.0,0.0,0.0
562.140715,0.0,,,0.0,0.0
562.140716,0.0,,,0.0,0.0
562.140717,1.0,,,0.0,0.0
562.140718,1.0,,,0.0,0.0
562.140719,0.0,,,0.0,0.0
562.140720,1.0,,,0.0,0.0
562.140721,1.0,,,0.0,0.0
562.140722,1.0,,,0.0,0.0
562.140723,1.0,,,0.0,1.0
562.140724,0.0,,,0.0,0.0
562.140725,0.0,,,0.0,0.0
562.140726,1.0,,,0.0,0.0
562.140727,0.0,,,0.0,0.0
562.140728,0.0,,,0.0,0.0
562.140729,1.0,,,0.0,1.0
562.140730,1.0,,,0.0,1.0
562.140731,1.0,,1.0,1.0,1.0
562.140732,1.0,,,0.0,1.0
562.140733,0.0,,,0.0,1.0
562.140734,1.0,,,0.0,0.0
562.140735,1.0,,1.0,1.0,1.0
562.140736,1.0,,1.0,0.0,1.0
562.140737,1.0,,,1.0,1.0
562.140738,0.0,,,0.0,0.0
562.140739,0.0,,,0.0,0.0
562.140740,1.0,,1.0,0.0,1.0
562.140741,0.0,,,0.0,0.0
562.140742,1.0,,,0.0,1.0
562.140743,1.0,,1.0,0.0,0.0
562.140744,0.0,,,0.0,0.0
562.140745,1.0,,,0.0,0.0
562.140746,0.0,,1.0,0.0,0.0
562.140747,0.0,,,0.0,1.0
562.140748,1.0,,,0.0,1.0
562.140749,0.0,,,0.0,0.0
562.140750,0.0,,,0.0,0.0
562.140751,0.0,,,0.0,0.0
562.140752,0.0,,,0.0,0.0
562.140753,0.0,,,0.0,0.0
562.140754,0.0,,,0.0,1.0
562.140755,1.0,,,0.0,0.0
562.140756,0.0,,,0.0,0.0
562.140757,0.0,,,0.0,0.0
562.140758,0.0,,,0.0,0.0
562.140759,0.0,,,0.0,0.0
562.140760,0.0,,1.0,0.0,0.0
562.140761,0.0,,,0.0,0.0
562.140762,1.0,,1.0,1.0,0.0
562.140763,1.0,,,0.0,1.0
562.140764,0.0,,,0.0,0.0
562.140765,1.0,,,0.0,1.0
562.140766,1.0,,,0.0,1.0
562.140767,1.0,,1.0,1.0,1.0
562.140768,0.0,,,0.0,0.0
562.140769,1.0,,,0.0,0.0
562.140770,0.0,,,0.0,0.0
562.140771,1.0,,1.0,0.0,0.0
562.140772,1.0,,,1.0,1.0
562.140773,0.0,,,0.0,0.0
562.140774,0.0,,,0.0,0.0
562.140775,1.0,,,0.0,1.0
562.140776,0.0,,,0.0,0.0
562.140777,0.0,,,0.0,0.0
562.140779,0.0,,,0.0,0.0
562.140780,0.0,,,0.0,0.0
562.140781,0.0,,,0.0,0.0
562.140782,0.0,,,0.0,0.0
562.140783,0.0,,,0.0,0.0
562.140784,0.0,,,0.0,0.0
562.140785,0.0,,,0.0,0.0
562.140786,0.0,,,0.0,0.0
562.140787,1.0,,,0.0,1.0
562.140788,1.0,,,1.0,1.0
562.140789,0.0,,1.0,1.0,1.0
562.140790,0.0,,,0.0,0.0
562.140791,0.0,,,0.0,0.0
562.140792,0.0,,,0.0,0.0
562.140793,0.0,,,0.0,0.0
562.140794,0.0,,,0.0,0.0
562.140795,1.0,,1.0,0.0,1.0
562.140796,0.0,,,0.0,0.0
562.140797,1.0,,1.0,0.0,0.0
562.140798,0.0,,,0.0,0.0
562.140799,0.0,,,0.0,0.0
562.140800,0.0,,,0.0,0.0
562.140801,0.0,,,0.0,0.0
562.140802,0.0,,,0.0,0.0
562.140803,1.0,,,0.0,0.0
562.140804,1.0,,1.0,0.0,1.0
562.140805,1.0,,,0.0,0.0
562.140806,0.0,,,0.0,0.0
562.140807,0.0,,,0.0,0.0
562.140808,1.0,,1.0,0.0,0.0
562.140809,0.0,,,0.0,0.0
562.140810,1.0,,1.0,0.0,1.0
562.140811,0.0,,,0.0,0.0
562.140812,0.0,,1.0,0.0,0.0
562.140813,0.0,,,0.0,0.0
562.140814,0.0,,,0.0,0.0
562.140815,1.0,,,0.0,0.0
562.140816,1.0,,,0.0,0.0
562.140817,0.0,,,0.0,0.0
562.140818,1.0,,1.0,0.0,1.0
562.140819,0.0,,,0.0,0.0
562.140820,0.0,,,0.0,0.0
562.140821,1.0,,,0.0,0.0
562.140822,0.0,,,0.0,0.0
562.140823,1.0,,,0.0,1.0
562.140824,1.0,,1.0,0.0,1.0
562.140825,1.0,,1.0,0.0,1.0
562.140826,1.0,,1.0,0.0,1.0
562.140827,1.0,,1.0,0.0,1.0
562.140828,1.0,,1.0,0.0,1.0
562.140829,1.0,,1.0,0.0,1.0
562.140830,1.0,,1.0,0.0,0.0
562.140831,1.0,,1.0,0.0,0.0
562.140832,1.0,,1.0,0.0,0.0
562.140833,1.0,,1.0,1.0,1.0
562.140834,1.0,,1.0,1.0,1.0
562.140835,1.0,,1.0,1.0,1.0
562.140836,1.0,,1.0,1.0,1.0
562.140837,1.0,,1.0,1.0,1.0
562.140838,1.0,,1.0,1.0,1.0
562.140839,1.0,,1.0,1.0,1.0
562.140840,1.0,,1.0,1.0,1.0
562.140841,1.0,,1.0,1.0,1.0
562.140842,1.0,,1.0,1.0,1.0
562.140843,1.0,,1.0,1.0,1.0
562.140844,1.0,,1.0,1.0,1.0
562.140845,1.0,,1.0,1.0,1.0
562.140846,1.0,,1.0,1.0,1.0
562.140847,1.0,,1.0,1.0,1.0
562.140848,1.0,,1.0,1.0,1.0
562.140849,1.0,,1.0,0.0,1.0
562.140850,1.0,,1.0,1.0,1.0
562.140851,1.0,,1.0,0.0,1.0
562.140852,1.0,,1.0,0.0,0.0
562.140853,1.0,,1.0,0.0,1.0
562.140854,1.0,,1.0,0.0,0.0
562.140855,1.0,,1.0,0.0,0.0
562.140856,1.0,,1.0,0.0,0.0
562.140857,1.0,,1.0,0.0,0.0
562.140858,1.0,,1.0,0.0,0.0
562.140859,1.0,,1.0,0.0,0.0
562.140860,1.0,,1.0,0.0,0.0
562.140861,1.0,,1.0,0.0,0.0
562.140862,1.0,,1.0,0.0,1.0
562.140863,1.0,,1.0,0.0,0.0
562.140864,1.0,,1.0,0.0,1.0
562.140865,1.0,,1.0,0.0,1.0
562.140866,1.0,,1.0,0.0,1.0
562.140867,1.0,,1.0,0.0,1.0
562.140868,1.0,,1.0,0.0,1.0
562.140869,1.0,,1.0,0.0,1.0
562.140870,1.0,,1.0,0.0,1.0
562.140871,1.0,,1.0,0.0,1.0
562.140872,1.0,,1.0,0.0,1.0
562.140873,1.0,,1.0,0.0,1.0
562.140874,1.0,,1.0,0.0,1.0
562.140875,1.0,,1.0,0.0,1.0
562.140876,1.0,,1.0,0.0,1.0
562.140877,1.0,,1.0,0.0,1.0
562.140878,1.0,,1.0,0.0,1.0
562.140879,1.0,,1.0,0.0,1.0
562.140880,1.0,,1.0,0.0,1.0
562.140881,1.0,,1.0,0.0,1.0
562.140882,1.0,,1.0,0.0,1.0
562.140883,1.0,,1.0,0.0,1.0
562.140884,1.0,,1.0,0.0,1.0
562.140885,1.0,,1.0,0.0,1.0
562.140886,1.0,,1.0,0.0,1.0
562.140887,1.0,,1.0,0.0,1.0
562.140888,1.0,,1.0,0.0,1.0
562.140889,1.0,,1.0,0.0,1.0
562.140890,1.0,,1.0,1.0,0.0
562.140891,1.0,,1.0,1.0,0.0
562.140892,1.0,,1.0,1.0,0.0
562.140893,1.0,,1.0,1.0,0.0
562.140894,1.0,,1.0,1.0,0.0
562.140895,1.0,,1.0,1.0,0.0
562.140896,1.0,,1.0,1.0,0.0
562.140897,1.0,,1.0,1.0,0.0
562.140898,1.0,,0.0,0.0,0.0
562.140899,1.0,,1.0,0.0,0.0
562.140900,1.0,,1.0,0.0,0.0
562.140901,1.0,,1.0,1.0,1.0
562.140902,1.0,,1.0,1.0,1.0
562.140903,1.0,,1.0,0.0,0.0
562.140904,1.0,,0.0,0.0,0.0
562.140905,1.0,,1.0,0.0,0.0
562.140906,1.0,,1.0,0.0,0.0
562.140907,1.0,,1.0,1.0,1.0
562.140908,1.0,,1.0,0.0,1.0
562.140909,1.0,,1.0,0.0,1.0
562.140910,1.0,,1.0,1.0,0.0
562.140911,1.0,,1.0,0.0,1.0
562.140912,1.0,,1.0,0.0,1.0
562.140913,1.0,,1.0,0.0,1.0
562.140914,1.0,,1.0,0.0,1.0
562.140915,1.0,,1.0,0.0,1.0
562.140916,1.0,1.0,1.0,1.0,
562.140917,1.0,1.0,1.0,0.0,
562.140918,1.0,,1.0,0.0,0.0
562.140919,1.0,,1.0,0.0,1.0
562.140920,1.0,1.0,1.0,0.0,
562.140921,1.0,1.0,1.0,1.0,
562.140922,1.0,1.0,1.0,0.0,
562.140923,1.0,1.0,1.0,1.0,
562.140924,1.0,1.0,1.0,0.0,
562.140925,1.0,1.0,1.0,1.0,
562.140926,1.0,1.0,1.0,1.0,
562.140927,1.0,1.0,1.0,1.0,
562.140928,1.0,1.0,1.0,1.0,
562.140929,1.0,1.0,1.0,1.0,
562.140930,1.0,1.0,1.0,1.0,
562.140931,1.0,1.0,1.0,1.0,
562.140932,1.0,1.0,1.0,1.0,
562.140933,1.0,1.0,1.0,1.0,
562.140934,1.0,1.0,1.0,0.0,
562.140935,1.0,1.0,1.0,0.0,
562.140936,1.0,1.0,1.0,1.0,
562.140937,1.0,1.0,1.0,0.0,
562.140938,1.0,1.0,1.0,1.0,
562.140939,1.0,1.0,1.0,1.0,
562.140940,1.0,1.0,1.0,0.0,
562.140941,1.0,1.0,1.0,1.0,
562.140942,1.0,1.0,1.0,0.0,
562.140943,1.0,1.0,,0.0,
562.140944,1.0,1.0,,0.0,
562.140945,1.0,1.0,,0.0,
562.140946,1.0,1.0,1.0,1.0,
562.140947,1.0,1.0,,0.0,
562.140948,1.0,1.0,1.0,1.0,
562.140949,1.0,1.0,1.0,1.0,
562.140950,1.0,1.0,1.0,1.0,
562.140951,,1.0,1.0,0.0,
562.140952,,1.0,1.0,1.0,
562.140953,1.0,1.0,1.0,1.0,
562.140954,,1.0,,0.0,
562.140955,,1.0,,0.0,
562.140956,,1.0,1.0,0.0,
562.140957,,1.0,1.0,1.0,
562.140958,,1.0,1.0,1.0,
562.140959,,1.0,1.0,0.0,
562.140960,,1.0,,0.0,
562.140961,1.0,1.0,1.0,1.0,
562.140962,,1.0,1.0,0.0,
562.140963,,1.0,1.0,0.0,
562.140964,1.0,,0.0,0.0,0.0
562.140965,,1.0,1.0,1.0,
562.140966,1.0,1.0,1.0,0.0,
562.140967,,1.0,,0.0,
562.140968,,1.0,1.0,0.0,
562.140969,,1.0,,0.0,
562.140970,,1.0,1.0,0.0,
562.140971,,1.0,,0.0,
562.140972,,1.0,,0.0,
562.140973,,1.0,,0.0,
562.140974,,1.0,1.0,0.0,
562.140975,,1.0,1.0,1.0,
562.140976,1.0,1.0,,1.0,
562.140977,,1.0,,1.0,
562.140978,,1.0,,1.0,
562.140979,,1.0,1.0,1.0,
562.140980,,1.0,1.0,0.0,
562.140981,,1.0,1.0,0.0,
562.140982,,1.0,,0.0,
562.140983,,1.0,,0.0,
562.140984,,1.0,1.0,0.0,
562.140985,,1.0,1.0,1.0,
562.140986,1.0,1.0,1.0,0.0,
562.140987,,1.0,1.0,0.0,
562.140988,,1.0,1.0,0.0,
562.140989,,1.0,,0.0,
562.140990,,1.0,,0.0,
562.140991,,1.0,1.0,0.0,
562.140992,,1.0,1.0,0.0,
562.140993,,1.0,,0.0,
562.140994,,1.0,1.0,1.0,
562.140995,1.0,1.0,,0.0,
562.140996,,1.0,,0.0,
562.140997,,1.0,,0.0,
562.140998,,1.0,1.0,1.0,
562.140999,,1.0,1.0,1.0,
562.141000,,1.0,,0.0,
562.141001,,1.0,,0.0,
562.141002,,1.0,1.0,0.0,
562.141003,,1.0,,0.0,
562.141004,,1.0,1.0,1.0,
562.141005,,1.0,1.0,1.0,
562.141006,,1.0,1.0,1.0,
562.141007,1.0,1.0,,0.0,
562.141008,,,,0.0,
562.141009,,1.0,,0.0,
562.141010,,1.0,,1.0,
562.141011,,1.0,1.0,1.0,
562.141012,,1.0,1.0,0.0,
562.141013,,1.0,1.0,1.0,
562.141014,,1.0,,0.0,
562.141015,,1.0,1.0,0.0,
562.141016,,1.0,,0.0,
562.141017,,1.0,,0.0,
562.141018,,1.0,1.0,0.0,
562.141019,1.0,1.0,1.0,0.0,
562.141020,,1.0,1.0,1.0,
562.141021,,1.0,1.0,0.0,
562.141022,,1.0,1.0,1.0,
562.141023,,1.0,1.0,1.0,
562.141024,,1.0,1.0,1.0,
562.141025,1.0,1.0,1.0,1.0,
562.141026,,1.0,1.0,0.0,
562.141027,1.0,1.0,,0.0,
562.141028,,1.0,1.0,1.0,
562.141029,,1.0,1.0,0.0,
562.141030,,,1.0,1.0,
562.141031,,1.0,,0.0,
562.141032,,1.0,1.0,0.0,
562.141033,,1.0,1.0,1.0,
562.141034,,1.0,1.0,0.0,
562.141035,,,,0.0,
562.141036,1.0,1.0,,0.0,
562.141037,,1.0,1.0,0.0,
562.141038,,,1.0,0.0,
562.141039,,1.0,1.0,0.0,
562.141040,,1.0,1.0,0.0,
562.141041,,1.0,1.0,0.0,
562.141042,,1.0,,,
562.141043,,1.0,1.0,0.0,
562.141044,,1.0,1.0,0.0,
562.141045,,1.0,1.0,0.0,
562.141046,,1.0,,0.0,
562.141047,,1.0,1.0,0.0,
562.141048,1.0,1.0,1.0,1.0,
562.141049,,1.0,1.0,0.0,
562.141050,,1.0,1.0,0.0,
562.141051,,1.0,1.0,1.0,
562.141052,,1.0,1.0,0.0,
562.141053,,1.0,1.0,0.0,
562.141054,,1.0,1.0,0.0,
562.141055,,1.0,,0.0,
562.141056,,,,0.0,
562.141057,,1.0,1.0,0.0,
562.141058,,1.0,,0.0,
562.141059,1.0,1.0,1.0,1.0,
562.141060,,1.0,1.0,1.0,
562.141061,,1.0,1.0,0.0,
562.141062,,1.0,,0.0,
562.141063,,1.0,,1.0,
562.141064,,1.0,,1.0,
562.141065,,1.0,,0.0,
562.141066,,1.0,,1.0,
562.141067,,1.0,1.0,1.0,
562.141068,,1.0,1.0,0.0,
562.141069,1.0,1.0,1.0,1.0,
562.141070,,1.0,1.0,0.0,
562.141071,,1.0,1.0,0.0,
562.141072,,1.0,,1.0,
562.141073,,1.0,,0.0,
562.141074,,1.0,,0.0,
562.141075,,1.0,1.0,1.0,
562.141076,,1.0,,1.0,
562.141077,,1.0,1.0,0.0,
562.141078,,1.0,,0.0,
562.141079,,1.0,1.0,0.0,
562.141080,1.0,1.0,1.0,1.0,
562.141081,,1.0,1.0,1.0,
562.141082,,1.0,,0.0,
562.141083,,1.0,1.0,0.0,
562.141084,,1.0,1.0,0.0,
562.141085,,1.0,1.0,0.0,
562.141086,,1.0,1.0,0.0,
562.141087,,1.0,1.0,0.0,
562.141088,,1.0,1.0,0.0,
562.141090,,1.0,1.0,0.0,
562.141091,,1.0,1.0,0.0,
562.141092,1.0,1.0,1.0,1.0,
562.141093,,1.0,1.0,0.0,
562.141094,,1.0,1.0,0.0,
562.141095,,1.0,1.0,1.0,
562.141096,,1.0,,0.0,
562.141097,,1.0,1.0,0.0,
562.141098,,1.0,1.0,1.0,
562.141099,,1.0,1.0,1.0,
562.141100,,1.0,1.0,0.0,
562.141101,,1.0,1.0,0.0,
562.141102,,,1.0,0.0,
562.141103,1.0,1.0,,0.0,
562.141104,,1.0,,0.0,
562.141105,,1.0,,0.0,
562.141106,,,1.0,1.0,
562.141107,,,,0.0,
562.141108,,1.0,,1.0,
562.141109,,1.0,,1.0,
562.141110,,1.0,1.0,0.0,
562.141111,,1.0,1.0,0.0,
562.141112,,1.0,1.0,0.0,
562.141113,1.0,1.0,1.0,0.0,
562.141114,,1.0,,0.0,
562.141115,,1.0,1.0,0.0,
562.141116,,1.0,,0.0,
562.141117,,1.0,1.0,0.0,
562.141118,,1.0,1.0,1.0,
562.141119,,1.0,1.0,0.0,
562.141120,,1.0,1.0,0.0,
562.141121,,1.0,1.0,0.0,
562.141122,,1.0,1.0,1.0,
562.141123,,1.0,,0.0,
562.141124,1.0,1.0,1.0,1.0,
562.141125,,,1.0,1.0,
562.141126,,1.0,,0.0,
562.141127,,1.0,1.0,0.0,
562.141128,,1.0,,0.0,
562.141129,,1.0,,0.0,
562.141130,1.0,1.0,1.0,1.0,
562.141131,1.0,1.0,,0.0,
562.141132,,1.0,,0.0,
562.141133,,1.0,1.0,1.0,
562.141134,,1.0,,0.0,
562.141135,,1.0,,,
562.141136,,,,0.0,
562.141137,,1.0,,0.0,
562.141138,,1.0,1.0,0.0,
562.141139,,1.0,,0.0,
562.141140,,1.0,1.0,1.0,
562.141141,,1.0,,0.0,
562.141142,,1.0,,0.0,
562.141143,1.0,1.0,1.0,1.0,
562.141144,,1.0,,0.0,
562.141145,,1.0,,0.0,
562.141146,,1.0,,0.0,
562.141147,,1.0,,0.0,
562.141148,,,,0.0,
562.141149,,1.0,,0.0,
562.141150,,1.0,1.0,0.0,
562.141151,,1.0,,0.0,
562.141152,,1.0,,0.0,
562.141153,,1.0,1.0,1.0,
562.141154,,1.0,1.0,1.0,
562.141155,1.0,1.0,1.0,0.0,
562.141156,1.0,1.0,1.0,0.0,
562.141157,1.0,1.0,,0.0,
562.141158,1.0,1.0,,0.0,
562.141159,1.0,1.0,1.0,0.0,
562.141160,1.0,1.0,1.0,1.0,
562.141161,,1.0,1.0,1.0,
562.141162,1.0,1.0,,0.0,
562.141163,1.0,1.0,1.0,0.0,
562.141164,1.0,1.0,1.0,0.0,
562.141165,1.0,1.0,1.0,0.0,
562.141166,,,1.0,1.0,
562.141167,1.0,,1.0,0.0,
562.141168,1.0,1.0,,0.0,
562.141169,1.0,1.0,1.0,1.0,
562.141170,1.0,1.0,,0.0,
562.141171,1.0,,1.0,0.0,
562.141172,1.0,1.0,1.0,1.0,
562.141173,1.0,,1.0,0.0,
562.141174,1.0,1.0,,0.0,
562.141175,1.0,,1.0,0.0,
562.141176,1.0,,1.0,0.0,
562.141177,1.0,,1.0,0.0,
562.141178,1.0,1.0,1.0,0.0,
562.141179,1.0,1.0,1.0,0.0,
562.141180,1.0,1.0,,0.0,
562.141181,1.0,1.0,,1.0,
562.141182,1.0,1.0,1.0,0.0,
562.141183,1.0,1.0,1.0,0.0,
562.141184,1.0,,1.0,0.0,
562.141185,1.0,1.0,1.0,0.0,
562.141186,1.0,1.0,1.0,1.0,
562.141187,,1.0,1.0,1.0,
562.141188,1.0,1.0,,0.0,
562.141189,1.0,1.0,,1.0,
562.141190,1.0,1.0,,0.0,
562.141191,1.0,1.0,,0.0,
562.141192,1.0,1.0,,0.0,
562.141193,,1.0,,0.0,
562.141194,1.0,1.0,1.0,1.0,
562.141195,1.0,1.0,1.0,1.0,
562.141196,1.0,1.0,1.0,1.0,
562.141197,1.0,1.0,1.0,0.0,
562.141198,1.0,1.0,1.0,0.0,
562.141199,1.0,1.0,1.0,0.0,
562.141200,1.0,1.0,1.0,0.0,
562.141201,1.0,1.0,1.0,0.0,
562.141202,1.0,1.0,,1.0,
562.141203,1.0,1.0,1.0,0.0,
562.141204,1.0,1.0,,0.0,
562.141205,1.0,1.0,,0.0,
562.141206,1.0,1.0,1.0,0.0,
562.141207,1.0,1.0,1.0,0.0,
562.141208,1.0,,1.0,0.0,
562.141209,1.0,1.0,1.0,0.0,
562.141210,1.0,1.0,,1.0,
562.141211,1.0,1.0,1.0,0.0,
562.141212,1.0,1.0,1.0,0.0,
562.141213,1.0,1.0,1.0,0.0,
562.141214,1.0,1.0,,0.0,
562.141215,1.0,1.0,1.0,0.0,
562.141216,1.0,1.0,1.0,0.0,
562.141217,1.0,1.0,1.0,0.0,
562.141218,1.0,1.0,1.0,0.0,
562.141219,1.0,1.0,1.0,0.0,
562.141220,1.0,1.0,1.0,0.0,
562.141221,1.0,1.0,1.0,0.0,
562.141222,1.0,1.0,1.0,0.0,
562.141223,1.0,1.0,1.0,1.0,
562.141224,,1.0,1.0,0.0,
562.141225,1.0,1.0,1.0,0.0,
562.141226,1.0,1.0,1.0,0.0,
562.141227,1.0,1.0,1.0,0.0,
562.141228,1.0,1.0,,0.0,
562.141229,1.0,1.0,,0.0,
562.141230,1.0,1.0,,0.0,
562.141231,1.0,,1.0,0.0,
562.141232,1.0,1.0,1.0,0.0,
562.141233,1.0,1.0,1.0,0.0,
562.141234,1.0,1.0,1.0,0.0,
562.141235,1.0,1.0,1.0,0.0,
562.141236,1.0,1.0,1.0,0.0,
562.141237,1.0,1.0,1.0,0.0,
562.141238,1.0,1.0,1.0,0.0,
562.141239,,1.0,1.0,0.0,
562.141240,,1.0,,0.0,
562.141241,1.0,1.0,1.0,0.0,
562.141242,1.0,1.0,1.0,0.0,
562.141243,1.0,1.0,,0.0,
562.141244,1.0,1.0,1.0,1.0,
562.141245,1.0,1.0,1.0,1.0,
562.141246,1.0,1.0,1.0,0.0,
562.141247,1.0,1.0,1.0,1.0,
562.141248,1.0,1.0,1.0,1.0,
562.141249,1.0,1.0,1.0,1.0,
562.141250,1.0,1.0,1.0,1.0,
562.141251,1.0,1.0,1.0,0.0,
562.141252,1.0,1.0,1.0,1.0,
562.141253,1.0,1.0,,0.0,
562.141254,1.0,1.0,1.0,1.0,
562.141255,1.0,1.0,1.0,0.0,
562.141256,1.0,1.0,,0.0,
562.141257,1.0,1.0,1.0,1.0,
562.141258,1.0,1.0,,0.0,
562.141259,1.0,1.0,1.0,1.0,
562.141260,1.0,1.0,,0.0,
562.141261,1.0,1.0,1.0,0.0,
562.141262,1.0,1.0,1.0,1.0,
562.141263,1.0,1.0,,0.0,
562.141264,1.0,1.0,,0.0,
562.141265,1.0,1.0,1.0,1.0,
562.141266,1.0,1.0,1.0,0.0,
562.141267,1.0,1.0,,0.0,
562.141268,1.0,1.0,1.0,1.0,
562.141269,1.0,1.0,,0.0,
562.141270,1.0,1.0,,0.0,
562.141271,1.0,1.0,1.0,0.0,
562.141272,1.0,1.0,1.0,0.0,
562.141273,1.0,1.0,1.0,1.0,
562.141274,1.0,1.0,1.0,0.0,
562.141275,1.0,1.0,1.0,0.0,
562.141276,1.0,1.0,1.0,1.0,
562.141277,1.0,1.0,1.0,0.0,
562.141278,1.0,1.0,1.0,0.0,
562.141279,1.0,1.0,1.0,1.0,
562.141280,1.0,1.0,1.0,1.0,
562.141281,1.0,1.0,1.0,0.0,
562.141282,1.0,1.0,,1.0,
562.141283,1.0,1.0,,1.0,
562.141284,1.0,1.0,1.0,0.0,
562.141285,1.0,1.0,,0.0,
562.141286,1.0,1.0,1.0,0.0,
562.141287,1.0,1.0,,1.0,
562.141288,1.0,1.0,,0.0,
562.141289,1.0,1.0,,1.0,
562.141291,1.0,1.0,,1.0,
562.141292,1.0,1.0,1.0,1.0,
562.141293,1.0,1.0,,1.0,
562.141294,1.0,1.0,1.0,0.0,
562.141295,1.0,1.0,1.0,1.0,
562.141296,1.0,1.0,1.0,1.0,
562.141297,1.0,1.0,,1.0,
562.141298,1.0,1.0,1.0,1.0,
562.141299,1.0,1.0,1.0,0.0,
562.141300,1.0,1.0,1.0,0.0,
562.141301,1.0,1.0,,1.0,
562.141302,1.0,1.0,,1.0,
562.141303,1.0,1.0,,1.0,
562.141304,1.0,1.0,1.0,1.0,
562.141305,1.0,1.0,1.0,1.0,
562.141306,1.0,1.0,,0.0,
562.141307,1.0,1.0,0.0,0.0,
562.141308,1.0,,0.0,0.0,
562.141309,1.0,1.0,0.0,0.0,
562.141310,1.0,,,0.0,
562.141311,1.0,1.0,0.0,0.0,
562.141312,1.0,1.0,0.0,0.0,
562.141313,1.0,1.0,,0.0,
562.141314,1.0,1.0,1.0,1.0,
562.141315,1.0,1.0,0.0,0.0,
562.141316,1.0,1.0,0.0,0.0,
562.141317,1.0,1.0,0.0,0.0,
562.141318,1.0,1.0,0.0,0.0,
562.141319,1.0,1.0,0.0,0.0,
562.141320,1.0,1.0,,0.0,
562.141321,1.0,1.0,0.0,0.0,
562.141322,1.0,1.0,0.0,1.0,
562.141323,1.0,1.0,0.0,0.0,
562.141324,1.0,1.0,,0.0,
562.141325,1.0,1.0,0.0,0.0,
562.141326,1.0,,0.0,0.0,
562.141327,1.0,1.0,0.0,0.0,
562.141328,1.0,1.0,0.0,1.0,
562.141329,1.0,1.0,0.0,0.0,
562.141330,1.0,1.0,0.0,0.0,
562.141331,1.0,1.0,0.0,0.0,
562.141332,1.0,1.0,0.0,0.0,
562.141333,1.0,1.0,0.0,0.0,
562.141334,1.0,1.0,0.0,0.0,
562.141335,1.0,1.0,0.0,0.0,
562.141336,1.0,1.0,0.0,0.0,
562.141337,1.0,1.0,0.0,0.0,
562.141338,1.0,1.0,0.0,0.0,
562.141339,1.0,1.0,0.0,1.0,
562.141340,1.0,1.0,0.0,0.0,
562.141341,1.0,1.0,0.0,0.0,
562.141342,1.0,1.0,0.0,1.0,
562.141343,1.0,1.0,0.0,0.0,
562.141344,1.0,1.0,0.0,0.0,
562.141345,1.0,1.0,0.0,0.0,
562.141346,1.0,1.0,1.0,0.0,
562.141347,1.0,1.0,,0.0,
562.141348,1.0,1.0,0.0,0.0,
562.141349,1.0,,,0.0,
562.141350,1.0,1.0,0.0,0.0,
562.141351,1.0,1.0,0.0,0.0,
562.141352,1.0,1.0,,0.0,
562.141353,1.0,1.0,0.0,1.0,
562.141354,1.0,1.0,0.0,0.0,
562.141355,1.0,,1.0,0.0,
562.141356,1.0,1.0,0.0,0.0,
562.141357,1.0,1.0,0.0,1.0,
562.141358,1.0,1.0,0.0,0.0,
562.141359,1.0,1.0,0.0,0.0,
562.141360,1.0,1.0,0.0,0.0,
562.141361,1.0,1.0,0.0,1.0,
562.141362,1.0,1.0,0.0,1.0,
562.141363,1.0,1.0,0.0,1.0,
562.141364,1.0,1.0,0.0,1.0,
562.141365,1.0,1.0,0.0,1.0,
562.141366,1.0,,0.0,0.0,
562.141367,1.0,1.0,0.0,0.0,
562.141368,1.0,0.0,0.0,0.0,
562.141369,1.0,1.0,0.0,0.0,
562.141370,1.0,1.0,,0.0,
562.141371,1.0,1.0,0.0,0.0,
562.141372,1.0,1.0,0.0,0.0,
562.141373,1.0,0.0,0.0,0.0,
562.141374,1.0,1.0,0.0,0.0,
562.141375,1.0,1.0,0.0,1.0,
562.141376,1.0,1.0,,0.0,
562.141377,1.0,1.0,0.0,0.0,
562.141378,1.0,0.0,0.0,0.0,
562.141379,1.0,0.0,0.0,0.0,
562.141380,1.0,1.0,0.0,0.0,
562.141381,1.0,1.0,0.0,0.0,
562.141382,1.0,,0.0,0.0,
562.141383,1.0,0.0,0.0,0.0,
562.141384,1.0,0.0,0.0,0.0,
562.141385,1.0,1.0,0.0,0.0,
562.141386,1.0,1.0,0.0,0.0,
562.141387,1.0,0.0,0.0,0.0,
562.141388,1.0,0.0,0.0,0.0,
562.141389,1.0,1.0,0.0,0.0,
562.141390,1.0,1.0,0.0,1.0,
562.141391,1.0,,0.0,0.0,
562.141392,1.0,0.0,0.0,0.0,
562.141393,1.0,1.0,0.0,1.0,
562.141394,1.0,1.0,0.0,0.0,
562.141395,1.0,1.0,0.0,1.0,
562.141396,1.0,1.0,0.0,0.0,
562.141397,1.0,1.0,0.0,0.0,
562.141398,1.0,1.0,0.0,0.0,
562.141399,1.0,,0.0,0.0,
562.141400,1.0,,0.0,0.0,
562.141401,1.0,1.0,0.0,0.0,
562.141402,1.0,1.0,0.0,0.0,
562.141403,1.0,1.0,0.0,0.0,
562.141404,1.0,1.0,0.0,0.0,
562.141405,1.0,0.0,0.0,0.0,
562.141406,1.0,0.0,1.0,0.0,
562.141407,1.0,0.0,0.0,1.0,
562.141408,0.0,0.0,1.0,1.0,
562.141409,1.0,0.0,1.0,0.0,
562.141410,1.0,0.0,0.0,1.0,
562.141411,0.0,,0.0,0.0,
562.141412,1.0,0.0,0.0,0.0,
562.141413,1.0,0.0,0.0,0.0,
562.141414,1.0,0.0,0.0,0.0,
562.141415,0.0,0.0,1.0,0.0,
562.141416,1.0,0.0,1.0,0.0,
562.141417,1.0,0.0,0.0,1.0,
562.141418,1.0,0.0,,1.0,
562.141419,1.0,0.0,0.0,1.0,
562.141420,1.0,0.0,0.0,1.0,
562.141421,1.0,0.0,0.0,0.0,
562.141422,1.0,0.0,0.0,0.0,
562.141423,1.0,0.0,1.0,1.0,
562.141424,1.0,0.0,0.0,0.0,
562.141425,1.0,0.0,0.0,0.0,
562.141426,0.0,0.0,,0.0,
562.141427,1.0,0.0,0.0,0.0,
562.141428,0.0,0.0,0.0,0.0,
562.141429,1.0,1.0,,0.0,
562.141430,1.0,1.0,1.0,0.0,
562.141431,1.0,0.0,1.0,1.0,
562.141432,1.0,0.0,0.0,0.0,
562.141433,1.0,0.0,1.0,1.0,
562.141434,1.0,0.0,1.0,0.0,
562.141435,1.0,0.0,0.0,0.0,
562.141436,1.0,1.0,0.0,0.0,
562.141437,0.0,0.0,0.0,0.0,
562.141438,1.0,0.0,1.0,0.0,
562.141439,1.0,1.0,0.0,0.0,
562.141440,1.0,1.0,1.0,0.0,
562.141441,1.0,1.0,1.0,0.0,
562.141442,1.0,1.0,,0.0,
562.141443,1.0,1.0,,0.0,
562.141444,1.0,0.0,1.0,0.0,
562.141445,0.0,0.0,0.0,0.0,
562.141446,1.0,0.0,0.0,1.0,
562.141447,0.0,0.0,0.0,0.0,
562.141448,0.0,0.0,0.0,0.0,
562.141449,0.0,0.0,1.0,1.0,
562.141450,0.0,0.0,0.0,1.0,
562.141451,1.0,0.0,0.0,0.0,
562.141452,1.0,0.0,1.0,0.0,
562.141453,1.0,0.0,0.0,0.0,
562.141454,1.0,,1.0,0.0,
562.141455,0.0,0.0,0.0,0.0,
562.141456,0.0,0.0,1.0,0.0,
562.141457,1.0,0.0,0.0,0.0,
562.141458,1.0,0.0,0.0,1.0,
562.141459,1.0,0.0,0.0,0.0,
562.141460,1.0,0.0,0.0,0.0,
562.141461,1.0,0.0,0.0,0.0,
562.141462,1.0,0.0,,0.0,
562.141463,1.0,0.0,,1.0,
562.141464,1.0,0.0,,0.0,
562.141465,0.0,0.0,1.0,1.0,
562.141466,1.0,0.0,1.0,0.0,
562.141467,1.0,0.0,,0.0,
562.141468,0.0,0.0,0.0,1.0,
562.141469,1.0,0.0,0.0,0.0,
562.141470,1.0,0.0,,0.0,
562.141471,1.0,1.0,0.0,0.0,
562.141472,1.0,1.0,0.0,0.0,
562.141473,1.0,1.0,0.0,0.0,
562.141474,1.0,0.0,0.0,0.0,
562.141475,1.0,0.0,0.0,0.0,
562.141476,0.0,0.0,0.0,1.0,
562.141477,1.0,0.0,0.0,1.0,
562.141478,1.0,0.0,0.0,1.0,
562.141479,1.0,0.0,0.0,1.0,
562.141480,0.0,0.0,0.0,0.0,
562.141481,0.0,0.0,0.0,0.0,
562.141482,1.0,0.0,0.0,0.0,
562.141483,1.0,0.0,,1.0,
562.141484,1.0,,1.0,0.0,
562.141485,1.0,,,0.0,
562.141486,1.0,,,0.0,
562.141487,1.0,1.0,0.0,0.0,
562.141488,1.0,1.0,0.0,0.0,
562.141489,1.0,1.0,0.0,0.0,
562.141490,1.0,0.0,1.0,0.0,
562.141493,,,0.0,0.0,
562.141495,,1.0,1.0,0.0,
562.141503,,1.0,0.0,0.0,
562.141506,,0.0,0.0,0.0,
562.141507,,1.0,1.0,0.0,1.0
562.141508,,1.0,1.0,0.0,
562.141511,,1.0,1.0,1.0,1.0
562.141513,,1.0,1.0,0.0,1.0
562.141514,,1.0,1.0,0.0,
562.141515,,1.0,1.0,0.0,
562.141516,,1.0,1.0,0.0,
562.141517,,1.0,1.0,0.0,
562.141518,,1.0,0.0,0.0,1.0
562.141519,,1.0,1.0,1.0,1.0
562.141520,,1.0,0.0,1.0,1.0
562.141521,,1.0,1.0,1.0,1.0
562.141522,,1.0,1.0,0.0,
562.141523,,,1.0,1.0,1.0
562.141524,,1.0,1.0,0.0,
562.141525,,1.0,1.0,0.0,
562.141526,,1.0,1.0,1.0,1.0
562.141527,,1.0,1.0,1.0,1.0
562.141528,,1.0,1.0,0.0,
562.141529,,1.0,1.0,0.0,1.0
562.141530,,1.0,1.0,0.0,1.0
562.141531,,1.0,1.0,0.0,
562.141532,,1.0,1.0,0.0,1.0
562.141533,,1.0,1.0,0.0,
562.141534,,1.0,1.0,0.0,
562.141535,,1.0,1.0,0.0,
562.141536,,1.0,1.0,1.0,
562.141537,,1.0,1.0,0.0,
562.141538,,1.0,1.0,0.0,
562.141539,,1.0,1.0,1.0,
562.141540,,1.0,0.0,0.0,
562.141541,,1.0,1.0,0.0,1.0
562.141542,,1.0,1.0,0.0,
562.141543,,1.0,1.0,1.0,1.0
562.141544,,1.0,1.0,0.0,
562.141545,,1.0,1.0,0.0,
562.141546,,1.0,1.0,0.0,
562.141547,,1.0,1.0,0.0,1.0
562.141548,,1.0,1.0,0.0,
562.141550,,1.0,1.0,0.0,
562.141552,,,0.0,1.0,1.0
562.141561,,0.0,0.0,0.0,
562.141562,,0.0,1.0,0.0,1.0
562.141563,,0.0,0.0,0.0,
562.141564,,0.0,0.0,0.0,
562.141565,,1.0,1.0,0.0,
562.141566,,1.0,1.0,1.0,
562.141567,,1.0,1.0,0.0,1.0
562.141568,,1.0,1.0,0.0,
562.141569,,1.0,1.0,0.0,
562.141570,,,0.0,0.0,
562.141572,,1.0,0.0,0.0,
562.141573,,0.0,0.0,0.0,
562.141574,,0.0,0.0,0.0,
562.141575,,0.0,0.0,0.0,
562.141576,,0.0,0.0,1.0,
562.141579,,0.0,0.0,0.0,
562.141580,,0.0,0.0,0.0,
562.141583,,0.0,1.0,1.0,
562.141587,,1.0,1.0,0.0,
562.141588,,0.0,0.0,0.0,
562.141589,,0.0,0.0,0.0,
562.141590,,0.0,0.0,0.0,
562.141591,,0.0,0.0,0.0,
562.141592,,1.0,1.0,0.0,1.0
562.141593,,0.0,0.0,0.0,
562.141594,,1.0,1.0,0.0,1.0
562.141595,,0.0,0.0,0.0,
562.141596,,1.0,0.0,0.0,1.0
562.141597,,1.0,1.0,0.0,
562.141598,,0.0,1.0,0.0,
562.141599,,1.0,1.0,0.0,
562.141600,,1.0,1.0,0.0,
562.141601,,0.0,0.0,0.0,
562.141602,,0.0,0.0,0.0,
562.141603,,1.0,1.0,0.0,
562.141604,,1.0,1.0,1.0,
562.141605,,1.0,1.0,0.0,
562.141606,,0.0,0.0,0.0,
562.141607,,1.0,1.0,1.0,1.0
562.141608,,0.0,0.0,0.0,
562.141609,,0.0,0.0,0.0,
562.141610,,1.0,1.0,1.0,
562.141611,,0.0,0.0,0.0,
562.141612,,0.0,0.0,0.0,
562.141613,,0.0,0.0,0.0,
562.141614,,1.0,1.0,1.0,1.0
562.141615,,0.0,0.0,0.0,
562.141616,,,0.0,0.0,
562.141617,,,1.0,1.0,1.0
562.141618,,,1.0,1.0,1.0
562.141619,,0.0,1.0,0.0,
562.141620,,0.0,1.0,1.0,1.0
562.141621,,0.0,0.0,0.0,
562.141622,,0.0,1.0,0.0,
562.141623,,1.0,0.0,1.0,1.0
562.141624,,0.0,0.0,0.0,1.0
562.141625,,1.0,1.0,0.0,1.0
562.141626,,0.0,0.0,0.0,
562.141627,,1.0,1.0,0.0,
562.141628,,0.0,0.0,0.0,
562.141630,,0.0,0.0,0.0,
562.141631,,,0.0,0.0,
562.141632,,1.0,0.0,0.0,1.0
562.141633,,1.0,1.0,0.0,
562.141634,,1.0,1.0,1.0,1.0
562.141635,,1.0,1.0,0.0,
562.141636,,1.0,1.0,0.0,
562.141637,,1.0,1.0,0.0,
562.141638,,1.0,0.0,0.0,
562.141639,,1.0,1.0,0.0,
562.141640,,1.0,1.0,0.0,
562.141641,,1.0,1.0,1.0,
562.141642,,1.0,1.0,0.0,
562.141643,,1.0,1.0,1.0,
562.141644,,1.0,1.0,0.0,
562.141645,,1.0,1.0,1.0,
562.141646,,1.0,1.0,0.0,
562.141647,,1.0,1.0,1.0,
562.141648,,1.0,0.0,0.0,
562.141649,,1.0,1.0,0.0,1.0
562.141650,,1.0,1.0,0.0,
562.141655,,0.0,0.0,0.0,
562.141658,,,0.0,0.0,
562.141661,,1.0,1.0,0.0,
562.141667,,1.0,1.0,0.0,
562.141668,,1.0,1.0,0.0,1.0
562.141669,,1.0,1.0,0.0,
562.141670,,1.0,1.0,0.0,
562.141671,,1.0,1.0,0.0,
562.141673,,1.0,1.0,0.0,1.0
562.141674,,1.0,1.0,1.0,1.0
562.141675,,1.0,0.0,0.0,1.0
562.141676,,1.0,1.0,1.0,1.0
562.141677,,0.0,0.0,0.0,
562.141678,,1.0,1.0,0.0,
562.141680,,0.0,0.0,0.0,
562.141681,,,0.0,0.0,
562.141683,,0.0,1.0,0.0,
562.141684,,0.0,0.0,0.0,
562.141686,,0.0,0.0,0.0,
562.141689,,0.0,0.0,0.0,
562.141690,,0.0,0.0,0.0,
562.141691,,0.0,0.0,0.0,
562.141692,,0.0,0.0,0.0,
562.141694,,0.0,0.0,0.0,
562.141695,,1.0,1.0,0.0,
562.141696,,0.0,0.0,0.0,
562.141697,,0.0,0.0,0.0,
562.141698,,0.0,0.0,0.0,
562.141699,,1.0,1.0,1.0,
562.141700,,0.0,1.0,0.0,
562.141701,,0.0,0.0,0.0,
562.141702,,0.0,0.0,0.0,
562.141703,,0.0,0.0,0.0,
562.141705,,0.0,0.0,0.0,
562.141706,,0.0,0.0,0.0,
562.141707,,1.0,1.0,1.0,
562.141708,,1.0,1.0,0.0,1.0
562.141709,,0.0,0.0,0.0,
562.141710,,0.0,0.0,0.0,
562.141711,,1.0,1.0,1.0,
562.141712,,1.0,1.0,0.0,
562.141713,,1.0,1.0,0.0,1.0
562.141714,,0.0,0.0,0.0,
562.141717,,1.0,1.0,1.0,1.0
562.141718,,1.0,1.0,0.0,
562.141719,,1.0,1.0,1.0,1.0
562.141720,,1.0,1.0,0.0,1.0
562.141721,,0.0,0.0,0.0,
562.141722,,1.0,1.0,0.0,
562.141723,,1.0,1.0,1.0,
562.141724,,1.0,1.0,0.0,1.0
562.141725,,1.0,0.0,0.0,
562.141726,,1.0,1.0,0.0,1.0
562.141727,,1.0,1.0,1.0,
562.141728,,1.0,0.0,1.0,
562.141729,,1.0,1.0,0.0,
562.141730,,1.0,1.0,1.0,
562.141731,,0.0,1.0,1.0,1.0
562.141733,,1.0,0.0,0.0,
562.141734,,1.0,1.0,1.0,
562.141735,,1.0,1.0,0.0,1.0
562.141736,,1.0,1.0,0.0,
562.141737,,1.0,1.0,0.0,1.0
562.141738,,1.0,1.0,1.0,1.0
562.141739,,1.0,1.0,1.0,
562.141740,,1.0,1.0,0.0,1.0
562.141741,,1.0,1.0,0.0,
562.141745,,1.0,1.0,1.0,1.0
562.141746,,1.0,1.0,1.0,1.0
562.141747,,1.0,1.0,1.0,1.0
562.141748,,1.0,1.0,0.0,1.0
562.141749,,1.0,1.0,1.0,1.0
562.141750,,1.0,1.0,1.0,1.0
562.141751,,1.0,1.0,0.0,1.0
562.141752,,1.0,1.0,0.0,1.0
562.141753,,1.0,1.0,0.0,1.0
562.141757,,1.0,1.0,0.0,
562.141759,,1.0,1.0,1.0,
562.141760,,1.0,1.0,0.0,
562.141761,,1.0,1.0,0.0,1.0
562.141762,,1.0,1.0,1.0,
562.141763,,1.0,0.0,0.0,
562.141764,,1.0,0.0,0.0,
562.141765,,1.0,1.0,1.0,1.0
562.141766,,0.0,0.0,0.0,
562.141767,,1.0,1.0,0.0,
562.141768,,1.0,1.0,0.0,
562.141769,,1.0,0.0,0.0,1.0
562.141770,,1.0,1.0,0.0,1.0
562.141771,,0.0,0.0,0.0,
562.141772,,0.0,0.0,0.0,
562.141773,,0.0,0.0,0.0,
562.141774,,1.0,1.0,0.0,
562.141775,,1.0,0.0,0.0,1.0
562.141776,,1.0,1.0,1.0,
562.141777,,0.0,0.0,0.0,
562.141778,,0.0,0.0,0.0,
562.141779,,0.0,0.0,0.0,
562.141780,,1.0,1.0,0.0,
562.141781,,1.0,1.0,0.0,
562.141782,,1.0,0.0,0.0,
562.141783,,1.0,0.0,0.0,
562.141784,,0.0,1.0,0.0,
562.141786,,1.0,1.0,0.0,
562.141787,,1.0,1.0,0.0,
562.141788,,1.0,1.0,0.0,
562.141789,,1.0,1.0,0.0,
562.141790,,1.0,0.0,0.0,
562.141791,,1.0,1.0,1.0,1.0
562.141792,,1.0,1.0,0.0,1.0
562.141793,,1.0,1.0,0.0,1.0
562.141794,,1.0,1.0,0.0,
562.141795,,0.0,0.0,0.0,
562.141796,,1.0,1.0,0.0,
562.141797,,,0.0,0.0,1.0
562.141798,,0.0,1.0,0.0,
562.141799,,1.0,0.0,0.0,
562.141800,,1.0,1.0,0.0,
562.141801,,1.0,1.0,0.0,1.0
562.141802,,1.0,0.0,0.0,1.0
562.141803,,1.0,1.0,0.0,1.0
562.141804,,,1.0,1.0,
562.141805,,1.0,0.0,0.0,
562.141806,,1.0,0.0,0.0,
562.141807,,1.0,0.0,0.0,
562.141808,,0.0,0.0,0.0,
562.141809,,,0.0,0.0,
562.141810,,1.0,1.0,0.0,1.0
562.141811,,0.0,0.0,0.0,
562.141812,,0.0,0.0,0.0,
562.141813,,1.0,1.0,1.0,
562.141814,,1.0,1.0,0.0,1.0
562.141815,,1.0,1.0,1.0,1.0
562.141816,,1.0,1.0,0.0,1.0
562.141818,,1.0,1.0,0.0,
562.141819,,0.0,1.0,0.0,
562.141820,,0.0,1.0,0.0,1.0
562.141821,,0.0,1.0,0.0,
562.141822,,0.0,0.0,0.0,
562.141824,,1.0,1.0,1.0,1.0
562.141825,,1.0,1.0,0.0,1.0
562.141826,,1.0,1.0,0.0,1.0
562.141827,,1.0,1.0,0.0,
562.141828,,0.0,0.0,1.0,1.0
562.141830,,1.0,1.0,1.0,1.0
562.141831,,1.0,0.0,0.0,
562.141832,,1.0,1.0,0.0,
562.141833,,1.0,1.0,0.0,
562.141834,,0.0,0.0,0.0,
562.141839,,1.0,1.0,0.0,
562.141853,,1.0,1.0,0.0,
562.141854,,1.0,1.0,1.0,1.0
562.141855,,1.0,1.0,1.0,1.0
562.141857,,1.0,0.0,0.0,
562.141858,,0.0,0.0,0.0,
562.141859,,1.0,0.0,0.0,
562.141860,,0.0,0.0,0.0,
562.141861,,0.0,1.0,0.0,
562.141862,,0.0,0.0,0.0,
562.141863,,1.0,1.0,0.0,
562.141864,,0.0,0.0,0.0,
562.141865,,1.0,1.0,0.0,
562.141866,,1.0,1.0,0.0,
562.141867,,1.0,1.0,0.0,
562.141868,,1.0,1.0,0.0,
562.141869,,0.0,0.0,0.0,
562.141870,,1.0,1.0,0.0,1.0
562.141871,,0.0,0.0,0.0,
562.141872,,1.0,1.0,0.0,
562.141873,,1.0,1.0,0.0,
562.141874,,0.0,1.0,0.0,
562.141875,,1.0,1.0,1.0,
562.141876,,0.0,1.0,0.0,
562.141877,,1.0,0.0,0.0,
562.141878,,1.0,0.0,0.0,
562.141879,,1.0,1.0,0.0,1.0
562.141880,,1.0,0.0,0.0,
562.141881,,1.0,1.0,0.0,
562.141882,,,1.0,0.0,
562.141883,,0.0,0.0,0.0,1.0
562.141884,,1.0,1.0,1.0,
562.141885,,,0.0,0.0,
562.141886,,1.0,1.0,0.0,
562.141887,,1.0,1.0,0.0,
562.141888,,1.0,1.0,0.0,
562.141889,,1.0,1.0,0.0,1.0
562.141890,,1.0,1.0,1.0,
562.141891,,1.0,0.0,1.0,1.0
562.141892,,1.0,1.0,0.0,
562.141893,,0.0,0.0,0.0,
562.141894,,1.0,1.0,1.0,
562.141895,,1.0,1.0,0.0,
562.141896,,0.0,1.0,0.0,
562.141897,,,1.0,1.0,1.0
562.141898,,1.0,1.0,1.0,1.0
562.141899,,0.0,1.0,1.0,
562.141900,,1.0,1.0,0.0,
562.141903,,1.0,1.0,0.0,1.0
562.141904,,1.0,1.0,0.0,
562.141905,,1.0,1.0,0.0,1.0
562.141906,,1.0,1.0,0.0,
562.141907,,1.0,1.0,0.0,1.0
562.141908,,1.0,1.0,0.0,
562.141909,,1.0,1.0,0.0,1.0
562.141910,,1.0,1.0,0.0,
562.141911,,1.0,1.0,0.0,
562.141912,,1.0,1.0,0.0,1.0
562.141915,,1.0,0.0,0.0,1.0
562.141921,,1.0,1.0,1.0,1.0
562.141922,,1.0,1.0,0.0,
562.141923,,1.0,1.0,0.0,
562.141924,,1.0,1.0,1.0,
562.141925,,1.0,1.0,1.0,1.0
562.141926,,1.0,0.0,1.0,1.0
562.141927,,1.0,1.0,0.0,
562.141928,,1.0,1.0,1.0,
562.141929,,1.0,1.0,0.0,
562.141930,,0.0,0.0,0.0,
562.141931,,1.0,1.0,0.0,
562.141932,,1.0,1.0,1.0,1.0
562.141933,,1.0,0.0,0.0,
562.141934,,0.0,0.0,0.0,
562.141935,,1.0,1.0,0.0,
562.141936,,0.0,0.0,0.0,
562.141937,,1.0,0.0,0.0,
562.141938,,1.0,1.0,0.0,1.0
562.141939,,0.0,0.0,0.0,
562.141940,,1.0,1.0,0.0,1.0
562.141941,,1.0,1.0,0.0,1.0
562.141942,,0.0,1.0,0.0,
562.141943,,1.0,1.0,0.0,1.0
562.141944,,1.0,1.0,0.0,
562.141945,,1.0,1.0,0.0,
562.141946,,1.0,1.0,1.0,
562.141947,,1.0,1.0,1.0,1.0
562.141948,,1.0,1.0,1.0,
562.141949,,1.0,0.0,0.0,
562.141954,,0.0,0.0,0.0,
562.141956,,1.0,1.0,1.0,
562.141957,,0.0,1.0,1.0,
562.141958,,0.0,0.0,0.0,
562.141959,,1.0,0.0,0.0,1.0
562.141960,,1.0,1.0,1.0,
562.141961,,1.0,1.0,0.0,
562.141962,,1.0,0.0,0.0,
562.141963,,1.0,1.0,0.0,1.0
562.141964,,1.0,1.0,1.0,1.0
562.141965,,1.0,1.0,1.0,
562.141966,,1.0,1.0,0.0,1.0
562.141967,,1.0,1.0,0.0,
562.141968,,1.0,0.0,0.0,
562.141969,,1.0,0.0,0.0,1.0
562.141970,,1.0,1.0,0.0,
562.141971,,1.0,1.0,0.0,
562.141972,,0.0,0.0,0.0,
562.141973,,1.0,1.0,1.0,1.0
562.141974,,0.0,0.0,0.0,
562.141975,,0.0,0.0,0.0,
562.141976,,0.0,0.0,0.0,
562.141977,,1.0,0.0,0.0,
562.141978,,1.0,1.0,1.0,1.0
562.141979,,1.0,1.0,0.0,
562.141980,,1.0,0.0,0.0,
562.141981,,1.0,1.0,0.0,1.0
562.141982,,0.0,0.0,0.0,
562.141983,,1.0,1.0,0.0,
562.141984,,0.0,1.0,1.0,
562.141985,,1.0,1.0,1.0,
562.141986,,1.0,1.0,0.0,
562.141987,,1.0,1.0,1.0,
562.141988,,1.0,1.0,1.0,
562.141989,,1.0,1.0,1.0,1.0
562.141990,,1.0,1.0,0.0,
562.141993,,1.0,1.0,1.0,1.0
562.141994,,,0.0,0.0,
562.141995,,,0.0,0.0,
562.141996,,0.0,0.0,0.0,
562.141997,,0.0,0.0,0.0,
562.141998,,0.0,1.0,0.0,
562.141999,,0.0,0.0,0.0,
562.142000,,0.0,1.0,0.0,
562.142001,,0.0,0.0,0.0,
562.142002,,0.0,0.0,0.0,
562.142003,,0.0,0.0,0.0,
562.142004,,0.0,0.0,0.0,
562.142005,,1.0,1.0,0.0,1.0
562.142006,,0.0,1.0,0.0,1.0
562.142007,,0.0,0.0,0.0,
562.142008,,0.0,0.0,0.0,
562.142009,,1.0,0.0,1.0,1.0
562.142010,,1.0,1.0,1.0,
562.142011,,1.0,1.0,0.0,1.0
562.142012,,1.0,1.0,0.0,
562.142015,,1.0,1.0,0.0,
562.142016,,1.0,1.0,1.0,1.0
562.142017,,1.0,1.0,0.0,
562.142018,,1.0,1.0,0.0,
562.142019,,1.0,1.0,0.0,
562.142020,,1.0,0.0,0.0,
562.142021,,1.0,1.0,0.0,1.0
562.142022,,1.0,0.0,1.0,1.0
562.142023,,1.0,1.0,0.0,1.0
562.142024,,1.0,0.0,1.0,1.0
562.142025,,1.0,1.0,1.0,1.0
562.142026,,1.0,1.0,0.0,1.0
562.142027,,1.0,1.0,1.0,1.0
562.142028,,1.0,1.0,0.0,1.0
562.142029,,1.0,1.0,0.0,
562.142030,,1.0,1.0,0.0,
562.142031,,1.0,1.0,0.0,
562.142032,,1.0,0.0,0.0,1.0
562.142033,,,0.0,1.0,1.0
562.142034,,1.0,1.0,0.0,
562.142035,,1.0,1.0,0.0,
562.142036,,1.0,1.0,0.0,1.0
562.142037,,1.0,1.0,1.0,
562.142038,,1.0,0.0,0.0,
562.142039,,1.0,0.0,0.0,
562.142040,,1.0,1.0,0.0,1.0
562.142041,,0.0,0.0,0.0,1.0
562.142042,,1.0,1.0,1.0,1.0
562.142043,,1.0,1.0,0.0,1.0
562.142044,,1.0,1.0,0.0,1.0
562.142045,,1.0,0.0,1.0,1.0
562.142046,,1.0,1.0,1.0,1.0
562.142047,,1.0,1.0,0.0,1.0
562.142048,,1.0,1.0,1.0,1.0
562.142049,,,0.0,0.0,1.0
562.142050,,1.0,1.0,0.0,1.0
562.142051,,1.0,1.0,0.0,
562.142052,,1.0,1.0,0.0,
562.142053,,1.0,1.0,1.0,1.0
562.142054,,1.0,1.0,0.0,
562.142055,,1.0,1.0,0.0,
562.142056,,1.0,0.0,0.0,
562.142057,,1.0,1.0,0.0,
562.142058,,1.0,1.0,0.0,1.0
562.142059,,1.0,1.0,0.0,
562.142060,,1.0,1.0,1.0,
562.142061,,1.0,0.0,0.0,1.0
562.142069,,0.0,0.0,0.0,
562.142070,,1.0,1.0,0.0,
562.142071,,0.0,0.0,0.0,
562.142072,,0.0,0.0,0.0,
562.142073,,1.0,1.0,0.0,
562.142074,,1.0,1.0,0.0,1.0
562.142075,,1.0,0.0,0.0,
562.142076,,1.0,0.0,0.0,1.0
562.142077,,1.0,1.0,0.0,
562.142096,,0.0,0.0,0.0,
562.142101,,1.0,1.0,1.0,1.0
562.142102,,1.0,0.0,0.0,1.0
562.142103,,1.0,1.0,1.0,
562.142104,,1.0,1.0,0.0,1.0
562.142105,,1.0,0.0,1.0,1.0
562.142106,,1.0,0.0,0.0,
562.142107,,1.0,0.0,0.0,
562.142108,,1.0,1.0,1.0,1.0
562.142109,,1.0,1.0,1.0,
562.142110,,1.0,0.0,0.0,
562.142111,,,1.0,1.0,1.0
562.142112,,1.0,1.0,1.0,
562.142117,,0.0,0.0,0.0,
562.142118,,0.0,0.0,0.0,
562.142119,,1.0,0.0,0.0,
562.142120,,1.0,0.0,1.0,
562.142121,,1.0,1.0,0.0,
562.142122,,1.0,0.0,0.0,1.0
562.142123,,0.0,1.0,0.0,
562.142124,,0.0,0.0,0.0,
562.142126,,1.0,0.0,0.0,1.0
562.142127,,,0.0,0.0,1.0
562.142129,,0.0,1.0,0.0,
562.142130,,1.0,1.0,1.0,
562.142131,,1.0,0.0,0.0,
562.142132,,1.0,1.0,0.0,
562.142133,,1.0,1.0,0.0,
562.142134,,1.0,0.0,0.0,
562.142135,,1.0,1.0,0.0,
562.142136,,0.0,0.0,0.0,
562.142137,,1.0,1.0,0.0,1.0
562.142138,,1.0,1.0,0.0,
562.142139,,0.0,0.0,0.0,
562.142140,,0.0,0.0,0.0,
562.142141,,1.0,1.0,0.0,
562.142142,,1.0,1.0,0.0,1.0
562.142143,,1.0,1.0,0.0,
562.142144,,1.0,1.0,0.0,
562.142145,,1.0,1.0,0.0,
562.142146,,1.0,1.0,0.0,
562.142147,,1.0,1.0,0.0,1.0
562.142148,,0.0,0.0,0.0,
562.142149,,1.0,1.0,1.0,1.0
562.142150,,0.0,0.0,0.0,
562.142151,,1.0,1.0,0.0,1.0
562.142152,,1.0,1.0,1.0,1.0
562.142153,,1.0,1.0,1.0,1.0
562.142154,,1.0,1.0,1.0,
562.142155,,1.0,1.0,0.0,
562.142156,,1.0,1.0,1.0,
562.142157,,0.0,0.0,0.0,
562.142158,,1.0,1.0,0.0,
562.142159,,1.0,1.0,0.0,
562.142164,,0.0,0.0,0.0,1.0
562.142165,,0.0,1.0,0.0,1.0
562.142166,,1.0,1.0,0.0,1.0
562.142167,,0.0,1.0,0.0,
562.142168,,1.0,1.0,1.0,
562.142169,,1.0,1.0,0.0,
562.142170,,1.0,1.0,0.0,1.0
562.142171,,1.0,1.0,1.0,1.0
562.142172,,1.0,0.0,1.0,1.0
562.142173,,0.0,0.0,0.0,
562.142174,,0.0,0.0,0.0,
562.142175,,0.0,1.0,0.0,1.0
562.142176,,1.0,1.0,1.0,1.0
562.142177,,1.0,1.0,0.0,1.0
562.142178,,1.0,1.0,0.0,
562.142179,,1.0,1.0,0.0,1.0
562.142180,,1.0,1.0,1.0,
562.142181,,1.0,1.0,1.0,1.0
562.142182,,1.0,1.0,0.0,1.0
562.142183,,1.0,1.0,1.0,
562.142184,,1.0,1.0,0.0,
562.142185,,1.0,1.0,1.0,
562.142186,,1.0,1.0,0.0,
562.142187,,1.0,1.0,1.0,
562.142188,,1.0,1.0,0.0,1.0
562.142189,,1.0,0.0,0.0,
562.142190,,1.0,1.0,0.0,
562.142191,,1.0,1.0,1.0,
562.142192,,0.0,0.0,0.0,
562.142193,,0.0,0.0,0.0,
562.142194,,0.0,0.0,0.0,1.0
562.142195,,,1.0,0.0,
562.142196,,0.0,0.0,0.0,
562.142197,,,1.0,0.0,
562.142198,,0.0,0.0,0.0,
562.142199,,,1.0,0.0,1.0
562.142200,,0.0,0.0,0.0,
562.142201,,0.0,1.0,0.0,
562.142202,,1.0,1.0,0.0,
562.142203,,1.0,1.0,0.0,
562.142204,,0.0,0.0,0.0,
562.142205,,0.0,1.0,0.0,
562.142206,,0.0,1.0,0.0,
562.142207,,1.0,1.0,0.0,1.0
562.142208,,0.0,1.0,0.0,1.0
562.142216,,,1.0,0.0,1.0
562.142218,,1.0,1.0,0.0,1.0
562.142219,,1.0,1.0,1.0,1.0
562.142220,,1.0,1.0,0.0,
562.142221,,1.0,1.0,0.0,1.0
562.142223,,1.0,1.0,1.0,1.0
562.142224,,1.0,1.0,0.0,
562.142225,,1.0,1.0,1.0,1.0
562.142226,,1.0,1.0,0.0,
562.142227,,1.0,1.0,0.0,1.0
562.142228,,1.0,1.0,1.0,1.0
562.142229,,1.0,1.0,0.0,1.0
562.142230,,1.0,1.0,0.0,
562.142231,,1.0,1.0,0.0,
562.142232,,1.0,1.0,0.0,
562.142233,,1.0,0.0,1.0,
562.142234,,1.0,1.0,0.0,1.0
562.142235,,1.0,1.0,1.0,1.0
562.142236,,1.0,1.0,0.0,1.0
562.142237,,1.0,1.0,0.0,1.0
562.142238,,1.0,1.0,0.0,
562.142239,,1.0,1.0,0.0,1.0
562.142240,,1.0,1.0,1.0,1.0
562.142241,,1.0,0.0,0.0,
562.142242,,1.0,1.0,0.0,
562.142243,,1.0,1.0,0.0,
562.142244,,1.0,0.0,0.0,
562.142246,,1.0,0.0,0.0,1.0
562.142247,,0.0,0.0,0.0,
562.142248,,1.0,0.0,0.0,
562.142249,,1.0,0.0,1.0,1.0
562.142250,,1.0,1.0,1.0,
562.142251,,1.0,0.0,0.0,
562.142252,,1.0,0.0,1.0,1.0
562.142253,,1.0,0.0,0.0,1.0
562.142254,,1.0,0.0,0.0,
562.142255,,1.0,1.0,0.0,
562.142256,,1.0,1.0,0.0,
562.142257,,1.0,1.0,0.0,1.0
562.142258,,,1.0,0.0,
562.142259,,1.0,0.0,0.0,
562.142260,,1.0,1.0,0.0,
562.142261,,1.0,1.0,1.0,1.0
562.142262,,1.0,1.0,1.0,
562.142263,,1.0,1.0,0.0,1.0
562.142264,,1.0,1.0,0.0,1.0
562.142265,,1.0,1.0,1.0,
562.142266,,1.0,1.0,0.0,
562.142267,,1.0,0.0,0.0,
562.142268,,1.0,1.0,0.0,
562.142269,,0.0,0.0,0.0,
562.142270,,1.0,1.0,1.0,1.0
562.142271,,1.0,0.0,0.0,1.0
562.142272,,1.0,1.0,0.0,
562.142273,,1.0,0.0,0.0,
562.142274,,1.0,1.0,0.0,
562.142275,,0.0,0.0,0.0,
562.142276,,1.0,1.0,0.0,
562.142277,,0.0,0.0,0.0,
562.142278,,1.0,1.0,0.0,1.0
562.142279,,1.0,0.0,1.0,1.0
562.142280,,1.0,1.0,1.0,1.0
562.142281,,1.0,1.0,0.0,
562.142282,,1.0,0.0,1.0,
562.142283,,,1.0,0.0,1.0
562.142284,,0.0,1.0,0.0,1.0
562.142285,,1.0,1.0,1.0,1.0
562.142286,,1.0,0.0,0.0,1.0
562.142287,,1.0,1.0,1.0,1.0
562.142288,,1.0,1.0,0.0,1.0
562.142289,,1.0,1.0,1.0,
562.142290,,1.0,0.0,0.0,1.0
562.142291,,1.0,1.0,1.0,1.0
562.142292,,1.0,1.0,1.0,1.0
562.142293,,1.0,0.0,0.0,
562.142294,,1.0,0.0,0.0,
562.142295,,1.0,1.0,0.0,1.0
562.142296,,1.0,1.0,1.0,1.0
562.142297,,1.0,1.0,1.0,1.0
562.142298,,1.0,1.0,1.0,1.0
562.142299,,1.0,0.0,1.0,1.0
562.142300,,1.0,0.0,0.0,
562.142301,,1.0,0.0,0.0,
562.142302,,1.0,1.0,0.0,1.0
562.142303,,1.0,0.0,0.0,1.0
562.142304,,1.0,0.0,1.0,
562.142306,,1.0,1.0,0.0,
562.142307,,0.0,0.0,0.0,
562.142308,,0.0,0.0,0.0,
562.142309,,1.0,1.0,1.0,1.0
562.142310,,0.0,0.0,0.0,
562.142311,,0.0,1.0,0.0,
562.142312,,1.0,1.0,0.0,1.0
562.142313,,1.0,1.0,0.0,
562.142314,,1.0,0.0,0.0,1.0
562.142315,,1.0,0.0,0.0,
562.142316,,1.0,1.0,1.0,1.0
562.142317,,1.0,1.0,0.0,1.0
562.142318,,1.0,1.0,0.0,1.0
562.142319,,1.0,1.0,1.0,1.0
562.142320,,1.0,1.0,0.0,
562.142321,,1.0,1.0,1.0,1.0
562.142322,,1.0,1.0,0.0,1.0
562.142324,,1.0,1.0,0.0,1.0
562.142325,,1.0,0.0,0.0,
562.142329,,,1.0,0.0,
562.142333,,1.0,0.0,0.0,
562.142335,,1.0,1.0,0.0,1.0
562.142336,,1.0,1.0,0.0,1.0
562.142337,,1.0,1.0,0.0,1.0
562.142338,,1.0,1.0,0.0,
562.142339,,1.0,1.0,0.0,1.0
562.142340,,1.0,1.0,0.0,
562.142341,,1.0,1.0,0.0,1.0
562.142342,,1.0,0.0,0.0,
562.142343,,1.0,1.0,0.0,
562.142344,,1.0,1.0,1.0,1.0
562.142345,,1.0,1.0,1.0,1.0
562.142346,,1.0,0.0,0.0,
562.142347,,1.0,1.0,0.0,
562.142348,,1.0,1.0,0.0,
562.142349,,1.0,1.0,0.0,
562.142350,,1.0,1.0,0.0,1.0
562.142351,,1.0,0.0,0.0,1.0
562.142352,,1.0,1.0,0.0,1.0
562.142353,,1.0,1.0,0.0,1.0
562.142354,,0.0,1.0,0.0,
562.142355,,1.0,1.0,1.0,
562.142356,,1.0,1.0,1.0,1.0
562.142357,,1.0,1.0,1.0,1.0
562.142358,,1.0,1.0,1.0,1.0
562.142359,,1.0,0.0,1.0,
562.142360,,1.0,1.0,0.0,
562.142361,,1.0,1.0,0.0,1.0
562.142362,,0.0,1.0,0.0,1.0
562.142363,,1.0,1.0,0.0,
562.142364,,1.0,1.0,1.0,1.0
562.142365,,1.0,1.0,1.0,
562.142366,,1.0,1.0,0.0,
562.142367,,1.0,0.0,0.0,
562.142368,,1.0,0.0,0.0,
562.142369,,1.0,1.0,0.0,
562.142370,,0.0,1.0,0.0,1.0
562.142371,,1.0,0.0,0.0,
562.142372,,0.0,1.0,1.0,1.0
562.142373,,1.0,0.0,0.0,
562.142374,,1.0,1.0,0.0,1.0
562.142375,,1.0,1.0,0.0,1.0
562.142377,,1.0,1.0,1.0,1.0
562.142380,,1.0,1.0,0.0,1.0
562.142381,,1.0,1.0,1.0,1.0
562.142385,,1.0,1.0,0.0,
562.142386,,1.0,0.0,0.0,
562.142387,,1.0,0.0,0.0,
562.142388,,1.0,1.0,0.0,1.0
562.142389,,1.0,1.0,0.0,
562.142390,,1.0,0.0,0.0,
562.142391,,1.0,1.0,1.0,1.0
562.142392,,1.0,1.0,0.0,1.0
562.142393,,1.0,1.0,0.0,1.0
562.142394,,1.0,1.0,1.0,1.0
562.142395,,1.0,1.0,0.0,1.0
562.142396,,1.0,1.0,0.0,1.0
562.142397,,1.0,1.0,0.0,
562.142398,,1.0,1.0,1.0,
562.142399,,1.0,1.0,1.0,1.0
562.142400,,1.0,1.0,1.0,1.0
562.142401,,1.0,1.0,1.0,1.0
562.142402,,,0.0,0.0,
562.142403,,1.0,1.0,0.0,
562.142404,,0.0,0.0,0.0,
562.142405,,1.0,1.0,1.0,1.0
562.142406,,1.0,1.0,0.0,1.0
562.142407,,1.0,1.0,1.0,
562.142413,,0.0,1.0,0.0,
562.142414,,1.0,1.0,0.0,
562.142419,,,0.0,0.0,
562.142420,,,1.0,0.0,1.0
562.142421,,0.0,1.0,0.0,
562.142422,,1.0,0.0,1.0,1.0
562.142424,,1.0,1.0,1.0,
562.142426,,1.0,1.0,0.0,
562.142427,,1.0,1.0,0.0,
562.142428,,1.0,1.0,1.0,1.0
562.142429,,1.0,1.0,0.0,
562.142430,,,0.0,0.0,
562.142431,,1.0,1.0,0.0,
562.142432,,1.0,1.0,0.0,
562.142433,,0.0,1.0,0.0,1.0
562.142434,,1.0,1.0,1.0,1.0
562.142435,,1.0,1.0,0.0,
562.142437,,1.0,1.0,0.0,
562.142438,,0.0,0.0,0.0,
562.142439,,1.0,1.0,1.0,1.0
562.142440,,1.0,1.0,1.0,
562.142441,,1.0,1.0,1.0,1.0
562.142442,,1.0,1.0,0.0,1.0
562.142443,,1.0,1.0,0.0,
562.142444,,1.0,1.0,1.0,1.0
562.142445,,1.0,0.0,0.0,
562.142446,,1.0,1.0,1.0,
562.142447,,1.0,0.0,0.0,1.0
562.142448,,1.0,1.0,0.0,
562.142449,,1.0,1.0,1.0,
562.142450,,1.0,1.0,0.0,
562.142451,,1.0,0.0,0.0,
562.142452,,1.0,1.0,1.0,1.0
562.142453,,1.0,1.0,1.0,1.0
562.142454,,1.0,1.0,0.0,
562.142455,,1.0,1.0,0.0,
562.142456,,1.0,1.0,0.0,
562.142457,,1.0,1.0,0.0,
562.142458,,1.0,1.0,0.0,1.0
562.142459,,1.0,1.0,0.0,
562.142460,,1.0,1.0,0.0,1.0
562.142461,,1.0,1.0,0.0,1.0
562.142462,,1.0,0.0,0.0,
562.142463,,1.0,1.0,1.0,
562.142464,,1.0,1.0,0.0,1.0
562.142465,,1.0,1.0,1.0,1.0
562.142466,,1.0,1.0,1.0,
562.142467,,1.0,1.0,1.0,
562.142468,,1.0,1.0,1.0,
562.142469,,1.0,1.0,1.0,1.0
562.142470,,1.0,1.0,0.0,1.0
562.142471,,1.0,1.0,0.0,
562.142472,,1.0,1.0,1.0,
562.142473,,1.0,1.0,0.0,1.0
562.142474,,1.0,1.0,1.0,1.0
562.142475,,1.0,1.0,1.0,1.0
562.142476,,1.0,1.0,1.0,1.0
562.142477,,0.0,1.0,0.0,
562.142478,,0.0,0.0,0.0,
562.142479,,1.0,1.0,0.0,
562.142481,,0.0,0.0,0.0,
562.142482,,1.0,0.0,0.0,1.0
562.142483,,1.0,1.0,0.0,1.0
562.142484,,1.0,1.0,0.0,
562.142485,,1.0,1.0,0.0,
562.142486,,1.0,1.0,0.0,
562.142487,,1.0,1.0,0.0,
562.142488,,0.0,0.0,0.0,
562.142489,,1.0,1.0,1.0,1.0
562.142490,,1.0,1.0,0.0,
562.142491,,1.0,1.0,0.0,
562.142492,,1.0,1.0,0.0,1.0
562.142493,,1.0,1.0,0.0,1.0
562.142494,,1.0,0.0,0.0,
562.142495,,1.0,1.0,0.0,
562.142496,,1.0,1.0,0.0,1.0
562.142497,,1.0,1.0,1.0,1.0
562.142498,,1.0,1.0,0.0,
562.142499,,1.0,1.0,0.0,
562.142500,,1.0,1.0,0.0,1.0
562.142501,,1.0,1.0,0.0,
562.142502,,1.0,0.0,0.0,
562.142503,,1.0,1.0,0.0,
562.142504,,1.0,1.0,0.0,1.0
562.142505,,1.0,1.0,0.0,1.0
562.142506,,1.0,1.0,0.0,
562.142507,,0.0,1.0,0.0,
562.142508,,1.0,1.0,0.0,1.0
562.142509,,1.0,1.0,0.0,1.0
562.142510,,1.0,1.0,0.0,
562.142511,,0.0,0.0,0.0,
562.142512,,1.0,1.0,1.0,1.0
562.142514,,1.0,1.0,1.0,
562.142515,,1.0,1.0,0.0,
562.142516,,1.0,1.0,0.0,
562.142517,,,0.0,0.0,
562.142519,,0.0,0.0,0.0,
562.142520,,0.0,0.0,0.0,
562.142521,,1.0,1.0,1.0,1.0
562.142522,,1.0,1.0,1.0,
562.142523,,1.0,1.0,0.0,1.0
562.142524,,0.0,0.0,0.0,
562.142525,,1.0,1.0,0.0,
562.142527,,1.0,0.0,0.0,1.0
562.142528,,1.0,1.0,0.0,
562.142529,,0.0,1.0,0.0,
562.142530,,1.0,1.0,1.0,
562.142534,,1.0,1.0,1.0,
562.142535,,1.0,1.0,1.0,
562.142536,,1.0,1.0,1.0,
562.142537,,1.0,1.0,0.0,1.0
562.142538,,1.0,1.0,0.0,
562.142539,,1.0,1.0,0.0,
562.142540,,1.0,1.0,0.0,
562.142541,,0.0,1.0,0.0,1.0
562.142542,,1.0,1.0,1.0,1.0
562.142543,,1.0,1.0,0.0,1.0
562.142544,,,1.0,0.0,1.0
562.142545,,1.0,1.0,0.0,
562.142546,,1.0,1.0,1.0,
562.142547,,1.0,1.0,0.0,1.0
562.142548,,1.0,1.0,1.0,1.0
562.142549,,1.0,0.0,0.0,
562.142550,,0.0,0.0,0.0,
562.142551,,,0.0,1.0,1.0
562.142552,,1.0,1.0,0.0,1.0
562.142553,,0.0,1.0,0.0,
562.142554,,0.0,0.0,0.0,
562.142555,,1.0,1.0,0.0,
562.142556,,0.0,1.0,0.0,1.0
562.142557,,1.0,1.0,0.0,
562.142558,,0.0,0.0,0.0,
562.142559,,0.0,0.0,0.0,
562.142560,,1.0,1.0,0.0,1.0
562.142561,,1.0,1.0,0.0,1.0
562.142562,,1.0,1.0,0.0,
562.142563,,1.0,1.0,0.0,1.0
562.142565,,1.0,1.0,0.0,
562.142566,,1.0,1.0,0.0,
562.142567,,1.0,1.0,0.0,
562.142568,,1.0,1.0,0.0,1.0
562.142569,,1.0,1.0,0.0,1.0
562.142570,,1.0,1.0,1.0,1.0
562.142571,,1.0,1.0,0.0,
562.142572,,1.0,1.0,0.0,
562.142573,,1.0,0.0,0.0,
562.142574,,1.0,1.0,0.0,1.0
562.142581,,0.0,0.0,0.0,
562.142582,,1.0,1.0,0.0,1.0
562.142583,,1.0,0.0,1.0,1.0
562.142584,,1.0,1.0,0.0,
562.142585,,1.0,1.0,0.0,
562.142586,,1.0,1.0,0.0,1.0
562.142587,,1.0,1.0,0.0,
562.142588,,0.0,0.0,0.0,
562.142589,,1.0,1.0,0.0,
562.142590,,1.0,0.0,1.0,1.0
562.142591,,1.0,1.0,0.0,
562.142592,,0.0,1.0,1.0,1.0
562.142593,,1.0,1.0,0.0,
562.142594,,1.0,1.0,0.0,
562.142595,,1.0,0.0,0.0,
562.142596,,1.0,1.0,0.0,1.0
562.142597,,1.0,1.0,1.0,1.0
562.142598,,1.0,0.0,1.0,1.0
562.142599,,1.0,1.0,0.0,
562.142600,,0.0,0.0,0.0,1.0
562.142601,,1.0,1.0,0.0,1.0
562.142602,,1.0,1.0,0.0,
562.142603,,,0.0,0.0,
562.142604,,1.0,0.0,0.0,
562.142605,,1.0,1.0,0.0,1.0
562.142607,,1.0,1.0,0.0,1.0
562.142608,,1.0,0.0,1.0,1.0
562.142609,,1.0,1.0,0.0,1.0
562.142610,,1.0,1.0,1.0,
562.142611,,1.0,0.0,0.0,
562.142612,,1.0,0.0,0.0,1.0
562.142613,,1.0,1.0,0.0,1.0
562.142614,,1.0,1.0,0.0,
562.142615,,0.0,0.0,0.0,
562.142616,,1.0,0.0,0.0,
562.142617,,1.0,1.0,0.0,
562.142618,,1.0,0.0,0.0,1.0
562.142624,,1.0,1.0,1.0,1.0
562.142626,,1.0,0.0,1.0,1.0
562.142627,,0.0,0.0,0.0,
562.142628,,1.0,1.0,0.0,
562.142629,,0.0,0.0,0.0,
562.142632,,0.0,0.0,0.0,
562.142634,,1.0,1.0,0.0,1.0
562.142635,,1.0,1.0,1.0,1.0
562.142636,,1.0,1.0,1.0,1.0
562.142637,,1.0,1.0,0.0,
562.142638,,1.0,1.0,0.0,
562.142639,,1.0,1.0,0.0,
562.142640,,1.0,1.0,0.0,
562.142641,,1.0,1.0,0.0,1.0
562.142642,,1.0,0.0,0.0,1.0
562.142643,,1.0,1.0,0.0,1.0
562.142644,,1.0,1.0,0.0,1.0
562.142645,,1.0,0.0,0.0,
562.142646,,1.0,1.0,0.0,
562.142647,,1.0,1.0,0.0,
562.142648,,1.0,1.0,0.0,1.0
562.142649,,1.0,1.0,0.0,1.0
562.142650,,1.0,1.0,0.0,
562.142651,,1.0,1.0,1.0,
562.142652,,1.0,1.0,1.0,1.0
562.142653,,0.0,1.0,0.0,
562.142654,,1.0,0.0,0.0,
562.142655,,1.0,1.0,0.0,
562.142658,,1.0,1.0,0.0,
562.142659,,1.0,0.0,0.0,1.0
562.142660,,1.0,1.0,1.0,1.0
562.142672,,1.0,1.0,0.0,1.0
562.142679,,1.0,1.0,1.0,1.0
562.142680,,0.0,0.0,0.0,
562.142682,,0.0,1.0,0.0,
562.142684,,,0.0,0.0,
562.142685,,1.0,1.0,0.0,1.0
562.142686,,0.0,1.0,1.0,
562.142687,,1.0,1.0,0.0,
562.142688,,0.0,1.0,0.0,
562.142689,,0.0,0.0,0.0,
562.142690,,1.0,1.0,0.0,
562.142691,,1.0,1.0,0.0,
562.142692,,1.0,1.0,0.0,1.0
562.142693,,0.0,0.0,0.0,
562.142694,,1.0,1.0,0.0,1.0
562.142695,,0.0,1.0,0.0,1.0
562.142696,,0.0,0.0,0.0,
562.142697,,0.0,1.0,0.0,
562.142698,,0.0,1.0,0.0,
562.142699,,1.0,1.0,0.0,
562.142700,,1.0,1.0,0.0,1.0
562.142701,,1.0,1.0,0.0,
562.142703,,,1.0,0.0,
562.142707,,0.0,0.0,0.0,
562.142708,,1.0,1.0,0.0,1.0
562.142711,,1.0,0.0,1.0,1.0
562.142712,,1.0,1.0,1.0,
562.142713,,1.0,1.0,1.0,1.0
562.142714,,1.0,1.0,0.0,1.0
562.142715,,1.0,1.0,0.0,
562.142716,,1.0,1.0,0.0,
562.142717,,1.0,1.0,0.0,
562.142718,,1.0,1.0,0.0,
562.142719,,1.0,1.0,1.0,1.0
562.142720,,1.0,0.0,1.0,1.0
562.142721,,1.0,0.0,1.0,
562.142722,,1.0,0.0,0.0,
562.142723,,1.0,1.0,0.0,
562.142724,,0.0,0.0,0.0,
562.142725,,0.0,0.0,0.0,
562.142726,,1.0,0.0,0.0,
562.142727,,1.0,1.0,1.0,1.0
562.142728,,0.0,0.0,0.0,1.0
562.142729,,0.0,1.0,1.0,
562.142730,,1.0,1.0,1.0,
562.142731,,1.0,1.0,1.0,1.0
562.142732,,1.0,1.0,0.0,1.0
562.142733,,1.0,1.0,0.0,
562.142734,,1.0,1.0,0.0,
562.142735,,1.0,1.0,0.0,
562.142736,,1.0,1.0,1.0,
562.142737,,1.0,0.0,1.0,1.0
562.142738,,0.0,0.0,0.0,
562.142739,,0.0,0.0,0.0,
562.142740,,1.0,1.0,0.0,
562.142741,,1.0,1.0,0.0,
562.142742,,1.0,1.0,0.0,
562.142743,,,1.0,0.0,
562.142744,,1.0,1.0,1.0,
562.142745,,0.0,0.0,0.0,
562.142746,,0.0,0.0,0.0,
562.142747,,0.0,0.0,0.0,
562.142748,,0.0,0.0,0.0,
562.142749,,1.0,1.0,1.0,
562.142751,,,1.0,0.0,
562.142753,,1.0,1.0,0.0,
562.142754,,1.0,1.0,0.0,
562.142755,,1.0,1.0,0.0,1.0
562.142756,,1.0,1.0,0.0,
562.142757,,1.0,1.0,0.0,
562.142758,,1.0,1.0,0.0,1.0
562.142760,,1.0,1.0,0.0,
562.142761,,1.0,1.0,1.0,1.0
562.142762,,1.0,1.0,0.0,1.0
562.142763,,1.0,1.0,0.0,1.0
562.142764,,1.0,1.0,0.0,1.0
562.142765,,1.0,0.0,0.0,
562.142766,,1.0,1.0,0.0,1.0
562.142767,,1.0,1.0,1.0,1.0
562.142768,,1.0,0.0,1.0,
562.142769,,1.0,1.0,1.0,
562.142770,,1.0,1.0,1.0,1.0
562.142771,,0.0,0.0,0.0,
562.142772,,1.0,0.0,0.0,
562.142773,,0.0,0.0,0.0,
562.142774,,1.0,1.0,1.0,
562.142775,,0.0,1.0,0.0,
562.142776,,1.0,0.0,0.0,
562.142777,,0.0,0.0,0.0,
562.142778,,1.0,1.0,0.0,
562.142779,,0.0,0.0,0.0,
562.142780,,1.0,0.0,0.0,
562.142781,,0.0,1.0,0.0,1.0
562.142782,,1.0,1.0,0.0,
562.142783,,1.0,1.0,0.0,1.0
562.142784,,0.0,0.0,0.0,
562.142785,,0.0,0.0,0.0,
562.142786,,0.0,1.0,0.0,
562.142787,,0.0,0.0,0.0,
562.142788,,0.0,1.0,0.0,
562.142789,,0.0,0.0,0.0,
562.142790,,1.0,0.0,0.0,1.0
562.142791,,0.0,0.0,0.0,
562.142792,,0.0,1.0,1.0,
562.142793,,0.0,0.0,1.0,
562.142794,,1.0,1.0,0.0,
562.142795,,1.0,1.0,0.0,
562.142797,,0.0,0.0,0.0,
562.142798,,,0.0,0.0,
562.142799,,0.0,0.0,0.0,
562.142800,,0.0,0.0,0.0,
562.142801,,0.0,0.0,0.0,
562.142803,,0.0,0.0,0.0,
562.142805,,0.0,1.0,0.0,
562.142808,,,0.0,0.0,
562.142809,,,0.0,0.0,
562.142810,,,1.0,0.0,
562.142811,,0.0,0.0,0.0,
562.142812,,0.0,0.0,0.0,
562.142813,,0.0,0.0,0.0,
562.142814,,1.0,0.0,1.0,1.0
562.142815,,0.0,1.0,0.0,
562.142816,,1.0,1.0,0.0,
562.142817,,0.0,0.0,0.0,
562.142818,,0.0,1.0,0.0,
562.142819,,0.0,0.0,0.0,
562.142820,,1.0,1.0,1.0,1.0
562.142821,,1.0,0.0,0.0,1.0
562.142823,,0.0,1.0,1.0,1.0
562.142824,,0.0,1.0,1.0,1.0
562.142825,,1.0,1.0,1.0,
562.142827,,0.0,1.0,0.0,
562.142828,,0.0,0.0,0.0,
562.142829,,,1.0,0.0,
562.142830,,1.0,0.0,1.0,1.0
562.142831,,,0.0,0.0,
562.142833,,0.0,0.0,0.0,
562.142836,,1.0,1.0,0.0,
562.142838,,1.0,1.0,0.0,
562.142839,,1.0,1.0,1.0,
562.142840,,1.0,1.0,1.0,
562.142841,,0.0,1.0,0.0,
562.142842,,1.0,1.0,1.0,
562.142843,,1.0,1.0,0.0,
562.142844,,1.0,1.0,0.0,
562.142845,,0.0,1.0,0.0,
562.142846,,0.0,1.0,0.0,
562.142847,,0.0,0.0,0.0,
562.142848,,1.0,1.0,1.0,
562.142849,,1.0,1.0,1.0,
562.142850,,1.0,0.0,1.0,1.0
562.142851,,0.0,0.0,0.0,
562.142852,,1.0,0.0,0.0,1.0
562.142853,,1.0,1.0,1.0,1.0
562.142854,,1.0,1.0,0.0,1.0
562.142855,,1.0,0.0,0.0,1.0
562.142856,,1.0,1.0,1.0,1.0
562.142857,,1.0,1.0,1.0,1.0
562.142858,,1.0,0.0,0.0,
562.142859,,0.0,0.0,0.0,
562.142860,,0.0,0.0,0.0,
562.142861,,1.0,1.0,0.0,
562.142862,,1.0,0.0,1.0,1.0
562.142863,,1.0,1.0,1.0,
562.142864,,0.0,0.0,0.0,
562.142865,,1.0,1.0,1.0,
562.142866,,1.0,1.0,1.0,
562.142867,,0.0,0.0,0.0,
562.142869,,0.0,1.0,1.0,
562.142873,,0.0,0.0,0.0,
562.142874,,0.0,0.0,0.0,
562.142877,,0.0,0.0,0.0,
562.142878,,1.0,1.0,0.0,
562.142883,,1.0,1.0,1.0,1.0
562.142890,,1.0,1.0,0.0,
562.142891,,1.0,1.0,0.0,
562.142892,,1.0,1.0,0.0,
562.142893,,1.0,1.0,1.0,
562.142894,,1.0,1.0,0.0,
562.142895,,1.0,1.0,0.0,1.0
562.142896,,1.0,1.0,1.0,1.0
562.142897,,1.0,1.0,0.0,1.0
562.142898,,1.0,1.0,0.0,1.0
562.142899,,1.0,1.0,0.0,1.0
562.142900,,1.0,1.0,0.0,1.0
562.142901,,1.0,1.0,0.0,
562.142902,,1.0,1.0,0.0,1.0
562.142903,,0.0,0.0,0.0,1.0
562.142904,,0.0,1.0,0.0,
562.142905,,1.0,1.0,0.0,
562.142906,,0.0,1.0,1.0,
562.142907,,1.0,1.0,0.0,1.0
562.142908,,1.0,1.0,0.0,
562.142909,,1.0,0.0,0.0,
562.142910,,1.0,1.0,1.0,
562.142911,,0.0,1.0,0.0,
562.142912,,0.0,1.0,0.0,
562.142914,,0.0,1.0,0.0,
562.142918,,0.0,1.0,0.0,
562.142920,,0.0,1.0,0.0,
562.142921,,1.0,1.0,0.0,
562.142922,,0.0,1.0,0.0,
562.142923,,0.0,0.0,0.0,
562.142924,,0.0,0.0,0.0,
562.142925,,0.0,0.0,0.0,
562.142926,,0.0,1.0,0.0,
562.142927,,1.0,1.0,0.0,1.0
562.142928,,0.0,1.0,0.0,
562.142929,,0.0,0.0,0.0,
562.142930,,0.0,0.0,0.0,
562.142931,,0.0,1.0,0.0,
562.142935,,0.0,1.0,0.0,
562.142937,,1.0,1.0,0.0,
562.142938,,1.0,1.0,0.0,
562.142939,,1.0,1.0,1.0,1.0
562.142940,,1.0,1.0,0.0,1.0
562.142941,,1.0,1.0,1.0,
562.142942,,1.0,1.0,0.0,
562.142943,,1.0,1.0,0.0,
562.142944,,1.0,0.0,0.0,
562.142945,,1.0,1.0,0.0,
562.142946,,1.0,1.0,1.0,
562.142949,,,1.0,0.0,
562.142953,,1.0,1.0,0.0,1.0
562.142954,,1.0,1.0,0.0,
562.142956,,1.0,1.0,0.0,
562.142957,,1.0,1.0,1.0,
562.142958,,1.0,1.0,1.0,1.0
562.142959,,1.0,1.0,1.0,1.0
562.142960,,1.0,1.0,0.0,1.0
562.142961,,1.0,1.0,1.0,
562.142962,,,1.0,0.0,
562.142963,,1.0,1.0,0.0,
562.142964,,1.0,1.0,0.0,1.0
562.142965,,1.0,1.0,0.0,1.0
562.142966,,1.0,1.0,0.0,
562.142967,,1.0,0.0,0.0,1.0
562.142968,,1.0,1.0,1.0,1.0
562.142969,,1.0,0.0,0.0,
562.142970,,1.0,1.0,0.0,
562.142971,,1.0,1.0,0.0,
562.142972,,1.0,1.0,0.0,1.0
562.142973,,0.0,1.0,0.0,1.0
562.142974,,0.0,0.0,0.0,
562.142975,,0.0,1.0,1.0,1.0
562.142976,,1.0,1.0,0.0,
562.142977,,1.0,1.0,0.0,1.0
562.142978,,1.0,1.0,1.0,1.0
562.142979,,1.0,1.0,1.0,1.0
562.142980,,1.0,1.0,1.0,1.0
562.142981,,1.0,1.0,0.0,
562.142982,,1.0,0.0,1.0,1.0
562.142983,,1.0,1.0,0.0,1.0
562.142984,,1.0,1.0,0.0,1.0
562.142985,,1.0,1.0,0.0,
562.142986,,1.0,1.0,1.0,1.0
562.142987,,1.0,0.0,0.0,
562.142988,,1.0,1.0,0.0,
562.142989,,1.0,1.0,1.0,
562.142990,,1.0,1.0,0.0,1.0
562.142991,,1.0,1.0,0.0,1.0
562.142992,,1.0,1.0,0.0,
562.142993,,1.0,1.0,0.0,
562.142994,,1.0,1.0,1.0,
562.142995,,1.0,1.0,0.0,1.0
562.142996,,1.0,1.0,0.0,1.0
562.142997,,1.0,0.0,1.0,1.0
562.142998,,1.0,1.0,0.0,
562.142999,,1.0,1.0,0.0,1.0
562.143000,,1.0,1.0,0.0,
562.143001,,1.0,1.0,0.0,
562.143002,,1.0,0.0,0.0,
562.143003,,1.0,1.0,0.0,
562.143004,,1.0,1.0,1.0,
562.143005,,1.0,1.0,1.0,1.0
562.143006,,1.0,1.0,0.0,1.0
562.143007,,1.0,1.0,1.0,
562.143008,,1.0,1.0,0.0,1.0
562.143009,,1.0,1.0,0.0,
562.143010,,1.0,1.0,1.0,1.0
562.143013,,0.0,0.0,0.0,
562.143018,,1.0,1.0,1.0,1.0
562.143019,,1.0,1.0,0.0,1.0
562.143020,,1.0,0.0,0.0,1.0
562.143021,,1.0,1.0,0.0,1.0
562.143022,,1.0,1.0,0.0,1.0
562.143023,,1.0,1.0,1.0,1.0
562.143024,,1.0,1.0,1.0,1.0
562.143025,,1.0,1.0,0.0,
562.143026,,1.0,1.0,1.0,1.0
562.143035,,1.0,0.0,0.0,
562.143036,,1.0,1.0,1.0,1.0
562.143038,,1.0,1.0,1.0,1.0
562.143039,,1.0,1.0,0.0,1.0
562.143040,,1.0,1.0,0.0,
562.143041,,1.0,1.0,1.0,1.0
562.143042,,1.0,1.0,0.0,
562.143043,,1.0,1.0,0.0,
562.143045,,1.0,1.0,0.0,1.0
562.143046,,1.0,1.0,1.0,1.0
562.143047,,1.0,1.0,0.0,1.0
562.143048,,1.0,1.0,1.0,
562.143049,,1.0,1.0,0.0,1.0
562.143050,,1.0,1.0,0.0,
562.143051,,1.0,1.0,0.0,1.0
562.143052,,,0.0,0.0,
562.143053,,1.0,1.0,0.0,
562.143054,,1.0,1.0,0.0,
562.143055,,1.0,1.0,1.0,
562.143056,,0.0,1.0,0.0,
562.143057,,0.0,0.0,0.0,
562.143058,,1.0,0.0,1.0,
562.143059,,0.0,0.0,0.0,
562.143061,,1.0,0.0,1.0,
562.143063,,1.0,1.0,1.0,1.0
562.143064,,0.0,0.0,0.0,
562.143066,,0.0,1.0,0.0,
562.143067,,1.0,1.0,0.0,1.0
562.143069,,,1.0,0.0,
562.143070,,0.0,0.0,0.0,
562.143072,,1.0,1.0,1.0,1.0
562.143073,,1.0,0.0,0.0,
562.143074,,1.0,0.0,1.0,1.0
562.143075,,1.0,0.0,0.0,
562.143076,,0.0,0.0,0.0,
562.143077,,1.0,1.0,0.0,1.0
562.143078,,1.0,1.0,0.0,1.0
562.143079,,1.0,1.0,0.0,
562.143080,,0.0,0.0,0.0,
562.143081,,1.0,1.0,1.0,
562.143082,,1.0,0.0,1.0,1.0
562.143083,,0.0,1.0,0.0,
562.143084,,0.0,0.0,0.0,
562.143085,,0.0,0.0,0.0,
562.143086,,1.0,1.0,1.0,1.0
562.143087,,1.0,0.0,0.0,
562.143088,,0.0,1.0,0.0,
562.143089,,0.0,0.0,0.0,
562.143090,,0.0,0.0,0.0,
562.143091,,0.0,0.0,0.0,
562.143092,,0.0,1.0,1.0,
562.143093,,0.0,1.0,0.0,
562.143094,,,0.0,0.0,1.0
562.143095,,1.0,1.0,0.0,
562.143096,,1.0,1.0,1.0,
562.143099,,1.0,1.0,1.0,1.0
562.143100,,1.0,0.0,0.0,
562.143101,,0.0,0.0,0.0,
562.143102,,1.0,1.0,0.0,
562.143103,,0.0,0.0,0.0,
562.143104,,1.0,1.0,0.0,1.0
562.143105,,1.0,1.0,0.0,
562.143106,,0.0,1.0,0.0,1.0
562.143107,,1.0,1.0,1.0,
562.143108,,1.0,1.0,0.0,1.0
562.143109,,0.0,0.0,0.0,
562.143110,,0.0,0.0,0.0,
562.143111,,0.0,1.0,0.0,1.0
562.143112,,1.0,1.0,0.0,
562.143113,,1.0,1.0,0.0,1.0
562.143114,,1.0,1.0,0.0,
562.143115,,,1.0,1.0,
562.143116,,1.0,1.0,0.0,
562.143117,,1.0,1.0,0.0,
562.143118,,1.0,1.0,0.0,1.0
562.143119,,1.0,1.0,0.0,
562.143120,,1.0,1.0,0.0,
562.143121,,1.0,1.0,0.0,1.0
562.143122,,1.0,1.0,0.0,1.0
562.143123,,1.0,1.0,0.0,1.0
562.143124,,1.0,1.0,0.0,
562.143125,,1.0,1.0,0.0,1.0
562.143126,,1.0,1.0,0.0,
562.143127,,1.0,1.0,0.0,1.0
562.143128,,1.0,0.0,0.0,1.0
562.143129,,1.0,1.0,0.0,
562.143130,,,1.0,0.0,
562.143131,,1.0,1.0,0.0,1.0
562.143132,,0.0,0.0,0.0,
562.143133,,0.0,0.0,0.0,
562.143134,,1.0,1.0,0.0,
562.143135,,0.0,0.0,0.0,
562.143136,,1.0,1.0,0.0,1.0
562.143137,,1.0,1.0,0.0,
562.143138,,1.0,1.0,0.0,
562.143139,,0.0,0.0,0.0,
562.143141,,0.0,0.0,0.0,
562.143142,,1.0,1.0,0.0,
562.143143,,1.0,0.0,0.0,1.0
562.143144,,,0.0,0.0,1.0
562.143145,,1.0,1.0,0.0,
562.143146,,1.0,0.0,1.0,1.0
562.143147,,1.0,1.0,1.0,
562.143148,,1.0,1.0,0.0,
562.143149,,1.0,1.0,1.0,1.0
562.143150,,1.0,0.0,1.0,
562.143151,,1.0,1.0,0.0,1.0
562.143152,,1.0,0.0,0.0,
562.143153,,0.0,0.0,0.0,
562.143154,,1.0,1.0,0.0,
562.143155,,1.0,1.0,1.0,
562.143156,,1.0,1.0,1.0,
562.143157,,1.0,1.0,0.0,1.0
562.143158,,1.0,1.0,0.0,
562.143159,,1.0,1.0,0.0,1.0
562.143160,,1.0,1.0,0.0,1.0
562.143161,,1.0,0.0,0.0,
562.143162,,1.0,1.0,1.0,
562.143163,,1.0,1.0,0.0,1.0
562.143164,,1.0,1.0,0.0,1.0
562.143165,,1.0,1.0,1.0,1.0
562.143166,,1.0,0.0,0.0,
562.143167,,1.0,1.0,0.0,
562.143168,,1.0,1.0,0.0,
562.143169,,1.0,1.0,0.0,
562.143170,,1.0,1.0,0.0,1.0
562.143171,,1.0,1.0,0.0,1.0
562.143172,,1.0,1.0,0.0,1.0
562.143173,,1.0,1.0,0.0,1.0
562.143174,,1.0,0.0,1.0,1.0
562.143175,,1.0,1.0,0.0,1.0
562.143176,,1.0,1.0,0.0,1.0
562.143177,,1.0,1.0,0.0,1.0
562.143181,,1.0,1.0,0.0,1.0
562.143192,,1.0,0.0,1.0,
562.143193,,1.0,0.0,1.0,
562.143194,,1.0,0.0,1.0,
562.143195,,1.0,1.0,0.0,1.0
562.143196,,1.0,0.0,0.0,
562.143197,,0.0,0.0,0.0,
562.143200,,1.0,1.0,0.0,
562.143201,,1.0,0.0,0.0,
562.143202,,1.0,0.0,0.0,1.0
562.143203,,1.0,1.0,0.0,
562.143204,,0.0,1.0,0.0,1.0
562.143205,,1.0,1.0,1.0,1.0
562.143207,,1.0,1.0,0.0,
562.143209,,1.0,1.0,1.0,1.0
562.143210,,1.0,1.0,1.0,1.0
562.143212,,1.0,0.0,0.0,
562.143215,,1.0,1.0,0.0,1.0
562.143222,,1.0,0.0,0.0,1.0
562.143223,,1.0,1.0,0.0,
562.143228,,1.0,1.0,1.0,
562.143229,,1.0,0.0,0.0,
562.143230,,1.0,1.0,0.0,1.0
562.143231,,,0.0,0.0,
562.143232,,1.0,1.0,0.0,
562.143233,,1.0,1.0,0.0,1.0
562.143234,,1.0,1.0,0.0,1.0
562.143235,,1.0,1.0,0.0,1.0
562.143236,,1.0,1.0,0.0,1.0
562.143237,,1.0,1.0,0.0,
562.143238,,1.0,0.0,0.0,
562.143239,,1.0,1.0,0.0,
562.143240,,1.0,1.0,0.0,
562.143241,,1.0,1.0,0.0,1.0
562.143242,,1.0,1.0,0.0,
562.143243,,1.0,0.0,0.0,
562.143244,,1.0,1.0,1.0,1.0
562.143245,,1.0,1.0,0.0,
562.143246,,1.0,1.0,0.0,
562.143247,,1.0,0.0,0.0,
562.143248,,1.0,1.0,0.0,
562.143249,,1.0,1.0,0.0,1.0
562.143250,,0.0,1.0,0.0,
562.143251,,1.0,1.0,1.0,
562.143252,,1.0,1.0,0.0,
562.143253,,1.0,1.0,0.0,
562.143254,,,0.0,0.0,
562.143255,,1.0,0.0,1.0,1.0
562.143256,,1.0,1.0,0.0,1.0
562.143257,,1.0,1.0,1.0,1.0
562.143258,,1.0,1.0,1.0,1.0
562.143259,,1.0,0.0,1.0,
562.143260,,1.0,1.0,1.0,1.0
562.143261,,1.0,1.0,0.0,
562.143262,,1.0,0.0,0.0,
562.143263,,1.0,0.0,0.0,
562.143264,,1.0,1.0,0.0,
562.143265,,1.0,0.0,0.0,
562.143266,,1.0,1.0,0.0,1.0
562.143267,,1.0,1.0,0.0,1.0
562.143268,,1.0,0.0,0.0,
562.143269,,1.0,0.0,0.0,
562.143270,,0.0,1.0,0.0,1.0
562.143271,,1.0,0.0,0.0,1.0
562.143272,,1.0,1.0,0.0,
562.143273,,0.0,1.0,0.0,
562.143274,,1.0,1.0,0.0,1.0
562.143275,,1.0,1.0,1.0,1.0
562.143276,,1.0,1.0,0.0,
562.143277,,1.0,1.0,0.0,
562.143278,,1.0,1.0,0.0,
562.143279,,0.0,1.0,0.0,
562.143280,,1.0,1.0,0.0,
562.143281,,1.0,1.0,0.0,
562.143282,,1.0,1.0,1.0,
562.143283,,1.0,1.0,1.0,1.0
562.143284,,1.0,1.0,1.0,1.0
562.143285,,1.0,1.0,0.0,1.0
562.143286,,1.0,0.0,0.0,1.0
562.143287,,1.0,1.0,0.0,1.0
562.143288,,1.0,1.0,1.0,
562.143289,,1.0,0.0,0.0,
562.143290,,1.0,1.0,1.0,1.0
562.143291,,1.0,0.0,0.0,
562.143292,,1.0,1.0,1.0,
562.143293,,1.0,1.0,0.0,
562.143294,,1.0,1.0,0.0,
562.143295,,1.0,1.0,0.0,
562.143296,,1.0,0.0,0.0,1.0
562.143297,,1.0,1.0,0.0,1.0
562.143298,,1.0,1.0,0.0,1.0
562.143299,,1.0,1.0,0.0,1.0
562.143300,,0.0,0.0,0.0,
562.143301,,1.0,0.0,0.0,1.0
562.143302,,0.0,1.0,0.0,
562.143308,,0.0,0.0,0.0,
562.143309,,0.0,1.0,1.0,1.0
562.143312,,1.0,1.0,1.0,1.0
562.143313,,1.0,1.0,0.0,1.0
562.143314,,1.0,0.0,0.0,
562.143315,,1.0,1.0,0.0,
562.143316,,1.0,1.0,0.0,
562.143317,,1.0,1.0,0.0,
562.143318,,1.0,1.0,0.0,
562.143319,,0.0,1.0,0.0,1.0
562.143320,,0.0,0.0,0.0,
562.143321,,0.0,1.0,0.0,
562.143322,,1.0,1.0,0.0,
562.143323,,1.0,1.0,0.0,1.0
562.143324,,1.0,1.0,1.0,
562.143325,,1.0,1.0,0.0,
562.143326,,0.0,0.0,0.0,
562.143327,,1.0,1.0,0.0,1.0
562.143328,,1.0,0.0,0.0,
562.143329,,1.0,1.0,0.0,1.0
562.143330,,1.0,0.0,0.0,
562.143331,,1.0,1.0,0.0,
562.143332,,1.0,1.0,0.0,
562.143333,,1.0,1.0,0.0,1.0
562.143334,,1.0,1.0,1.0,1.0
562.143335,,,1.0,0.0,
562.143336,,1.0,1.0,1.0,1.0
562.143337,,1.0,1.0,0.0,
562.143338,,,1.0,0.0,
562.143339,,1.0,1.0,0.0,
562.143340,,0.0,0.0,0.0,
562.143341,,1.0,1.0,1.0,
562.143342,,1.0,1.0,0.0,
562.143343,,1.0,1.0,1.0,1.0
562.143344,,1.0,0.0,0.0,1.0
562.143345,,1.0,1.0,0.0,
562.143346,,1.0,1.0,1.0,1.0
562.143347,,1.0,1.0,0.0,1.0
562.143348,,1.0,1.0,0.0,
562.143349,,1.0,1.0,1.0,1.0
562.143350,,1.0,1.0,0.0,
562.143351,,1.0,1.0,0.0,1.0
562.143352,,0.0,0.0,0.0,
562.143353,,0.0,1.0,0.0,
562.143354,,1.0,1.0,0.0,
562.143355,,1.0,1.0,1.0,1.0
562.143356,,1.0,1.0,0.0,1.0
562.143357,,0.0,0.0,0.0,
562.143358,,1.0,1.0,1.0,
562.143359,,1.0,1.0,0.0,
562.143360,,1.0,1.0,0.0,
562.143361,,1.0,1.0,0.0,
562.143362,,1.0,1.0,0.0,
562.143363,,1.0,1.0,0.0,1.0
562.143364,,0.0,1.0,0.0,
562.143365,,1.0,1.0,1.0,1.0
562.143366,,1.0,1.0,0.0,
562.143367,,1.0,1.0,0.0,1.0
562.143368,,0.0,0.0,0.0,
562.143369,,1.0,1.0,0.0,1.0
562.143370,,1.0,1.0,0.0,1.0
562.143371,,1.0,1.0,0.0,1.0
562.143372,,1.0,1.0,0.0,
562.143373,,0.0,1.0,0.0,
562.143375,,1.0,1.0,0.0,
562.143376,,1.0,1.0,1.0,1.0
562.143377,,1.0,1.0,0.0,
562.143378,,1.0,1.0,1.0,
562.143379,,1.0,1.0,0.0,
562.143380,,1.0,1.0,0.0,
562.143381,,1.0,1.0,1.0,
562.143382,,1.0,1.0,0.0,
562.143383,,1.0,1.0,0.0,1.0
562.143385,,0.0,1.0,0.0,
562.143387,,1.0,0.0,0.0,
562.143388,,1.0,0.0,0.0,
562.143397,,0.0,0.0,0.0,
562.143399,,0.0,0.0,0.0,
562.143400,,0.0,1.0,0.0,
562.143401,,0.0,1.0,0.0,
562.143403,,0.0,1.0,0.0,
562.143406,,1.0,1.0,0.0,
562.143407,,1.0,1.0,0.0,
562.143412,,1.0,1.0,0.0,
562.143414,,0.0,1.0,0.0,
562.143416,,1.0,1.0,0.0,
562.143417,,1.0,1.0,0.0,1.0
562.143418,,1.0,1.0,0.0,
562.143419,,1.0,1.0,0.0,
562.143420,,1.0,1.0,0.0,1.0
562.143421,,1.0,1.0,0.0,
562.143422,,1.0,0.0,0.0,
562.143423,,1.0,1.0,0.0,
562.143424,,1.0,1.0,0.0,
562.143425,,1.0,1.0,0.0,1.0
562.143426,,1.0,1.0,1.0,
562.143427,,1.0,1.0,0.0,1.0
562.143428,,1.0,1.0,0.0,
562.143429,,1.0,1.0,0.0,1.0
562.143430,,1.0,0.0,0.0,
562.143431,,1.0,1.0,0.0,1.0
562.143432,,1.0,1.0,0.0,
562.143433,,1.0,1.0,0.0,1.0
562.143434,,1.0,1.0,0.0,1.0
562.143435,,1.0,0.0,0.0,
562.143436,,1.0,1.0,0.0,
562.143437,,1.0,1.0,0.0,
562.143438,,1.0,1.0,1.0,1.0
562.143439,,1.0,0.0,1.0,1.0
562.143441,,1.0,1.0,0.0,
562.143442,,1.0,1.0,0.0,
562.143443,,1.0,1.0,1.0,1.0
562.143444,,1.0,1.0,0.0,1.0
562.143445,,1.0,1.0,0.0,1.0
562.143449,,1.0,1.0,0.0,
562.143450,,1.0,1.0,0.0,
562.143451,,1.0,1.0,1.0,
562.143453,,1.0,1.0,1.0,1.0
562.143459,,1.0,1.0,1.0,1.0
562.143461,,1.0,1.0,0.0,
562.143462,,1.0,1.0,1.0,1.0
562.143463,,1.0,1.0,0.0,1.0
562.143464,,1.0,1.0,0.0,
562.143466,,0.0,1.0,0.0,
562.143475,,1.0,1.0,0.0,
562.143476,,1.0,1.0,0.0,1.0
562.143477,,1.0,1.0,0.0,
562.143478,,1.0,1.0,1.0,1.0
562.143479,,1.0,1.0,0.0,
562.143480,,0.0,1.0,0.0,1.0
562.143481,,1.0,1.0,0.0,
562.143483,,1.0,1.0,0.0,
562.143484,,1.0,1.0,1.0,1.0
562.143485,,1.0,0.0,0.0,1.0
562.143486,,1.0,0.0,0.0,1.0
562.143487,,1.0,0.0,0.0,
562.143488,,1.0,1.0,1.0,1.0
562.143489,,1.0,1.0,0.0,
562.143490,,1.0,0.0,0.0,1.0
562.143491,,1.0,0.0,0.0,1.0
562.143492,,1.0,1.0,0.0,1.0
562.143493,,1.0,0.0,0.0,1.0
562.143494,,1.0,1.0,0.0,1.0
562.143495,,1.0,0.0,0.0,1.0
562.143496,,1.0,0.0,0.0,1.0
562.143497,,1.0,0.0,0.0,
562.143498,,1.0,0.0,0.0,
562.143499,,1.0,1.0,0.0,
562.143500,,0.0,0.0,0.0,
562.143503,,1.0,1.0,0.0,1.0
562.143504,,0.0,1.0,0.0,1.0
562.143505,,1.0,1.0,0.0,
562.143506,,0.0,0.0,0.0,
562.143507,,0.0,0.0,0.0,
562.143508,,1.0,0.0,0.0,
562.143509,,0.0,0.0,0.0,
562.143510,,0.0,1.0,0.0,
562.143511,,0.0,0.0,0.0,
562.143512,,0.0,1.0,0.0,
562.143513,,0.0,0.0,0.0,
562.143514,,1.0,1.0,0.0,
562.143515,,0.0,1.0,0.0,
562.143519,,0.0,0.0,0.0,
562.143520,,0.0,0.0,0.0,
562.143521,,0.0,0.0,0.0,
562.143522,,0.0,0.0,0.0,
562.143523,,0.0,0.0,0.0,
562.143524,,0.0,1.0,0.0,
562.143527,,0.0,1.0,0.0,
562.143528,,0.0,0.0,0.0,
562.143529,,0.0,1.0,1.0,
562.143530,,0.0,0.0,0.0,
562.143531,,1.0,1.0,1.0,
562.143532,,0.0,0.0,0.0,
562.143533,,0.0,1.0,0.0,
562.143534,,1.0,0.0,0.0,
562.143535,,1.0,1.0,0.0,1.0
562.143536,,0.0,0.0,0.0,
562.143537,,0.0,1.0,0.0,
562.143538,,0.0,0.0,0.0,
562.143539,,1.0,1.0,0.0,
562.143540,,1.0,1.0,0.0,1.0
562.143541,,1.0,1.0,0.0,
562.143542,,1.0,1.0,0.0,
562.143543,,1.0,0.0,1.0,1.0
562.143544,,0.0,0.0,0.0,
562.143545,,1.0,1.0,1.0,1.0
562.143546,,0.0,0.0,0.0,
562.143547,,,0.0,0.0,
562.143548,,1.0,1.0,1.0,1.0
562.143549,,1.0,1.0,0.0,
562.143550,,1.0,1.0,1.0,1.0
562.143551,,0.0,0.0,0.0,
562.143552,,1.0,0.0,1.0,1.0
562.143553,,0.0,0.0,0.0,
562.143554,,1.0,1.0,0.0,1.0
562.143555,,0.0,1.0,0.0,
562.143556,,0.0,1.0,0.0,
562.143557,,,0.0,0.0,
562.143558,,1.0,1.0,0.0,
562.143559,,1.0,1.0,0.0,
562.143560,,0.0,0.0,0.0,
562.143561,,1.0,1.0,0.0,
562.143562,,0.0,0.0,0.0,
562.143563,,1.0,1.0,1.0,1.0
562.143564,,,0.0,0.0,
562.143565,,1.0,1.0,1.0,
562.143566,,1.0,1.0,0.0,
562.143567,,1.0,0.0,0.0,
562.143568,,0.0,0.0,0.0,
562.143569,,0.0,0.0,0.0,
562.143570,,0.0,0.0,0.0,
562.143571,,0.0,0.0,0.0,1.0
562.143572,,1.0,1.0,0.0,1.0
562.143573,,0.0,0.0,0.0,
562.143574,,1.0,1.0,0.0,
562.143575,,1.0,0.0,0.0,
562.143576,,1.0,0.0,0.0,
562.143577,,0.0,0.0,0.0,
562.143578,,1.0,1.0,0.0,1.0
562.143579,,0.0,0.0,0.0,
562.143580,,1.0,1.0,0.0,1.0
562.143581,,0.0,0.0,0.0,
562.143582,,1.0,1.0,0.0,
562.143583,,0.0,0.0,0.0,
562.143584,,1.0,1.0,0.0,
562.143585,,1.0,1.0,0.0,1.0
562.143586,,1.0,1.0,1.0,1.0
562.143587,,1.0,1.0,0.0,1.0
562.143588,,1.0,1.0,0.0,
562.143589,,1.0,1.0,0.0,1.0
562.143590,,1.0,0.0,0.0,
562.143591,,1.0,1.0,0.0,1.0
562.143592,,1.0,0.0,0.0,
562.143593,,1.0,0.0,0.0,
562.143594,,1.0,1.0,0.0,
562.143595,,1.0,1.0,0.0,1.0
562.143596,,1.0,1.0,1.0,1.0
562.143597,,1.0,0.0,1.0,1.0
562.143598,,1.0,0.0,0.0,1.0
562.143599,,1.0,1.0,0.0,1.0
562.143600,,1.0,1.0,0.0,1.0
562.143601,,0.0,0.0,0.0,
562.143602,,1.0,1.0,0.0,
562.143603,,1.0,1.0,0.0,1.0
562.143604,,1.0,1.0,0.0,
562.143605,,1.0,0.0,0.0,
562.143606,,1.0,1.0,0.0,
562.143607,,1.0,0.0,1.0,
562.143608,,1.0,1.0,0.0,
562.143609,,1.0,0.0,1.0,1.0
562.143610,,0.0,1.0,0.0,
562.143611,,1.0,1.0,0.0,
562.143612,,1.0,1.0,0.0,1.0
562.143613,,1.0,1.0,0.0,1.0
562.143614,,1.0,1.0,1.0,1.0
562.143615,,1.0,1.0,0.0,
562.143616,,1.0,0.0,1.0,1.0
562.143617,,1.0,1.0,1.0,1.0
562.143618,,0.0,1.0,0.0,
562.143619,,1.0,1.0,0.0,
562.143620,,1.0,0.0,0.0,
562.143621,,1.0,1.0,0.0,
562.143622,,0.0,0.0,0.0,
562.143623,,0.0,0.0,0.0,
562.143624,,1.0,0.0,0.0,
562.143625,,,0.0,0.0,
562.143626,,1.0,0.0,1.0,
562.143628,,0.0,0.0,0.0,
562.143630,,0.0,1.0,0.0,
562.143642,,1.0,0.0,0.0,
562.143644,,1.0,1.0,0.0,1.0
562.143645,,1.0,1.0,0.0,1.0
562.143646,,1.0,1.0,1.0,1.0
562.143647,,,1.0,1.0,1.0
562.143648,,1.0,0.0,0.0,
562.143649,,0.0,0.0,0.0,
562.143650,,1.0,1.0,1.0,1.0
562.143651,,,0.0,0.0,
562.143652,,1.0,0.0,0.0,
562.143653,,1.0,1.0,0.0,
562.143654,,1.0,1.0,0.0,
562.143655,,1.0,1.0,0.0,1.0
562.143656,,1.0,1.0,0.0,
562.143657,,0.0,0.0,0.0,
562.143658,,0.0,0.0,0.0,
562.143659,,1.0,1.0,0.0,
562.143660,,0.0,1.0,0.0,
562.143661,,1.0,1.0,0.0,
562.143662,,1.0,1.0,0.0,
562.143663,,1.0,0.0,0.0,1.0
562.143664,,1.0,1.0,0.0,1.0
562.143665,,1.0,1.0,1.0,
562.143666,,1.0,1.0,0.0,1.0
562.143667,,,1.0,0.0,
562.143678,,1.0,1.0,0.0,
562.143679,,1.0,1.0,0.0,1.0
562.143681,,1.0,1.0,0.0,1.0
562.143682,,,0.0,0.0,
562.143683,,0.0,1.0,0.0,
562.143684,,1.0,0.0,0.0,1.0
562.143685,,0.0,1.0,0.0,1.0
562.143686,,1.0,1.0,1.0,
562.143687,,1.0,1.0,0.0,1.0
562.143696,,0.0,1.0,0.0,
562.143698,,0.0,1.0,1.0,
562.143700,,0.0,1.0,0.0,
562.143701,,1.0,1.0,0.0,
562.143702,,1.0,1.0,0.0,
562.143703,,1.0,1.0,0.0,1.0
562.143704,,1.0,1.0,0.0,1.0
562.143705,,1.0,1.0,0.0,
562.143706,,1.0,1.0,1.0,1.0
562.143707,,1.0,1.0,0.0,1.0
562.143708,,1.0,1.0,0.0,
562.143709,,1.0,1.0,0.0,1.0
562.143710,,1.0,1.0,0.0,1.0
562.143711,,1.0,1.0,0.0,
562.143712,,1.0,1.0,1.0,1.0
562.143713,,1.0,1.0,0.0,
562.143714,,1.0,1.0,0.0,
562.143715,,1.0,1.0,0.0,1.0
562.143716,,1.0,1.0,0.0,
562.143717,,1.0,1.0,0.0,
562.143718,,1.0,1.0,0.0,
562.143719,,1.0,1.0,0.0,
562.143720,,1.0,1.0,0.0,
562.143721,,1.0,1.0,0.0,
562.143723,,1.0,1.0,0.0,1.0
562.143728,,1.0,1.0,0.0,
562.143730,,1.0,1.0,1.0,1.0
562.143731,,1.0,1.0,0.0,
562.143732,,1.0,1.0,0.0,
562.143733,,1.0,1.0,0.0,
562.143734,,1.0,1.0,0.0,1.0
562.143735,,1.0,1.0,0.0,1.0
562.143736,,1.0,1.0,0.0,
562.143738,,0.0,0.0,0.0,
562.143739,,1.0,1.0,0.0,1.0
562.143740,,1.0,1.0,0.0,1.0
562.143741,,1.0,1.0,1.0,1.0
562.143742,,1.0,1.0,1.0,1.0
562.143743,,1.0,0.0,1.0,1.0
562.143744,,1.0,1.0,1.0,
562.143745,,1.0,1.0,0.0,1.0
562.143746,,1.0,0.0,0.0,
562.143747,,1.0,1.0,0.0,
562.143748,,,0.0,0.0,
562.143749,,1.0,1.0,1.0,1.0
562.143750,,1.0,1.0,0.0,1.0
562.143760,,0.0,0.0,0.0,
562.143761,,1.0,1.0,1.0,1.0
562.143762,,1.0,1.0,1.0,1.0
562.143763,,0.0,1.0,0.0,
562.143764,,1.0,1.0,1.0,1.0
562.143766,,0.0,0.0,0.0,
562.143767,,0.0,1.0,0.0,1.0
562.143768,,1.0,1.0,1.0,
562.143769,,1.0,1.0,1.0,
562.143770,,0.0,0.0,0.0,
562.143771,,1.0,1.0,1.0,1.0
562.143772,,0.0,0.0,0.0,
562.143773,,0.0,0.0,0.0,
562.143774,,,0.0,0.0,
562.143775,,,0.0,0.0,
562.143776,,0.0,1.0,1.0,1.0
562.143780,,0.0,1.0,0.0,
562.143781,,0.0,0.0,0.0,
562.143782,,0.0,0.0,0.0,
562.143783,,1.0,1.0,0.0,
562.143784,,1.0,1.0,0.0,
562.143785,,1.0,1.0,0.0,
562.143786,,1.0,1.0,0.0,1.0
562.143787,,1.0,1.0,0.0,1.0
562.143788,,1.0,1.0,0.0,
562.143789,,1.0,1.0,0.0,1.0
562.143790,,1.0,1.0,0.0,1.0
562.143791,,1.0,1.0,0.0,1.0
562.143792,,0.0,1.0,0.0,
562.143793,,1.0,1.0,0.0,
562.143794,,1.0,0.0,0.0,
562.143795,,1.0,1.0,0.0,1.0
562.143796,,1.0,0.0,0.0,
562.143797,,1.0,1.0,0.0,
562.143798,,1.0,1.0,0.0,
562.143799,,1.0,0.0,0.0,
562.143800,,1.0,1.0,0.0,1.0
562.143801,,1.0,0.0,1.0,
562.143802,,1.0,0.0,0.0,
562.143803,,1.0,1.0,1.0,
562.143804,,1.0,1.0,0.0,
562.143805,,1.0,1.0,0.0,
562.143806,,1.0,0.0,1.0,1.0
562.143807,,1.0,1.0,1.0,
562.143808,,1.0,0.0,0.0,
562.143809,,1.0,1.0,1.0,
562.143810,,1.0,1.0,0.0,
562.143811,,1.0,1.0,1.0,1.0
562.143812,,0.0,1.0,0.0,1.0
562.143813,,1.0,1.0,0.0,
562.143814,,1.0,1.0,0.0,
562.143815,,0.0,0.0,0.0,
562.143816,,1.0,1.0,0.0,
562.143817,,1.0,0.0,1.0,1.0
562.143818,,1.0,0.0,0.0,
562.143819,,1.0,1.0,0.0,1.0
562.143820,,1.0,1.0,0.0,1.0
562.143823,,1.0,1.0,0.0,1.0
562.143828,,0.0,1.0,0.0,
562.143829,,0.0,0.0,0.0,
562.143830,,0.0,0.0,0.0,
562.143832,,0.0,0.0,0.0,
562.143833,,0.0,0.0,0.0,
562.143835,,0.0,0.0,0.0,
562.143836,,0.0,0.0,0.0,
562.143838,,0.0,0.0,0.0,
562.143839,,1.0,1.0,0.0,1.0
562.143840,,1.0,1.0,1.0,1.0
562.143841,,1.0,1.0,1.0,
562.143842,,1.0,1.0,0.0,
562.143843,,1.0,1.0,0.0,
562.143844,,0.0,0.0,0.0,
562.143846,,1.0,1.0,0.0,1.0
562.143847,,1.0,1.0,0.0,
562.143848,,1.0,1.0,0.0,1.0
562.143849,,1.0,1.0,0.0,1.0
562.143857,,1.0,1.0,1.0,1.0
562.143859,,1.0,1.0,0.0,
562.143862,,1.0,1.0,1.0,1.0
562.143863,,0.0,0.0,0.0,
562.143864,,1.0,1.0,1.0,
562.143865,,0.0,0.0,0.0,
562.143866,,1.0,1.0,0.0,
562.143867,,1.0,1.0,0.0,
562.143869,,1.0,1.0,0.0,
562.143870,,1.0,0.0,0.0,
562.143871,,1.0,1.0,0.0,
562.143872,,0.0,1.0,0.0,1.0
562.143873,,1.0,1.0,0.0,
562.143874,,1.0,1.0,0.0,
562.143875,,,0.0,0.0,1.0
562.143876,,0.0,0.0,0.0,
562.143877,,1.0,1.0,0.0,
562.143878,,1.0,0.0,0.0,
562.143879,,1.0,1.0,0.0,
562.143880,,0.0,0.0,0.0,
562.143881,,0.0,0.0,0.0,
562.143882,,0.0,0.0,0.0,
562.143883,,0.0,0.0,0.0,
562.143884,,0.0,0.0,0.0,
562.143885,,0.0,0.0,0.0,
562.143886,,1.0,0.0,0.0,
562.143887,,0.0,0.0,0.0,
562.143888,,1.0,0.0,1.0,1.0
562.143889,,0.0,0.0,0.0,
562.143890,,0.0,0.0,0.0,
562.143891,,1.0,0.0,0.0,1.0
562.143892,,1.0,1.0,0.0,
562.143893,,1.0,1.0,0.0,1.0
562.143894,,1.0,1.0,0.0,
562.143895,,1.0,1.0,0.0,
562.143896,,1.0,1.0,1.0,
562.143897,,1.0,1.0,0.0,
562.143898,,1.0,1.0,1.0,1.0
562.143899,,1.0,1.0,0.0,
562.143900,,1.0,1.0,0.0,1.0
562.143901,,1.0,1.0,0.0,1.0
562.143902,,1.0,1.0,0.0,
562.143903,,1.0,1.0,0.0,
562.143904,,1.0,1.0,0.0,
562.143905,,1.0,1.0,1.0,
562.143906,,0.0,0.0,0.0,
562.143907,,1.0,1.0,1.0,1.0
562.143908,,1.0,1.0,0.0,
562.143909,,1.0,1.0,0.0,
562.143910,,1.0,1.0,0.0,1.0
562.143911,,0.0,0.0,0.0,
562.143922,,1.0,0.0,0.0,
562.143923,,1.0,1.0,0.0,
562.143927,,1.0,1.0,1.0,1.0
562.143928,,1.0,1.0,0.0,
562.143929,,1.0,1.0,0.0,1.0
562.143930,,1.0,0.0,0.0,
562.143931,,1.0,1.0,0.0,
562.143932,,1.0,1.0,1.0,
562.143934,,1.0,1.0,0.0,
562.143935,,1.0,1.0,0.0,
562.143936,,1.0,1.0,1.0,1.0
562.143937,,1.0,1.0,0.0,1.0
562.143938,,0.0,0.0,0.0,
562.143939,,1.0,0.0,0.0,
562.143940,,1.0,0.0,0.0,
562.143941,,1.0,1.0,1.0,1.0
562.143942,,0.0,1.0,1.0,1.0
562.143943,,1.0,0.0,0.0,1.0
562.143944,,1.0,0.0,0.0,
562.143945,,1.0,0.0,0.0,
562.143946,,1.0,1.0,0.0,
562.143947,,1.0,1.0,0.0,
562.143949,,1.0,1.0,0.0,1.0
562.143950,,0.0,0.0,0.0,
562.143952,,1.0,1.0,0.0,
562.143953,,1.0,1.0,0.0,
562.143954,,1.0,1.0,0.0,1.0
562.143955,,1.0,1.0,0.0,
562.143956,,1.0,1.0,1.0,1.0
562.143957,,1.0,1.0,0.0,
562.143958,,1.0,0.0,0.0,
562.143959,,0.0,1.0,0.0,
562.143960,,1.0,0.0,0.0,
562.143961,,0.0,1.0,0.0,
562.143962,,0.0,0.0,0.0,1.0
562.143963,,1.0,1.0,1.0,
562.143964,,0.0,0.0,0.0,
562.143965,,0.0,0.0,0.0,
562.143966,,1.0,1.0,0.0,1.0
562.143967,,0.0,1.0,0.0,
562.143968,,0.0,1.0,0.0,
562.143969,,1.0,1.0,1.0,
562.143970,,1.0,1.0,1.0,1.0
562.143971,,1.0,1.0,0.0,
562.143972,,1.0,1.0,0.0,
562.143973,,1.0,1.0,0.0,
562.143974,,1.0,1.0,1.0,
562.143975,,1.0,1.0,0.0,
562.143976,,1.0,0.0,0.0,1.0
562.143977,,1.0,1.0,0.0,
562.143978,,1.0,1.0,1.0,
562.143979,,1.0,1.0,0.0,1.0
562.143980,,1.0,1.0,0.0,
562.143981,,1.0,1.0,0.0,1.0
562.143982,,1.0,1.0,0.0,1.0
562.143986,,,1.0,0.0,
562.143990,,0.0,1.0,0.0,
562.143992,,0.0,1.0,0.0,
562.143993,,0.0,0.0,0.0,
562.143994,,0.0,0.0,0.0,
562.143995,,1.0,1.0,0.0,
562.143996,,0.0,1.0,1.0,
562.143997,,,0.0,0.0,
562.143998,,1.0,1.0,0.0,1.0
562.143999,,0.0,1.0,0.0,
562.144000,,1.0,1.0,0.0,
562.144001,,1.0,1.0,0.0,
562.144002,,1.0,1.0,0.0,
562.144003,,0.0,1.0,1.0,1.0
562.144004,,0.0,0.0,0.0,
562.144005,,1.0,1.0,0.0,
562.144006,,1.0,0.0,0.0,
562.144007,,0.0,0.0,0.0,
562.144008,,0.0,0.0,0.0,
562.144009,,1.0,1.0,0.0,
562.144010,,1.0,1.0,0.0,
562.144012,,1.0,0.0,0.0,
562.144015,,0.0,0.0,0.0,
562.144016,,0.0,1.0,0.0,
562.144017,,1.0,1.0,0.0,1.0
562.144018,,1.0,1.0,0.0,
562.144019,,0.0,0.0,0.0,
562.144020,,1.0,1.0,1.0,1.0
562.144021,,1.0,1.0,0.0,
562.144022,,1.0,1.0,0.0,
562.144023,,0.0,0.0,0.0,
562.144024,,1.0,1.0,1.0,1.0
562.144025,,0.0,0.0,0.0,
562.144026,,1.0,1.0,1.0,
562.144027,,1.0,1.0,0.0,
562.144028,,0.0,0.0,0.0,
562.144029,,1.0,1.0,0.0,
562.144030,,1.0,1.0,0.0,1.0
562.144031,,0.0,1.0,0.0,
562.144032,,0.0,1.0,0.0,
562.144033,,1.0,1.0,0.0,1.0
562.144034,,0.0,1.0,0.0,
562.144035,,0.0,1.0,0.0,
562.144036,,0.0,1.0,0.0,
562.144037,,1.0,1.0,0.0,
562.144038,,1.0,1.0,1.0,1.0
562.144039,,1.0,1.0,0.0,1.0
562.144043,,1.0,1.0,0.0,
562.144044,,1.0,1.0,0.0,1.0
562.144051,,1.0,1.0,0.0,1.0
562.144052,,0.0,0.0,0.0,
562.144053,,0.0,0.0,0.0,
562.144054,,1.0,1.0,0.0,1.0
562.144059,,0.0,0.0,0.0,
562.144061,,1.0,1.0,0.0,1.0
562.144070,,0.0,0.0,0.0,
562.144071,,1.0,1.0,0.0,1.0
562.144072,,1.0,1.0,1.0,1.0
562.144073,,1.0,1.0,1.0,1.0
562.144074,,1.0,1.0,0.0,1.0
562.144075,,1.0,1.0,1.0,
562.144076,,1.0,0.0,0.0,
562.144077,,0.0,1.0,0.0,
562.144078,,,0.0,0.0,
562.144079,,1.0,1.0,0.0,
562.144080,,1.0,1.0,0.0,
562.144087,,0.0,0.0,0.0,
562.144090,,0.0,0.0,0.0,
562.144094,,1.0,1.0,0.0,1.0
562.144097,,0.0,0.0,0.0,
562.144101,,1.0,1.0,0.0,1.0
562.144104,,,0.0,0.0,
562.144105,,1.0,1.0,0.0,1.0
562.144106,,1.0,1.0,1.0,1.0
562.144107,,1.0,0.0,0.0,
562.144108,,1.0,0.0,0.0,1.0
562.144109,,1.0,1.0,0.0,1.0
562.144110,,1.0,1.0,0.0,1.0
562.144111,,0.0,0.0,0.0,
562.144112,,0.0,1.0,0.0,
562.144113,,,0.0,0.0,1.0
562.144114,,1.0,0.0,0.0,
562.144115,,1.0,0.0,0.0,
562.144116,,1.0,1.0,0.0,1.0
562.144117,,1.0,1.0,0.0,1.0
562.144118,,1.0,0.0,1.0,1.0
562.144119,,1.0,1.0,0.0,1.0
562.144120,,1.0,1.0,0.0,1.0
562.144121,,1.0,0.0,0.0,
562.144122,,0.0,1.0,0.0,
562.144123,,1.0,1.0,0.0,
562.144124,,1.0,0.0,0.0,1.0
562.144125,,1.0,1.0,0.0,
562.144126,,1.0,1.0,0.0,
562.144127,,1.0,1.0,0.0,1.0
562.144128,,1.0,1.0,0.0,1.0
562.144129,,1.0,1.0,0.0,1.0
562.144130,,1.0,0.0,0.0,
562.144131,,1.0,1.0,0.0,
562.144132,,1.0,0.0,1.0,1.0
562.144133,,1.0,1.0,0.0,1.0
562.144134,,0.0,1.0,0.0,
562.144135,,1.0,1.0,0.0,
562.144136,,1.0,1.0,0.0,
562.144137,,1.0,1.0,0.0,
562.144138,,0.0,0.0,0.0,
562.144139,,1.0,0.0,0.0,
562.144140,,1.0,1.0,0.0,
562.144142,,1.0,0.0,1.0,1.0
562.144143,,0.0,0.0,0.0,
562.144144,,0.0,0.0,0.0,
562.144145,,0.0,0.0,0.0,
562.144146,,0.0,0.0,0.0,
562.144147,,0.0,0.0,0.0,
562.144148,,,1.0,0.0,
562.144149,,0.0,0.0,0.0,
562.144150,1.0,1.0,,0.0,
562.144151,1.0,0.0,,0.0,
562.144152,1.0,,,0.0,
562.144153,1.0,,,0.0,
562.144154,1.0,,,0.0,
562.144155,1.0,0.0,,0.0,
562.144156,1.0,1.0,,0.0,
562.144157,1.0,1.0,,1.0,
562.144158,1.0,0.0,,0.0,
562.144159,1.0,,,1.0,
562.144160,1.0,1.0,,0.0,
562.144161,1.0,1.0,,1.0,
562.144162,1.0,0.0,,0.0,
562.144163,1.0,1.0,,1.0,
562.144164,1.0,1.0,,0.0,
562.144165,1.0,0.0,,0.0,
562.144166,1.0,1.0,,0.0,
562.144167,1.0,1.0,,0.0,
562.144168,1.0,1.0,,1.0,
562.144169,1.0,,,0.0,
562.144170,1.0,,,0.0,
562.144171,1.0,0.0,,0.0,
562.144172,1.0,0.0,,0.0,
562.144173,1.0,0.0,,0.0,
562.144174,1.0,0.0,,0.0,
562.144175,1.0,0.0,,0.0,
562.144176,1.0,,,0.0,
562.144177,1.0,1.0,,0.0,
562.144178,1.0,1.0,,0.0,
562.144179,1.0,,,0.0,
562.144180,1.0,,,0.0,
562.144181,1.0,,,0.0,
562.144182,1.0,1.0,,1.0,
562.144183,1.0,1.0,,0.0,
562.144184,1.0,,,0.0,
562.144185,1.0,1.0,,0.0,
562.144186,1.0,1.0,,0.0,
562.144187,1.0,1.0,,0.0,
562.144188,1.0,1.0,,0.0,
562.144189,1.0,,,0.0,
562.144190,1.0,1.0,,0.0,
562.144191,1.0,0.0,,0.0,
562.144192,1.0,,,0.0,
562.144193,1.0,0.0,,0.0,
562.144194,1.0,0.0,,0.0,
562.144195,1.0,1.0,,0.0,
562.144196,1.0,1.0,,0.0,
562.144197,1.0,,,0.0,
562.144198,1.0,0.0,,0.0,
562.144199,1.0,0.0,,0.0,
562.144200,1.0,0.0,,0.0,
562.144201,1.0,,,0.0,
562.144202,1.0,0.0,,0.0,
562.144203,1.0,,,1.0,
562.144204,1.0,1.0,,1.0,
562.144205,1.0,1.0,,0.0,
562.144206,1.0,0.0,,0.0,
562.144207,1.0,,,0.0,
562.144208,1.0,,,0.0,
562.144209,1.0,1.0,,0.0,
562.144210,1.0,,,0.0,
562.144211,1.0,1.0,,0.0,
562.144212,1.0,1.0,,1.0,
562.144213,1.0,1.0,,1.0,
562.144214,1.0,1.0,,0.0,
562.144215,1.0,0.0,,0.0,
562.144216,1.0,1.0,,0.0,
562.144217,1.0,0.0,,0.0,
562.144218,1.0,1.0,,1.0,
562.144219,1.0,1.0,,1.0,
562.144220,1.0,,,1.0,
562.144221,1.0,1.0,,0.0,
562.144222,0.0,0.0,,0.0,
562.144223,1.0,1.0,,0.0,
562.144224,1.0,1.0,,0.0,
562.144225,1.0,1.0,,0.0,
562.144226,1.0,,,0.0,
562.144227,1.0,1.0,,0.0,
562.144228,1.0,0.0,,0.0,
562.144229,1.0,,,0.0,
562.144230,1.0,1.0,,0.0,
562.144231,1.0,0.0,,0.0,
562.144232,1.0,1.0,,0.0,
562.144233,1.0,0.0,,0.0,
562.144234,1.0,1.0,,0.0,
562.144235,1.0,0.0,,0.0,
562.144236,1.0,1.0,,1.0,
562.144237,1.0,1.0,,0.0,
562.144238,1.0,0.0,,0.0,
562.144239,1.0,1.0,,1.0,
562.144240,1.0,0.0,,0.0,
562.144241,1.0,1.0,,0.0,
562.144242,1.0,0.0,,0.0,
562.144243,1.0,0.0,,1.0,
562.144244,1.0,1.0,,1.0,
562.144245,1.0,,,0.0,
562.144246,1.0,1.0,,0.0,
562.144247,1.0,1.0,,0.0,
562.144248,1.0,1.0,,0.0,
562.144249,1.0,1.0,,0.0,
562.144250,1.0,1.0,,0.0,
562.144251,1.0,,,0.0,
562.144252,1.0,0.0,,0.0,
562.144253,1.0,1.0,,0.0,
562.144254,1.0,1.0,,0.0,
562.144255,1.0,1.0,,0.0,
562.144256,1.0,0.0,,0.0,
562.144257,1.0,1.0,,0.0,
562.144258,1.0,,,0.0,
562.144259,1.0,1.0,,0.0,
562.144260,1.0,1.0,,0.0,
562.144261,1.0,,,0.0,
562.144262,1.0,,,0.0,
562.144263,1.0,1.0,,0.0,
562.144264,1.0,,,0.0,
562.144265,1.0,1.0,,1.0,
562.144266,1.0,,,0.0,
562.144267,1.0,,,0.0,
562.144268,1.0,0.0,,0.0,
562.144269,1.0,0.0,,0.0,
562.144270,1.0,,,0.0,
562.144271,1.0,,,0.0,
562.144272,1.0,,,0.0,
562.144273,1.0,1.0,,1.0,
562.144274,1.0,1.0,,0.0,
562.144275,1.0,,,0.0,
562.144276,1.0,,,0.0,
562.144277,1.0,,,0.0,
562.144278,1.0,0.0,,0.0,
562.144279,1.0,,,0.0,
562.144280,1.0,,,0.0,
562.144281,1.0,1.0,,0.0,
562.144282,1.0,0.0,,0.0,
562.144283,1.0,1.0,,1.0,
562.144284,1.0,1.0,,0.0,
562.144286,1.0,1.0,,0.0,
562.144287,1.0,0.0,,1.0,
562.144288,1.0,0.0,,0.0,
562.144289,1.0,1.0,,0.0,
562.144290,1.0,0.0,,0.0,
562.144291,1.0,1.0,,1.0,
562.144293,1.0,,,0.0,
562.144294,1.0,1.0,,0.0,
562.144295,1.0,1.0,,0.0,
562.144296,1.0,1.0,,0.0,
562.144297,1.0,1.0,,1.0,
562.144298,1.0,1.0,,0.0,
562.144299,1.0,1.0,,1.0,
562.144300,1.0,0.0,,1.0,
562.144301,1.0,0.0,,0.0,
562.144302,1.0,1.0,,0.0,
562.144303,1.0,1.0,,0.0,
562.144304,1.0,1.0,,1.0,
562.144305,1.0,1.0,,1.0,
562.144306,1.0,1.0,,1.0,
562.144307,1.0,1.0,,1.0,
562.144308,1.0,0.0,,0.0,
562.144309,1.0,,,0.0,
562.144310,1.0,1.0,,0.0,
562.144311,1.0,1.0,,1.0,
562.144312,1.0,,,0.0,
562.144313,1.0,,,0.0,
562.144314,1.0,1.0,,0.0,
562.144315,1.0,0.0,,0.0,
562.144316,1.0,1.0,,0.0,
562.144317,1.0,,,1.0,
562.144318,1.0,1.0,,0.0,
562.144319,1.0,0.0,,0.0,
562.144320,1.0,1.0,,0.0,
562.144321,1.0,0.0,,0.0,
562.144322,1.0,0.0,,0.0,
562.144323,1.0,,,1.0,
562.144324,1.0,1.0,,1.0,
562.144325,1.0,1.0,,0.0,
562.144326,1.0,1.0,,1.0,
562.144327,1.0,,,0.0,
562.144328,1.0,1.0,,0.0,
562.144329,1.0,1.0,,0.0,
562.144330,1.0,1.0,,1.0,
562.144331,1.0,1.0,,0.0,
562.144332,1.0,1.0,,0.0,
562.144333,1.0,1.0,,0.0,
562.144334,1.0,,,0.0,
562.144335,1.0,,,0.0,
562.144399,,,,1.0,
562.144400,,,,0.0,
562.144401,,,,0.0,
562.144402,,,,1.0,
562.144403,,,,0.0,
562.144404,,,,0.0,
562.144405,,,,0.0,
562.144406,,,,0.0,
562.144407,,,,0.0,
562.144408,,,,0.0,
562.144409,,,,0.0,
562.144410,,,,0.0,
562.144411,,,,0.0,
562.144412,,,,0.0,
562.144413,,,,1.0,
562.144414,,,,0.0,
562.144415,,,,0.0,
562.144416,,,,1.0,
562.144417,,,,1.0,
562.144418,,,,0.0,
562.144419,,,,0.0,
562.144420,,,,1.0,
562.144421,,,,0.0,
562.144422,,,,1.0,
562.144423,,,,1.0,
562.144424,,,,1.0,
562.144425,,,,0.0,
562.144426,,,,1.0,
562.144427,,,,1.0,
562.144428,,,,0.0,
562.144429,,,,1.0,
562.144430,,,,0.0,
562.144431,,,,0.0,
562.144441,,,0.0,1.0,
562.144450,,,,1.0,
562.144461,,,1.0,1.0,1.0
562.144473,,,1.0,1.0,
562.144483,,,1.0,1.0,1.0
562.144485,,,1.0,1.0,1.0
562.144502,1.0,,,1.0,0.0
562.144503,,,0.0,1.0,
562.144505,0.0,,0.0,1.0,0.0
562.144507,,,,1.0,
562.144508,,,0.0,1.0,0.0
562.144511,,,0.0,1.0,
562.144512,0.0,,0.0,1.0,0.0
562.144513,1.0,,0.0,1.0,0.0
562.144515,0.0,,0.0,1.0,0.0
562.144516,0.0,,0.0,1.0,0.0
562.144517,1.0,,0.0,1.0,0.0
562.144523,0.0,,0.0,1.0,
562.144525,0.0,,0.0,1.0,0.0
562.144527,,,1.0,1.0,
562.144536,0.0,,0.0,1.0,
562.144538,1.0,,0.0,1.0,0.0
562.144542,0.0,,0.0,1.0,0.0
562.144544,,,0.0,1.0,0.0
562.144545,1.0,,0.0,1.0,0.0
562.144546,,,,1.0,1.0
562.144548,0.0,,0.0,1.0,0.0
562.144550,0.0,,0.0,1.0,0.0
562.144552,,,0.0,1.0,
562.144553,0.0,,0.0,1.0,0.0
562.144554,0.0,,0.0,1.0,0.0
562.144557,0.0,,0.0,1.0,0.0
562.144559,,,0.0,1.0,0.0
562.144561,1.0,,0.0,1.0,0.0
562.144562,1.0,,0.0,1.0,0.0
562.144563,,,0.0,1.0,
562.144566,0.0,,0.0,1.0,
562.144572,,,0.0,1.0,0.0
562.144573,0.0,,0.0,1.0,0.0
562.144576,0.0,,0.0,1.0,0.0
562.144578,,,0.0,1.0,0.0
562.144586,0.0,,0.0,1.0,0.0
562.144591,,,1.0,1.0,0.0
562.144596,0.0,,0.0,1.0,0.0
562.144613,1.0,,0.0,1.0,0.0
562.144616,0.0,,0.0,1.0,0.0
562.144618,1.0,,0.0,1.0,0.0
562.144619,0.0,,0.0,1.0,1.0
562.144620,0.0,,0.0,1.0,0.0
562.144621,0.0,,0.0,1.0,0.0
562.144625,0.0,,0.0,1.0,0.0
562.144626,,,0.0,1.0,
562.144627,,,0.0,1.0,1.0
562.144628,,,0.0,1.0,
562.144629,1.0,,0.0,1.0,
562.144630,,,0.0,1.0,
562.144631,0.0,,0.0,1.0,1.0
562.144633,0.0,,0.0,1.0,0.0
562.144634,0.0,,0.0,1.0,0.0
562.144636,1.0,,0.0,1.0,0.0
562.144637,0.0,,0.0,1.0,0.0
562.144642,1.0,,,1.0,
562.144644,,,0.0,1.0,0.0
562.144647,,,1.0,1.0,1.0
562.144648,,,,1.0,
562.144649,0.0,,0.0,1.0,0.0
562.144650,,,1.0,1.0,
562.144652,,,0.0,1.0,
562.144657,1.0,,,1.0,
562.144659,,,0.0,1.0,
562.144663,1.0,,0.0,1.0,0.0
562.144665,1.0,,0.0,1.0,
562.144666,0.0,,0.0,1.0,0.0
562.144668,,,,1.0,
562.144672,0.0,,,1.0,
562.144676,0.0,,0.0,1.0,0.0
562.144678,0.0,,0.0,1.0,0.0
562.144679,1.0,,,1.0,
562.144681,0.0,,0.0,1.0,0.0
562.144686,,,0.0,1.0,
562.144691,0.0,,0.0,1.0,0.0
562.144693,0.0,,0.0,1.0,0.0
562.144699,1.0,,0.0,1.0,0.0
562.144702,1.0,,0.0,1.0,0.0
562.144712,,,1.0,1.0,0.0
562.144716,1.0,,0.0,1.0,0.0
562.144720,0.0,,0.0,1.0,0.0
562.144725,1.0,,0.0,1.0,0.0
562.144726,0.0,,0.0,1.0,0.0
562.144729,,,1.0,1.0,1.0
562.144730,0.0,,0.0,1.0,0.0
562.144731,1.0,,0.0,1.0,1.0
562.144736,0.0,,0.0,1.0,0.0
562.144738,1.0,,0.0,1.0,0.0
562.144739,1.0,,0.0,1.0,0.0
562.144743,1.0,,0.0,1.0,0.0
562.144750,,,1.0,1.0,0.0
562.144752,0.0,,0.0,1.0,0.0
562.144756,1.0,,0.0,1.0,0.0
562.144762,1.0,,0.0,1.0,0.0
562.144770,0.0,,0.0,1.0,0.0
562.144771,0.0,,0.0,1.0,0.0
562.144773,0.0,,0.0,1.0,1.0
562.144780,0.0,,0.0,1.0,0.0
562.144781,,,0.0,1.0,1.0
562.144787,0.0,,0.0,1.0,0.0
562.144794,1.0,,0.0,1.0,1.0
562.144795,,,0.0,1.0,0.0
562.144796,0.0,,0.0,1.0,0.0
562.144800,0.0,,0.0,1.0,0.0
562.144803,,,1.0,1.0,0.0
562.144805,1.0,,0.0,1.0,0.0
562.144806,0.0,,0.0,1.0,0.0
562.144807,,,0.0,1.0,0.0
562.144810,,,1.0,1.0,1.0
562.144816,1.0,,1.0,1.0,1.0
562.144825,0.0,,0.0,1.0,0.0
562.144831,0.0,,0.0,1.0,1.0
562.144841,1.0,,0.0,1.0,1.0
562.144845,1.0,,0.0,1.0,0.0
562.144860,,,1.0,1.0,1.0
562.144863,1.0,,0.0,1.0,0.0
562.144872,1.0,,0.0,1.0,1.0
562.144876,0.0,,0.0,1.0,0.0
562.144882,1.0,,1.0,1.0,0.0
562.144883,0.0,,0.0,1.0,0.0
562.144889,1.0,,0.0,1.0,0.0
562.144895,,,0.0,1.0,1.0
562.144897,1.0,,0.0,1.0,0.0
562.144900,0.0,,0.0,1.0,0.0
562.144905,0.0,,0.0,1.0,0.0
562.144906,0.0,,0.0,1.0,0.0
562.144908,,,0.0,1.0,0.0
562.144911,1.0,,1.0,,1.0
562.144912,1.0,,1.0,,1.0
562.144913,1.0,,1.0,,1.0
562.144914,1.0,,1.0,,1.0
562.144915,1.0,,1.0,,1.0
562.144916,1.0,,1.0,,1.0
562.144917,1.0,,1.0,,1.0
562.144918,1.0,,1.0,,1.0
562.144919,1.0,,1.0,,1.0
562.144920,1.0,,1.0,,1.0
562.144921,1.0,,1.0,,1.0
562.144922,1.0,,1.0,,1.0
562.144923,1.0,,1.0,,1.0
562.144924,1.0,,1.0,,1.0
562.144925,1.0,,1.0,,1.0
562.144926,1.0,,1.0,,1.0
562.144927,1.0,,1.0,,1.0
562.144928,1.0,,1.0,,1.0
562.144929,1.0,,1.0,,0.0
562.144930,1.0,,1.0,,1.0
562.144931,1.0,,1.0,,1.0
562.144932,1.0,,1.0,,1.0
562.144933,1.0,,1.0,,1.0
562.144934,1.0,,1.0,,0.0
562.144935,1.0,,1.0,,1.0
562.144936,1.0,,1.0,,1.0
562.144937,1.0,,1.0,,1.0
562.144938,1.0,,1.0,,1.0
562.144939,1.0,,1.0,,1.0
562.144940,1.0,,1.0,,1.0
562.144941,1.0,,1.0,,1.0
562.144942,1.0,,1.0,,1.0
562.144943,1.0,,1.0,,0.0
562.144944,0.0,0.0,0.0,0.0,
562.144945,0.0,0.0,0.0,0.0,
562.144946,0.0,0.0,0.0,0.0,
562.144947,0.0,0.0,0.0,0.0,
562.144948,0.0,0.0,0.0,0.0,
562.144949,0.0,0.0,0.0,0.0,
562.144950,0.0,0.0,0.0,0.0,
562.144951,0.0,0.0,0.0,0.0,
562.144952,0.0,0.0,0.0,0.0,
562.144953,0.0,0.0,0.0,0.0,
562.144954,0.0,0.0,0.0,0.0,
562.144955,0.0,0.0,0.0,0.0,
562.144956,0.0,0.0,0.0,0.0,
562.144957,0.0,0.0,0.0,0.0,
562.144958,0.0,0.0,0.0,0.0,
562.144959,0.0,0.0,0.0,0.0,
562.144960,0.0,0.0,0.0,0.0,
562.144961,0.0,0.0,0.0,0.0,
562.144962,0.0,0.0,0.0,0.0,
562.144963,0.0,0.0,0.0,0.0,
562.144964,0.0,0.0,0.0,0.0,
562.144965,1.0,0.0,0.0,1.0,
562.144966,0.0,0.0,0.0,0.0,
562.144967,0.0,0.0,0.0,0.0,
562.144968,0.0,0.0,0.0,0.0,
562.144969,0.0,0.0,0.0,0.0,
562.144970,0.0,0.0,0.0,0.0,
562.144971,0.0,0.0,0.0,0.0,
562.144972,0.0,0.0,0.0,0.0,
562.144973,0.0,0.0,0.0,0.0,
562.144974,0.0,0.0,0.0,0.0,
562.144975,0.0,0.0,0.0,0.0,
562.144976,0.0,0.0,0.0,0.0,
562.144977,0.0,0.0,0.0,0.0,
562.144978,0.0,0.0,0.0,0.0,
562.144979,0.0,0.0,0.0,0.0,
562.144980,0.0,0.0,0.0,0.0,
562.144981,0.0,0.0,0.0,0.0,
562.144982,0.0,0.0,0.0,0.0,
562.144983,0.0,0.0,0.0,0.0,
562.144984,0.0,0.0,0.0,0.0,
562.144985,0.0,0.0,0.0,0.0,
562.144986,0.0,0.0,0.0,0.0,
562.144987,0.0,0.0,0.0,0.0,
562.144988,0.0,0.0,0.0,0.0,
562.144989,0.0,0.0,0.0,0.0,
562.144990,0.0,0.0,0.0,0.0,
562.144991,0.0,0.0,0.0,0.0,
562.144992,0.0,0.0,0.0,0.0,
562.144993,0.0,0.0,0.0,0.0,
562.144994,0.0,0.0,0.0,0.0,
562.144995,0.0,0.0,0.0,0.0,
562.144996,0.0,0.0,0.0,0.0,
562.144997,0.0,0.0,0.0,0.0,
562.144998,0.0,0.0,0.0,0.0,
562.144999,0.0,0.0,0.0,0.0,
562.145000,0.0,0.0,0.0,0.0,
562.145001,0.0,0.0,0.0,0.0,
562.145002,0.0,0.0,0.0,0.0,
562.145003,0.0,0.0,0.0,0.0,
562.145004,0.0,0.0,0.0,0.0,
562.145005,0.0,0.0,0.0,0.0,
562.145006,1.0,0.0,0.0,0.0,
562.145007,0.0,0.0,0.0,0.0,
562.145008,0.0,0.0,0.0,0.0,
562.145009,0.0,0.0,0.0,0.0,
562.145010,0.0,0.0,0.0,0.0,
562.145011,0.0,0.0,0.0,0.0,
562.145012,0.0,0.0,0.0,0.0,
562.145013,0.0,0.0,0.0,0.0,
562.145014,0.0,0.0,0.0,0.0,
562.145015,0.0,0.0,0.0,0.0,
562.145016,0.0,0.0,0.0,0.0,
562.145017,1.0,0.0,0.0,0.0,
562.145018,0.0,0.0,0.0,0.0,
562.145019,0.0,0.0,0.0,0.0,
562.145020,0.0,0.0,0.0,0.0,
562.145021,0.0,0.0,0.0,0.0,
562.145022,0.0,0.0,0.0,0.0,
562.145023,0.0,0.0,0.0,1.0,
562.145024,1.0,0.0,1.0,0.0,
562.145025,0.0,0.0,0.0,0.0,
562.145026,0.0,0.0,0.0,0.0,
562.145027,0.0,0.0,0.0,0.0,
562.145028,0.0,0.0,0.0,0.0,
562.145029,0.0,0.0,0.0,0.0,
562.145030,0.0,0.0,0.0,0.0,
562.145031,0.0,0.0,0.0,0.0,
562.145032,0.0,0.0,0.0,0.0,
562.145033,0.0,0.0,0.0,0.0,
562.145034,0.0,0.0,0.0,0.0,
562.145035,0.0,0.0,0.0,0.0,
562.145036,0.0,0.0,0.0,0.0,
562.145037,0.0,0.0,0.0,0.0,
562.145038,0.0,0.0,0.0,0.0,
562.145039,0.0,0.0,0.0,0.0,
562.145040,0.0,0.0,0.0,0.0,
562.145041,0.0,0.0,0.0,0.0,
562.145042,0.0,0.0,0.0,0.0,
562.145043,0.0,0.0,0.0,0.0,
562.145044,0.0,0.0,0.0,0.0,
562.145045,1.0,0.0,0.0,0.0,
562.145046,0.0,0.0,0.0,0.0,
562.145047,0.0,0.0,0.0,0.0,
562.145048,0.0,0.0,0.0,0.0,
562.145049,0.0,0.0,0.0,0.0,
562.145050,0.0,0.0,0.0,0.0,
562.145051,0.0,0.0,0.0,0.0,
562.145052,0.0,0.0,0.0,0.0,
562.145053,0.0,0.0,0.0,0.0,
562.145054,0.0,0.0,0.0,0.0,
562.145055,0.0,0.0,0.0,0.0,
562.145056,0.0,0.0,0.0,0.0,
562.145057,0.0,0.0,0.0,0.0,
562.145058,0.0,0.0,0.0,0.0,
562.145059,0.0,0.0,0.0,0.0,
562.145060,0.0,0.0,0.0,0.0,
562.145061,0.0,0.0,0.0,0.0,
562.145062,0.0,0.0,0.0,0.0,
562.145063,0.0,0.0,0.0,0.0,
562.145064,0.0,0.0,0.0,0.0,
562.145065,1.0,0.0,0.0,0.0,
562.145066,0.0,0.0,0.0,0.0,
562.145067,0.0,0.0,0.0,0.0,
562.145068,0.0,0.0,0.0,0.0,
562.145069,0.0,0.0,0.0,0.0,
562.145070,1.0,0.0,1.0,0.0,
562.145071,0.0,0.0,0.0,0.0,
562.145072,0.0,0.0,0.0,0.0,
562.145073,0.0,0.0,0.0,0.0,
562.145074,0.0,0.0,0.0,0.0,
562.145075,0.0,0.0,0.0,0.0,
562.145076,0.0,0.0,1.0,0.0,
562.145077,0.0,0.0,0.0,0.0,
562.145078,0.0,0.0,0.0,0.0,
562.145079,0.0,0.0,0.0,0.0,
562.145080,0.0,0.0,0.0,0.0,
562.145081,0.0,0.0,0.0,0.0,
562.145318,0.0,,,0.0,0.0
562.145319,0.0,,,0.0,0.0
562.145320,0.0,,,0.0,0.0
562.145321,0.0,,,0.0,0.0
562.145322,0.0,,1.0,0.0,0.0
562.145323,0.0,,,0.0,0.0
562.145324,0.0,,1.0,0.0,0.0
562.145325,0.0,,,0.0,0.0
562.145326,0.0,,,0.0,0.0
562.145327,1.0,,,0.0,1.0
562.145328,0.0,,,0.0,0.0
562.145329,0.0,,,0.0,0.0
562.145330,0.0,,,0.0,0.0
562.145331,0.0,,,0.0,0.0
562.145332,0.0,,,0.0,0.0
562.145333,0.0,,,0.0,0.0
562.145334,0.0,,,0.0,0.0
562.145335,1.0,,,0.0,0.0
562.145336,0.0,,,0.0,0.0
562.145337,1.0,,,0.0,1.0
562.145338,0.0,,,0.0,0.0
562.145339,1.0,,,0.0,0.0
562.145340,1.0,,,0.0,1.0
562.145341,0.0,,,0.0,0.0
562.145342,0.0,,,0.0,0.0
562.145343,1.0,,,0.0,1.0
562.145344,0.0,,,0.0,0.0
562.145345,0.0,,,0.0,0.0
562.145346,0.0,,,0.0,0.0
562.145347,0.0,,,0.0,0.0
562.145348,1.0,,,0.0,0.0
562.145349,0.0,,,0.0,0.0
562.145350,0.0,,,0.0,0.0
562.145351,0.0,,,0.0,0.0
562.145352,0.0,,,0.0,0.0
562.145353,0.0,,,0.0,0.0
562.145354,0.0,,,0.0,0.0
562.145355,0.0,,,0.0,0.0
562.145356,0.0,,,0.0,0.0
562.145357,0.0,,,0.0,0.0
562.145358,1.0,,,0.0,1.0
562.145359,0.0,,,0.0,0.0
562.145360,0.0,,,0.0,0.0
562.145361,1.0,,,0.0,0.0
562.145362,0.0,,,0.0,0.0
562.145363,1.0,,1.0,0.0,1.0
562.145364,1.0,,,0.0,0.0
562.145365,1.0,,,0.0,1.0
562.145366,1.0,,,0.0,0.0
562.145367,0.0,,,0.0,0.0
562.145368,1.0,,,0.0,0.0
562.145369,0.0,,,0.0,0.0
562.145370,1.0,,,0.0,1.0
562.145371,1.0,,,0.0,0.0
562.145372,1.0,,1.0,,1.0
562.145373,1.0,,1.0,,1.0
562.145374,1.0,,,0.0,1.0
562.145375,1.0,,,0.0,1.0
562.145376,0.0,,,0.0,0.0
562.145377,0.0,,,0.0,0.0
562.145378,1.0,,0.0,1.0,0.0
562.145379,1.0,,0.0,1.0,0.0
562.145380,0.0,,0.0,0.0,0.0
562.145381,1.0,,0.0,1.0,0.0
562.145383,1.0,,0.0,0.0,0.0
562.145384,1.0,,0.0,1.0,0.0
562.145385,1.0,,0.0,1.0,0.0
562.145386,1.0,,0.0,0.0,0.0
562.145387,1.0,,0.0,0.0,0.0
562.145388,1.0,,0.0,1.0,0.0
562.145389,1.0,,0.0,1.0,0.0
562.145390,1.0,,0.0,1.0,0.0
562.145391,1.0,,0.0,1.0,0.0
562.145392,1.0,,0.0,1.0,0.0
562.145393,1.0,,0.0,0.0,0.0
562.145394,1.0,,0.0,1.0,0.0
562.145395,1.0,,0.0,1.0,0.0
562.145396,1.0,,0.0,0.0,0.0
562.145397,1.0,,0.0,1.0,0.0
562.145398,1.0,,0.0,1.0,0.0
562.145399,1.0,,0.0,0.0,0.0
562.145400,1.0,,0.0,0.0,0.0
562.145401,0.0,,0.0,0.0,0.0
562.145402,1.0,,0.0,0.0,0.0
562.145403,1.0,,0.0,0.0,1.0
562.145404,1.0,,0.0,1.0,1.0
562.145405,1.0,,0.0,0.0,0.0
562.145406,1.0,,0.0,1.0,0.0
562.145407,1.0,,0.0,1.0,1.0
562.145408,1.0,,0.0,1.0,1.0
562.145409,1.0,,0.0,1.0,0.0
562.145410,1.0,,0.0,1.0,0.0
562.145411,1.0,,0.0,1.0,0.0
562.145412,1.0,,0.0,1.0,0.0
562.145413,1.0,,0.0,0.0,0.0
562.145414,1.0,,0.0,1.0,0.0
562.145415,1.0,,0.0,1.0,0.0
562.145416,1.0,,0.0,0.0,0.0
562.145417,1.0,,0.0,0.0,0.0
562.145418,1.0,,0.0,1.0,0.0
562.145419,1.0,,0.0,0.0,0.0
562.145420,1.0,,0.0,1.0,0.0
562.145421,1.0,,0.0,1.0,0.0
562.145422,1.0,,0.0,1.0,0.0
562.145423,1.0,,0.0,0.0,0.0
562.145424,1.0,,0.0,1.0,0.0
562.145425,1.0,,0.0,0.0,0.0
562.145426,1.0,,0.0,0.0,0.0
562.145427,1.0,,0.0,1.0,0.0
562.145428,1.0,,0.0,1.0,0.0
562.145429,1.0,,0.0,1.0,0.0
562.145430,1.0,,0.0,1.0,0.0
562.145431,1.0,,0.0,1.0,0.0
562.145432,0.0,,0.0,0.0,0.0
562.145433,1.0,,0.0,1.0,0.0
562.145434,0.0,,0.0,0.0,1.0
562.145435,1.0,,0.0,0.0,0.0
562.145436,1.0,,0.0,1.0,0.0
562.145437,0.0,,0.0,0.0,0.0
562.145438,1.0,1.0,,0.0,
562.145439,1.0,0.0,,0.0,
562.145440,0.0,,0.0,0.0,0.0
562.145441,0.0,,0.0,0.0,0.0
562.145442,0.0,,0.0,0.0,1.0
562.145443,0.0,,0.0,0.0,1.0
562.145444,,0.0,0.0,0.0,
562.145445,,0.0,0.0,0.0,
562.145446,,0.0,0.0,0.0,
562.145447,,0.0,1.0,1.0,
562.145448,,1.0,1.0,0.0,1.0
562.145449,,1.0,0.0,0.0,
562.145450,,0.0,0.0,0.0,
562.145451,,0.0,0.0,0.0,
562.145452,,,0.0,0.0,
562.145453,,1.0,1.0,1.0,
562.145454,,1.0,1.0,0.0,1.0
562.145455,,1.0,1.0,1.0,1.0
562.145456,,1.0,1.0,1.0,1.0
562.145457,,0.0,0.0,0.0,
562.145458,,0.0,0.0,0.0,
562.145459,,1.0,1.0,0.0,
562.145460,,0.0,0.0,0.0,
562.145461,,1.0,1.0,0.0,
562.145462,,,1.0,0.0,
562.145463,,1.0,1.0,0.0,1.0
562.145464,,1.0,1.0,0.0,1.0
562.145465,,1.0,1.0,1.0,
562.145466,,1.0,1.0,0.0,
562.145467,,0.0,0.0,0.0,
562.145468,,1.0,0.0,1.0,
562.145469,,1.0,1.0,1.0,1.0
562.145470,,1.0,1.0,0.0,
562.145471,,1.0,1.0,0.0,
562.145477,,1.0,1.0,1.0,
562.145478,,1.0,1.0,0.0,1.0
562.145479,,1.0,1.0,0.0,
562.145480,,1.0,1.0,1.0,
562.145481,,1.0,1.0,0.0,1.0
562.145482,,1.0,1.0,1.0,
562.145483,,1.0,1.0,1.0,1.0
562.145484,,1.0,1.0,1.0,1.0
562.145485,,1.0,1.0,1.0,1.0
562.145486,,1.0,1.0,1.0,
562.145487,,1.0,1.0,0.0,1.0
562.145488,,1.0,1.0,0.0,
562.145489,,1.0,1.0,1.0,
562.145490,,1.0,1.0,0.0,
562.145491,,1.0,1.0,0.0,1.0
562.145492,,1.0,1.0,0.0,1.0
562.145493,,0.0,0.0,0.0,
562.145494,,1.0,1.0,1.0,1.0
562.145495,,1.0,0.0,0.0,
562.145496,,0.0,0.0,0.0,
562.145497,,0.0,0.0,0.0,
562.145498,,1.0,1.0,1.0,
562.145499,,0.0,0.0,0.0,
562.145500,,1.0,1.0,1.0,1.0
562.145501,,0.0,0.0,0.0,
562.145503,,1.0,1.0,0.0,1.0
562.145504,,1.0,1.0,0.0,1.0
562.145505,,1.0,1.0,0.0,1.0
562.145506,,1.0,1.0,0.0,1.0
562.145508,,1.0,1.0,0.0,1.0
562.145509,,1.0,1.0,0.0,1.0
562.145510,,1.0,1.0,0.0,1.0
562.145511,,1.0,1.0,0.0,
562.145513,,0.0,0.0,0.0,1.0
562.145514,,1.0,0.0,1.0,
562.145515,,0.0,0.0,0.0,
562.145516,,,1.0,0.0,1.0
562.145517,,1.0,1.0,1.0,1.0
562.145518,,1.0,0.0,0.0,1.0
562.145519,,0.0,0.0,0.0,
562.145520,,1.0,1.0,0.0,
562.145521,,1.0,1.0,0.0,1.0
562.145523,,1.0,1.0,0.0,
562.145524,,0.0,0.0,0.0,
562.145525,,1.0,1.0,1.0,
562.145526,,1.0,1.0,1.0,
562.145527,,1.0,1.0,0.0,
562.145528,,0.0,0.0,0.0,
562.145529,,1.0,1.0,0.0,
562.145530,,1.0,0.0,0.0,1.0
562.145531,,1.0,1.0,0.0,1.0
562.145533,,1.0,1.0,0.0,
562.145535,,1.0,1.0,0.0,1.0
562.145537,,1.0,1.0,1.0,1.0
562.145538,,1.0,0.0,0.0,
562.145540,,1.0,1.0,0.0,1.0
562.145541,,0.0,1.0,0.0,
562.145542,,0.0,0.0,0.0,
562.145543,,0.0,0.0,0.0,
562.145544,,0.0,0.0,0.0,
562.145545,,0.0,1.0,1.0,1.0
562.145546,,0.0,0.0,0.0,
562.145548,,0.0,0.0,0.0,
562.145550,,1.0,1.0,1.0,1.0
562.145552,,1.0,1.0,0.0,
562.145553,,1.0,0.0,0.0,
562.145557,,1.0,1.0,1.0,1.0
562.145562,,1.0,1.0,1.0,1.0
562.145563,,1.0,1.0,0.0,1.0
562.145564,,1.0,1.0,0.0,
562.145566,,1.0,1.0,0.0,1.0
562.145567,,1.0,1.0,0.0,
562.145568,,1.0,1.0,0.0,
562.145569,,1.0,1.0,0.0,
562.145570,,,1.0,1.0,1.0
562.145571,,1.0,0.0,0.0,
562.145572,,1.0,1.0,0.0,
562.145573,,1.0,0.0,0.0,
562.145574,,1.0,1.0,0.0,1.0
562.145575,,1.0,1.0,0.0,
562.145576,,1.0,0.0,1.0,1.0
562.145578,,0.0,0.0,0.0,
562.145579,,0.0,0.0,0.0,
562.145580,,,0.0,0.0,
562.145581,,0.0,0.0,0.0,
562.145582,,0.0,0.0,0.0,
562.145583,,0.0,1.0,0.0,
562.145584,,0.0,1.0,0.0,
562.145585,,0.0,0.0,0.0,
562.145586,,0.0,1.0,0.0,
562.145587,,,0.0,0.0,
562.145588,,0.0,1.0,0.0,
562.145589,,0.0,1.0,0.0,
562.145590,,0.0,0.0,0.0,
562.145591,,0.0,0.0,0.0,
562.145592,,0.0,0.0,0.0,
562.145593,,,0.0,0.0,
562.145594,,0.0,0.0,0.0,
562.145595,,0.0,0.0,0.0,
562.145596,,,0.0,0.0,
562.145597,,0.0,0.0,0.0,
562.145599,,0.0,1.0,0.0,1.0
562.145600,,1.0,1.0,0.0,1.0
562.145601,,1.0,1.0,0.0,
562.145604,,0.0,1.0,0.0,
562.145605,,0.0,1.0,0.0,
562.145606,,1.0,1.0,0.0,
562.145607,,0.0,1.0,0.0,
562.145610,,,1.0,0.0,
562.145611,,1.0,1.0,0.0,1.0
562.145612,,1.0,1.0,0.0,
562.145613,,1.0,1.0,1.0,
562.145614,,1.0,1.0,1.0,
562.145616,,0.0,0.0,0.0,
562.145617,,1.0,1.0,0.0,
562.145618,,0.0,0.0,0.0,
562.145619,,1.0,1.0,1.0,
562.145620,,1.0,1.0,0.0,1.0
562.145622,,1.0,1.0,0.0,1.0
562.145623,,1.0,1.0,0.0,1.0
562.145626,,1.0,1.0,0.0,
562.145627,,1.0,1.0,0.0,1.0
562.145628,,0.0,1.0,0.0,
562.145629,,1.0,1.0,0.0,
562.145630,,1.0,1.0,0.0,1.0
562.145631,,1.0,1.0,1.0,
562.145632,,1.0,1.0,1.0,1.0
562.145635,,1.0,1.0,0.0,
562.145637,,1.0,1.0,0.0,
562.145638,,1.0,1.0,0.0,1.0
562.145639,,0.0,0.0,0.0,
562.145641,,1.0,0.0,0.0,1.0
562.145642,,1.0,0.0,0.0,
562.145644,,1.0,1.0,0.0,
562.145645,,1.0,1.0,0.0,
562.145646,,1.0,0.0,0.0,
562.145647,,0.0,0.0,0.0,
562.145648,,0.0,0.0,0.0,
562.145649,,0.0,0.0,0.0,
562.145650,,0.0,0.0,0.0,
562.145651,,0.0,0.0,0.0,
562.145652,,1.0,1.0,0.0,1.0
562.145653,,1.0,1.0,1.0,
562.145654,,0.0,0.0,0.0,
562.145655,,1.0,1.0,0.0,
562.145656,,0.0,0.0,0.0,
562.145657,,1.0,0.0,0.0,1.0
562.145660,,1.0,1.0,1.0,
562.145661,,1.0,1.0,0.0,
562.145662,,1.0,1.0,0.0,1.0
562.145663,,0.0,1.0,0.0,
562.145664,,1.0,1.0,0.0,
562.145665,,0.0,0.0,0.0,
562.145666,,1.0,1.0,0.0,
562.145667,,1.0,1.0,0.0,1.0
562.145668,,1.0,1.0,0.0,
562.145669,,1.0,1.0,0.0,
562.145670,,1.0,1.0,0.0,
562.145671,,1.0,1.0,0.0,
562.145672,,0.0,0.0,0.0,
562.145673,,1.0,0.0,0.0,
562.145674,,0.0,1.0,0.0,
562.145675,,1.0,1.0,0.0,
562.145676,,1.0,1.0,1.0,
562.145677,,1.0,1.0,0.0,1.0
562.145678,,1.0,1.0,0.0,
562.145679,,0.0,0.0,0.0,
562.145680,,0.0,0.0,0.0,
562.145681,,1.0,1.0,0.0,
562.145682,,0.0,0.0,0.0,
562.145683,,0.0,0.0,0.0,
562.145684,,1.0,1.0,0.0,1.0
562.145685,,0.0,0.0,0.0,
562.145686,,1.0,0.0,1.0,1.0
562.145687,,0.0,0.0,0.0,
562.145688,,0.0,1.0,0.0,
562.145689,,1.0,1.0,0.0,
562.145690,,0.0,0.0,0.0,
562.145691,,0.0,1.0,0.0,
562.145692,,1.0,0.0,1.0,
562.145693,,0.0,0.0,0.0,
562.145694,,0.0,0.0,0.0,
562.145695,,1.0,1.0,0.0,1.0
562.145696,,0.0,1.0,0.0,
562.145697,,1.0,1.0,0.0,
562.145698,,1.0,1.0,0.0,
562.145699,,1.0,1.0,0.0,1.0
562.145700,,0.0,0.0,0.0,
562.145701,,1.0,1.0,0.0,
562.145702,,0.0,0.0,0.0,
562.145703,,1.0,1.0,1.0,1.0
562.145704,,1.0,1.0,0.0,1.0
562.145705,,0.0,0.0,0.0,
562.145707,,1.0,1.0,0.0,
562.145708,,0.0,1.0,0.0,
562.145709,,1.0,1.0,0.0,
562.145711,,0.0,0.0,0.0,
562.145712,,0.0,0.0,0.0,
562.145716,,0.0,0.0,0.0,
562.145717,,0.0,0.0,0.0,
562.145718,,0.0,0.0,0.0,
562.145719,,0.0,1.0,0.0,
562.145721,,1.0,1.0,0.0,
562.145722,,0.0,1.0,0.0,
562.145723,,1.0,1.0,1.0,
562.145724,,0.0,1.0,1.0,
562.145725,,1.0,1.0,0.0,
562.145726,,0.0,0.0,0.0,
562.145727,,0.0,1.0,0.0,
562.145728,,0.0,1.0,0.0,
562.145729,,0.0,1.0,0.0,
562.145730,,0.0,0.0,0.0,
562.145731,,0.0,1.0,0.0,
562.145732,,1.0,0.0,0.0,
562.145733,,1.0,1.0,1.0,
562.145739,,1.0,1.0,1.0,
562.145740,,1.0,1.0,0.0,1.0
562.145741,,1.0,1.0,0.0,1.0
562.145742,,1.0,1.0,0.0,1.0
562.145743,,1.0,1.0,0.0,
562.145744,,1.0,1.0,1.0,
562.145745,,1.0,1.0,0.0,
562.145746,,1.0,1.0,1.0,
562.145747,,0.0,0.0,0.0,
562.145748,,1.0,1.0,1.0,
562.145749,,1.0,1.0,1.0,1.0
562.145750,,0.0,0.0,0.0,
562.145751,,1.0,1.0,0.0,
562.145752,,0.0,0.0,0.0,
562.145753,,1.0,1.0,0.0,1.0
562.145755,,0.0,1.0,0.0,
562.145756,,1.0,1.0,0.0,1.0
562.145757,,1.0,1.0,1.0,1.0
562.145758,,1.0,1.0,1.0,1.0
562.145759,,1.0,1.0,1.0,
562.145760,,1.0,1.0,1.0,1.0
562.145761,,1.0,1.0,1.0,1.0
562.145762,,1.0,1.0,0.0,
562.145763,,1.0,1.0,0.0,1.0
562.145764,,0.0,0.0,0.0,
562.145765,,1.0,1.0,0.0,1.0
562.145766,,1.0,0.0,0.0,
562.145767,,1.0,1.0,0.0,1.0
562.145768,,1.0,1.0,1.0,1.0
562.145769,,1.0,1.0,0.0,1.0
562.145770,,1.0,1.0,0.0,1.0
562.145771,,1.0,0.0,1.0,
562.145772,,1.0,1.0,1.0,
562.145773,,1.0,1.0,0.0,1.0
562.145774,,1.0,1.0,0.0,1.0
562.145775,,1.0,1.0,0.0,
562.145776,,1.0,1.0,1.0,
562.145777,,1.0,1.0,0.0,
562.145778,,1.0,0.0,1.0,
562.145779,,1.0,1.0,0.0,1.0
562.145780,,1.0,1.0,0.0,1.0
562.145781,,1.0,1.0,0.0,1.0
562.145782,,1.0,1.0,0.0,
562.145783,,1.0,1.0,0.0,
562.145784,,1.0,1.0,1.0,1.0
562.145785,,1.0,1.0,0.0,1.0
562.145787,,1.0,1.0,1.0,
562.145793,,1.0,1.0,1.0,
562.145797,,0.0,0.0,0.0,
562.145802,,1.0,1.0,0.0,1.0
562.145803,,1.0,1.0,1.0,1.0
562.145806,,1.0,1.0,0.0,
562.145809,,1.0,1.0,0.0,
562.145810,,0.0,1.0,0.0,
562.145811,,1.0,1.0,0.0,
562.145812,0.0,,0.0,0.0,0.0
562.145813,,0.0,0.0,0.0,
562.145814,,0.0,0.0,0.0,
562.145816,0.0,,0.0,0.0,0.0
562.145817,0.0,,0.0,0.0,0.0
562.145818,1.0,,0.0,0.0,1.0
562.145819,0.0,,0.0,0.0,0.0
562.145820,0.0,,0.0,0.0,0.0
562.145821,1.0,,0.0,0.0,1.0
562.145822,1.0,,0.0,0.0,1.0
562.16324,1.0,1.0,1.0,1.0,1.0
562.16325,1.0,1.0,0.0,1.0,1.0
562.16326,1.0,1.0,0.0,0.0,1.0
562.16327,1.0,1.0,1.0,0.0,1.0
562.16466,1.0,,1.0,1.0,1.0
562.17359,,1.0,1.0,0.0,1.0
562.17620,1.0,1.0,1.0,0.0,1.0
562.17621,1.0,1.0,1.0,0.0,1.0
562.17721,1.0,1.0,1.0,1.0,1.0
562.17722,1.0,1.0,1.0,1.0,1.0
562.17733,,0.0,,,
562.19090,1.0,1.0,1.0,1.0,
562.19151,1.0,1.0,0.0,0.0,1.0
562.19177,1.0,1.0,,,
562.19178,1.0,1.0,,,
562.19179,1.0,1.0,,,
562.19180,1.0,1.0,,,
562.19181,1.0,1.0,,,
562.19182,1.0,1.0,,,
562.19183,1.0,1.0,,,
562.19184,1.0,1.0,,,
562.19185,1.0,1.0,,,
562.19186,1.0,1.0,,,
562.19187,1.0,1.0,,,
562.19188,1.0,1.0,,,
562.19189,1.0,1.0,,,
562.19190,1.0,1.0,,,
562.19191,1.0,1.0,,,
562.19194,1.0,1.0,0.0,1.0,0.0
562.19195,1.0,1.0,0.0,1.0,0.0
562.19196,1.0,1.0,0.0,0.0,0.0
562.19197,1.0,1.0,0.0,1.0,1.0
562.19198,1.0,1.0,0.0,0.0,0.0
562.19199,1.0,1.0,,1.0,1.0
562.19200,1.0,1.0,0.0,0.0,0.0
562.19201,1.0,1.0,0.0,0.0,1.0
562.19631,1.0,1.0,1.0,0.0,1.0
562.19632,1.0,1.0,1.0,1.0,1.0
562.19633,1.0,1.0,1.0,1.0,1.0
562.19821,1.0,1.0,1.0,0.0,0.0
562.19823,1.0,1.0,1.0,1.0,1.0
562.20499,1.0,1.0,1.0,0.0,0.0
562.21897,1.0,1.0,0.0,0.0,0.0
562.21898,1.0,1.0,0.0,0.0,0.0
562.21899,1.0,1.0,0.0,0.0,1.0
562.22426,1.0,1.0,1.0,0.0,0.0
562.22428,0.0,0.0,0.0,0.0,
562.22429,1.0,0.0,1.0,0.0,
562.22430,0.0,0.0,0.0,0.0,
562.22431,1.0,0.0,1.0,0.0,
562.22432,1.0,1.0,1.0,0.0,
562.22433,0.0,0.0,0.0,0.0,
562.22434,1.0,0.0,1.0,0.0,
562.22435,1.0,0.0,0.0,0.0,
562.22436,1.0,0.0,0.0,0.0,
562.22437,1.0,0.0,0.0,0.0,
562.22438,0.0,0.0,0.0,0.0,
562.22439,0.0,0.0,0.0,0.0,
562.22440,1.0,0.0,1.0,0.0,
562.22441,1.0,0.0,0.0,0.0,
562.22442,1.0,0.0,1.0,0.0,
562.22443,1.0,0.0,0.0,0.0,
562.22444,0.0,0.0,0.0,0.0,
562.22445,1.0,0.0,0.0,1.0,
562.22446,0.0,0.0,0.0,0.0,
562.22447,1.0,0.0,0.0,0.0,
562.22448,0.0,0.0,0.0,0.0,
562.22449,0.0,0.0,0.0,0.0,
562.22450,0.0,0.0,0.0,0.0,
562.22451,0.0,0.0,0.0,0.0,
562.22452,0.0,0.0,0.0,0.0,
562.22453,0.0,0.0,0.0,0.0,
562.22454,1.0,0.0,0.0,0.0,
562.22455,1.0,0.0,1.0,1.0,
562.22457,1.0,0.0,1.0,0.0,
562.22458,0.0,0.0,0.0,0.0,
562.22459,0.0,0.0,0.0,0.0,
562.22460,1.0,0.0,1.0,0.0,
562.22461,1.0,0.0,0.0,0.0,
562.22462,1.0,0.0,0.0,0.0,
562.22463,0.0,0.0,0.0,0.0,
562.22464,1.0,0.0,0.0,0.0,
562.22465,1.0,0.0,1.0,1.0,
562.22466,1.0,0.0,0.0,0.0,
562.22467,1.0,0.0,0.0,0.0,
562.22468,0.0,0.0,0.0,0.0,
562.22469,1.0,0.0,,0.0,
562.22470,0.0,0.0,0.0,0.0,
562.22471,1.0,0.0,1.0,0.0,
562.22472,1.0,0.0,,0.0,
562.22473,0.0,0.0,0.0,0.0,
562.22474,1.0,0.0,0.0,0.0,
562.22476,1.0,0.0,0.0,1.0,
562.22477,0.0,0.0,0.0,0.0,
562.22478,1.0,1.0,1.0,0.0,
562.22479,1.0,1.0,1.0,0.0,
562.22480,1.0,0.0,0.0,0.0,
562.22481,1.0,1.0,1.0,0.0,
562.22482,0.0,0.0,0.0,0.0,
562.22483,0.0,0.0,1.0,0.0,
562.22484,0.0,0.0,1.0,0.0,
562.22485,1.0,0.0,0.0,0.0,
562.22486,0.0,0.0,0.0,0.0,
562.22487,0.0,0.0,0.0,0.0,
562.22488,1.0,1.0,1.0,0.0,
562.22489,0.0,0.0,0.0,0.0,
562.22490,1.0,0.0,0.0,0.0,
562.22491,1.0,1.0,1.0,0.0,
562.22492,0.0,0.0,0.0,0.0,
562.22493,0.0,0.0,0.0,0.0,
562.22494,0.0,0.0,0.0,0.0,
562.22495,0.0,0.0,1.0,0.0,
562.22496,1.0,0.0,1.0,0.0,
562.22497,0.0,0.0,0.0,0.0,
562.22498,0.0,0.0,0.0,0.0,
562.22499,1.0,0.0,1.0,1.0,
562.22500,1.0,0.0,0.0,0.0,
562.22501,1.0,1.0,1.0,0.0,
562.22502,0.0,0.0,0.0,0.0,
562.22503,1.0,1.0,1.0,1.0,
562.22504,0.0,0.0,0.0,0.0,
562.22505,1.0,0.0,0.0,0.0,
562.22506,0.0,0.0,0.0,0.0,
562.22507,0.0,0.0,0.0,0.0,
562.22508,1.0,0.0,0.0,0.0,
562.22509,0.0,0.0,0.0,0.0,
562.22510,0.0,0.0,0.0,0.0,
562.22511,0.0,0.0,0.0,0.0,
562.22512,1.0,0.0,0.0,0.0,
562.22513,0.0,0.0,0.0,0.0,
562.22514,0.0,0.0,0.0,0.0,
562.22515,1.0,0.0,0.0,0.0,
562.22516,1.0,0.0,0.0,0.0,
562.22517,0.0,0.0,0.0,0.0,
562.22518,1.0,1.0,1.0,0.0,
562.22519,1.0,0.0,0.0,0.0,
562.22520,1.0,0.0,0.0,0.0,
562.22521,1.0,0.0,0.0,0.0,
562.22522,0.0,0.0,0.0,0.0,
562.22523,0.0,0.0,0.0,,
562.22524,1.0,0.0,0.0,0.0,
562.22525,1.0,0.0,0.0,0.0,
562.22526,0.0,0.0,0.0,0.0,
562.22527,1.0,0.0,1.0,0.0,
562.22528,1.0,0.0,0.0,0.0,
562.22529,1.0,1.0,0.0,0.0,
562.22530,0.0,0.0,0.0,0.0,
562.22531,1.0,0.0,1.0,0.0,
562.22532,0.0,0.0,0.0,0.0,
562.22533,0.0,0.0,0.0,0.0,
562.22534,1.0,0.0,0.0,0.0,
562.22535,1.0,1.0,0.0,0.0,
562.22536,1.0,1.0,1.0,0.0,
562.22537,1.0,0.0,0.0,0.0,
562.22538,1.0,0.0,0.0,0.0,
562.22539,1.0,0.0,1.0,0.0,
562.22540,1.0,0.0,0.0,0.0,
562.22541,1.0,1.0,1.0,0.0,
562.22542,0.0,0.0,0.0,0.0,
562.22543,1.0,1.0,,0.0,
562.22544,1.0,0.0,0.0,0.0,
562.22545,1.0,0.0,0.0,0.0,
562.22546,1.0,0.0,0.0,0.0,
562.22547,1.0,1.0,0.0,0.0,
562.22548,1.0,0.0,0.0,0.0,
562.22549,0.0,0.0,0.0,0.0,
562.22550,1.0,0.0,0.0,0.0,
562.22551,1.0,0.0,1.0,0.0,
562.22552,1.0,0.0,0.0,0.0,
562.22553,0.0,0.0,0.0,0.0,
562.22554,1.0,0.0,0.0,0.0,
562.22555,0.0,0.0,0.0,0.0,
562.22556,0.0,0.0,0.0,0.0,
562.22557,1.0,0.0,0.0,0.0,
562.22558,0.0,0.0,0.0,0.0,
562.22559,1.0,0.0,0.0,0.0,
562.22560,1.0,0.0,1.0,0.0,
562.22561,1.0,0.0,0.0,0.0,
562.22562,1.0,0.0,0.0,0.0,
562.22563,0.0,0.0,0.0,0.0,
562.22564,1.0,0.0,0.0,0.0,
562.22565,1.0,0.0,1.0,0.0,
562.22566,1.0,0.0,0.0,0.0,
562.22567,1.0,0.0,0.0,0.0,
562.22568,0.0,0.0,0.0,0.0,
562.22569,1.0,0.0,0.0,0.0,
562.22570,0.0,0.0,0.0,0.0,
562.22571,0.0,0.0,0.0,0.0,
562.22572,1.0,0.0,0.0,0.0,
562.22573,0.0,0.0,0.0,0.0,
562.22574,0.0,0.0,0.0,0.0,
562.22576,0.0,0.0,0.0,0.0,
562.22577,1.0,0.0,0.0,0.0,
562.22578,0.0,0.0,0.0,0.0,
562.22579,1.0,0.0,0.0,0.0,
562.22580,0.0,0.0,0.0,0.0,
562.22581,1.0,0.0,0.0,0.0,
562.22582,1.0,0.0,1.0,1.0,
562.22583,1.0,0.0,1.0,0.0,
562.22584,1.0,0.0,0.0,0.0,
562.22585,0.0,0.0,0.0,0.0,
562.22586,1.0,0.0,1.0,0.0,
562.22587,1.0,0.0,0.0,0.0,
562.22588,1.0,1.0,1.0,0.0,
562.22589,0.0,0.0,0.0,0.0,
562.22590,0.0,0.0,0.0,0.0,
562.22591,0.0,0.0,0.0,0.0,
562.22592,1.0,0.0,0.0,0.0,
562.22593,1.0,0.0,0.0,0.0,
562.22594,0.0,0.0,0.0,0.0,
562.22595,1.0,0.0,1.0,0.0,
562.22596,1.0,0.0,1.0,1.0,
562.22597,1.0,0.0,0.0,0.0,
562.22598,0.0,0.0,0.0,0.0,
562.22599,0.0,0.0,0.0,0.0,
562.22600,0.0,0.0,0.0,0.0,
562.22601,0.0,0.0,1.0,0.0,
562.22602,0.0,0.0,1.0,0.0,
562.22603,0.0,0.0,0.0,0.0,
562.22604,0.0,0.0,0.0,0.0,
562.22605,1.0,0.0,0.0,0.0,
562.22606,0.0,0.0,0.0,0.0,
562.22607,1.0,0.0,0.0,0.0,
562.22608,0.0,0.0,0.0,0.0,
562.22609,0.0,0.0,0.0,0.0,
562.22610,0.0,0.0,0.0,0.0,
562.22611,1.0,1.0,1.0,0.0,
562.22612,1.0,0.0,0.0,0.0,
562.22613,0.0,0.0,0.0,0.0,
562.22614,0.0,0.0,0.0,0.0,
562.22615,0.0,0.0,0.0,0.0,
562.22617,0.0,0.0,0.0,0.0,
562.22618,1.0,,0.0,0.0,
562.22619,1.0,0.0,,0.0,
562.22620,1.0,0.0,1.0,0.0,
562.22621,0.0,0.0,0.0,0.0,
562.22622,0.0,0.0,1.0,0.0,
562.22623,0.0,0.0,0.0,0.0,
562.22624,0.0,0.0,0.0,0.0,
562.22625,0.0,0.0,0.0,0.0,
562.22626,1.0,0.0,1.0,0.0,
562.22627,0.0,0.0,0.0,0.0,
562.22628,0.0,0.0,0.0,0.0,
562.22629,0.0,0.0,0.0,0.0,
562.22630,1.0,0.0,1.0,0.0,
562.22631,0.0,0.0,1.0,0.0,
562.22632,1.0,0.0,0.0,0.0,
562.22633,0.0,0.0,0.0,0.0,
562.22634,1.0,0.0,0.0,0.0,
562.22635,1.0,0.0,0.0,1.0,
562.22636,0.0,0.0,1.0,0.0,
562.22637,0.0,0.0,0.0,0.0,
562.22638,1.0,0.0,0.0,0.0,
562.22639,1.0,0.0,0.0,0.0,
562.22640,1.0,0.0,0.0,0.0,
562.22641,0.0,0.0,0.0,0.0,
562.22642,1.0,0.0,1.0,0.0,
562.22643,1.0,0.0,0.0,0.0,
562.22644,1.0,0.0,0.0,0.0,
562.22645,0.0,0.0,0.0,0.0,
562.22646,1.0,0.0,0.0,0.0,
562.22647,1.0,0.0,1.0,0.0,
562.22648,1.0,0.0,0.0,0.0,
562.22649,0.0,0.0,0.0,0.0,
562.22650,1.0,0.0,1.0,1.0,
562.22651,1.0,0.0,1.0,0.0,
562.22652,1.0,0.0,0.0,0.0,
562.22653,1.0,0.0,0.0,0.0,
562.22654,1.0,0.0,0.0,0.0,
562.22655,1.0,1.0,1.0,1.0,
562.22656,1.0,0.0,0.0,0.0,
562.22657,1.0,0.0,1.0,0.0,
562.22658,1.0,0.0,0.0,0.0,
562.22659,0.0,0.0,0.0,0.0,
562.22660,0.0,0.0,0.0,0.0,
562.22661,1.0,0.0,0.0,0.0,
562.22662,1.0,0.0,0.0,0.0,
562.22663,0.0,0.0,0.0,0.0,
562.22664,0.0,0.0,0.0,0.0,
562.22665,0.0,0.0,0.0,0.0,
562.22666,0.0,0.0,0.0,0.0,
562.22667,1.0,0.0,0.0,0.0,
562.22668,0.0,0.0,0.0,0.0,
562.22669,1.0,1.0,1.0,0.0,
562.22670,0.0,0.0,0.0,0.0,
562.22671,1.0,0.0,0.0,0.0,
562.22672,1.0,0.0,1.0,1.0,
562.22673,0.0,0.0,0.0,0.0,
562.22674,0.0,0.0,0.0,0.0,
562.22675,0.0,0.0,0.0,0.0,
562.22676,1.0,0.0,0.0,0.0,
562.22677,1.0,0.0,1.0,1.0,
562.22678,0.0,0.0,0.0,0.0,
562.22679,0.0,0.0,0.0,0.0,
562.22680,1.0,1.0,1.0,0.0,
562.22681,1.0,0.0,0.0,0.0,
562.22682,1.0,0.0,0.0,0.0,
562.22683,1.0,0.0,0.0,0.0,
562.22684,1.0,0.0,0.0,0.0,
562.22685,1.0,0.0,,1.0,
562.22686,1.0,0.0,0.0,0.0,
562.22687,1.0,0.0,0.0,0.0,
562.22688,1.0,0.0,0.0,0.0,
562.22689,1.0,0.0,0.0,,
562.22690,0.0,0.0,0.0,0.0,
562.22691,1.0,0.0,1.0,1.0,
562.22692,1.0,0.0,0.0,0.0,
562.22693,1.0,0.0,0.0,0.0,
562.22694,1.0,0.0,1.0,0.0,
562.22695,1.0,0.0,0.0,0.0,
562.22696,1.0,1.0,0.0,0.0,
562.22697,0.0,0.0,0.0,0.0,
562.22698,0.0,0.0,0.0,0.0,
562.22699,0.0,0.0,0.0,0.0,
562.22700,1.0,1.0,1.0,1.0,
562.22701,1.0,0.0,0.0,0.0,
562.22702,1.0,0.0,0.0,0.0,
562.22703,1.0,0.0,0.0,0.0,
562.22704,0.0,0.0,0.0,0.0,
562.22705,0.0,0.0,0.0,0.0,
562.22706,0.0,0.0,0.0,0.0,
562.22707,1.0,0.0,0.0,0.0,
562.22708,1.0,0.0,1.0,1.0,
562.22709,0.0,0.0,0.0,0.0,
562.22710,0.0,0.0,0.0,0.0,
562.22711,1.0,0.0,0.0,0.0,
562.22712,0.0,0.0,0.0,0.0,
562.22713,1.0,0.0,0.0,0.0,
562.22714,1.0,0.0,0.0,0.0,
562.22715,1.0,0.0,0.0,0.0,
562.22716,1.0,0.0,0.0,0.0,
562.22717,1.0,1.0,1.0,1.0,
562.22718,1.0,0.0,1.0,0.0,
562.22719,0.0,0.0,0.0,0.0,
562.22720,0.0,0.0,0.0,0.0,
562.22721,1.0,0.0,1.0,0.0,
562.22722,1.0,0.0,0.0,0.0,
562.22723,1.0,0.0,0.0,0.0,
562.22724,1.0,0.0,1.0,0.0,
562.22725,0.0,0.0,0.0,0.0,
562.22726,0.0,0.0,0.0,0.0,
562.22727,1.0,0.0,0.0,0.0,
562.22728,1.0,0.0,0.0,0.0,
562.22729,1.0,0.0,0.0,0.0,
562.22730,0.0,0.0,0.0,0.0,
562.22731,0.0,0.0,0.0,0.0,
562.22732,0.0,0.0,0.0,0.0,
562.22733,1.0,1.0,1.0,0.0,
562.22734,1.0,0.0,0.0,0.0,
562.22735,1.0,0.0,0.0,0.0,
562.22736,0.0,0.0,0.0,0.0,
562.22737,0.0,0.0,0.0,0.0,
562.22738,0.0,0.0,0.0,0.0,
562.22740,0.0,0.0,0.0,0.0,
562.22741,1.0,0.0,0.0,0.0,
562.22742,1.0,0.0,0.0,0.0,
562.22743,1.0,0.0,0.0,0.0,
562.22744,1.0,0.0,0.0,0.0,
562.22745,1.0,0.0,0.0,0.0,
562.22746,1.0,0.0,1.0,0.0,
562.22747,1.0,0.0,0.0,0.0,
562.22748,1.0,0.0,0.0,0.0,
562.22749,1.0,0.0,0.0,0.0,
562.22750,1.0,0.0,0.0,0.0,
562.22751,1.0,0.0,0.0,0.0,
562.22752,1.0,0.0,0.0,0.0,
562.22753,0.0,0.0,0.0,0.0,
562.22754,1.0,1.0,1.0,1.0,
562.22755,1.0,0.0,0.0,0.0,
562.22756,1.0,0.0,0.0,0.0,
562.22757,1.0,0.0,0.0,0.0,
562.22758,1.0,0.0,0.0,0.0,
562.22759,1.0,0.0,0.0,0.0,
562.22760,0.0,0.0,0.0,0.0,
562.22761,1.0,0.0,1.0,0.0,
562.22762,0.0,0.0,0.0,0.0,
562.22763,0.0,0.0,0.0,0.0,
562.22764,1.0,1.0,0.0,0.0,
562.22765,1.0,0.0,1.0,0.0,
562.22766,1.0,0.0,0.0,1.0,
562.22767,1.0,0.0,1.0,0.0,
562.22768,1.0,1.0,1.0,0.0,
562.22769,0.0,0.0,0.0,0.0,
562.22770,1.0,0.0,1.0,0.0,
562.22771,1.0,0.0,0.0,0.0,
562.22772,1.0,0.0,0.0,0.0,
562.22773,0.0,0.0,0.0,0.0,
562.22774,1.0,0.0,0.0,0.0,
562.22775,1.0,0.0,0.0,0.0,
562.22776,0.0,0.0,0.0,0.0,
562.22777,0.0,0.0,0.0,0.0,
562.22778,1.0,0.0,0.0,1.0,
562.22779,0.0,0.0,0.0,0.0,
562.22780,1.0,0.0,0.0,0.0,
562.22781,0.0,0.0,0.0,0.0,
562.22782,1.0,0.0,0.0,0.0,
562.22783,1.0,1.0,1.0,0.0,
562.22784,1.0,0.0,0.0,0.0,
562.22785,1.0,0.0,0.0,0.0,
562.22786,1.0,0.0,0.0,0.0,
562.22787,1.0,1.0,1.0,0.0,
562.22788,1.0,0.0,0.0,0.0,
562.22789,1.0,0.0,0.0,0.0,
562.22790,0.0,0.0,0.0,0.0,
562.22791,0.0,0.0,0.0,0.0,
562.22792,1.0,0.0,0.0,0.0,
562.22793,1.0,0.0,0.0,0.0,
562.22794,1.0,0.0,1.0,1.0,
562.22795,0.0,0.0,0.0,0.0,
562.22796,0.0,0.0,0.0,0.0,
562.22797,0.0,0.0,1.0,0.0,
562.22798,0.0,0.0,0.0,0.0,
562.22799,0.0,0.0,0.0,0.0,
562.22800,1.0,0.0,0.0,0.0,
562.22801,0.0,0.0,0.0,0.0,
562.22802,1.0,0.0,0.0,0.0,
562.22803,0.0,0.0,0.0,0.0,
562.22804,0.0,0.0,0.0,0.0,
562.22805,1.0,0.0,0.0,0.0,
562.22806,1.0,0.0,1.0,0.0,
562.22807,1.0,0.0,0.0,0.0,
562.22808,0.0,0.0,0.0,0.0,
562.22809,0.0,0.0,0.0,0.0,
562.22810,0.0,0.0,0.0,0.0,
562.22811,1.0,1.0,1.0,0.0,
562.22812,1.0,0.0,0.0,0.0,
562.22813,1.0,1.0,1.0,0.0,
562.22814,0.0,0.0,0.0,0.0,
562.22815,1.0,0.0,0.0,0.0,
562.22816,1.0,0.0,0.0,0.0,
562.22817,0.0,0.0,0.0,0.0,
562.22818,1.0,0.0,0.0,0.0,
562.22819,1.0,0.0,0.0,0.0,
562.22820,1.0,0.0,0.0,0.0,
562.22821,1.0,1.0,1.0,1.0,
562.22822,1.0,1.0,1.0,0.0,
562.22823,0.0,0.0,0.0,0.0,
562.22824,0.0,0.0,0.0,0.0,
562.22825,1.0,0.0,0.0,0.0,
562.22826,1.0,0.0,0.0,0.0,
562.22827,0.0,0.0,0.0,0.0,
562.22828,,,0.0,0.0,
562.22829,,,0.0,0.0,
562.22830,,,0.0,0.0,
562.22831,,,0.0,0.0,
562.22832,,,0.0,0.0,
562.22833,,,0.0,0.0,
562.22834,,,0.0,0.0,
562.22835,,,0.0,0.0,
562.22836,,,0.0,0.0,
562.22837,,,0.0,0.0,
562.22838,,,0.0,0.0,
562.22839,,,0.0,0.0,
562.22840,,,0.0,0.0,
562.22841,,,0.0,0.0,
562.22842,,,0.0,0.0,
562.22843,,,1.0,0.0,
562.22844,,,0.0,0.0,
562.22845,,,0.0,0.0,
562.22846,,,0.0,0.0,
562.22847,,,1.0,0.0,
562.22848,,,0.0,0.0,
562.22849,,,0.0,0.0,
562.22850,,,0.0,0.0,
562.22851,,,0.0,0.0,
562.22852,,,0.0,0.0,
562.22853,,,0.0,0.0,
562.22854,,,1.0,1.0,
562.22855,,,0.0,0.0,
562.22856,,,0.0,0.0,
562.22857,,,0.0,0.0,
562.22858,,,0.0,0.0,
562.22859,,,0.0,0.0,
562.22860,,,1.0,0.0,
562.22861,,,0.0,0.0,
562.22862,,,0.0,0.0,
562.22863,,,0.0,0.0,
562.22864,,,0.0,0.0,
562.22865,,,1.0,1.0,
562.22866,,,0.0,0.0,
562.22867,,,1.0,1.0,
562.22868,,,1.0,1.0,
562.22869,,,0.0,0.0,
562.22870,,,0.0,0.0,
562.22871,,,0.0,0.0,
562.22872,1.0,0.0,0.0,0.0,
562.22873,1.0,0.0,0.0,0.0,
562.22874,0.0,0.0,0.0,0.0,
562.22875,1.0,0.0,0.0,0.0,
562.22876,1.0,0.0,0.0,0.0,
562.22877,0.0,0.0,0.0,0.0,
562.22878,0.0,0.0,0.0,0.0,
562.22879,0.0,0.0,1.0,0.0,
562.22880,1.0,0.0,,0.0,
562.22881,,,0.0,0.0,
562.22882,,,0.0,0.0,
562.22883,,,0.0,0.0,
562.22884,,,0.0,0.0,
562.22885,,,0.0,0.0,
562.22886,,,0.0,0.0,
562.22887,,,0.0,1.0,
562.22888,,,0.0,0.0,
562.22889,,,0.0,0.0,
562.22890,,,0.0,0.0,
562.22891,,,0.0,0.0,
562.22892,,,0.0,1.0,
562.22893,,,0.0,0.0,
562.22894,,,0.0,0.0,
562.22895,,,0.0,0.0,
562.22896,,,0.0,0.0,
562.22897,,,0.0,0.0,
562.22898,,,0.0,0.0,
562.22899,,,0.0,0.0,
562.22900,,,,0.0,
562.22901,,,0.0,0.0,
562.22902,,,0.0,0.0,
562.22903,,,0.0,0.0,
562.22904,,,0.0,0.0,
562.22905,,,0.0,0.0,
562.22906,,,0.0,0.0,
562.22907,,,0.0,0.0,
562.22908,,,0.0,0.0,
562.22909,,0.0,0.0,0.0,
562.22910,,0.0,0.0,0.0,
562.22911,,0.0,0.0,0.0,
562.22912,,0.0,0.0,0.0,
562.22913,,0.0,,0.0,
562.22914,,0.0,0.0,0.0,
562.22915,,0.0,0.0,0.0,
562.22916,,0.0,0.0,0.0,
562.22917,,0.0,0.0,0.0,
562.22918,,0.0,1.0,1.0,
562.22919,,0.0,0.0,0.0,
562.22920,,0.0,1.0,0.0,
562.22921,,0.0,0.0,0.0,
562.22922,,0.0,0.0,0.0,
562.22923,,0.0,1.0,1.0,
562.22924,,0.0,0.0,0.0,
562.22925,,0.0,0.0,0.0,
562.22926,,0.0,0.0,0.0,
562.22927,,0.0,1.0,0.0,
562.22928,,0.0,0.0,0.0,
562.22929,,0.0,0.0,0.0,
562.22930,,0.0,0.0,0.0,
562.22931,,0.0,0.0,0.0,
562.22932,,0.0,0.0,0.0,
562.22933,,0.0,1.0,0.0,
562.22934,,0.0,0.0,0.0,
562.22935,,0.0,0.0,0.0,
562.22936,,0.0,0.0,0.0,
562.22937,,0.0,0.0,0.0,
562.22938,,0.0,0.0,0.0,
562.22939,,0.0,0.0,0.0,
562.22940,,0.0,0.0,0.0,
562.22941,,0.0,0.0,0.0,
562.22942,,0.0,1.0,0.0,
562.22943,,0.0,0.0,0.0,
562.22944,,0.0,0.0,0.0,
562.22945,,0.0,0.0,0.0,
562.22946,,0.0,0.0,0.0,
562.22947,,0.0,0.0,0.0,
562.22948,,0.0,0.0,0.0,
562.22949,,0.0,0.0,0.0,
562.22950,,0.0,0.0,0.0,
562.22951,,0.0,0.0,0.0,
562.22952,,0.0,0.0,0.0,
562.22953,,0.0,0.0,0.0,
562.22954,,0.0,0.0,0.0,
562.22955,,0.0,0.0,0.0,
562.22956,,0.0,0.0,0.0,
562.22957,,0.0,0.0,0.0,
562.22958,,0.0,0.0,0.0,
562.22959,,0.0,0.0,0.0,
562.22960,,0.0,0.0,0.0,
562.22961,,0.0,0.0,0.0,
562.22962,,0.0,0.0,0.0,
562.22963,,0.0,0.0,1.0,
562.22964,,0.0,0.0,0.0,
562.22965,,0.0,0.0,0.0,
562.22966,,0.0,0.0,0.0,
562.22967,,0.0,0.0,0.0,
562.22968,,0.0,0.0,0.0,
562.22969,,0.0,0.0,0.0,
562.22970,,0.0,0.0,0.0,
562.22971,,0.0,0.0,0.0,
562.22972,,0.0,0.0,0.0,
562.22973,,0.0,0.0,0.0,
562.22974,,0.0,0.0,0.0,
562.22975,,0.0,0.0,0.0,
562.22976,,0.0,0.0,0.0,
562.22977,,0.0,0.0,0.0,
562.22978,,0.0,0.0,0.0,
562.22979,,0.0,0.0,1.0,
562.22980,,0.0,0.0,0.0,
562.22981,,0.0,0.0,0.0,
562.22982,,0.0,0.0,0.0,
562.22983,,0.0,0.0,0.0,
562.22984,,1.0,0.0,1.0,
562.22985,,0.0,0.0,0.0,
562.22986,,0.0,0.0,0.0,
562.22987,,0.0,0.0,0.0,
562.22988,,0.0,0.0,0.0,
562.22989,,0.0,0.0,0.0,
562.22990,,0.0,0.0,0.0,
562.22991,,0.0,0.0,0.0,
562.22992,,0.0,0.0,0.0,
562.22993,,0.0,0.0,0.0,
562.22994,,0.0,0.0,0.0,
562.22995,,0.0,0.0,0.0,
562.22996,,0.0,0.0,0.0,
562.22997,,0.0,1.0,1.0,
562.22998,,0.0,0.0,0.0,
562.22999,,0.0,0.0,0.0,
562.23000,,0.0,0.0,0.0,
562.23001,,0.0,0.0,0.0,
562.23002,,0.0,0.0,0.0,
562.23003,,0.0,0.0,0.0,
562.23004,,0.0,0.0,0.0,
562.23005,,0.0,0.0,0.0,
562.23006,,0.0,0.0,0.0,
562.23007,,0.0,0.0,0.0,
562.23008,,0.0,0.0,0.0,
562.23009,,0.0,0.0,0.0,
562.23010,,0.0,0.0,0.0,
562.23011,,0.0,0.0,1.0,
562.23012,,0.0,0.0,0.0,
562.23013,,0.0,0.0,0.0,
562.23014,,0.0,0.0,0.0,
562.23015,,0.0,0.0,0.0,
562.23016,,0.0,0.0,0.0,
562.23017,,0.0,0.0,0.0,
562.23018,,0.0,0.0,0.0,
562.23019,,0.0,0.0,0.0,
562.23020,,0.0,0.0,0.0,
562.23021,,0.0,0.0,0.0,
562.23022,,0.0,0.0,0.0,
562.23023,,0.0,0.0,0.0,
562.23024,,0.0,1.0,1.0,
562.23025,,0.0,0.0,0.0,
562.23026,,0.0,0.0,0.0,
562.23027,,0.0,0.0,0.0,
562.23028,,0.0,1.0,0.0,
562.23029,,0.0,1.0,0.0,
562.23030,,0.0,0.0,0.0,
562.23031,,0.0,0.0,0.0,
562.23032,,0.0,0.0,0.0,
562.23033,,0.0,0.0,0.0,
562.23034,,0.0,0.0,0.0,
562.23035,,0.0,0.0,0.0,
562.23036,,0.0,0.0,0.0,
562.23037,,0.0,0.0,0.0,
562.23038,,0.0,0.0,0.0,
562.23039,,0.0,0.0,0.0,
562.23040,,0.0,0.0,0.0,
562.23041,,0.0,0.0,0.0,
562.23042,,0.0,0.0,0.0,
562.23043,,0.0,0.0,0.0,
562.23044,,0.0,0.0,0.0,
562.23045,,0.0,0.0,0.0,
562.23046,,1.0,0.0,0.0,
562.23047,,1.0,1.0,1.0,
562.23048,,0.0,0.0,0.0,
562.23049,,0.0,0.0,0.0,
562.23050,,0.0,0.0,0.0,
562.23051,,0.0,0.0,0.0,
562.23052,,0.0,0.0,0.0,
562.23053,,0.0,1.0,0.0,
562.23054,,0.0,0.0,0.0,
562.23055,,0.0,0.0,0.0,
562.23056,,0.0,0.0,0.0,
562.23057,,0.0,0.0,0.0,
562.23058,,0.0,0.0,0.0,
562.23059,,0.0,0.0,0.0,
562.23060,,0.0,0.0,0.0,
562.23061,,0.0,0.0,0.0,
562.23062,,0.0,0.0,0.0,
562.23063,,0.0,0.0,0.0,
562.23064,,0.0,0.0,0.0,
562.23065,,0.0,0.0,0.0,
562.23066,,0.0,1.0,0.0,
562.23067,,0.0,0.0,0.0,
562.23068,,0.0,0.0,0.0,
562.23069,,0.0,0.0,0.0,
562.23070,,0.0,0.0,0.0,
562.23071,,0.0,0.0,0.0,
562.23072,,0.0,0.0,0.0,
562.23073,,0.0,0.0,0.0,
562.23074,,0.0,0.0,0.0,
562.23075,,0.0,0.0,0.0,
562.23076,,1.0,1.0,0.0,
562.23077,,0.0,0.0,0.0,
562.23078,,0.0,1.0,0.0,
562.23079,,0.0,1.0,0.0,
562.23080,,0.0,,0.0,
562.23081,,0.0,0.0,0.0,
562.23082,,0.0,0.0,0.0,
562.23083,,0.0,0.0,0.0,
562.23084,,0.0,0.0,0.0,
562.23085,,0.0,0.0,0.0,
562.23086,,0.0,0.0,0.0,
562.23087,,0.0,0.0,0.0,
562.23088,,0.0,0.0,0.0,
562.23089,,0.0,0.0,0.0,
562.23090,,0.0,0.0,0.0,
562.23091,,0.0,0.0,0.0,
562.23092,,0.0,0.0,0.0,
562.23093,,0.0,0.0,0.0,
562.23094,,0.0,0.0,0.0,
562.23095,,0.0,1.0,0.0,
562.23096,,0.0,1.0,1.0,
562.23097,,0.0,0.0,0.0,
562.23098,,0.0,1.0,0.0,
562.23099,,0.0,0.0,0.0,
562.23100,,0.0,1.0,0.0,
562.23101,,0.0,0.0,0.0,
562.23102,,0.0,0.0,0.0,
562.23103,,0.0,0.0,0.0,
562.23104,,0.0,0.0,0.0,
562.23105,,0.0,0.0,0.0,
562.23106,,0.0,0.0,0.0,
562.23107,,0.0,0.0,0.0,
562.23108,,0.0,1.0,1.0,
562.23109,,0.0,0.0,0.0,
562.23110,,0.0,0.0,0.0,
562.23111,,0.0,0.0,0.0,
562.23112,,0.0,0.0,0.0,
562.23113,,0.0,0.0,0.0,
562.23114,,0.0,0.0,0.0,
562.23115,,0.0,0.0,0.0,
562.23116,,0.0,0.0,0.0,
562.23117,,0.0,1.0,0.0,
562.23118,,0.0,0.0,0.0,
562.23119,,0.0,0.0,0.0,
562.23120,,0.0,0.0,0.0,
562.23121,,0.0,0.0,0.0,
562.23122,,0.0,0.0,0.0,
562.23123,,0.0,0.0,0.0,
562.23124,,0.0,0.0,0.0,
562.23125,,0.0,0.0,0.0,
562.23126,,0.0,0.0,0.0,
562.23127,,0.0,0.0,0.0,
562.23128,,0.0,0.0,0.0,
562.23129,,0.0,1.0,0.0,
562.23130,,0.0,0.0,0.0,
562.23131,,1.0,0.0,0.0,
562.23132,,0.0,0.0,0.0,
562.23133,,0.0,0.0,0.0,
562.23134,,0.0,1.0,0.0,
562.23135,,,0.0,0.0,
562.23136,,0.0,0.0,0.0,
562.23137,,0.0,0.0,0.0,
562.23138,,0.0,0.0,0.0,
562.23139,,0.0,0.0,0.0,
562.23140,,0.0,1.0,0.0,
562.23141,,,1.0,1.0,
562.23142,,0.0,0.0,0.0,
562.23143,,0.0,0.0,0.0,
562.23144,,1.0,1.0,0.0,
562.23145,,0.0,0.0,0.0,
562.23146,,0.0,0.0,0.0,
562.23147,,0.0,0.0,0.0,
562.23148,,0.0,0.0,0.0,
562.23149,,0.0,0.0,0.0,
562.23150,,0.0,0.0,0.0,
562.23151,,0.0,0.0,0.0,
562.23152,,1.0,0.0,0.0,
562.23153,,0.0,0.0,0.0,
562.23154,,0.0,0.0,0.0,
562.23155,,0.0,0.0,0.0,
562.23156,,0.0,0.0,0.0,
562.23157,,0.0,0.0,0.0,
562.23158,,0.0,0.0,1.0,
562.23159,,0.0,1.0,0.0,
562.23160,,0.0,0.0,0.0,
562.23161,,0.0,0.0,0.0,
562.23162,,0.0,0.0,0.0,
562.23163,,0.0,0.0,0.0,
562.23164,,0.0,0.0,0.0,
562.23165,,0.0,0.0,0.0,
562.23166,,0.0,0.0,0.0,
562.23167,,0.0,1.0,0.0,
562.23168,,0.0,0.0,0.0,
562.23169,,0.0,0.0,0.0,
562.23170,,0.0,1.0,0.0,
562.23171,,0.0,1.0,0.0,
562.23172,,1.0,0.0,1.0,
562.23173,,0.0,0.0,0.0,
562.23174,,0.0,0.0,0.0,
562.23175,,0.0,0.0,0.0,
562.23176,,0.0,0.0,0.0,
562.23177,,0.0,0.0,0.0,
562.23178,,0.0,0.0,0.0,
562.23179,,0.0,0.0,0.0,
562.23180,,0.0,0.0,0.0,
562.23181,,1.0,1.0,0.0,
562.23182,,0.0,0.0,0.0,
562.23183,,0.0,0.0,0.0,
562.23184,,0.0,0.0,0.0,
562.23185,,0.0,0.0,0.0,
562.23186,,0.0,,0.0,
562.23187,,0.0,0.0,0.0,
562.23188,,0.0,0.0,0.0,
562.23189,,1.0,1.0,0.0,
562.23190,,0.0,0.0,0.0,
562.23191,,0.0,1.0,0.0,
562.23192,,0.0,0.0,0.0,
562.23193,,0.0,0.0,0.0,
562.23194,,1.0,1.0,0.0,
562.23195,,1.0,1.0,0.0,
562.23196,,0.0,0.0,0.0,
562.23197,,0.0,0.0,0.0,
562.23198,,0.0,0.0,0.0,
562.23199,,0.0,1.0,0.0,
562.23200,,0.0,1.0,0.0,
562.23201,,0.0,0.0,0.0,
562.23202,,0.0,0.0,0.0,
562.23203,,0.0,0.0,0.0,
562.23204,,0.0,0.0,0.0,
562.23205,,0.0,1.0,0.0,
562.23206,,0.0,0.0,0.0,
562.23207,,0.0,0.0,0.0,
562.23208,,0.0,0.0,0.0,
562.23209,,0.0,0.0,0.0,
562.23210,,0.0,0.0,0.0,
562.23211,,0.0,0.0,0.0,
562.23212,,1.0,1.0,1.0,
562.23213,,0.0,0.0,0.0,
562.23214,,0.0,0.0,0.0,
562.23215,,0.0,0.0,0.0,
562.23216,,0.0,0.0,0.0,
562.23217,,0.0,0.0,0.0,
562.23218,,0.0,0.0,0.0,
562.23219,,0.0,0.0,0.0,
562.23220,,0.0,0.0,0.0,
562.23221,,0.0,0.0,0.0,
562.23222,,0.0,0.0,0.0,
562.23223,,0.0,0.0,0.0,
562.23224,,0.0,0.0,0.0,
562.23225,,0.0,0.0,0.0,
562.23226,,1.0,1.0,1.0,
562.23227,,0.0,0.0,0.0,
562.23228,,0.0,0.0,0.0,
562.23229,,1.0,1.0,0.0,
562.23230,,0.0,0.0,0.0,
562.23231,,0.0,1.0,1.0,
562.23232,,0.0,0.0,0.0,
562.23233,,0.0,1.0,0.0,
562.23234,,0.0,0.0,0.0,
562.23235,,0.0,0.0,0.0,
562.23236,,0.0,0.0,0.0,
562.23237,,0.0,0.0,0.0,
562.23238,,0.0,0.0,0.0,
562.23239,,0.0,1.0,1.0,
562.23240,,0.0,0.0,1.0,
562.23241,,0.0,0.0,0.0,
562.23242,,0.0,0.0,0.0,
562.23243,,0.0,0.0,0.0,
562.23244,,0.0,0.0,0.0,
562.23245,,0.0,0.0,0.0,
562.23246,,0.0,0.0,1.0,
562.23247,,0.0,0.0,0.0,
562.23248,,0.0,1.0,0.0,
562.23249,,0.0,0.0,0.0,
562.23250,,0.0,0.0,0.0,
562.23251,,0.0,0.0,0.0,
562.23252,,0.0,0.0,0.0,
562.23253,,0.0,0.0,0.0,
562.23254,,0.0,0.0,0.0,
562.23255,,0.0,1.0,0.0,
562.23256,,0.0,0.0,0.0,
562.23257,,0.0,0.0,0.0,
562.23258,,0.0,0.0,0.0,
562.23259,,0.0,1.0,0.0,
562.23260,,0.0,0.0,0.0,
562.23261,,0.0,1.0,0.0,
562.23262,,0.0,0.0,0.0,
562.23263,,0.0,0.0,0.0,
562.23264,,0.0,0.0,0.0,
562.23265,,0.0,0.0,0.0,
562.23266,,0.0,0.0,0.0,
562.23267,,0.0,0.0,0.0,
562.23268,,0.0,0.0,0.0,
562.23269,,0.0,0.0,0.0,
562.23270,,0.0,0.0,0.0,
562.23271,,0.0,0.0,0.0,
562.23272,,0.0,1.0,0.0,
562.23273,,1.0,1.0,0.0,
562.23274,,0.0,0.0,0.0,
562.23275,,0.0,0.0,0.0,
562.23276,,0.0,0.0,0.0,
562.23277,,0.0,0.0,0.0,
562.23278,,0.0,0.0,0.0,
562.23279,,0.0,0.0,0.0,
562.23280,,0.0,0.0,0.0,
562.23281,,0.0,0.0,0.0,
562.23282,,0.0,1.0,0.0,
562.23283,,0.0,0.0,0.0,
562.23284,,1.0,1.0,1.0,
562.23285,,0.0,0.0,0.0,
562.23286,,1.0,1.0,1.0,
562.23287,,0.0,1.0,0.0,
562.23288,,0.0,1.0,0.0,
562.23289,,0.0,0.0,0.0,
562.23290,,0.0,0.0,0.0,
562.23291,,0.0,0.0,0.0,
562.23292,,0.0,0.0,0.0,
562.23293,,1.0,0.0,0.0,
562.23294,,1.0,0.0,0.0,
562.23295,,1.0,0.0,0.0,
562.23296,,0.0,0.0,0.0,
562.23297,,0.0,0.0,0.0,
562.23298,,0.0,0.0,0.0,
562.23299,,0.0,0.0,0.0,
562.23300,,0.0,0.0,0.0,
562.23301,,0.0,0.0,0.0,
562.23302,,0.0,0.0,0.0,
562.23303,,0.0,0.0,0.0,
562.23304,,0.0,0.0,0.0,
562.23305,,0.0,1.0,1.0,
562.23306,,1.0,1.0,0.0,
562.23307,,0.0,1.0,1.0,
562.23308,,0.0,0.0,0.0,
562.23309,,0.0,0.0,0.0,
562.23310,,0.0,0.0,0.0,
562.23311,,1.0,1.0,1.0,
562.23312,,0.0,0.0,0.0,
562.23313,,0.0,0.0,0.0,
562.23314,,1.0,1.0,1.0,
562.23315,,0.0,0.0,0.0,
562.23316,,0.0,0.0,0.0,
562.23317,,1.0,1.0,1.0,
562.23318,,0.0,0.0,0.0,
562.23319,,0.0,0.0,0.0,
562.23320,,0.0,0.0,0.0,
562.23321,,0.0,1.0,0.0,
562.23322,,0.0,0.0,0.0,
562.23323,,0.0,0.0,0.0,
562.23324,,0.0,0.0,0.0,
562.23325,,0.0,0.0,0.0,
562.23326,,0.0,0.0,0.0,
562.23327,,0.0,0.0,0.0,
562.23328,,0.0,0.0,0.0,
562.23329,,0.0,,0.0,
562.23330,,1.0,1.0,0.0,
562.23331,,0.0,0.0,0.0,
562.23332,,0.0,0.0,0.0,
562.23333,,0.0,0.0,0.0,
562.23334,,0.0,0.0,0.0,
562.23335,,0.0,0.0,0.0,
562.23336,,0.0,0.0,0.0,
562.23337,,0.0,0.0,1.0,
562.23338,,1.0,1.0,0.0,
562.23339,,0.0,0.0,0.0,
562.23340,,0.0,0.0,0.0,
562.23341,,0.0,0.0,0.0,
562.23342,,0.0,0.0,1.0,
562.23343,,0.0,0.0,0.0,
562.23344,,0.0,1.0,0.0,
562.23345,,0.0,,1.0,
562.23346,,0.0,0.0,0.0,
562.23347,,0.0,0.0,0.0,
562.23348,,0.0,1.0,0.0,
562.23349,,0.0,0.0,0.0,
562.23350,,0.0,0.0,0.0,
562.23351,,0.0,1.0,1.0,
562.23352,,0.0,0.0,0.0,
562.23353,,0.0,0.0,0.0,
562.23354,,0.0,0.0,0.0,
562.23355,,0.0,1.0,1.0,
562.23356,,1.0,1.0,1.0,
562.23357,,0.0,,0.0,
562.23358,,0.0,0.0,0.0,
562.23359,,0.0,1.0,0.0,
562.23360,,0.0,0.0,0.0,
562.23361,,0.0,0.0,0.0,
562.23362,,0.0,0.0,0.0,
562.23363,,0.0,0.0,0.0,
562.23364,,0.0,0.0,0.0,
562.23365,,1.0,1.0,0.0,
562.23366,,0.0,0.0,0.0,
562.23367,,0.0,1.0,1.0,
562.23368,,0.0,0.0,0.0,
562.23369,,1.0,1.0,1.0,
562.23370,,0.0,0.0,0.0,
562.23371,,0.0,1.0,1.0,
562.23372,,0.0,0.0,0.0,
562.23373,,0.0,1.0,0.0,
562.23374,,0.0,0.0,0.0,
562.23375,,1.0,1.0,0.0,
562.23376,,0.0,0.0,0.0,
562.23377,,1.0,1.0,0.0,
562.23378,,0.0,0.0,0.0,
562.23379,,0.0,0.0,0.0,
562.23380,,0.0,0.0,0.0,
562.23381,,0.0,0.0,0.0,
562.23382,,0.0,0.0,0.0,
562.23383,,0.0,0.0,0.0,
562.23384,,0.0,1.0,0.0,
562.23385,,0.0,1.0,0.0,
562.23386,,0.0,0.0,0.0,
562.23387,,0.0,1.0,0.0,
562.23388,,0.0,0.0,0.0,
562.23389,,0.0,,1.0,
562.23390,,0.0,0.0,0.0,
562.23391,,1.0,1.0,1.0,
562.23392,,0.0,0.0,0.0,
562.23393,,0.0,1.0,1.0,
562.23394,,0.0,0.0,0.0,
562.23395,,1.0,1.0,1.0,
562.23396,,1.0,1.0,0.0,
562.23397,,0.0,0.0,1.0,
562.23398,,1.0,1.0,1.0,
562.23399,,0.0,1.0,0.0,
562.23400,,0.0,0.0,0.0,
562.23401,,0.0,0.0,0.0,
562.23402,,0.0,0.0,0.0,
562.23403,,1.0,1.0,1.0,
562.23404,,0.0,0.0,1.0,
562.23405,,0.0,0.0,1.0,
562.23406,,0.0,0.0,0.0,
562.23407,,0.0,0.0,0.0,
562.23408,,0.0,0.0,0.0,
562.23409,,0.0,0.0,0.0,
562.23410,,0.0,1.0,0.0,
562.23411,,0.0,0.0,0.0,
562.23412,,0.0,0.0,0.0,
562.23413,,1.0,1.0,1.0,
562.23414,,0.0,0.0,0.0,
562.23415,,0.0,0.0,0.0,
562.23416,,0.0,0.0,0.0,
562.23417,,0.0,0.0,0.0,
562.23418,,0.0,0.0,0.0,
562.23419,,0.0,0.0,0.0,
562.23420,,0.0,0.0,0.0,
562.23421,,0.0,0.0,0.0,
562.23422,,0.0,0.0,0.0,
562.23423,,0.0,0.0,0.0,
562.23424,,0.0,0.0,0.0,
562.23425,,0.0,0.0,0.0,
562.23426,,0.0,0.0,0.0,
562.23427,,0.0,0.0,0.0,
562.23428,,1.0,1.0,0.0,
562.23429,,0.0,0.0,0.0,
562.23430,,0.0,0.0,0.0,
562.23431,,0.0,0.0,1.0,
562.23432,,0.0,0.0,0.0,
562.23433,,0.0,0.0,0.0,
562.23434,,0.0,1.0,1.0,
562.23435,,0.0,1.0,0.0,
562.23436,,0.0,0.0,0.0,
562.23437,,0.0,0.0,0.0,
562.23438,,0.0,0.0,0.0,
562.23439,,0.0,0.0,0.0,
562.23440,,0.0,0.0,0.0,
562.23441,,0.0,0.0,0.0,
562.23442,,0.0,0.0,0.0,
562.23443,,0.0,0.0,0.0,
562.23444,,0.0,0.0,0.0,
562.23445,,0.0,0.0,0.0,
562.23446,,0.0,0.0,0.0,
562.23447,,0.0,0.0,0.0,
562.23448,,0.0,0.0,0.0,
562.23449,,0.0,0.0,0.0,
562.23450,,0.0,0.0,0.0,
562.23451,,1.0,1.0,0.0,
562.23452,,0.0,1.0,0.0,
562.23453,,0.0,0.0,0.0,
562.23454,,1.0,1.0,0.0,
562.23455,,0.0,0.0,0.0,
562.23456,,0.0,0.0,0.0,
562.23457,,1.0,1.0,1.0,
562.23458,,1.0,1.0,0.0,
562.23459,,0.0,0.0,1.0,
562.23460,,0.0,0.0,0.0,
562.23461,,1.0,1.0,0.0,
562.23462,,0.0,1.0,1.0,
562.23463,,1.0,1.0,0.0,
562.23464,,0.0,0.0,0.0,
562.23465,,0.0,0.0,0.0,
562.23466,,0.0,0.0,1.0,
562.23467,,0.0,0.0,0.0,
562.23468,,0.0,0.0,0.0,
562.23469,,0.0,0.0,0.0,
562.23470,,0.0,1.0,0.0,
562.23471,,0.0,0.0,0.0,
562.23472,,0.0,0.0,0.0,
562.23473,,0.0,0.0,0.0,
562.23474,,0.0,1.0,0.0,
562.23475,,0.0,0.0,0.0,
562.23476,,0.0,0.0,0.0,
562.23477,,0.0,0.0,0.0,
562.23478,,0.0,1.0,1.0,
562.23479,,0.0,0.0,0.0,
562.23480,,0.0,1.0,1.0,
562.23481,,0.0,1.0,0.0,
562.23482,,0.0,0.0,0.0,
562.23483,,0.0,0.0,0.0,
562.23484,,0.0,0.0,0.0,
562.23485,,0.0,0.0,0.0,
562.23486,,0.0,1.0,1.0,
562.23487,,1.0,1.0,0.0,
562.23488,,1.0,1.0,1.0,
562.23489,,0.0,0.0,0.0,
562.23490,,0.0,0.0,0.0,
562.23491,,0.0,0.0,0.0,
562.23492,,0.0,0.0,0.0,
562.23493,,0.0,0.0,0.0,
562.23494,,1.0,1.0,1.0,
562.23495,,0.0,0.0,0.0,
562.23496,,0.0,0.0,0.0,
562.23497,,0.0,0.0,0.0,
562.23498,,0.0,0.0,0.0,
562.23499,,0.0,1.0,0.0,
562.23500,,0.0,0.0,0.0,
562.23501,,1.0,1.0,0.0,
562.23502,,0.0,0.0,0.0,
562.23503,,0.0,0.0,0.0,
562.23504,,0.0,0.0,0.0,
562.23505,,1.0,1.0,0.0,
562.23506,,0.0,0.0,0.0,
562.23507,,1.0,1.0,0.0,
562.23508,,1.0,1.0,0.0,
562.23509,,0.0,0.0,0.0,
562.23510,,0.0,0.0,0.0,
562.23511,,0.0,0.0,0.0,
562.23512,,0.0,0.0,0.0,
562.23513,,0.0,0.0,0.0,
562.23514,,0.0,0.0,0.0,
562.23515,,0.0,0.0,0.0,
562.23516,,0.0,0.0,0.0,
562.23517,,0.0,0.0,0.0,
562.23518,,0.0,0.0,0.0,
562.23519,,0.0,0.0,0.0,
562.23520,,0.0,0.0,0.0,
562.23521,,0.0,0.0,0.0,
562.23522,,0.0,0.0,0.0,
562.23523,,0.0,0.0,0.0,
562.23524,,0.0,0.0,0.0,
562.23525,,0.0,0.0,0.0,
562.23526,,0.0,0.0,0.0,
562.23527,,0.0,0.0,0.0,
562.23528,,0.0,0.0,0.0,
562.23529,,0.0,0.0,0.0,
562.23530,,0.0,1.0,0.0,
562.23531,,0.0,0.0,0.0,
562.23532,,0.0,1.0,0.0,
562.23533,,0.0,0.0,0.0,
562.23534,,0.0,0.0,0.0,
562.23535,,1.0,0.0,0.0,
562.23536,,0.0,0.0,1.0,
562.23537,,0.0,0.0,0.0,
562.23538,,0.0,0.0,0.0,
562.23539,,0.0,1.0,0.0,
562.23540,,0.0,0.0,0.0,
562.23541,,0.0,,0.0,
562.23542,,0.0,1.0,0.0,
562.23543,,0.0,0.0,0.0,
562.23544,,0.0,0.0,0.0,
562.23545,,0.0,0.0,0.0,
562.23546,,0.0,0.0,0.0,
562.23547,,0.0,0.0,0.0,
562.23548,,0.0,1.0,0.0,
562.23549,,0.0,0.0,0.0,
562.23550,,0.0,0.0,0.0,
562.23551,,0.0,1.0,0.0,
562.23552,,0.0,0.0,0.0,
562.23553,,0.0,1.0,0.0,
562.23554,,0.0,0.0,0.0,
562.23555,,0.0,0.0,0.0,
562.23556,,0.0,0.0,0.0,
562.23557,,0.0,0.0,0.0,
562.23558,,1.0,1.0,1.0,
562.23559,,0.0,0.0,0.0,
562.23560,,0.0,0.0,0.0,
562.23561,,0.0,0.0,0.0,
562.23562,,0.0,0.0,0.0,
562.23563,,0.0,0.0,0.0,
562.23564,,0.0,0.0,0.0,
562.23565,,0.0,0.0,1.0,
562.23566,,1.0,1.0,0.0,
562.23567,,0.0,0.0,1.0,
562.23568,,0.0,0.0,0.0,
562.23569,,0.0,0.0,0.0,
562.23570,,0.0,0.0,0.0,
562.23571,,0.0,1.0,0.0,
562.23572,,0.0,0.0,0.0,
562.23573,,0.0,0.0,0.0,
562.23574,,1.0,1.0,1.0,
562.23575,,0.0,0.0,0.0,
562.23576,,0.0,0.0,0.0,
562.23577,,0.0,0.0,0.0,
562.23578,,0.0,0.0,0.0,
562.23579,,0.0,0.0,0.0,
562.23580,,0.0,1.0,0.0,
562.23581,,0.0,0.0,0.0,
562.23582,,0.0,0.0,0.0,
562.23583,,0.0,0.0,0.0,
562.23584,,0.0,0.0,0.0,
562.23585,,0.0,0.0,0.0,
562.23586,,0.0,0.0,0.0,
562.23587,,0.0,0.0,0.0,
562.23588,,0.0,0.0,0.0,
562.23589,,0.0,0.0,0.0,
562.23590,,0.0,0.0,0.0,
562.23591,,0.0,0.0,0.0,
562.23592,,0.0,0.0,0.0,
562.23593,,0.0,1.0,1.0,
562.23594,,1.0,1.0,1.0,
562.23595,,0.0,0.0,0.0,
562.23596,,0.0,0.0,0.0,
562.23597,,0.0,0.0,0.0,
562.23598,,0.0,0.0,0.0,
562.23599,,0.0,0.0,0.0,
562.23600,,0.0,0.0,0.0,
562.23601,,0.0,0.0,0.0,
562.23602,,0.0,0.0,0.0,
562.23603,,0.0,0.0,0.0,
562.23604,,0.0,0.0,0.0,
562.23605,,0.0,0.0,0.0,
562.23606,,0.0,0.0,0.0,
562.23607,,0.0,0.0,0.0,
562.23608,,1.0,0.0,0.0,
562.23609,,0.0,0.0,0.0,
562.23610,,0.0,1.0,0.0,
562.23611,,0.0,0.0,0.0,
562.23612,,0.0,0.0,0.0,
562.23613,,0.0,0.0,0.0,
562.23614,,0.0,0.0,0.0,
562.23615,,1.0,1.0,0.0,
562.23616,,0.0,0.0,0.0,
562.23617,,0.0,0.0,0.0,
562.23618,,0.0,0.0,0.0,
562.23619,,0.0,0.0,0.0,
562.23620,,0.0,0.0,0.0,
562.23621,,0.0,0.0,0.0,
562.23622,,0.0,0.0,0.0,
562.23623,,1.0,1.0,0.0,
562.23624,,0.0,0.0,0.0,
562.23625,,0.0,0.0,0.0,
562.23626,,0.0,0.0,0.0,
562.23627,,0.0,0.0,0.0,
562.23628,,0.0,0.0,0.0,
562.23629,,0.0,,0.0,
562.23630,,0.0,0.0,0.0,
562.23631,,0.0,0.0,0.0,
562.23632,,0.0,0.0,0.0,
562.23633,,0.0,,0.0,
562.23634,,0.0,0.0,0.0,
562.23635,,0.0,0.0,0.0,
562.23636,,0.0,0.0,0.0,
562.23637,,0.0,0.0,0.0,
562.23638,,0.0,0.0,0.0,
562.23639,,0.0,0.0,0.0,
562.23640,,1.0,1.0,1.0,
562.23641,,0.0,0.0,0.0,
562.23642,,0.0,1.0,1.0,
562.23643,,0.0,0.0,0.0,
562.23644,,0.0,0.0,0.0,
562.23645,,0.0,1.0,1.0,
562.23646,,1.0,1.0,0.0,
562.23647,,0.0,0.0,0.0,
562.23648,,0.0,0.0,0.0,
562.23649,,0.0,0.0,0.0,
562.23650,,0.0,0.0,0.0,
562.23651,,0.0,0.0,0.0,
562.23652,,0.0,0.0,0.0,
562.23653,,0.0,1.0,0.0,
562.23654,,0.0,0.0,0.0,
562.23655,,0.0,0.0,0.0,
562.23656,,0.0,0.0,0.0,
562.23657,,0.0,0.0,0.0,
562.23658,,0.0,0.0,0.0,
562.23659,,0.0,1.0,1.0,
562.23660,,0.0,,0.0,
562.23661,,0.0,0.0,0.0,
562.23662,,0.0,0.0,0.0,
562.23663,,0.0,0.0,0.0,
562.23664,,0.0,1.0,0.0,
562.23665,,0.0,0.0,0.0,
562.23666,,0.0,0.0,0.0,
562.23667,,0.0,0.0,0.0,
562.23668,,0.0,0.0,0.0,
562.23669,,0.0,0.0,0.0,
562.23670,,0.0,0.0,0.0,
562.23671,,0.0,0.0,0.0,
562.23672,,0.0,0.0,0.0,
562.23673,,0.0,0.0,0.0,
562.23674,,0.0,0.0,0.0,
562.23675,,0.0,0.0,0.0,
562.23676,,0.0,0.0,0.0,
562.23677,,0.0,0.0,0.0,
562.23678,,0.0,0.0,0.0,
562.23679,,0.0,0.0,0.0,
562.23680,,0.0,0.0,0.0,
562.23681,,0.0,0.0,0.0,
562.23682,,0.0,1.0,1.0,
562.23683,,0.0,0.0,0.0,
562.23684,,0.0,0.0,0.0,
562.23685,,0.0,0.0,0.0,
562.23686,,0.0,0.0,0.0,
562.23687,,0.0,0.0,0.0,
562.23688,,0.0,0.0,0.0,
562.23689,,0.0,0.0,0.0,
562.23690,,0.0,0.0,0.0,
562.23691,,0.0,0.0,0.0,
562.23692,,0.0,0.0,0.0,
562.23693,,0.0,0.0,0.0,
562.23694,,0.0,0.0,0.0,
562.23695,,0.0,0.0,0.0,
562.23696,,0.0,0.0,0.0,
562.23697,,0.0,1.0,1.0,
562.23698,,0.0,0.0,0.0,
562.23699,,0.0,0.0,0.0,
562.23700,,0.0,0.0,0.0,
562.23701,,0.0,0.0,0.0,
562.23702,,0.0,0.0,0.0,
562.23703,,0.0,0.0,0.0,
562.23704,,0.0,0.0,0.0,
562.23705,,0.0,0.0,0.0,
562.23706,,0.0,0.0,0.0,
562.23707,,0.0,0.0,0.0,
562.23708,,0.0,0.0,0.0,
562.23709,,0.0,0.0,0.0,
562.23710,,0.0,0.0,0.0,
562.23711,,0.0,0.0,0.0,
562.23712,,0.0,0.0,0.0,
562.23713,,0.0,0.0,0.0,
562.23714,,0.0,0.0,0.0,
562.23715,,0.0,0.0,0.0,
562.23716,,0.0,0.0,0.0,
562.23717,,0.0,0.0,1.0,
562.23718,,0.0,0.0,0.0,
562.23719,,0.0,0.0,0.0,
562.23720,,0.0,0.0,0.0,
562.23721,,0.0,1.0,1.0,
562.23722,,0.0,0.0,0.0,
562.23723,,0.0,0.0,0.0,
562.23724,,0.0,1.0,0.0,
562.23725,,0.0,0.0,0.0,
562.23726,,0.0,0.0,0.0,
562.23727,,1.0,1.0,0.0,
562.23728,,0.0,0.0,0.0,
562.23729,,0.0,0.0,0.0,
562.23730,,0.0,0.0,0.0,
562.23731,,0.0,0.0,0.0,
562.23732,,0.0,0.0,0.0,
562.23733,,0.0,0.0,0.0,
562.23734,,1.0,1.0,1.0,
562.23735,,0.0,0.0,0.0,
562.23736,,0.0,0.0,0.0,
562.23737,,1.0,1.0,0.0,
562.23738,,0.0,0.0,0.0,
562.23739,,0.0,0.0,0.0,
562.23740,,0.0,0.0,0.0,
562.23741,,0.0,0.0,0.0,
562.23742,,0.0,0.0,0.0,
562.23743,,,0.0,0.0,
562.23744,,0.0,0.0,0.0,
562.23745,,0.0,0.0,0.0,
562.23746,,0.0,0.0,0.0,
562.23747,,0.0,0.0,0.0,
562.23748,,0.0,0.0,0.0,
562.23749,,0.0,0.0,0.0,
562.23750,,0.0,0.0,0.0,
562.23751,,0.0,0.0,0.0,
562.23752,,0.0,0.0,0.0,
562.23753,,0.0,0.0,0.0,
562.23754,,0.0,0.0,0.0,
562.23755,,0.0,0.0,0.0,
562.23756,,0.0,1.0,0.0,
562.23757,,0.0,0.0,0.0,
562.23758,,0.0,1.0,0.0,
562.23759,,0.0,0.0,0.0,
562.23760,,0.0,1.0,1.0,
562.23761,,0.0,0.0,0.0,
562.23762,,0.0,0.0,0.0,
562.23763,,0.0,0.0,0.0,
562.23764,,0.0,0.0,0.0,
562.23765,,0.0,1.0,0.0,
562.23766,,0.0,0.0,0.0,
562.23767,,0.0,0.0,0.0,
562.23768,,0.0,0.0,0.0,
562.23769,,1.0,1.0,0.0,
562.23770,,0.0,0.0,0.0,
562.23771,,0.0,0.0,0.0,
562.23772,,0.0,0.0,0.0,
562.23773,,0.0,0.0,0.0,
562.23774,,0.0,0.0,0.0,
562.23775,,0.0,0.0,0.0,
562.23776,,0.0,0.0,0.0,
562.23777,,0.0,0.0,0.0,
562.23778,,0.0,0.0,0.0,
562.23779,,0.0,0.0,0.0,
562.23780,,0.0,0.0,0.0,
562.23781,,0.0,,1.0,
562.23782,,0.0,1.0,0.0,
562.23783,,,1.0,0.0,
562.23784,,0.0,0.0,0.0,
562.23785,,0.0,0.0,0.0,
562.23786,,0.0,0.0,0.0,
562.23787,,0.0,0.0,0.0,
562.23788,,0.0,1.0,0.0,
562.23789,,0.0,0.0,0.0,
562.23790,1.0,0.0,0.0,0.0,
562.23791,1.0,0.0,1.0,0.0,
562.23792,1.0,1.0,1.0,0.0,
562.23793,,0.0,0.0,0.0,
562.23794,,0.0,0.0,0.0,
562.23795,,0.0,0.0,0.0,
562.23796,,0.0,1.0,0.0,
562.23797,,0.0,0.0,0.0,
562.23798,,0.0,0.0,0.0,
562.23799,,0.0,0.0,0.0,
562.23800,,1.0,1.0,0.0,
562.23801,,0.0,0.0,0.0,
562.23802,,0.0,0.0,0.0,
562.23803,,0.0,0.0,0.0,
562.23804,,1.0,1.0,0.0,
562.23805,,0.0,0.0,0.0,
562.23806,,0.0,0.0,0.0,
562.23807,,0.0,0.0,0.0,
562.23808,,0.0,0.0,0.0,
562.23809,,0.0,0.0,0.0,
562.23810,,0.0,0.0,0.0,
562.23811,,0.0,0.0,0.0,
562.23812,,0.0,0.0,0.0,
562.23813,,0.0,0.0,0.0,
562.23814,,,0.0,0.0,
562.23815,,0.0,0.0,0.0,
562.23816,,0.0,0.0,0.0,
562.23817,,0.0,0.0,0.0,
562.23818,,0.0,0.0,1.0,
562.23819,,0.0,0.0,0.0,
562.23820,,0.0,0.0,0.0,
562.23821,,1.0,1.0,0.0,
562.23822,,0.0,1.0,1.0,
562.23823,,0.0,0.0,0.0,
562.23824,,0.0,0.0,0.0,
562.23825,,0.0,0.0,0.0,
562.23826,,0.0,0.0,0.0,
562.23827,,0.0,0.0,0.0,
562.23828,,0.0,0.0,0.0,
562.23829,,0.0,0.0,0.0,
562.23830,,0.0,0.0,0.0,
562.23831,,0.0,0.0,1.0,
562.23832,,0.0,1.0,0.0,
562.23833,,0.0,0.0,0.0,
562.23834,,0.0,0.0,0.0,
562.23835,,0.0,0.0,0.0,
562.23836,,0.0,0.0,0.0,
562.23837,,0.0,1.0,0.0,
562.23838,,0.0,0.0,0.0,
562.23839,,0.0,0.0,0.0,
562.23840,,0.0,0.0,0.0,
562.23841,,0.0,0.0,0.0,
562.23842,,0.0,0.0,0.0,
562.23843,,0.0,0.0,0.0,
562.23844,,0.0,0.0,0.0,
562.23845,,0.0,0.0,0.0,
562.23846,,0.0,0.0,0.0,
562.23847,,0.0,0.0,0.0,
562.23848,,0.0,0.0,0.0,
562.23849,,0.0,0.0,0.0,
562.23850,,1.0,1.0,0.0,
562.23851,,0.0,0.0,0.0,
562.23852,,0.0,0.0,0.0,
562.23853,,0.0,0.0,0.0,
562.23854,1.0,0.0,0.0,0.0,
562.23855,,0.0,0.0,0.0,
562.23856,,0.0,0.0,0.0,
562.23857,,0.0,0.0,0.0,
562.23858,,0.0,1.0,1.0,
562.23859,,0.0,1.0,0.0,
562.23860,,1.0,1.0,1.0,
562.23861,,0.0,0.0,0.0,
562.23862,,1.0,,1.0,
562.23863,,0.0,0.0,0.0,
562.23864,,0.0,0.0,0.0,
562.23865,,,0.0,0.0,
562.23866,1.0,0.0,0.0,0.0,
562.23867,1.0,0.0,0.0,0.0,
562.23868,,0.0,1.0,0.0,
562.23869,,1.0,1.0,1.0,
562.23870,,0.0,0.0,0.0,
562.23871,,0.0,0.0,0.0,
562.23872,,0.0,0.0,0.0,
562.23873,,0.0,0.0,0.0,
562.23874,,1.0,1.0,0.0,
562.23875,,0.0,0.0,0.0,
562.23876,,0.0,0.0,0.0,
562.23877,,0.0,0.0,0.0,
562.23878,,0.0,0.0,0.0,
562.23879,,0.0,0.0,0.0,
562.23880,,0.0,0.0,0.0,
562.23881,,0.0,0.0,0.0,
562.23882,,0.0,0.0,0.0,
562.23883,,0.0,0.0,0.0,
562.23884,,1.0,1.0,1.0,
562.23885,,0.0,0.0,0.0,
562.23886,,0.0,0.0,0.0,
562.23887,,0.0,0.0,0.0,
562.23888,,0.0,1.0,0.0,
562.23889,,0.0,0.0,0.0,
562.23890,,0.0,0.0,0.0,
562.23891,,0.0,0.0,0.0,
562.23892,,0.0,0.0,0.0,
562.23893,,0.0,0.0,0.0,
562.23894,,1.0,1.0,1.0,
562.23895,,1.0,1.0,1.0,
562.23896,,0.0,0.0,0.0,
562.23897,,0.0,0.0,0.0,
562.23898,,0.0,0.0,0.0,
562.23899,,1.0,1.0,1.0,
562.23900,,0.0,1.0,0.0,
562.23901,,0.0,1.0,0.0,
562.23902,,0.0,0.0,0.0,
562.23903,,0.0,0.0,0.0,
562.23904,,0.0,0.0,0.0,
562.23905,,0.0,0.0,0.0,
562.23906,,0.0,0.0,0.0,
562.23907,,0.0,,1.0,
562.23908,,0.0,0.0,0.0,
562.23909,,1.0,1.0,1.0,
562.23910,,0.0,0.0,0.0,
562.23911,,1.0,1.0,0.0,
562.23912,,0.0,0.0,0.0,
562.23913,,,0.0,1.0,
562.23914,,1.0,0.0,0.0,
562.23915,,0.0,0.0,0.0,
562.23916,,0.0,0.0,0.0,
562.23917,,0.0,0.0,0.0,
562.23918,,0.0,0.0,0.0,
562.23919,,0.0,0.0,0.0,
562.23920,,0.0,0.0,0.0,
562.23921,,0.0,0.0,0.0,
562.23922,,0.0,0.0,0.0,
562.23923,,0.0,1.0,0.0,
562.23924,,0.0,0.0,0.0,
562.23925,,0.0,0.0,0.0,
562.23926,,0.0,1.0,0.0,
562.23927,,0.0,0.0,0.0,
562.23928,,0.0,1.0,0.0,
562.23929,,0.0,0.0,0.0,
562.23930,,0.0,0.0,0.0,
562.23931,,0.0,0.0,0.0,
562.23932,,0.0,0.0,0.0,
562.23933,,0.0,0.0,0.0,
562.23934,,0.0,0.0,0.0,
562.23935,,0.0,0.0,0.0,
562.23936,,0.0,0.0,0.0,
562.26272,1.0,,0.0,0.0,0.0
562.26273,0.0,,0.0,0.0,0.0
562.26274,1.0,,0.0,0.0,0.0
562.26275,0.0,,0.0,0.0,1.0
562.26276,1.0,,0.0,0.0,0.0
562.26277,1.0,,1.0,0.0,0.0
562.26278,1.0,,0.0,0.0,0.0
562.26279,1.0,,0.0,0.0,0.0
562.26280,1.0,,0.0,0.0,1.0
562.26281,1.0,,0.0,0.0,0.0
562.26282,1.0,,0.0,0.0,0.0
562.26283,0.0,,0.0,0.0,0.0
562.26284,1.0,,1.0,0.0,1.0
562.26285,0.0,,1.0,0.0,1.0
562.26286,0.0,,0.0,0.0,0.0
562.26287,1.0,,0.0,0.0,1.0
562.26288,1.0,,0.0,0.0,0.0
562.26289,1.0,,0.0,0.0,0.0
562.26290,1.0,,0.0,0.0,0.0
562.26291,1.0,,0.0,0.0,1.0
562.26292,0.0,,0.0,0.0,0.0
562.26293,0.0,,0.0,0.0,1.0
562.26294,1.0,,0.0,1.0,0.0
562.26295,1.0,,1.0,0.0,1.0
562.26296,1.0,,0.0,0.0,0.0
562.26297,0.0,,0.0,0.0,1.0
562.26298,1.0,,0.0,0.0,1.0
562.26299,1.0,,0.0,0.0,0.0
562.26300,1.0,,0.0,0.0,0.0
562.26301,1.0,,0.0,0.0,0.0
562.26302,1.0,,0.0,0.0,0.0
562.26303,1.0,,0.0,0.0,0.0
562.26304,1.0,,,1.0,0.0
562.26305,1.0,,0.0,0.0,1.0
562.26306,1.0,,0.0,0.0,0.0
562.26307,1.0,,0.0,0.0,0.0
562.26308,1.0,,0.0,0.0,0.0
562.26309,1.0,,0.0,0.0,0.0
562.26310,1.0,,0.0,0.0,0.0
562.26311,0.0,,0.0,0.0,0.0
562.26312,0.0,,0.0,0.0,0.0
562.26313,1.0,,1.0,0.0,0.0
562.26314,1.0,,0.0,0.0,0.0
562.26315,0.0,,0.0,0.0,0.0
562.26316,0.0,,0.0,0.0,0.0
562.26317,0.0,,1.0,0.0,0.0
562.26318,1.0,,0.0,1.0,1.0
562.28111,1.0,1.0,,,
562.28112,1.0,1.0,,,
562.28113,1.0,1.0,,,
562.28114,1.0,1.0,,,
562.28131,1.0,1.0,1.0,1.0,1.0
562.28132,1.0,1.0,1.0,1.0,1.0
562.28389,0.0,0.0,0.0,0.0,0.0
562.28434,1.0,1.0,1.0,1.0,1.0
562.28435,1.0,1.0,0.0,1.0,1.0
562.28563,1.0,1.0,1.0,0.0,1.0
562.28565,1.0,0.0,0.0,0.0,1.0
562.28566,1.0,1.0,1.0,0.0,1.0
562.28567,1.0,1.0,1.0,0.0,0.0
562.28805,1.0,1.0,1.0,1.0,1.0
562.28810,1.0,1.0,,,
562.28811,1.0,1.0,,,
562.28838,1.0,,1.0,1.0,1.0
562.28839,1.0,,1.0,1.0,1.0
562.28840,1.0,,1.0,0.0,1.0
562.28841,0.0,,0.0,0.0,1.0
562.28844,1.0,,1.0,0.0,1.0
562.28845,1.0,,1.0,1.0,1.0
562.28846,1.0,,1.0,0.0,1.0
562.28981,1.0,1.0,,,
562.28982,1.0,1.0,,,
562.28997,1.0,1.0,,,
562.28998,1.0,1.0,,,
562.28999,1.0,1.0,,,
562.29000,1.0,1.0,,,
562.29001,1.0,1.0,,,
562.29002,1.0,1.0,,,
562.29003,0.0,0.0,1.0,0.0,1.0
562.29006,1.0,1.0,1.0,0.0,1.0
562.29007,1.0,1.0,1.0,1.0,1.0
562.29008,1.0,1.0,1.0,0.0,1.0
562.29139,1.0,1.0,1.0,0.0,0.0
562.30304,1.0,1.0,,,
562.30305,1.0,1.0,,,
562.30306,1.0,1.0,,,
562.30307,1.0,1.0,,,
562.30308,1.0,1.0,,,
562.30309,1.0,1.0,,,
562.30310,1.0,1.0,,,
562.30349,1.0,1.0,1.0,0.0,1.0
562.30362,1.0,1.0,1.0,0.0,1.0
562.30434,1.0,1.0,1.0,0.0,1.0
562.30435,1.0,1.0,1.0,,1.0
562.31449,1.0,,1.0,1.0,1.0
562.31450,1.0,,1.0,0.0,1.0
562.31451,1.0,,1.0,1.0,1.0
562.31452,1.0,,1.0,1.0,1.0
562.31454,0.0,,0.0,0.0,1.0
562.31457,1.0,,1.0,0.0,0.0
562.31458,1.0,,0.0,0.0,1.0
562.31459,0.0,,0.0,0.0,1.0
562.31460,1.0,,1.0,0.0,1.0
562.31462,0.0,,0.0,0.0,0.0
562.31463,1.0,,1.0,0.0,0.0
562.31464,1.0,,0.0,0.0,1.0
562.31465,0.0,,0.0,0.0,0.0
562.31466,0.0,,0.0,0.0,0.0
562.33280,1.0,1.0,0.0,0.0,0.0
562.33281,1.0,1.0,1.0,0.0,1.0
562.34085,1.0,1.0,1.0,1.0,1.0
562.34086,1.0,1.0,0.0,1.0,1.0
562.34088,1.0,,1.0,0.0,0.0
562.34089,1.0,1.0,0.0,0.0,0.0
562.37106,1.0,,0.0,0.0,0.0
562.37108,1.0,,1.0,1.0,1.0
562.37109,0.0,,0.0,0.0,0.0
562.37111,0.0,,0.0,0.0,0.0
562.37112,1.0,,1.0,0.0,1.0
562.42634,1.0,,1.0,1.0,1.0
562.42635,1.0,0.0,,0.0,1.0
562.42636,1.0,,1.0,0.0,0.0
562.42637,1.0,,1.0,0.0,0.0
562.42638,1.0,,1.0,0.0,1.0
562.42639,1.0,,1.0,0.0,1.0
562.42640,1.0,,1.0,0.0,0.0
562.42641,1.0,,1.0,0.0,1.0
562.42642,1.0,,0.0,0.0,0.0
562.42643,1.0,,1.0,0.0,0.0
562.42644,1.0,,1.0,0.0,1.0
562.42645,1.0,,1.0,0.0,1.0
562.42646,1.0,,1.0,0.0,0.0
562.42647,1.0,,1.0,1.0,1.0
562.42648,1.0,,1.0,0.0,1.0
562.42649,1.0,,1.0,0.0,1.0
562.42650,1.0,,1.0,0.0,1.0
562.42651,1.0,,1.0,0.0,1.0
562.42652,1.0,,1.0,0.0,1.0
562.42653,1.0,,1.0,1.0,1.0
562.42654,1.0,,1.0,0.0,1.0
562.42655,1.0,,1.0,0.0,1.0
562.42656,1.0,,0.0,0.0,0.0
562.42657,1.0,,1.0,0.0,1.0
562.42658,1.0,,1.0,0.0,1.0
562.42659,1.0,,1.0,0.0,1.0
562.42660,1.0,,1.0,1.0,1.0
562.42661,1.0,,1.0,1.0,0.0
562.42662,,,1.0,1.0,1.0
562.42663,1.0,,1.0,1.0,1.0
562.42664,1.0,,1.0,0.0,1.0
562.42665,1.0,,1.0,1.0,1.0
562.42666,,,1.0,1.0,0.0
562.42667,1.0,,1.0,1.0,0.0
562.42668,1.0,,0.0,0.0,1.0
562.42669,1.0,,1.0,0.0,0.0
562.42670,1.0,,1.0,1.0,0.0
562.42671,1.0,,1.0,1.0,0.0
562.42672,1.0,,1.0,0.0,0.0
562.42673,1.0,,1.0,0.0,1.0
562.42674,1.0,,0.0,0.0,0.0
562.42675,1.0,,1.0,1.0,0.0
562.42676,1.0,,0.0,1.0,1.0
562.42677,1.0,,1.0,1.0,0.0
562.42678,1.0,,1.0,1.0,1.0
562.42679,1.0,,1.0,1.0,1.0
562.42680,1.0,,1.0,1.0,0.0
562.42681,1.0,,0.0,0.0,1.0
562.42682,1.0,,0.0,0.0,0.0
562.42683,1.0,,1.0,0.0,0.0
562.42684,1.0,,0.0,0.0,0.0
562.42685,1.0,,1.0,1.0,1.0
562.42686,1.0,1.0,1.0,1.0,1.0
562.42687,1.0,,1.0,0.0,1.0
562.42688,1.0,,0.0,1.0,0.0
562.42689,1.0,,0.0,1.0,1.0
562.42690,1.0,,0.0,1.0,1.0
562.42691,1.0,,0.0,0.0,1.0
562.42692,1.0,,0.0,0.0,0.0
562.42693,1.0,,1.0,1.0,0.0
562.42694,1.0,,1.0,0.0,1.0
562.42695,1.0,,1.0,0.0,0.0
562.42696,1.0,,1.0,0.0,0.0
562.42697,1.0,,,0.0,1.0
562.42698,1.0,,1.0,0.0,1.0
562.42699,1.0,,1.0,0.0,0.0
562.42700,1.0,,1.0,0.0,1.0
562.42701,1.0,,1.0,0.0,0.0
562.42702,1.0,,1.0,1.0,0.0
562.42703,1.0,,0.0,0.0,1.0
562.42704,1.0,,0.0,0.0,1.0
562.42705,1.0,,0.0,1.0,1.0
562.42706,1.0,,1.0,0.0,1.0
562.42707,1.0,,0.0,0.0,0.0
562.42708,1.0,,0.0,0.0,0.0
562.42709,1.0,,0.0,0.0,0.0
562.42710,1.0,,1.0,0.0,1.0
562.42711,1.0,,1.0,1.0,1.0
562.42712,1.0,,1.0,0.0,1.0
562.42713,1.0,,1.0,1.0,1.0
562.42714,1.0,,1.0,1.0,1.0
562.42715,1.0,,0.0,0.0,0.0
562.42716,1.0,,0.0,0.0,1.0
562.42717,1.0,,,0.0,1.0
562.42718,1.0,,1.0,1.0,0.0
562.42719,1.0,,1.0,0.0,1.0
562.42720,1.0,,1.0,1.0,0.0
562.42721,1.0,,0.0,0.0,0.0
562.42722,1.0,,1.0,0.0,1.0
562.42723,1.0,,1.0,0.0,0.0
562.42724,1.0,,0.0,0.0,1.0
562.42725,1.0,,1.0,0.0,1.0
562.42726,1.0,,1.0,0.0,1.0
562.42727,1.0,,1.0,0.0,1.0
562.42728,1.0,,0.0,0.0,0.0
562.42729,1.0,,1.0,1.0,1.0
562.42730,1.0,,0.0,0.0,1.0
562.42731,1.0,,1.0,1.0,0.0
562.42732,1.0,,0.0,0.0,0.0
562.42733,1.0,,1.0,0.0,0.0
562.42734,1.0,,1.0,0.0,0.0
562.42735,1.0,,1.0,0.0,1.0
562.42736,1.0,,1.0,0.0,0.0
562.42737,1.0,,1.0,0.0,0.0
562.42738,1.0,,1.0,0.0,0.0
562.42739,1.0,,,1.0,1.0
562.42740,1.0,,1.0,0.0,0.0
562.42741,1.0,,1.0,0.0,1.0
562.42742,1.0,,1.0,0.0,0.0
562.42743,1.0,,0.0,0.0,0.0
562.42744,1.0,,1.0,0.0,1.0
562.42745,1.0,,1.0,,1.0
562.42746,1.0,,0.0,0.0,1.0
562.42747,1.0,,1.0,0.0,1.0
562.42748,1.0,,0.0,0.0,0.0
562.42749,1.0,,1.0,0.0,1.0
562.42750,1.0,,1.0,1.0,0.0
562.42751,1.0,,1.0,0.0,1.0
562.42752,1.0,,0.0,0.0,1.0
562.42753,1.0,,1.0,0.0,1.0
562.42754,1.0,,0.0,0.0,0.0
562.42755,,,1.0,0.0,1.0
562.42756,1.0,,1.0,0.0,1.0
562.42757,1.0,,0.0,1.0,1.0
562.42758,1.0,,1.0,0.0,0.0
562.42759,,,1.0,0.0,1.0
562.42761,1.0,0.0,1.0,0.0,0.0
562.42762,1.0,0.0,1.0,0.0,1.0
562.42763,1.0,,1.0,1.0,1.0
562.42764,1.0,,1.0,1.0,1.0
562.42765,1.0,,1.0,1.0,1.0
562.42766,1.0,,1.0,0.0,1.0
562.42767,1.0,,1.0,1.0,0.0
562.42768,1.0,,1.0,1.0,1.0
562.42769,1.0,,1.0,1.0,1.0
562.42770,1.0,,1.0,1.0,1.0
562.42771,1.0,,1.0,0.0,1.0
562.42772,1.0,,0.0,1.0,1.0
562.42773,1.0,,1.0,1.0,1.0
562.42774,1.0,,1.0,1.0,1.0
562.42775,1.0,,1.0,1.0,1.0
562.42776,1.0,,1.0,0.0,1.0
562.42777,1.0,,1.0,0.0,1.0
562.42778,1.0,,0.0,1.0,1.0
562.42779,1.0,,1.0,0.0,1.0
562.42780,1.0,,1.0,0.0,0.0
562.42781,1.0,,1.0,0.0,0.0
562.42782,1.0,,1.0,0.0,0.0
562.42783,1.0,,1.0,1.0,1.0
562.42784,1.0,,1.0,1.0,0.0
562.42785,1.0,,0.0,0.0,0.0
562.42786,1.0,,1.0,0.0,0.0
562.42787,1.0,,1.0,0.0,1.0
562.42788,1.0,,1.0,1.0,1.0
562.42789,1.0,,1.0,1.0,1.0
562.42790,0.0,,1.0,0.0,0.0
562.42791,1.0,,1.0,1.0,1.0
562.42792,1.0,,1.0,1.0,1.0
562.42794,1.0,,1.0,0.0,0.0
562.42796,1.0,,0.0,0.0,0.0
562.42797,1.0,,1.0,1.0,1.0
562.42799,1.0,,1.0,0.0,1.0
562.42800,1.0,,1.0,1.0,1.0
562.42801,1.0,,1.0,1.0,1.0
562.42802,1.0,,1.0,1.0,1.0
562.42803,1.0,,1.0,1.0,1.0
562.42804,1.0,,1.0,1.0,1.0
562.42805,1.0,,1.0,1.0,1.0
562.42806,1.0,,1.0,1.0,1.0
562.42807,1.0,,1.0,1.0,1.0
562.42808,1.0,,1.0,1.0,1.0
562.42809,1.0,,1.0,1.0,0.0
562.42810,1.0,,1.0,1.0,1.0
562.42811,1.0,,0.0,0.0,0.0
562.42812,1.0,,1.0,1.0,1.0
562.42813,1.0,,1.0,1.0,1.0
562.42814,1.0,,1.0,1.0,0.0
562.42815,1.0,,0.0,0.0,0.0
562.42816,1.0,,1.0,0.0,1.0
562.42817,1.0,,1.0,1.0,1.0
562.42818,1.0,,1.0,1.0,1.0
562.42819,1.0,,1.0,1.0,1.0
562.42820,1.0,1.0,1.0,0.0,1.0
562.42821,1.0,1.0,1.0,1.0,1.0
562.42822,1.0,1.0,1.0,0.0,1.0
562.42823,1.0,1.0,1.0,0.0,1.0
562.42824,1.0,1.0,1.0,1.0,1.0
562.42825,1.0,1.0,1.0,0.0,0.0
562.42826,1.0,1.0,1.0,,0.0
562.42827,1.0,1.0,1.0,0.0,0.0
562.42828,1.0,1.0,1.0,,0.0
562.42829,1.0,1.0,1.0,0.0,0.0
562.42830,1.0,1.0,1.0,,0.0
562.42831,1.0,1.0,1.0,0.0,1.0
562.42832,1.0,1.0,1.0,0.0,1.0
562.42833,1.0,1.0,1.0,0.0,1.0
562.42834,1.0,1.0,1.0,1.0,1.0
562.42835,1.0,1.0,0.0,0.0,0.0
562.42836,1.0,0.0,0.0,1.0,1.0
562.42837,0.0,0.0,1.0,0.0,0.0
562.42838,1.0,0.0,0.0,0.0,0.0
562.42839,1.0,0.0,1.0,0.0,0.0
562.42840,1.0,1.0,1.0,1.0,0.0
562.42841,1.0,1.0,1.0,1.0,1.0
562.42842,1.0,1.0,0.0,0.0,0.0
562.42843,1.0,1.0,1.0,0.0,1.0
562.42844,0.0,0.0,0.0,0.0,0.0
562.42845,0.0,0.0,0.0,0.0,0.0
562.42846,1.0,1.0,0.0,0.0,0.0
562.42847,1.0,0.0,0.0,1.0,1.0
562.42848,1.0,0.0,1.0,0.0,1.0
562.42849,1.0,1.0,1.0,1.0,1.0
562.42850,1.0,1.0,1.0,0.0,1.0
562.42851,1.0,1.0,0.0,0.0,0.0
562.42852,1.0,1.0,1.0,0.0,1.0
562.42853,1.0,1.0,1.0,1.0,1.0
562.42854,1.0,1.0,1.0,1.0,0.0
562.42855,1.0,1.0,1.0,0.0,1.0
562.42856,1.0,1.0,0.0,0.0,0.0
562.42857,1.0,,0.0,0.0,0.0
562.42858,1.0,0.0,1.0,0.0,1.0
562.42859,1.0,1.0,1.0,0.0,0.0
562.42860,1.0,1.0,0.0,0.0,0.0
562.42861,1.0,1.0,1.0,0.0,0.0
562.42862,1.0,1.0,1.0,0.0,1.0
562.42863,1.0,1.0,1.0,0.0,1.0
562.42864,1.0,0.0,1.0,0.0,1.0
562.42865,1.0,1.0,0.0,0.0,1.0
562.42866,1.0,1.0,1.0,1.0,0.0
562.42867,1.0,1.0,1.0,0.0,1.0
562.42868,1.0,1.0,1.0,0.0,1.0
562.42869,1.0,1.0,1.0,0.0,1.0
562.42870,1.0,1.0,0.0,0.0,1.0
562.42871,1.0,1.0,0.0,0.0,0.0
562.42872,1.0,1.0,1.0,1.0,1.0
562.42873,1.0,1.0,1.0,1.0,1.0
562.45394,1.0,,1.0,1.0,1.0
562.45395,1.0,,1.0,,1.0
562.45396,1.0,,1.0,1.0,1.0
562.45397,,,1.0,0.0,1.0
562.45398,0.0,,1.0,0.0,0.0
562.45399,1.0,,1.0,0.0,0.0
562.45400,1.0,,1.0,1.0,1.0
562.45401,1.0,,1.0,0.0,1.0
562.45403,1.0,,1.0,,0.0
562.45404,1.0,,1.0,1.0,1.0
562.45585,1.0,,1.0,0.0,1.0
562.45587,1.0,,1.0,0.0,1.0
562.45588,1.0,,1.0,0.0,1.0
562.45589,1.0,,1.0,0.0,1.0
562.45590,,,0.0,0.0,0.0
562.45591,1.0,,1.0,0.0,1.0
562.45592,1.0,,1.0,,0.0
562.45593,1.0,,1.0,0.0,0.0
562.45594,1.0,,1.0,0.0,1.0
562.45595,1.0,,1.0,0.0,1.0
562.45596,1.0,,1.0,0.0,1.0
562.45597,1.0,,1.0,0.0,1.0
562.45598,0.0,,1.0,0.0,1.0
562.45599,1.0,,1.0,0.0,1.0
562.45600,1.0,,,0.0,1.0
562.45601,1.0,,1.0,0.0,1.0
562.45602,1.0,,1.0,0.0,1.0
562.45603,0.0,,1.0,0.0,1.0
562.45604,1.0,,,0.0,1.0
562.45605,1.0,,1.0,1.0,1.0
562.45606,1.0,,1.0,0.0,1.0
562.45607,1.0,,1.0,0.0,0.0
562.45608,0.0,,1.0,0.0,1.0
562.45609,1.0,,1.0,0.0,1.0
562.45610,1.0,,,0.0,1.0
562.45611,1.0,,1.0,0.0,0.0
562.45612,1.0,,0.0,0.0,1.0
562.45613,1.0,,,0.0,1.0
562.45614,1.0,,1.0,0.0,1.0
562.45615,1.0,,1.0,0.0,1.0
562.45616,1.0,,1.0,0.0,0.0
562.45617,0.0,,1.0,0.0,0.0
562.45618,1.0,,1.0,0.0,1.0
562.45619,1.0,,1.0,0.0,1.0
562.45620,1.0,,0.0,0.0,0.0
562.45621,1.0,,,0.0,1.0
562.45622,0.0,,1.0,1.0,1.0
562.45623,1.0,,1.0,0.0,0.0
562.45624,1.0,,1.0,0.0,1.0
562.45625,1.0,,1.0,0.0,1.0
562.45626,1.0,,1.0,0.0,0.0
562.45627,0.0,,0.0,0.0,0.0
562.45628,1.0,,1.0,0.0,0.0
562.45629,1.0,,1.0,0.0,1.0
562.45630,1.0,,1.0,0.0,1.0
562.45631,1.0,,1.0,0.0,1.0
562.45632,1.0,,1.0,0.0,1.0
562.45633,1.0,,0.0,0.0,0.0
562.45634,1.0,,1.0,0.0,1.0
562.45635,1.0,,1.0,1.0,1.0
562.45636,1.0,,1.0,0.0,0.0
562.45637,0.0,,1.0,0.0,0.0
562.45638,,,0.0,0.0,
562.45639,1.0,,1.0,0.0,1.0
562.45640,1.0,,0.0,0.0,1.0
562.45641,0.0,,0.0,0.0,0.0
562.45642,1.0,,1.0,0.0,1.0
562.45643,1.0,,0.0,0.0,1.0
562.45644,1.0,,1.0,0.0,1.0
562.45645,1.0,,1.0,0.0,
562.45646,1.0,,1.0,0.0,0.0
562.45647,1.0,,,0.0,1.0
562.45648,0.0,,0.0,0.0,0.0
562.45649,1.0,,0.0,0.0,0.0
562.45650,1.0,,1.0,0.0,1.0
562.45651,0.0,,1.0,0.0,0.0
562.45652,0.0,,1.0,0.0,0.0
562.45653,1.0,,1.0,1.0,1.0
562.45654,1.0,,0.0,0.0,1.0
562.45655,1.0,,1.0,0.0,1.0
562.45656,1.0,,0.0,0.0,0.0
562.45657,1.0,,1.0,0.0,1.0
562.45658,1.0,,1.0,0.0,1.0
562.45659,1.0,,1.0,1.0,1.0
562.45660,1.0,,1.0,0.0,0.0
562.45661,0.0,,,0.0,0.0
562.45662,1.0,,1.0,0.0,1.0
562.45663,1.0,,1.0,1.0,1.0
562.45664,1.0,,0.0,0.0,1.0
562.45665,1.0,,0.0,0.0,0.0
562.45666,1.0,,0.0,1.0,0.0
562.45667,1.0,,1.0,0.0,1.0
562.45668,1.0,,1.0,0.0,1.0
562.45669,0.0,,1.0,0.0,0.0
562.45670,1.0,,0.0,0.0,1.0
562.45671,0.0,,1.0,0.0,0.0
562.45672,0.0,,0.0,0.0,0.0
562.45673,1.0,,1.0,0.0,1.0
562.45674,0.0,,1.0,1.0,1.0
562.45675,1.0,,1.0,0.0,0.0
562.45676,0.0,,1.0,0.0,0.0
562.45677,1.0,,1.0,0.0,0.0
562.45845,1.0,,1.0,1.0,1.0
562.45846,1.0,,0.0,0.0,
562.45847,1.0,,1.0,1.0,
562.45848,1.0,,1.0,0.0,
562.45849,1.0,,1.0,1.0,
562.45850,1.0,,1.0,1.0,
562.45851,1.0,,1.0,0.0,
562.45852,1.0,,0.0,0.0,
562.45853,1.0,,0.0,0.0,
562.45910,1.0,,1.0,0.0,
562.45916,1.0,,1.0,1.0,
562.45964,,,0.0,1.0,
562.48345,1.0,,,0.0,1.0
562.48346,1.0,,,0.0,1.0
562.48348,1.0,,,0.0,1.0
562.48349,1.0,,,0.0,1.0
562.52539,,1.0,1.0,1.0,1.0
562.52540,,1.0,1.0,1.0,1.0
562.52541,,1.0,1.0,0.0,1.0
562.52542,,1.0,1.0,1.0,1.0
562.52543,,1.0,1.0,0.0,1.0
562.52544,,1.0,,0.0,1.0
562.52545,,1.0,1.0,1.0,1.0
562.52546,,1.0,1.0,1.0,1.0
562.52547,,1.0,1.0,0.0,1.0
562.52548,,1.0,0.0,1.0,1.0
562.52549,,1.0,1.0,1.0,1.0
562.52550,,1.0,1.0,1.0,1.0
562.52551,,1.0,1.0,1.0,1.0
562.52552,,1.0,1.0,1.0,1.0
562.52553,,1.0,1.0,0.0,1.0
562.52554,,1.0,1.0,1.0,1.0
562.52555,,1.0,1.0,0.0,1.0
562.52556,,1.0,1.0,0.0,1.0
562.52557,,1.0,1.0,1.0,1.0
562.52558,,1.0,1.0,1.0,1.0
562.52559,,1.0,1.0,0.0,1.0
562.52560,,1.0,1.0,1.0,1.0
562.52561,,1.0,1.0,1.0,1.0
562.52562,,1.0,1.0,0.0,1.0
562.52563,,1.0,1.0,1.0,1.0
562.52564,,1.0,1.0,0.0,1.0
562.52565,,1.0,1.0,1.0,1.0
562.52566,,1.0,,1.0,1.0
562.52570,,1.0,1.0,1.0,1.0
562.52571,,1.0,0.0,0.0,1.0
562.52573,,1.0,1.0,1.0,1.0
562.52574,,1.0,1.0,1.0,1.0
562.52575,,1.0,1.0,0.0,1.0
562.52576,,1.0,0.0,0.0,1.0
562.52577,,1.0,0.0,0.0,1.0
562.52578,,1.0,,0.0,1.0
562.52579,,1.0,,1.0,1.0
562.52580,,1.0,,0.0,1.0
562.52581,,1.0,1.0,1.0,1.0
562.52583,,1.0,1.0,1.0,1.0
562.52584,,1.0,1.0,0.0,1.0
562.52585,,1.0,1.0,1.0,1.0
562.52586,,1.0,1.0,1.0,0.0
562.52587,,1.0,0.0,0.0,0.0
562.52588,,1.0,0.0,1.0,1.0
562.52590,,1.0,1.0,1.0,1.0
562.52591,,1.0,0.0,0.0,1.0
562.52592,,1.0,,0.0,1.0
562.52593,,1.0,1.0,0.0,1.0
562.52594,,1.0,1.0,0.0,1.0
562.52595,,1.0,1.0,0.0,1.0
562.52596,,1.0,1.0,0.0,1.0
562.52597,,1.0,1.0,1.0,1.0
562.52598,,1.0,1.0,0.0,1.0
562.52599,,1.0,1.0,1.0,1.0
562.52600,,1.0,1.0,0.0,1.0
562.52601,,1.0,1.0,1.0,1.0
562.52602,,1.0,0.0,0.0,1.0
562.52603,,1.0,1.0,1.0,1.0
562.52604,,1.0,1.0,1.0,1.0
562.52605,,1.0,0.0,0.0,1.0
562.52606,,1.0,1.0,1.0,1.0
562.52607,,1.0,1.0,1.0,1.0
562.52608,,1.0,0.0,1.0,1.0
562.52609,,1.0,1.0,0.0,1.0
562.52610,,1.0,1.0,0.0,1.0
562.52611,,1.0,0.0,1.0,1.0
562.52612,,1.0,,1.0,1.0
562.52613,,1.0,1.0,1.0,1.0
562.52614,,1.0,0.0,0.0,1.0
562.52615,,1.0,1.0,1.0,1.0
562.52616,,1.0,,0.0,1.0
562.52617,,1.0,1.0,0.0,1.0
562.52618,,1.0,0.0,1.0,1.0
562.52619,,1.0,0.0,1.0,1.0
562.52620,,1.0,1.0,1.0,1.0
562.52621,,1.0,0.0,1.0,1.0
562.52622,,1.0,,1.0,1.0
562.52623,,1.0,1.0,0.0,1.0
562.52624,,1.0,0.0,0.0,1.0
562.52625,,1.0,1.0,1.0,1.0
562.52626,,1.0,1.0,1.0,1.0
562.52627,,1.0,1.0,1.0,1.0
562.52628,,1.0,1.0,1.0,1.0
562.52629,,1.0,1.0,0.0,1.0
562.52630,,1.0,1.0,1.0,1.0
562.52631,,1.0,1.0,0.0,1.0
562.52640,,1.0,1.0,1.0,1.0
562.52722,0.0,0.0,0.0,0.0,0.0
562.53932,0.0,0.0,0.0,0.0,0.0
562.5419,1.0,,0.0,0.0,1.0
562.5420,1.0,,0.0,1.0,1.0
562.5421,0.0,,1.0,0.0,0.0
562.5422,0.0,,0.0,0.0,0.0
562.5423,0.0,,1.0,0.0,0.0
562.5424,0.0,,0.0,0.0,0.0
562.5425,0.0,,,0.0,0.0
562.5426,1.0,,0.0,0.0,0.0
562.5427,1.0,,1.0,0.0,0.0
562.5428,0.0,,0.0,0.0,0.0
562.5429,1.0,,0.0,0.0,0.0
562.5430,1.0,,0.0,0.0,0.0
562.5431,1.0,,0.0,0.0,0.0
562.5432,1.0,,0.0,0.0,0.0
562.5433,1.0,,0.0,0.0,0.0
562.5434,1.0,,0.0,0.0,0.0
562.5435,1.0,,0.0,0.0,0.0
562.5436,1.0,,0.0,0.0,0.0
562.5437,1.0,,0.0,0.0,0.0
562.5438,1.0,,0.0,0.0,1.0
562.5439,1.0,,0.0,0.0,0.0
562.5440,1.0,,0.0,0.0,0.0
562.5441,1.0,,0.0,0.0,0.0
562.5442,1.0,,0.0,0.0,0.0
562.5443,1.0,,0.0,0.0,0.0
562.5444,1.0,,0.0,0.0,1.0
562.5445,0.0,,0.0,0.0,1.0
562.5446,1.0,,0.0,0.0,0.0
562.5447,1.0,,1.0,0.0,1.0
562.5448,0.0,,0.0,0.0,1.0
562.5449,0.0,,0.0,0.0,0.0
562.5450,1.0,,0.0,0.0,1.0
562.5451,0.0,,0.0,0.0,0.0
562.5452,1.0,,0.0,0.0,0.0
562.5453,1.0,,0.0,0.0,0.0
562.5454,1.0,,0.0,0.0,0.0
562.5455,1.0,,0.0,0.0,0.0
562.5456,1.0,,0.0,0.0,0.0
562.5457,0.0,,0.0,0.0,0.0
562.5458,0.0,,0.0,0.0,0.0
562.5459,1.0,,0.0,0.0,0.0
562.5460,1.0,,0.0,0.0,0.0
562.5461,0.0,,0.0,0.0,0.0
562.5462,1.0,,0.0,0.0,0.0
562.5463,1.0,,0.0,0.0,0.0
562.5464,1.0,,0.0,0.0,0.0
562.5465,1.0,,0.0,0.0,0.0
562.5466,1.0,,1.0,0.0,0.0
562.5467,1.0,,0.0,0.0,0.0
562.5468,1.0,,0.0,0.0,0.0
562.5469,0.0,,0.0,0.0,1.0
562.5470,1.0,,0.0,0.0,0.0
562.5471,0.0,,0.0,0.0,0.0
562.5671,1.0,,0.0,0.0,0.0
562.5676,1.0,,0.0,0.0,0.0
562.56760,1.0,1.0,1.0,,
562.56761,1.0,1.0,,,
562.56762,1.0,1.0,1.0,,
562.56763,1.0,1.0,,,
562.56764,1.0,1.0,1.0,,
562.56765,1.0,1.0,,,
562.56766,1.0,1.0,1.0,,
562.56767,1.0,1.0,1.0,,
562.56768,1.0,1.0,,,
562.56769,1.0,1.0,1.0,,
562.56770,1.0,1.0,1.0,,
562.56771,1.0,1.0,1.0,,
562.56772,1.0,1.0,,,
562.56773,1.0,1.0,,,
562.56774,1.0,1.0,,,
562.56775,1.0,1.0,1.0,,
562.56776,1.0,1.0,1.0,,
562.56777,1.0,1.0,,,
562.56778,1.0,1.0,,,
562.56779,1.0,1.0,,,
562.56780,1.0,1.0,,,
562.56781,1.0,1.0,,,
562.56782,1.0,1.0,1.0,,
562.56783,1.0,1.0,1.0,,
562.56784,1.0,1.0,,,
562.56785,1.0,1.0,,,
562.56786,1.0,1.0,,,
562.56787,1.0,1.0,1.0,,
562.56788,1.0,1.0,,,
562.56789,1.0,1.0,,,
562.56790,1.0,1.0,,,
562.56791,1.0,1.0,,,
562.56792,1.0,1.0,,,
562.56793,1.0,1.0,,,
562.56794,1.0,1.0,1.0,,
562.56795,1.0,1.0,,,
562.56796,1.0,1.0,,,
562.56797,1.0,1.0,,,
562.56798,1.0,1.0,,,
562.56799,1.0,1.0,,,
562.56800,1.0,1.0,,,
562.56801,1.0,1.0,1.0,,
562.56802,1.0,1.0,1.0,,
562.56803,1.0,1.0,,,
562.56804,1.0,1.0,,,
562.56805,1.0,1.0,,,
562.56806,1.0,1.0,,,
562.56807,1.0,1.0,1.0,,
562.56808,1.0,1.0,,,
562.56809,1.0,1.0,,,
562.5681,0.0,,0.0,0.0,0.0
562.56810,1.0,1.0,,,
562.56811,1.0,1.0,,,
562.56812,1.0,1.0,,,
562.56813,1.0,1.0,1.0,,
562.56814,1.0,1.0,,,
562.56815,1.0,1.0,,,
562.56816,1.0,1.0,,,
562.56817,1.0,1.0,,,
562.56818,1.0,1.0,,,
562.56819,1.0,1.0,,,
562.56820,1.0,1.0,,,
562.56821,1.0,1.0,,,
562.56822,1.0,1.0,,,
562.56823,1.0,1.0,,,
562.56824,1.0,1.0,,,
562.56825,1.0,1.0,,,
562.56826,1.0,1.0,,,
562.56827,1.0,1.0,,,
562.56828,1.0,1.0,,,
562.56829,1.0,1.0,1.0,,
562.56830,1.0,1.0,,,
562.56831,1.0,1.0,,,
562.56832,1.0,1.0,,,
562.56833,1.0,1.0,,,
562.56834,1.0,1.0,,,
562.56835,1.0,1.0,,,
562.56836,1.0,1.0,,,
562.56837,1.0,1.0,,,
562.56838,1.0,1.0,,,
562.56839,1.0,1.0,,,
562.56840,1.0,1.0,1.0,,
562.56841,1.0,1.0,1.0,,
562.56842,1.0,1.0,1.0,,
562.56843,1.0,1.0,1.0,,
562.56844,1.0,1.0,,,
562.56845,1.0,1.0,1.0,,
562.56846,1.0,1.0,,,
562.56847,1.0,1.0,1.0,,
562.56848,1.0,1.0,1.0,,
562.56849,1.0,1.0,1.0,,
562.56850,1.0,1.0,1.0,,
562.56851,1.0,1.0,1.0,,
562.56852,1.0,1.0,,,
562.56853,1.0,1.0,,,
562.56854,1.0,1.0,1.0,,
562.56855,1.0,1.0,1.0,,
562.56856,1.0,1.0,,,
562.56857,1.0,1.0,,,
562.56858,1.0,1.0,,,
562.56859,1.0,1.0,,,
562.5686,1.0,,0.0,0.0,0.0
562.56860,1.0,1.0,,,
562.56861,1.0,1.0,,,
562.56862,1.0,1.0,,,
562.56863,1.0,1.0,,,
562.56864,1.0,1.0,,,
562.56865,1.0,1.0,,,
562.56866,1.0,1.0,,,
562.56867,1.0,1.0,1.0,,
562.56868,1.0,1.0,,,
562.56869,1.0,1.0,,,
562.56870,1.0,1.0,1.0,,
562.56871,1.0,1.0,,,
562.56872,1.0,1.0,1.0,,
562.56873,1.0,1.0,,,
562.56874,1.0,1.0,,,
562.56875,1.0,1.0,,,
562.56876,1.0,1.0,,,
562.56877,1.0,1.0,,,
562.56878,1.0,1.0,,,
562.56879,1.0,1.0,,,
562.56880,1.0,1.0,,,
562.56881,1.0,1.0,,,
562.56882,1.0,1.0,,,
562.56883,1.0,1.0,,,
562.56884,1.0,1.0,,,
562.56885,1.0,1.0,,,
562.56886,1.0,1.0,,,
562.56887,1.0,1.0,,,
562.56888,1.0,1.0,,,
562.56889,1.0,1.0,,,
562.5689,1.0,,,1.0,0.0
562.56890,1.0,1.0,,,
562.56891,1.0,1.0,,,
562.56892,1.0,1.0,,,
562.56893,1.0,1.0,1.0,,
562.56894,1.0,1.0,,,
562.56895,1.0,1.0,,,
562.56896,1.0,1.0,,,
562.56897,1.0,1.0,,,
562.56898,1.0,1.0,,,
562.56899,1.0,1.0,,,
562.5690,1.0,,0.0,0.0,0.0
562.56900,1.0,1.0,1.0,,
562.56901,1.0,1.0,,,
562.56902,1.0,1.0,,,
562.56903,1.0,1.0,,,
562.56904,1.0,1.0,1.0,,
562.56905,1.0,1.0,,,
562.56906,1.0,1.0,1.0,,
562.56907,1.0,1.0,,,
562.56908,1.0,1.0,,,
562.56909,1.0,1.0,,,
562.5691,1.0,,0.0,0.0,0.0
562.56910,1.0,1.0,,,
562.56911,1.0,1.0,,,
562.56912,1.0,1.0,,,
562.56913,1.0,1.0,,,
562.56914,1.0,1.0,,,
562.56915,1.0,1.0,,,
562.56916,1.0,1.0,,,
562.56917,1.0,1.0,,,
562.56918,1.0,1.0,,,
562.56919,1.0,1.0,,,
562.5692,1.0,,0.0,1.0,0.0
562.56920,1.0,1.0,,,
562.56921,1.0,1.0,,,
562.56922,1.0,1.0,,,
562.5693,1.0,,0.0,0.0,0.0
562.5694,1.0,,0.0,0.0,0.0
562.5695,0.0,,0.0,0.0,0.0
562.5696,0.0,,0.0,0.0,0.0
562.5697,0.0,,0.0,0.0,0.0
562.5698,1.0,,0.0,0.0,1.0
562.5699,0.0,,1.0,0.0,1.0
562.5700,1.0,,1.0,0.0,1.0
562.5701,1.0,,0.0,0.0,1.0
562.5702,1.0,,0.0,0.0,0.0
562.5703,1.0,,1.0,0.0,0.0
562.5704,1.0,,0.0,0.0,0.0
562.5705,0.0,,0.0,0.0,0.0
562.5706,1.0,,0.0,0.0,0.0
562.57076,1.0,1.0,1.0,1.0,
562.57077,1.0,1.0,1.0,0.0,
562.57078,1.0,1.0,1.0,0.0,
562.57079,1.0,1.0,0.0,0.0,
562.5708,1.0,,0.0,0.0,0.0
562.57080,1.0,1.0,0.0,1.0,
562.57081,1.0,1.0,0.0,1.0,
562.57082,1.0,0.0,0.0,1.0,
562.57083,1.0,1.0,1.0,1.0,
562.57084,1.0,1.0,0.0,1.0,
562.57085,1.0,1.0,1.0,0.0,
562.57086,1.0,1.0,0.0,1.0,
562.57087,1.0,1.0,1.0,0.0,
562.57088,1.0,1.0,1.0,0.0,
562.57089,1.0,1.0,0.0,0.0,
562.57090,1.0,1.0,1.0,1.0,
562.57091,1.0,1.0,1.0,0.0,
562.57092,1.0,0.0,0.0,0.0,
562.57093,1.0,0.0,0.0,0.0,
562.57094,1.0,1.0,0.0,0.0,
562.57095,1.0,0.0,0.0,0.0,
562.57096,1.0,0.0,0.0,0.0,
562.57097,1.0,0.0,0.0,0.0,
562.57098,0.0,0.0,0.0,0.0,
562.57099,1.0,0.0,0.0,0.0,
562.57100,1.0,0.0,0.0,0.0,
562.57101,0.0,0.0,0.0,0.0,
562.57102,0.0,0.0,0.0,0.0,
562.57103,1.0,0.0,0.0,0.0,
562.57104,1.0,1.0,0.0,0.0,
562.57105,1.0,0.0,0.0,0.0,
562.57106,1.0,0.0,0.0,0.0,
562.57107,1.0,0.0,0.0,0.0,
562.57108,1.0,0.0,0.0,0.0,
562.57109,1.0,0.0,0.0,1.0,
562.57110,1.0,0.0,0.0,0.0,
562.57111,1.0,0.0,0.0,0.0,
562.57112,1.0,0.0,0.0,0.0,
562.57113,1.0,0.0,0.0,0.0,
562.57114,1.0,0.0,1.0,0.0,
562.57115,0.0,0.0,0.0,0.0,
562.57116,1.0,0.0,0.0,0.0,
562.57117,1.0,0.0,0.0,0.0,
562.57118,1.0,1.0,0.0,1.0,
562.57119,1.0,1.0,1.0,0.0,
562.57120,1.0,1.0,1.0,1.0,
562.57121,1.0,0.0,0.0,0.0,
562.57122,1.0,0.0,0.0,0.0,
562.57123,0.0,0.0,0.0,0.0,
562.57124,1.0,1.0,1.0,0.0,
562.57125,1.0,0.0,0.0,0.0,
562.57126,1.0,0.0,0.0,0.0,
562.57127,1.0,0.0,0.0,0.0,
562.57128,1.0,0.0,0.0,1.0,
562.57129,1.0,1.0,0.0,0.0,
562.57130,1.0,1.0,0.0,1.0,
562.57131,1.0,1.0,1.0,1.0,
562.57132,0.0,0.0,0.0,0.0,
562.57133,1.0,1.0,1.0,1.0,
562.57134,0.0,0.0,0.0,1.0,
562.57135,0.0,0.0,0.0,0.0,
562.57136,0.0,0.0,0.0,0.0,
562.57137,1.0,0.0,0.0,0.0,
562.57138,1.0,0.0,0.0,0.0,
562.57139,1.0,0.0,0.0,0.0,
562.57140,1.0,0.0,0.0,0.0,
562.57141,0.0,0.0,0.0,0.0,
562.57142,1.0,0.0,0.0,0.0,
562.57143,0.0,0.0,0.0,0.0,
562.57144,1.0,0.0,0.0,0.0,
562.57145,1.0,0.0,0.0,0.0,
562.57146,1.0,0.0,0.0,0.0,
562.57147,0.0,0.0,0.0,0.0,
562.57148,1.0,0.0,0.0,0.0,
562.57149,1.0,0.0,0.0,0.0,
562.57150,0.0,0.0,0.0,0.0,
562.57151,1.0,0.0,0.0,0.0,
562.57152,0.0,0.0,0.0,0.0,
562.57153,1.0,0.0,0.0,0.0,
562.57154,1.0,0.0,0.0,0.0,
562.57155,0.0,0.0,0.0,0.0,
562.57156,0.0,0.0,0.0,0.0,
562.57157,0.0,0.0,0.0,0.0,
562.57158,0.0,0.0,0.0,0.0,
562.57159,1.0,1.0,1.0,1.0,
562.57160,0.0,0.0,0.0,0.0,
562.57161,0.0,0.0,0.0,0.0,
562.57162,0.0,0.0,0.0,0.0,
562.57163,1.0,0.0,0.0,0.0,
562.57164,0.0,0.0,0.0,0.0,
562.57165,1.0,0.0,0.0,0.0,
562.57166,1.0,1.0,1.0,1.0,
562.57167,0.0,0.0,0.0,0.0,
562.57168,1.0,1.0,1.0,1.0,
562.57169,1.0,1.0,0.0,1.0,
562.57170,1.0,0.0,0.0,0.0,
562.57171,1.0,0.0,0.0,0.0,
562.57172,1.0,0.0,0.0,0.0,
562.57173,1.0,0.0,0.0,0.0,
562.57174,0.0,0.0,0.0,0.0,
562.57175,1.0,0.0,0.0,1.0,
562.57176,1.0,0.0,0.0,0.0,
562.57177,1.0,0.0,0.0,0.0,
562.57178,1.0,1.0,1.0,1.0,
562.57179,1.0,0.0,0.0,0.0,
562.57180,1.0,0.0,0.0,0.0,
562.57181,1.0,0.0,1.0,0.0,
562.57182,1.0,0.0,0.0,0.0,
562.57183,1.0,1.0,1.0,0.0,
562.57184,1.0,1.0,1.0,1.0,
562.57185,1.0,0.0,0.0,0.0,
562.57186,0.0,0.0,0.0,0.0,
562.57187,1.0,1.0,1.0,0.0,
562.57188,1.0,0.0,0.0,0.0,
562.57189,1.0,0.0,0.0,0.0,
562.57190,0.0,0.0,0.0,0.0,
562.57191,1.0,0.0,0.0,0.0,
562.57192,1.0,1.0,0.0,1.0,
562.57193,0.0,0.0,0.0,0.0,
562.57194,1.0,0.0,0.0,0.0,
562.57195,1.0,0.0,0.0,1.0,
562.57196,1.0,1.0,0.0,1.0,
562.57197,1.0,1.0,1.0,1.0,
562.57198,1.0,0.0,0.0,0.0,
562.57199,1.0,1.0,0.0,1.0,
562.57200,1.0,0.0,0.0,0.0,
562.57201,1.0,1.0,0.0,1.0,
562.57202,1.0,0.0,0.0,0.0,
562.57203,1.0,0.0,0.0,1.0,
562.57205,1.0,0.0,0.0,1.0,
562.57206,1.0,0.0,0.0,0.0,
562.57207,1.0,0.0,0.0,0.0,
562.57208,1.0,1.0,0.0,1.0,
562.57209,1.0,0.0,0.0,0.0,
562.57210,0.0,0.0,0.0,0.0,
562.57211,0.0,0.0,0.0,0.0,
562.57212,1.0,0.0,0.0,0.0,
562.57213,1.0,0.0,0.0,0.0,
562.57214,1.0,0.0,0.0,0.0,
562.57215,1.0,0.0,0.0,0.0,
562.57216,1.0,0.0,0.0,0.0,
562.57217,1.0,0.0,0.0,0.0,
562.57218,1.0,1.0,1.0,0.0,
562.57219,1.0,0.0,1.0,0.0,
562.57220,0.0,0.0,0.0,0.0,
562.57221,0.0,0.0,1.0,0.0,
562.57222,0.0,0.0,0.0,0.0,
562.57223,0.0,0.0,0.0,0.0,
562.57224,1.0,0.0,0.0,0.0,
562.57225,1.0,1.0,1.0,0.0,
562.57226,0.0,0.0,0.0,0.0,
562.57227,1.0,0.0,0.0,0.0,
562.57228,1.0,0.0,0.0,0.0,
562.57229,1.0,0.0,1.0,0.0,
562.57230,1.0,0.0,0.0,0.0,
562.57231,0.0,0.0,0.0,0.0,
562.57232,1.0,0.0,0.0,0.0,
562.57233,0.0,0.0,0.0,0.0,
562.57234,1.0,0.0,1.0,0.0,
562.57235,1.0,1.0,1.0,0.0,
562.57236,1.0,0.0,0.0,0.0,
562.57237,1.0,0.0,0.0,0.0,
562.57238,1.0,1.0,0.0,0.0,
562.57239,0.0,0.0,0.0,0.0,
562.57240,1.0,0.0,0.0,0.0,
562.57241,1.0,1.0,0.0,0.0,
562.57242,0.0,0.0,0.0,0.0,
562.57243,0.0,0.0,0.0,0.0,
562.57244,1.0,0.0,0.0,0.0,
562.57245,1.0,0.0,0.0,0.0,
562.57246,1.0,0.0,0.0,0.0,
562.57247,1.0,1.0,0.0,1.0,
562.57248,1.0,1.0,1.0,0.0,
562.57249,1.0,1.0,1.0,1.0,
562.57250,1.0,1.0,1.0,0.0,
562.57251,1.0,0.0,0.0,0.0,
562.57252,1.0,1.0,1.0,1.0,
562.57253,1.0,1.0,1.0,1.0,
562.57254,1.0,1.0,0.0,1.0,
562.57255,1.0,1.0,0.0,0.0,
562.57256,1.0,1.0,1.0,1.0,
562.57257,1.0,1.0,0.0,1.0,
562.57258,1.0,1.0,0.0,0.0,
562.57259,1.0,1.0,1.0,1.0,
562.57260,1.0,1.0,0.0,1.0,
562.57261,1.0,1.0,0.0,0.0,
562.57262,1.0,1.0,1.0,0.0,
562.57263,1.0,1.0,1.0,1.0,
562.57264,1.0,1.0,0.0,0.0,
562.57265,1.0,1.0,1.0,1.0,
562.57266,1.0,1.0,1.0,0.0,
562.57267,1.0,1.0,1.0,1.0,
562.57268,1.0,1.0,1.0,1.0,
562.57269,1.0,0.0,0.0,0.0,
562.57270,1.0,1.0,0.0,0.0,
562.57271,1.0,1.0,1.0,1.0,
562.57273,1.0,1.0,1.0,0.0,
562.57274,1.0,1.0,1.0,0.0,
562.57275,1.0,1.0,1.0,1.0,
562.57276,1.0,1.0,1.0,0.0,
562.57277,1.0,1.0,1.0,0.0,
562.57278,1.0,1.0,1.0,0.0,
562.57279,1.0,1.0,1.0,0.0,
562.57280,1.0,1.0,0.0,0.0,
562.57281,1.0,1.0,1.0,0.0,
562.57282,1.0,1.0,1.0,1.0,
562.57283,1.0,1.0,1.0,1.0,
562.57284,1.0,1.0,0.0,0.0,
562.57285,1.0,1.0,1.0,0.0,
562.57286,1.0,1.0,1.0,1.0,
562.57287,1.0,1.0,0.0,0.0,
562.57288,1.0,1.0,0.0,1.0,
562.57289,1.0,1.0,0.0,1.0,
562.57290,1.0,1.0,1.0,1.0,
562.57291,1.0,1.0,0.0,0.0,
562.57292,1.0,1.0,1.0,1.0,
562.57293,1.0,1.0,0.0,1.0,
562.57294,1.0,1.0,1.0,0.0,
562.57295,1.0,1.0,1.0,0.0,
562.57296,1.0,1.0,0.0,1.0,
562.57297,1.0,0.0,0.0,0.0,
562.57298,1.0,1.0,1.0,0.0,
562.57299,1.0,0.0,0.0,0.0,
562.57300,1.0,0.0,0.0,0.0,
562.57301,1.0,0.0,0.0,0.0,
562.57302,1.0,0.0,0.0,0.0,
562.57303,1.0,1.0,0.0,0.0,
562.57304,1.0,0.0,0.0,0.0,
562.57305,1.0,0.0,0.0,0.0,
562.57306,1.0,1.0,0.0,0.0,
562.57307,1.0,0.0,0.0,0.0,
562.57308,0.0,0.0,0.0,0.0,
562.57309,1.0,0.0,0.0,0.0,
562.57310,1.0,0.0,0.0,0.0,
562.57311,1.0,0.0,0.0,0.0,
562.57312,1.0,0.0,0.0,0.0,
562.57313,0.0,0.0,0.0,0.0,
562.57314,0.0,0.0,0.0,0.0,
562.57315,1.0,0.0,0.0,0.0,
562.57316,1.0,0.0,0.0,1.0,
562.57317,1.0,0.0,0.0,0.0,
562.57318,1.0,0.0,0.0,0.0,
562.57319,0.0,0.0,0.0,0.0,
562.57320,0.0,0.0,0.0,0.0,
562.57321,1.0,0.0,0.0,0.0,
562.57322,1.0,1.0,0.0,0.0,
562.57323,1.0,1.0,0.0,0.0,
562.57324,1.0,0.0,0.0,0.0,
562.57325,1.0,0.0,0.0,0.0,
562.57326,1.0,0.0,0.0,1.0,
562.57327,1.0,0.0,0.0,0.0,
562.57328,1.0,0.0,0.0,0.0,
562.57329,0.0,0.0,0.0,0.0,
562.57330,1.0,0.0,0.0,0.0,
562.57331,1.0,0.0,0.0,0.0,
562.57363,1.0,1.0,0.0,1.0,
562.57364,1.0,1.0,0.0,1.0,
562.57365,1.0,1.0,1.0,1.0,
562.57366,1.0,1.0,0.0,0.0,
562.57367,1.0,1.0,1.0,1.0,
562.57368,1.0,1.0,1.0,1.0,
562.57369,1.0,1.0,1.0,1.0,
562.57370,1.0,1.0,1.0,1.0,
562.57371,1.0,1.0,1.0,1.0,
562.57372,1.0,1.0,1.0,1.0,
562.57373,1.0,1.0,1.0,1.0,
562.57374,1.0,1.0,1.0,1.0,
562.57375,1.0,1.0,1.0,1.0,
562.57376,1.0,1.0,0.0,1.0,
562.57377,1.0,1.0,0.0,1.0,
562.57378,1.0,1.0,,0.0,
562.57379,1.0,1.0,0.0,1.0,
562.57380,1.0,1.0,1.0,1.0,
562.57381,1.0,1.0,0.0,0.0,
562.57382,1.0,1.0,1.0,1.0,
562.57383,1.0,1.0,0.0,1.0,
562.57384,1.0,1.0,1.0,1.0,
562.57385,1.0,1.0,0.0,1.0,
562.57386,1.0,1.0,0.0,1.0,
562.57387,1.0,1.0,,1.0,
562.57388,1.0,1.0,1.0,1.0,
562.57389,1.0,1.0,0.0,1.0,
562.57390,1.0,1.0,1.0,1.0,
562.57391,1.0,1.0,0.0,1.0,
562.57392,1.0,1.0,0.0,1.0,
562.57393,1.0,1.0,1.0,0.0,
562.57394,1.0,1.0,1.0,1.0,
562.57395,1.0,1.0,,1.0,
562.57396,1.0,1.0,1.0,1.0,
562.57397,1.0,1.0,,1.0,
562.57398,1.0,1.0,1.0,0.0,
562.57399,1.0,1.0,1.0,1.0,
562.57400,1.0,1.0,0.0,0.0,
562.57401,1.0,1.0,0.0,1.0,
562.57402,1.0,1.0,0.0,1.0,
562.57403,1.0,1.0,1.0,0.0,
562.57404,1.0,1.0,1.0,1.0,
562.57405,1.0,1.0,1.0,1.0,
562.57406,1.0,1.0,1.0,0.0,
562.57407,1.0,1.0,0.0,1.0,
562.57408,1.0,1.0,,1.0,
562.57409,1.0,1.0,1.0,1.0,
562.57410,1.0,1.0,1.0,1.0,
562.57411,1.0,1.0,0.0,1.0,
562.57412,1.0,1.0,1.0,0.0,
562.57413,1.0,1.0,0.0,1.0,
562.57414,1.0,1.0,0.0,1.0,
562.57415,1.0,1.0,0.0,0.0,
562.57416,1.0,1.0,0.0,1.0,
562.57417,1.0,1.0,1.0,1.0,
562.57418,1.0,1.0,0.0,1.0,
562.57419,1.0,1.0,1.0,1.0,
562.57420,1.0,1.0,0.0,1.0,
562.57421,1.0,1.0,0.0,1.0,
562.57422,1.0,1.0,0.0,0.0,
562.57423,1.0,1.0,,0.0,
562.57424,1.0,1.0,0.0,1.0,
562.57425,1.0,1.0,0.0,0.0,
562.57426,1.0,1.0,0.0,1.0,
562.57427,1.0,1.0,1.0,1.0,
562.57428,1.0,1.0,1.0,1.0,
562.57429,1.0,1.0,1.0,0.0,
562.57430,1.0,1.0,0.0,0.0,
562.57431,1.0,1.0,0.0,1.0,
562.57432,1.0,1.0,1.0,1.0,
562.57433,1.0,1.0,0.0,1.0,
562.57434,1.0,1.0,0.0,0.0,
562.57435,1.0,1.0,0.0,1.0,
562.57436,1.0,1.0,1.0,0.0,
562.57437,1.0,1.0,0.0,1.0,
562.57438,1.0,1.0,0.0,1.0,
562.57439,1.0,1.0,0.0,0.0,
562.57440,1.0,1.0,1.0,1.0,
562.57441,1.0,1.0,1.0,1.0,
562.57442,1.0,1.0,0.0,1.0,
562.57443,1.0,1.0,0.0,1.0,
562.57444,1.0,1.0,1.0,1.0,
562.57445,1.0,1.0,,1.0,
562.57446,1.0,1.0,1.0,1.0,
562.57447,1.0,1.0,1.0,1.0,
562.57448,1.0,1.0,1.0,1.0,
562.57449,1.0,1.0,1.0,1.0,
562.57450,1.0,1.0,1.0,1.0,
562.57451,1.0,1.0,1.0,1.0,
562.57452,1.0,1.0,1.0,0.0,
562.57453,1.0,1.0,1.0,1.0,
562.57454,1.0,1.0,0.0,1.0,
562.57455,1.0,1.0,1.0,1.0,
562.57456,1.0,1.0,1.0,1.0,
562.57457,1.0,1.0,1.0,1.0,
562.57458,1.0,1.0,1.0,0.0,
562.57459,1.0,1.0,1.0,1.0,
562.57460,1.0,1.0,0.0,1.0,
562.57461,1.0,1.0,1.0,,
562.57462,1.0,1.0,1.0,1.0,
562.57463,1.0,1.0,1.0,1.0,
562.57464,1.0,1.0,1.0,1.0,
562.57465,1.0,1.0,1.0,1.0,
562.57466,1.0,1.0,0.0,1.0,
562.57467,1.0,1.0,0.0,1.0,
562.57468,1.0,1.0,0.0,0.0,
562.57469,1.0,1.0,1.0,1.0,
562.57470,1.0,1.0,1.0,0.0,
562.57471,1.0,1.0,1.0,0.0,
562.57472,1.0,1.0,1.0,1.0,
562.57473,1.0,1.0,1.0,0.0,
562.57474,1.0,1.0,1.0,0.0,
562.57475,1.0,1.0,1.0,1.0,
562.57476,1.0,1.0,,1.0,
562.57477,1.0,1.0,,1.0,
562.57478,1.0,1.0,1.0,1.0,
562.57479,1.0,1.0,1.0,1.0,
562.57480,1.0,1.0,1.0,0.0,
562.57481,1.0,1.0,1.0,1.0,
562.57482,1.0,1.0,0.0,0.0,
562.57483,1.0,1.0,1.0,1.0,
562.57484,1.0,1.0,1.0,1.0,
562.57485,1.0,1.0,1.0,1.0,
562.57486,1.0,1.0,1.0,1.0,
562.57487,1.0,1.0,1.0,1.0,
562.57488,1.0,1.0,1.0,,
562.57489,1.0,1.0,1.0,0.0,
562.57490,1.0,1.0,0.0,0.0,
562.57491,1.0,1.0,1.0,1.0,
562.57492,1.0,1.0,1.0,1.0,
562.57493,1.0,1.0,1.0,1.0,
562.57494,1.0,1.0,1.0,1.0,
562.57495,1.0,1.0,1.0,1.0,
562.57496,1.0,1.0,1.0,0.0,
562.57497,1.0,1.0,1.0,0.0,
562.57498,1.0,1.0,1.0,1.0,
562.57499,1.0,1.0,1.0,1.0,
562.57500,1.0,1.0,1.0,1.0,
562.57501,1.0,1.0,,1.0,
562.57502,1.0,1.0,1.0,0.0,
562.57503,1.0,1.0,0.0,1.0,
562.57504,1.0,1.0,1.0,1.0,
562.57505,1.0,1.0,1.0,0.0,
562.57506,1.0,1.0,1.0,1.0,
562.57507,1.0,1.0,1.0,1.0,
562.57508,1.0,1.0,1.0,1.0,
562.57509,1.0,1.0,1.0,0.0,
562.57510,1.0,1.0,1.0,1.0,
562.58621,1.0,,0.0,0.0,1.0
562.58622,1.0,,1.0,0.0,1.0
562.58623,1.0,,0.0,1.0,1.0
562.58624,1.0,,1.0,0.0,0.0
562.58625,1.0,,1.0,1.0,1.0
562.58626,1.0,,1.0,1.0,0.0
562.58627,1.0,,1.0,1.0,1.0
562.58628,1.0,,0.0,0.0,0.0
562.58629,,,1.0,0.0,0.0
562.58630,1.0,,1.0,1.0,1.0
562.58631,1.0,,1.0,1.0,1.0
562.58632,1.0,,1.0,0.0,1.0
562.58633,1.0,,1.0,0.0,0.0
562.58634,1.0,,1.0,1.0,1.0
562.58635,1.0,,1.0,1.0,1.0
562.58636,1.0,,0.0,0.0,1.0
562.58637,1.0,,1.0,0.0,1.0
562.58638,1.0,,1.0,0.0,0.0
562.58640,1.0,,0.0,0.0,1.0
562.58641,1.0,,1.0,0.0,1.0
562.58642,1.0,,0.0,0.0,1.0
562.58643,1.0,,1.0,1.0,1.0
562.58644,1.0,,0.0,0.0,1.0
562.58645,1.0,,1.0,0.0,0.0
562.58646,0.0,,0.0,0.0,0.0
562.58647,1.0,,0.0,0.0,0.0
562.58648,,,0.0,0.0,1.0
562.58649,1.0,,1.0,1.0,1.0
562.58650,1.0,,0.0,0.0,1.0
562.58651,1.0,,1.0,0.0,0.0
562.58703,1.0,0.0,1.0,0.0,
562.58704,1.0,0.0,0.0,1.0,
562.58705,1.0,0.0,1.0,0.0,
562.58706,1.0,1.0,1.0,0.0,
562.58707,1.0,0.0,1.0,0.0,
562.58708,0.0,0.0,0.0,0.0,
562.58709,1.0,1.0,1.0,0.0,
562.58710,1.0,1.0,1.0,0.0,
562.58711,1.0,0.0,1.0,0.0,
562.58712,1.0,1.0,1.0,0.0,
562.58713,1.0,0.0,0.0,0.0,
562.58714,1.0,1.0,1.0,0.0,
562.58715,1.0,0.0,1.0,0.0,
562.58716,1.0,1.0,1.0,0.0,
562.58717,1.0,0.0,0.0,1.0,
562.58718,1.0,0.0,0.0,1.0,
562.58719,1.0,1.0,1.0,0.0,
562.58720,1.0,1.0,1.0,1.0,
562.58721,1.0,0.0,1.0,1.0,
562.58722,1.0,1.0,1.0,0.0,
562.58723,1.0,0.0,1.0,0.0,
562.58724,1.0,1.0,1.0,1.0,
562.58725,1.0,0.0,1.0,1.0,
562.58726,1.0,1.0,1.0,0.0,
562.58727,1.0,0.0,1.0,1.0,
562.58728,1.0,0.0,1.0,0.0,
562.58729,1.0,0.0,1.0,1.0,
562.58730,1.0,1.0,1.0,0.0,
562.58731,1.0,0.0,1.0,0.0,
562.58732,1.0,1.0,1.0,1.0,
562.58733,1.0,0.0,1.0,1.0,
562.58734,1.0,1.0,1.0,1.0,
562.58735,1.0,1.0,1.0,1.0,
562.58736,1.0,1.0,1.0,1.0,
562.58737,1.0,1.0,1.0,1.0,
562.58738,1.0,1.0,0.0,1.0,
562.58739,1.0,1.0,1.0,1.0,
562.58740,1.0,1.0,1.0,0.0,
562.58741,1.0,0.0,0.0,0.0,1.0
562.58742,1.0,0.0,0.0,0.0,1.0
562.58743,1.0,1.0,0.0,0.0,1.0
562.58745,1.0,1.0,0.0,0.0,1.0
562.58746,1.0,0.0,0.0,0.0,1.0
562.58748,1.0,0.0,1.0,1.0,0.0
562.58749,1.0,0.0,1.0,0.0,1.0
562.58751,1.0,1.0,0.0,0.0,1.0
562.58752,1.0,1.0,0.0,0.0,0.0
562.58753,1.0,0.0,0.0,0.0,1.0
562.58754,1.0,0.0,0.0,0.0,1.0
562.58755,1.0,0.0,0.0,0.0,1.0
562.58757,1.0,0.0,0.0,0.0,1.0
562.58758,1.0,0.0,0.0,0.0,0.0
562.58759,1.0,0.0,1.0,0.0,1.0
562.58760,1.0,0.0,0.0,0.0,1.0
562.58761,1.0,0.0,1.0,1.0,1.0
562.58762,1.0,0.0,0.0,0.0,1.0
562.58763,1.0,1.0,1.0,1.0,1.0
562.58765,1.0,0.0,0.0,1.0,0.0
562.58766,1.0,1.0,1.0,1.0,1.0
562.58767,1.0,1.0,0.0,0.0,0.0
562.58768,1.0,1.0,0.0,0.0,0.0
562.58769,0.0,0.0,0.0,0.0,0.0
562.58770,1.0,0.0,0.0,0.0,0.0
562.58771,1.0,0.0,0.0,0.0,1.0
562.58772,1.0,0.0,0.0,0.0,0.0
562.58773,1.0,0.0,0.0,0.0,1.0
562.58774,,0.0,0.0,0.0,
562.58775,1.0,1.0,,1.0,1.0
562.58776,1.0,0.0,0.0,0.0,0.0
562.58777,1.0,1.0,0.0,0.0,1.0
562.58778,,0.0,0.0,0.0,0.0
562.58779,,0.0,0.0,0.0,0.0
562.58780,,0.0,0.0,0.0,0.0
562.58781,0.0,0.0,0.0,0.0,0.0
562.58782,0.0,0.0,0.0,0.0,0.0
562.58783,0.0,0.0,0.0,0.0,0.0
562.58784,1.0,0.0,0.0,0.0,0.0
562.58785,,0.0,0.0,0.0,0.0
562.58786,1.0,0.0,0.0,0.0,0.0
562.58787,0.0,0.0,0.0,0.0,1.0
562.58788,0.0,0.0,0.0,0.0,1.0
562.58789,0.0,0.0,0.0,0.0,0.0
562.58790,0.0,0.0,,0.0,1.0
562.58791,1.0,0.0,1.0,0.0,1.0
562.58792,,0.0,0.0,0.0,0.0
562.59217,,,1.0,1.0,1.0
562.59218,,,1.0,1.0,1.0
562.59219,,,1.0,1.0,1.0
562.59220,,,1.0,1.0,0.0
562.59221,,,1.0,0.0,0.0
562.59222,,,1.0,1.0,1.0
562.59223,,,1.0,1.0,1.0
562.59224,,,1.0,1.0,1.0
562.59225,,,0.0,1.0,1.0
562.59226,,,1.0,1.0,1.0
562.59227,,,0.0,1.0,1.0
562.59228,,,1.0,1.0,1.0
562.59229,,,1.0,1.0,1.0
562.64824,1.0,,,,
562.64825,0.0,,,,
562.64826,0.0,,,,
562.64827,1.0,,,,
562.64828,1.0,,,,
562.64829,0.0,,,,
562.64830,1.0,,,,
562.64831,1.0,,,,
562.64832,1.0,,,,
562.64833,1.0,,,,
562.64834,1.0,,,,
562.64835,0.0,,,,
562.64836,1.0,,,,
562.64837,0.0,,,,
562.64838,0.0,,,,
562.64839,1.0,,,,
562.64840,0.0,,,,
562.64841,1.0,,,,
562.64842,0.0,,,,
562.64843,1.0,,,,
562.64844,1.0,,,,
562.64845,1.0,,,,
562.64846,0.0,,,,
562.64847,1.0,,,,
562.64848,0.0,,,,
562.64849,1.0,,,,
562.64850,0.0,,,,
562.64851,1.0,,,,
562.64852,1.0,,,,
562.64853,0.0,,,,
562.64854,0.0,,,,
562.64855,0.0,,,,
562.64856,0.0,,,,
562.64857,0.0,,,,
562.64858,1.0,,,,
562.64859,0.0,,,,
562.64860,0.0,,,,
562.64861,1.0,,,,
562.64862,1.0,,,,
562.64863,0.0,,,,
562.64864,1.0,,,,
562.64865,1.0,,,,
562.64866,1.0,,,,
562.64867,0.0,,,,
562.64868,1.0,,,,
562.64869,1.0,,,,
562.64870,1.0,,,,
562.64871,1.0,,,,
562.64872,1.0,,,,
562.64873,1.0,,,,
562.64874,1.0,,,,
562.64875,1.0,,,,
562.64876,0.0,,,,
562.64877,0.0,,,,
562.64878,1.0,,,,
562.64879,1.0,,,,
562.64880,1.0,,,,
562.64881,1.0,,,,
562.64882,0.0,,,,
562.64883,1.0,,,,
562.64884,1.0,,,,
562.64885,0.0,,,,
562.64886,1.0,,,,
562.64887,0.0,,,,
562.64888,1.0,,,,
562.64889,1.0,,,,
562.64890,1.0,,,,
562.64891,0.0,,,,
562.64892,0.0,,,,
562.64893,1.0,,,,
562.64894,0.0,,,,
562.64895,1.0,,,,
562.64896,1.0,,,,
562.64897,1.0,,,,
562.64898,0.0,,,,
562.64899,1.0,,,,
562.64900,1.0,,,,
562.64901,0.0,,,,
562.64902,1.0,,,,
562.64903,1.0,,,,
562.64904,0.0,,,,
562.64905,0.0,,,,
562.64906,1.0,,,,
562.64907,0.0,,,,
562.64908,1.0,,,,
562.64909,0.0,,,,
562.64910,0.0,,,,
562.64911,1.0,,,,
562.64912,1.0,,,,
562.64913,1.0,,,,
562.64914,0.0,,,,
562.64915,1.0,,,,
562.64916,1.0,,,,
562.64917,0.0,,,,
562.64918,1.0,,,,
562.64919,0.0,,,,
562.64920,1.0,,,,
562.64921,1.0,,,,
562.64922,1.0,,,,
562.64923,1.0,,,,
562.64924,1.0,,,,
562.64925,0.0,,,,
562.64926,0.0,,,,
562.64927,0.0,,,,
562.64928,1.0,,,,
562.64929,0.0,,,,
562.64930,0.0,,,,
562.64931,0.0,,,,
562.64932,1.0,,,,
562.64933,0.0,,,,
562.64934,0.0,,,,
562.64935,0.0,,,,
562.64936,1.0,,,,
562.64937,0.0,,,,
562.64938,0.0,,,,
562.64939,1.0,,,,
562.64940,1.0,,,,
562.64941,0.0,,,,
562.64942,0.0,,,,
562.64943,0.0,,,,
562.64944,1.0,,,,
562.64945,1.0,,,,
562.64946,1.0,,,,
562.64947,0.0,,,,
562.64948,1.0,,,,
562.64949,1.0,,,,
562.64950,1.0,,,,
562.64951,1.0,,,,
562.64952,0.0,,,,
562.64953,1.0,,,,
562.64954,1.0,,,,
562.64955,0.0,,,,
562.64956,0.0,,,,
562.64957,1.0,,,,
562.64958,0.0,,,,
562.64959,1.0,,,,
562.64960,0.0,,,,
562.64961,1.0,,,,
562.64962,0.0,,,,
562.64963,1.0,,,,
562.64964,0.0,,,,
562.64965,0.0,,,,
562.64966,1.0,,,,
562.64967,1.0,,,,
562.64968,1.0,,,,
562.64969,0.0,,,,
562.64970,1.0,,,,
562.64971,0.0,,,,
562.64972,1.0,,,,
562.64973,0.0,,,,
562.64974,1.0,,,,
562.64975,1.0,,,,
562.64976,0.0,,,,
562.64977,1.0,,,,
562.64978,1.0,,,,
562.64979,1.0,,,,
562.64980,0.0,,,,
562.64981,0.0,,,,
562.64982,1.0,,,,
562.64983,1.0,,,,
562.64984,1.0,,,,
562.64985,1.0,,,,
562.64986,0.0,,,,
562.64987,0.0,,,,
562.64988,0.0,,,,
562.64989,1.0,,,,
562.64990,1.0,,,,
562.64991,0.0,,,,
562.64992,1.0,,,,
562.64993,1.0,,,,
562.64994,1.0,,,,
562.64995,1.0,,,,
562.64996,1.0,,,,
562.64997,0.0,,,,
562.64998,0.0,,,,
562.64999,1.0,,,,
562.65000,1.0,,,,
562.65001,1.0,,,,
562.65002,1.0,,,,
562.65003,0.0,,,,
562.65004,1.0,,,,
562.65005,0.0,,,,
562.65006,1.0,,,,
562.65007,1.0,,,,
562.65008,1.0,,,,
562.65009,0.0,,,,
562.65010,0.0,,,,
562.65011,1.0,,,,
562.65012,1.0,,,,
562.65013,1.0,,,,
562.65014,1.0,,,,
562.65015,1.0,,,,
562.65016,1.0,,,,
562.65017,1.0,,,,
562.65018,1.0,,,,
562.65019,0.0,,,,
562.65020,0.0,,,,
562.65021,1.0,,,,
562.65022,1.0,,,,
562.65023,0.0,,,,
562.65024,0.0,,,,
562.65025,0.0,,,,
562.65026,0.0,,,,
562.65027,1.0,,,,
562.65028,1.0,,,,
562.65029,0.0,,,,
562.65030,0.0,,,,
562.65031,1.0,,,,
562.65032,0.0,,,,
562.65033,0.0,,,,
562.65034,1.0,,,,
562.65035,0.0,,,,
562.65036,1.0,,,,
562.65037,0.0,,,,
562.65038,0.0,,,,
562.65039,1.0,,,,
562.65040,0.0,,,,
562.65041,1.0,,,,
562.65042,0.0,,,,
562.65043,0.0,,,,
562.65044,0.0,,,,
562.65045,0.0,,,,
562.65046,1.0,,,,
562.65047,0.0,,,,
562.65048,0.0,,,,
562.65049,0.0,,,,
562.65050,1.0,,,,
562.65051,0.0,,,,
562.65052,0.0,,,,
562.65053,1.0,,,,
562.65054,0.0,,,,
562.65055,0.0,,,,
562.65056,1.0,,,,
562.65057,1.0,,,,
562.65058,0.0,,,,
562.65059,1.0,,,,
562.65060,0.0,,,,
562.65061,1.0,,,,
562.65062,1.0,,,,
562.65063,0.0,,,,
562.65064,1.0,,,,
562.65065,0.0,,,,
562.65066,1.0,,,,
562.65067,1.0,,,,
562.65068,0.0,,,,
562.65069,0.0,,,,
562.65070,1.0,,,,
562.65071,1.0,,,,
562.65072,0.0,,,,
562.65073,1.0,,,,
562.65074,0.0,,,,
562.65075,0.0,,,,
562.65076,1.0,,,,
562.65077,0.0,,,,
562.65078,0.0,,,,
562.65079,1.0,,,,
562.65080,1.0,,,,
562.65081,0.0,,,,
562.65082,1.0,,,,
562.65083,0.0,,,,
562.65084,1.0,,,,
562.65085,1.0,,,,
562.65086,1.0,,,,
562.65087,1.0,,,,
562.65088,1.0,,,,
562.65089,1.0,,,,
562.65090,1.0,,,,
562.65091,1.0,,,,
562.65092,1.0,,,,
562.65093,0.0,,,,
562.65094,0.0,,,,
562.65095,1.0,,,,
562.65097,1.0,,,,
562.65098,1.0,,,,
562.65099,0.0,,,,
562.65100,1.0,,,,
562.65102,0.0,,,,
562.65103,1.0,,,,
562.65104,1.0,,,,
562.65105,0.0,,,,
562.65106,0.0,,,,
562.65107,0.0,,,,
562.65108,0.0,,,,
562.65109,1.0,,,,
562.65110,1.0,,,,
562.65111,1.0,,,,
562.65112,1.0,,,,
562.65113,1.0,,,,
562.65114,0.0,,,,
562.65115,0.0,,,,
562.65116,1.0,,,,
562.65117,1.0,,,,
562.65118,1.0,,,,
562.65119,1.0,,,,
562.65120,1.0,,,,
562.65121,1.0,,,,
562.65122,1.0,,,,
562.65123,1.0,,,,
562.65124,1.0,,,,
562.65125,1.0,,,,
562.65126,1.0,,,,
562.65127,1.0,,,,
562.65128,1.0,,,,
562.65129,0.0,,,,
562.65130,0.0,,,,
562.65131,1.0,,,,
562.65132,0.0,,,,
562.65133,1.0,,,,
562.65134,1.0,,,,
562.65135,1.0,,,,
562.65136,1.0,,,,
562.65137,0.0,,,,
562.65138,1.0,,,,
562.65139,0.0,,,,
562.65140,0.0,,,,
562.65141,1.0,,,,
562.65142,0.0,,,,
562.65143,1.0,,,,
562.65144,1.0,,,,
562.65145,1.0,,,,
562.65146,1.0,,,,
562.65147,0.0,,,,
562.65148,0.0,,,,
562.65149,0.0,,,,
562.65150,1.0,,,,
562.65151,0.0,,,,
562.65152,1.0,,,,
562.65153,1.0,,,,
562.65154,1.0,,,,
562.65155,1.0,,,,
562.65156,1.0,,,,
562.65157,0.0,,,,
562.65158,0.0,,,,
562.65159,1.0,,,,
562.65160,0.0,,,,
562.65161,1.0,,,,
562.65162,1.0,,,,
562.65163,1.0,,,,
562.65164,1.0,,,,
562.65166,1.0,,,,
562.65167,0.0,,,,
562.65168,0.0,,,,
562.65169,0.0,,,,
562.65170,1.0,,,,
562.65171,0.0,,,,
562.65172,0.0,,,,
562.65173,1.0,,,,
562.65174,0.0,,,,
562.65175,0.0,,,,
562.65178,0.0,,,,
562.65180,1.0,,,,
562.65181,0.0,,,,
562.65182,0.0,,,,
562.65183,1.0,,,,
562.65184,1.0,,,,
562.65185,0.0,,,,
562.65186,0.0,,,,
562.65187,0.0,,,,
562.65188,1.0,,,,
562.65189,1.0,,,,
562.65193,0.0,,,,
562.65196,1.0,,,,
562.65197,0.0,,,,
562.65198,0.0,,,,
562.65199,0.0,,,,
562.65200,0.0,,,,
562.65201,0.0,,,,
562.65202,0.0,,,,
562.65203,1.0,,,,
562.65204,1.0,,,,
562.65205,1.0,,,,
562.65206,1.0,,,,
562.65207,1.0,,,,
562.65208,0.0,,,,
562.65209,0.0,,,,
562.65210,0.0,,,,
562.65211,0.0,,,,
562.65212,1.0,,,,
562.65213,1.0,,,,
562.65214,1.0,,,,
562.65215,0.0,,,,
562.65216,1.0,,,,
562.65217,0.0,,,,
562.65218,0.0,,,,
562.65219,1.0,,,,
562.65220,1.0,,,,
562.65221,0.0,,,,
562.65222,0.0,,,,
562.65223,1.0,,,,
562.65224,1.0,,,,
562.65225,1.0,,,,
562.65226,1.0,,,,
562.65227,0.0,,,,
562.65228,1.0,,,,
562.65229,0.0,,,,
562.65230,0.0,,,,
562.65231,0.0,,,,
562.65232,1.0,,,,
562.65233,1.0,,,,
562.65234,1.0,,,,
562.65235,1.0,,,,
562.65236,1.0,,,,
562.65237,1.0,,,,
562.65238,1.0,,,,
562.65239,1.0,,,,
562.65240,0.0,,,,
562.65241,0.0,,,,
562.65242,1.0,,,,
562.65243,1.0,,,,
562.65244,1.0,,,,
562.65245,0.0,,,,
562.65246,1.0,,,,
562.65247,0.0,,,,
562.65248,1.0,,,,
562.65249,1.0,,,,
562.65250,0.0,,,,
562.65251,1.0,,,,
562.65252,1.0,,,,
562.65253,1.0,,,,
562.65254,1.0,,,,
562.65255,0.0,,,,
562.65256,0.0,,,,
562.65257,1.0,,,,
562.65258,0.0,,,,
562.65259,1.0,,,,
562.65260,1.0,,,,
562.65261,1.0,,,,
562.65262,0.0,,,,
562.65263,0.0,,,,
562.65264,1.0,,,,
562.65265,1.0,,,,
562.65266,1.0,,,,
562.65267,0.0,,,,
562.65268,1.0,,,,
562.65269,1.0,,,,
562.65270,0.0,,,,
562.65271,1.0,,,,
562.65272,1.0,,,,
562.65273,0.0,,,,
562.65274,1.0,,,,
562.65275,1.0,,,,
562.65276,0.0,,,,
562.65277,1.0,,,,
562.65278,1.0,,,,
562.65279,0.0,,,,
562.65280,1.0,,,,
562.65281,0.0,,,,
562.65282,1.0,,,,
562.65283,0.0,,,,
562.65284,0.0,,,,
562.65285,1.0,,,,
562.65286,1.0,,,,
562.65287,1.0,,,,
562.65288,1.0,,,,
562.65289,0.0,,,,
562.65290,0.0,,,,
562.65291,1.0,,,,
562.65292,0.0,,,,
562.65293,1.0,,,,
562.65294,1.0,,,,
562.65295,1.0,,,,
562.65296,0.0,,,,
562.65297,1.0,,,,
562.65298,1.0,,,,
562.65299,0.0,,,,
562.65300,1.0,,,,
562.65301,0.0,,,,
562.65302,1.0,,,,
562.65303,1.0,,,,
562.65304,1.0,,,,
562.65305,1.0,,,,
562.65306,0.0,,,,
562.65307,1.0,,,,
562.65308,1.0,,,,
562.65309,0.0,,,,
562.65310,1.0,,,,
562.65311,1.0,,,,
562.65312,0.0,,,,
562.65313,1.0,,,,
562.65314,0.0,,,,
562.65315,1.0,,,,
562.65316,1.0,,,,
562.65317,0.0,,,,
562.65318,1.0,,,,
562.65319,0.0,,,,
562.65320,0.0,,,,
562.65321,0.0,,,,
562.65322,0.0,,,,
562.65323,1.0,,,,
562.65324,0.0,,,,
562.65325,1.0,,,,
562.65326,0.0,,,,
562.65327,0.0,,,,
562.65328,0.0,,,,
562.65329,1.0,,,,
562.65330,0.0,,,,
562.65331,1.0,,,,
562.65332,1.0,,,,
562.65333,1.0,,,,
562.65334,0.0,,,,
562.65335,0.0,,,,
562.65336,0.0,,,,
562.65337,0.0,,,,
562.65338,0.0,,,,
562.65339,0.0,,,,
562.65340,1.0,,,,
562.65341,1.0,,,,
562.65342,1.0,,,,
562.65343,1.0,,,,
562.65344,1.0,,,,
562.65345,1.0,,,,
562.65346,1.0,,,,
562.65347,0.0,,,,
562.65348,1.0,,,,
562.65349,0.0,,,,
562.65350,0.0,,,,
562.65351,1.0,,,,
562.65352,0.0,,,,
562.65353,1.0,,,,
562.65354,1.0,,,,
562.65355,1.0,,,,
562.65356,0.0,,,,
562.65357,1.0,,,,
562.65358,1.0,,,,
562.65359,1.0,,,,
562.65360,1.0,,,,
562.65361,0.0,,,,
562.65362,1.0,,,,
562.65363,0.0,,,,
562.65364,0.0,,,,
562.65365,1.0,,,,
562.65366,1.0,,,,
562.65367,1.0,,,,
562.65368,0.0,,,,
562.65369,0.0,,,,
562.65370,1.0,,,,
562.65371,0.0,,,,
562.65372,0.0,,,,
562.65373,0.0,,,,
562.65374,1.0,,,,
562.65375,1.0,,,,
562.65376,1.0,,,,
562.65377,0.0,,,,
562.65378,0.0,,,,
562.65379,1.0,,,,
562.65380,1.0,,,,
562.65381,1.0,,,,
562.65382,1.0,,,,
562.65383,1.0,,,,
562.65384,0.0,,,,
562.65385,0.0,,,,
562.65386,0.0,,,,
562.65387,0.0,,,,
562.65388,0.0,,,,
562.65389,1.0,,,,
562.65390,1.0,,,,
562.65391,0.0,,,,
562.65392,1.0,,,,
562.65393,0.0,,,,
562.65395,0.0,,,,
562.65396,1.0,,,,
562.65397,0.0,,,,
562.65398,1.0,,,,
562.65399,0.0,,,,
562.65400,1.0,,,,
562.65401,1.0,,,,
562.65402,0.0,,,,
562.65403,0.0,,,,
562.65404,0.0,,,,
562.65405,0.0,,,,
562.65406,1.0,,,,
562.65407,1.0,,,,
562.65408,0.0,,,,
562.65409,1.0,,,,
562.65410,0.0,,,,
562.65411,1.0,,,,
562.65412,1.0,,,,
562.65413,0.0,,,,
562.65414,0.0,,,,
562.65415,0.0,,,,
562.65416,0.0,,,,
562.65417,1.0,,,,
562.65418,1.0,,,,
562.65419,0.0,,,,
562.65420,0.0,,,,
562.65421,0.0,,,,
562.65422,0.0,,,,
562.65423,1.0,,,,
562.65424,0.0,,,,
562.65425,1.0,,,,
562.65426,1.0,,,,
562.65427,1.0,,,,
562.65428,1.0,,,,
562.65429,1.0,,,,
562.65430,1.0,,,,
562.65431,1.0,,,,
562.65432,0.0,,,,
562.65433,1.0,,,,
562.65434,1.0,,,,
562.65435,0.0,,,,
562.65436,1.0,,,,
562.65437,0.0,,,,
562.65438,1.0,,,,
562.65439,0.0,,,,
562.65440,0.0,,,,
562.65441,1.0,,,,
562.65442,1.0,,,,
562.65443,0.0,,,,
562.65444,0.0,,,,
562.65445,0.0,,,,
562.65446,1.0,,,,
562.65447,1.0,,,,
562.65448,0.0,,,,
562.65449,0.0,,,,
562.65450,0.0,,,,
562.65451,0.0,,,,
562.65452,0.0,,,,
562.65453,0.0,,,,
562.65454,0.0,,,,
562.65455,0.0,,,,
562.65456,0.0,,,,
562.65457,1.0,,,,
562.65458,0.0,,,,
562.65459,1.0,,,,
562.65460,0.0,,,,
562.65461,0.0,,,,
562.65462,0.0,,,,
562.65463,0.0,,,,
562.65464,1.0,,,,
562.65465,1.0,,,,
562.65466,1.0,,,,
562.65467,1.0,,,,
562.65468,1.0,,,,
562.65469,0.0,,,,
562.65470,1.0,,,,
562.65471,1.0,,,,
562.65472,1.0,,,,
562.65473,1.0,,,,
562.65474,0.0,,,,
562.65475,0.0,,,,
562.65476,1.0,,,,
562.65477,0.0,,,,
562.65478,1.0,,,,
562.65479,1.0,,,,
562.65480,1.0,,,,
562.65481,0.0,,,,
562.65482,0.0,,,,
562.65483,0.0,,,,
562.65484,1.0,,,,
562.65485,0.0,,,,
562.65486,0.0,,,,
562.65487,1.0,,,,
562.65488,0.0,,,,
562.65489,0.0,,,,
562.65490,0.0,,,,
562.65491,0.0,,,,
562.65492,0.0,,,,
562.65493,0.0,,,,
562.65494,0.0,,,,
562.65495,1.0,,,,
562.65496,0.0,,,,
562.65497,1.0,,,,
562.65498,1.0,,,,
562.65499,1.0,,,,
562.65500,0.0,,,,
562.65501,0.0,,,,
562.65502,0.0,,,,
562.65503,1.0,,,,
562.65504,1.0,,,,
562.65505,0.0,,,,
562.65506,1.0,,,,
562.65507,1.0,,,,
562.65508,0.0,,,,
562.65509,1.0,,,,
562.65510,1.0,,,,
562.65511,0.0,,,,
562.65512,1.0,,,,
562.65513,1.0,,,,
562.65514,1.0,,,,
562.65515,1.0,,,,
562.65516,1.0,,,,
562.65517,1.0,,,,
562.65518,0.0,,,,
562.65519,0.0,,,,
562.65520,0.0,,,,
562.65521,0.0,,,,
562.65522,1.0,,,,
562.65523,1.0,,,,
562.65524,1.0,,,,
562.65525,1.0,,,,
562.65526,0.0,,,,
562.65527,0.0,,,,
562.65528,1.0,,,,
562.65529,1.0,,,,
562.65530,1.0,,,,
562.65531,1.0,,,,
562.65532,0.0,,,,
562.65533,0.0,,,,
562.65534,1.0,,,,
562.65535,0.0,,,,
562.65536,1.0,,,,
562.65537,1.0,,,,
562.65538,1.0,,,,
562.65539,1.0,,,,
562.65540,1.0,,,,
562.65541,1.0,,,,
562.65542,0.0,,,,
562.65543,0.0,,,,
562.65544,0.0,,,,
562.65545,1.0,,,,
562.65546,0.0,,,,
562.65547,0.0,,,,
562.65548,1.0,,,,
562.65549,1.0,,,,
562.65550,1.0,,,,
562.65551,0.0,,,,
562.65552,0.0,,,,
562.65553,0.0,,,,
562.65554,1.0,,,,
562.65555,1.0,,,,
562.65556,0.0,,,,
562.65557,0.0,,,,
562.65558,1.0,,,,
562.65559,1.0,,,,
562.65560,1.0,,,,
562.65561,1.0,,,,
562.65562,1.0,,,,
562.65563,1.0,,,,
562.65564,1.0,,,,
562.65565,1.0,,,,
562.65566,1.0,,,,
562.65567,0.0,,,,
562.65568,0.0,,,,
562.65569,1.0,,,,
562.65570,1.0,,,,
562.65571,0.0,,,,
562.65572,1.0,,,,
562.65573,0.0,,,,
562.65574,1.0,,,,
562.65575,1.0,,,,
562.65576,1.0,,,,
562.65577,1.0,,,,
562.65578,1.0,,,,
562.65579,1.0,,,,
562.65580,0.0,,,,
562.65581,0.0,,,,
562.65583,1.0,,,,
562.65584,1.0,,,,
562.65585,1.0,,,,
562.65586,0.0,,,,
562.65587,0.0,,,,
562.65588,1.0,,,,
562.65589,0.0,,,,
562.65590,1.0,,,,
562.65593,0.0,,,,
562.65594,1.0,,,,
562.65595,1.0,,,,
562.65596,1.0,,,,
562.65597,0.0,,,,
562.65598,1.0,,,,
562.65599,0.0,,,,
562.65600,1.0,,,,
562.65601,0.0,,,,
562.65602,1.0,,,,
562.65603,0.0,,,,
562.65604,1.0,,,,
562.65605,1.0,,,,
562.65606,1.0,,,,
562.65607,0.0,,,,
562.65608,0.0,,,,
562.65609,0.0,,,,
562.65610,1.0,,,,
562.65611,1.0,,,,
562.65612,1.0,,,,
562.65613,1.0,,,,
562.65614,0.0,,,,
562.65615,1.0,,,,
562.65616,0.0,,,,
562.65617,0.0,,,,
562.65618,1.0,,,,
562.65619,0.0,,,,
562.65620,0.0,,,,
562.65621,0.0,,,,
562.65622,0.0,,,,
562.65623,0.0,,,,
562.65624,0.0,,,,
562.65625,1.0,,,,
562.65626,0.0,,,,
562.65627,1.0,,,,
562.65628,0.0,,,,
562.65629,1.0,,,,
562.65630,1.0,,,,
562.65631,1.0,,,,
562.65632,0.0,,,,
562.65633,1.0,,,,
562.65634,0.0,,,,
562.65635,0.0,,,,
562.65636,1.0,,,,
562.65637,0.0,,,,
562.65638,1.0,,,,
562.65639,0.0,,,,
562.65640,0.0,,,,
562.65641,1.0,,,,
562.65642,0.0,,,,
562.65643,1.0,,,,
562.65644,0.0,,,,
562.65645,1.0,,,,
562.65646,1.0,,,,
562.65647,1.0,,,,
562.65648,0.0,,,,
562.65649,0.0,,,,
562.65650,1.0,,,,
562.65651,0.0,,,,
562.65652,0.0,,,,
562.65653,1.0,,,,
562.65654,1.0,,,,
562.65655,1.0,,,,
562.65656,1.0,,,,
562.65657,1.0,,,,
562.65658,0.0,,,,
562.65659,0.0,,,,
562.65660,0.0,,,,
562.65661,1.0,,,,
562.65662,1.0,,,,
562.65663,0.0,,,,
562.65664,1.0,,,,
562.65665,0.0,,,,
562.65666,0.0,,,,
562.65667,1.0,,,,
562.65668,0.0,,,,
562.65669,1.0,,,,
562.65670,0.0,,,,
562.65671,1.0,,,,
562.65672,0.0,,,,
562.65673,1.0,,,,
562.65674,1.0,,,,
562.65675,0.0,,,,
562.65676,0.0,,,,
562.65677,1.0,,,,
562.65678,1.0,,,,
562.65679,0.0,,,,
562.65680,1.0,,,,
562.65681,1.0,,,,
562.65682,0.0,,,,
562.65683,1.0,,,,
562.65684,0.0,,,,
562.65685,1.0,,,,
562.65686,0.0,,,,
562.65687,1.0,,,,
562.65688,0.0,,,,
562.65689,0.0,,,,
562.65690,0.0,,,,
562.65691,1.0,,,,
562.65692,1.0,,,,
562.65693,1.0,,,,
562.65694,1.0,,,,
562.65695,1.0,,,,
562.65696,0.0,,,,
562.65697,1.0,,,,
562.65698,1.0,,,,
562.65699,0.0,,,,
562.65700,0.0,,,,
562.65701,0.0,,,,
562.65702,1.0,,,,
562.65703,0.0,,,,
562.65704,1.0,,,,
562.65705,0.0,,,,
562.65706,0.0,,,,
562.65707,1.0,,,,
562.65708,0.0,,,,
562.65709,0.0,,,,
562.65710,1.0,,,,
562.65711,0.0,,,,
562.65712,0.0,,,,
562.65713,0.0,,,,
562.65714,0.0,,,,
562.65715,0.0,,,,
562.65716,1.0,,,,
562.65717,0.0,,,,
562.65718,0.0,,,,
562.65719,0.0,,,,
562.65720,1.0,,,,
562.65721,0.0,,,,
562.65722,1.0,,,,
562.65723,1.0,,,,
562.65724,0.0,,,,
562.65725,1.0,,,,
562.65726,1.0,,,,
562.65727,0.0,,,,
562.65728,0.0,,,,
562.65729,0.0,,,,
562.65730,0.0,,,,
562.65731,0.0,,,,
562.65732,0.0,,,,
562.65733,1.0,,,,
562.65734,0.0,,,,
562.65735,1.0,,,,
562.65736,1.0,,,,
562.65737,0.0,,,,
562.65738,1.0,,,,
562.65739,1.0,,,,
562.65740,0.0,,,,
562.65741,1.0,,,,
562.65742,1.0,,,,
562.65743,0.0,,,,
562.65744,1.0,,,,
562.65745,0.0,,,,
562.65746,1.0,,,,
562.65747,1.0,,,,
562.65748,0.0,,,,
562.65749,1.0,,,,
562.65750,0.0,,,,
562.65751,0.0,,,,
562.65752,0.0,,,,
562.65753,1.0,,,,
562.65754,0.0,,,,
562.65755,1.0,,,,
562.65756,0.0,,,,
562.65757,0.0,,,,
562.65758,1.0,,,,
562.65759,1.0,,,,
562.65760,1.0,,,,
562.65761,0.0,,,,
562.65762,1.0,,,,
562.65763,1.0,,,,
562.65764,0.0,,,,
562.65765,1.0,,,,
562.65780,1.0,0.0,1.0,0.0,1.0
562.65781,1.0,0.0,1.0,1.0,1.0
562.65782,1.0,0.0,1.0,1.0,1.0
562.65783,1.0,0.0,1.0,1.0,1.0
562.65784,1.0,0.0,1.0,0.0,1.0
562.65785,1.0,0.0,1.0,1.0,1.0
562.65786,1.0,1.0,1.0,1.0,1.0
562.65787,1.0,0.0,1.0,0.0,0.0
562.65788,1.0,0.0,1.0,0.0,1.0
562.65789,1.0,0.0,1.0,1.0,1.0
562.65790,1.0,0.0,1.0,1.0,1.0
562.65791,1.0,0.0,1.0,0.0,1.0
562.65793,1.0,1.0,1.0,1.0,
562.65794,1.0,1.0,1.0,1.0,
562.65795,1.0,1.0,1.0,1.0,
562.65796,1.0,1.0,1.0,1.0,
562.65797,1.0,1.0,1.0,,
562.65798,1.0,1.0,1.0,0.0,
562.65799,1.0,1.0,1.0,0.0,
562.65800,1.0,1.0,1.0,1.0,
562.65801,1.0,1.0,1.0,0.0,
562.65802,1.0,1.0,1.0,1.0,
562.65803,1.0,1.0,1.0,0.0,
562.65804,1.0,1.0,1.0,0.0,
562.65805,1.0,1.0,1.0,1.0,
562.65806,1.0,1.0,1.0,1.0,
562.65807,1.0,1.0,1.0,1.0,
562.65808,1.0,1.0,1.0,1.0,
562.65809,1.0,1.0,1.0,1.0,
562.65810,1.0,1.0,1.0,1.0,
562.65811,1.0,1.0,1.0,1.0,
562.65812,1.0,1.0,1.0,1.0,
562.65813,1.0,1.0,1.0,0.0,
562.65814,1.0,1.0,1.0,0.0,
562.65815,1.0,1.0,1.0,1.0,
562.65816,1.0,1.0,1.0,1.0,
562.65817,1.0,1.0,1.0,0.0,
562.65818,1.0,1.0,1.0,1.0,
562.65819,1.0,1.0,1.0,0.0,
562.65921,0.0,,,,
562.73346,0.0,0.0,0.0,,1.0
562.73347,0.0,0.0,0.0,,1.0
562.73348,0.0,0.0,,,1.0
562.73349,1.0,1.0,1.0,,1.0
562.73350,0.0,0.0,0.0,,1.0
562.73351,0.0,0.0,0.0,,1.0
562.73352,0.0,0.0,0.0,,1.0
562.73353,1.0,1.0,1.0,,1.0
562.73354,0.0,0.0,0.0,,1.0
562.73355,0.0,0.0,1.0,,1.0
562.73356,1.0,1.0,1.0,,1.0
562.73357,0.0,0.0,0.0,,1.0
562.73358,0.0,0.0,0.0,,1.0
562.73359,1.0,0.0,1.0,,1.0
562.73360,1.0,1.0,1.0,,1.0
562.73363,1.0,1.0,1.0,,1.0
562.73364,0.0,0.0,,,1.0
562.73365,1.0,1.0,1.0,,1.0
562.73366,1.0,1.0,1.0,,1.0
562.73367,0.0,0.0,,,1.0
562.73368,1.0,1.0,1.0,,1.0
562.73369,1.0,0.0,1.0,,1.0
562.73370,1.0,1.0,1.0,,1.0
562.73372,1.0,1.0,1.0,,1.0
562.73373,1.0,,1.0,,1.0
562.73374,1.0,1.0,1.0,,1.0
562.73376,1.0,1.0,1.0,,1.0
562.73377,1.0,1.0,1.0,,1.0
562.73378,1.0,1.0,1.0,,1.0
562.73379,1.0,1.0,1.0,,1.0
562.73380,0.0,0.0,1.0,,1.0
562.73381,1.0,,1.0,,1.0
562.73382,1.0,1.0,1.0,,1.0
562.73383,0.0,0.0,1.0,,1.0
562.73385,1.0,1.0,1.0,,1.0
562.73386,1.0,1.0,1.0,,1.0
562.73387,1.0,1.0,1.0,,1.0
562.73390,1.0,1.0,1.0,,1.0
562.73392,0.0,0.0,1.0,,0.0
562.73393,0.0,0.0,0.0,,1.0
562.73396,0.0,0.0,,,1.0
562.73397,1.0,0.0,1.0,,1.0
562.73398,1.0,1.0,1.0,,1.0
562.7565,1.0,,0.0,0.0,1.0
562.7566,1.0,,0.0,0.0,1.0
562.7567,1.0,,0.0,0.0,1.0
562.7568,0.0,,0.0,0.0,0.0
562.7569,1.0,,0.0,0.0,1.0
562.7570,1.0,,0.0,0.0,0.0
562.7571,1.0,,0.0,0.0,1.0
562.7572,1.0,,1.0,0.0,0.0
562.7573,1.0,,1.0,1.0,1.0
562.7575,1.0,,0.0,0.0,1.0
562.7576,1.0,,0.0,0.0,1.0
562.7577,1.0,,0.0,0.0,1.0
562.7578,1.0,,0.0,0.0,0.0
562.7579,0.0,,0.0,0.0,0.0
562.7580,0.0,,0.0,0.0,0.0
562.7581,1.0,,0.0,0.0,1.0
562.7582,1.0,,0.0,0.0,1.0
562.7583,1.0,,0.0,0.0,1.0
562.7584,1.0,,0.0,0.0,1.0
562.7617,1.0,,0.0,0.0,1.0
562.7618,0.0,,0.0,0.0,0.0
562.7619,0.0,,0.0,0.0,0.0
562.7621,1.0,,0.0,0.0,1.0
562.7623,0.0,,0.0,0.0,0.0
562.7624,1.0,,0.0,0.0,1.0
562.7625,1.0,,0.0,0.0,1.0
562.7626,1.0,,0.0,0.0,1.0
562.7627,0.0,,0.0,0.0,1.0
562.7628,1.0,,0.0,0.0,1.0
562.7629,0.0,,0.0,0.0,0.0
562.7631,0.0,,0.0,0.0,0.0
562.7632,1.0,,0.0,0.0,1.0
562.7633,1.0,,0.0,0.0,1.0
562.7634,1.0,,0.0,0.0,1.0
562.7635,0.0,,0.0,0.0,1.0
562.7636,0.0,,0.0,0.0,0.0
562.7637,1.0,,0.0,0.0,1.0
562.7638,1.0,,0.0,0.0,0.0
562.7639,1.0,,0.0,0.0,0.0
562.7640,1.0,,0.0,0.0,0.0
562.7642,1.0,,0.0,0.0,0.0
562.7643,1.0,,0.0,0.0,1.0
562.7644,1.0,,0.0,0.0,1.0
562.7645,1.0,,0.0,0.0,1.0
562.7646,0.0,,0.0,0.0,0.0
562.7647,1.0,,0.0,0.0,0.0
562.7648,1.0,,0.0,0.0,1.0
562.7649,1.0,,0.0,0.0,1.0
562.7650,0.0,,0.0,0.0,0.0
562.7652,1.0,,0.0,0.0,0.0
562.7653,1.0,,0.0,0.0,1.0
562.7654,1.0,,0.0,0.0,1.0
562.7655,1.0,,0.0,0.0,1.0
562.7656,1.0,,0.0,0.0,0.0
562.7657,1.0,,0.0,0.0,1.0
562.7658,0.0,,0.0,0.0,0.0
562.7659,0.0,,0.0,0.0,0.0
562.7660,1.0,,1.0,1.0,0.0
562.7661,1.0,,0.0,0.0,1.0
562.7662,1.0,,0.0,0.0,1.0
562.7663,1.0,,0.0,0.0,1.0
562.7664,1.0,,0.0,0.0,1.0
562.7665,1.0,,0.0,0.0,1.0
562.7666,1.0,,0.0,0.0,1.0
562.7667,1.0,,0.0,0.0,1.0
562.7668,1.0,,0.0,0.0,1.0
562.7669,1.0,,0.0,0.0,0.0
562.7670,1.0,,0.0,0.0,1.0
562.7671,1.0,,0.0,0.0,1.0
562.7672,0.0,,0.0,0.0,1.0
562.7673,1.0,,0.0,0.0,1.0
562.7674,1.0,,0.0,0.0,1.0
562.7677,0.0,,0.0,0.0,0.0
562.7678,1.0,,0.0,0.0,1.0
562.7679,1.0,,0.0,0.0,1.0
562.7680,1.0,,0.0,0.0,0.0
562.7681,0.0,,0.0,0.0,1.0
562.7682,0.0,,0.0,0.0,1.0
562.7683,0.0,,0.0,0.0,1.0
562.7684,0.0,,0.0,0.0,0.0
562.7685,0.0,,0.0,0.0,1.0
562.7686,1.0,,0.0,0.0,1.0
562.7687,0.0,,0.0,0.0,0.0
562.7688,1.0,,0.0,0.0,1.0
562.7689,1.0,,0.0,0.0,1.0
562.7690,0.0,,0.0,0.0,0.0
562.7691,1.0,,0.0,0.0,1.0
562.7693,0.0,,1.0,0.0,1.0
562.7694,1.0,,0.0,0.0,1.0
562.7695,1.0,,0.0,0.0,0.0
562.7696,1.0,,0.0,0.0,1.0
562.7697,1.0,,0.0,0.0,1.0
562.7698,1.0,,0.0,0.0,0.0
562.7699,1.0,,1.0,,1.0
562.7700,1.0,,0.0,0.0,1.0
562.7701,1.0,,0.0,0.0,1.0
562.7702,0.0,,0.0,0.0,0.0
562.7703,1.0,,1.0,1.0,1.0
562.7704,1.0,,0.0,0.0,1.0
562.7705,0.0,,0.0,0.0,1.0
562.7706,0.0,,0.0,0.0,0.0
562.7707,1.0,,0.0,0.0,1.0
562.7708,0.0,,0.0,0.0,0.0
562.7709,0.0,,0.0,0.0,0.0
562.7710,1.0,,0.0,0.0,1.0
562.7712,1.0,,0.0,0.0,1.0
562.7713,0.0,,0.0,0.0,0.0
562.7714,1.0,,0.0,0.0,1.0
562.7717,1.0,,0.0,0.0,1.0
562.7718,0.0,,0.0,0.0,0.0
562.7719,0.0,,0.0,0.0,0.0
562.7720,1.0,,0.0,0.0,1.0
562.7721,1.0,,0.0,0.0,1.0
562.7722,0.0,,0.0,0.0,1.0
562.7723,1.0,,0.0,0.0,1.0
562.7724,0.0,,0.0,0.0,1.0
562.7725,1.0,,0.0,0.0,1.0
562.7726,1.0,,0.0,0.0,1.0
562.7727,1.0,,0.0,0.0,1.0
562.7728,0.0,,0.0,0.0,0.0
562.7729,0.0,,0.0,0.0,0.0
562.7730,1.0,,0.0,0.0,1.0
562.7731,1.0,,0.0,0.0,1.0
562.7732,0.0,,0.0,0.0,0.0
562.7733,1.0,,0.0,0.0,1.0
562.7734,0.0,,0.0,0.0,1.0
562.7735,1.0,,0.0,0.0,1.0
562.7737,1.0,,0.0,0.0,1.0
562.7738,0.0,,0.0,0.0,0.0
562.7739,1.0,,0.0,0.0,1.0
562.7740,1.0,,0.0,0.0,1.0
562.7741,1.0,,0.0,0.0,0.0
562.7742,0.0,,0.0,0.0,0.0
562.7743,1.0,,0.0,0.0,1.0
562.7744,1.0,,0.0,0.0,1.0
562.7745,1.0,,0.0,0.0,1.0
562.7746,1.0,,0.0,0.0,1.0
562.7747,1.0,,0.0,0.0,0.0
562.7749,0.0,,0.0,0.0,1.0
562.7750,1.0,,0.0,0.0,1.0
562.7752,1.0,,0.0,0.0,1.0
562.7753,1.0,,0.0,0.0,1.0
562.7754,0.0,,0.0,0.0,1.0
562.7755,1.0,,0.0,0.0,0.0
562.7757,1.0,,0.0,0.0,1.0
562.7758,0.0,,0.0,0.0,1.0
562.7759,0.0,,0.0,0.0,0.0
562.7760,1.0,,0.0,0.0,1.0
562.7761,0.0,,0.0,0.0,0.0
562.7762,0.0,,0.0,0.0,0.0
562.7763,0.0,,0.0,0.0,1.0
562.7765,0.0,,0.0,0.0,0.0
562.7766,0.0,,0.0,0.0,0.0
562.7767,1.0,,0.0,0.0,1.0
562.7769,1.0,,0.0,0.0,1.0
562.7770,1.0,,0.0,0.0,1.0
562.7771,1.0,,1.0,1.0,0.0
562.7772,0.0,,0.0,0.0,0.0
562.7774,0.0,,0.0,0.0,1.0
562.7775,1.0,,1.0,0.0,1.0
562.7776,1.0,,0.0,0.0,1.0
562.7777,1.0,,0.0,0.0,1.0
562.7778,1.0,,0.0,0.0,1.0
562.7779,0.0,,0.0,0.0,1.0
562.7780,0.0,,0.0,0.0,1.0
562.7781,0.0,,0.0,0.0,0.0
562.7782,1.0,,0.0,0.0,1.0
562.7783,0.0,,0.0,0.0,0.0
562.7784,1.0,,0.0,0.0,1.0
562.7785,0.0,,0.0,0.0,0.0
562.7786,0.0,,0.0,0.0,1.0
562.7788,0.0,,0.0,0.0,0.0
562.7789,0.0,,0.0,0.0,0.0
562.7790,1.0,,0.0,0.0,1.0
562.7791,1.0,,0.0,0.0,1.0
562.7792,1.0,,0.0,0.0,1.0
562.7793,0.0,,0.0,0.0,0.0
562.7794,1.0,,0.0,0.0,
562.96418,,1.0,1.0,0.0,
562.96419,,1.0,1.0,0.0,
562.96423,,1.0,1.0,0.0,
562.96424,,1.0,1.0,0.0,
562.96425,,1.0,1.0,0.0,
562.96426,,0.0,,0.0,
562.96427,,1.0,1.0,0.0,
562.96428,,1.0,1.0,0.0,
562.96429,,1.0,1.0,0.0,
562.96430,,0.0,0.0,0.0,
562.96431,,0.0,0.0,0.0,
562.96432,,1.0,1.0,0.0,
562.96433,,1.0,1.0,0.0,
562.96434,,0.0,0.0,0.0,
562.96435,,0.0,0.0,0.0,
562.96436,,0.0,,0.0,
562.96437,,0.0,,0.0,
562.96438,,0.0,0.0,0.0,
562.96439,,0.0,0.0,0.0,
562.96440,,0.0,,0.0,
562.96441,,1.0,1.0,1.0,
562.96442,,1.0,1.0,1.0,
562.96443,,1.0,1.0,1.0,
562.96444,,1.0,1.0,1.0,
562.96445,,1.0,1.0,1.0,
562.96446,,1.0,1.0,1.0,
562.96447,,0.0,0.0,1.0,
562.96448,,0.0,0.0,1.0,
562.96449,,0.0,0.0,0.0,
562.96450,,0.0,0.0,0.0,
562.96451,,0.0,0.0,0.0,
562.96452,,0.0,0.0,0.0,
562.96453,,1.0,1.0,1.0,
562.96454,,1.0,1.0,1.0,
562.96455,,0.0,0.0,1.0,
562.96456,,0.0,0.0,1.0,
562.96457,,1.0,1.0,1.0,
562.96458,,0.0,0.0,1.0,
562.96459,,1.0,1.0,1.0,
562.96460,,0.0,1.0,0.0,
562.96461,,0.0,0.0,1.0,
562.96462,,0.0,1.0,0.0,
562.96463,,0.0,0.0,1.0,
562.96464,,0.0,1.0,0.0,
562.96465,,0.0,0.0,0.0,
562.96466,,0.0,0.0,0.0,
562.96467,,0.0,0.0,0.0,
562.96468,,0.0,0.0,0.0,
562.96469,,0.0,0.0,0.0,
562.96470,,0.0,0.0,0.0,
562.96471,,0.0,0.0,0.0,
562.96472,,0.0,0.0,1.0,
562.96473,,0.0,0.0,0.0,
562.96474,,0.0,0.0,1.0,
562.96475,,0.0,0.0,1.0,
562.96476,,0.0,0.0,1.0,
562.96477,,0.0,0.0,0.0,
562.96478,,0.0,0.0,1.0,
562.96479,,0.0,0.0,0.0,
562.96480,,1.0,1.0,0.0,
562.96481,,0.0,0.0,1.0,
562.96482,,0.0,0.0,1.0,
562.96483,,0.0,0.0,0.0,
562.96484,,1.0,1.0,0.0,
562.96485,,1.0,1.0,0.0,
562.96486,,0.0,0.0,1.0,
562.96487,,1.0,1.0,0.0,
562.96488,,1.0,1.0,0.0,
562.96489,,1.0,1.0,0.0,
562.96490,,1.0,1.0,0.0,
562.96491,,1.0,1.0,0.0,
562.96492,,1.0,1.0,0.0,
562.96493,,1.0,1.0,0.0,
562.96494,,1.0,1.0,0.0,
562.96495,,1.0,1.0,0.0,
562.96496,,1.0,1.0,0.0,
562.96497,,0.0,0.0,0.0,
562.96498,,0.0,0.0,0.0,
562.96499,,0.0,0.0,0.0,
562.96500,,0.0,0.0,0.0,
562.96501,,0.0,0.0,0.0,
562.96502,,0.0,0.0,0.0,
562.96503,,0.0,0.0,0.0,
562.96504,,0.0,0.0,0.0,
562.96505,,0.0,0.0,0.0,
562.96506,,0.0,0.0,0.0,
562.96507,,0.0,0.0,0.0,
562.96508,,1.0,1.0,0.0,
562.96509,,1.0,1.0,0.0,
562.96510,,1.0,1.0,0.0,
562.96511,,1.0,1.0,0.0,
562.96512,,0.0,1.0,0.0,
562.96513,,0.0,1.0,0.0,
562.96514,,0.0,1.0,0.0,
562.96515,,1.0,1.0,0.0,
562.96516,,1.0,1.0,0.0,
562.96517,,0.0,1.0,0.0,
562.96518,,1.0,1.0,0.0,
562.96519,,1.0,1.0,0.0,
562.96520,,1.0,1.0,0.0,
562.96521,,0.0,1.0,0.0,
562.96522,,1.0,1.0,0.0,
562.96523,,0.0,0.0,0.0,
562.96524,,0.0,0.0,0.0,
562.96525,,0.0,0.0,0.0,
562.96526,,0.0,0.0,0.0,
562.96527,,0.0,1.0,0.0,
562.96528,,0.0,0.0,0.0,
562.96529,,0.0,1.0,0.0,
562.96530,,0.0,0.0,0.0,
562.96531,,0.0,0.0,0.0,
562.96532,,0.0,0.0,0.0,
562.96533,,0.0,1.0,0.0,
562.96534,,0.0,0.0,0.0,
562.96535,,0.0,0.0,0.0,
562.96536,,0.0,0.0,0.0,
562.96537,,0.0,0.0,0.0,
562.96538,,0.0,0.0,0.0,
562.96539,,0.0,1.0,0.0,
562.96540,,0.0,1.0,0.0,
562.96541,,0.0,0.0,0.0,
562.96542,,0.0,0.0,0.0,
562.96543,,0.0,0.0,0.0,
562.96544,,0.0,1.0,0.0,
562.96545,,0.0,1.0,0.0,
562.96546,,0.0,1.0,0.0,
562.96547,,0.0,1.0,0.0,
562.96548,,0.0,0.0,0.0,
562.96549,,0.0,1.0,0.0,
562.96550,,0.0,0.0,0.0,
562.96551,,1.0,1.0,0.0,
562.96552,,1.0,1.0,0.0,
562.96553,,1.0,1.0,0.0,
562.96554,,1.0,1.0,0.0,
562.96555,,1.0,1.0,0.0,
562.96556,,1.0,1.0,0.0,
562.96557,,1.0,1.0,0.0,
562.96558,,1.0,1.0,0.0,
562.96559,,1.0,1.0,0.0,
562.96560,,1.0,1.0,0.0,
562.96561,,1.0,1.0,0.0,
562.96562,,1.0,1.0,0.0,
562.96563,,0.0,0.0,0.0,
562.96564,,0.0,0.0,0.0,
562.96565,,0.0,0.0,0.0,
562.96566,,0.0,0.0,0.0,
562.96567,,0.0,0.0,0.0,
562.96568,,0.0,0.0,0.0,
562.96569,,0.0,0.0,0.0,
562.96570,,0.0,0.0,0.0,
562.96571,,0.0,0.0,0.0,
562.96572,,0.0,0.0,0.0,
562.96573,,0.0,0.0,0.0,
562.96574,,0.0,0.0,0.0,
562.96575,,0.0,0.0,0.0,
562.96576,,0.0,0.0,0.0,
562.96577,,0.0,0.0,0.0,
562.96578,,0.0,0.0,0.0,
562.96579,,0.0,0.0,0.0,
562.96580,,0.0,0.0,0.0,
562.96581,,0.0,0.0,0.0,
562.96582,,0.0,0.0,0.0,
562.96583,,0.0,0.0,,
562.96584,,0.0,0.0,0.0,
562.96585,,0.0,0.0,0.0,
562.96586,,0.0,0.0,0.0,
562.96587,,0.0,0.0,0.0,
562.96588,,0.0,0.0,0.0,
562.96589,,0.0,0.0,0.0,
562.96590,,0.0,1.0,0.0,
562.96591,,0.0,0.0,0.0,
562.96592,,0.0,1.0,0.0,
562.96593,,0.0,0.0,0.0,
562.96594,,0.0,1.0,0.0,
562.96595,,0.0,0.0,0.0,
562.96596,,0.0,1.0,0.0,
562.96597,,0.0,1.0,0.0,
562.96598,,0.0,1.0,0.0,
562.96599,,0.0,0.0,0.0,
562.96600,,0.0,1.0,0.0,
562.96601,,0.0,0.0,0.0,
562.96602,,0.0,1.0,0.0,
562.96603,,0.0,1.0,0.0,
562.96604,,0.0,1.0,0.0,
562.96605,,0.0,0.0,0.0,
562.96606,,0.0,0.0,0.0,
562.96607,,0.0,1.0,0.0,
562.96608,,0.0,0.0,0.0,
562.96609,,0.0,0.0,0.0,
562.96610,,0.0,0.0,0.0,
562.96611,,0.0,0.0,0.0,
562.96612,,0.0,1.0,0.0,
562.96613,,0.0,1.0,0.0,
562.96614,,0.0,1.0,0.0,
562.96615,,0.0,1.0,0.0,
562.96616,,0.0,1.0,0.0,
562.96617,,0.0,1.0,0.0,
562.96618,,0.0,1.0,0.0,
562.96619,,0.0,1.0,0.0,
562.96620,,0.0,1.0,0.0,
562.96621,,0.0,1.0,0.0,
562.96622,,0.0,0.0,0.0,
562.96623,,0.0,0.0,0.0,
562.96624,,0.0,1.0,0.0,
562.96625,,0.0,0.0,0.0,
562.96626,,0.0,0.0,0.0,
562.96627,,0.0,0.0,0.0,
562.96628,,0.0,1.0,0.0,
562.96629,,0.0,0.0,0.0,
562.96630,,0.0,1.0,0.0,
562.96631,,0.0,1.0,0.0,
562.96632,,0.0,1.0,0.0,
562.96633,,0.0,1.0,0.0,
562.96634,,0.0,1.0,0.0,
562.96635,,0.0,0.0,0.0,
562.96636,,0.0,0.0,0.0,
562.96637,,0.0,0.0,0.0,
562.96638,,0.0,1.0,0.0,
562.96639,,0.0,1.0,0.0,
562.96640,,0.0,0.0,0.0,
562.96641,,0.0,0.0,0.0,
562.96642,,0.0,0.0,0.0,
562.96643,,0.0,0.0,0.0,
562.96644,,0.0,1.0,0.0,
562.96645,,0.0,1.0,0.0,
562.96646,,0.0,0.0,0.0,
562.96647,,0.0,1.0,0.0,
562.96648,,0.0,1.0,0.0,
562.96649,,0.0,0.0,0.0,
562.96650,,0.0,0.0,0.0,
562.96651,,0.0,0.0,0.0,
562.96652,,0.0,0.0,0.0,
562.96653,,0.0,0.0,0.0,
562.96654,,0.0,1.0,0.0,
562.96655,,0.0,1.0,0.0,
562.96656,,0.0,1.0,0.0,
562.96657,,1.0,1.0,1.0,
562.96658,,1.0,1.0,1.0,
562.96659,,0.0,1.0,0.0,
562.96660,,1.0,1.0,1.0,
562.96661,,0.0,1.0,0.0,
562.96662,,1.0,1.0,1.0,
562.96663,,1.0,1.0,1.0,
562.96664,,1.0,1.0,1.0,
562.96665,,0.0,1.0,0.0,
562.96666,,1.0,1.0,0.0,
562.96667,,0.0,0.0,0.0,
562.96668,,0.0,0.0,0.0,
562.96669,,0.0,0.0,0.0,
562.96670,,1.0,1.0,1.0,
562.96671,,1.0,1.0,1.0,
562.96672,,0.0,1.0,0.0,
562.96673,,1.0,1.0,1.0,
562.96674,,0.0,1.0,0.0,
562.96675,,0.0,0.0,0.0,
562.96676,,0.0,0.0,0.0,
562.96677,,0.0,1.0,0.0,
562.96678,,0.0,1.0,0.0,
562.96679,,0.0,1.0,0.0,
562.96680,,1.0,0.0,0.0,
562.96681,,1.0,0.0,0.0,
562.96682,,1.0,0.0,0.0,
562.96683,,1.0,0.0,0.0,
562.96684,,1.0,0.0,0.0,
562.96685,,1.0,0.0,0.0,
562.96686,,1.0,0.0,0.0,
562.96687,,1.0,0.0,0.0,
562.96688,,1.0,0.0,0.0,
562.96689,,1.0,0.0,0.0,
562.96690,,1.0,0.0,0.0,
562.96691,,1.0,0.0,0.0,
562.96692,,1.0,0.0,0.0,
562.96693,,1.0,0.0,0.0,
562.96694,,1.0,0.0,0.0,
562.96695,,1.0,1.0,1.0,
562.96696,,1.0,1.0,1.0,
562.96697,,0.0,0.0,0.0,
562.96698,,0.0,0.0,0.0,
562.96699,,1.0,1.0,1.0,
562.96700,,1.0,1.0,1.0,
562.96701,,1.0,1.0,1.0,
562.96702,,0.0,0.0,0.0,
562.96703,,1.0,1.0,1.0,
562.96704,,0.0,0.0,0.0,
562.96705,,1.0,1.0,1.0,
562.96706,,1.0,1.0,1.0,
562.96707,,1.0,1.0,1.0,
562.96708,,1.0,1.0,1.0,
562.96709,,1.0,1.0,1.0,
562.96710,,1.0,1.0,1.0,
562.96711,,1.0,1.0,1.0,
562.96712,,1.0,1.0,1.0,
562.96713,,1.0,1.0,1.0,
562.96714,,0.0,0.0,0.0,
562.96715,,0.0,0.0,0.0,
562.96716,,0.0,0.0,0.0,
562.96717,,0.0,0.0,0.0,
562.96718,,0.0,0.0,0.0,
562.96719,,0.0,0.0,0.0,
562.96720,,0.0,0.0,0.0,
562.96721,,0.0,0.0,0.0,
562.96722,,0.0,0.0,0.0,
562.96723,,0.0,0.0,0.0,
562.96724,,0.0,0.0,0.0,
562.96725,,0.0,1.0,0.0,
562.96726,,0.0,1.0,0.0,
562.96727,,0.0,1.0,0.0,
562.96728,,0.0,1.0,0.0,
562.96729,,0.0,1.0,0.0,
562.96730,,0.0,0.0,0.0,
562.96731,,0.0,0.0,0.0,
562.96732,,0.0,0.0,0.0,
562.96733,,0.0,0.0,0.0,
562.96734,,0.0,1.0,0.0,
562.96735,,0.0,1.0,0.0,
562.96736,,0.0,0.0,0.0,
562.96737,,0.0,1.0,0.0,
562.96738,,0.0,1.0,0.0,
562.96739,,0.0,1.0,0.0,
562.96740,,0.0,1.0,0.0,
562.96741,,0.0,1.0,0.0,
562.96742,,0.0,0.0,0.0,
562.96743,,0.0,1.0,0.0,
562.96744,,0.0,1.0,0.0,
562.96745,,0.0,1.0,0.0,
562.96746,,0.0,,0.0,
562.96747,,0.0,,0.0,
562.96748,,0.0,0.0,0.0,
562.96749,,0.0,0.0,0.0,
562.96750,,0.0,,0.0,
562.96751,,1.0,0.0,1.0,
562.96752,,0.0,0.0,0.0,
562.96753,,0.0,,0.0,
562.96754,,1.0,0.0,1.0,
562.96755,,1.0,0.0,0.0,
562.96756,,1.0,0.0,0.0,
562.96757,,0.0,0.0,0.0,
562.96758,,0.0,1.0,1.0,
562.96759,,0.0,1.0,1.0,
562.96760,,0.0,1.0,1.0,
562.96761,,1.0,0.0,0.0,
562.96762,,1.0,0.0,0.0,
562.96763,,0.0,0.0,0.0,
562.96764,,1.0,0.0,0.0,
562.96765,,0.0,1.0,1.0,
562.96766,,0.0,0.0,0.0,
562.96767,,0.0,1.0,1.0,
562.96768,,1.0,0.0,0.0,
562.96769,,1.0,0.0,0.0,
562.96770,,1.0,0.0,0.0,
562.96771,,1.0,0.0,1.0,
562.96772,,1.0,0.0,0.0,
562.96773,,0.0,0.0,0.0,
562.96774,,0.0,0.0,0.0,
562.96775,,0.0,0.0,0.0,
562.96776,,0.0,0.0,0.0,
562.96777,,0.0,0.0,0.0,
562.96778,,0.0,0.0,0.0,
562.96779,,0.0,0.0,0.0,
562.96780,,1.0,1.0,0.0,
562.96781,,1.0,1.0,0.0,
562.96782,,0.0,1.0,0.0,
562.96783,,1.0,1.0,0.0,
562.96784,,1.0,1.0,0.0,
562.96785,,1.0,1.0,0.0,
562.96786,,1.0,1.0,0.0,
562.96787,,1.0,1.0,0.0,
562.96788,,1.0,1.0,0.0,
562.96789,,1.0,1.0,0.0,
562.96790,,1.0,1.0,0.0,
562.96791,,1.0,1.0,0.0,
562.96792,,1.0,1.0,0.0,
562.96793,,0.0,0.0,0.0,
562.96794,,0.0,0.0,0.0,
562.96795,,1.0,1.0,0.0,
562.96796,,1.0,1.0,0.0,
562.96797,,0.0,0.0,0.0,
562.96798,,0.0,0.0,0.0,
562.96799,,0.0,0.0,0.0,
562.96800,,0.0,0.0,0.0,
562.96801,,0.0,0.0,0.0,
562.96802,,0.0,0.0,0.0,
562.96803,,0.0,0.0,0.0,
562.96804,,0.0,0.0,0.0,
562.96805,,0.0,0.0,0.0,
562.96806,,0.0,0.0,0.0,
562.96807,,0.0,0.0,0.0,
562.96808,,0.0,0.0,0.0,
562.96809,,0.0,0.0,0.0,
562.96810,,0.0,0.0,0.0,
562.96811,,0.0,0.0,0.0,
562.96812,,0.0,0.0,0.0,
562.96813,,0.0,,0.0,
562.96814,,0.0,0.0,0.0,
562.96815,,0.0,0.0,0.0,
562.96816,,0.0,0.0,0.0,
562.96817,,0.0,0.0,0.0,
562.96818,,0.0,0.0,0.0,
562.96819,,0.0,0.0,0.0,
562.96820,,0.0,0.0,0.0,
562.96821,,0.0,0.0,0.0,
562.96822,,0.0,0.0,0.0,
562.96823,,0.0,0.0,0.0,
562.96824,,0.0,0.0,0.0,
562.96825,,0.0,0.0,0.0,
562.96826,,0.0,0.0,0.0,
562.96827,,0.0,0.0,0.0,
562.96828,,0.0,0.0,0.0,
562.96829,,0.0,0.0,0.0,
562.96830,,0.0,0.0,0.0,
562.96831,,0.0,0.0,0.0,
562.96832,,0.0,1.0,0.0,
562.96833,,0.0,1.0,0.0,
562.96834,,0.0,1.0,0.0,
562.96835,,0.0,1.0,0.0,
562.96836,,0.0,1.0,0.0,
562.96837,,0.0,0.0,0.0,
562.96838,,0.0,0.0,0.0,
562.96839,,0.0,0.0,0.0,
562.96840,,0.0,0.0,0.0,
562.96841,,0.0,0.0,0.0,
562.96842,,0.0,0.0,0.0,
562.96843,,0.0,0.0,0.0,
562.96844,,0.0,0.0,0.0,
562.96845,,0.0,0.0,0.0,
562.96846,,0.0,0.0,0.0,
562.96847,,1.0,1.0,0.0,
562.96848,,0.0,0.0,0.0,
562.96849,,0.0,0.0,0.0,
562.96850,,0.0,0.0,0.0,
562.96851,,1.0,1.0,0.0,
562.96852,,1.0,1.0,0.0,
562.96853,,1.0,1.0,0.0,
562.96854,,1.0,1.0,0.0,
562.96855,,1.0,1.0,0.0,
562.96856,,1.0,1.0,0.0,
562.96857,,1.0,1.0,0.0,
562.96858,,0.0,0.0,0.0,
562.96859,,0.0,0.0,0.0,
562.96860,,1.0,1.0,0.0,
562.96861,,0.0,0.0,0.0,
562.96862,,1.0,1.0,0.0,
562.96863,,0.0,0.0,0.0,
562.96864,,0.0,0.0,0.0,
562.96865,,0.0,0.0,0.0,
562.96866,,0.0,0.0,0.0,
562.96867,,0.0,0.0,0.0,
562.96868,,0.0,0.0,0.0,
562.96869,,0.0,0.0,0.0,
562.96870,,0.0,0.0,0.0,
562.96871,,1.0,0.0,0.0,
562.96872,,1.0,0.0,0.0,
562.96873,,0.0,0.0,0.0,
562.96874,,1.0,0.0,0.0,
562.96875,,1.0,0.0,0.0,
562.96876,,0.0,0.0,0.0,
562.96877,,0.0,0.0,0.0,
562.96878,,1.0,0.0,0.0,
562.96879,,0.0,0.0,0.0,
562.96880,,1.0,0.0,0.0,
562.96881,,1.0,0.0,0.0,
562.96882,,1.0,0.0,0.0,
562.96883,,0.0,0.0,0.0,
562.96884,,1.0,0.0,0.0,
562.96885,,1.0,0.0,0.0,
562.96886,,0.0,0.0,0.0,
562.96887,,0.0,0.0,0.0,
562.96888,,0.0,0.0,0.0,
562.96889,,1.0,0.0,0.0,
562.96890,,0.0,0.0,0.0,
562.96891,,0.0,0.0,0.0,
562.96892,,0.0,0.0,0.0,
562.96893,,0.0,0.0,0.0,
562.96894,,1.0,1.0,0.0,
562.96895,,1.0,1.0,0.0,
562.96896,,0.0,0.0,0.0,
562.96897,,1.0,1.0,0.0,
562.96898,,1.0,1.0,0.0,
562.96899,,1.0,1.0,0.0,
562.96900,,1.0,1.0,0.0,
562.96901,,1.0,1.0,0.0,
562.96902,,1.0,1.0,0.0,
562.96903,,1.0,1.0,0.0,
562.96904,,1.0,1.0,0.0,
562.96905,,1.0,1.0,0.0,
562.96906,,1.0,1.0,0.0,
562.96907,,1.0,1.0,0.0,
562.96908,,1.0,1.0,0.0,
562.96909,,1.0,1.0,0.0,
562.96910,,0.0,0.0,0.0,
562.96911,,0.0,0.0,0.0,
562.96912,,0.0,0.0,0.0,
562.96913,,0.0,0.0,0.0,
562.96914,,0.0,0.0,0.0,
562.96915,,0.0,0.0,0.0,
562.96916,,0.0,0.0,0.0,
562.96917,,0.0,0.0,0.0,
562.96918,,0.0,0.0,0.0,
562.96919,,0.0,0.0,0.0,
562.96920,,0.0,0.0,0.0,
562.96921,,0.0,0.0,0.0,
562.96922,,0.0,0.0,0.0,
562.96923,,0.0,0.0,0.0,
562.96924,,0.0,0.0,0.0,
562.96925,,1.0,1.0,0.0,
562.96926,,0.0,0.0,0.0,
562.96927,,0.0,0.0,0.0,
562.96928,,0.0,0.0,0.0,
562.96929,,0.0,0.0,0.0,
562.96930,,0.0,0.0,0.0,
562.96931,,1.0,1.0,1.0,
562.96932,,1.0,1.0,1.0,
562.96933,,1.0,1.0,1.0,
562.96934,,1.0,1.0,1.0,
562.96935,,1.0,1.0,1.0,
562.96936,,1.0,1.0,0.0,
562.96937,,1.0,1.0,1.0,
562.96938,,1.0,1.0,0.0,
562.96939,,1.0,1.0,0.0,
562.96940,,1.0,1.0,1.0,
562.96941,,1.0,0.0,0.0,
562.96942,,1.0,0.0,0.0,
562.96943,,1.0,0.0,0.0,
562.96944,,1.0,0.0,0.0,
562.96945,,1.0,0.0,0.0,
562.96946,,1.0,0.0,0.0,
562.96947,,1.0,0.0,0.0,
562.96948,,1.0,0.0,0.0,
562.96949,,1.0,1.0,1.0,
562.96950,,1.0,0.0,0.0,
562.96951,,1.0,0.0,0.0,
562.96952,,1.0,1.0,1.0,
562.96953,,1.0,1.0,1.0,
562.96954,,1.0,0.0,0.0,
562.96955,,1.0,0.0,0.0,
562.96956,,1.0,0.0,0.0,
562.96957,,1.0,1.0,1.0,
562.96958,,1.0,1.0,1.0,
562.96959,,0.0,1.0,0.0,
562.96960,,0.0,1.0,0.0,
562.96961,,0.0,1.0,0.0,
562.96962,,0.0,0.0,0.0,
562.96963,,0.0,0.0,0.0,
562.96964,,0.0,0.0,0.0,
562.96965,,1.0,1.0,1.0,
562.96966,,0.0,0.0,0.0,
562.96967,,0.0,0.0,0.0,
562.96968,,0.0,0.0,0.0,
562.96969,,0.0,0.0,0.0,
562.96970,,1.0,1.0,1.0,
562.96971,,1.0,1.0,1.0,
562.96972,,0.0,0.0,0.0,
562.96973,,0.0,0.0,0.0,
562.96974,,1.0,1.0,1.0,
562.96975,,1.0,1.0,1.0,
562.96976,,0.0,1.0,0.0,
562.96977,,0.0,1.0,0.0,
562.96978,,1.0,1.0,1.0,
562.96979,,1.0,1.0,1.0,
562.96980,,1.0,1.0,1.0,
562.96981,,1.0,1.0,1.0,
562.96982,,0.0,1.0,1.0,
562.96983,,0.0,1.0,1.0,
562.96984,,0.0,1.0,1.0,
562.96985,,0.0,1.0,1.0,
562.96986,,0.0,1.0,1.0,
562.96987,,1.0,1.0,1.0,
562.96988,,1.0,1.0,1.0,
562.96989,,0.0,0.0,0.0,
562.96990,,1.0,1.0,1.0,
562.96991,,0.0,0.0,0.0,
562.96992,,1.0,1.0,1.0,
562.96993,,1.0,1.0,1.0,
562.96994,,1.0,1.0,1.0,
562.96995,,1.0,1.0,1.0,
562.96996,,1.0,1.0,1.0,
562.96997,,1.0,1.0,1.0,
562.96998,,1.0,1.0,1.0,
562.96999,,1.0,1.0,1.0,
562.97000,,1.0,1.0,1.0,
562.97001,,0.0,0.0,0.0,
562.97002,,0.0,0.0,0.0,
562.97003,,0.0,0.0,0.0,
562.97004,,1.0,1.0,1.0,
562.97005,,0.0,0.0,0.0,
562.97006,,0.0,0.0,0.0,
562.97007,,0.0,0.0,0.0,
562.97008,,0.0,0.0,0.0,
562.97009,,0.0,0.0,0.0,
562.97010,,0.0,0.0,0.0,
562.97011,,0.0,0.0,0.0,
562.97012,,0.0,0.0,0.0,
562.97013,,0.0,0.0,0.0,
562.97014,,0.0,0.0,0.0,
562.97015,,0.0,0.0,0.0,
562.97016,,0.0,0.0,0.0,
562.97017,,1.0,0.0,0.0,
562.97018,,1.0,0.0,0.0,
562.97019,,1.0,0.0,0.0,
562.97020,,1.0,0.0,0.0,
562.97021,,1.0,0.0,0.0,
562.97022,,1.0,0.0,0.0,
562.97023,,1.0,0.0,0.0,
562.97024,,0.0,0.0,0.0,
562.97025,,1.0,0.0,0.0,
562.97026,,0.0,0.0,0.0,
562.97027,,1.0,0.0,0.0,
562.97028,,1.0,0.0,0.0,
562.97029,,1.0,0.0,0.0,
562.97030,,1.0,0.0,0.0,
562.97031,,0.0,0.0,0.0,
562.97032,,1.0,0.0,0.0,
562.97033,,1.0,0.0,0.0,
562.97034,,0.0,0.0,0.0,
562.97035,,0.0,0.0,0.0,
562.97036,,0.0,0.0,0.0,
562.97037,,0.0,0.0,0.0,
562.97038,,0.0,0.0,0.0,
562.97039,,0.0,0.0,0.0,
562.97040,,0.0,0.0,0.0,
562.97041,,0.0,0.0,0.0,
562.97042,,0.0,0.0,0.0,
562.97043,,0.0,0.0,0.0,
562.97044,,0.0,0.0,0.0,
562.97045,,0.0,0.0,0.0,
562.97046,,0.0,0.0,0.0,
562.97047,,0.0,0.0,0.0,
562.97048,,0.0,0.0,0.0,
562.97049,,0.0,0.0,0.0,
562.97050,,0.0,0.0,0.0,
562.97051,,0.0,1.0,0.0,
562.97052,,0.0,1.0,0.0,
562.97053,,0.0,1.0,0.0,
562.97054,,0.0,1.0,0.0,
562.97055,,0.0,0.0,0.0,
562.97056,,0.0,0.0,0.0,
562.97057,,0.0,1.0,0.0,
562.97058,,0.0,1.0,0.0,
562.97059,,0.0,1.0,0.0,
562.97060,,0.0,1.0,0.0,
562.97061,,1.0,1.0,1.0,
562.97062,,1.0,1.0,1.0,
562.97063,,0.0,0.0,0.0,
562.97064,,0.0,0.0,0.0,
562.97065,,0.0,1.0,0.0,
562.97066,,0.0,0.0,0.0,
562.97067,,0.0,1.0,0.0,
562.97068,,1.0,1.0,1.0,
562.97069,,1.0,1.0,1.0,
562.97070,,1.0,1.0,1.0,
562.97071,,1.0,1.0,1.0,
562.97072,,1.0,1.0,1.0,
562.97073,,0.0,1.0,0.0,
562.97074,,1.0,1.0,1.0,
562.97075,,1.0,1.0,1.0,
562.97076,,1.0,1.0,1.0,
562.97077,,0.0,1.0,0.0,
562.97078,,0.0,1.0,0.0,
562.97079,,0.0,1.0,0.0,
562.97080,,0.0,0.0,0.0,
562.97081,,0.0,0.0,0.0,
562.97082,,0.0,0.0,0.0,
562.97083,,0.0,0.0,0.0,
562.97084,,0.0,0.0,0.0,
562.97085,,0.0,0.0,0.0,
562.97086,,0.0,0.0,0.0,
562.97087,,0.0,0.0,0.0,
562.97088,,0.0,0.0,0.0,
562.97089,,0.0,0.0,0.0,
562.97090,,0.0,0.0,0.0,
562.97091,,0.0,0.0,0.0,
562.97092,,0.0,0.0,0.0,
562.97093,,0.0,1.0,1.0,
562.97094,,0.0,1.0,1.0,
562.97095,,0.0,0.0,0.0,
562.97096,,0.0,1.0,1.0,
562.97097,,0.0,1.0,1.0,
562.97098,,0.0,0.0,0.0,
562.97099,,0.0,0.0,0.0,
562.97100,,1.0,0.0,0.0,
562.97101,,0.0,0.0,0.0,
562.97102,,0.0,0.0,0.0,
562.97103,,1.0,0.0,0.0,
562.97104,,0.0,0.0,0.0,
562.97105,,1.0,0.0,0.0,
562.97106,,1.0,0.0,0.0,
562.97107,,0.0,0.0,0.0,
562.97108,,1.0,0.0,0.0,
562.97109,,1.0,0.0,0.0,
562.97110,,1.0,0.0,0.0,
562.97111,,0.0,0.0,0.0,
562.97112,,0.0,0.0,0.0,
562.97113,,0.0,0.0,0.0,
562.97114,,1.0,0.0,0.0,
562.97115,,0.0,0.0,0.0,
562.97116,,1.0,0.0,0.0,
562.97117,,0.0,0.0,0.0,
562.97118,,1.0,0.0,0.0,
562.97119,,0.0,0.0,0.0,
562.97120,,1.0,0.0,0.0,
562.97121,,0.0,0.0,0.0,
562.97122,,0.0,0.0,0.0,
562.97123,,0.0,1.0,1.0,
562.97124,,0.0,0.0,0.0,
562.97125,,0.0,0.0,0.0,
562.97126,,0.0,0.0,0.0,
562.97127,,0.0,0.0,0.0,
562.97128,,0.0,0.0,0.0,
562.97129,,0.0,0.0,0.0,
562.97130,,0.0,,0.0,
562.97131,,0.0,,0.0,
562.97132,,0.0,0.0,0.0,
562.97133,,0.0,0.0,0.0,
562.97134,,0.0,0.0,0.0,
562.97135,,0.0,,0.0,
562.97136,,0.0,0.0,0.0,
562.97137,,0.0,0.0,0.0,
562.97138,,0.0,0.0,0.0,
562.97139,,0.0,0.0,0.0,
562.97140,,0.0,0.0,0.0,
562.97141,,0.0,0.0,0.0,
562.97142,,0.0,0.0,0.0,
562.97143,,0.0,0.0,0.0,
562.97144,,0.0,0.0,0.0,
562.97145,,0.0,0.0,0.0,
562.97146,,0.0,0.0,0.0,
562.97147,,0.0,0.0,0.0,
562.97148,,0.0,0.0,0.0,
562.97149,,0.0,0.0,0.0,
562.97150,,0.0,0.0,0.0,
562.97151,,0.0,0.0,0.0,
562.97152,,0.0,0.0,0.0,
562.97153,,0.0,0.0,0.0,
562.97154,,0.0,0.0,0.0,
562.97155,,0.0,0.0,0.0,
562.97156,,0.0,0.0,0.0,
562.97157,,0.0,0.0,0.0,
562.97158,,0.0,0.0,0.0,
562.97159,,0.0,0.0,0.0,
562.97160,,0.0,0.0,0.0,
562.97161,,1.0,1.0,0.0,
562.97162,,1.0,1.0,0.0,
562.97163,,0.0,0.0,0.0,
562.97164,,1.0,1.0,0.0,
562.97165,,1.0,1.0,0.0,
562.97166,,1.0,1.0,0.0,
562.97167,,1.0,1.0,0.0,
562.97168,,1.0,1.0,0.0,
562.97169,,1.0,1.0,0.0,
562.97170,,1.0,1.0,0.0,
562.97171,,1.0,1.0,0.0,
562.97172,,1.0,1.0,0.0,
562.97173,,1.0,1.0,0.0,
562.97174,,1.0,1.0,0.0,
562.97175,,1.0,1.0,0.0,
562.97176,,0.0,0.0,0.0,
562.97177,,1.0,1.0,0.0,
562.97178,,0.0,0.0,0.0,
562.97179,,0.0,0.0,0.0,
562.97180,,0.0,0.0,0.0,
562.97181,,0.0,0.0,0.0,
562.97182,,0.0,0.0,0.0,
562.97183,,0.0,0.0,0.0,
562.97184,,0.0,0.0,0.0,
562.97185,,0.0,0.0,0.0,
562.97186,,0.0,0.0,0.0,
562.97187,,0.0,0.0,0.0,
562.97188,,0.0,0.0,0.0,
562.97189,,0.0,0.0,0.0,
562.97190,,0.0,0.0,0.0,
562.97191,,0.0,0.0,0.0,
562.97192,,0.0,0.0,0.0,
562.97193,,0.0,0.0,0.0,
562.97194,,0.0,0.0,0.0,
562.97195,,0.0,0.0,0.0,
562.97196,,0.0,0.0,0.0,
562.97197,,0.0,0.0,0.0,
562.97198,,0.0,0.0,0.0,
562.97199,,0.0,0.0,0.0,
562.97200,,0.0,0.0,0.0,
562.97201,,0.0,0.0,0.0,
562.97202,,0.0,0.0,0.0,
562.97203,,0.0,0.0,0.0,
562.97204,,0.0,0.0,0.0,
562.97205,,0.0,0.0,0.0,
562.97206,,0.0,0.0,0.0,
562.97207,,0.0,0.0,0.0,
562.97208,,0.0,0.0,0.0,
562.97209,,0.0,0.0,0.0,
562.97210,,0.0,1.0,1.0,
562.97211,,0.0,0.0,0.0,
562.97212,,0.0,0.0,0.0,
562.97213,,0.0,1.0,1.0,
562.97214,,,0.0,0.0,
562.97215,,0.0,0.0,0.0,
562.97216,,0.0,0.0,0.0,
562.97217,,0.0,1.0,1.0,
562.97218,,1.0,0.0,0.0,
562.97219,,1.0,0.0,0.0,
562.97220,,,0.0,0.0,
562.97221,,,0.0,0.0,
562.97222,,1.0,1.0,0.0,
562.97223,,1.0,1.0,0.0,
562.97224,,1.0,1.0,0.0,
562.97225,,1.0,1.0,0.0,
562.97226,,1.0,1.0,0.0,
562.97227,,1.0,1.0,0.0,
562.97228,,1.0,1.0,0.0,
562.97229,,1.0,1.0,0.0,
562.97230,,1.0,1.0,0.0,
562.97231,,1.0,1.0,0.0,
562.97232,,0.0,0.0,0.0,
562.97233,,0.0,0.0,0.0,
562.97234,,0.0,0.0,0.0,
562.97235,,1.0,1.0,0.0,
562.97236,,1.0,1.0,0.0,
562.97237,,1.0,0.0,0.0,
562.97238,,1.0,1.0,0.0,
562.97239,,1.0,1.0,0.0,
562.97240,,1.0,1.0,0.0,
562.97241,,1.0,1.0,0.0,
562.97242,,1.0,1.0,0.0,
562.97243,,1.0,1.0,0.0,
562.97244,,1.0,1.0,0.0,
562.97245,,1.0,1.0,0.0,
562.97246,,1.0,1.0,0.0,
562.97247,,1.0,1.0,0.0,
562.97248,,0.0,0.0,0.0,
562.97249,,0.0,0.0,0.0,
562.97250,,1.0,1.0,0.0,
562.97251,,0.0,0.0,0.0,
562.97252,,0.0,0.0,0.0,
562.97253,,1.0,1.0,0.0,
562.97254,,1.0,1.0,0.0,
562.97255,,0.0,0.0,0.0,
562.97256,,0.0,0.0,0.0,
562.97257,,0.0,0.0,0.0,
562.97258,,1.0,1.0,0.0,
562.97259,,1.0,1.0,0.0,
562.97260,,1.0,1.0,0.0,
562.97261,,0.0,0.0,0.0,
562.97262,,0.0,0.0,0.0,
562.97263,,0.0,0.0,0.0,
562.97264,,0.0,0.0,0.0,
562.97265,,1.0,1.0,0.0,
562.97266,,1.0,1.0,0.0,
562.97267,,0.0,0.0,0.0,
562.97268,,1.0,1.0,0.0,
562.97269,,0.0,0.0,0.0,
562.97270,,1.0,1.0,0.0,
562.97271,,1.0,1.0,0.0,
562.97272,,0.0,0.0,0.0,
562.97273,,1.0,1.0,0.0,
562.97274,,1.0,1.0,0.0,
562.97275,,1.0,1.0,0.0,
562.97276,,1.0,1.0,0.0,
562.97277,,1.0,1.0,0.0,
562.97278,,1.0,1.0,0.0,
562.97279,,0.0,0.0,0.0,
562.97280,,0.0,0.0,1.0,
562.97281,,0.0,0.0,0.0,
562.97282,,0.0,0.0,0.0,
562.97283,,0.0,0.0,1.0,
562.97284,,0.0,1.0,0.0,
562.97285,,1.0,1.0,1.0,
562.97286,,1.0,1.0,1.0,
562.97287,,1.0,1.0,1.0,
562.97288,,1.0,1.0,1.0,
562.97289,,1.0,1.0,1.0,
562.97290,,1.0,1.0,1.0,
562.97291,,1.0,1.0,0.0,
562.97292,,1.0,1.0,1.0,
562.97293,,1.0,1.0,1.0,
562.97294,,1.0,1.0,0.0,
562.97295,,1.0,1.0,1.0,
562.97296,,1.0,1.0,1.0,
562.97297,,1.0,1.0,0.0,
562.97298,,1.0,1.0,0.0,
562.97299,,1.0,1.0,0.0,
562.97300,,1.0,1.0,0.0,
562.97301,,1.0,1.0,0.0,
562.97302,,1.0,1.0,0.0,
562.97303,,1.0,1.0,0.0,
562.97304,,1.0,1.0,0.0,
562.97305,,1.0,1.0,0.0,
562.97306,,1.0,1.0,0.0,
562.97307,,1.0,1.0,0.0,
562.97308,,1.0,1.0,0.0,
562.97309,,1.0,1.0,0.0,
562.97310,,0.0,0.0,0.0,
562.97311,,0.0,0.0,0.0,
562.97312,,0.0,0.0,0.0,
562.97313,,0.0,0.0,0.0,
562.97314,,0.0,0.0,0.0,
562.97315,,0.0,0.0,0.0,
562.97316,,0.0,1.0,0.0,
562.97317,,0.0,1.0,0.0,
562.97318,,0.0,1.0,0.0,
562.97319,,0.0,0.0,0.0,
562.97320,,0.0,1.0,0.0,
562.97321,,0.0,0.0,0.0,
562.97322,,0.0,1.0,0.0,
562.97323,,0.0,1.0,0.0,
562.97324,,0.0,0.0,0.0,
562.97325,,0.0,1.0,0.0,
562.97326,,0.0,0.0,0.0,
562.97327,,0.0,0.0,0.0,
562.97328,,0.0,1.0,0.0,
562.97329,,0.0,1.0,0.0,
562.97330,,0.0,1.0,0.0,
562.97331,,0.0,1.0,0.0,
562.97332,,0.0,1.0,0.0,
562.97333,,0.0,1.0,0.0,
562.97334,,0.0,0.0,0.0,
562.97335,,0.0,1.0,0.0,
562.97336,,0.0,1.0,0.0,
562.97337,,0.0,0.0,0.0,
562.97338,,0.0,1.0,0.0,
562.97339,,0.0,0.0,0.0,
562.97340,,0.0,1.0,0.0,
562.97341,,0.0,1.0,0.0,
562.97342,,0.0,1.0,0.0,
562.97343,,0.0,0.0,0.0,
562.97344,,0.0,0.0,0.0,
562.97345,,0.0,0.0,0.0,
562.97346,,0.0,1.0,0.0,
562.97347,,0.0,0.0,0.0,
562.97348,,0.0,0.0,0.0,
562.97349,,0.0,1.0,0.0,
562.97350,,0.0,1.0,0.0,
562.97351,,0.0,1.0,0.0,
562.97352,,0.0,0.0,0.0,
562.97353,,0.0,0.0,0.0,
562.97354,,0.0,0.0,0.0,
562.97355,,0.0,1.0,0.0,
562.97356,,0.0,0.0,0.0,
562.97357,,0.0,1.0,0.0,
562.97358,,0.0,0.0,0.0,
562.97359,,0.0,1.0,0.0,
562.97360,,0.0,1.0,0.0,
562.97361,,0.0,1.0,0.0,
562.97362,,0.0,1.0,0.0,
562.97363,,0.0,1.0,0.0,
562.97364,,0.0,0.0,0.0,
562.97365,,0.0,0.0,0.0,
562.97366,,0.0,0.0,0.0,
562.97367,,0.0,0.0,0.0,
562.97368,,0.0,0.0,0.0,
562.97369,,0.0,0.0,0.0,
562.97370,,0.0,0.0,0.0,
562.97371,,0.0,0.0,0.0,
562.97372,,0.0,0.0,0.0,
562.97373,,0.0,0.0,0.0,
562.97374,,0.0,0.0,0.0,
562.97375,,0.0,0.0,0.0,
562.97376,,0.0,0.0,0.0,
562.97377,,0.0,0.0,0.0,
562.97378,,0.0,0.0,0.0,
562.97379,,0.0,0.0,0.0,
562.97380,,0.0,0.0,0.0,
562.97381,,0.0,0.0,0.0,
562.97382,,0.0,0.0,0.0,
562.97383,,0.0,0.0,0.0,
562.97384,,0.0,0.0,0.0,
562.97385,,0.0,0.0,0.0,
562.97386,,0.0,0.0,0.0,
562.97387,,0.0,0.0,0.0,
562.97388,,0.0,0.0,0.0,
562.97389,,0.0,0.0,0.0,
562.97390,,0.0,0.0,0.0,
562.97391,,0.0,1.0,1.0,
562.97392,,0.0,1.0,1.0,
562.97393,,0.0,1.0,1.0,
562.97394,,0.0,1.0,1.0,
562.97395,,0.0,1.0,1.0,
562.97396,,0.0,0.0,0.0,
562.97397,,0.0,0.0,0.0,
562.97398,,0.0,0.0,0.0,
562.97399,,0.0,0.0,0.0,
562.97400,,0.0,0.0,0.0,
562.97401,,0.0,0.0,0.0,
562.97402,,0.0,0.0,0.0,
562.97403,,0.0,0.0,0.0,
562.97404,,0.0,0.0,0.0,
562.97405,,0.0,0.0,0.0,
562.97406,,0.0,0.0,0.0,
562.97407,,0.0,0.0,0.0,
562.97408,,0.0,0.0,0.0,
562.97409,,0.0,0.0,0.0,
562.97410,,0.0,0.0,0.0,
562.97411,,0.0,0.0,0.0,
562.97412,,0.0,0.0,0.0,
562.97413,,0.0,0.0,0.0,
562.97414,,0.0,0.0,0.0,
562.97415,,0.0,1.0,0.0,
562.97416,,0.0,0.0,0.0,
562.97417,,0.0,1.0,0.0,
562.97418,,0.0,1.0,0.0,
562.97419,,0.0,0.0,0.0,
562.97420,,0.0,0.0,0.0,
562.97421,,0.0,0.0,0.0,
562.97422,,0.0,1.0,0.0,
562.97423,,0.0,0.0,0.0,
562.97424,,0.0,1.0,0.0,
562.97425,,0.0,0.0,0.0,
562.97426,,0.0,0.0,0.0,
562.97427,,0.0,1.0,0.0,
562.97428,,0.0,0.0,0.0,
562.97429,,0.0,1.0,0.0,
562.97430,,0.0,1.0,0.0,
562.97431,,1.0,0.0,0.0,
562.97432,,1.0,0.0,0.0,
562.97433,,0.0,1.0,0.0,
562.97434,,0.0,1.0,0.0,
562.97435,,0.0,0.0,0.0,
562.97436,,0.0,0.0,0.0,
562.97437,,0.0,0.0,0.0,
562.97438,,0.0,0.0,0.0,
562.97439,,0.0,0.0,0.0,
562.97440,,0.0,0.0,0.0,
562.97441,,0.0,0.0,0.0,
562.97442,,0.0,0.0,0.0,
562.97443,,0.0,0.0,0.0,
562.97444,,0.0,0.0,0.0,
562.97445,,0.0,0.0,0.0,
562.97446,,0.0,0.0,0.0,
562.97447,,0.0,0.0,0.0,
562.97448,,0.0,0.0,0.0,
562.97449,,0.0,0.0,0.0,
562.97450,,0.0,0.0,0.0,
562.97451,,0.0,0.0,0.0,
562.97452,,0.0,0.0,0.0,
562.97453,,0.0,0.0,0.0,
562.97454,,0.0,0.0,0.0,
562.97455,,0.0,0.0,0.0,
562.97456,,0.0,0.0,0.0,
562.97457,,1.0,0.0,0.0,
562.97458,,1.0,0.0,0.0,
562.97459,,1.0,0.0,0.0,
562.97460,,1.0,0.0,0.0,
562.97461,,1.0,0.0,0.0,
562.97462,,1.0,0.0,0.0,
562.97463,,1.0,1.0,0.0,
562.97464,,1.0,0.0,0.0,
562.97465,,0.0,1.0,0.0,
562.97466,,1.0,1.0,1.0,
562.97467,,1.0,1.0,0.0,
562.97468,,0.0,1.0,0.0,
562.97469,,1.0,0.0,0.0,
562.97470,,1.0,0.0,0.0,
562.97471,,1.0,0.0,0.0,
562.97472,,0.0,0.0,0.0,
562.97473,,0.0,0.0,0.0,
562.97474,,1.0,1.0,0.0,
562.97475,,0.0,1.0,0.0,
562.97476,,0.0,0.0,0.0,
562.97477,,1.0,1.0,0.0,
562.97478,,0.0,1.0,0.0,
562.97479,,1.0,1.0,0.0,
562.97480,,0.0,1.0,0.0,
562.97481,,0.0,0.0,0.0,
562.97482,,1.0,0.0,1.0,
562.97483,,0.0,0.0,0.0,
562.97484,,0.0,0.0,0.0,
562.97485,,1.0,1.0,0.0,
562.97486,,0.0,1.0,0.0,
562.97487,,0.0,1.0,0.0,
562.97488,,0.0,0.0,0.0,
562.97489,,0.0,1.0,0.0,
562.97490,,0.0,1.0,0.0,
562.97491,,0.0,0.0,0.0,
562.97492,,1.0,1.0,0.0,
562.97493,,0.0,1.0,0.0,
562.97494,,0.0,1.0,0.0,
562.97495,,0.0,1.0,0.0,
562.97496,,0.0,0.0,0.0,
562.97497,,0.0,1.0,0.0,
562.97498,,1.0,1.0,0.0,
562.97499,,1.0,1.0,0.0,
562.97500,,1.0,1.0,0.0,
562.97501,,0.0,0.0,0.0,
562.97502,,0.0,1.0,0.0,
562.97503,,0.0,1.0,0.0,
562.97504,,0.0,1.0,0.0,
562.97505,,0.0,0.0,1.0,
562.97506,,0.0,1.0,0.0,
562.97507,,0.0,1.0,0.0,
562.97508,,0.0,1.0,0.0,
562.97509,,0.0,1.0,0.0,
562.97510,,0.0,1.0,0.0,
562.97514,,0.0,1.0,0.0,
562.97515,,0.0,1.0,0.0,
562.97749,0.0,,0.0,0.0,0.0
562.97750,0.0,,0.0,0.0,0.0
562.97751,1.0,,0.0,0.0,1.0
562.97752,0.0,,0.0,0.0,0.0
562.97753,1.0,,0.0,0.0,0.0
562.97754,0.0,,0.0,0.0,0.0
562.97755,0.0,,0.0,0.0,0.0
562.97756,1.0,,0.0,0.0,1.0
562.97757,1.0,,0.0,0.0,1.0
562.97758,0.0,,0.0,0.0,0.0
562.97759,0.0,,0.0,0.0,0.0
562.97760,1.0,,0.0,0.0,1.0
562.97761,0.0,,0.0,0.0,0.0
562.97762,0.0,,0.0,0.0,0.0
562.97763,0.0,,0.0,0.0,0.0
562.97764,0.0,,0.0,0.0,0.0
562.97765,0.0,,0.0,0.0,1.0
562.97766,0.0,,0.0,0.0,0.0
562.97767,0.0,,0.0,0.0,0.0
562.97768,0.0,,0.0,0.0,0.0
562.97769,1.0,,1.0,1.0,1.0
562.97770,0.0,,0.0,0.0,0.0
562.97771,0.0,,0.0,0.0,1.0
562.97772,0.0,,0.0,0.0,0.0
562.97773,0.0,,0.0,0.0,0.0
562.97774,1.0,,0.0,0.0,0.0
562.97775,1.0,,0.0,0.0,0.0
562.97776,0.0,,0.0,1.0,1.0
562.97777,1.0,,0.0,0.0,1.0
562.97778,0.0,,0.0,0.0,0.0
562.97779,0.0,,0.0,0.0,0.0
562.97780,1.0,,0.0,0.0,1.0
562.97781,1.0,,0.0,0.0,1.0
562.97782,0.0,,0.0,0.0,0.0
562.97783,1.0,,0.0,0.0,0.0
562.97784,0.0,,0.0,0.0,0.0
562.97786,0.0,,0.0,0.0,0.0
562.97787,1.0,,0.0,0.0,1.0
562.97788,0.0,,0.0,0.0,0.0
562.97789,0.0,,0.0,0.0,0.0
562.97790,0.0,,0.0,0.0,0.0
562.97791,0.0,,0.0,0.0,0.0
562.97793,1.0,,0.0,0.0,1.0
562.97794,0.0,,0.0,0.0,0.0
562.97795,0.0,,0.0,0.0,0.0
562.97796,0.0,,0.0,0.0,0.0
562.97797,0.0,,0.0,0.0,0.0
562.97798,0.0,,0.0,0.0,0.0
562.97799,1.0,,1.0,0.0,1.0
562.97800,1.0,,0.0,0.0,0.0
562.97801,0.0,,0.0,0.0,0.0
562.97802,1.0,,0.0,0.0,0.0
562.97803,0.0,,0.0,0.0,0.0
562.97804,0.0,,0.0,0.0,0.0
562.97805,1.0,,0.0,0.0,0.0
562.97806,0.0,,0.0,0.0,0.0
562.97807,0.0,,0.0,0.0,0.0
562.97808,1.0,,0.0,0.0,1.0
562.97809,0.0,,0.0,0.0,0.0
562.97810,1.0,,0.0,0.0,1.0
562.97811,0.0,,0.0,0.0,0.0
562.97812,1.0,,0.0,0.0,0.0
562.97813,0.0,,0.0,0.0,0.0
562.97814,0.0,,0.0,0.0,0.0
562.97815,1.0,,0.0,0.0,1.0
562.97816,0.0,,0.0,0.0,0.0
562.97817,0.0,,0.0,0.0,0.0
562.97818,0.0,,0.0,0.0,0.0
562.97819,0.0,,0.0,0.0,0.0
562.97820,0.0,,0.0,0.0,0.0
562.97821,0.0,,0.0,0.0,0.0
562.97822,0.0,,0.0,0.0,0.0
562.97823,0.0,,0.0,0.0,0.0
562.97824,1.0,,1.0,0.0,1.0
562.97825,0.0,,0.0,0.0,0.0
562.97826,0.0,,0.0,0.0,0.0
562.97827,0.0,,0.0,0.0,0.0
562.97828,1.0,,0.0,0.0,0.0
562.97829,0.0,,0.0,0.0,0.0
562.97830,0.0,,0.0,0.0,1.0
562.97831,0.0,,0.0,0.0,0.0
562.97832,0.0,,0.0,0.0,0.0
562.97833,0.0,,0.0,0.0,0.0
562.97834,1.0,,0.0,0.0,1.0
562.97835,1.0,,0.0,0.0,1.0
562.97836,0.0,,0.0,0.0,0.0
562.97837,0.0,,0.0,0.0,0.0
562.97838,0.0,,0.0,0.0,0.0
562.97839,0.0,,0.0,0.0,0.0
562.97840,0.0,,0.0,0.0,1.0
562.97841,1.0,,0.0,0.0,0.0
562.97842,0.0,,0.0,0.0,0.0
562.97843,0.0,,0.0,0.0,0.0
562.97844,0.0,,0.0,0.0,0.0
562.97845,0.0,,0.0,0.0,0.0
562.97846,1.0,,1.0,1.0,0.0
562.97847,0.0,,0.0,0.0,1.0
562.97849,0.0,,0.0,0.0,0.0
562.97850,0.0,,0.0,0.0,0.0
562.97851,0.0,,0.0,0.0,0.0
562.97852,1.0,,0.0,0.0,0.0
562.97853,0.0,,0.0,0.0,0.0
562.97854,0.0,,0.0,0.0,0.0
562.97855,0.0,,0.0,0.0,0.0
562.97856,0.0,,0.0,0.0,0.0
562.97857,0.0,,0.0,0.0,0.0
562.97858,0.0,,0.0,0.0,0.0
562.97859,1.0,,0.0,0.0,0.0
562.97860,0.0,,0.0,0.0,0.0
562.97861,0.0,,0.0,0.0,0.0
562.97862,0.0,,0.0,0.0,0.0
562.97863,1.0,,0.0,0.0,0.0
562.97864,0.0,,0.0,0.0,0.0
562.97865,0.0,,0.0,0.0,1.0
562.97866,1.0,,0.0,0.0,1.0
562.97867,0.0,,0.0,0.0,0.0
562.97868,0.0,,0.0,0.0,0.0
562.97869,0.0,,0.0,0.0,0.0
562.97870,0.0,,0.0,0.0,0.0
562.97871,0.0,,0.0,0.0,0.0
562.97872,0.0,,0.0,0.0,0.0
562.97873,1.0,,0.0,0.0,1.0
562.97874,1.0,,0.0,0.0,0.0
562.97875,0.0,,0.0,0.0,0.0
562.97876,0.0,,0.0,0.0,1.0
562.97877,0.0,,0.0,0.0,0.0
562.97878,0.0,,0.0,0.0,0.0
562.97879,0.0,,0.0,0.0,0.0
562.97880,1.0,,0.0,0.0,0.0
562.97881,0.0,,0.0,0.0,0.0
562.97882,0.0,,0.0,0.0,0.0
562.97883,0.0,,0.0,0.0,0.0
562.97884,0.0,,0.0,0.0,1.0
562.97885,0.0,,0.0,0.0,0.0
562.97886,0.0,,0.0,0.0,0.0
562.97887,0.0,,0.0,0.0,0.0
562.97888,0.0,,0.0,0.0,0.0
562.97889,0.0,,0.0,0.0,0.0
562.97890,0.0,,0.0,0.0,0.0
562.97891,0.0,,0.0,0.0,0.0
562.97892,0.0,,0.0,0.0,0.0
562.97893,1.0,,0.0,0.0,0.0
562.97894,0.0,,0.0,0.0,1.0
562.97895,0.0,,0.0,0.0,0.0
562.97896,0.0,,0.0,0.0,0.0
562.97897,0.0,,0.0,0.0,0.0
562.97898,1.0,,0.0,0.0,1.0
562.97899,0.0,,0.0,0.0,0.0
562.97900,0.0,,0.0,0.0,0.0
562.97901,0.0,,0.0,0.0,0.0
562.97902,0.0,,0.0,0.0,0.0
562.97903,0.0,,0.0,0.0,1.0
562.97904,1.0,,0.0,0.0,0.0
562.97905,0.0,,0.0,0.0,0.0
562.97906,0.0,,0.0,0.0,0.0
562.97907,1.0,,0.0,0.0,0.0
562.97908,0.0,,0.0,0.0,0.0
562.97909,0.0,,0.0,0.0,0.0
562.97910,1.0,,0.0,0.0,0.0
562.97911,1.0,,0.0,0.0,0.0
562.97912,0.0,,0.0,0.0,0.0
562.97913,0.0,,0.0,0.0,0.0
562.97914,1.0,,0.0,0.0,1.0
562.97915,1.0,,0.0,0.0,0.0
562.97916,1.0,,0.0,0.0,0.0
562.97917,0.0,,0.0,0.0,0.0
562.97918,1.0,,0.0,0.0,0.0
562.97919,0.0,,0.0,0.0,0.0
562.97920,0.0,,0.0,0.0,0.0
562.97921,0.0,,0.0,0.0,0.0
562.97922,0.0,,0.0,0.0,0.0
562.97923,0.0,,0.0,0.0,0.0
562.97924,0.0,,0.0,0.0,0.0
562.97925,0.0,,0.0,0.0,0.0
562.97926,0.0,,0.0,0.0,0.0
562.97927,1.0,,0.0,0.0,0.0
562.97928,0.0,,0.0,0.0,0.0
562.97929,1.0,,0.0,0.0,1.0
562.97930,1.0,,0.0,0.0,0.0
562.97931,1.0,,1.0,0.0,1.0
562.97932,0.0,,0.0,0.0,0.0
562.97933,1.0,,0.0,0.0,1.0
562.97934,0.0,,0.0,0.0,0.0
562.97935,0.0,,0.0,0.0,0.0
562.97936,1.0,,0.0,0.0,0.0
562.97937,0.0,,0.0,0.0,1.0
562.97938,0.0,0.0,0.0,0.0,0.0
562.97939,0.0,0.0,0.0,0.0,1.0
562.97940,0.0,0.0,0.0,0.0,0.0
562.97941,0.0,0.0,0.0,0.0,0.0
562.97942,0.0,0.0,0.0,0.0,0.0
562.97943,0.0,0.0,0.0,0.0,0.0
562.97944,0.0,0.0,0.0,0.0,0.0
562.97945,1.0,0.0,0.0,0.0,0.0
562.97946,0.0,0.0,0.0,0.0,0.0
562.97947,0.0,0.0,0.0,0.0,0.0
562.97948,1.0,0.0,0.0,0.0,0.0
562.97949,0.0,0.0,0.0,0.0,0.0
562.97950,0.0,0.0,0.0,0.0,0.0
562.97951,0.0,0.0,0.0,0.0,0.0
562.97952,1.0,0.0,0.0,0.0,0.0
562.97953,0.0,0.0,0.0,0.0,0.0
562.97954,0.0,,0.0,0.0,0.0
562.97955,0.0,,0.0,0.0,0.0
562.97956,0.0,,0.0,0.0,0.0
562.97957,0.0,,0.0,0.0,0.0
562.97958,0.0,,0.0,0.0,0.0
562.97959,0.0,,0.0,0.0,0.0
562.97960,0.0,,0.0,0.0,1.0
562.97961,0.0,,,0.0,0.0
562.97962,1.0,,0.0,0.0,0.0
562.97963,0.0,,0.0,0.0,0.0
562.97964,1.0,,0.0,0.0,0.0
562.97965,1.0,,0.0,0.0,1.0
562.97966,0.0,0.0,0.0,0.0,0.0
562.97967,0.0,,0.0,0.0,1.0
562.97968,1.0,,0.0,0.0,0.0
562.97969,1.0,,0.0,0.0,0.0
562.97970,1.0,0.0,0.0,0.0,0.0
562.97971,1.0,0.0,0.0,0.0,0.0
562.97972,0.0,0.0,0.0,0.0,0.0
562.97973,0.0,0.0,0.0,0.0,0.0
562.97974,0.0,0.0,0.0,0.0,0.0
562.97975,0.0,0.0,0.0,0.0,0.0
562.97976,0.0,0.0,0.0,0.0,0.0
562.97977,0.0,0.0,0.0,0.0,0.0
562.97978,1.0,0.0,0.0,0.0,1.0
562.97979,1.0,0.0,0.0,0.0,1.0
562.97980,1.0,0.0,,0.0,0.0
562.97981,1.0,0.0,0.0,0.0,1.0
562.97982,0.0,0.0,0.0,0.0,0.0
562.97983,1.0,0.0,,0.0,1.0
562.97984,1.0,0.0,0.0,0.0,0.0
562.97985,1.0,0.0,0.0,0.0,0.0
562.97986,0.0,0.0,0.0,0.0,0.0
562.97987,0.0,0.0,0.0,0.0,0.0
562.97988,1.0,0.0,0.0,0.0,1.0
562.97989,0.0,0.0,0.0,0.0,0.0
562.97990,1.0,0.0,0.0,0.0,0.0
562.97991,0.0,0.0,0.0,0.0,0.0
562.97992,0.0,0.0,0.0,0.0,0.0
562.97993,0.0,0.0,0.0,0.0,0.0
562.97994,1.0,0.0,1.0,1.0,0.0
562.97995,0.0,0.0,0.0,0.0,0.0
562.97996,1.0,0.0,0.0,0.0,0.0
562.97997,0.0,0.0,0.0,0.0,1.0
562.97998,1.0,0.0,0.0,0.0,0.0
562.97999,1.0,0.0,0.0,0.0,0.0
562.98000,0.0,0.0,0.0,0.0,0.0
562.98001,0.0,0.0,0.0,0.0,1.0
562.98002,0.0,0.0,0.0,0.0,0.0
562.98003,0.0,0.0,0.0,0.0,0.0
562.98004,0.0,0.0,0.0,0.0,0.0
562.98005,0.0,0.0,0.0,0.0,0.0
562.98006,0.0,0.0,0.0,0.0,0.0
562.98007,0.0,0.0,0.0,0.0,0.0
562.98008,1.0,0.0,0.0,0.0,0.0
562.98009,1.0,0.0,0.0,0.0,1.0
562.98010,1.0,0.0,0.0,0.0,1.0
562.98011,0.0,0.0,0.0,0.0,0.0
562.98012,0.0,0.0,0.0,0.0,0.0
562.98013,0.0,0.0,0.0,0.0,0.0
562.98014,0.0,0.0,0.0,0.0,0.0
562.98015,0.0,0.0,0.0,0.0,0.0
562.98016,1.0,0.0,0.0,0.0,0.0
562.98017,0.0,0.0,0.0,0.0,0.0
562.98018,0.0,0.0,0.0,0.0,0.0
562.98019,0.0,0.0,0.0,0.0,0.0
562.98020,0.0,0.0,0.0,0.0,0.0
562.98021,1.0,0.0,0.0,0.0,1.0
562.98022,0.0,0.0,0.0,0.0,0.0
562.98023,1.0,0.0,0.0,0.0,1.0
562.98024,1.0,0.0,0.0,0.0,0.0
562.98025,0.0,0.0,0.0,0.0,0.0
562.98026,0.0,0.0,0.0,0.0,0.0
562.98027,0.0,0.0,0.0,0.0,0.0
562.98028,0.0,0.0,0.0,0.0,0.0
562.98029,0.0,0.0,0.0,0.0,0.0
562.98030,0.0,0.0,0.0,0.0,0.0
562.98031,0.0,0.0,0.0,0.0,0.0
562.98032,0.0,0.0,0.0,0.0,0.0
562.98033,0.0,0.0,0.0,0.0,0.0
562.98034,0.0,0.0,0.0,0.0,0.0
562.98035,0.0,0.0,0.0,0.0,0.0
562.98036,1.0,0.0,0.0,0.0,1.0
562.98037,0.0,0.0,0.0,0.0,0.0
562.98038,0.0,0.0,0.0,0.0,0.0
562.98039,1.0,0.0,0.0,0.0,1.0
562.98040,0.0,0.0,0.0,0.0,0.0
562.98041,1.0,0.0,0.0,0.0,1.0
562.98042,0.0,0.0,0.0,0.0,0.0
562.98043,0.0,0.0,0.0,0.0,0.0
562.98044,1.0,0.0,0.0,0.0,0.0
562.98045,1.0,0.0,0.0,0.0,1.0
562.98046,0.0,0.0,0.0,0.0,0.0
562.98047,1.0,0.0,0.0,0.0,1.0
562.98048,1.0,0.0,0.0,0.0,0.0
562.98049,1.0,0.0,0.0,0.0,0.0
562.98050,0.0,0.0,0.0,0.0,0.0
562.98051,1.0,0.0,0.0,0.0,1.0
562.98052,0.0,0.0,0.0,0.0,0.0
562.98053,0.0,0.0,0.0,0.0,0.0
562.98054,0.0,0.0,0.0,0.0,1.0
562.98055,0.0,0.0,0.0,0.0,0.0
562.98056,0.0,0.0,0.0,0.0,0.0
562.98057,0.0,0.0,0.0,0.0,0.0
562.98058,0.0,0.0,0.0,0.0,0.0
562.98059,0.0,0.0,0.0,0.0,0.0
562.98060,0.0,0.0,0.0,0.0,0.0
562.98061,0.0,0.0,0.0,0.0,0.0
562.98062,0.0,0.0,0.0,0.0,0.0
562.98063,1.0,0.0,0.0,0.0,1.0
562.98064,0.0,0.0,0.0,0.0,0.0
562.98065,0.0,0.0,0.0,0.0,0.0
562.98066,1.0,1.0,0.0,1.0,0.0
562.98067,0.0,0.0,0.0,0.0,0.0
562.98068,0.0,0.0,0.0,0.0,0.0
562.98069,0.0,0.0,0.0,0.0,0.0
562.98070,1.0,0.0,0.0,0.0,0.0
562.98071,0.0,0.0,0.0,0.0,0.0
562.98072,1.0,0.0,0.0,0.0,1.0
562.98073,0.0,0.0,0.0,0.0,0.0
562.98074,0.0,0.0,0.0,0.0,0.0
562.98075,0.0,0.0,0.0,0.0,0.0
562.98076,0.0,0.0,0.0,0.0,0.0
562.98077,0.0,0.0,0.0,0.0,0.0
562.98078,1.0,0.0,0.0,0.0,1.0
562.98079,1.0,0.0,0.0,0.0,1.0
562.98080,0.0,0.0,0.0,0.0,0.0
562.98081,0.0,0.0,0.0,0.0,0.0
562.98082,0.0,0.0,0.0,0.0,0.0
562.98083,0.0,0.0,0.0,0.0,0.0
562.98084,0.0,0.0,0.0,0.0,0.0
562.98085,0.0,0.0,0.0,0.0,0.0
562.98086,0.0,0.0,0.0,0.0,0.0
562.98087,1.0,0.0,1.0,0.0,1.0
562.98088,1.0,0.0,0.0,0.0,0.0
562.98089,0.0,0.0,0.0,0.0,1.0
562.98090,0.0,0.0,0.0,0.0,0.0
562.98091,1.0,0.0,0.0,0.0,1.0
562.98092,1.0,0.0,0.0,0.0,1.0
562.98093,0.0,0.0,0.0,0.0,0.0
562.98094,0.0,0.0,0.0,0.0,0.0
562.98095,0.0,0.0,0.0,0.0,0.0
562.98096,0.0,0.0,0.0,0.0,0.0
562.98097,0.0,0.0,0.0,0.0,0.0
562.98098,0.0,0.0,0.0,0.0,0.0
562.98099,0.0,0.0,0.0,0.0,0.0
562.98100,0.0,0.0,0.0,0.0,0.0
562.98101,0.0,0.0,0.0,0.0,0.0
562.98102,1.0,0.0,0.0,0.0,0.0
562.98103,0.0,0.0,0.0,0.0,0.0
562.98104,1.0,0.0,1.0,0.0,1.0
562.98105,0.0,0.0,0.0,0.0,0.0
562.98106,0.0,0.0,0.0,0.0,0.0
562.98107,0.0,0.0,0.0,0.0,1.0
562.98108,0.0,0.0,0.0,0.0,0.0
562.98109,1.0,0.0,0.0,0.0,1.0
562.98110,1.0,0.0,0.0,0.0,0.0
562.98111,0.0,0.0,0.0,0.0,0.0
562.98112,1.0,0.0,0.0,0.0,0.0
562.98113,0.0,0.0,0.0,0.0,0.0
562.98114,1.0,0.0,0.0,0.0,0.0
562.98115,0.0,0.0,0.0,0.0,0.0
562.98116,0.0,0.0,0.0,0.0,0.0
562.98117,1.0,0.0,1.0,0.0,0.0
562.98118,0.0,0.0,0.0,0.0,0.0
562.98119,0.0,0.0,0.0,0.0,0.0
562.98120,0.0,0.0,0.0,0.0,0.0
562.98121,0.0,0.0,0.0,0.0,0.0
562.98122,0.0,0.0,0.0,0.0,0.0
562.98123,0.0,0.0,0.0,0.0,0.0
562.98124,0.0,0.0,0.0,0.0,0.0
562.98125,0.0,0.0,0.0,0.0,0.0
562.98126,0.0,0.0,0.0,0.0,0.0
562.98127,0.0,0.0,0.0,0.0,0.0
562.98128,0.0,0.0,0.0,0.0,0.0
562.98129,0.0,0.0,0.0,0.0,0.0
562.98130,0.0,0.0,0.0,0.0,0.0
562.98131,0.0,0.0,0.0,0.0,0.0
562.98132,1.0,0.0,0.0,0.0,0.0
562.98133,0.0,0.0,0.0,0.0,0.0
562.98134,0.0,0.0,0.0,0.0,0.0
562.98135,0.0,0.0,0.0,0.0,0.0
562.98136,1.0,0.0,0.0,0.0,0.0
562.98137,1.0,0.0,0.0,0.0,0.0
562.98138,0.0,0.0,0.0,0.0,0.0
562.98139,0.0,0.0,0.0,0.0,0.0
562.98140,1.0,0.0,0.0,0.0,0.0
562.98141,1.0,0.0,0.0,0.0,0.0
562.98142,0.0,0.0,0.0,0.0,0.0
562.98143,1.0,0.0,0.0,0.0,1.0
562.98144,0.0,0.0,0.0,0.0,0.0
562.98145,1.0,0.0,0.0,0.0,1.0
562.98146,0.0,0.0,0.0,0.0,0.0
562.98147,1.0,0.0,1.0,0.0,1.0
562.98148,0.0,0.0,0.0,0.0,0.0
562.98149,1.0,0.0,0.0,0.0,0.0
562.98150,0.0,0.0,0.0,0.0,0.0
562.98151,0.0,0.0,0.0,0.0,0.0
562.98152,1.0,0.0,0.0,0.0,1.0
562.98153,0.0,0.0,0.0,0.0,0.0
562.98154,1.0,0.0,0.0,0.0,0.0
562.98155,0.0,0.0,0.0,0.0,0.0
562.98156,0.0,0.0,0.0,0.0,0.0
562.98157,0.0,0.0,0.0,0.0,0.0
562.98158,1.0,0.0,0.0,0.0,0.0
562.98159,0.0,0.0,0.0,0.0,0.0
562.98160,0.0,0.0,0.0,0.0,0.0
562.98161,1.0,0.0,0.0,0.0,0.0
562.98162,1.0,0.0,0.0,0.0,1.0
562.98163,0.0,0.0,0.0,0.0,0.0
562.98164,0.0,0.0,0.0,0.0,0.0
562.98165,1.0,,1.0,0.0,0.0
562.98166,0.0,0.0,0.0,0.0,0.0
562.98167,1.0,0.0,0.0,0.0,0.0
562.98168,1.0,0.0,0.0,0.0,0.0
562.98169,1.0,0.0,0.0,0.0,0.0
562.98170,0.0,0.0,0.0,0.0,0.0
562.98171,0.0,0.0,0.0,0.0,0.0
562.98172,0.0,0.0,0.0,0.0,0.0
562.98173,0.0,0.0,0.0,0.0,0.0
562.98174,1.0,0.0,0.0,0.0,0.0
562.98175,0.0,0.0,0.0,0.0,0.0
562.98176,0.0,0.0,0.0,0.0,0.0
562.98177,0.0,0.0,0.0,0.0,0.0
562.98178,0.0,0.0,0.0,0.0,0.0
562.98179,0.0,0.0,0.0,0.0,0.0
562.98180,0.0,0.0,0.0,0.0,0.0
562.98181,1.0,0.0,0.0,0.0,1.0
562.98182,0.0,0.0,0.0,0.0,0.0
562.98183,1.0,0.0,1.0,1.0,1.0
562.98184,0.0,0.0,0.0,0.0,0.0
562.98185,1.0,0.0,1.0,0.0,0.0
562.98186,0.0,0.0,0.0,0.0,0.0
562.98187,0.0,0.0,0.0,0.0,0.0
562.98188,0.0,0.0,0.0,0.0,0.0
562.98189,0.0,0.0,0.0,0.0,0.0
562.98190,0.0,0.0,0.0,0.0,0.0
562.98191,0.0,0.0,0.0,0.0,0.0
562.98192,0.0,0.0,0.0,0.0,0.0
562.98193,0.0,0.0,0.0,0.0,0.0
562.98194,0.0,0.0,0.0,0.0,0.0
562.98195,0.0,0.0,0.0,0.0,0.0
562.98196,0.0,0.0,0.0,0.0,0.0
562.98197,0.0,0.0,0.0,0.0,0.0
562.98198,0.0,0.0,0.0,0.0,0.0
562.98199,1.0,0.0,0.0,0.0,0.0
562.98200,1.0,0.0,0.0,1.0,1.0
562.98201,0.0,0.0,0.0,0.0,0.0
562.98202,1.0,0.0,0.0,0.0,0.0
562.98203,0.0,0.0,0.0,0.0,0.0
562.98204,0.0,0.0,0.0,0.0,0.0
562.98205,1.0,0.0,0.0,0.0,1.0
562.98206,0.0,0.0,0.0,0.0,0.0
562.98207,0.0,0.0,0.0,0.0,0.0
562.98208,0.0,0.0,0.0,0.0,0.0
562.98209,0.0,0.0,0.0,0.0,0.0
562.98210,0.0,0.0,0.0,0.0,0.0
562.98211,0.0,0.0,0.0,0.0,0.0
562.98212,1.0,0.0,1.0,0.0,1.0
562.98213,0.0,0.0,0.0,0.0,0.0
562.98214,0.0,0.0,0.0,0.0,0.0
562.98215,0.0,0.0,0.0,0.0,0.0
562.98216,1.0,0.0,0.0,0.0,0.0
562.98217,0.0,0.0,0.0,0.0,0.0
562.98218,1.0,0.0,0.0,0.0,1.0
562.98219,1.0,0.0,1.0,0.0,1.0
562.98220,0.0,0.0,0.0,0.0,0.0
562.98221,0.0,0.0,0.0,0.0,0.0
562.98222,1.0,0.0,1.0,0.0,1.0
562.98223,1.0,0.0,0.0,0.0,1.0
562.98224,0.0,0.0,0.0,0.0,0.0
562.98225,0.0,0.0,0.0,0.0,0.0
562.98226,0.0,0.0,0.0,0.0,0.0
562.98227,0.0,0.0,0.0,0.0,0.0
562.98228,0.0,0.0,0.0,0.0,0.0
562.98229,1.0,0.0,0.0,0.0,0.0
562.98230,0.0,0.0,0.0,0.0,0.0
562.98231,0.0,0.0,0.0,0.0,0.0
562.98232,0.0,0.0,0.0,0.0,1.0
562.98233,0.0,0.0,0.0,0.0,0.0
562.98234,1.0,0.0,0.0,0.0,1.0
562.98235,1.0,0.0,1.0,1.0,1.0
562.98236,1.0,0.0,0.0,0.0,1.0
562.98237,0.0,0.0,0.0,0.0,0.0
562.98238,1.0,0.0,0.0,0.0,1.0
562.98239,1.0,0.0,0.0,0.0,0.0
562.98240,0.0,0.0,0.0,0.0,0.0
562.98241,1.0,0.0,0.0,0.0,1.0
562.98242,1.0,0.0,0.0,0.0,1.0
562.98243,0.0,0.0,0.0,0.0,0.0
562.98244,1.0,0.0,1.0,0.0,0.0
562.98245,0.0,0.0,0.0,0.0,0.0
562.98246,0.0,0.0,0.0,0.0,0.0
562.98247,0.0,0.0,0.0,0.0,0.0
562.98248,0.0,0.0,0.0,0.0,0.0
562.98249,1.0,0.0,0.0,0.0,1.0
562.98250,0.0,0.0,0.0,0.0,0.0
562.98251,0.0,0.0,0.0,0.0,0.0
562.98252,1.0,0.0,0.0,0.0,0.0
562.98253,0.0,0.0,0.0,0.0,0.0
562.98254,1.0,0.0,0.0,0.0,1.0
562.98255,0.0,0.0,0.0,0.0,0.0
562.98256,0.0,0.0,0.0,0.0,0.0
562.98257,0.0,0.0,0.0,0.0,0.0
562.98258,0.0,0.0,0.0,0.0,0.0
562.98259,0.0,0.0,0.0,0.0,0.0
562.98260,0.0,0.0,0.0,0.0,1.0
562.98261,0.0,0.0,0.0,0.0,0.0
562.98262,0.0,0.0,0.0,0.0,0.0
562.98263,0.0,0.0,0.0,0.0,1.0
562.98264,0.0,0.0,0.0,0.0,0.0
562.98265,0.0,0.0,0.0,0.0,0.0
562.98266,0.0,0.0,0.0,0.0,0.0
562.98267,1.0,,0.0,1.0,0.0
562.98268,0.0,0.0,0.0,0.0,0.0
562.98269,1.0,0.0,0.0,0.0,0.0
562.98270,0.0,0.0,0.0,0.0,0.0
562.98271,0.0,0.0,0.0,0.0,1.0
562.98272,0.0,0.0,0.0,0.0,0.0
562.98273,0.0,0.0,0.0,0.0,0.0
562.98274,0.0,0.0,0.0,0.0,0.0
562.98275,0.0,0.0,0.0,0.0,0.0
562.98276,0.0,0.0,0.0,0.0,0.0
562.98277,1.0,0.0,0.0,0.0,0.0
562.98278,1.0,0.0,0.0,0.0,0.0
562.98279,1.0,0.0,1.0,0.0,1.0
562.98280,1.0,0.0,0.0,0.0,0.0
562.98281,0.0,0.0,0.0,0.0,0.0
562.98282,0.0,0.0,0.0,0.0,
562.98283,0.0,0.0,0.0,0.0,0.0
562.98284,0.0,0.0,0.0,0.0,0.0
562.98285,1.0,0.0,0.0,0.0,1.0
562.98286,0.0,0.0,0.0,0.0,0.0
562.98287,0.0,0.0,0.0,0.0,0.0
562.98288,0.0,0.0,0.0,0.0,0.0
562.98289,1.0,0.0,1.0,0.0,1.0
562.98290,1.0,0.0,,0.0,1.0
562.98291,1.0,0.0,0.0,0.0,1.0
562.98292,1.0,0.0,0.0,0.0,1.0
562.98293,0.0,0.0,0.0,0.0,0.0
562.98294,0.0,0.0,0.0,0.0,0.0
562.98295,0.0,0.0,0.0,0.0,0.0
562.98296,0.0,0.0,0.0,0.0,0.0
562.98297,0.0,0.0,0.0,0.0,0.0
562.98298,0.0,0.0,0.0,0.0,0.0
562.98299,0.0,0.0,0.0,0.0,0.0
562.98300,1.0,0.0,0.0,0.0,1.0
562.98301,0.0,0.0,0.0,0.0,0.0
562.98302,1.0,1.0,0.0,0.0,1.0
562.98303,0.0,0.0,0.0,0.0,0.0
562.98304,1.0,0.0,0.0,0.0,1.0
562.98305,1.0,0.0,0.0,0.0,0.0
562.98306,0.0,0.0,0.0,0.0,0.0
562.98307,0.0,0.0,0.0,0.0,0.0
562.98308,0.0,0.0,0.0,0.0,0.0
562.98309,0.0,0.0,0.0,0.0,1.0
562.98310,0.0,0.0,0.0,0.0,0.0
562.98311,1.0,0.0,1.0,0.0,1.0
562.98312,0.0,0.0,0.0,0.0,0.0
562.98313,0.0,0.0,0.0,0.0,0.0
562.98314,0.0,0.0,0.0,0.0,0.0
562.98315,0.0,0.0,0.0,0.0,0.0
562.98316,1.0,0.0,0.0,0.0,0.0
562.98317,0.0,0.0,0.0,0.0,0.0
562.98318,0.0,0.0,0.0,0.0,0.0
562.98319,0.0,0.0,0.0,0.0,0.0
562.98320,0.0,0.0,0.0,0.0,0.0
562.98321,1.0,0.0,0.0,0.0,0.0
562.98322,0.0,0.0,0.0,0.0,0.0
562.98323,0.0,0.0,0.0,0.0,0.0
562.98324,1.0,0.0,1.0,0.0,1.0
562.98325,1.0,0.0,0.0,0.0,1.0
562.98326,1.0,0.0,0.0,0.0,1.0
562.98327,0.0,0.0,0.0,0.0,0.0
562.98328,0.0,0.0,0.0,0.0,0.0
562.98329,0.0,0.0,0.0,0.0,0.0
562.98330,1.0,0.0,0.0,0.0,0.0
562.98331,0.0,0.0,0.0,0.0,0.0
562.98332,1.0,0.0,0.0,0.0,1.0
562.98333,1.0,0.0,0.0,0.0,0.0
562.98334,1.0,0.0,0.0,0.0,1.0
562.98335,0.0,0.0,0.0,0.0,0.0
562.98336,1.0,0.0,0.0,0.0,0.0
562.98337,0.0,0.0,0.0,0.0,0.0
562.98338,0.0,0.0,0.0,0.0,0.0
562.98339,0.0,0.0,0.0,0.0,0.0
562.98340,0.0,0.0,0.0,0.0,0.0
562.98341,0.0,0.0,0.0,0.0,0.0
562.98342,0.0,0.0,0.0,0.0,0.0
562.98343,0.0,0.0,0.0,0.0,0.0
562.98344,1.0,1.0,0.0,1.0,0.0
562.98345,0.0,0.0,0.0,0.0,0.0
562.98346,1.0,0.0,0.0,,1.0
562.98347,0.0,0.0,0.0,0.0,0.0
562.98348,1.0,0.0,,1.0,1.0
562.98349,1.0,0.0,0.0,0.0,0.0
562.98350,1.0,0.0,0.0,0.0,0.0
562.98351,1.0,0.0,0.0,0.0,1.0
562.98352,1.0,0.0,1.0,0.0,0.0
562.98353,1.0,0.0,0.0,0.0,1.0
562.98354,0.0,0.0,0.0,0.0,0.0
562.98355,0.0,0.0,0.0,0.0,0.0
562.98356,0.0,0.0,0.0,0.0,0.0
562.98357,1.0,0.0,0.0,0.0,0.0
562.98358,0.0,0.0,0.0,0.0,0.0
562.98359,1.0,0.0,0.0,0.0,1.0
562.98360,0.0,0.0,0.0,0.0,1.0
562.98361,0.0,0.0,0.0,0.0,0.0
562.98362,1.0,1.0,0.0,0.0,0.0
562.98363,0.0,0.0,0.0,0.0,0.0
562.98364,0.0,0.0,0.0,0.0,0.0
562.98365,0.0,0.0,0.0,0.0,0.0
562.98366,0.0,0.0,0.0,0.0,0.0
562.98367,1.0,0.0,0.0,0.0,0.0
562.98368,0.0,0.0,0.0,0.0,0.0
562.98369,0.0,0.0,0.0,0.0,0.0
562.98370,1.0,0.0,0.0,0.0,1.0
562.98371,0.0,0.0,0.0,0.0,0.0
562.98372,1.0,1.0,1.0,0.0,0.0
562.98373,0.0,0.0,0.0,0.0,0.0
562.98374,0.0,0.0,0.0,0.0,0.0
562.98375,0.0,0.0,0.0,0.0,0.0
562.98376,1.0,0.0,1.0,0.0,1.0
562.98377,1.0,0.0,0.0,0.0,0.0
562.98378,1.0,0.0,0.0,0.0,0.0
562.98379,1.0,0.0,0.0,0.0,0.0
562.98380,1.0,0.0,0.0,0.0,1.0
562.98381,1.0,0.0,0.0,0.0,0.0
562.98382,0.0,0.0,0.0,0.0,0.0
562.98383,1.0,0.0,0.0,0.0,1.0
562.98384,0.0,0.0,0.0,0.0,0.0
562.98385,0.0,0.0,0.0,0.0,0.0
562.98386,0.0,0.0,0.0,0.0,1.0
562.98387,1.0,0.0,0.0,0.0,1.0
562.98388,0.0,0.0,0.0,0.0,0.0
562.98389,0.0,0.0,0.0,0.0,0.0
562.98390,0.0,0.0,0.0,0.0,0.0
562.98391,0.0,0.0,0.0,0.0,0.0
562.98392,0.0,0.0,0.0,0.0,0.0
562.98393,0.0,0.0,0.0,0.0,0.0
562.98394,0.0,0.0,0.0,0.0,0.0
562.98395,0.0,0.0,0.0,0.0,0.0
562.98396,0.0,0.0,0.0,0.0,0.0
562.98397,1.0,0.0,1.0,1.0,1.0
562.98398,0.0,0.0,0.0,0.0,0.0
562.98399,1.0,0.0,0.0,0.0,1.0
562.98400,1.0,0.0,0.0,1.0,1.0
562.98401,1.0,,0.0,0.0,1.0
562.98402,0.0,0.0,0.0,0.0,0.0
562.98403,1.0,0.0,0.0,0.0,0.0
562.98404,0.0,0.0,0.0,0.0,0.0
562.98405,,0.0,1.0,0.0,1.0
562.98406,1.0,0.0,1.0,0.0,1.0
562.98407,1.0,0.0,0.0,0.0,0.0
562.98408,0.0,0.0,0.0,0.0,0.0
562.98409,0.0,0.0,0.0,0.0,0.0
562.98410,0.0,0.0,0.0,0.0,0.0
562.98411,0.0,0.0,0.0,0.0,0.0
562.98412,1.0,0.0,0.0,0.0,1.0
562.98413,0.0,0.0,0.0,0.0,0.0
562.98414,0.0,0.0,0.0,0.0,0.0
562.98415,0.0,0.0,0.0,0.0,0.0
562.98416,1.0,0.0,0.0,0.0,0.0
562.98417,1.0,0.0,1.0,1.0,1.0
562.98418,0.0,0.0,0.0,0.0,0.0
562.98419,1.0,0.0,0.0,0.0,1.0
562.98420,0.0,0.0,0.0,0.0,0.0
562.98421,0.0,0.0,0.0,0.0,0.0
562.98422,0.0,0.0,0.0,0.0,0.0
562.98423,0.0,0.0,0.0,0.0,1.0
562.98424,0.0,0.0,0.0,0.0,0.0
562.98425,0.0,0.0,0.0,0.0,0.0
562.98426,0.0,0.0,0.0,0.0,0.0
562.98427,1.0,0.0,0.0,0.0,1.0
562.98428,0.0,0.0,0.0,0.0,0.0
562.98429,0.0,0.0,0.0,0.0,0.0
562.98430,0.0,0.0,0.0,0.0,0.0
562.98431,0.0,0.0,0.0,0.0,0.0
562.98432,0.0,0.0,0.0,0.0,0.0
562.98433,0.0,0.0,0.0,0.0,0.0
562.98434,0.0,0.0,0.0,0.0,0.0
562.98435,0.0,0.0,0.0,0.0,0.0
562.98436,0.0,0.0,0.0,0.0,0.0
562.98437,1.0,0.0,1.0,1.0,1.0
562.98438,1.0,0.0,0.0,0.0,0.0
562.98439,0.0,0.0,0.0,0.0,0.0
562.98440,1.0,0.0,0.0,0.0,0.0
562.98441,1.0,0.0,0.0,0.0,1.0
562.98442,0.0,0.0,0.0,0.0,0.0
562.98443,0.0,0.0,0.0,0.0,
562.98444,0.0,0.0,0.0,0.0,0.0
562.98445,0.0,0.0,0.0,0.0,0.0
562.98446,1.0,0.0,0.0,0.0,0.0
562.98447,0.0,0.0,0.0,0.0,0.0
562.98448,0.0,0.0,0.0,0.0,0.0
562.98449,1.0,0.0,0.0,0.0,0.0
562.98450,0.0,0.0,0.0,0.0,0.0
562.98451,1.0,0.0,0.0,0.0,0.0
562.98452,0.0,0.0,0.0,0.0,0.0
562.98453,1.0,0.0,0.0,0.0,1.0
562.98454,0.0,0.0,0.0,0.0,0.0
562.98455,0.0,0.0,0.0,0.0,0.0
562.98456,1.0,0.0,0.0,0.0,0.0
562.98457,1.0,0.0,0.0,0.0,0.0
562.98458,0.0,0.0,0.0,0.0,0.0
562.98459,1.0,0.0,0.0,0.0,1.0
562.98460,1.0,0.0,0.0,0.0,0.0
562.98461,0.0,0.0,0.0,0.0,1.0
562.98462,0.0,0.0,0.0,0.0,0.0
562.98463,1.0,0.0,0.0,0.0,1.0
562.98464,0.0,0.0,0.0,0.0,0.0
562.98465,0.0,0.0,0.0,0.0,0.0
562.98466,0.0,0.0,0.0,0.0,0.0
562.98467,0.0,0.0,0.0,0.0,0.0
562.98468,0.0,0.0,0.0,0.0,0.0
562.98469,1.0,0.0,0.0,0.0,1.0
562.98470,1.0,0.0,0.0,0.0,1.0
562.98471,0.0,0.0,0.0,0.0,0.0
562.98472,0.0,0.0,0.0,0.0,0.0
562.98473,1.0,0.0,0.0,0.0,0.0
562.98474,0.0,0.0,0.0,0.0,0.0
562.98475,0.0,0.0,0.0,0.0,0.0
562.98476,0.0,0.0,0.0,0.0,0.0
562.98477,0.0,0.0,0.0,0.0,0.0
562.98478,0.0,0.0,0.0,0.0,0.0
562.98479,0.0,0.0,0.0,0.0,0.0
562.98480,1.0,0.0,0.0,0.0,1.0
562.98481,0.0,0.0,0.0,0.0,0.0
562.98482,0.0,0.0,0.0,0.0,0.0
562.98483,1.0,1.0,1.0,1.0,1.0
562.98484,0.0,0.0,0.0,0.0,0.0
562.98485,0.0,0.0,0.0,0.0,0.0
562.98486,0.0,0.0,0.0,0.0,0.0
562.98487,0.0,0.0,0.0,0.0,0.0
562.98488,1.0,0.0,0.0,0.0,1.0
562.98489,0.0,0.0,0.0,0.0,0.0
562.98490,0.0,0.0,0.0,0.0,0.0
562.98491,0.0,0.0,0.0,0.0,0.0
562.98492,1.0,0.0,0.0,,1.0
562.98493,0.0,0.0,0.0,0.0,0.0
562.98494,0.0,0.0,0.0,0.0,0.0
562.98495,0.0,0.0,0.0,0.0,0.0
562.98496,0.0,0.0,0.0,0.0,0.0
562.98497,0.0,0.0,0.0,0.0,0.0
562.98498,0.0,0.0,0.0,0.0,0.0
562.98499,0.0,0.0,0.0,0.0,0.0
562.98500,1.0,0.0,0.0,0.0,0.0
562.98501,0.0,0.0,0.0,0.0,0.0
562.98502,0.0,0.0,0.0,0.0,0.0
562.98503,0.0,0.0,0.0,0.0,0.0
562.98504,1.0,0.0,1.0,0.0,1.0
562.98505,0.0,0.0,0.0,0.0,0.0
562.98506,0.0,0.0,0.0,0.0,0.0
562.98507,1.0,0.0,0.0,0.0,0.0
562.98508,0.0,0.0,0.0,0.0,0.0
562.98509,0.0,0.0,0.0,0.0,0.0
562.98510,1.0,0.0,0.0,0.0,0.0
562.98511,1.0,0.0,,0.0,1.0
562.98512,0.0,0.0,0.0,0.0,0.0
562.98513,0.0,0.0,0.0,0.0,0.0
562.98514,1.0,0.0,0.0,0.0,1.0
562.98515,0.0,0.0,0.0,0.0,0.0
562.98516,1.0,0.0,0.0,0.0,0.0
562.98517,0.0,0.0,0.0,0.0,0.0
562.98518,1.0,0.0,0.0,0.0,0.0
562.98519,1.0,0.0,0.0,0.0,1.0
562.98520,0.0,0.0,0.0,0.0,0.0
562.98521,1.0,0.0,1.0,0.0,1.0
562.98522,0.0,0.0,0.0,0.0,0.0
562.98523,1.0,0.0,0.0,0.0,1.0
562.98524,0.0,0.0,0.0,0.0,0.0
562.98525,1.0,0.0,1.0,1.0,1.0
562.98526,1.0,0.0,1.0,0.0,1.0
562.98527,0.0,0.0,0.0,0.0,0.0
562.98528,1.0,0.0,0.0,0.0,0.0
562.98529,0.0,0.0,0.0,0.0,0.0
562.98530,0.0,0.0,0.0,0.0,0.0
562.98531,0.0,0.0,0.0,0.0,0.0
562.98532,0.0,0.0,0.0,0.0,0.0
562.98533,0.0,0.0,0.0,0.0,0.0
562.98534,0.0,0.0,0.0,0.0,1.0
562.98535,0.0,0.0,0.0,0.0,0.0
562.98536,0.0,0.0,0.0,0.0,0.0
562.98537,1.0,0.0,0.0,0.0,0.0
562.98538,0.0,0.0,0.0,0.0,1.0
562.98539,1.0,0.0,0.0,0.0,1.0
562.98540,1.0,0.0,0.0,0.0,1.0
562.98541,0.0,0.0,0.0,0.0,0.0
562.98542,1.0,0.0,1.0,1.0,1.0
562.98543,0.0,0.0,0.0,0.0,0.0
562.98544,0.0,0.0,0.0,0.0,0.0
562.98545,1.0,0.0,1.0,1.0,0.0
562.98546,0.0,0.0,0.0,0.0,0.0
562.98547,0.0,0.0,0.0,0.0,0.0
562.98548,0.0,0.0,0.0,0.0,0.0
562.98549,1.0,0.0,0.0,0.0,0.0
562.98550,0.0,0.0,0.0,0.0,0.0
562.98551,0.0,0.0,0.0,0.0,0.0
562.98552,0.0,0.0,0.0,0.0,0.0
562.98553,0.0,0.0,0.0,0.0,0.0
562.98554,1.0,0.0,0.0,0.0,0.0
562.98555,0.0,0.0,0.0,0.0,0.0
562.98556,1.0,0.0,0.0,0.0,1.0
562.98557,0.0,0.0,0.0,0.0,0.0
562.98558,0.0,0.0,0.0,0.0,1.0
562.98559,0.0,0.0,0.0,0.0,0.0
562.98560,1.0,0.0,1.0,0.0,1.0
562.98561,1.0,1.0,1.0,0.0,0.0
562.98562,0.0,0.0,0.0,0.0,0.0
562.98563,0.0,0.0,0.0,0.0,
562.98564,0.0,0.0,0.0,0.0,0.0
562.98565,1.0,0.0,0.0,0.0,
562.98566,1.0,0.0,0.0,0.0,0.0
562.98567,0.0,0.0,0.0,0.0,0.0
562.98568,0.0,0.0,0.0,0.0,0.0
562.98569,0.0,0.0,0.0,0.0,0.0
562.98570,0.0,0.0,0.0,0.0,0.0
562.98571,0.0,0.0,0.0,0.0,0.0
562.98572,0.0,0.0,0.0,0.0,0.0
562.98573,1.0,0.0,0.0,0.0,0.0
562.98574,1.0,0.0,1.0,0.0,1.0
562.98575,1.0,0.0,1.0,0.0,1.0
562.98576,1.0,0.0,0.0,0.0,0.0
562.98577,0.0,0.0,0.0,0.0,0.0
562.98578,0.0,0.0,0.0,0.0,0.0
562.98579,0.0,0.0,0.0,0.0,0.0
562.98580,0.0,0.0,0.0,0.0,0.0
562.98581,0.0,0.0,0.0,0.0,0.0
562.98582,1.0,0.0,0.0,0.0,1.0
562.98583,1.0,0.0,0.0,0.0,1.0
562.98584,1.0,0.0,0.0,0.0,0.0
562.98585,0.0,0.0,0.0,0.0,0.0
562.98586,0.0,0.0,0.0,0.0,0.0
562.98587,0.0,0.0,0.0,0.0,0.0
562.98588,1.0,0.0,0.0,0.0,0.0
562.98589,0.0,0.0,0.0,0.0,0.0
562.98590,0.0,0.0,0.0,0.0,0.0
562.98591,0.0,0.0,0.0,0.0,0.0
562.98592,0.0,0.0,0.0,0.0,0.0
562.98593,0.0,0.0,0.0,0.0,0.0
562.98594,0.0,0.0,0.0,0.0,0.0
562.98595,1.0,0.0,0.0,0.0,0.0
562.98596,0.0,0.0,0.0,0.0,0.0
562.98597,1.0,0.0,0.0,0.0,1.0
562.98598,1.0,0.0,1.0,0.0,1.0
562.98599,0.0,0.0,0.0,0.0,0.0
562.98600,0.0,0.0,0.0,0.0,0.0
562.98601,0.0,0.0,0.0,0.0,0.0
562.98602,1.0,0.0,0.0,0.0,0.0
562.98603,0.0,0.0,0.0,0.0,0.0
562.98604,1.0,0.0,0.0,0.0,1.0
562.98605,0.0,0.0,0.0,0.0,0.0
562.98606,1.0,0.0,0.0,0.0,0.0
562.98607,0.0,0.0,0.0,0.0,0.0
562.98608,0.0,0.0,0.0,0.0,0.0
562.98609,0.0,0.0,0.0,0.0,0.0
562.98610,0.0,0.0,0.0,0.0,0.0
562.98611,1.0,0.0,1.0,1.0,0.0
562.98612,1.0,0.0,0.0,0.0,0.0
562.98613,0.0,0.0,0.0,0.0,0.0
562.98614,1.0,0.0,0.0,0.0,0.0
562.98615,0.0,0.0,0.0,0.0,0.0
562.98616,1.0,0.0,0.0,0.0,1.0
562.98617,0.0,0.0,0.0,0.0,0.0
562.98618,1.0,1.0,0.0,0.0,1.0
562.98619,0.0,0.0,0.0,0.0,1.0
562.98620,1.0,0.0,0.0,0.0,0.0
562.98621,0.0,0.0,0.0,0.0,0.0
562.98622,0.0,0.0,0.0,0.0,0.0
562.98623,0.0,0.0,0.0,0.0,0.0
562.98624,0.0,0.0,0.0,0.0,0.0
562.98625,1.0,0.0,0.0,0.0,0.0
562.98626,1.0,0.0,0.0,0.0,0.0
562.98627,0.0,0.0,0.0,0.0,0.0
562.98628,1.0,0.0,0.0,0.0,0.0
562.98629,1.0,0.0,0.0,0.0,0.0
562.98630,0.0,0.0,0.0,0.0,0.0
562.98631,0.0,0.0,0.0,0.0,0.0
562.98632,0.0,0.0,0.0,0.0,0.0
562.98633,1.0,0.0,0.0,0.0,0.0
562.98634,1.0,0.0,1.0,0.0,1.0
562.98635,0.0,0.0,0.0,0.0,0.0
562.98636,0.0,0.0,0.0,0.0,0.0
562.98637,0.0,0.0,0.0,0.0,0.0
562.98638,1.0,0.0,0.0,0.0,1.0
562.98639,0.0,0.0,0.0,0.0,0.0
562.98640,0.0,0.0,0.0,0.0,1.0
562.98641,0.0,0.0,0.0,0.0,1.0
562.98642,0.0,0.0,0.0,0.0,0.0
562.98643,0.0,0.0,0.0,0.0,0.0
562.98644,1.0,0.0,0.0,0.0,1.0
562.98645,0.0,0.0,0.0,0.0,0.0
562.98646,0.0,0.0,0.0,0.0,0.0
562.98647,0.0,0.0,0.0,0.0,0.0
562.98648,0.0,0.0,0.0,0.0,0.0
562.98649,0.0,0.0,0.0,0.0,0.0
562.98650,0.0,0.0,0.0,0.0,0.0
562.98651,0.0,0.0,0.0,0.0,0.0
562.98652,0.0,0.0,0.0,0.0,0.0
562.98653,0.0,0.0,0.0,0.0,0.0
562.98654,0.0,0.0,0.0,0.0,0.0
562.98655,1.0,0.0,0.0,0.0,1.0
562.98656,1.0,0.0,0.0,0.0,0.0
562.98657,0.0,0.0,0.0,0.0,0.0
562.98658,0.0,0.0,0.0,0.0,0.0
562.98659,0.0,0.0,0.0,0.0,0.0
562.98660,0.0,0.0,0.0,0.0,0.0
562.98661,0.0,0.0,0.0,0.0,0.0
562.98662,1.0,0.0,0.0,0.0,1.0
562.98663,0.0,0.0,0.0,0.0,0.0
562.98664,1.0,0.0,0.0,0.0,0.0
562.98665,0.0,0.0,0.0,0.0,0.0
562.98666,1.0,0.0,0.0,0.0,1.0
562.98667,1.0,0.0,0.0,0.0,0.0
562.98668,1.0,0.0,0.0,0.0,0.0
562.98669,0.0,0.0,0.0,0.0,0.0
562.98670,0.0,0.0,0.0,0.0,0.0
562.98671,0.0,0.0,0.0,0.0,0.0
562.98672,0.0,0.0,0.0,0.0,0.0
562.98673,0.0,0.0,0.0,0.0,0.0
562.98674,0.0,0.0,1.0,,1.0
562.98675,0.0,0.0,0.0,0.0,0.0
562.98676,0.0,0.0,0.0,0.0,0.0
562.98677,0.0,0.0,0.0,0.0,0.0
562.98678,1.0,0.0,0.0,0.0,0.0
562.98679,1.0,0.0,0.0,0.0,0.0
562.98680,0.0,0.0,1.0,0.0,0.0
562.98681,0.0,0.0,0.0,0.0,0.0
562.98682,,0.0,1.0,0.0,1.0
562.98683,0.0,0.0,0.0,0.0,0.0
562.98684,0.0,0.0,0.0,0.0,1.0
562.98685,0.0,0.0,0.0,0.0,0.0
562.98686,0.0,0.0,0.0,0.0,0.0
562.98687,0.0,0.0,0.0,0.0,0.0
562.98688,0.0,0.0,0.0,0.0,0.0
562.98689,0.0,0.0,0.0,0.0,0.0
562.98690,0.0,0.0,0.0,0.0,0.0
562.98691,0.0,0.0,0.0,0.0,0.0
562.98692,0.0,0.0,0.0,0.0,1.0
562.98693,0.0,0.0,0.0,0.0,0.0
562.98694,1.0,0.0,0.0,0.0,1.0
562.98695,0.0,0.0,0.0,0.0,0.0
562.98696,0.0,0.0,0.0,0.0,0.0
562.98697,0.0,0.0,0.0,0.0,1.0
562.98698,0.0,0.0,0.0,0.0,0.0
562.98700,0.0,0.0,0.0,0.0,0.0
562.98701,1.0,0.0,0.0,0.0,1.0
562.98702,0.0,0.0,0.0,0.0,0.0
562.98703,1.0,0.0,0.0,0.0,1.0
562.98704,1.0,0.0,0.0,0.0,1.0
562.98705,0.0,0.0,0.0,0.0,0.0
562.98706,1.0,0.0,0.0,0.0,1.0
562.98707,0.0,0.0,0.0,0.0,0.0
562.98708,0.0,0.0,0.0,0.0,0.0
562.98709,0.0,0.0,0.0,0.0,0.0
562.98710,0.0,0.0,0.0,0.0,
562.98711,1.0,0.0,0.0,0.0,1.0
562.98712,0.0,0.0,0.0,0.0,0.0
562.98713,1.0,0.0,0.0,0.0,0.0
562.98714,0.0,0.0,0.0,0.0,0.0
562.98715,1.0,0.0,1.0,0.0,0.0
562.98716,0.0,0.0,0.0,0.0,0.0
562.98717,1.0,1.0,1.0,1.0,1.0
562.98718,0.0,0.0,0.0,0.0,1.0
562.98719,0.0,0.0,0.0,0.0,0.0
562.98720,0.0,0.0,0.0,0.0,0.0
562.98721,0.0,0.0,0.0,0.0,0.0
562.98722,0.0,0.0,0.0,0.0,0.0
562.98723,0.0,0.0,0.0,0.0,0.0
562.98724,0.0,0.0,0.0,0.0,0.0
562.98725,0.0,0.0,0.0,1.0,1.0
562.98726,0.0,0.0,0.0,0.0,0.0
562.98727,,0.0,1.0,0.0,0.0
562.98728,0.0,0.0,0.0,0.0,0.0
562.98729,1.0,0.0,0.0,0.0,1.0
562.98730,0.0,0.0,0.0,0.0,0.0
562.98731,1.0,0.0,0.0,0.0,0.0
562.98732,1.0,0.0,0.0,0.0,0.0
562.98733,1.0,0.0,0.0,0.0,0.0
562.98734,0.0,0.0,0.0,0.0,0.0
562.98735,0.0,0.0,0.0,0.0,0.0
562.98736,1.0,0.0,0.0,0.0,0.0
562.98737,1.0,0.0,0.0,0.0,1.0
562.98738,0.0,0.0,0.0,0.0,0.0
562.98739,0.0,0.0,0.0,0.0,0.0
562.98740,0.0,0.0,0.0,0.0,0.0
562.98741,0.0,0.0,0.0,0.0,
562.98742,1.0,0.0,0.0,0.0,1.0
562.98743,1.0,1.0,1.0,1.0,1.0
562.98744,1.0,0.0,0.0,0.0,1.0
562.98745,1.0,0.0,0.0,0.0,0.0
562.98746,1.0,0.0,0.0,0.0,0.0
562.98747,1.0,0.0,1.0,0.0,0.0
562.98748,0.0,0.0,0.0,0.0,0.0
562.98749,0.0,0.0,0.0,0.0,0.0
562.98750,0.0,0.0,0.0,0.0,0.0
562.98751,1.0,0.0,0.0,0.0,0.0
562.98752,0.0,0.0,0.0,0.0,0.0
562.98753,0.0,0.0,0.0,0.0,0.0
562.98754,0.0,0.0,0.0,0.0,0.0
562.98755,0.0,0.0,0.0,0.0,0.0
562.98756,0.0,0.0,0.0,0.0,0.0
562.98757,1.0,0.0,0.0,0.0,0.0
562.98758,0.0,0.0,0.0,0.0,0.0
562.98759,0.0,0.0,0.0,0.0,0.0
562.98760,1.0,0.0,1.0,1.0,1.0
562.98761,0.0,0.0,0.0,0.0,0.0
562.98762,1.0,0.0,0.0,0.0,0.0
562.98763,1.0,0.0,0.0,0.0,0.0
562.98764,0.0,0.0,0.0,0.0,0.0
562.98765,1.0,0.0,0.0,0.0,0.0
562.98766,1.0,0.0,0.0,0.0,1.0
562.98767,0.0,0.0,0.0,0.0,0.0
562.98768,0.0,0.0,0.0,0.0,0.0
562.98769,0.0,0.0,0.0,0.0,0.0
562.98770,0.0,0.0,0.0,0.0,
562.98771,0.0,0.0,0.0,0.0,0.0
562.98772,1.0,0.0,0.0,0.0,0.0
562.98773,1.0,0.0,1.0,0.0,1.0
562.98774,1.0,0.0,0.0,0.0,0.0
562.98775,0.0,0.0,0.0,0.0,0.0
562.98776,0.0,0.0,0.0,0.0,0.0
562.98777,0.0,0.0,0.0,0.0,0.0
562.98778,0.0,0.0,0.0,0.0,0.0
562.98779,0.0,0.0,0.0,0.0,0.0
562.98780,0.0,0.0,0.0,0.0,0.0
562.98781,0.0,0.0,0.0,0.0,1.0
562.98782,1.0,0.0,1.0,1.0,0.0
562.98783,0.0,0.0,0.0,0.0,0.0
562.98784,0.0,0.0,0.0,0.0,0.0
562.98785,0.0,0.0,0.0,0.0,0.0
562.98786,0.0,0.0,0.0,0.0,0.0
562.98787,1.0,0.0,0.0,0.0,1.0
562.98788,0.0,0.0,0.0,0.0,0.0
562.98789,0.0,0.0,0.0,0.0,0.0
562.98790,0.0,0.0,0.0,0.0,0.0
562.98791,0.0,0.0,0.0,0.0,0.0
562.98792,1.0,0.0,0.0,0.0,0.0
562.98793,0.0,0.0,0.0,0.0,0.0
562.98794,0.0,0.0,1.0,0.0,1.0
562.98795,1.0,0.0,0.0,0.0,1.0
562.98796,1.0,1.0,1.0,1.0,0.0
562.98797,0.0,0.0,0.0,0.0,0.0
562.98798,0.0,0.0,0.0,0.0,0.0
562.98799,0.0,0.0,0.0,0.0,0.0
562.98800,1.0,0.0,0.0,0.0,1.0
562.98801,1.0,0.0,0.0,0.0,1.0
562.98802,0.0,0.0,0.0,0.0,
562.98803,0.0,0.0,0.0,0.0,1.0
562.98804,0.0,0.0,0.0,0.0,0.0
562.98805,1.0,,0.0,0.0,0.0
562.98806,1.0,0.0,0.0,0.0,0.0
562.98807,1.0,,1.0,0.0,1.0
562.98808,1.0,0.0,0.0,0.0,0.0
562.98809,0.0,0.0,0.0,0.0,0.0
562.98810,0.0,0.0,0.0,0.0,0.0
562.98811,1.0,0.0,0.0,0.0,0.0
562.98812,0.0,0.0,0.0,0.0,1.0
562.98813,1.0,0.0,0.0,0.0,0.0
562.98814,0.0,0.0,0.0,0.0,0.0
562.98815,1.0,0.0,0.0,0.0,0.0
562.98816,0.0,0.0,0.0,0.0,0.0
562.98817,1.0,1.0,0.0,0.0,1.0
562.98818,0.0,0.0,0.0,0.0,0.0
562.98819,0.0,0.0,0.0,0.0,0.0
562.98820,0.0,0.0,0.0,0.0,0.0
562.98821,0.0,0.0,0.0,0.0,0.0
562.98822,1.0,0.0,0.0,0.0,0.0
562.98823,1.0,0.0,0.0,0.0,1.0
562.98824,0.0,0.0,0.0,0.0,0.0
562.98825,1.0,0.0,1.0,0.0,1.0
562.98826,1.0,0.0,1.0,1.0,0.0
562.98827,0.0,0.0,0.0,0.0,0.0
562.98828,1.0,0.0,0.0,0.0,1.0
562.98829,0.0,0.0,0.0,0.0,0.0
562.98830,1.0,0.0,0.0,0.0,0.0
562.98831,1.0,0.0,0.0,0.0,0.0
562.98832,1.0,0.0,1.0,0.0,1.0
562.98833,0.0,0.0,0.0,0.0,1.0
562.98834,1.0,0.0,0.0,0.0,0.0
562.98835,1.0,0.0,0.0,,1.0
562.98836,0.0,0.0,0.0,0.0,0.0
562.98837,1.0,0.0,0.0,0.0,0.0
562.98838,1.0,0.0,0.0,0.0,0.0
562.98839,1.0,0.0,1.0,0.0,1.0
562.98840,0.0,0.0,0.0,0.0,0.0
562.98841,1.0,0.0,0.0,0.0,0.0
562.98842,0.0,0.0,0.0,0.0,0.0
562.98843,0.0,0.0,0.0,0.0,0.0
562.98844,0.0,0.0,0.0,0.0,0.0
562.98845,1.0,0.0,1.0,0.0,1.0
562.98846,0.0,0.0,0.0,0.0,0.0
562.98847,1.0,0.0,0.0,0.0,1.0
562.98848,1.0,0.0,0.0,0.0,1.0
562.98849,1.0,0.0,0.0,0.0,1.0
562.98850,1.0,0.0,0.0,0.0,0.0
562.98851,1.0,0.0,0.0,0.0,0.0
562.98852,0.0,0.0,0.0,0.0,0.0
562.98853,1.0,0.0,0.0,0.0,0.0
562.98854,1.0,0.0,0.0,0.0,1.0
562.98855,0.0,0.0,0.0,0.0,0.0
562.98856,1.0,0.0,0.0,0.0,1.0
562.98857,0.0,0.0,0.0,0.0,0.0
562.98858,0.0,0.0,0.0,0.0,0.0
562.98859,0.0,0.0,0.0,0.0,1.0
562.98860,1.0,0.0,0.0,0.0,1.0
562.98861,1.0,1.0,1.0,0.0,1.0
562.98862,1.0,0.0,0.0,0.0,1.0
562.98863,0.0,0.0,0.0,0.0,0.0
562.98864,0.0,0.0,0.0,0.0,0.0
562.98865,0.0,0.0,0.0,0.0,1.0
562.98866,0.0,0.0,0.0,0.0,0.0
562.98867,1.0,0.0,0.0,0.0,0.0
562.98868,1.0,0.0,0.0,0.0,0.0
562.98869,0.0,0.0,0.0,0.0,0.0
562.98870,0.0,0.0,0.0,0.0,1.0
562.98871,1.0,0.0,0.0,0.0,
562.98872,1.0,0.0,0.0,0.0,0.0
562.98873,0.0,0.0,0.0,0.0,0.0
562.98874,0.0,0.0,0.0,0.0,0.0
562.98875,0.0,0.0,0.0,0.0,0.0
562.98876,0.0,0.0,0.0,0.0,0.0
562.98877,1.0,0.0,0.0,0.0,1.0
562.98878,0.0,0.0,0.0,0.0,0.0
562.98879,1.0,0.0,0.0,0.0,1.0
562.98880,0.0,0.0,0.0,0.0,0.0
562.98881,0.0,0.0,0.0,0.0,0.0
562.98882,0.0,0.0,0.0,0.0,0.0
562.98883,0.0,0.0,0.0,0.0,0.0
562.98884,0.0,0.0,0.0,0.0,0.0
562.98885,0.0,0.0,0.0,0.0,0.0
562.98886,1.0,0.0,0.0,0.0,1.0
562.98887,0.0,0.0,0.0,0.0,0.0
562.98888,0.0,0.0,0.0,0.0,0.0
562.98889,1.0,0.0,0.0,0.0,1.0
562.98890,0.0,0.0,0.0,0.0,0.0
562.98891,0.0,0.0,0.0,0.0,0.0
562.98892,1.0,1.0,0.0,1.0,1.0
562.98893,1.0,1.0,0.0,1.0,1.0
562.98894,0.0,0.0,0.0,0.0,0.0
562.98895,0.0,0.0,0.0,0.0,0.0
562.98896,1.0,0.0,0.0,0.0,0.0
562.98897,0.0,0.0,0.0,0.0,0.0
562.98898,0.0,0.0,0.0,0.0,0.0
562.98899,0.0,0.0,0.0,0.0,0.0
562.98900,0.0,0.0,0.0,0.0,0.0
562.98901,0.0,0.0,0.0,0.0,0.0
562.98902,0.0,0.0,0.0,0.0,0.0
562.98903,0.0,0.0,0.0,0.0,0.0
562.98904,0.0,0.0,0.0,0.0,0.0
562.98905,0.0,0.0,0.0,0.0,0.0
562.98906,0.0,0.0,0.0,0.0,0.0
562.98907,1.0,0.0,0.0,0.0,1.0
562.98908,0.0,0.0,0.0,0.0,0.0
562.98909,0.0,0.0,0.0,0.0,0.0
562.98910,1.0,0.0,0.0,0.0,1.0
562.98911,0.0,0.0,0.0,0.0,0.0
562.98912,1.0,0.0,0.0,0.0,1.0
562.98913,0.0,0.0,0.0,0.0,0.0
562.98914,1.0,0.0,1.0,1.0,1.0
562.98915,0.0,0.0,0.0,0.0,0.0
562.98916,0.0,0.0,0.0,0.0,0.0
562.98917,0.0,0.0,0.0,0.0,0.0
562.98918,1.0,0.0,0.0,0.0,0.0
562.98919,0.0,0.0,0.0,0.0,0.0
562.98920,1.0,0.0,0.0,0.0,1.0
562.98921,0.0,0.0,0.0,0.0,0.0
562.98922,0.0,0.0,0.0,0.0,0.0
562.98923,1.0,0.0,0.0,0.0,
562.98924,0.0,0.0,0.0,0.0,0.0
562.98925,0.0,0.0,0.0,0.0,0.0
562.98926,1.0,0.0,0.0,0.0,0.0
562.98927,0.0,0.0,0.0,0.0,0.0
562.98928,0.0,0.0,0.0,0.0,0.0
562.98929,0.0,0.0,0.0,0.0,0.0
562.98930,0.0,0.0,0.0,0.0,0.0
562.98931,1.0,1.0,1.0,1.0,1.0
562.98932,0.0,0.0,1.0,0.0,0.0
562.98933,0.0,0.0,0.0,0.0,0.0
562.98934,1.0,0.0,0.0,0.0,1.0
562.98935,0.0,0.0,0.0,0.0,0.0
562.98936,1.0,0.0,0.0,0.0,0.0
562.98937,0.0,0.0,0.0,0.0,0.0
562.98938,0.0,0.0,0.0,0.0,
562.98939,1.0,0.0,0.0,0.0,0.0
562.98940,0.0,0.0,0.0,0.0,0.0
562.98941,0.0,0.0,0.0,0.0,0.0
562.98942,0.0,0.0,0.0,0.0,0.0
562.98943,1.0,0.0,0.0,0.0,1.0
562.98944,0.0,0.0,0.0,0.0,0.0
562.98945,0.0,0.0,0.0,0.0,0.0
562.98946,0.0,0.0,0.0,0.0,0.0
562.98947,0.0,0.0,0.0,0.0,0.0
562.98948,1.0,0.0,0.0,0.0,1.0
562.98949,0.0,0.0,0.0,0.0,0.0
562.98950,0.0,0.0,0.0,0.0,0.0
562.98951,0.0,0.0,0.0,0.0,0.0
562.98952,0.0,0.0,0.0,0.0,1.0
562.98953,1.0,0.0,0.0,0.0,0.0
562.98954,0.0,0.0,0.0,0.0,0.0
562.98955,0.0,0.0,0.0,0.0,0.0
562.98956,0.0,0.0,0.0,0.0,0.0
562.98957,0.0,0.0,0.0,0.0,0.0
562.98958,0.0,0.0,0.0,0.0,0.0
562.98959,0.0,0.0,0.0,0.0,0.0
562.98960,1.0,0.0,0.0,0.0,1.0
562.98961,1.0,0.0,1.0,1.0,0.0
562.98962,0.0,0.0,0.0,0.0,0.0
562.98963,0.0,0.0,0.0,0.0,0.0
562.98964,0.0,0.0,0.0,0.0,0.0
562.98965,0.0,0.0,0.0,0.0,0.0
562.98966,1.0,0.0,0.0,0.0,1.0
562.98967,1.0,0.0,0.0,0.0,1.0
562.98968,0.0,0.0,0.0,0.0,1.0
562.98969,1.0,0.0,0.0,0.0,1.0
562.98970,0.0,0.0,0.0,0.0,0.0
562.98971,0.0,0.0,0.0,0.0,0.0
562.98972,0.0,0.0,0.0,0.0,0.0
562.98973,1.0,0.0,0.0,,1.0
562.98974,0.0,0.0,0.0,0.0,0.0
562.98975,1.0,0.0,0.0,0.0,1.0
562.98976,0.0,0.0,0.0,0.0,0.0
562.98977,0.0,0.0,0.0,0.0,0.0
562.98978,1.0,1.0,0.0,0.0,0.0
562.98979,1.0,0.0,0.0,0.0,1.0
562.98980,0.0,0.0,0.0,0.0,0.0
562.98981,0.0,0.0,0.0,0.0,0.0
562.98982,1.0,0.0,0.0,0.0,1.0
562.98983,0.0,0.0,0.0,0.0,0.0
562.98984,0.0,0.0,0.0,0.0,0.0
562.98985,0.0,0.0,0.0,0.0,0.0
562.98986,1.0,0.0,0.0,0.0,0.0
562.98987,0.0,0.0,0.0,0.0,0.0
562.98988,1.0,0.0,0.0,0.0,1.0
562.98989,0.0,0.0,0.0,0.0,
562.98990,1.0,0.0,0.0,0.0,1.0
562.98991,0.0,0.0,0.0,0.0,0.0
562.98992,1.0,0.0,0.0,0.0,0.0
562.98993,0.0,0.0,0.0,0.0,0.0
562.98994,0.0,0.0,0.0,0.0,0.0
562.98995,1.0,0.0,,0.0,
562.98996,0.0,0.0,0.0,0.0,0.0
562.98997,0.0,0.0,0.0,0.0,0.0
562.98998,0.0,0.0,0.0,0.0,0.0
562.98999,1.0,0.0,0.0,0.0,0.0
562.99000,1.0,0.0,0.0,0.0,1.0
562.99001,1.0,0.0,0.0,0.0,0.0
562.99002,0.0,0.0,0.0,0.0,0.0
562.99003,0.0,0.0,0.0,0.0,0.0
562.99004,1.0,0.0,0.0,1.0,0.0
562.99005,0.0,0.0,0.0,0.0,0.0
562.99006,1.0,0.0,0.0,0.0,0.0
562.99007,0.0,0.0,0.0,0.0,0.0
562.99008,1.0,0.0,1.0,1.0,1.0
562.99009,0.0,0.0,0.0,0.0,0.0
562.99010,1.0,0.0,0.0,1.0,1.0
562.99011,0.0,0.0,0.0,0.0,0.0
562.99012,0.0,0.0,0.0,0.0,0.0
562.99013,0.0,0.0,0.0,0.0,0.0
562.99014,1.0,0.0,0.0,0.0,1.0
562.99015,0.0,0.0,0.0,0.0,1.0
562.99016,0.0,0.0,0.0,0.0,0.0
562.99017,1.0,0.0,0.0,0.0,0.0
562.99018,0.0,0.0,0.0,0.0,
562.99019,0.0,0.0,0.0,0.0,0.0
562.99020,0.0,0.0,0.0,0.0,0.0
562.99021,1.0,0.0,0.0,0.0,0.0
562.99022,0.0,0.0,0.0,0.0,0.0
562.99023,0.0,0.0,0.0,,1.0
562.99024,0.0,,0.0,0.0,0.0
562.99025,1.0,0.0,,1.0,1.0
562.99026,0.0,0.0,0.0,0.0,0.0
562.99027,0.0,0.0,0.0,0.0,0.0
562.99028,0.0,0.0,0.0,0.0,0.0
562.99029,0.0,0.0,0.0,0.0,0.0
562.99030,0.0,0.0,0.0,0.0,0.0
562.99031,1.0,0.0,0.0,0.0,1.0
562.99032,1.0,0.0,0.0,0.0,1.0
562.99033,1.0,0.0,0.0,0.0,0.0
562.99034,0.0,0.0,0.0,0.0,0.0
562.99035,0.0,0.0,0.0,0.0,0.0
562.99036,1.0,0.0,0.0,0.0,1.0
562.99037,1.0,1.0,1.0,0.0,0.0
562.99038,1.0,0.0,,0.0,1.0
562.99039,0.0,0.0,0.0,0.0,0.0
562.99040,0.0,0.0,0.0,0.0,0.0
562.99041,0.0,0.0,0.0,0.0,0.0
562.99042,0.0,0.0,0.0,0.0,0.0
562.99043,0.0,0.0,0.0,0.0,0.0
562.99044,0.0,0.0,0.0,0.0,0.0
562.99045,0.0,0.0,0.0,0.0,0.0
562.99046,0.0,0.0,0.0,0.0,0.0
562.99047,0.0,0.0,0.0,0.0,0.0
562.99048,1.0,1.0,1.0,0.0,1.0
562.99049,0.0,0.0,0.0,0.0,0.0
562.99050,1.0,0.0,0.0,0.0,1.0
562.99051,0.0,0.0,0.0,0.0,0.0
562.99052,1.0,0.0,0.0,0.0,1.0
562.99053,1.0,0.0,0.0,0.0,0.0
562.99054,1.0,0.0,0.0,0.0,0.0
562.99055,0.0,0.0,0.0,0.0,0.0
562.99056,0.0,0.0,0.0,0.0,0.0
562.99057,0.0,0.0,0.0,0.0,0.0
562.99058,1.0,0.0,0.0,0.0,0.0
562.99059,1.0,0.0,0.0,0.0,0.0
562.99060,1.0,0.0,0.0,0.0,1.0
562.99061,0.0,0.0,0.0,0.0,0.0
562.99062,0.0,0.0,0.0,0.0,0.0
562.99063,1.0,0.0,0.0,0.0,0.0
562.99064,0.0,0.0,0.0,0.0,0.0
562.99065,0.0,0.0,0.0,0.0,0.0
562.99066,1.0,0.0,0.0,0.0,1.0
562.99067,0.0,0.0,0.0,0.0,0.0
562.99068,1.0,0.0,1.0,0.0,0.0
562.99069,0.0,0.0,0.0,0.0,0.0
562.99070,1.0,0.0,0.0,0.0,0.0
562.99071,0.0,0.0,0.0,0.0,0.0
562.99072,0.0,0.0,0.0,0.0,0.0
562.99073,1.0,0.0,0.0,0.0,0.0
562.99074,0.0,0.0,0.0,0.0,0.0
562.99075,0.0,0.0,0.0,0.0,1.0
562.99076,0.0,0.0,0.0,0.0,0.0
562.99077,0.0,0.0,0.0,0.0,0.0
562.99078,0.0,0.0,0.0,0.0,0.0
562.99079,0.0,0.0,0.0,0.0,0.0
562.99080,0.0,0.0,0.0,0.0,0.0
562.99081,1.0,0.0,0.0,0.0,0.0
562.99082,0.0,0.0,0.0,0.0,0.0
562.99083,0.0,0.0,0.0,0.0,0.0
562.99084,1.0,1.0,1.0,0.0,1.0
562.99085,1.0,0.0,0.0,0.0,0.0
562.99086,0.0,0.0,0.0,0.0,0.0
562.99087,1.0,0.0,0.0,0.0,0.0
562.99088,0.0,0.0,1.0,0.0,1.0
562.99089,0.0,0.0,0.0,0.0,0.0
562.99090,0.0,0.0,0.0,0.0,0.0
562.99091,1.0,0.0,1.0,0.0,1.0
562.99092,0.0,0.0,0.0,0.0,0.0
562.99093,1.0,0.0,0.0,0.0,1.0
562.99094,0.0,0.0,0.0,0.0,0.0
562.99095,1.0,0.0,0.0,0.0,0.0
562.99096,0.0,0.0,0.0,0.0,0.0
562.99097,1.0,0.0,0.0,0.0,0.0
562.99098,1.0,0.0,0.0,0.0,0.0
562.99099,0.0,0.0,0.0,0.0,0.0
562.99100,1.0,0.0,0.0,0.0,0.0
562.99101,0.0,0.0,0.0,0.0,0.0
562.99102,0.0,0.0,0.0,0.0,0.0
562.99103,0.0,0.0,0.0,0.0,0.0
562.99104,0.0,0.0,0.0,0.0,0.0
562.99105,1.0,0.0,0.0,0.0,1.0
562.99106,0.0,0.0,0.0,0.0,0.0
562.99107,0.0,0.0,0.0,0.0,0.0
562.99108,1.0,0.0,1.0,0.0,1.0
562.99109,0.0,0.0,0.0,0.0,0.0
562.99110,1.0,0.0,0.0,0.0,0.0
562.99111,0.0,0.0,0.0,0.0,0.0
562.99112,0.0,0.0,0.0,0.0,0.0
562.99113,0.0,0.0,0.0,0.0,0.0
562.99114,0.0,0.0,0.0,0.0,0.0
562.99115,0.0,0.0,0.0,0.0,0.0
562.99116,1.0,0.0,0.0,0.0,0.0
562.99117,1.0,0.0,0.0,0.0,0.0
562.99118,1.0,0.0,0.0,0.0,1.0
562.99119,0.0,0.0,0.0,0.0,0.0
562.99120,0.0,0.0,0.0,0.0,0.0
562.99121,0.0,0.0,0.0,0.0,1.0
562.99122,1.0,1.0,1.0,1.0,1.0
562.99123,1.0,0.0,0.0,0.0,0.0
562.99124,1.0,0.0,0.0,0.0,1.0
562.99125,0.0,0.0,0.0,0.0,0.0
562.99126,1.0,1.0,1.0,0.0,1.0
562.99127,1.0,1.0,1.0,0.0,0.0
562.99128,1.0,0.0,0.0,0.0,0.0
562.99129,1.0,0.0,1.0,0.0,1.0
562.99130,0.0,0.0,0.0,0.0,0.0
562.99131,1.0,0.0,0.0,0.0,1.0
562.99132,1.0,0.0,1.0,0.0,1.0
562.99133,1.0,0.0,0.0,0.0,1.0
562.99134,0.0,0.0,0.0,0.0,0.0
562.99135,0.0,0.0,,0.0,1.0
562.99136,1.0,0.0,0.0,0.0,1.0
562.99137,0.0,0.0,0.0,0.0,0.0
562.99138,1.0,0.0,0.0,0.0,1.0
562.99139,0.0,0.0,0.0,0.0,0.0
562.99140,1.0,1.0,1.0,0.0,1.0
562.99141,0.0,0.0,0.0,0.0,0.0
562.99142,0.0,0.0,0.0,0.0,0.0
562.99143,0.0,0.0,0.0,0.0,0.0
562.99144,1.0,0.0,1.0,0.0,1.0
562.99145,0.0,0.0,0.0,0.0,1.0
562.99146,1.0,0.0,0.0,0.0,1.0
562.99147,1.0,0.0,0.0,0.0,0.0
562.99148,0.0,0.0,0.0,0.0,0.0
562.99149,0.0,0.0,0.0,0.0,0.0
562.99150,1.0,0.0,0.0,0.0,1.0
562.99151,1.0,0.0,0.0,0.0,0.0
562.99152,1.0,0.0,1.0,1.0,0.0
562.99153,0.0,0.0,0.0,0.0,0.0
562.99154,0.0,0.0,0.0,0.0,
562.99155,1.0,0.0,0.0,0.0,0.0
562.99156,0.0,0.0,1.0,0.0,0.0
562.99157,0.0,0.0,0.0,0.0,0.0
562.99158,1.0,0.0,0.0,0.0,0.0
562.99159,0.0,0.0,0.0,0.0,0.0
562.99160,0.0,0.0,0.0,0.0,0.0
562.99161,0.0,0.0,0.0,0.0,0.0
562.99162,0.0,0.0,0.0,0.0,0.0
562.99163,1.0,0.0,0.0,0.0,1.0
562.99164,1.0,0.0,0.0,0.0,0.0
562.99165,0.0,0.0,0.0,0.0,0.0
562.99166,0.0,0.0,0.0,0.0,0.0
562.99167,0.0,0.0,0.0,0.0,0.0
562.99168,0.0,0.0,0.0,0.0,0.0
562.99169,1.0,0.0,1.0,0.0,1.0
562.99170,0.0,0.0,0.0,0.0,0.0
562.99171,1.0,1.0,1.0,1.0,1.0
562.99172,0.0,0.0,0.0,0.0,0.0
562.99173,1.0,0.0,0.0,0.0,1.0
562.99174,0.0,0.0,0.0,0.0,0.0
562.99175,0.0,0.0,0.0,0.0,0.0
562.99176,0.0,0.0,0.0,0.0,0.0
562.99177,1.0,0.0,0.0,0.0,0.0
562.99178,1.0,0.0,0.0,0.0,0.0
562.99179,0.0,0.0,0.0,0.0,0.0
562.99180,0.0,0.0,0.0,0.0,1.0
562.99181,0.0,0.0,0.0,0.0,0.0
562.99182,1.0,0.0,0.0,0.0,1.0
562.99183,1.0,0.0,,1.0,1.0
562.99184,0.0,0.0,0.0,0.0,0.0
562.99185,0.0,0.0,0.0,0.0,0.0
562.99186,1.0,0.0,0.0,0.0,0.0
562.99187,1.0,0.0,0.0,0.0,0.0
562.99188,1.0,0.0,0.0,0.0,1.0
562.99189,1.0,0.0,0.0,0.0,1.0
562.99190,0.0,0.0,0.0,0.0,0.0
562.99191,0.0,0.0,0.0,0.0,0.0
562.99192,1.0,0.0,0.0,0.0,1.0
562.99193,0.0,0.0,0.0,0.0,0.0
562.99194,1.0,0.0,0.0,0.0,0.0
562.99195,0.0,0.0,0.0,0.0,0.0
562.99196,1.0,0.0,0.0,0.0,1.0
562.99197,1.0,0.0,0.0,0.0,1.0
562.99198,0.0,0.0,0.0,0.0,0.0
562.99199,1.0,0.0,0.0,0.0,1.0
562.99200,1.0,0.0,0.0,0.0,0.0
562.99201,1.0,0.0,0.0,0.0,1.0
562.99202,1.0,0.0,0.0,0.0,1.0
562.99203,1.0,0.0,0.0,0.0,0.0
562.99204,0.0,0.0,0.0,0.0,0.0
562.99205,0.0,0.0,0.0,0.0,0.0
562.99206,0.0,0.0,1.0,0.0,0.0
562.99207,1.0,0.0,0.0,0.0,1.0
562.99208,0.0,0.0,0.0,0.0,0.0
562.99209,1.0,0.0,1.0,,0.0
562.99210,0.0,0.0,0.0,0.0,0.0
562.99211,0.0,0.0,0.0,0.0,0.0
562.99212,0.0,0.0,0.0,0.0,1.0
562.99213,0.0,0.0,0.0,0.0,0.0
562.99214,1.0,0.0,0.0,0.0,1.0
562.99215,1.0,0.0,0.0,0.0,1.0
562.99216,1.0,0.0,0.0,0.0,1.0
562.99217,0.0,0.0,0.0,0.0,0.0
562.99218,0.0,0.0,0.0,0.0,1.0
562.99219,1.0,0.0,0.0,0.0,0.0
562.99220,0.0,0.0,0.0,0.0,0.0
562.99221,0.0,0.0,0.0,0.0,0.0
562.99223,0.0,0.0,0.0,0.0,0.0
562.99224,0.0,0.0,0.0,0.0,0.0
562.99225,0.0,0.0,0.0,0.0,0.0
562.99226,0.0,0.0,0.0,0.0,0.0
562.99227,0.0,0.0,0.0,0.0,0.0
562.99228,0.0,0.0,,0.0,0.0
562.99229,0.0,0.0,0.0,0.0,1.0
562.99230,0.0,0.0,0.0,0.0,0.0
562.99231,1.0,0.0,0.0,0.0,0.0
562.99232,1.0,0.0,0.0,0.0,1.0
562.99233,1.0,0.0,0.0,0.0,0.0
562.99234,0.0,0.0,0.0,0.0,0.0
562.99235,1.0,0.0,0.0,0.0,1.0
562.99236,0.0,0.0,0.0,0.0,0.0
562.99237,1.0,0.0,1.0,1.0,1.0
562.99238,0.0,0.0,0.0,0.0,0.0
562.99239,1.0,0.0,0.0,,1.0
562.99240,0.0,0.0,0.0,0.0,0.0
562.99241,0.0,0.0,0.0,0.0,0.0
562.99242,1.0,0.0,1.0,1.0,1.0
562.99243,0.0,0.0,0.0,,0.0
562.99244,0.0,0.0,0.0,,0.0
562.99245,0.0,0.0,0.0,,1.0
562.99246,0.0,0.0,0.0,0.0,0.0
562.99247,1.0,0.0,0.0,0.0,0.0
562.99248,1.0,0.0,0.0,0.0,0.0
562.99249,0.0,0.0,0.0,0.0,0.0
562.99250,0.0,0.0,,0.0,0.0
562.99251,0.0,0.0,0.0,0.0,0.0
562.99252,0.0,0.0,0.0,0.0,0.0
562.99253,1.0,0.0,0.0,1.0,1.0
562.99254,1.0,,0.0,0.0,
562.99256,0.0,0.0,0.0,,1.0
562.99257,0.0,0.0,0.0,0.0,0.0
562.99258,0.0,0.0,0.0,,0.0
562.99259,0.0,0.0,0.0,,0.0
562.99260,0.0,0.0,0.0,,0.0
562.99261,0.0,0.0,0.0,,0.0
562.99262,0.0,0.0,0.0,0.0,0.0
562.99263,0.0,0.0,0.0,,0.0
562.99264,1.0,,0.0,0.0,1.0
562.99265,1.0,0.0,0.0,,1.0
562.99266,0.0,0.0,0.0,,0.0
562.99267,1.0,0.0,0.0,,1.0
562.99268,1.0,0.0,0.0,,0.0
562.99270,0.0,0.0,0.0,,0.0
562.99271,1.0,1.0,1.0,,0.0
562.99272,1.0,1.0,1.0,,1.0
562.99273,0.0,0.0,0.0,,0.0
562.99274,0.0,,0.0,0.0,0.0
562.99275,0.0,0.0,0.0,0.0,0.0
562.99276,1.0,0.0,0.0,,0.0
562.99277,0.0,0.0,0.0,,0.0
562.99278,0.0,0.0,0.0,0.0,0.0
562.99279,0.0,0.0,0.0,,0.0
562.99280,0.0,0.0,0.0,0.0,0.0
562.99281,0.0,0.0,0.0,,0.0
562.99283,0.0,0.0,0.0,0.0,1.0
562.99284,0.0,0.0,0.0,,0.0
562.99285,0.0,0.0,0.0,0.0,0.0
562.99286,0.0,0.0,0.0,,0.0
562.99287,0.0,0.0,0.0,,0.0
562.99289,0.0,0.0,0.0,,0.0
562.99290,0.0,0.0,0.0,,0.0
562.99291,0.0,0.0,0.0,,0.0
562.99292,0.0,0.0,0.0,,0.0
562.99293,0.0,0.0,0.0,,0.0
562.99294,0.0,0.0,0.0,0.0,0.0
562.99295,0.0,0.0,1.0,0.0,0.0
562.99296,0.0,0.0,0.0,,0.0
562.99297,0.0,0.0,0.0,0.0,0.0
562.99298,0.0,0.0,0.0,,0.0
562.99299,1.0,0.0,0.0,0.0,0.0
562.99300,0.0,0.0,0.0,,0.0
562.99301,1.0,0.0,0.0,0.0,0.0
562.99302,0.0,0.0,0.0,0.0,0.0
562.99303,0.0,0.0,0.0,0.0,0.0
562.99304,0.0,0.0,0.0,0.0,0.0
562.99305,0.0,0.0,0.0,,0.0
562.99306,0.0,0.0,0.0,0.0,0.0
562.99307,1.0,0.0,0.0,,0.0
562.99308,1.0,0.0,0.0,0.0,0.0
562.99309,0.0,0.0,0.0,0.0,0.0
562.99310,0.0,0.0,0.0,,0.0
562.99311,0.0,0.0,0.0,,0.0
562.99312,0.0,0.0,0.0,0.0,0.0
562.99313,0.0,0.0,0.0,0.0,
562.99314,0.0,0.0,0.0,0.0,0.0
562.99315,0.0,0.0,0.0,,0.0
562.99316,1.0,0.0,0.0,0.0,1.0
562.99317,0.0,0.0,0.0,0.0,0.0
562.99318,1.0,0.0,0.0,0.0,1.0
562.99319,0.0,0.0,0.0,0.0,0.0
562.99320,1.0,0.0,1.0,0.0,1.0
562.99321,1.0,,0.0,0.0,1.0
562.99322,1.0,0.0,0.0,1.0,1.0
562.99323,1.0,0.0,0.0,0.0,1.0
562.99324,0.0,0.0,0.0,0.0,0.0
562.99325,0.0,0.0,0.0,0.0,0.0
562.99326,0.0,0.0,0.0,,0.0
562.99327,0.0,0.0,0.0,0.0,0.0
562.99328,0.0,,0.0,0.0,0.0
562.99329,0.0,0.0,0.0,0.0,0.0
562.99330,0.0,0.0,0.0,0.0,0.0
562.99331,0.0,0.0,0.0,0.0,0.0
562.99332,1.0,0.0,1.0,1.0,1.0
562.99333,1.0,0.0,0.0,0.0,1.0
562.99334,0.0,0.0,0.0,0.0,0.0
562.99335,0.0,0.0,0.0,0.0,0.0
562.99336,1.0,,1.0,0.0,1.0
562.99337,0.0,0.0,0.0,0.0,0.0
562.99338,1.0,0.0,1.0,0.0,1.0
562.99339,1.0,0.0,0.0,0.0,1.0
562.99340,0.0,,0.0,0.0,0.0
562.99341,0.0,0.0,0.0,0.0,
562.99342,1.0,0.0,0.0,1.0,0.0
562.99343,1.0,0.0,1.0,0.0,1.0
562.99344,1.0,0.0,0.0,0.0,1.0
562.99345,1.0,0.0,1.0,1.0,0.0
562.99346,1.0,0.0,0.0,1.0,1.0
562.99347,1.0,0.0,0.0,0.0,0.0
562.99348,1.0,0.0,0.0,0.0,1.0
562.99349,0.0,0.0,0.0,0.0,0.0
562.99350,1.0,0.0,0.0,0.0,0.0
562.99351,0.0,0.0,0.0,0.0,0.0
562.99352,1.0,,0.0,0.0,1.0
562.99353,1.0,0.0,0.0,0.0,1.0
562.99354,1.0,0.0,0.0,0.0,1.0
562.99355,0.0,,0.0,0.0,0.0
562.99356,0.0,0.0,0.0,0.0,0.0
562.99357,1.0,0.0,0.0,0.0,1.0
562.99358,0.0,0.0,0.0,0.0,0.0
562.99359,1.0,0.0,0.0,0.0,1.0
562.99360,0.0,0.0,0.0,0.0,1.0
562.99361,0.0,0.0,0.0,0.0,0.0
562.99362,1.0,0.0,0.0,0.0,1.0
562.99363,0.0,0.0,0.0,0.0,0.0
562.99364,1.0,0.0,0.0,0.0,1.0
562.99365,0.0,0.0,0.0,0.0,0.0
562.99366,1.0,0.0,0.0,0.0,1.0
562.99368,0.0,0.0,0.0,0.0,0.0
562.99370,1.0,0.0,0.0,0.0,
562.99371,0.0,,0.0,0.0,0.0
562.99372,0.0,0.0,0.0,0.0,0.0
562.99373,0.0,0.0,0.0,0.0,0.0
562.99374,0.0,0.0,0.0,0.0,0.0
562.99375,1.0,0.0,1.0,1.0,1.0
562.99376,0.0,0.0,0.0,0.0,0.0
562.99377,0.0,0.0,0.0,0.0,0.0
562.99378,1.0,,0.0,0.0,
562.99379,1.0,0.0,0.0,0.0,0.0
562.99380,0.0,0.0,0.0,0.0,0.0
562.99381,0.0,,0.0,0.0,0.0
562.99382,0.0,0.0,0.0,0.0,0.0
562.99383,1.0,1.0,1.0,0.0,1.0
562.99384,0.0,0.0,0.0,0.0,0.0
562.99385,0.0,0.0,0.0,0.0,0.0
562.99386,0.0,0.0,0.0,0.0,0.0
562.99387,1.0,0.0,0.0,0.0,
562.99388,1.0,0.0,0.0,0.0,
562.99389,1.0,0.0,0.0,0.0,1.0
562.99390,1.0,0.0,0.0,0.0,1.0
562.99391,1.0,0.0,1.0,0.0,1.0
562.99392,0.0,0.0,0.0,0.0,0.0
562.99393,0.0,0.0,0.0,0.0,0.0
562.99394,1.0,0.0,0.0,0.0,1.0
562.99395,1.0,0.0,0.0,0.0,
562.99396,0.0,0.0,0.0,0.0,0.0
562.99397,1.0,0.0,0.0,0.0,1.0
562.99398,0.0,0.0,0.0,0.0,0.0
562.99399,1.0,0.0,0.0,0.0,0.0
562.99400,1.0,,1.0,0.0,
562.99402,0.0,0.0,0.0,0.0,0.0
562.99403,0.0,0.0,0.0,,0.0
562.99404,0.0,0.0,0.0,0.0,1.0
562.99405,0.0,0.0,0.0,,0.0
562.99406,1.0,,,0.0,0.0
562.99407,0.0,0.0,0.0,0.0,0.0
562.99408,0.0,0.0,0.0,0.0,0.0
562.99409,0.0,0.0,0.0,0.0,
562.99411,0.0,0.0,0.0,,0.0
562.99412,0.0,0.0,0.0,,0.0
562.99413,1.0,0.0,0.0,0.0,1.0
562.99414,0.0,0.0,0.0,,0.0
562.99415,0.0,0.0,0.0,,0.0
562.99416,0.0,0.0,0.0,0.0,0.0
562.99417,1.0,0.0,0.0,0.0,1.0
562.99418,0.0,0.0,0.0,0.0,1.0
562.99419,0.0,0.0,0.0,,1.0
562.99420,1.0,0.0,0.0,0.0,1.0
562.99421,0.0,0.0,0.0,0.0,0.0
562.99422,1.0,,0.0,0.0,0.0
562.99423,1.0,0.0,1.0,1.0,1.0
562.99424,0.0,0.0,0.0,0.0,0.0
562.99425,0.0,0.0,0.0,,0.0
562.99426,0.0,0.0,0.0,0.0,0.0
562.99427,0.0,0.0,0.0,,0.0
562.99429,0.0,0.0,0.0,,0.0
562.99430,0.0,0.0,0.0,,0.0
562.99431,0.0,0.0,0.0,0.0,0.0
562.99433,1.0,1.0,0.0,,1.0
562.99434,0.0,0.0,0.0,,0.0
562.99435,1.0,1.0,1.0,,1.0
562.99436,0.0,0.0,0.0,,0.0
562.99437,0.0,0.0,0.0,0.0,0.0
562.99438,1.0,0.0,0.0,,0.0
562.99439,0.0,0.0,0.0,,0.0
562.99440,1.0,0.0,0.0,0.0,0.0
562.99441,0.0,0.0,0.0,,0.0
562.99442,0.0,0.0,0.0,,0.0
562.99443,0.0,0.0,0.0,0.0,0.0
562.99444,0.0,0.0,0.0,,0.0
562.99445,0.0,0.0,0.0,,0.0
562.99446,0.0,0.0,0.0,,0.0
562.99447,0.0,0.0,0.0,,0.0
562.99448,0.0,0.0,0.0,,0.0
562.99449,1.0,0.0,0.0,,0.0
562.99450,0.0,0.0,0.0,0.0,0.0
562.99451,1.0,1.0,1.0,1.0,1.0
562.99452,0.0,0.0,0.0,,0.0
562.99453,0.0,0.0,0.0,,0.0
562.99454,0.0,0.0,0.0,,0.0
562.99455,0.0,0.0,0.0,,0.0
562.99456,0.0,0.0,0.0,,0.0
562.99457,1.0,0.0,0.0,,0.0
562.99458,0.0,0.0,0.0,,0.0
562.99459,0.0,0.0,0.0,,
562.99460,1.0,1.0,1.0,0.0,1.0
562.99463,1.0,,0.0,0.0,0.0
562.99464,1.0,1.0,0.0,0.0,1.0
562.99465,0.0,0.0,0.0,,0.0
562.99466,1.0,,,1.0,1.0
562.99467,1.0,0.0,0.0,0.0,0.0
562.99468,1.0,0.0,0.0,0.0,0.0
562.99469,0.0,1.0,,0.0,
562.99470,0.0,0.0,0.0,0.0,0.0
562.99471,1.0,0.0,0.0,0.0,1.0
562.99472,1.0,,0.0,0.0,1.0
562.99473,1.0,0.0,0.0,0.0,1.0
562.99474,1.0,1.0,1.0,0.0,1.0
562.99475,1.0,0.0,0.0,0.0,1.0
562.99476,0.0,0.0,0.0,0.0,0.0
562.99477,0.0,0.0,0.0,0.0,0.0
562.99478,0.0,0.0,0.0,0.0,0.0
562.99479,1.0,0.0,0.0,0.0,1.0
562.99480,1.0,0.0,0.0,1.0,1.0
562.99481,0.0,0.0,0.0,0.0,0.0
562.99482,0.0,0.0,0.0,0.0,0.0
562.99483,1.0,0.0,0.0,0.0,1.0
562.99484,1.0,0.0,0.0,0.0,0.0
562.99485,1.0,,0.0,0.0,1.0
562.99486,0.0,0.0,0.0,0.0,0.0
562.99487,1.0,0.0,0.0,0.0,1.0
562.99488,0.0,0.0,0.0,0.0,0.0
562.99489,0.0,0.0,0.0,0.0,0.0
562.99490,0.0,0.0,0.0,0.0,0.0
562.99491,1.0,0.0,0.0,0.0,0.0
562.99492,1.0,0.0,1.0,0.0,0.0
562.99493,1.0,0.0,0.0,1.0,1.0
562.99494,1.0,0.0,0.0,0.0,0.0
562.99495,0.0,0.0,0.0,0.0,0.0
562.99496,0.0,0.0,0.0,0.0,0.0
562.99497,0.0,,0.0,0.0,
562.99498,0.0,0.0,0.0,,0.0
562.99499,1.0,1.0,0.0,0.0,1.0
562.99500,0.0,0.0,0.0,0.0,0.0
562.99501,1.0,1.0,1.0,1.0,1.0
562.99502,0.0,0.0,0.0,0.0,0.0
562.99503,0.0,0.0,0.0,0.0,0.0
562.99504,1.0,0.0,1.0,0.0,1.0
562.99507,1.0,0.0,1.0,1.0,1.0
562.99508,0.0,0.0,0.0,0.0,0.0
562.99509,0.0,0.0,0.0,0.0,0.0
562.99510,1.0,0.0,0.0,0.0,0.0
562.99511,1.0,0.0,0.0,0.0,0.0
562.99512,0.0,0.0,0.0,0.0,0.0
562.99513,1.0,0.0,0.0,0.0,1.0
562.99514,1.0,0.0,0.0,0.0,1.0
562.99515,0.0,0.0,0.0,0.0,0.0
562.99516,0.0,0.0,0.0,0.0,0.0
562.99517,0.0,0.0,0.0,0.0,0.0
562.99518,0.0,0.0,0.0,0.0,0.0
562.99519,0.0,0.0,0.0,0.0,0.0
562.99520,1.0,0.0,1.0,0.0,1.0
562.99521,0.0,0.0,0.0,0.0,0.0
562.99522,1.0,0.0,0.0,0.0,0.0
562.99523,1.0,0.0,0.0,0.0,0.0
562.99524,0.0,0.0,0.0,0.0,0.0
562.99525,0.0,0.0,1.0,0.0,0.0
562.99526,0.0,0.0,0.0,0.0,0.0
562.99527,1.0,0.0,0.0,0.0,1.0
562.99528,0.0,0.0,0.0,0.0,0.0
562.99529,0.0,0.0,0.0,0.0,0.0
562.99530,0.0,0.0,0.0,0.0,0.0
562.99531,1.0,0.0,0.0,0.0,0.0
562.99532,0.0,0.0,0.0,0.0,0.0
562.99533,0.0,0.0,0.0,0.0,0.0
562.99534,0.0,0.0,0.0,0.0,0.0
562.99535,0.0,0.0,0.0,0.0,0.0
562.99536,0.0,0.0,0.0,0.0,0.0
562.99537,0.0,0.0,0.0,0.0,0.0
562.99538,1.0,0.0,0.0,,0.0
562.99539,0.0,0.0,0.0,0.0,0.0
562.99540,0.0,0.0,0.0,0.0,0.0
562.99541,1.0,0.0,0.0,0.0,0.0
562.99542,1.0,0.0,1.0,0.0,0.0
562.99543,1.0,0.0,0.0,0.0,1.0
562.99544,0.0,0.0,0.0,0.0,0.0
562.99545,0.0,0.0,0.0,0.0,0.0
562.99546,0.0,0.0,0.0,0.0,0.0
562.99547,0.0,0.0,0.0,0.0,1.0
562.99549,1.0,0.0,0.0,1.0,1.0
562.99550,1.0,0.0,0.0,0.0,1.0
562.99551,0.0,0.0,0.0,0.0,0.0
562.99552,1.0,0.0,0.0,0.0,1.0
562.99553,0.0,0.0,0.0,0.0,0.0
562.99554,1.0,0.0,0.0,0.0,1.0
562.99555,0.0,0.0,0.0,0.0,0.0
562.99556,0.0,0.0,0.0,0.0,1.0
562.99557,0.0,0.0,0.0,0.0,0.0
562.99558,1.0,1.0,0.0,0.0,0.0
562.99559,1.0,0.0,1.0,0.0,1.0
562.99560,1.0,0.0,0.0,0.0,0.0
562.99561,0.0,0.0,0.0,0.0,0.0
562.99562,0.0,0.0,0.0,0.0,0.0
562.99563,0.0,0.0,0.0,0.0,0.0
562.99564,0.0,0.0,0.0,0.0,0.0
562.99565,1.0,0.0,0.0,0.0,0.0
562.99566,0.0,0.0,0.0,0.0,0.0
562.99567,1.0,0.0,0.0,0.0,0.0
562.99568,0.0,0.0,0.0,0.0,0.0
562.99569,0.0,0.0,0.0,0.0,0.0
562.99570,1.0,0.0,0.0,0.0,0.0
562.99571,0.0,0.0,0.0,0.0,0.0
562.99572,1.0,0.0,0.0,0.0,1.0
562.99573,1.0,0.0,1.0,1.0,1.0
562.99574,1.0,0.0,0.0,0.0,0.0
562.99575,0.0,0.0,0.0,0.0,0.0
562.99576,0.0,0.0,0.0,0.0,0.0
562.99577,0.0,0.0,0.0,0.0,0.0
562.99578,1.0,0.0,0.0,0.0,1.0
562.99579,1.0,0.0,1.0,0.0,0.0
562.99580,1.0,0.0,0.0,0.0,
562.99581,0.0,0.0,0.0,0.0,0.0
562.99582,1.0,0.0,0.0,0.0,1.0
562.99583,1.0,0.0,0.0,0.0,1.0
562.99584,1.0,0.0,0.0,0.0,1.0
562.99585,0.0,0.0,0.0,0.0,0.0
562.99586,0.0,0.0,0.0,0.0,0.0
562.99587,0.0,0.0,0.0,0.0,0.0
562.99588,0.0,0.0,0.0,0.0,0.0
562.99589,1.0,0.0,0.0,0.0,0.0
562.99590,0.0,0.0,0.0,0.0,0.0
562.99591,0.0,0.0,0.0,0.0,0.0
562.99592,0.0,0.0,0.0,0.0,0.0
562.99593,0.0,0.0,0.0,0.0,0.0
562.99594,0.0,0.0,0.0,0.0,0.0
562.99595,0.0,0.0,0.0,0.0,0.0
562.99596,0.0,0.0,0.0,0.0,0.0
562.99597,1.0,1.0,1.0,1.0,1.0
562.99598,0.0,0.0,0.0,0.0,0.0
562.99599,1.0,0.0,0.0,0.0,1.0
562.99600,1.0,0.0,1.0,0.0,0.0
562.99601,1.0,0.0,,1.0,1.0
562.99602,1.0,0.0,0.0,0.0,1.0
562.99603,0.0,0.0,0.0,0.0,0.0
562.99604,0.0,0.0,0.0,0.0,0.0
562.99605,1.0,1.0,1.0,1.0,1.0
562.99606,0.0,0.0,0.0,0.0,0.0
562.99607,0.0,0.0,0.0,0.0,0.0
562.99608,0.0,0.0,0.0,0.0,0.0
562.99609,0.0,0.0,0.0,0.0,0.0
562.99610,1.0,0.0,0.0,0.0,1.0
562.99611,0.0,0.0,0.0,0.0,0.0
562.99612,0.0,0.0,0.0,0.0,0.0
562.99613,0.0,0.0,0.0,0.0,0.0
562.99614,0.0,0.0,0.0,0.0,1.0
562.99615,0.0,0.0,0.0,0.0,0.0
562.99616,0.0,0.0,0.0,0.0,0.0
562.99617,0.0,0.0,0.0,0.0,0.0
562.99618,1.0,0.0,0.0,0.0,1.0
562.99619,1.0,0.0,0.0,0.0,1.0
562.99620,0.0,0.0,0.0,0.0,0.0
562.99621,1.0,0.0,0.0,0.0,1.0
562.99622,1.0,0.0,0.0,0.0,0.0
562.99623,0.0,0.0,0.0,0.0,0.0
562.99624,0.0,0.0,0.0,0.0,0.0
562.99625,0.0,0.0,0.0,0.0,0.0
562.99626,0.0,0.0,0.0,0.0,0.0
562.99627,1.0,0.0,0.0,0.0,1.0
562.99628,0.0,0.0,0.0,0.0,0.0
562.99629,0.0,0.0,0.0,0.0,0.0
562.99630,1.0,0.0,1.0,0.0,0.0
562.99631,1.0,1.0,1.0,1.0,0.0
562.99632,1.0,1.0,1.0,0.0,1.0
562.99633,1.0,1.0,1.0,1.0,0.0
562.99634,0.0,0.0,0.0,0.0,0.0
562.99635,0.0,0.0,0.0,0.0,0.0
562.99636,1.0,0.0,0.0,0.0,1.0
562.99637,1.0,0.0,1.0,0.0,1.0
562.99638,1.0,0.0,1.0,0.0,1.0
562.99639,0.0,0.0,0.0,0.0,0.0
562.99640,0.0,0.0,0.0,0.0,0.0
562.99641,1.0,0.0,0.0,0.0,1.0
562.99642,1.0,1.0,,0.0,1.0
562.99643,0.0,0.0,0.0,0.0,0.0
562.99644,1.0,0.0,1.0,0.0,1.0
562.99645,0.0,0.0,1.0,0.0,1.0
562.99646,1.0,0.0,1.0,0.0,1.0
562.99647,0.0,0.0,0.0,0.0,1.0
562.99648,1.0,0.0,0.0,0.0,0.0
562.99649,0.0,0.0,0.0,0.0,0.0
562.99650,0.0,0.0,0.0,0.0,0.0
562.99651,0.0,0.0,0.0,0.0,1.0
562.99652,0.0,0.0,0.0,0.0,0.0
562.99653,0.0,0.0,0.0,0.0,0.0
562.99654,0.0,0.0,0.0,0.0,0.0
562.99656,0.0,0.0,0.0,0.0,0.0
562.99657,0.0,0.0,0.0,0.0,0.0
562.99658,0.0,0.0,0.0,0.0,0.0
562.99659,1.0,0.0,0.0,0.0,0.0
562.99660,0.0,0.0,0.0,0.0,1.0
562.99661,1.0,0.0,0.0,0.0,1.0
562.99662,1.0,0.0,0.0,0.0,1.0
562.99663,1.0,0.0,0.0,0.0,0.0
562.99664,0.0,0.0,0.0,0.0,0.0
562.99665,0.0,0.0,0.0,0.0,0.0
562.99666,0.0,0.0,0.0,0.0,0.0
562.99667,0.0,0.0,0.0,0.0,0.0
562.99669,0.0,0.0,0.0,0.0,0.0
562.99670,1.0,0.0,0.0,0.0,1.0
562.99671,1.0,0.0,0.0,0.0,0.0
562.99672,0.0,0.0,0.0,0.0,0.0
562.99673,1.0,0.0,1.0,0.0,1.0
562.99674,1.0,0.0,0.0,0.0,0.0
562.99675,0.0,0.0,0.0,0.0,0.0
562.99676,0.0,0.0,0.0,0.0,0.0
562.99677,0.0,0.0,0.0,0.0,0.0
562.99678,1.0,0.0,1.0,0.0,1.0
562.99679,0.0,0.0,0.0,0.0,0.0
562.99680,0.0,0.0,1.0,,0.0
562.99681,1.0,1.0,1.0,0.0,0.0
562.99682,1.0,0.0,0.0,0.0,1.0
562.99683,0.0,0.0,0.0,0.0,0.0
562.99684,1.0,0.0,,0.0,1.0
562.99685,0.0,0.0,0.0,0.0,0.0
562.99686,1.0,0.0,1.0,0.0,1.0
562.99687,1.0,0.0,0.0,0.0,1.0
562.99688,0.0,0.0,0.0,0.0,0.0
562.99689,0.0,0.0,0.0,0.0,0.0
562.99690,0.0,0.0,0.0,0.0,0.0
562.99691,0.0,0.0,0.0,0.0,0.0
562.99692,1.0,1.0,1.0,0.0,0.0
562.99693,1.0,1.0,,1.0,1.0
562.99694,0.0,0.0,0.0,0.0,0.0
562.99695,1.0,0.0,0.0,0.0,1.0
562.99696,0.0,0.0,0.0,0.0,0.0
562.99697,0.0,0.0,0.0,0.0,0.0
562.99698,0.0,0.0,0.0,0.0,0.0
562.99699,0.0,0.0,0.0,0.0,0.0
562.99700,1.0,0.0,0.0,0.0,0.0
562.99701,1.0,1.0,1.0,0.0,1.0
562.99702,0.0,0.0,1.0,0.0,1.0
562.99703,1.0,0.0,0.0,0.0,0.0
562.99704,1.0,0.0,0.0,0.0,0.0
562.99705,0.0,0.0,0.0,0.0,0.0
562.99706,1.0,0.0,0.0,0.0,1.0
562.99707,1.0,1.0,1.0,1.0,0.0
562.99708,0.0,0.0,0.0,0.0,0.0
562.99709,0.0,0.0,0.0,0.0,0.0
562.99710,1.0,0.0,0.0,0.0,1.0
562.99711,1.0,0.0,0.0,0.0,0.0
562.99712,0.0,0.0,0.0,0.0,0.0
562.99713,0.0,0.0,0.0,0.0,0.0
562.99714,1.0,1.0,1.0,0.0,1.0
562.99715,1.0,0.0,1.0,1.0,0.0
562.99716,0.0,0.0,0.0,0.0,0.0
562.99717,0.0,0.0,0.0,0.0,0.0
562.99718,1.0,0.0,1.0,0.0,1.0
562.99719,0.0,0.0,0.0,0.0,0.0
562.99720,1.0,0.0,1.0,0.0,1.0
562.99721,1.0,1.0,1.0,1.0,0.0
562.99722,1.0,0.0,0.0,0.0,0.0
562.99723,0.0,0.0,0.0,0.0,0.0
562.99724,1.0,1.0,0.0,0.0,1.0
562.99725,0.0,0.0,0.0,0.0,0.0
562.99726,1.0,0.0,1.0,1.0,0.0
562.99727,1.0,1.0,1.0,1.0,1.0
562.99728,1.0,0.0,0.0,0.0,0.0
562.99729,1.0,1.0,0.0,0.0,1.0
562.99730,0.0,0.0,0.0,0.0,1.0
562.99731,0.0,,0.0,0.0,0.0
562.99732,0.0,0.0,0.0,0.0,0.0
562.99733,0.0,,0.0,0.0,0.0
562.99734,0.0,0.0,0.0,0.0,0.0
562.99735,1.0,0.0,0.0,,1.0
562.99736,0.0,0.0,0.0,0.0,0.0
562.99737,1.0,0.0,0.0,0.0,1.0
562.99738,0.0,0.0,0.0,0.0,0.0
562.99739,0.0,0.0,0.0,0.0,0.0
562.99740,1.0,0.0,0.0,,1.0
562.99741,0.0,0.0,0.0,0.0,0.0
562.99742,1.0,0.0,1.0,0.0,0.0
562.99743,1.0,1.0,,1.0,1.0
562.99744,0.0,0.0,0.0,0.0,0.0
562.99745,0.0,0.0,0.0,0.0,0.0
562.99746,1.0,0.0,,0.0,1.0
562.99747,1.0,0.0,0.0,0.0,1.0
562.99748,0.0,0.0,0.0,0.0,0.0
562.99749,1.0,0.0,0.0,0.0,1.0
562.99750,0.0,0.0,0.0,0.0,1.0
562.99751,1.0,1.0,1.0,0.0,0.0
562.99752,0.0,0.0,0.0,0.0,0.0
562.99753,1.0,0.0,1.0,0.0,0.0
562.99754,1.0,1.0,1.0,1.0,1.0
562.99755,1.0,0.0,1.0,0.0,0.0
562.99756,0.0,0.0,0.0,1.0,0.0
562.99757,0.0,0.0,0.0,0.0,0.0
562.99758,1.0,0.0,0.0,0.0,0.0
562.99759,1.0,0.0,0.0,0.0,1.0
562.99760,1.0,,0.0,0.0,0.0
562.99761,0.0,0.0,0.0,0.0,0.0
562.99762,1.0,0.0,0.0,0.0,0.0
562.99763,0.0,0.0,0.0,0.0,0.0
562.99764,1.0,0.0,1.0,0.0,0.0
562.99765,1.0,0.0,0.0,1.0,1.0
562.99766,0.0,0.0,0.0,0.0,0.0
562.99767,0.0,0.0,0.0,0.0,0.0
562.99768,0.0,0.0,0.0,0.0,0.0
562.99769,0.0,0.0,0.0,,0.0
562.99770,0.0,0.0,0.0,0.0,0.0
562.99771,1.0,0.0,0.0,0.0,1.0
562.99772,0.0,0.0,0.0,1.0,0.0
562.99773,0.0,0.0,0.0,0.0,0.0
562.99774,0.0,0.0,0.0,0.0,0.0
562.99775,0.0,0.0,0.0,0.0,0.0
562.99776,1.0,0.0,0.0,0.0,1.0
562.99777,0.0,0.0,0.0,0.0,0.0
562.99778,0.0,0.0,0.0,0.0,1.0
562.99779,0.0,0.0,0.0,0.0,0.0
562.99780,1.0,0.0,1.0,1.0,1.0
562.99781,1.0,0.0,0.0,0.0,1.0
562.99782,0.0,0.0,0.0,0.0,0.0
562.99783,1.0,0.0,0.0,0.0,1.0
562.99784,1.0,0.0,0.0,0.0,1.0
562.99785,0.0,0.0,0.0,0.0,0.0
562.99786,1.0,0.0,0.0,0.0,1.0
562.99787,1.0,0.0,0.0,0.0,1.0
562.99788,0.0,0.0,0.0,0.0,0.0
562.99789,0.0,0.0,0.0,0.0,0.0
562.99790,1.0,0.0,0.0,,0.0
562.99791,0.0,0.0,0.0,0.0,0.0
562.99792,0.0,0.0,0.0,0.0,0.0
562.99793,1.0,0.0,0.0,0.0,0.0
562.99794,0.0,0.0,0.0,0.0,0.0
562.99795,1.0,1.0,,0.0,1.0
562.99796,1.0,0.0,1.0,0.0,1.0
562.99797,0.0,0.0,0.0,0.0,0.0
562.99798,0.0,0.0,0.0,0.0,0.0
562.99799,0.0,0.0,0.0,0.0,0.0
562.99800,1.0,1.0,0.0,1.0,1.0
562.99801,1.0,0.0,1.0,1.0,1.0
562.99802,0.0,0.0,0.0,0.0,0.0
562.99803,0.0,0.0,0.0,0.0,0.0
562.99804,0.0,0.0,0.0,0.0,0.0
562.99805,0.0,0.0,0.0,0.0,0.0
562.99806,1.0,0.0,1.0,0.0,1.0
562.99807,0.0,0.0,0.0,0.0,0.0
562.99808,0.0,0.0,0.0,0.0,0.0
562.99809,0.0,0.0,0.0,0.0,0.0
562.99810,0.0,0.0,0.0,0.0,0.0
562.99811,0.0,0.0,0.0,0.0,0.0
562.99812,0.0,0.0,0.0,0.0,0.0
562.99813,1.0,0.0,0.0,0.0,0.0
562.99814,0.0,0.0,0.0,0.0,0.0
562.99815,0.0,0.0,0.0,0.0,0.0
562.99816,0.0,0.0,0.0,0.0,0.0
562.99817,0.0,0.0,0.0,0.0,0.0
562.99818,0.0,0.0,1.0,0.0,0.0
562.99819,0.0,0.0,0.0,0.0,0.0
562.99820,0.0,0.0,0.0,0.0,0.0
562.99821,0.0,0.0,0.0,0.0,
562.99822,0.0,0.0,0.0,0.0,0.0
562.99823,0.0,0.0,0.0,0.0,0.0
562.99824,0.0,0.0,0.0,0.0,0.0
562.99825,1.0,0.0,1.0,0.0,0.0
562.99826,1.0,0.0,0.0,0.0,0.0
562.99827,0.0,0.0,0.0,0.0,0.0
562.99828,0.0,0.0,0.0,0.0,0.0
562.99829,0.0,0.0,0.0,0.0,0.0
562.99830,1.0,1.0,1.0,0.0,1.0
562.99831,1.0,0.0,0.0,0.0,1.0
562.99832,0.0,0.0,0.0,0.0,0.0
562.99833,1.0,0.0,0.0,0.0,1.0
562.99834,1.0,1.0,1.0,1.0,1.0
562.99835,0.0,0.0,0.0,0.0,0.0
562.99836,0.0,0.0,0.0,0.0,0.0
562.99837,0.0,0.0,0.0,0.0,0.0
562.99838,0.0,0.0,0.0,0.0,0.0
562.99839,1.0,1.0,1.0,0.0,1.0
562.99840,0.0,0.0,0.0,0.0,0.0
562.99841,1.0,0.0,1.0,0.0,1.0
562.99842,1.0,1.0,1.0,0.0,0.0
562.99843,0.0,0.0,0.0,0.0,0.0
562.99844,0.0,0.0,0.0,0.0,0.0
562.99845,0.0,0.0,0.0,0.0,0.0
562.99846,1.0,0.0,0.0,0.0,0.0
562.99847,1.0,0.0,1.0,0.0,1.0
562.99848,0.0,0.0,0.0,0.0,0.0
562.99849,1.0,0.0,0.0,0.0,1.0
562.99850,0.0,0.0,0.0,0.0,0.0
562.99851,0.0,0.0,0.0,0.0,0.0
562.99852,0.0,0.0,0.0,0.0,0.0
562.99853,1.0,0.0,0.0,0.0,1.0
562.99854,1.0,0.0,0.0,0.0,0.0
562.99855,0.0,0.0,0.0,0.0,0.0
562.99856,1.0,0.0,,0.0,0.0
562.99857,0.0,0.0,0.0,0.0,0.0
562.99858,1.0,0.0,0.0,0.0,0.0
562.99859,1.0,0.0,1.0,1.0,1.0
562.99860,1.0,0.0,0.0,0.0,1.0
562.99861,1.0,0.0,0.0,0.0,0.0
562.99862,1.0,1.0,1.0,1.0,1.0
562.99863,0.0,0.0,0.0,0.0,0.0
562.99864,0.0,0.0,0.0,0.0,0.0
562.99865,0.0,0.0,0.0,0.0,0.0
562.99866,1.0,0.0,,0.0,0.0
562.99867,0.0,0.0,0.0,0.0,0.0
562.99868,0.0,0.0,0.0,0.0,0.0
562.99869,0.0,0.0,0.0,0.0,0.0
562.99870,1.0,0.0,0.0,1.0,0.0
562.99871,1.0,0.0,1.0,0.0,1.0
562.99872,1.0,0.0,0.0,0.0,0.0
562.99873,0.0,0.0,0.0,0.0,0.0
562.99874,0.0,0.0,0.0,0.0,0.0
562.99875,1.0,0.0,0.0,0.0,1.0
562.99876,0.0,0.0,0.0,0.0,0.0
562.99877,0.0,0.0,0.0,0.0,0.0
562.99878,0.0,0.0,0.0,0.0,0.0
562.99879,0.0,0.0,0.0,0.0,0.0
562.99880,0.0,0.0,0.0,0.0,0.0
562.99881,1.0,0.0,0.0,0.0,1.0
562.99882,1.0,0.0,1.0,0.0,1.0
562.99883,0.0,0.0,0.0,0.0,0.0
562.99884,1.0,0.0,0.0,0.0,0.0
562.99885,0.0,0.0,1.0,0.0,0.0
562.99886,0.0,0.0,0.0,0.0,0.0
562.99887,1.0,0.0,0.0,0.0,0.0
562.99888,0.0,0.0,0.0,0.0,0.0
562.99889,0.0,0.0,0.0,0.0,0.0
562.99890,1.0,0.0,0.0,0.0,0.0
562.99891,0.0,0.0,0.0,0.0,0.0
562.99892,1.0,0.0,1.0,1.0,1.0
562.99893,0.0,0.0,0.0,0.0,0.0
562.99894,1.0,0.0,0.0,0.0,0.0
562.99895,0.0,0.0,0.0,0.0,0.0
562.99896,1.0,0.0,0.0,0.0,0.0
562.99897,1.0,0.0,0.0,0.0,1.0
562.99898,1.0,0.0,0.0,0.0,0.0
562.99899,1.0,0.0,0.0,0.0,1.0
562.99900,0.0,0.0,0.0,0.0,0.0
562.99901,0.0,0.0,0.0,0.0,0.0
562.99902,1.0,0.0,0.0,0.0,0.0
562.99903,0.0,0.0,0.0,0.0,0.0
562.99904,1.0,0.0,,1.0,0.0
562.99905,0.0,0.0,0.0,0.0,0.0
562.99906,1.0,0.0,0.0,0.0,1.0
562.99907,0.0,0.0,0.0,0.0,0.0
562.99908,0.0,0.0,0.0,0.0,0.0
562.99909,0.0,0.0,0.0,0.0,0.0
562.99910,0.0,0.0,0.0,0.0,0.0
562.99911,1.0,0.0,0.0,0.0,1.0
562.99912,1.0,0.0,0.0,0.0,0.0
562.99913,1.0,1.0,0.0,0.0,0.0
562.99914,0.0,0.0,0.0,0.0,0.0
562.99915,0.0,0.0,0.0,0.0,0.0
562.99916,0.0,0.0,0.0,0.0,0.0
562.99917,0.0,0.0,0.0,0.0,0.0
562.99918,0.0,0.0,0.0,0.0,0.0
562.99919,0.0,0.0,0.0,0.0,0.0
562.99920,1.0,0.0,0.0,0.0,1.0
562.99921,0.0,0.0,0.0,0.0,0.0
562.99922,0.0,0.0,0.0,0.0,0.0
562.99923,0.0,0.0,0.0,0.0,0.0
562.99924,0.0,0.0,0.0,0.0,0.0
562.99925,0.0,0.0,0.0,0.0,0.0
562.99926,0.0,0.0,0.0,0.0,0.0
562.99927,1.0,0.0,1.0,1.0,0.0
562.99928,1.0,0.0,0.0,0.0,1.0
562.99929,1.0,0.0,1.0,0.0,0.0
562.99930,0.0,0.0,0.0,0.0,0.0
562.99931,1.0,1.0,1.0,1.0,0.0
562.99932,0.0,0.0,0.0,0.0,1.0
562.99933,0.0,0.0,0.0,0.0,0.0
562.99934,0.0,0.0,0.0,0.0,0.0
562.99935,1.0,0.0,0.0,0.0,0.0
562.99936,1.0,0.0,1.0,0.0,0.0
562.99937,1.0,0.0,0.0,0.0,0.0
562.99938,1.0,0.0,1.0,1.0,1.0
562.99939,0.0,0.0,1.0,0.0,0.0
562.99940,1.0,0.0,0.0,0.0,1.0
562.99941,0.0,0.0,0.0,0.0,0.0
562.99942,0.0,0.0,0.0,0.0,0.0
562.99943,0.0,0.0,0.0,0.0,0.0
562.99944,0.0,0.0,0.0,0.0,0.0
562.99945,1.0,1.0,1.0,0.0,1.0
562.99946,1.0,1.0,1.0,0.0,0.0
562.99947,0.0,0.0,0.0,0.0,0.0
562.99948,1.0,1.0,1.0,1.0,1.0
562.99949,0.0,0.0,0.0,0.0,0.0
562.99950,1.0,0.0,0.0,0.0,1.0
562.99951,1.0,0.0,0.0,0.0,1.0
562.99952,0.0,0.0,0.0,0.0,0.0
562.99953,0.0,0.0,0.0,0.0,0.0
562.99954,0.0,0.0,0.0,0.0,0.0
562.99955,1.0,0.0,0.0,0.0,1.0
562.99956,1.0,0.0,0.0,0.0,0.0
562.99957,0.0,0.0,0.0,0.0,0.0
562.99958,1.0,1.0,0.0,0.0,0.0
562.99959,1.0,0.0,0.0,0.0,0.0
562.99960,0.0,0.0,0.0,0.0,0.0
562.99961,0.0,0.0,0.0,0.0,0.0
562.99962,0.0,0.0,1.0,0.0,0.0
562.99963,0.0,0.0,0.0,0.0,0.0
562.99964,1.0,0.0,0.0,0.0,0.0
562.99965,0.0,0.0,0.0,0.0,0.0
562.99966,0.0,0.0,0.0,0.0,0.0
562.99967,0.0,0.0,0.0,0.0,0.0
562.99968,1.0,,0.0,0.0,0.0
562.99969,0.0,0.0,0.0,0.0,0.0
562.99970,1.0,1.0,,1.0,1.0
562.99971,1.0,0.0,0.0,0.0,1.0
562.99972,0.0,0.0,0.0,0.0,0.0
562.99973,1.0,0.0,0.0,,1.0
562.99974,1.0,0.0,0.0,0.0,1.0
562.99975,0.0,0.0,0.0,0.0,0.0
562.99976,1.0,0.0,1.0,0.0,0.0
562.99977,1.0,0.0,0.0,0.0,0.0
562.99978,1.0,0.0,1.0,0.0,1.0
562.99979,1.0,,0.0,0.0,1.0
562.99980,1.0,0.0,0.0,0.0,1.0
562.99981,0.0,0.0,0.0,0.0,0.0
562.99982,1.0,0.0,0.0,0.0,0.0
562.99983,0.0,0.0,0.0,,0.0
562.99984,0.0,0.0,0.0,0.0,0.0
562.99985,1.0,1.0,1.0,0.0,1.0
562.99986,0.0,0.0,0.0,0.0,0.0
562.99987,0.0,0.0,0.0,,0.0
562.99988,0.0,0.0,0.0,0.0,0.0
562.99989,0.0,0.0,0.0,0.0,0.0
562.99990,0.0,0.0,0.0,0.0,0.0
562.99991,0.0,0.0,0.0,0.0,0.0
562.99992,0.0,0.0,0.0,0.0,0.0
562.99993,1.0,0.0,,0.0,1.0
562.99994,1.0,0.0,0.0,0.0,1.0
562.99995,0.0,0.0,0.0,,0.0
562.99996,1.0,0.0,0.0,0.0,0.0
562.99997,0.0,0.0,0.0,0.0,0.0
562.99998,1.0,0.0,1.0,0.0,1.0
562.99999,1.0,0.0,0.0,1.0,1.0
