genome_id,ST,cluster
562.100000,131,0
562.100001,998,1
562.100002,141,1
562.100003,131,0
562.100004,58,2
562.100005,101,3
562.100006,127,4
562.100007,69,5
562.100008,95,6
562.100009,34,7
562.100010,127,4
562.100011,73,8
562.100012,73,8
562.100013,95,6
562.100014,4598,9
562.100015,73,8
562.100016,2328,10
562.100017,1861,11
562.100018,131,0
562.100019,95,6
562.100020,95,6
562.100021,1304,12
562.100022,69,5
562.100023,131,0
562.100024,127,4
562.100025,88,13
562.100026,372,14
562.100027,1723,15
562.100028,127,4
562.100029,636,16
562.100030,80,17
562.100031,69,5
562.100032,95,6
562.100033,58,2
562.100034,69,5
562.100035,357,18
562.100036,390,6
562.100037,131,0
562.100038,38,19
562.100039,10,20
562.100040,95,6
562.100041,127,4
562.100042,73,8
562.100043,69,5
562.100044,131,0
562.100045,69,5
562.100046,67,21
562.100047,131,0
562.100048,69,5
562.100049,69,22
562.100050,405,23
562.100051,73,8
562.100052,10,20
562.100053,73,8
562.100054,141,1
562.100055,10273,24
562.100056,144,25
562.100057,73,8
562.100058,131,0
562.100059,69,5
562.100060,73,8
562.100061,90,13
562.100062,12,26
562.100063,2067,10
562.100064,73,8
562.100065,154,27
562.100066,12,26
562.100067,8867,28
562.100068,73,8
562.100069,2531,29
562.100070,131,0
562.100071,95,6
562.100072,69,5
562.100073,23,13
562.100074,14,30
562.100075,69,5
562.100076,607,31
562.100077,69,5
562.100078,95,6
562.100079,73,8
562.100080,12,26
562.100081,73,8
562.100082,1652,32
562.100083,617,33
562.100084,131,0
562.100085,131,0
562.100086,405,23
562.100087,10293,8
562.100088,88,13
562.100089,73,8
562.100090,10269,34
562.100091,135,35
562.100092,12,26
562.100093,95,6
562.100094,83,36
562.100095,349,37
562.100096,1331,8
562.100097,95,6
562.100098,602,38
562.100099,28,39
562.100100,73,8
562.100101,1618,8
562.100102,91,40
562.100103,127,4
562.100104,38,19
562.100105,95,6
562.100106,135,35
562.100107,69,5
562.100108,348,41
562.100109,155,2
562.100110,88,13
562.100111,141,1
562.100112,117,24
562.100113,929,42
562.100114,131,0
562.100115,10286,43
562.100116,131,0
562.100117,1193,30
562.100118,746,44
562.100119,131,0
562.100120,12,26
562.100121,131,0
562.100122,8915,45
562.100123,162,46
562.100124,95,6
562.100125,73,8
562.100126,95,6
562.100127,135,35
562.100128,104,8
562.100129,73,8
562.100130,1859,47
562.100131,421,6
562.100132,73,8
562.100133,127,4
562.100134,95,6
562.100135,73,8
562.100136,14,30
562.100137,73,8
562.100138,58,2
562.100139,73,8
562.100140,127,4
562.100141,95,6
562.100142,959,26
562.100143,5705,48
562.100144,58,2
562.100145,10285,4
562.100146,73,8
562.100147,131,0
562.100148,95,6
562.100149,10238,49
562.100150,73,8
562.100151,1057,30
562.100152,372,14
562.100153,12,26
562.100154,69,5
562.100155,73,8
562.100156,201,46
562.100157,95,6
562.100158,59,50
562.100159,73,8
562.100160,58,2
562.100161,131,0
562.100162,73,8
562.100163,73,8
562.100164,73,8
562.100165,73,8
562.100166,95,6
562.100167,155,2
562.100168,106,5
562.100169,69,5
562.100170,69,5
562.100171,141,1
562.100172,73,8
562.100173,354,51
562.100174,69,5
562.100175,2619,6
562.100176,73,8
562.100177,127,4
562.100178,973,52
562.100179,69,5
562.100180,48,53
562.100181,127,4
562.100182,12,26
562.100183,131,0
562.100184,73,8
562.100185,69,5
562.100186,131,0
562.100187,144,25
562.100188,1159,54
562.100189,8915,45
562.100190,95,6
562.100191,12,26
562.100192,131,0
562.100193,12,26
562.100194,127,4
562.100195,12,26
562.100196,59,50
562.100197,95,6
562.100198,10278,8
562.100199,73,8
562.100200,73,8
562.100201,69,5
562.100202,59,50
562.100203,372,14
562.100204,1316,55
562.100205,131,0
562.100206,131,0
562.100207,73,8
562.100208,69,5
562.100209,131,0
562.100210,73,8
562.100211,59,50
562.100212,69,5
562.100213,73,8
562.100214,73,8
562.100215,73,8
562.100216,10413,8
562.100217,73,8
562.100218,131,0
562.100219,131,0
562.100220,73,8
562.100221,127,4
562.100222,405,23
562.100223,6701,56
562.100224,2015,57
562.100225,10264,8
562.100226,73,8
562.100227,2015,57
562.100228,141,1
562.100229,7303,58
562.100230,155,2
562.100231,131,0
562.100232,405,23
562.100233,10243,13
562.100234,69,5
562.100235,550,30
562.100236,131,0
562.100237,95,6
562.100238,355,59
562.100239,10279,60
562.100240,144,25
562.100241,95,6
562.100242,62,45
562.100243,73,8
562.100244,357,18
562.100245,69,5
562.100246,421,6
562.100247,73,8
562.100248,95,6
562.100249,162,46
562.100250,421,6
562.100251,73,8
562.100252,38,19
562.100253,88,13
562.100254,538,61
562.100255,73,8
562.100256,12,26
562.100257,141,1
562.100258,10263,62
562.100259,144,25
562.100260,38,19
562.100261,12,26
562.100262,131,0
562.100263,44,63
562.100264,73,8
562.100265,224,48
562.100266,69,5
562.100267,141,1
562.100268,372,14
562.100269,394,64
562.100270,95,6
562.100271,95,6
562.100272,73,8
562.100273,58,2
562.100274,567,60
562.100275,131,0
562.100276,127,4
562.100277,10260,4
562.100278,131,0
562.100279,95,6
562.100280,126,65
562.100281,131,0
562.100282,73,8
562.100283,131,0
562.100284,95,6
562.100285,117,24
562.100286,69,5
562.100287,12,26
562.100288,421,6
562.100289,349,37
562.100290,73,8
562.100291,569,66
562.100292,636,16
562.100293,10407,13
562.100294,73,8
562.100295,80,17
562.100296,131,0
562.100297,83,36
562.100298,136,62
562.100299,95,6
562.100300,69,5
562.100301,131,0
562.100302,978,67
562.100303,428,18
562.100304,38,19
562.100305,14,30
562.100306,141,1
562.100307,141,1
562.100308,83,36
562.100309,58,2
562.100310,95,6
562.100311,95,6
562.100312,372,14
562.100313,69,5
562.100314,95,6
562.100315,12,26
562.100316,59,50
562.100317,69,5
562.100318,372,14
562.100319,968,8
562.100320,12,26
562.100321,69,5
562.100322,12,26
562.100323,69,5
562.100324,685,68
562.100325,73,8
562.100326,141,1
562.100327,69,5
562.100328,117,24
562.100329,144,25
562.100330,69,5
562.100331,131,0
562.100332,567,60
562.100333,141,1
562.100334,69,5
562.100335,69,5
562.100336,12,26
562.100337,10,20
562.100338,537,69
562.100339,73,8
562.100340,69,5
562.100341,95,6
562.100342,127,4
562.100343,131,0
562.100344,224,48
562.100345,59,50
562.100346,73,8
562.100347,1170,70
562.100348,69,5
562.100349,362,71
562.100351,95,6
562.100352,10287,72
562.100354,117,24
562.100355,101,3
562.100356,62,45
562.100357,641,73
562.100358,131,0
562.100359,12,26
562.100360,1193,30
562.100361,131,0
562.100362,131,0
562.100363,357,18
562.100364,69,5
562.100365,95,6
562.100366,73,8
562.100367,95,6
562.100368,73,8
562.100369,69,5
562.100370,28,39
562.100371,73,8
562.100372,131,0
562.100373,73,8
562.100374,1684,74
562.100375,131,0
562.100376,646,75
562.100377,421,6
562.100378,141,1
562.100379,73,8
562.100380,1441,76
562.100381,141,1
562.100382,73,8
562.100383,127,4
562.100384,69,5
562.100385,69,5
562.100386,131,0
562.100387,73,8
562.100388,131,0
562.100389,538,61
562.100390,3203,77
562.100391,95,6
562.100392,1444,78
562.100393,69,5
562.100394,88,13
562.100395,69,5
562.100396,131,0
562.100397,69,5
562.100398,73,8
562.100399,131,0
562.100400,10234,37
562.100401,131,0
562.100402,7627,79
562.100403,1170,70
562.100404,73,8
562.100405,131,0
562.100406,12,26
562.100407,73,8
562.100408,998,1
562.100409,162,46
562.100410,12,26
562.100411,1086,80
562.100412,10,20
562.100413,95,6
562.100414,73,8
562.100415,73,8
562.100416,69,5
562.100417,73,8
562.100418,12,26
562.100419,95,6
562.100420,131,0
562.100421,421,6
562.100422,372,14
562.100423,404,30
562.100424,69,5
562.100425,1236,81
562.100426,95,6
562.100427,131,0
562.100428,996,4
562.100429,131,0
562.100430,218,82
562.100431,73,8
562.100432,69,5
562.100433,69,5
562.100434,95,6
562.100435,405,23
562.100436,919,83
562.100437,10,20
562.100438,69,5
562.100439,1115,84
562.100440,88,13
562.100441,141,1
562.100442,69,5
562.100443,538,61
562.100444,69,5
562.100445,1193,30
562.100446,58,2
562.100447,127,4
562.100448,83,36
562.100449,131,0
562.100450,73,8
562.100451,141,1
562.100452,405,23
562.100453,783,85
562.100454,12,26
562.100455,73,8
562.100456,73,8
562.100457,141,1
562.100458,73,8
562.100459,141,1
562.100460,12,26
562.100461,95,6
562.100462,409,55
562.100463,73,8
562.100464,95,6
562.100465,73,8
562.100466,28,39
562.100467,73,8
562.100468,131,0
562.100469,372,14
562.100470,80,17
562.100471,141,1
562.100472,88,13
562.100473,80,17
562.100474,69,5
562.100475,131,0
562.100476,95,6
562.100477,95,6
562.100478,10,20
562.100479,69,5
562.100480,73,8
562.100481,4358,86
562.100482,101,3
562.100483,131,0
562.100484,3057,87
562.100485,62,45
562.100486,1193,30
562.100487,2619,6
562.100488,131,0
562.100489,1706,88
562.100490,58,2
562.100491,12,26
562.100492,23,13
562.100493,2673,13
562.100494,95,6
562.100495,69,5
562.100496,73,8
562.100497,131,0
562.100498,144,25
562.100499,73,8
562.100500,73,8
562.100501,131,0
562.100502,69,5
562.100503,117,24
562.100504,38,19
562.100505,95,6
562.100506,393,89
562.100507,69,5
562.100508,362,71
562.100509,58,2
562.100510,131,0
562.100511,1147,90
562.100512,73,8
562.100513,95,6
562.100514,117,24
562.100515,69,5
562.100516,362,71
562.100517,372,14
562.100518,95,6
562.100519,537,69
562.100520,127,4
562.100521,58,2
562.100522,10414,4
562.100523,38,19
562.100524,95,6
562.100525,162,46
562.100526,131,0
562.100527,428,18
562.100528,550,30
562.100529,428,18
562.100530,69,5
562.100531,69,5
562.100532,10257,91
562.100533,131,0
562.100534,6994,92
562.100535,127,4
562.100536,538,61
562.100537,136,62
562.100538,538,61
562.100539,73,8
562.100540,224,48
562.100541,131,0
562.100542,12,26
562.100543,10,20
562.100544,69,5
562.100545,62,45
562.100546,69,5
562.100547,10,20
562.100548,95,6
562.100549,131,0
562.100550,73,8
562.100551,73,8
562.100552,550,30
562.100553,1193,30
562.100554,131,0
562.100555,131,0
562.100556,2178,93
562.100557,126,65
562.100558,69,5
562.100559,88,13
562.100560,1193,30
562.100561,69,5
562.100562,73,8
562.100563,1193,30
562.100564,88,13
562.100565,131,0
562.100566,91,40
562.100567,10290,5
562.100568,117,24
562.100569,73,8
562.100570,69,5
562.100571,428,18
562.100572,355,59
562.100573,73,8
562.100574,69,5
562.100575,73,8
562.100576,14,30
562.100577,144,25
562.100578,421,6
562.100579,95,6
562.100580,12,26
562.100581,127,4
562.100582,421,6
562.100583,131,0
562.100584,95,6
562.100585,14,30
562.100586,14,30
562.100587,131,0
562.100588,12,26
562.100589,504,94
562.100590,12,26
562.100591,126,65
562.100592,648,95
562.100593,1441,76
562.100594,919,83
562.100595,95,6
562.100596,95,6
562.100597,73,8
562.100598,127,4
562.100599,127,4
562.100600,95,6
562.100601,141,1
562.100602,141,1
562.100603,58,2
562.100604,95,6
562.100605,131,0
562.100606,95,6
562.100607,95,6
562.100608,73,8
562.100609,95,6
562.100610,10409,17
562.100611,491,96
562.100612,10256,97
562.100613,405,23
562.100614,641,73
562.100615,69,5
562.100616,59,50
562.100617,538,61
562.100618,362,71
562.100619,14,30
562.100620,91,40
562.100621,2619,6
562.100622,131,0
562.100623,73,8
562.100624,95,6
562.100625,69,5
562.100626,10,20
562.100627,73,8
562.100628,69,5
562.100629,12,26
562.100630,10268,98
562.100631,131,0
562.100632,131,0
562.100633,5644,99
562.100634,10212,8
562.100635,12,26
562.100636,-,30
562.100637,127,4
562.100638,131,0
562.100639,1057,30
562.100640,1193,30
562.100641,73,8
562.100642,95,6
562.100643,448,100
562.100644,69,5
562.100645,421,6
562.100646,69,5
562.100647,12,26
562.100648,95,6
562.100649,10218,54
562.100650,69,5
562.100651,348,41
562.100652,73,8
562.100653,131,0
562.100654,144,25
562.100655,69,5
562.100656,101,3
562.100657,95,6
562.100658,95,6
562.100659,357,18
562.100660,95,6
562.100661,69,5
562.100662,10258,23
562.100663,88,13
562.100664,117,24
562.100665,131,0
562.100666,10405,0
562.100667,73,8
562.100668,1057,30
562.100669,394,101
562.100670,73,8
562.100671,90,13
562.100672,69,5
562.100673,537,69
562.100674,58,2
562.100675,10217,102
562.100676,131,0
562.100677,73,8
562.100678,131,0
562.100679,38,19
562.100680,131,0
562.100681,69,5
562.100682,10,20
562.100683,38,19
562.100684,73,8
562.100685,141,1
562.100686,450,103
562.100687,95,6
562.100688,131,0
562.100689,2712,104
562.100690,685,68
562.100691,73,8
562.100692,10214,81
562.100693,69,5
562.100694,58,2
562.100695,69,5
562.100696,95,6
562.100697,69,5
562.100698,10,20
562.100699,127,4
562.100700,38,19
562.100701,73,8
562.100702,95,6
562.100703,398,105
562.100704,1193,30
562.100705,69,5
562.100706,350,106
562.100707,131,0
562.100708,14,30
562.100709,681,62
562.100710,998,1
562.100711,357,18
562.100712,372,14
562.100713,162,46
562.100714,117,24
562.100715,1193,30
562.100716,73,8
562.100717,73,8
562.100718,95,6
562.100719,131,0
562.100720,10221,2
562.100721,648,95
562.100722,73,8
562.100723,141,1
562.100724,3765,107
562.100725,12,26
562.100726,95,6
562.100727,127,4
562.100728,38,19
562.100729,538,61
562.100730,12,26
562.100731,1193,30
562.100732,10253,8
562.100733,12,26
562.100734,69,5
562.100735,127,4
562.100736,95,6
562.100737,491,96
562.100738,1567,108
562.100739,73,8
562.100740,73,8
562.100741,95,6
562.100742,131,0
562.100743,14,30
562.100744,69,5
562.100745,1170,70
562.100746,9962,109
562.100747,1982,0
562.100748,73,8
562.100749,12,26
562.100750,69,5
562.100751,131,0
562.100752,38,19
562.100753,95,6
562.100754,10252,26
562.100755,131,0
562.100756,14,30
562.100757,95,6
562.100758,1727,110
562.100759,372,14
562.100760,73,8
562.100761,131,0
562.100762,348,41
562.100763,10281,6
562.100764,10215,111
562.100765,12,26
562.100766,131,0
562.100767,73,8
562.100768,349,112
562.100769,6767,6
562.100770,73,8
562.100771,73,8
562.100772,744,20
562.100773,69,5
562.100774,69,5
562.100775,62,45
562.100776,1159,54
562.100777,569,66
562.100778,69,5
562.100779,73,8
562.100780,10240,1
562.100781,127,4
562.100782,1159,54
562.100783,424,113
562.100784,14,30
562.100785,141,1
562.100786,117,24
562.100787,73,8
562.100788,73,8
562.100789,73,8
562.100790,59,50
562.100791,1193,30
562.100792,73,8
562.100793,357,18
562.100794,357,18
562.100795,117,24
562.100796,73,8
562.100797,372,14
562.100798,73,8
562.100799,73,8
562.100800,624,114
562.100801,91,40
562.100802,131,0
562.100803,131,0
562.100804,73,8
562.100805,538,61
562.100806,69,5
562.100807,357,18
562.100808,73,8
562.100809,58,2
562.100810,131,0
562.100811,69,5
562.100812,919,83
562.100813,12,26
562.100814,144,25
562.100815,95,6
562.100816,569,66
562.100817,69,5
562.100818,394,64
562.100819,58,2
562.100820,14,30
562.100821,59,50
562.100822,131,0
562.100823,1193,30
562.100824,73,8
562.100825,131,0
562.100826,714,115
562.100827,104,8
562.100828,73,8
562.100829,12,26
562.100830,73,8
562.100831,69,5
562.100832,73,8
562.100833,10236,26
562.100834,131,0
562.100835,73,8
562.100836,69,5
562.100837,405,23
562.100838,131,0
562.100839,127,4
562.100840,69,5
562.100841,127,4
562.100842,69,5
562.100843,131,0
562.100844,162,46
562.100845,83,36
562.100846,69,5
562.100847,95,6
562.100848,10,20
562.100849,144,25
562.100850,73,8
562.100851,104,8
562.100852,453,73
562.100853,372,14
562.100854,95,6
562.100855,131,0
562.100856,3520,46
562.100857,69,5
562.100858,2211,20
562.100859,2211,20
562.100860,550,30
562.100861,38,19
562.100862,14,30
562.100863,131,0
562.100864,93,116
562.100865,73,8
562.100866,73,8
562.100867,95,6
562.100868,641,73
562.100869,95,6
562.100870,83,36
562.100871,1193,30
562.100872,648,95
562.100873,3699,117
562.100874,136,62
562.100875,127,4
562.100876,3246,118
562.100877,10227,119
562.100878,95,6
562.100879,127,4
562.100880,69,5
562.100881,10211,18
562.100882,1193,30
562.100883,73,8
562.100884,973,52
562.100885,95,6
562.100886,131,0
562.100887,2619,6
562.100888,73,8
562.100889,69,5
562.100890,12,26
562.100891,73,8
562.100892,4038,120
562.100893,58,2
562.100894,1159,54
562.100895,127,4
562.100896,73,8
562.100897,73,8
562.100898,226,121
562.100899,10,20
562.100900,95,6
562.100901,95,6
562.100902,393,89
562.100903,1643,122
562.100904,696,123
562.100905,141,1
562.100906,95,6
562.100907,88,13
562.100908,95,6
562.100909,69,5
562.100910,23,13
562.100911,404,30
562.100912,58,2
562.100913,409,55
562.100914,-,30
562.100915,127,4
562.100916,345,43
562.100917,131,0
562.100918,1161,59
562.100919,141,1
562.100920,111,124
562.100921,131,0
562.100922,141,1
562.100923,12,26
562.100924,69,5
562.100925,2279,0
562.100926,162,46
562.100927,141,1
562.100928,69,5
562.100929,69,5
562.100930,141,1
562.100931,73,8
562.100932,73,8
562.100933,127,4
562.100934,14,30
562.100935,95,6
562.100936,95,6
562.100937,69,5
562.100938,73,8
562.100939,95,6
562.100940,127,4
562.100941,131,0
562.100942,12,26
562.100943,12,26
562.100944,2425,125
562.100945,73,8
562.100946,69,5
562.100947,155,2
562.100948,131,0
562.100949,95,6
562.100950,73,8
562.100951,3057,126
562.100952,131,0
562.100953,181,127
562.100954,73,8
562.100955,416,6
562.100956,14,30
562.100957,2531,29
562.100958,12,26
562.100959,155,2
562.100960,404,30
562.100961,38,19
562.100962,69,5
562.100963,58,2
562.100964,95,6
562.100965,131,0
562.11346,357,18
562.11347,410,13
562.11349,88,13
562.11557,602,38
562.12959,131,0
562.12960,101,128
562.13502,10,129
562.135559,167,20
562.135560,2689,130
562.135561,-,13
562.135562,-,131
562.135563,131,0
562.135564,405,23
562.135565,167,20
562.135567,167,20
562.135568,8346,132
562.135569,2083,100
562.135570,405,23
562.135571,8346,132
562.135572,156,41
562.135573,167,20
562.135574,648,95
562.135575,167,20
562.135576,448,100
562.135577,2450,133
562.135578,8346,132
562.135579,167,20
562.135580,167,20
562.135581,2083,100
562.135582,2083,100
562.135583,405,23
562.135584,405,23
562.135585,405,23
562.135586,167,20
562.135587,167,20
562.135588,131,0
562.135589,-,131
562.135590,-,33
562.135591,410,13
562.135592,410,13
562.135593,167,20
562.135594,405,23
562.13671,6393,134
562.140824,131,0
562.140825,131,0
562.140826,131,0
562.140827,131,0
562.140828,131,0
562.140829,131,0
562.140830,131,0
562.140831,131,0
562.140832,131,0
562.140833,131,0
562.140834,131,0
562.140835,131,0
562.140836,131,0
562.140837,131,0
562.140838,131,0
562.140839,131,0
562.140840,131,0
562.140841,131,0
562.140842,131,0
562.140843,131,0
562.140844,131,0
562.140845,131,0
562.140846,131,0
562.140847,131,0
562.140848,131,0
562.140849,131,0
562.140850,131,0
562.140851,131,0
562.140852,131,0
562.140853,131,0
562.140854,131,0
562.140855,131,0
562.140856,131,0
562.140857,131,0
562.140858,131,0
562.140859,131,0
562.140860,-,0
562.140861,131,0
562.140862,131,0
562.140863,131,0
562.140864,131,0
562.140865,131,0
562.140866,131,0
562.140867,131,0
562.140868,131,0
562.140869,131,0
562.140870,131,0
562.140871,131,0
562.140872,131,0
562.140873,131,0
562.140874,131,0
562.140875,131,0
562.140876,131,0
562.140877,405,23
562.140878,131,0
562.140879,131,0
562.140880,131,0
562.140881,131,0
562.140882,131,0
562.140883,131,0
562.140884,131,0
562.140885,131,0
562.140886,131,0
562.140887,131,0
562.140888,131,0
562.140889,131,0
562.140890,131,0
562.140891,131,0
562.140892,131,0
562.140893,131,0
562.140894,131,0
562.140895,131,0
562.140896,131,0
562.140897,131,0
562.140898,69,5
562.140899,131,0
562.140900,131,0
562.140901,405,23
562.140902,405,23
562.140903,131,0
562.140904,12,26
562.140905,131,0
562.140906,131,0
562.140907,405,23
562.140908,405,23
562.140909,405,23
562.140910,131,0
562.140911,131,0
562.140912,131,0
562.140913,131,0
562.140914,131,0
562.140915,131,0
562.140918,131,0
562.140919,10491,23
562.140964,12,26
562.144150,162,46
562.144155,10,20
562.144156,295,135
562.144157,38,19
562.144158,4093,136
562.144160,38,19
562.144161,1702,20
562.144162,131,0
562.144163,131,0
562.144164,410,13
562.144165,127,4
562.144166,38,19
562.144167,1722,137
562.144168,131,0
562.144171,7401,5
562.144172,69,5
562.144173,7400,138
562.144174,12,26
562.144175,155,2
562.144177,1727,110
562.144178,131,0
562.144182,401,139
562.144183,135,35
562.144185,1236,81
562.144186,1049,2
562.144187,973,52
562.144188,3056,140
562.144190,12,26
562.144191,1442,141
562.144193,131,0
562.144194,58,2
562.144195,216,142
562.144196,2015,57
562.144198,58,2
562.144199,6958,143
562.144200,10,20
562.144202,46,144
562.144204,38,19
562.144205,357,18
562.144206,141,1
562.144209,131,0
562.144211,38,19
562.144212,617,33
562.144213,131,0
562.144214,5778,145
562.144215,69,5
562.144216,1170,70
562.144217,542,146
562.144218,2083,100
562.144219,131,0
562.144222,648,95
562.144223,349,37
562.144224,38,19
562.144225,1727,147
562.144227,3018,148
562.144228,399,149
562.144230,5317,150
562.144231,1316,55
562.144232,372,14
562.144233,10,20
562.144234,401,151
562.144235,401,151
562.144236,131,0
562.144237,6958,143
562.144238,155,2
562.144239,167,20
562.144240,23,13
562.144241,405,23
562.144242,73,8
562.144243,131,0
562.144244,410,13
562.144246,636,16
562.144247,409,55
562.144248,95,6
562.144249,38,19
562.144250,38,19
562.144252,10,20
562.144253,940,152
562.144254,744,20
562.144255,354,51
562.144256,2599,123
562.144257,1485,153
562.144259,127,4
562.144260,2622,16
562.144263,131,0
562.144265,410,13
562.144268,10,20
562.144269,10,154
562.144273,120,155
562.144274,131,0
562.144278,127,4
562.144281,12,26
562.144282,73,8
562.144283,131,0
562.144284,95,6
562.144286,636,16
562.144287,88,13
562.144288,4959,156
562.144289,131,0
562.144290,1193,30
562.144291,167,20
562.144294,10,20
562.144295,38,19
562.144296,38,19
562.144297,410,13
562.144298,1079,157
562.144299,131,0
562.144300,131,0
562.144301,401,158
562.144302,940,152
562.144303,501,159
562.144304,405,23
562.144305,167,20
562.144306,38,19
562.144307,3221,13
562.144308,12,26
562.144310,10,20
562.144311,167,20
562.144314,540,72
562.144315,28,39
562.144316,348,41
562.144318,617,33
562.144319,940,160
562.144320,38,19
562.144321,88,13
562.144322,58,2
562.144324,4981,33
562.144325,38,19
562.144326,410,13
562.144328,131,0
562.144329,410,13
562.144330,38,19
562.144331,69,5
562.144332,167,20
562.144333,361,161
562.144911,2689,130
562.144912,167,20
562.144913,-,131
562.144914,131,0
562.144915,-,13
562.144916,167,20
562.144917,405,23
562.144918,8346,132
562.144919,167,20
562.144920,2083,100
562.144921,405,23
562.144922,8346,132
562.144923,156,41
562.144924,167,20
562.144925,167,20
562.144926,648,95
562.144927,2450,133
562.144928,8346,132
562.144929,167,20
562.144930,167,20
562.144931,2083,100
562.144932,2083,100
562.144933,405,23
562.144934,405,23
562.144935,405,23
562.144936,167,20
562.144937,167,20
562.144938,131,0
562.144939,-,131
562.144940,410,13
562.144941,405,23
562.144942,410,13
562.144943,167,20
562.144944,2178,93
562.144945,2951,87
562.144946,442,162
562.144947,300,163
562.144948,332,164
562.144949,300,163
562.144950,40,165
562.144951,738,166
562.144952,10,20
562.144953,34,20
562.144954,442,162
562.144955,443,167
562.144956,162,46
562.144957,738,166
562.144958,1819,168
562.144959,2521,169
562.144960,590,170
562.144961,655,171
562.144962,753,172
562.144963,10,20
562.144964,109,173
562.144966,10,174
562.144967,738,166
562.144968,718,175
562.144969,677,176
562.144971,583,177
562.144972,13587,178
562.144973,793,179
562.144974,738,166
562.144975,-,180
562.144976,442,162
562.144977,718,175
562.144978,753,172
562.144979,13,180
562.144980,328,181
562.144981,137,182
562.144982,11,183
562.144983,-,180
562.144984,13,180
562.144985,793,179
562.144986,21,184
562.144987,655,171
562.144988,328,181
562.144989,738,166
562.144990,216,142
562.144991,69,5
562.144992,10,20
562.144993,655,171
562.144994,328,181
562.144995,443,167
562.144996,20,185
562.144997,442,162
562.144998,3101,186
562.144999,540,72
562.145000,13,180
562.145001,-,180
562.145002,738,166
562.145003,13,180
562.145004,753,172
562.145005,10,20
562.145006,10,187
562.145007,101,3
562.145009,446,188
562.145010,10,20
562.145011,442,162
562.145012,17,185
562.145013,13586,181
562.145014,-,181
562.145015,20,185
562.145016,-,166
562.145017,25,189
562.145018,10,20
562.145019,11,183
562.145020,86,73
562.145021,327,190
562.145022,590,170
562.145023,3546,191
562.145024,1011,192
562.145025,13581,181
562.145026,642,181
562.145027,-,172
562.145028,590,170
562.145029,-,166
562.145030,13,180
562.145031,20,185
562.145032,2086,193
562.145033,13,180
562.145034,442,162
562.145035,13548,162
562.145037,793,179
562.145038,13,180
562.145039,642,181
562.145040,738,166
562.145041,29,184
562.145042,10,20
562.145043,446,188
562.145044,388,194
562.145045,641,73
562.145046,641,73
562.145047,677,176
562.145048,13,180
562.145049,590,170
562.145050,442,162
562.145051,297,195
562.145052,442,162
562.145053,10,20
562.145054,442,162
562.145055,40,165
562.145056,13538,184
562.145057,29,184
562.145059,306,163
562.145060,788,196
562.145061,40,197
562.145063,11,183
562.145064,20,198
562.145065,21,184
562.145066,123,199
562.145067,590,170
562.145068,442,162
562.145069,13537,200
562.145070,302,201
562.145071,10,202
562.145072,812,203
562.145073,442,162
562.145074,641,73
562.145075,1114,204
562.145076,1011,192
562.145077,10,20
562.145078,13549,205
562.145079,300,163
562.145080,11,183
562.145081,12514,190
562.145372,448,100
562.145373,-,33
562.145378,155,2
562.145379,155,2
562.145380,362,71
562.145381,155,2
562.145383,38,19
562.145384,155,2
562.145385,155,2
562.145386,38,19
562.145387,38,19
562.145388,350,206
562.145389,155,2
562.145390,155,2
562.145391,155,2
562.145392,155,2
562.145393,38,19
562.145394,155,2
562.145395,155,2
562.145396,38,19
562.145397,155,2
562.145398,1640,207
562.145399,2171,208
562.145400,38,19
562.145401,362,71
562.145402,38,19
562.145403,453,73
562.145404,57,207
562.145405,38,19
562.145406,155,2
562.145407,57,207
562.145408,57,207
562.145409,101,3
562.145410,155,2
562.145411,155,2
562.145412,155,2
562.145413,38,19
562.145414,155,2
562.145415,155,2
562.145416,38,19
562.145417,38,19
562.145418,2852,209
562.145419,38,19
562.145420,155,2
562.145421,155,2
562.145422,154,27
562.145423,38,19
562.145424,155,2
562.145425,38,19
562.145426,38,19
562.145427,117,24
562.145428,155,2
562.145429,155,2
562.145430,155,2
562.145431,155,2
562.145432,362,71
562.145433,117,24
562.145434,117,24
562.145435,38,19
562.145436,155,2
562.145437,117,24
562.145439,95,6
562.145440,141,1
562.145441,10756,17
562.145442,69,5
562.145443,10,20
562.145812,117,24
562.145816,131,0
562.145817,963,210
562.145818,10754,3
562.145819,95,6
562.145820,69,5
562.145821,404,30
562.145822,69,5
562.16324,101,128
562.16325,1408,211
562.16326,1809,13
562.16327,131,0
562.16466,617,33
562.17359,131,0
562.17620,617,33
562.17621,167,20
562.17721,1284,33
562.17722,131,0
562.19090,533,212
562.19151,162,46
562.19631,167,20
562.19632,131,0
562.19633,101,128
562.19821,167,20
562.19823,101,128
562.20499,167,20
562.22426,167,20
562.22428,135,35
562.22429,10,20
562.22430,127,4
562.22431,10,20
562.22432,131,0
562.22433,95,6
562.22434,648,95
562.22435,69,5
562.22436,5375,37
562.22437,95,6
562.22438,127,4
562.22439,5561,8
562.22440,131,0
562.22441,73,8
562.22442,131,0
562.22443,73,8
562.22444,5546,8
562.22445,131,0
562.22446,73,8
562.22447,95,6
562.22448,12,26
562.22449,93,213
562.22450,12,26
562.22451,95,6
562.22452,62,45
562.22453,635,29
562.22454,95,6
562.22455,131,0
562.22457,648,95
562.22458,88,13
562.22459,5338,214
562.22460,453,73
562.22461,69,5
562.22462,23,13
562.22463,136,62
562.22464,405,23
562.22465,131,0
562.22466,69,5
562.22467,80,17
562.22468,73,8
562.22469,73,8
562.22470,1148,12
562.22471,69,5
562.22472,73,8
562.22473,69,5
562.22474,73,8
562.22476,453,73
562.22477,2015,57
562.22478,131,0
562.22479,131,0
562.22480,88,13
562.22481,648,95
562.22482,59,50
562.22483,131,0
562.22484,69,5
562.22485,69,5
562.22486,1485,153
562.22487,357,18
562.22488,131,0
562.22489,73,8
562.22490,95,6
562.22491,131,0
562.22492,73,8
562.22493,538,61
562.22494,95,6
562.22495,1594,215
562.22496,115,216
562.22497,73,8
562.22498,46,217
562.22499,131,0
562.22500,73,8
562.22501,88,13
562.22502,73,8
562.22503,648,95
562.22504,73,8
562.22505,73,8
562.22506,73,8
562.22507,405,23
562.22508,69,5
562.22509,95,6
562.22510,14,30
562.22511,10,218
562.22512,404,30
562.22513,80,17
562.22514,131,0
562.22515,69,5
562.22516,69,5
562.22517,14,30
562.22518,131,0
562.22519,73,8
562.22520,405,23
562.22521,349,37
562.22522,2773,219
562.22523,73,8
562.22524,144,25
562.22525,73,8
562.22526,127,4
562.22527,393,89
562.22528,73,8
562.22529,963,210
562.22530,73,8
562.22531,1431,46
562.22532,144,25
562.22533,127,4
562.22534,404,30
562.22535,12,26
562.22536,131,0
562.22537,73,8
562.22538,95,6
562.22539,131,0
562.22540,104,8
562.22541,131,0
562.22542,101,3
562.22543,131,0
562.22544,69,5
562.22545,73,8
562.22546,69,5
562.22547,117,24
562.22548,69,5
562.22549,59,50
562.22550,95,6
562.22551,131,0
562.22552,73,8
562.22553,12,26
562.22554,10,20
562.22555,131,0
562.22556,5663,220
562.22557,95,6
562.22558,5484,6
562.22559,95,6
562.22560,73,8
562.22561,131,0
562.22562,405,23
562.22563,95,6
562.22564,95,6
562.22565,131,0
562.22566,95,6
562.22567,5606,20
562.22568,73,8
562.22569,127,4
562.22570,144,25
562.22571,80,17
562.22572,73,8
562.22573,95,6
562.22574,73,8
562.22576,390,6
562.22577,127,4
562.22578,62,45
562.22579,5253,8
562.22580,357,18
562.22581,73,8
562.22582,5387,0
562.22583,393,89
562.22584,625,221
562.22585,95,6
562.22586,393,89
562.22587,73,8
562.22588,131,0
562.22589,569,66
562.22590,428,18
562.22591,2067,10
562.22592,73,8
562.22593,80,17
562.22594,73,8
562.22595,131,0
562.22596,131,0
562.22597,131,0
562.22598,5430,222
562.22599,5629,59
562.22600,88,13
562.22601,131,0
562.22602,69,5
562.22603,73,8
562.22604,95,6
562.22605,372,14
562.22606,73,8
562.22607,117,24
562.22608,5576,123
562.22609,73,8
562.22610,131,0
562.22611,131,0
562.22612,131,0
562.22613,73,8
562.22614,223,2
562.22615,73,8
562.22617,95,6
562.22618,1722,137
562.22619,69,5
562.22620,131,0
562.22621,1618,8
562.22622,131,0
562.22623,73,8
562.22624,73,8
562.22625,357,18
562.22626,131,0
562.22627,144,25
562.22628,2967,223
562.22629,421,6
562.22630,131,0
562.22631,131,0
562.22632,95,6
562.22633,5308,224
562.22634,73,8
562.22635,131,0
562.22636,69,5
562.22637,131,0
562.22638,73,8
562.22639,38,19
562.22640,10,20
562.22641,127,4
562.22642,131,0
562.22643,753,172
562.22644,73,8
562.22645,420,66
562.22646,131,0
562.22647,95,6
562.22648,5678,6
562.22649,95,6
562.22650,131,0
562.22651,453,73
562.22652,69,5
562.22653,46,225
562.22654,357,18
562.22655,131,0
562.22656,73,8
562.22657,131,0
562.22658,141,1
562.22659,59,50
562.22660,442,226
562.22661,5328,83
562.22662,69,5
562.22663,73,8
562.22664,646,75
562.22665,550,30
562.22666,59,50
562.22667,538,61
562.22668,95,6
562.22669,131,0
562.22670,131,0
562.22671,95,6
562.22672,69,5
562.22673,95,6
562.22674,127,4
562.22675,5585,227
562.22676,69,5
562.22677,361,161
562.22678,357,18
562.22679,963,210
562.22680,131,0
562.22681,550,30
562.22682,73,8
562.22683,73,8
562.22684,73,8
562.22685,131,0
562.22686,73,8
562.22687,10,20
562.22688,69,5
562.22689,12,26
562.22690,976,20
562.22691,131,0
562.22692,10,228
562.22693,69,5
562.22694,131,0
562.22695,38,19
562.22696,4702,26
562.22697,28,39
562.22698,14,30
562.22699,428,18
562.22700,44,63
562.22701,93,116
562.22702,73,8
562.22703,95,6
562.22704,73,8
562.22705,95,6
562.22706,14,30
562.22707,540,72
562.22708,648,95
562.22709,95,6
562.22710,5351,17
562.22711,95,6
562.22712,73,8
562.22713,38,19
562.22714,1979,8
562.22715,998,1
562.22716,428,18
562.22717,131,0
562.22718,5640,0
562.22719,567,60
562.22720,5589,55
562.22721,95,6
562.22722,5593,229
562.22723,95,6
562.22724,1431,46
562.22725,12,26
562.22726,390,6
562.22727,95,6
562.22728,95,6
562.22729,95,6
562.22730,95,6
562.22731,569,66
562.22732,95,6
562.22733,131,0
562.22734,38,19
562.22735,69,5
562.22736,95,6
562.22737,405,23
562.22738,73,8
562.22740,357,18
562.22741,38,19
562.22742,5389,26
562.22743,547,230
562.22744,12,26
562.22745,73,8
562.22746,773,231
562.22747,58,2
562.22748,127,4
562.22749,5520,5
562.22750,38,19
562.22751,69,5
562.22752,14,30
562.22753,95,6
562.22754,131,0
562.22755,5494,0
562.22756,127,4
562.22757,59,50
562.22758,58,2
562.22759,73,8
562.22760,2526,212
562.22761,12,26
562.22762,131,0
562.22763,973,52
562.22764,38,19
562.22765,393,89
562.22766,95,6
562.22767,95,6
562.22768,131,0
562.22769,73,8
562.22770,448,100
562.22771,998,1
562.22772,69,5
562.22773,131,0
562.22774,73,8
562.22775,58,2
562.22776,91,40
562.22777,127,4
562.22778,131,0
562.22779,69,5
562.22780,155,2
562.22781,127,4
562.22782,73,8
562.22783,131,0
562.22784,131,0
562.22785,69,5
562.22786,69,5
562.22787,73,8
562.22788,12,26
562.22789,95,6
562.22790,73,8
562.22791,1170,70
562.22792,38,19
562.22793,95,6
562.22794,1193,30
562.22795,357,18
562.22796,2802,232
562.22797,131,0
562.22798,550,30
562.22799,550,30
562.22800,73,8
562.22801,95,6
562.22802,23,13
562.22803,95,6
562.22804,95,6
562.22805,95,6
562.22806,131,0
562.22807,457,233
562.22808,95,6
562.22809,10,20
562.22810,129,234
562.22811,131,0
562.22812,73,8
562.22813,131,0
562.22814,131,0
562.22815,131,0
562.22816,73,8
562.22817,73,8
562.22818,73,8
562.22819,73,8
562.22820,131,0
562.22821,131,0
562.22822,131,0
562.22823,357,18
562.22824,5364,4
562.22825,144,25
562.22826,12,26
562.22827,12,26
562.22872,144,25
562.22873,12,26
562.22874,1494,235
562.22875,10,20
562.22876,5432,0
562.22877,73,8
562.22878,131,0
562.22879,624,114
562.22880,69,5
562.22909,5082,12
562.22910,95,6
562.22911,73,8
562.22912,12,26
562.22913,393,89
562.22914,73,8
562.22915,12,26
562.22916,73,8
562.22917,95,6
562.22918,5476,89
562.22919,95,6
562.22920,393,89
562.22921,10,20
562.22922,73,8
562.22923,354,51
562.22924,73,8
562.22925,363,66
562.22926,95,6
562.22927,641,73
562.22928,12,26
562.22929,106,5
562.22930,711,236
562.22931,95,6
562.22932,12,26
562.22933,405,23
562.22934,88,13
562.22935,12,26
562.22936,399,149
562.22937,5519,2
562.22938,95,6
562.22939,550,30
562.22940,73,8
562.22941,73,8
562.22942,393,89
562.22943,73,8
562.22944,73,8
562.22945,357,18
562.22946,127,4
562.22947,452,237
562.22948,5461,6
562.22949,73,8
562.22950,5363,20
562.22951,59,50
562.22952,91,40
562.22953,372,14
562.22954,963,210
562.22955,59,50
562.22956,59,50
562.22957,73,8
562.22958,14,30
562.22959,73,8
562.22960,5630,0
562.22961,73,8
562.22962,366,238
562.22964,83,36
562.22965,73,8
562.22966,38,19
562.22967,73,8
562.22968,73,8
562.22969,79,6
562.22970,618,239
562.22971,88,13
562.22972,117,24
562.22973,73,8
562.22974,73,8
562.22975,73,8
562.22976,58,2
562.22977,95,6
562.22978,73,8
562.22979,73,8
562.22980,141,1
562.22981,420,66
562.22982,88,13
562.22983,73,8
562.22985,38,19
562.22986,73,8
562.22987,141,1
562.22988,1001,240
562.22989,106,5
562.22990,1155,241
562.22991,59,50
562.22992,59,50
562.22993,420,66
562.22994,141,1
562.22995,127,4
562.22996,691,242
562.22997,405,23
562.22998,95,6
562.22999,369,13
562.23000,73,8
562.23001,12,26
562.23002,95,6
562.23003,141,1
562.23004,10,20
562.23005,69,5
562.23006,48,243
562.23007,95,6
562.23008,12,26
562.23009,73,8
562.23010,73,8
562.23012,62,45
562.23013,62,45
562.23014,10,20
562.23015,95,6
562.23016,537,69
562.23017,62,45
562.23018,131,0
562.23019,363,66
562.23020,73,8
562.23021,62,45
562.23022,4260,117
562.23023,131,0
562.23024,2253,244
562.23025,131,0
562.23026,2494,245
562.23027,80,17
562.23028,131,0
562.23029,1394,89
562.23030,144,25
562.23031,369,13
562.23032,131,0
562.23033,73,8
562.23034,80,17
562.23035,491,96
562.23036,491,96
562.23037,73,8
562.23038,73,8
562.23039,12,26
562.23040,12,26
562.23041,73,8
562.23042,5552,120
562.23043,127,4
562.23044,685,68
562.23045,141,1
562.23046,2230,13
562.23047,167,20
562.23048,95,6
562.23049,405,23
562.23050,73,8
562.23051,12,26
562.23052,405,23
562.23053,131,0
562.23054,58,2
562.23055,1810,45
562.23056,2567,16
562.23057,38,19
562.23058,69,5
562.23059,127,4
562.23060,69,5
562.23061,131,0
562.23062,95,6
562.23063,117,24
562.23064,5440,13
562.23065,131,0
562.23066,131,0
562.23067,405,23
562.23068,131,0
562.23069,73,8
562.23070,12,26
562.23071,73,8
562.23072,73,8
562.23073,12,26
562.23074,131,0
562.23075,95,6
562.23076,648,95
562.23077,14,30
562.23078,393,89
562.23079,393,89
562.23080,73,8
562.23081,127,4
562.23082,80,17
562.23083,127,4
562.23084,73,8
562.23085,73,8
562.23086,73,8
562.23087,95,6
562.23088,10,20
562.23089,73,8
562.23090,73,8
562.23091,73,8
562.23092,69,5
562.23093,73,8
562.23094,73,8
562.23095,127,4
562.23096,131,0
562.23097,73,8
562.23098,393,89
562.23099,95,6
562.23100,131,0
562.23101,10,20
562.23102,127,4
562.23103,73,8
562.23104,5609,17
562.23105,144,25
562.23106,537,69
562.23107,73,8
562.23108,131,0
562.23109,80,17
562.23110,95,6
562.23111,95,6
562.23112,131,0
562.23113,73,8
562.23114,567,60
562.23115,1604,69
562.23116,69,5
562.23117,393,89
562.23118,95,6
562.23119,73,8
562.23120,537,69
562.23121,12,26
562.23122,95,6
562.23123,95,6
562.23124,961,26
562.23125,69,5
562.23126,69,5
562.23127,141,1
562.23128,95,6
562.23129,393,89
562.23130,10,218
562.23131,2230,13
562.23132,38,19
562.23133,38,19
562.23134,167,20
562.23136,73,8
562.23137,12,26
562.23138,1486,246
562.23139,73,8
562.23140,393,89
562.23142,428,18
562.23143,95,6
562.23144,131,0
562.23145,38,19
562.23146,73,8
562.23147,73,8
562.23148,79,6
562.23149,62,45
562.23150,69,5
562.23151,12,26
562.23152,144,25
562.23153,58,2
562.23154,95,6
562.23155,79,6
562.23156,73,8
562.23157,59,50
562.23159,131,0
562.23160,73,8
562.23161,73,8
562.23162,73,8
562.23163,48,243
562.23164,2617,50
562.23165,974,13
562.23166,1431,46
562.23167,131,0
562.23168,567,60
562.23169,550,30
562.23170,393,89
562.23171,393,89
562.23172,131,0
562.23173,62,45
562.23174,12,247
562.23175,144,25
562.23176,62,45
562.23177,117,24
562.23178,349,37
562.23179,141,1
562.23180,421,6
562.23181,131,0
562.23182,73,8
562.23183,73,8
562.23184,1946,248
562.23185,95,6
562.23186,106,5
562.23187,73,8
562.23188,12,26
562.23189,131,0
562.23190,706,249
562.23191,131,0
562.23192,95,6
562.23193,95,6
562.23194,131,0
562.23195,131,0
562.23196,73,8
562.23197,491,96
562.23198,421,6
562.23199,131,0
562.23200,131,0
562.23201,73,8
562.23202,95,6
562.23203,95,6
562.23204,141,1
562.23205,38,19
562.23206,23,13
562.23207,144,25
562.23208,2802,232
562.23209,73,8
562.23210,372,14
562.23211,73,8
562.23212,131,0
562.23213,73,8
562.23214,73,8
562.23215,83,36
562.23216,652,85
562.23217,95,6
562.23218,73,8
562.23219,73,8
562.23220,1231,6
562.23221,5597,250
562.23222,95,6
562.23223,538,61
562.23224,73,8
562.23225,95,6
562.23226,131,0
562.23227,73,8
562.23228,14,30
562.23229,131,0
562.23230,73,8
562.23231,131,0
562.23232,295,135
562.23233,393,89
562.23234,73,8
562.23235,131,0
562.23236,95,6
562.23237,73,8
562.23238,95,6
562.23239,131,0
562.23240,95,6
562.23241,73,8
562.23242,95,6
562.23243,73,8
562.23244,73,8
562.23245,62,45
562.23246,69,5
562.23247,73,8
562.23248,131,0
562.23249,73,8
562.23250,69,5
562.23251,95,6
562.23252,59,50
562.23253,91,40
562.23254,88,13
562.23255,648,95
562.23256,62,45
562.23257,95,6
562.23258,58,2
562.23259,131,0
562.23260,2272,13
562.23261,131,0
562.23262,127,4
562.23263,357,18
562.23264,69,5
562.23265,69,5
562.23266,73,8
562.23267,73,8
562.23268,73,8
562.23269,131,0
562.23270,95,6
562.23271,73,8
562.23272,533,212
562.23273,131,0
562.23274,95,6
562.23275,12,26
562.23276,1057,30
562.23277,14,30
562.23278,69,5
562.23279,69,5
562.23280,95,6
562.23281,23,13
562.23282,131,0
562.23283,452,237
562.23284,131,0
562.23285,131,0
562.23286,10,20
562.23287,38,19
562.23288,5648,3
562.23289,95,6
562.23290,5628,251
562.23291,73,8
562.23292,95,6
562.23293,73,8
562.23294,73,8
562.23295,73,8
562.23296,95,6
562.23297,131,0
562.23298,847,123
562.23299,95,6
562.23300,104,8
562.23301,95,6
562.23302,48,243
562.23303,372,14
562.23304,127,4
562.23305,131,0
562.23306,131,0
562.23308,73,8
562.23309,73,8
562.23310,73,8
562.23311,131,0
562.23312,73,8
562.23313,73,8
562.23314,5491,13
562.23315,14,30
562.23316,127,4
562.23317,410,13
562.23318,357,18
562.23319,95,6
562.23320,127,4
562.23321,131,0
562.23322,58,2
562.23323,95,6
562.23324,5425,6
562.23325,5384,17
562.23326,131,0
562.23327,69,5
562.23328,131,0
562.23329,131,0
562.23330,57,207
562.23331,95,6
562.23332,62,45
562.23333,95,6
562.23334,73,8
562.23335,95,6
562.23336,131,0
562.23338,131,0
562.23339,95,6
562.23340,95,6
562.23341,69,5
562.23342,12,26
562.23343,73,8
562.23344,357,18
562.23345,101,3
562.23346,429,18
562.23347,131,0
562.23348,131,0
562.23349,95,6
562.23350,95,6
562.23352,95,6
562.23353,58,2
562.23354,372,14
562.23356,405,23
562.23357,95,6
562.23358,73,8
562.23359,131,0
562.23360,538,61
562.23361,141,1
562.23362,117,24
562.23363,12,26
562.23364,117,24
562.23365,131,0
562.23366,1972,252
562.23367,354,51
562.23368,5662,253
562.23369,167,20
562.23370,69,5
562.23371,131,0
562.23372,405,23
562.23373,393,89
562.23374,5360,6
562.23375,131,0
562.23376,95,6
562.23377,131,0
562.23378,95,6
562.23379,681,62
562.23380,127,4
562.23381,73,8
562.23382,83,36
562.23383,23,13
562.23384,648,95
562.23385,443,254
562.23386,80,17
562.23387,393,89
562.23388,1262,8
562.23389,62,45
562.23390,106,5
562.23391,405,23
562.23392,12,26
562.23393,131,0
562.23394,141,1
562.23395,131,0
562.23396,131,0
562.23398,131,0
562.23399,131,0
562.23400,540,72
562.23401,131,0
562.23402,38,19
562.23403,131,0
562.23406,349,37
562.23407,357,18
562.23408,12,26
562.23409,127,4
562.23410,131,0
562.23411,73,8
562.23412,95,6
562.23413,131,0
562.23414,421,6
562.23415,5383,19
562.23416,978,67
562.23417,5425,6
562.23418,73,8
562.23419,144,25
562.23420,69,5
562.23421,73,8
562.23422,73,8
562.23423,73,8
562.23424,357,18
562.23425,14,30
562.23426,73,8
562.23427,1858,69
562.23428,131,0
562.23429,1081,212
562.23430,12,26
562.23431,372,14
562.23432,93,244
562.23433,767,2
562.23435,405,23
562.23436,69,5
562.23437,10,20
562.23438,5363,20
562.23439,1459,255
562.23440,69,5
562.23441,394,64
562.23442,73,8
562.23443,641,73
562.23444,95,6
562.23445,95,6
562.23446,80,17
562.23447,648,95
562.23448,38,19
562.23449,416,6
562.23450,405,23
562.23451,131,0
562.23452,10,20
562.23453,5614,93
562.23454,131,0
562.23455,998,1
562.23456,131,0
562.23457,131,0
562.23458,131,0
562.23459,73,8
562.23460,95,6
562.23461,131,0
562.23462,393,89
562.23463,131,0
562.23464,73,8
562.23465,88,13
562.23467,69,5
562.23468,367,13
562.23469,12,247
562.23470,964,23
562.23471,73,8
562.23472,10,20
562.23473,69,5
562.23474,131,0
562.23475,12,26
562.23476,10,256
562.23477,10,20
562.23478,131,0
562.23479,95,6
562.23480,131,0
562.23481,648,95
562.23482,12,26
562.23483,131,0
562.23484,69,5
562.23485,12,26
562.23486,393,89
562.23487,131,0
562.23488,131,0
562.23489,73,8
562.23490,348,41
562.23491,88,13
562.23492,5360,6
562.23493,131,0
562.23494,405,23
562.23495,14,30
562.23496,95,6
562.23497,115,257
562.23498,73,8
562.23499,648,95
562.23500,14,30
562.23501,131,0
562.23502,73,8
562.23503,69,5
562.23504,59,50
562.23505,131,0
562.23506,95,6
562.23507,393,89
562.23508,131,0
562.23509,131,0
562.23510,10,20
562.23511,10,20
562.23512,95,6
562.23513,73,8
562.23514,93,244
562.23515,5470,13
562.23516,95,6
562.23517,95,6
562.23518,421,6
562.23519,95,6
562.23520,362,71
562.23521,106,5
562.23522,569,66
562.23523,73,8
562.23524,58,2
562.23525,69,5
562.23526,73,8
562.23527,95,6
562.23528,648,95
562.23529,88,13
562.23530,393,89
562.23531,124,120
562.23532,131,0
562.23533,73,8
562.23534,73,8
562.23535,393,89
562.23536,973,52
562.23537,141,1
562.23538,69,5
562.23539,131,0
562.23540,5604,26
562.23541,62,45
562.23542,131,0
562.23543,38,19
562.23544,12,26
562.23545,12,26
562.23546,73,8
562.23547,144,25
562.23548,73,8
562.23549,127,4
562.23550,405,23
562.23551,131,0
562.23552,1231,6
562.23553,393,89
562.23554,23,13
562.23555,10,218
562.23556,73,8
562.23557,538,61
562.23558,131,0
562.23559,62,45
562.23560,73,8
562.23561,73,8
562.23562,393,89
562.23563,73,8
562.23564,95,6
562.23565,131,0
562.23566,131,0
562.23567,131,0
562.23568,86,73
562.23569,648,95
562.23570,73,8
562.23571,131,0
562.23572,131,0
562.23573,5639,5
562.23574,131,0
562.23575,127,4
562.23576,929,258
562.23577,80,17
562.23578,73,8
562.23579,352,259
562.23580,38,19
562.23581,648,153
562.23582,2020,5
562.23583,409,55
562.23584,73,8
562.23585,73,8
562.23586,127,4
562.23587,144,25
562.23588,12,26
562.23589,657,260
562.23590,14,30
562.23591,540,72
562.23592,540,72
562.23593,131,0
562.23594,38,19
562.23595,405,23
562.23596,127,4
562.23597,73,8
562.23598,73,8
562.23599,73,8
562.23600,69,5
562.23601,405,23
562.23602,73,8
562.23603,88,13
562.23604,80,17
562.23605,95,6
562.23606,162,46
562.23607,10,20
562.23608,88,13
562.23609,73,8
562.23610,131,0
562.23611,59,50
562.23612,69,5
562.23613,5328,83
562.23614,676,36
562.23615,131,0
562.23616,394,64
562.23617,131,0
562.23618,69,5
562.23619,12,26
562.23620,95,6
562.23621,69,5
562.23622,80,17
562.23623,131,0
562.23624,117,24
562.23625,141,1
562.23626,69,5
562.23627,12,26
562.23628,73,8
562.23629,12,26
562.23630,117,24
562.23631,131,0
562.23632,12,26
562.23633,131,0
562.23634,12,26
562.23635,144,25
562.23636,58,2
562.23637,73,8
562.23638,141,1
562.23639,69,5
562.23640,5491,13
562.23641,415,50
562.23642,131,0
562.23643,73,8
562.23644,131,0
562.23645,393,89
562.23646,131,0
562.23647,95,6
562.23648,69,5
562.23649,59,50
562.23650,141,1
562.23651,14,30
562.23652,415,50
562.23653,131,0
562.23654,404,30
562.23655,104,8
562.23656,12,26
562.23657,12,247
562.23658,38,19
562.23790,88,13
562.23791,131,0
562.23792,131,0
562.23854,69,5
562.23866,69,5
562.23867,421,6
562.28131,156,261
562.28132,167,20
562.28389,1276,262
562.28434,405,23
562.28435,8150,263
562.28563,156,41
562.28565,38,19
562.28566,167,20
562.28567,131,0
562.28805,410,13
562.28838,131,0
562.28839,131,0
562.28840,10,20
562.28841,10,20
562.28844,-,0
562.28845,131,0
562.28846,131,0
562.29003,131,0
562.29006,156,41
562.29007,167,20
562.29008,410,13
562.29139,131,0
562.30349,648,95
562.30362,4,264
562.30434,156,41
562.30435,131,0
562.31449,617,33
562.31450,167,20
562.31451,617,33
562.31452,167,20
562.31454,942,265
562.31458,361,266
562.31459,504,94
562.31460,224,48
562.31462,355,59
562.31463,410,13
562.31464,2332,267
562.31465,372,14
562.31466,4959,156
562.33280,973,52
562.33281,167,20
562.34085,131,0
562.34086,62,45
562.34088,405,23
562.34089,131,0
562.37106,73,8
562.37108,405,23
562.37109,226,268
562.37111,226,268
562.37112,156,41
562.42634,131,0
562.42635,131,0
562.42636,1193,30
562.42637,131,0
562.42638,131,0
562.42639,205,269
562.42640,131,0
562.42641,744,20
562.42642,58,2
562.42643,491,96
562.42644,131,0
562.42645,131,0
562.42646,10,20
562.42647,410,13
562.42648,6480,30
562.42649,44,63
562.42650,131,0
562.42651,405,23
562.42652,131,0
562.42653,131,0
562.42654,167,20
562.42655,156,41
562.42656,2772,270
562.42657,156,41
562.42658,361,161
562.42659,131,0
562.42660,101,271
562.42661,131,0
562.42663,131,0
562.42664,648,95
562.42665,90,13
562.42667,131,0
562.42668,6690,272
562.42669,69,5
562.42670,131,0
562.42671,131,0
562.42672,131,0
562.42673,1488,33
562.42674,2772,270
562.42675,131,0
562.42676,131,0
562.42677,167,20
562.42678,405,23
562.42679,405,23
562.42680,410,13
562.42681,131,0
562.42682,131,0
562.42683,131,0
562.42685,617,33
562.42686,167,20
562.42687,167,20
562.42688,3107,273
562.42689,648,95
562.42690,224,48
562.42691,69,5
562.42692,38,19
562.42693,131,0
562.42694,131,0
562.42695,131,0
562.42696,131,0
562.42698,131,0
562.42699,69,5
562.42700,648,95
562.42701,405,23
562.42702,131,0
562.42703,38,19
562.42704,131,0
562.42705,38,19
562.42706,131,0
562.42707,58,2
562.42708,73,8
562.42710,410,13
562.42711,405,23
562.42712,131,0
562.42713,648,95
562.42714,38,19
562.42715,131,0
562.42716,636,16
562.42718,131,0
562.42719,131,0
562.42720,131,0
562.42721,68,274
562.42722,405,23
562.42723,131,0
562.42724,162,275
562.42725,131,0
562.42726,131,0
562.42727,131,0
562.42728,6178,93
562.42729,10,20
562.42730,636,16
562.42731,131,0
562.42732,7094,276
562.42733,2179,46
562.42734,131,0
562.42735,131,0
562.42736,1193,30
562.42737,648,95
562.42738,131,0
562.42740,648,95
562.42741,1193,30
562.42742,38,19
562.42743,38,19
562.42744,131,0
562.42746,131,0
562.42747,131,0
562.42748,7581,277
562.42749,131,0
562.42750,131,0
562.42751,131,0
562.42752,69,5
562.42753,131,0
562.42754,38,19
562.42755,131,0
562.42756,131,0
562.42757,297,278
562.42758,131,0
562.42761,131,0
562.42762,131,0
562.42763,3856,279
562.42764,744,20
562.42765,131,0
562.42766,744,20
562.42767,131,0
562.42768,131,0
562.42769,744,20
562.42770,10,20
562.42771,744,20
562.42772,131,0
562.42773,131,0
562.42774,744,20
562.42775,744,20
562.42776,131,0
562.42777,131,0
562.42778,131,0
562.42779,131,0
562.42780,131,0
562.42781,131,0
562.42782,131,0
562.42783,617,33
562.42784,131,0
562.42785,131,0
562.42786,405,23
562.42787,131,0
562.42788,131,0
562.42789,131,0
562.42790,131,0
562.42791,131,0
562.42792,131,0
562.42794,155,2
562.42796,131,0
562.42797,131,0
562.42799,131,0
562.42800,131,0
562.42801,131,0
562.42802,131,0
562.42803,131,0
562.42804,131,0
562.42805,131,0
562.42806,131,0
562.42807,131,0
562.42808,131,0
562.42809,131,0
562.42810,131,0
562.42811,485,280
562.42812,131,0
562.42813,131,0
562.42814,131,0
562.42815,485,280
562.42816,10,20
562.42817,131,0
562.42819,744,20
562.42820,131,0
562.42821,354,51
562.42822,410,13
562.42823,131,0
562.42824,361,161
562.42825,410,13
562.42826,131,0
562.42827,131,0
562.42828,617,33
562.42829,131,0
562.42830,410,13
562.42831,131,0
562.42832,131,0
562.42833,131,0
562.42834,131,0
562.42835,297,195
562.42836,131,0
562.42837,131,0
562.42838,2554,35
562.42839,131,0
562.42840,131,0
562.42841,131,0
562.42842,1844,281
562.42843,410,13
562.42844,706,249
562.42845,12,26
562.42846,93,282
562.42847,131,0
562.42848,1193,30
562.42849,131,0
562.42850,410,13
562.42851,1386,283
562.42852,131,0
562.42853,131,0
562.42854,410,13
562.42855,131,0
562.42856,131,0
562.42858,131,0
562.42859,131,0
562.42860,68,274
562.42861,131,0
562.42862,131,0
562.42863,131,0
562.42864,38,19
562.42865,131,0
562.42866,405,23
562.42867,131,0
562.42868,44,63
562.42869,4,264
562.42870,38,19
562.42871,1386,283
562.42872,354,51
562.42873,131,0
562.45394,2179,46
562.45396,2509,284
562.45398,1193,30
562.45399,641,73
562.45400,224,48
562.45401,617,33
562.45404,131,0
562.45585,-,285
562.45587,155,2
562.45588,224,48
562.45589,155,2
562.45591,48,286
562.45593,155,2
562.45594,6812,287
562.45595,1324,288
562.45596,48,289
562.45597,1011,192
562.45598,2847,290
562.45599,2973,291
562.45601,162,46
562.45602,11412,13
562.45603,155,2
562.45605,101,3
562.45606,10,292
562.45607,453,73
562.45608,2847,290
562.45609,155,2
562.45611,13232,2
562.45612,212,293
562.45614,155,2
562.45615,11412,13
562.45616,11404,13
562.45617,6743,48
562.45618,155,2
562.45619,13234,2
562.45620,131,0
562.45622,350,285
562.45623,23,13
562.45624,3856,294
562.45625,48,295
562.45626,2847,290
562.45627,9512,20
562.45628,2852,296
562.45629,354,51
562.45630,2847,290
562.45631,746,297
562.45632,117,24
562.45633,1724,298
562.45634,1324,288
562.45635,93,244
562.45636,155,2
562.45637,155,2
562.45639,710,299
562.45640,155,2
562.45641,155,2
562.45642,48,295
562.45643,117,24
562.45644,156,41
562.45646,2973,291
562.45648,155,2
562.45649,10,300
562.45650,155,2
562.45651,-,20
562.45652,-,301
562.45653,4516,302
562.45654,117,24
562.45655,155,2
562.45656,117,24
562.45657,1324,288
562.45658,10,303
562.45659,1011,192
562.45660,2852,296
562.45662,746,297
562.45663,93,244
562.45664,117,24
562.45665,7187,304
562.45666,117,24
562.45667,93,244
562.45668,162,46
562.45669,6743,48
562.45670,13234,2
562.45671,6743,48
562.45672,10,305
562.45673,155,2
562.45674,350,285
562.45675,155,2
562.45676,10011,306
562.45677,11404,13
562.45845,405,23
562.52722,29,184
562.53932,11,183
562.57076,405,23
562.57077,131,0
562.57078,131,0
562.57079,95,6
562.57080,131,0
562.57081,156,41
562.57082,131,0
562.57083,209,307
562.57084,38,19
562.57085,405,23
562.57086,12,247
562.57087,131,0
562.57088,131,0
562.57089,131,0
562.57090,648,95
562.57091,131,0
562.57092,135,35
562.57093,1973,308
562.57094,69,5
562.57095,216,156
562.57098,127,4
562.57099,10,20
562.57100,2351,309
562.57102,1973,308
562.57103,337,310
562.57104,69,5
562.57105,224,48
562.57106,43,20
562.57107,73,8
562.57108,4598,9
562.57109,297,195
562.57110,38,19
562.57111,93,311
562.57112,69,5
562.57114,10,20
562.57115,399,149
562.57117,69,5
562.57118,23,13
562.57119,648,95
562.57120,131,0
562.57121,362,71
562.57122,398,312
562.57123,121,39
562.57124,-,95
562.57125,2350,157
562.57126,73,8
562.57127,69,5
562.57128,58,2
562.57129,59,50
562.57130,678,313
562.57131,354,51
562.57132,68,274
562.57133,131,0
562.57134,635,314
562.57135,399,149
562.57136,10,315
562.57137,88,13
562.57138,641,73
562.57139,130,316
562.57140,372,14
562.57141,8858,317
562.57142,1619,318
562.57143,141,1
562.57144,297,195
562.57146,5825,319
562.57147,607,320
562.57148,394,321
562.57149,12,26
562.57150,7100,322
562.57151,127,4
562.57152,1665,323
562.57153,131,0
562.57154,12,26
562.57155,95,6
562.57156,3021,324
562.57157,6271,325
562.57158,3381,326
562.57159,3021,324
562.57160,93,116
562.57162,48,286
562.57163,100,327
562.57164,8863,328
562.57165,3,329
562.57166,617,33
562.57167,11,183
562.57168,448,100
562.57169,12,26
562.57170,10,20
562.57171,590,330
562.57172,73,8
562.57173,10,20
562.57174,10,20
562.57175,4627,331
562.57176,10,20
562.57177,12,26
562.57178,127,4
562.57179,660,332
562.57180,590,330
562.57181,73,8
562.57182,973,52
562.57183,131,0
562.57184,8862,333
562.57185,3,329
562.57186,1679,334
562.57187,131,0
562.57189,70,335
562.57190,10,20
562.57191,599,26
562.57192,10,20
562.57193,59,50
562.57194,70,335
562.57195,10,336
562.57196,12,26
562.57197,131,0
562.57198,443,337
562.57199,38,19
562.57200,59,50
562.57201,34,338
562.57202,59,50
562.57203,131,0
562.57205,8861,0
562.57206,73,8
562.57207,597,5
562.57208,1724,339
562.57209,409,55
562.57210,127,4
562.57211,69,5
562.57212,2320,340
562.57213,2320,340
562.57214,390,6
562.57215,12,26
562.57216,6152,341
562.57217,69,5
562.57218,131,0
562.57219,354,51
562.57220,543,342
562.57221,354,51
562.57222,69,5
562.57223,117,24
562.57225,131,0
562.57226,73,8
562.57227,8853,343
562.57228,73,8
562.57229,-,51
562.57230,69,5
562.57231,547,230
562.57232,2320,340
562.57233,1146,344
562.57234,88,13
562.57235,131,0
562.57237,62,45
562.57238,127,4
562.57239,710,345
562.57240,9781,200
562.57241,155,2
562.57242,10,20
562.57243,10,20
562.57244,69,5
562.57245,405,23
562.57246,720,143
562.57247,38,19
562.57248,131,0
562.57249,-,20
562.57250,131,0
562.57251,62,45
562.57252,224,48
562.57253,648,95
562.57254,131,0
562.57255,453,73
562.57257,1444,78
562.57258,38,19
562.57259,648,95
562.57260,12,26
562.57261,58,2
562.57262,167,20
562.57263,5024,346
562.57264,2141,347
562.57265,69,5
562.57266,1140,348
562.57267,648,95
562.57268,38,19
562.57269,73,8
562.57270,69,5
562.57271,648,95
562.57273,131,0
562.57274,131,0
562.57275,617,33
562.57277,131,0
562.57278,131,0
562.57279,131,0
562.57280,38,19
562.57281,457,233
562.57282,694,349
562.57283,131,0
562.57284,131,0
562.57285,405,23
562.57286,43,20
562.57287,131,0
562.57288,38,19
562.57289,38,19
562.57290,617,33
562.57291,48,350
562.57292,1284,33
562.57293,372,14
562.57294,648,95
562.57295,10,20
562.57296,69,5
562.57297,12,26
562.57298,393,89
562.57299,641,73
562.57300,362,71
562.57301,586,351
562.57302,8855,352
562.57304,136,62
562.57305,635,353
562.57306,1141,20
562.57307,141,1
562.57308,399,149
562.57309,636,16
562.57310,405,23
562.57311,73,8
562.57312,1231,6
562.57313,409,55
562.57314,607,31
562.57316,131,0
562.57317,10,20
562.57318,6237,308
562.57319,1823,354
562.57321,1727,110
562.57322,550,30
562.57323,69,5
562.57324,5064,288
562.57325,95,6
562.57326,399,149
562.57327,10,20
562.57328,58,2
562.57329,10,20
562.57330,10,20
562.57331,73,8
562.57363,38,19
562.57364,95,6
562.57365,405,23
562.57366,38,19
562.57367,2003,19
562.57368,10,20
562.57369,131,0
562.57370,2179,46
562.57371,131,0
562.57372,648,95
562.57373,354,51
562.57374,44,63
562.57375,131,0
562.57376,75,355
562.57377,10,20
562.57379,457,233
562.57380,131,0
562.57381,131,0
562.57382,1193,30
562.57383,542,356
562.57384,354,51
562.57385,6622,357
562.57386,93,116
562.57388,206,358
562.57389,218,82
562.57390,2003,19
562.57391,101,3
562.57392,58,2
562.57393,5943,359
562.57394,641,73
562.57396,48,360
562.57398,44,63
562.57399,405,23
562.57400,38,19
562.57401,3268,361
562.57402,398,362
562.57403,131,0
562.57404,48,363
562.57405,131,0
562.57406,410,13
562.57407,10,364
562.57409,5950,73
562.57410,5946,365
562.57411,2165,366
562.57412,410,13
562.57413,1001,240
562.57414,196,110
562.57415,38,19
562.57416,10,20
562.57417,5944,367
562.57418,5951,368
562.57419,746,369
562.57420,1295,370
562.57421,191,288
562.57422,1642,212
562.57424,5945,73
562.57425,48,371
562.57426,538,61
562.57427,-,336
562.57428,10,336
562.57429,205,269
562.57430,5558,372
562.57431,654,373
562.57432,88,374
562.57433,165,375
562.57434,3045,376
562.57435,847,123
562.57436,1196,377
562.57437,1056,378
562.57438,345,43
562.57439,716,379
562.57440,345,43
562.57441,5947,217
562.57442,5948,380
562.57443,20,381
562.57444,405,23
562.57446,88,13
562.57447,457,233
562.57448,48,382
562.57449,5940,24
562.57450,46,383
562.57451,2003,19
562.57452,131,0
562.57453,410,13
562.57454,131,0
562.57455,744,20
562.57456,5942,384
562.57457,131,0
562.57458,410,13
562.57459,410,13
562.57460,127,4
562.57462,457,233
562.57463,354,51
562.57464,648,95
562.57465,410,13
562.57466,421,6
562.57467,442,385
562.57468,428,18
562.57469,69,5
562.57470,405,23
562.57471,34,7
562.57472,457,233
562.57473,131,0
562.57474,131,0
562.57475,131,0
562.57478,354,51
562.57479,2003,19
562.57480,405,23
562.57481,131,0
562.57482,38,19
562.57483,405,23
562.57484,405,23
562.57485,131,0
562.57486,38,19
562.57487,410,13
562.57489,5941,0
562.57490,38,19
562.57491,405,23
562.57492,131,0
562.57493,131,0
562.57494,131,0
562.57495,410,13
562.57496,10,20
562.57497,131,0
562.57498,131,0
562.57499,457,233
562.57500,131,0
562.57502,131,0
562.57503,131,0
562.57504,2003,19
562.57505,131,0
562.57506,58,2
562.57507,354,51
562.57508,131,0
562.57509,44,63
562.57510,1602,386
562.58622,131,0
562.58623,69,5
562.58625,648,95
562.58627,131,0
562.58628,1727,110
562.58630,617,33
562.58631,131,0
562.58632,131,0
562.58633,131,0
562.58634,101,387
562.58635,131,0
562.58636,10,20
562.58640,998,1
562.58641,131,0
562.58642,38,19
562.58643,617,33
562.58644,38,19
562.58646,95,6
562.58647,73,8
562.58649,131,0
562.58650,940,160
562.58651,1193,30
562.58704,1266,388
562.58705,156,41
562.58706,-,2
562.58707,345,43
562.58708,-,143
562.58709,155,2
562.58710,410,13
562.58711,101,3
562.58712,744,20
562.58713,371,206
562.58714,744,20
562.58715,6875,153
562.58716,-,41
562.58717,131,0
562.58718,1086,389
562.58719,-,46
562.58720,-,390
562.58721,156,391
562.58722,-,3
562.58723,156,41
562.58724,398,392
562.58725,354,51
562.58726,-,20
562.58727,-,393
562.58728,359,3
562.58729,155,2
562.58730,69,5
562.58731,224,48
562.58732,4096,20
562.58733,-,149
562.58734,744,20
562.58735,4682,352
562.58736,10,20
562.58737,410,13
562.58738,5708,394
562.58739,1602,386
562.58740,117,24
562.58741,3714,2
562.58742,216,395
562.58743,6331,396
562.58745,6331,396
562.58748,156,41
562.58749,609,397
562.58751,1640,207
562.58752,2144,93
562.58754,7842,5
562.58755,6438,398
562.58757,1326,399
562.58758,40,400
562.58759,-,89
562.58760,88,13
562.58761,131,0
562.58762,165,401
562.58763,167,20
562.58765,-,402
562.58766,167,20
562.58767,192,403
562.58769,641,73
562.58770,212,293
562.58771,202,404
562.58772,3998,405
562.58773,8361,406
562.58774,155,2
562.58775,23,13
562.58776,8363,46
562.58777,8360,407
562.58778,1611,408
562.58779,212,293
562.58780,1611,408
562.58781,10,20
562.58782,10,20
562.58783,48,409
562.58784,155,2
562.58785,7210,410
562.58786,193,411
562.58787,1146,344
562.58788,1146,344
562.58789,127,4
562.58790,2160,58
562.58791,8362,2
562.58792,8097,412
562.65780,10,20
562.65781,10,20
562.65783,6901,413
562.65784,88,414
562.65785,10,20
562.65786,90,13
562.65787,10,20
562.65788,744,20
562.65789,540,72
562.65790,540,72
562.65791,744,20
562.65793,410,13
562.65794,410,13
562.65795,410,13
562.65796,410,13
562.65798,410,13
562.65799,410,13
562.65800,410,13
562.65801,410,13
562.65802,410,13
562.65803,410,13
562.65804,410,13
562.65805,410,13
562.65806,410,13
562.65807,410,13
562.65808,410,13
562.65809,410,13
562.65810,410,13
562.65811,410,13
562.65812,410,13
562.65813,410,13
562.65814,410,13
562.65815,410,13
562.65816,6332,13
562.65817,410,13
562.65818,410,13
562.65819,6332,13
562.73346,5359,415
562.73347,607,31
562.73349,224,48
562.73350,607,31
562.73351,607,31
562.73352,607,31
562.73353,1196,377
562.73354,607,31
562.73355,224,48
562.73356,1196,377
562.73357,607,31
562.73358,607,31
562.73359,224,48
562.73360,1196,377
562.73363,1196,377
562.73365,1196,377
562.73366,1196,377
562.73368,1196,377
562.73369,615,416
562.73370,224,48
562.73372,224,48
562.73374,1196,377
562.73376,1196,377
562.73377,1196,377
562.73378,1196,377
562.73379,1196,377
562.73380,224,48
562.73382,1196,377
562.73383,635,353
562.73385,224,48
562.73386,1196,377
562.73387,1196,377
562.73390,1196,377
562.73392,5359,417
562.73393,607,31
562.73397,5229,3
562.73398,1196,377
562.7565,517,46
562.7566,10,20
562.7567,5488,418
562.7568,5339,20
562.7569,517,46
562.7570,40,165
562.7571,517,46
562.7572,301,419
562.7573,443,254
562.7575,337,310
562.7576,5241,46
562.7577,301,419
562.7578,382,420
562.7579,5426,184
562.7580,4424,421
562.7581,121,39
562.7582,10,20
562.7583,10,20
562.7584,583,177
562.7617,517,46
562.7618,10,20
562.7619,29,184
562.7623,328,181
562.7624,328,181
562.7625,378,422
562.7626,378,422
562.7628,328,181
562.7629,517,46
562.7631,517,46
562.7632,5234,184
562.7633,40,165
562.7634,301,419
562.7635,328,181
562.7636,328,181
562.7637,301,419
562.7638,378,422
562.7639,517,46
562.7640,517,46
562.7642,4550,423
562.7643,10,20
562.7644,40,165
562.7645,34,424
562.7646,5426,184
562.7647,328,181
562.7648,29,184
562.7649,5353,20
562.7650,517,46
562.7652,121,39
562.7653,589,425
562.7655,517,46
562.7656,5618,181
562.7657,5353,20
562.7658,517,46
562.7659,4554,426
562.7660,443,254
562.7661,328,181
562.7662,301,419
562.7663,301,419
562.7664,328,181
562.7665,382,420
562.7666,328,181
562.7669,337,310
562.7670,517,46
562.7671,40,165
562.7672,5508,234
562.7673,5553,427
562.7674,121,39
562.7677,517,46
562.7678,378,422
562.7679,589,425
562.7680,4550,423
562.7681,328,181
562.7682,10,20
562.7683,378,422
562.7684,17,185
562.7685,29,428
562.7686,381,170
562.7687,302,429
562.7688,5353,20
562.7689,378,422
562.7690,2144,93
562.7691,121,39
562.7693,443,254
562.7695,2089,430
562.7696,803,431
562.7697,121,39
562.7698,328,181
562.7700,34,424
562.7701,335,418
562.7702,2089,430
562.7703,443,254
562.7704,10,20
562.7705,29,184
562.7706,29,184
562.7707,5241,46
562.7709,328,181
562.7710,3,329
562.7712,4590,419
562.7713,40,165
562.7714,328,181
562.7717,2346,193
562.7718,2089,430
562.7719,442,226
562.7720,382,420
562.7721,517,46
562.7722,29,184
562.7723,10,20
562.7724,5406,184
562.7725,5241,46
562.7726,517,46
562.7727,10,20
562.7728,40,165
562.7730,5485,46
562.7731,29,184
562.7732,40,165
562.7733,5330,422
562.7734,381,170
562.7735,517,46
562.7737,517,46
562.7738,328,181
562.7740,382,420
562.7741,5353,20
562.7742,5381,39
562.7743,40,165
562.7744,5241,46
562.7745,121,39
562.7746,335,418
562.7747,517,46
562.7749,378,422
562.7750,34,424
562.7752,583,177
562.7753,29,184
562.7754,29,184
562.7755,4550,423
562.7757,34,424
562.7758,29,184
562.7759,517,46
562.7760,121,39
562.7761,5582,432
562.7762,517,46
562.7765,517,46
562.7766,442,226
562.7767,29,184
562.7769,301,419
562.7770,29,184
562.7771,443,254
562.7772,337,310
562.7774,378,422
562.7775,301,419
562.7777,328,181
562.7778,301,419
562.7779,5251,184
562.7780,29,184
562.7781,2089,430
562.7782,29,184
562.7783,5445,39
562.7784,2678,433
562.7785,5480,423
562.7786,5251,184
562.7788,517,46
562.7789,123,434
562.7790,335,418
562.7791,5241,46
562.7792,4554,426
562.7793,40,165
562.97749,127,4
562.97750,12,26
562.97751,131,0
562.97752,73,8
562.97753,162,46
562.97755,95,6
562.97756,10,20
562.97757,95,6
562.97759,95,6
562.97760,12,26
562.97761,141,1
562.97762,69,5
562.97763,131,0
562.97764,62,45
562.97765,127,4
562.97766,80,17
562.97767,706,249
562.97768,127,4
562.97769,2141,347
562.97770,59,50
562.97771,372,14
562.97772,95,6
562.97773,537,69
562.97774,73,8
562.97775,999,435
562.97777,405,23
562.97778,421,6
562.97779,6161,436
562.97780,69,5
562.97781,372,14
562.97782,58,2
562.97783,95,6
562.97784,59,50
562.97786,73,8
562.97787,405,23
562.97788,73,8
562.97789,69,5
562.97790,95,6
562.97791,640,437
562.97793,10,20
562.97794,398,105
562.97795,95,6
562.97796,392,438
562.97797,144,25
562.97798,73,8
562.97799,155,2
562.97800,550,30
562.97801,12,26
562.97802,73,8
562.97803,80,17
562.97804,73,8
562.97805,69,5
562.97806,106,5
562.97807,95,6
562.97809,117,24
562.97810,12,26
562.97811,12,26
562.97812,550,30
562.97813,73,8
562.97814,88,13
562.97815,88,13
562.97816,73,8
562.97817,73,8
562.97818,73,8
562.97819,73,8
562.97820,59,50
562.97821,58,2
562.97822,141,1
562.97823,127,4
562.97824,23,13
562.97825,73,8
562.97826,10299,26
562.97827,10219,439
562.97828,73,8
562.97829,3290,440
562.97830,69,5
562.97831,127,4
562.97832,95,6
562.97833,1851,111
562.97834,69,5
562.97835,372,14
562.97836,106,5
562.97837,95,6
562.97838,73,8
562.97839,446,441
562.97840,14,30
562.97841,69,5
562.97842,14,30
562.97843,95,6
562.97844,372,14
562.97845,95,6
562.97846,405,23
562.97847,73,8
562.97849,70,335
562.97850,131,0
562.97851,95,6
562.97852,10220,0
562.97853,409,55
562.97854,73,8
562.97855,625,221
562.97856,10247,50
562.97857,95,6
562.97858,95,6
562.97859,405,23
562.97860,8579,412
562.97861,127,4
562.97862,421,6
562.97863,95,6
562.97864,73,8
562.97865,131,0
562.97866,69,5
562.97867,9135,123
562.97868,59,50
562.97869,547,230
562.97870,73,8
562.97871,95,6
562.97872,69,5
562.97873,69,5
562.97874,88,13
562.97875,73,8
562.97877,973,52
562.97878,5261,442
562.97879,95,6
562.97880,88,13
562.97881,141,1
562.97882,73,8
562.97883,69,5
562.97884,69,5
562.97885,95,6
562.97886,144,25
562.97887,73,8
562.97888,3288,443
562.97889,95,6
562.97890,127,4
562.97891,746,444
562.97892,59,50
562.97893,80,17
562.97894,95,6
562.97895,14,30
562.97896,1125,445
562.97897,12,26
562.97898,405,23
562.97899,73,8
562.97900,348,41
562.97901,144,25
562.97902,14,30
562.97903,10,20
562.97904,127,4
562.97905,95,6
562.97906,73,8
562.97907,88,13
562.97908,131,0
562.97909,372,14
562.97910,101,3
562.97911,88,13
562.97912,69,5
562.97913,10250,8
562.97914,405,23
562.97915,141,1
562.97916,390,6
562.97917,73,8
562.97918,12,26
562.97919,968,8
562.97920,10297,446
562.97921,73,8
562.97922,59,50
562.97923,73,8
562.97924,12,26
562.97925,95,6
562.97926,95,6
562.97927,420,66
562.97928,95,6
562.97929,73,8
562.97930,73,8
562.97931,393,89
562.97932,550,30
562.97933,69,5
562.97934,8184,447
562.97935,949,448
562.97936,12,26
562.97937,69,5
562.97938,43,20
562.97939,362,71
562.97940,12,26
562.97942,10270,449
562.97943,69,5
562.97944,106,5
562.97945,73,8
562.97946,95,6
562.97947,550,30
562.97948,393,89
562.97950,10401,45
562.97951,95,6
562.97952,131,0
562.97953,73,8
562.97954,73,8
562.97955,69,5
562.97956,963,210
562.97957,95,6
562.97958,95,6
562.97959,73,8
562.97960,12,26
562.97962,73,8
562.97963,141,1
562.97964,106,5
562.97965,95,6
562.97966,73,8
562.97967,79,6
562.97968,641,73
562.97969,127,4
562.97970,973,52
562.97971,978,67
562.97972,10412,26
562.97973,12,26
562.97974,994,450
562.97975,80,17
562.97976,12,26
562.97977,141,1
562.97978,10282,451
562.97979,127,4
562.97980,73,8
562.97981,69,5
562.97982,73,8
562.97983,1441,76
562.97984,73,8
562.97985,131,0
562.97986,95,6
562.97987,1567,108
562.97988,394,452
562.97989,10222,4
562.97990,95,6
562.97991,357,18
562.97992,69,5
562.97993,442,226
562.97994,131,0
562.97995,73,8
562.97996,421,6
562.97997,155,2
562.97998,131,0
562.97999,416,6
562.98000,968,8
562.98001,93,116
562.98002,5322,20
562.98003,12,26
562.98004,218,82
562.98005,73,8
562.98006,567,60
562.98007,127,4
562.98008,393,89
562.98009,69,5
562.98010,69,5
562.98011,69,5
562.98012,59,50
562.98013,127,4
562.98014,297,195
562.98015,144,25
562.98016,127,4
562.98017,131,0
562.98018,73,8
562.98019,68,274
562.98020,95,6
562.98021,38,19
562.98022,12,26
562.98023,372,14
562.98024,73,8
562.98025,73,8
562.98026,80,17
562.98027,144,25
562.98028,73,8
562.98029,144,25
562.98030,95,6
562.98031,73,8
562.98032,73,8
562.98033,1170,70
562.98034,393,89
562.98035,73,8
562.98036,95,6
562.98037,104,8
562.98038,73,8
562.98039,69,5
562.98040,95,6
562.98041,88,13
562.98042,538,61
562.98043,10,20
562.98044,95,6
562.98045,453,73
562.98046,372,14
562.98047,127,4
562.98048,3672,453
562.98049,12,26
562.98050,95,6
562.98051,69,5
562.98052,95,6
562.98053,80,17
562.98054,69,5
562.98055,155,2
562.98056,12,26
562.98057,73,8
562.98058,59,50
562.98059,162,46
562.98060,73,8
562.98061,80,17
562.98062,95,6
562.98063,683,2
562.98064,131,0
562.98065,73,8
562.98066,31,89
562.98067,73,8
562.98068,963,210
562.98069,357,18
562.98070,12,26
562.98071,73,8
562.98072,372,14
562.98073,93,244
562.98074,409,55
562.98075,607,31
562.98076,141,1
562.98077,141,1
562.98078,12,26
562.98079,69,5
562.98080,95,6
562.98081,12,26
562.98082,73,8
562.98083,635,29
562.98084,2678,433
562.98085,95,6
562.98086,602,38
562.98087,393,89
562.98088,998,1
562.98089,95,6
562.98090,59,50
562.98091,127,4
562.98092,69,5
562.98093,59,50
562.98094,127,4
562.98095,1643,122
562.98096,14,30
562.98097,73,8
562.98098,968,8
562.98099,59,50
562.98100,141,1
562.98101,155,2
562.98102,144,25
562.98103,95,6
562.98104,501,454
562.98105,95,6
562.98106,95,6
562.98107,10,20
562.98108,59,50
562.98109,69,5
562.98110,1167,455
562.98111,1882,456
562.98112,73,8
562.98113,73,8
562.98114,95,6
562.98115,357,18
562.98116,929,42
562.98117,393,89
562.98118,95,6
562.98119,73,8
562.98120,10,20
562.98121,95,6
562.98122,58,2
562.98123,399,149
562.98124,80,17
562.98125,420,66
562.98126,703,25
562.98127,12,26
562.98128,95,6
562.98129,349,37
562.98130,10216,39
562.98131,73,8
562.98132,538,61
562.98133,131,0
562.98134,2617,50
562.98135,95,6
562.98136,12,26
562.98137,95,6
562.98138,5363,20
562.98139,14,30
562.98140,362,71
562.98141,550,30
562.98142,12,26
562.98143,38,19
562.98144,95,6
562.98145,69,5
562.98146,59,50
562.98147,69,5
562.98148,59,50
562.98149,550,30
562.98150,73,8
562.98151,73,8
562.98152,10280,457
562.98153,117,24
562.98154,95,6
562.98155,127,4
562.98156,127,4
562.98157,73,8
562.98158,131,0
562.98159,73,8
562.98160,73,8
562.98161,131,0
562.98162,5824,272
562.98163,104,8
562.98164,327,190
562.98165,73,8
562.98166,95,6
562.98167,95,6
562.98168,95,6
562.98169,10408,8
562.98170,73,8
562.98171,706,249
562.98172,127,4
562.98173,131,0
562.98174,95,6
562.98175,95,6
562.98176,131,0
562.98177,73,8
562.98178,399,149
562.98179,73,8
562.98180,349,37
562.98181,141,1
562.98182,73,8
562.98183,10,20
562.98184,73,8
562.98185,405,23
562.98186,127,4
562.98187,95,6
562.98188,73,8
562.98189,126,65
562.98190,69,458
562.98191,73,8
562.98192,131,0
562.98193,95,6
562.98194,104,8
562.98195,10232,20
562.98196,155,2
562.98197,421,6
562.98198,101,3
562.98199,393,89
562.98200,69,5
562.98201,141,1
562.98202,127,4
562.98203,95,6
562.98204,14,30
562.98205,636,16
562.98206,73,8
562.98207,95,6
562.98208,95,6
562.98209,10,20
562.98210,95,6
562.98211,321,459
562.98212,88,13
562.98213,104,8
562.98214,12,26
562.98215,73,8
562.98216,95,6
562.98217,127,4
562.98218,10,20
562.98219,393,89
562.98220,12,26
562.98221,961,26
562.98222,46,383
562.98223,73,8
562.98224,95,6
562.98225,83,36
562.98226,646,75
562.98227,73,8
562.98228,73,8
562.98229,1084,460
562.98230,131,0
562.98231,538,61
562.98232,73,8
562.98233,12,26
562.98234,88,13
562.98235,131,0
562.98236,372,14
562.98237,88,13
562.98238,88,13
562.98239,404,30
562.98240,12,26
562.98241,538,61
562.98242,10,20
562.98243,95,6
562.98244,393,89
562.98245,95,6
562.98246,2619,6
562.98247,12,26
562.98248,127,4
562.98249,69,5
562.98250,95,6
562.98251,131,0
562.98252,80,17
562.98253,59,50
562.98254,538,61
562.98255,73,8
562.98256,127,4
562.98257,681,62
562.98258,73,8
562.98259,95,6
562.98260,131,0
562.98261,550,30
562.98262,10,461
562.98263,73,8
562.98264,127,4
562.98265,141,1
562.98266,73,8
562.98267,1057,30
562.98268,127,4
562.98269,2619,6
562.98270,550,30
562.98271,95,6
562.98272,681,62
562.98273,73,8
562.98274,10222,4
562.98275,537,69
562.98276,127,4
562.98277,95,6
562.98278,1882,456
562.98279,393,89
562.98280,73,8
562.98281,95,6
562.98282,73,8
562.98283,131,0
562.98284,73,8
562.98285,95,6
562.98286,550,30
562.98287,59,50
562.98288,95,6
562.98289,393,89
562.98290,131,0
562.98291,372,14
562.98292,95,6
562.98293,95,6
562.98294,69,5
562.98295,73,8
562.98296,95,6
562.98297,73,8
562.98298,73,8
562.98299,127,4
562.98300,131,0
562.98301,10,218
562.98302,58,2
562.98303,59,50
562.98304,95,6
562.98305,141,1
562.98306,59,50
562.98307,83,36
562.98308,73,8
562.98309,73,8
562.98310,69,5
562.98311,393,89
562.98312,2585,462
562.98313,73,8
562.98314,12,26
562.98315,73,8
562.98316,73,8
562.98317,62,45
562.98318,131,0
562.98319,95,6
562.98320,73,8
562.98321,10231,26
562.98322,59,50
562.98323,405,23
562.98324,362,71
562.98325,12,26
562.98326,10406,5
562.98327,95,6
562.98328,127,4
562.98329,973,52
562.98330,73,8
562.98331,12,26
562.98332,62,45
562.98333,10,20
562.98334,1236,81
562.98335,95,6
562.98336,405,23
562.98337,10267,8
562.98338,602,38
562.98339,95,6
562.98340,23,13
562.98341,409,55
562.98342,14,30
562.98343,95,6
562.98344,10,20
562.98345,12,26
562.98346,131,0
562.98347,127,4
562.98348,10,20
562.98349,73,8
562.98350,135,35
562.98351,405,23
562.98352,131,0
562.98353,73,8
562.98354,95,6
562.98355,95,6
562.98356,73,8
562.98357,12,26
562.98358,978,67
562.98359,10245,6
562.98360,73,8
562.98361,127,4
562.98362,88,13
562.98363,141,1
562.98364,73,8
562.98365,73,8
562.98366,12,26
562.98367,73,8
562.98368,83,36
562.98369,73,8
562.98370,167,20
562.98371,121,39
562.98372,131,0
562.98373,73,8
562.98374,10252,26
562.98375,95,6
562.98376,10,20
562.98377,131,0
562.98378,95,6
562.98379,4623,463
562.98380,69,5
562.98381,10296,13
562.98382,10,218
562.98383,69,5
562.98384,10244,464
562.98385,106,5
562.98386,73,8
562.98387,636,16
562.98388,136,62
562.98389,69,5
562.98390,127,4
562.98391,642,181
562.98392,141,1
562.98393,550,30
562.98394,73,8
562.98395,3604,465
562.98396,141,1
562.98397,131,0
562.98398,46,217
562.98399,2020,5
562.98400,69,5
562.98401,10225,13
562.98402,73,8
562.98403,73,8
562.98404,3246,118
562.98405,964,23
562.98406,393,89
562.98407,10228,3
562.98408,10224,4
562.98409,421,6
562.98410,69,5
562.98411,421,6
562.98412,372,14
562.98413,144,25
562.98414,95,6
562.98415,73,8
562.98416,95,6
562.98417,101,3
562.98418,127,4
562.98419,10,20
562.98420,12,26
562.98421,1057,30
562.98422,2619,6
562.98423,12,26
562.98424,10,20
562.98425,998,1
562.98426,95,6
562.98427,69,5
562.98428,127,4
562.98429,144,25
562.98430,127,4
562.98431,127,4
562.98432,95,6
562.98433,73,8
562.98434,73,8
562.98435,95,6
562.98436,1057,30
562.98437,131,0
562.98438,38,19
562.98439,73,8
562.98440,80,17
562.98441,10242,466
562.98442,10,20
562.98443,73,8
562.98444,550,30
562.98445,2020,5
562.98446,73,8
562.98447,117,24
562.98448,73,8
562.98449,127,4
562.98450,95,6
562.98451,88,13
562.98452,95,6
562.98453,69,5
562.98454,641,73
562.98455,95,6
562.98456,69,5
562.98457,73,8
562.98458,12,26
562.98459,12,26
562.98460,144,25
562.98461,421,6
562.98462,141,1
562.98463,38,19
562.98464,2389,135
562.98465,73,8
562.98466,104,8
562.98467,73,8
562.98468,127,4
562.98469,131,0
562.98470,372,14
562.98471,59,50
562.98472,52,467
562.98473,357,18
562.98474,2619,6
562.98475,129,234
562.98476,73,8
562.98477,144,25
562.98478,101,3
562.98479,59,50
562.98480,88,13
562.98481,993,468
562.98482,95,6
562.98483,131,0
562.98484,106,5
562.98485,135,35
562.98486,73,8
562.98487,95,6
562.98488,131,0
562.98489,73,8
562.98490,130,469
562.98491,80,17
562.98492,12,247
562.98493,127,4
562.98494,144,25
562.98495,141,1
562.98496,538,61
562.98497,73,8
562.98498,73,8
562.98499,73,8
562.98500,73,8
562.98501,12,26
562.98502,80,17
562.98503,95,6
562.98504,1155,241
562.98505,73,8
562.98506,393,89
562.98507,95,6
562.98508,550,30
562.98509,95,6
562.98510,73,8
562.98511,69,5
562.98512,127,4
562.98513,127,4
562.98514,12,26
562.98515,62,45
562.98516,48,86
562.98517,1001,240
562.98518,95,6
562.98519,550,30
562.98520,79,6
562.98521,131,0
562.98522,95,6
562.98523,95,6
562.98524,73,8
562.98525,394,64
562.98526,10261,20
562.98527,127,4
562.98528,80,17
562.98529,14,30
562.98530,73,8
562.98531,88,13
562.98532,73,8
562.98533,428,18
562.98534,12,26
562.98535,420,66
562.98536,69,5
562.98537,73,8
562.98538,79,6
562.98539,141,1
562.98540,10,218
562.98541,73,8
562.98542,131,0
562.98543,540,72
562.98544,550,30
562.98545,131,0
562.98546,3721,470
562.98547,978,67
562.98548,127,4
562.98549,998,1
562.98550,73,8
562.98551,101,3
562.98552,73,8
562.98553,206,471
562.98554,127,4
562.98555,963,210
562.98556,73,8
562.98557,93,244
562.98558,59,50
562.98559,73,8
562.98560,10,20
562.98561,131,0
562.98562,968,8
562.98563,73,8
562.98564,1819,168
562.98565,1656,472
562.98566,405,23
562.98567,640,437
562.98568,141,1
562.98569,550,30
562.98570,10259,6
562.98571,12,26
562.98572,73,8
562.98573,73,8
562.98574,10,20
562.98575,393,89
562.98576,95,6
562.98577,550,30
562.98578,117,24
562.98579,10262,473
562.98580,127,4
562.98581,372,14
562.98582,58,2
562.98583,10276,23
562.98584,127,4
562.98585,73,8
562.98586,141,1
562.98587,88,13
562.98588,88,13
562.98589,4360,46
562.98590,12,26
562.98591,73,8
562.98592,714,115
562.98593,4456,18
562.98594,141,1
562.98595,80,17
562.98596,131,0
562.98597,69,5
562.98598,393,89
562.98599,73,8
562.98600,73,8
562.98601,95,6
562.98602,73,8
562.98603,115,257
562.98604,453,73
562.98605,144,25
562.98606,1057,30
562.98607,12,26
562.98608,127,4
562.98609,10,20
562.98610,80,17
562.98611,38,19
562.98612,80,17
562.98613,95,6
562.98614,141,1
562.98615,409,55
562.98616,69,5
562.98617,95,6
562.98618,449,89
562.98619,73,8
562.98620,5484,6
562.98621,961,26
562.98622,127,4
562.98623,5261,442
562.98624,73,8
562.98625,540,72
562.98626,69,5
562.98627,141,1
562.98628,404,30
562.98629,73,8
562.98630,95,6
562.98631,59,50
562.98632,73,8
562.98633,10402,8
562.98634,393,89
562.98635,73,8
562.98636,95,6
562.98637,12,26
562.98638,131,0
562.98639,6664,5
562.98640,12,26
562.98641,73,8
562.98642,7092,36
562.98643,416,6
562.98644,58,2
562.98645,73,8
562.98646,421,6
562.98647,141,1
562.98648,8318,474
562.98649,73,8
562.98650,73,8
562.98651,73,8
562.98652,101,3
562.98653,95,6
562.98654,127,4
562.98655,73,8
562.98656,10272,13
562.98657,409,55
562.98658,5644,99
562.98659,12,26
562.98660,681,62
562.98661,95,6
562.98662,69,5
562.98663,95,6
562.98664,73,8
562.98665,12,26
562.98666,69,5
562.98667,80,17
562.98668,95,6
562.98669,95,6
562.98670,2619,6
562.98671,73,8
562.98672,141,1
562.98673,12,26
562.98674,224,48
562.98675,136,62
562.98676,144,25
562.98677,95,6
562.98678,73,8
562.98679,69,5
562.98680,10,20
562.98681,73,8
562.98682,405,23
562.98683,428,18
562.98684,453,73
562.98685,73,8
562.98686,117,24
562.98687,131,0
562.98688,-,475
562.98689,127,4
562.98690,141,1
562.98691,38,19
562.98692,69,5
562.98693,141,1
562.98694,73,8
562.98695,12,26
562.98696,73,8
562.98697,95,6
562.98698,12,26
562.98700,95,6
562.98701,38,19
562.98702,69,5
562.98703,394,321
562.98704,58,2
562.98705,5644,99
562.98706,59,50
562.98707,95,6
562.98708,756,476
562.98709,73,8
562.98710,95,6
562.98711,69,5
562.98712,73,8
562.98713,144,25
562.98714,95,6
562.98715,131,0
562.98716,405,23
562.98717,38,19
562.98718,73,8
562.98719,362,71
562.98720,1828,6
562.98721,681,477
562.98722,73,8
562.98723,59,50
562.98724,73,8
562.98725,421,6
562.98726,1858,69
562.98727,648,95
562.98728,12,26
562.98729,62,45
562.98730,95,6
562.98731,73,8
562.98732,69,5
562.98733,73,8
562.98734,127,4
562.98735,73,8
562.98736,131,0
562.98737,69,5
562.98738,73,8
562.98739,1057,30
562.98740,131,0
562.98741,73,8
562.98742,69,5
562.98743,405,23
562.98744,73,8
562.98745,73,8
562.98746,131,0
562.98747,393,89
562.98748,2619,6
562.98749,550,30
562.98750,14,30
562.98751,10241,6
562.98752,12,26
562.98753,95,6
562.98754,73,8
562.98755,800,171
562.98756,73,8
562.98757,88,13
562.98758,73,8
562.98759,131,0
562.98760,131,0
562.98761,95,6
562.98762,14,30
562.98763,428,18
562.98764,73,8
562.98765,93,116
562.98766,131,0
562.98767,59,50
562.98768,646,75
562.98769,95,6
562.98770,95,6
562.98771,73,8
562.98772,131,0
562.98773,131,0
562.98774,131,0
562.98775,73,8
562.98776,409,55
562.98777,372,14
562.98778,144,25
562.98779,73,8
562.98780,73,8
562.98781,95,6
562.98782,131,0
562.98783,12,26
562.98784,10229,0
562.98785,10,20
562.98786,12,26
562.98787,69,5
562.98788,73,8
562.98789,73,8
562.98790,399,149
562.98791,372,14
562.98792,69,5
562.98793,401,478
562.98794,131,0
562.98795,73,8
562.98796,648,95
562.98797,73,8
562.98798,73,8
562.98799,73,8
562.98800,69,5
562.98801,12,26
562.98802,73,8
562.98803,154,27
562.98804,141,1
562.98805,73,8
562.98806,69,5
562.98807,131,0
562.98808,404,30
562.98809,73,8
562.98810,12,26
562.98811,88,13
562.98812,38,19
562.98813,135,35
562.98814,10,20
562.98815,10,20
562.98816,349,37
562.98817,38,19
562.98818,550,30
562.98819,95,6
562.98820,1665,323
562.98821,73,8
562.98822,95,6
562.98823,10,20
562.98824,23,13
562.98825,393,89
562.98826,131,0
562.98827,73,8
562.98828,10,20
562.98829,95,6
562.98830,95,6
562.98831,73,8
562.98832,10,20
562.98833,73,8
562.98834,95,6
562.98835,117,24
562.98836,95,6
562.98837,127,4
562.98838,372,14
562.98839,1011,192
562.98840,141,1
562.98841,127,4
562.98842,106,5
562.98843,681,62
562.98844,135,35
562.98845,10,20
562.98846,131,0
562.98847,91,40
562.98848,95,6
562.98849,69,5
562.98850,95,6
562.98851,127,4
562.98852,80,17
562.98853,357,18
562.98854,69,5
562.98855,2015,57
562.98856,12,26
562.98857,95,6
562.98858,73,8
562.98859,59,50
562.98860,73,8
562.98861,393,89
562.98862,38,19
562.98863,73,8
562.98864,5451,479
562.98865,69,5
562.98866,95,6
562.98867,73,8
562.98868,2619,6
562.98869,127,4
562.98870,372,14
562.98871,95,6
562.98872,73,8
562.98873,80,17
562.98874,80,17
562.98875,69,5
562.98876,144,25
562.98877,95,6
562.98878,73,8
562.98879,95,6
562.98880,144,25
562.98881,10249,255
562.98882,59,50
562.98883,390,6
562.98884,357,18
562.98885,95,6
562.98886,73,8
562.98887,538,61
562.98888,73,8
562.98889,131,0
562.98890,95,6
562.98891,421,6
562.98892,69,5
562.98893,69,5
562.98894,69,5
562.98895,327,480
562.98896,73,8
562.98897,73,8
562.98898,127,4
562.98899,491,96
562.98900,95,6
562.98901,73,8
562.98902,95,6
562.98903,685,68
562.98904,428,18
562.98905,73,8
562.98906,127,4
562.98907,95,6
562.98908,390,6
562.98909,28,39
562.98910,73,8
562.98911,73,8
562.98912,88,13
562.98913,357,18
562.98914,131,0
562.98915,640,437
562.98916,141,1
562.98917,144,25
562.98918,95,6
562.98919,73,8
562.98920,10271,26
562.98921,162,46
562.98922,12,26
562.98923,73,8
562.98924,126,65
562.98925,95,6
562.98926,73,8
562.98927,5644,99
562.98928,2539,481
562.98929,127,4
562.98930,73,8
562.98931,405,23
562.98932,131,0
562.98933,127,4
562.98934,117,24
562.98935,127,4
562.98936,95,6
562.98937,491,96
562.98938,357,18
562.98939,73,8
562.98940,73,8
562.98941,59,50
562.98942,10226,50
562.98943,23,13
562.98944,73,8
562.98945,127,4
562.98946,538,61
562.98947,141,1
562.98948,10271,26
562.98949,131,0
562.98950,550,30
562.98951,59,50
562.98952,131,0
562.98953,73,8
562.98954,117,24
562.98955,73,8
562.98956,131,0
562.98957,10274,73
562.98958,372,14
562.98959,783,85
562.98960,544,26
562.98961,131,0
562.98962,550,30
562.98963,973,52
562.98964,141,1
562.98965,95,6
562.98966,95,6
562.98967,131,0
562.98968,59,50
562.98969,58,2
562.98970,141,1
562.98971,73,8
562.98972,127,4
562.98973,69,5
562.98974,135,35
562.98975,69,5
562.98976,5451,479
562.98977,73,8
562.98978,95,6
562.98979,7842,5
562.98980,73,8
562.98981,95,6
562.98982,69,5
562.98983,73,8
562.98984,144,25
562.98985,978,67
562.98986,95,6
562.98987,141,1
562.98988,372,14
562.98989,95,6
562.98990,58,2
562.98991,95,6
562.98992,38,19
562.98993,73,8
562.98994,95,6
562.98996,10404,20
562.98997,95,6
562.98998,141,1
562.98999,38,19
562.99000,69,5
562.99001,95,6
562.99002,567,60
562.99003,88,13
562.99004,69,5
562.99005,14,30
562.99006,131,0
562.99007,12,26
562.99008,131,0
562.99009,73,8
562.99010,131,0
562.99011,3564,13
562.99012,421,6
562.99013,28,39
562.99014,127,4
562.99015,73,8
562.99016,73,8
562.99017,10251,8
562.99018,404,30
562.99019,127,4
562.99020,3090,412
562.99021,345,43
562.99022,73,8
562.99023,69,5
562.99024,73,8
562.99025,95,6
562.99026,73,8
562.99027,537,69
562.99028,569,66
562.99029,537,69
562.99030,73,8
562.99031,69,5
562.99032,95,6
562.99033,131,0
562.99034,59,50
562.99035,12,26
562.99036,95,6
562.99037,410,13
562.99038,69,5
562.99039,1125,445
562.99040,131,0
562.99041,144,25
562.99042,95,6
562.99043,7427,482
562.99044,131,0
562.99045,95,6
562.99046,28,39
562.99047,14,30
562.99048,443,254
562.99049,95,6
562.99050,73,8
562.99051,95,6
562.99052,95,6
562.99053,95,6
562.99054,73,8
562.99055,1727,110
562.99056,357,18
562.99057,95,6
562.99058,73,8
562.99059,73,8
562.99060,405,23
562.99061,69,5
562.99062,95,6
562.99063,69,5
562.99064,73,8
562.99065,95,6
562.99066,69,5
562.99067,135,35
562.99068,453,73
562.99069,48,483
562.99070,127,4
562.99071,547,230
562.99072,95,6
562.99073,416,6
562.99074,69,5
562.99075,12,26
562.99076,357,18
562.99077,95,6
562.99078,847,123
562.99079,6530,69
562.99080,1441,76
562.99081,73,8
562.99082,73,8
562.99083,10288,8
562.99084,131,0
562.99085,69,5
562.99086,12,26
562.99087,95,6
562.99088,393,89
562.99089,141,1
562.99090,73,8
562.99091,117,24
562.99092,421,6
562.99093,429,18
562.99094,131,0
562.99095,108,484
562.99096,80,17
562.99097,95,6
562.99098,12,26
562.99099,550,30
562.99100,127,4
562.99101,1154,8
562.99102,95,6
562.99103,95,6
562.99104,73,8
562.99105,69,5
562.99106,10237,14
562.99107,95,6
562.99108,393,89
562.99109,69,5
562.99110,73,8
562.99111,95,6
562.99112,538,61
562.99113,1858,69
562.99114,95,6
562.99115,80,17
562.99116,73,8
562.99117,8915,45
562.99118,58,2
562.99119,393,89
562.99120,73,8
562.99121,69,5
562.99122,43,20
562.99123,140,6
562.99124,12,26
562.99125,1643,122
562.99126,69,5
562.99127,131,0
562.99128,73,8
562.99129,393,89
562.99130,10410,4
562.99131,73,8
562.99132,131,0
562.99133,95,6
562.99134,1155,241
562.99135,69,5
562.99136,69,5
562.99137,155,2
562.99138,14,30
562.99139,10288,8
562.99140,131,0
562.99141,73,8
562.99142,2619,6
562.99143,117,24
562.99144,393,89
562.99145,538,61
562.99146,38,19
562.99147,73,8
562.99148,127,4
562.99149,73,8
562.99150,69,5
562.99151,12,26
562.99152,38,19
562.99153,59,50
562.99154,75,355
562.99155,73,8
562.99156,23,13
562.99157,2619,6
562.99158,95,6
562.99159,131,0
562.99160,968,8
562.99161,421,6
562.99162,1718,485
562.99163,80,17
562.99164,14,30
562.99165,409,55
562.99166,14252,255
562.99167,91,40
562.99168,91,40
562.99169,131,0
562.99170,12,26
562.99171,131,0
562.99172,73,8
562.99173,131,0
562.99174,73,8
562.99175,393,89
562.99176,95,6
562.99177,23,13
562.99178,73,8
562.99179,73,8
562.99180,73,8
562.99181,73,8
562.99182,62,45
562.99183,10277,85
562.99184,95,6
562.99185,104,8
562.99186,73,8
562.99187,95,6
562.99188,69,5
562.99189,131,0
562.99190,640,437
562.99191,5644,99
562.99192,69,5
562.99193,73,8
562.99194,88,13
562.99195,73,8
562.99196,69,5
562.99197,5824,272
562.99198,135,35
562.99199,59,50
562.99200,88,13
562.99201,38,19
562.99202,73,8
562.99203,95,6
562.99204,2086,193
562.99205,12,26
562.99206,6086,0
562.99207,998,1
562.99208,978,67
562.99209,648,95
562.99210,95,6
562.99211,73,8
562.99212,5539,120
562.99213,91,40
562.99214,540,72
562.99215,73,8
562.99216,127,4
562.99217,73,8
562.99218,69,5
562.99219,73,8
562.99220,23,13
562.99221,73,8
562.99223,404,30
562.99224,1057,30
562.99225,95,6
562.99226,141,1
562.99227,1629,486
562.99228,12,26
562.99229,69,5
562.99230,127,4
562.99231,69,5
562.99232,394,101
562.99233,10254,13
562.99234,144,25
562.99235,73,8
562.99236,155,2
562.99237,69,5
562.99238,69,5
562.99239,69,5
562.99240,73,8
562.99241,405,23
562.99242,1193,30
562.99243,355,59
562.99244,91,40
562.99245,131,0
562.99246,95,6
562.99247,10415,8
562.99248,80,17
562.99249,131,0
562.99250,297,195
562.99251,58,2
562.99252,517,46
562.99253,73,8
562.99256,95,6
562.99257,491,96
562.99258,421,6
562.99259,73,8
562.99260,144,25
562.99261,73,8
562.99262,10,20
562.99263,73,8
562.99264,69,5
562.99265,69,5
562.99266,205,487
562.99267,10,20
562.99268,69,5
562.99270,95,6
562.99271,90,13
562.99272,131,0
562.99273,73,8
562.99274,1441,76
562.99275,550,30
562.99276,550,30
562.99277,73,8
562.99278,80,17
562.99279,73,8
562.99280,73,8
562.99281,10,20
562.99283,372,14
562.99284,88,13
562.99285,131,0
562.99286,5308,224
562.99287,345,43
562.99289,95,6
562.99290,95,6
562.99291,95,6
562.99292,297,195
562.99293,141,1
562.99294,10213,8
562.99295,44,63
562.99296,59,50
562.99297,95,6
562.99298,144,25
562.99299,69,5
562.99300,95,6
562.99301,69,5
562.99302,141,1
562.99303,420,66
562.99304,12,26
562.99305,141,1
562.99306,13,488
562.99307,1057,30
562.99308,10246,6
562.99309,676,36
562.99310,141,1
562.99311,69,5
562.99312,127,4
562.99313,399,489
562.99314,12,26
562.99315,73,8
562.99316,73,8
562.99317,409,55
562.99318,457,233
562.99319,405,23
562.99320,393,89
562.99321,38,19
562.99322,73,8
562.99323,131,0
562.99324,131,0
562.99325,95,6
562.99326,1434,490
562.99327,80,17
562.99328,3723,491
562.99329,5702,212
562.99330,73,8
562.99331,10248,492
562.99332,131,0
562.99333,69,5
562.99334,421,6
562.99335,95,6
562.99336,393,89
562.99337,73,8
562.99338,393,89
562.99339,69,5
562.99340,1081,212
562.99341,58,2
562.99342,131,0
562.99343,624,114
562.99344,457,233
562.99345,131,0
562.99346,131,0
562.99347,131,0
562.99348,131,0
562.99349,69,5
562.99350,95,6
562.99351,14,30
562.99352,405,23
562.99353,372,14
562.99354,69,5
562.99355,91,40
562.99356,59,50
562.99357,69,5
562.99358,537,69
562.99359,1057,30
562.99360,69,5
562.99361,127,4
562.99362,69,5
562.99363,95,6
562.99364,1441,76
562.99365,95,6
562.99366,69,5
562.99368,73,8
562.99370,12,26
562.99371,10233,493
562.99372,108,484
562.99373,88,13
562.99374,95,6
562.99375,131,0
562.99376,95,6
562.99377,135,35
562.99379,10,20
562.99380,73,8
562.99381,399,494
562.99382,73,8
562.99383,131,0
562.99384,10403,8
562.99385,95,6
562.99386,59,50
562.99387,73,8
562.99388,372,14
562.99389,95,6
562.99390,1057,30
562.99391,393,89
562.99392,127,4
562.99393,95,6
562.99394,69,5
562.99395,357,18
562.99396,10298,35
562.99397,69,5
562.99398,73,8
562.99399,144,25
562.99402,73,8
562.99403,117,24
562.99404,127,4
562.99405,83,36
562.99407,62,45
562.99408,127,4
562.99409,155,2
562.99411,73,8
562.99412,95,6
562.99413,131,0
562.99414,10284,495
562.99415,550,30
562.99416,141,1
562.99417,69,5
562.99418,131,0
562.99419,12,26
562.99420,101,3
562.99421,144,25
562.99422,73,8
562.99423,354,51
562.99424,127,4
562.99425,73,8
562.99426,12,26
562.99427,10,20
562.99429,501,159
562.99430,80,17
562.99431,73,8
562.99433,131,0
562.99434,135,35
562.99435,131,0
562.99436,73,8
562.99437,73,8
562.99438,95,6
562.99439,357,18
562.99440,95,6
562.99441,127,4
562.99442,73,8
562.99443,2619,6
562.99444,95,6
562.99445,126,65
562.99446,73,8
562.99447,91,40
562.99448,131,0
562.99449,69,5
562.99450,355,59
562.99451,405,23
562.99452,2015,57
562.99453,95,6
562.99454,491,96
562.99455,491,96
562.99456,73,8
562.99457,95,6
562.99458,73,8
562.99460,8346,132
562.99463,58,2
562.99464,14,30
562.99465,95,6
562.99467,95,6
562.99468,761,20
562.99470,73,8
562.99471,135,35
562.99472,73,8
562.99473,73,8
562.99474,131,0
562.99475,135,35
562.99476,28,39
562.99477,355,59
562.99478,59,50
562.99479,73,8
562.99480,372,14
562.99481,135,35
562.99482,73,8
562.99483,69,5
562.99484,80,17
562.99485,73,8
562.99486,538,61
562.99487,69,5
562.99488,537,69
562.99489,124,120
562.99490,69,5
562.99491,95,6
562.99492,131,0
562.99493,219,496
562.99494,69,5
562.99495,127,4
562.99496,69,5
562.99498,421,6
562.99499,69,5
562.99500,362,71
562.99501,131,0
562.99502,95,6
562.99503,95,6
562.99504,1193,30
562.99507,131,0
562.99508,550,30
562.99509,95,6
562.99510,95,6
562.99511,130,316
562.99512,95,6
562.99513,73,8
562.99514,69,5
562.99515,95,6
562.99516,73,8
562.99517,714,115
562.99518,69,5
562.99519,10,20
562.99520,131,0
562.99521,141,1
562.99522,131,0
562.99523,131,0
562.99524,69,5
562.99525,405,23
562.99526,14,30
562.99527,131,0
562.99528,1324,288
562.99529,135,35
562.99530,95,6
562.99531,69,5
562.99532,73,8
562.99533,550,30
562.99534,409,55
562.99535,95,6
562.99536,12,26
562.99537,23,13
562.99538,131,0
562.99539,59,50
562.99540,10,20
562.99541,73,8
562.99542,131,0
562.99543,69,5
562.99544,58,2
562.99545,73,8
562.99546,12,26
562.99547,404,30
562.99549,12,26
562.99550,58,2
562.99551,10265,5
562.99552,95,6
562.99553,550,30
562.99554,10255,95
562.99555,131,0
562.99556,95,6
562.99557,73,8
562.99558,69,5
562.99559,453,73
562.99560,131,0
562.99561,4624,497
562.99562,95,6
562.99563,10,20
562.99564,95,6
562.99565,73,8
562.99566,95,6
562.99567,12,26
562.99568,550,30
562.99569,95,6
562.99570,12,26
562.99571,10291,117
562.99572,131,0
562.99573,167,20
562.99574,569,66
562.99575,69,5
562.99576,999,435
562.99577,80,17
562.99578,69,5
562.99579,131,0
562.99580,69,5
562.99581,847,123
562.99582,410,13
562.99583,69,5
562.99584,457,233
562.99585,676,36
562.99586,117,24
562.99587,1850,498
562.99588,28,39
562.99589,69,5
562.99590,10294,30
562.99591,73,8
562.99592,95,6
562.99593,127,4
562.99594,73,8
562.99595,59,50
562.99596,95,6
562.99597,131,0
562.99598,73,8
562.99599,10230,181
562.99600,136,62
562.99601,69,5
562.99602,95,6
562.99603,453,73
562.99604,95,6
562.99605,410,13
562.99606,2619,6
562.99607,95,6
562.99608,73,8
562.99609,399,149
562.99610,14,30
562.99611,1057,30
562.99612,10,20
562.99613,538,61
562.99614,69,5
562.99615,95,6
562.99616,127,4
562.99617,10289,364
562.99618,95,6
562.99619,69,5
562.99620,998,1
562.99621,38,19
562.99622,95,6
562.99623,141,1
562.99624,10239,499
562.99625,88,13
562.99626,95,6
562.99627,453,73
562.99628,1406,500
562.99629,131,0
562.99630,131,0
562.99631,2003,19
562.99632,648,95
562.99633,131,0
562.99634,131,0
562.99635,69,5
562.99636,58,2
562.99637,1193,30
562.99638,69,5
562.99639,1228,501
562.99640,1643,122
562.99641,73,8
562.99642,38,19
562.99643,73,8
562.99644,131,0
562.99645,131,0
562.99646,155,2
562.99647,75,355
562.99648,14,30
562.99649,73,8
562.99650,991,502
562.99651,58,2
562.99652,297,195
562.99653,95,6
562.99654,10,20
562.99656,10295,8
562.99657,131,0
562.99658,108,484
562.99659,429,18
562.99660,404,30
562.99661,62,45
562.99662,73,8
562.99663,69,5
562.99664,141,1
562.99665,10,305
562.99666,14,30
562.99667,73,8
562.99669,104,8
562.99670,117,24
562.99671,12,26
562.99672,62,45
562.99673,224,48
562.99674,14,30
562.99675,95,6
562.99676,117,24
562.99677,104,8
562.99678,453,73
562.99679,676,36
562.99680,95,6
562.99681,131,0
562.99682,2522,503
562.99683,73,8
562.99684,131,0
562.99685,1333,83
562.99686,10292,20
562.99687,131,0
562.99688,95,6
562.99689,95,6
562.99690,73,8
562.99691,388,194
562.99692,131,0
562.99693,10235,43
562.99694,73,8
562.99695,10,218
562.99696,73,8
562.99697,73,8
562.99698,131,0
562.99699,10266,504
562.99700,59,50
562.99701,131,0
562.99702,131,0
562.99703,59,50
562.99704,12,26
562.99705,398,105
562.99706,38,19
562.99707,648,95
562.99708,73,8
562.99709,73,8
562.99710,69,5
562.99711,95,6
562.99712,73,8
562.99713,131,0
562.99714,131,0
562.99715,131,0
562.99716,73,8
562.99717,357,18
562.99718,1011,192
562.99719,127,4
562.99720,393,89
562.99721,131,0
562.99722,80,17
562.99723,4038,120
562.99724,38,19
562.99725,648,95
562.99726,648,95
562.99727,131,0
562.99728,5644,99
562.99729,38,19
562.99730,1086,80
562.99731,69,5
562.99732,1882,456
562.99733,648,95
562.99734,73,8
562.99735,1993,1
562.99736,12,26
562.99737,69,5
562.99738,1236,81
562.99739,131,0
562.99740,372,14
562.99741,95,6
562.99742,131,0
562.99743,131,0
562.99744,95,6
562.99745,399,149
562.99746,73,8
562.99747,69,5
562.99748,73,8
562.99749,58,2
562.99750,117,24
562.99751,131,0
562.99752,95,6
562.99753,131,0
562.99754,38,19
562.99755,1193,30
562.99756,1432,2
562.99757,127,4
562.99758,69,5
562.99759,14,30
562.99760,95,6
562.99761,95,6
562.99762,73,8
562.99763,62,45
562.99764,1193,30
562.99765,69,5
562.99766,10275,25
562.99767,2619,6
562.99768,1146,344
562.99769,95,6
562.99770,95,6
562.99771,58,2
562.99772,959,26
562.99773,80,17
562.99774,95,6
562.99775,95,6
562.99776,127,4
562.99777,216,156
562.99778,73,8
562.99779,69,5
562.99780,69,5
562.99781,131,0
562.99782,550,30
562.99783,73,8
562.99784,73,8
562.99785,349,37
562.99786,295,135
562.99787,58,2
562.99788,428,18
562.99789,421,6
562.99790,95,6
562.99791,117,24
562.99792,73,8
562.99793,104,8
562.99794,73,8
562.99795,131,0
562.99796,38,19
562.99797,83,36
562.99798,73,8
562.99799,73,8
562.99800,131,0
562.99801,1193,30
562.99802,131,0
562.99803,73,8
562.99804,127,4
562.99805,127,4
562.99806,393,89
562.99807,10,20
562.99808,404,30
562.99809,141,1
562.99810,73,8
562.99811,141,1
562.99812,73,8
562.99813,95,6
562.99814,73,8
562.99815,69,5
562.99816,83,36
562.99817,95,6
562.99818,10,20
562.99819,12,26
562.99820,2015,57
562.99821,101,3
562.99822,428,18
562.99823,135,35
562.99824,95,6
562.99825,1193,30
562.99826,73,8
562.99827,357,18
562.99828,127,4
562.99829,131,0
562.99830,354,51
562.99831,676,36
562.99832,95,6
562.99833,12,26
562.99834,405,23
562.99835,131,0
562.99836,95,6
562.99837,361,161
562.99838,2766,212
562.99839,95,6
562.99840,73,8
562.99841,162,46
562.99842,131,0
562.99843,73,8
562.99844,131,0
562.99845,80,17
562.99846,1642,212
562.99847,393,89
562.99848,69,5
562.99849,10223,505
562.99850,978,67
562.99851,127,4
562.99852,69,5
562.99853,69,5
562.99854,73,8
562.99855,136,62
562.99856,95,6
562.99857,14,30
562.99858,12,26
562.99859,131,0
562.99860,10,20
562.99861,69,5
562.99862,131,0
562.99863,10,20
562.99864,95,6
562.99865,12,26
562.99866,73,8
562.99867,2308,506
562.99868,95,6
562.99869,127,4
562.99870,73,8
562.99871,1155,241
562.99872,31,89
562.99873,109,173
562.99874,352,259
562.99875,14,30
562.99876,405,23
562.99877,95,6
562.99878,410,13
562.99879,1316,55
562.99880,73,8
562.99881,453,73
562.99882,131,0
562.99883,73,8
562.99884,131,0
562.99885,4566,284
562.99886,136,62
562.99887,372,14
562.99888,59,50
562.99889,12,26
562.99890,127,4
562.99891,2020,5
562.99892,773,231
562.99893,95,6
562.99894,69,5
562.99895,95,6
562.99896,393,89
562.99897,95,6
562.99898,73,8
562.99899,73,8
562.99900,73,8
562.99901,390,6
562.99902,127,4
562.99903,73,8
562.99904,131,0
562.99905,405,23
562.99906,73,8
562.99907,69,5
562.99908,91,40
562.99909,14,30
562.99910,73,8
562.99911,95,6
562.99912,12,26
562.99913,372,14
562.99914,550,30
562.99915,73,8
562.99916,95,6
562.99917,131,0
562.99918,73,8
562.99919,5614,93
562.99920,88,13
562.99921,297,195
562.99922,73,8
562.99923,706,249
562.99924,10411,6
562.99925,12,26
562.99926,405,23
562.99927,131,0
562.99928,69,5
562.99929,1193,30
562.99930,95,6
562.99931,410,13
562.99932,-,17
562.99933,95,6
562.99934,73,8
562.99935,141,1
562.99936,131,0
562.99937,104,8
562.99938,131,0
562.99939,773,231
562.99940,12,26
562.99941,69,5
562.99942,38,19
562.99943,104,8
562.99944,10,20
562.99945,131,0
562.99946,131,0
562.99947,69,5
562.99948,131,0
562.99949,1674,507
562.99950,998,1
562.99951,12,26
562.99952,95,6
562.99953,73,8
562.99954,127,4
562.99955,131,0
562.99956,38,19
562.99957,95,6
562.99958,10283,508
562.99959,73,8
562.99960,409,55
562.99961,421,6
562.99962,141,1
562.99963,95,6
562.99964,73,8
562.99965,961,26
562.99966,136,62
562.99967,95,6
562.99968,109,509
562.99969,73,8
562.99970,14,30
562.99971,69,5
562.99972,12,26
562.99973,73,8
562.99974,73,8
562.99975,59,50
562.99976,131,0
562.99977,58,2
562.99978,14,30
562.99979,57,207
562.99980,59,50
562.99981,405,23
562.99982,95,6
562.99983,73,8
562.99984,73,8
562.99985,69,5
562.99986,69,5
562.99987,28,39
562.99988,73,8
562.99989,73,8
562.99990,218,82
562.99991,73,8
562.99992,69,5
562.99993,14,30
562.99994,136,62
562.99995,69,5
562.99996,69,5
562.99997,80,17
562.99998,372,14
562.99999,10237,14
562.104196,131,0
562.104197,131,0
562.104199,131,0
562.104200,131,0
562.104201,617,33
562.104202,131,0
562.104203,131,0
562.104204,131,0
562.104205,38,19
562.104206,131,0
562.104207,131,0
562.104208,131,0
562.104209,131,0
562.104210,38,19
562.104211,131,0
562.104212,58,2
562.104213,1488,20
562.104214,10,20
562.104215,1193,30
562.104216,131,0
562.104217,131,0
562.104218,131,0
562.104219,589,425
562.104220,131,0
562.104221,38,19
562.104222,131,0
562.104223,131,0
562.104224,131,0
562.104225,1193,30
562.104226,131,0
562.104227,648,95
562.104228,131,0
562.104229,131,0
562.104230,131,0
562.104231,2003,19
562.10576,457,233
562.140680,10,20
562.140682,648,95
562.140683,2064,510
562.140684,167,20
562.140685,101,3
562.140686,10,20
562.140688,69,5
562.140689,542,511
562.140690,1485,153
562.140691,131,0
562.140692,155,2
562.140710,73,8
562.140711,69,5
562.140712,69,5
562.140713,131,0
562.140714,10,20
562.140715,131,0
562.140716,73,8
562.140717,155,2
562.140718,155,2
562.140719,38,19
562.140720,73,8
562.140721,73,8
562.140722,1638,512
562.140723,349,112
562.140724,378,422
562.140725,216,156
562.140726,58,2
562.140727,80,17
562.140728,59,50
562.140729,95,6
562.140730,69,5
562.140731,648,95
562.140732,69,5
562.140733,404,30
562.140734,80,17
562.140735,131,0
562.140736,131,0
562.140737,362,71
562.140739,10,20
562.140740,648,95
562.140741,127,4
562.140742,10,20
562.140743,131,0
562.140744,69,5
562.140745,1308,513
562.140746,744,20
562.140747,95,6
562.140748,69,5
562.140749,428,18
562.140750,216,156
562.140751,-,20
562.140752,847,123
562.140753,69,5
562.140754,69,5
562.140755,69,5
562.140756,127,4
562.140757,141,1
562.140759,104,8
562.140760,773,231
562.140761,73,8
562.140762,1193,30
562.140763,117,24
562.140764,73,8
562.140765,58,2
562.140766,69,5
562.140767,1193,30
562.140768,567,60
562.140769,69,5
562.140770,73,8
562.140771,131,0
562.140772,73,8
562.140773,127,4
562.140774,448,100
562.140775,69,5
562.140776,73,8
562.140777,1429,514
562.140779,10,515
562.140780,1434,516
562.140781,795,181
562.140782,73,8
562.140783,73,8
562.140784,405,23
562.140785,38,19
562.140786,73,8
562.140787,538,61
562.140788,38,19
562.140789,131,0
562.140790,91,40
562.140791,683,2
562.140792,141,1
562.140793,2013,8
562.140794,88,13
562.140795,393,89
562.140796,95,6
562.140797,131,0
562.140798,73,8
562.140799,95,6
562.140800,761,20
562.140801,357,18
562.140802,70,517
562.140803,83,36
562.140804,131,0
562.140805,33,518
562.140806,69,5
562.140807,73,8
562.140808,1828,6
562.140809,973,52
562.140810,69,5
562.140811,180,481
562.140812,648,95
562.140813,405,23
562.140814,14,30
562.140815,12,26
562.140816,448,100
562.140817,968,8
562.140818,131,0
562.140819,12,26
562.140820,95,6
562.140821,73,8
562.140822,141,1
562.140823,-,60
562.140916,1284,33
562.140917,453,73
562.140920,131,0
562.140921,410,13
562.140922,410,13
562.140923,88,13
562.140924,131,0
562.140925,88,13
562.140926,10,20
562.140927,354,51
562.140928,354,51
562.140929,405,23
562.140930,10,20
562.140931,131,0
562.140932,10,20
562.140933,167,20
562.140934,131,0
562.140935,162,46
562.140936,361,161
562.140937,162,46
562.140938,648,95
562.140939,1284,33
562.140940,617,33
562.140941,648,95
562.140942,224,519
562.140943,1056,120
562.140944,38,19
562.140945,746,520
562.140946,648,95
562.140947,10,20
562.140948,167,20
562.140949,361,161
562.140950,648,95
562.140951,1177,19
562.140952,10,20
562.140953,131,0
562.140954,68,274
562.140956,131,0
562.140957,131,0
562.140960,405,23
562.140961,131,0
562.140962,3024,3
562.140963,131,0
562.140965,1177,19
562.140966,410,13
562.140967,602,38
562.140968,131,0
562.140969,10,20
562.140970,131,0
562.140972,56,2
562.140973,23,13
562.140974,405,23
562.140975,131,0
562.140976,88,13
562.140977,38,19
562.140978,10,20
562.140979,131,0
562.140980,131,0
562.140981,131,0
562.140982,56,2
562.140983,9028,3
562.140984,-,0
562.140985,354,51
562.140986,131,0
562.140987,131,0
562.140988,131,0
562.140989,58,2
562.140990,23,13
562.140991,131,0
562.140992,2003,19
562.140993,381,170
562.140994,7358,23
562.140995,131,0
562.140996,131,0
562.140997,58,2
562.141000,58,2
562.141001,7470,285
562.141003,135,35
562.141004,354,51
562.141006,135,35
562.141007,58,2
562.141008,73,8
562.141009,69,5
562.141010,141,1
562.141011,410,13
562.141012,131,0
562.141013,648,95
562.141014,58,2
562.141015,48,243
562.141016,73,8
562.141017,48,521
562.141018,410,13
562.141019,2509,284
562.141020,131,0
562.141021,69,5
562.141022,131,0
562.141023,11393,95
562.141024,405,23
562.141025,443,254
562.141026,131,0
562.141027,88,13
562.141028,405,23
562.141029,44,63
562.141030,88,13
562.141031,23,13
562.141032,44,63
562.141033,648,95
562.141034,7470,285
562.141035,1480,13
562.141036,2141,347
562.141037,131,0
562.141038,162,46
562.141040,131,0
562.141043,131,0
562.141044,131,0
562.141045,131,0
562.141046,10,20
562.141047,131,0
562.141048,224,48
562.141049,410,13
562.141050,131,0
562.141051,167,20
562.141052,131,0
562.141053,744,20
562.141054,744,20
562.141055,8954,2
562.141056,10,20
562.141057,10,20
562.141058,69,5
562.141059,131,0
562.141060,453,73
562.141061,448,100
562.141062,7468,73
562.141063,46,217
562.141066,46,217
562.141067,131,0
562.141068,361,161
562.141069,224,48
562.141070,617,33
562.141072,46,217
562.141074,131,0
562.141075,131,0
562.141076,46,217
562.141079,90,13
562.141080,224,48
562.141081,88,13
562.141082,155,2
562.141083,361,161
562.141084,744,20
562.141085,10,20
562.141086,683,2
562.141087,131,0
562.141088,648,95
562.141090,155,2
562.141091,131,0
562.141092,224,48
562.141093,131,0
562.141094,131,0
562.141095,131,0
562.141096,3564,13
562.141097,648,95
562.141098,131,0
562.141099,167,20
562.141100,1284,33
562.141101,131,0
562.141102,131,0
562.141103,10,20
562.141104,59,50
562.141105,59,50
562.141106,224,48
562.141107,131,0
562.141108,131,0
562.141109,10,20
562.141111,648,95
562.141112,10,20
562.141113,167,20
562.141114,131,0
562.141115,131,0
562.141116,227,272
562.141117,131,0
562.141118,44,63
562.141119,167,20
562.141120,131,0
562.141121,744,20
562.141122,44,63
562.141123,10,20
562.141124,224,48
562.141125,88,13
562.141126,58,2
562.141127,131,0
562.141128,11395,33
562.141129,2025,2
562.141130,10,20
562.141131,357,18
562.141132,2496,522
562.141133,73,8
562.141134,131,0
562.141135,10,523
562.141136,9030,2
562.141137,131,0
562.141138,131,0
562.141139,3873,41
562.141140,131,0
562.141141,58,2
562.141142,1421,524
562.141143,224,48
562.141144,227,20
562.141145,162,46
562.141146,48,243
562.141147,9029,13
562.141148,48,243
562.141149,3873,41
562.141150,410,13
562.141151,448,100
562.141152,10,20
562.141153,744,20
562.141154,131,0
562.141155,453,73
562.141156,56,2
562.141158,641,73
562.141159,131,0
562.141160,362,525
562.141161,167,20
562.141162,93,526
562.141163,131,0
562.141164,453,73
562.141165,44,63
562.141167,11430,73
562.141168,1851,111
562.141169,744,20
562.141170,542,527
562.141171,617,33
562.141172,10,20
562.141173,617,33
562.141174,4119,39
562.141175,617,33
562.141176,617,33
562.141177,617,33
562.141178,131,0
562.141179,453,73
562.141180,69,5
562.141181,877,73
562.141182,744,20
562.141183,131,0
562.141184,533,212
562.141185,131,0
562.141186,131,0
562.141187,131,0
562.141188,131,0
562.141189,93,116
562.141190,6241,15
562.141191,1434,528
562.141192,117,24
562.141194,410,13
562.141195,410,13
562.141196,410,13
562.141197,410,13
562.141198,131,0
562.141199,410,13
562.141200,1723,15
562.141201,1723,15
562.141202,38,19
562.141203,131,0
562.141204,131,0
562.141205,10,20
562.141206,224,48
562.141207,744,20
562.141208,90,13
562.141209,410,13
562.141210,69,5
562.141211,410,13
562.141212,410,13
562.141213,410,13
562.141214,88,13
562.141215,410,13
562.141216,410,13
562.141217,410,13
562.141218,131,0
562.141219,410,13
562.141220,131,0
562.141221,410,13
562.141222,410,13
562.141223,361,161
562.141224,410,13
562.141225,58,2
562.141226,69,5
562.141227,69,5
562.141228,542,529
562.141229,871,530
562.141230,871,530
562.141231,69,5
562.141232,131,0
562.141233,393,89
562.141234,131,0
562.141235,648,95
562.141236,393,89
562.141237,453,73
562.141238,131,0
562.141239,44,63
562.141241,410,13
562.141242,131,0
562.141243,117,24
562.141244,405,23
562.141245,410,13
562.141246,410,13
562.141247,410,13
562.141248,410,13
562.141249,410,13
562.141250,410,13
562.141251,410,13
562.141252,410,13
562.141253,88,13
562.141254,131,0
562.141255,10,20
562.141256,641,73
562.141257,131,0
562.141258,101,3
562.141259,131,0
562.141260,349,37
562.141261,10,20
562.141262,156,41
562.141263,491,96
562.141264,410,13
562.141265,354,51
562.141266,10,20
562.141267,6589,531
562.141268,131,0
562.141269,11433,20
562.141270,11394,532
562.141271,448,100
562.141272,58,2
562.141273,224,48
562.141274,393,89
562.141275,10,20
562.141276,410,13
562.141277,167,20
562.141278,410,13
562.141279,90,13
562.141280,88,13
562.141281,500,346
562.141282,80,17
562.141283,2671,533
562.141284,744,20
562.141285,1480,13
562.141286,6332,13
562.141287,10,20
562.141288,10,534
562.141289,2671,533
562.141291,345,43
562.141292,617,33
562.141293,641,535
562.141294,410,13
562.141295,361,161
562.141296,10,20
562.141297,2035,536
562.141298,533,212
562.141299,448,100
562.141300,224,48
562.141301,1291,20
562.141302,1291,20
562.141303,635,29
562.141304,6332,13
562.141305,10,20
562.141306,372,14
562.141307,4980,537
562.141308,57,538
562.141309,48,295
562.141310,1944,539
562.141311,10,540
562.141312,7611,305
562.141313,73,8
562.141314,410,13
562.141315,155,2
562.141316,155,2
562.141317,295,135
562.141318,10,305
562.141319,155,2
562.141321,57,538
562.141322,429,18
562.141323,57,207
562.141324,131,0
562.141325,7613,2
562.141326,1706,88
562.141327,429,18
562.141328,429,18
562.141329,4980,537
562.141330,4980,537
562.141331,4980,537
562.141332,4980,537
562.141333,429,18
562.141334,4980,537
562.141335,4980,537
562.141336,4980,537
562.141337,7612,541
562.141338,4980,537
562.141339,429,18
562.141340,1144,542
562.141341,4980,537
562.141342,429,18
562.141343,1463,543
562.141344,4980,537
562.141345,515,544
562.141346,57,207
562.141347,38,19
562.141348,212,293
562.141349,665,545
562.141350,57,538
562.141351,57,538
562.141352,155,2
562.141353,429,18
562.141354,4980,537
562.141355,117,24
562.141356,4980,537
562.141357,429,18
562.141358,155,2
562.141359,1011,192
562.141360,212,293
562.141361,2701,546
562.141362,429,18
562.141363,429,18
562.141364,429,18
562.141365,355,59
562.141367,1286,20
562.141368,4663,212
562.141369,155,2
562.141370,57,538
562.141371,-,547
562.141372,4980,537
562.141373,4663,212
562.141374,1286,20
562.141375,2722,548
562.141376,115,216
562.141377,10,549
562.141378,4663,212
562.141379,4663,212
562.141380,1850,498
562.141381,1286,20
562.141382,115,550
562.141383,4663,212
562.141384,4663,212
562.141385,718,551
562.141386,2040,288
562.141387,4663,212
562.141388,4663,212
562.141389,155,2
562.141390,429,18
562.141391,4663,212
562.141392,4663,212
562.141393,429,18
562.141394,4980,537
562.141395,429,18
562.141396,155,2
562.141397,295,135
562.141398,1056,120
562.141399,7614,13
562.141400,23,13
562.141401,162,46
562.141402,1640,285
562.141403,58,2
562.141404,371,206
562.141405,58,2
562.141406,359,3
562.141407,1286,20
562.141408,12808,552
562.141409,359,3
562.141410,846,553
562.141411,910,554
562.141412,1101,555
562.141413,58,2
562.141414,131,0
562.141415,744,20
562.141416,88,13
562.141417,117,24
562.141418,117,24
562.141419,101,3
562.141420,117,24
562.141421,10,20
562.141422,9405,355
562.141423,744,20
562.141424,48,556
562.141425,131,0
562.141426,58,2
562.141427,767,2
562.141428,4379,557
562.141429,398,105
562.141430,744,20
562.141431,744,20
562.141432,12804,13
562.141433,744,20
562.141434,744,20
562.141435,542,527
562.141436,10,20
562.141437,10,534
562.141438,162,46
562.141439,101,3
562.141440,162,46
562.141441,162,46
562.141442,38,19
562.141443,38,19
562.141444,617,33
562.141445,1056,120
562.141446,117,24
562.141447,10,20
562.141448,10,20
562.141449,162,46
562.141450,117,24
562.141451,6517,558
562.141452,744,20
562.141453,6730,559
562.141454,1431,46
562.141455,12793,560
562.141456,744,20
562.141457,4175,561
562.141458,993,468
562.141459,4541,562
562.141460,58,2
562.141461,58,2
562.141462,58,2
562.141463,69,5
562.141464,58,2
562.141465,2325,324
562.141466,359,3
562.141468,10,20
562.141469,10,563
562.141470,12549,20
562.141471,3205,105
562.141472,641,73
562.141473,88,13
562.141474,58,2
562.141475,227,20
562.141476,58,2
562.141477,58,2
562.141478,58,2
562.141479,88,13
562.141480,641,73
562.141481,5771,564
562.141482,5236,565
562.141483,117,24
562.141484,744,20
562.141485,641,73
562.141486,88,13
562.141487,156,41
562.141488,156,41
562.141489,4175,561
562.141490,162,46
562.141493,357,18
562.141495,131,0
562.141503,73,8
562.141506,73,8
562.141507,131,0
562.141508,131,0
562.141511,1193,30
562.141513,744,20
562.141514,131,0
562.141515,131,0
562.141516,405,23
562.141517,131,0
562.141518,155,566
562.141519,131,0
562.141520,219,567
562.141521,131,0
562.141522,131,0
562.141523,131,0
562.141524,73,8
562.141525,1193,30
562.141526,2003,19
562.141527,10,20
562.141528,131,0
562.141529,131,0
562.141530,131,0
562.141531,131,0
562.141532,131,0
562.141533,131,0
562.141534,2608,397
562.141535,38,19
562.141536,648,95
562.141537,5229,3
562.141538,131,0
562.141539,648,95
562.141540,95,6
562.141541,1193,30
562.141542,131,0
562.141543,648,95
562.141544,131,0
562.141545,131,0
562.141546,131,0
562.141547,648,95
562.141548,10,20
562.141550,131,0
562.141552,131,0
562.141561,73,8
562.141562,1193,30
562.141563,73,8
562.141564,12,26
562.141565,131,0
562.141566,131,0
562.141567,1193,30
562.141568,38,19
562.141569,131,0
562.141570,550,30
562.141572,457,233
562.141573,550,30
562.141574,550,30
562.141575,550,30
562.141576,550,30
562.141579,550,30
562.141580,550,30
562.141583,131,0
562.141587,14544,0
562.141588,550,30
562.141589,550,30
562.141590,550,30
562.141591,550,30
562.141592,131,0
562.141593,550,30
562.141594,131,0
562.141595,73,8
562.141596,7878,568
562.141597,1193,30
562.141598,131,0
562.141599,131,0
562.141600,131,0
562.141601,555,569
562.141602,12,26
562.141603,131,0
562.141605,131,0
562.141606,550,30
562.141607,131,0
562.141608,73,8
562.141609,73,8
562.141611,73,8
562.141612,200,570
562.141613,200,570
562.141614,457,233
562.141615,73,8
562.141616,315,19
562.141617,95,6
562.141618,95,6
562.141619,964,23
562.141620,95,6
562.141621,40,400
562.141622,964,23
562.141623,349,37
562.141624,227,20
562.141625,410,13
562.141626,12,26
562.141627,131,0
562.141628,88,13
562.141630,88,13
562.141631,73,8
562.141632,131,0
562.141633,131,0
562.141634,2973,571
562.141635,648,95
562.141636,131,0
562.141637,131,0
562.141638,95,6
562.141639,648,95
562.141640,131,0
562.141641,131,0
562.141642,131,0
562.141643,2003,19
562.141644,131,0
562.141645,2003,19
562.141646,131,0
562.141647,131,0
562.141648,14589,20
562.141649,131,0
562.141650,131,0
562.141655,73,8
562.141658,14571,572
562.141661,155,2
562.141667,1193,30
562.141668,131,0
562.141669,131,0
562.141670,1193,30
562.141671,131,0
562.141673,131,0
562.141674,10,20
562.141675,95,6
562.141676,131,0
562.141677,40,400
562.141678,131,0
562.141680,555,569
562.141681,69,5
562.141683,131,0
562.141684,95,6
562.141686,73,8
562.141689,95,6
562.141690,127,4
562.141691,12,26
562.141692,95,6
562.141694,12,26
562.141695,405,23
562.141696,95,6
562.141697,550,30
562.141698,73,8
562.141699,448,100
562.141700,95,6
562.141701,95,6
562.141702,12,26
562.141703,127,4
562.141705,95,6
562.141706,73,8
562.141707,1193,30
562.141708,131,0
562.141709,73,8
562.141710,73,8
562.141711,131,0
562.141712,14590,0
562.141713,131,0
562.141714,95,6
562.141717,38,19
562.141718,131,0
562.141719,38,19
562.141720,131,0
562.141721,73,8
562.141722,38,19
562.141723,131,0
562.141724,131,0
562.141725,2722,548
562.141726,131,0
562.141727,131,0
562.141728,101,3
562.141729,131,0
562.141730,131,0
562.141731,131,0
562.141733,2792,573
562.141734,131,0
562.141735,131,0
562.141736,131,0
562.141737,38,19
562.141738,38,19
562.141739,131,0
562.141740,131,0
562.141741,131,0
562.141745,131,0
562.141746,1193,30
562.141747,405,23
562.141748,405,23
562.141749,131,0
562.141750,69,5
562.141751,405,23
562.141752,405,23
562.141753,131,0
562.141757,648,95
562.141759,131,0
562.141760,5150,19
562.141761,38,19
562.141762,1177,19
562.141763,131,0
562.141764,69,5
562.141765,131,0
562.141766,73,8
562.141767,131,0
562.141768,224,48
562.141769,127,4
562.141770,453,73
562.141771,73,8
562.141772,12,26
562.141773,73,8
562.141774,648,95
562.141775,1722,137
562.141776,5038,24
562.141777,73,8
562.141778,12,26
562.141779,73,8
562.141780,131,0
562.141781,131,0
562.141782,141,1
562.141783,141,1
562.141784,131,0
562.141786,131,0
562.141787,131,0
562.141788,131,0
562.141789,131,0
562.141790,131,0
562.141791,131,0
562.141792,131,0
562.141793,131,0
562.141794,38,19
562.141795,73,8
562.141796,354,51
562.141797,131,0
562.141798,131,0
562.141799,131,0
562.141800,131,0
562.141801,131,0
562.141802,73,8
562.141803,131,0
562.141804,162,46
562.141805,73,8
562.141806,38,19
562.141807,162,46
562.141808,14586,26
562.141809,127,4
562.141810,131,0
562.141811,73,8
562.141812,12,26
562.141813,1193,30
562.141814,10,20
562.141815,131,0
562.141816,131,0
562.141818,131,0
562.141819,131,0
562.141820,648,95
562.141821,131,0
562.141822,73,8
562.141824,131,0
562.141825,131,0
562.141826,131,0
562.141827,131,0
562.141828,131,0
562.141830,93,116
562.141831,83,36
562.141832,1177,19
562.141833,131,0
562.141834,38,19
562.141839,131,0
562.141853,131,0
562.141854,93,244
562.141855,93,244
562.141857,131,0
562.141858,73,8
562.141859,131,0
562.141860,73,8
562.141861,131,0
562.141862,73,8
562.141863,131,0
562.141864,73,8
562.141865,131,0
562.141866,131,0
562.141867,73,8
562.141868,131,0
562.141869,73,8
562.141870,2659,574
562.141871,131,0
562.141872,131,0
562.141873,1193,30
562.141874,131,0
562.141875,131,0
562.141876,131,0
562.141877,88,13
562.141878,5389,26
562.141879,1485,153
562.141880,1300,575
562.141881,73,8
562.141882,1193,30
562.141883,9748,0
562.141884,349,37
562.141885,58,2
562.141886,648,95
562.141887,38,19
562.141888,131,0
562.141889,131,0
562.141890,8189,0
562.141891,48,576
562.141892,131,0
562.141893,80,17
562.141894,131,0
562.141895,405,23
562.141896,131,0
562.141897,131,0
562.141898,131,0
562.141899,2973,291
562.141900,131,0
562.141903,131,0
562.141904,131,0
562.141905,131,0
562.141906,131,0
562.141907,131,0
562.141908,345,43
562.141909,131,0
562.141910,131,0
562.141911,131,0
562.141912,135,35
562.141915,2792,573
562.141921,1193,30
562.141922,131,0
562.141923,131,0
562.141924,131,0
562.141925,38,19
562.141926,131,0
562.141927,131,0
562.141928,131,0
562.141929,131,0
562.141930,95,6
562.141931,131,0
562.141932,131,0
562.141933,73,8
562.141934,73,8
562.141935,131,0
562.141936,73,8
562.141937,95,6
562.141938,131,0
562.141939,12,26
562.141940,1193,30
562.141941,140,6
562.141942,73,8
562.141943,131,0
562.141944,131,0
562.141945,131,0
562.141946,131,0
562.141947,131,0
562.141948,648,95
562.141949,550,30
562.141954,93,577
562.141956,131,0
562.141957,1193,30
562.141958,95,6
562.141959,550,30
562.141960,131,0
562.141961,38,19
562.141962,28,39
562.141963,131,0
562.141964,602,38
562.141965,-,0
562.141966,131,0
562.141967,131,0
562.141968,1994,578
562.141969,69,579
562.141970,131,0
562.141971,131,0
562.141972,73,8
562.141973,38,19
562.141974,95,6
562.141975,12,26
562.141976,372,14
562.141977,95,6
562.141978,38,19
562.141979,131,0
562.141980,80,17
562.141981,131,0
562.141982,73,8
562.141983,131,0
562.141984,14552,30
562.141985,68,274
562.141986,648,95
562.141987,1177,19
562.141988,1193,30
562.141989,2003,19
562.141990,131,0
562.141993,405,23
562.141994,73,8
562.141995,73,8
562.141996,73,8
562.141997,127,4
562.141998,73,8
562.141999,73,8
562.142000,14564,8
562.142001,73,8
562.142002,73,8
562.142003,95,6
562.142004,73,8
562.142005,38,19
562.142006,6448,580
562.142007,95,6
562.142008,73,8
562.142009,131,0
562.142010,5150,19
562.142011,131,0
562.142012,1193,30
562.142015,131,0
562.142016,131,0
562.142017,131,0
562.142018,131,0
562.142019,131,0
562.142020,73,8
562.142021,131,0
562.142022,69,5
562.142023,131,0
562.142024,58,2
562.142025,2003,19
562.142026,1193,30
562.142027,2003,19
562.142028,131,0
562.142029,1193,30
562.142030,131,0
562.142031,131,0
562.142032,34,581
562.142033,1597,40
562.142034,131,0
562.142035,23,13
562.142036,131,0
562.142038,95,6
562.142039,963,210
562.142040,131,0
562.142041,940,160
562.142042,131,0
562.142043,1193,30
562.142044,131,0
562.142045,4937,582
562.142046,131,0
562.142047,131,0
562.142048,131,0
562.142049,95,6
562.142050,69,5
562.142051,131,0
562.142052,131,0
562.142053,44,63
562.142054,7647,583
562.142055,38,19
562.142056,131,0
562.142057,38,19
562.142058,1193,30
562.142059,5640,0
562.142060,131,0
562.142061,131,0
562.142069,73,8
562.142070,131,0
562.142071,12,26
562.142072,73,8
562.142073,131,0
562.142074,131,0
562.142075,2015,57
562.142076,998,1
562.142077,131,0
562.142096,73,8
562.142101,131,0
562.142102,73,8
562.142103,131,0
562.142104,131,0
562.142105,69,5
562.142106,117,24
562.142107,357,18
562.142108,131,0
562.142109,405,23
562.142110,1193,30
562.142111,1193,30
562.142112,131,0
562.142117,550,30
562.142118,73,8
562.142119,14559,288
562.142120,83,36
562.142121,131,0
562.142122,550,30
562.142123,131,0
562.142124,1380,584
562.142126,69,5
562.142127,69,5
562.142129,12,26
562.142130,11309,0
562.142131,73,8
562.142132,11309,0
562.142133,131,0
562.142134,95,6
562.142135,131,0
562.142136,73,8
562.142137,131,0
562.142138,131,0
562.142139,73,8
562.142140,73,8
562.142141,131,0
562.142142,131,0
562.142143,131,0
562.142144,131,0
562.142145,453,73
562.142146,405,23
562.142147,1193,30
562.142148,73,8
562.142149,648,95
562.142150,550,30
562.142151,131,0
562.142152,162,46
562.142153,1463,543
562.142154,131,0
562.142155,1196,377
562.142156,131,0
562.142157,127,4
562.142158,14560,0
562.142159,131,0
562.142164,1722,137
562.142165,14578,0
562.142166,405,23
562.142167,73,8
562.142168,648,95
562.142169,131,0
562.142170,131,0
562.142171,131,0
562.142172,69,5
562.142173,95,6
562.142174,73,8
562.142175,14558,0
562.142176,1564,585
562.142177,10,20
562.142178,38,19
562.142179,131,0
562.142180,131,0
562.142181,648,95
562.142182,38,19
562.142183,1193,30
562.142184,354,51
562.142185,648,95
562.142186,131,0
562.142187,131,0
562.142188,1598,586
562.142189,95,6
562.142190,131,0
562.142191,131,0
562.142192,40,400
562.142193,73,8
562.142194,394,101
562.142195,131,0
562.142196,73,8
562.142197,405,23
562.142198,73,8
562.142199,14566,73
562.142200,73,8
562.142201,1193,30
562.142202,1193,30
562.142203,38,19
562.142204,73,8
562.142205,131,0
562.142206,73,8
562.142207,131,0
562.142208,1193,30
562.142216,131,0
562.142218,405,23
562.142219,1193,30
562.142220,1193,30
562.142221,405,23
562.142223,131,0
562.142224,131,0
562.142225,10,20
562.142226,1193,30
562.142227,746,587
562.142228,131,0
562.142229,131,0
562.142230,131,0
562.142231,131,0
562.142232,131,0
562.142233,131,0
562.142234,1193,30
562.142235,38,19
562.142236,131,0
562.142237,131,0
562.142238,405,23
562.142239,1193,30
562.142240,2003,19
562.142241,95,6
562.142242,357,18
562.142243,648,95
562.142244,38,19
562.142246,131,0
562.142247,127,4
562.142248,131,0
562.142249,69,5
562.142250,371,206
562.142251,5905,2
562.142252,69,5
562.142253,131,0
562.142254,144,25
562.142255,131,0
562.142256,131,0
562.142257,648,95
562.142258,131,0
562.142259,416,6
562.142260,131,0
562.142261,38,19
562.142262,131,0
562.142263,162,46
562.142264,131,0
562.142265,1193,30
562.142266,131,0
562.142267,73,8
562.142268,2659,574
562.142269,73,8
562.142270,648,95
562.142271,131,0
562.142272,131,0
562.142273,131,0
562.142274,131,0
562.142275,73,8
562.142276,1618,8
562.142277,73,8
562.142278,38,19
562.142279,69,5
562.142280,1193,30
562.142281,131,0
562.142282,12,26
562.142283,69,5
562.142284,11630,41
562.142285,2003,19
562.142286,216,156
562.142287,131,0
562.142288,131,0
562.142289,131,0
562.142290,8262,588
562.142291,38,19
562.142292,131,0
562.142293,1201,589
562.142294,131,0
562.142295,131,0
562.142296,1193,30
562.142297,131,0
562.142298,648,153
562.142299,1406,590
562.142300,362,71
562.142301,3520,46
562.142302,131,0
562.142303,95,6
562.142304,131,0
562.142306,131,0
562.142307,73,8
562.142308,69,5
562.142309,131,0
562.142310,12,26
562.142311,73,8
562.142312,361,591
562.142313,131,0
562.142314,127,4
562.142315,59,50
562.142316,62,45
562.142317,131,0
562.142318,131,0
562.142319,131,0
562.142320,998,1
562.142321,131,0
562.142322,448,100
562.142324,131,0
562.142325,69,22
562.142329,73,8
562.142333,485,280
562.142335,131,0
562.142336,1722,137
562.142337,316,592
562.142338,131,0
562.142339,131,0
562.142340,131,0
562.142341,69,5
562.142342,73,8
562.142343,940,160
562.142344,131,0
562.142345,648,95
562.142346,2792,573
562.142347,131,0
562.142348,14562,593
562.142349,131,0
562.142350,131,0
562.142351,405,23
562.142352,131,0
562.142353,131,0
562.142354,131,0
562.142355,131,0
562.142356,224,48
562.142357,405,23
562.142358,131,0
562.142359,131,0
562.142360,354,51
562.142361,131,0
562.142362,744,20
562.142363,1193,30
562.142364,131,0
562.142365,2003,19
562.142366,1193,30
562.142367,69,5
562.142368,8418,594
562.142369,1193,30
562.142370,131,0
562.142371,550,30
562.142372,1193,30
562.142373,117,24
562.142374,131,0
562.142375,38,19
562.142377,617,33
562.142380,131,0
562.142381,1193,30
562.142385,131,0
562.142386,69,5
562.142387,38,19
562.142388,131,0
562.142389,131,0
562.142390,394,101
562.142391,2179,46
562.142392,167,20
562.142393,38,19
562.142394,131,0
562.142395,2179,46
562.142396,131,0
562.142397,131,0
562.142398,131,0
562.142399,624,595
562.142400,69,5
562.142401,410,13
562.142402,3570,572
562.142403,1193,30
562.142404,95,6
562.142405,1193,30
562.142406,1177,19
562.142407,2003,19
562.142413,501,596
562.142414,131,0
562.142419,93,597
562.142420,2599,123
562.142421,131,0
562.142422,131,0
562.142424,131,0
562.142426,131,0
562.142427,357,18
562.142428,131,0
562.142429,354,51
562.142430,961,26
562.142431,131,0
562.142432,131,0
562.142433,131,0
562.142434,88,13
562.142435,131,0
562.142437,1193,30
562.142438,12,26
562.142439,744,20
562.142440,131,0
562.142441,131,0
562.142442,131,0
562.142443,131,0
562.142444,648,95
562.142445,23,13
562.142446,131,0
562.142447,69,5
562.142448,131,0
562.142449,131,0
562.142450,131,0
562.142451,394,101
562.142452,48,382
562.142453,131,0
562.142454,1193,30
562.142455,131,0
562.142456,131,0
562.142457,131,0
562.142458,167,20
562.142459,131,0
562.142460,167,20
562.142461,167,20
562.142462,101,3
562.142463,131,0
562.142464,167,20
562.142465,131,0
562.142466,131,0
562.142467,131,0
562.142468,131,0
562.142469,617,598
562.142470,131,0
562.142471,1193,30
562.142472,131,0
562.142473,405,23
562.142474,131,0
562.142475,405,23
562.142476,38,19
562.142477,14563,0
562.142478,196,110
562.142479,1193,30
562.142481,697,218
562.142482,38,599
562.142483,131,0
562.142484,131,0
562.142485,5150,19
562.142486,405,23
562.142487,131,0
562.142488,131,0
562.142489,131,0
562.142490,131,0
562.142491,131,0
562.142492,131,0
562.142493,131,0
562.142494,69,5
562.142495,131,0
562.142496,131,0
562.142497,131,0
562.142498,155,2
562.142499,131,0
562.142500,131,0
562.142501,648,95
562.142502,131,0
562.142503,131,0
562.142504,131,0
562.142505,131,0
562.142506,131,0
562.142507,131,0
562.142508,131,0
562.142509,131,0
562.142510,131,0
562.142511,127,4
562.142512,2003,19
562.142514,14561,0
562.142515,1193,30
562.142516,4380,600
562.142517,73,8
562.142519,73,8
562.142520,73,8
562.142521,410,13
562.142522,131,0
562.142523,131,0
562.142524,73,8
562.142525,131,0
562.142527,69,5
562.142528,1193,30
562.142529,1177,19
562.142530,1193,30
562.142534,131,0
562.142535,131,0
562.142536,131,0
562.142537,1193,30
562.142538,1193,30
562.142539,131,0
562.142540,10,20
562.142541,14548,30
562.142542,131,0
562.142543,131,0
562.142544,1193,30
562.142545,131,0
562.142546,131,0
562.142547,359,3
562.142548,131,0
562.142549,11762,19
562.142550,73,8
562.142551,12,26
562.142552,1193,30
562.142553,73,8
562.142554,131,0
562.142555,1193,30
562.142556,69,5
562.142557,1193,30
562.142558,127,4
562.142559,73,8
562.142560,131,0
562.142561,131,0
562.142562,131,0
562.142563,131,0
562.142565,131,0
562.142566,131,0
562.142568,131,0
562.142569,131,0
562.142570,131,0
562.142572,131,0
562.142573,131,0
562.142574,131,0
562.142581,88,13
562.142582,131,0
562.142583,131,0
562.142584,131,0
562.142585,131,0
562.142586,131,0
562.142587,131,0
562.142588,73,8
562.142589,131,0
562.142590,131,0
562.142591,131,0
562.142592,131,0
562.142593,131,0
562.142594,131,0
562.142595,95,6
562.142596,131,0
562.142597,131,0
562.142598,131,0
562.142599,131,0
562.142600,95,6
562.142601,95,6
562.142602,131,0
562.142603,131,0
562.142604,95,6
562.142605,14607,0
562.142607,345,43
562.142608,69,5
562.142609,95,6
562.142610,2003,19
562.142611,131,0
562.142612,767,2
562.142613,38,19
562.142614,648,95
562.142615,70,601
562.142616,2954,602
562.142617,648,95
562.142618,38,19
562.142624,1193,30
562.142626,131,0
562.142627,69,5
562.142628,131,0
562.142629,127,4
562.142632,73,8
562.142634,131,0
562.142635,131,0
562.142636,131,0
562.142637,1193,30
562.142638,131,0
562.142639,1193,30
562.142640,131,0
562.142641,131,0
562.142642,131,0
562.142643,131,0
562.142644,648,95
562.142645,69,5
562.142646,131,0
562.142647,131,0
562.142648,131,0
562.142649,131,0
562.142650,131,0
562.142651,38,19
562.142652,131,0
562.142653,1193,30
562.142654,2622,16
562.142655,4663,212
562.142658,648,95
562.142659,69,5
562.142660,38,19
562.142672,131,0
562.142679,2003,19
562.142680,73,8
562.142682,73,8
562.142684,2536,120
562.142685,131,0
562.142686,10,20
562.142687,131,0
562.142688,73,8
562.142689,73,8
562.142690,405,23
562.142691,14553,0
562.142692,131,0
562.142693,73,8
562.142694,131,0
562.142695,131,0
562.142696,550,30
562.142697,131,0
562.142698,73,8
562.142699,131,0
562.142700,131,0
562.142701,405,23
562.142703,405,23
562.142707,73,8
562.142708,131,0
562.142711,95,6
562.142712,38,19
562.142713,10391,603
562.142714,131,0
562.142715,131,0
562.142716,405,23
562.142717,38,19
562.142718,38,19
562.142719,38,19
562.142720,69,5
562.142721,69,5
562.142722,127,4
562.142723,38,19
562.142724,73,8
562.142725,131,0
562.142726,3258,24
562.142727,7013,604
562.142728,69,5
562.142729,131,0
562.142730,131,0
562.142731,69,5
562.142732,69,5
562.142733,131,0
562.142734,131,0
562.142735,405,23
562.142736,1193,30
562.142737,95,6
562.142738,12,26
562.142739,73,8
562.142740,131,0
562.142741,131,0
562.142742,131,0
562.142743,131,0
562.142744,131,0
562.142745,95,6
562.142746,73,8
562.142747,73,8
562.142748,38,19
562.142749,131,0
562.142751,550,30
562.142753,131,0
562.142754,131,0
562.142755,131,0
562.142756,5150,19
562.142757,131,0
562.142758,131,0
562.142760,2792,573
562.142761,1485,153
562.142762,38,19
562.142763,3268,19
562.142764,2179,46
562.142765,1485,153
562.142766,131,0
562.142767,131,0
562.142768,457,233
562.142769,405,23
562.142770,131,0
562.142771,73,8
562.142772,550,30
562.142773,127,4
562.142774,405,23
562.142775,131,0
562.142776,69,5
562.142777,127,4
562.142778,1193,30
562.142779,73,8
562.142780,14554,10
562.142781,1177,19
562.142782,131,0
562.142783,450,103
562.142784,73,8
562.142785,73,8
562.142786,73,8
562.142787,73,8
562.142788,73,8
562.142789,12,26
562.142790,349,37
562.142791,73,8
562.142792,131,0
562.142793,73,8
562.142794,68,274
562.142795,38,19
562.142797,73,8
562.142798,73,8
562.142799,550,30
562.142800,73,8
562.142801,73,8
562.142803,12,26
562.142805,131,0
562.142808,73,8
562.142809,457,233
562.142810,73,8
562.142811,73,8
562.142812,73,8
562.142813,88,13
562.142814,69,5
562.142815,12,26
562.142816,131,0
562.142817,12,26
562.142818,73,8
562.142819,73,8
562.142820,131,0
562.142821,69,5
562.142823,131,0
562.142824,95,6
562.142825,131,0
562.142827,73,8
562.142828,73,8
562.142829,73,8
562.142830,69,5
562.142831,-,8
562.142833,12,26
562.142836,131,0
562.142838,131,0
562.142839,1193,30
562.142840,405,23
562.142841,40,165
562.142842,405,23
562.142843,131,0
562.142844,648,95
562.142845,357,18
562.142846,73,8
562.142847,12,26
562.142848,131,0
562.142849,131,0
562.142850,38,19
562.142851,12,26
562.142852,58,2
562.142853,131,0
562.142854,10,20
562.142855,95,6
562.142856,131,0
562.142857,12,26
562.142858,131,0
562.142859,73,8
562.142860,73,8
562.142861,405,23
562.142862,69,5
562.142863,117,24
562.142864,73,8
562.142865,131,0
562.142866,405,23
562.142867,73,8
562.142869,131,0
562.142873,95,6
562.142874,73,8
562.142877,73,8
562.142878,405,23
562.142883,131,0
562.142890,1193,30
562.142891,131,0
562.142892,4468,0
562.142893,23,13
562.142894,131,0
562.142895,4468,0
562.142896,131,0
562.142897,131,0
562.142898,1193,30
562.142899,131,0
562.142900,648,95
562.142901,131,0
562.142902,4684,110
562.142903,69,5
562.142904,73,8
562.142905,131,0
562.142907,38,19
562.142908,131,0
562.142910,162,46
562.142911,131,0
562.142912,73,8
562.142914,14555,26
562.142918,73,8
562.142920,73,8
562.142921,405,23
562.142922,73,8
562.142923,73,8
562.142924,73,8
562.142925,550,30
562.142926,73,8
562.142927,410,13
562.142928,73,8
562.142929,73,8
562.142930,127,4
562.142931,73,8
562.142935,73,8
562.142937,131,0
562.142938,131,0
562.142939,1193,30
562.142940,131,0
562.142941,131,0
562.142942,131,0
562.142943,131,0
562.142944,8371,605
562.142945,131,0
562.142946,131,0
562.142949,405,23
562.142953,131,0
562.142954,648,95
562.142956,131,0
562.142957,38,19
562.142958,14556,51
562.142959,131,0
562.142960,14557,51
562.142961,648,95
562.142962,1193,30
562.142963,131,0
562.142964,38,19
562.142965,131,0
562.142966,131,0
562.142967,131,0
562.142968,131,0
562.142969,2853,120
562.142970,405,23
562.142971,2309,606
562.142972,162,46
562.142973,648,95
562.142974,73,8
562.142975,38,19
562.142976,131,0
562.142977,131,0
562.142978,1193,30
562.142979,131,0
562.142980,131,0
562.142981,131,0
562.142982,131,0
562.142983,131,0
562.142984,1193,30
562.142985,131,0
562.142986,131,0
562.142987,95,6
562.142988,372,14
562.142989,131,0
562.142990,131,0
562.142991,131,0
562.142992,14584,0
562.142993,131,0
562.142994,38,19
562.142995,141,1
562.142996,131,0
562.142997,69,5
562.142998,14584,0
562.142999,131,0
562.143000,131,0
562.143001,131,0
562.143002,131,0
562.143003,131,0
562.143004,131,0
562.143005,14585,19
562.143006,131,0
562.143007,131,0
562.143008,131,0
562.143009,131,0
562.143010,131,0
562.143013,12,26
562.143018,131,0
562.143019,156,41
562.143020,58,2
562.143021,131,0
562.143022,131,0
562.143023,131,0
562.143024,155,2
562.143025,131,0
562.143026,14587,0
562.143035,131,0
562.143036,131,0
562.143038,38,19
562.143039,131,0
562.143040,131,0
562.143041,131,0
562.143042,648,153
562.143043,131,0
562.143045,131,0
562.143046,131,0
562.143047,131,0
562.143048,131,0
562.143050,162,46
562.143051,48,607
562.143052,73,8
562.143053,131,0
562.143054,93,244
562.143055,131,0
562.143056,73,8
562.143057,73,8
562.143058,3570,572
562.143059,73,8
562.143061,69,5
562.143063,405,23
562.143064,73,8
562.143066,73,8
562.143067,131,0
562.143069,131,0
562.143070,73,8
562.143072,131,0
562.143073,131,0
562.143074,131,0
562.143075,550,30
562.143076,73,8
562.143077,131,0
562.143078,1193,30
562.143079,131,0
562.143080,73,8
562.143081,131,0
562.143082,95,6
562.143083,131,0
562.143084,14605,8
562.143085,12,26
562.143086,2003,19
562.143087,-,8
562.143088,1177,19
562.143089,73,8
562.143090,73,8
562.143091,73,8
562.143092,131,0
562.143093,73,8
562.143094,88,13
562.143095,131,0
562.143096,131,0
562.143099,131,0
562.143100,69,5
562.143101,73,8
562.143102,648,95
562.143103,14565,608
562.143104,131,0
562.143105,131,0
562.143106,69,5
562.143107,131,0
562.143108,131,0
562.143109,73,8
562.143110,73,8
562.143111,73,8
562.143112,131,0
562.143113,131,0
562.143114,14597,0
562.143115,131,0
562.143116,131,0
562.143117,131,0
562.143118,1193,30
562.143119,131,0
562.143120,131,0
562.143121,131,0
562.143122,131,0
562.143123,131,0
562.143124,131,0
562.143125,131,0
562.143126,131,0
562.143127,131,0
562.143128,10982,609
562.143129,131,0
562.143130,1722,137
562.143131,131,0
562.143132,127,4
562.143133,73,8
562.143134,131,0
562.143135,12,26
562.143136,131,0
562.143137,648,95
562.143138,1485,153
562.143139,12,26
562.143141,73,8
562.143142,131,0
562.143143,73,8
562.143144,73,8
562.143145,131,0
562.143146,131,0
562.143147,-,0
562.143148,1193,30
562.143149,131,0
562.143150,131,0
562.143151,131,0
562.143152,69,5
562.143153,1675,610
562.143154,131,0
562.143155,131,0
562.143156,131,0
562.143157,131,0
562.143158,131,0
562.143159,38,19
562.143160,131,0
562.143161,95,6
562.143162,131,0
562.143163,131,0
562.143164,131,0
562.143165,38,19
562.143166,4682,352
562.143167,131,0
562.143168,131,0
562.143169,131,0
562.143170,131,0
562.143171,131,0
562.143172,131,0
562.143173,131,0
562.143174,95,6
562.143175,131,0
562.143176,131,0
562.143177,131,0
562.143181,1193,30
562.143192,8324,110
562.143193,297,195
562.143194,297,195
562.143195,131,0
562.143196,457,233
562.143197,2541,611
562.143200,131,0
562.143201,38,19
562.143202,69,5
562.143203,131,0
562.143204,10,20
562.143205,10,20
562.143207,131,0
562.143209,131,0
562.143210,1193,30
562.143212,95,6
562.143215,131,0
562.143222,1485,153
562.143223,131,0
562.143228,3258,24
562.143229,95,6
562.143230,648,95
562.143231,23,13
562.143232,131,0
562.143233,131,0
562.143234,7962,19
562.143235,131,0
562.143236,131,0
562.143237,5150,19
562.143238,3580,46
562.143239,131,0
562.143240,38,19
562.143241,131,0
562.143242,14,30
562.143243,91,40
562.143244,1193,30
562.143245,162,46
562.143246,131,0
562.143247,95,6
562.143248,131,0
562.143249,131,0
562.143250,131,0
562.143251,131,0
562.143252,131,0
562.143253,117,24
562.143254,641,73
562.143255,3258,24
562.143256,131,0
562.143257,131,0
562.143258,38,19
562.143259,349,37
562.143260,1193,30
562.143261,38,19
562.143262,14591,117
562.143263,117,24
562.143264,131,0
562.143266,7962,19
562.143267,131,0
562.143268,131,0
562.143269,58,2
562.143270,349,37
562.143271,1485,153
562.143272,131,0
562.143273,73,8
562.143274,162,46
562.143275,38,19
562.143276,131,0
562.143277,131,0
562.143278,131,0
562.143279,131,0
562.143280,14599,30
562.143281,131,0
562.143282,131,0
562.143283,131,0
562.143284,131,0
562.143285,131,0
562.143286,457,233
562.143287,131,0
562.143288,131,0
562.143289,69,5
562.143290,10,534
562.143291,70,517
562.143292,1193,30
562.143293,131,0
562.143294,131,0
562.143295,69,5
562.143296,2792,573
562.143297,131,0
562.143298,131,0
562.143299,38,19
562.143300,357,18
562.143301,14598,24
562.143302,131,0
562.143308,73,8
562.143309,131,0
562.143312,131,0
562.143313,1163,612
562.143314,1485,153
562.143315,354,51
562.143316,648,95
562.143317,648,95
562.143318,648,95
562.143319,1196,377
562.143320,4360,46
562.143321,131,0
562.143322,5150,19
562.143323,38,19
562.143324,2003,19
562.143326,1385,70
562.143327,131,0
562.143328,131,0
562.143329,38,19
562.143330,2351,309
562.143331,131,0
562.143332,131,0
562.143333,131,0
562.143334,6215,613
562.143335,131,0
562.143336,131,0
562.143337,131,0
562.143338,88,13
562.143339,131,0
562.143340,73,8
562.143341,131,0
562.143342,131,0
562.143343,131,0
562.143344,10,20
562.143345,68,274
562.143346,131,0
562.143347,131,0
562.143348,131,0
562.143349,131,0
562.143350,131,0
562.143351,744,20
562.143352,95,6
562.143353,131,0
562.143354,131,0
562.143355,131,0
562.143356,131,0
562.143357,73,8
562.143358,131,0
562.143359,1193,30
562.143360,2003,19
562.143361,131,0
562.143362,131,0
562.143363,131,0
562.143364,73,8
562.143365,131,0
562.143366,131,0
562.143367,38,19
562.143368,12,26
562.143369,131,0
562.143370,131,0
562.143371,744,20
562.143372,131,0
562.143373,131,0
562.143375,131,0
562.143376,131,0
562.143377,73,8
562.143378,131,0
562.143379,73,8
562.143380,131,0
562.143381,131,0
562.143382,131,0
562.143383,131,0
562.143385,131,0
562.143387,131,0
562.143388,73,8
562.143397,73,8
562.143399,73,8
562.143400,73,8
562.143401,73,8
562.143403,73,8
562.143406,131,0
562.143407,131,0
562.143412,131,0
562.143414,372,14
562.143416,131,0
562.143417,131,0
562.143418,14610,0
562.143419,131,0
562.143420,131,0
562.143421,131,0
562.143422,7285,43
562.143423,131,0
562.143424,131,0
562.143425,38,19
562.143426,131,0
562.143427,131,0
562.143428,131,0
562.143429,38,19
562.143430,70,517
562.143431,131,0
562.143432,648,95
562.143433,131,0
562.143434,131,0
562.143435,3052,19
562.143436,131,0
562.143437,1193,30
562.143438,131,0
562.143441,131,0
562.143442,131,0
562.143443,-,0
562.143444,131,0
562.143445,648,95
562.143449,131,0
562.143450,131,0
562.143451,131,0
562.143453,131,0
562.143459,1193,30
562.143461,131,0
562.143462,131,0
562.143463,131,0
562.143464,1193,30
562.143466,131,0
562.143475,131,0
562.143476,131,0
562.143477,131,0
562.143478,131,0
562.143479,131,0
562.143480,131,0
562.143481,131,0
562.143483,131,0
562.143484,131,0
562.143485,73,8
562.143486,73,8
562.143487,73,8
562.143488,131,0
562.143489,131,0
562.143490,73,8
562.143491,73,8
562.143492,131,0
562.143493,73,8
562.143494,131,0
562.143495,73,8
562.143496,73,8
562.143497,12,26
562.143498,73,8
562.143499,131,0
562.143500,73,8
562.143503,131,0
562.143504,131,0
562.143505,131,0
562.143506,73,8
562.143507,73,8
562.143508,12,26
562.143509,73,8
562.143510,73,8
562.143511,73,8
562.143512,73,8
562.143513,73,8
562.143514,131,0
562.143515,73,8
562.143519,73,8
562.143520,73,8
562.143521,73,8
562.143522,73,8
562.143523,73,8
562.143524,131,0
562.143527,73,8
562.143528,73,8
562.143529,73,8
562.143530,73,8
562.143531,1193,30
562.143532,95,6
562.143533,73,8
562.143534,12,26
562.143535,131,0
562.143536,73,8
562.143537,73,8
562.143538,12,26
562.143539,131,0
562.143540,5150,19
562.143541,131,0
562.143542,131,0
562.143543,131,0
562.143544,73,8
562.143547,357,18
562.143548,131,0
562.143549,131,0
562.143550,69,5
562.143551,73,8
562.143552,73,8
562.143553,73,8
562.143554,69,5
562.143555,73,8
562.143556,73,8
562.143557,131,0
562.143558,131,0
562.143559,131,0
562.143560,73,8
562.143561,131,0
562.143562,73,8
562.143563,131,0
562.143565,405,23
562.143566,131,0
562.143567,12,26
562.143568,73,8
562.143569,12,26
562.143570,73,8
562.143571,38,19
562.143572,131,0
562.143573,12,26
562.143574,-,8
562.143575,73,8
562.143576,73,8
562.143577,12,26
562.143578,131,0
562.143579,73,8
562.143580,405,23
562.143581,73,8
562.143582,131,0
562.143583,58,2
562.143584,131,0
562.143585,131,0
562.143586,38,19
562.143587,131,0
562.143588,131,0
562.143589,131,0
562.143590,538,61
562.143591,131,0
562.143592,155,2
562.143593,362,614
562.143594,131,0
562.143595,38,19
562.143596,38,19
562.143597,453,73
562.143598,14,30
562.143599,1193,30
562.143600,1193,30
562.143601,11,183
562.143602,131,0
562.143603,38,19
562.143604,131,0
562.143605,357,18
562.143606,457,233
562.143607,429,18
562.143608,131,0
562.143609,91,40
562.143610,131,0
562.143611,131,0
562.143612,131,0
562.143613,-,233
562.143614,12,26
562.143615,349,37
562.143616,131,0
562.143617,131,0
562.143618,405,23
562.143619,131,0
562.143620,9956,615
562.143621,131,0
562.143622,95,6
562.143623,14592,616
562.143624,91,40
562.143625,3570,572
562.143626,155,2
562.143628,73,8
562.143630,14600,0
562.143642,349,37
562.143644,405,23
562.143645,131,0
562.143646,1193,30
562.143647,131,0
562.143648,372,14
562.143649,40,400
562.143650,2003,19
562.143651,73,8
562.143652,131,0
562.143653,1193,30
562.143654,1193,30
562.143655,131,0
562.143656,5150,19
562.143657,73,8
562.143658,12,26
562.143659,131,0
562.143660,73,8
562.143661,131,0
562.143662,131,0
562.143663,69,5
562.143664,131,0
562.143665,720,143
562.143666,10,20
562.143667,773,231
562.143678,131,0
562.143679,23,13
562.143681,131,0
562.143682,73,8
562.143683,131,0
562.143684,131,0
562.143685,131,0
562.143686,131,0
562.143687,131,0
562.143696,131,0
562.143698,131,0
562.143700,73,8
562.143701,131,0
562.143702,131,0
562.143703,362,71
562.143704,131,0
562.143705,131,0
562.143706,1193,30
562.143707,131,0
562.143708,131,0
562.143709,131,0
562.143710,131,0
562.143711,131,0
562.143712,131,0
562.143713,5150,19
562.143714,131,0
562.143715,131,0
562.143716,131,0
562.143717,73,8
562.143718,131,0
562.143719,131,0
562.143720,131,0
562.143721,131,0
562.143723,131,0
562.143728,131,0
562.143730,131,0
562.143731,131,0
562.143732,14609,23
562.143733,131,0
562.143734,131,0
562.143735,131,0
562.143736,131,0
562.143738,73,8
562.143739,1193,30
562.143740,131,0
562.143741,405,23
562.143742,405,23
562.143743,131,0
562.143744,131,0
562.143745,131,0
562.143746,95,6
562.143747,131,0
562.143748,69,5
562.143749,131,0
562.143750,131,0
562.143760,95,6
562.143761,405,23
562.143762,405,23
562.143763,73,8
562.143764,405,23
562.143766,73,8
562.143767,131,0
562.143768,38,19
562.143770,73,8
562.143771,405,23
562.143772,73,8
562.143773,73,8
562.143774,73,8
562.143775,73,8
562.143776,131,0
562.143780,648,95
562.143781,73,8
562.143782,3168,617
562.143783,1290,618
562.143784,1193,30
562.143785,131,0
562.143786,1193,30
562.143787,131,0
562.143788,1193,30
562.143789,131,0
562.143790,131,0
562.143791,131,0
562.143792,131,0
562.143793,131,0
562.143794,127,4
562.143795,131,0
562.143796,131,0
562.143797,1193,30
562.143798,131,0
562.143799,2784,0
562.143800,131,0
562.143801,95,6
562.143802,131,0
562.143803,131,0
562.143804,131,0
562.143805,131,0
562.143806,998,1
562.143807,1193,30
562.143808,10,20
562.143809,131,0
562.143810,131,0
562.143811,131,0
562.143812,131,0
562.143813,131,0
562.143814,1193,30
562.143815,155,2
562.143816,405,23
562.143817,58,2
562.143818,38,19
562.143819,131,0
562.143820,131,0
562.143823,131,0
562.143828,131,0
562.143829,73,8
562.143830,73,8
562.143832,73,8
562.143833,73,8
562.143835,73,8
562.143836,73,8
562.143838,73,8
562.143839,405,23
562.143840,1193,30
562.143841,14594,0
562.143842,131,0
562.143843,131,0
562.143844,73,8
562.143846,131,0
562.143847,131,0
562.143848,38,19
562.143849,2178,619
562.143857,38,19
562.143859,206,620
562.143862,131,0
562.143863,357,18
562.143864,162,46
562.143865,73,8
562.143866,131,0
562.143867,131,0
562.143869,354,51
562.143870,101,3
562.143871,131,0
562.143872,131,0
562.143873,131,0
562.143874,131,0
562.143875,95,6
562.143876,12,26
562.143877,131,0
562.143878,91,40
562.143879,131,0
562.143880,73,8
562.143881,12,26
562.143882,73,8
562.143883,2563,46
562.143884,2563,46
562.143885,73,8
562.143886,131,0
562.143887,73,8
562.143888,58,2
562.143889,73,8
562.143890,73,8
562.143891,73,8
562.143892,131,0
562.143893,131,0
562.143894,131,0
562.143895,131,0
562.143896,131,0
562.143897,131,0
562.143898,131,0
562.143899,131,0
562.143900,131,0
562.143901,131,0
562.143902,131,0
562.143903,131,0
562.143904,131,0
562.143905,69,5
562.143906,73,8
562.143907,538,61
562.143908,131,0
562.143909,131,0
562.143910,14595,0
562.143911,73,8
562.143922,95,6
562.143923,131,0
562.143927,405,23
562.143928,131,0
562.143929,131,0
562.143930,359,3
562.143931,131,0
562.143932,162,46
562.143934,131,0
562.143935,131,0
562.143936,131,0
562.143937,131,0
562.143938,73,8
562.143939,131,0
562.143940,429,18
562.143941,93,244
562.143942,131,0
562.143943,1618,8
562.143944,69,5
562.143945,73,8
562.143946,14541,0
562.143947,14541,0
562.143949,131,0
562.143950,278,181
562.143952,131,0
562.143953,1193,30
562.143954,131,0
562.143955,131,0
562.143956,2171,208
562.143957,131,0
562.143958,73,8
562.143959,131,0
562.143960,131,0
562.143961,131,0
562.143962,69,5
562.143963,131,0
562.143965,73,8
562.143966,1011,192
562.143967,131,0
562.143968,3858,73
562.143969,131,0
562.143970,131,0
562.143971,131,0
562.143972,131,0
562.143973,131,0
562.143974,131,0
562.143975,131,0
562.143976,131,0
562.143977,131,0
562.143978,131,0
562.143979,131,0
562.143980,1618,8
562.143981,14574,23
562.143982,131,0
562.143986,73,8
562.143990,131,0
562.143992,73,8
562.143993,131,0
562.143994,73,8
562.143995,14543,19
562.143996,131,0
562.143997,73,8
562.143998,131,0
562.143999,131,0
562.144000,131,0
562.144001,131,0
562.144002,131,0
562.144003,131,0
562.144004,73,8
562.144005,131,0
562.144006,131,0
562.144007,3549,621
562.144008,12,26
562.144009,131,0
562.144010,131,0
562.144012,131,0
562.144015,73,8
562.144016,131,0
562.144017,131,0
562.144018,131,0
562.144019,73,8
562.144020,131,0
562.144021,131,0
562.144022,1193,30
562.144023,12,26
562.144024,38,19
562.144025,12,26
562.144026,131,0
562.144027,131,0
562.144028,58,2
562.144029,131,0
562.144030,131,0
562.144031,131,0
562.144032,131,0
562.144033,131,0
562.144034,131,0
562.144035,1193,30
562.144036,38,19
562.144037,1193,30
562.144038,131,0
562.144039,10,20
562.144043,131,0
562.144044,131,0
562.144051,131,0
562.144052,95,6
562.144053,550,30
562.144054,131,0
562.144059,73,8
562.144061,349,37
562.144070,73,8
562.144071,131,0
562.144072,131,0
562.144073,155,2
562.144074,6753,622
562.144075,1193,30
562.144076,141,1
562.144077,131,0
562.144078,69,5
562.144079,131,0
562.144080,131,0
562.144087,357,18
562.144090,550,30
562.144094,354,51
562.144097,73,8
562.144101,648,95
562.144104,349,37
562.144105,131,0
562.144106,38,19
562.144107,201,46
562.144108,131,0
562.144109,131,0
562.144110,131,0
562.144111,315,19
562.144112,131,0
562.144113,394,321
562.144114,3018,148
562.144115,31,89
562.144116,131,0
562.144117,131,0
562.144118,193,623
562.144119,69,5
562.144120,131,0
562.144121,127,4
562.144122,1193,30
562.144123,131,0
562.144124,131,0
562.144126,131,0
562.144127,127,4
562.144128,127,4
562.144130,14598,24
562.144131,12,26
562.144132,131,0
562.144133,131,0
562.144134,131,0
562.144135,354,51
562.144136,38,19
562.144137,131,0
562.144138,73,8
562.144139,131,0
562.144140,131,0
562.144142,69,5
562.144143,73,8
562.144144,95,6
562.144145,73,8
562.144146,73,8
562.144147,73,8
562.144148,131,0
562.144149,95,6
562.144152,101,3
562.144153,101,3
562.144154,131,0
562.144159,131,0
562.144169,10,20
562.144170,538,61
562.144176,1049,2
562.144179,349,37
562.144180,1485,153
562.144181,1049,2
562.144189,155,2
562.144192,7696,20
562.144197,1611,408
562.144201,131,0
562.144203,131,0
562.144207,357,18
562.144208,297,195
562.144210,6178,93
562.144220,12770,0
562.144226,8820,624
562.144229,1193,30
562.144245,8822,625
562.144251,1079,157
562.144258,57,207
562.144261,38,19
562.144262,423,85
562.144264,648,95
562.144266,336,181
562.144267,12,26
562.144270,404,30
562.144271,367,13
562.144272,4360,46
562.144275,131,0
562.144276,10,20
562.144277,162,46
562.144279,10,20
562.144280,10,20
562.144293,162,46
562.144309,10,20
562.144312,131,0
562.144313,68,274
562.144317,38,19
562.144323,141,1
562.144327,8818,520
562.144334,399,626
562.144335,88,13
562.144399,1284,33
562.144400,127,4
562.144401,38,19
562.144402,69,5
562.144403,616,2
562.144404,131,0
562.144405,443,254
562.144406,80,17
562.144407,1722,137
562.144408,131,0
562.144409,68,274
562.144410,73,8
562.144411,538,61
562.144412,95,6
562.144413,38,19
562.144414,79,6
562.144415,38,19
562.144416,131,0
562.144417,131,0
562.144418,405,23
562.144419,131,0
562.144420,405,23
562.144421,131,0
562.144422,405,23
562.144423,405,23
562.144424,405,23
562.144425,963,210
562.144426,38,19
562.144427,405,23
562.144428,131,0
562.144429,361,161
562.144430,11120,500
562.144431,131,0
562.144441,95,6
562.144450,131,0
562.144461,167,20
562.144473,405,23
562.144483,617,33
562.144485,744,20
562.144502,6206,120
562.144503,117,24
562.144505,226,627
562.144507,457,233
562.144508,212,293
562.144511,155,2
562.144512,2001,628
562.144513,8777,629
562.144515,4243,630
562.144516,165,375
562.144517,1564,585
562.144523,189,631
562.144525,2005,632
562.144527,1193,30
562.144536,23,13
562.144538,5940,24
562.144542,8253,2
562.144544,847,123
562.144545,7283,633
562.144546,998,1
562.144548,746,634
562.144550,641,635
562.144552,69,5
562.144553,2690,636
562.144554,115,637
562.144557,156,41
562.144559,2040,288
562.144561,679,638
562.144562,1137,20
562.144563,1140,639
562.144566,4134,640
562.144572,88,13
562.144573,1084,460
562.144576,8587,2
562.144578,-,641
562.144586,2705,642
562.144591,773,231
562.144596,2253,244
562.144613,3006,643
562.144616,7303,58
562.144618,205,644
562.144619,295,645
562.144620,4110,61
562.144621,5796,24
562.144625,602,38
562.144626,328,181
562.144627,144,25
562.144628,10,646
562.144629,58,2
562.144630,48,647
562.144631,2025,2
562.144633,1968,289
562.144634,4162,2
562.144636,665,545
562.144637,13515,648
562.144642,1011,192
562.144644,355,59
562.144647,393,89
562.144648,101,3
562.144649,2522,503
562.144650,410,13
562.144652,770,649
562.144657,349,37
562.144659,162,46
562.144663,1049,2
562.144665,1594,650
562.144666,5539,120
562.144668,38,19
562.144672,93,244
562.144676,13514,651
562.144678,1201,652
562.144679,648,95
562.144681,13513,479
562.144686,57,207
562.144691,1304,12
562.144693,1611,653
562.144699,967,654
562.144702,1403,655
562.144712,13510,0
562.144716,542,656
562.144720,1946,248
562.144725,13509,657
562.144726,302,658
562.144729,5150,19
562.144730,4253,659
562.144731,4550,423
562.144736,2073,660
562.144738,9862,13
562.144739,5459,661
562.144743,2614,662
562.144750,2279,0
562.144752,191,288
562.144756,973,52
562.144762,1251,663
562.144770,297,195
562.144771,2309,606
562.144773,3057,87
562.144780,5853,664
562.144781,13508,0
562.144787,5840,665
562.144794,5307,666
562.144795,7098,503
562.144796,5881,24
562.144800,3721,470
562.144805,13507,585
562.144806,1303,667
562.144807,963,210
562.144816,1485,153
562.144825,192,668
562.144831,1141,669
562.144841,2223,670
562.144845,428,18
562.144860,354,51
562.144863,-,479
562.144872,3764,244
562.144876,1914,671
562.144882,1431,46
562.144883,13512,672
562.144889,616,673
562.144895,13511,0
562.144897,8953,674
562.144900,491,96
562.144905,9528,529
562.144906,6316,110
562.144908,5026,5
562.145318,1323,675
562.145319,93,244
562.145320,73,8
562.145321,95,6
562.145322,131,0
562.145323,73,8
562.145324,648,95
562.145325,216,156
562.145326,95,6
562.145327,73,8
562.145328,537,69
562.145329,95,6
562.145330,1057,30
562.145331,10,20
562.145332,12,26
562.145333,12,26
562.145334,127,4
562.145335,120,155
562.145336,80,17
562.145337,58,2
562.145338,59,50
562.145339,69,5
562.145340,69,5
562.145341,2079,676
562.145342,131,0
562.145343,69,5
562.145344,1858,69
562.145345,11759,23
562.145346,1236,81
562.145347,1723,15
562.145348,73,8
562.145349,1092,431
562.145350,2015,57
562.145351,388,194
562.145352,7011,20
562.145353,73,8
562.145354,349,37
562.145355,567,60
562.145356,69,5
562.145357,11758,26
562.145358,11757,20
562.145359,162,46
562.145360,10,20
562.145361,80,17
562.145362,83,36
562.145363,1193,30
562.145364,95,6
562.145365,38,19
562.145366,5936,335
562.145367,73,8
562.145368,69,5
562.145369,73,8
562.145370,131,0
562.145371,95,6
562.145374,155,2
562.145375,25,189
562.145377,357,18
562.145438,7036,677
562.145444,73,8
562.145445,95,6
562.145446,73,8
562.145447,1193,30
562.145448,131,0
562.145449,73,8
562.145450,12,26
562.145451,73,8
562.145452,95,6
562.145453,38,19
562.145454,405,23
562.145455,131,0
562.145456,131,0
562.145457,73,8
562.145458,12,26
562.145459,131,0
562.145460,101,3
562.145461,38,19
562.145462,131,0
562.145463,13307,30
562.145464,131,0
562.145465,131,0
562.145466,131,0
562.145467,69,5
562.145468,70,517
562.145469,131,0
562.145470,131,0
562.145471,131,0
562.145477,-,0
562.145478,1193,30
562.145479,131,0
562.145480,131,0
562.145481,1193,30
562.145482,131,0
562.145483,131,0
562.145484,2003,19
562.145485,315,19
562.145486,131,0
562.145487,38,19
562.145488,1193,30
562.145489,131,0
562.145490,38,19
562.145491,131,0
562.145492,131,0
562.145493,73,8
562.145494,744,20
562.145495,95,6
562.145496,73,8
562.145497,95,6
562.145498,131,0
562.145499,14596,8
562.145500,48,382
562.145501,73,8
562.145503,131,0
562.145504,167,20
562.145505,131,0
562.145506,131,0
562.145508,131,0
562.145509,131,0
562.145510,73,8
562.145511,131,0
562.145513,69,5
562.145514,73,8
562.145515,131,0
562.145516,1193,30
562.145517,131,0
562.145518,95,6
562.145519,349,37
562.145520,131,0
562.145521,131,0
562.145523,38,19
562.145525,131,0
562.145526,131,0
562.145527,1193,30
562.145528,95,6
562.145529,131,0
562.145530,131,0
562.145531,131,0
562.145533,131,0
562.145535,7358,23
562.145537,1193,30
562.145538,10891,376
562.145540,131,0
562.145541,73,8
562.145542,127,4
562.145543,95,6
562.145544,12,26
562.145545,131,0
562.145546,73,8
562.145548,38,19
562.145550,131,0
562.145552,131,0
562.145553,348,41
562.145557,405,23
562.145562,405,23
562.145563,38,19
562.145564,405,23
562.145566,38,19
562.145567,131,0
562.145568,405,23
562.145569,131,0
562.145570,-,30
562.145571,38,19
562.145572,131,0
562.145573,95,6
562.145574,131,0
562.145575,131,0
562.145576,131,0
562.145578,73,8
562.145579,127,4
562.145580,297,195
562.145581,12,26
562.145582,73,8
562.145583,73,8
562.145584,73,8
562.145585,73,8
562.145586,405,23
562.145587,2954,602
562.145588,73,8
562.145589,73,8
562.145590,73,8
562.145591,517,46
562.145592,127,4
562.145593,73,8
562.145594,73,8
562.145595,73,8
562.145596,73,8
562.145597,73,8
562.145599,131,0
562.145600,131,0
562.145601,4468,0
562.145604,4468,0
562.145605,357,18
562.145606,405,23
562.145607,73,8
562.145610,131,0
562.145611,131,0
562.145612,131,0
562.145613,224,48
562.145614,131,0
562.145616,73,8
562.145617,131,0
562.145618,73,8
562.145619,131,0
562.145620,131,0
562.145622,131,0
562.145623,131,0
562.145626,131,0
562.145627,131,0
562.145628,131,0
562.145629,131,0
562.145630,1193,30
562.145631,131,0
562.145632,131,0
562.145635,131,0
562.145637,131,0
562.145638,38,19
562.145639,73,8
562.145641,14547,110
562.145642,73,8
562.145644,131,0
562.145645,131,0
562.145646,69,5
562.145647,73,8
562.145648,12,26
562.145649,73,8
562.145650,73,8
562.145651,73,8
562.145652,131,0
562.145653,648,95
562.145654,12,26
562.145655,131,0
562.145656,95,6
562.145657,69,5
562.145660,131,0
562.145661,131,0
562.145662,131,0
562.145663,12,26
562.145664,131,0
562.145665,73,8
562.145666,131,0
562.145667,131,0
562.145668,131,0
562.145669,131,0
562.145670,131,0
562.145671,131,0
562.145672,73,8
562.145673,12,26
562.145674,117,24
562.145675,131,0
562.145676,998,1
562.145677,131,0
562.145678,131,0
562.145679,12,26
562.145680,12,26
562.145681,2179,46
562.145682,847,123
562.145683,12,26
562.145684,131,0
562.145685,12,26
562.145686,38,19
562.145687,73,8
562.145688,73,8
562.145689,131,0
562.145690,12,26
562.145691,131,0
562.145692,357,18
562.145693,73,8
562.145694,73,8
562.145695,131,0
562.145696,73,8
562.145697,131,0
562.145698,131,0
562.145699,131,0
562.145700,73,8
562.145701,131,0
562.145702,12,26
562.145703,131,0
562.145704,131,0
562.145705,73,8
562.145707,405,23
562.145708,73,8
562.145709,602,38
562.145711,73,8
562.145712,12,26
562.145716,1236,81
562.145717,73,8
562.145718,73,8
562.145719,131,0
562.145721,131,0
562.145722,73,8
562.145723,1193,30
562.145724,131,0
562.145725,131,0
562.145726,12,26
562.145727,73,8
562.145728,73,8
562.145729,131,0
562.145730,14549,8
562.145731,73,8
562.145732,357,18
562.145733,1193,30
562.145739,131,0
562.145740,1193,30
562.145741,131,0
562.145742,131,0
562.145743,131,0
562.145744,131,0
562.145745,131,0
562.145746,1193,30
562.145747,155,2
562.145748,131,0
562.145749,131,0
562.145750,73,8
562.145751,131,0
562.145752,12,26
562.145753,744,20
562.145755,131,0
562.145756,131,0
562.145757,131,0
562.145758,405,23
562.145759,57,207
562.145760,131,0
562.145761,131,0
562.145762,14550,30
562.145763,131,0
562.145764,14540,143
562.145765,131,0
562.145766,131,0
562.145767,1193,30
562.145768,131,0
562.145769,131,0
562.145770,131,0
562.145771,457,233
562.145772,131,0
562.145773,131,0
562.145774,131,0
562.145775,131,0
562.145776,38,19
562.145777,131,0
562.145778,648,95
562.145779,131,0
562.145780,131,0
562.145781,131,0
562.145782,131,0
562.145783,131,0
562.145784,131,0
562.145785,131,0
562.145787,131,0
562.145793,1193,30
562.145797,12,26
562.145802,131,0
562.145803,1193,30
562.145806,131,0
562.145809,38,19
562.145810,131,0
562.145811,131,0
562.145813,73,8
562.145814,73,8
562.19180,5730,678
562.19181,5730,678
562.19182,5730,678
562.19184,5731,679
562.19185,5731,679
562.19186,973,52
562.19187,5730,678
562.19188,5730,678
562.19189,5731,679
562.19190,306,680
562.19191,5730,678
562.19194,349,37
562.19195,297,195
562.19196,540,72
562.19197,23,13
562.19198,117,24
562.19199,3580,681
562.19200,117,24
562.19201,117,24
562.21897,101,3
562.21898,10,20
562.21899,540,72
562.22828,421,6
562.22829,73,8
562.22830,127,4
562.22831,5346,25
562.22832,73,8
562.22833,73,8
562.22834,967,682
562.22835,405,23
562.22836,73,8
562.22837,95,6
562.22838,14,30
562.22839,12,26
562.22840,14,30
562.22841,14,30
562.22842,681,62
562.22843,155,2
562.22844,95,6
562.22845,95,6
562.22846,73,8
562.22847,405,23
562.22848,144,25
562.22849,12,26
562.22850,126,65
562.22851,144,25
562.22852,550,30
562.22853,372,14
562.22854,68,274
562.22855,80,17
562.22856,73,8
562.22857,73,8
562.22858,10,20
562.22859,95,6
562.22860,405,23
562.22861,1257,683
562.22862,10,20
562.22863,91,40
562.22864,79,6
562.22865,410,13
562.22866,127,4
562.22867,410,13
562.22868,73,8
562.22869,10,20
562.22870,372,14
562.22871,73,8
562.22881,10,20
562.22882,95,6
562.22883,357,18
562.22884,73,8
562.22885,1288,20
562.22886,1670,684
562.22887,297,195
562.22888,144,25
562.22889,95,6
562.22890,345,43
562.22891,5417,4
562.22892,404,30
562.22893,12,247
562.22894,80,17
562.22895,10,20
562.22896,1531,6
562.22897,393,89
562.22898,12,26
562.22899,73,8
562.22900,636,16
562.22901,404,30
562.22902,641,73
562.22903,117,24
562.22904,73,8
562.22905,73,8
562.22906,12,26
562.22907,91,40
562.22908,767,2
562.22963,59,50
562.22984,12,247
562.23011,73,8
562.23135,88,13
562.23141,539,120
562.23158,69,5
562.23307,131,0
562.23337,416,6
562.23351,131,0
562.23355,95,6
562.23397,95,6
562.23404,10,20
562.23405,131,0
562.23434,393,89
562.23466,95,6
562.23659,131,0
562.23660,12,26
562.23661,537,69
562.23662,80,17
562.23663,453,73
562.23664,131,0
562.23665,357,18
562.23666,73,8
562.23667,95,6
562.23668,998,1
562.23669,80,17
562.23670,2914,37
562.23671,404,30
562.23672,5661,6
562.23673,117,24
562.23674,12,26
562.23675,10,20
562.23676,95,6
562.23677,73,8
562.23678,73,8
562.23679,73,8
562.23680,73,8
562.23681,349,37
562.23682,167,20
562.23683,73,8
562.23684,38,19
562.23685,446,441
562.23686,357,18
562.23687,73,8
562.23688,73,8
562.23689,12,26
562.23690,95,6
562.23691,95,6
562.23692,14,30
562.23693,1618,8
562.23694,62,45
562.23695,62,45
562.23696,73,8
562.23697,90,13
562.23698,14,30
562.23699,69,5
562.23700,69,5
562.23701,127,4
562.23702,73,8
562.23703,74,8
562.23704,127,4
562.23705,80,17
562.23706,88,13
562.23707,538,61
562.23708,73,8
562.23709,1423,110
562.23710,127,4
562.23711,73,8
562.23712,117,24
562.23713,91,40
562.23714,3290,440
562.23715,95,6
562.23716,83,36
562.23717,38,19
562.23718,73,8
562.23719,1972,685
562.23720,73,8
562.23721,405,23
562.23722,73,8
562.23723,69,5
562.23724,69,5
562.23725,95,6
562.23726,95,6
562.23727,131,0
562.23728,10,20
562.23729,12,26
562.23730,12,26
562.23731,95,6
562.23732,127,4
562.23733,567,60
562.23734,617,33
562.23735,372,14
562.23736,73,8
562.23737,131,0
562.23738,95,6
562.23739,73,8
562.23740,69,5
562.23741,131,0
562.23742,73,8
562.23743,88,13
562.23744,73,8
562.23745,127,4
562.23746,73,8
562.23747,69,5
562.23748,421,6
562.23749,69,5
562.23750,131,0
562.23751,73,8
562.23752,95,6
562.23753,410,13
562.23754,73,8
562.23755,95,6
562.23756,10,686
562.23757,95,6
562.23758,131,0
562.23759,973,52
562.23760,131,0
562.23761,73,8
562.23762,58,2
562.23763,372,14
562.23764,95,6
562.23765,1394,89
562.23766,73,8
562.23767,73,8
562.23768,1618,8
562.23769,131,0
562.23770,58,2
562.23771,398,362
562.23772,12,26
562.23773,10,20
562.23774,88,13
562.23775,73,8
562.23776,73,8
562.23777,73,8
562.23778,73,8
562.23779,998,1
562.23780,538,61
562.23781,450,103
562.23782,48,687
562.23783,448,100
562.23784,69,5
562.23785,62,45
562.23786,69,5
562.23787,1125,445
562.23788,68,274
562.23789,73,8
562.23793,131,0
562.23794,405,23
562.23795,681,62
562.23796,393,89
562.23797,73,8
562.23798,88,13
562.23799,390,6
562.23800,405,23
562.23801,69,5
562.23802,73,8
562.23803,95,6
562.23804,131,0
562.23805,73,8
562.23806,73,8
562.23807,1333,83
562.23808,10,20
562.23809,5526,6
562.23810,141,1
562.23811,73,8
562.23812,5242,8
562.23813,95,6
562.23814,104,688
562.23815,12,26
562.23816,73,8
562.23817,69,5
562.23818,12,26
562.23819,131,0
562.23820,131,0
562.23821,131,0
562.23822,131,0
562.23823,131,0
562.23824,357,18
562.23825,428,18
562.23826,453,73
562.23827,680,689
562.23828,69,5
562.23829,95,6
562.23830,131,0
562.23831,69,5
562.23832,131,0
562.23833,38,19
562.23834,12,26
562.23835,127,4
562.23836,10,20
562.23837,393,89
562.23838,404,30
562.23839,69,5
562.23840,345,43
562.23841,73,8
562.23842,62,45
562.23843,95,6
562.23844,131,0
562.23845,95,6
562.23846,95,6
562.23847,59,50
562.23848,131,0
562.23849,131,0
562.23850,131,0
562.23851,73,8
562.23852,95,6
562.23853,95,6
562.23855,46,690
562.23856,59,50
562.23857,38,19
562.23858,131,0
562.23859,617,33
562.23860,131,0
562.23861,144,25
562.23862,394,64
562.23863,127,4
562.23864,59,50
562.23865,144,25
562.23868,410,13
562.23869,167,20
562.23870,162,46
562.23871,73,8
562.23872,88,13
562.23873,640,437
562.23874,131,0
562.23875,73,8
562.23876,80,17
562.23877,1155,241
562.23878,2307,691
562.23879,69,5
562.23880,372,14
562.23881,131,0
562.23882,144,25
562.23883,131,0
562.23884,131,0
562.23885,127,4
562.23886,95,6
562.23887,141,1
562.23888,393,89
562.23889,95,6
562.23890,73,8
562.23891,95,6
562.23892,10,20
562.23893,69,5
562.23894,131,0
562.23895,131,0
562.23896,95,6
562.23897,405,23
562.23898,394,101
562.23899,131,0
562.23900,131,0
562.23901,648,95
562.23902,69,5
562.23903,141,1
562.23904,973,52
562.23905,73,8
562.23906,10,20
562.23907,131,0
562.23908,73,8
562.23909,131,0
562.23910,38,19
562.23911,131,0
562.23912,73,8
562.23913,998,1
562.23914,641,73
562.23915,73,8
562.23916,12,26
562.23917,95,6
562.23918,12,26
562.23919,12,26
562.23920,2253,244
562.23921,95,6
562.23922,1442,141
562.23923,131,0
562.23924,73,8
562.23925,73,8
562.23926,95,6
562.23927,69,5
562.23928,393,89
562.23929,73,8
562.23930,10,20
562.23931,144,25
562.23932,73,8
562.23933,12,26
562.23934,127,4
562.23935,95,6
562.23936,73,8
562.26272,329,692
562.26273,58,2
562.26274,119,332
562.26275,336,693
562.26276,6418,120
562.26277,1196,377
562.26278,6415,678
562.26279,730,694
562.26280,10,20
562.26281,1704,169
562.26282,1704,169
562.26283,58,2
562.26284,4985,695
562.26285,10,696
562.26286,278,181
562.26287,327,480
562.26288,10,20
562.26289,278,181
562.26290,3602,697
562.26291,925,698
562.26292,10,20
562.26293,10,20
562.26294,10,699
562.26295,156,41
562.26296,278,181
562.26297,10,20
562.26298,48,700
562.26299,300,163
562.26300,278,181
562.26301,278,181
562.26302,1122,701
562.26303,10,20
562.26304,6416,702
562.26305,6416,702
562.26306,165,401
562.26307,1611,703
562.26308,906,704
562.26309,1727,110
562.26310,1121,705
562.26311,10,20
562.26312,109,173
562.26313,156,41
562.26314,206,179
562.26315,109,173
562.26316,2522,706
562.26317,278,181
562.26318,4198,707
562.28111,10,20
562.28112,5727,708
562.28113,5204,709
562.28114,5728,710
562.28810,5728,710
562.28811,5728,710
562.28981,5728,710
562.28982,5728,710
562.28997,5204,709
562.28998,5727,708
562.28999,5727,708
562.29000,5727,708
562.29001,5727,708
562.29002,5727,708
562.30304,155,2
562.30305,155,2
562.30306,155,2
562.30307,155,2
562.30308,155,2
562.30309,117,24
562.30310,117,24
562.42662,131,0
562.42666,10,711
562.42697,165,712
562.42717,7221,0
562.42739,131,0
562.42745,156,41
562.42759,2179,46
562.45395,2179,46
562.45397,410,13
562.45403,224,48
562.45590,533,212
562.45592,117,24
562.45600,117,24
562.45604,117,24
562.45610,212,293
562.45613,95,6
562.45621,212,293
562.45638,23,13
562.45645,11404,13
562.45647,1564,585
562.45661,23,13
562.45846,7522,713
562.45847,448,100
562.45848,349,37
562.45849,38,19
562.45850,38,19
562.45851,372,14
562.45852,10,20
562.45853,315,19
562.45910,131,0
562.45916,131,0
562.45964,38,19
562.48345,-,714
562.48346,88,13
562.48348,88,13
562.48349,88,13
562.52539,744,20
562.52544,730,715
562.52546,1011,716
562.52549,744,20
562.52552,1011,716
562.52554,48,717
562.52556,10,20
562.52559,744,20
562.52563,515,718
562.52564,6907,719
562.52565,193,720
562.52566,1178,721
562.52570,34,722
562.52575,609,397
562.52576,542,723
562.52578,1178,721
562.52579,1178,721
562.52580,1178,721
562.52581,7366,724
562.52583,1114,725
562.52584,6793,726
562.52586,48,717
562.52588,48,727
562.52590,206,471
562.52591,361,591
562.52592,206,471
562.52593,48,382
562.52594,6756,728
562.52595,226,729
562.52596,206,471
562.52597,48,382
562.52598,206,730
562.52599,8670,717
562.52600,7054,731
562.52603,167,20
562.52604,48,732
562.52605,8666,43
562.52606,167,20
562.52607,744,20
562.52609,48,382
562.52610,226,733
562.52612,1178,721
562.52613,8667,734
562.52614,8666,43
562.52615,48,382
562.52616,730,715
562.52619,5728,710
562.52620,48,735
562.52622,181,736
562.52624,195,737
562.52626,224,48
562.52627,3856,738
562.52628,8668,739
562.52630,46,740
562.52631,1638,741
562.52640,48,735
562.5419,88,13
562.5420,4198,707
562.5421,278,181
562.5422,2522,706
562.5423,515,742
562.5424,109,173
562.5425,515,742
562.5426,329,692
562.5427,156,41
562.5428,109,173
562.5429,1121,705
562.5430,1727,110
562.5431,6419,110
562.5432,906,704
562.5433,1706,88
562.5435,1611,703
562.5436,165,401
562.5437,165,401
562.5438,6416,702
562.5439,10,20
562.5440,1122,701
562.5441,278,181
562.5442,278,181
562.5443,300,163
562.5444,48,700
562.5445,10,20
562.5446,278,181
562.5447,156,41
562.5448,10,20
562.5449,10,20
562.5450,925,698
562.5451,101,3
562.5452,1140,743
562.5453,3602,697
562.5454,3381,326
562.5455,162,46
562.5456,10,20
562.5457,278,181
562.5458,58,2
562.5459,1704,169
562.5460,1704,169
562.5461,329,692
562.5462,58,2
562.5463,730,694
562.5464,3714,2
562.5465,101,3
562.5466,1196,377
562.5467,156,744
562.5468,6418,120
562.5469,336,693
562.5470,119,332
562.5471,58,2
562.5671,206,179
562.5676,641,73
562.56761,69,5
562.56762,10,20
562.56763,141,1
562.56764,453,73
562.56765,457,233
562.56766,355,59
562.56767,1463,543
562.56768,963,210
562.56769,224,48
562.56770,453,73
562.56771,448,100
562.56772,131,0
562.56773,23,13
562.56774,131,0
562.56775,38,19
562.56776,131,0
562.56777,86,73
562.56778,38,19
562.56779,69,5
562.56781,69,5
562.56782,10,20
562.56783,115,216
562.56785,117,24
562.56786,68,274
562.56787,354,51
562.56789,131,0
562.56790,155,2
562.56791,57,207
562.56793,155,2
562.56794,2450,745
562.56795,57,207
562.56796,57,207
562.56797,540,72
562.56798,131,0
562.56799,117,24
562.56802,57,207
562.56803,38,19
562.56804,131,0
562.56805,131,0
562.56806,58,2
562.56808,117,24
562.56809,117,24
562.5681,10,20
562.56811,212,293
562.56812,117,24
562.56814,162,46
562.56815,2040,288
562.56816,1158,746
562.56817,38,19
562.56818,2040,288
562.56819,350,285
562.56820,10,747
562.56821,2040,288
562.56822,3778,24
562.56823,3778,24
562.56824,429,18
562.56827,429,18
562.56828,155,2
562.56829,420,66
562.56831,2485,641
562.56832,117,24
562.56833,3778,24
562.56834,131,0
562.56835,117,24
562.56836,131,0
562.56837,38,19
562.56838,38,19
562.56839,131,0
562.56840,1196,377
562.56842,1196,377
562.56843,1196,377
562.56844,2040,288
562.56845,1196,377
562.56847,1196,377
562.56848,3778,24
562.56849,1196,377
562.56851,2040,288
562.56853,38,19
562.56854,1421,748
562.56856,59,50
562.56857,93,749
562.56858,75,355
562.56859,69,5
562.5686,1121,705
562.56860,58,2
562.56861,131,0
562.56862,10,20
562.56863,3778,24
562.56864,58,2
562.56865,69,5
562.56866,10,20
562.56867,694,349
562.56868,429,18
562.56869,1844,750
562.56870,744,20
562.56871,362,751
562.56873,4759,161
562.56874,131,0
562.56875,348,41
562.56876,38,19
562.56877,88,13
562.56878,752,752
562.56879,117,24
562.56880,117,24
562.56881,38,19
562.56882,2040,288
562.56884,131,0
562.56885,69,5
562.56886,69,5
562.56887,117,24
562.56888,569,66
562.56889,58,2
562.5689,6416,702
562.56890,69,5
562.56891,6008,753
562.56892,131,0
562.56893,1463,543
562.56894,108,484
562.56895,58,2
562.56896,57,207
562.56897,38,19
562.56898,5763,2
562.56899,117,24
562.5690,993,468
562.56900,354,51
562.56901,1286,754
562.56903,2040,288
562.56904,117,24
562.56906,10,20
562.56907,38,19
562.56908,429,18
562.56909,68,274
562.5691,58,2
562.56910,429,18
562.56911,8124,288
562.56912,58,2
562.56914,1818,301
562.56915,38,19
562.56917,58,2
562.56918,115,216
562.56919,429,18
562.5692,10,699
562.56920,38,19
562.56922,10,755
562.5693,224,519
562.5694,730,694
562.5695,10,20
562.5696,109,173
562.5697,58,2
562.5698,327,480
562.5699,10,696
562.5700,4985,695
562.5701,10,20
562.5702,6415,678
562.5703,224,48
562.5704,316,181
562.5705,278,181
562.5706,329,692
562.5708,278,181
562.57387,6624,756
562.57395,5949,757
562.57397,877,73
562.57408,877,73
562.57423,4214,758
562.57445,196,110
562.57461,1585,759
562.57476,457,233
562.57477,69,5
562.57488,617,33
562.57501,2186,760
562.58629,-,23
562.58648,6102,761
562.59217,617,33
562.59218,410,13
562.59219,131,0
562.59220,354,51
562.59221,156,41
562.59222,5474,762
562.59223,5474,762
562.59224,410,13
562.59225,5474,762
562.59226,224,48
562.59227,5474,762
562.59228,167,20
562.59229,5474,762
562.64824,73,8
562.64825,491,96
562.64826,607,31
562.64827,69,5
562.64828,131,0
562.64829,131,0
562.64830,12,26
562.64831,410,13
562.64832,14,30
562.64833,59,50
562.64834,95,6
562.64835,2332,267
562.64836,12,26
562.64837,73,8
562.64838,1994,578
562.64839,998,1
562.64840,73,8
562.64841,46,763
562.64842,2166,764
562.64843,131,0
562.64844,62,45
562.64845,602,38
562.64846,127,4
562.64847,131,0
562.64848,12,26
562.64849,69,5
562.64850,10,20
562.64851,131,0
562.64852,131,0
562.64853,3101,186
562.64854,11974,8
562.64855,69,5
562.64856,349,37
562.64857,9698,6
562.64858,416,6
562.64859,140,6
562.64860,420,66
562.64861,404,30
562.64862,73,8
562.64863,131,0
562.64864,59,50
562.64865,131,0
562.64866,95,6
562.64867,10,20
562.64868,88,13
562.64869,80,17
562.64870,131,0
562.64871,69,5
562.64872,1193,30
562.64873,-,0
562.64874,95,6
562.64875,131,0
562.64876,144,25
562.64877,69,5
562.64878,131,0
562.64879,131,0
562.64880,410,13
562.64881,12,26
562.64882,416,6
562.64883,95,6
562.64884,131,0
562.64885,127,4
562.64886,127,4
562.64887,73,8
562.64888,117,24
562.64889,12,26
562.64890,69,5
562.64891,1049,2
562.64892,978,67
562.64893,69,5
562.64894,14,30
562.64895,12,26
562.64896,131,0
562.64897,2279,0
562.64898,540,72
562.64899,73,8
562.64900,9788,765
562.64901,69,5
562.64902,10,20
562.64903,345,43
562.64904,95,6
562.64905,127,4
562.64906,367,13
562.64907,9506,766
562.64908,1193,30
562.64909,144,25
562.64910,10,20
562.64911,746,767
562.64912,73,8
562.64913,69,5
562.64914,453,73
562.64915,69,5
562.64916,131,0
562.64917,73,8
562.64918,1946,248
562.64919,1722,137
562.64920,131,0
562.64921,73,8
562.64922,131,0
562.64923,131,0
562.64924,10,20
562.64925,404,30
562.64926,1057,30
562.64927,144,25
562.64928,38,19
562.64929,999,435
562.64930,6447,156
562.64931,640,437
562.64932,223,768
562.64933,73,8
562.64934,196,110
562.64935,140,6
562.64937,73,8
562.64938,95,6
562.64939,10,20
562.64940,23,13
562.64941,1193,30
562.64942,69,5
562.64943,362,71
562.64944,95,6
562.64945,69,5
562.64946,73,8
562.64947,10,20
562.64948,363,66
562.64949,80,17
562.64950,73,8
562.64951,538,61
562.64952,404,30
562.64953,131,0
562.64954,12,26
562.64955,69,5
562.64956,95,6
562.64957,69,5
562.64958,73,8
562.64959,131,0
562.64960,73,8
562.64961,69,5
562.64962,131,0
562.64963,624,114
562.64964,127,4
562.64965,127,4
562.64966,69,5
562.64967,131,0
562.64968,357,18
562.64969,12,26
562.64970,69,5
562.64971,12,26
562.64972,131,0
562.64973,12,26
562.64974,12,26
562.64975,34,20
562.64976,-,20
562.64977,2973,291
562.64978,95,6
562.64979,2141,347
562.64980,95,6
562.64981,8323,93
562.64982,69,5
562.64983,73,8
562.64984,69,5
562.64985,131,0
562.64986,69,5
562.64987,978,67
562.64988,1057,30
562.64989,131,0
562.64990,69,5
562.64991,127,4
562.64992,95,6
562.64993,131,0
562.64994,131,0
562.64995,131,0
562.64996,95,6
562.64997,362,71
562.64998,144,25
562.64999,95,6
562.65000,131,0
562.65001,6375,8
562.65002,73,8
562.65003,538,61
562.65004,95,6
562.65005,73,8
562.65006,56,2
562.65007,12,26
562.65008,70,517
562.65009,12,247
562.65010,73,8
562.65011,131,0
562.65012,10,20
562.65013,73,8
562.65014,73,8
562.65015,410,13
562.65016,73,8
562.65017,998,1
562.65018,3052,19
562.65019,538,61
562.65020,1092,431
562.65021,1262,8
562.65022,131,0
562.65023,-,16
562.65024,847,123
562.65025,998,1
562.65026,141,1
562.65027,117,24
562.65028,73,8
562.65029,95,6
562.65030,12,26
562.65031,88,13
562.65032,131,0
562.65033,131,0
562.65034,73,8
562.65035,144,25
562.65036,12,26
562.65037,349,37
562.65038,131,0
562.65039,95,6
562.65040,62,45
562.65041,416,6
562.65042,95,6
562.65043,59,50
562.65044,95,6
562.65045,10,20
562.65046,73,8
562.65047,131,0
562.65048,73,8
562.65049,540,72
562.65050,73,8
562.65051,12,26
562.65052,95,6
562.65053,569,66
562.65054,23,13
562.65055,1236,81
562.65056,131,0
562.65057,144,25
562.65058,127,4
562.65059,393,89
562.65060,73,8
562.65061,1406,500
562.65062,69,5
562.65063,95,6
562.65064,131,0
562.65065,-,6
562.65066,131,0
562.65067,117,24
562.65068,93,116
562.65069,6163,769
562.65070,88,13
562.65071,69,5
562.65072,73,8
562.65073,73,8
562.65074,550,30
562.65075,131,0
562.65076,95,6
562.65077,73,8
562.65078,144,25
562.65079,38,19
562.65080,410,13
562.65081,1884,143
562.65082,10,20
562.65083,73,8
562.65084,73,8
562.65085,69,5
562.65086,416,6
562.65087,131,0
562.65088,681,62
562.65089,2617,50
562.65090,88,13
562.65091,-,5
562.65092,73,8
562.65093,69,5
562.65094,46,770
562.65095,603,771
562.65097,227,20
562.65098,1193,30
562.65099,69,5
562.65100,73,8
562.65102,136,62
562.65103,73,8
562.65104,12,26
562.65105,68,274
562.65106,421,6
562.65107,73,8
562.65108,11777,6
562.65109,69,5
562.65110,88,13
562.65111,69,5
562.65112,-,8
562.65113,73,8
562.65114,95,6
562.65115,127,4
562.65116,95,6
562.65117,131,0
562.65118,88,13
562.65119,131,0
562.65120,372,14
562.65121,12,26
562.65122,73,8
562.65123,12,26
562.65124,131,0
562.65125,405,23
562.65126,69,5
562.65127,69,5
562.65128,131,0
562.65129,10,772
562.65130,69,5
562.65131,69,5
562.65132,1861,11
562.65133,12,26
562.65134,131,0
562.65135,69,5
562.65136,10,773
562.65137,73,8
562.65138,963,210
562.65139,538,61
562.65140,23,13
562.65141,1406,500
562.65142,141,1
562.65143,404,30
562.65144,73,8
562.65145,73,8
562.65146,69,5
562.65147,135,35
562.65148,127,4
562.65149,73,8
562.65150,73,8
562.65151,127,4
562.65152,95,6
562.65153,12,26
562.65154,95,6
562.65155,69,5
562.65156,144,25
562.65157,-,26
562.65158,127,4
562.65159,73,8
562.65160,453,73
562.65161,73,8
562.65162,73,8
562.65163,131,0
562.65164,457,233
562.65166,131,0
562.65167,95,6
562.65168,216,142
562.65169,117,24
562.65170,1604,69
562.65171,162,46
562.65172,69,5
562.65173,73,8
562.65174,2795,774
562.65175,95,6
562.65178,73,8
562.65180,410,13
562.65181,131,0
562.65182,127,4
562.65183,131,0
562.65184,73,8
562.65185,73,8
562.65186,144,25
562.65187,73,8
562.65188,6453,218
562.65189,69,5
562.65193,127,4
562.65196,80,17
562.65197,127,4
562.65198,73,8
562.65199,428,18
562.65200,95,6
562.65201,421,6
562.65202,73,8
562.65203,372,14
562.65204,95,6
562.65205,127,4
562.65206,636,16
562.65207,131,0
562.65208,59,50
562.65209,428,18
562.65210,155,2
562.65211,73,8
562.65212,648,95
562.65213,362,71
562.65214,372,14
562.65215,421,6
562.65216,362,71
562.65217,297,195
562.65218,73,8
562.65219,10,20
562.65220,1158,746
562.65221,131,0
562.65222,73,8
562.65223,648,95
562.65224,14,30
562.65225,131,0
562.65226,88,13
562.65227,73,8
562.65228,131,0
562.65229,-,23
562.65230,80,17
562.65231,357,18
562.65232,410,13
562.65233,73,8
562.65234,95,6
562.65235,73,8
562.65236,357,18
562.65237,69,5
562.65238,648,95
562.65239,73,8
562.65240,399,775
562.65241,10,20
562.65242,131,0
562.65243,131,0
562.65244,3858,73
562.65245,95,6
562.65246,131,0
562.65247,1152,776
562.65248,131,0
562.65249,69,5
562.65250,59,50
562.65251,10,20
562.65252,95,6
562.65253,1057,30
562.65254,73,8
562.65255,73,8
562.65256,73,8
562.65257,69,5
562.65258,131,0
562.65259,847,123
562.65260,73,8
562.65261,73,8
562.65262,1193,30
562.65263,73,8
562.65264,12,26
562.65265,162,46
562.65266,73,8
562.65267,216,156
562.65268,69,5
562.65269,95,6
562.65270,73,8
562.65271,443,254
562.65272,69,5
562.65273,127,4
562.65274,-,26
562.65275,69,5
562.65276,73,8
562.65277,127,4
562.65278,95,6
562.65279,144,25
562.65280,58,2
562.65281,5351,17
562.65282,636,16
562.65283,95,6
562.65284,-,777
562.65285,12,26
562.65286,569,66
562.65287,34,20
562.65288,23,13
562.65289,1193,30
562.65290,345,43
562.65291,23,13
562.65292,372,14
562.65293,4750,778
562.65294,73,8
562.65295,2141,347
562.65296,550,30
562.65297,10,20
562.65298,69,5
562.65299,416,6
562.65300,2141,347
562.65301,12,26
562.65302,73,8
562.65303,73,8
562.65304,131,0
562.65305,73,8
562.65306,73,8
562.65307,540,72
562.65308,144,25
562.65309,404,30
562.65310,69,5
562.65311,12,26
562.65312,428,18
562.65313,131,0
562.65314,405,23
562.65315,405,23
562.65316,95,6
562.65317,15296,40
562.65318,410,13
562.65319,73,8
562.65320,95,6
562.65321,544,26
562.65322,73,8
562.65323,88,13
562.65324,95,6
562.65325,428,18
562.65326,-,779
562.65327,537,69
562.65328,131,0
562.65329,91,40
562.65330,95,6
562.65331,73,8
562.65332,1674,507
562.65333,69,5
562.65334,131,0
562.65335,131,0
562.65336,127,4
562.65337,80,17
562.65338,95,6
562.65339,131,0
562.65340,73,8
562.65341,73,8
562.65342,38,19
562.65343,83,36
562.65344,83,36
562.65345,38,19
562.65346,131,0
562.65347,95,6
562.65348,106,5
562.65349,80,17
562.65350,73,8
562.65351,95,6
562.65352,14,30
562.65353,1193,30
562.65354,131,0
562.65355,73,8
562.65356,929,42
562.65357,196,110
562.65358,131,0
562.65359,69,5
562.65360,131,0
562.65361,2570,780
562.65362,10,20
562.65363,73,8
562.65364,73,8
562.65365,73,8
562.65366,69,5
562.65367,69,5
562.65368,131,0
562.65369,73,8
562.65370,162,46
562.65371,1057,30
562.65372,676,36
562.65373,-,8
562.65374,95,6
562.65375,569,66
562.65376,95,6
562.65377,73,8
562.65378,73,8
562.65379,73,8
562.65380,5208,781
562.65381,88,13
562.65382,69,5
562.65383,48,86
562.65384,73,8
562.65385,95,6
562.65386,95,6
562.65387,1057,30
562.65388,5484,6
562.65389,95,6
562.65390,73,8
562.65391,95,6
562.65392,69,5
562.65393,162,46
562.65395,127,4
562.65396,69,5
562.65397,2521,169
562.65398,2619,6
562.65399,635,29
562.65400,73,8
562.65401,23,13
562.65402,155,2
562.65403,131,0
562.65404,73,8
562.65405,95,6
562.65406,131,0
562.65407,73,8
562.65408,88,13
562.65409,69,5
562.65410,73,8
562.65411,10,20
562.65412,131,0
562.65413,95,6
562.65414,73,8
562.65415,95,6
562.65416,73,8
562.65417,11777,6
562.65418,131,0
562.65419,607,31
562.65420,91,40
562.65421,131,0
562.65422,538,61
562.65423,73,8
562.65424,409,55
562.65425,10,20
562.65426,131,0
562.65427,12,26
562.65428,12,26
562.65429,14,30
562.65430,144,25
562.65431,73,8
562.65432,95,6
562.65433,73,8
562.65434,394,64
562.65435,28,39
562.65436,421,6
562.65437,23,13
562.65438,69,5
562.65439,141,1
562.65440,23,13
562.65441,73,8
562.65442,95,6
562.65443,73,8
562.65444,73,8
562.65445,95,6
562.65446,131,0
562.65447,73,8
562.65448,73,8
562.65449,131,0
562.65450,59,50
562.65451,69,5
562.65452,73,8
562.65453,73,8
562.65454,1161,782
562.65455,73,8
562.65456,399,149
562.65457,428,18
562.65458,56,2
562.65459,399,149
562.65460,141,1
562.65461,73,8
562.65462,73,8
562.65463,357,18
562.65464,144,25
562.65465,131,0
562.65466,131,0
562.65467,131,0
562.65468,404,30
562.65469,538,61
562.65470,12,26
562.65471,5853,664
562.65472,69,5
562.65473,68,274
562.65474,-,5
562.65475,1057,30
562.65476,405,23
562.65477,131,0
562.65478,58,2
562.65479,131,0
562.65480,1828,6
562.65481,73,8
562.65482,127,4
562.65483,999,435
562.65484,131,0
562.65485,73,8
562.65486,538,61
562.65487,69,5
562.65488,73,8
562.65489,95,6
562.65490,404,30
562.65491,399,149
562.65492,73,8
562.65493,73,8
562.65494,1670,684
562.65495,131,0
562.65497,12,26
562.65498,405,23
562.65499,38,19
562.65500,95,6
562.65501,131,0
562.65502,73,8
562.65503,1193,30
562.65504,-,73
562.65505,73,8
562.65506,131,0
562.65507,44,63
562.65508,14,30
562.65509,34,20
562.65510,-,783
562.65511,127,4
562.65512,131,0
562.65513,88,13
562.65514,73,8
562.65515,23,13
562.65516,131,0
562.65517,69,5
562.65518,720,143
562.65519,59,50
562.65520,127,4
562.65521,127,4
562.65522,95,6
562.65523,69,5
562.65524,69,5
562.65525,10,20
562.65526,5484,6
562.65527,12,26
562.65528,12,26
562.65529,14,30
562.65530,131,0
562.65531,73,8
562.65532,88,13
562.65533,59,50
562.65534,80,17
562.65535,12,26
562.65536,69,5
562.65537,117,24
562.65538,58,2
562.65539,1262,8
562.65540,162,46
562.65541,73,8
562.65542,95,6
562.65543,11777,6
562.65544,131,0
562.65545,127,4
562.65546,88,13
562.65547,640,437
562.65548,38,19
562.65549,636,16
562.65550,144,25
562.65551,10,20
562.65552,95,6
562.65553,399,149
562.65554,537,69
562.65555,95,6
562.65556,95,6
562.65557,80,17
562.65558,80,17
562.65559,131,0
562.65560,69,5
562.65561,69,5
562.65562,131,0
562.65563,429,18
562.65564,12,26
562.65565,23,13
562.65566,131,0
562.65567,929,42
562.65568,73,8
562.65569,69,5
562.65570,69,5
562.65571,131,0
562.65572,73,8
562.65573,69,5
562.65574,14,30
562.65575,69,5
562.65576,95,6
562.65577,12,26
562.65578,131,0
562.65579,69,5
562.65580,9297,26
562.65581,404,30
562.65583,131,0
562.65584,95,6
562.65586,59,50
562.65587,144,25
562.65588,144,25
562.65589,95,6
562.65590,69,5
562.65593,95,6
562.65594,58,2
562.65595,131,0
562.65596,95,6
562.65597,5331,218
562.65598,73,8
562.65599,362,71
562.65600,95,6
562.65602,131,0
562.65603,73,8
562.65604,73,8
562.65605,10,20
562.65606,131,0
562.65607,1193,30
562.65608,88,13
562.65609,-,218
562.65610,127,4
562.65611,1083,784
562.65612,73,8
562.65613,73,8
562.65614,167,20
562.65615,131,0
562.65616,73,8
562.65617,141,1
562.65618,23,13
562.65619,12,26
562.65620,144,25
562.65621,73,8
562.65622,95,6
562.65623,648,95
562.65624,73,8
562.65625,69,5
562.65626,73,8
562.65627,69,5
562.65629,62,45
562.65630,10276,23
562.65631,69,5
562.65632,7523,26
562.65633,131,0
562.65634,127,4
562.65635,-,66
562.65636,131,0
562.65637,73,8
562.65638,11777,6
562.65639,69,5
562.65640,95,6
562.65641,69,5
562.65642,10,20
562.65643,95,6
562.65644,73,8
562.65645,73,8
562.65646,95,6
562.65647,9265,5
562.65648,95,6
562.65649,10,20
562.65650,405,23
562.65651,4993,785
562.65652,73,8
562.65653,131,0
562.65654,69,5
562.65655,73,8
562.65656,73,8
562.65657,404,30
562.65658,12,26
562.65659,69,5
562.65660,127,4
562.65661,544,26
562.65662,73,8
562.65663,131,0
562.65664,624,114
562.65665,14,30
562.65666,372,14
562.65667,73,8
562.65668,117,24
562.65669,95,6
562.65670,73,8
562.65671,73,8
562.65672,3202,786
562.65673,69,5
562.65674,131,0
562.65675,127,4
562.65676,12,26
562.65677,131,0
562.65678,48,787
562.65679,428,18
562.65680,404,30
562.65681,131,0
562.65682,355,59
562.65683,73,8
562.65684,95,6
562.65685,83,36
562.65686,131,0
562.65687,69,5
562.65688,73,8
562.65689,95,6
562.65690,363,66
562.65691,491,96
562.65692,69,5
562.65693,69,5
562.65694,58,2
562.65695,69,5
562.65696,550,30
562.65697,667,788
562.65698,117,24
562.65699,58,2
562.65700,69,5
562.65701,4260,117
562.65702,950,789
562.65703,127,4
562.65704,12,26
562.65705,73,8
562.65706,421,6
562.65707,88,13
562.65708,1618,8
562.65709,69,5
562.65710,12,26
562.65711,58,2
562.65712,80,17
562.65713,358,790
562.65714,83,36
562.65715,3202,786
562.65716,131,0
562.65717,135,35
562.65718,2020,5
562.65719,12,26
562.65720,131,0
562.65721,127,4
562.65722,95,6
562.65723,38,19
562.65724,73,8
562.65725,131,0
562.65726,131,0
562.65727,95,6
562.65728,58,2
562.65729,14,30
562.65730,357,18
562.65732,106,5
562.65733,69,5
562.65734,398,105
562.65735,404,30
562.65736,80,17
562.65737,405,23
562.65738,73,8
562.65739,69,5
562.65740,69,5
562.65741,95,6
562.65742,69,5
562.65743,73,8
562.65744,69,5
562.65745,452,237
562.65746,95,6
562.65747,95,6
562.65748,144,25
562.65749,69,5
562.65750,73,8
562.65751,95,6
562.65752,648,95
562.65753,95,6
562.65754,409,55
562.65755,73,8
562.65756,95,6
562.65757,144,25
562.65758,95,6
562.65759,405,23
562.65760,73,8
562.65761,10,20
562.65762,131,0
562.65763,117,24
562.65764,73,8
562.65765,131,0
562.65797,410,13
562.65921,131,0
562.73348,607,31
562.73364,607,31
562.73367,399,791
562.73373,224,48
562.73381,131,0
562.7699,335,418
562.7794,121,39
562.96418,443,254
562.96419,443,254
562.96423,443,254
562.96424,443,254
562.96425,443,254
562.96426,7101,792
562.96427,443,254
562.96428,443,254
562.96429,443,254
562.96430,7091,793
562.96431,7091,793
562.96432,443,254
562.96433,443,254
562.96434,7091,793
562.96435,7091,793
562.96436,7101,792
562.96437,7101,792
562.96438,162,46
562.96439,7101,792
562.96440,7101,792
562.96441,131,0
562.96442,131,0
562.96443,131,0
562.96444,131,0
562.96445,131,0
562.96446,131,0
562.96447,212,293
562.96448,212,293
562.96449,3202,786
562.96450,3202,786
562.96451,3202,786
562.96452,3202,786
562.96453,131,0
562.96454,131,0
562.96455,212,293
562.96456,212,293
562.96457,131,0
562.96458,212,293
562.96459,131,0
562.96460,1196,377
562.96461,131,0
562.96462,1196,377
562.96463,131,0
562.96464,1196,377
562.96465,127,4
562.96466,127,4
562.96467,5351,17
562.96468,5351,17
562.96469,127,4
562.96470,127,4
562.96471,3202,786
562.96472,69,5
562.96473,127,4
562.96474,69,5
562.96475,69,5
562.96476,69,5
562.96477,127,4
562.96478,69,5
562.96479,73,8
562.96480,131,0
562.96481,131,0
562.96482,131,0
562.96483,10,20
562.96484,131,0
562.96485,131,0
562.96486,131,0
562.96487,131,0
562.96488,131,0
562.96489,131,0
562.96490,131,0
562.96491,131,0
562.96492,131,0
562.96493,131,0
562.96494,131,0
562.96495,131,0
562.96496,131,0
562.96497,73,8
562.96498,10,20
562.96499,10,20
562.96500,3202,786
562.96501,3202,786
562.96502,3202,786
562.96503,3202,786
562.96504,1304,12
562.96505,3202,786
562.96506,10,20
562.96507,117,24
562.96508,131,0
562.96509,131,0
562.96510,131,0
562.96511,131,0
562.96512,131,0
562.96513,131,0
562.96514,131,0
562.96515,131,0
562.96516,131,0
562.96517,131,0
562.96518,131,0
562.96519,131,0
562.96520,131,0
562.96521,131,0
562.96522,131,0
562.96523,69,5
562.96524,69,5
562.96525,69,5
562.96526,69,5
562.96527,1196,377
562.96528,93,116
562.96529,131,0
562.96530,10,20
562.96531,101,3
562.96532,93,116
562.96533,1196,377
562.96534,101,3
562.96535,93,116
562.96536,10,20
562.96537,10,20
562.96538,10,20
562.96539,131,0
562.96540,131,0
562.96541,93,116
562.96542,93,116
562.96543,69,5
562.96544,1196,377
562.96545,1196,377
562.96546,131,0
562.96547,1196,377
562.96548,10,20
562.96549,131,0
562.96550,101,3
562.96551,90,13
562.96552,90,13
562.96553,90,13
562.96554,90,13
562.96555,90,13
562.96556,90,13
562.96557,90,13
562.96558,90,13
562.96559,90,13
562.96560,90,13
562.96561,90,13
562.96562,90,13
562.96563,641,73
562.96564,641,73
562.96565,641,73
562.96566,641,73
562.96567,641,73
562.96568,10,20
562.96569,10,20
562.96570,10,20
562.96571,635,29
562.96572,635,29
562.96573,10,20
562.96574,10,20
562.96575,401,151
562.96576,635,29
562.96577,401,151
562.96578,4959,156
562.96579,401,151
562.96580,59,50
562.96581,635,29
562.96582,4959,156
562.96583,401,151
562.96584,4959,156
562.96585,635,29
562.96586,4959,156
562.96587,4959,156
562.96588,4959,156
562.96589,4959,156
562.96590,1196,377
562.96591,4959,156
562.96592,1196,377
562.96593,4959,156
562.96594,1196,377
562.96595,4959,156
562.96596,1196,377
562.96597,226,794
562.96598,1196,377
562.96599,59,50
562.96600,1196,377
562.96601,59,50
562.96602,648,95
562.96603,226,794
562.96604,1196,377
562.96605,7095,151
562.96606,7095,151
562.96607,1196,377
562.96608,7095,151
562.96609,59,50
562.96610,59,50
562.96611,7095,151
562.96612,1196,377
562.96613,1196,377
562.96614,226,794
562.96615,6151,795
562.96616,162,46
562.96617,6151,795
562.96618,162,46
562.96619,226,794
562.96620,6151,795
562.96621,162,46
562.96622,155,2
562.96623,1297,796
562.96624,226,794
562.96625,155,2
562.96626,48,797
562.96627,48,797
562.96628,162,46
562.96629,48,797
562.96630,6151,795
562.96631,6151,795
562.96632,131,0
562.96633,131,0
562.96634,131,0
562.96635,155,2
562.96636,62,45
562.96637,155,2
562.96638,131,0
562.96639,131,0
562.96640,1297,796
562.96641,1297,796
562.96642,1297,796
562.96643,1297,796
562.96644,648,95
562.96645,648,95
562.96646,1297,796
562.96647,648,95
562.96648,648,95
562.96649,155,2
562.96650,155,2
562.96651,155,2
562.96652,155,2
562.96653,155,2
562.96654,648,95
562.96655,6151,795
562.96656,6151,795
562.96657,1193,30
562.96658,1193,30
562.96659,6151,795
562.96660,1193,30
562.96661,6151,795
562.96662,1193,30
562.96663,1193,30
562.96664,1193,30
562.96665,6151,795
562.96666,1193,30
562.96667,155,2
562.96668,155,2
562.96669,155,2
562.96670,1193,30
562.96671,1193,30
562.96672,131,0
562.96673,1193,30
562.96674,131,0
562.96675,155,2
562.96676,155,2
562.96677,131,0
562.96678,131,0
562.96679,131,0
562.96680,428,18
562.96681,428,18
562.96682,428,18
562.96683,428,18
562.96684,428,18
562.96685,428,18
562.96686,428,18
562.96687,428,18
562.96688,428,18
562.96689,428,18
562.96690,428,18
562.96691,428,18
562.96692,428,18
562.96693,428,18
562.96694,428,18
562.96695,1193,30
562.96696,1193,30
562.96697,648,95
562.96698,648,95
562.96699,1193,30
562.96700,1193,30
562.96701,1193,30
562.96702,648,95
562.96703,1193,30
562.96704,648,95
562.96705,1193,30
562.96706,1193,30
562.96707,1193,30
562.96708,1193,30
562.96709,1193,30
562.96710,1193,30
562.96711,1193,30
562.96712,1193,30
562.96713,1193,30
562.96714,69,5
562.96715,472,798
562.96716,69,5
562.96717,472,798
562.96718,472,798
562.96719,69,5
562.96720,69,5
562.96721,69,5
562.96722,69,5
562.96723,69,5
562.96724,69,5
562.96725,131,0
562.96726,131,0
562.96727,131,0
562.96728,131,0
562.96729,131,0
562.96730,69,5
562.96731,69,5
562.96732,7095,151
562.96733,7095,151
562.96734,7095,151
562.96735,131,0
562.96736,7095,151
562.96737,448,100
562.96738,448,100
562.96739,448,100
562.96740,448,100
562.96741,448,100
562.96742,7095,151
562.96743,131,0
562.96744,131,0
562.96745,10,20
562.96746,10,20
562.96747,10,20
562.96748,388,194
562.96749,10,20
562.96750,10,20
562.96751,156,41
562.96752,10,20
562.96753,10,20
562.96754,156,41
562.96755,428,18
562.96756,428,18
562.96757,405,23
562.96758,354,51
562.96759,354,51
562.96760,354,51
562.96761,428,18
562.96762,428,18
562.96763,448,100
562.96764,428,18
562.96765,354,51
562.96766,405,23
562.96767,354,51
562.96768,428,18
562.96769,428,18
562.96770,428,18
562.96771,156,41
562.96772,428,18
562.96773,405,23
562.96774,394,64
562.96775,88,13
562.96776,405,23
562.96777,88,13
562.96778,394,64
562.96779,394,64
562.96780,443,254
562.96781,443,254
562.96782,131,0
562.96783,443,254
562.96784,443,254
562.96785,443,254
562.96786,443,254
562.96787,443,254
562.96788,443,254
562.96789,443,254
562.96790,443,254
562.96791,443,254
562.96792,443,254
562.96793,131,0
562.96794,131,0
562.96795,443,254
562.96796,443,254
562.96797,131,0
562.96798,131,0
562.96799,73,8
562.96800,540,72
562.96801,73,8
562.96802,73,8
562.96803,73,8
562.96804,73,8
562.96805,73,8
562.96806,141,1
562.96807,141,1
562.96808,141,1
562.96809,73,8
562.96810,73,8
562.96811,73,8
562.96812,73,8
562.96813,38,19
562.96815,38,19
562.96816,1079,799
562.96820,1079,799
562.96821,38,19
562.96822,1079,799
562.96823,141,1
562.96824,7093,80
562.96825,58,2
562.96826,7102,800
562.96827,7102,800
562.96828,38,19
562.96829,58,2
562.96830,38,19
562.96831,38,19
562.96832,1193,30
562.96833,1193,30
562.96834,1193,30
562.96835,1193,30
562.96836,1193,30
562.96837,58,2
562.96838,7094,276
562.96839,7094,276
562.96840,136,62
562.96841,635,29
562.96842,38,19
562.96843,7094,276
562.96844,38,19
562.96845,7094,276
562.96846,95,6
562.96847,1723,15
562.96848,95,6
562.96849,95,6
562.96850,95,6
562.96851,1723,15
562.96852,1723,15
562.96853,1723,15
562.96854,1723,15
562.96855,1723,15
562.96856,1723,15
562.96857,1723,15
562.96858,336,181
562.96859,336,181
562.96860,1723,15
562.96861,336,181
562.96862,1723,15
562.96863,336,181
562.96864,349,37
562.96865,155,2
562.96866,155,2
562.96867,155,2
562.96868,155,2
562.96869,155,2
562.96870,38,19
562.96871,3877,20
562.96872,3877,20
562.96873,906,704
562.96874,3877,20
562.96875,3877,20
562.96876,10,20
562.96877,351,543
562.96878,3877,20
562.96879,58,2
562.96880,3877,20
562.96881,3877,20
562.96882,3877,20
562.96883,7102,800
562.96884,3877,20
562.96885,3877,20
562.96886,7102,800
562.96887,7102,800
562.96888,7102,800
562.96889,3877,20
562.96890,88,13
562.96891,88,13
562.96892,88,13
562.96893,88,13
562.96894,131,0
562.96895,131,0
562.96896,88,13
562.96897,131,0
562.96898,131,0
562.96899,131,0
562.96900,131,0
562.96901,131,0
562.96902,131,0
562.96903,131,0
562.96904,131,0
562.96905,131,0
562.96906,131,0
562.96907,131,0
562.96908,131,0
562.96909,131,0
562.96910,155,2
562.96911,155,2
562.96912,162,46
562.96913,162,46
562.96914,155,2
562.96915,162,46
562.96916,155,2
562.96917,155,2
562.96918,162,46
562.96919,7092,36
562.96920,162,46
562.96921,7092,36
562.96922,1434,516
562.96923,1434,516
562.96924,1434,516
562.96925,131,0
562.96926,7092,36
562.96927,141,1
562.96928,141,1
562.96929,216,156
562.96930,7092,36
562.96931,131,0
562.96932,2006,48
562.96933,648,95
562.96934,648,95
562.96935,131,0
562.96936,131,0
562.96937,2006,48
562.96938,131,0
562.96939,131,0
562.96940,131,0
562.96941,3877,20
562.96942,3877,20
562.96943,3877,20
562.96944,3877,20
562.96945,3877,20
562.96946,3877,20
562.96947,3877,20
562.96948,3877,20
562.96949,131,0
562.96950,3877,20
562.96951,3877,20
562.96952,131,0
562.96953,131,0
562.96954,3877,20
562.96955,3877,20
562.96956,3877,20
562.96957,131,0
562.96958,131,0
562.96959,131,0
562.96960,131,0
562.96961,131,0
562.96962,409,55
562.96963,162,46
562.96964,10,20
562.96965,131,0
562.96966,10,20
562.96967,10,20
562.96968,409,55
562.96969,10,20
562.96970,648,95
562.96971,648,95
562.96972,409,55
562.96973,409,55
562.96974,131,0
562.96975,131,0
562.96976,131,0
562.96977,131,0
562.96978,131,0
562.96979,131,0
562.96980,131,0
562.96981,131,0
562.96982,354,51
562.96983,354,51
562.96984,354,51
562.96985,354,51
562.96986,354,51
562.96987,648,95
562.96988,648,95
562.96989,517,46
562.96990,648,95
562.96991,517,46
562.96992,648,95
562.96993,648,95
562.96994,648,95
562.96995,648,95
562.96996,648,95
562.96997,648,95
562.96998,648,95
562.96999,648,95
562.97000,648,95
562.97001,88,13
562.97002,88,13
562.97003,88,13
562.97004,648,95
562.97005,88,13
562.97006,131,0
562.97007,131,0
562.97008,131,0
562.97009,131,0
562.97010,88,13
562.97011,2598,801
562.97012,1973,308
562.97013,2598,801
562.97014,409,55
562.97015,2598,801
562.97016,131,0
562.97017,58,2
562.97018,58,2
562.97019,58,2
562.97020,58,2
562.97021,58,2
562.97022,58,2
562.97023,58,2
562.97024,2598,801
562.97025,58,2
562.97026,164,802
562.97027,58,2
562.97028,58,2
562.97029,58,2
562.97030,58,2
562.97031,2598,801
562.97032,58,2
562.97033,58,2
562.97034,2598,801
562.97035,2598,801
562.97036,2598,801
562.97037,164,802
562.97038,164,802
562.97039,117,24
562.97040,117,24
562.97041,117,24
562.97042,117,24
562.97043,164,802
562.97044,117,24
562.97045,164,802
562.97046,2967,223
562.97047,2967,223
562.97048,2967,223
562.97049,2967,223
562.97050,2967,223
562.97051,1431,46
562.97052,1431,46
562.97053,1431,46
562.97054,1431,46
562.97055,6150,439
562.97056,6150,439
562.97057,1431,46
562.97058,1196,377
562.97059,1196,377
562.97060,1196,377
562.97061,131,0
562.97062,131,0
562.97063,216,142
562.97064,216,142
562.97065,1196,377
562.97066,6150,439
562.97067,1196,377
562.97068,131,0
562.97069,131,0
562.97070,131,0
562.97071,131,0
562.97072,131,0
562.97073,648,95
562.97074,131,0
562.97075,131,0
562.97076,131,0
562.97077,648,95
562.97078,648,95
562.97079,648,95
562.97080,635,29
562.97081,635,29
562.97082,2598,801
562.97083,2598,801
562.97084,404,30
562.97085,2598,801
562.97086,404,30
562.97087,404,30
562.97088,404,30
562.97089,404,30
562.97090,635,29
562.97091,635,29
562.97092,2598,801
562.97093,354,51
562.97094,354,51
562.97095,2598,801
562.97096,354,51
562.97097,354,51
562.97098,7096,20
562.97099,648,95
562.97100,7097,524
562.97101,7096,20
562.97102,648,95
562.97103,7097,524
562.97104,648,95
562.97105,7097,524
562.97106,7097,524
562.97107,10,20
562.97108,7097,524
562.97109,7097,524
562.97110,7097,524
562.97111,10,20
562.97112,10,20
562.97113,648,95
562.97114,7097,524
562.97115,10,20
562.97116,7097,524
562.97117,399,149
562.97118,7097,524
562.97119,399,149
562.97120,7097,524
562.97121,635,29
562.97122,648,95
562.97123,354,51
562.97124,635,29
562.97125,635,29
562.97126,635,29
562.97127,635,29
562.97128,144,25
562.97129,144,25
562.97130,69,5
562.97131,69,5
562.97132,144,25
562.97133,144,25
562.97134,1122,803
562.97135,69,5
562.97136,117,24
562.97137,117,24
562.97138,117,24
562.97139,117,24
562.97140,1122,803
562.97141,69,5
562.97142,117,24
562.97143,69,5
562.97144,69,5
562.97145,69,5
562.97146,141,1
562.97147,69,5
562.97148,141,1
562.97149,141,1
562.97150,141,1
562.97151,141,1
562.97152,58,2
562.97153,58,2
562.97154,69,5
562.97155,69,5
562.97156,58,2
562.97157,69,5
562.97158,69,5
562.97159,69,5
562.97160,58,2
562.97161,443,254
562.97162,443,254
562.97163,58,2
562.97164,443,254
562.97165,443,254
562.97166,443,254
562.97167,443,254
562.97168,443,254
562.97169,443,254
562.97170,443,254
562.97171,443,254
562.97172,443,254
562.97173,443,254
562.97174,443,254
562.97175,443,254
562.97176,7098,503
562.97177,443,254
562.97178,95,6
562.97179,95,6
562.97180,95,6
562.97181,95,6
562.97182,7098,503
562.97183,7098,503
562.97184,7098,503
562.97185,95,6
562.97186,95,6
562.97187,95,6
562.97188,7098,503
562.97189,95,6
562.97190,95,6
562.97191,95,6
562.97192,14,30
562.97193,14,30
562.97194,14,30
562.97195,14,30
562.97196,14,30
562.97197,69,5
562.97198,196,110
562.97199,2521,169
562.97200,196,110
562.97201,2521,169
562.97202,7100,322
562.97203,2178,93
562.97204,7100,322
562.97205,7100,322
562.97206,69,5
562.97207,409,55
562.97208,69,5
562.97209,69,5
562.97210,1193,30
562.97211,7100,322
562.97212,7100,322
562.97213,1193,30
562.97214,7095,151
562.97215,108,484
562.97216,108,484
562.97217,1193,30
562.97218,7095,151
562.97219,7095,151
562.97220,7095,151
562.97221,7095,151
562.97222,443,254
562.97223,443,254
562.97224,443,254
562.97225,443,254
562.97226,443,254
562.97227,443,254
562.97228,443,254
562.97229,443,254
562.97230,443,254
562.97231,443,254
562.97232,7094,276
562.97233,7094,276
562.97234,7094,276
562.97235,443,254
562.97236,443,254
562.97237,7095,151
562.97238,443,254
562.97239,443,254
562.97240,1723,15
562.97241,1723,15
562.97242,1723,15
562.97243,443,254
562.97244,1723,15
562.97245,1723,15
562.97246,1723,15
562.97247,1723,15
562.97248,2521,169
562.97249,131,0
562.97250,443,254
562.97251,2521,169
562.97252,131,0
562.97253,1723,15
562.97254,443,254
562.97255,409,55
562.97256,409,55
562.97257,196,110
562.97258,443,254
562.97259,443,254
562.97260,443,254
562.97261,409,55
562.97262,131,0
562.97263,131,0
562.97264,409,55
562.97265,443,254
562.97266,443,254
562.97267,131,0
562.97268,443,254
562.97269,2521,169
562.97270,1723,15
562.97271,1723,15
562.97272,2521,169
562.97273,443,254
562.97274,443,254
562.97275,443,254
562.97276,443,254
562.97277,443,254
562.97278,443,254
562.97279,69,5
562.97280,69,5
562.97281,69,5
562.97282,69,5
562.97283,69,5
562.97284,443,254
562.97285,131,0
562.97286,131,0
562.97287,131,0
562.97288,131,0
562.97289,131,0
562.97290,131,0
562.97291,131,0
562.97292,131,0
562.97293,131,0
562.97294,131,0
562.97295,131,0
562.97296,131,0
562.97297,131,0
562.97298,131,0
562.97299,131,0
562.97300,131,0
562.97301,131,0
562.97302,131,0
562.97303,131,0
562.97304,131,0
562.97305,131,0
562.97306,131,0
562.97307,131,0
562.97308,131,0
562.97309,131,0
562.97310,59,50
562.97311,59,50
562.97312,59,50
562.97313,59,50
562.97314,569,66
562.97315,59,50
562.97316,59,804
562.97317,59,804
562.97318,69,5
562.97319,569,66
562.97320,59,804
562.97321,569,66
562.97322,59,804
562.97323,59,804
562.97324,569,66
562.97325,69,5
562.97326,569,66
562.97327,59,50
562.97328,69,5
562.97329,69,5
562.97330,69,5
562.97331,69,5
562.97332,69,5
562.97333,69,5
562.97334,6286,24
562.97335,69,5
562.97336,69,5
562.97337,6286,24
562.97338,69,5
562.97339,59,50
562.97340,69,5
562.97341,69,5
562.97342,69,5
562.97343,59,50
562.97344,59,50
562.97345,59,50
562.97346,69,5
562.97347,6286,24
562.97348,6286,24
562.97349,59,804
562.97350,59,804
562.97351,59,804
562.97352,6286,24
562.97353,5430,222
562.97354,5430,222
562.97355,59,804
562.97356,7095,151
562.97357,59,804
562.97358,59,50
562.97359,1193,30
562.97360,1193,30
562.97361,1193,30
562.97362,1193,30
562.97363,1193,30
562.97364,5430,222
562.97365,5430,222
562.97366,59,50
562.97367,58,2
562.97368,59,50
562.97369,58,2
562.97370,59,50
562.97371,58,2
562.97372,58,2
562.97373,421,6
562.97374,58,2
562.97375,421,6
562.97376,421,6
562.97377,58,2
562.97378,421,6
562.97379,58,2
562.97380,58,2
562.97381,421,6
562.97382,7095,151
562.97383,58,2
562.97384,635,29
562.97385,7095,151
562.97386,635,29
562.97387,635,29
562.97388,58,2
562.97389,7099,105
562.97390,7099,105
562.97391,1193,30
562.97392,1193,30
562.97393,1193,30
562.97394,1193,30
562.97395,1193,30
562.97396,131,0
562.97397,7099,105
562.97398,131,0
562.97399,131,0
562.97400,131,0
562.97401,7099,105
562.97402,131,0
562.97403,131,0
562.97404,216,156
562.97405,131,0
562.97406,131,0
562.97407,4087,156
562.97408,4087,156
562.97409,131,0
562.97410,7099,105
562.97411,131,0
562.97412,540,72
562.97413,540,72
562.97414,95,6
562.97415,69,5
562.97416,95,6
562.97417,69,5
562.97418,69,5
562.97419,131,0
562.97420,131,0
562.97421,7095,151
562.97422,69,5
562.97423,7095,151
562.97424,69,5
562.97425,7095,151
562.97426,95,6
562.97427,69,5
562.97428,7095,151
562.97429,69,5
562.97430,69,5
562.97431,7095,151
562.97432,7095,151
562.97433,69,5
562.97434,69,5
562.97435,540,72
562.97436,95,6
562.97437,95,6
562.97438,7095,151
562.97439,7095,151
562.97440,7095,151
562.97441,10,218
562.97442,7095,151
562.97443,7095,151
562.97444,10,218
562.97445,155,2
562.97447,131,0
562.97448,131,0
562.97449,88,13
562.97450,88,13
562.97451,88,13
562.97452,131,0
562.97453,131,0
562.97454,131,0
562.97455,2690,636
562.97456,88,13
562.97457,3006,805
562.97458,3006,805
562.97459,3006,805
562.97460,3006,805
562.97461,3006,805
562.97462,3006,805
562.97463,131,0
562.97464,3006,805
562.97465,410,13
562.97466,131,0
562.97467,131,0
562.97468,410,13
562.97469,3006,805
562.97470,3006,805
562.97471,3006,805
562.97472,357,18
562.97473,127,4
562.97474,131,0
562.97475,1193,30
562.97476,127,4
562.97477,131,0
562.97478,162,46
562.97479,131,0
562.97480,38,19
562.97481,69,5
562.97482,131,0
562.97483,345,43
562.97484,95,6
562.97485,131,0
562.97486,617,33
562.97487,617,33
562.97488,4959,156
562.97489,1431,46
562.97490,1431,46
562.97491,4959,156
562.97492,131,0
562.97493,226,794
562.97494,226,794
562.97495,162,46
562.97496,6150,439
562.97497,10,20
562.97498,131,0
562.97499,131,0
562.97500,131,0
562.97501,69,5
562.97502,1193,30
562.97503,1193,30
562.97504,1193,30
562.97505,131,0
562.97506,1193,30
562.97507,1193,30
562.97508,1193,30
562.97509,1193,30
562.97510,1193,30
562.97514,1193,30
562.97515,1193,30
562.97776,131,0
562.97808,12,26
562.97876,88,13
562.97961,73,8
562.98995,131,0
562.99254,69,5
562.99378,95,6
562.99400,1193,30
562.99406,69,5
562.99459,73,8
562.99466,716,806
562.99469,131,0
562.99497,706,249
