genome_id,antibiotic,resistant_phenotype
562.104196,ciprofloxacin,Resistant
562.104196,trimethoprim/sulfamethoxazole,Resistant
562.104197,ciprofloxacin,Resistant
562.104199,ciprofloxacin,Resistant
562.104199,gentamicin,Resistant
562.104199,trimethoprim/sulfamethoxazole,Resistant
562.104200,ciprofloxacin,Susceptible
562.104200,gentamicin,Resistant
562.104200,trimethoprim/sulfamethoxazole,Resistant
562.104201,ciprofloxacin,Resistant
562.104201,trimethoprim/sulfamethoxazole,Resistant
562.104202,ciprofloxacin,Resistant
562.104202,trimethoprim/sulfamethoxazole,Resistant
562.104203,ciprofloxacin,Resistant
562.104204,ciprofloxacin,Resistant
562.104204,trimethoprim/sulfamethoxazole,Resistant
562.104205,ciprofloxacin,Susceptible
562.104205,trimethoprim/sulfamethoxazole,Resistant
562.104206,ciprofloxacin,Resistant
562.104206,trimethoprim/sulfamethoxazole,Resistant
562.104207,ciprofloxacin,Resistant
562.104207,trimethoprim/sulfamethoxazole,Resistant
562.104208,ciprofloxacin,Resistant
562.104208,trimethoprim/sulfamethoxazole,Resistant
562.104209,ciprofloxacin,Resistant
562.104210,ciprofloxacin,Resistant
562.104211,ciprofloxacin,Resistant
562.104211,gentamicin,Resistant
562.104211,trimethoprim/sulfamethoxazole,Resistant
562.104212,ciprofloxacin,Susceptible
562.104213,ciprofloxacin,Resistant
562.104213,trimethoprim/sulfamethoxazole,Resistant
562.104214,ciprofloxacin,Resistant
562.104214,trimethoprim/sulfamethoxazole,Resistant
562.104215,ciprofloxacin,Resistant
562.104215,gentamicin,Resistant
562.104215,trimethoprim/sulfamethoxazole,Resistant
562.104216,ciprofloxacin,Resistant
562.104216,gentamicin,Resistant
562.104217,ciprofloxacin,Resistant
562.104217,gentamicin,Resistant
562.104217,trimethoprim/sulfamethoxazole,Resistant
562.104218,ciprofloxacin,Resistant
562.104218,trimethoprim/sulfamethoxazole,Resistant
562.104219,ciprofloxacin,Susceptible
562.104219,trimethoprim/sulfamethoxazole,Resistant
562.104220,ciprofloxacin,Resistant
562.104220,trimethoprim/sulfamethoxazole,Resistant
562.104221,ciprofloxacin,Susceptible
562.104221,trimethoprim/sulfamethoxazole,Resistant
562.104222,ciprofloxacin,Resistant
562.104223,ciprofloxacin,Resistant
562.104223,trimethoprim/sulfamethoxazole,Resistant
562.104224,ciprofloxacin,Resistant
562.104224,trimethoprim/sulfamethoxazole,Resistant
562.104225,ciprofloxacin,Resistant
562.104225,trimethoprim/sulfamethoxazole,Resistant
562.104226,ciprofloxacin,Resistant
562.104226,trimethoprim/sulfamethoxazole,Resistant
562.104227,ciprofloxacin,Resistant
562.104228,ciprofloxacin,Resistant
562.104229,ciprofloxacin,Resistant
562.104229,trimethoprim/sulfamethoxazole,Resistant
562.104230,ciprofloxacin,Resistant
562.104230,trimethoprim/sulfamethoxazole,Resistant
562.104231,ciprofloxacin,Resistant
562.104231,gentamicin,Resistant
562.104231,trimethoprim/sulfamethoxazole,Resistant
562.10576,ampicillin,Resistant
562.10576,ciprofloxacin,Resistant
562.10576,gentamicin,Resistant
562.10576,trimethoprim/sulfamethoxazole,Resistant
562.11346,ampicillin,Resistant
562.11346,cefotaxime,Resistant
562.11346,ciprofloxacin,Susceptible
562.11346,gentamicin,Susceptible
562.11346,trimethoprim/sulfamethoxazole,Resistant
562.11347,ampicillin,Resistant
562.11347,cefotaxime,Resistant
562.11347,ciprofloxacin,Resistant
562.11347,gentamicin,Susceptible
562.11347,trimethoprim/sulfamethoxazole,Resistant
562.11349,ampicillin,Resistant
562.11349,cefotaxime,Resistant
562.11349,ciprofloxacin,Susceptible
562.11349,gentamicin,Susceptible
562.11557,ampicillin,Resistant
562.11557,cefotaxime,Resistant
562.11557,ciprofloxacin,Resistant
562.11557,gentamicin,Susceptible
562.11557,trimethoprim/sulfamethoxazole,Resistant
562.140680,ampicillin,Resistant
562.140680,cefotaxime,Resistant
562.140680,ciprofloxacin,Resistant
562.140680,gentamicin,Susceptible
562.140682,ampicillin,Resistant
562.140682,cefotaxime,Resistant
562.140682,ciprofloxacin,Resistant
562.140682,gentamicin,Susceptible
562.140683,ampicillin,Resistant
562.140683,cefotaxime,Resistant
562.140683,ciprofloxacin,Susceptible
562.140683,gentamicin,Susceptible
562.140684,ampicillin,Resistant
562.140684,cefotaxime,Resistant
562.140684,ciprofloxacin,Resistant
562.140684,gentamicin,Resistant
562.140685,ampicillin,Resistant
562.140685,cefotaxime,Resistant
562.140685,ciprofloxacin,Susceptible
562.140685,gentamicin,Susceptible
562.140685,trimethoprim/sulfamethoxazole,Resistant
562.140686,ampicillin,Resistant
562.140686,cefotaxime,Resistant
562.140686,ciprofloxacin,Resistant
562.140686,gentamicin,Susceptible
562.140687,ampicillin,Resistant
562.140687,cefotaxime,Resistant
562.140687,ciprofloxacin,Susceptible
562.140687,gentamicin,Susceptible
562.140687,trimethoprim/sulfamethoxazole,Resistant
562.140688,ampicillin,Resistant
562.140688,cefotaxime,Resistant
562.140688,ciprofloxacin,Resistant
562.140688,gentamicin,Susceptible
562.140689,ampicillin,Resistant
562.140689,cefotaxime,Resistant
562.140689,ciprofloxacin,Susceptible
562.140689,gentamicin,Susceptible
562.140690,ampicillin,Resistant
562.140690,cefotaxime,Resistant
562.140690,gentamicin,Susceptible
562.140691,ampicillin,Resistant
562.140691,cefotaxime,Resistant
562.140691,ciprofloxacin,Susceptible
562.140691,gentamicin,Susceptible
562.140692,ampicillin,Resistant
562.140692,cefotaxime,Resistant
562.140692,ciprofloxacin,Resistant
562.140692,gentamicin,Resistant
562.140692,trimethoprim/sulfamethoxazole,Resistant
562.140710,ampicillin,Resistant
562.140710,gentamicin,Susceptible
562.140710,trimethoprim/sulfamethoxazole,Susceptible
562.140711,ampicillin,Susceptible
562.140711,gentamicin,Susceptible
562.140711,trimethoprim/sulfamethoxazole,Susceptible
562.140712,ampicillin,Resistant
562.140712,gentamicin,Resistant
562.140712,trimethoprim/sulfamethoxazole,Susceptible
562.140713,ampicillin,Resistant
562.140713,ciprofloxacin,Resistant
562.140713,gentamicin,Susceptible
562.140713,trimethoprim/sulfamethoxazole,Resistant
562.140714,ampicillin,Resistant
562.140714,ciprofloxacin,Resistant
562.140714,gentamicin,Susceptible
562.140714,trimethoprim/sulfamethoxazole,Susceptible
562.140715,ampicillin,Susceptible
562.140715,gentamicin,Susceptible
562.140715,trimethoprim/sulfamethoxazole,Susceptible
562.140716,ampicillin,Susceptible
562.140716,gentamicin,Susceptible
562.140716,trimethoprim/sulfamethoxazole,Susceptible
562.140717,ampicillin,Resistant
562.140717,gentamicin,Susceptible
562.140717,trimethoprim/sulfamethoxazole,Susceptible
562.140718,ampicillin,Resistant
562.140718,gentamicin,Susceptible
562.140718,trimethoprim/sulfamethoxazole,Susceptible
562.140719,ampicillin,Susceptible
562.140719,gentamicin,Susceptible
562.140719,trimethoprim/sulfamethoxazole,Susceptible
562.140720,ampicillin,Resistant
562.140720,gentamicin,Susceptible
562.140720,trimethoprim/sulfamethoxazole,Susceptible
562.140721,ampicillin,Resistant
562.140721,gentamicin,Susceptible
562.140721,trimethoprim/sulfamethoxazole,Susceptible
562.140722,ampicillin,Resistant
562.140722,gentamicin,Susceptible
562.140722,trimethoprim/sulfamethoxazole,Susceptible
562.140723,ampicillin,Resistant
562.140723,gentamicin,Susceptible
562.140723,trimethoprim/sulfamethoxazole,Resistant
562.140724,ampicillin,Susceptible
562.140724,gentamicin,Susceptible
562.140724,trimethoprim/sulfamethoxazole,Susceptible
562.140725,ampicillin,Susceptible
562.140725,gentamicin,Susceptible
562.140725,trimethoprim/sulfamethoxazole,Susceptible
562.140726,ampicillin,Resistant
562.140726,gentamicin,Susceptible
562.140726,trimethoprim/sulfamethoxazole,Susceptible
562.140727,ampicillin,Susceptible
562.140727,gentamicin,Susceptible
562.140727,trimethoprim/sulfamethoxazole,Susceptible
562.140728,ampicillin,Susceptible
562.140728,gentamicin,Susceptible
562.140728,trimethoprim/sulfamethoxazole,Susceptible
562.140729,ampicillin,Resistant
562.140729,gentamicin,Susceptible
562.140729,trimethoprim/sulfamethoxazole,Resistant
562.140730,ampicillin,Resistant
562.140730,gentamicin,Susceptible
562.140730,trimethoprim/sulfamethoxazole,Resistant
562.140731,ampicillin,Resistant
562.140731,ciprofloxacin,Resistant
562.140731,gentamicin,Resistant
562.140731,trimethoprim/sulfamethoxazole,Resistant
562.140732,ampicillin,Resistant
562.140732,gentamicin,Susceptible
562.140732,trimethoprim/sulfamethoxazole,Resistant
562.140733,ampicillin,Susceptible
562.140733,gentamicin,Susceptible
562.140733,trimethoprim/sulfamethoxazole,Resistant
562.140734,ampicillin,Resistant
562.140734,gentamicin,Susceptible
562.140734,trimethoprim/sulfamethoxazole,Susceptible
562.140735,ampicillin,Resistant
562.140735,ciprofloxacin,Resistant
562.140735,gentamicin,Resistant
562.140735,trimethoprim/sulfamethoxazole,Resistant
562.140736,ampicillin,Resistant
562.140736,ciprofloxacin,Resistant
562.140736,gentamicin,Susceptible
562.140736,trimethoprim/sulfamethoxazole,Resistant
562.140737,ampicillin,Resistant
562.140737,gentamicin,Resistant
562.140737,trimethoprim/sulfamethoxazole,Resistant
562.140738,ampicillin,Susceptible
562.140738,gentamicin,Susceptible
562.140738,trimethoprim/sulfamethoxazole,Susceptible
562.140739,ampicillin,Susceptible
562.140739,gentamicin,Susceptible
562.140739,trimethoprim/sulfamethoxazole,Susceptible
562.140740,ampicillin,Resistant
562.140740,ciprofloxacin,Resistant
562.140740,gentamicin,Susceptible
562.140740,trimethoprim/sulfamethoxazole,Resistant
562.140741,ampicillin,Susceptible
562.140741,gentamicin,Susceptible
562.140741,trimethoprim/sulfamethoxazole,Susceptible
562.140742,ampicillin,Resistant
562.140742,gentamicin,Susceptible
562.140742,trimethoprim/sulfamethoxazole,Resistant
562.140743,ampicillin,Resistant
562.140743,ciprofloxacin,Resistant
562.140743,gentamicin,Susceptible
562.140743,trimethoprim/sulfamethoxazole,Susceptible
562.140744,ampicillin,Susceptible
562.140744,gentamicin,Susceptible
562.140744,trimethoprim/sulfamethoxazole,Susceptible
562.140745,ampicillin,Resistant
562.140745,gentamicin,Susceptible
562.140745,trimethoprim/sulfamethoxazole,Susceptible
562.140746,ampicillin,Susceptible
562.140746,ciprofloxacin,Resistant
562.140746,gentamicin,Susceptible
562.140746,trimethoprim/sulfamethoxazole,Susceptible
562.140747,ampicillin,Susceptible
562.140747,gentamicin,Susceptible
562.140747,trimethoprim/sulfamethoxazole,Resistant
562.140748,ampicillin,Resistant
562.140748,gentamicin,Susceptible
562.140748,trimethoprim/sulfamethoxazole,Resistant
562.140749,ampicillin,Susceptible
562.140749,gentamicin,Susceptible
562.140749,trimethoprim/sulfamethoxazole,Susceptible
562.140750,ampicillin,Susceptible
562.140750,gentamicin,Susceptible
562.140750,trimethoprim/sulfamethoxazole,Susceptible
562.140751,ampicillin,Susceptible
562.140751,gentamicin,Susceptible
562.140751,trimethoprim/sulfamethoxazole,Susceptible
562.140752,ampicillin,Susceptible
562.140752,gentamicin,Susceptible
562.140752,trimethoprim/sulfamethoxazole,Susceptible
562.140753,ampicillin,Susceptible
562.140753,gentamicin,Susceptible
562.140753,trimethoprim/sulfamethoxazole,Susceptible
562.140754,ampicillin,Susceptible
562.140754,gentamicin,Susceptible
562.140754,trimethoprim/sulfamethoxazole,Resistant
562.140755,ampicillin,Resistant
562.140755,gentamicin,Susceptible
562.140755,trimethoprim/sulfamethoxazole,Susceptible
562.140756,ampicillin,Susceptible
562.140756,gentamicin,Susceptible
562.140756,trimethoprim/sulfamethoxazole,Susceptible
562.140757,ampicillin,Susceptible
562.140757,gentamicin,Susceptible
562.140757,trimethoprim/sulfamethoxazole,Susceptible
562.140758,ampicillin,Susceptible
562.140758,gentamicin,Susceptible
562.140758,trimethoprim/sulfamethoxazole,Susceptible
562.140759,ampicillin,Susceptible
562.140759,gentamicin,Susceptible
562.140759,trimethoprim/sulfamethoxazole,Susceptible
562.140760,ampicillin,Susceptible
562.140760,ciprofloxacin,Resistant
562.140760,gentamicin,Susceptible
562.140760,trimethoprim/sulfamethoxazole,Susceptible
562.140761,ampicillin,Susceptible
562.140761,gentamicin,Susceptible
562.140761,trimethoprim/sulfamethoxazole,Susceptible
562.140762,ampicillin,Resistant
562.140762,ciprofloxacin,Resistant
562.140762,gentamicin,Resistant
562.140762,trimethoprim/sulfamethoxazole,Susceptible
562.140763,ampicillin,Resistant
562.140763,gentamicin,Susceptible
562.140763,trimethoprim/sulfamethoxazole,Resistant
562.140764,ampicillin,Susceptible
562.140764,gentamicin,Susceptible
562.140764,trimethoprim/sulfamethoxazole,Susceptible
562.140765,ampicillin,Resistant
562.140765,gentamicin,Susceptible
562.140765,trimethoprim/sulfamethoxazole,Resistant
562.140766,ampicillin,Resistant
562.140766,gentamicin,Susceptible
562.140766,trimethoprim/sulfamethoxazole,Resistant
562.140767,ampicillin,Resistant
562.140767,ciprofloxacin,Resistant
562.140767,gentamicin,Resistant
562.140767,trimethoprim/sulfamethoxazole,Resistant
562.140768,ampicillin,Susceptible
562.140768,gentamicin,Susceptible
562.140768,trimethoprim/sulfamethoxazole,Susceptible
562.140769,ampicillin,Resistant
562.140769,gentamicin,Susceptible
562.140769,trimethoprim/sulfamethoxazole,Susceptible
562.140770,ampicillin,Susceptible
562.140770,gentamicin,Susceptible
562.140770,trimethoprim/sulfamethoxazole,Susceptible
562.140771,ampicillin,Resistant
562.140771,ciprofloxacin,Resistant
562.140771,gentamicin,Susceptible
562.140771,trimethoprim/sulfamethoxazole,Susceptible
562.140772,ampicillin,Resistant
562.140772,gentamicin,Resistant
562.140772,trimethoprim/sulfamethoxazole,Resistant
562.140773,ampicillin,Susceptible
562.140773,gentamicin,Susceptible
562.140773,trimethoprim/sulfamethoxazole,Susceptible
562.140774,ampicillin,Susceptible
562.140774,gentamicin,Susceptible
562.140774,trimethoprim/sulfamethoxazole,Susceptible
562.140775,ampicillin,Resistant
562.140775,gentamicin,Susceptible
562.140775,trimethoprim/sulfamethoxazole,Resistant
562.140776,ampicillin,Susceptible
562.140776,gentamicin,Susceptible
562.140776,trimethoprim/sulfamethoxazole,Susceptible
562.140777,ampicillin,Susceptible
562.140777,gentamicin,Susceptible
562.140777,trimethoprim/sulfamethoxazole,Susceptible
562.140779,ampicillin,Susceptible
562.140779,gentamicin,Susceptible
562.140779,trimethoprim/sulfamethoxazole,Susceptible
562.140780,ampicillin,Susceptible
562.140780,gentamicin,Susceptible
562.140780,trimethoprim/sulfamethoxazole,Susceptible
562.140781,ampicillin,Susceptible
562.140781,gentamicin,Susceptible
562.140781,trimethoprim/sulfamethoxazole,Susceptible
562.140782,ampicillin,Susceptible
562.140782,gentamicin,Susceptible
562.140782,trimethoprim/sulfamethoxazole,Susceptible
562.140783,ampicillin,Susceptible
562.140783,gentamicin,Susceptible
562.140783,trimethoprim/sulfamethoxazole,Susceptible
562.140784,ampicillin,Susceptible
562.140784,gentamicin,Susceptible
562.140784,trimethoprim/sulfamethoxazole,Susceptible
562.140785,ampicillin,Susceptible
562.140785,gentamicin,Susceptible
562.140785,trimethoprim/sulfamethoxazole,Susceptible
562.140786,ampicillin,Susceptible
562.140786,gentamicin,Susceptible
562.140786,trimethoprim/sulfamethoxazole,Susceptible
562.140787,ampicillin,Resistant
562.140787,gentamicin,Susceptible
562.140787,trimethoprim/sulfamethoxazole,Resistant
562.140788,ampicillin,Resistant
562.140788,gentamicin,Resistant
562.140788,trimethoprim/sulfamethoxazole,Resistant
562.140789,ampicillin,Susceptible
562.140789,ciprofloxacin,Resistant
562.140789,gentamicin,Resistant
562.140789,trimethoprim/sulfamethoxazole,Resistant
562.140790,ampicillin,Susceptible
562.140790,gentamicin,Susceptible
562.140790,trimethoprim/sulfamethoxazole,Susceptible
562.140791,ampicillin,Susceptible
562.140791,gentamicin,Susceptible
562.140791,trimethoprim/sulfamethoxazole,Susceptible
562.140792,ampicillin,Susceptible
562.140792,gentamicin,Susceptible
562.140792,trimethoprim/sulfamethoxazole,Susceptible
562.140793,ampicillin,Susceptible
562.140793,gentamicin,Susceptible
562.140793,trimethoprim/sulfamethoxazole,Susceptible
562.140794,ampicillin,Susceptible
562.140794,gentamicin,Susceptible
562.140794,trimethoprim/sulfamethoxazole,Susceptible
562.140795,ampicillin,Resistant
562.140795,ciprofloxacin,Resistant
562.140795,gentamicin,Susceptible
562.140795,trimethoprim/sulfamethoxazole,Resistant
562.140796,ampicillin,Susceptible
562.140796,gentamicin,Susceptible
562.140796,trimethoprim/sulfamethoxazole,Susceptible
562.140797,ampicillin,Resistant
562.140797,ciprofloxacin,Resistant
562.140797,gentamicin,Susceptible
562.140797,trimethoprim/sulfamethoxazole,Susceptible
562.140798,ampicillin,Susceptible
562.140798,gentamicin,Susceptible
562.140798,trimethoprim/sulfamethoxazole,Susceptible
562.140799,ampicillin,Susceptible
562.140799,gentamicin,Susceptible
562.140799,trimethoprim/sulfamethoxazole,Susceptible
562.140800,ampicillin,Susceptible
562.140800,gentamicin,Susceptible
562.140800,trimethoprim/sulfamethoxazole,Susceptible
562.140801,ampicillin,Susceptible
562.140801,gentamicin,Susceptible
562.140801,trimethoprim/sulfamethoxazole,Susceptible
562.140802,ampicillin,Susceptible
562.140802,gentamicin,Susceptible
562.140802,trimethoprim/sulfamethoxazole,Susceptible
562.140803,ampicillin,Resistant
562.140803,gentamicin,Susceptible
562.140803,trimethoprim/sulfamethoxazole,Susceptible
562.140804,ampicillin,Resistant
562.140804,ciprofloxacin,Resistant
562.140804,gentamicin,Susceptible
562.140804,trimethoprim/sulfamethoxazole,Resistant
562.140805,ampicillin,Resistant
562.140805,gentamicin,Susceptible
562.140805,trimethoprim/sulfamethoxazole,Susceptible
562.140806,ampicillin,Susceptible
562.140806,gentamicin,Susceptible
562.140806,trimethoprim/sulfamethoxazole,Susceptible
562.140807,ampicillin,Susceptible
562.140807,gentamicin,Susceptible
562.140807,trimethoprim/sulfamethoxazole,Susceptible
562.140808,ampicillin,Resistant
562.140808,ciprofloxacin,Resistant
562.140808,gentamicin,Susceptible
562.140808,trimethoprim/sulfamethoxazole,Susceptible
562.140809,ampicillin,Susceptible
562.140809,gentamicin,Susceptible
562.140809,trimethoprim/sulfamethoxazole,Susceptible
562.140810,ampicillin,Resistant
562.140810,ciprofloxacin,Resistant
562.140810,gentamicin,Susceptible
562.140810,trimethoprim/sulfamethoxazole,Resistant
562.140811,ampicillin,Susceptible
562.140811,gentamicin,Susceptible
562.140811,trimethoprim/sulfamethoxazole,Susceptible
562.140812,ampicillin,Susceptible
562.140812,ciprofloxacin,Resistant
562.140812,gentamicin,Susceptible
562.140812,trimethoprim/sulfamethoxazole,Susceptible
562.140813,ampicillin,Susceptible
562.140813,gentamicin,Susceptible
562.140813,trimethoprim/sulfamethoxazole,Susceptible
562.140814,ampicillin,Susceptible
562.140814,gentamicin,Susceptible
562.140814,trimethoprim/sulfamethoxazole,Susceptible
562.140815,ampicillin,Resistant
562.140815,gentamicin,Susceptible
562.140815,trimethoprim/sulfamethoxazole,Susceptible
562.140816,ampicillin,Resistant
562.140816,gentamicin,Susceptible
562.140816,trimethoprim/sulfamethoxazole,Susceptible
562.140817,ampicillin,Susceptible
562.140817,gentamicin,Susceptible
562.140817,trimethoprim/sulfamethoxazole,Susceptible
562.140818,ampicillin,Resistant
562.140818,ciprofloxacin,Resistant
562.140818,gentamicin,Susceptible
562.140818,trimethoprim/sulfamethoxazole,Resistant
562.140819,ampicillin,Susceptible
562.140819,gentamicin,Susceptible
562.140819,trimethoprim/sulfamethoxazole,Susceptible
562.140820,ampicillin,Susceptible
562.140820,gentamicin,Susceptible
562.140820,trimethoprim/sulfamethoxazole,Susceptible
562.140821,ampicillin,Resistant
562.140821,gentamicin,Susceptible
562.140821,trimethoprim/sulfamethoxazole,Susceptible
562.140822,ampicillin,Susceptible
562.140822,gentamicin,Susceptible
562.140822,trimethoprim/sulfamethoxazole,Susceptible
562.140823,ampicillin,Resistant
562.140823,gentamicin,Susceptible
562.140823,trimethoprim/sulfamethoxazole,Resistant
562.140916,ampicillin,Resistant
562.140916,cefotaxime,Resistant
562.140916,ciprofloxacin,Resistant
562.140916,gentamicin,Resistant
562.140917,ampicillin,Resistant
562.140917,cefotaxime,Resistant
562.140917,ciprofloxacin,Resistant
562.140917,gentamicin,Susceptible
562.140920,ampicillin,Resistant
562.140920,cefotaxime,Resistant
562.140920,ciprofloxacin,Resistant
562.140920,gentamicin,Susceptible
562.140921,ampicillin,Resistant
562.140921,cefotaxime,Resistant
562.140921,ciprofloxacin,Resistant
562.140921,gentamicin,Resistant
562.140922,ampicillin,Resistant
562.140922,cefotaxime,Resistant
562.140922,ciprofloxacin,Resistant
562.140922,gentamicin,Susceptible
562.140923,ampicillin,Resistant
562.140923,cefotaxime,Resistant
562.140923,ciprofloxacin,Resistant
562.140923,gentamicin,Resistant
562.140924,ampicillin,Resistant
562.140924,cefotaxime,Resistant
562.140924,ciprofloxacin,Resistant
562.140924,gentamicin,Susceptible
562.140925,ampicillin,Resistant
562.140925,cefotaxime,Resistant
562.140925,ciprofloxacin,Resistant
562.140925,gentamicin,Resistant
562.140926,ampicillin,Resistant
562.140926,cefotaxime,Resistant
562.140926,ciprofloxacin,Resistant
562.140926,gentamicin,Resistant
562.140927,ampicillin,Resistant
562.140927,cefotaxime,Resistant
562.140927,ciprofloxacin,Resistant
562.140927,gentamicin,Resistant
562.140928,ampicillin,Resistant
562.140928,cefotaxime,Resistant
562.140928,ciprofloxacin,Resistant
562.140928,gentamicin,Resistant
562.140929,ampicillin,Resistant
562.140929,cefotaxime,Resistant
562.140929,ciprofloxacin,Resistant
562.140929,gentamicin,Resistant
562.140930,ampicillin,Resistant
562.140930,cefotaxime,Resistant
562.140930,ciprofloxacin,Resistant
562.140930,gentamicin,Resistant
562.140931,ampicillin,Resistant
562.140931,cefotaxime,Resistant
562.140931,ciprofloxacin,Resistant
562.140931,gentamicin,Resistant
562.140932,ampicillin,Resistant
562.140932,cefotaxime,Resistant
562.140932,ciprofloxacin,Resistant
562.140932,gentamicin,Resistant
562.140933,ampicillin,Resistant
562.140933,cefotaxime,Resistant
562.140933,ciprofloxacin,Resistant
562.140933,gentamicin,Resistant
562.140934,ampicillin,Resistant
562.140934,cefotaxime,Resistant
562.140934,ciprofloxacin,Resistant
562.140934,gentamicin,Susceptible
562.140935,ampicillin,Resistant
562.140935,cefotaxime,Resistant
562.140935,ciprofloxacin,Resistant
562.140935,gentamicin,Susceptible
562.140936,ampicillin,Resistant
562.140936,cefotaxime,Resistant
562.140936,ciprofloxacin,Resistant
562.140936,gentamicin,Resistant
562.140937,ampicillin,Resistant
562.140937,cefotaxime,Resistant
562.140937,ciprofloxacin,Resistant
562.140937,gentamicin,Susceptible
562.140938,ampicillin,Resistant
562.140938,cefotaxime,Resistant
562.140938,ciprofloxacin,Resistant
562.140938,gentamicin,Resistant
562.140939,ampicillin,Resistant
562.140939,cefotaxime,Resistant
562.140939,ciprofloxacin,Resistant
562.140939,gentamicin,Resistant
562.140940,ampicillin,Resistant
562.140940,cefotaxime,Resistant
562.140940,ciprofloxacin,Resistant
562.140940,gentamicin,Susceptible
562.140941,ampicillin,Resistant
562.140941,cefotaxime,Resistant
562.140941,ciprofloxacin,Resistant
562.140941,gentamicin,Resistant
562.140942,ampicillin,Resistant
562.140942,cefotaxime,Resistant
562.140942,ciprofloxacin,Resistant
562.140942,gentamicin,Susceptible
562.140943,ampicillin,Resistant
562.140943,cefotaxime,Resistant
562.140943,gentamicin,Susceptible
562.140944,ampicillin,Resistant
562.140944,cefotaxime,Resistant
562.140944,gentamicin,Susceptible
562.140945,ampicillin,Resistant
562.140945,cefotaxime,Resistant
562.140945,gentamicin,Susceptible
562.140946,ampicillin,Resistant
562.140946,cefotaxime,Resistant
562.140946,ciprofloxacin,Resistant
562.140946,gentamicin,Resistant
562.140947,ampicillin,Resistant
562.140947,cefotaxime,Resistant
562.140947,gentamicin,Susceptible
562.140948,ampicillin,Resistant
562.140948,cefotaxime,Resistant
562.140948,ciprofloxacin,Resistant
562.140948,gentamicin,Resistant
562.140949,ampicillin,Resistant
562.140949,cefotaxime,Resistant
562.140949,ciprofloxacin,Resistant
562.140949,gentamicin,Resistant
562.140950,ampicillin,Resistant
562.140950,cefotaxime,Resistant
562.140950,ciprofloxacin,Resistant
562.140950,gentamicin,Resistant
562.140951,cefotaxime,Resistant
562.140951,ciprofloxacin,Resistant
562.140951,gentamicin,Susceptible
562.140952,cefotaxime,Resistant
562.140952,ciprofloxacin,Resistant
562.140952,gentamicin,Resistant
562.140953,ampicillin,Resistant
562.140953,cefotaxime,Resistant
562.140953,ciprofloxacin,Resistant
562.140953,gentamicin,Resistant
562.140954,cefotaxime,Resistant
562.140954,gentamicin,Susceptible
562.140955,cefotaxime,Resistant
562.140955,gentamicin,Susceptible
562.140956,cefotaxime,Resistant
562.140956,ciprofloxacin,Resistant
562.140956,gentamicin,Susceptible
562.140957,cefotaxime,Resistant
562.140957,ciprofloxacin,Resistant
562.140957,gentamicin,Resistant
562.140958,cefotaxime,Resistant
562.140958,ciprofloxacin,Resistant
562.140958,gentamicin,Resistant
562.140959,cefotaxime,Resistant
562.140959,ciprofloxacin,Resistant
562.140959,gentamicin,Susceptible
562.140960,cefotaxime,Resistant
562.140960,gentamicin,Susceptible
562.140961,ampicillin,Resistant
562.140961,cefotaxime,Resistant
562.140961,ciprofloxacin,Resistant
562.140961,gentamicin,Resistant
562.140962,cefotaxime,Resistant
562.140962,ciprofloxacin,Resistant
562.140962,gentamicin,Susceptible
562.140963,cefotaxime,Resistant
562.140963,ciprofloxacin,Resistant
562.140963,gentamicin,Susceptible
562.140965,cefotaxime,Resistant
562.140965,ciprofloxacin,Resistant
562.140965,gentamicin,Resistant
562.140966,ampicillin,Resistant
562.140966,cefotaxime,Resistant
562.140966,ciprofloxacin,Resistant
562.140966,gentamicin,Susceptible
562.140967,cefotaxime,Resistant
562.140967,gentamicin,Susceptible
562.140968,cefotaxime,Resistant
562.140968,ciprofloxacin,Resistant
562.140968,gentamicin,Susceptible
562.140969,cefotaxime,Resistant
562.140969,gentamicin,Susceptible
562.140970,cefotaxime,Resistant
562.140970,ciprofloxacin,Resistant
562.140970,gentamicin,Susceptible
562.140971,cefotaxime,Resistant
562.140971,gentamicin,Susceptible
562.140972,cefotaxime,Resistant
562.140972,gentamicin,Susceptible
562.140973,cefotaxime,Resistant
562.140973,gentamicin,Susceptible
562.140974,cefotaxime,Resistant
562.140974,ciprofloxacin,Resistant
562.140974,gentamicin,Susceptible
562.140975,cefotaxime,Resistant
562.140975,ciprofloxacin,Resistant
562.140975,gentamicin,Resistant
562.140976,ampicillin,Resistant
562.140976,cefotaxime,Resistant
562.140976,gentamicin,Resistant
562.140977,cefotaxime,Resistant
562.140977,gentamicin,Resistant
562.140978,cefotaxime,Resistant
562.140978,gentamicin,Resistant
562.140979,cefotaxime,Resistant
562.140979,ciprofloxacin,Resistant
562.140979,gentamicin,Resistant
562.140980,cefotaxime,Resistant
562.140980,ciprofloxacin,Resistant
562.140980,gentamicin,Susceptible
562.140981,cefotaxime,Resistant
562.140981,ciprofloxacin,Resistant
562.140981,gentamicin,Susceptible
562.140982,cefotaxime,Resistant
562.140982,gentamicin,Susceptible
562.140983,cefotaxime,Resistant
562.140983,gentamicin,Susceptible
562.140984,cefotaxime,Resistant
562.140984,ciprofloxacin,Resistant
562.140984,gentamicin,Susceptible
562.140985,cefotaxime,Resistant
562.140985,ciprofloxacin,Resistant
562.140985,gentamicin,Resistant
562.140986,ampicillin,Resistant
562.140986,cefotaxime,Resistant
562.140986,ciprofloxacin,Resistant
562.140986,gentamicin,Susceptible
562.140987,cefotaxime,Resistant
562.140987,ciprofloxacin,Resistant
562.140987,gentamicin,Susceptible
562.140988,cefotaxime,Resistant
562.140988,ciprofloxacin,Resistant
562.140988,gentamicin,Susceptible
562.140989,cefotaxime,Resistant
562.140989,gentamicin,Susceptible
562.140990,cefotaxime,Resistant
562.140990,gentamicin,Susceptible
562.140991,cefotaxime,Resistant
562.140991,ciprofloxacin,Resistant
562.140991,gentamicin,Susceptible
562.140992,cefotaxime,Resistant
562.140992,ciprofloxacin,Resistant
562.140992,gentamicin,Susceptible
562.140993,cefotaxime,Resistant
562.140993,gentamicin,Susceptible
562.140994,cefotaxime,Resistant
562.140994,ciprofloxacin,Resistant
562.140994,gentamicin,Resistant
562.140995,ampicillin,Resistant
562.140995,cefotaxime,Resistant
562.140995,gentamicin,Susceptible
562.140996,cefotaxime,Resistant
562.140996,gentamicin,Susceptible
562.140997,cefotaxime,Resistant
562.140997,gentamicin,Susceptible
562.140998,cefotaxime,Resistant
562.140998,ciprofloxacin,Resistant
562.140998,gentamicin,Resistant
562.140999,cefotaxime,Resistant
562.140999,ciprofloxacin,Resistant
562.140999,gentamicin,Resistant
562.141000,cefotaxime,Resistant
562.141000,gentamicin,Susceptible
562.141001,cefotaxime,Resistant
562.141001,gentamicin,Susceptible
562.141002,cefotaxime,Resistant
562.141002,ciprofloxacin,Resistant
562.141002,gentamicin,Susceptible
562.141003,cefotaxime,Resistant
562.141003,gentamicin,Susceptible
562.141004,cefotaxime,Resistant
562.141004,ciprofloxacin,Resistant
562.141004,gentamicin,Resistant
562.141005,cefotaxime,Resistant
562.141005,ciprofloxacin,Resistant
562.141005,gentamicin,Resistant
562.141006,cefotaxime,Resistant
562.141006,ciprofloxacin,Resistant
562.141006,gentamicin,Resistant
562.141007,ampicillin,Resistant
562.141007,cefotaxime,Resistant
562.141007,gentamicin,Susceptible
562.141008,gentamicin,Susceptible
562.141009,cefotaxime,Resistant
562.141009,gentamicin,Susceptible
562.141010,cefotaxime,Resistant
562.141010,gentamicin,Resistant
562.141011,cefotaxime,Resistant
562.141011,ciprofloxacin,Resistant
562.141011,gentamicin,Resistant
562.141012,cefotaxime,Resistant
562.141012,ciprofloxacin,Resistant
562.141012,gentamicin,Susceptible
562.141013,cefotaxime,Resistant
562.141013,ciprofloxacin,Resistant
562.141013,gentamicin,Resistant
562.141014,cefotaxime,Resistant
562.141014,gentamicin,Susceptible
562.141015,cefotaxime,Resistant
562.141015,ciprofloxacin,Resistant
562.141015,gentamicin,Susceptible
562.141016,cefotaxime,Resistant
562.141016,gentamicin,Susceptible
562.141017,cefotaxime,Resistant
562.141017,gentamicin,Susceptible
562.141018,cefotaxime,Resistant
562.141018,ciprofloxacin,Resistant
562.141018,gentamicin,Susceptible
562.141019,ampicillin,Resistant
562.141019,cefotaxime,Resistant
562.141019,ciprofloxacin,Resistant
562.141019,gentamicin,Susceptible
562.141020,cefotaxime,Resistant
562.141020,ciprofloxacin,Resistant
562.141020,gentamicin,Resistant
562.141021,cefotaxime,Resistant
562.141021,ciprofloxacin,Resistant
562.141021,gentamicin,Susceptible
562.141022,cefotaxime,Resistant
562.141022,ciprofloxacin,Resistant
562.141022,gentamicin,Resistant
562.141023,cefotaxime,Resistant
562.141023,ciprofloxacin,Resistant
562.141023,gentamicin,Resistant
562.141024,cefotaxime,Resistant
562.141024,ciprofloxacin,Resistant
562.141024,gentamicin,Resistant
562.141025,ampicillin,Resistant
562.141025,cefotaxime,Resistant
562.141025,ciprofloxacin,Resistant
562.141025,gentamicin,Resistant
562.141026,cefotaxime,Resistant
562.141026,ciprofloxacin,Resistant
562.141026,gentamicin,Susceptible
562.141027,ampicillin,Resistant
562.141027,cefotaxime,Resistant
562.141027,gentamicin,Susceptible
562.141028,cefotaxime,Resistant
562.141028,ciprofloxacin,Resistant
562.141028,gentamicin,Resistant
562.141029,cefotaxime,Resistant
562.141029,ciprofloxacin,Resistant
562.141029,gentamicin,Susceptible
562.141030,ciprofloxacin,Resistant
562.141030,gentamicin,Resistant
562.141031,cefotaxime,Resistant
562.141031,gentamicin,Susceptible
562.141032,cefotaxime,Resistant
562.141032,ciprofloxacin,Resistant
562.141032,gentamicin,Susceptible
562.141033,cefotaxime,Resistant
562.141033,ciprofloxacin,Resistant
562.141033,gentamicin,Resistant
562.141034,cefotaxime,Resistant
562.141034,ciprofloxacin,Resistant
562.141034,gentamicin,Susceptible
562.141035,gentamicin,Susceptible
562.141036,ampicillin,Resistant
562.141036,cefotaxime,Resistant
562.141036,gentamicin,Susceptible
562.141037,cefotaxime,Resistant
562.141037,ciprofloxacin,Resistant
562.141037,gentamicin,Susceptible
562.141038,ciprofloxacin,Resistant
562.141038,gentamicin,Susceptible
562.141039,cefotaxime,Resistant
562.141039,ciprofloxacin,Resistant
562.141039,gentamicin,Susceptible
562.141040,cefotaxime,Resistant
562.141040,ciprofloxacin,Resistant
562.141040,gentamicin,Susceptible
562.141041,cefotaxime,Resistant
562.141041,ciprofloxacin,Resistant
562.141041,gentamicin,Susceptible
562.141042,cefotaxime,Resistant
562.141043,cefotaxime,Resistant
562.141043,ciprofloxacin,Resistant
562.141043,gentamicin,Susceptible
562.141044,cefotaxime,Resistant
562.141044,ciprofloxacin,Resistant
562.141044,gentamicin,Susceptible
562.141045,cefotaxime,Resistant
562.141045,ciprofloxacin,Resistant
562.141045,gentamicin,Susceptible
562.141046,cefotaxime,Resistant
562.141046,gentamicin,Susceptible
562.141047,cefotaxime,Resistant
562.141047,ciprofloxacin,Resistant
562.141047,gentamicin,Susceptible
562.141048,ampicillin,Resistant
562.141048,cefotaxime,Resistant
562.141048,ciprofloxacin,Resistant
562.141048,gentamicin,Resistant
562.141049,cefotaxime,Resistant
562.141049,ciprofloxacin,Resistant
562.141049,gentamicin,Susceptible
562.141050,cefotaxime,Resistant
562.141050,ciprofloxacin,Resistant
562.141050,gentamicin,Susceptible
562.141051,cefotaxime,Resistant
562.141051,ciprofloxacin,Resistant
562.141051,gentamicin,Resistant
562.141052,cefotaxime,Resistant
562.141052,ciprofloxacin,Resistant
562.141052,gentamicin,Susceptible
562.141053,cefotaxime,Resistant
562.141053,ciprofloxacin,Resistant
562.141053,gentamicin,Susceptible
562.141054,cefotaxime,Resistant
562.141054,ciprofloxacin,Resistant
562.141054,gentamicin,Susceptible
562.141055,cefotaxime,Resistant
562.141055,gentamicin,Susceptible
562.141056,gentamicin,Susceptible
562.141057,cefotaxime,Resistant
562.141057,ciprofloxacin,Resistant
562.141057,gentamicin,Susceptible
562.141058,cefotaxime,Resistant
562.141058,gentamicin,Susceptible
562.141059,ampicillin,Resistant
562.141059,cefotaxime,Resistant
562.141059,ciprofloxacin,Resistant
562.141059,gentamicin,Resistant
562.141060,cefotaxime,Resistant
562.141060,ciprofloxacin,Resistant
562.141060,gentamicin,Resistant
562.141061,cefotaxime,Resistant
562.141061,ciprofloxacin,Resistant
562.141061,gentamicin,Susceptible
562.141062,cefotaxime,Resistant
562.141062,gentamicin,Susceptible
562.141063,cefotaxime,Resistant
562.141063,gentamicin,Resistant
562.141064,cefotaxime,Resistant
562.141064,gentamicin,Resistant
562.141065,cefotaxime,Resistant
562.141065,gentamicin,Susceptible
562.141066,cefotaxime,Resistant
562.141066,gentamicin,Resistant
562.141067,cefotaxime,Resistant
562.141067,ciprofloxacin,Resistant
562.141067,gentamicin,Resistant
562.141068,cefotaxime,Resistant
562.141068,ciprofloxacin,Resistant
562.141068,gentamicin,Susceptible
562.141069,ampicillin,Resistant
562.141069,cefotaxime,Resistant
562.141069,ciprofloxacin,Resistant
562.141069,gentamicin,Resistant
562.141070,cefotaxime,Resistant
562.141070,ciprofloxacin,Resistant
562.141070,gentamicin,Susceptible
562.141071,cefotaxime,Resistant
562.141071,ciprofloxacin,Resistant
562.141071,gentamicin,Susceptible
562.141072,cefotaxime,Resistant
562.141072,gentamicin,Resistant
562.141073,cefotaxime,Resistant
562.141073,gentamicin,Susceptible
562.141074,cefotaxime,Resistant
562.141074,gentamicin,Susceptible
562.141075,cefotaxime,Resistant
562.141075,ciprofloxacin,Resistant
562.141075,gentamicin,Resistant
562.141076,cefotaxime,Resistant
562.141076,gentamicin,Resistant
562.141077,cefotaxime,Resistant
562.141077,ciprofloxacin,Resistant
562.141077,gentamicin,Susceptible
562.141078,cefotaxime,Resistant
562.141078,gentamicin,Susceptible
562.141079,cefotaxime,Resistant
562.141079,ciprofloxacin,Resistant
562.141079,gentamicin,Susceptible
562.141080,ampicillin,Resistant
562.141080,cefotaxime,Resistant
562.141080,ciprofloxacin,Resistant
562.141080,gentamicin,Resistant
562.141081,cefotaxime,Resistant
562.141081,ciprofloxacin,Resistant
562.141081,gentamicin,Resistant
562.141082,cefotaxime,Resistant
562.141082,gentamicin,Susceptible
562.141083,cefotaxime,Resistant
562.141083,ciprofloxacin,Resistant
562.141083,gentamicin,Susceptible
562.141084,cefotaxime,Resistant
562.141084,ciprofloxacin,Resistant
562.141084,gentamicin,Susceptible
562.141085,cefotaxime,Resistant
562.141085,ciprofloxacin,Resistant
562.141085,gentamicin,Susceptible
562.141086,cefotaxime,Resistant
562.141086,ciprofloxacin,Resistant
562.141086,gentamicin,Susceptible
562.141087,cefotaxime,Resistant
562.141087,ciprofloxacin,Resistant
562.141087,gentamicin,Susceptible
562.141088,cefotaxime,Resistant
562.141088,ciprofloxacin,Resistant
562.141088,gentamicin,Susceptible
562.141090,cefotaxime,Resistant
562.141090,ciprofloxacin,Resistant
562.141090,gentamicin,Susceptible
562.141091,cefotaxime,Resistant
562.141091,ciprofloxacin,Resistant
562.141091,gentamicin,Susceptible
562.141092,ampicillin,Resistant
562.141092,cefotaxime,Resistant
562.141092,ciprofloxacin,Resistant
562.141092,gentamicin,Resistant
562.141093,cefotaxime,Resistant
562.141093,ciprofloxacin,Resistant
562.141093,gentamicin,Susceptible
562.141094,cefotaxime,Resistant
562.141094,ciprofloxacin,Resistant
562.141094,gentamicin,Susceptible
562.141095,cefotaxime,Resistant
562.141095,ciprofloxacin,Resistant
562.141095,gentamicin,Resistant
562.141096,cefotaxime,Resistant
562.141096,gentamicin,Susceptible
562.141097,cefotaxime,Resistant
562.141097,ciprofloxacin,Resistant
562.141097,gentamicin,Susceptible
562.141098,cefotaxime,Resistant
562.141098,ciprofloxacin,Resistant
562.141098,gentamicin,Resistant
562.141099,cefotaxime,Resistant
562.141099,ciprofloxacin,Resistant
562.141099,gentamicin,Resistant
562.141100,cefotaxime,Resistant
562.141100,ciprofloxacin,Resistant
562.141100,gentamicin,Susceptible
562.141101,cefotaxime,Resistant
562.141101,ciprofloxacin,Resistant
562.141101,gentamicin,Susceptible
562.141102,ciprofloxacin,Resistant
562.141102,gentamicin,Susceptible
562.141103,ampicillin,Resistant
562.141103,cefotaxime,Resistant
562.141103,gentamicin,Susceptible
562.141104,cefotaxime,Resistant
562.141104,gentamicin,Susceptible
562.141105,cefotaxime,Resistant
562.141105,gentamicin,Susceptible
562.141106,ciprofloxacin,Resistant
562.141106,gentamicin,Resistant
562.141107,gentamicin,Susceptible
562.141108,cefotaxime,Resistant
562.141108,gentamicin,Resistant
562.141109,cefotaxime,Resistant
562.141109,gentamicin,Resistant
562.141110,cefotaxime,Resistant
562.141110,ciprofloxacin,Resistant
562.141110,gentamicin,Susceptible
562.141111,cefotaxime,Resistant
562.141111,ciprofloxacin,Resistant
562.141111,gentamicin,Susceptible
562.141112,cefotaxime,Resistant
562.141112,ciprofloxacin,Resistant
562.141112,gentamicin,Susceptible
562.141113,ampicillin,Resistant
562.141113,cefotaxime,Resistant
562.141113,ciprofloxacin,Resistant
562.141113,gentamicin,Susceptible
562.141114,cefotaxime,Resistant
562.141114,gentamicin,Susceptible
562.141115,cefotaxime,Resistant
562.141115,ciprofloxacin,Resistant
562.141115,gentamicin,Susceptible
562.141116,cefotaxime,Resistant
562.141116,gentamicin,Susceptible
562.141117,cefotaxime,Resistant
562.141117,ciprofloxacin,Resistant
562.141117,gentamicin,Susceptible
562.141118,cefotaxime,Resistant
562.141118,ciprofloxacin,Resistant
562.141118,gentamicin,Resistant
562.141119,cefotaxime,Resistant
562.141119,ciprofloxacin,Resistant
562.141119,gentamicin,Susceptible
562.141120,cefotaxime,Resistant
562.141120,ciprofloxacin,Resistant
562.141120,gentamicin,Susceptible
562.141121,cefotaxime,Resistant
562.141121,ciprofloxacin,Resistant
562.141121,gentamicin,Susceptible
562.141122,cefotaxime,Resistant
562.141122,ciprofloxacin,Resistant
562.141122,gentamicin,Resistant
562.141123,cefotaxime,Resistant
562.141123,gentamicin,Susceptible
562.141124,ampicillin,Resistant
562.141124,cefotaxime,Resistant
562.141124,ciprofloxacin,Resistant
562.141124,gentamicin,Resistant
562.141125,ciprofloxacin,Resistant
562.141125,gentamicin,Resistant
562.141126,cefotaxime,Resistant
562.141126,gentamicin,Susceptible
562.141127,cefotaxime,Resistant
562.141127,ciprofloxacin,Resistant
562.141127,gentamicin,Susceptible
562.141128,cefotaxime,Resistant
562.141128,gentamicin,Susceptible
562.141129,cefotaxime,Resistant
562.141129,gentamicin,Susceptible
562.141130,ampicillin,Resistant
562.141130,cefotaxime,Resistant
562.141130,ciprofloxacin,Resistant
562.141130,gentamicin,Resistant
562.141131,ampicillin,Resistant
562.141131,cefotaxime,Resistant
562.141131,gentamicin,Susceptible
562.141132,cefotaxime,Resistant
562.141132,gentamicin,Susceptible
562.141133,cefotaxime,Resistant
562.141133,ciprofloxacin,Resistant
562.141133,gentamicin,Resistant
562.141134,cefotaxime,Resistant
562.141134,gentamicin,Susceptible
562.141135,cefotaxime,Resistant
562.141136,gentamicin,Susceptible
562.141137,cefotaxime,Resistant
562.141137,gentamicin,Susceptible
562.141138,cefotaxime,Resistant
562.141138,ciprofloxacin,Resistant
562.141138,gentamicin,Susceptible
562.141139,cefotaxime,Resistant
562.141139,gentamicin,Susceptible
562.141140,cefotaxime,Resistant
562.141140,ciprofloxacin,Resistant
562.141140,gentamicin,Resistant
562.141141,cefotaxime,Resistant
562.141141,gentamicin,Susceptible
562.141142,cefotaxime,Resistant
562.141142,gentamicin,Susceptible
562.141143,ampicillin,Resistant
562.141143,cefotaxime,Resistant
562.141143,ciprofloxacin,Resistant
562.141143,gentamicin,Resistant
562.141144,cefotaxime,Resistant
562.141144,gentamicin,Susceptible
562.141145,cefotaxime,Resistant
562.141145,gentamicin,Susceptible
562.141146,cefotaxime,Resistant
562.141146,gentamicin,Susceptible
562.141147,cefotaxime,Resistant
562.141147,gentamicin,Susceptible
562.141148,gentamicin,Susceptible
562.141149,cefotaxime,Resistant
562.141149,gentamicin,Susceptible
562.141150,cefotaxime,Resistant
562.141150,ciprofloxacin,Resistant
562.141150,gentamicin,Susceptible
562.141151,cefotaxime,Resistant
562.141151,gentamicin,Susceptible
562.141152,cefotaxime,Resistant
562.141152,gentamicin,Susceptible
562.141153,cefotaxime,Resistant
562.141153,ciprofloxacin,Resistant
562.141153,gentamicin,Resistant
562.141154,cefotaxime,Resistant
562.141154,ciprofloxacin,Resistant
562.141154,gentamicin,Resistant
562.141155,ampicillin,Resistant
562.141155,cefotaxime,Resistant
562.141155,ciprofloxacin,Resistant
562.141155,gentamicin,Susceptible
562.141156,ampicillin,Resistant
562.141156,cefotaxime,Resistant
562.141156,ciprofloxacin,Resistant
562.141156,gentamicin,Susceptible
562.141157,ampicillin,Resistant
562.141157,cefotaxime,Resistant
562.141157,gentamicin,Susceptible
562.141158,ampicillin,Resistant
562.141158,cefotaxime,Resistant
562.141158,gentamicin,Susceptible
562.141159,ampicillin,Resistant
562.141159,cefotaxime,Resistant
562.141159,ciprofloxacin,Resistant
562.141159,gentamicin,Susceptible
562.141160,ampicillin,Resistant
562.141160,cefotaxime,Resistant
562.141160,ciprofloxacin,Resistant
562.141160,gentamicin,Resistant
562.141161,cefotaxime,Resistant
562.141161,ciprofloxacin,Resistant
562.141161,gentamicin,Resistant
562.141162,ampicillin,Resistant
562.141162,cefotaxime,Resistant
562.141162,gentamicin,Susceptible
562.141163,ampicillin,Resistant
562.141163,cefotaxime,Resistant
562.141163,ciprofloxacin,Resistant
562.141163,gentamicin,Susceptible
562.141164,ampicillin,Resistant
562.141164,cefotaxime,Resistant
562.141164,ciprofloxacin,Resistant
562.141164,gentamicin,Susceptible
562.141165,ampicillin,Resistant
562.141165,cefotaxime,Resistant
562.141165,ciprofloxacin,Resistant
562.141165,gentamicin,Susceptible
562.141166,ciprofloxacin,Resistant
562.141166,gentamicin,Resistant
562.141167,ampicillin,Resistant
562.141167,ciprofloxacin,Resistant
562.141167,gentamicin,Susceptible
562.141168,ampicillin,Resistant
562.141168,cefotaxime,Resistant
562.141168,gentamicin,Susceptible
562.141169,ampicillin,Resistant
562.141169,cefotaxime,Resistant
562.141169,ciprofloxacin,Resistant
562.141169,gentamicin,Resistant
562.141170,ampicillin,Resistant
562.141170,cefotaxime,Resistant
562.141170,gentamicin,Susceptible
562.141171,ampicillin,Resistant
562.141171,ciprofloxacin,Resistant
562.141171,gentamicin,Susceptible
562.141172,ampicillin,Resistant
562.141172,cefotaxime,Resistant
562.141172,ciprofloxacin,Resistant
562.141172,gentamicin,Resistant
562.141173,ampicillin,Resistant
562.141173,ciprofloxacin,Resistant
562.141173,gentamicin,Susceptible
562.141174,ampicillin,Resistant
562.141174,cefotaxime,Resistant
562.141174,gentamicin,Susceptible
562.141175,ampicillin,Resistant
562.141175,ciprofloxacin,Resistant
562.141175,gentamicin,Susceptible
562.141176,ampicillin,Resistant
562.141176,ciprofloxacin,Resistant
562.141176,gentamicin,Susceptible
562.141177,ampicillin,Resistant
562.141177,ciprofloxacin,Resistant
562.141177,gentamicin,Susceptible
562.141178,ampicillin,Resistant
562.141178,cefotaxime,Resistant
562.141178,ciprofloxacin,Resistant
562.141178,gentamicin,Susceptible
562.141179,ampicillin,Resistant
562.141179,cefotaxime,Resistant
562.141179,ciprofloxacin,Resistant
562.141179,gentamicin,Susceptible
562.141180,ampicillin,Resistant
562.141180,cefotaxime,Resistant
562.141180,gentamicin,Susceptible
562.141181,ampicillin,Resistant
562.141181,cefotaxime,Resistant
562.141181,gentamicin,Resistant
562.141182,ampicillin,Resistant
562.141182,cefotaxime,Resistant
562.141182,ciprofloxacin,Resistant
562.141182,gentamicin,Susceptible
562.141183,ampicillin,Resistant
562.141183,cefotaxime,Resistant
562.141183,ciprofloxacin,Resistant
562.141183,gentamicin,Susceptible
562.141184,ampicillin,Resistant
562.141184,ciprofloxacin,Resistant
562.141184,gentamicin,Susceptible
562.141185,ampicillin,Resistant
562.141185,cefotaxime,Resistant
562.141185,ciprofloxacin,Resistant
562.141185,gentamicin,Susceptible
562.141186,ampicillin,Resistant
562.141186,cefotaxime,Resistant
562.141186,ciprofloxacin,Resistant
562.141186,gentamicin,Resistant
562.141187,cefotaxime,Resistant
562.141187,ciprofloxacin,Resistant
562.141187,gentamicin,Resistant
562.141188,ampicillin,Resistant
562.141188,cefotaxime,Resistant
562.141188,gentamicin,Susceptible
562.141189,ampicillin,Resistant
562.141189,cefotaxime,Resistant
562.141189,gentamicin,Resistant
562.141190,ampicillin,Resistant
562.141190,cefotaxime,Resistant
562.141190,gentamicin,Susceptible
562.141191,ampicillin,Resistant
562.141191,cefotaxime,Resistant
562.141191,gentamicin,Susceptible
562.141192,ampicillin,Resistant
562.141192,cefotaxime,Resistant
562.141192,gentamicin,Susceptible
562.141193,cefotaxime,Resistant
562.141193,gentamicin,Susceptible
562.141194,ampicillin,Resistant
562.141194,cefotaxime,Resistant
562.141194,ciprofloxacin,Resistant
562.141194,gentamicin,Resistant
562.141195,ampicillin,Resistant
562.141195,cefotaxime,Resistant
562.141195,ciprofloxacin,Resistant
562.141195,gentamicin,Resistant
562.141196,ampicillin,Resistant
562.141196,cefotaxime,Resistant
562.141196,ciprofloxacin,Resistant
562.141196,gentamicin,Resistant
562.141197,ampicillin,Resistant
562.141197,cefotaxime,Resistant
562.141197,ciprofloxacin,Resistant
562.141197,gentamicin,Susceptible
562.141198,ampicillin,Resistant
562.141198,cefotaxime,Resistant
562.141198,ciprofloxacin,Resistant
562.141198,gentamicin,Susceptible
562.141199,ampicillin,Resistant
562.141199,cefotaxime,Resistant
562.141199,ciprofloxacin,Resistant
562.141199,gentamicin,Susceptible
562.141200,ampicillin,Resistant
562.141200,cefotaxime,Resistant
562.141200,ciprofloxacin,Resistant
562.141200,gentamicin,Susceptible
562.141201,ampicillin,Resistant
562.141201,cefotaxime,Resistant
562.141201,ciprofloxacin,Resistant
562.141201,gentamicin,Susceptible
562.141202,ampicillin,Resistant
562.141202,cefotaxime,Resistant
562.141202,gentamicin,Resistant
562.141203,ampicillin,Resistant
562.141203,cefotaxime,Resistant
562.141203,ciprofloxacin,Resistant
562.141203,gentamicin,Susceptible
562.141204,ampicillin,Resistant
562.141204,cefotaxime,Resistant
562.141204,gentamicin,Susceptible
562.141205,ampicillin,Resistant
562.141205,cefotaxime,Resistant
562.141205,gentamicin,Susceptible
562.141206,ampicillin,Resistant
562.141206,cefotaxime,Resistant
562.141206,ciprofloxacin,Resistant
562.141206,gentamicin,Susceptible
562.141207,ampicillin,Resistant
562.141207,cefotaxime,Resistant
562.141207,ciprofloxacin,Resistant
562.141207,gentamicin,Susceptible
562.141208,ampicillin,Resistant
562.141208,ciprofloxacin,Resistant
562.141208,gentamicin,Susceptible
562.141209,ampicillin,Resistant
562.141209,cefotaxime,Resistant
562.141209,ciprofloxacin,Resistant
562.141209,gentamicin,Susceptible
562.141210,ampicillin,Resistant
562.141210,cefotaxime,Resistant
562.141210,gentamicin,Resistant
562.141211,ampicillin,Resistant
562.141211,cefotaxime,Resistant
562.141211,ciprofloxacin,Resistant
562.141211,gentamicin,Susceptible
562.141212,ampicillin,Resistant
562.141212,cefotaxime,Resistant
562.141212,ciprofloxacin,Resistant
562.141212,gentamicin,Susceptible
562.141213,ampicillin,Resistant
562.141213,cefotaxime,Resistant
562.141213,ciprofloxacin,Resistant
562.141213,gentamicin,Susceptible
562.141214,ampicillin,Resistant
562.141214,cefotaxime,Resistant
562.141214,gentamicin,Susceptible
562.141215,ampicillin,Resistant
562.141215,cefotaxime,Resistant
562.141215,ciprofloxacin,Resistant
562.141215,gentamicin,Susceptible
562.141216,ampicillin,Resistant
562.141216,cefotaxime,Resistant
562.141216,ciprofloxacin,Resistant
562.141216,gentamicin,Susceptible
562.141217,ampicillin,Resistant
562.141217,cefotaxime,Resistant
562.141217,ciprofloxacin,Resistant
562.141217,gentamicin,Susceptible
562.141218,ampicillin,Resistant
562.141218,cefotaxime,Resistant
562.141218,ciprofloxacin,Resistant
562.141218,gentamicin,Susceptible
562.141219,ampicillin,Resistant
562.141219,cefotaxime,Resistant
562.141219,ciprofloxacin,Resistant
562.141219,gentamicin,Susceptible
562.141220,ampicillin,Resistant
562.141220,cefotaxime,Resistant
562.141220,ciprofloxacin,Resistant
562.141220,gentamicin,Susceptible
562.141221,ampicillin,Resistant
562.141221,cefotaxime,Resistant
562.141221,ciprofloxacin,Resistant
562.141221,gentamicin,Susceptible
562.141222,ampicillin,Resistant
562.141222,cefotaxime,Resistant
562.141222,ciprofloxacin,Resistant
562.141222,gentamicin,Susceptible
562.141223,ampicillin,Resistant
562.141223,cefotaxime,Resistant
562.141223,ciprofloxacin,Resistant
562.141223,gentamicin,Resistant
562.141224,cefotaxime,Resistant
562.141224,ciprofloxacin,Resistant
562.141224,gentamicin,Susceptible
562.141225,ampicillin,Resistant
562.141225,cefotaxime,Resistant
562.141225,ciprofloxacin,Resistant
562.141225,gentamicin,Susceptible
562.141226,ampicillin,Resistant
562.141226,cefotaxime,Resistant
562.141226,ciprofloxacin,Resistant
562.141226,gentamicin,Susceptible
562.141227,ampicillin,Resistant
562.141227,cefotaxime,Resistant
562.141227,ciprofloxacin,Resistant
562.141227,gentamicin,Susceptible
562.141228,ampicillin,Resistant
562.141228,cefotaxime,Resistant
562.141228,gentamicin,Susceptible
562.141229,ampicillin,Resistant
562.141229,cefotaxime,Resistant
562.141229,gentamicin,Susceptible
562.141230,ampicillin,Resistant
562.141230,cefotaxime,Resistant
562.141230,gentamicin,Susceptible
562.141231,ampicillin,Resistant
562.141231,ciprofloxacin,Resistant
562.141231,gentamicin,Susceptible
562.141232,ampicillin,Resistant
562.141232,cefotaxime,Resistant
562.141232,ciprofloxacin,Resistant
562.141232,gentamicin,Susceptible
562.141233,ampicillin,Resistant
562.141233,cefotaxime,Resistant
562.141233,ciprofloxacin,Resistant
562.141233,gentamicin,Susceptible
562.141234,ampicillin,Resistant
562.141234,cefotaxime,Resistant
562.141234,ciprofloxacin,Resistant
562.141234,gentamicin,Susceptible
562.141235,ampicillin,Resistant
562.141235,cefotaxime,Resistant
562.141235,ciprofloxacin,Resistant
562.141235,gentamicin,Susceptible
562.141236,ampicillin,Resistant
562.141236,cefotaxime,Resistant
562.141236,ciprofloxacin,Resistant
562.141236,gentamicin,Susceptible
562.141237,ampicillin,Resistant
562.141237,cefotaxime,Resistant
562.141237,ciprofloxacin,Resistant
562.141237,gentamicin,Susceptible
562.141238,ampicillin,Resistant
562.141238,cefotaxime,Resistant
562.141238,ciprofloxacin,Resistant
562.141238,gentamicin,Susceptible
562.141239,cefotaxime,Resistant
562.141239,ciprofloxacin,Resistant
562.141239,gentamicin,Susceptible
562.141240,cefotaxime,Resistant
562.141240,gentamicin,Susceptible
562.141241,ampicillin,Resistant
562.141241,cefotaxime,Resistant
562.141241,ciprofloxacin,Resistant
562.141241,gentamicin,Susceptible
562.141242,ampicillin,Resistant
562.141242,cefotaxime,Resistant
562.141242,ciprofloxacin,Resistant
562.141242,gentamicin,Susceptible
562.141243,ampicillin,Resistant
562.141243,cefotaxime,Resistant
562.141243,gentamicin,Susceptible
562.141244,ampicillin,Resistant
562.141244,cefotaxime,Resistant
562.141244,ciprofloxacin,Resistant
562.141244,gentamicin,Resistant
562.141245,ampicillin,Resistant
562.141245,cefotaxime,Resistant
562.141245,ciprofloxacin,Resistant
562.141245,gentamicin,Resistant
562.141246,ampicillin,Resistant
562.141246,cefotaxime,Resistant
562.141246,ciprofloxacin,Resistant
562.141246,gentamicin,Susceptible
562.141247,ampicillin,Resistant
562.141247,cefotaxime,Resistant
562.141247,ciprofloxacin,Resistant
562.141247,gentamicin,Resistant
562.141248,ampicillin,Resistant
562.141248,cefotaxime,Resistant
562.141248,ciprofloxacin,Resistant
562.141248,gentamicin,Resistant
562.141249,ampicillin,Resistant
562.141249,cefotaxime,Resistant
562.141249,ciprofloxacin,Resistant
562.141249,gentamicin,Resistant
562.141250,ampicillin,Resistant
562.141250,cefotaxime,Resistant
562.141250,ciprofloxacin,Resistant
562.141250,gentamicin,Resistant
562.141251,ampicillin,Resistant
562.141251,cefotaxime,Resistant
562.141251,ciprofloxacin,Resistant
562.141251,gentamicin,Susceptible
562.141252,ampicillin,Resistant
562.141252,cefotaxime,Resistant
562.141252,ciprofloxacin,Resistant
562.141252,gentamicin,Resistant
562.141253,ampicillin,Resistant
562.141253,cefotaxime,Resistant
562.141253,gentamicin,Susceptible
562.141254,ampicillin,Resistant
562.141254,cefotaxime,Resistant
562.141254,ciprofloxacin,Resistant
562.141254,gentamicin,Resistant
562.141255,ampicillin,Resistant
562.141255,cefotaxime,Resistant
562.141255,ciprofloxacin,Resistant
562.141255,gentamicin,Susceptible
562.141256,ampicillin,Resistant
562.141256,cefotaxime,Resistant
562.141256,gentamicin,Susceptible
562.141257,ampicillin,Resistant
562.141257,cefotaxime,Resistant
562.141257,ciprofloxacin,Resistant
562.141257,gentamicin,Resistant
562.141258,ampicillin,Resistant
562.141258,cefotaxime,Resistant
562.141258,gentamicin,Susceptible
562.141259,ampicillin,Resistant
562.141259,cefotaxime,Resistant
562.141259,ciprofloxacin,Resistant
562.141259,gentamicin,Resistant
562.141260,ampicillin,Resistant
562.141260,cefotaxime,Resistant
562.141260,gentamicin,Susceptible
562.141261,ampicillin,Resistant
562.141261,cefotaxime,Resistant
562.141261,ciprofloxacin,Resistant
562.141261,gentamicin,Susceptible
562.141262,ampicillin,Resistant
562.141262,cefotaxime,Resistant
562.141262,ciprofloxacin,Resistant
562.141262,gentamicin,Resistant
562.141263,ampicillin,Resistant
562.141263,cefotaxime,Resistant
562.141263,gentamicin,Susceptible
562.141264,ampicillin,Resistant
562.141264,cefotaxime,Resistant
562.141264,gentamicin,Susceptible
562.141265,ampicillin,Resistant
562.141265,cefotaxime,Resistant
562.141265,ciprofloxacin,Resistant
562.141265,gentamicin,Resistant
562.141266,ampicillin,Resistant
562.141266,cefotaxime,Resistant
562.141266,ciprofloxacin,Resistant
562.141266,gentamicin,Susceptible
562.141267,ampicillin,Resistant
562.141267,cefotaxime,Resistant
562.141267,gentamicin,Susceptible
562.141268,ampicillin,Resistant
562.141268,cefotaxime,Resistant
562.141268,ciprofloxacin,Resistant
562.141268,gentamicin,Resistant
562.141269,ampicillin,Resistant
562.141269,cefotaxime,Resistant
562.141269,gentamicin,Susceptible
562.141270,ampicillin,Resistant
562.141270,cefotaxime,Resistant
562.141270,gentamicin,Susceptible
562.141271,ampicillin,Resistant
562.141271,cefotaxime,Resistant
562.141271,ciprofloxacin,Resistant
562.141271,gentamicin,Susceptible
562.141272,ampicillin,Resistant
562.141272,cefotaxime,Resistant
562.141272,ciprofloxacin,Resistant
562.141272,gentamicin,Susceptible
562.141273,ampicillin,Resistant
562.141273,cefotaxime,Resistant
562.141273,ciprofloxacin,Resistant
562.141273,gentamicin,Resistant
562.141274,ampicillin,Resistant
562.141274,cefotaxime,Resistant
562.141274,ciprofloxacin,Resistant
562.141274,gentamicin,Susceptible
562.141275,ampicillin,Resistant
562.141275,cefotaxime,Resistant
562.141275,ciprofloxacin,Resistant
562.141275,gentamicin,Susceptible
562.141276,ampicillin,Resistant
562.141276,cefotaxime,Resistant
562.141276,ciprofloxacin,Resistant
562.141276,gentamicin,Resistant
562.141277,ampicillin,Resistant
562.141277,cefotaxime,Resistant
562.141277,ciprofloxacin,Resistant
562.141277,gentamicin,Susceptible
562.141278,ampicillin,Resistant
562.141278,cefotaxime,Resistant
562.141278,ciprofloxacin,Resistant
562.141278,gentamicin,Susceptible
562.141279,ampicillin,Resistant
562.141279,cefotaxime,Resistant
562.141279,ciprofloxacin,Resistant
562.141279,gentamicin,Resistant
562.141280,ampicillin,Resistant
562.141280,cefotaxime,Resistant
562.141280,ciprofloxacin,Resistant
562.141280,gentamicin,Resistant
562.141281,ampicillin,Resistant
562.141281,cefotaxime,Resistant
562.141281,ciprofloxacin,Resistant
562.141281,gentamicin,Susceptible
562.141282,ampicillin,Resistant
562.141282,cefotaxime,Resistant
562.141282,gentamicin,Resistant
562.141283,ampicillin,Resistant
562.141283,cefotaxime,Resistant
562.141283,gentamicin,Resistant
562.141284,ampicillin,Resistant
562.141284,cefotaxime,Resistant
562.141284,ciprofloxacin,Resistant
562.141284,gentamicin,Susceptible
562.141285,ampicillin,Resistant
562.141285,cefotaxime,Resistant
562.141285,gentamicin,Susceptible
562.141286,ampicillin,Resistant
562.141286,cefotaxime,Resistant
562.141286,ciprofloxacin,Resistant
562.141286,gentamicin,Susceptible
562.141287,ampicillin,Resistant
562.141287,cefotaxime,Resistant
562.141287,gentamicin,Resistant
562.141288,ampicillin,Resistant
562.141288,cefotaxime,Resistant
562.141288,gentamicin,Susceptible
562.141289,ampicillin,Resistant
562.141289,cefotaxime,Resistant
562.141289,gentamicin,Resistant
562.141291,ampicillin,Resistant
562.141291,cefotaxime,Resistant
562.141291,gentamicin,Resistant
562.141292,ampicillin,Resistant
562.141292,cefotaxime,Resistant
562.141292,ciprofloxacin,Resistant
562.141292,gentamicin,Resistant
562.141293,ampicillin,Resistant
562.141293,cefotaxime,Resistant
562.141293,gentamicin,Resistant
562.141294,ampicillin,Resistant
562.141294,cefotaxime,Resistant
562.141294,ciprofloxacin,Resistant
562.141294,gentamicin,Susceptible
562.141295,ampicillin,Resistant
562.141295,cefotaxime,Resistant
562.141295,ciprofloxacin,Resistant
562.141295,gentamicin,Resistant
562.141296,ampicillin,Resistant
562.141296,cefotaxime,Resistant
562.141296,ciprofloxacin,Resistant
562.141296,gentamicin,Resistant
562.141297,ampicillin,Resistant
562.141297,cefotaxime,Resistant
562.141297,gentamicin,Resistant
562.141298,ampicillin,Resistant
562.141298,cefotaxime,Resistant
562.141298,ciprofloxacin,Resistant
562.141298,gentamicin,Resistant
562.141299,ampicillin,Resistant
562.141299,cefotaxime,Resistant
562.141299,ciprofloxacin,Resistant
562.141299,gentamicin,Susceptible
562.141300,ampicillin,Resistant
562.141300,cefotaxime,Resistant
562.141300,ciprofloxacin,Resistant
562.141300,gentamicin,Susceptible
562.141301,ampicillin,Resistant
562.141301,cefotaxime,Resistant
562.141301,gentamicin,Resistant
562.141302,ampicillin,Resistant
562.141302,cefotaxime,Resistant
562.141302,gentamicin,Resistant
562.141303,ampicillin,Resistant
562.141303,cefotaxime,Resistant
562.141303,gentamicin,Resistant
562.141304,ampicillin,Resistant
562.141304,cefotaxime,Resistant
562.141304,ciprofloxacin,Resistant
562.141304,gentamicin,Resistant
562.141305,ampicillin,Resistant
562.141305,cefotaxime,Resistant
562.141305,ciprofloxacin,Resistant
562.141305,gentamicin,Resistant
562.141306,ampicillin,Resistant
562.141306,cefotaxime,Resistant
562.141306,gentamicin,Susceptible
562.141307,ampicillin,Resistant
562.141307,cefotaxime,Resistant
562.141307,ciprofloxacin,Susceptible
562.141307,gentamicin,Susceptible
562.141308,ampicillin,Resistant
562.141308,ciprofloxacin,Susceptible
562.141308,gentamicin,Susceptible
562.141309,ampicillin,Resistant
562.141309,cefotaxime,Resistant
562.141309,ciprofloxacin,Susceptible
562.141309,gentamicin,Susceptible
562.141310,ampicillin,Resistant
562.141310,gentamicin,Susceptible
562.141311,ampicillin,Resistant
562.141311,cefotaxime,Resistant
562.141311,ciprofloxacin,Susceptible
562.141311,gentamicin,Susceptible
562.141312,ampicillin,Resistant
562.141312,cefotaxime,Resistant
562.141312,ciprofloxacin,Susceptible
562.141312,gentamicin,Susceptible
562.141313,ampicillin,Resistant
562.141313,cefotaxime,Resistant
562.141313,gentamicin,Susceptible
562.141314,ampicillin,Resistant
562.141314,cefotaxime,Resistant
562.141314,ciprofloxacin,Resistant
562.141314,gentamicin,Resistant
562.141315,ampicillin,Resistant
562.141315,cefotaxime,Resistant
562.141315,ciprofloxacin,Susceptible
562.141315,gentamicin,Susceptible
562.141316,ampicillin,Resistant
562.141316,cefotaxime,Resistant
562.141316,ciprofloxacin,Susceptible
562.141316,gentamicin,Susceptible
562.141317,ampicillin,Resistant
562.141317,cefotaxime,Resistant
562.141317,ciprofloxacin,Susceptible
562.141317,gentamicin,Susceptible
562.141318,ampicillin,Resistant
562.141318,cefotaxime,Resistant
562.141318,ciprofloxacin,Susceptible
562.141318,gentamicin,Susceptible
562.141319,ampicillin,Resistant
562.141319,cefotaxime,Resistant
562.141319,ciprofloxacin,Susceptible
562.141319,gentamicin,Susceptible
562.141320,ampicillin,Resistant
562.141320,cefotaxime,Resistant
562.141320,gentamicin,Susceptible
562.141321,ampicillin,Resistant
562.141321,cefotaxime,Resistant
562.141321,ciprofloxacin,Susceptible
562.141321,gentamicin,Susceptible
562.141322,ampicillin,Resistant
562.141322,cefotaxime,Resistant
562.141322,ciprofloxacin,Susceptible
562.141322,gentamicin,Resistant
562.141323,ampicillin,Resistant
562.141323,cefotaxime,Resistant
562.141323,ciprofloxacin,Susceptible
562.141323,gentamicin,Susceptible
562.141324,ampicillin,Resistant
562.141324,cefotaxime,Resistant
562.141324,gentamicin,Susceptible
562.141325,ampicillin,Resistant
562.141325,cefotaxime,Resistant
562.141325,ciprofloxacin,Susceptible
562.141325,gentamicin,Susceptible
562.141326,ampicillin,Resistant
562.141326,ciprofloxacin,Susceptible
562.141326,gentamicin,Susceptible
562.141327,ampicillin,Resistant
562.141327,cefotaxime,Resistant
562.141327,ciprofloxacin,Susceptible
562.141327,gentamicin,Susceptible
562.141328,ampicillin,Resistant
562.141328,cefotaxime,Resistant
562.141328,ciprofloxacin,Susceptible
562.141328,gentamicin,Resistant
562.141329,ampicillin,Resistant
562.141329,cefotaxime,Resistant
562.141329,ciprofloxacin,Susceptible
562.141329,gentamicin,Susceptible
562.141330,ampicillin,Resistant
562.141330,cefotaxime,Resistant
562.141330,ciprofloxacin,Susceptible
562.141330,gentamicin,Susceptible
562.141331,ampicillin,Resistant
562.141331,cefotaxime,Resistant
562.141331,ciprofloxacin,Susceptible
562.141331,gentamicin,Susceptible
562.141332,ampicillin,Resistant
562.141332,cefotaxime,Resistant
562.141332,ciprofloxacin,Susceptible
562.141332,gentamicin,Susceptible
562.141333,ampicillin,Resistant
562.141333,cefotaxime,Resistant
562.141333,ciprofloxacin,Susceptible
562.141333,gentamicin,Susceptible
562.141334,ampicillin,Resistant
562.141334,cefotaxime,Resistant
562.141334,ciprofloxacin,Susceptible
562.141334,gentamicin,Susceptible
562.141335,ampicillin,Resistant
562.141335,cefotaxime,Resistant
562.141335,ciprofloxacin,Susceptible
562.141335,gentamicin,Susceptible
562.141336,ampicillin,Resistant
562.141336,cefotaxime,Resistant
562.141336,ciprofloxacin,Susceptible
562.141336,gentamicin,Susceptible
562.141337,ampicillin,Resistant
562.141337,cefotaxime,Resistant
562.141337,ciprofloxacin,Susceptible
562.141337,gentamicin,Susceptible
562.141338,ampicillin,Resistant
562.141338,cefotaxime,Resistant
562.141338,ciprofloxacin,Susceptible
562.141338,gentamicin,Susceptible
562.141339,ampicillin,Resistant
562.141339,cefotaxime,Resistant
562.141339,ciprofloxacin,Susceptible
562.141339,gentamicin,Resistant
562.141340,ampicillin,Resistant
562.141340,cefotaxime,Resistant
562.141340,ciprofloxacin,Susceptible
562.141340,gentamicin,Susceptible
562.141341,ampicillin,Resistant
562.141341,cefotaxime,Resistant
562.141341,ciprofloxacin,Susceptible
562.141341,gentamicin,Susceptible
562.141342,ampicillin,Resistant
562.141342,cefotaxime,Resistant
562.141342,ciprofloxacin,Susceptible
562.141342,gentamicin,Resistant
562.141343,ampicillin,Resistant
562.141343,cefotaxime,Resistant
562.141343,ciprofloxacin,Susceptible
562.141343,gentamicin,Susceptible
562.141344,ampicillin,Resistant
562.141344,cefotaxime,Resistant
562.141344,ciprofloxacin,Susceptible
562.141344,gentamicin,Susceptible
562.141345,ampicillin,Resistant
562.141345,cefotaxime,Resistant
562.141345,ciprofloxacin,Susceptible
562.141345,gentamicin,Susceptible
562.141346,ampicillin,Resistant
562.141346,cefotaxime,Resistant
562.141346,ciprofloxacin,Resistant
562.141346,gentamicin,Susceptible
562.141347,ampicillin,Resistant
562.141347,cefotaxime,Resistant
562.141347,gentamicin,Susceptible
562.141348,ampicillin,Resistant
562.141348,cefotaxime,Resistant
562.141348,ciprofloxacin,Susceptible
562.141348,gentamicin,Susceptible
562.141349,ampicillin,Resistant
562.141349,gentamicin,Susceptible
562.141350,ampicillin,Resistant
562.141350,cefotaxime,Resistant
562.141350,ciprofloxacin,Susceptible
562.141350,gentamicin,Susceptible
562.141351,ampicillin,Resistant
562.141351,cefotaxime,Resistant
562.141351,ciprofloxacin,Susceptible
562.141351,gentamicin,Susceptible
562.141352,ampicillin,Resistant
562.141352,cefotaxime,Resistant
562.141352,gentamicin,Susceptible
562.141353,ampicillin,Resistant
562.141353,cefotaxime,Resistant
562.141353,ciprofloxacin,Susceptible
562.141353,gentamicin,Resistant
562.141354,ampicillin,Resistant
562.141354,cefotaxime,Resistant
562.141354,ciprofloxacin,Susceptible
562.141354,gentamicin,Susceptible
562.141355,ampicillin,Resistant
562.141355,ciprofloxacin,Resistant
562.141355,gentamicin,Susceptible
562.141356,ampicillin,Resistant
562.141356,cefotaxime,Resistant
562.141356,ciprofloxacin,Susceptible
562.141356,gentamicin,Susceptible
562.141357,ampicillin,Resistant
562.141357,cefotaxime,Resistant
562.141357,ciprofloxacin,Susceptible
562.141357,gentamicin,Resistant
562.141358,ampicillin,Resistant
562.141358,cefotaxime,Resistant
562.141358,ciprofloxacin,Susceptible
562.141358,gentamicin,Susceptible
562.141359,ampicillin,Resistant
562.141359,cefotaxime,Resistant
562.141359,ciprofloxacin,Susceptible
562.141359,gentamicin,Susceptible
562.141360,ampicillin,Resistant
562.141360,cefotaxime,Resistant
562.141360,ciprofloxacin,Susceptible
562.141360,gentamicin,Susceptible
562.141361,ampicillin,Resistant
562.141361,cefotaxime,Resistant
562.141361,ciprofloxacin,Susceptible
562.141361,gentamicin,Resistant
562.141362,ampicillin,Resistant
562.141362,cefotaxime,Resistant
562.141362,ciprofloxacin,Susceptible
562.141362,gentamicin,Resistant
562.141363,ampicillin,Resistant
562.141363,cefotaxime,Resistant
562.141363,ciprofloxacin,Susceptible
562.141363,gentamicin,Resistant
562.141364,ampicillin,Resistant
562.141364,cefotaxime,Resistant
562.141364,ciprofloxacin,Susceptible
562.141364,gentamicin,Resistant
562.141365,ampicillin,Resistant
562.141365,cefotaxime,Resistant
562.141365,ciprofloxacin,Susceptible
562.141365,gentamicin,Resistant
562.141366,ampicillin,Resistant
562.141366,ciprofloxacin,Susceptible
562.141366,gentamicin,Susceptible
562.141367,ampicillin,Resistant
562.141367,cefotaxime,Resistant
562.141367,ciprofloxacin,Susceptible
562.141367,gentamicin,Susceptible
562.141368,ampicillin,Resistant
562.141368,cefotaxime,Susceptible
562.141368,ciprofloxacin,Susceptible
562.141368,gentamicin,Susceptible
562.141369,ampicillin,Resistant
562.141369,cefotaxime,Resistant
562.141369,ciprofloxacin,Susceptible
562.141369,gentamicin,Susceptible
562.141370,ampicillin,Resistant
562.141370,cefotaxime,Resistant
562.141370,gentamicin,Susceptible
562.141371,ampicillin,Resistant
562.141371,cefotaxime,Resistant
562.141371,ciprofloxacin,Susceptible
562.141371,gentamicin,Susceptible
562.141372,ampicillin,Resistant
562.141372,cefotaxime,Resistant
562.141372,ciprofloxacin,Susceptible
562.141372,gentamicin,Susceptible
562.141373,ampicillin,Resistant
562.141373,cefotaxime,Susceptible
562.141373,ciprofloxacin,Susceptible
562.141373,gentamicin,Susceptible
562.141374,ampicillin,Resistant
562.141374,cefotaxime,Resistant
562.141374,ciprofloxacin,Susceptible
562.141374,gentamicin,Susceptible
562.141375,ampicillin,Resistant
562.141375,cefotaxime,Resistant
562.141375,ciprofloxacin,Susceptible
562.141375,gentamicin,Resistant
562.141376,ampicillin,Resistant
562.141376,cefotaxime,Resistant
562.141376,gentamicin,Susceptible
562.141377,ampicillin,Resistant
562.141377,cefotaxime,Resistant
562.141377,ciprofloxacin,Susceptible
562.141377,gentamicin,Susceptible
562.141378,ampicillin,Resistant
562.141378,cefotaxime,Susceptible
562.141378,ciprofloxacin,Susceptible
562.141378,gentamicin,Susceptible
562.141379,ampicillin,Resistant
562.141379,cefotaxime,Susceptible
562.141379,ciprofloxacin,Susceptible
562.141379,gentamicin,Susceptible
562.141380,ampicillin,Resistant
562.141380,cefotaxime,Resistant
562.141380,ciprofloxacin,Susceptible
562.141380,gentamicin,Susceptible
562.141381,ampicillin,Resistant
562.141381,cefotaxime,Resistant
562.141381,ciprofloxacin,Susceptible
562.141381,gentamicin,Susceptible
562.141382,ampicillin,Resistant
562.141382,ciprofloxacin,Susceptible
562.141382,gentamicin,Susceptible
562.141383,ampicillin,Resistant
562.141383,cefotaxime,Susceptible
562.141383,ciprofloxacin,Susceptible
562.141383,gentamicin,Susceptible
562.141384,ampicillin,Resistant
562.141384,cefotaxime,Susceptible
562.141384,ciprofloxacin,Susceptible
562.141384,gentamicin,Susceptible
562.141385,ampicillin,Resistant
562.141385,cefotaxime,Resistant
562.141385,ciprofloxacin,Susceptible
562.141385,gentamicin,Susceptible
562.141386,ampicillin,Resistant
562.141386,cefotaxime,Resistant
562.141386,ciprofloxacin,Susceptible
562.141386,gentamicin,Susceptible
562.141387,ampicillin,Resistant
562.141387,cefotaxime,Susceptible
562.141387,ciprofloxacin,Susceptible
562.141387,gentamicin,Susceptible
562.141388,ampicillin,Resistant
562.141388,cefotaxime,Susceptible
562.141388,ciprofloxacin,Susceptible
562.141388,gentamicin,Susceptible
562.141389,ampicillin,Resistant
562.141389,cefotaxime,Resistant
562.141389,ciprofloxacin,Susceptible
562.141389,gentamicin,Susceptible
562.141390,ampicillin,Resistant
562.141390,cefotaxime,Resistant
562.141390,ciprofloxacin,Susceptible
562.141390,gentamicin,Resistant
562.141391,ampicillin,Resistant
562.141391,ciprofloxacin,Susceptible
562.141391,gentamicin,Susceptible
562.141392,ampicillin,Resistant
562.141392,cefotaxime,Susceptible
562.141392,ciprofloxacin,Susceptible
562.141392,gentamicin,Susceptible
562.141393,ampicillin,Resistant
562.141393,cefotaxime,Resistant
562.141393,ciprofloxacin,Susceptible
562.141393,gentamicin,Resistant
562.141394,ampicillin,Resistant
562.141394,cefotaxime,Resistant
562.141394,ciprofloxacin,Susceptible
562.141394,gentamicin,Susceptible
562.141395,ampicillin,Resistant
562.141395,cefotaxime,Resistant
562.141395,ciprofloxacin,Susceptible
562.141395,gentamicin,Resistant
562.141396,ampicillin,Resistant
562.141396,cefotaxime,Resistant
562.141396,ciprofloxacin,Susceptible
562.141396,gentamicin,Susceptible
562.141397,ampicillin,Resistant
562.141397,cefotaxime,Resistant
562.141397,ciprofloxacin,Susceptible
562.141397,gentamicin,Susceptible
562.141398,ampicillin,Resistant
562.141398,cefotaxime,Resistant
562.141398,ciprofloxacin,Susceptible
562.141398,gentamicin,Susceptible
562.141399,ampicillin,Resistant
562.141399,ciprofloxacin,Susceptible
562.141399,gentamicin,Susceptible
562.141400,ampicillin,Resistant
562.141400,ciprofloxacin,Susceptible
562.141400,gentamicin,Susceptible
562.141401,ampicillin,Resistant
562.141401,cefotaxime,Resistant
562.141401,ciprofloxacin,Susceptible
562.141401,gentamicin,Susceptible
562.141402,ampicillin,Resistant
562.141402,cefotaxime,Resistant
562.141402,ciprofloxacin,Susceptible
562.141402,gentamicin,Susceptible
562.141403,ampicillin,Resistant
562.141403,cefotaxime,Resistant
562.141403,ciprofloxacin,Susceptible
562.141403,gentamicin,Susceptible
562.141404,ampicillin,Resistant
562.141404,cefotaxime,Resistant
562.141404,ciprofloxacin,Susceptible
562.141404,gentamicin,Susceptible
562.141405,ampicillin,Resistant
562.141405,cefotaxime,Susceptible
562.141405,ciprofloxacin,Susceptible
562.141405,gentamicin,Susceptible
562.141406,ampicillin,Resistant
562.141406,cefotaxime,Susceptible
562.141406,ciprofloxacin,Resistant
562.141406,gentamicin,Susceptible
562.141407,ampicillin,Resistant
562.141407,cefotaxime,Susceptible
562.141407,ciprofloxacin,Susceptible
562.141407,gentamicin,Resistant
562.141408,ampicillin,Susceptible
562.141408,cefotaxime,Susceptible
562.141408,ciprofloxacin,Resistant
562.141408,gentamicin,Resistant
562.141409,ampicillin,Resistant
562.141409,cefotaxime,Susceptible
562.141409,ciprofloxacin,Resistant
562.141409,gentamicin,Susceptible
562.141410,ampicillin,Resistant
562.141410,cefotaxime,Susceptible
562.141410,ciprofloxacin,Susceptible
562.141410,gentamicin,Resistant
562.141411,ampicillin,Susceptible
562.141411,ciprofloxacin,Susceptible
562.141411,gentamicin,Susceptible
562.141412,ampicillin,Resistant
562.141412,cefotaxime,Susceptible
562.141412,ciprofloxacin,Susceptible
562.141412,gentamicin,Susceptible
562.141413,ampicillin,Resistant
562.141413,cefotaxime,Susceptible
562.141413,ciprofloxacin,Susceptible
562.141413,gentamicin,Susceptible
562.141414,ampicillin,Resistant
562.141414,cefotaxime,Susceptible
562.141414,ciprofloxacin,Susceptible
562.141414,gentamicin,Susceptible
562.141415,ampicillin,Susceptible
562.141415,cefotaxime,Susceptible
562.141415,ciprofloxacin,Resistant
562.141415,gentamicin,Susceptible
562.141416,ampicillin,Resistant
562.141416,cefotaxime,Susceptible
562.141416,ciprofloxacin,Resistant
562.141416,gentamicin,Susceptible
562.141417,ampicillin,Resistant
562.141417,cefotaxime,Susceptible
562.141417,ciprofloxacin,Susceptible
562.141417,gentamicin,Resistant
562.141418,ampicillin,Resistant
562.141418,cefotaxime,Susceptible
562.141418,gentamicin,Resistant
562.141419,ampicillin,Resistant
562.141419,cefotaxime,Susceptible
562.141419,ciprofloxacin,Susceptible
562.141419,gentamicin,Resistant
562.141420,ampicillin,Resistant
562.141420,cefotaxime,Susceptible
562.141420,ciprofloxacin,Susceptible
562.141420,gentamicin,Resistant
562.141421,ampicillin,Resistant
562.141421,cefotaxime,Susceptible
562.141421,ciprofloxacin,Susceptible
562.141421,gentamicin,Susceptible
562.141422,ampicillin,Resistant
562.141422,cefotaxime,Susceptible
562.141422,ciprofloxacin,Susceptible
562.141422,gentamicin,Susceptible
562.141423,ampicillin,Resistant
562.141423,cefotaxime,Susceptible
562.141423,ciprofloxacin,Resistant
562.141423,gentamicin,Resistant
562.141424,ampicillin,Resistant
562.141424,cefotaxime,Susceptible
562.141424,ciprofloxacin,Susceptible
562.141424,gentamicin,Susceptible
562.141425,ampicillin,Resistant
562.141425,cefotaxime,Susceptible
562.141425,ciprofloxacin,Susceptible
562.141425,gentamicin,Susceptible
562.141426,ampicillin,Susceptible
562.141426,cefotaxime,Susceptible
562.141426,gentamicin,Susceptible
562.141427,ampicillin,Resistant
562.141427,cefotaxime,Susceptible
562.141427,ciprofloxacin,Susceptible
562.141427,gentamicin,Susceptible
562.141428,ampicillin,Susceptible
562.141428,cefotaxime,Susceptible
562.141428,ciprofloxacin,Susceptible
562.141428,gentamicin,Susceptible
562.141429,ampicillin,Resistant
562.141429,cefotaxime,Resistant
562.141429,gentamicin,Susceptible
562.141430,ampicillin,Resistant
562.141430,cefotaxime,Resistant
562.141430,ciprofloxacin,Resistant
562.141430,gentamicin,Susceptible
562.141431,ampicillin,Resistant
562.141431,cefotaxime,Susceptible
562.141431,ciprofloxacin,Resistant
562.141431,gentamicin,Resistant
562.141432,ampicillin,Resistant
562.141432,cefotaxime,Susceptible
562.141432,ciprofloxacin,Susceptible
562.141432,gentamicin,Susceptible
562.141433,ampicillin,Resistant
562.141433,cefotaxime,Susceptible
562.141433,ciprofloxacin,Resistant
562.141433,gentamicin,Resistant
562.141434,ampicillin,Resistant
562.141434,cefotaxime,Susceptible
562.141434,ciprofloxacin,Resistant
562.141434,gentamicin,Susceptible
562.141435,ampicillin,Resistant
562.141435,cefotaxime,Susceptible
562.141435,ciprofloxacin,Susceptible
562.141435,gentamicin,Susceptible
562.141436,ampicillin,Resistant
562.141436,cefotaxime,Resistant
562.141436,ciprofloxacin,Susceptible
562.141436,gentamicin,Susceptible
562.141437,ampicillin,Susceptible
562.141437,cefotaxime,Susceptible
562.141437,ciprofloxacin,Susceptible
562.141437,gentamicin,Susceptible
562.141438,ampicillin,Resistant
562.141438,cefotaxime,Susceptible
562.141438,ciprofloxacin,Resistant
562.141438,gentamicin,Susceptible
562.141439,ampicillin,Resistant
562.141439,cefotaxime,Resistant
562.141439,ciprofloxacin,Susceptible
562.141439,gentamicin,Susceptible
562.141440,ampicillin,Resistant
562.141440,cefotaxime,Resistant
562.141440,ciprofloxacin,Resistant
562.141440,gentamicin,Susceptible
562.141441,ampicillin,Resistant
562.141441,cefotaxime,Resistant
562.141441,ciprofloxacin,Resistant
562.141441,gentamicin,Susceptible
562.141442,ampicillin,Resistant
562.141442,cefotaxime,Resistant
562.141442,gentamicin,Susceptible
562.141443,ampicillin,Resistant
562.141443,cefotaxime,Resistant
562.141443,gentamicin,Susceptible
562.141444,ampicillin,Resistant
562.141444,cefotaxime,Susceptible
562.141444,ciprofloxacin,Resistant
562.141444,gentamicin,Susceptible
562.141445,ampicillin,Susceptible
562.141445,cefotaxime,Susceptible
562.141445,ciprofloxacin,Susceptible
562.141445,gentamicin,Susceptible
562.141446,ampicillin,Resistant
562.141446,cefotaxime,Susceptible
562.141446,ciprofloxacin,Susceptible
562.141446,gentamicin,Resistant
562.141447,ampicillin,Susceptible
562.141447,cefotaxime,Susceptible
562.141447,ciprofloxacin,Susceptible
562.141447,gentamicin,Susceptible
562.141448,ampicillin,Susceptible
562.141448,cefotaxime,Susceptible
562.141448,ciprofloxacin,Susceptible
562.141448,gentamicin,Susceptible
562.141449,ampicillin,Susceptible
562.141449,cefotaxime,Susceptible
562.141449,ciprofloxacin,Resistant
562.141449,gentamicin,Resistant
562.141450,ampicillin,Susceptible
562.141450,cefotaxime,Susceptible
562.141450,ciprofloxacin,Susceptible
562.141450,gentamicin,Resistant
562.141451,ampicillin,Resistant
562.141451,cefotaxime,Susceptible
562.141451,ciprofloxacin,Susceptible
562.141451,gentamicin,Susceptible
562.141452,ampicillin,Resistant
562.141452,cefotaxime,Susceptible
562.141452,ciprofloxacin,Resistant
562.141452,gentamicin,Susceptible
562.141453,ampicillin,Resistant
562.141453,cefotaxime,Susceptible
562.141453,ciprofloxacin,Susceptible
562.141453,gentamicin,Susceptible
562.141454,ampicillin,Resistant
562.141454,ciprofloxacin,Resistant
562.141454,gentamicin,Susceptible
562.141455,ampicillin,Susceptible
562.141455,cefotaxime,Susceptible
562.141455,ciprofloxacin,Susceptible
562.141455,gentamicin,Susceptible
562.141456,ampicillin,Susceptible
562.141456,cefotaxime,Susceptible
562.141456,ciprofloxacin,Resistant
562.141456,gentamicin,Susceptible
562.141457,ampicillin,Resistant
562.141457,cefotaxime,Susceptible
562.141457,ciprofloxacin,Susceptible
562.141457,gentamicin,Susceptible
562.141458,ampicillin,Resistant
562.141458,cefotaxime,Susceptible
562.141458,ciprofloxacin,Susceptible
562.141458,gentamicin,Resistant
562.141459,ampicillin,Resistant
562.141459,cefotaxime,Susceptible
562.141459,ciprofloxacin,Susceptible
562.141459,gentamicin,Susceptible
562.141460,ampicillin,Resistant
562.141460,cefotaxime,Susceptible
562.141460,ciprofloxacin,Susceptible
562.141460,gentamicin,Susceptible
562.141461,ampicillin,Resistant
562.141461,cefotaxime,Susceptible
562.141461,ciprofloxacin,Susceptible
562.141461,gentamicin,Susceptible
562.141462,ampicillin,Resistant
562.141462,cefotaxime,Susceptible
562.141462,gentamicin,Susceptible
562.141463,ampicillin,Resistant
562.141463,cefotaxime,Susceptible
562.141463,gentamicin,Resistant
562.141464,ampicillin,Resistant
562.141464,cefotaxime,Susceptible
562.141464,gentamicin,Susceptible
562.141465,ampicillin,Susceptible
562.141465,cefotaxime,Susceptible
562.141465,ciprofloxacin,Resistant
562.141465,gentamicin,Resistant
562.141466,ampicillin,Resistant
562.141466,cefotaxime,Susceptible
562.141466,ciprofloxacin,Resistant
562.141466,gentamicin,Susceptible
562.141467,ampicillin,Resistant
562.141467,cefotaxime,Susceptible
562.141467,gentamicin,Susceptible
562.141468,ampicillin,Susceptible
562.141468,cefotaxime,Susceptible
562.141468,ciprofloxacin,Susceptible
562.141468,gentamicin,Resistant
562.141469,ampicillin,Resistant
562.141469,cefotaxime,Susceptible
562.141469,ciprofloxacin,Susceptible
562.141469,gentamicin,Susceptible
562.141470,ampicillin,Resistant
562.141470,cefotaxime,Susceptible
562.141470,gentamicin,Susceptible
562.141471,ampicillin,Resistant
562.141471,cefotaxime,Resistant
562.141471,ciprofloxacin,Susceptible
562.141471,gentamicin,Susceptible
562.141472,ampicillin,Resistant
562.141472,cefotaxime,Resistant
562.141472,ciprofloxacin,Susceptible
562.141472,gentamicin,Susceptible
562.141473,ampicillin,Resistant
562.141473,cefotaxime,Resistant
562.141473,ciprofloxacin,Susceptible
562.141473,gentamicin,Susceptible
562.141474,ampicillin,Resistant
562.141474,cefotaxime,Susceptible
562.141474,ciprofloxacin,Susceptible
562.141474,gentamicin,Susceptible
562.141475,ampicillin,Resistant
562.141475,cefotaxime,Susceptible
562.141475,ciprofloxacin,Susceptible
562.141475,gentamicin,Susceptible
562.141476,ampicillin,Susceptible
562.141476,cefotaxime,Susceptible
562.141476,ciprofloxacin,Susceptible
562.141476,gentamicin,Resistant
562.141477,ampicillin,Resistant
562.141477,cefotaxime,Susceptible
562.141477,ciprofloxacin,Susceptible
562.141477,gentamicin,Resistant
562.141478,ampicillin,Resistant
562.141478,cefotaxime,Susceptible
562.141478,ciprofloxacin,Susceptible
562.141478,gentamicin,Resistant
562.141479,ampicillin,Resistant
562.141479,cefotaxime,Susceptible
562.141479,ciprofloxacin,Susceptible
562.141479,gentamicin,Resistant
562.141480,ampicillin,Susceptible
562.141480,cefotaxime,Susceptible
562.141480,ciprofloxacin,Susceptible
562.141480,gentamicin,Susceptible
562.141481,ampicillin,Susceptible
562.141481,cefotaxime,Susceptible
562.141481,ciprofloxacin,Susceptible
562.141481,gentamicin,Susceptible
562.141482,ampicillin,Resistant
562.141482,cefotaxime,Susceptible
562.141482,ciprofloxacin,Susceptible
562.141482,gentamicin,Susceptible
562.141483,ampicillin,Resistant
562.141483,cefotaxime,Susceptible
562.141483,gentamicin,Resistant
562.141484,ampicillin,Resistant
562.141484,ciprofloxacin,Resistant
562.141484,gentamicin,Susceptible
562.141485,ampicillin,Resistant
562.141485,gentamicin,Susceptible
562.141486,ampicillin,Resistant
562.141486,gentamicin,Susceptible
562.141487,ampicillin,Resistant
562.141487,cefotaxime,Resistant
562.141487,ciprofloxacin,Susceptible
562.141487,gentamicin,Susceptible
562.141488,ampicillin,Resistant
562.141488,cefotaxime,Resistant
562.141488,ciprofloxacin,Susceptible
562.141488,gentamicin,Susceptible
562.141489,ampicillin,Resistant
562.141489,cefotaxime,Resistant
562.141489,ciprofloxacin,Susceptible
562.141489,gentamicin,Susceptible
562.141490,ampicillin,Resistant
562.141490,cefotaxime,Susceptible
562.141490,ciprofloxacin,Resistant
562.141490,gentamicin,Susceptible
562.141493,ciprofloxacin,Susceptible
562.141493,gentamicin,Susceptible
562.141495,cefotaxime,Resistant
562.141495,ciprofloxacin,Resistant
562.141495,gentamicin,Susceptible
562.141503,cefotaxime,Resistant
562.141503,ciprofloxacin,Susceptible
562.141503,gentamicin,Susceptible
562.141506,cefotaxime,Susceptible
562.141506,ciprofloxacin,Susceptible
562.141506,gentamicin,Susceptible
562.141507,cefotaxime,Resistant
562.141507,ciprofloxacin,Resistant
562.141507,gentamicin,Susceptible
562.141507,trimethoprim/sulfamethoxazole,Resistant
562.141508,cefotaxime,Resistant
562.141508,ciprofloxacin,Resistant
562.141508,gentamicin,Susceptible
562.141511,cefotaxime,Resistant
562.141511,ciprofloxacin,Resistant
562.141511,gentamicin,Resistant
562.141511,trimethoprim/sulfamethoxazole,Resistant
562.141513,cefotaxime,Resistant
562.141513,ciprofloxacin,Resistant
562.141513,gentamicin,Susceptible
562.141513,trimethoprim/sulfamethoxazole,Resistant
562.141514,cefotaxime,Resistant
562.141514,ciprofloxacin,Resistant
562.141514,gentamicin,Susceptible
562.141515,cefotaxime,Resistant
562.141515,ciprofloxacin,Resistant
562.141515,gentamicin,Susceptible
562.141516,cefotaxime,Resistant
562.141516,ciprofloxacin,Resistant
562.141516,gentamicin,Susceptible
562.141517,cefotaxime,Resistant
562.141517,ciprofloxacin,Resistant
562.141517,gentamicin,Susceptible
562.141518,cefotaxime,Resistant
562.141518,ciprofloxacin,Susceptible
562.141518,gentamicin,Susceptible
562.141518,trimethoprim/sulfamethoxazole,Resistant
562.141519,cefotaxime,Resistant
562.141519,ciprofloxacin,Resistant
562.141519,gentamicin,Resistant
562.141519,trimethoprim/sulfamethoxazole,Resistant
562.141520,cefotaxime,Resistant
562.141520,ciprofloxacin,Susceptible
562.141520,gentamicin,Resistant
562.141520,trimethoprim/sulfamethoxazole,Resistant
562.141521,cefotaxime,Resistant
562.141521,ciprofloxacin,Resistant
562.141521,gentamicin,Resistant
562.141521,trimethoprim/sulfamethoxazole,Resistant
562.141522,cefotaxime,Resistant
562.141522,ciprofloxacin,Resistant
562.141522,gentamicin,Susceptible
562.141523,ciprofloxacin,Resistant
562.141523,gentamicin,Resistant
562.141523,trimethoprim/sulfamethoxazole,Resistant
562.141524,cefotaxime,Resistant
562.141524,ciprofloxacin,Resistant
562.141524,gentamicin,Susceptible
562.141525,cefotaxime,Resistant
562.141525,ciprofloxacin,Resistant
562.141525,gentamicin,Susceptible
562.141526,cefotaxime,Resistant
562.141526,ciprofloxacin,Resistant
562.141526,gentamicin,Resistant
562.141526,trimethoprim/sulfamethoxazole,Resistant
562.141527,cefotaxime,Resistant
562.141527,ciprofloxacin,Resistant
562.141527,gentamicin,Resistant
562.141527,trimethoprim/sulfamethoxazole,Resistant
562.141528,cefotaxime,Resistant
562.141528,ciprofloxacin,Resistant
562.141528,gentamicin,Susceptible
562.141529,cefotaxime,Resistant
562.141529,ciprofloxacin,Resistant
562.141529,gentamicin,Susceptible
562.141529,trimethoprim/sulfamethoxazole,Resistant
562.141530,cefotaxime,Resistant
562.141530,ciprofloxacin,Resistant
562.141530,gentamicin,Susceptible
562.141530,trimethoprim/sulfamethoxazole,Resistant
562.141531,cefotaxime,Resistant
562.141531,ciprofloxacin,Resistant
562.141531,gentamicin,Susceptible
562.141532,cefotaxime,Resistant
562.141532,ciprofloxacin,Resistant
562.141532,gentamicin,Susceptible
562.141532,trimethoprim/sulfamethoxazole,Resistant
562.141533,cefotaxime,Resistant
562.141533,ciprofloxacin,Resistant
562.141533,gentamicin,Susceptible
562.141534,cefotaxime,Resistant
562.141534,ciprofloxacin,Resistant
562.141534,gentamicin,Susceptible
562.141535,cefotaxime,Resistant
562.141535,ciprofloxacin,Resistant
562.141535,gentamicin,Susceptible
562.141536,cefotaxime,Resistant
562.141536,ciprofloxacin,Resistant
562.141536,gentamicin,Resistant
562.141537,cefotaxime,Resistant
562.141537,ciprofloxacin,Resistant
562.141537,gentamicin,Susceptible
562.141538,cefotaxime,Resistant
562.141538,ciprofloxacin,Resistant
562.141538,gentamicin,Susceptible
562.141539,cefotaxime,Resistant
562.141539,ciprofloxacin,Resistant
562.141539,gentamicin,Resistant
562.141540,cefotaxime,Resistant
562.141540,ciprofloxacin,Susceptible
562.141540,gentamicin,Susceptible
562.141541,cefotaxime,Resistant
562.141541,ciprofloxacin,Resistant
562.141541,gentamicin,Susceptible
562.141541,trimethoprim/sulfamethoxazole,Resistant
562.141542,cefotaxime,Resistant
562.141542,ciprofloxacin,Resistant
562.141542,gentamicin,Susceptible
562.141543,cefotaxime,Resistant
562.141543,ciprofloxacin,Resistant
562.141543,gentamicin,Resistant
562.141543,trimethoprim/sulfamethoxazole,Resistant
562.141544,cefotaxime,Resistant
562.141544,ciprofloxacin,Resistant
562.141544,gentamicin,Susceptible
562.141545,cefotaxime,Resistant
562.141545,ciprofloxacin,Resistant
562.141545,gentamicin,Susceptible
562.141546,cefotaxime,Resistant
562.141546,ciprofloxacin,Resistant
562.141546,gentamicin,Susceptible
562.141547,cefotaxime,Resistant
562.141547,ciprofloxacin,Resistant
562.141547,gentamicin,Susceptible
562.141547,trimethoprim/sulfamethoxazole,Resistant
562.141548,cefotaxime,Resistant
562.141548,ciprofloxacin,Resistant
562.141548,gentamicin,Susceptible
562.141550,cefotaxime,Resistant
562.141550,ciprofloxacin,Resistant
562.141550,gentamicin,Susceptible
562.141552,ciprofloxacin,Susceptible
562.141552,gentamicin,Resistant
562.141552,trimethoprim/sulfamethoxazole,Resistant
562.141561,cefotaxime,Susceptible
562.141561,ciprofloxacin,Susceptible
562.141561,gentamicin,Susceptible
562.141562,cefotaxime,Susceptible
562.141562,ciprofloxacin,Resistant
562.141562,gentamicin,Susceptible
562.141562,trimethoprim/sulfamethoxazole,Resistant
562.141563,cefotaxime,Susceptible
562.141563,ciprofloxacin,Susceptible
562.141563,gentamicin,Susceptible
562.141564,cefotaxime,Susceptible
562.141564,ciprofloxacin,Susceptible
562.141564,gentamicin,Susceptible
562.141565,cefotaxime,Resistant
562.141565,ciprofloxacin,Resistant
562.141565,gentamicin,Susceptible
562.141566,cefotaxime,Resistant
562.141566,ciprofloxacin,Resistant
562.141566,gentamicin,Resistant
562.141567,cefotaxime,Resistant
562.141567,ciprofloxacin,Resistant
562.141567,gentamicin,Susceptible
562.141567,trimethoprim/sulfamethoxazole,Resistant
562.141568,cefotaxime,Resistant
562.141568,ciprofloxacin,Resistant
562.141568,gentamicin,Susceptible
562.141569,cefotaxime,Resistant
562.141569,ciprofloxacin,Resistant
562.141569,gentamicin,Susceptible
562.141570,ciprofloxacin,Susceptible
562.141570,gentamicin,Susceptible
562.141572,cefotaxime,Resistant
562.141572,ciprofloxacin,Susceptible
562.141572,gentamicin,Susceptible
562.141573,cefotaxime,Susceptible
562.141573,ciprofloxacin,Susceptible
562.141573,gentamicin,Susceptible
562.141574,cefotaxime,Susceptible
562.141574,ciprofloxacin,Susceptible
562.141574,gentamicin,Susceptible
562.141575,cefotaxime,Susceptible
562.141575,ciprofloxacin,Susceptible
562.141575,gentamicin,Susceptible
562.141576,cefotaxime,Susceptible
562.141576,ciprofloxacin,Susceptible
562.141576,gentamicin,Resistant
562.141579,cefotaxime,Susceptible
562.141579,ciprofloxacin,Susceptible
562.141579,gentamicin,Susceptible
562.141580,cefotaxime,Susceptible
562.141580,ciprofloxacin,Susceptible
562.141580,gentamicin,Susceptible
562.141583,cefotaxime,Susceptible
562.141583,ciprofloxacin,Resistant
562.141583,gentamicin,Resistant
562.141587,cefotaxime,Resistant
562.141587,ciprofloxacin,Resistant
562.141587,gentamicin,Susceptible
562.141588,cefotaxime,Susceptible
562.141588,ciprofloxacin,Susceptible
562.141588,gentamicin,Susceptible
562.141589,cefotaxime,Susceptible
562.141589,ciprofloxacin,Susceptible
562.141589,gentamicin,Susceptible
562.141590,cefotaxime,Susceptible
562.141590,ciprofloxacin,Susceptible
562.141590,gentamicin,Susceptible
562.141591,cefotaxime,Susceptible
562.141591,ciprofloxacin,Susceptible
562.141591,gentamicin,Susceptible
562.141592,cefotaxime,Resistant
562.141592,ciprofloxacin,Resistant
562.141592,gentamicin,Susceptible
562.141592,trimethoprim/sulfamethoxazole,Resistant
562.141593,cefotaxime,Susceptible
562.141593,ciprofloxacin,Susceptible
562.141593,gentamicin,Susceptible
562.141594,cefotaxime,Resistant
562.141594,ciprofloxacin,Resistant
562.141594,gentamicin,Susceptible
562.141594,trimethoprim/sulfamethoxazole,Resistant
562.141595,cefotaxime,Susceptible
562.141595,ciprofloxacin,Susceptible
562.141595,gentamicin,Susceptible
562.141596,cefotaxime,Resistant
562.141596,ciprofloxacin,Susceptible
562.141596,gentamicin,Susceptible
562.141596,trimethoprim/sulfamethoxazole,Resistant
562.141597,cefotaxime,Resistant
562.141597,ciprofloxacin,Resistant
562.141597,gentamicin,Susceptible
562.141598,cefotaxime,Susceptible
562.141598,ciprofloxacin,Resistant
562.141598,gentamicin,Susceptible
562.141599,cefotaxime,Resistant
562.141599,ciprofloxacin,Resistant
562.141599,gentamicin,Susceptible
562.141600,cefotaxime,Resistant
562.141600,ciprofloxacin,Resistant
562.141600,gentamicin,Susceptible
562.141601,cefotaxime,Susceptible
562.141601,ciprofloxacin,Susceptible
562.141601,gentamicin,Susceptible
562.141602,cefotaxime,Susceptible
562.141602,ciprofloxacin,Susceptible
562.141602,gentamicin,Susceptible
562.141603,cefotaxime,Resistant
562.141603,ciprofloxacin,Resistant
562.141603,gentamicin,Susceptible
562.141604,cefotaxime,Resistant
562.141604,ciprofloxacin,Resistant
562.141604,gentamicin,Resistant
562.141605,cefotaxime,Resistant
562.141605,ciprofloxacin,Resistant
562.141605,gentamicin,Susceptible
562.141606,cefotaxime,Susceptible
562.141606,ciprofloxacin,Susceptible
562.141606,gentamicin,Susceptible
562.141607,cefotaxime,Resistant
562.141607,ciprofloxacin,Resistant
562.141607,gentamicin,Resistant
562.141607,trimethoprim/sulfamethoxazole,Resistant
562.141608,cefotaxime,Susceptible
562.141608,ciprofloxacin,Susceptible
562.141608,gentamicin,Susceptible
562.141609,cefotaxime,Susceptible
562.141609,ciprofloxacin,Susceptible
562.141609,gentamicin,Susceptible
562.141610,cefotaxime,Resistant
562.141610,ciprofloxacin,Resistant
562.141610,gentamicin,Resistant
562.141611,cefotaxime,Susceptible
562.141611,ciprofloxacin,Susceptible
562.141611,gentamicin,Susceptible
562.141612,cefotaxime,Susceptible
562.141612,ciprofloxacin,Susceptible
562.141612,gentamicin,Susceptible
562.141613,cefotaxime,Susceptible
562.141613,ciprofloxacin,Susceptible
562.141613,gentamicin,Susceptible
562.141614,cefotaxime,Resistant
562.141614,ciprofloxacin,Resistant
562.141614,gentamicin,Resistant
562.141614,trimethoprim/sulfamethoxazole,Resistant
562.141615,cefotaxime,Susceptible
562.141615,ciprofloxacin,Susceptible
562.141615,gentamicin,Susceptible
562.141616,ciprofloxacin,Susceptible
562.141616,gentamicin,Susceptible
562.141617,ciprofloxacin,Resistant
562.141617,gentamicin,Resistant
562.141617,trimethoprim/sulfamethoxazole,Resistant
562.141618,ciprofloxacin,Resistant
562.141618,gentamicin,Resistant
562.141618,trimethoprim/sulfamethoxazole,Resistant
562.141619,cefotaxime,Susceptible
562.141619,ciprofloxacin,Resistant
562.141619,gentamicin,Susceptible
562.141620,cefotaxime,Susceptible
562.141620,ciprofloxacin,Resistant
562.141620,gentamicin,Resistant
562.141620,trimethoprim/sulfamethoxazole,Resistant
562.141621,cefotaxime,Susceptible
562.141621,ciprofloxacin,Susceptible
562.141621,gentamicin,Susceptible
562.141622,cefotaxime,Susceptible
562.141622,ciprofloxacin,Resistant
562.141622,gentamicin,Susceptible
562.141623,cefotaxime,Resistant
562.141623,ciprofloxacin,Susceptible
562.141623,gentamicin,Resistant
562.141623,trimethoprim/sulfamethoxazole,Resistant
562.141624,cefotaxime,Susceptible
562.141624,ciprofloxacin,Susceptible
562.141624,gentamicin,Susceptible
562.141624,trimethoprim/sulfamethoxazole,Resistant
562.141625,cefotaxime,Resistant
562.141625,ciprofloxacin,Resistant
562.141625,gentamicin,Susceptible
562.141625,trimethoprim/sulfamethoxazole,Resistant
562.141626,cefotaxime,Susceptible
562.141626,ciprofloxacin,Susceptible
562.141626,gentamicin,Susceptible
562.141627,cefotaxime,Resistant
562.141627,ciprofloxacin,Resistant
562.141627,gentamicin,Susceptible
562.141628,cefotaxime,Susceptible
562.141628,ciprofloxacin,Susceptible
562.141628,gentamicin,Susceptible
562.141630,cefotaxime,Susceptible
562.141630,ciprofloxacin,Susceptible
562.141630,gentamicin,Susceptible
562.141631,ciprofloxacin,Susceptible
562.141631,gentamicin,Susceptible
562.141632,cefotaxime,Resistant
562.141632,ciprofloxacin,Susceptible
562.141632,gentamicin,Susceptible
562.141632,trimethoprim/sulfamethoxazole,Resistant
562.141633,cefotaxime,Resistant
562.141633,ciprofloxacin,Resistant
562.141633,gentamicin,Susceptible
562.141634,cefotaxime,Resistant
562.141634,ciprofloxacin,Resistant
562.141634,gentamicin,Resistant
562.141634,trimethoprim/sulfamethoxazole,Resistant
562.141635,cefotaxime,Resistant
562.141635,ciprofloxacin,Resistant
562.141635,gentamicin,Susceptible
562.141636,cefotaxime,Resistant
562.141636,ciprofloxacin,Resistant
562.141636,gentamicin,Susceptible
562.141637,cefotaxime,Resistant
562.141637,ciprofloxacin,Resistant
562.141637,gentamicin,Susceptible
562.141638,cefotaxime,Resistant
562.141638,ciprofloxacin,Susceptible
562.141638,gentamicin,Susceptible
562.141639,cefotaxime,Resistant
562.141639,ciprofloxacin,Resistant
562.141639,gentamicin,Susceptible
562.141640,cefotaxime,Resistant
562.141640,ciprofloxacin,Resistant
562.141640,gentamicin,Susceptible
562.141641,cefotaxime,Resistant
562.141641,ciprofloxacin,Resistant
562.141641,gentamicin,Resistant
562.141642,cefotaxime,Resistant
562.141642,ciprofloxacin,Resistant
562.141642,gentamicin,Susceptible
562.141643,cefotaxime,Resistant
562.141643,ciprofloxacin,Resistant
562.141643,gentamicin,Resistant
562.141644,cefotaxime,Resistant
562.141644,ciprofloxacin,Resistant
562.141644,gentamicin,Susceptible
562.141645,cefotaxime,Resistant
562.141645,ciprofloxacin,Resistant
562.141645,gentamicin,Resistant
562.141646,cefotaxime,Resistant
562.141646,ciprofloxacin,Resistant
562.141646,gentamicin,Susceptible
562.141647,cefotaxime,Resistant
562.141647,ciprofloxacin,Resistant
562.141647,gentamicin,Resistant
562.141648,cefotaxime,Resistant
562.141648,ciprofloxacin,Susceptible
562.141648,gentamicin,Susceptible
562.141649,cefotaxime,Resistant
562.141649,ciprofloxacin,Resistant
562.141649,gentamicin,Susceptible
562.141649,trimethoprim/sulfamethoxazole,Resistant
562.141650,cefotaxime,Resistant
562.141650,ciprofloxacin,Resistant
562.141650,gentamicin,Susceptible
562.141655,cefotaxime,Susceptible
562.141655,ciprofloxacin,Susceptible
562.141655,gentamicin,Susceptible
562.141658,ciprofloxacin,Susceptible
562.141658,gentamicin,Susceptible
562.141661,cefotaxime,Resistant
562.141661,ciprofloxacin,Resistant
562.141661,gentamicin,Susceptible
562.141667,cefotaxime,Resistant
562.141667,ciprofloxacin,Resistant
562.141667,gentamicin,Susceptible
562.141668,cefotaxime,Resistant
562.141668,ciprofloxacin,Resistant
562.141668,gentamicin,Susceptible
562.141668,trimethoprim/sulfamethoxazole,Resistant
562.141669,cefotaxime,Resistant
562.141669,ciprofloxacin,Resistant
562.141669,gentamicin,Susceptible
562.141670,cefotaxime,Resistant
562.141670,ciprofloxacin,Resistant
562.141670,gentamicin,Susceptible
562.141671,cefotaxime,Resistant
562.141671,ciprofloxacin,Resistant
562.141671,gentamicin,Susceptible
562.141673,cefotaxime,Resistant
562.141673,ciprofloxacin,Resistant
562.141673,gentamicin,Susceptible
562.141673,trimethoprim/sulfamethoxazole,Resistant
562.141674,cefotaxime,Resistant
562.141674,ciprofloxacin,Resistant
562.141674,gentamicin,Resistant
562.141674,trimethoprim/sulfamethoxazole,Resistant
562.141675,cefotaxime,Resistant
562.141675,ciprofloxacin,Susceptible
562.141675,gentamicin,Susceptible
562.141675,trimethoprim/sulfamethoxazole,Resistant
562.141676,cefotaxime,Resistant
562.141676,ciprofloxacin,Resistant
562.141676,gentamicin,Resistant
562.141676,trimethoprim/sulfamethoxazole,Resistant
562.141677,cefotaxime,Susceptible
562.141677,ciprofloxacin,Susceptible
562.141677,gentamicin,Susceptible
562.141678,cefotaxime,Resistant
562.141678,ciprofloxacin,Resistant
562.141678,gentamicin,Susceptible
562.141680,cefotaxime,Susceptible
562.141680,ciprofloxacin,Susceptible
562.141680,gentamicin,Susceptible
562.141681,ciprofloxacin,Susceptible
562.141681,gentamicin,Susceptible
562.141683,cefotaxime,Susceptible
562.141683,ciprofloxacin,Resistant
562.141683,gentamicin,Susceptible
562.141684,cefotaxime,Susceptible
562.141684,ciprofloxacin,Susceptible
562.141684,gentamicin,Susceptible
562.141686,cefotaxime,Susceptible
562.141686,ciprofloxacin,Susceptible
562.141686,gentamicin,Susceptible
562.141689,cefotaxime,Susceptible
562.141689,ciprofloxacin,Susceptible
562.141689,gentamicin,Susceptible
562.141690,cefotaxime,Susceptible
562.141690,ciprofloxacin,Susceptible
562.141690,gentamicin,Susceptible
562.141691,cefotaxime,Susceptible
562.141691,ciprofloxacin,Susceptible
562.141691,gentamicin,Susceptible
562.141692,cefotaxime,Susceptible
562.141692,ciprofloxacin,Susceptible
562.141692,gentamicin,Susceptible
562.141694,cefotaxime,Susceptible
562.141694,ciprofloxacin,Susceptible
562.141694,gentamicin,Susceptible
562.141695,cefotaxime,Resistant
562.141695,ciprofloxacin,Resistant
562.141695,gentamicin,Susceptible
562.141696,cefotaxime,Susceptible
562.141696,ciprofloxacin,Susceptible
562.141696,gentamicin,Susceptible
562.141697,cefotaxime,Susceptible
562.141697,ciprofloxacin,Susceptible
562.141697,gentamicin,Susceptible
562.141698,cefotaxime,Susceptible
562.141698,ciprofloxacin,Susceptible
562.141698,gentamicin,Susceptible
562.141699,cefotaxime,Resistant
562.141699,ciprofloxacin,Resistant
562.141699,gentamicin,Resistant
562.141700,cefotaxime,Susceptible
562.141700,ciprofloxacin,Resistant
562.141700,gentamicin,Susceptible
562.141701,cefotaxime,Susceptible
562.141701,ciprofloxacin,Susceptible
562.141701,gentamicin,Susceptible
562.141702,cefotaxime,Susceptible
562.141702,ciprofloxacin,Susceptible
562.141702,gentamicin,Susceptible
562.141703,cefotaxime,Susceptible
562.141703,ciprofloxacin,Susceptible
562.141703,gentamicin,Susceptible
562.141705,cefotaxime,Susceptible
562.141705,ciprofloxacin,Susceptible
562.141705,gentamicin,Susceptible
562.141706,cefotaxime,Susceptible
562.141706,ciprofloxacin,Susceptible
562.141706,gentamicin,Susceptible
562.141707,cefotaxime,Resistant
562.141707,ciprofloxacin,Resistant
562.141707,gentamicin,Resistant
562.141708,cefotaxime,Resistant
562.141708,ciprofloxacin,Resistant
562.141708,gentamicin,Susceptible
562.141708,trimethoprim/sulfamethoxazole,Resistant
562.141709,cefotaxime,Susceptible
562.141709,ciprofloxacin,Susceptible
562.141709,gentamicin,Susceptible
562.141710,cefotaxime,Susceptible
562.141710,ciprofloxacin,Susceptible
562.141710,gentamicin,Susceptible
562.141711,cefotaxime,Resistant
562.141711,ciprofloxacin,Resistant
562.141711,gentamicin,Resistant
562.141712,cefotaxime,Resistant
562.141712,ciprofloxacin,Resistant
562.141712,gentamicin,Susceptible
562.141713,cefotaxime,Resistant
562.141713,ciprofloxacin,Resistant
562.141713,gentamicin,Susceptible
562.141713,trimethoprim/sulfamethoxazole,Resistant
562.141714,cefotaxime,Susceptible
562.141714,ciprofloxacin,Susceptible
562.141714,gentamicin,Susceptible
562.141717,cefotaxime,Resistant
562.141717,ciprofloxacin,Resistant
562.141717,gentamicin,Resistant
562.141717,trimethoprim/sulfamethoxazole,Resistant
562.141718,cefotaxime,Resistant
562.141718,ciprofloxacin,Resistant
562.141718,gentamicin,Susceptible
562.141719,cefotaxime,Resistant
562.141719,ciprofloxacin,Resistant
562.141719,gentamicin,Resistant
562.141719,trimethoprim/sulfamethoxazole,Resistant
562.141720,cefotaxime,Resistant
562.141720,ciprofloxacin,Resistant
562.141720,gentamicin,Susceptible
562.141720,trimethoprim/sulfamethoxazole,Resistant
562.141721,cefotaxime,Susceptible
562.141721,ciprofloxacin,Susceptible
562.141721,gentamicin,Susceptible
562.141722,cefotaxime,Resistant
562.141722,ciprofloxacin,Resistant
562.141722,gentamicin,Susceptible
562.141723,cefotaxime,Resistant
562.141723,ciprofloxacin,Resistant
562.141723,gentamicin,Resistant
562.141724,cefotaxime,Resistant
562.141724,ciprofloxacin,Resistant
562.141724,gentamicin,Susceptible
562.141724,trimethoprim/sulfamethoxazole,Resistant
562.141725,cefotaxime,Resistant
562.141725,ciprofloxacin,Susceptible
562.141725,gentamicin,Susceptible
562.141726,cefotaxime,Resistant
562.141726,ciprofloxacin,Resistant
562.141726,gentamicin,Susceptible
562.141726,trimethoprim/sulfamethoxazole,Resistant
562.141727,cefotaxime,Resistant
562.141727,ciprofloxacin,Resistant
562.141727,gentamicin,Resistant
562.141728,cefotaxime,Resistant
562.141728,ciprofloxacin,Susceptible
562.141728,gentamicin,Resistant
562.141729,cefotaxime,Resistant
562.141729,ciprofloxacin,Resistant
562.141729,gentamicin,Susceptible
562.141730,cefotaxime,Resistant
562.141730,ciprofloxacin,Resistant
562.141730,gentamicin,Resistant
562.141731,cefotaxime,Susceptible
562.141731,ciprofloxacin,Resistant
562.141731,gentamicin,Resistant
562.141731,trimethoprim/sulfamethoxazole,Resistant
562.141733,cefotaxime,Resistant
562.141733,ciprofloxacin,Susceptible
562.141733,gentamicin,Susceptible
562.141734,cefotaxime,Resistant
562.141734,ciprofloxacin,Resistant
562.141734,gentamicin,Resistant
562.141735,cefotaxime,Resistant
562.141735,ciprofloxacin,Resistant
562.141735,gentamicin,Susceptible
562.141735,trimethoprim/sulfamethoxazole,Resistant
562.141736,cefotaxime,Resistant
562.141736,ciprofloxacin,Resistant
562.141736,gentamicin,Susceptible
562.141737,cefotaxime,Resistant
562.141737,ciprofloxacin,Resistant
562.141737,gentamicin,Susceptible
562.141737,trimethoprim/sulfamethoxazole,Resistant
562.141738,cefotaxime,Resistant
562.141738,ciprofloxacin,Resistant
562.141738,gentamicin,Resistant
562.141738,trimethoprim/sulfamethoxazole,Resistant
562.141739,cefotaxime,Resistant
562.141739,ciprofloxacin,Resistant
562.141739,gentamicin,Resistant
562.141740,cefotaxime,Resistant
562.141740,ciprofloxacin,Resistant
562.141740,gentamicin,Susceptible
562.141740,trimethoprim/sulfamethoxazole,Resistant
562.141741,cefotaxime,Resistant
562.141741,ciprofloxacin,Resistant
562.141741,gentamicin,Susceptible
562.141745,cefotaxime,Resistant
562.141745,ciprofloxacin,Resistant
562.141745,gentamicin,Resistant
562.141745,trimethoprim/sulfamethoxazole,Resistant
562.141746,cefotaxime,Resistant
562.141746,ciprofloxacin,Resistant
562.141746,gentamicin,Resistant
562.141746,trimethoprim/sulfamethoxazole,Resistant
562.141747,cefotaxime,Resistant
562.141747,ciprofloxacin,Resistant
562.141747,gentamicin,Resistant
562.141747,trimethoprim/sulfamethoxazole,Resistant
562.141748,cefotaxime,Resistant
562.141748,ciprofloxacin,Resistant
562.141748,gentamicin,Susceptible
562.141748,trimethoprim/sulfamethoxazole,Resistant
562.141749,cefotaxime,Resistant
562.141749,ciprofloxacin,Resistant
562.141749,gentamicin,Resistant
562.141749,trimethoprim/sulfamethoxazole,Resistant
562.141750,cefotaxime,Resistant
562.141750,ciprofloxacin,Resistant
562.141750,gentamicin,Resistant
562.141750,trimethoprim/sulfamethoxazole,Resistant
562.141751,cefotaxime,Resistant
562.141751,ciprofloxacin,Resistant
562.141751,gentamicin,Susceptible
562.141751,trimethoprim/sulfamethoxazole,Resistant
562.141752,cefotaxime,Resistant
562.141752,ciprofloxacin,Resistant
562.141752,gentamicin,Susceptible
562.141752,trimethoprim/sulfamethoxazole,Resistant
562.141753,cefotaxime,Resistant
562.141753,ciprofloxacin,Resistant
562.141753,gentamicin,Susceptible
562.141753,trimethoprim/sulfamethoxazole,Resistant
562.141757,cefotaxime,Resistant
562.141757,ciprofloxacin,Resistant
562.141757,gentamicin,Susceptible
562.141759,cefotaxime,Resistant
562.141759,ciprofloxacin,Resistant
562.141759,gentamicin,Resistant
562.141760,cefotaxime,Resistant
562.141760,ciprofloxacin,Resistant
562.141760,gentamicin,Susceptible
562.141761,cefotaxime,Resistant
562.141761,ciprofloxacin,Resistant
562.141761,gentamicin,Susceptible
562.141761,trimethoprim/sulfamethoxazole,Resistant
562.141762,cefotaxime,Resistant
562.141762,ciprofloxacin,Resistant
562.141762,gentamicin,Resistant
562.141763,cefotaxime,Resistant
562.141763,ciprofloxacin,Susceptible
562.141763,gentamicin,Susceptible
562.141764,cefotaxime,Resistant
562.141764,ciprofloxacin,Susceptible
562.141764,gentamicin,Susceptible
562.141765,cefotaxime,Resistant
562.141765,ciprofloxacin,Resistant
562.141765,gentamicin,Resistant
562.141765,trimethoprim/sulfamethoxazole,Resistant
562.141766,cefotaxime,Susceptible
562.141766,ciprofloxacin,Susceptible
562.141766,gentamicin,Susceptible
562.141767,cefotaxime,Resistant
562.141767,ciprofloxacin,Resistant
562.141767,gentamicin,Susceptible
562.141768,cefotaxime,Resistant
562.141768,ciprofloxacin,Resistant
562.141768,gentamicin,Susceptible
562.141769,cefotaxime,Resistant
562.141769,ciprofloxacin,Susceptible
562.141769,gentamicin,Susceptible
562.141769,trimethoprim/sulfamethoxazole,Resistant
562.141770,cefotaxime,Resistant
562.141770,ciprofloxacin,Resistant
562.141770,gentamicin,Susceptible
562.141770,trimethoprim/sulfamethoxazole,Resistant
562.141771,cefotaxime,Susceptible
562.141771,ciprofloxacin,Susceptible
562.141771,gentamicin,Susceptible
562.141772,cefotaxime,Susceptible
562.141772,ciprofloxacin,Susceptible
562.141772,gentamicin,Susceptible
562.141773,cefotaxime,Susceptible
562.141773,ciprofloxacin,Susceptible
562.141773,gentamicin,Susceptible
562.141774,cefotaxime,Resistant
562.141774,ciprofloxacin,Resistant
562.141774,gentamicin,Susceptible
562.141775,cefotaxime,Resistant
562.141775,ciprofloxacin,Susceptible
562.141775,gentamicin,Susceptible
562.141775,trimethoprim/sulfamethoxazole,Resistant
562.141776,cefotaxime,Resistant
562.141776,ciprofloxacin,Resistant
562.141776,gentamicin,Resistant
562.141777,cefotaxime,Susceptible
562.141777,ciprofloxacin,Susceptible
562.141777,gentamicin,Susceptible
562.141778,cefotaxime,Susceptible
562.141778,ciprofloxacin,Susceptible
562.141778,gentamicin,Susceptible
562.141779,cefotaxime,Susceptible
562.141779,ciprofloxacin,Susceptible
562.141779,gentamicin,Susceptible
562.141780,cefotaxime,Resistant
562.141780,ciprofloxacin,Resistant
562.141780,gentamicin,Susceptible
562.141781,cefotaxime,Resistant
562.141781,ciprofloxacin,Resistant
562.141781,gentamicin,Susceptible
562.141782,cefotaxime,Resistant
562.141782,ciprofloxacin,Susceptible
562.141782,gentamicin,Susceptible
562.141783,cefotaxime,Resistant
562.141783,ciprofloxacin,Susceptible
562.141783,gentamicin,Susceptible
562.141784,cefotaxime,Susceptible
562.141784,ciprofloxacin,Resistant
562.141784,gentamicin,Susceptible
562.141786,cefotaxime,Resistant
562.141786,ciprofloxacin,Resistant
562.141786,gentamicin,Susceptible
562.141787,cefotaxime,Resistant
562.141787,ciprofloxacin,Resistant
562.141787,gentamicin,Susceptible
562.141788,cefotaxime,Resistant
562.141788,ciprofloxacin,Resistant
562.141788,gentamicin,Susceptible
562.141789,cefotaxime,Resistant
562.141789,ciprofloxacin,Resistant
562.141789,gentamicin,Susceptible
562.141790,cefotaxime,Resistant
562.141790,ciprofloxacin,Susceptible
562.141790,gentamicin,Susceptible
562.141791,cefotaxime,Resistant
562.141791,ciprofloxacin,Resistant
562.141791,gentamicin,Resistant
562.141791,trimethoprim/sulfamethoxazole,Resistant
562.141792,cefotaxime,Resistant
562.141792,ciprofloxacin,Resistant
562.141792,gentamicin,Susceptible
562.141792,trimethoprim/sulfamethoxazole,Resistant
562.141793,cefotaxime,Resistant
562.141793,ciprofloxacin,Resistant
562.141793,gentamicin,Susceptible
562.141793,trimethoprim/sulfamethoxazole,Resistant
562.141794,cefotaxime,Resistant
562.141794,ciprofloxacin,Resistant
562.141794,gentamicin,Susceptible
562.141795,cefotaxime,Susceptible
562.141795,ciprofloxacin,Susceptible
562.141795,gentamicin,Susceptible
562.141796,cefotaxime,Resistant
562.141796,ciprofloxacin,Resistant
562.141796,gentamicin,Susceptible
562.141797,ciprofloxacin,Susceptible
562.141797,gentamicin,Susceptible
562.141797,trimethoprim/sulfamethoxazole,Resistant
562.141798,cefotaxime,Susceptible
562.141798,ciprofloxacin,Resistant
562.141798,gentamicin,Susceptible
562.141799,cefotaxime,Resistant
562.141799,ciprofloxacin,Susceptible
562.141799,gentamicin,Susceptible
562.141800,cefotaxime,Resistant
562.141800,ciprofloxacin,Resistant
562.141800,gentamicin,Susceptible
562.141801,cefotaxime,Resistant
562.141801,ciprofloxacin,Resistant
562.141801,gentamicin,Susceptible
562.141801,trimethoprim/sulfamethoxazole,Resistant
562.141802,cefotaxime,Resistant
562.141802,ciprofloxacin,Susceptible
562.141802,gentamicin,Susceptible
562.141802,trimethoprim/sulfamethoxazole,Resistant
562.141803,cefotaxime,Resistant
562.141803,ciprofloxacin,Resistant
562.141803,gentamicin,Susceptible
562.141803,trimethoprim/sulfamethoxazole,Resistant
562.141804,ciprofloxacin,Resistant
562.141804,gentamicin,Resistant
562.141805,cefotaxime,Resistant
562.141805,ciprofloxacin,Susceptible
562.141805,gentamicin,Susceptible
562.141806,cefotaxime,Resistant
562.141806,ciprofloxacin,Susceptible
562.141806,gentamicin,Susceptible
562.141807,cefotaxime,Resistant
562.141807,ciprofloxacin,Susceptible
562.141807,gentamicin,Susceptible
562.141808,cefotaxime,Susceptible
562.141808,ciprofloxacin,Susceptible
562.141808,gentamicin,Susceptible
562.141809,ciprofloxacin,Susceptible
562.141809,gentamicin,Susceptible
562.141810,cefotaxime,Resistant
562.141810,ciprofloxacin,Resistant
562.141810,gentamicin,Susceptible
562.141810,trimethoprim/sulfamethoxazole,Resistant
562.141811,cefotaxime,Susceptible
562.141811,ciprofloxacin,Susceptible
562.141811,gentamicin,Susceptible
562.141812,cefotaxime,Susceptible
562.141812,ciprofloxacin,Susceptible
562.141812,gentamicin,Susceptible
562.141813,cefotaxime,Resistant
562.141813,ciprofloxacin,Resistant
562.141813,gentamicin,Resistant
562.141814,cefotaxime,Resistant
562.141814,ciprofloxacin,Resistant
562.141814,gentamicin,Susceptible
562.141814,trimethoprim/sulfamethoxazole,Resistant
562.141815,cefotaxime,Resistant
562.141815,ciprofloxacin,Resistant
562.141815,gentamicin,Resistant
562.141815,trimethoprim/sulfamethoxazole,Resistant
562.141816,cefotaxime,Resistant
562.141816,ciprofloxacin,Resistant
562.141816,gentamicin,Susceptible
562.141816,trimethoprim/sulfamethoxazole,Resistant
562.141818,cefotaxime,Resistant
562.141818,ciprofloxacin,Resistant
562.141818,gentamicin,Susceptible
562.141819,cefotaxime,Susceptible
562.141819,ciprofloxacin,Resistant
562.141819,gentamicin,Susceptible
562.141820,cefotaxime,Susceptible
562.141820,ciprofloxacin,Resistant
562.141820,gentamicin,Susceptible
562.141820,trimethoprim/sulfamethoxazole,Resistant
562.141821,cefotaxime,Susceptible
562.141821,ciprofloxacin,Resistant
562.141821,gentamicin,Susceptible
562.141822,cefotaxime,Susceptible
562.141822,ciprofloxacin,Susceptible
562.141822,gentamicin,Susceptible
562.141824,cefotaxime,Resistant
562.141824,ciprofloxacin,Resistant
562.141824,gentamicin,Resistant
562.141824,trimethoprim/sulfamethoxazole,Resistant
562.141825,cefotaxime,Resistant
562.141825,ciprofloxacin,Resistant
562.141825,gentamicin,Susceptible
562.141825,trimethoprim/sulfamethoxazole,Resistant
562.141826,cefotaxime,Resistant
562.141826,ciprofloxacin,Resistant
562.141826,gentamicin,Susceptible
562.141826,trimethoprim/sulfamethoxazole,Resistant
562.141827,cefotaxime,Resistant
562.141827,ciprofloxacin,Resistant
562.141827,gentamicin,Susceptible
562.141828,cefotaxime,Susceptible
562.141828,ciprofloxacin,Susceptible
562.141828,gentamicin,Resistant
562.141828,trimethoprim/sulfamethoxazole,Resistant
562.141830,cefotaxime,Resistant
562.141830,ciprofloxacin,Resistant
562.141830,gentamicin,Resistant
562.141830,trimethoprim/sulfamethoxazole,Resistant
562.141831,cefotaxime,Resistant
562.141831,ciprofloxacin,Susceptible
562.141831,gentamicin,Susceptible
562.141832,cefotaxime,Resistant
562.141832,ciprofloxacin,Resistant
562.141832,gentamicin,Susceptible
562.141833,cefotaxime,Resistant
562.141833,ciprofloxacin,Resistant
562.141833,gentamicin,Susceptible
562.141834,cefotaxime,Susceptible
562.141834,ciprofloxacin,Susceptible
562.141834,gentamicin,Susceptible
562.141839,cefotaxime,Resistant
562.141839,ciprofloxacin,Resistant
562.141839,gentamicin,Susceptible
562.141853,cefotaxime,Resistant
562.141853,ciprofloxacin,Resistant
562.141853,gentamicin,Susceptible
562.141854,cefotaxime,Resistant
562.141854,ciprofloxacin,Resistant
562.141854,gentamicin,Resistant
562.141854,trimethoprim/sulfamethoxazole,Resistant
562.141855,cefotaxime,Resistant
562.141855,ciprofloxacin,Resistant
562.141855,gentamicin,Resistant
562.141855,trimethoprim/sulfamethoxazole,Resistant
562.141857,cefotaxime,Resistant
562.141857,ciprofloxacin,Susceptible
562.141857,gentamicin,Susceptible
562.141858,cefotaxime,Susceptible
562.141858,ciprofloxacin,Susceptible
562.141858,gentamicin,Susceptible
562.141859,cefotaxime,Resistant
562.141859,ciprofloxacin,Susceptible
562.141859,gentamicin,Susceptible
562.141860,cefotaxime,Susceptible
562.141860,ciprofloxacin,Susceptible
562.141860,gentamicin,Susceptible
562.141861,cefotaxime,Susceptible
562.141861,ciprofloxacin,Resistant
562.141861,gentamicin,Susceptible
562.141862,cefotaxime,Susceptible
562.141862,ciprofloxacin,Susceptible
562.141862,gentamicin,Susceptible
562.141863,cefotaxime,Resistant
562.141863,ciprofloxacin,Resistant
562.141863,gentamicin,Susceptible
562.141864,cefotaxime,Susceptible
562.141864,ciprofloxacin,Susceptible
562.141864,gentamicin,Susceptible
562.141865,cefotaxime,Resistant
562.141865,ciprofloxacin,Resistant
562.141865,gentamicin,Susceptible
562.141866,cefotaxime,Resistant
562.141866,ciprofloxacin,Resistant
562.141866,gentamicin,Susceptible
562.141867,cefotaxime,Resistant
562.141867,ciprofloxacin,Resistant
562.141867,gentamicin,Susceptible
562.141868,cefotaxime,Resistant
562.141868,ciprofloxacin,Resistant
562.141868,gentamicin,Susceptible
562.141869,cefotaxime,Susceptible
562.141869,ciprofloxacin,Susceptible
562.141869,gentamicin,Susceptible
562.141870,cefotaxime,Resistant
562.141870,ciprofloxacin,Resistant
562.141870,gentamicin,Susceptible
562.141870,trimethoprim/sulfamethoxazole,Resistant
562.141871,cefotaxime,Susceptible
562.141871,ciprofloxacin,Susceptible
562.141871,gentamicin,Susceptible
562.141872,cefotaxime,Resistant
562.141872,ciprofloxacin,Resistant
562.141872,gentamicin,Susceptible
562.141873,cefotaxime,Resistant
562.141873,ciprofloxacin,Resistant
562.141873,gentamicin,Susceptible
562.141874,cefotaxime,Susceptible
562.141874,ciprofloxacin,Resistant
562.141874,gentamicin,Susceptible
562.141875,cefotaxime,Resistant
562.141875,ciprofloxacin,Resistant
562.141875,gentamicin,Resistant
562.141876,cefotaxime,Susceptible
562.141876,ciprofloxacin,Resistant
562.141876,gentamicin,Susceptible
562.141877,cefotaxime,Resistant
562.141877,ciprofloxacin,Susceptible
562.141877,gentamicin,Susceptible
562.141878,cefotaxime,Resistant
562.141878,ciprofloxacin,Susceptible
562.141878,gentamicin,Susceptible
562.141879,cefotaxime,Resistant
562.141879,ciprofloxacin,Resistant
562.141879,gentamicin,Susceptible
562.141879,trimethoprim/sulfamethoxazole,Resistant
562.141880,cefotaxime,Resistant
562.141880,ciprofloxacin,Susceptible
562.141880,gentamicin,Susceptible
562.141881,cefotaxime,Resistant
562.141881,ciprofloxacin,Resistant
562.141881,gentamicin,Susceptible
562.141882,ciprofloxacin,Resistant
562.141882,gentamicin,Susceptible
562.141883,cefotaxime,Susceptible
562.141883,ciprofloxacin,Susceptible
562.141883,gentamicin,Susceptible
562.141883,trimethoprim/sulfamethoxazole,Resistant
562.141884,cefotaxime,Resistant
562.141884,ciprofloxacin,Resistant
562.141884,gentamicin,Resistant
562.141885,ciprofloxacin,Susceptible
562.141885,gentamicin,Susceptible
562.141886,cefotaxime,Resistant
562.141886,ciprofloxacin,Resistant
562.141886,gentamicin,Susceptible
562.141887,cefotaxime,Resistant
562.141887,ciprofloxacin,Resistant
562.141887,gentamicin,Susceptible
562.141888,cefotaxime,Resistant
562.141888,ciprofloxacin,Resistant
562.141888,gentamicin,Susceptible
562.141889,cefotaxime,Resistant
562.141889,ciprofloxacin,Resistant
562.141889,gentamicin,Susceptible
562.141889,trimethoprim/sulfamethoxazole,Resistant
562.141890,cefotaxime,Resistant
562.141890,ciprofloxacin,Resistant
562.141890,gentamicin,Resistant
562.141891,cefotaxime,Resistant
562.141891,ciprofloxacin,Susceptible
562.141891,gentamicin,Resistant
562.141891,trimethoprim/sulfamethoxazole,Resistant
562.141892,cefotaxime,Resistant
562.141892,ciprofloxacin,Resistant
562.141892,gentamicin,Susceptible
562.141893,cefotaxime,Susceptible
562.141893,ciprofloxacin,Susceptible
562.141893,gentamicin,Susceptible
562.141894,cefotaxime,Resistant
562.141894,ciprofloxacin,Resistant
562.141894,gentamicin,Resistant
562.141895,cefotaxime,Resistant
562.141895,ciprofloxacin,Resistant
562.141895,gentamicin,Susceptible
562.141896,cefotaxime,Susceptible
562.141896,ciprofloxacin,Resistant
562.141896,gentamicin,Susceptible
562.141897,ciprofloxacin,Resistant
562.141897,gentamicin,Resistant
562.141897,trimethoprim/sulfamethoxazole,Resistant
562.141898,cefotaxime,Resistant
562.141898,ciprofloxacin,Resistant
562.141898,gentamicin,Resistant
562.141898,trimethoprim/sulfamethoxazole,Resistant
562.141899,cefotaxime,Susceptible
562.141899,ciprofloxacin,Resistant
562.141899,gentamicin,Resistant
562.141900,cefotaxime,Resistant
562.141900,ciprofloxacin,Resistant
562.141900,gentamicin,Susceptible
562.141903,cefotaxime,Resistant
562.141903,ciprofloxacin,Resistant
562.141903,gentamicin,Susceptible
562.141903,trimethoprim/sulfamethoxazole,Resistant
562.141904,cefotaxime,Resistant
562.141904,ciprofloxacin,Resistant
562.141904,gentamicin,Susceptible
562.141905,cefotaxime,Resistant
562.141905,ciprofloxacin,Resistant
562.141905,gentamicin,Susceptible
562.141905,trimethoprim/sulfamethoxazole,Resistant
562.141906,cefotaxime,Resistant
562.141906,ciprofloxacin,Resistant
562.141906,gentamicin,Susceptible
562.141907,cefotaxime,Resistant
562.141907,ciprofloxacin,Resistant
562.141907,gentamicin,Susceptible
562.141907,trimethoprim/sulfamethoxazole,Resistant
562.141908,cefotaxime,Resistant
562.141908,ciprofloxacin,Resistant
562.141908,gentamicin,Susceptible
562.141909,cefotaxime,Resistant
562.141909,ciprofloxacin,Resistant
562.141909,gentamicin,Susceptible
562.141909,trimethoprim/sulfamethoxazole,Resistant
562.141910,cefotaxime,Resistant
562.141910,ciprofloxacin,Resistant
562.141910,gentamicin,Susceptible
562.141911,cefotaxime,Resistant
562.141911,ciprofloxacin,Resistant
562.141911,gentamicin,Susceptible
562.141912,cefotaxime,Resistant
562.141912,ciprofloxacin,Resistant
562.141912,gentamicin,Susceptible
562.141912,trimethoprim/sulfamethoxazole,Resistant
562.141915,cefotaxime,Resistant
562.141915,ciprofloxacin,Susceptible
562.141915,gentamicin,Susceptible
562.141915,trimethoprim/sulfamethoxazole,Resistant
562.141921,cefotaxime,Resistant
562.141921,ciprofloxacin,Resistant
562.141921,gentamicin,Resistant
562.141921,trimethoprim/sulfamethoxazole,Resistant
562.141922,cefotaxime,Resistant
562.141922,ciprofloxacin,Resistant
562.141922,gentamicin,Susceptible
562.141923,cefotaxime,Resistant
562.141923,ciprofloxacin,Resistant
562.141923,gentamicin,Susceptible
562.141924,cefotaxime,Resistant
562.141924,ciprofloxacin,Resistant
562.141924,gentamicin,Resistant
562.141925,cefotaxime,Resistant
562.141925,ciprofloxacin,Resistant
562.141925,gentamicin,Resistant
562.141925,trimethoprim/sulfamethoxazole,Resistant
562.141926,cefotaxime,Resistant
562.141926,ciprofloxacin,Susceptible
562.141926,gentamicin,Resistant
562.141926,trimethoprim/sulfamethoxazole,Resistant
562.141927,cefotaxime,Resistant
562.141927,ciprofloxacin,Resistant
562.141927,gentamicin,Susceptible
562.141928,cefotaxime,Resistant
562.141928,ciprofloxacin,Resistant
562.141928,gentamicin,Resistant
562.141929,cefotaxime,Resistant
562.141929,ciprofloxacin,Resistant
562.141929,gentamicin,Susceptible
562.141930,cefotaxime,Susceptible
562.141930,ciprofloxacin,Susceptible
562.141930,gentamicin,Susceptible
562.141931,cefotaxime,Resistant
562.141931,ciprofloxacin,Resistant
562.141931,gentamicin,Susceptible
562.141932,cefotaxime,Resistant
562.141932,ciprofloxacin,Resistant
562.141932,gentamicin,Resistant
562.141932,trimethoprim/sulfamethoxazole,Resistant
562.141933,cefotaxime,Resistant
562.141933,ciprofloxacin,Susceptible
562.141933,gentamicin,Susceptible
562.141934,cefotaxime,Susceptible
562.141934,ciprofloxacin,Susceptible
562.141934,gentamicin,Susceptible
562.141935,cefotaxime,Resistant
562.141935,ciprofloxacin,Resistant
562.141935,gentamicin,Susceptible
562.141936,cefotaxime,Susceptible
562.141936,ciprofloxacin,Susceptible
562.141936,gentamicin,Susceptible
562.141937,cefotaxime,Resistant
562.141937,ciprofloxacin,Susceptible
562.141937,gentamicin,Susceptible
562.141938,cefotaxime,Resistant
562.141938,ciprofloxacin,Resistant
562.141938,gentamicin,Susceptible
562.141938,trimethoprim/sulfamethoxazole,Resistant
562.141939,cefotaxime,Susceptible
562.141939,ciprofloxacin,Susceptible
562.141939,gentamicin,Susceptible
562.141940,cefotaxime,Resistant
562.141940,ciprofloxacin,Resistant
562.141940,gentamicin,Susceptible
562.141940,trimethoprim/sulfamethoxazole,Resistant
562.141941,cefotaxime,Resistant
562.141941,ciprofloxacin,Resistant
562.141941,gentamicin,Susceptible
562.141941,trimethoprim/sulfamethoxazole,Resistant
562.141942,cefotaxime,Susceptible
562.141942,ciprofloxacin,Resistant
562.141942,gentamicin,Susceptible
562.141943,cefotaxime,Resistant
562.141943,ciprofloxacin,Resistant
562.141943,gentamicin,Susceptible
562.141943,trimethoprim/sulfamethoxazole,Resistant
562.141944,cefotaxime,Resistant
562.141944,ciprofloxacin,Resistant
562.141944,gentamicin,Susceptible
562.141945,cefotaxime,Resistant
562.141945,ciprofloxacin,Resistant
562.141945,gentamicin,Susceptible
562.141946,cefotaxime,Resistant
562.141946,ciprofloxacin,Resistant
562.141946,gentamicin,Resistant
562.141947,cefotaxime,Resistant
562.141947,ciprofloxacin,Resistant
562.141947,gentamicin,Resistant
562.141947,trimethoprim/sulfamethoxazole,Resistant
562.141948,cefotaxime,Resistant
562.141948,ciprofloxacin,Resistant
562.141948,gentamicin,Resistant
562.141949,cefotaxime,Resistant
562.141949,ciprofloxacin,Susceptible
562.141949,gentamicin,Susceptible
562.141954,cefotaxime,Susceptible
562.141954,ciprofloxacin,Susceptible
562.141954,gentamicin,Susceptible
562.141956,cefotaxime,Resistant
562.141956,ciprofloxacin,Resistant
562.141956,gentamicin,Resistant
562.141957,cefotaxime,Susceptible
562.141957,ciprofloxacin,Resistant
562.141957,gentamicin,Resistant
562.141958,cefotaxime,Susceptible
562.141958,ciprofloxacin,Susceptible
562.141958,gentamicin,Susceptible
562.141959,cefotaxime,Resistant
562.141959,ciprofloxacin,Susceptible
562.141959,gentamicin,Susceptible
562.141959,trimethoprim/sulfamethoxazole,Resistant
562.141960,cefotaxime,Resistant
562.141960,ciprofloxacin,Resistant
562.141960,gentamicin,Resistant
562.141961,cefotaxime,Resistant
562.141961,ciprofloxacin,Resistant
562.141961,gentamicin,Susceptible
562.141962,cefotaxime,Resistant
562.141962,ciprofloxacin,Susceptible
562.141962,gentamicin,Susceptible
562.141963,cefotaxime,Resistant
562.141963,ciprofloxacin,Resistant
562.141963,gentamicin,Susceptible
562.141963,trimethoprim/sulfamethoxazole,Resistant
562.141964,cefotaxime,Resistant
562.141964,ciprofloxacin,Resistant
562.141964,gentamicin,Resistant
562.141964,trimethoprim/sulfamethoxazole,Resistant
562.141965,cefotaxime,Resistant
562.141965,ciprofloxacin,Resistant
562.141965,gentamicin,Resistant
562.141966,cefotaxime,Resistant
562.141966,ciprofloxacin,Resistant
562.141966,gentamicin,Susceptible
562.141966,trimethoprim/sulfamethoxazole,Resistant
562.141967,cefotaxime,Resistant
562.141967,ciprofloxacin,Resistant
562.141967,gentamicin,Susceptible
562.141968,cefotaxime,Resistant
562.141968,ciprofloxacin,Susceptible
562.141968,gentamicin,Susceptible
562.141969,cefotaxime,Resistant
562.141969,ciprofloxacin,Susceptible
562.141969,gentamicin,Susceptible
562.141969,trimethoprim/sulfamethoxazole,Resistant
562.141970,cefotaxime,Resistant
562.141970,ciprofloxacin,Resistant
562.141970,gentamicin,Susceptible
562.141971,cefotaxime,Resistant
562.141971,ciprofloxacin,Resistant
562.141971,gentamicin,Susceptible
562.141972,cefotaxime,Susceptible
562.141972,ciprofloxacin,Susceptible
562.141972,gentamicin,Susceptible
562.141973,cefotaxime,Resistant
562.141973,ciprofloxacin,Resistant
562.141973,gentamicin,Resistant
562.141973,trimethoprim/sulfamethoxazole,Resistant
562.141974,cefotaxime,Susceptible
562.141974,ciprofloxacin,Susceptible
562.141974,gentamicin,Susceptible
562.141975,cefotaxime,Susceptible
562.141975,ciprofloxacin,Susceptible
562.141975,gentamicin,Susceptible
562.141976,cefotaxime,Susceptible
562.141976,ciprofloxacin,Susceptible
562.141976,gentamicin,Susceptible
562.141977,cefotaxime,Resistant
562.141977,ciprofloxacin,Susceptible
562.141977,gentamicin,Susceptible
562.141978,cefotaxime,Resistant
562.141978,ciprofloxacin,Resistant
562.141978,gentamicin,Resistant
562.141978,trimethoprim/sulfamethoxazole,Resistant
562.141979,cefotaxime,Resistant
562.141979,ciprofloxacin,Resistant
562.141979,gentamicin,Susceptible
562.141980,cefotaxime,Resistant
562.141980,ciprofloxacin,Susceptible
562.141980,gentamicin,Susceptible
562.141981,cefotaxime,Resistant
562.141981,ciprofloxacin,Resistant
562.141981,gentamicin,Susceptible
562.141981,trimethoprim/sulfamethoxazole,Resistant
562.141982,cefotaxime,Susceptible
562.141982,ciprofloxacin,Susceptible
562.141982,gentamicin,Susceptible
562.141983,cefotaxime,Resistant
562.141983,ciprofloxacin,Resistant
562.141983,gentamicin,Susceptible
562.141984,cefotaxime,Susceptible
562.141984,ciprofloxacin,Resistant
562.141984,gentamicin,Resistant
562.141985,cefotaxime,Resistant
562.141985,ciprofloxacin,Resistant
562.141985,gentamicin,Resistant
562.141986,cefotaxime,Resistant
562.141986,ciprofloxacin,Resistant
562.141986,gentamicin,Susceptible
562.141987,cefotaxime,Resistant
562.141987,ciprofloxacin,Resistant
562.141987,gentamicin,Resistant
562.141988,cefotaxime,Resistant
562.141988,ciprofloxacin,Resistant
562.141988,gentamicin,Resistant
562.141989,cefotaxime,Resistant
562.141989,ciprofloxacin,Resistant
562.141989,gentamicin,Resistant
562.141989,trimethoprim/sulfamethoxazole,Resistant
562.141990,cefotaxime,Resistant
562.141990,ciprofloxacin,Resistant
562.141990,gentamicin,Susceptible
562.141993,cefotaxime,Resistant
562.141993,ciprofloxacin,Resistant
562.141993,gentamicin,Resistant
562.141993,trimethoprim/sulfamethoxazole,Resistant
562.141994,ciprofloxacin,Susceptible
562.141994,gentamicin,Susceptible
562.141995,ciprofloxacin,Susceptible
562.141995,gentamicin,Susceptible
562.141996,cefotaxime,Susceptible
562.141996,ciprofloxacin,Susceptible
562.141996,gentamicin,Susceptible
562.141997,cefotaxime,Susceptible
562.141997,ciprofloxacin,Susceptible
562.141997,gentamicin,Susceptible
562.141998,cefotaxime,Susceptible
562.141998,ciprofloxacin,Resistant
562.141998,gentamicin,Susceptible
562.141999,cefotaxime,Susceptible
562.141999,ciprofloxacin,Susceptible
562.141999,gentamicin,Susceptible
562.142000,cefotaxime,Susceptible
562.142000,ciprofloxacin,Resistant
562.142000,gentamicin,Susceptible
562.142001,cefotaxime,Susceptible
562.142001,ciprofloxacin,Susceptible
562.142001,gentamicin,Susceptible
562.142002,cefotaxime,Susceptible
562.142002,ciprofloxacin,Susceptible
562.142002,gentamicin,Susceptible
562.142003,cefotaxime,Susceptible
562.142003,ciprofloxacin,Susceptible
562.142003,gentamicin,Susceptible
562.142004,cefotaxime,Susceptible
562.142004,ciprofloxacin,Susceptible
562.142004,gentamicin,Susceptible
562.142005,cefotaxime,Resistant
562.142005,ciprofloxacin,Resistant
562.142005,gentamicin,Susceptible
562.142005,trimethoprim/sulfamethoxazole,Resistant
562.142006,cefotaxime,Susceptible
562.142006,ciprofloxacin,Resistant
562.142006,gentamicin,Susceptible
562.142006,trimethoprim/sulfamethoxazole,Resistant
562.142007,cefotaxime,Susceptible
562.142007,ciprofloxacin,Susceptible
562.142007,gentamicin,Susceptible
562.142008,cefotaxime,Susceptible
562.142008,ciprofloxacin,Susceptible
562.142008,gentamicin,Susceptible
562.142009,cefotaxime,Resistant
562.142009,ciprofloxacin,Susceptible
562.142009,gentamicin,Resistant
562.142009,trimethoprim/sulfamethoxazole,Resistant
562.142010,cefotaxime,Resistant
562.142010,ciprofloxacin,Resistant
562.142010,gentamicin,Resistant
562.142011,cefotaxime,Resistant
562.142011,ciprofloxacin,Resistant
562.142011,gentamicin,Susceptible
562.142011,trimethoprim/sulfamethoxazole,Resistant
562.142012,cefotaxime,Resistant
562.142012,ciprofloxacin,Resistant
562.142012,gentamicin,Susceptible
562.142015,cefotaxime,Resistant
562.142015,ciprofloxacin,Resistant
562.142015,gentamicin,Susceptible
562.142016,cefotaxime,Resistant
562.142016,ciprofloxacin,Resistant
562.142016,gentamicin,Resistant
562.142016,trimethoprim/sulfamethoxazole,Resistant
562.142017,cefotaxime,Resistant
562.142017,ciprofloxacin,Resistant
562.142017,gentamicin,Susceptible
562.142018,cefotaxime,Resistant
562.142018,ciprofloxacin,Resistant
562.142018,gentamicin,Susceptible
562.142019,cefotaxime,Resistant
562.142019,ciprofloxacin,Resistant
562.142019,gentamicin,Susceptible
562.142020,cefotaxime,Resistant
562.142020,ciprofloxacin,Susceptible
562.142020,gentamicin,Susceptible
562.142021,cefotaxime,Resistant
562.142021,ciprofloxacin,Resistant
562.142021,gentamicin,Susceptible
562.142021,trimethoprim/sulfamethoxazole,Resistant
562.142022,cefotaxime,Resistant
562.142022,ciprofloxacin,Susceptible
562.142022,gentamicin,Resistant
562.142022,trimethoprim/sulfamethoxazole,Resistant
562.142023,cefotaxime,Resistant
562.142023,ciprofloxacin,Resistant
562.142023,gentamicin,Susceptible
562.142023,trimethoprim/sulfamethoxazole,Resistant
562.142024,cefotaxime,Resistant
562.142024,ciprofloxacin,Susceptible
562.142024,gentamicin,Resistant
562.142024,trimethoprim/sulfamethoxazole,Resistant
562.142025,cefotaxime,Resistant
562.142025,ciprofloxacin,Resistant
562.142025,gentamicin,Resistant
562.142025,trimethoprim/sulfamethoxazole,Resistant
562.142026,cefotaxime,Resistant
562.142026,ciprofloxacin,Resistant
562.142026,gentamicin,Susceptible
562.142026,trimethoprim/sulfamethoxazole,Resistant
562.142027,cefotaxime,Resistant
562.142027,ciprofloxacin,Resistant
562.142027,gentamicin,Resistant
562.142027,trimethoprim/sulfamethoxazole,Resistant
562.142028,cefotaxime,Resistant
562.142028,ciprofloxacin,Resistant
562.142028,gentamicin,Susceptible
562.142028,trimethoprim/sulfamethoxazole,Resistant
562.142029,cefotaxime,Resistant
562.142029,ciprofloxacin,Resistant
562.142029,gentamicin,Susceptible
562.142030,cefotaxime,Resistant
562.142030,ciprofloxacin,Resistant
562.142030,gentamicin,Susceptible
562.142031,cefotaxime,Resistant
562.142031,ciprofloxacin,Resistant
562.142031,gentamicin,Susceptible
562.142032,cefotaxime,Resistant
562.142032,ciprofloxacin,Susceptible
562.142032,gentamicin,Susceptible
562.142032,trimethoprim/sulfamethoxazole,Resistant
562.142033,ciprofloxacin,Susceptible
562.142033,gentamicin,Resistant
562.142033,trimethoprim/sulfamethoxazole,Resistant
562.142034,cefotaxime,Resistant
562.142034,ciprofloxacin,Resistant
562.142034,gentamicin,Susceptible
562.142035,cefotaxime,Resistant
562.142035,ciprofloxacin,Resistant
562.142035,gentamicin,Susceptible
562.142036,cefotaxime,Resistant
562.142036,ciprofloxacin,Resistant
562.142036,gentamicin,Susceptible
562.142036,trimethoprim/sulfamethoxazole,Resistant
562.142037,cefotaxime,Resistant
562.142037,ciprofloxacin,Resistant
562.142037,gentamicin,Resistant
562.142038,cefotaxime,Resistant
562.142038,ciprofloxacin,Susceptible
562.142038,gentamicin,Susceptible
562.142039,cefotaxime,Resistant
562.142039,ciprofloxacin,Susceptible
562.142039,gentamicin,Susceptible
562.142040,cefotaxime,Resistant
562.142040,ciprofloxacin,Resistant
562.142040,gentamicin,Susceptible
562.142040,trimethoprim/sulfamethoxazole,Resistant
562.142041,cefotaxime,Susceptible
562.142041,ciprofloxacin,Susceptible
562.142041,gentamicin,Susceptible
562.142041,trimethoprim/sulfamethoxazole,Resistant
562.142042,cefotaxime,Resistant
562.142042,ciprofloxacin,Resistant
562.142042,gentamicin,Resistant
562.142042,trimethoprim/sulfamethoxazole,Resistant
562.142043,cefotaxime,Resistant
562.142043,ciprofloxacin,Resistant
562.142043,gentamicin,Susceptible
562.142043,trimethoprim/sulfamethoxazole,Resistant
562.142044,cefotaxime,Resistant
562.142044,ciprofloxacin,Resistant
562.142044,gentamicin,Susceptible
562.142044,trimethoprim/sulfamethoxazole,Resistant
562.142045,cefotaxime,Resistant
562.142045,ciprofloxacin,Susceptible
562.142045,gentamicin,Resistant
562.142045,trimethoprim/sulfamethoxazole,Resistant
562.142046,cefotaxime,Resistant
562.142046,ciprofloxacin,Resistant
562.142046,gentamicin,Resistant
562.142046,trimethoprim/sulfamethoxazole,Resistant
562.142047,cefotaxime,Resistant
562.142047,ciprofloxacin,Resistant
562.142047,gentamicin,Susceptible
562.142047,trimethoprim/sulfamethoxazole,Resistant
562.142048,cefotaxime,Resistant
562.142048,ciprofloxacin,Resistant
562.142048,gentamicin,Resistant
562.142048,trimethoprim/sulfamethoxazole,Resistant
562.142049,ciprofloxacin,Susceptible
562.142049,gentamicin,Susceptible
562.142049,trimethoprim/sulfamethoxazole,Resistant
562.142050,cefotaxime,Resistant
562.142050,ciprofloxacin,Resistant
562.142050,gentamicin,Susceptible
562.142050,trimethoprim/sulfamethoxazole,Resistant
562.142051,cefotaxime,Resistant
562.142051,ciprofloxacin,Resistant
562.142051,gentamicin,Susceptible
562.142052,cefotaxime,Resistant
562.142052,ciprofloxacin,Resistant
562.142052,gentamicin,Susceptible
562.142053,cefotaxime,Resistant
562.142053,ciprofloxacin,Resistant
562.142053,gentamicin,Resistant
562.142053,trimethoprim/sulfamethoxazole,Resistant
562.142054,cefotaxime,Resistant
562.142054,ciprofloxacin,Resistant
562.142054,gentamicin,Susceptible
562.142055,cefotaxime,Resistant
562.142055,ciprofloxacin,Resistant
562.142055,gentamicin,Susceptible
562.142056,cefotaxime,Resistant
562.142056,ciprofloxacin,Susceptible
562.142056,gentamicin,Susceptible
562.142057,cefotaxime,Resistant
562.142057,ciprofloxacin,Resistant
562.142057,gentamicin,Susceptible
562.142058,cefotaxime,Resistant
562.142058,ciprofloxacin,Resistant
562.142058,gentamicin,Susceptible
562.142058,trimethoprim/sulfamethoxazole,Resistant
562.142059,cefotaxime,Resistant
562.142059,ciprofloxacin,Resistant
562.142059,gentamicin,Susceptible
562.142060,cefotaxime,Resistant
562.142060,ciprofloxacin,Resistant
562.142060,gentamicin,Resistant
562.142061,cefotaxime,Resistant
562.142061,ciprofloxacin,Susceptible
562.142061,gentamicin,Susceptible
562.142061,trimethoprim/sulfamethoxazole,Resistant
562.142069,cefotaxime,Susceptible
562.142069,ciprofloxacin,Susceptible
562.142069,gentamicin,Susceptible
562.142070,cefotaxime,Resistant
562.142070,ciprofloxacin,Resistant
562.142070,gentamicin,Susceptible
562.142071,cefotaxime,Susceptible
562.142071,ciprofloxacin,Susceptible
562.142071,gentamicin,Susceptible
562.142072,cefotaxime,Susceptible
562.142072,ciprofloxacin,Susceptible
562.142072,gentamicin,Susceptible
562.142073,cefotaxime,Resistant
562.142073,ciprofloxacin,Resistant
562.142073,gentamicin,Susceptible
562.142074,cefotaxime,Resistant
562.142074,ciprofloxacin,Resistant
562.142074,gentamicin,Susceptible
562.142074,trimethoprim/sulfamethoxazole,Resistant
562.142075,cefotaxime,Resistant
562.142075,ciprofloxacin,Susceptible
562.142075,gentamicin,Susceptible
562.142076,cefotaxime,Resistant
562.142076,ciprofloxacin,Susceptible
562.142076,gentamicin,Susceptible
562.142076,trimethoprim/sulfamethoxazole,Resistant
562.142077,cefotaxime,Resistant
562.142077,ciprofloxacin,Resistant
562.142077,gentamicin,Susceptible
562.142096,cefotaxime,Susceptible
562.142096,ciprofloxacin,Susceptible
562.142096,gentamicin,Susceptible
562.142101,cefotaxime,Resistant
562.142101,ciprofloxacin,Resistant
562.142101,gentamicin,Resistant
562.142101,trimethoprim/sulfamethoxazole,Resistant
562.142102,cefotaxime,Resistant
562.142102,ciprofloxacin,Susceptible
562.142102,gentamicin,Susceptible
562.142102,trimethoprim/sulfamethoxazole,Resistant
562.142103,cefotaxime,Resistant
562.142103,ciprofloxacin,Resistant
562.142103,gentamicin,Resistant
562.142104,cefotaxime,Resistant
562.142104,ciprofloxacin,Resistant
562.142104,gentamicin,Susceptible
562.142104,trimethoprim/sulfamethoxazole,Resistant
562.142105,cefotaxime,Resistant
562.142105,ciprofloxacin,Susceptible
562.142105,gentamicin,Resistant
562.142105,trimethoprim/sulfamethoxazole,Resistant
562.142106,cefotaxime,Resistant
562.142106,ciprofloxacin,Susceptible
562.142106,gentamicin,Susceptible
562.142107,cefotaxime,Resistant
562.142107,ciprofloxacin,Susceptible
562.142107,gentamicin,Susceptible
562.142108,cefotaxime,Resistant
562.142108,ciprofloxacin,Resistant
562.142108,gentamicin,Resistant
562.142108,trimethoprim/sulfamethoxazole,Resistant
562.142109,cefotaxime,Resistant
562.142109,ciprofloxacin,Resistant
562.142109,gentamicin,Resistant
562.142110,cefotaxime,Resistant
562.142110,ciprofloxacin,Susceptible
562.142110,gentamicin,Susceptible
562.142111,ciprofloxacin,Resistant
562.142111,gentamicin,Resistant
562.142111,trimethoprim/sulfamethoxazole,Resistant
562.142112,cefotaxime,Resistant
562.142112,ciprofloxacin,Resistant
562.142112,gentamicin,Resistant
562.142117,cefotaxime,Susceptible
562.142117,ciprofloxacin,Susceptible
562.142117,gentamicin,Susceptible
562.142118,cefotaxime,Susceptible
562.142118,ciprofloxacin,Susceptible
562.142118,gentamicin,Susceptible
562.142119,cefotaxime,Resistant
562.142119,ciprofloxacin,Susceptible
562.142119,gentamicin,Susceptible
562.142120,cefotaxime,Resistant
562.142120,ciprofloxacin,Susceptible
562.142120,gentamicin,Resistant
562.142121,cefotaxime,Resistant
562.142121,ciprofloxacin,Resistant
562.142121,gentamicin,Susceptible
562.142122,cefotaxime,Resistant
562.142122,ciprofloxacin,Susceptible
562.142122,gentamicin,Susceptible
562.142122,trimethoprim/sulfamethoxazole,Resistant
562.142123,cefotaxime,Susceptible
562.142123,ciprofloxacin,Resistant
562.142123,gentamicin,Susceptible
562.142124,cefotaxime,Susceptible
562.142124,ciprofloxacin,Susceptible
562.142124,gentamicin,Susceptible
562.142126,cefotaxime,Resistant
562.142126,ciprofloxacin,Susceptible
562.142126,gentamicin,Susceptible
562.142126,trimethoprim/sulfamethoxazole,Resistant
562.142127,ciprofloxacin,Susceptible
562.142127,gentamicin,Susceptible
562.142127,trimethoprim/sulfamethoxazole,Resistant
562.142129,cefotaxime,Susceptible
562.142129,ciprofloxacin,Resistant
562.142129,gentamicin,Susceptible
562.142130,cefotaxime,Resistant
562.142130,ciprofloxacin,Resistant
562.142130,gentamicin,Resistant
562.142131,cefotaxime,Resistant
562.142131,ciprofloxacin,Susceptible
562.142131,gentamicin,Susceptible
562.142132,cefotaxime,Resistant
562.142132,ciprofloxacin,Resistant
562.142132,gentamicin,Susceptible
562.142133,cefotaxime,Resistant
562.142133,ciprofloxacin,Resistant
562.142133,gentamicin,Susceptible
562.142134,cefotaxime,Resistant
562.142134,ciprofloxacin,Susceptible
562.142134,gentamicin,Susceptible
562.142135,cefotaxime,Resistant
562.142135,ciprofloxacin,Resistant
562.142135,gentamicin,Susceptible
562.142136,cefotaxime,Susceptible
562.142136,ciprofloxacin,Susceptible
562.142136,gentamicin,Susceptible
562.142137,cefotaxime,Resistant
562.142137,ciprofloxacin,Resistant
562.142137,gentamicin,Susceptible
562.142137,trimethoprim/sulfamethoxazole,Resistant
562.142138,cefotaxime,Resistant
562.142138,ciprofloxacin,Resistant
562.142138,gentamicin,Susceptible
562.142139,cefotaxime,Susceptible
562.142139,ciprofloxacin,Susceptible
562.142139,gentamicin,Susceptible
562.142140,cefotaxime,Susceptible
562.142140,ciprofloxacin,Susceptible
562.142140,gentamicin,Susceptible
562.142141,cefotaxime,Resistant
562.142141,ciprofloxacin,Resistant
562.142141,gentamicin,Susceptible
562.142142,cefotaxime,Resistant
562.142142,ciprofloxacin,Resistant
562.142142,gentamicin,Susceptible
562.142142,trimethoprim/sulfamethoxazole,Resistant
562.142143,cefotaxime,Resistant
562.142143,ciprofloxacin,Resistant
562.142143,gentamicin,Susceptible
562.142144,cefotaxime,Resistant
562.142144,ciprofloxacin,Resistant
562.142144,gentamicin,Susceptible
562.142145,cefotaxime,Resistant
562.142145,ciprofloxacin,Resistant
562.142145,gentamicin,Susceptible
562.142146,cefotaxime,Resistant
562.142146,ciprofloxacin,Resistant
562.142146,gentamicin,Susceptible
562.142147,cefotaxime,Resistant
562.142147,ciprofloxacin,Resistant
562.142147,gentamicin,Susceptible
562.142147,trimethoprim/sulfamethoxazole,Resistant
562.142148,cefotaxime,Susceptible
562.142148,ciprofloxacin,Susceptible
562.142148,gentamicin,Susceptible
562.142149,cefotaxime,Resistant
562.142149,ciprofloxacin,Resistant
562.142149,gentamicin,Resistant
562.142149,trimethoprim/sulfamethoxazole,Resistant
562.142150,cefotaxime,Susceptible
562.142150,ciprofloxacin,Susceptible
562.142150,gentamicin,Susceptible
562.142151,cefotaxime,Resistant
562.142151,ciprofloxacin,Resistant
562.142151,gentamicin,Susceptible
562.142151,trimethoprim/sulfamethoxazole,Resistant
562.142152,cefotaxime,Resistant
562.142152,ciprofloxacin,Resistant
562.142152,gentamicin,Resistant
562.142152,trimethoprim/sulfamethoxazole,Resistant
562.142153,cefotaxime,Resistant
562.142153,ciprofloxacin,Resistant
562.142153,gentamicin,Resistant
562.142153,trimethoprim/sulfamethoxazole,Resistant
562.142154,cefotaxime,Resistant
562.142154,ciprofloxacin,Resistant
562.142154,gentamicin,Resistant
562.142155,cefotaxime,Resistant
562.142155,ciprofloxacin,Resistant
562.142155,gentamicin,Susceptible
562.142156,cefotaxime,Resistant
562.142156,ciprofloxacin,Resistant
562.142156,gentamicin,Resistant
562.142157,cefotaxime,Susceptible
562.142157,ciprofloxacin,Susceptible
562.142157,gentamicin,Susceptible
562.142158,cefotaxime,Resistant
562.142158,ciprofloxacin,Resistant
562.142158,gentamicin,Susceptible
562.142159,cefotaxime,Resistant
562.142159,ciprofloxacin,Resistant
562.142159,gentamicin,Susceptible
562.142164,cefotaxime,Susceptible
562.142164,ciprofloxacin,Susceptible
562.142164,gentamicin,Susceptible
562.142164,trimethoprim/sulfamethoxazole,Resistant
562.142165,cefotaxime,Susceptible
562.142165,ciprofloxacin,Resistant
562.142165,gentamicin,Susceptible
562.142165,trimethoprim/sulfamethoxazole,Resistant
562.142166,cefotaxime,Resistant
562.142166,ciprofloxacin,Resistant
562.142166,gentamicin,Susceptible
562.142166,trimethoprim/sulfamethoxazole,Resistant
562.142167,cefotaxime,Susceptible
562.142167,ciprofloxacin,Resistant
562.142167,gentamicin,Susceptible
562.142168,cefotaxime,Resistant
562.142168,ciprofloxacin,Resistant
562.142168,gentamicin,Resistant
562.142169,cefotaxime,Resistant
562.142169,ciprofloxacin,Resistant
562.142169,gentamicin,Susceptible
562.142170,cefotaxime,Resistant
562.142170,ciprofloxacin,Resistant
562.142170,gentamicin,Susceptible
562.142170,trimethoprim/sulfamethoxazole,Resistant
562.142171,cefotaxime,Resistant
562.142171,ciprofloxacin,Resistant
562.142171,gentamicin,Resistant
562.142171,trimethoprim/sulfamethoxazole,Resistant
562.142172,cefotaxime,Resistant
562.142172,ciprofloxacin,Susceptible
562.142172,gentamicin,Resistant
562.142172,trimethoprim/sulfamethoxazole,Resistant
562.142173,cefotaxime,Susceptible
562.142173,ciprofloxacin,Susceptible
562.142173,gentamicin,Susceptible
562.142174,cefotaxime,Susceptible
562.142174,ciprofloxacin,Susceptible
562.142174,gentamicin,Susceptible
562.142175,cefotaxime,Susceptible
562.142175,ciprofloxacin,Resistant
562.142175,gentamicin,Susceptible
562.142175,trimethoprim/sulfamethoxazole,Resistant
562.142176,cefotaxime,Resistant
562.142176,ciprofloxacin,Resistant
562.142176,gentamicin,Resistant
562.142176,trimethoprim/sulfamethoxazole,Resistant
562.142177,cefotaxime,Resistant
562.142177,ciprofloxacin,Resistant
562.142177,gentamicin,Susceptible
562.142177,trimethoprim/sulfamethoxazole,Resistant
562.142178,cefotaxime,Resistant
562.142178,ciprofloxacin,Resistant
562.142178,gentamicin,Susceptible
562.142179,cefotaxime,Resistant
562.142179,ciprofloxacin,Resistant
562.142179,gentamicin,Susceptible
562.142179,trimethoprim/sulfamethoxazole,Resistant
562.142180,cefotaxime,Resistant
562.142180,ciprofloxacin,Resistant
562.142180,gentamicin,Resistant
562.142181,cefotaxime,Resistant
562.142181,ciprofloxacin,Resistant
562.142181,gentamicin,Resistant
562.142181,trimethoprim/sulfamethoxazole,Resistant
562.142182,cefotaxime,Resistant
562.142182,ciprofloxacin,Resistant
562.142182,gentamicin,Susceptible
562.142182,trimethoprim/sulfamethoxazole,Resistant
562.142183,cefotaxime,Resistant
562.142183,ciprofloxacin,Resistant
562.142183,gentamicin,Resistant
562.142184,cefotaxime,Resistant
562.142184,ciprofloxacin,Resistant
562.142184,gentamicin,Susceptible
562.142185,cefotaxime,Resistant
562.142185,ciprofloxacin,Resistant
562.142185,gentamicin,Resistant
562.142186,cefotaxime,Resistant
562.142186,ciprofloxacin,Resistant
562.142186,gentamicin,Susceptible
562.142187,cefotaxime,Resistant
562.142187,ciprofloxacin,Resistant
562.142187,gentamicin,Resistant
562.142188,cefotaxime,Resistant
562.142188,ciprofloxacin,Resistant
562.142188,gentamicin,Susceptible
562.142188,trimethoprim/sulfamethoxazole,Resistant
562.142189,cefotaxime,Resistant
562.142189,ciprofloxacin,Susceptible
562.142189,gentamicin,Susceptible
562.142190,cefotaxime,Resistant
562.142190,ciprofloxacin,Resistant
562.142190,gentamicin,Susceptible
562.142191,cefotaxime,Resistant
562.142191,ciprofloxacin,Resistant
562.142191,gentamicin,Resistant
562.142192,cefotaxime,Susceptible
562.142192,ciprofloxacin,Susceptible
562.142192,gentamicin,Susceptible
562.142193,cefotaxime,Susceptible
562.142193,ciprofloxacin,Susceptible
562.142193,gentamicin,Susceptible
562.142194,cefotaxime,Susceptible
562.142194,ciprofloxacin,Susceptible
562.142194,gentamicin,Susceptible
562.142194,trimethoprim/sulfamethoxazole,Resistant
562.142195,ciprofloxacin,Resistant
562.142195,gentamicin,Susceptible
562.142196,cefotaxime,Susceptible
562.142196,ciprofloxacin,Susceptible
562.142196,gentamicin,Susceptible
562.142197,ciprofloxacin,Resistant
562.142197,gentamicin,Susceptible
562.142198,cefotaxime,Susceptible
562.142198,ciprofloxacin,Susceptible
562.142198,gentamicin,Susceptible
562.142199,ciprofloxacin,Resistant
562.142199,gentamicin,Susceptible
562.142199,trimethoprim/sulfamethoxazole,Resistant
562.142200,cefotaxime,Susceptible
562.142200,ciprofloxacin,Susceptible
562.142200,gentamicin,Susceptible
562.142201,cefotaxime,Susceptible
562.142201,ciprofloxacin,Resistant
562.142201,gentamicin,Susceptible
562.142202,cefotaxime,Resistant
562.142202,ciprofloxacin,Resistant
562.142202,gentamicin,Susceptible
562.142203,cefotaxime,Resistant
562.142203,ciprofloxacin,Resistant
562.142203,gentamicin,Susceptible
562.142204,cefotaxime,Susceptible
562.142204,ciprofloxacin,Susceptible
562.142204,gentamicin,Susceptible
562.142205,cefotaxime,Susceptible
562.142205,ciprofloxacin,Resistant
562.142205,gentamicin,Susceptible
562.142206,cefotaxime,Susceptible
562.142206,ciprofloxacin,Resistant
562.142206,gentamicin,Susceptible
562.142207,cefotaxime,Resistant
562.142207,ciprofloxacin,Resistant
562.142207,gentamicin,Susceptible
562.142207,trimethoprim/sulfamethoxazole,Resistant
562.142208,cefotaxime,Susceptible
562.142208,ciprofloxacin,Resistant
562.142208,gentamicin,Susceptible
562.142208,trimethoprim/sulfamethoxazole,Resistant
562.142216,ciprofloxacin,Resistant
562.142216,gentamicin,Susceptible
562.142216,trimethoprim/sulfamethoxazole,Resistant
562.142218,cefotaxime,Resistant
562.142218,ciprofloxacin,Resistant
562.142218,gentamicin,Susceptible
562.142218,trimethoprim/sulfamethoxazole,Resistant
562.142219,cefotaxime,Resistant
562.142219,ciprofloxacin,Resistant
562.142219,gentamicin,Resistant
562.142219,trimethoprim/sulfamethoxazole,Resistant
562.142220,cefotaxime,Resistant
562.142220,ciprofloxacin,Resistant
562.142220,gentamicin,Susceptible
562.142221,cefotaxime,Resistant
562.142221,ciprofloxacin,Resistant
562.142221,gentamicin,Susceptible
562.142221,trimethoprim/sulfamethoxazole,Resistant
562.142223,cefotaxime,Resistant
562.142223,ciprofloxacin,Resistant
562.142223,gentamicin,Resistant
562.142223,trimethoprim/sulfamethoxazole,Resistant
562.142224,cefotaxime,Resistant
562.142224,ciprofloxacin,Resistant
562.142224,gentamicin,Susceptible
562.142225,cefotaxime,Resistant
562.142225,ciprofloxacin,Resistant
562.142225,gentamicin,Resistant
562.142225,trimethoprim/sulfamethoxazole,Resistant
562.142226,cefotaxime,Resistant
562.142226,ciprofloxacin,Resistant
562.142226,gentamicin,Susceptible
562.142227,cefotaxime,Resistant
562.142227,ciprofloxacin,Resistant
562.142227,gentamicin,Susceptible
562.142227,trimethoprim/sulfamethoxazole,Resistant
562.142228,cefotaxime,Resistant
562.142228,ciprofloxacin,Resistant
562.142228,gentamicin,Resistant
562.142228,trimethoprim/sulfamethoxazole,Resistant
562.142229,cefotaxime,Resistant
562.142229,ciprofloxacin,Resistant
562.142229,gentamicin,Susceptible
562.142229,trimethoprim/sulfamethoxazole,Resistant
562.142230,cefotaxime,Resistant
562.142230,ciprofloxacin,Resistant
562.142230,gentamicin,Susceptible
562.142231,cefotaxime,Resistant
562.142231,ciprofloxacin,Resistant
562.142231,gentamicin,Susceptible
562.142232,cefotaxime,Resistant
562.142232,ciprofloxacin,Resistant
562.142232,gentamicin,Susceptible
562.142233,cefotaxime,Resistant
562.142233,ciprofloxacin,Susceptible
562.142233,gentamicin,Resistant
562.142234,cefotaxime,Resistant
562.142234,ciprofloxacin,Resistant
562.142234,gentamicin,Susceptible
562.142234,trimethoprim/sulfamethoxazole,Resistant
562.142235,cefotaxime,Resistant
562.142235,ciprofloxacin,Resistant
562.142235,gentamicin,Resistant
562.142235,trimethoprim/sulfamethoxazole,Resistant
562.142236,cefotaxime,Resistant
562.142236,ciprofloxacin,Resistant
562.142236,gentamicin,Susceptible
562.142236,trimethoprim/sulfamethoxazole,Resistant
562.142237,cefotaxime,Resistant
562.142237,ciprofloxacin,Resistant
562.142237,gentamicin,Susceptible
562.142237,trimethoprim/sulfamethoxazole,Resistant
562.142238,cefotaxime,Resistant
562.142238,ciprofloxacin,Resistant
562.142238,gentamicin,Susceptible
562.142239,cefotaxime,Resistant
562.142239,ciprofloxacin,Resistant
562.142239,gentamicin,Susceptible
562.142239,trimethoprim/sulfamethoxazole,Resistant
562.142240,cefotaxime,Resistant
562.142240,ciprofloxacin,Resistant
562.142240,gentamicin,Resistant
562.142240,trimethoprim/sulfamethoxazole,Resistant
562.142241,cefotaxime,Resistant
562.142241,ciprofloxacin,Susceptible
562.142241,gentamicin,Susceptible
562.142242,cefotaxime,Resistant
562.142242,ciprofloxacin,Resistant
562.142242,gentamicin,Susceptible
562.142243,cefotaxime,Resistant
562.142243,ciprofloxacin,Resistant
562.142243,gentamicin,Susceptible
562.142244,cefotaxime,Resistant
562.142244,ciprofloxacin,Susceptible
562.142244,gentamicin,Susceptible
562.142246,cefotaxime,Resistant
562.142246,ciprofloxacin,Susceptible
562.142246,gentamicin,Susceptible
562.142246,trimethoprim/sulfamethoxazole,Resistant
562.142247,cefotaxime,Susceptible
562.142247,ciprofloxacin,Susceptible
562.142247,gentamicin,Susceptible
562.142248,cefotaxime,Resistant
562.142248,ciprofloxacin,Susceptible
562.142248,gentamicin,Susceptible
562.142249,cefotaxime,Resistant
562.142249,ciprofloxacin,Susceptible
562.142249,gentamicin,Resistant
562.142249,trimethoprim/sulfamethoxazole,Resistant
562.142250,cefotaxime,Resistant
562.142250,ciprofloxacin,Resistant
562.142250,gentamicin,Resistant
562.142251,cefotaxime,Resistant
562.142251,ciprofloxacin,Susceptible
562.142251,gentamicin,Susceptible
562.142252,cefotaxime,Resistant
562.142252,ciprofloxacin,Susceptible
562.142252,gentamicin,Resistant
562.142252,trimethoprim/sulfamethoxazole,Resistant
562.142253,cefotaxime,Resistant
562.142253,ciprofloxacin,Susceptible
562.142253,gentamicin,Susceptible
562.142253,trimethoprim/sulfamethoxazole,Resistant
562.142254,cefotaxime,Resistant
562.142254,ciprofloxacin,Susceptible
562.142254,gentamicin,Susceptible
562.142255,cefotaxime,Resistant
562.142255,ciprofloxacin,Resistant
562.142255,gentamicin,Susceptible
562.142256,cefotaxime,Resistant
562.142256,ciprofloxacin,Resistant
562.142256,gentamicin,Susceptible
562.142257,cefotaxime,Resistant
562.142257,ciprofloxacin,Resistant
562.142257,gentamicin,Susceptible
562.142257,trimethoprim/sulfamethoxazole,Resistant
562.142258,ciprofloxacin,Resistant
562.142258,gentamicin,Susceptible
562.142259,cefotaxime,Resistant
562.142259,ciprofloxacin,Susceptible
562.142259,gentamicin,Susceptible
562.142260,cefotaxime,Resistant
562.142260,ciprofloxacin,Resistant
562.142260,gentamicin,Susceptible
562.142261,cefotaxime,Resistant
562.142261,ciprofloxacin,Resistant
562.142261,gentamicin,Resistant
562.142261,trimethoprim/sulfamethoxazole,Resistant
562.142262,cefotaxime,Resistant
562.142262,ciprofloxacin,Resistant
562.142262,gentamicin,Resistant
562.142263,cefotaxime,Resistant
562.142263,ciprofloxacin,Resistant
562.142263,gentamicin,Susceptible
562.142263,trimethoprim/sulfamethoxazole,Resistant
562.142264,cefotaxime,Resistant
562.142264,ciprofloxacin,Resistant
562.142264,gentamicin,Susceptible
562.142264,trimethoprim/sulfamethoxazole,Resistant
562.142265,cefotaxime,Resistant
562.142265,ciprofloxacin,Resistant
562.142265,gentamicin,Resistant
562.142266,cefotaxime,Resistant
562.142266,ciprofloxacin,Resistant
562.142266,gentamicin,Susceptible
562.142267,cefotaxime,Resistant
562.142267,ciprofloxacin,Susceptible
562.142267,gentamicin,Susceptible
562.142268,cefotaxime,Resistant
562.142268,ciprofloxacin,Resistant
562.142268,gentamicin,Susceptible
562.142269,cefotaxime,Susceptible
562.142269,ciprofloxacin,Susceptible
562.142269,gentamicin,Susceptible
562.142270,cefotaxime,Resistant
562.142270,ciprofloxacin,Resistant
562.142270,gentamicin,Resistant
562.142270,trimethoprim/sulfamethoxazole,Resistant
562.142271,cefotaxime,Resistant
562.142271,ciprofloxacin,Susceptible
562.142271,gentamicin,Susceptible
562.142271,trimethoprim/sulfamethoxazole,Resistant
562.142272,cefotaxime,Resistant
562.142272,ciprofloxacin,Resistant
562.142272,gentamicin,Susceptible
562.142273,cefotaxime,Resistant
562.142273,ciprofloxacin,Susceptible
562.142273,gentamicin,Susceptible
562.142274,cefotaxime,Resistant
562.142274,ciprofloxacin,Resistant
562.142274,gentamicin,Susceptible
562.142275,cefotaxime,Susceptible
562.142275,ciprofloxacin,Susceptible
562.142275,gentamicin,Susceptible
562.142276,cefotaxime,Resistant
562.142276,ciprofloxacin,Resistant
562.142276,gentamicin,Susceptible
562.142277,cefotaxime,Susceptible
562.142277,ciprofloxacin,Susceptible
562.142277,gentamicin,Susceptible
562.142278,cefotaxime,Resistant
562.142278,ciprofloxacin,Resistant
562.142278,gentamicin,Susceptible
562.142278,trimethoprim/sulfamethoxazole,Resistant
562.142279,cefotaxime,Resistant
562.142279,ciprofloxacin,Susceptible
562.142279,gentamicin,Resistant
562.142279,trimethoprim/sulfamethoxazole,Resistant
562.142280,cefotaxime,Resistant
562.142280,ciprofloxacin,Resistant
562.142280,gentamicin,Resistant
562.142280,trimethoprim/sulfamethoxazole,Resistant
562.142281,cefotaxime,Resistant
562.142281,ciprofloxacin,Resistant
562.142281,gentamicin,Susceptible
562.142282,cefotaxime,Resistant
562.142282,ciprofloxacin,Susceptible
562.142282,gentamicin,Resistant
562.142283,ciprofloxacin,Resistant
562.142283,gentamicin,Susceptible
562.142283,trimethoprim/sulfamethoxazole,Resistant
562.142284,cefotaxime,Susceptible
562.142284,ciprofloxacin,Resistant
562.142284,gentamicin,Susceptible
562.142284,trimethoprim/sulfamethoxazole,Resistant
562.142285,cefotaxime,Resistant
562.142285,ciprofloxacin,Resistant
562.142285,gentamicin,Resistant
562.142285,trimethoprim/sulfamethoxazole,Resistant
562.142286,cefotaxime,Resistant
562.142286,ciprofloxacin,Susceptible
562.142286,gentamicin,Susceptible
562.142286,trimethoprim/sulfamethoxazole,Resistant
562.142287,cefotaxime,Resistant
562.142287,ciprofloxacin,Resistant
562.142287,gentamicin,Resistant
562.142287,trimethoprim/sulfamethoxazole,Resistant
562.142288,cefotaxime,Resistant
562.142288,ciprofloxacin,Resistant
562.142288,gentamicin,Susceptible
562.142288,trimethoprim/sulfamethoxazole,Resistant
562.142289,cefotaxime,Resistant
562.142289,ciprofloxacin,Resistant
562.142289,gentamicin,Resistant
562.142290,cefotaxime,Resistant
562.142290,ciprofloxacin,Susceptible
562.142290,gentamicin,Susceptible
562.142290,trimethoprim/sulfamethoxazole,Resistant
562.142291,cefotaxime,Resistant
562.142291,ciprofloxacin,Resistant
562.142291,gentamicin,Resistant
562.142291,trimethoprim/sulfamethoxazole,Resistant
562.142292,cefotaxime,Resistant
562.142292,ciprofloxacin,Resistant
562.142292,gentamicin,Resistant
562.142292,trimethoprim/sulfamethoxazole,Resistant
562.142293,cefotaxime,Resistant
562.142293,ciprofloxacin,Susceptible
562.142293,gentamicin,Susceptible
562.142294,cefotaxime,Resistant
562.142294,ciprofloxacin,Susceptible
562.142294,gentamicin,Susceptible
562.142295,cefotaxime,Resistant
562.142295,ciprofloxacin,Resistant
562.142295,gentamicin,Susceptible
562.142295,trimethoprim/sulfamethoxazole,Resistant
562.142296,cefotaxime,Resistant
562.142296,ciprofloxacin,Resistant
562.142296,gentamicin,Resistant
562.142296,trimethoprim/sulfamethoxazole,Resistant
562.142297,cefotaxime,Resistant
562.142297,ciprofloxacin,Resistant
562.142297,gentamicin,Resistant
562.142297,trimethoprim/sulfamethoxazole,Resistant
562.142298,cefotaxime,Resistant
562.142298,ciprofloxacin,Resistant
562.142298,gentamicin,Resistant
562.142298,trimethoprim/sulfamethoxazole,Resistant
562.142299,cefotaxime,Resistant
562.142299,ciprofloxacin,Susceptible
562.142299,gentamicin,Resistant
562.142299,trimethoprim/sulfamethoxazole,Resistant
562.142300,cefotaxime,Resistant
562.142300,ciprofloxacin,Susceptible
562.142300,gentamicin,Susceptible
562.142301,cefotaxime,Resistant
562.142301,ciprofloxacin,Susceptible
562.142301,gentamicin,Susceptible
562.142302,cefotaxime,Resistant
562.142302,ciprofloxacin,Resistant
562.142302,gentamicin,Susceptible
562.142302,trimethoprim/sulfamethoxazole,Resistant
562.142303,cefotaxime,Resistant
562.142303,ciprofloxacin,Susceptible
562.142303,gentamicin,Susceptible
562.142303,trimethoprim/sulfamethoxazole,Resistant
562.142304,cefotaxime,Resistant
562.142304,ciprofloxacin,Susceptible
562.142304,gentamicin,Resistant
562.142306,cefotaxime,Resistant
562.142306,ciprofloxacin,Resistant
562.142306,gentamicin,Susceptible
562.142307,cefotaxime,Susceptible
562.142307,ciprofloxacin,Susceptible
562.142307,gentamicin,Susceptible
562.142308,cefotaxime,Susceptible
562.142308,ciprofloxacin,Susceptible
562.142308,gentamicin,Susceptible
562.142309,cefotaxime,Resistant
562.142309,ciprofloxacin,Resistant
562.142309,gentamicin,Resistant
562.142309,trimethoprim/sulfamethoxazole,Resistant
562.142310,cefotaxime,Susceptible
562.142310,ciprofloxacin,Susceptible
562.142310,gentamicin,Susceptible
562.142311,cefotaxime,Susceptible
562.142311,ciprofloxacin,Resistant
562.142311,gentamicin,Susceptible
562.142312,cefotaxime,Resistant
562.142312,ciprofloxacin,Resistant
562.142312,gentamicin,Susceptible
562.142312,trimethoprim/sulfamethoxazole,Resistant
562.142313,cefotaxime,Resistant
562.142313,ciprofloxacin,Resistant
562.142313,gentamicin,Susceptible
562.142314,cefotaxime,Resistant
562.142314,ciprofloxacin,Susceptible
562.142314,gentamicin,Susceptible
562.142314,trimethoprim/sulfamethoxazole,Resistant
562.142315,cefotaxime,Resistant
562.142315,ciprofloxacin,Susceptible
562.142315,gentamicin,Susceptible
562.142316,cefotaxime,Resistant
562.142316,ciprofloxacin,Resistant
562.142316,gentamicin,Resistant
562.142316,trimethoprim/sulfamethoxazole,Resistant
562.142317,cefotaxime,Resistant
562.142317,ciprofloxacin,Resistant
562.142317,gentamicin,Susceptible
562.142317,trimethoprim/sulfamethoxazole,Resistant
562.142318,cefotaxime,Resistant
562.142318,ciprofloxacin,Resistant
562.142318,gentamicin,Susceptible
562.142318,trimethoprim/sulfamethoxazole,Resistant
562.142319,cefotaxime,Resistant
562.142319,ciprofloxacin,Resistant
562.142319,gentamicin,Resistant
562.142319,trimethoprim/sulfamethoxazole,Resistant
562.142320,cefotaxime,Resistant
562.142320,ciprofloxacin,Resistant
562.142320,gentamicin,Susceptible
562.142321,cefotaxime,Resistant
562.142321,ciprofloxacin,Resistant
562.142321,gentamicin,Resistant
562.142321,trimethoprim/sulfamethoxazole,Resistant
562.142322,cefotaxime,Resistant
562.142322,ciprofloxacin,Resistant
562.142322,gentamicin,Susceptible
562.142322,trimethoprim/sulfamethoxazole,Resistant
562.142324,cefotaxime,Resistant
562.142324,ciprofloxacin,Resistant
562.142324,gentamicin,Susceptible
562.142324,trimethoprim/sulfamethoxazole,Resistant
562.142325,cefotaxime,Resistant
562.142325,ciprofloxacin,Susceptible
562.142325,gentamicin,Susceptible
562.142329,ciprofloxacin,Resistant
562.142329,gentamicin,Susceptible
562.142333,cefotaxime,Resistant
562.142333,ciprofloxacin,Susceptible
562.142333,gentamicin,Susceptible
562.142335,cefotaxime,Resistant
562.142335,ciprofloxacin,Resistant
562.142335,gentamicin,Susceptible
562.142335,trimethoprim/sulfamethoxazole,Resistant
562.142336,cefotaxime,Resistant
562.142336,ciprofloxacin,Resistant
562.142336,gentamicin,Susceptible
562.142336,trimethoprim/sulfamethoxazole,Resistant
562.142337,cefotaxime,Resistant
562.142337,ciprofloxacin,Resistant
562.142337,gentamicin,Susceptible
562.142337,trimethoprim/sulfamethoxazole,Resistant
562.142338,cefotaxime,Resistant
562.142338,ciprofloxacin,Resistant
562.142338,gentamicin,Susceptible
562.142339,cefotaxime,Resistant
562.142339,ciprofloxacin,Resistant
562.142339,gentamicin,Susceptible
562.142339,trimethoprim/sulfamethoxazole,Resistant
562.142340,cefotaxime,Resistant
562.142340,ciprofloxacin,Resistant
562.142340,gentamicin,Susceptible
562.142341,cefotaxime,Resistant
562.142341,ciprofloxacin,Resistant
562.142341,gentamicin,Susceptible
562.142341,trimethoprim/sulfamethoxazole,Resistant
562.142342,cefotaxime,Resistant
562.142342,ciprofloxacin,Susceptible
562.142342,gentamicin,Susceptible
562.142343,cefotaxime,Resistant
562.142343,ciprofloxacin,Resistant
562.142343,gentamicin,Susceptible
562.142344,cefotaxime,Resistant
562.142344,ciprofloxacin,Resistant
562.142344,gentamicin,Resistant
562.142344,trimethoprim/sulfamethoxazole,Resistant
562.142345,cefotaxime,Resistant
562.142345,ciprofloxacin,Resistant
562.142345,gentamicin,Resistant
562.142345,trimethoprim/sulfamethoxazole,Resistant
562.142346,cefotaxime,Resistant
562.142346,ciprofloxacin,Susceptible
562.142346,gentamicin,Susceptible
562.142347,cefotaxime,Resistant
562.142347,ciprofloxacin,Resistant
562.142347,gentamicin,Susceptible
562.142348,cefotaxime,Resistant
562.142348,ciprofloxacin,Resistant
562.142348,gentamicin,Susceptible
562.142349,cefotaxime,Resistant
562.142349,ciprofloxacin,Resistant
562.142349,gentamicin,Susceptible
562.142350,cefotaxime,Resistant
562.142350,ciprofloxacin,Resistant
562.142350,gentamicin,Susceptible
562.142350,trimethoprim/sulfamethoxazole,Resistant
562.142351,cefotaxime,Resistant
562.142351,ciprofloxacin,Susceptible
562.142351,gentamicin,Susceptible
562.142351,trimethoprim/sulfamethoxazole,Resistant
562.142352,cefotaxime,Resistant
562.142352,ciprofloxacin,Resistant
562.142352,gentamicin,Susceptible
562.142352,trimethoprim/sulfamethoxazole,Resistant
562.142353,cefotaxime,Resistant
562.142353,ciprofloxacin,Resistant
562.142353,gentamicin,Susceptible
562.142353,trimethoprim/sulfamethoxazole,Resistant
562.142354,cefotaxime,Susceptible
562.142354,ciprofloxacin,Resistant
562.142354,gentamicin,Susceptible
562.142355,cefotaxime,Resistant
562.142355,ciprofloxacin,Resistant
562.142355,gentamicin,Resistant
562.142356,cefotaxime,Resistant
562.142356,ciprofloxacin,Resistant
562.142356,gentamicin,Resistant
562.142356,trimethoprim/sulfamethoxazole,Resistant
562.142357,cefotaxime,Resistant
562.142357,ciprofloxacin,Resistant
562.142357,gentamicin,Resistant
562.142357,trimethoprim/sulfamethoxazole,Resistant
562.142358,cefotaxime,Resistant
562.142358,ciprofloxacin,Resistant
562.142358,gentamicin,Resistant
562.142358,trimethoprim/sulfamethoxazole,Resistant
562.142359,cefotaxime,Resistant
562.142359,ciprofloxacin,Susceptible
562.142359,gentamicin,Resistant
562.142360,cefotaxime,Resistant
562.142360,ciprofloxacin,Resistant
562.142360,gentamicin,Susceptible
562.142361,cefotaxime,Resistant
562.142361,ciprofloxacin,Resistant
562.142361,gentamicin,Susceptible
562.142361,trimethoprim/sulfamethoxazole,Resistant
562.142362,cefotaxime,Susceptible
562.142362,ciprofloxacin,Resistant
562.142362,gentamicin,Susceptible
562.142362,trimethoprim/sulfamethoxazole,Resistant
562.142363,cefotaxime,Resistant
562.142363,ciprofloxacin,Resistant
562.142363,gentamicin,Susceptible
562.142364,cefotaxime,Resistant
562.142364,ciprofloxacin,Resistant
562.142364,gentamicin,Resistant
562.142364,trimethoprim/sulfamethoxazole,Resistant
562.142365,cefotaxime,Resistant
562.142365,ciprofloxacin,Resistant
562.142365,gentamicin,Resistant
562.142366,cefotaxime,Resistant
562.142366,ciprofloxacin,Resistant
562.142366,gentamicin,Susceptible
562.142367,cefotaxime,Resistant
562.142367,ciprofloxacin,Susceptible
562.142367,gentamicin,Susceptible
562.142368,cefotaxime,Resistant
562.142368,ciprofloxacin,Susceptible
562.142368,gentamicin,Susceptible
562.142369,cefotaxime,Resistant
562.142369,ciprofloxacin,Resistant
562.142369,gentamicin,Susceptible
562.142370,cefotaxime,Susceptible
562.142370,ciprofloxacin,Resistant
562.142370,gentamicin,Susceptible
562.142370,trimethoprim/sulfamethoxazole,Resistant
562.142371,cefotaxime,Resistant
562.142371,ciprofloxacin,Susceptible
562.142371,gentamicin,Susceptible
562.142372,cefotaxime,Susceptible
562.142372,ciprofloxacin,Resistant
562.142372,gentamicin,Resistant
562.142372,trimethoprim/sulfamethoxazole,Resistant
562.142373,cefotaxime,Resistant
562.142373,ciprofloxacin,Susceptible
562.142373,gentamicin,Susceptible
562.142374,cefotaxime,Resistant
562.142374,ciprofloxacin,Resistant
562.142374,gentamicin,Susceptible
562.142374,trimethoprim/sulfamethoxazole,Resistant
562.142375,cefotaxime,Resistant
562.142375,ciprofloxacin,Resistant
562.142375,gentamicin,Susceptible
562.142375,trimethoprim/sulfamethoxazole,Resistant
562.142377,cefotaxime,Resistant
562.142377,ciprofloxacin,Resistant
562.142377,gentamicin,Resistant
562.142377,trimethoprim/sulfamethoxazole,Resistant
562.142380,cefotaxime,Resistant
562.142380,ciprofloxacin,Resistant
562.142380,gentamicin,Susceptible
562.142380,trimethoprim/sulfamethoxazole,Resistant
562.142381,cefotaxime,Resistant
562.142381,ciprofloxacin,Resistant
562.142381,gentamicin,Resistant
562.142381,trimethoprim/sulfamethoxazole,Resistant
562.142385,cefotaxime,Resistant
562.142385,ciprofloxacin,Resistant
562.142385,gentamicin,Susceptible
562.142386,cefotaxime,Resistant
562.142386,ciprofloxacin,Susceptible
562.142386,gentamicin,Susceptible
562.142387,cefotaxime,Resistant
562.142387,ciprofloxacin,Susceptible
562.142387,gentamicin,Susceptible
562.142388,cefotaxime,Resistant
562.142388,ciprofloxacin,Resistant
562.142388,gentamicin,Susceptible
562.142388,trimethoprim/sulfamethoxazole,Resistant
562.142389,cefotaxime,Resistant
562.142389,ciprofloxacin,Resistant
562.142389,gentamicin,Susceptible
562.142390,cefotaxime,Resistant
562.142390,ciprofloxacin,Susceptible
562.142390,gentamicin,Susceptible
562.142391,cefotaxime,Resistant
562.142391,ciprofloxacin,Resistant
562.142391,gentamicin,Resistant
562.142391,trimethoprim/sulfamethoxazole,Resistant
562.142392,cefotaxime,Resistant
562.142392,ciprofloxacin,Resistant
562.142392,gentamicin,Susceptible
562.142392,trimethoprim/sulfamethoxazole,Resistant
562.142393,cefotaxime,Resistant
562.142393,ciprofloxacin,Resistant
562.142393,gentamicin,Susceptible
562.142393,trimethoprim/sulfamethoxazole,Resistant
562.142394,cefotaxime,Resistant
562.142394,ciprofloxacin,Resistant
562.142394,gentamicin,Resistant
562.142394,trimethoprim/sulfamethoxazole,Resistant
562.142395,cefotaxime,Resistant
562.142395,ciprofloxacin,Resistant
562.142395,gentamicin,Susceptible
562.142395,trimethoprim/sulfamethoxazole,Resistant
562.142396,cefotaxime,Resistant
562.142396,ciprofloxacin,Resistant
562.142396,gentamicin,Susceptible
562.142396,trimethoprim/sulfamethoxazole,Resistant
562.142397,cefotaxime,Resistant
562.142397,ciprofloxacin,Resistant
562.142397,gentamicin,Susceptible
562.142398,cefotaxime,Resistant
562.142398,ciprofloxacin,Resistant
562.142398,gentamicin,Resistant
562.142399,cefotaxime,Resistant
562.142399,ciprofloxacin,Resistant
562.142399,gentamicin,Resistant
562.142399,trimethoprim/sulfamethoxazole,Resistant
562.142400,cefotaxime,Resistant
562.142400,ciprofloxacin,Resistant
562.142400,gentamicin,Resistant
562.142400,trimethoprim/sulfamethoxazole,Resistant
562.142401,cefotaxime,Resistant
562.142401,ciprofloxacin,Resistant
562.142401,gentamicin,Resistant
562.142401,trimethoprim/sulfamethoxazole,Resistant
562.142402,ciprofloxacin,Susceptible
562.142402,gentamicin,Susceptible
562.142403,cefotaxime,Resistant
562.142403,ciprofloxacin,Resistant
562.142403,gentamicin,Susceptible
562.142404,cefotaxime,Susceptible
562.142404,ciprofloxacin,Susceptible
562.142404,gentamicin,Susceptible
562.142405,cefotaxime,Resistant
562.142405,ciprofloxacin,Resistant
562.142405,gentamicin,Resistant
562.142405,trimethoprim/sulfamethoxazole,Resistant
562.142406,cefotaxime,Resistant
562.142406,ciprofloxacin,Resistant
562.142406,gentamicin,Susceptible
562.142406,trimethoprim/sulfamethoxazole,Resistant
562.142407,cefotaxime,Resistant
562.142407,ciprofloxacin,Resistant
562.142407,gentamicin,Resistant
562.142413,cefotaxime,Susceptible
562.142413,ciprofloxacin,Resistant
562.142413,gentamicin,Susceptible
562.142414,cefotaxime,Resistant
562.142414,ciprofloxacin,Resistant
562.142414,gentamicin,Susceptible
562.142419,ciprofloxacin,Susceptible
562.142419,gentamicin,Susceptible
562.142420,ciprofloxacin,Resistant
562.142420,gentamicin,Susceptible
562.142420,trimethoprim/sulfamethoxazole,Resistant
562.142421,cefotaxime,Susceptible
562.142421,ciprofloxacin,Resistant
562.142421,gentamicin,Susceptible
562.142422,cefotaxime,Resistant
562.142422,ciprofloxacin,Susceptible
562.142422,gentamicin,Resistant
562.142422,trimethoprim/sulfamethoxazole,Resistant
562.142424,cefotaxime,Resistant
562.142424,ciprofloxacin,Resistant
562.142424,gentamicin,Resistant
562.142426,cefotaxime,Resistant
562.142426,ciprofloxacin,Resistant
562.142426,gentamicin,Susceptible
562.142427,cefotaxime,Resistant
562.142427,ciprofloxacin,Resistant
562.142427,gentamicin,Susceptible
562.142428,cefotaxime,Resistant
562.142428,ciprofloxacin,Resistant
562.142428,gentamicin,Resistant
562.142428,trimethoprim/sulfamethoxazole,Resistant
562.142429,cefotaxime,Resistant
562.142429,ciprofloxacin,Resistant
562.142429,gentamicin,Susceptible
562.142430,ciprofloxacin,Susceptible
562.142430,gentamicin,Susceptible
562.142431,cefotaxime,Resistant
562.142431,ciprofloxacin,Resistant
562.142431,gentamicin,Susceptible
562.142432,cefotaxime,Resistant
562.142432,ciprofloxacin,Resistant
562.142432,gentamicin,Susceptible
562.142433,cefotaxime,Susceptible
562.142433,ciprofloxacin,Resistant
562.142433,gentamicin,Susceptible
562.142433,trimethoprim/sulfamethoxazole,Resistant
562.142434,cefotaxime,Resistant
562.142434,ciprofloxacin,Resistant
562.142434,gentamicin,Resistant
562.142434,trimethoprim/sulfamethoxazole,Resistant
562.142435,cefotaxime,Resistant
562.142435,ciprofloxacin,Resistant
562.142435,gentamicin,Susceptible
562.142437,cefotaxime,Resistant
562.142437,ciprofloxacin,Resistant
562.142437,gentamicin,Susceptible
562.142438,cefotaxime,Susceptible
562.142438,ciprofloxacin,Susceptible
562.142438,gentamicin,Susceptible
562.142439,cefotaxime,Resistant
562.142439,ciprofloxacin,Resistant
562.142439,gentamicin,Resistant
562.142439,trimethoprim/sulfamethoxazole,Resistant
562.142440,cefotaxime,Resistant
562.142440,ciprofloxacin,Resistant
562.142440,gentamicin,Resistant
562.142441,cefotaxime,Resistant
562.142441,ciprofloxacin,Resistant
562.142441,gentamicin,Resistant
562.142441,trimethoprim/sulfamethoxazole,Resistant
562.142442,cefotaxime,Resistant
562.142442,ciprofloxacin,Resistant
562.142442,gentamicin,Susceptible
562.142442,trimethoprim/sulfamethoxazole,Resistant
562.142443,cefotaxime,Resistant
562.142443,ciprofloxacin,Resistant
562.142443,gentamicin,Susceptible
562.142444,cefotaxime,Resistant
562.142444,ciprofloxacin,Resistant
562.142444,gentamicin,Resistant
562.142444,trimethoprim/sulfamethoxazole,Resistant
562.142445,cefotaxime,Resistant
562.142445,ciprofloxacin,Susceptible
562.142445,gentamicin,Susceptible
562.142446,cefotaxime,Resistant
562.142446,ciprofloxacin,Resistant
562.142446,gentamicin,Resistant
562.142447,cefotaxime,Resistant
562.142447,ciprofloxacin,Susceptible
562.142447,gentamicin,Susceptible
562.142447,trimethoprim/sulfamethoxazole,Resistant
562.142448,cefotaxime,Resistant
562.142448,ciprofloxacin,Resistant
562.142448,gentamicin,Susceptible
562.142449,cefotaxime,Resistant
562.142449,ciprofloxacin,Resistant
562.142449,gentamicin,Resistant
562.142450,cefotaxime,Resistant
562.142450,ciprofloxacin,Resistant
562.142450,gentamicin,Susceptible
562.142451,cefotaxime,Resistant
562.142451,ciprofloxacin,Susceptible
562.142451,gentamicin,Susceptible
562.142452,cefotaxime,Resistant
562.142452,ciprofloxacin,Resistant
562.142452,gentamicin,Resistant
562.142452,trimethoprim/sulfamethoxazole,Resistant
562.142453,cefotaxime,Resistant
562.142453,ciprofloxacin,Resistant
562.142453,gentamicin,Resistant
562.142453,trimethoprim/sulfamethoxazole,Resistant
562.142454,cefotaxime,Resistant
562.142454,ciprofloxacin,Resistant
562.142454,gentamicin,Susceptible
562.142455,cefotaxime,Resistant
562.142455,ciprofloxacin,Resistant
562.142455,gentamicin,Susceptible
562.142456,cefotaxime,Resistant
562.142456,ciprofloxacin,Resistant
562.142456,gentamicin,Susceptible
562.142457,cefotaxime,Resistant
562.142457,ciprofloxacin,Resistant
562.142457,gentamicin,Susceptible
562.142458,cefotaxime,Resistant
562.142458,ciprofloxacin,Resistant
562.142458,gentamicin,Susceptible
562.142458,trimethoprim/sulfamethoxazole,Resistant
562.142459,cefotaxime,Resistant
562.142459,ciprofloxacin,Resistant
562.142459,gentamicin,Susceptible
562.142460,cefotaxime,Resistant
562.142460,ciprofloxacin,Resistant
562.142460,gentamicin,Susceptible
562.142460,trimethoprim/sulfamethoxazole,Resistant
562.142461,cefotaxime,Resistant
562.142461,ciprofloxacin,Resistant
562.142461,gentamicin,Susceptible
562.142461,trimethoprim/sulfamethoxazole,Resistant
562.142462,cefotaxime,Resistant
562.142462,ciprofloxacin,Susceptible
562.142462,gentamicin,Susceptible
562.142463,cefotaxime,Resistant
562.142463,ciprofloxacin,Resistant
562.142463,gentamicin,Resistant
562.142464,cefotaxime,Resistant
562.142464,ciprofloxacin,Resistant
562.142464,gentamicin,Susceptible
562.142464,trimethoprim/sulfamethoxazole,Resistant
562.142465,cefotaxime,Resistant
562.142465,ciprofloxacin,Resistant
562.142465,gentamicin,Resistant
562.142465,trimethoprim/sulfamethoxazole,Resistant
562.142466,cefotaxime,Resistant
562.142466,ciprofloxacin,Resistant
562.142466,gentamicin,Resistant
562.142467,cefotaxime,Resistant
562.142467,ciprofloxacin,Resistant
562.142467,gentamicin,Resistant
562.142468,cefotaxime,Resistant
562.142468,ciprofloxacin,Resistant
562.142468,gentamicin,Resistant
562.142469,cefotaxime,Resistant
562.142469,ciprofloxacin,Resistant
562.142469,gentamicin,Resistant
562.142469,trimethoprim/sulfamethoxazole,Resistant
562.142470,cefotaxime,Resistant
562.142470,ciprofloxacin,Resistant
562.142470,gentamicin,Susceptible
562.142470,trimethoprim/sulfamethoxazole,Resistant
562.142471,cefotaxime,Resistant
562.142471,ciprofloxacin,Resistant
562.142471,gentamicin,Susceptible
562.142472,cefotaxime,Resistant
562.142472,ciprofloxacin,Resistant
562.142472,gentamicin,Resistant
562.142473,cefotaxime,Resistant
562.142473,ciprofloxacin,Resistant
562.142473,gentamicin,Susceptible
562.142473,trimethoprim/sulfamethoxazole,Resistant
562.142474,cefotaxime,Resistant
562.142474,ciprofloxacin,Resistant
562.142474,gentamicin,Resistant
562.142474,trimethoprim/sulfamethoxazole,Resistant
562.142475,cefotaxime,Resistant
562.142475,ciprofloxacin,Resistant
562.142475,gentamicin,Resistant
562.142475,trimethoprim/sulfamethoxazole,Resistant
562.142476,cefotaxime,Resistant
562.142476,ciprofloxacin,Resistant
562.142476,gentamicin,Resistant
562.142476,trimethoprim/sulfamethoxazole,Resistant
562.142477,cefotaxime,Susceptible
562.142477,ciprofloxacin,Resistant
562.142477,gentamicin,Susceptible
562.142478,cefotaxime,Susceptible
562.142478,ciprofloxacin,Susceptible
562.142478,gentamicin,Susceptible
562.142479,cefotaxime,Resistant
562.142479,ciprofloxacin,Resistant
562.142479,gentamicin,Susceptible
562.142481,cefotaxime,Susceptible
562.142481,ciprofloxacin,Susceptible
562.142481,gentamicin,Susceptible
562.142482,cefotaxime,Resistant
562.142482,ciprofloxacin,Susceptible
562.142482,gentamicin,Susceptible
562.142482,trimethoprim/sulfamethoxazole,Resistant
562.142483,cefotaxime,Resistant
562.142483,ciprofloxacin,Resistant
562.142483,gentamicin,Susceptible
562.142483,trimethoprim/sulfamethoxazole,Resistant
562.142484,cefotaxime,Resistant
562.142484,ciprofloxacin,Resistant
562.142484,gentamicin,Susceptible
562.142485,cefotaxime,Resistant
562.142485,ciprofloxacin,Resistant
562.142485,gentamicin,Susceptible
562.142486,cefotaxime,Resistant
562.142486,ciprofloxacin,Resistant
562.142486,gentamicin,Susceptible
562.142487,cefotaxime,Resistant
562.142487,ciprofloxacin,Resistant
562.142487,gentamicin,Susceptible
562.142488,cefotaxime,Susceptible
562.142488,ciprofloxacin,Susceptible
562.142488,gentamicin,Susceptible
562.142489,cefotaxime,Resistant
562.142489,ciprofloxacin,Resistant
562.142489,gentamicin,Resistant
562.142489,trimethoprim/sulfamethoxazole,Resistant
562.142490,cefotaxime,Resistant
562.142490,ciprofloxacin,Resistant
562.142490,gentamicin,Susceptible
562.142491,cefotaxime,Resistant
562.142491,ciprofloxacin,Resistant
562.142491,gentamicin,Susceptible
562.142492,cefotaxime,Resistant
562.142492,ciprofloxacin,Resistant
562.142492,gentamicin,Susceptible
562.142492,trimethoprim/sulfamethoxazole,Resistant
562.142493,cefotaxime,Resistant
562.142493,ciprofloxacin,Resistant
562.142493,gentamicin,Susceptible
562.142493,trimethoprim/sulfamethoxazole,Resistant
562.142494,cefotaxime,Resistant
562.142494,ciprofloxacin,Susceptible
562.142494,gentamicin,Susceptible
562.142495,cefotaxime,Resistant
562.142495,ciprofloxacin,Resistant
562.142495,gentamicin,Susceptible
562.142496,cefotaxime,Resistant
562.142496,ciprofloxacin,Resistant
562.142496,gentamicin,Susceptible
562.142496,trimethoprim/sulfamethoxazole,Resistant
562.142497,cefotaxime,Resistant
562.142497,ciprofloxacin,Resistant
562.142497,gentamicin,Resistant
562.142497,trimethoprim/sulfamethoxazole,Resistant
562.142498,cefotaxime,Resistant
562.142498,ciprofloxacin,Resistant
562.142498,gentamicin,Susceptible
562.142499,cefotaxime,Resistant
562.142499,ciprofloxacin,Resistant
562.142499,gentamicin,Susceptible
562.142500,cefotaxime,Resistant
562.142500,ciprofloxacin,Resistant
562.142500,gentamicin,Susceptible
562.142500,trimethoprim/sulfamethoxazole,Resistant
562.142501,cefotaxime,Resistant
562.142501,ciprofloxacin,Resistant
562.142501,gentamicin,Susceptible
562.142502,cefotaxime,Resistant
562.142502,ciprofloxacin,Susceptible
562.142502,gentamicin,Susceptible
562.142503,cefotaxime,Resistant
562.142503,ciprofloxacin,Resistant
562.142503,gentamicin,Susceptible
562.142504,cefotaxime,Resistant
562.142504,ciprofloxacin,Resistant
562.142504,gentamicin,Susceptible
562.142504,trimethoprim/sulfamethoxazole,Resistant
562.142505,cefotaxime,Resistant
562.142505,ciprofloxacin,Resistant
562.142505,gentamicin,Susceptible
562.142505,trimethoprim/sulfamethoxazole,Resistant
562.142506,cefotaxime,Resistant
562.142506,ciprofloxacin,Resistant
562.142506,gentamicin,Susceptible
562.142507,cefotaxime,Susceptible
562.142507,ciprofloxacin,Resistant
562.142507,gentamicin,Susceptible
562.142508,cefotaxime,Resistant
562.142508,ciprofloxacin,Resistant
562.142508,gentamicin,Susceptible
562.142508,trimethoprim/sulfamethoxazole,Resistant
562.142509,cefotaxime,Resistant
562.142509,ciprofloxacin,Resistant
562.142509,gentamicin,Susceptible
562.142509,trimethoprim/sulfamethoxazole,Resistant
562.142510,cefotaxime,Resistant
562.142510,ciprofloxacin,Resistant
562.142510,gentamicin,Susceptible
562.142511,cefotaxime,Susceptible
562.142511,ciprofloxacin,Susceptible
562.142511,gentamicin,Susceptible
562.142512,cefotaxime,Resistant
562.142512,ciprofloxacin,Resistant
562.142512,gentamicin,Resistant
562.142512,trimethoprim/sulfamethoxazole,Resistant
562.142514,cefotaxime,Resistant
562.142514,ciprofloxacin,Resistant
562.142514,gentamicin,Resistant
562.142515,cefotaxime,Resistant
562.142515,ciprofloxacin,Resistant
562.142515,gentamicin,Susceptible
562.142516,cefotaxime,Resistant
562.142516,ciprofloxacin,Resistant
562.142516,gentamicin,Susceptible
562.142517,ciprofloxacin,Susceptible
562.142517,gentamicin,Susceptible
562.142519,cefotaxime,Susceptible
562.142519,ciprofloxacin,Susceptible
562.142519,gentamicin,Susceptible
562.142520,cefotaxime,Susceptible
562.142520,ciprofloxacin,Susceptible
562.142520,gentamicin,Susceptible
562.142521,cefotaxime,Resistant
562.142521,ciprofloxacin,Resistant
562.142521,gentamicin,Resistant
562.142521,trimethoprim/sulfamethoxazole,Resistant
562.142522,cefotaxime,Resistant
562.142522,ciprofloxacin,Resistant
562.142522,gentamicin,Resistant
562.142523,cefotaxime,Resistant
562.142523,ciprofloxacin,Resistant
562.142523,gentamicin,Susceptible
562.142523,trimethoprim/sulfamethoxazole,Resistant
562.142524,cefotaxime,Susceptible
562.142524,ciprofloxacin,Susceptible
562.142524,gentamicin,Susceptible
562.142525,cefotaxime,Resistant
562.142525,ciprofloxacin,Resistant
562.142525,gentamicin,Susceptible
562.142527,cefotaxime,Resistant
562.142527,ciprofloxacin,Susceptible
562.142527,gentamicin,Susceptible
562.142527,trimethoprim/sulfamethoxazole,Resistant
562.142528,cefotaxime,Resistant
562.142528,ciprofloxacin,Resistant
562.142528,gentamicin,Susceptible
562.142529,cefotaxime,Susceptible
562.142529,ciprofloxacin,Resistant
562.142529,gentamicin,Susceptible
562.142530,cefotaxime,Resistant
562.142530,ciprofloxacin,Resistant
562.142530,gentamicin,Resistant
562.142534,cefotaxime,Resistant
562.142534,ciprofloxacin,Resistant
562.142534,gentamicin,Resistant
562.142535,cefotaxime,Resistant
562.142535,ciprofloxacin,Resistant
562.142535,gentamicin,Resistant
562.142536,cefotaxime,Resistant
562.142536,ciprofloxacin,Resistant
562.142536,gentamicin,Resistant
562.142537,cefotaxime,Resistant
562.142537,ciprofloxacin,Resistant
562.142537,gentamicin,Susceptible
562.142537,trimethoprim/sulfamethoxazole,Resistant
562.142538,cefotaxime,Resistant
562.142538,ciprofloxacin,Resistant
562.142538,gentamicin,Susceptible
562.142539,cefotaxime,Resistant
562.142539,ciprofloxacin,Resistant
562.142539,gentamicin,Susceptible
562.142540,cefotaxime,Resistant
562.142540,ciprofloxacin,Resistant
562.142540,gentamicin,Susceptible
562.142541,cefotaxime,Susceptible
562.142541,ciprofloxacin,Resistant
562.142541,gentamicin,Susceptible
562.142541,trimethoprim/sulfamethoxazole,Resistant
562.142542,cefotaxime,Resistant
562.142542,ciprofloxacin,Resistant
562.142542,gentamicin,Resistant
562.142542,trimethoprim/sulfamethoxazole,Resistant
562.142543,cefotaxime,Resistant
562.142543,ciprofloxacin,Resistant
562.142543,gentamicin,Susceptible
562.142543,trimethoprim/sulfamethoxazole,Resistant
562.142544,ciprofloxacin,Resistant
562.142544,gentamicin,Susceptible
562.142544,trimethoprim/sulfamethoxazole,Resistant
562.142545,cefotaxime,Resistant
562.142545,ciprofloxacin,Resistant
562.142545,gentamicin,Susceptible
562.142546,cefotaxime,Resistant
562.142546,ciprofloxacin,Resistant
562.142546,gentamicin,Resistant
562.142547,cefotaxime,Resistant
562.142547,ciprofloxacin,Resistant
562.142547,gentamicin,Susceptible
562.142547,trimethoprim/sulfamethoxazole,Resistant
562.142548,cefotaxime,Resistant
562.142548,ciprofloxacin,Resistant
562.142548,gentamicin,Resistant
562.142548,trimethoprim/sulfamethoxazole,Resistant
562.142549,cefotaxime,Resistant
562.142549,ciprofloxacin,Susceptible
562.142549,gentamicin,Susceptible
562.142550,cefotaxime,Susceptible
562.142550,ciprofloxacin,Susceptible
562.142550,gentamicin,Susceptible
562.142551,ciprofloxacin,Susceptible
562.142551,gentamicin,Resistant
562.142551,trimethoprim/sulfamethoxazole,Resistant
562.142552,cefotaxime,Resistant
562.142552,ciprofloxacin,Resistant
562.142552,gentamicin,Susceptible
562.142552,trimethoprim/sulfamethoxazole,Resistant
562.142553,cefotaxime,Susceptible
562.142553,ciprofloxacin,Resistant
562.142553,gentamicin,Susceptible
562.142554,cefotaxime,Susceptible
562.142554,ciprofloxacin,Susceptible
562.142554,gentamicin,Susceptible
562.142555,cefotaxime,Resistant
562.142555,ciprofloxacin,Resistant
562.142555,gentamicin,Susceptible
562.142556,cefotaxime,Susceptible
562.142556,ciprofloxacin,Resistant
562.142556,gentamicin,Susceptible
562.142556,trimethoprim/sulfamethoxazole,Resistant
562.142557,cefotaxime,Resistant
562.142557,ciprofloxacin,Resistant
562.142557,gentamicin,Susceptible
562.142558,cefotaxime,Susceptible
562.142558,ciprofloxacin,Susceptible
562.142558,gentamicin,Susceptible
562.142559,cefotaxime,Susceptible
562.142559,ciprofloxacin,Susceptible
562.142559,gentamicin,Susceptible
562.142560,cefotaxime,Resistant
562.142560,ciprofloxacin,Resistant
562.142560,gentamicin,Susceptible
562.142560,trimethoprim/sulfamethoxazole,Resistant
562.142561,cefotaxime,Resistant
562.142561,ciprofloxacin,Resistant
562.142561,gentamicin,Susceptible
562.142561,trimethoprim/sulfamethoxazole,Resistant
562.142562,cefotaxime,Resistant
562.142562,ciprofloxacin,Resistant
562.142562,gentamicin,Susceptible
562.142563,cefotaxime,Resistant
562.142563,ciprofloxacin,Resistant
562.142563,gentamicin,Susceptible
562.142563,trimethoprim/sulfamethoxazole,Resistant
562.142565,cefotaxime,Resistant
562.142565,ciprofloxacin,Resistant
562.142565,gentamicin,Susceptible
562.142566,cefotaxime,Resistant
562.142566,ciprofloxacin,Resistant
562.142566,gentamicin,Susceptible
562.142567,cefotaxime,Resistant
562.142567,ciprofloxacin,Resistant
562.142567,gentamicin,Susceptible
562.142568,cefotaxime,Resistant
562.142568,ciprofloxacin,Resistant
562.142568,gentamicin,Susceptible
562.142568,trimethoprim/sulfamethoxazole,Resistant
562.142569,cefotaxime,Resistant
562.142569,ciprofloxacin,Resistant
562.142569,gentamicin,Susceptible
562.142569,trimethoprim/sulfamethoxazole,Resistant
562.142570,cefotaxime,Resistant
562.142570,ciprofloxacin,Resistant
562.142570,gentamicin,Resistant
562.142570,trimethoprim/sulfamethoxazole,Resistant
562.142571,cefotaxime,Resistant
562.142571,ciprofloxacin,Resistant
562.142571,gentamicin,Susceptible
562.142572,cefotaxime,Resistant
562.142572,ciprofloxacin,Resistant
562.142572,gentamicin,Susceptible
562.142573,cefotaxime,Resistant
562.142573,ciprofloxacin,Susceptible
562.142573,gentamicin,Susceptible
562.142574,cefotaxime,Resistant
562.142574,ciprofloxacin,Resistant
562.142574,gentamicin,Susceptible
562.142574,trimethoprim/sulfamethoxazole,Resistant
562.142581,cefotaxime,Susceptible
562.142581,ciprofloxacin,Susceptible
562.142581,gentamicin,Susceptible
562.142582,cefotaxime,Resistant
562.142582,ciprofloxacin,Resistant
562.142582,gentamicin,Susceptible
562.142582,trimethoprim/sulfamethoxazole,Resistant
562.142583,cefotaxime,Resistant
562.142583,ciprofloxacin,Susceptible
562.142583,gentamicin,Resistant
562.142583,trimethoprim/sulfamethoxazole,Resistant
562.142584,cefotaxime,Resistant
562.142584,ciprofloxacin,Resistant
562.142584,gentamicin,Susceptible
562.142585,cefotaxime,Resistant
562.142585,ciprofloxacin,Resistant
562.142585,gentamicin,Susceptible
562.142586,cefotaxime,Resistant
562.142586,ciprofloxacin,Resistant
562.142586,gentamicin,Susceptible
562.142586,trimethoprim/sulfamethoxazole,Resistant
562.142587,cefotaxime,Resistant
562.142587,ciprofloxacin,Resistant
562.142587,gentamicin,Susceptible
562.142588,cefotaxime,Susceptible
562.142588,ciprofloxacin,Susceptible
562.142588,gentamicin,Susceptible
562.142589,cefotaxime,Resistant
562.142589,ciprofloxacin,Resistant
562.142589,gentamicin,Susceptible
562.142590,cefotaxime,Resistant
562.142590,ciprofloxacin,Susceptible
562.142590,gentamicin,Resistant
562.142590,trimethoprim/sulfamethoxazole,Resistant
562.142591,cefotaxime,Resistant
562.142591,ciprofloxacin,Resistant
562.142591,gentamicin,Susceptible
562.142592,cefotaxime,Susceptible
562.142592,ciprofloxacin,Resistant
562.142592,gentamicin,Resistant
562.142592,trimethoprim/sulfamethoxazole,Resistant
562.142593,cefotaxime,Resistant
562.142593,ciprofloxacin,Resistant
562.142593,gentamicin,Susceptible
562.142594,cefotaxime,Resistant
562.142594,ciprofloxacin,Resistant
562.142594,gentamicin,Susceptible
562.142595,cefotaxime,Resistant
562.142595,ciprofloxacin,Susceptible
562.142595,gentamicin,Susceptible
562.142596,cefotaxime,Resistant
562.142596,ciprofloxacin,Resistant
562.142596,gentamicin,Susceptible
562.142596,trimethoprim/sulfamethoxazole,Resistant
562.142597,cefotaxime,Resistant
562.142597,ciprofloxacin,Resistant
562.142597,gentamicin,Resistant
562.142597,trimethoprim/sulfamethoxazole,Resistant
562.142598,cefotaxime,Resistant
562.142598,ciprofloxacin,Susceptible
562.142598,gentamicin,Resistant
562.142598,trimethoprim/sulfamethoxazole,Resistant
562.142599,cefotaxime,Resistant
562.142599,ciprofloxacin,Resistant
562.142599,gentamicin,Susceptible
562.142600,cefotaxime,Susceptible
562.142600,ciprofloxacin,Susceptible
562.142600,gentamicin,Susceptible
562.142600,trimethoprim/sulfamethoxazole,Resistant
562.142601,cefotaxime,Resistant
562.142601,ciprofloxacin,Resistant
562.142601,gentamicin,Susceptible
562.142601,trimethoprim/sulfamethoxazole,Resistant
562.142602,cefotaxime,Resistant
562.142602,ciprofloxacin,Resistant
562.142602,gentamicin,Susceptible
562.142603,ciprofloxacin,Susceptible
562.142603,gentamicin,Susceptible
562.142604,cefotaxime,Resistant
562.142604,ciprofloxacin,Susceptible
562.142604,gentamicin,Susceptible
562.142605,cefotaxime,Resistant
562.142605,ciprofloxacin,Resistant
562.142605,gentamicin,Susceptible
562.142605,trimethoprim/sulfamethoxazole,Resistant
562.142607,cefotaxime,Resistant
562.142607,ciprofloxacin,Resistant
562.142607,gentamicin,Susceptible
562.142607,trimethoprim/sulfamethoxazole,Resistant
562.142608,cefotaxime,Resistant
562.142608,ciprofloxacin,Susceptible
562.142608,gentamicin,Resistant
562.142608,trimethoprim/sulfamethoxazole,Resistant
562.142609,cefotaxime,Resistant
562.142609,ciprofloxacin,Resistant
562.142609,gentamicin,Susceptible
562.142609,trimethoprim/sulfamethoxazole,Resistant
562.142610,cefotaxime,Resistant
562.142610,ciprofloxacin,Resistant
562.142610,gentamicin,Resistant
562.142611,cefotaxime,Resistant
562.142611,ciprofloxacin,Susceptible
562.142611,gentamicin,Susceptible
562.142612,cefotaxime,Resistant
562.142612,ciprofloxacin,Susceptible
562.142612,gentamicin,Susceptible
562.142612,trimethoprim/sulfamethoxazole,Resistant
562.142613,cefotaxime,Resistant
562.142613,ciprofloxacin,Resistant
562.142613,gentamicin,Susceptible
562.142613,trimethoprim/sulfamethoxazole,Resistant
562.142614,cefotaxime,Resistant
562.142614,ciprofloxacin,Resistant
562.142614,gentamicin,Susceptible
562.142615,cefotaxime,Susceptible
562.142615,ciprofloxacin,Susceptible
562.142615,gentamicin,Susceptible
562.142616,cefotaxime,Resistant
562.142616,ciprofloxacin,Susceptible
562.142616,gentamicin,Susceptible
562.142617,cefotaxime,Resistant
562.142617,ciprofloxacin,Resistant
562.142617,gentamicin,Susceptible
562.142618,cefotaxime,Resistant
562.142618,ciprofloxacin,Susceptible
562.142618,gentamicin,Susceptible
562.142618,trimethoprim/sulfamethoxazole,Resistant
562.142624,cefotaxime,Resistant
562.142624,ciprofloxacin,Resistant
562.142624,gentamicin,Resistant
562.142624,trimethoprim/sulfamethoxazole,Resistant
562.142626,cefotaxime,Resistant
562.142626,ciprofloxacin,Susceptible
562.142626,gentamicin,Resistant
562.142626,trimethoprim/sulfamethoxazole,Resistant
562.142627,cefotaxime,Susceptible
562.142627,ciprofloxacin,Susceptible
562.142627,gentamicin,Susceptible
562.142628,cefotaxime,Resistant
562.142628,ciprofloxacin,Resistant
562.142628,gentamicin,Susceptible
562.142629,cefotaxime,Susceptible
562.142629,ciprofloxacin,Susceptible
562.142629,gentamicin,Susceptible
562.142632,cefotaxime,Susceptible
562.142632,ciprofloxacin,Susceptible
562.142632,gentamicin,Susceptible
562.142634,cefotaxime,Resistant
562.142634,ciprofloxacin,Resistant
562.142634,gentamicin,Susceptible
562.142634,trimethoprim/sulfamethoxazole,Resistant
562.142635,cefotaxime,Resistant
562.142635,ciprofloxacin,Resistant
562.142635,gentamicin,Resistant
562.142635,trimethoprim/sulfamethoxazole,Resistant
562.142636,cefotaxime,Resistant
562.142636,ciprofloxacin,Resistant
562.142636,gentamicin,Resistant
562.142636,trimethoprim/sulfamethoxazole,Resistant
562.142637,cefotaxime,Resistant
562.142637,ciprofloxacin,Resistant
562.142637,gentamicin,Susceptible
562.142638,cefotaxime,Resistant
562.142638,ciprofloxacin,Resistant
562.142638,gentamicin,Susceptible
562.142639,cefotaxime,Resistant
562.142639,ciprofloxacin,Resistant
562.142639,gentamicin,Susceptible
562.142640,cefotaxime,Resistant
562.142640,ciprofloxacin,Resistant
562.142640,gentamicin,Susceptible
562.142641,cefotaxime,Resistant
562.142641,ciprofloxacin,Resistant
562.142641,gentamicin,Susceptible
562.142641,trimethoprim/sulfamethoxazole,Resistant
562.142642,cefotaxime,Resistant
562.142642,ciprofloxacin,Susceptible
562.142642,gentamicin,Susceptible
562.142642,trimethoprim/sulfamethoxazole,Resistant
562.142643,cefotaxime,Resistant
562.142643,ciprofloxacin,Resistant
562.142643,gentamicin,Susceptible
562.142643,trimethoprim/sulfamethoxazole,Resistant
562.142644,cefotaxime,Resistant
562.142644,ciprofloxacin,Resistant
562.142644,gentamicin,Susceptible
562.142644,trimethoprim/sulfamethoxazole,Resistant
562.142645,cefotaxime,Resistant
562.142645,ciprofloxacin,Susceptible
562.142645,gentamicin,Susceptible
562.142646,cefotaxime,Resistant
562.142646,ciprofloxacin,Resistant
562.142646,gentamicin,Susceptible
562.142647,cefotaxime,Resistant
562.142647,ciprofloxacin,Resistant
562.142647,gentamicin,Susceptible
562.142648,cefotaxime,Resistant
562.142648,ciprofloxacin,Resistant
562.142648,gentamicin,Susceptible
562.142648,trimethoprim/sulfamethoxazole,Resistant
562.142649,cefotaxime,Resistant
562.142649,ciprofloxacin,Resistant
562.142649,gentamicin,Susceptible
562.142649,trimethoprim/sulfamethoxazole,Resistant
562.142650,cefotaxime,Resistant
562.142650,ciprofloxacin,Resistant
562.142650,gentamicin,Susceptible
562.142651,cefotaxime,Resistant
562.142651,ciprofloxacin,Resistant
562.142651,gentamicin,Resistant
562.142652,cefotaxime,Resistant
562.142652,ciprofloxacin,Resistant
562.142652,gentamicin,Resistant
562.142652,trimethoprim/sulfamethoxazole,Resistant
562.142653,cefotaxime,Susceptible
562.142653,ciprofloxacin,Resistant
562.142653,gentamicin,Susceptible
562.142654,cefotaxime,Resistant
562.142654,ciprofloxacin,Susceptible
562.142654,gentamicin,Susceptible
562.142655,cefotaxime,Resistant
562.142655,ciprofloxacin,Resistant
562.142655,gentamicin,Susceptible
562.142658,cefotaxime,Resistant
562.142658,ciprofloxacin,Resistant
562.142658,gentamicin,Susceptible
562.142659,cefotaxime,Resistant
562.142659,ciprofloxacin,Susceptible
562.142659,gentamicin,Susceptible
562.142659,trimethoprim/sulfamethoxazole,Resistant
562.142660,cefotaxime,Resistant
562.142660,ciprofloxacin,Resistant
562.142660,gentamicin,Resistant
562.142660,trimethoprim/sulfamethoxazole,Resistant
562.142672,cefotaxime,Resistant
562.142672,ciprofloxacin,Resistant
562.142672,gentamicin,Susceptible
562.142672,trimethoprim/sulfamethoxazole,Resistant
562.142679,cefotaxime,Resistant
562.142679,ciprofloxacin,Resistant
562.142679,gentamicin,Resistant
562.142679,trimethoprim/sulfamethoxazole,Resistant
562.142680,cefotaxime,Susceptible
562.142680,ciprofloxacin,Susceptible
562.142680,gentamicin,Susceptible
562.142682,cefotaxime,Susceptible
562.142682,ciprofloxacin,Resistant
562.142682,gentamicin,Susceptible
562.142684,ciprofloxacin,Susceptible
562.142684,gentamicin,Susceptible
562.142685,cefotaxime,Resistant
562.142685,ciprofloxacin,Resistant
562.142685,gentamicin,Susceptible
562.142685,trimethoprim/sulfamethoxazole,Resistant
562.142686,cefotaxime,Susceptible
562.142686,ciprofloxacin,Resistant
562.142686,gentamicin,Resistant
562.142687,cefotaxime,Resistant
562.142687,ciprofloxacin,Resistant
562.142687,gentamicin,Susceptible
562.142688,cefotaxime,Susceptible
562.142688,ciprofloxacin,Resistant
562.142688,gentamicin,Susceptible
562.142689,cefotaxime,Susceptible
562.142689,ciprofloxacin,Susceptible
562.142689,gentamicin,Susceptible
562.142690,cefotaxime,Resistant
562.142690,ciprofloxacin,Resistant
562.142690,gentamicin,Susceptible
562.142691,cefotaxime,Resistant
562.142691,ciprofloxacin,Resistant
562.142691,gentamicin,Susceptible
562.142692,cefotaxime,Resistant
562.142692,ciprofloxacin,Resistant
562.142692,gentamicin,Susceptible
562.142692,trimethoprim/sulfamethoxazole,Resistant
562.142693,cefotaxime,Susceptible
562.142693,ciprofloxacin,Susceptible
562.142693,gentamicin,Susceptible
562.142694,cefotaxime,Resistant
562.142694,ciprofloxacin,Resistant
562.142694,gentamicin,Susceptible
562.142694,trimethoprim/sulfamethoxazole,Resistant
562.142695,cefotaxime,Susceptible
562.142695,ciprofloxacin,Resistant
562.142695,gentamicin,Susceptible
562.142695,trimethoprim/sulfamethoxazole,Resistant
562.142696,cefotaxime,Susceptible
562.142696,ciprofloxacin,Susceptible
562.142696,gentamicin,Susceptible
562.142697,cefotaxime,Susceptible
562.142697,ciprofloxacin,Resistant
562.142697,gentamicin,Susceptible
562.142698,cefotaxime,Susceptible
562.142698,ciprofloxacin,Resistant
562.142698,gentamicin,Susceptible
562.142699,cefotaxime,Resistant
562.142699,ciprofloxacin,Resistant
562.142699,gentamicin,Susceptible
562.142700,cefotaxime,Resistant
562.142700,ciprofloxacin,Resistant
562.142700,gentamicin,Susceptible
562.142700,trimethoprim/sulfamethoxazole,Resistant
562.142701,cefotaxime,Resistant
562.142701,ciprofloxacin,Resistant
562.142701,gentamicin,Susceptible
562.142703,ciprofloxacin,Resistant
562.142703,gentamicin,Susceptible
562.142707,cefotaxime,Susceptible
562.142707,ciprofloxacin,Susceptible
562.142707,gentamicin,Susceptible
562.142708,cefotaxime,Resistant
562.142708,ciprofloxacin,Resistant
562.142708,gentamicin,Susceptible
562.142708,trimethoprim/sulfamethoxazole,Resistant
562.142711,cefotaxime,Resistant
562.142711,ciprofloxacin,Susceptible
562.142711,gentamicin,Resistant
562.142711,trimethoprim/sulfamethoxazole,Resistant
562.142712,cefotaxime,Resistant
562.142712,ciprofloxacin,Resistant
562.142712,gentamicin,Resistant
562.142713,cefotaxime,Resistant
562.142713,ciprofloxacin,Resistant
562.142713,gentamicin,Resistant
562.142713,trimethoprim/sulfamethoxazole,Resistant
562.142714,cefotaxime,Resistant
562.142714,ciprofloxacin,Resistant
562.142714,gentamicin,Susceptible
562.142714,trimethoprim/sulfamethoxazole,Resistant
562.142715,cefotaxime,Resistant
562.142715,ciprofloxacin,Resistant
562.142715,gentamicin,Susceptible
562.142716,cefotaxime,Resistant
562.142716,ciprofloxacin,Resistant
562.142716,gentamicin,Susceptible
562.142717,cefotaxime,Resistant
562.142717,ciprofloxacin,Resistant
562.142717,gentamicin,Susceptible
562.142718,cefotaxime,Resistant
562.142718,ciprofloxacin,Resistant
562.142718,gentamicin,Susceptible
562.142719,cefotaxime,Resistant
562.142719,ciprofloxacin,Resistant
562.142719,gentamicin,Resistant
562.142719,trimethoprim/sulfamethoxazole,Resistant
562.142720,cefotaxime,Resistant
562.142720,ciprofloxacin,Susceptible
562.142720,gentamicin,Resistant
562.142720,trimethoprim/sulfamethoxazole,Resistant
562.142721,cefotaxime,Resistant
562.142721,ciprofloxacin,Susceptible
562.142721,gentamicin,Resistant
562.142722,cefotaxime,Resistant
562.142722,ciprofloxacin,Susceptible
562.142722,gentamicin,Susceptible
562.142723,cefotaxime,Resistant
562.142723,ciprofloxacin,Resistant
562.142723,gentamicin,Susceptible
562.142724,cefotaxime,Susceptible
562.142724,ciprofloxacin,Susceptible
562.142724,gentamicin,Susceptible
562.142725,cefotaxime,Susceptible
562.142725,ciprofloxacin,Susceptible
562.142725,gentamicin,Susceptible
562.142726,cefotaxime,Resistant
562.142726,ciprofloxacin,Susceptible
562.142726,gentamicin,Susceptible
562.142727,cefotaxime,Resistant
562.142727,ciprofloxacin,Resistant
562.142727,gentamicin,Resistant
562.142727,trimethoprim/sulfamethoxazole,Resistant
562.142728,cefotaxime,Susceptible
562.142728,ciprofloxacin,Susceptible
562.142728,gentamicin,Susceptible
562.142728,trimethoprim/sulfamethoxazole,Resistant
562.142729,cefotaxime,Susceptible
562.142729,ciprofloxacin,Resistant
562.142729,gentamicin,Resistant
562.142730,cefotaxime,Resistant
562.142730,ciprofloxacin,Resistant
562.142730,gentamicin,Resistant
562.142731,cefotaxime,Resistant
562.142731,ciprofloxacin,Resistant
562.142731,gentamicin,Resistant
562.142731,trimethoprim/sulfamethoxazole,Resistant
562.142732,cefotaxime,Resistant
562.142732,ciprofloxacin,Resistant
562.142732,gentamicin,Susceptible
562.142732,trimethoprim/sulfamethoxazole,Resistant
562.142733,cefotaxime,Resistant
562.142733,ciprofloxacin,Resistant
562.142733,gentamicin,Susceptible
562.142734,cefotaxime,Resistant
562.142734,ciprofloxacin,Resistant
562.142734,gentamicin,Susceptible
562.142735,cefotaxime,Resistant
562.142735,ciprofloxacin,Resistant
562.142735,gentamicin,Susceptible
562.142736,cefotaxime,Resistant
562.142736,ciprofloxacin,Resistant
562.142736,gentamicin,Resistant
562.142737,cefotaxime,Resistant
562.142737,ciprofloxacin,Susceptible
562.142737,gentamicin,Resistant
562.142737,trimethoprim/sulfamethoxazole,Resistant
562.142738,cefotaxime,Susceptible
562.142738,ciprofloxacin,Susceptible
562.142738,gentamicin,Susceptible
562.142739,cefotaxime,Susceptible
562.142739,ciprofloxacin,Susceptible
562.142739,gentamicin,Susceptible
562.142740,cefotaxime,Resistant
562.142740,ciprofloxacin,Resistant
562.142740,gentamicin,Susceptible
562.142741,cefotaxime,Resistant
562.142741,ciprofloxacin,Resistant
562.142741,gentamicin,Susceptible
562.142742,cefotaxime,Resistant
562.142742,ciprofloxacin,Resistant
562.142742,gentamicin,Susceptible
562.142743,ciprofloxacin,Resistant
562.142743,gentamicin,Susceptible
562.142744,cefotaxime,Resistant
562.142744,ciprofloxacin,Resistant
562.142744,gentamicin,Resistant
562.142745,cefotaxime,Susceptible
562.142745,ciprofloxacin,Susceptible
562.142745,gentamicin,Susceptible
562.142746,cefotaxime,Susceptible
562.142746,ciprofloxacin,Susceptible
562.142746,gentamicin,Susceptible
562.142747,cefotaxime,Susceptible
562.142747,ciprofloxacin,Susceptible
562.142747,gentamicin,Susceptible
562.142748,cefotaxime,Susceptible
562.142748,ciprofloxacin,Susceptible
562.142748,gentamicin,Susceptible
562.142749,cefotaxime,Resistant
562.142749,ciprofloxacin,Resistant
562.142749,gentamicin,Resistant
562.142751,ciprofloxacin,Resistant
562.142751,gentamicin,Susceptible
562.142753,cefotaxime,Resistant
562.142753,ciprofloxacin,Resistant
562.142753,gentamicin,Susceptible
562.142754,cefotaxime,Resistant
562.142754,ciprofloxacin,Resistant
562.142754,gentamicin,Susceptible
562.142755,cefotaxime,Resistant
562.142755,ciprofloxacin,Resistant
562.142755,gentamicin,Susceptible
562.142755,trimethoprim/sulfamethoxazole,Resistant
562.142756,cefotaxime,Resistant
562.142756,ciprofloxacin,Resistant
562.142756,gentamicin,Susceptible
562.142757,cefotaxime,Resistant
562.142757,ciprofloxacin,Resistant
562.142757,gentamicin,Susceptible
562.142758,cefotaxime,Resistant
562.142758,ciprofloxacin,Resistant
562.142758,gentamicin,Susceptible
562.142758,trimethoprim/sulfamethoxazole,Resistant
562.142760,cefotaxime,Resistant
562.142760,ciprofloxacin,Resistant
562.142760,gentamicin,Susceptible
562.142761,cefotaxime,Resistant
562.142761,ciprofloxacin,Resistant
562.142761,gentamicin,Resistant
562.142761,trimethoprim/sulfamethoxazole,Resistant
562.142762,cefotaxime,Resistant
562.142762,ciprofloxacin,Resistant
562.142762,gentamicin,Susceptible
562.142762,trimethoprim/sulfamethoxazole,Resistant
562.142763,cefotaxime,Resistant
562.142763,ciprofloxacin,Resistant
562.142763,gentamicin,Susceptible
562.142763,trimethoprim/sulfamethoxazole,Resistant
562.142764,cefotaxime,Resistant
562.142764,ciprofloxacin,Resistant
562.142764,gentamicin,Susceptible
562.142764,trimethoprim/sulfamethoxazole,Resistant
562.142765,cefotaxime,Resistant
562.142765,ciprofloxacin,Susceptible
562.142765,gentamicin,Susceptible
562.142766,cefotaxime,Resistant
562.142766,ciprofloxacin,Resistant
562.142766,gentamicin,Susceptible
562.142766,trimethoprim/sulfamethoxazole,Resistant
562.142767,cefotaxime,Resistant
562.142767,ciprofloxacin,Resistant
562.142767,gentamicin,Resistant
562.142767,trimethoprim/sulfamethoxazole,Resistant
562.142768,cefotaxime,Resistant
562.142768,ciprofloxacin,Susceptible
562.142768,gentamicin,Resistant
562.142769,cefotaxime,Resistant
562.142769,ciprofloxacin,Resistant
562.142769,gentamicin,Resistant
562.142770,cefotaxime,Resistant
562.142770,ciprofloxacin,Resistant
562.142770,gentamicin,Resistant
562.142770,trimethoprim/sulfamethoxazole,Resistant
562.142771,cefotaxime,Susceptible
562.142771,ciprofloxacin,Susceptible
562.142771,gentamicin,Susceptible
562.142772,cefotaxime,Resistant
562.142772,ciprofloxacin,Susceptible
562.142772,gentamicin,Susceptible
562.142773,cefotaxime,Susceptible
562.142773,ciprofloxacin,Susceptible
562.142773,gentamicin,Susceptible
562.142774,cefotaxime,Resistant
562.142774,ciprofloxacin,Resistant
562.142774,gentamicin,Resistant
562.142775,cefotaxime,Susceptible
562.142775,ciprofloxacin,Resistant
562.142775,gentamicin,Susceptible
562.142776,cefotaxime,Resistant
562.142776,ciprofloxacin,Susceptible
562.142776,gentamicin,Susceptible
562.142777,cefotaxime,Susceptible
562.142777,ciprofloxacin,Susceptible
562.142777,gentamicin,Susceptible
562.142778,cefotaxime,Resistant
562.142778,ciprofloxacin,Resistant
562.142778,gentamicin,Susceptible
562.142779,cefotaxime,Susceptible
562.142779,ciprofloxacin,Susceptible
562.142779,gentamicin,Susceptible
562.142780,cefotaxime,Resistant
562.142780,ciprofloxacin,Susceptible
562.142780,gentamicin,Susceptible
562.142781,cefotaxime,Susceptible
562.142781,ciprofloxacin,Resistant
562.142781,gentamicin,Susceptible
562.142781,trimethoprim/sulfamethoxazole,Resistant
562.142782,cefotaxime,Resistant
562.142782,ciprofloxacin,Resistant
562.142782,gentamicin,Susceptible
562.142783,cefotaxime,Resistant
562.142783,ciprofloxacin,Resistant
562.142783,gentamicin,Susceptible
562.142783,trimethoprim/sulfamethoxazole,Resistant
562.142784,cefotaxime,Susceptible
562.142784,ciprofloxacin,Susceptible
562.142784,gentamicin,Susceptible
562.142785,cefotaxime,Susceptible
562.142785,ciprofloxacin,Susceptible
562.142785,gentamicin,Susceptible
562.142786,cefotaxime,Susceptible
562.142786,ciprofloxacin,Resistant
562.142786,gentamicin,Susceptible
562.142787,cefotaxime,Susceptible
562.142787,ciprofloxacin,Susceptible
562.142787,gentamicin,Susceptible
562.142788,cefotaxime,Susceptible
562.142788,ciprofloxacin,Resistant
562.142788,gentamicin,Susceptible
562.142789,cefotaxime,Susceptible
562.142789,ciprofloxacin,Susceptible
562.142789,gentamicin,Susceptible
562.142790,cefotaxime,Resistant
562.142790,ciprofloxacin,Susceptible
562.142790,gentamicin,Susceptible
562.142790,trimethoprim/sulfamethoxazole,Resistant
562.142791,cefotaxime,Susceptible
562.142791,ciprofloxacin,Susceptible
562.142791,gentamicin,Susceptible
562.142792,cefotaxime,Susceptible
562.142792,ciprofloxacin,Resistant
562.142792,gentamicin,Resistant
562.142793,cefotaxime,Susceptible
562.142793,ciprofloxacin,Susceptible
562.142793,gentamicin,Resistant
562.142794,cefotaxime,Resistant
562.142794,ciprofloxacin,Resistant
562.142794,gentamicin,Susceptible
562.142795,cefotaxime,Resistant
562.142795,ciprofloxacin,Resistant
562.142795,gentamicin,Susceptible
562.142797,cefotaxime,Susceptible
562.142797,ciprofloxacin,Susceptible
562.142797,gentamicin,Susceptible
562.142798,ciprofloxacin,Susceptible
562.142798,gentamicin,Susceptible
562.142799,cefotaxime,Susceptible
562.142799,ciprofloxacin,Susceptible
562.142799,gentamicin,Susceptible
562.142800,cefotaxime,Susceptible
562.142800,ciprofloxacin,Susceptible
562.142800,gentamicin,Susceptible
562.142801,cefotaxime,Susceptible
562.142801,ciprofloxacin,Susceptible
562.142801,gentamicin,Susceptible
562.142803,cefotaxime,Susceptible
562.142803,ciprofloxacin,Susceptible
562.142803,gentamicin,Susceptible
562.142805,cefotaxime,Susceptible
562.142805,ciprofloxacin,Resistant
562.142805,gentamicin,Susceptible
562.142808,ciprofloxacin,Susceptible
562.142808,gentamicin,Susceptible
562.142809,ciprofloxacin,Susceptible
562.142809,gentamicin,Susceptible
562.142810,ciprofloxacin,Resistant
562.142810,gentamicin,Susceptible
562.142811,cefotaxime,Susceptible
562.142811,ciprofloxacin,Susceptible
562.142811,gentamicin,Susceptible
562.142812,cefotaxime,Susceptible
562.142812,ciprofloxacin,Susceptible
562.142812,gentamicin,Susceptible
562.142813,cefotaxime,Susceptible
562.142813,ciprofloxacin,Susceptible
562.142813,gentamicin,Susceptible
562.142814,cefotaxime,Resistant
562.142814,ciprofloxacin,Susceptible
562.142814,gentamicin,Resistant
562.142814,trimethoprim/sulfamethoxazole,Resistant
562.142815,cefotaxime,Susceptible
562.142815,ciprofloxacin,Resistant
562.142815,gentamicin,Susceptible
562.142816,cefotaxime,Resistant
562.142816,ciprofloxacin,Resistant
562.142816,gentamicin,Susceptible
562.142817,cefotaxime,Susceptible
562.142817,ciprofloxacin,Susceptible
562.142817,gentamicin,Susceptible
562.142818,cefotaxime,Susceptible
562.142818,ciprofloxacin,Resistant
562.142818,gentamicin,Susceptible
562.142819,cefotaxime,Susceptible
562.142819,ciprofloxacin,Susceptible
562.142819,gentamicin,Susceptible
562.142820,cefotaxime,Resistant
562.142820,ciprofloxacin,Resistant
562.142820,gentamicin,Resistant
562.142820,trimethoprim/sulfamethoxazole,Resistant
562.142821,cefotaxime,Resistant
562.142821,ciprofloxacin,Susceptible
562.142821,gentamicin,Susceptible
562.142821,trimethoprim/sulfamethoxazole,Resistant
562.142823,cefotaxime,Susceptible
562.142823,ciprofloxacin,Resistant
562.142823,gentamicin,Resistant
562.142823,trimethoprim/sulfamethoxazole,Resistant
562.142824,cefotaxime,Susceptible
562.142824,ciprofloxacin,Resistant
562.142824,gentamicin,Resistant
562.142824,trimethoprim/sulfamethoxazole,Resistant
562.142825,cefotaxime,Resistant
562.142825,ciprofloxacin,Resistant
562.142825,gentamicin,Resistant
562.142827,cefotaxime,Susceptible
562.142827,ciprofloxacin,Resistant
562.142827,gentamicin,Susceptible
562.142828,cefotaxime,Susceptible
562.142828,ciprofloxacin,Susceptible
562.142828,gentamicin,Susceptible
562.142829,ciprofloxacin,Resistant
562.142829,gentamicin,Susceptible
562.142830,cefotaxime,Resistant
562.142830,ciprofloxacin,Susceptible
562.142830,gentamicin,Resistant
562.142830,trimethoprim/sulfamethoxazole,Resistant
562.142831,ciprofloxacin,Susceptible
562.142831,gentamicin,Susceptible
562.142833,cefotaxime,Susceptible
562.142833,ciprofloxacin,Susceptible
562.142833,gentamicin,Susceptible
562.142836,cefotaxime,Resistant
562.142836,ciprofloxacin,Resistant
562.142836,gentamicin,Susceptible
562.142838,cefotaxime,Resistant
562.142838,ciprofloxacin,Resistant
562.142838,gentamicin,Susceptible
562.142839,cefotaxime,Resistant
562.142839,ciprofloxacin,Resistant
562.142839,gentamicin,Resistant
562.142840,cefotaxime,Resistant
562.142840,ciprofloxacin,Resistant
562.142840,gentamicin,Resistant
562.142841,cefotaxime,Susceptible
562.142841,ciprofloxacin,Resistant
562.142841,gentamicin,Susceptible
562.142842,cefotaxime,Resistant
562.142842,ciprofloxacin,Resistant
562.142842,gentamicin,Resistant
562.142843,cefotaxime,Resistant
562.142843,ciprofloxacin,Resistant
562.142843,gentamicin,Susceptible
562.142844,cefotaxime,Resistant
562.142844,ciprofloxacin,Resistant
562.142844,gentamicin,Susceptible
562.142845,cefotaxime,Susceptible
562.142845,ciprofloxacin,Resistant
562.142845,gentamicin,Susceptible
562.142846,cefotaxime,Susceptible
562.142846,ciprofloxacin,Resistant
562.142846,gentamicin,Susceptible
562.142847,cefotaxime,Susceptible
562.142847,ciprofloxacin,Susceptible
562.142847,gentamicin,Susceptible
562.142848,cefotaxime,Resistant
562.142848,ciprofloxacin,Resistant
562.142848,gentamicin,Resistant
562.142849,cefotaxime,Resistant
562.142849,ciprofloxacin,Resistant
562.142849,gentamicin,Resistant
562.142850,cefotaxime,Resistant
562.142850,ciprofloxacin,Susceptible
562.142850,gentamicin,Resistant
562.142850,trimethoprim/sulfamethoxazole,Resistant
562.142851,cefotaxime,Susceptible
562.142851,ciprofloxacin,Susceptible
562.142851,gentamicin,Susceptible
562.142852,cefotaxime,Resistant
562.142852,ciprofloxacin,Susceptible
562.142852,gentamicin,Susceptible
562.142852,trimethoprim/sulfamethoxazole,Resistant
562.142853,cefotaxime,Resistant
562.142853,ciprofloxacin,Resistant
562.142853,gentamicin,Resistant
562.142853,trimethoprim/sulfamethoxazole,Resistant
562.142854,cefotaxime,Resistant
562.142854,ciprofloxacin,Resistant
562.142854,gentamicin,Susceptible
562.142854,trimethoprim/sulfamethoxazole,Resistant
562.142855,cefotaxime,Resistant
562.142855,ciprofloxacin,Susceptible
562.142855,gentamicin,Susceptible
562.142855,trimethoprim/sulfamethoxazole,Resistant
562.142856,cefotaxime,Resistant
562.142856,ciprofloxacin,Resistant
562.142856,gentamicin,Resistant
562.142856,trimethoprim/sulfamethoxazole,Resistant
562.142857,cefotaxime,Resistant
562.142857,ciprofloxacin,Resistant
562.142857,gentamicin,Resistant
562.142857,trimethoprim/sulfamethoxazole,Resistant
562.142858,cefotaxime,Resistant
562.142858,ciprofloxacin,Susceptible
562.142858,gentamicin,Susceptible
562.142859,cefotaxime,Susceptible
562.142859,ciprofloxacin,Susceptible
562.142859,gentamicin,Susceptible
562.142860,cefotaxime,Susceptible
562.142860,ciprofloxacin,Susceptible
562.142860,gentamicin,Susceptible
562.142861,cefotaxime,Resistant
562.142861,ciprofloxacin,Resistant
562.142861,gentamicin,Susceptible
562.142862,cefotaxime,Resistant
562.142862,ciprofloxacin,Susceptible
562.142862,gentamicin,Resistant
562.142862,trimethoprim/sulfamethoxazole,Resistant
562.142863,cefotaxime,Resistant
562.142863,ciprofloxacin,Resistant
562.142863,gentamicin,Resistant
562.142864,cefotaxime,Susceptible
562.142864,ciprofloxacin,Susceptible
562.142864,gentamicin,Susceptible
562.142865,cefotaxime,Resistant
562.142865,ciprofloxacin,Resistant
562.142865,gentamicin,Resistant
562.142866,cefotaxime,Resistant
562.142866,ciprofloxacin,Resistant
562.142866,gentamicin,Resistant
562.142867,cefotaxime,Susceptible
562.142867,ciprofloxacin,Susceptible
562.142867,gentamicin,Susceptible
562.142869,cefotaxime,Susceptible
562.142869,ciprofloxacin,Resistant
562.142869,gentamicin,Resistant
562.142873,cefotaxime,Susceptible
562.142873,ciprofloxacin,Susceptible
562.142873,gentamicin,Susceptible
562.142874,cefotaxime,Susceptible
562.142874,ciprofloxacin,Susceptible
562.142874,gentamicin,Susceptible
562.142877,cefotaxime,Susceptible
562.142877,ciprofloxacin,Susceptible
562.142877,gentamicin,Susceptible
562.142878,cefotaxime,Resistant
562.142878,ciprofloxacin,Resistant
562.142878,gentamicin,Susceptible
562.142883,cefotaxime,Resistant
562.142883,ciprofloxacin,Resistant
562.142883,gentamicin,Resistant
562.142883,trimethoprim/sulfamethoxazole,Resistant
562.142890,cefotaxime,Resistant
562.142890,ciprofloxacin,Resistant
562.142890,gentamicin,Susceptible
562.142891,cefotaxime,Resistant
562.142891,ciprofloxacin,Resistant
562.142891,gentamicin,Susceptible
562.142892,cefotaxime,Resistant
562.142892,ciprofloxacin,Resistant
562.142892,gentamicin,Susceptible
562.142893,cefotaxime,Resistant
562.142893,ciprofloxacin,Resistant
562.142893,gentamicin,Resistant
562.142894,cefotaxime,Resistant
562.142894,ciprofloxacin,Resistant
562.142894,gentamicin,Susceptible
562.142895,cefotaxime,Resistant
562.142895,ciprofloxacin,Resistant
562.142895,gentamicin,Susceptible
562.142895,trimethoprim/sulfamethoxazole,Resistant
562.142896,cefotaxime,Resistant
562.142896,ciprofloxacin,Resistant
562.142896,gentamicin,Resistant
562.142896,trimethoprim/sulfamethoxazole,Resistant
562.142897,cefotaxime,Resistant
562.142897,ciprofloxacin,Resistant
562.142897,gentamicin,Susceptible
562.142897,trimethoprim/sulfamethoxazole,Resistant
562.142898,cefotaxime,Resistant
562.142898,ciprofloxacin,Resistant
562.142898,gentamicin,Susceptible
562.142898,trimethoprim/sulfamethoxazole,Resistant
562.142899,cefotaxime,Resistant
562.142899,ciprofloxacin,Resistant
562.142899,gentamicin,Susceptible
562.142899,trimethoprim/sulfamethoxazole,Resistant
562.142900,cefotaxime,Resistant
562.142900,ciprofloxacin,Resistant
562.142900,gentamicin,Susceptible
562.142900,trimethoprim/sulfamethoxazole,Resistant
562.142901,cefotaxime,Resistant
562.142901,ciprofloxacin,Resistant
562.142901,gentamicin,Susceptible
562.142902,cefotaxime,Resistant
562.142902,ciprofloxacin,Resistant
562.142902,gentamicin,Susceptible
562.142902,trimethoprim/sulfamethoxazole,Resistant
562.142903,cefotaxime,Susceptible
562.142903,ciprofloxacin,Susceptible
562.142903,gentamicin,Susceptible
562.142903,trimethoprim/sulfamethoxazole,Resistant
562.142904,cefotaxime,Susceptible
562.142904,ciprofloxacin,Resistant
562.142904,gentamicin,Susceptible
562.142905,cefotaxime,Resistant
562.142905,ciprofloxacin,Resistant
562.142905,gentamicin,Susceptible
562.142906,cefotaxime,Susceptible
562.142906,ciprofloxacin,Resistant
562.142906,gentamicin,Resistant
562.142907,cefotaxime,Resistant
562.142907,ciprofloxacin,Resistant
562.142907,gentamicin,Susceptible
562.142907,trimethoprim/sulfamethoxazole,Resistant
562.142908,cefotaxime,Resistant
562.142908,ciprofloxacin,Resistant
562.142908,gentamicin,Susceptible
562.142909,cefotaxime,Resistant
562.142909,ciprofloxacin,Susceptible
562.142909,gentamicin,Susceptible
562.142910,cefotaxime,Resistant
562.142910,ciprofloxacin,Resistant
562.142910,gentamicin,Resistant
562.142911,cefotaxime,Susceptible
562.142911,ciprofloxacin,Resistant
562.142911,gentamicin,Susceptible
562.142912,cefotaxime,Susceptible
562.142912,ciprofloxacin,Resistant
562.142912,gentamicin,Susceptible
562.142914,cefotaxime,Susceptible
562.142914,ciprofloxacin,Resistant
562.142914,gentamicin,Susceptible
562.142918,cefotaxime,Susceptible
562.142918,ciprofloxacin,Resistant
562.142918,gentamicin,Susceptible
562.142920,cefotaxime,Susceptible
562.142920,ciprofloxacin,Resistant
562.142920,gentamicin,Susceptible
562.142921,cefotaxime,Resistant
562.142921,ciprofloxacin,Resistant
562.142921,gentamicin,Susceptible
562.142922,cefotaxime,Susceptible
562.142922,ciprofloxacin,Resistant
562.142922,gentamicin,Susceptible
562.142923,cefotaxime,Susceptible
562.142923,ciprofloxacin,Susceptible
562.142923,gentamicin,Susceptible
562.142924,cefotaxime,Susceptible
562.142924,ciprofloxacin,Susceptible
562.142924,gentamicin,Susceptible
562.142925,cefotaxime,Susceptible
562.142925,ciprofloxacin,Susceptible
562.142925,gentamicin,Susceptible
562.142926,cefotaxime,Susceptible
562.142926,ciprofloxacin,Resistant
562.142926,gentamicin,Susceptible
562.142927,cefotaxime,Resistant
562.142927,ciprofloxacin,Resistant
562.142927,gentamicin,Susceptible
562.142927,trimethoprim/sulfamethoxazole,Resistant
562.142928,cefotaxime,Susceptible
562.142928,ciprofloxacin,Resistant
562.142928,gentamicin,Susceptible
562.142929,cefotaxime,Susceptible
562.142929,ciprofloxacin,Susceptible
562.142929,gentamicin,Susceptible
562.142930,cefotaxime,Susceptible
562.142930,ciprofloxacin,Susceptible
562.142930,gentamicin,Susceptible
562.142931,cefotaxime,Susceptible
562.142931,ciprofloxacin,Resistant
562.142931,gentamicin,Susceptible
562.142935,cefotaxime,Susceptible
562.142935,ciprofloxacin,Resistant
562.142935,gentamicin,Susceptible
562.142937,cefotaxime,Resistant
562.142937,ciprofloxacin,Resistant
562.142937,gentamicin,Susceptible
562.142938,cefotaxime,Resistant
562.142938,ciprofloxacin,Resistant
562.142938,gentamicin,Susceptible
562.142939,cefotaxime,Resistant
562.142939,ciprofloxacin,Resistant
562.142939,gentamicin,Resistant
562.142939,trimethoprim/sulfamethoxazole,Resistant
562.142940,cefotaxime,Resistant
562.142940,ciprofloxacin,Resistant
562.142940,gentamicin,Susceptible
562.142940,trimethoprim/sulfamethoxazole,Resistant
562.142941,cefotaxime,Resistant
562.142941,ciprofloxacin,Resistant
562.142941,gentamicin,Resistant
562.142942,cefotaxime,Resistant
562.142942,ciprofloxacin,Resistant
562.142942,gentamicin,Susceptible
562.142943,cefotaxime,Resistant
562.142943,ciprofloxacin,Resistant
562.142943,gentamicin,Susceptible
562.142944,cefotaxime,Resistant
562.142944,ciprofloxacin,Susceptible
562.142944,gentamicin,Susceptible
562.142945,cefotaxime,Resistant
562.142945,ciprofloxacin,Resistant
562.142945,gentamicin,Susceptible
562.142946,cefotaxime,Resistant
562.142946,ciprofloxacin,Resistant
562.142946,gentamicin,Resistant
562.142949,ciprofloxacin,Resistant
562.142949,gentamicin,Susceptible
562.142953,cefotaxime,Resistant
562.142953,ciprofloxacin,Resistant
562.142953,gentamicin,Susceptible
562.142953,trimethoprim/sulfamethoxazole,Resistant
562.142954,cefotaxime,Resistant
562.142954,ciprofloxacin,Resistant
562.142954,gentamicin,Susceptible
562.142956,cefotaxime,Resistant
562.142956,ciprofloxacin,Resistant
562.142956,gentamicin,Susceptible
562.142957,cefotaxime,Resistant
562.142957,ciprofloxacin,Resistant
562.142957,gentamicin,Resistant
562.142958,cefotaxime,Resistant
562.142958,ciprofloxacin,Resistant
562.142958,gentamicin,Resistant
562.142958,trimethoprim/sulfamethoxazole,Resistant
562.142959,cefotaxime,Resistant
562.142959,ciprofloxacin,Resistant
562.142959,gentamicin,Resistant
562.142959,trimethoprim/sulfamethoxazole,Resistant
562.142960,cefotaxime,Resistant
562.142960,ciprofloxacin,Resistant
562.142960,gentamicin,Susceptible
562.142960,trimethoprim/sulfamethoxazole,Resistant
562.142961,cefotaxime,Resistant
562.142961,ciprofloxacin,Resistant
562.142961,gentamicin,Resistant
562.142962,ciprofloxacin,Resistant
562.142962,gentamicin,Susceptible
562.142963,cefotaxime,Resistant
562.142963,ciprofloxacin,Resistant
562.142963,gentamicin,Susceptible
562.142964,cefotaxime,Resistant
562.142964,ciprofloxacin,Resistant
562.142964,gentamicin,Susceptible
562.142964,trimethoprim/sulfamethoxazole,Resistant
562.142965,cefotaxime,Resistant
562.142965,ciprofloxacin,Resistant
562.142965,gentamicin,Susceptible
562.142965,trimethoprim/sulfamethoxazole,Resistant
562.142966,cefotaxime,Resistant
562.142966,ciprofloxacin,Resistant
562.142966,gentamicin,Susceptible
562.142967,cefotaxime,Resistant
562.142967,ciprofloxacin,Susceptible
562.142967,gentamicin,Susceptible
562.142967,trimethoprim/sulfamethoxazole,Resistant
562.142968,cefotaxime,Resistant
562.142968,ciprofloxacin,Resistant
562.142968,gentamicin,Resistant
562.142968,trimethoprim/sulfamethoxazole,Resistant
562.142969,cefotaxime,Resistant
562.142969,ciprofloxacin,Susceptible
562.142969,gentamicin,Susceptible
562.142970,cefotaxime,Resistant
562.142970,ciprofloxacin,Resistant
562.142970,gentamicin,Susceptible
562.142971,cefotaxime,Resistant
562.142971,ciprofloxacin,Resistant
562.142971,gentamicin,Susceptible
562.142972,cefotaxime,Resistant
562.142972,ciprofloxacin,Resistant
562.142972,gentamicin,Susceptible
562.142972,trimethoprim/sulfamethoxazole,Resistant
562.142973,cefotaxime,Susceptible
562.142973,ciprofloxacin,Resistant
562.142973,gentamicin,Susceptible
562.142973,trimethoprim/sulfamethoxazole,Resistant
562.142974,cefotaxime,Susceptible
562.142974,ciprofloxacin,Susceptible
562.142974,gentamicin,Susceptible
562.142975,cefotaxime,Susceptible
562.142975,ciprofloxacin,Resistant
562.142975,gentamicin,Resistant
562.142975,trimethoprim/sulfamethoxazole,Resistant
562.142976,cefotaxime,Resistant
562.142976,ciprofloxacin,Resistant
562.142976,gentamicin,Susceptible
562.142977,cefotaxime,Resistant
562.142977,ciprofloxacin,Resistant
562.142977,gentamicin,Susceptible
562.142977,trimethoprim/sulfamethoxazole,Resistant
562.142978,cefotaxime,Resistant
562.142978,ciprofloxacin,Resistant
562.142978,gentamicin,Resistant
562.142978,trimethoprim/sulfamethoxazole,Resistant
562.142979,cefotaxime,Resistant
562.142979,ciprofloxacin,Resistant
562.142979,gentamicin,Resistant
562.142979,trimethoprim/sulfamethoxazole,Resistant
562.142980,cefotaxime,Resistant
562.142980,ciprofloxacin,Resistant
562.142980,gentamicin,Resistant
562.142980,trimethoprim/sulfamethoxazole,Resistant
562.142981,cefotaxime,Resistant
562.142981,ciprofloxacin,Resistant
562.142981,gentamicin,Susceptible
562.142982,cefotaxime,Resistant
562.142982,ciprofloxacin,Susceptible
562.142982,gentamicin,Resistant
562.142982,trimethoprim/sulfamethoxazole,Resistant
562.142983,cefotaxime,Resistant
562.142983,ciprofloxacin,Resistant
562.142983,gentamicin,Susceptible
562.142983,trimethoprim/sulfamethoxazole,Resistant
562.142984,cefotaxime,Resistant
562.142984,ciprofloxacin,Resistant
562.142984,gentamicin,Susceptible
562.142984,trimethoprim/sulfamethoxazole,Resistant
562.142985,cefotaxime,Resistant
562.142985,ciprofloxacin,Resistant
562.142985,gentamicin,Susceptible
562.142986,cefotaxime,Resistant
562.142986,ciprofloxacin,Resistant
562.142986,gentamicin,Resistant
562.142986,trimethoprim/sulfamethoxazole,Resistant
562.142987,cefotaxime,Resistant
562.142987,ciprofloxacin,Susceptible
562.142987,gentamicin,Susceptible
562.142988,cefotaxime,Resistant
562.142988,ciprofloxacin,Resistant
562.142988,gentamicin,Susceptible
562.142989,cefotaxime,Resistant
562.142989,ciprofloxacin,Resistant
562.142989,gentamicin,Resistant
562.142990,cefotaxime,Resistant
562.142990,ciprofloxacin,Resistant
562.142990,gentamicin,Susceptible
562.142990,trimethoprim/sulfamethoxazole,Resistant
562.142991,cefotaxime,Resistant
562.142991,ciprofloxacin,Resistant
562.142991,gentamicin,Susceptible
562.142991,trimethoprim/sulfamethoxazole,Resistant
562.142992,cefotaxime,Resistant
562.142992,ciprofloxacin,Resistant
562.142992,gentamicin,Susceptible
562.142993,cefotaxime,Resistant
562.142993,ciprofloxacin,Resistant
562.142993,gentamicin,Susceptible
562.142994,cefotaxime,Resistant
562.142994,ciprofloxacin,Resistant
562.142994,gentamicin,Resistant
562.142995,cefotaxime,Resistant
562.142995,ciprofloxacin,Resistant
562.142995,gentamicin,Susceptible
562.142995,trimethoprim/sulfamethoxazole,Resistant
562.142996,cefotaxime,Resistant
562.142996,ciprofloxacin,Resistant
562.142996,gentamicin,Susceptible
562.142996,trimethoprim/sulfamethoxazole,Resistant
562.142997,cefotaxime,Resistant
562.142997,ciprofloxacin,Susceptible
562.142997,gentamicin,Resistant
562.142997,trimethoprim/sulfamethoxazole,Resistant
562.142998,cefotaxime,Resistant
562.142998,ciprofloxacin,Resistant
562.142998,gentamicin,Susceptible
562.142999,cefotaxime,Resistant
562.142999,ciprofloxacin,Resistant
562.142999,gentamicin,Susceptible
562.142999,trimethoprim/sulfamethoxazole,Resistant
562.143000,cefotaxime,Resistant
562.143000,ciprofloxacin,Resistant
562.143000,gentamicin,Susceptible
562.143001,cefotaxime,Resistant
562.143001,ciprofloxacin,Resistant
562.143001,gentamicin,Susceptible
562.143002,cefotaxime,Resistant
562.143002,ciprofloxacin,Susceptible
562.143002,gentamicin,Susceptible
562.143003,cefotaxime,Resistant
562.143003,ciprofloxacin,Resistant
562.143003,gentamicin,Susceptible
562.143004,cefotaxime,Resistant
562.143004,ciprofloxacin,Resistant
562.143004,gentamicin,Resistant
562.143005,cefotaxime,Resistant
562.143005,ciprofloxacin,Resistant
562.143005,gentamicin,Resistant
562.143005,trimethoprim/sulfamethoxazole,Resistant
562.143006,cefotaxime,Resistant
562.143006,ciprofloxacin,Resistant
562.143006,gentamicin,Susceptible
562.143006,trimethoprim/sulfamethoxazole,Resistant
562.143007,cefotaxime,Resistant
562.143007,ciprofloxacin,Resistant
562.143007,gentamicin,Resistant
562.143008,cefotaxime,Resistant
562.143008,ciprofloxacin,Resistant
562.143008,gentamicin,Susceptible
562.143008,trimethoprim/sulfamethoxazole,Resistant
562.143009,cefotaxime,Resistant
562.143009,ciprofloxacin,Resistant
562.143009,gentamicin,Susceptible
562.143010,cefotaxime,Resistant
562.143010,ciprofloxacin,Resistant
562.143010,gentamicin,Resistant
562.143010,trimethoprim/sulfamethoxazole,Resistant
562.143013,cefotaxime,Susceptible
562.143013,ciprofloxacin,Susceptible
562.143013,gentamicin,Susceptible
562.143018,cefotaxime,Resistant
562.143018,ciprofloxacin,Resistant
562.143018,gentamicin,Resistant
562.143018,trimethoprim/sulfamethoxazole,Resistant
562.143019,cefotaxime,Resistant
562.143019,ciprofloxacin,Resistant
562.143019,gentamicin,Susceptible
562.143019,trimethoprim/sulfamethoxazole,Resistant
562.143020,cefotaxime,Resistant
562.143020,ciprofloxacin,Susceptible
562.143020,gentamicin,Susceptible
562.143020,trimethoprim/sulfamethoxazole,Resistant
562.143021,cefotaxime,Resistant
562.143021,ciprofloxacin,Resistant
562.143021,gentamicin,Susceptible
562.143021,trimethoprim/sulfamethoxazole,Resistant
562.143022,cefotaxime,Resistant
562.143022,ciprofloxacin,Resistant
562.143022,gentamicin,Susceptible
562.143022,trimethoprim/sulfamethoxazole,Resistant
562.143023,cefotaxime,Resistant
562.143023,ciprofloxacin,Resistant
562.143023,gentamicin,Resistant
562.143023,trimethoprim/sulfamethoxazole,Resistant
562.143024,cefotaxime,Resistant
562.143024,ciprofloxacin,Resistant
562.143024,gentamicin,Resistant
562.143024,trimethoprim/sulfamethoxazole,Resistant
562.143025,cefotaxime,Resistant
562.143025,ciprofloxacin,Resistant
562.143025,gentamicin,Susceptible
562.143026,cefotaxime,Resistant
562.143026,ciprofloxacin,Resistant
562.143026,gentamicin,Resistant
562.143026,trimethoprim/sulfamethoxazole,Resistant
562.143035,cefotaxime,Resistant
562.143035,ciprofloxacin,Susceptible
562.143035,gentamicin,Susceptible
562.143036,cefotaxime,Resistant
562.143036,ciprofloxacin,Resistant
562.143036,gentamicin,Resistant
562.143036,trimethoprim/sulfamethoxazole,Resistant
562.143038,cefotaxime,Resistant
562.143038,ciprofloxacin,Resistant
562.143038,gentamicin,Resistant
562.143038,trimethoprim/sulfamethoxazole,Resistant
562.143039,cefotaxime,Resistant
562.143039,ciprofloxacin,Resistant
562.143039,gentamicin,Susceptible
562.143039,trimethoprim/sulfamethoxazole,Resistant
562.143040,cefotaxime,Resistant
562.143040,ciprofloxacin,Resistant
562.143040,gentamicin,Susceptible
562.143041,cefotaxime,Resistant
562.143041,ciprofloxacin,Resistant
562.143041,gentamicin,Resistant
562.143041,trimethoprim/sulfamethoxazole,Resistant
562.143042,cefotaxime,Resistant
562.143042,ciprofloxacin,Resistant
562.143042,gentamicin,Susceptible
562.143043,cefotaxime,Resistant
562.143043,ciprofloxacin,Resistant
562.143043,gentamicin,Susceptible
562.143045,cefotaxime,Resistant
562.143045,ciprofloxacin,Resistant
562.143045,gentamicin,Susceptible
562.143045,trimethoprim/sulfamethoxazole,Resistant
562.143046,cefotaxime,Resistant
562.143046,ciprofloxacin,Resistant
562.143046,gentamicin,Resistant
562.143046,trimethoprim/sulfamethoxazole,Resistant
562.143047,cefotaxime,Resistant
562.143047,ciprofloxacin,Resistant
562.143047,gentamicin,Susceptible
562.143047,trimethoprim/sulfamethoxazole,Resistant
562.143048,cefotaxime,Resistant
562.143048,ciprofloxacin,Resistant
562.143048,gentamicin,Resistant
562.143049,cefotaxime,Resistant
562.143049,ciprofloxacin,Resistant
562.143049,gentamicin,Susceptible
562.143049,trimethoprim/sulfamethoxazole,Resistant
562.143050,cefotaxime,Resistant
562.143050,ciprofloxacin,Resistant
562.143050,gentamicin,Susceptible
562.143051,cefotaxime,Resistant
562.143051,ciprofloxacin,Resistant
562.143051,gentamicin,Susceptible
562.143051,trimethoprim/sulfamethoxazole,Resistant
562.143052,ciprofloxacin,Susceptible
562.143052,gentamicin,Susceptible
562.143053,cefotaxime,Resistant
562.143053,ciprofloxacin,Resistant
562.143053,gentamicin,Susceptible
562.143054,cefotaxime,Resistant
562.143054,ciprofloxacin,Resistant
562.143054,gentamicin,Susceptible
562.143055,cefotaxime,Resistant
562.143055,ciprofloxacin,Resistant
562.143055,gentamicin,Resistant
562.143056,cefotaxime,Susceptible
562.143056,ciprofloxacin,Resistant
562.143056,gentamicin,Susceptible
562.143057,cefotaxime,Susceptible
562.143057,ciprofloxacin,Susceptible
562.143057,gentamicin,Susceptible
562.143058,cefotaxime,Resistant
562.143058,ciprofloxacin,Susceptible
562.143058,gentamicin,Resistant
562.143059,cefotaxime,Susceptible
562.143059,ciprofloxacin,Susceptible
562.143059,gentamicin,Susceptible
562.143061,cefotaxime,Resistant
562.143061,ciprofloxacin,Susceptible
562.143061,gentamicin,Resistant
562.143063,cefotaxime,Resistant
562.143063,ciprofloxacin,Resistant
562.143063,gentamicin,Resistant
562.143063,trimethoprim/sulfamethoxazole,Resistant
562.143064,cefotaxime,Susceptible
562.143064,ciprofloxacin,Susceptible
562.143064,gentamicin,Susceptible
562.143066,cefotaxime,Susceptible
562.143066,ciprofloxacin,Resistant
562.143066,gentamicin,Susceptible
562.143067,cefotaxime,Resistant
562.143067,ciprofloxacin,Resistant
562.143067,gentamicin,Susceptible
562.143067,trimethoprim/sulfamethoxazole,Resistant
562.143069,ciprofloxacin,Resistant
562.143069,gentamicin,Susceptible
562.143070,cefotaxime,Susceptible
562.143070,ciprofloxacin,Susceptible
562.143070,gentamicin,Susceptible
562.143072,cefotaxime,Resistant
562.143072,ciprofloxacin,Resistant
562.143072,gentamicin,Resistant
562.143072,trimethoprim/sulfamethoxazole,Resistant
562.143073,cefotaxime,Resistant
562.143073,ciprofloxacin,Susceptible
562.143073,gentamicin,Susceptible
562.143074,cefotaxime,Resistant
562.143074,ciprofloxacin,Susceptible
562.143074,gentamicin,Resistant
562.143074,trimethoprim/sulfamethoxazole,Resistant
562.143075,cefotaxime,Resistant
562.143075,ciprofloxacin,Susceptible
562.143075,gentamicin,Susceptible
562.143076,cefotaxime,Susceptible
562.143076,ciprofloxacin,Susceptible
562.143076,gentamicin,Susceptible
562.143077,cefotaxime,Resistant
562.143077,ciprofloxacin,Resistant
562.143077,gentamicin,Susceptible
562.143077,trimethoprim/sulfamethoxazole,Resistant
562.143078,cefotaxime,Resistant
562.143078,ciprofloxacin,Resistant
562.143078,gentamicin,Susceptible
562.143078,trimethoprim/sulfamethoxazole,Resistant
562.143079,cefotaxime,Resistant
562.143079,ciprofloxacin,Resistant
562.143079,gentamicin,Susceptible
562.143080,cefotaxime,Susceptible
562.143080,ciprofloxacin,Susceptible
562.143080,gentamicin,Susceptible
562.143081,cefotaxime,Resistant
562.143081,ciprofloxacin,Resistant
562.143081,gentamicin,Resistant
562.143082,cefotaxime,Resistant
562.143082,ciprofloxacin,Susceptible
562.143082,gentamicin,Resistant
562.143082,trimethoprim/sulfamethoxazole,Resistant
562.143083,cefotaxime,Susceptible
562.143083,ciprofloxacin,Resistant
562.143083,gentamicin,Susceptible
562.143084,cefotaxime,Susceptible
562.143084,ciprofloxacin,Susceptible
562.143084,gentamicin,Susceptible
562.143085,cefotaxime,Susceptible
562.143085,ciprofloxacin,Susceptible
562.143085,gentamicin,Susceptible
562.143086,cefotaxime,Resistant
562.143086,ciprofloxacin,Resistant
562.143086,gentamicin,Resistant
562.143086,trimethoprim/sulfamethoxazole,Resistant
562.143087,cefotaxime,Resistant
562.143087,ciprofloxacin,Susceptible
562.143087,gentamicin,Susceptible
562.143088,cefotaxime,Susceptible
562.143088,ciprofloxacin,Resistant
562.143088,gentamicin,Susceptible
562.143089,cefotaxime,Susceptible
562.143089,ciprofloxacin,Susceptible
562.143089,gentamicin,Susceptible
562.143090,cefotaxime,Susceptible
562.143090,ciprofloxacin,Susceptible
562.143090,gentamicin,Susceptible
562.143091,cefotaxime,Susceptible
562.143091,ciprofloxacin,Susceptible
562.143091,gentamicin,Susceptible
562.143092,cefotaxime,Susceptible
562.143092,ciprofloxacin,Resistant
562.143092,gentamicin,Resistant
562.143093,cefotaxime,Susceptible
562.143093,ciprofloxacin,Resistant
562.143093,gentamicin,Susceptible
562.143094,ciprofloxacin,Susceptible
562.143094,gentamicin,Susceptible
562.143094,trimethoprim/sulfamethoxazole,Resistant
562.143095,cefotaxime,Resistant
562.143095,ciprofloxacin,Resistant
562.143095,gentamicin,Susceptible
562.143096,cefotaxime,Resistant
562.143096,ciprofloxacin,Resistant
562.143096,gentamicin,Resistant
562.143099,cefotaxime,Resistant
562.143099,ciprofloxacin,Resistant
562.143099,gentamicin,Resistant
562.143099,trimethoprim/sulfamethoxazole,Resistant
562.143100,cefotaxime,Resistant
562.143100,ciprofloxacin,Susceptible
562.143100,gentamicin,Susceptible
562.143101,cefotaxime,Susceptible
562.143101,ciprofloxacin,Susceptible
562.143101,gentamicin,Susceptible
562.143102,cefotaxime,Resistant
562.143102,ciprofloxacin,Resistant
562.143102,gentamicin,Susceptible
562.143103,cefotaxime,Susceptible
562.143103,ciprofloxacin,Susceptible
562.143103,gentamicin,Susceptible
562.143104,cefotaxime,Resistant
562.143104,ciprofloxacin,Resistant
562.143104,gentamicin,Susceptible
562.143104,trimethoprim/sulfamethoxazole,Resistant
562.143105,cefotaxime,Resistant
562.143105,ciprofloxacin,Resistant
562.143105,gentamicin,Susceptible
562.143106,cefotaxime,Susceptible
562.143106,ciprofloxacin,Resistant
562.143106,gentamicin,Susceptible
562.143106,trimethoprim/sulfamethoxazole,Resistant
562.143107,cefotaxime,Resistant
562.143107,ciprofloxacin,Resistant
562.143107,gentamicin,Resistant
562.143108,cefotaxime,Resistant
562.143108,ciprofloxacin,Resistant
562.143108,gentamicin,Susceptible
562.143108,trimethoprim/sulfamethoxazole,Resistant
562.143109,cefotaxime,Susceptible
562.143109,ciprofloxacin,Susceptible
562.143109,gentamicin,Susceptible
562.143110,cefotaxime,Susceptible
562.143110,ciprofloxacin,Susceptible
562.143110,gentamicin,Susceptible
562.143111,cefotaxime,Susceptible
562.143111,ciprofloxacin,Resistant
562.143111,gentamicin,Susceptible
562.143111,trimethoprim/sulfamethoxazole,Resistant
562.143112,cefotaxime,Resistant
562.143112,ciprofloxacin,Resistant
562.143112,gentamicin,Susceptible
562.143113,cefotaxime,Resistant
562.143113,ciprofloxacin,Resistant
562.143113,gentamicin,Susceptible
562.143113,trimethoprim/sulfamethoxazole,Resistant
562.143114,cefotaxime,Resistant
562.143114,ciprofloxacin,Resistant
562.143114,gentamicin,Susceptible
562.143115,ciprofloxacin,Resistant
562.143115,gentamicin,Resistant
562.143116,cefotaxime,Resistant
562.143116,ciprofloxacin,Resistant
562.143116,gentamicin,Susceptible
562.143117,cefotaxime,Resistant
562.143117,ciprofloxacin,Resistant
562.143117,gentamicin,Susceptible
562.143118,cefotaxime,Resistant
562.143118,ciprofloxacin,Resistant
562.143118,gentamicin,Susceptible
562.143118,trimethoprim/sulfamethoxazole,Resistant
562.143119,cefotaxime,Resistant
562.143119,ciprofloxacin,Resistant
562.143119,gentamicin,Susceptible
562.143120,cefotaxime,Resistant
562.143120,ciprofloxacin,Resistant
562.143120,gentamicin,Susceptible
562.143121,cefotaxime,Resistant
562.143121,ciprofloxacin,Resistant
562.143121,gentamicin,Susceptible
562.143121,trimethoprim/sulfamethoxazole,Resistant
562.143122,cefotaxime,Resistant
562.143122,ciprofloxacin,Resistant
562.143122,gentamicin,Susceptible
562.143122,trimethoprim/sulfamethoxazole,Resistant
562.143123,cefotaxime,Resistant
562.143123,ciprofloxacin,Resistant
562.143123,gentamicin,Susceptible
562.143123,trimethoprim/sulfamethoxazole,Resistant
562.143124,cefotaxime,Resistant
562.143124,ciprofloxacin,Resistant
562.143124,gentamicin,Susceptible
562.143125,cefotaxime,Resistant
562.143125,ciprofloxacin,Resistant
562.143125,gentamicin,Susceptible
562.143125,trimethoprim/sulfamethoxazole,Resistant
562.143126,cefotaxime,Resistant
562.143126,ciprofloxacin,Resistant
562.143126,gentamicin,Susceptible
562.143127,cefotaxime,Resistant
562.143127,ciprofloxacin,Resistant
562.143127,gentamicin,Susceptible
562.143127,trimethoprim/sulfamethoxazole,Resistant
562.143128,cefotaxime,Resistant
562.143128,ciprofloxacin,Susceptible
562.143128,gentamicin,Susceptible
562.143128,trimethoprim/sulfamethoxazole,Resistant
562.143129,cefotaxime,Resistant
562.143129,ciprofloxacin,Resistant
562.143129,gentamicin,Susceptible
562.143130,ciprofloxacin,Resistant
562.143130,gentamicin,Susceptible
562.143131,cefotaxime,Resistant
562.143131,ciprofloxacin,Resistant
562.143131,gentamicin,Susceptible
562.143131,trimethoprim/sulfamethoxazole,Resistant
562.143132,cefotaxime,Susceptible
562.143132,ciprofloxacin,Susceptible
562.143132,gentamicin,Susceptible
562.143133,cefotaxime,Susceptible
562.143133,ciprofloxacin,Susceptible
562.143133,gentamicin,Susceptible
562.143134,cefotaxime,Resistant
562.143134,ciprofloxacin,Resistant
562.143134,gentamicin,Susceptible
562.143135,cefotaxime,Susceptible
562.143135,ciprofloxacin,Susceptible
562.143135,gentamicin,Susceptible
562.143136,cefotaxime,Resistant
562.143136,ciprofloxacin,Resistant
562.143136,gentamicin,Susceptible
562.143136,trimethoprim/sulfamethoxazole,Resistant
562.143137,cefotaxime,Resistant
562.143137,ciprofloxacin,Resistant
562.143137,gentamicin,Susceptible
562.143138,cefotaxime,Resistant
562.143138,ciprofloxacin,Resistant
562.143138,gentamicin,Susceptible
562.143139,cefotaxime,Susceptible
562.143139,ciprofloxacin,Susceptible
562.143139,gentamicin,Susceptible
562.143141,cefotaxime,Susceptible
562.143141,ciprofloxacin,Susceptible
562.143141,gentamicin,Susceptible
562.143142,cefotaxime,Resistant
562.143142,ciprofloxacin,Resistant
562.143142,gentamicin,Susceptible
562.143143,cefotaxime,Resistant
562.143143,ciprofloxacin,Susceptible
562.143143,gentamicin,Susceptible
562.143143,trimethoprim/sulfamethoxazole,Resistant
562.143144,ciprofloxacin,Susceptible
562.143144,gentamicin,Susceptible
562.143144,trimethoprim/sulfamethoxazole,Resistant
562.143145,cefotaxime,Resistant
562.143145,ciprofloxacin,Resistant
562.143145,gentamicin,Susceptible
562.143146,cefotaxime,Resistant
562.143146,ciprofloxacin,Susceptible
562.143146,gentamicin,Resistant
562.143146,trimethoprim/sulfamethoxazole,Resistant
562.143147,cefotaxime,Resistant
562.143147,ciprofloxacin,Resistant
562.143147,gentamicin,Resistant
562.143148,cefotaxime,Resistant
562.143148,ciprofloxacin,Resistant
562.143148,gentamicin,Susceptible
562.143149,cefotaxime,Resistant
562.143149,ciprofloxacin,Resistant
562.143149,gentamicin,Resistant
562.143149,trimethoprim/sulfamethoxazole,Resistant
562.143150,cefotaxime,Resistant
562.143150,ciprofloxacin,Susceptible
562.143150,gentamicin,Resistant
562.143151,cefotaxime,Resistant
562.143151,ciprofloxacin,Resistant
562.143151,gentamicin,Susceptible
562.143151,trimethoprim/sulfamethoxazole,Resistant
562.143152,cefotaxime,Resistant
562.143152,ciprofloxacin,Susceptible
562.143152,gentamicin,Susceptible
562.143153,cefotaxime,Susceptible
562.143153,ciprofloxacin,Susceptible
562.143153,gentamicin,Susceptible
562.143154,cefotaxime,Resistant
562.143154,ciprofloxacin,Resistant
562.143154,gentamicin,Susceptible
562.143155,cefotaxime,Resistant
562.143155,ciprofloxacin,Resistant
562.143155,gentamicin,Resistant
562.143156,cefotaxime,Resistant
562.143156,ciprofloxacin,Resistant
562.143156,gentamicin,Resistant
562.143157,cefotaxime,Resistant
562.143157,ciprofloxacin,Resistant
562.143157,gentamicin,Susceptible
562.143157,trimethoprim/sulfamethoxazole,Resistant
562.143158,cefotaxime,Resistant
562.143158,ciprofloxacin,Resistant
562.143158,gentamicin,Susceptible
562.143159,cefotaxime,Resistant
562.143159,ciprofloxacin,Resistant
562.143159,gentamicin,Susceptible
562.143159,trimethoprim/sulfamethoxazole,Resistant
562.143160,cefotaxime,Resistant
562.143160,ciprofloxacin,Resistant
562.143160,gentamicin,Susceptible
562.143160,trimethoprim/sulfamethoxazole,Resistant
562.143161,cefotaxime,Resistant
562.143161,ciprofloxacin,Susceptible
562.143161,gentamicin,Susceptible
562.143162,cefotaxime,Resistant
562.143162,ciprofloxacin,Resistant
562.143162,gentamicin,Resistant
562.143163,cefotaxime,Resistant
562.143163,ciprofloxacin,Resistant
562.143163,gentamicin,Susceptible
562.143163,trimethoprim/sulfamethoxazole,Resistant
562.143164,cefotaxime,Resistant
562.143164,ciprofloxacin,Resistant
562.143164,gentamicin,Susceptible
562.143164,trimethoprim/sulfamethoxazole,Resistant
562.143165,cefotaxime,Resistant
562.143165,ciprofloxacin,Resistant
562.143165,gentamicin,Resistant
562.143165,trimethoprim/sulfamethoxazole,Resistant
562.143166,cefotaxime,Resistant
562.143166,ciprofloxacin,Susceptible
562.143166,gentamicin,Susceptible
562.143167,cefotaxime,Resistant
562.143167,ciprofloxacin,Resistant
562.143167,gentamicin,Susceptible
562.143168,cefotaxime,Resistant
562.143168,ciprofloxacin,Resistant
562.143168,gentamicin,Susceptible
562.143169,cefotaxime,Resistant
562.143169,ciprofloxacin,Resistant
562.143169,gentamicin,Susceptible
562.143170,cefotaxime,Resistant
562.143170,ciprofloxacin,Resistant
562.143170,gentamicin,Susceptible
562.143170,trimethoprim/sulfamethoxazole,Resistant
562.143171,cefotaxime,Resistant
562.143171,ciprofloxacin,Resistant
562.143171,gentamicin,Susceptible
562.143171,trimethoprim/sulfamethoxazole,Resistant
562.143172,cefotaxime,Resistant
562.143172,ciprofloxacin,Resistant
562.143172,gentamicin,Susceptible
562.143172,trimethoprim/sulfamethoxazole,Resistant
562.143173,cefotaxime,Resistant
562.143173,ciprofloxacin,Resistant
562.143173,gentamicin,Susceptible
562.143173,trimethoprim/sulfamethoxazole,Resistant
562.143174,cefotaxime,Resistant
562.143174,ciprofloxacin,Susceptible
562.143174,gentamicin,Resistant
562.143174,trimethoprim/sulfamethoxazole,Resistant
562.143175,cefotaxime,Resistant
562.143175,ciprofloxacin,Resistant
562.143175,gentamicin,Susceptible
562.143175,trimethoprim/sulfamethoxazole,Resistant
562.143176,cefotaxime,Resistant
562.143176,ciprofloxacin,Resistant
562.143176,gentamicin,Susceptible
562.143176,trimethoprim/sulfamethoxazole,Resistant
562.143177,cefotaxime,Resistant
562.143177,ciprofloxacin,Resistant
562.143177,gentamicin,Susceptible
562.143177,trimethoprim/sulfamethoxazole,Resistant
562.143181,cefotaxime,Resistant
562.143181,ciprofloxacin,Resistant
562.143181,gentamicin,Susceptible
562.143181,trimethoprim/sulfamethoxazole,Resistant
562.143192,cefotaxime,Resistant
562.143192,ciprofloxacin,Susceptible
562.143192,gentamicin,Resistant
562.143193,cefotaxime,Resistant
562.143193,ciprofloxacin,Susceptible
562.143193,gentamicin,Resistant
562.143194,cefotaxime,Resistant
562.143194,ciprofloxacin,Susceptible
562.143194,gentamicin,Resistant
562.143195,cefotaxime,Resistant
562.143195,ciprofloxacin,Resistant
562.143195,gentamicin,Susceptible
562.143195,trimethoprim/sulfamethoxazole,Resistant
562.143196,cefotaxime,Resistant
562.143196,ciprofloxacin,Susceptible
562.143196,gentamicin,Susceptible
562.143197,cefotaxime,Susceptible
562.143197,ciprofloxacin,Susceptible
562.143197,gentamicin,Susceptible
562.143200,cefotaxime,Resistant
562.143200,ciprofloxacin,Resistant
562.143200,gentamicin,Susceptible
562.143201,cefotaxime,Resistant
562.143201,ciprofloxacin,Susceptible
562.143201,gentamicin,Susceptible
562.143202,cefotaxime,Resistant
562.143202,ciprofloxacin,Susceptible
562.143202,gentamicin,Susceptible
562.143202,trimethoprim/sulfamethoxazole,Resistant
562.143203,cefotaxime,Resistant
562.143203,ciprofloxacin,Resistant
562.143203,gentamicin,Susceptible
562.143204,cefotaxime,Susceptible
562.143204,ciprofloxacin,Resistant
562.143204,gentamicin,Susceptible
562.143204,trimethoprim/sulfamethoxazole,Resistant
562.143205,cefotaxime,Resistant
562.143205,ciprofloxacin,Resistant
562.143205,gentamicin,Resistant
562.143205,trimethoprim/sulfamethoxazole,Resistant
562.143207,cefotaxime,Resistant
562.143207,ciprofloxacin,Resistant
562.143207,gentamicin,Susceptible
562.143209,cefotaxime,Resistant
562.143209,ciprofloxacin,Resistant
562.143209,gentamicin,Resistant
562.143209,trimethoprim/sulfamethoxazole,Resistant
562.143210,cefotaxime,Resistant
562.143210,ciprofloxacin,Resistant
562.143210,gentamicin,Resistant
562.143210,trimethoprim/sulfamethoxazole,Resistant
562.143212,cefotaxime,Resistant
562.143212,ciprofloxacin,Susceptible
562.143212,gentamicin,Susceptible
562.143215,cefotaxime,Resistant
562.143215,ciprofloxacin,Resistant
562.143215,gentamicin,Susceptible
562.143215,trimethoprim/sulfamethoxazole,Resistant
562.143222,cefotaxime,Resistant
562.143222,ciprofloxacin,Susceptible
562.143222,gentamicin,Susceptible
562.143222,trimethoprim/sulfamethoxazole,Resistant
562.143223,cefotaxime,Resistant
562.143223,ciprofloxacin,Resistant
562.143223,gentamicin,Susceptible
562.143228,cefotaxime,Resistant
562.143228,ciprofloxacin,Resistant
562.143228,gentamicin,Resistant
562.143229,cefotaxime,Resistant
562.143229,ciprofloxacin,Susceptible
562.143229,gentamicin,Susceptible
562.143230,cefotaxime,Resistant
562.143230,ciprofloxacin,Resistant
562.143230,gentamicin,Susceptible
562.143230,trimethoprim/sulfamethoxazole,Resistant
562.143231,ciprofloxacin,Susceptible
562.143231,gentamicin,Susceptible
562.143232,cefotaxime,Resistant
562.143232,ciprofloxacin,Resistant
562.143232,gentamicin,Susceptible
562.143233,cefotaxime,Resistant
562.143233,ciprofloxacin,Resistant
562.143233,gentamicin,Susceptible
562.143233,trimethoprim/sulfamethoxazole,Resistant
562.143234,cefotaxime,Resistant
562.143234,ciprofloxacin,Resistant
562.143234,gentamicin,Susceptible
562.143234,trimethoprim/sulfamethoxazole,Resistant
562.143235,cefotaxime,Resistant
562.143235,ciprofloxacin,Resistant
562.143235,gentamicin,Susceptible
562.143235,trimethoprim/sulfamethoxazole,Resistant
562.143236,cefotaxime,Resistant
562.143236,ciprofloxacin,Resistant
562.143236,gentamicin,Susceptible
562.143236,trimethoprim/sulfamethoxazole,Resistant
562.143237,cefotaxime,Resistant
562.143237,ciprofloxacin,Resistant
562.143237,gentamicin,Susceptible
562.143238,cefotaxime,Resistant
562.143238,ciprofloxacin,Susceptible
562.143238,gentamicin,Susceptible
562.143239,cefotaxime,Resistant
562.143239,ciprofloxacin,Resistant
562.143239,gentamicin,Susceptible
562.143240,cefotaxime,Resistant
562.143240,ciprofloxacin,Resistant
562.143240,gentamicin,Susceptible
562.143241,cefotaxime,Resistant
562.143241,ciprofloxacin,Resistant
562.143241,gentamicin,Susceptible
562.143241,trimethoprim/sulfamethoxazole,Resistant
562.143242,cefotaxime,Resistant
562.143242,ciprofloxacin,Resistant
562.143242,gentamicin,Susceptible
562.143243,cefotaxime,Resistant
562.143243,ciprofloxacin,Susceptible
562.143243,gentamicin,Susceptible
562.143244,cefotaxime,Resistant
562.143244,ciprofloxacin,Resistant
562.143244,gentamicin,Resistant
562.143244,trimethoprim/sulfamethoxazole,Resistant
562.143245,cefotaxime,Resistant
562.143245,ciprofloxacin,Resistant
562.143245,gentamicin,Susceptible
562.143246,cefotaxime,Resistant
562.143246,ciprofloxacin,Resistant
562.143246,gentamicin,Susceptible
562.143247,cefotaxime,Resistant
562.143247,ciprofloxacin,Susceptible
562.143247,gentamicin,Susceptible
562.143248,cefotaxime,Resistant
562.143248,ciprofloxacin,Resistant
562.143248,gentamicin,Susceptible
562.143249,cefotaxime,Resistant
562.143249,ciprofloxacin,Resistant
562.143249,gentamicin,Susceptible
562.143249,trimethoprim/sulfamethoxazole,Resistant
562.143250,cefotaxime,Susceptible
562.143250,ciprofloxacin,Resistant
562.143250,gentamicin,Susceptible
562.143251,cefotaxime,Resistant
562.143251,ciprofloxacin,Resistant
562.143251,gentamicin,Resistant
562.143252,cefotaxime,Resistant
562.143252,ciprofloxacin,Resistant
562.143252,gentamicin,Susceptible
562.143253,cefotaxime,Resistant
562.143253,ciprofloxacin,Resistant
562.143253,gentamicin,Susceptible
562.143254,ciprofloxacin,Susceptible
562.143254,gentamicin,Susceptible
562.143255,cefotaxime,Resistant
562.143255,ciprofloxacin,Susceptible
562.143255,gentamicin,Resistant
562.143255,trimethoprim/sulfamethoxazole,Resistant
562.143256,cefotaxime,Resistant
562.143256,ciprofloxacin,Resistant
562.143256,gentamicin,Susceptible
562.143256,trimethoprim/sulfamethoxazole,Resistant
562.143257,cefotaxime,Resistant
562.143257,ciprofloxacin,Resistant
562.143257,gentamicin,Resistant
562.143257,trimethoprim/sulfamethoxazole,Resistant
562.143258,cefotaxime,Resistant
562.143258,ciprofloxacin,Resistant
562.143258,gentamicin,Resistant
562.143258,trimethoprim/sulfamethoxazole,Resistant
562.143259,cefotaxime,Resistant
562.143259,ciprofloxacin,Susceptible
562.143259,gentamicin,Resistant
562.143260,cefotaxime,Resistant
562.143260,ciprofloxacin,Resistant
562.143260,gentamicin,Resistant
562.143260,trimethoprim/sulfamethoxazole,Resistant
562.143261,cefotaxime,Resistant
562.143261,ciprofloxacin,Resistant
562.143261,gentamicin,Susceptible
562.143262,cefotaxime,Resistant
562.143262,ciprofloxacin,Susceptible
562.143262,gentamicin,Susceptible
562.143263,cefotaxime,Resistant
562.143263,ciprofloxacin,Susceptible
562.143263,gentamicin,Susceptible
562.143264,cefotaxime,Resistant
562.143264,ciprofloxacin,Resistant
562.143264,gentamicin,Susceptible
562.143265,cefotaxime,Resistant
562.143265,ciprofloxacin,Susceptible
562.143265,gentamicin,Susceptible
562.143266,cefotaxime,Resistant
562.143266,ciprofloxacin,Resistant
562.143266,gentamicin,Susceptible
562.143266,trimethoprim/sulfamethoxazole,Resistant
562.143267,cefotaxime,Resistant
562.143267,ciprofloxacin,Resistant
562.143267,gentamicin,Susceptible
562.143267,trimethoprim/sulfamethoxazole,Resistant
562.143268,cefotaxime,Resistant
562.143268,ciprofloxacin,Susceptible
562.143268,gentamicin,Susceptible
562.143269,cefotaxime,Resistant
562.143269,ciprofloxacin,Susceptible
562.143269,gentamicin,Susceptible
562.143270,cefotaxime,Susceptible
562.143270,ciprofloxacin,Resistant
562.143270,gentamicin,Susceptible
562.143270,trimethoprim/sulfamethoxazole,Resistant
562.143271,cefotaxime,Resistant
562.143271,ciprofloxacin,Susceptible
562.143271,gentamicin,Susceptible
562.143271,trimethoprim/sulfamethoxazole,Resistant
562.143272,cefotaxime,Resistant
562.143272,ciprofloxacin,Resistant
562.143272,gentamicin,Susceptible
562.143273,cefotaxime,Susceptible
562.143273,ciprofloxacin,Resistant
562.143273,gentamicin,Susceptible
562.143274,cefotaxime,Resistant
562.143274,ciprofloxacin,Resistant
562.143274,gentamicin,Susceptible
562.143274,trimethoprim/sulfamethoxazole,Resistant
562.143275,cefotaxime,Resistant
562.143275,ciprofloxacin,Resistant
562.143275,gentamicin,Resistant
562.143275,trimethoprim/sulfamethoxazole,Resistant
562.143276,cefotaxime,Resistant
562.143276,ciprofloxacin,Resistant
562.143276,gentamicin,Susceptible
562.143277,cefotaxime,Resistant
562.143277,ciprofloxacin,Resistant
562.143277,gentamicin,Susceptible
562.143278,cefotaxime,Resistant
562.143278,ciprofloxacin,Resistant
562.143278,gentamicin,Susceptible
562.143279,cefotaxime,Susceptible
562.143279,ciprofloxacin,Resistant
562.143279,gentamicin,Susceptible
562.143280,cefotaxime,Resistant
562.143280,ciprofloxacin,Resistant
562.143280,gentamicin,Susceptible
562.143281,cefotaxime,Resistant
562.143281,ciprofloxacin,Resistant
562.143281,gentamicin,Susceptible
562.143282,cefotaxime,Resistant
562.143282,ciprofloxacin,Resistant
562.143282,gentamicin,Resistant
562.143283,cefotaxime,Resistant
562.143283,ciprofloxacin,Resistant
562.143283,gentamicin,Resistant
562.143283,trimethoprim/sulfamethoxazole,Resistant
562.143284,cefotaxime,Resistant
562.143284,ciprofloxacin,Resistant
562.143284,gentamicin,Resistant
562.143284,trimethoprim/sulfamethoxazole,Resistant
562.143285,cefotaxime,Resistant
562.143285,ciprofloxacin,Resistant
562.143285,gentamicin,Susceptible
562.143285,trimethoprim/sulfamethoxazole,Resistant
562.143286,cefotaxime,Resistant
562.143286,ciprofloxacin,Susceptible
562.143286,gentamicin,Susceptible
562.143286,trimethoprim/sulfamethoxazole,Resistant
562.143287,cefotaxime,Resistant
562.143287,ciprofloxacin,Resistant
562.143287,gentamicin,Susceptible
562.143287,trimethoprim/sulfamethoxazole,Resistant
562.143288,cefotaxime,Resistant
562.143288,ciprofloxacin,Resistant
562.143288,gentamicin,Resistant
562.143289,cefotaxime,Resistant
562.143289,ciprofloxacin,Susceptible
562.143289,gentamicin,Susceptible
562.143290,cefotaxime,Resistant
562.143290,ciprofloxacin,Resistant
562.143290,gentamicin,Resistant
562.143290,trimethoprim/sulfamethoxazole,Resistant
562.143291,cefotaxime,Resistant
562.143291,ciprofloxacin,Susceptible
562.143291,gentamicin,Susceptible
562.143292,cefotaxime,Resistant
562.143292,ciprofloxacin,Resistant
562.143292,gentamicin,Resistant
562.143293,cefotaxime,Resistant
562.143293,ciprofloxacin,Resistant
562.143293,gentamicin,Susceptible
562.143294,cefotaxime,Resistant
562.143294,ciprofloxacin,Resistant
562.143294,gentamicin,Susceptible
562.143295,cefotaxime,Resistant
562.143295,ciprofloxacin,Resistant
562.143295,gentamicin,Susceptible
562.143296,cefotaxime,Resistant
562.143296,ciprofloxacin,Susceptible
562.143296,gentamicin,Susceptible
562.143296,trimethoprim/sulfamethoxazole,Resistant
562.143297,cefotaxime,Resistant
562.143297,ciprofloxacin,Resistant
562.143297,gentamicin,Susceptible
562.143297,trimethoprim/sulfamethoxazole,Resistant
562.143298,cefotaxime,Resistant
562.143298,ciprofloxacin,Resistant
562.143298,gentamicin,Susceptible
562.143298,trimethoprim/sulfamethoxazole,Resistant
562.143299,cefotaxime,Resistant
562.143299,ciprofloxacin,Resistant
562.143299,gentamicin,Susceptible
562.143299,trimethoprim/sulfamethoxazole,Resistant
562.143300,cefotaxime,Susceptible
562.143300,ciprofloxacin,Susceptible
562.143300,gentamicin,Susceptible
562.143301,cefotaxime,Resistant
562.143301,ciprofloxacin,Susceptible
562.143301,gentamicin,Susceptible
562.143301,trimethoprim/sulfamethoxazole,Resistant
562.143302,cefotaxime,Susceptible
562.143302,ciprofloxacin,Resistant
562.143302,gentamicin,Susceptible
562.143308,cefotaxime,Susceptible
562.143308,ciprofloxacin,Susceptible
562.143308,gentamicin,Susceptible
562.143309,cefotaxime,Susceptible
562.143309,ciprofloxacin,Resistant
562.143309,gentamicin,Resistant
562.143309,trimethoprim/sulfamethoxazole,Resistant
562.143312,cefotaxime,Resistant
562.143312,ciprofloxacin,Resistant
562.143312,gentamicin,Resistant
562.143312,trimethoprim/sulfamethoxazole,Resistant
562.143313,cefotaxime,Resistant
562.143313,ciprofloxacin,Resistant
562.143313,gentamicin,Susceptible
562.143313,trimethoprim/sulfamethoxazole,Resistant
562.143314,cefotaxime,Resistant
562.143314,ciprofloxacin,Susceptible
562.143314,gentamicin,Susceptible
562.143315,cefotaxime,Resistant
562.143315,ciprofloxacin,Resistant
562.143315,gentamicin,Susceptible
562.143316,cefotaxime,Resistant
562.143316,ciprofloxacin,Resistant
562.143316,gentamicin,Susceptible
562.143317,cefotaxime,Resistant
562.143317,ciprofloxacin,Resistant
562.143317,gentamicin,Susceptible
562.143318,cefotaxime,Resistant
562.143318,ciprofloxacin,Resistant
562.143318,gentamicin,Susceptible
562.143319,cefotaxime,Susceptible
562.143319,ciprofloxacin,Resistant
562.143319,gentamicin,Susceptible
562.143319,trimethoprim/sulfamethoxazole,Resistant
562.143320,cefotaxime,Susceptible
562.143320,ciprofloxacin,Susceptible
562.143320,gentamicin,Susceptible
562.143321,cefotaxime,Susceptible
562.143321,ciprofloxacin,Resistant
562.143321,gentamicin,Susceptible
562.143322,cefotaxime,Resistant
562.143322,ciprofloxacin,Resistant
562.143322,gentamicin,Susceptible
562.143323,cefotaxime,Resistant
562.143323,ciprofloxacin,Resistant
562.143323,gentamicin,Susceptible
562.143323,trimethoprim/sulfamethoxazole,Resistant
562.143324,cefotaxime,Resistant
562.143324,ciprofloxacin,Resistant
562.143324,gentamicin,Resistant
562.143325,cefotaxime,Resistant
562.143325,ciprofloxacin,Resistant
562.143325,gentamicin,Susceptible
562.143326,cefotaxime,Susceptible
562.143326,ciprofloxacin,Susceptible
562.143326,gentamicin,Susceptible
562.143327,cefotaxime,Resistant
562.143327,ciprofloxacin,Resistant
562.143327,gentamicin,Susceptible
562.143327,trimethoprim/sulfamethoxazole,Resistant
562.143328,cefotaxime,Resistant
562.143328,ciprofloxacin,Susceptible
562.143328,gentamicin,Susceptible
562.143329,cefotaxime,Resistant
562.143329,ciprofloxacin,Resistant
562.143329,gentamicin,Susceptible
562.143329,trimethoprim/sulfamethoxazole,Resistant
562.143330,cefotaxime,Resistant
562.143330,ciprofloxacin,Susceptible
562.143330,gentamicin,Susceptible
562.143331,cefotaxime,Resistant
562.143331,ciprofloxacin,Resistant
562.143331,gentamicin,Susceptible
562.143332,cefotaxime,Resistant
562.143332,ciprofloxacin,Resistant
562.143332,gentamicin,Susceptible
562.143333,cefotaxime,Resistant
562.143333,ciprofloxacin,Resistant
562.143333,gentamicin,Susceptible
562.143333,trimethoprim/sulfamethoxazole,Resistant
562.143334,cefotaxime,Resistant
562.143334,ciprofloxacin,Resistant
562.143334,gentamicin,Resistant
562.143334,trimethoprim/sulfamethoxazole,Resistant
562.143335,ciprofloxacin,Resistant
562.143335,gentamicin,Susceptible
562.143336,cefotaxime,Resistant
562.143336,ciprofloxacin,Resistant
562.143336,gentamicin,Resistant
562.143336,trimethoprim/sulfamethoxazole,Resistant
562.143337,cefotaxime,Resistant
562.143337,ciprofloxacin,Resistant
562.143337,gentamicin,Susceptible
562.143338,ciprofloxacin,Resistant
562.143338,gentamicin,Susceptible
562.143339,cefotaxime,Resistant
562.143339,ciprofloxacin,Resistant
562.143339,gentamicin,Susceptible
562.143340,cefotaxime,Susceptible
562.143340,ciprofloxacin,Susceptible
562.143340,gentamicin,Susceptible
562.143341,cefotaxime,Resistant
562.143341,ciprofloxacin,Resistant
562.143341,gentamicin,Resistant
562.143342,cefotaxime,Resistant
562.143342,ciprofloxacin,Resistant
562.143342,gentamicin,Susceptible
562.143343,cefotaxime,Resistant
562.143343,ciprofloxacin,Resistant
562.143343,gentamicin,Resistant
562.143343,trimethoprim/sulfamethoxazole,Resistant
562.143344,cefotaxime,Resistant
562.143344,ciprofloxacin,Susceptible
562.143344,gentamicin,Susceptible
562.143344,trimethoprim/sulfamethoxazole,Resistant
562.143345,cefotaxime,Resistant
562.143345,ciprofloxacin,Resistant
562.143345,gentamicin,Susceptible
562.143346,cefotaxime,Resistant
562.143346,ciprofloxacin,Resistant
562.143346,gentamicin,Resistant
562.143346,trimethoprim/sulfamethoxazole,Resistant
562.143347,cefotaxime,Resistant
562.143347,ciprofloxacin,Resistant
562.143347,gentamicin,Susceptible
562.143347,trimethoprim/sulfamethoxazole,Resistant
562.143348,cefotaxime,Resistant
562.143348,ciprofloxacin,Resistant
562.143348,gentamicin,Susceptible
562.143349,cefotaxime,Resistant
562.143349,ciprofloxacin,Resistant
562.143349,gentamicin,Resistant
562.143349,trimethoprim/sulfamethoxazole,Resistant
562.143350,cefotaxime,Resistant
562.143350,ciprofloxacin,Resistant
562.143350,gentamicin,Susceptible
562.143351,cefotaxime,Resistant
562.143351,ciprofloxacin,Resistant
562.143351,gentamicin,Susceptible
562.143351,trimethoprim/sulfamethoxazole,Resistant
562.143352,cefotaxime,Susceptible
562.143352,ciprofloxacin,Susceptible
562.143352,gentamicin,Susceptible
562.143353,cefotaxime,Susceptible
562.143353,ciprofloxacin,Resistant
562.143353,gentamicin,Susceptible
562.143354,cefotaxime,Resistant
562.143354,ciprofloxacin,Resistant
562.143354,gentamicin,Susceptible
562.143355,cefotaxime,Resistant
562.143355,ciprofloxacin,Resistant
562.143355,gentamicin,Resistant
562.143355,trimethoprim/sulfamethoxazole,Resistant
562.143356,cefotaxime,Resistant
562.143356,ciprofloxacin,Resistant
562.143356,gentamicin,Susceptible
562.143356,trimethoprim/sulfamethoxazole,Resistant
562.143357,cefotaxime,Susceptible
562.143357,ciprofloxacin,Susceptible
562.143357,gentamicin,Susceptible
562.143358,cefotaxime,Resistant
562.143358,ciprofloxacin,Resistant
562.143358,gentamicin,Resistant
562.143359,cefotaxime,Resistant
562.143359,ciprofloxacin,Resistant
562.143359,gentamicin,Susceptible
562.143360,cefotaxime,Resistant
562.143360,ciprofloxacin,Resistant
562.143360,gentamicin,Susceptible
562.143361,cefotaxime,Resistant
562.143361,ciprofloxacin,Resistant
562.143361,gentamicin,Susceptible
562.143362,cefotaxime,Resistant
562.143362,ciprofloxacin,Resistant
562.143362,gentamicin,Susceptible
562.143363,cefotaxime,Resistant
562.143363,ciprofloxacin,Resistant
562.143363,gentamicin,Susceptible
562.143363,trimethoprim/sulfamethoxazole,Resistant
562.143364,cefotaxime,Susceptible
562.143364,ciprofloxacin,Resistant
562.143364,gentamicin,Susceptible
562.143365,cefotaxime,Resistant
562.143365,ciprofloxacin,Resistant
562.143365,gentamicin,Resistant
562.143365,trimethoprim/sulfamethoxazole,Resistant
562.143366,cefotaxime,Resistant
562.143366,ciprofloxacin,Resistant
562.143366,gentamicin,Susceptible
562.143367,cefotaxime,Resistant
562.143367,ciprofloxacin,Resistant
562.143367,gentamicin,Susceptible
562.143367,trimethoprim/sulfamethoxazole,Resistant
562.143368,cefotaxime,Susceptible
562.143368,ciprofloxacin,Susceptible
562.143368,gentamicin,Susceptible
562.143369,cefotaxime,Resistant
562.143369,ciprofloxacin,Resistant
562.143369,gentamicin,Susceptible
562.143369,trimethoprim/sulfamethoxazole,Resistant
562.143370,cefotaxime,Resistant
562.143370,ciprofloxacin,Resistant
562.143370,gentamicin,Susceptible
562.143370,trimethoprim/sulfamethoxazole,Resistant
562.143371,cefotaxime,Resistant
562.143371,ciprofloxacin,Resistant
562.143371,gentamicin,Susceptible
562.143371,trimethoprim/sulfamethoxazole,Resistant
562.143372,cefotaxime,Resistant
562.143372,ciprofloxacin,Resistant
562.143372,gentamicin,Susceptible
562.143373,cefotaxime,Susceptible
562.143373,ciprofloxacin,Resistant
562.143373,gentamicin,Susceptible
562.143375,cefotaxime,Resistant
562.143375,ciprofloxacin,Resistant
562.143375,gentamicin,Susceptible
562.143376,cefotaxime,Resistant
562.143376,ciprofloxacin,Resistant
562.143376,gentamicin,Resistant
562.143376,trimethoprim/sulfamethoxazole,Resistant
562.143377,cefotaxime,Resistant
562.143377,ciprofloxacin,Resistant
562.143377,gentamicin,Susceptible
562.143378,cefotaxime,Resistant
562.143378,ciprofloxacin,Resistant
562.143378,gentamicin,Resistant
562.143379,cefotaxime,Resistant
562.143379,ciprofloxacin,Resistant
562.143379,gentamicin,Susceptible
562.143380,cefotaxime,Resistant
562.143380,ciprofloxacin,Resistant
562.143380,gentamicin,Susceptible
562.143381,cefotaxime,Resistant
562.143381,ciprofloxacin,Resistant
562.143381,gentamicin,Resistant
562.143382,cefotaxime,Resistant
562.143382,ciprofloxacin,Resistant
562.143382,gentamicin,Susceptible
562.143383,cefotaxime,Resistant
562.143383,ciprofloxacin,Resistant
562.143383,gentamicin,Susceptible
562.143383,trimethoprim/sulfamethoxazole,Resistant
562.143385,cefotaxime,Susceptible
562.143385,ciprofloxacin,Resistant
562.143385,gentamicin,Susceptible
562.143387,cefotaxime,Resistant
562.143387,ciprofloxacin,Susceptible
562.143387,gentamicin,Susceptible
562.143388,cefotaxime,Resistant
562.143388,ciprofloxacin,Susceptible
562.143388,gentamicin,Susceptible
562.143397,cefotaxime,Susceptible
562.143397,ciprofloxacin,Susceptible
562.143397,gentamicin,Susceptible
562.143399,cefotaxime,Susceptible
562.143399,ciprofloxacin,Susceptible
562.143399,gentamicin,Susceptible
562.143400,cefotaxime,Susceptible
562.143400,ciprofloxacin,Resistant
562.143400,gentamicin,Susceptible
562.143401,cefotaxime,Susceptible
562.143401,ciprofloxacin,Resistant
562.143401,gentamicin,Susceptible
562.143403,cefotaxime,Susceptible
562.143403,ciprofloxacin,Resistant
562.143403,gentamicin,Susceptible
562.143406,cefotaxime,Resistant
562.143406,ciprofloxacin,Resistant
562.143406,gentamicin,Susceptible
562.143407,cefotaxime,Resistant
562.143407,ciprofloxacin,Resistant
562.143407,gentamicin,Susceptible
562.143412,cefotaxime,Resistant
562.143412,ciprofloxacin,Resistant
562.143412,gentamicin,Susceptible
562.143414,cefotaxime,Susceptible
562.143414,ciprofloxacin,Resistant
562.143414,gentamicin,Susceptible
562.143416,cefotaxime,Resistant
562.143416,ciprofloxacin,Resistant
562.143416,gentamicin,Susceptible
562.143417,cefotaxime,Resistant
562.143417,ciprofloxacin,Resistant
562.143417,gentamicin,Susceptible
562.143417,trimethoprim/sulfamethoxazole,Resistant
562.143418,cefotaxime,Resistant
562.143418,ciprofloxacin,Resistant
562.143418,gentamicin,Susceptible
562.143419,cefotaxime,Resistant
562.143419,ciprofloxacin,Resistant
562.143419,gentamicin,Susceptible
562.143420,cefotaxime,Resistant
562.143420,ciprofloxacin,Resistant
562.143420,gentamicin,Susceptible
562.143420,trimethoprim/sulfamethoxazole,Resistant
562.143421,cefotaxime,Resistant
562.143421,ciprofloxacin,Resistant
562.143421,gentamicin,Susceptible
562.143422,cefotaxime,Resistant
562.143422,ciprofloxacin,Susceptible
562.143422,gentamicin,Susceptible
562.143423,cefotaxime,Resistant
562.143423,ciprofloxacin,Resistant
562.143423,gentamicin,Susceptible
562.143424,cefotaxime,Resistant
562.143424,ciprofloxacin,Resistant
562.143424,gentamicin,Susceptible
562.143425,cefotaxime,Resistant
562.143425,ciprofloxacin,Resistant
562.143425,gentamicin,Susceptible
562.143425,trimethoprim/sulfamethoxazole,Resistant
562.143426,cefotaxime,Resistant
562.143426,ciprofloxacin,Resistant
562.143426,gentamicin,Resistant
562.143427,cefotaxime,Resistant
562.143427,ciprofloxacin,Resistant
562.143427,gentamicin,Susceptible
562.143427,trimethoprim/sulfamethoxazole,Resistant
562.143428,cefotaxime,Resistant
562.143428,ciprofloxacin,Resistant
562.143428,gentamicin,Susceptible
562.143429,cefotaxime,Resistant
562.143429,ciprofloxacin,Resistant
562.143429,gentamicin,Susceptible
562.143429,trimethoprim/sulfamethoxazole,Resistant
562.143430,cefotaxime,Resistant
562.143430,ciprofloxacin,Susceptible
562.143430,gentamicin,Susceptible
562.143431,cefotaxime,Resistant
562.143431,ciprofloxacin,Resistant
562.143431,gentamicin,Susceptible
562.143431,trimethoprim/sulfamethoxazole,Resistant
562.143432,cefotaxime,Resistant
562.143432,ciprofloxacin,Resistant
562.143432,gentamicin,Susceptible
562.143433,cefotaxime,Resistant
562.143433,ciprofloxacin,Resistant
562.143433,gentamicin,Susceptible
562.143433,trimethoprim/sulfamethoxazole,Resistant
562.143434,cefotaxime,Resistant
562.143434,ciprofloxacin,Resistant
562.143434,gentamicin,Susceptible
562.143434,trimethoprim/sulfamethoxazole,Resistant
562.143435,cefotaxime,Resistant
562.143435,ciprofloxacin,Susceptible
562.143435,gentamicin,Susceptible
562.143436,cefotaxime,Resistant
562.143436,ciprofloxacin,Resistant
562.143436,gentamicin,Susceptible
562.143437,cefotaxime,Resistant
562.143437,ciprofloxacin,Resistant
562.143437,gentamicin,Susceptible
562.143438,cefotaxime,Resistant
562.143438,ciprofloxacin,Resistant
562.143438,gentamicin,Resistant
562.143438,trimethoprim/sulfamethoxazole,Resistant
562.143439,cefotaxime,Resistant
562.143439,ciprofloxacin,Susceptible
562.143439,gentamicin,Resistant
562.143439,trimethoprim/sulfamethoxazole,Resistant
562.143441,cefotaxime,Resistant
562.143441,ciprofloxacin,Resistant
562.143441,gentamicin,Susceptible
562.143442,cefotaxime,Resistant
562.143442,ciprofloxacin,Resistant
562.143442,gentamicin,Susceptible
562.143443,cefotaxime,Resistant
562.143443,ciprofloxacin,Resistant
562.143443,gentamicin,Resistant
562.143443,trimethoprim/sulfamethoxazole,Resistant
562.143444,cefotaxime,Resistant
562.143444,ciprofloxacin,Resistant
562.143444,gentamicin,Susceptible
562.143444,trimethoprim/sulfamethoxazole,Resistant
562.143445,cefotaxime,Resistant
562.143445,ciprofloxacin,Resistant
562.143445,gentamicin,Susceptible
562.143445,trimethoprim/sulfamethoxazole,Resistant
562.143449,cefotaxime,Resistant
562.143449,ciprofloxacin,Resistant
562.143449,gentamicin,Susceptible
562.143450,cefotaxime,Resistant
562.143450,ciprofloxacin,Resistant
562.143450,gentamicin,Susceptible
562.143451,cefotaxime,Resistant
562.143451,ciprofloxacin,Resistant
562.143451,gentamicin,Resistant
562.143453,cefotaxime,Resistant
562.143453,ciprofloxacin,Resistant
562.143453,gentamicin,Resistant
562.143453,trimethoprim/sulfamethoxazole,Resistant
562.143459,cefotaxime,Resistant
562.143459,ciprofloxacin,Resistant
562.143459,gentamicin,Resistant
562.143459,trimethoprim/sulfamethoxazole,Resistant
562.143461,cefotaxime,Resistant
562.143461,ciprofloxacin,Resistant
562.143461,gentamicin,Susceptible
562.143462,cefotaxime,Resistant
562.143462,ciprofloxacin,Resistant
562.143462,gentamicin,Resistant
562.143462,trimethoprim/sulfamethoxazole,Resistant
562.143463,cefotaxime,Resistant
562.143463,ciprofloxacin,Resistant
562.143463,gentamicin,Susceptible
562.143463,trimethoprim/sulfamethoxazole,Resistant
562.143464,cefotaxime,Resistant
562.143464,ciprofloxacin,Resistant
562.143464,gentamicin,Susceptible
562.143466,cefotaxime,Susceptible
562.143466,ciprofloxacin,Resistant
562.143466,gentamicin,Susceptible
562.143475,cefotaxime,Resistant
562.143475,ciprofloxacin,Resistant
562.143475,gentamicin,Susceptible
562.143476,cefotaxime,Resistant
562.143476,ciprofloxacin,Resistant
562.143476,gentamicin,Susceptible
562.143476,trimethoprim/sulfamethoxazole,Resistant
562.143477,cefotaxime,Resistant
562.143477,ciprofloxacin,Resistant
562.143477,gentamicin,Susceptible
562.143478,cefotaxime,Resistant
562.143478,ciprofloxacin,Resistant
562.143478,gentamicin,Resistant
562.143478,trimethoprim/sulfamethoxazole,Resistant
562.143479,cefotaxime,Resistant
562.143479,ciprofloxacin,Resistant
562.143479,gentamicin,Susceptible
562.143480,cefotaxime,Susceptible
562.143480,ciprofloxacin,Resistant
562.143480,gentamicin,Susceptible
562.143480,trimethoprim/sulfamethoxazole,Resistant
562.143481,cefotaxime,Resistant
562.143481,ciprofloxacin,Resistant
562.143481,gentamicin,Susceptible
562.143483,cefotaxime,Resistant
562.143483,ciprofloxacin,Resistant
562.143483,gentamicin,Susceptible
562.143484,cefotaxime,Resistant
562.143484,ciprofloxacin,Resistant
562.143484,gentamicin,Resistant
562.143484,trimethoprim/sulfamethoxazole,Resistant
562.143485,cefotaxime,Resistant
562.143485,ciprofloxacin,Susceptible
562.143485,gentamicin,Susceptible
562.143485,trimethoprim/sulfamethoxazole,Resistant
562.143486,cefotaxime,Resistant
562.143486,ciprofloxacin,Susceptible
562.143486,gentamicin,Susceptible
562.143486,trimethoprim/sulfamethoxazole,Resistant
562.143487,cefotaxime,Resistant
562.143487,ciprofloxacin,Susceptible
562.143487,gentamicin,Susceptible
562.143488,cefotaxime,Resistant
562.143488,ciprofloxacin,Resistant
562.143488,gentamicin,Resistant
562.143488,trimethoprim/sulfamethoxazole,Resistant
562.143489,cefotaxime,Resistant
562.143489,ciprofloxacin,Resistant
562.143489,gentamicin,Susceptible
562.143490,cefotaxime,Resistant
562.143490,ciprofloxacin,Susceptible
562.143490,gentamicin,Susceptible
562.143490,trimethoprim/sulfamethoxazole,Resistant
562.143491,cefotaxime,Resistant
562.143491,ciprofloxacin,Susceptible
562.143491,gentamicin,Susceptible
562.143491,trimethoprim/sulfamethoxazole,Resistant
562.143492,cefotaxime,Resistant
562.143492,ciprofloxacin,Resistant
562.143492,gentamicin,Susceptible
562.143492,trimethoprim/sulfamethoxazole,Resistant
562.143493,cefotaxime,Resistant
562.143493,ciprofloxacin,Susceptible
562.143493,gentamicin,Susceptible
562.143493,trimethoprim/sulfamethoxazole,Resistant
562.143494,cefotaxime,Resistant
562.143494,ciprofloxacin,Resistant
562.143494,gentamicin,Susceptible
562.143494,trimethoprim/sulfamethoxazole,Resistant
562.143495,cefotaxime,Resistant
562.143495,ciprofloxacin,Susceptible
562.143495,gentamicin,Susceptible
562.143495,trimethoprim/sulfamethoxazole,Resistant
562.143496,cefotaxime,Resistant
562.143496,ciprofloxacin,Susceptible
562.143496,gentamicin,Susceptible
562.143496,trimethoprim/sulfamethoxazole,Resistant
562.143497,cefotaxime,Resistant
562.143497,ciprofloxacin,Susceptible
562.143497,gentamicin,Susceptible
562.143498,cefotaxime,Resistant
562.143498,ciprofloxacin,Susceptible
562.143498,gentamicin,Susceptible
562.143499,cefotaxime,Resistant
562.143499,ciprofloxacin,Resistant
562.143499,gentamicin,Susceptible
562.143500,cefotaxime,Susceptible
562.143500,ciprofloxacin,Susceptible
562.143500,gentamicin,Susceptible
562.143503,cefotaxime,Resistant
562.143503,ciprofloxacin,Resistant
562.143503,gentamicin,Susceptible
562.143503,trimethoprim/sulfamethoxazole,Resistant
562.143504,cefotaxime,Susceptible
562.143504,ciprofloxacin,Resistant
562.143504,gentamicin,Susceptible
562.143504,trimethoprim/sulfamethoxazole,Resistant
562.143505,cefotaxime,Resistant
562.143505,ciprofloxacin,Resistant
562.143505,gentamicin,Susceptible
562.143506,cefotaxime,Susceptible
562.143506,ciprofloxacin,Susceptible
562.143506,gentamicin,Susceptible
562.143507,cefotaxime,Susceptible
562.143507,ciprofloxacin,Susceptible
562.143507,gentamicin,Susceptible
562.143508,cefotaxime,Resistant
562.143508,ciprofloxacin,Susceptible
562.143508,gentamicin,Susceptible
562.143509,cefotaxime,Susceptible
562.143509,ciprofloxacin,Susceptible
562.143509,gentamicin,Susceptible
562.143510,cefotaxime,Susceptible
562.143510,ciprofloxacin,Resistant
562.143510,gentamicin,Susceptible
562.143511,cefotaxime,Susceptible
562.143511,ciprofloxacin,Susceptible
562.143511,gentamicin,Susceptible
562.143512,cefotaxime,Susceptible
562.143512,ciprofloxacin,Resistant
562.143512,gentamicin,Susceptible
562.143513,cefotaxime,Susceptible
562.143513,ciprofloxacin,Susceptible
562.143513,gentamicin,Susceptible
562.143514,cefotaxime,Resistant
562.143514,ciprofloxacin,Resistant
562.143514,gentamicin,Susceptible
562.143515,cefotaxime,Susceptible
562.143515,ciprofloxacin,Resistant
562.143515,gentamicin,Susceptible
562.143519,cefotaxime,Susceptible
562.143519,ciprofloxacin,Susceptible
562.143519,gentamicin,Susceptible
562.143520,cefotaxime,Susceptible
562.143520,ciprofloxacin,Susceptible
562.143520,gentamicin,Susceptible
562.143521,cefotaxime,Susceptible
562.143521,ciprofloxacin,Susceptible
562.143521,gentamicin,Susceptible
562.143522,cefotaxime,Susceptible
562.143522,ciprofloxacin,Susceptible
562.143522,gentamicin,Susceptible
562.143523,cefotaxime,Susceptible
562.143523,ciprofloxacin,Susceptible
562.143523,gentamicin,Susceptible
562.143524,cefotaxime,Susceptible
562.143524,ciprofloxacin,Resistant
562.143524,gentamicin,Susceptible
562.143527,cefotaxime,Susceptible
562.143527,ciprofloxacin,Resistant
562.143527,gentamicin,Susceptible
562.143528,cefotaxime,Susceptible
562.143528,ciprofloxacin,Susceptible
562.143528,gentamicin,Susceptible
562.143529,cefotaxime,Susceptible
562.143529,ciprofloxacin,Resistant
562.143529,gentamicin,Resistant
562.143530,cefotaxime,Susceptible
562.143530,ciprofloxacin,Susceptible
562.143530,gentamicin,Susceptible
562.143531,cefotaxime,Resistant
562.143531,ciprofloxacin,Resistant
562.143531,gentamicin,Resistant
562.143532,cefotaxime,Susceptible
562.143532,ciprofloxacin,Susceptible
562.143532,gentamicin,Susceptible
562.143533,cefotaxime,Susceptible
562.143533,ciprofloxacin,Resistant
562.143533,gentamicin,Susceptible
562.143534,cefotaxime,Resistant
562.143534,ciprofloxacin,Susceptible
562.143534,gentamicin,Susceptible
562.143535,cefotaxime,Resistant
562.143535,ciprofloxacin,Resistant
562.143535,gentamicin,Susceptible
562.143535,trimethoprim/sulfamethoxazole,Resistant
562.143536,cefotaxime,Susceptible
562.143536,ciprofloxacin,Susceptible
562.143536,gentamicin,Susceptible
562.143537,cefotaxime,Susceptible
562.143537,ciprofloxacin,Resistant
562.143537,gentamicin,Susceptible
562.143538,cefotaxime,Susceptible
562.143538,ciprofloxacin,Susceptible
562.143538,gentamicin,Susceptible
562.143539,cefotaxime,Resistant
562.143539,ciprofloxacin,Resistant
562.143539,gentamicin,Susceptible
562.143540,cefotaxime,Resistant
562.143540,ciprofloxacin,Resistant
562.143540,gentamicin,Susceptible
562.143540,trimethoprim/sulfamethoxazole,Resistant
562.143541,cefotaxime,Resistant
562.143541,ciprofloxacin,Resistant
562.143541,gentamicin,Susceptible
562.143542,cefotaxime,Resistant
562.143542,ciprofloxacin,Resistant
562.143542,gentamicin,Susceptible
562.143543,cefotaxime,Resistant
562.143543,ciprofloxacin,Susceptible
562.143543,gentamicin,Resistant
562.143543,trimethoprim/sulfamethoxazole,Resistant
562.143544,cefotaxime,Susceptible
562.143544,ciprofloxacin,Susceptible
562.143544,gentamicin,Susceptible
562.143545,cefotaxime,Resistant
562.143545,ciprofloxacin,Resistant
562.143545,gentamicin,Resistant
562.143545,trimethoprim/sulfamethoxazole,Resistant
562.143546,cefotaxime,Susceptible
562.143546,ciprofloxacin,Susceptible
562.143546,gentamicin,Susceptible
562.143547,ciprofloxacin,Susceptible
562.143547,gentamicin,Susceptible
562.143548,cefotaxime,Resistant
562.143548,ciprofloxacin,Resistant
562.143548,gentamicin,Resistant
562.143548,trimethoprim/sulfamethoxazole,Resistant
562.143549,cefotaxime,Resistant
562.143549,ciprofloxacin,Resistant
562.143549,gentamicin,Susceptible
562.143550,cefotaxime,Resistant
562.143550,ciprofloxacin,Resistant
562.143550,gentamicin,Resistant
562.143550,trimethoprim/sulfamethoxazole,Resistant
562.143551,cefotaxime,Susceptible
562.143551,ciprofloxacin,Susceptible
562.143551,gentamicin,Susceptible
562.143552,cefotaxime,Resistant
562.143552,ciprofloxacin,Susceptible
562.143552,gentamicin,Resistant
562.143552,trimethoprim/sulfamethoxazole,Resistant
562.143553,cefotaxime,Susceptible
562.143553,ciprofloxacin,Susceptible
562.143553,gentamicin,Susceptible
562.143554,cefotaxime,Resistant
562.143554,ciprofloxacin,Resistant
562.143554,gentamicin,Susceptible
562.143554,trimethoprim/sulfamethoxazole,Resistant
562.143555,cefotaxime,Susceptible
562.143555,ciprofloxacin,Resistant
562.143555,gentamicin,Susceptible
562.143556,cefotaxime,Susceptible
562.143556,ciprofloxacin,Resistant
562.143556,gentamicin,Susceptible
562.143557,ciprofloxacin,Susceptible
562.143557,gentamicin,Susceptible
562.143558,cefotaxime,Resistant
562.143558,ciprofloxacin,Resistant
562.143558,gentamicin,Susceptible
562.143559,cefotaxime,Resistant
562.143559,ciprofloxacin,Resistant
562.143559,gentamicin,Susceptible
562.143560,cefotaxime,Susceptible
562.143560,ciprofloxacin,Susceptible
562.143560,gentamicin,Susceptible
562.143561,cefotaxime,Resistant
562.143561,ciprofloxacin,Resistant
562.143561,gentamicin,Susceptible
562.143562,cefotaxime,Susceptible
562.143562,ciprofloxacin,Susceptible
562.143562,gentamicin,Susceptible
562.143563,cefotaxime,Resistant
562.143563,ciprofloxacin,Resistant
562.143563,gentamicin,Resistant
562.143563,trimethoprim/sulfamethoxazole,Resistant
562.143564,ciprofloxacin,Susceptible
562.143564,gentamicin,Susceptible
562.143565,cefotaxime,Resistant
562.143565,ciprofloxacin,Resistant
562.143565,gentamicin,Resistant
562.143566,cefotaxime,Resistant
562.143566,ciprofloxacin,Resistant
562.143566,gentamicin,Susceptible
562.143567,cefotaxime,Resistant
562.143567,ciprofloxacin,Susceptible
562.143567,gentamicin,Susceptible
562.143568,cefotaxime,Susceptible
562.143568,ciprofloxacin,Susceptible
562.143568,gentamicin,Susceptible
562.143569,cefotaxime,Susceptible
562.143569,ciprofloxacin,Susceptible
562.143569,gentamicin,Susceptible
562.143570,cefotaxime,Susceptible
562.143570,ciprofloxacin,Susceptible
562.143570,gentamicin,Susceptible
562.143571,cefotaxime,Susceptible
562.143571,ciprofloxacin,Susceptible
562.143571,gentamicin,Susceptible
562.143571,trimethoprim/sulfamethoxazole,Resistant
562.143572,cefotaxime,Resistant
562.143572,ciprofloxacin,Resistant
562.143572,gentamicin,Susceptible
562.143572,trimethoprim/sulfamethoxazole,Resistant
562.143573,cefotaxime,Susceptible
562.143573,ciprofloxacin,Susceptible
562.143573,gentamicin,Susceptible
562.143574,cefotaxime,Resistant
562.143574,ciprofloxacin,Resistant
562.143574,gentamicin,Susceptible
562.143575,cefotaxime,Resistant
562.143575,ciprofloxacin,Susceptible
562.143575,gentamicin,Susceptible
562.143576,cefotaxime,Resistant
562.143576,ciprofloxacin,Susceptible
562.143576,gentamicin,Susceptible
562.143577,cefotaxime,Susceptible
562.143577,ciprofloxacin,Susceptible
562.143577,gentamicin,Susceptible
562.143578,cefotaxime,Resistant
562.143578,ciprofloxacin,Resistant
562.143578,gentamicin,Susceptible
562.143578,trimethoprim/sulfamethoxazole,Resistant
562.143579,cefotaxime,Susceptible
562.143579,ciprofloxacin,Susceptible
562.143579,gentamicin,Susceptible
562.143580,cefotaxime,Resistant
562.143580,ciprofloxacin,Resistant
562.143580,gentamicin,Susceptible
562.143580,trimethoprim/sulfamethoxazole,Resistant
562.143581,cefotaxime,Susceptible
562.143581,ciprofloxacin,Susceptible
562.143581,gentamicin,Susceptible
562.143582,cefotaxime,Resistant
562.143582,ciprofloxacin,Resistant
562.143582,gentamicin,Susceptible
562.143583,cefotaxime,Susceptible
562.143583,ciprofloxacin,Susceptible
562.143583,gentamicin,Susceptible
562.143584,cefotaxime,Resistant
562.143584,ciprofloxacin,Resistant
562.143584,gentamicin,Susceptible
562.143585,cefotaxime,Resistant
562.143585,ciprofloxacin,Resistant
562.143585,gentamicin,Susceptible
562.143585,trimethoprim/sulfamethoxazole,Resistant
562.143586,cefotaxime,Resistant
562.143586,ciprofloxacin,Resistant
562.143586,gentamicin,Resistant
562.143586,trimethoprim/sulfamethoxazole,Resistant
562.143587,cefotaxime,Resistant
562.143587,ciprofloxacin,Resistant
562.143587,gentamicin,Susceptible
562.143587,trimethoprim/sulfamethoxazole,Resistant
562.143588,cefotaxime,Resistant
562.143588,ciprofloxacin,Resistant
562.143588,gentamicin,Susceptible
562.143589,cefotaxime,Resistant
562.143589,ciprofloxacin,Resistant
562.143589,gentamicin,Susceptible
562.143589,trimethoprim/sulfamethoxazole,Resistant
562.143590,cefotaxime,Resistant
562.143590,ciprofloxacin,Susceptible
562.143590,gentamicin,Susceptible
562.143591,cefotaxime,Resistant
562.143591,ciprofloxacin,Resistant
562.143591,gentamicin,Susceptible
562.143591,trimethoprim/sulfamethoxazole,Resistant
562.143592,cefotaxime,Resistant
562.143592,ciprofloxacin,Susceptible
562.143592,gentamicin,Susceptible
562.143593,cefotaxime,Resistant
562.143593,ciprofloxacin,Susceptible
562.143593,gentamicin,Susceptible
562.143594,cefotaxime,Resistant
562.143594,ciprofloxacin,Resistant
562.143594,gentamicin,Susceptible
562.143595,cefotaxime,Resistant
562.143595,ciprofloxacin,Resistant
562.143595,gentamicin,Susceptible
562.143595,trimethoprim/sulfamethoxazole,Resistant
562.143596,cefotaxime,Resistant
562.143596,ciprofloxacin,Resistant
562.143596,gentamicin,Resistant
562.143596,trimethoprim/sulfamethoxazole,Resistant
562.143597,cefotaxime,Resistant
562.143597,ciprofloxacin,Susceptible
562.143597,gentamicin,Resistant
562.143597,trimethoprim/sulfamethoxazole,Resistant
562.143598,cefotaxime,Resistant
562.143598,ciprofloxacin,Susceptible
562.143598,gentamicin,Susceptible
562.143598,trimethoprim/sulfamethoxazole,Resistant
562.143599,cefotaxime,Resistant
562.143599,ciprofloxacin,Resistant
562.143599,gentamicin,Susceptible
562.143599,trimethoprim/sulfamethoxazole,Resistant
562.143600,cefotaxime,Resistant
562.143600,ciprofloxacin,Resistant
562.143600,gentamicin,Susceptible
562.143600,trimethoprim/sulfamethoxazole,Resistant
562.143601,cefotaxime,Susceptible
562.143601,ciprofloxacin,Susceptible
562.143601,gentamicin,Susceptible
562.143602,cefotaxime,Resistant
562.143602,ciprofloxacin,Resistant
562.143602,gentamicin,Susceptible
562.143603,cefotaxime,Resistant
562.143603,ciprofloxacin,Resistant
562.143603,gentamicin,Susceptible
562.143603,trimethoprim/sulfamethoxazole,Resistant
562.143604,cefotaxime,Resistant
562.143604,ciprofloxacin,Resistant
562.143604,gentamicin,Susceptible
562.143605,cefotaxime,Resistant
562.143605,ciprofloxacin,Susceptible
562.143605,gentamicin,Susceptible
562.143606,cefotaxime,Resistant
562.143606,ciprofloxacin,Resistant
562.143606,gentamicin,Susceptible
562.143607,cefotaxime,Resistant
562.143607,ciprofloxacin,Susceptible
562.143607,gentamicin,Resistant
562.143608,cefotaxime,Resistant
562.143608,ciprofloxacin,Resistant
562.143608,gentamicin,Susceptible
562.143609,cefotaxime,Resistant
562.143609,ciprofloxacin,Susceptible
562.143609,gentamicin,Resistant
562.143609,trimethoprim/sulfamethoxazole,Resistant
562.143610,cefotaxime,Susceptible
562.143610,ciprofloxacin,Resistant
562.143610,gentamicin,Susceptible
562.143611,cefotaxime,Resistant
562.143611,ciprofloxacin,Resistant
562.143611,gentamicin,Susceptible
562.143612,cefotaxime,Resistant
562.143612,ciprofloxacin,Resistant
562.143612,gentamicin,Susceptible
562.143612,trimethoprim/sulfamethoxazole,Resistant
562.143613,cefotaxime,Resistant
562.143613,ciprofloxacin,Resistant
562.143613,gentamicin,Susceptible
562.143613,trimethoprim/sulfamethoxazole,Resistant
562.143614,cefotaxime,Resistant
562.143614,ciprofloxacin,Resistant
562.143614,gentamicin,Resistant
562.143614,trimethoprim/sulfamethoxazole,Resistant
562.143615,cefotaxime,Resistant
562.143615,ciprofloxacin,Resistant
562.143615,gentamicin,Susceptible
562.143616,cefotaxime,Resistant
562.143616,ciprofloxacin,Susceptible
562.143616,gentamicin,Resistant
562.143616,trimethoprim/sulfamethoxazole,Resistant
562.143617,cefotaxime,Resistant
562.143617,ciprofloxacin,Resistant
562.143617,gentamicin,Resistant
562.143617,trimethoprim/sulfamethoxazole,Resistant
562.143618,cefotaxime,Susceptible
562.143618,ciprofloxacin,Resistant
562.143618,gentamicin,Susceptible
562.143619,cefotaxime,Resistant
562.143619,ciprofloxacin,Resistant
562.143619,gentamicin,Susceptible
562.143620,cefotaxime,Resistant
562.143620,ciprofloxacin,Susceptible
562.143620,gentamicin,Susceptible
562.143621,cefotaxime,Resistant
562.143621,ciprofloxacin,Resistant
562.143621,gentamicin,Susceptible
562.143622,cefotaxime,Susceptible
562.143622,ciprofloxacin,Susceptible
562.143622,gentamicin,Susceptible
562.143623,cefotaxime,Susceptible
562.143623,ciprofloxacin,Susceptible
562.143623,gentamicin,Susceptible
562.143624,cefotaxime,Resistant
562.143624,ciprofloxacin,Susceptible
562.143624,gentamicin,Susceptible
562.143625,ciprofloxacin,Susceptible
562.143625,gentamicin,Susceptible
562.143626,cefotaxime,Resistant
562.143626,ciprofloxacin,Susceptible
562.143626,gentamicin,Resistant
562.143628,cefotaxime,Susceptible
562.143628,ciprofloxacin,Susceptible
562.143628,gentamicin,Susceptible
562.143630,cefotaxime,Susceptible
562.143630,ciprofloxacin,Resistant
562.143630,gentamicin,Susceptible
562.143642,cefotaxime,Resistant
562.143642,ciprofloxacin,Susceptible
562.143642,gentamicin,Susceptible
562.143644,cefotaxime,Resistant
562.143644,ciprofloxacin,Resistant
562.143644,gentamicin,Susceptible
562.143644,trimethoprim/sulfamethoxazole,Resistant
562.143645,cefotaxime,Resistant
562.143645,ciprofloxacin,Resistant
562.143645,gentamicin,Susceptible
562.143645,trimethoprim/sulfamethoxazole,Resistant
562.143646,cefotaxime,Resistant
562.143646,ciprofloxacin,Resistant
562.143646,gentamicin,Resistant
562.143646,trimethoprim/sulfamethoxazole,Resistant
562.143647,ciprofloxacin,Resistant
562.143647,gentamicin,Resistant
562.143647,trimethoprim/sulfamethoxazole,Resistant
562.143648,cefotaxime,Resistant
562.143648,ciprofloxacin,Susceptible
562.143648,gentamicin,Susceptible
562.143649,cefotaxime,Susceptible
562.143649,ciprofloxacin,Susceptible
562.143649,gentamicin,Susceptible
562.143650,cefotaxime,Resistant
562.143650,ciprofloxacin,Resistant
562.143650,gentamicin,Resistant
562.143650,trimethoprim/sulfamethoxazole,Resistant
562.143651,ciprofloxacin,Susceptible
562.143651,gentamicin,Susceptible
562.143652,cefotaxime,Resistant
562.143652,ciprofloxacin,Susceptible
562.143652,gentamicin,Susceptible
562.143653,cefotaxime,Resistant
562.143653,ciprofloxacin,Resistant
562.143653,gentamicin,Susceptible
562.143654,cefotaxime,Resistant
562.143654,ciprofloxacin,Resistant
562.143654,gentamicin,Susceptible
562.143655,cefotaxime,Resistant
562.143655,ciprofloxacin,Resistant
562.143655,gentamicin,Susceptible
562.143655,trimethoprim/sulfamethoxazole,Resistant
562.143656,cefotaxime,Resistant
562.143656,ciprofloxacin,Resistant
562.143656,gentamicin,Susceptible
562.143657,cefotaxime,Susceptible
562.143657,ciprofloxacin,Susceptible
562.143657,gentamicin,Susceptible
562.143658,cefotaxime,Susceptible
562.143658,ciprofloxacin,Susceptible
562.143658,gentamicin,Susceptible
562.143659,cefotaxime,Resistant
562.143659,ciprofloxacin,Resistant
562.143659,gentamicin,Susceptible
562.143660,cefotaxime,Susceptible
562.143660,ciprofloxacin,Resistant
562.143660,gentamicin,Susceptible
562.143661,cefotaxime,Resistant
562.143661,ciprofloxacin,Resistant
562.143661,gentamicin,Susceptible
562.143662,cefotaxime,Resistant
562.143662,ciprofloxacin,Resistant
562.143662,gentamicin,Susceptible
562.143663,cefotaxime,Resistant
562.143663,ciprofloxacin,Susceptible
562.143663,gentamicin,Susceptible
562.143663,trimethoprim/sulfamethoxazole,Resistant
562.143664,cefotaxime,Resistant
562.143664,ciprofloxacin,Resistant
562.143664,gentamicin,Susceptible
562.143664,trimethoprim/sulfamethoxazole,Resistant
562.143665,cefotaxime,Resistant
562.143665,ciprofloxacin,Resistant
562.143665,gentamicin,Resistant
562.143666,cefotaxime,Resistant
562.143666,ciprofloxacin,Resistant
562.143666,gentamicin,Susceptible
562.143666,trimethoprim/sulfamethoxazole,Resistant
562.143667,ciprofloxacin,Resistant
562.143667,gentamicin,Susceptible
562.143678,cefotaxime,Resistant
562.143678,ciprofloxacin,Resistant
562.143678,gentamicin,Susceptible
562.143679,cefotaxime,Resistant
562.143679,ciprofloxacin,Resistant
562.143679,gentamicin,Susceptible
562.143679,trimethoprim/sulfamethoxazole,Resistant
562.143681,cefotaxime,Resistant
562.143681,ciprofloxacin,Resistant
562.143681,gentamicin,Susceptible
562.143681,trimethoprim/sulfamethoxazole,Resistant
562.143682,ciprofloxacin,Susceptible
562.143682,gentamicin,Susceptible
562.143683,cefotaxime,Susceptible
562.143683,ciprofloxacin,Resistant
562.143683,gentamicin,Susceptible
562.143684,cefotaxime,Resistant
562.143684,ciprofloxacin,Susceptible
562.143684,gentamicin,Susceptible
562.143684,trimethoprim/sulfamethoxazole,Resistant
562.143685,cefotaxime,Susceptible
562.143685,ciprofloxacin,Resistant
562.143685,gentamicin,Susceptible
562.143685,trimethoprim/sulfamethoxazole,Resistant
562.143686,cefotaxime,Resistant
562.143686,ciprofloxacin,Resistant
562.143686,gentamicin,Resistant
562.143687,cefotaxime,Resistant
562.143687,ciprofloxacin,Resistant
562.143687,gentamicin,Susceptible
562.143687,trimethoprim/sulfamethoxazole,Resistant
562.143696,cefotaxime,Susceptible
562.143696,ciprofloxacin,Resistant
562.143696,gentamicin,Susceptible
562.143698,cefotaxime,Susceptible
562.143698,ciprofloxacin,Resistant
562.143698,gentamicin,Resistant
562.143700,cefotaxime,Susceptible
562.143700,ciprofloxacin,Resistant
562.143700,gentamicin,Susceptible
562.143701,cefotaxime,Resistant
562.143701,ciprofloxacin,Resistant
562.143701,gentamicin,Susceptible
562.143702,cefotaxime,Resistant
562.143702,ciprofloxacin,Resistant
562.143702,gentamicin,Susceptible
562.143703,cefotaxime,Resistant
562.143703,ciprofloxacin,Resistant
562.143703,gentamicin,Susceptible
562.143703,trimethoprim/sulfamethoxazole,Resistant
562.143704,cefotaxime,Resistant
562.143704,ciprofloxacin,Resistant
562.143704,gentamicin,Susceptible
562.143704,trimethoprim/sulfamethoxazole,Resistant
562.143705,cefotaxime,Resistant
562.143705,ciprofloxacin,Resistant
562.143705,gentamicin,Susceptible
562.143706,cefotaxime,Resistant
562.143706,ciprofloxacin,Resistant
562.143706,gentamicin,Resistant
562.143706,trimethoprim/sulfamethoxazole,Resistant
562.143707,cefotaxime,Resistant
562.143707,ciprofloxacin,Resistant
562.143707,gentamicin,Susceptible
562.143707,trimethoprim/sulfamethoxazole,Resistant
562.143708,cefotaxime,Resistant
562.143708,ciprofloxacin,Resistant
562.143708,gentamicin,Susceptible
562.143709,cefotaxime,Resistant
562.143709,ciprofloxacin,Resistant
562.143709,gentamicin,Susceptible
562.143709,trimethoprim/sulfamethoxazole,Resistant
562.143710,cefotaxime,Resistant
562.143710,ciprofloxacin,Resistant
562.143710,gentamicin,Susceptible
562.143710,trimethoprim/sulfamethoxazole,Resistant
562.143711,cefotaxime,Resistant
562.143711,ciprofloxacin,Resistant
562.143711,gentamicin,Susceptible
562.143712,cefotaxime,Resistant
562.143712,ciprofloxacin,Resistant
562.143712,gentamicin,Resistant
562.143712,trimethoprim/sulfamethoxazole,Resistant
562.143713,cefotaxime,Resistant
562.143713,ciprofloxacin,Resistant
562.143713,gentamicin,Susceptible
562.143714,cefotaxime,Resistant
562.143714,ciprofloxacin,Resistant
562.143714,gentamicin,Susceptible
562.143715,cefotaxime,Resistant
562.143715,ciprofloxacin,Resistant
562.143715,gentamicin,Susceptible
562.143715,trimethoprim/sulfamethoxazole,Resistant
562.143716,cefotaxime,Resistant
562.143716,ciprofloxacin,Resistant
562.143716,gentamicin,Susceptible
562.143717,cefotaxime,Resistant
562.143717,ciprofloxacin,Resistant
562.143717,gentamicin,Susceptible
562.143718,cefotaxime,Resistant
562.143718,ciprofloxacin,Resistant
562.143718,gentamicin,Susceptible
562.143719,cefotaxime,Resistant
562.143719,ciprofloxacin,Resistant
562.143719,gentamicin,Susceptible
562.143720,cefotaxime,Resistant
562.143720,ciprofloxacin,Resistant
562.143720,gentamicin,Susceptible
562.143721,cefotaxime,Resistant
562.143721,ciprofloxacin,Resistant
562.143721,gentamicin,Susceptible
562.143723,cefotaxime,Resistant
562.143723,ciprofloxacin,Resistant
562.143723,gentamicin,Susceptible
562.143723,trimethoprim/sulfamethoxazole,Resistant
562.143728,cefotaxime,Resistant
562.143728,ciprofloxacin,Resistant
562.143728,gentamicin,Susceptible
562.143730,cefotaxime,Resistant
562.143730,ciprofloxacin,Resistant
562.143730,gentamicin,Resistant
562.143730,trimethoprim/sulfamethoxazole,Resistant
562.143731,cefotaxime,Resistant
562.143731,ciprofloxacin,Resistant
562.143731,gentamicin,Susceptible
562.143732,cefotaxime,Resistant
562.143732,ciprofloxacin,Resistant
562.143732,gentamicin,Susceptible
562.143733,cefotaxime,Resistant
562.143733,ciprofloxacin,Resistant
562.143733,gentamicin,Susceptible
562.143734,cefotaxime,Resistant
562.143734,ciprofloxacin,Resistant
562.143734,gentamicin,Susceptible
562.143734,trimethoprim/sulfamethoxazole,Resistant
562.143735,cefotaxime,Resistant
562.143735,ciprofloxacin,Resistant
562.143735,gentamicin,Susceptible
562.143735,trimethoprim/sulfamethoxazole,Resistant
562.143736,cefotaxime,Resistant
562.143736,ciprofloxacin,Resistant
562.143736,gentamicin,Susceptible
562.143738,cefotaxime,Susceptible
562.143738,ciprofloxacin,Susceptible
562.143738,gentamicin,Susceptible
562.143739,cefotaxime,Resistant
562.143739,ciprofloxacin,Resistant
562.143739,gentamicin,Susceptible
562.143739,trimethoprim/sulfamethoxazole,Resistant
562.143740,cefotaxime,Resistant
562.143740,ciprofloxacin,Resistant
562.143740,gentamicin,Susceptible
562.143740,trimethoprim/sulfamethoxazole,Resistant
562.143741,cefotaxime,Resistant
562.143741,ciprofloxacin,Resistant
562.143741,gentamicin,Resistant
562.143741,trimethoprim/sulfamethoxazole,Resistant
562.143742,cefotaxime,Resistant
562.143742,ciprofloxacin,Resistant
562.143742,gentamicin,Resistant
562.143742,trimethoprim/sulfamethoxazole,Resistant
562.143743,cefotaxime,Resistant
562.143743,ciprofloxacin,Susceptible
562.143743,gentamicin,Resistant
562.143743,trimethoprim/sulfamethoxazole,Resistant
562.143744,cefotaxime,Resistant
562.143744,ciprofloxacin,Resistant
562.143744,gentamicin,Resistant
562.143745,cefotaxime,Resistant
562.143745,ciprofloxacin,Resistant
562.143745,gentamicin,Susceptible
562.143745,trimethoprim/sulfamethoxazole,Resistant
562.143746,cefotaxime,Resistant
562.143746,ciprofloxacin,Susceptible
562.143746,gentamicin,Susceptible
562.143747,cefotaxime,Resistant
562.143747,ciprofloxacin,Resistant
562.143747,gentamicin,Susceptible
562.143748,ciprofloxacin,Susceptible
562.143748,gentamicin,Susceptible
562.143749,cefotaxime,Resistant
562.143749,ciprofloxacin,Resistant
562.143749,gentamicin,Resistant
562.143749,trimethoprim/sulfamethoxazole,Resistant
562.143750,cefotaxime,Resistant
562.143750,ciprofloxacin,Resistant
562.143750,gentamicin,Susceptible
562.143750,trimethoprim/sulfamethoxazole,Resistant
562.143760,cefotaxime,Susceptible
562.143760,ciprofloxacin,Susceptible
562.143760,gentamicin,Susceptible
562.143761,cefotaxime,Resistant
562.143761,ciprofloxacin,Resistant
562.143761,gentamicin,Resistant
562.143761,trimethoprim/sulfamethoxazole,Resistant
562.143762,cefotaxime,Resistant
562.143762,ciprofloxacin,Resistant
562.143762,gentamicin,Resistant
562.143762,trimethoprim/sulfamethoxazole,Resistant
562.143763,cefotaxime,Susceptible
562.143763,ciprofloxacin,Resistant
562.143763,gentamicin,Susceptible
562.143764,cefotaxime,Resistant
562.143764,ciprofloxacin,Resistant
562.143764,gentamicin,Resistant
562.143764,trimethoprim/sulfamethoxazole,Resistant
562.143766,cefotaxime,Susceptible
562.143766,ciprofloxacin,Susceptible
562.143766,gentamicin,Susceptible
562.143767,cefotaxime,Susceptible
562.143767,ciprofloxacin,Resistant
562.143767,gentamicin,Susceptible
562.143767,trimethoprim/sulfamethoxazole,Resistant
562.143768,cefotaxime,Resistant
562.143768,ciprofloxacin,Resistant
562.143768,gentamicin,Resistant
562.143769,cefotaxime,Resistant
562.143769,ciprofloxacin,Resistant
562.143769,gentamicin,Resistant
562.143770,cefotaxime,Susceptible
562.143770,ciprofloxacin,Susceptible
562.143770,gentamicin,Susceptible
562.143771,cefotaxime,Resistant
562.143771,ciprofloxacin,Resistant
562.143771,gentamicin,Resistant
562.143771,trimethoprim/sulfamethoxazole,Resistant
562.143772,cefotaxime,Susceptible
562.143772,ciprofloxacin,Susceptible
562.143772,gentamicin,Susceptible
562.143773,cefotaxime,Susceptible
562.143773,ciprofloxacin,Susceptible
562.143773,gentamicin,Susceptible
562.143774,ciprofloxacin,Susceptible
562.143774,gentamicin,Susceptible
562.143775,ciprofloxacin,Susceptible
562.143775,gentamicin,Susceptible
562.143776,cefotaxime,Susceptible
562.143776,ciprofloxacin,Resistant
562.143776,gentamicin,Resistant
562.143776,trimethoprim/sulfamethoxazole,Resistant
562.143780,cefotaxime,Susceptible
562.143780,ciprofloxacin,Resistant
562.143780,gentamicin,Susceptible
562.143781,cefotaxime,Susceptible
562.143781,ciprofloxacin,Susceptible
562.143781,gentamicin,Susceptible
562.143782,cefotaxime,Susceptible
562.143782,ciprofloxacin,Susceptible
562.143782,gentamicin,Susceptible
562.143783,cefotaxime,Resistant
562.143783,ciprofloxacin,Resistant
562.143783,gentamicin,Susceptible
562.143784,cefotaxime,Resistant
562.143784,ciprofloxacin,Resistant
562.143784,gentamicin,Susceptible
562.143785,cefotaxime,Resistant
562.143785,ciprofloxacin,Resistant
562.143785,gentamicin,Susceptible
562.143786,cefotaxime,Resistant
562.143786,ciprofloxacin,Resistant
562.143786,gentamicin,Susceptible
562.143786,trimethoprim/sulfamethoxazole,Resistant
562.143787,cefotaxime,Resistant
562.143787,ciprofloxacin,Resistant
562.143787,gentamicin,Susceptible
562.143787,trimethoprim/sulfamethoxazole,Resistant
562.143788,cefotaxime,Resistant
562.143788,ciprofloxacin,Resistant
562.143788,gentamicin,Susceptible
562.143789,cefotaxime,Resistant
562.143789,ciprofloxacin,Resistant
562.143789,gentamicin,Susceptible
562.143789,trimethoprim/sulfamethoxazole,Resistant
562.143790,cefotaxime,Resistant
562.143790,ciprofloxacin,Resistant
562.143790,gentamicin,Susceptible
562.143790,trimethoprim/sulfamethoxazole,Resistant
562.143791,cefotaxime,Resistant
562.143791,ciprofloxacin,Resistant
562.143791,gentamicin,Susceptible
562.143791,trimethoprim/sulfamethoxazole,Resistant
562.143792,cefotaxime,Susceptible
562.143792,ciprofloxacin,Resistant
562.143792,gentamicin,Susceptible
562.143793,cefotaxime,Resistant
562.143793,ciprofloxacin,Resistant
562.143793,gentamicin,Susceptible
562.143794,cefotaxime,Resistant
562.143794,ciprofloxacin,Susceptible
562.143794,gentamicin,Susceptible
562.143795,cefotaxime,Resistant
562.143795,ciprofloxacin,Resistant
562.143795,gentamicin,Susceptible
562.143795,trimethoprim/sulfamethoxazole,Resistant
562.143796,cefotaxime,Resistant
562.143796,ciprofloxacin,Susceptible
562.143796,gentamicin,Susceptible
562.143797,cefotaxime,Resistant
562.143797,ciprofloxacin,Resistant
562.143797,gentamicin,Susceptible
562.143798,cefotaxime,Resistant
562.143798,ciprofloxacin,Resistant
562.143798,gentamicin,Susceptible
562.143799,cefotaxime,Resistant
562.143799,ciprofloxacin,Susceptible
562.143799,gentamicin,Susceptible
562.143800,cefotaxime,Resistant
562.143800,ciprofloxacin,Resistant
562.143800,gentamicin,Susceptible
562.143800,trimethoprim/sulfamethoxazole,Resistant
562.143801,cefotaxime,Resistant
562.143801,ciprofloxacin,Susceptible
562.143801,gentamicin,Resistant
562.143802,cefotaxime,Resistant
562.143802,ciprofloxacin,Susceptible
562.143802,gentamicin,Susceptible
562.143803,cefotaxime,Resistant
562.143803,ciprofloxacin,Resistant
562.143803,gentamicin,Resistant
562.143804,cefotaxime,Resistant
562.143804,ciprofloxacin,Resistant
562.143804,gentamicin,Susceptible
562.143805,cefotaxime,Resistant
562.143805,ciprofloxacin,Resistant
562.143805,gentamicin,Susceptible
562.143806,cefotaxime,Resistant
562.143806,ciprofloxacin,Susceptible
562.143806,gentamicin,Resistant
562.143806,trimethoprim/sulfamethoxazole,Resistant
562.143807,cefotaxime,Resistant
562.143807,ciprofloxacin,Resistant
562.143807,gentamicin,Resistant
562.143808,cefotaxime,Resistant
562.143808,ciprofloxacin,Susceptible
562.143808,gentamicin,Susceptible
562.143809,cefotaxime,Resistant
562.143809,ciprofloxacin,Resistant
562.143809,gentamicin,Resistant
562.143810,cefotaxime,Resistant
562.143810,ciprofloxacin,Resistant
562.143810,gentamicin,Susceptible
562.143811,cefotaxime,Resistant
562.143811,ciprofloxacin,Resistant
562.143811,gentamicin,Resistant
562.143811,trimethoprim/sulfamethoxazole,Resistant
562.143812,cefotaxime,Susceptible
562.143812,ciprofloxacin,Resistant
562.143812,gentamicin,Susceptible
562.143812,trimethoprim/sulfamethoxazole,Resistant
562.143813,cefotaxime,Resistant
562.143813,ciprofloxacin,Resistant
562.143813,gentamicin,Susceptible
562.143814,cefotaxime,Resistant
562.143814,ciprofloxacin,Resistant
562.143814,gentamicin,Susceptible
562.143815,cefotaxime,Susceptible
562.143815,ciprofloxacin,Susceptible
562.143815,gentamicin,Susceptible
562.143816,cefotaxime,Resistant
562.143816,ciprofloxacin,Resistant
562.143816,gentamicin,Susceptible
562.143817,cefotaxime,Resistant
562.143817,ciprofloxacin,Susceptible
562.143817,gentamicin,Resistant
562.143817,trimethoprim/sulfamethoxazole,Resistant
562.143818,cefotaxime,Resistant
562.143818,ciprofloxacin,Susceptible
562.143818,gentamicin,Susceptible
562.143819,cefotaxime,Resistant
562.143819,ciprofloxacin,Resistant
562.143819,gentamicin,Susceptible
562.143819,trimethoprim/sulfamethoxazole,Resistant
562.143820,cefotaxime,Resistant
562.143820,ciprofloxacin,Resistant
562.143820,gentamicin,Susceptible
562.143820,trimethoprim/sulfamethoxazole,Resistant
562.143823,cefotaxime,Resistant
562.143823,ciprofloxacin,Resistant
562.143823,gentamicin,Susceptible
562.143823,trimethoprim/sulfamethoxazole,Resistant
562.143828,cefotaxime,Susceptible
562.143828,ciprofloxacin,Resistant
562.143828,gentamicin,Susceptible
562.143829,cefotaxime,Susceptible
562.143829,ciprofloxacin,Susceptible
562.143829,gentamicin,Susceptible
562.143830,cefotaxime,Susceptible
562.143830,ciprofloxacin,Susceptible
562.143830,gentamicin,Susceptible
562.143832,cefotaxime,Susceptible
562.143832,ciprofloxacin,Susceptible
562.143832,gentamicin,Susceptible
562.143833,cefotaxime,Susceptible
562.143833,ciprofloxacin,Susceptible
562.143833,gentamicin,Susceptible
562.143835,cefotaxime,Susceptible
562.143835,ciprofloxacin,Susceptible
562.143835,gentamicin,Susceptible
562.143836,cefotaxime,Susceptible
562.143836,ciprofloxacin,Susceptible
562.143836,gentamicin,Susceptible
562.143838,cefotaxime,Susceptible
562.143838,ciprofloxacin,Susceptible
562.143838,gentamicin,Susceptible
562.143839,cefotaxime,Resistant
562.143839,ciprofloxacin,Resistant
562.143839,gentamicin,Susceptible
562.143839,trimethoprim/sulfamethoxazole,Resistant
562.143840,cefotaxime,Resistant
562.143840,ciprofloxacin,Resistant
562.143840,gentamicin,Resistant
562.143840,trimethoprim/sulfamethoxazole,Resistant
562.143841,cefotaxime,Resistant
562.143841,ciprofloxacin,Resistant
562.143841,gentamicin,Resistant
562.143842,cefotaxime,Resistant
562.143842,ciprofloxacin,Resistant
562.143842,gentamicin,Susceptible
562.143843,cefotaxime,Resistant
562.143843,ciprofloxacin,Resistant
562.143843,gentamicin,Susceptible
562.143844,cefotaxime,Susceptible
562.143844,ciprofloxacin,Susceptible
562.143844,gentamicin,Susceptible
562.143846,cefotaxime,Resistant
562.143846,ciprofloxacin,Resistant
562.143846,gentamicin,Susceptible
562.143846,trimethoprim/sulfamethoxazole,Resistant
562.143847,cefotaxime,Resistant
562.143847,ciprofloxacin,Resistant
562.143847,gentamicin,Susceptible
562.143848,cefotaxime,Resistant
562.143848,ciprofloxacin,Resistant
562.143848,gentamicin,Susceptible
562.143848,trimethoprim/sulfamethoxazole,Resistant
562.143849,cefotaxime,Resistant
562.143849,ciprofloxacin,Resistant
562.143849,gentamicin,Susceptible
562.143849,trimethoprim/sulfamethoxazole,Resistant
562.143857,cefotaxime,Resistant
562.143857,ciprofloxacin,Resistant
562.143857,gentamicin,Resistant
562.143857,trimethoprim/sulfamethoxazole,Resistant
562.143859,cefotaxime,Resistant
562.143859,ciprofloxacin,Resistant
562.143859,gentamicin,Susceptible
562.143862,cefotaxime,Resistant
562.143862,ciprofloxacin,Resistant
562.143862,gentamicin,Resistant
562.143862,trimethoprim/sulfamethoxazole,Resistant
562.143863,cefotaxime,Susceptible
562.143863,ciprofloxacin,Susceptible
562.143863,gentamicin,Susceptible
562.143864,cefotaxime,Resistant
562.143864,ciprofloxacin,Resistant
562.143864,gentamicin,Resistant
562.143865,cefotaxime,Susceptible
562.143865,ciprofloxacin,Susceptible
562.143865,gentamicin,Susceptible
562.143866,cefotaxime,Resistant
562.143866,ciprofloxacin,Resistant
562.143866,gentamicin,Susceptible
562.143867,cefotaxime,Resistant
562.143867,ciprofloxacin,Resistant
562.143867,gentamicin,Susceptible
562.143869,cefotaxime,Resistant
562.143869,ciprofloxacin,Resistant
562.143869,gentamicin,Susceptible
562.143870,cefotaxime,Resistant
562.143870,ciprofloxacin,Susceptible
562.143870,gentamicin,Susceptible
562.143871,cefotaxime,Resistant
562.143871,ciprofloxacin,Resistant
562.143871,gentamicin,Susceptible
562.143872,cefotaxime,Susceptible
562.143872,ciprofloxacin,Resistant
562.143872,gentamicin,Susceptible
562.143872,trimethoprim/sulfamethoxazole,Resistant
562.143873,cefotaxime,Resistant
562.143873,ciprofloxacin,Resistant
562.143873,gentamicin,Susceptible
562.143874,cefotaxime,Resistant
562.143874,ciprofloxacin,Resistant
562.143874,gentamicin,Susceptible
562.143875,ciprofloxacin,Susceptible
562.143875,gentamicin,Susceptible
562.143875,trimethoprim/sulfamethoxazole,Resistant
562.143876,cefotaxime,Susceptible
562.143876,ciprofloxacin,Susceptible
562.143876,gentamicin,Susceptible
562.143877,cefotaxime,Resistant
562.143877,ciprofloxacin,Resistant
562.143877,gentamicin,Susceptible
562.143878,cefotaxime,Resistant
562.143878,ciprofloxacin,Susceptible
562.143878,gentamicin,Susceptible
562.143879,cefotaxime,Resistant
562.143879,ciprofloxacin,Resistant
562.143879,gentamicin,Susceptible
562.143880,cefotaxime,Susceptible
562.143880,ciprofloxacin,Susceptible
562.143880,gentamicin,Susceptible
562.143881,cefotaxime,Susceptible
562.143881,ciprofloxacin,Susceptible
562.143881,gentamicin,Susceptible
562.143882,cefotaxime,Susceptible
562.143882,ciprofloxacin,Susceptible
562.143882,gentamicin,Susceptible
562.143883,cefotaxime,Susceptible
562.143883,ciprofloxacin,Susceptible
562.143883,gentamicin,Susceptible
562.143884,cefotaxime,Susceptible
562.143884,ciprofloxacin,Susceptible
562.143884,gentamicin,Susceptible
562.143885,cefotaxime,Susceptible
562.143885,ciprofloxacin,Susceptible
562.143885,gentamicin,Susceptible
562.143886,cefotaxime,Resistant
562.143886,ciprofloxacin,Susceptible
562.143886,gentamicin,Susceptible
562.143887,cefotaxime,Susceptible
562.143887,ciprofloxacin,Susceptible
562.143887,gentamicin,Susceptible
562.143888,cefotaxime,Resistant
562.143888,ciprofloxacin,Susceptible
562.143888,gentamicin,Resistant
562.143888,trimethoprim/sulfamethoxazole,Resistant
562.143889,cefotaxime,Susceptible
562.143889,ciprofloxacin,Susceptible
562.143889,gentamicin,Susceptible
562.143890,cefotaxime,Susceptible
562.143890,ciprofloxacin,Susceptible
562.143890,gentamicin,Susceptible
562.143891,cefotaxime,Resistant
562.143891,ciprofloxacin,Susceptible
562.143891,gentamicin,Susceptible
562.143891,trimethoprim/sulfamethoxazole,Resistant
562.143892,cefotaxime,Resistant
562.143892,ciprofloxacin,Resistant
562.143892,gentamicin,Susceptible
562.143893,cefotaxime,Resistant
562.143893,ciprofloxacin,Resistant
562.143893,gentamicin,Susceptible
562.143893,trimethoprim/sulfamethoxazole,Resistant
562.143894,cefotaxime,Resistant
562.143894,ciprofloxacin,Resistant
562.143894,gentamicin,Susceptible
562.143895,cefotaxime,Resistant
562.143895,ciprofloxacin,Resistant
562.143895,gentamicin,Susceptible
562.143896,cefotaxime,Resistant
562.143896,ciprofloxacin,Resistant
562.143896,gentamicin,Resistant
562.143897,cefotaxime,Resistant
562.143897,ciprofloxacin,Resistant
562.143897,gentamicin,Susceptible
562.143898,cefotaxime,Resistant
562.143898,ciprofloxacin,Resistant
562.143898,gentamicin,Resistant
562.143898,trimethoprim/sulfamethoxazole,Resistant
562.143899,cefotaxime,Resistant
562.143899,ciprofloxacin,Resistant
562.143899,gentamicin,Susceptible
562.143900,cefotaxime,Resistant
562.143900,ciprofloxacin,Resistant
562.143900,gentamicin,Susceptible
562.143900,trimethoprim/sulfamethoxazole,Resistant
562.143901,cefotaxime,Resistant
562.143901,ciprofloxacin,Resistant
562.143901,gentamicin,Susceptible
562.143901,trimethoprim/sulfamethoxazole,Resistant
562.143902,cefotaxime,Resistant
562.143902,ciprofloxacin,Resistant
562.143902,gentamicin,Susceptible
562.143903,cefotaxime,Resistant
562.143903,ciprofloxacin,Resistant
562.143903,gentamicin,Susceptible
562.143904,cefotaxime,Resistant
562.143904,ciprofloxacin,Resistant
562.143904,gentamicin,Susceptible
562.143905,cefotaxime,Resistant
562.143905,ciprofloxacin,Resistant
562.143905,gentamicin,Resistant
562.143906,cefotaxime,Susceptible
562.143906,ciprofloxacin,Susceptible
562.143906,gentamicin,Susceptible
562.143907,cefotaxime,Resistant
562.143907,ciprofloxacin,Resistant
562.143907,gentamicin,Resistant
562.143907,trimethoprim/sulfamethoxazole,Resistant
562.143908,cefotaxime,Resistant
562.143908,ciprofloxacin,Resistant
562.143908,gentamicin,Susceptible
562.143909,cefotaxime,Resistant
562.143909,ciprofloxacin,Resistant
562.143909,gentamicin,Susceptible
562.143910,cefotaxime,Resistant
562.143910,ciprofloxacin,Resistant
562.143910,gentamicin,Susceptible
562.143910,trimethoprim/sulfamethoxazole,Resistant
562.143911,cefotaxime,Susceptible
562.143911,ciprofloxacin,Susceptible
562.143911,gentamicin,Susceptible
562.143922,cefotaxime,Resistant
562.143922,ciprofloxacin,Susceptible
562.143922,gentamicin,Susceptible
562.143923,cefotaxime,Resistant
562.143923,ciprofloxacin,Resistant
562.143923,gentamicin,Susceptible
562.143927,cefotaxime,Resistant
562.143927,ciprofloxacin,Resistant
562.143927,gentamicin,Resistant
562.143927,trimethoprim/sulfamethoxazole,Resistant
562.143928,cefotaxime,Resistant
562.143928,ciprofloxacin,Resistant
562.143928,gentamicin,Susceptible
562.143929,cefotaxime,Resistant
562.143929,ciprofloxacin,Resistant
562.143929,gentamicin,Susceptible
562.143929,trimethoprim/sulfamethoxazole,Resistant
562.143930,cefotaxime,Resistant
562.143930,ciprofloxacin,Susceptible
562.143930,gentamicin,Susceptible
562.143931,cefotaxime,Resistant
562.143931,ciprofloxacin,Resistant
562.143931,gentamicin,Susceptible
562.143932,cefotaxime,Resistant
562.143932,ciprofloxacin,Resistant
562.143932,gentamicin,Resistant
562.143934,cefotaxime,Resistant
562.143934,ciprofloxacin,Resistant
562.143934,gentamicin,Susceptible
562.143935,cefotaxime,Resistant
562.143935,ciprofloxacin,Resistant
562.143935,gentamicin,Susceptible
562.143936,cefotaxime,Resistant
562.143936,ciprofloxacin,Resistant
562.143936,gentamicin,Resistant
562.143936,trimethoprim/sulfamethoxazole,Resistant
562.143937,cefotaxime,Resistant
562.143937,ciprofloxacin,Resistant
562.143937,gentamicin,Susceptible
562.143937,trimethoprim/sulfamethoxazole,Resistant
562.143938,cefotaxime,Susceptible
562.143938,ciprofloxacin,Susceptible
562.143938,gentamicin,Susceptible
562.143939,cefotaxime,Resistant
562.143939,ciprofloxacin,Susceptible
562.143939,gentamicin,Susceptible
562.143940,cefotaxime,Resistant
562.143940,ciprofloxacin,Susceptible
562.143940,gentamicin,Susceptible
562.143941,cefotaxime,Resistant
562.143941,ciprofloxacin,Resistant
562.143941,gentamicin,Resistant
562.143941,trimethoprim/sulfamethoxazole,Resistant
562.143942,cefotaxime,Susceptible
562.143942,ciprofloxacin,Resistant
562.143942,gentamicin,Resistant
562.143942,trimethoprim/sulfamethoxazole,Resistant
562.143943,cefotaxime,Resistant
562.143943,ciprofloxacin,Susceptible
562.143943,gentamicin,Susceptible
562.143943,trimethoprim/sulfamethoxazole,Resistant
562.143944,cefotaxime,Resistant
562.143944,ciprofloxacin,Susceptible
562.143944,gentamicin,Susceptible
562.143945,cefotaxime,Resistant
562.143945,ciprofloxacin,Susceptible
562.143945,gentamicin,Susceptible
562.143946,cefotaxime,Resistant
562.143946,ciprofloxacin,Resistant
562.143946,gentamicin,Susceptible
562.143947,cefotaxime,Resistant
562.143947,ciprofloxacin,Resistant
562.143947,gentamicin,Susceptible
562.143949,cefotaxime,Resistant
562.143949,ciprofloxacin,Resistant
562.143949,gentamicin,Susceptible
562.143949,trimethoprim/sulfamethoxazole,Resistant
562.143950,cefotaxime,Susceptible
562.143950,ciprofloxacin,Susceptible
562.143950,gentamicin,Susceptible
562.143952,cefotaxime,Resistant
562.143952,ciprofloxacin,Resistant
562.143952,gentamicin,Susceptible
562.143953,cefotaxime,Resistant
562.143953,ciprofloxacin,Resistant
562.143953,gentamicin,Susceptible
562.143954,cefotaxime,Resistant
562.143954,ciprofloxacin,Resistant
562.143954,gentamicin,Susceptible
562.143954,trimethoprim/sulfamethoxazole,Resistant
562.143955,cefotaxime,Resistant
562.143955,ciprofloxacin,Resistant
562.143955,gentamicin,Susceptible
562.143956,cefotaxime,Resistant
562.143956,ciprofloxacin,Resistant
562.143956,gentamicin,Resistant
562.143956,trimethoprim/sulfamethoxazole,Resistant
562.143957,cefotaxime,Resistant
562.143957,ciprofloxacin,Resistant
562.143957,gentamicin,Susceptible
562.143958,cefotaxime,Resistant
562.143958,ciprofloxacin,Susceptible
562.143958,gentamicin,Susceptible
562.143959,cefotaxime,Susceptible
562.143959,ciprofloxacin,Resistant
562.143959,gentamicin,Susceptible
562.143960,cefotaxime,Resistant
562.143960,ciprofloxacin,Susceptible
562.143960,gentamicin,Susceptible
562.143961,cefotaxime,Susceptible
562.143961,ciprofloxacin,Resistant
562.143961,gentamicin,Susceptible
562.143962,cefotaxime,Susceptible
562.143962,ciprofloxacin,Susceptible
562.143962,gentamicin,Susceptible
562.143962,trimethoprim/sulfamethoxazole,Resistant
562.143963,cefotaxime,Resistant
562.143963,ciprofloxacin,Resistant
562.143963,gentamicin,Resistant
562.143964,cefotaxime,Susceptible
562.143964,ciprofloxacin,Susceptible
562.143964,gentamicin,Susceptible
562.143965,cefotaxime,Susceptible
562.143965,ciprofloxacin,Susceptible
562.143965,gentamicin,Susceptible
562.143966,cefotaxime,Resistant
562.143966,ciprofloxacin,Resistant
562.143966,gentamicin,Susceptible
562.143966,trimethoprim/sulfamethoxazole,Resistant
562.143967,cefotaxime,Susceptible
562.143967,ciprofloxacin,Resistant
562.143967,gentamicin,Susceptible
562.143968,cefotaxime,Susceptible
562.143968,ciprofloxacin,Resistant
562.143968,gentamicin,Susceptible
562.143969,cefotaxime,Resistant
562.143969,ciprofloxacin,Resistant
562.143969,gentamicin,Resistant
562.143970,cefotaxime,Resistant
562.143970,ciprofloxacin,Resistant
562.143970,gentamicin,Resistant
562.143970,trimethoprim/sulfamethoxazole,Resistant
562.143971,cefotaxime,Resistant
562.143971,ciprofloxacin,Resistant
562.143971,gentamicin,Susceptible
562.143972,cefotaxime,Resistant
562.143972,ciprofloxacin,Resistant
562.143972,gentamicin,Susceptible
562.143973,cefotaxime,Resistant
562.143973,ciprofloxacin,Resistant
562.143973,gentamicin,Susceptible
562.143974,cefotaxime,Resistant
562.143974,ciprofloxacin,Resistant
562.143974,gentamicin,Resistant
562.143975,cefotaxime,Resistant
562.143975,ciprofloxacin,Resistant
562.143975,gentamicin,Susceptible
562.143976,cefotaxime,Resistant
562.143976,ciprofloxacin,Susceptible
562.143976,gentamicin,Susceptible
562.143976,trimethoprim/sulfamethoxazole,Resistant
562.143977,cefotaxime,Resistant
562.143977,ciprofloxacin,Resistant
562.143977,gentamicin,Susceptible
562.143978,cefotaxime,Resistant
562.143978,ciprofloxacin,Resistant
562.143978,gentamicin,Resistant
562.143979,cefotaxime,Resistant
562.143979,ciprofloxacin,Resistant
562.143979,gentamicin,Susceptible
562.143979,trimethoprim/sulfamethoxazole,Resistant
562.143980,cefotaxime,Resistant
562.143980,ciprofloxacin,Resistant
562.143980,gentamicin,Susceptible
562.143981,cefotaxime,Resistant
562.143981,ciprofloxacin,Resistant
562.143981,gentamicin,Susceptible
562.143981,trimethoprim/sulfamethoxazole,Resistant
562.143982,cefotaxime,Resistant
562.143982,ciprofloxacin,Resistant
562.143982,gentamicin,Susceptible
562.143982,trimethoprim/sulfamethoxazole,Resistant
562.143986,ciprofloxacin,Resistant
562.143986,gentamicin,Susceptible
562.143990,cefotaxime,Susceptible
562.143990,ciprofloxacin,Resistant
562.143990,gentamicin,Susceptible
562.143992,cefotaxime,Susceptible
562.143992,ciprofloxacin,Resistant
562.143992,gentamicin,Susceptible
562.143993,cefotaxime,Susceptible
562.143993,ciprofloxacin,Susceptible
562.143993,gentamicin,Susceptible
562.143994,cefotaxime,Susceptible
562.143994,ciprofloxacin,Susceptible
562.143994,gentamicin,Susceptible
562.143995,cefotaxime,Resistant
562.143995,ciprofloxacin,Resistant
562.143995,gentamicin,Susceptible
562.143996,cefotaxime,Susceptible
562.143996,ciprofloxacin,Resistant
562.143996,gentamicin,Resistant
562.143997,ciprofloxacin,Susceptible
562.143997,gentamicin,Susceptible
562.143998,cefotaxime,Resistant
562.143998,ciprofloxacin,Resistant
562.143998,gentamicin,Susceptible
562.143998,trimethoprim/sulfamethoxazole,Resistant
562.143999,cefotaxime,Susceptible
562.143999,ciprofloxacin,Resistant
562.143999,gentamicin,Susceptible
562.144000,cefotaxime,Resistant
562.144000,ciprofloxacin,Resistant
562.144000,gentamicin,Susceptible
562.144001,cefotaxime,Resistant
562.144001,ciprofloxacin,Resistant
562.144001,gentamicin,Susceptible
562.144002,cefotaxime,Resistant
562.144002,ciprofloxacin,Resistant
562.144002,gentamicin,Susceptible
562.144003,cefotaxime,Susceptible
562.144003,ciprofloxacin,Resistant
562.144003,gentamicin,Resistant
562.144003,trimethoprim/sulfamethoxazole,Resistant
562.144004,cefotaxime,Susceptible
562.144004,ciprofloxacin,Susceptible
562.144004,gentamicin,Susceptible
562.144005,cefotaxime,Resistant
562.144005,ciprofloxacin,Resistant
562.144005,gentamicin,Susceptible
562.144006,cefotaxime,Resistant
562.144006,ciprofloxacin,Susceptible
562.144006,gentamicin,Susceptible
562.144007,cefotaxime,Susceptible
562.144007,ciprofloxacin,Susceptible
562.144007,gentamicin,Susceptible
562.144008,cefotaxime,Susceptible
562.144008,ciprofloxacin,Susceptible
562.144008,gentamicin,Susceptible
562.144009,cefotaxime,Resistant
562.144009,ciprofloxacin,Resistant
562.144009,gentamicin,Susceptible
562.144010,cefotaxime,Resistant
562.144010,ciprofloxacin,Resistant
562.144010,gentamicin,Susceptible
562.144012,cefotaxime,Resistant
562.144012,ciprofloxacin,Susceptible
562.144012,gentamicin,Susceptible
562.144015,cefotaxime,Susceptible
562.144015,ciprofloxacin,Susceptible
562.144015,gentamicin,Susceptible
562.144016,cefotaxime,Susceptible
562.144016,ciprofloxacin,Resistant
562.144016,gentamicin,Susceptible
562.144017,cefotaxime,Resistant
562.144017,ciprofloxacin,Resistant
562.144017,gentamicin,Susceptible
562.144017,trimethoprim/sulfamethoxazole,Resistant
562.144018,cefotaxime,Resistant
562.144018,ciprofloxacin,Resistant
562.144018,gentamicin,Susceptible
562.144019,cefotaxime,Susceptible
562.144019,ciprofloxacin,Susceptible
562.144019,gentamicin,Susceptible
562.144020,cefotaxime,Resistant
562.144020,ciprofloxacin,Resistant
562.144020,gentamicin,Resistant
562.144020,trimethoprim/sulfamethoxazole,Resistant
562.144021,cefotaxime,Resistant
562.144021,ciprofloxacin,Resistant
562.144021,gentamicin,Susceptible
562.144022,cefotaxime,Resistant
562.144022,ciprofloxacin,Resistant
562.144022,gentamicin,Susceptible
562.144023,cefotaxime,Susceptible
562.144023,ciprofloxacin,Susceptible
562.144023,gentamicin,Susceptible
562.144024,cefotaxime,Resistant
562.144024,ciprofloxacin,Resistant
562.144024,gentamicin,Resistant
562.144024,trimethoprim/sulfamethoxazole,Resistant
562.144025,cefotaxime,Susceptible
562.144025,ciprofloxacin,Susceptible
562.144025,gentamicin,Susceptible
562.144026,cefotaxime,Resistant
562.144026,ciprofloxacin,Resistant
562.144026,gentamicin,Resistant
562.144027,cefotaxime,Resistant
562.144027,ciprofloxacin,Resistant
562.144027,gentamicin,Susceptible
562.144028,cefotaxime,Susceptible
562.144028,ciprofloxacin,Susceptible
562.144028,gentamicin,Susceptible
562.144029,cefotaxime,Resistant
562.144029,ciprofloxacin,Resistant
562.144029,gentamicin,Susceptible
562.144030,cefotaxime,Resistant
562.144030,ciprofloxacin,Resistant
562.144030,gentamicin,Susceptible
562.144030,trimethoprim/sulfamethoxazole,Resistant
562.144031,cefotaxime,Susceptible
562.144031,ciprofloxacin,Resistant
562.144031,gentamicin,Susceptible
562.144032,cefotaxime,Susceptible
562.144032,ciprofloxacin,Resistant
562.144032,gentamicin,Susceptible
562.144033,cefotaxime,Resistant
562.144033,ciprofloxacin,Resistant
562.144033,gentamicin,Susceptible
562.144033,trimethoprim/sulfamethoxazole,Resistant
562.144034,cefotaxime,Susceptible
562.144034,ciprofloxacin,Resistant
562.144034,gentamicin,Susceptible
562.144035,cefotaxime,Susceptible
562.144035,ciprofloxacin,Resistant
562.144035,gentamicin,Susceptible
562.144036,cefotaxime,Susceptible
562.144036,ciprofloxacin,Resistant
562.144036,gentamicin,Susceptible
562.144037,cefotaxime,Resistant
562.144037,ciprofloxacin,Resistant
562.144037,gentamicin,Susceptible
562.144038,cefotaxime,Resistant
562.144038,ciprofloxacin,Resistant
562.144038,gentamicin,Resistant
562.144038,trimethoprim/sulfamethoxazole,Resistant
562.144039,cefotaxime,Resistant
562.144039,ciprofloxacin,Resistant
562.144039,gentamicin,Susceptible
562.144039,trimethoprim/sulfamethoxazole,Resistant
562.144043,cefotaxime,Resistant
562.144043,ciprofloxacin,Resistant
562.144043,gentamicin,Susceptible
562.144044,cefotaxime,Resistant
562.144044,ciprofloxacin,Resistant
562.144044,gentamicin,Susceptible
562.144044,trimethoprim/sulfamethoxazole,Resistant
562.144051,cefotaxime,Resistant
562.144051,ciprofloxacin,Resistant
562.144051,gentamicin,Susceptible
562.144051,trimethoprim/sulfamethoxazole,Resistant
562.144052,cefotaxime,Susceptible
562.144052,ciprofloxacin,Susceptible
562.144052,gentamicin,Susceptible
562.144053,cefotaxime,Susceptible
562.144053,ciprofloxacin,Susceptible
562.144053,gentamicin,Susceptible
562.144054,cefotaxime,Resistant
562.144054,ciprofloxacin,Resistant
562.144054,gentamicin,Susceptible
562.144054,trimethoprim/sulfamethoxazole,Resistant
562.144059,cefotaxime,Susceptible
562.144059,ciprofloxacin,Susceptible
562.144059,gentamicin,Susceptible
562.144061,cefotaxime,Resistant
562.144061,ciprofloxacin,Resistant
562.144061,gentamicin,Susceptible
562.144061,trimethoprim/sulfamethoxazole,Resistant
562.144070,cefotaxime,Susceptible
562.144070,ciprofloxacin,Susceptible
562.144070,gentamicin,Susceptible
562.144071,cefotaxime,Resistant
562.144071,ciprofloxacin,Resistant
562.144071,gentamicin,Susceptible
562.144071,trimethoprim/sulfamethoxazole,Resistant
562.144072,cefotaxime,Resistant
562.144072,ciprofloxacin,Resistant
562.144072,gentamicin,Resistant
562.144072,trimethoprim/sulfamethoxazole,Resistant
562.144073,cefotaxime,Resistant
562.144073,ciprofloxacin,Resistant
562.144073,gentamicin,Resistant
562.144073,trimethoprim/sulfamethoxazole,Resistant
562.144074,cefotaxime,Resistant
562.144074,ciprofloxacin,Resistant
562.144074,gentamicin,Susceptible
562.144074,trimethoprim/sulfamethoxazole,Resistant
562.144075,cefotaxime,Resistant
562.144075,ciprofloxacin,Resistant
562.144075,gentamicin,Resistant
562.144076,cefotaxime,Resistant
562.144076,ciprofloxacin,Susceptible
562.144076,gentamicin,Susceptible
562.144077,cefotaxime,Susceptible
562.144077,ciprofloxacin,Resistant
562.144077,gentamicin,Susceptible
562.144078,ciprofloxacin,Susceptible
562.144078,gentamicin,Susceptible
562.144079,cefotaxime,Resistant
562.144079,ciprofloxacin,Resistant
562.144079,gentamicin,Susceptible
562.144080,cefotaxime,Resistant
562.144080,ciprofloxacin,Resistant
562.144080,gentamicin,Susceptible
562.144087,cefotaxime,Susceptible
562.144087,ciprofloxacin,Susceptible
562.144087,gentamicin,Susceptible
562.144090,cefotaxime,Susceptible
562.144090,ciprofloxacin,Susceptible
562.144090,gentamicin,Susceptible
562.144094,cefotaxime,Resistant
562.144094,ciprofloxacin,Resistant
562.144094,gentamicin,Susceptible
562.144094,trimethoprim/sulfamethoxazole,Resistant
562.144097,cefotaxime,Susceptible
562.144097,ciprofloxacin,Susceptible
562.144097,gentamicin,Susceptible
562.144101,cefotaxime,Resistant
562.144101,ciprofloxacin,Resistant
562.144101,gentamicin,Susceptible
562.144101,trimethoprim/sulfamethoxazole,Resistant
562.144104,ciprofloxacin,Susceptible
562.144104,gentamicin,Susceptible
562.144105,cefotaxime,Resistant
562.144105,ciprofloxacin,Resistant
562.144105,gentamicin,Susceptible
562.144105,trimethoprim/sulfamethoxazole,Resistant
562.144106,cefotaxime,Resistant
562.144106,ciprofloxacin,Resistant
562.144106,gentamicin,Resistant
562.144106,trimethoprim/sulfamethoxazole,Resistant
562.144107,cefotaxime,Resistant
562.144107,ciprofloxacin,Susceptible
562.144107,gentamicin,Susceptible
562.144108,cefotaxime,Resistant
562.144108,ciprofloxacin,Susceptible
562.144108,gentamicin,Susceptible
562.144108,trimethoprim/sulfamethoxazole,Resistant
562.144109,cefotaxime,Resistant
562.144109,ciprofloxacin,Resistant
562.144109,gentamicin,Susceptible
562.144109,trimethoprim/sulfamethoxazole,Resistant
562.144110,cefotaxime,Resistant
562.144110,ciprofloxacin,Resistant
562.144110,gentamicin,Susceptible
562.144110,trimethoprim/sulfamethoxazole,Resistant
562.144111,cefotaxime,Susceptible
562.144111,ciprofloxacin,Susceptible
562.144111,gentamicin,Susceptible
562.144112,cefotaxime,Susceptible
562.144112,ciprofloxacin,Resistant
562.144112,gentamicin,Susceptible
562.144113,ciprofloxacin,Susceptible
562.144113,gentamicin,Susceptible
562.144113,trimethoprim/sulfamethoxazole,Resistant
562.144114,cefotaxime,Resistant
562.144114,ciprofloxacin,Susceptible
562.144114,gentamicin,Susceptible
562.144115,cefotaxime,Resistant
562.144115,ciprofloxacin,Susceptible
562.144115,gentamicin,Susceptible
562.144116,cefotaxime,Resistant
562.144116,ciprofloxacin,Resistant
562.144116,gentamicin,Susceptible
562.144116,trimethoprim/sulfamethoxazole,Resistant
562.144117,cefotaxime,Resistant
562.144117,ciprofloxacin,Resistant
562.144117,gentamicin,Susceptible
562.144117,trimethoprim/sulfamethoxazole,Resistant
562.144118,cefotaxime,Resistant
562.144118,ciprofloxacin,Susceptible
562.144118,gentamicin,Resistant
562.144118,trimethoprim/sulfamethoxazole,Resistant
562.144119,cefotaxime,Resistant
562.144119,ciprofloxacin,Resistant
562.144119,gentamicin,Susceptible
562.144119,trimethoprim/sulfamethoxazole,Resistant
562.144120,cefotaxime,Resistant
562.144120,ciprofloxacin,Resistant
562.144120,gentamicin,Susceptible
562.144120,trimethoprim/sulfamethoxazole,Resistant
562.144121,cefotaxime,Resistant
562.144121,ciprofloxacin,Susceptible
562.144121,gentamicin,Susceptible
562.144122,cefotaxime,Susceptible
562.144122,ciprofloxacin,Resistant
562.144122,gentamicin,Susceptible
562.144123,cefotaxime,Resistant
562.144123,ciprofloxacin,Resistant
562.144123,gentamicin,Susceptible
562.144124,cefotaxime,Resistant
562.144124,ciprofloxacin,Susceptible
562.144124,gentamicin,Susceptible
562.144124,trimethoprim/sulfamethoxazole,Resistant
562.144125,cefotaxime,Resistant
562.144125,ciprofloxacin,Resistant
562.144125,gentamicin,Susceptible
562.144126,cefotaxime,Resistant
562.144126,ciprofloxacin,Resistant
562.144126,gentamicin,Susceptible
562.144127,cefotaxime,Resistant
562.144127,ciprofloxacin,Resistant
562.144127,gentamicin,Susceptible
562.144127,trimethoprim/sulfamethoxazole,Resistant
562.144128,cefotaxime,Resistant
562.144128,ciprofloxacin,Resistant
562.144128,gentamicin,Susceptible
562.144128,trimethoprim/sulfamethoxazole,Resistant
562.144129,cefotaxime,Resistant
562.144129,ciprofloxacin,Resistant
562.144129,gentamicin,Susceptible
562.144129,trimethoprim/sulfamethoxazole,Resistant
562.144130,cefotaxime,Resistant
562.144130,ciprofloxacin,Susceptible
562.144130,gentamicin,Susceptible
562.144131,cefotaxime,Resistant
562.144131,ciprofloxacin,Resistant
562.144131,gentamicin,Susceptible
562.144132,cefotaxime,Resistant
562.144132,ciprofloxacin,Susceptible
562.144132,gentamicin,Resistant
562.144132,trimethoprim/sulfamethoxazole,Resistant
562.144133,cefotaxime,Resistant
562.144133,ciprofloxacin,Resistant
562.144133,gentamicin,Susceptible
562.144133,trimethoprim/sulfamethoxazole,Resistant
562.144134,cefotaxime,Susceptible
562.144134,ciprofloxacin,Resistant
562.144134,gentamicin,Susceptible
562.144135,cefotaxime,Resistant
562.144135,ciprofloxacin,Resistant
562.144135,gentamicin,Susceptible
562.144136,cefotaxime,Resistant
562.144136,ciprofloxacin,Resistant
562.144136,gentamicin,Susceptible
562.144137,cefotaxime,Resistant
562.144137,ciprofloxacin,Resistant
562.144137,gentamicin,Susceptible
562.144138,cefotaxime,Susceptible
562.144138,ciprofloxacin,Susceptible
562.144138,gentamicin,Susceptible
562.144139,cefotaxime,Resistant
562.144139,ciprofloxacin,Susceptible
562.144139,gentamicin,Susceptible
562.144140,cefotaxime,Resistant
562.144140,ciprofloxacin,Resistant
562.144140,gentamicin,Susceptible
562.144142,cefotaxime,Resistant
562.144142,ciprofloxacin,Susceptible
562.144142,gentamicin,Resistant
562.144142,trimethoprim/sulfamethoxazole,Resistant
562.144143,cefotaxime,Susceptible
562.144143,ciprofloxacin,Susceptible
562.144143,gentamicin,Susceptible
562.144144,cefotaxime,Susceptible
562.144144,ciprofloxacin,Susceptible
562.144144,gentamicin,Susceptible
562.144145,cefotaxime,Susceptible
562.144145,ciprofloxacin,Susceptible
562.144145,gentamicin,Susceptible
562.144146,cefotaxime,Susceptible
562.144146,ciprofloxacin,Susceptible
562.144146,gentamicin,Susceptible
562.144147,cefotaxime,Susceptible
562.144147,ciprofloxacin,Susceptible
562.144147,gentamicin,Susceptible
562.144148,ciprofloxacin,Resistant
562.144148,gentamicin,Susceptible
562.144149,cefotaxime,Susceptible
562.144149,ciprofloxacin,Susceptible
562.144149,gentamicin,Susceptible
562.144399,gentamicin,Resistant
562.144400,gentamicin,Susceptible
562.144401,gentamicin,Susceptible
562.144402,gentamicin,Resistant
562.144403,gentamicin,Susceptible
562.144404,gentamicin,Susceptible
562.144405,gentamicin,Susceptible
562.144406,gentamicin,Susceptible
562.144407,gentamicin,Susceptible
562.144408,gentamicin,Susceptible
562.144409,gentamicin,Susceptible
562.144410,gentamicin,Susceptible
562.144411,gentamicin,Susceptible
562.144412,gentamicin,Susceptible
562.144413,gentamicin,Resistant
562.144414,gentamicin,Susceptible
562.144415,gentamicin,Susceptible
562.144416,gentamicin,Resistant
562.144417,gentamicin,Resistant
562.144418,gentamicin,Susceptible
562.144419,gentamicin,Susceptible
562.144420,gentamicin,Resistant
562.144421,gentamicin,Susceptible
562.144422,gentamicin,Resistant
562.144423,gentamicin,Resistant
562.144424,gentamicin,Resistant
562.144425,gentamicin,Susceptible
562.144426,gentamicin,Resistant
562.144427,gentamicin,Resistant
562.144428,gentamicin,Susceptible
562.144429,gentamicin,Resistant
562.144430,gentamicin,Susceptible
562.144431,gentamicin,Susceptible
562.144441,ciprofloxacin,Susceptible
562.144441,gentamicin,Resistant
562.144450,gentamicin,Resistant
562.144461,ciprofloxacin,Resistant
562.144461,gentamicin,Resistant
562.144461,trimethoprim/sulfamethoxazole,Resistant
562.144473,ciprofloxacin,Resistant
562.144473,gentamicin,Resistant
562.144483,ciprofloxacin,Resistant
562.144483,gentamicin,Resistant
562.144483,trimethoprim/sulfamethoxazole,Resistant
562.144485,ciprofloxacin,Resistant
562.144485,gentamicin,Resistant
562.144485,trimethoprim/sulfamethoxazole,Resistant
562.144502,ampicillin,Resistant
562.144502,gentamicin,Resistant
562.144502,trimethoprim/sulfamethoxazole,Susceptible
562.144503,ciprofloxacin,Susceptible
562.144503,gentamicin,Resistant
562.144505,ampicillin,Susceptible
562.144505,ciprofloxacin,Susceptible
562.144505,gentamicin,Resistant
562.144505,trimethoprim/sulfamethoxazole,Susceptible
562.144507,gentamicin,Resistant
562.144508,ciprofloxacin,Susceptible
562.144508,gentamicin,Resistant
562.144508,trimethoprim/sulfamethoxazole,Susceptible
562.144511,ciprofloxacin,Susceptible
562.144511,gentamicin,Resistant
562.144512,ampicillin,Susceptible
562.144512,ciprofloxacin,Susceptible
562.144512,gentamicin,Resistant
562.144512,trimethoprim/sulfamethoxazole,Susceptible
562.144513,ampicillin,Resistant
562.144513,ciprofloxacin,Susceptible
562.144513,gentamicin,Resistant
562.144513,trimethoprim/sulfamethoxazole,Susceptible
562.144515,ampicillin,Susceptible
562.144515,ciprofloxacin,Susceptible
562.144515,gentamicin,Resistant
562.144515,trimethoprim/sulfamethoxazole,Susceptible
562.144516,ampicillin,Susceptible
562.144516,ciprofloxacin,Susceptible
562.144516,gentamicin,Resistant
562.144516,trimethoprim/sulfamethoxazole,Susceptible
562.144517,ampicillin,Resistant
562.144517,ciprofloxacin,Susceptible
562.144517,gentamicin,Resistant
562.144517,trimethoprim/sulfamethoxazole,Susceptible
562.144523,ampicillin,Susceptible
562.144523,ciprofloxacin,Susceptible
562.144523,gentamicin,Resistant
562.144525,ampicillin,Susceptible
562.144525,ciprofloxacin,Susceptible
562.144525,gentamicin,Resistant
562.144525,trimethoprim/sulfamethoxazole,Susceptible
562.144527,ciprofloxacin,Resistant
562.144527,gentamicin,Resistant
562.144536,ampicillin,Susceptible
562.144536,ciprofloxacin,Susceptible
562.144536,gentamicin,Resistant
562.144538,ampicillin,Resistant
562.144538,ciprofloxacin,Susceptible
562.144538,gentamicin,Resistant
562.144538,trimethoprim/sulfamethoxazole,Susceptible
562.144542,ampicillin,Susceptible
562.144542,ciprofloxacin,Susceptible
562.144542,gentamicin,Resistant
562.144542,trimethoprim/sulfamethoxazole,Susceptible
562.144544,ciprofloxacin,Susceptible
562.144544,gentamicin,Resistant
562.144544,trimethoprim/sulfamethoxazole,Susceptible
562.144545,ampicillin,Resistant
562.144545,ciprofloxacin,Susceptible
562.144545,gentamicin,Resistant
562.144545,trimethoprim/sulfamethoxazole,Susceptible
562.144546,gentamicin,Resistant
562.144546,trimethoprim/sulfamethoxazole,Resistant
562.144548,ampicillin,Susceptible
562.144548,ciprofloxacin,Susceptible
562.144548,gentamicin,Resistant
562.144548,trimethoprim/sulfamethoxazole,Susceptible
562.144550,ampicillin,Susceptible
562.144550,ciprofloxacin,Susceptible
562.144550,gentamicin,Resistant
562.144550,trimethoprim/sulfamethoxazole,Susceptible
562.144552,ciprofloxacin,Susceptible
562.144552,gentamicin,Resistant
562.144553,ampicillin,Susceptible
562.144553,ciprofloxacin,Susceptible
562.144553,gentamicin,Resistant
562.144553,trimethoprim/sulfamethoxazole,Susceptible
562.144554,ampicillin,Susceptible
562.144554,ciprofloxacin,Susceptible
562.144554,gentamicin,Resistant
562.144554,trimethoprim/sulfamethoxazole,Susceptible
562.144557,ampicillin,Susceptible
562.144557,ciprofloxacin,Susceptible
562.144557,gentamicin,Resistant
562.144557,trimethoprim/sulfamethoxazole,Susceptible
562.144559,ciprofloxacin,Susceptible
562.144559,gentamicin,Resistant
562.144559,trimethoprim/sulfamethoxazole,Susceptible
562.144561,ampicillin,Resistant
562.144561,ciprofloxacin,Susceptible
562.144561,gentamicin,Resistant
562.144561,trimethoprim/sulfamethoxazole,Susceptible
562.144562,ampicillin,Resistant
562.144562,ciprofloxacin,Susceptible
562.144562,gentamicin,Resistant
562.144562,trimethoprim/sulfamethoxazole,Susceptible
562.144563,ciprofloxacin,Susceptible
562.144563,gentamicin,Resistant
562.144566,ampicillin,Susceptible
562.144566,ciprofloxacin,Susceptible
562.144566,gentamicin,Resistant
562.144572,ciprofloxacin,Susceptible
562.144572,gentamicin,Resistant
562.144572,trimethoprim/sulfamethoxazole,Susceptible
562.144573,ampicillin,Susceptible
562.144573,ciprofloxacin,Susceptible
562.144573,gentamicin,Resistant
562.144573,trimethoprim/sulfamethoxazole,Susceptible
562.144576,ampicillin,Susceptible
562.144576,ciprofloxacin,Susceptible
562.144576,gentamicin,Resistant
562.144576,trimethoprim/sulfamethoxazole,Susceptible
562.144578,ciprofloxacin,Susceptible
562.144578,gentamicin,Resistant
562.144578,trimethoprim/sulfamethoxazole,Susceptible
562.144586,ampicillin,Susceptible
562.144586,ciprofloxacin,Susceptible
562.144586,gentamicin,Resistant
562.144586,trimethoprim/sulfamethoxazole,Susceptible
562.144591,ciprofloxacin,Resistant
562.144591,gentamicin,Resistant
562.144591,trimethoprim/sulfamethoxazole,Susceptible
562.144596,ampicillin,Susceptible
562.144596,ciprofloxacin,Susceptible
562.144596,gentamicin,Resistant
562.144596,trimethoprim/sulfamethoxazole,Susceptible
562.144613,ampicillin,Resistant
562.144613,ciprofloxacin,Susceptible
562.144613,gentamicin,Resistant
562.144613,trimethoprim/sulfamethoxazole,Susceptible
562.144616,ampicillin,Susceptible
562.144616,ciprofloxacin,Susceptible
562.144616,gentamicin,Resistant
562.144616,trimethoprim/sulfamethoxazole,Susceptible
562.144618,ampicillin,Resistant
562.144618,ciprofloxacin,Susceptible
562.144618,gentamicin,Resistant
562.144618,trimethoprim/sulfamethoxazole,Susceptible
562.144619,ampicillin,Susceptible
562.144619,ciprofloxacin,Susceptible
562.144619,gentamicin,Resistant
562.144619,trimethoprim/sulfamethoxazole,Resistant
562.144620,ampicillin,Susceptible
562.144620,ciprofloxacin,Susceptible
562.144620,gentamicin,Resistant
562.144620,trimethoprim/sulfamethoxazole,Susceptible
562.144621,ampicillin,Susceptible
562.144621,ciprofloxacin,Susceptible
562.144621,gentamicin,Resistant
562.144621,trimethoprim/sulfamethoxazole,Susceptible
562.144625,ampicillin,Susceptible
562.144625,ciprofloxacin,Susceptible
562.144625,gentamicin,Resistant
562.144625,trimethoprim/sulfamethoxazole,Susceptible
562.144626,ciprofloxacin,Susceptible
562.144626,gentamicin,Resistant
562.144627,ciprofloxacin,Susceptible
562.144627,gentamicin,Resistant
562.144627,trimethoprim/sulfamethoxazole,Resistant
562.144628,ciprofloxacin,Susceptible
562.144628,gentamicin,Resistant
562.144629,ampicillin,Resistant
562.144629,ciprofloxacin,Susceptible
562.144629,gentamicin,Resistant
562.144630,ciprofloxacin,Susceptible
562.144630,gentamicin,Resistant
562.144631,ampicillin,Susceptible
562.144631,ciprofloxacin,Susceptible
562.144631,gentamicin,Resistant
562.144631,trimethoprim/sulfamethoxazole,Resistant
562.144633,ampicillin,Susceptible
562.144633,ciprofloxacin,Susceptible
562.144633,gentamicin,Resistant
562.144633,trimethoprim/sulfamethoxazole,Susceptible
562.144634,ampicillin,Susceptible
562.144634,ciprofloxacin,Susceptible
562.144634,gentamicin,Resistant
562.144634,trimethoprim/sulfamethoxazole,Susceptible
562.144636,ampicillin,Resistant
562.144636,ciprofloxacin,Susceptible
562.144636,gentamicin,Resistant
562.144636,trimethoprim/sulfamethoxazole,Susceptible
562.144637,ampicillin,Susceptible
562.144637,ciprofloxacin,Susceptible
562.144637,gentamicin,Resistant
562.144637,trimethoprim/sulfamethoxazole,Susceptible
562.144642,ampicillin,Resistant
562.144642,gentamicin,Resistant
562.144644,ciprofloxacin,Susceptible
562.144644,gentamicin,Resistant
562.144644,trimethoprim/sulfamethoxazole,Susceptible
562.144647,ciprofloxacin,Resistant
562.144647,gentamicin,Resistant
562.144647,trimethoprim/sulfamethoxazole,Resistant
562.144648,gentamicin,Resistant
562.144649,ampicillin,Susceptible
562.144649,ciprofloxacin,Susceptible
562.144649,gentamicin,Resistant
562.144649,trimethoprim/sulfamethoxazole,Susceptible
562.144650,ciprofloxacin,Resistant
562.144650,gentamicin,Resistant
562.144652,ciprofloxacin,Susceptible
562.144652,gentamicin,Resistant
562.144657,ampicillin,Resistant
562.144657,gentamicin,Resistant
562.144659,ciprofloxacin,Susceptible
562.144659,gentamicin,Resistant
562.144663,ampicillin,Resistant
562.144663,ciprofloxacin,Susceptible
562.144663,gentamicin,Resistant
562.144663,trimethoprim/sulfamethoxazole,Susceptible
562.144665,ampicillin,Resistant
562.144665,ciprofloxacin,Susceptible
562.144665,gentamicin,Resistant
562.144666,ampicillin,Susceptible
562.144666,ciprofloxacin,Susceptible
562.144666,gentamicin,Resistant
562.144666,trimethoprim/sulfamethoxazole,Susceptible
562.144668,gentamicin,Resistant
562.144672,ampicillin,Susceptible
562.144672,gentamicin,Resistant
562.144676,ampicillin,Susceptible
562.144676,ciprofloxacin,Susceptible
562.144676,gentamicin,Resistant
562.144676,trimethoprim/sulfamethoxazole,Susceptible
562.144678,ampicillin,Susceptible
562.144678,ciprofloxacin,Susceptible
562.144678,gentamicin,Resistant
562.144678,trimethoprim/sulfamethoxazole,Susceptible
562.144679,ampicillin,Resistant
562.144679,gentamicin,Resistant
562.144681,ampicillin,Susceptible
562.144681,ciprofloxacin,Susceptible
562.144681,gentamicin,Resistant
562.144681,trimethoprim/sulfamethoxazole,Susceptible
562.144686,ciprofloxacin,Susceptible
562.144686,gentamicin,Resistant
562.144691,ampicillin,Susceptible
562.144691,ciprofloxacin,Susceptible
562.144691,gentamicin,Resistant
562.144691,trimethoprim/sulfamethoxazole,Susceptible
562.144693,ampicillin,Susceptible
562.144693,ciprofloxacin,Susceptible
562.144693,gentamicin,Resistant
562.144693,trimethoprim/sulfamethoxazole,Susceptible
562.144699,ampicillin,Resistant
562.144699,ciprofloxacin,Susceptible
562.144699,gentamicin,Resistant
562.144699,trimethoprim/sulfamethoxazole,Susceptible
562.144702,ampicillin,Resistant
562.144702,ciprofloxacin,Susceptible
562.144702,gentamicin,Resistant
562.144702,trimethoprim/sulfamethoxazole,Susceptible
562.144712,ciprofloxacin,Resistant
562.144712,gentamicin,Resistant
562.144712,trimethoprim/sulfamethoxazole,Susceptible
562.144716,ampicillin,Resistant
562.144716,ciprofloxacin,Susceptible
562.144716,gentamicin,Resistant
562.144716,trimethoprim/sulfamethoxazole,Susceptible
562.144720,ampicillin,Susceptible
562.144720,ciprofloxacin,Susceptible
562.144720,gentamicin,Resistant
562.144720,trimethoprim/sulfamethoxazole,Susceptible
562.144725,ampicillin,Resistant
562.144725,ciprofloxacin,Susceptible
562.144725,gentamicin,Resistant
562.144725,trimethoprim/sulfamethoxazole,Susceptible
562.144726,ampicillin,Susceptible
562.144726,ciprofloxacin,Susceptible
562.144726,gentamicin,Resistant
562.144726,trimethoprim/sulfamethoxazole,Susceptible
562.144729,ciprofloxacin,Resistant
562.144729,gentamicin,Resistant
562.144729,trimethoprim/sulfamethoxazole,Resistant
562.144730,ampicillin,Susceptible
562.144730,ciprofloxacin,Susceptible
562.144730,gentamicin,Resistant
562.144730,trimethoprim/sulfamethoxazole,Susceptible
562.144731,ampicillin,Resistant
562.144731,ciprofloxacin,Susceptible
562.144731,gentamicin,Resistant
562.144731,trimethoprim/sulfamethoxazole,Resistant
562.144736,ampicillin,Susceptible
562.144736,ciprofloxacin,Susceptible
562.144736,gentamicin,Resistant
562.144736,trimethoprim/sulfamethoxazole,Susceptible
562.144738,ampicillin,Resistant
562.144738,ciprofloxacin,Susceptible
562.144738,gentamicin,Resistant
562.144738,trimethoprim/sulfamethoxazole,Susceptible
562.144739,ampicillin,Resistant
562.144739,ciprofloxacin,Susceptible
562.144739,gentamicin,Resistant
562.144739,trimethoprim/sulfamethoxazole,Susceptible
562.144743,ampicillin,Resistant
562.144743,ciprofloxacin,Susceptible
562.144743,gentamicin,Resistant
562.144743,trimethoprim/sulfamethoxazole,Susceptible
562.144750,ciprofloxacin,Resistant
562.144750,gentamicin,Resistant
562.144750,trimethoprim/sulfamethoxazole,Susceptible
562.144752,ampicillin,Susceptible
562.144752,ciprofloxacin,Susceptible
562.144752,gentamicin,Resistant
562.144752,trimethoprim/sulfamethoxazole,Susceptible
562.144756,ampicillin,Resistant
562.144756,ciprofloxacin,Susceptible
562.144756,gentamicin,Resistant
562.144756,trimethoprim/sulfamethoxazole,Susceptible
562.144762,ampicillin,Resistant
562.144762,ciprofloxacin,Susceptible
562.144762,gentamicin,Resistant
562.144762,trimethoprim/sulfamethoxazole,Susceptible
562.144770,ampicillin,Susceptible
562.144770,ciprofloxacin,Susceptible
562.144770,gentamicin,Resistant
562.144770,trimethoprim/sulfamethoxazole,Susceptible
562.144771,ampicillin,Susceptible
562.144771,ciprofloxacin,Susceptible
562.144771,gentamicin,Resistant
562.144771,trimethoprim/sulfamethoxazole,Susceptible
562.144773,ampicillin,Susceptible
562.144773,ciprofloxacin,Susceptible
562.144773,gentamicin,Resistant
562.144773,trimethoprim/sulfamethoxazole,Resistant
562.144780,ampicillin,Susceptible
562.144780,ciprofloxacin,Susceptible
562.144780,gentamicin,Resistant
562.144780,trimethoprim/sulfamethoxazole,Susceptible
562.144781,ciprofloxacin,Susceptible
562.144781,gentamicin,Resistant
562.144781,trimethoprim/sulfamethoxazole,Resistant
562.144787,ampicillin,Susceptible
562.144787,ciprofloxacin,Susceptible
562.144787,gentamicin,Resistant
562.144787,trimethoprim/sulfamethoxazole,Susceptible
562.144794,ampicillin,Resistant
562.144794,ciprofloxacin,Susceptible
562.144794,gentamicin,Resistant
562.144794,trimethoprim/sulfamethoxazole,Resistant
562.144795,ciprofloxacin,Susceptible
562.144795,gentamicin,Resistant
562.144795,trimethoprim/sulfamethoxazole,Susceptible
562.144796,ampicillin,Susceptible
562.144796,ciprofloxacin,Susceptible
562.144796,gentamicin,Resistant
562.144796,trimethoprim/sulfamethoxazole,Susceptible
562.144800,ampicillin,Susceptible
562.144800,ciprofloxacin,Susceptible
562.144800,gentamicin,Resistant
562.144800,trimethoprim/sulfamethoxazole,Susceptible
562.144803,ciprofloxacin,Resistant
562.144803,gentamicin,Resistant
562.144803,trimethoprim/sulfamethoxazole,Susceptible
562.144805,ampicillin,Resistant
562.144805,ciprofloxacin,Susceptible
562.144805,gentamicin,Resistant
562.144805,trimethoprim/sulfamethoxazole,Susceptible
562.144806,ampicillin,Susceptible
562.144806,ciprofloxacin,Susceptible
562.144806,gentamicin,Resistant
562.144806,trimethoprim/sulfamethoxazole,Susceptible
562.144807,ciprofloxacin,Susceptible
562.144807,gentamicin,Resistant
562.144807,trimethoprim/sulfamethoxazole,Susceptible
562.144810,ciprofloxacin,Resistant
562.144810,gentamicin,Resistant
562.144810,trimethoprim/sulfamethoxazole,Resistant
562.144816,ampicillin,Resistant
562.144816,ciprofloxacin,Resistant
562.144816,gentamicin,Resistant
562.144816,trimethoprim/sulfamethoxazole,Resistant
562.144825,ampicillin,Susceptible
562.144825,ciprofloxacin,Susceptible
562.144825,gentamicin,Resistant
562.144825,trimethoprim/sulfamethoxazole,Susceptible
562.144831,ampicillin,Susceptible
562.144831,ciprofloxacin,Susceptible
562.144831,gentamicin,Resistant
562.144831,trimethoprim/sulfamethoxazole,Resistant
562.144841,ampicillin,Resistant
562.144841,ciprofloxacin,Susceptible
562.144841,gentamicin,Resistant
562.144841,trimethoprim/sulfamethoxazole,Resistant
562.144845,ampicillin,Resistant
562.144845,ciprofloxacin,Susceptible
562.144845,gentamicin,Resistant
562.144845,trimethoprim/sulfamethoxazole,Susceptible
562.144860,ciprofloxacin,Resistant
562.144860,gentamicin,Resistant
562.144860,trimethoprim/sulfamethoxazole,Resistant
562.144863,ampicillin,Resistant
562.144863,ciprofloxacin,Susceptible
562.144863,gentamicin,Resistant
562.144863,trimethoprim/sulfamethoxazole,Susceptible
562.144872,ampicillin,Resistant
562.144872,ciprofloxacin,Susceptible
562.144872,gentamicin,Resistant
562.144872,trimethoprim/sulfamethoxazole,Resistant
562.144876,ampicillin,Susceptible
562.144876,ciprofloxacin,Susceptible
562.144876,gentamicin,Resistant
562.144876,trimethoprim/sulfamethoxazole,Susceptible
562.144882,ampicillin,Resistant
562.144882,ciprofloxacin,Resistant
562.144882,gentamicin,Resistant
562.144882,trimethoprim/sulfamethoxazole,Susceptible
562.144883,ampicillin,Susceptible
562.144883,ciprofloxacin,Susceptible
562.144883,gentamicin,Resistant
562.144883,trimethoprim/sulfamethoxazole,Susceptible
562.144889,ampicillin,Resistant
562.144889,ciprofloxacin,Susceptible
562.144889,gentamicin,Resistant
562.144889,trimethoprim/sulfamethoxazole,Susceptible
562.144895,ciprofloxacin,Susceptible
562.144895,gentamicin,Resistant
562.144895,trimethoprim/sulfamethoxazole,Resistant
562.144897,ampicillin,Resistant
562.144897,ciprofloxacin,Susceptible
562.144897,gentamicin,Resistant
562.144897,trimethoprim/sulfamethoxazole,Susceptible
562.144900,ampicillin,Susceptible
562.144900,ciprofloxacin,Susceptible
562.144900,gentamicin,Resistant
562.144900,trimethoprim/sulfamethoxazole,Susceptible
562.144905,ampicillin,Susceptible
562.144905,ciprofloxacin,Susceptible
562.144905,gentamicin,Resistant
562.144905,trimethoprim/sulfamethoxazole,Susceptible
562.144906,ampicillin,Susceptible
562.144906,ciprofloxacin,Susceptible
562.144906,gentamicin,Resistant
562.144906,trimethoprim/sulfamethoxazole,Susceptible
562.144908,ciprofloxacin,Susceptible
562.144908,gentamicin,Resistant
562.144908,trimethoprim/sulfamethoxazole,Susceptible
562.145318,ampicillin,Susceptible
562.145318,gentamicin,Susceptible
562.145318,trimethoprim/sulfamethoxazole,Susceptible
562.145319,ampicillin,Susceptible
562.145319,gentamicin,Susceptible
562.145319,trimethoprim/sulfamethoxazole,Susceptible
562.145320,ampicillin,Susceptible
562.145320,gentamicin,Susceptible
562.145320,trimethoprim/sulfamethoxazole,Susceptible
562.145321,ampicillin,Susceptible
562.145321,gentamicin,Susceptible
562.145321,trimethoprim/sulfamethoxazole,Susceptible
562.145322,ampicillin,Susceptible
562.145322,ciprofloxacin,Resistant
562.145322,gentamicin,Susceptible
562.145322,trimethoprim/sulfamethoxazole,Susceptible
562.145323,ampicillin,Susceptible
562.145323,gentamicin,Susceptible
562.145323,trimethoprim/sulfamethoxazole,Susceptible
562.145324,ampicillin,Susceptible
562.145324,ciprofloxacin,Resistant
562.145324,gentamicin,Susceptible
562.145324,trimethoprim/sulfamethoxazole,Susceptible
562.145325,ampicillin,Susceptible
562.145325,gentamicin,Susceptible
562.145325,trimethoprim/sulfamethoxazole,Susceptible
562.145326,ampicillin,Susceptible
562.145326,gentamicin,Susceptible
562.145326,trimethoprim/sulfamethoxazole,Susceptible
562.145327,ampicillin,Resistant
562.145327,gentamicin,Susceptible
562.145327,trimethoprim/sulfamethoxazole,Resistant
562.145328,ampicillin,Susceptible
562.145328,gentamicin,Susceptible
562.145328,trimethoprim/sulfamethoxazole,Susceptible
562.145329,ampicillin,Susceptible
562.145329,gentamicin,Susceptible
562.145329,trimethoprim/sulfamethoxazole,Susceptible
562.145330,ampicillin,Susceptible
562.145330,gentamicin,Susceptible
562.145330,trimethoprim/sulfamethoxazole,Susceptible
562.145331,ampicillin,Susceptible
562.145331,gentamicin,Susceptible
562.145331,trimethoprim/sulfamethoxazole,Susceptible
562.145332,ampicillin,Susceptible
562.145332,gentamicin,Susceptible
562.145332,trimethoprim/sulfamethoxazole,Susceptible
562.145333,ampicillin,Susceptible
562.145333,gentamicin,Susceptible
562.145333,trimethoprim/sulfamethoxazole,Susceptible
562.145334,ampicillin,Susceptible
562.145334,gentamicin,Susceptible
562.145334,trimethoprim/sulfamethoxazole,Susceptible
562.145335,ampicillin,Resistant
562.145335,gentamicin,Susceptible
562.145335,trimethoprim/sulfamethoxazole,Susceptible
562.145336,ampicillin,Susceptible
562.145336,gentamicin,Susceptible
562.145336,trimethoprim/sulfamethoxazole,Susceptible
562.145337,ampicillin,Resistant
562.145337,gentamicin,Susceptible
562.145337,trimethoprim/sulfamethoxazole,Resistant
562.145338,ampicillin,Susceptible
562.145338,gentamicin,Susceptible
562.145338,trimethoprim/sulfamethoxazole,Susceptible
562.145339,ampicillin,Resistant
562.145339,gentamicin,Susceptible
562.145339,trimethoprim/sulfamethoxazole,Susceptible
562.145340,ampicillin,Resistant
562.145340,gentamicin,Susceptible
562.145340,trimethoprim/sulfamethoxazole,Resistant
562.145341,ampicillin,Susceptible
562.145341,gentamicin,Susceptible
562.145341,trimethoprim/sulfamethoxazole,Susceptible
562.145342,ampicillin,Susceptible
562.145342,gentamicin,Susceptible
562.145342,trimethoprim/sulfamethoxazole,Susceptible
562.145343,ampicillin,Resistant
562.145343,gentamicin,Susceptible
562.145343,trimethoprim/sulfamethoxazole,Resistant
562.145344,ampicillin,Susceptible
562.145344,gentamicin,Susceptible
562.145344,trimethoprim/sulfamethoxazole,Susceptible
562.145345,ampicillin,Susceptible
562.145345,gentamicin,Susceptible
562.145345,trimethoprim/sulfamethoxazole,Susceptible
562.145346,ampicillin,Susceptible
562.145346,gentamicin,Susceptible
562.145346,trimethoprim/sulfamethoxazole,Susceptible
562.145347,ampicillin,Susceptible
562.145347,gentamicin,Susceptible
562.145347,trimethoprim/sulfamethoxazole,Susceptible
562.145348,ampicillin,Resistant
562.145348,gentamicin,Susceptible
562.145348,trimethoprim/sulfamethoxazole,Susceptible
562.145349,ampicillin,Susceptible
562.145349,gentamicin,Susceptible
562.145349,trimethoprim/sulfamethoxazole,Susceptible
562.145350,ampicillin,Susceptible
562.145350,gentamicin,Susceptible
562.145350,trimethoprim/sulfamethoxazole,Susceptible
562.145351,ampicillin,Susceptible
562.145351,gentamicin,Susceptible
562.145351,trimethoprim/sulfamethoxazole,Susceptible
562.145352,ampicillin,Susceptible
562.145352,gentamicin,Susceptible
562.145352,trimethoprim/sulfamethoxazole,Susceptible
562.145353,ampicillin,Susceptible
562.145353,gentamicin,Susceptible
562.145353,trimethoprim/sulfamethoxazole,Susceptible
562.145354,ampicillin,Susceptible
562.145354,gentamicin,Susceptible
562.145354,trimethoprim/sulfamethoxazole,Susceptible
562.145355,ampicillin,Susceptible
562.145355,gentamicin,Susceptible
562.145355,trimethoprim/sulfamethoxazole,Susceptible
562.145356,ampicillin,Susceptible
562.145356,gentamicin,Susceptible
562.145356,trimethoprim/sulfamethoxazole,Susceptible
562.145357,ampicillin,Susceptible
562.145357,gentamicin,Susceptible
562.145357,trimethoprim/sulfamethoxazole,Susceptible
562.145358,ampicillin,Resistant
562.145358,gentamicin,Susceptible
562.145358,trimethoprim/sulfamethoxazole,Resistant
562.145359,ampicillin,Susceptible
562.145359,gentamicin,Susceptible
562.145359,trimethoprim/sulfamethoxazole,Susceptible
562.145360,ampicillin,Susceptible
562.145360,gentamicin,Susceptible
562.145360,trimethoprim/sulfamethoxazole,Susceptible
562.145361,ampicillin,Resistant
562.145361,gentamicin,Susceptible
562.145361,trimethoprim/sulfamethoxazole,Susceptible
562.145362,ampicillin,Susceptible
562.145362,gentamicin,Susceptible
562.145362,trimethoprim/sulfamethoxazole,Susceptible
562.145363,ampicillin,Resistant
562.145363,ciprofloxacin,Resistant
562.145363,gentamicin,Susceptible
562.145363,trimethoprim/sulfamethoxazole,Resistant
562.145364,ampicillin,Resistant
562.145364,gentamicin,Susceptible
562.145364,trimethoprim/sulfamethoxazole,Susceptible
562.145365,ampicillin,Resistant
562.145365,gentamicin,Susceptible
562.145365,trimethoprim/sulfamethoxazole,Resistant
562.145366,ampicillin,Resistant
562.145366,gentamicin,Susceptible
562.145366,trimethoprim/sulfamethoxazole,Susceptible
562.145367,ampicillin,Susceptible
562.145367,gentamicin,Susceptible
562.145367,trimethoprim/sulfamethoxazole,Susceptible
562.145368,ampicillin,Resistant
562.145368,gentamicin,Susceptible
562.145368,trimethoprim/sulfamethoxazole,Susceptible
562.145369,ampicillin,Susceptible
562.145369,gentamicin,Susceptible
562.145369,trimethoprim/sulfamethoxazole,Susceptible
562.145370,ampicillin,Resistant
562.145370,gentamicin,Susceptible
562.145370,trimethoprim/sulfamethoxazole,Resistant
562.145371,ampicillin,Resistant
562.145371,gentamicin,Susceptible
562.145371,trimethoprim/sulfamethoxazole,Susceptible
562.145374,ampicillin,Resistant
562.145374,gentamicin,Susceptible
562.145374,trimethoprim/sulfamethoxazole,Resistant
562.145375,ampicillin,Resistant
562.145375,gentamicin,Susceptible
562.145375,trimethoprim/sulfamethoxazole,Resistant
562.145376,ampicillin,Susceptible
562.145376,gentamicin,Susceptible
562.145376,trimethoprim/sulfamethoxazole,Susceptible
562.145377,ampicillin,Susceptible
562.145377,gentamicin,Susceptible
562.145377,trimethoprim/sulfamethoxazole,Susceptible
562.145438,ampicillin,Resistant
562.145438,cefotaxime,Resistant
562.145438,gentamicin,Susceptible
562.145444,cefotaxime,Susceptible
562.145444,ciprofloxacin,Susceptible
562.145444,gentamicin,Susceptible
562.145445,cefotaxime,Susceptible
562.145445,ciprofloxacin,Susceptible
562.145445,gentamicin,Susceptible
562.145446,cefotaxime,Susceptible
562.145446,ciprofloxacin,Susceptible
562.145446,gentamicin,Susceptible
562.145447,cefotaxime,Susceptible
562.145447,ciprofloxacin,Resistant
562.145447,gentamicin,Resistant
562.145448,cefotaxime,Resistant
562.145448,ciprofloxacin,Resistant
562.145448,gentamicin,Susceptible
562.145448,trimethoprim/sulfamethoxazole,Resistant
562.145449,cefotaxime,Resistant
562.145449,ciprofloxacin,Susceptible
562.145449,gentamicin,Susceptible
562.145450,cefotaxime,Susceptible
562.145450,ciprofloxacin,Susceptible
562.145450,gentamicin,Susceptible
562.145451,cefotaxime,Susceptible
562.145451,ciprofloxacin,Susceptible
562.145451,gentamicin,Susceptible
562.145452,ciprofloxacin,Susceptible
562.145452,gentamicin,Susceptible
562.145453,cefotaxime,Resistant
562.145453,ciprofloxacin,Resistant
562.145453,gentamicin,Resistant
562.145454,cefotaxime,Resistant
562.145454,ciprofloxacin,Resistant
562.145454,gentamicin,Susceptible
562.145454,trimethoprim/sulfamethoxazole,Resistant
562.145455,cefotaxime,Resistant
562.145455,ciprofloxacin,Resistant
562.145455,gentamicin,Resistant
562.145455,trimethoprim/sulfamethoxazole,Resistant
562.145456,cefotaxime,Resistant
562.145456,ciprofloxacin,Resistant
562.145456,gentamicin,Resistant
562.145456,trimethoprim/sulfamethoxazole,Resistant
562.145457,cefotaxime,Susceptible
562.145457,ciprofloxacin,Susceptible
562.145457,gentamicin,Susceptible
562.145458,cefotaxime,Susceptible
562.145458,ciprofloxacin,Susceptible
562.145458,gentamicin,Susceptible
562.145459,cefotaxime,Resistant
562.145459,ciprofloxacin,Resistant
562.145459,gentamicin,Susceptible
562.145460,cefotaxime,Susceptible
562.145460,ciprofloxacin,Susceptible
562.145460,gentamicin,Susceptible
562.145461,cefotaxime,Resistant
562.145461,ciprofloxacin,Resistant
562.145461,gentamicin,Susceptible
562.145462,ciprofloxacin,Resistant
562.145462,gentamicin,Susceptible
562.145463,cefotaxime,Resistant
562.145463,ciprofloxacin,Resistant
562.145463,gentamicin,Susceptible
562.145463,trimethoprim/sulfamethoxazole,Resistant
562.145464,cefotaxime,Resistant
562.145464,ciprofloxacin,Resistant
562.145464,gentamicin,Susceptible
562.145464,trimethoprim/sulfamethoxazole,Resistant
562.145465,cefotaxime,Resistant
562.145465,ciprofloxacin,Resistant
562.145465,gentamicin,Resistant
562.145466,cefotaxime,Resistant
562.145466,ciprofloxacin,Resistant
562.145466,gentamicin,Susceptible
562.145467,cefotaxime,Susceptible
562.145467,ciprofloxacin,Susceptible
562.145467,gentamicin,Susceptible
562.145468,cefotaxime,Resistant
562.145468,ciprofloxacin,Susceptible
562.145468,gentamicin,Resistant
562.145469,cefotaxime,Resistant
562.145469,ciprofloxacin,Resistant
562.145469,gentamicin,Resistant
562.145469,trimethoprim/sulfamethoxazole,Resistant
562.145470,cefotaxime,Resistant
562.145470,ciprofloxacin,Resistant
562.145470,gentamicin,Susceptible
562.145471,cefotaxime,Resistant
562.145471,ciprofloxacin,Resistant
562.145471,gentamicin,Susceptible
562.145477,cefotaxime,Resistant
562.145477,ciprofloxacin,Resistant
562.145477,gentamicin,Resistant
562.145478,cefotaxime,Resistant
562.145478,ciprofloxacin,Resistant
562.145478,gentamicin,Susceptible
562.145478,trimethoprim/sulfamethoxazole,Resistant
562.145479,cefotaxime,Resistant
562.145479,ciprofloxacin,Resistant
562.145479,gentamicin,Susceptible
562.145480,cefotaxime,Resistant
562.145480,ciprofloxacin,Resistant
562.145480,gentamicin,Resistant
562.145481,cefotaxime,Resistant
562.145481,ciprofloxacin,Resistant
562.145481,gentamicin,Susceptible
562.145481,trimethoprim/sulfamethoxazole,Resistant
562.145482,cefotaxime,Resistant
562.145482,ciprofloxacin,Resistant
562.145482,gentamicin,Resistant
562.145483,cefotaxime,Resistant
562.145483,ciprofloxacin,Resistant
562.145483,gentamicin,Resistant
562.145483,trimethoprim/sulfamethoxazole,Resistant
562.145484,cefotaxime,Resistant
562.145484,ciprofloxacin,Resistant
562.145484,gentamicin,Resistant
562.145484,trimethoprim/sulfamethoxazole,Resistant
562.145485,cefotaxime,Resistant
562.145485,ciprofloxacin,Resistant
562.145485,gentamicin,Resistant
562.145485,trimethoprim/sulfamethoxazole,Resistant
562.145486,cefotaxime,Resistant
562.145486,ciprofloxacin,Resistant
562.145486,gentamicin,Resistant
562.145487,cefotaxime,Resistant
562.145487,ciprofloxacin,Resistant
562.145487,gentamicin,Susceptible
562.145487,trimethoprim/sulfamethoxazole,Resistant
562.145488,cefotaxime,Resistant
562.145488,ciprofloxacin,Resistant
562.145488,gentamicin,Susceptible
562.145489,cefotaxime,Resistant
562.145489,ciprofloxacin,Resistant
562.145489,gentamicin,Resistant
562.145490,cefotaxime,Resistant
562.145490,ciprofloxacin,Resistant
562.145490,gentamicin,Susceptible
562.145491,cefotaxime,Resistant
562.145491,ciprofloxacin,Resistant
562.145491,gentamicin,Susceptible
562.145491,trimethoprim/sulfamethoxazole,Resistant
562.145492,cefotaxime,Resistant
562.145492,ciprofloxacin,Resistant
562.145492,gentamicin,Susceptible
562.145492,trimethoprim/sulfamethoxazole,Resistant
562.145493,cefotaxime,Susceptible
562.145493,ciprofloxacin,Susceptible
562.145493,gentamicin,Susceptible
562.145494,cefotaxime,Resistant
562.145494,ciprofloxacin,Resistant
562.145494,gentamicin,Resistant
562.145494,trimethoprim/sulfamethoxazole,Resistant
562.145495,cefotaxime,Resistant
562.145495,ciprofloxacin,Susceptible
562.145495,gentamicin,Susceptible
562.145496,cefotaxime,Susceptible
562.145496,ciprofloxacin,Susceptible
562.145496,gentamicin,Susceptible
562.145497,cefotaxime,Susceptible
562.145497,ciprofloxacin,Susceptible
562.145497,gentamicin,Susceptible
562.145498,cefotaxime,Resistant
562.145498,ciprofloxacin,Resistant
562.145498,gentamicin,Resistant
562.145499,cefotaxime,Susceptible
562.145499,ciprofloxacin,Susceptible
562.145499,gentamicin,Susceptible
562.145500,cefotaxime,Resistant
562.145500,ciprofloxacin,Resistant
562.145500,gentamicin,Resistant
562.145500,trimethoprim/sulfamethoxazole,Resistant
562.145501,cefotaxime,Susceptible
562.145501,ciprofloxacin,Susceptible
562.145501,gentamicin,Susceptible
562.145503,cefotaxime,Resistant
562.145503,ciprofloxacin,Resistant
562.145503,gentamicin,Susceptible
562.145503,trimethoprim/sulfamethoxazole,Resistant
562.145504,cefotaxime,Resistant
562.145504,ciprofloxacin,Resistant
562.145504,gentamicin,Susceptible
562.145504,trimethoprim/sulfamethoxazole,Resistant
562.145505,cefotaxime,Resistant
562.145505,ciprofloxacin,Resistant
562.145505,gentamicin,Susceptible
562.145505,trimethoprim/sulfamethoxazole,Resistant
562.145506,cefotaxime,Resistant
562.145506,ciprofloxacin,Resistant
562.145506,gentamicin,Susceptible
562.145506,trimethoprim/sulfamethoxazole,Resistant
562.145508,cefotaxime,Resistant
562.145508,ciprofloxacin,Resistant
562.145508,gentamicin,Susceptible
562.145508,trimethoprim/sulfamethoxazole,Resistant
562.145509,cefotaxime,Resistant
562.145509,ciprofloxacin,Resistant
562.145509,gentamicin,Susceptible
562.145509,trimethoprim/sulfamethoxazole,Resistant
562.145510,cefotaxime,Resistant
562.145510,ciprofloxacin,Resistant
562.145510,gentamicin,Susceptible
562.145510,trimethoprim/sulfamethoxazole,Resistant
562.145511,cefotaxime,Resistant
562.145511,ciprofloxacin,Resistant
562.145511,gentamicin,Susceptible
562.145513,cefotaxime,Susceptible
562.145513,ciprofloxacin,Susceptible
562.145513,gentamicin,Susceptible
562.145513,trimethoprim/sulfamethoxazole,Resistant
562.145514,cefotaxime,Resistant
562.145514,ciprofloxacin,Susceptible
562.145514,gentamicin,Resistant
562.145515,cefotaxime,Susceptible
562.145515,ciprofloxacin,Susceptible
562.145515,gentamicin,Susceptible
562.145516,ciprofloxacin,Resistant
562.145516,gentamicin,Susceptible
562.145516,trimethoprim/sulfamethoxazole,Resistant
562.145517,cefotaxime,Resistant
562.145517,ciprofloxacin,Resistant
562.145517,gentamicin,Resistant
562.145517,trimethoprim/sulfamethoxazole,Resistant
562.145518,cefotaxime,Resistant
562.145518,ciprofloxacin,Susceptible
562.145518,gentamicin,Susceptible
562.145518,trimethoprim/sulfamethoxazole,Resistant
562.145519,cefotaxime,Susceptible
562.145519,ciprofloxacin,Susceptible
562.145519,gentamicin,Susceptible
562.145520,cefotaxime,Resistant
562.145520,ciprofloxacin,Resistant
562.145520,gentamicin,Susceptible
562.145521,cefotaxime,Resistant
562.145521,ciprofloxacin,Resistant
562.145521,gentamicin,Susceptible
562.145521,trimethoprim/sulfamethoxazole,Resistant
562.145523,cefotaxime,Resistant
562.145523,ciprofloxacin,Resistant
562.145523,gentamicin,Susceptible
562.145524,cefotaxime,Susceptible
562.145524,ciprofloxacin,Susceptible
562.145524,gentamicin,Susceptible
562.145525,cefotaxime,Resistant
562.145525,ciprofloxacin,Resistant
562.145525,gentamicin,Resistant
562.145526,cefotaxime,Resistant
562.145526,ciprofloxacin,Resistant
562.145526,gentamicin,Resistant
562.145527,cefotaxime,Resistant
562.145527,ciprofloxacin,Resistant
562.145527,gentamicin,Susceptible
562.145528,cefotaxime,Susceptible
562.145528,ciprofloxacin,Susceptible
562.145528,gentamicin,Susceptible
562.145529,cefotaxime,Resistant
562.145529,ciprofloxacin,Resistant
562.145529,gentamicin,Susceptible
562.145530,cefotaxime,Resistant
562.145530,ciprofloxacin,Susceptible
562.145530,gentamicin,Susceptible
562.145530,trimethoprim/sulfamethoxazole,Resistant
562.145531,cefotaxime,Resistant
562.145531,ciprofloxacin,Resistant
562.145531,gentamicin,Susceptible
562.145531,trimethoprim/sulfamethoxazole,Resistant
562.145533,cefotaxime,Resistant
562.145533,ciprofloxacin,Resistant
562.145533,gentamicin,Susceptible
562.145535,cefotaxime,Resistant
562.145535,ciprofloxacin,Resistant
562.145535,gentamicin,Susceptible
562.145535,trimethoprim/sulfamethoxazole,Resistant
562.145537,cefotaxime,Resistant
562.145537,ciprofloxacin,Resistant
562.145537,gentamicin,Resistant
562.145537,trimethoprim/sulfamethoxazole,Resistant
562.145538,cefotaxime,Resistant
562.145538,ciprofloxacin,Susceptible
562.145538,gentamicin,Susceptible
562.145540,cefotaxime,Resistant
562.145540,ciprofloxacin,Resistant
562.145540,gentamicin,Susceptible
562.145540,trimethoprim/sulfamethoxazole,Resistant
562.145541,cefotaxime,Susceptible
562.145541,ciprofloxacin,Resistant
562.145541,gentamicin,Susceptible
562.145542,cefotaxime,Susceptible
562.145542,ciprofloxacin,Susceptible
562.145542,gentamicin,Susceptible
562.145543,cefotaxime,Susceptible
562.145543,ciprofloxacin,Susceptible
562.145543,gentamicin,Susceptible
562.145544,cefotaxime,Susceptible
562.145544,ciprofloxacin,Susceptible
562.145544,gentamicin,Susceptible
562.145545,cefotaxime,Susceptible
562.145545,ciprofloxacin,Resistant
562.145545,gentamicin,Resistant
562.145545,trimethoprim/sulfamethoxazole,Resistant
562.145546,cefotaxime,Susceptible
562.145546,ciprofloxacin,Susceptible
562.145546,gentamicin,Susceptible
562.145548,cefotaxime,Susceptible
562.145548,ciprofloxacin,Susceptible
562.145548,gentamicin,Susceptible
562.145550,cefotaxime,Resistant
562.145550,ciprofloxacin,Resistant
562.145550,gentamicin,Resistant
562.145550,trimethoprim/sulfamethoxazole,Resistant
562.145552,cefotaxime,Resistant
562.145552,ciprofloxacin,Resistant
562.145552,gentamicin,Susceptible
562.145553,cefotaxime,Resistant
562.145553,ciprofloxacin,Susceptible
562.145553,gentamicin,Susceptible
562.145557,cefotaxime,Resistant
562.145557,ciprofloxacin,Resistant
562.145557,gentamicin,Resistant
562.145557,trimethoprim/sulfamethoxazole,Resistant
562.145562,cefotaxime,Resistant
562.145562,ciprofloxacin,Resistant
562.145562,gentamicin,Resistant
562.145562,trimethoprim/sulfamethoxazole,Resistant
562.145563,cefotaxime,Resistant
562.145563,ciprofloxacin,Resistant
562.145563,gentamicin,Susceptible
562.145563,trimethoprim/sulfamethoxazole,Resistant
562.145564,cefotaxime,Resistant
562.145564,ciprofloxacin,Resistant
562.145564,gentamicin,Susceptible
562.145566,cefotaxime,Resistant
562.145566,ciprofloxacin,Resistant
562.145566,gentamicin,Susceptible
562.145566,trimethoprim/sulfamethoxazole,Resistant
562.145567,cefotaxime,Resistant
562.145567,ciprofloxacin,Resistant
562.145567,gentamicin,Susceptible
562.145568,cefotaxime,Resistant
562.145568,ciprofloxacin,Resistant
562.145568,gentamicin,Susceptible
562.145569,cefotaxime,Resistant
562.145569,ciprofloxacin,Resistant
562.145569,gentamicin,Susceptible
562.145570,ciprofloxacin,Resistant
562.145570,gentamicin,Resistant
562.145570,trimethoprim/sulfamethoxazole,Resistant
562.145571,cefotaxime,Resistant
562.145571,ciprofloxacin,Susceptible
562.145571,gentamicin,Susceptible
562.145572,cefotaxime,Resistant
562.145572,ciprofloxacin,Resistant
562.145572,gentamicin,Susceptible
562.145573,cefotaxime,Resistant
562.145573,ciprofloxacin,Susceptible
562.145573,gentamicin,Susceptible
562.145574,cefotaxime,Resistant
562.145574,ciprofloxacin,Resistant
562.145574,gentamicin,Susceptible
562.145574,trimethoprim/sulfamethoxazole,Resistant
562.145575,cefotaxime,Resistant
562.145575,ciprofloxacin,Resistant
562.145575,gentamicin,Susceptible
562.145576,cefotaxime,Resistant
562.145576,ciprofloxacin,Susceptible
562.145576,gentamicin,Resistant
562.145576,trimethoprim/sulfamethoxazole,Resistant
562.145578,cefotaxime,Susceptible
562.145578,ciprofloxacin,Susceptible
562.145578,gentamicin,Susceptible
562.145579,cefotaxime,Susceptible
562.145579,ciprofloxacin,Susceptible
562.145579,gentamicin,Susceptible
562.145580,ciprofloxacin,Susceptible
562.145580,gentamicin,Susceptible
562.145581,cefotaxime,Susceptible
562.145581,ciprofloxacin,Susceptible
562.145581,gentamicin,Susceptible
562.145582,cefotaxime,Susceptible
562.145582,ciprofloxacin,Susceptible
562.145582,gentamicin,Susceptible
562.145583,cefotaxime,Susceptible
562.145583,ciprofloxacin,Resistant
562.145583,gentamicin,Susceptible
562.145584,cefotaxime,Susceptible
562.145584,ciprofloxacin,Resistant
562.145584,gentamicin,Susceptible
562.145585,cefotaxime,Susceptible
562.145585,ciprofloxacin,Susceptible
562.145585,gentamicin,Susceptible
562.145586,cefotaxime,Susceptible
562.145586,ciprofloxacin,Resistant
562.145586,gentamicin,Susceptible
562.145587,ciprofloxacin,Susceptible
562.145587,gentamicin,Susceptible
562.145588,cefotaxime,Susceptible
562.145588,ciprofloxacin,Resistant
562.145588,gentamicin,Susceptible
562.145589,cefotaxime,Susceptible
562.145589,ciprofloxacin,Resistant
562.145589,gentamicin,Susceptible
562.145590,cefotaxime,Susceptible
562.145590,ciprofloxacin,Susceptible
562.145590,gentamicin,Susceptible
562.145591,cefotaxime,Susceptible
562.145591,ciprofloxacin,Susceptible
562.145591,gentamicin,Susceptible
562.145592,cefotaxime,Susceptible
562.145592,ciprofloxacin,Susceptible
562.145592,gentamicin,Susceptible
562.145593,ciprofloxacin,Susceptible
562.145593,gentamicin,Susceptible
562.145594,cefotaxime,Susceptible
562.145594,ciprofloxacin,Susceptible
562.145594,gentamicin,Susceptible
562.145595,cefotaxime,Susceptible
562.145595,ciprofloxacin,Susceptible
562.145595,gentamicin,Susceptible
562.145596,ciprofloxacin,Susceptible
562.145596,gentamicin,Susceptible
562.145597,cefotaxime,Susceptible
562.145597,ciprofloxacin,Susceptible
562.145597,gentamicin,Susceptible
562.145599,cefotaxime,Susceptible
562.145599,ciprofloxacin,Resistant
562.145599,gentamicin,Susceptible
562.145599,trimethoprim/sulfamethoxazole,Resistant
562.145600,cefotaxime,Resistant
562.145600,ciprofloxacin,Resistant
562.145600,gentamicin,Susceptible
562.145600,trimethoprim/sulfamethoxazole,Resistant
562.145601,cefotaxime,Resistant
562.145601,ciprofloxacin,Resistant
562.145601,gentamicin,Susceptible
562.145604,cefotaxime,Susceptible
562.145604,ciprofloxacin,Resistant
562.145604,gentamicin,Susceptible
562.145605,cefotaxime,Susceptible
562.145605,ciprofloxacin,Resistant
562.145605,gentamicin,Susceptible
562.145606,cefotaxime,Resistant
562.145606,ciprofloxacin,Resistant
562.145606,gentamicin,Susceptible
562.145607,cefotaxime,Susceptible
562.145607,ciprofloxacin,Resistant
562.145607,gentamicin,Susceptible
562.145610,ciprofloxacin,Resistant
562.145610,gentamicin,Susceptible
562.145611,cefotaxime,Resistant
562.145611,ciprofloxacin,Resistant
562.145611,gentamicin,Susceptible
562.145611,trimethoprim/sulfamethoxazole,Resistant
562.145612,cefotaxime,Resistant
562.145612,ciprofloxacin,Resistant
562.145612,gentamicin,Susceptible
562.145613,cefotaxime,Resistant
562.145613,ciprofloxacin,Resistant
562.145613,gentamicin,Resistant
562.145614,cefotaxime,Resistant
562.145614,ciprofloxacin,Resistant
562.145614,gentamicin,Resistant
562.145616,cefotaxime,Susceptible
562.145616,ciprofloxacin,Susceptible
562.145616,gentamicin,Susceptible
562.145617,cefotaxime,Resistant
562.145617,ciprofloxacin,Resistant
562.145617,gentamicin,Susceptible
562.145618,cefotaxime,Susceptible
562.145618,ciprofloxacin,Susceptible
562.145618,gentamicin,Susceptible
562.145619,cefotaxime,Resistant
562.145619,ciprofloxacin,Resistant
562.145619,gentamicin,Resistant
562.145620,cefotaxime,Resistant
562.145620,ciprofloxacin,Resistant
562.145620,gentamicin,Susceptible
562.145620,trimethoprim/sulfamethoxazole,Resistant
562.145622,cefotaxime,Resistant
562.145622,ciprofloxacin,Resistant
562.145622,gentamicin,Susceptible
562.145622,trimethoprim/sulfamethoxazole,Resistant
562.145623,cefotaxime,Resistant
562.145623,ciprofloxacin,Resistant
562.145623,gentamicin,Susceptible
562.145623,trimethoprim/sulfamethoxazole,Resistant
562.145626,cefotaxime,Resistant
562.145626,ciprofloxacin,Resistant
562.145626,gentamicin,Susceptible
562.145627,cefotaxime,Resistant
562.145627,ciprofloxacin,Resistant
562.145627,gentamicin,Susceptible
562.145627,trimethoprim/sulfamethoxazole,Resistant
562.145628,cefotaxime,Susceptible
562.145628,ciprofloxacin,Resistant
562.145628,gentamicin,Susceptible
562.145629,cefotaxime,Resistant
562.145629,ciprofloxacin,Resistant
562.145629,gentamicin,Susceptible
562.145630,cefotaxime,Resistant
562.145630,ciprofloxacin,Resistant
562.145630,gentamicin,Susceptible
562.145630,trimethoprim/sulfamethoxazole,Resistant
562.145631,cefotaxime,Resistant
562.145631,ciprofloxacin,Resistant
562.145631,gentamicin,Resistant
562.145632,cefotaxime,Resistant
562.145632,ciprofloxacin,Resistant
562.145632,gentamicin,Resistant
562.145632,trimethoprim/sulfamethoxazole,Resistant
562.145635,cefotaxime,Resistant
562.145635,ciprofloxacin,Resistant
562.145635,gentamicin,Susceptible
562.145637,cefotaxime,Resistant
562.145637,ciprofloxacin,Resistant
562.145637,gentamicin,Susceptible
562.145638,cefotaxime,Resistant
562.145638,ciprofloxacin,Resistant
562.145638,gentamicin,Susceptible
562.145638,trimethoprim/sulfamethoxazole,Resistant
562.145639,cefotaxime,Susceptible
562.145639,ciprofloxacin,Susceptible
562.145639,gentamicin,Susceptible
562.145641,cefotaxime,Resistant
562.145641,ciprofloxacin,Susceptible
562.145641,gentamicin,Susceptible
562.145641,trimethoprim/sulfamethoxazole,Resistant
562.145642,cefotaxime,Resistant
562.145642,ciprofloxacin,Susceptible
562.145642,gentamicin,Susceptible
562.145644,cefotaxime,Resistant
562.145644,ciprofloxacin,Resistant
562.145644,gentamicin,Susceptible
562.145645,cefotaxime,Resistant
562.145645,ciprofloxacin,Resistant
562.145645,gentamicin,Susceptible
562.145646,cefotaxime,Resistant
562.145646,ciprofloxacin,Susceptible
562.145646,gentamicin,Susceptible
562.145647,cefotaxime,Susceptible
562.145647,ciprofloxacin,Susceptible
562.145647,gentamicin,Susceptible
562.145648,cefotaxime,Susceptible
562.145648,ciprofloxacin,Susceptible
562.145648,gentamicin,Susceptible
562.145649,cefotaxime,Susceptible
562.145649,ciprofloxacin,Susceptible
562.145649,gentamicin,Susceptible
562.145650,cefotaxime,Susceptible
562.145650,ciprofloxacin,Susceptible
562.145650,gentamicin,Susceptible
562.145651,cefotaxime,Susceptible
562.145651,ciprofloxacin,Susceptible
562.145651,gentamicin,Susceptible
562.145652,cefotaxime,Resistant
562.145652,ciprofloxacin,Resistant
562.145652,gentamicin,Susceptible
562.145652,trimethoprim/sulfamethoxazole,Resistant
562.145653,cefotaxime,Resistant
562.145653,ciprofloxacin,Resistant
562.145653,gentamicin,Resistant
562.145654,cefotaxime,Susceptible
562.145654,ciprofloxacin,Susceptible
562.145654,gentamicin,Susceptible
562.145655,cefotaxime,Resistant
562.145655,ciprofloxacin,Resistant
562.145655,gentamicin,Susceptible
562.145656,cefotaxime,Susceptible
562.145656,ciprofloxacin,Susceptible
562.145656,gentamicin,Susceptible
562.145657,cefotaxime,Resistant
562.145657,ciprofloxacin,Susceptible
562.145657,gentamicin,Susceptible
562.145657,trimethoprim/sulfamethoxazole,Resistant
562.145660,cefotaxime,Resistant
562.145660,ciprofloxacin,Resistant
562.145660,gentamicin,Resistant
562.145661,cefotaxime,Resistant
562.145661,ciprofloxacin,Resistant
562.145661,gentamicin,Susceptible
562.145662,cefotaxime,Resistant
562.145662,ciprofloxacin,Resistant
562.145662,gentamicin,Susceptible
562.145662,trimethoprim/sulfamethoxazole,Resistant
562.145663,cefotaxime,Susceptible
562.145663,ciprofloxacin,Resistant
562.145663,gentamicin,Susceptible
562.145664,cefotaxime,Resistant
562.145664,ciprofloxacin,Resistant
562.145664,gentamicin,Susceptible
562.145665,cefotaxime,Susceptible
562.145665,ciprofloxacin,Susceptible
562.145665,gentamicin,Susceptible
562.145666,cefotaxime,Resistant
562.145666,ciprofloxacin,Resistant
562.145666,gentamicin,Susceptible
562.145667,cefotaxime,Resistant
562.145667,ciprofloxacin,Resistant
562.145667,gentamicin,Susceptible
562.145667,trimethoprim/sulfamethoxazole,Resistant
562.145668,cefotaxime,Resistant
562.145668,ciprofloxacin,Resistant
562.145668,gentamicin,Susceptible
562.145669,cefotaxime,Resistant
562.145669,ciprofloxacin,Resistant
562.145669,gentamicin,Susceptible
562.145670,cefotaxime,Resistant
562.145670,ciprofloxacin,Resistant
562.145670,gentamicin,Susceptible
562.145671,cefotaxime,Resistant
562.145671,ciprofloxacin,Resistant
562.145671,gentamicin,Susceptible
562.145672,cefotaxime,Susceptible
562.145672,ciprofloxacin,Susceptible
562.145672,gentamicin,Susceptible
562.145673,cefotaxime,Resistant
562.145673,ciprofloxacin,Susceptible
562.145673,gentamicin,Susceptible
562.145674,cefotaxime,Susceptible
562.145674,ciprofloxacin,Resistant
562.145674,gentamicin,Susceptible
562.145675,cefotaxime,Resistant
562.145675,ciprofloxacin,Resistant
562.145675,gentamicin,Susceptible
562.145676,cefotaxime,Resistant
562.145676,ciprofloxacin,Resistant
562.145676,gentamicin,Resistant
562.145677,cefotaxime,Resistant
562.145677,ciprofloxacin,Resistant
562.145677,gentamicin,Susceptible
562.145677,trimethoprim/sulfamethoxazole,Resistant
562.145678,cefotaxime,Resistant
562.145678,ciprofloxacin,Resistant
562.145678,gentamicin,Susceptible
562.145679,cefotaxime,Susceptible
562.145679,ciprofloxacin,Susceptible
562.145679,gentamicin,Susceptible
562.145680,cefotaxime,Susceptible
562.145680,ciprofloxacin,Susceptible
562.145680,gentamicin,Susceptible
562.145681,cefotaxime,Resistant
562.145681,ciprofloxacin,Resistant
562.145681,gentamicin,Susceptible
562.145682,cefotaxime,Susceptible
562.145682,ciprofloxacin,Susceptible
562.145682,gentamicin,Susceptible
562.145683,cefotaxime,Susceptible
562.145683,ciprofloxacin,Susceptible
562.145683,gentamicin,Susceptible
562.145684,cefotaxime,Resistant
562.145684,ciprofloxacin,Resistant
562.145684,gentamicin,Susceptible
562.145684,trimethoprim/sulfamethoxazole,Resistant
562.145685,cefotaxime,Susceptible
562.145685,ciprofloxacin,Susceptible
562.145685,gentamicin,Susceptible
562.145686,cefotaxime,Resistant
562.145686,ciprofloxacin,Susceptible
562.145686,gentamicin,Resistant
562.145686,trimethoprim/sulfamethoxazole,Resistant
562.145687,cefotaxime,Susceptible
562.145687,ciprofloxacin,Susceptible
562.145687,gentamicin,Susceptible
562.145688,cefotaxime,Susceptible
562.145688,ciprofloxacin,Resistant
562.145688,gentamicin,Susceptible
562.145689,cefotaxime,Resistant
562.145689,ciprofloxacin,Resistant
562.145689,gentamicin,Susceptible
562.145690,cefotaxime,Susceptible
562.145690,ciprofloxacin,Susceptible
562.145690,gentamicin,Susceptible
562.145691,cefotaxime,Susceptible
562.145691,ciprofloxacin,Resistant
562.145691,gentamicin,Susceptible
562.145692,cefotaxime,Resistant
562.145692,ciprofloxacin,Susceptible
562.145692,gentamicin,Resistant
562.145693,cefotaxime,Susceptible
562.145693,ciprofloxacin,Susceptible
562.145693,gentamicin,Susceptible
562.145694,cefotaxime,Susceptible
562.145694,ciprofloxacin,Susceptible
562.145694,gentamicin,Susceptible
562.145695,cefotaxime,Resistant
562.145695,ciprofloxacin,Resistant
562.145695,gentamicin,Susceptible
562.145695,trimethoprim/sulfamethoxazole,Resistant
562.145696,cefotaxime,Susceptible
562.145696,ciprofloxacin,Resistant
562.145696,gentamicin,Susceptible
562.145697,cefotaxime,Resistant
562.145697,ciprofloxacin,Resistant
562.145697,gentamicin,Susceptible
562.145698,cefotaxime,Resistant
562.145698,ciprofloxacin,Resistant
562.145698,gentamicin,Susceptible
562.145699,cefotaxime,Resistant
562.145699,ciprofloxacin,Resistant
562.145699,gentamicin,Susceptible
562.145699,trimethoprim/sulfamethoxazole,Resistant
562.145700,cefotaxime,Susceptible
562.145700,ciprofloxacin,Susceptible
562.145700,gentamicin,Susceptible
562.145701,cefotaxime,Resistant
562.145701,ciprofloxacin,Resistant
562.145701,gentamicin,Susceptible
562.145702,cefotaxime,Susceptible
562.145702,ciprofloxacin,Susceptible
562.145702,gentamicin,Susceptible
562.145703,cefotaxime,Resistant
562.145703,ciprofloxacin,Resistant
562.145703,gentamicin,Resistant
562.145703,trimethoprim/sulfamethoxazole,Resistant
562.145704,cefotaxime,Resistant
562.145704,ciprofloxacin,Resistant
562.145704,gentamicin,Susceptible
562.145704,trimethoprim/sulfamethoxazole,Resistant
562.145705,cefotaxime,Susceptible
562.145705,ciprofloxacin,Susceptible
562.145705,gentamicin,Susceptible
562.145707,cefotaxime,Resistant
562.145707,ciprofloxacin,Resistant
562.145707,gentamicin,Susceptible
562.145708,cefotaxime,Susceptible
562.145708,ciprofloxacin,Resistant
562.145708,gentamicin,Susceptible
562.145709,cefotaxime,Resistant
562.145709,ciprofloxacin,Resistant
562.145709,gentamicin,Susceptible
562.145711,cefotaxime,Susceptible
562.145711,ciprofloxacin,Susceptible
562.145711,gentamicin,Susceptible
562.145712,cefotaxime,Susceptible
562.145712,ciprofloxacin,Susceptible
562.145712,gentamicin,Susceptible
562.145716,cefotaxime,Susceptible
562.145716,ciprofloxacin,Susceptible
562.145716,gentamicin,Susceptible
562.145717,cefotaxime,Susceptible
562.145717,ciprofloxacin,Susceptible
562.145717,gentamicin,Susceptible
562.145718,cefotaxime,Susceptible
562.145718,ciprofloxacin,Susceptible
562.145718,gentamicin,Susceptible
562.145719,cefotaxime,Susceptible
562.145719,ciprofloxacin,Resistant
562.145719,gentamicin,Susceptible
562.145721,cefotaxime,Resistant
562.145721,ciprofloxacin,Resistant
562.145721,gentamicin,Susceptible
562.145722,cefotaxime,Susceptible
562.145722,ciprofloxacin,Resistant
562.145722,gentamicin,Susceptible
562.145723,cefotaxime,Resistant
562.145723,ciprofloxacin,Resistant
562.145723,gentamicin,Resistant
562.145724,cefotaxime,Susceptible
562.145724,ciprofloxacin,Resistant
562.145724,gentamicin,Resistant
562.145725,cefotaxime,Resistant
562.145725,ciprofloxacin,Resistant
562.145725,gentamicin,Susceptible
562.145726,cefotaxime,Susceptible
562.145726,ciprofloxacin,Susceptible
562.145726,gentamicin,Susceptible
562.145727,cefotaxime,Susceptible
562.145727,ciprofloxacin,Resistant
562.145727,gentamicin,Susceptible
562.145728,cefotaxime,Susceptible
562.145728,ciprofloxacin,Resistant
562.145728,gentamicin,Susceptible
562.145729,cefotaxime,Susceptible
562.145729,ciprofloxacin,Resistant
562.145729,gentamicin,Susceptible
562.145730,cefotaxime,Susceptible
562.145730,ciprofloxacin,Susceptible
562.145730,gentamicin,Susceptible
562.145731,cefotaxime,Susceptible
562.145731,ciprofloxacin,Resistant
562.145731,gentamicin,Susceptible
562.145732,cefotaxime,Resistant
562.145732,ciprofloxacin,Susceptible
562.145732,gentamicin,Susceptible
562.145733,cefotaxime,Resistant
562.145733,ciprofloxacin,Resistant
562.145733,gentamicin,Resistant
562.145739,cefotaxime,Resistant
562.145739,ciprofloxacin,Resistant
562.145739,gentamicin,Resistant
562.145740,cefotaxime,Resistant
562.145740,ciprofloxacin,Resistant
562.145740,gentamicin,Susceptible
562.145740,trimethoprim/sulfamethoxazole,Resistant
562.145741,cefotaxime,Resistant
562.145741,ciprofloxacin,Resistant
562.145741,gentamicin,Susceptible
562.145741,trimethoprim/sulfamethoxazole,Resistant
562.145742,cefotaxime,Resistant
562.145742,ciprofloxacin,Resistant
562.145742,gentamicin,Susceptible
562.145742,trimethoprim/sulfamethoxazole,Resistant
562.145743,cefotaxime,Resistant
562.145743,ciprofloxacin,Resistant
562.145743,gentamicin,Susceptible
562.145744,cefotaxime,Resistant
562.145744,ciprofloxacin,Resistant
562.145744,gentamicin,Resistant
562.145745,cefotaxime,Resistant
562.145745,ciprofloxacin,Resistant
562.145745,gentamicin,Susceptible
562.145746,cefotaxime,Resistant
562.145746,ciprofloxacin,Resistant
562.145746,gentamicin,Resistant
562.145747,cefotaxime,Susceptible
562.145747,ciprofloxacin,Susceptible
562.145747,gentamicin,Susceptible
562.145748,cefotaxime,Resistant
562.145748,ciprofloxacin,Resistant
562.145748,gentamicin,Resistant
562.145749,cefotaxime,Resistant
562.145749,ciprofloxacin,Resistant
562.145749,gentamicin,Resistant
562.145749,trimethoprim/sulfamethoxazole,Resistant
562.145750,cefotaxime,Susceptible
562.145750,ciprofloxacin,Susceptible
562.145750,gentamicin,Susceptible
562.145751,cefotaxime,Resistant
562.145751,ciprofloxacin,Resistant
562.145751,gentamicin,Susceptible
562.145752,cefotaxime,Susceptible
562.145752,ciprofloxacin,Susceptible
562.145752,gentamicin,Susceptible
562.145753,cefotaxime,Resistant
562.145753,ciprofloxacin,Resistant
562.145753,gentamicin,Susceptible
562.145753,trimethoprim/sulfamethoxazole,Resistant
562.145755,cefotaxime,Susceptible
562.145755,ciprofloxacin,Resistant
562.145755,gentamicin,Susceptible
562.145756,cefotaxime,Resistant
562.145756,ciprofloxacin,Resistant
562.145756,gentamicin,Susceptible
562.145756,trimethoprim/sulfamethoxazole,Resistant
562.145757,cefotaxime,Resistant
562.145757,ciprofloxacin,Resistant
562.145757,gentamicin,Resistant
562.145757,trimethoprim/sulfamethoxazole,Resistant
562.145758,cefotaxime,Resistant
562.145758,ciprofloxacin,Resistant
562.145758,gentamicin,Resistant
562.145758,trimethoprim/sulfamethoxazole,Resistant
562.145759,cefotaxime,Resistant
562.145759,ciprofloxacin,Resistant
562.145759,gentamicin,Resistant
562.145760,cefotaxime,Resistant
562.145760,ciprofloxacin,Resistant
562.145760,gentamicin,Resistant
562.145760,trimethoprim/sulfamethoxazole,Resistant
562.145761,cefotaxime,Resistant
562.145761,ciprofloxacin,Resistant
562.145761,gentamicin,Resistant
562.145761,trimethoprim/sulfamethoxazole,Resistant
562.145762,cefotaxime,Resistant
562.145762,ciprofloxacin,Resistant
562.145762,gentamicin,Susceptible
562.145763,cefotaxime,Resistant
562.145763,ciprofloxacin,Resistant
562.145763,gentamicin,Susceptible
562.145763,trimethoprim/sulfamethoxazole,Resistant
562.145764,cefotaxime,Susceptible
562.145764,ciprofloxacin,Susceptible
562.145764,gentamicin,Susceptible
562.145765,cefotaxime,Resistant
562.145765,ciprofloxacin,Resistant
562.145765,gentamicin,Susceptible
562.145765,trimethoprim/sulfamethoxazole,Resistant
562.145766,cefotaxime,Resistant
562.145766,ciprofloxacin,Susceptible
562.145766,gentamicin,Susceptible
562.145767,cefotaxime,Resistant
562.145767,ciprofloxacin,Resistant
562.145767,gentamicin,Susceptible
562.145767,trimethoprim/sulfamethoxazole,Resistant
562.145768,cefotaxime,Resistant
562.145768,ciprofloxacin,Resistant
562.145768,gentamicin,Resistant
562.145768,trimethoprim/sulfamethoxazole,Resistant
562.145769,cefotaxime,Resistant
562.145769,ciprofloxacin,Resistant
562.145769,gentamicin,Susceptible
562.145769,trimethoprim/sulfamethoxazole,Resistant
562.145770,cefotaxime,Resistant
562.145770,ciprofloxacin,Resistant
562.145770,gentamicin,Susceptible
562.145770,trimethoprim/sulfamethoxazole,Resistant
562.145771,cefotaxime,Resistant
562.145771,ciprofloxacin,Susceptible
562.145771,gentamicin,Resistant
562.145772,cefotaxime,Resistant
562.145772,ciprofloxacin,Resistant
562.145772,gentamicin,Resistant
562.145773,cefotaxime,Resistant
562.145773,ciprofloxacin,Resistant
562.145773,gentamicin,Susceptible
562.145773,trimethoprim/sulfamethoxazole,Resistant
562.145774,cefotaxime,Resistant
562.145774,ciprofloxacin,Resistant
562.145774,gentamicin,Susceptible
562.145774,trimethoprim/sulfamethoxazole,Resistant
562.145775,cefotaxime,Resistant
562.145775,ciprofloxacin,Resistant
562.145775,gentamicin,Susceptible
562.145776,cefotaxime,Resistant
562.145776,ciprofloxacin,Resistant
562.145776,gentamicin,Resistant
562.145777,cefotaxime,Resistant
562.145777,ciprofloxacin,Resistant
562.145777,gentamicin,Susceptible
562.145778,cefotaxime,Resistant
562.145778,ciprofloxacin,Susceptible
562.145778,gentamicin,Resistant
562.145779,cefotaxime,Resistant
562.145779,ciprofloxacin,Resistant
562.145779,gentamicin,Susceptible
562.145779,trimethoprim/sulfamethoxazole,Resistant
562.145780,cefotaxime,Resistant
562.145780,ciprofloxacin,Resistant
562.145780,gentamicin,Susceptible
562.145780,trimethoprim/sulfamethoxazole,Resistant
562.145781,cefotaxime,Resistant
562.145781,ciprofloxacin,Resistant
562.145781,gentamicin,Susceptible
562.145781,trimethoprim/sulfamethoxazole,Resistant
562.145782,cefotaxime,Resistant
562.145782,ciprofloxacin,Resistant
562.145782,gentamicin,Susceptible
562.145783,cefotaxime,Resistant
562.145783,ciprofloxacin,Resistant
562.145783,gentamicin,Susceptible
562.145784,cefotaxime,Resistant
562.145784,ciprofloxacin,Resistant
562.145784,gentamicin,Resistant
562.145784,trimethoprim/sulfamethoxazole,Resistant
562.145785,cefotaxime,Resistant
562.145785,ciprofloxacin,Resistant
562.145785,gentamicin,Susceptible
562.145785,trimethoprim/sulfamethoxazole,Resistant
562.145787,cefotaxime,Resistant
562.145787,ciprofloxacin,Resistant
562.145787,gentamicin,Resistant
562.145793,cefotaxime,Resistant
562.145793,ciprofloxacin,Resistant
562.145793,gentamicin,Resistant
562.145797,cefotaxime,Susceptible
562.145797,ciprofloxacin,Susceptible
562.145797,gentamicin,Susceptible
562.145802,cefotaxime,Resistant
562.145802,ciprofloxacin,Resistant
562.145802,gentamicin,Susceptible
562.145802,trimethoprim/sulfamethoxazole,Resistant
562.145803,cefotaxime,Resistant
562.145803,ciprofloxacin,Resistant
562.145803,gentamicin,Resistant
562.145803,trimethoprim/sulfamethoxazole,Resistant
562.145806,cefotaxime,Resistant
562.145806,ciprofloxacin,Resistant
562.145806,gentamicin,Susceptible
562.145809,cefotaxime,Resistant
562.145809,ciprofloxacin,Resistant
562.145809,gentamicin,Susceptible
562.145810,cefotaxime,Susceptible
562.145810,ciprofloxacin,Resistant
562.145810,gentamicin,Susceptible
562.145811,cefotaxime,Resistant
562.145811,ciprofloxacin,Resistant
562.145811,gentamicin,Susceptible
562.145813,cefotaxime,Susceptible
562.145813,ciprofloxacin,Susceptible
562.145813,gentamicin,Susceptible
562.145814,cefotaxime,Susceptible
562.145814,ciprofloxacin,Susceptible
562.145814,gentamicin,Susceptible
562.19177,cefotaxime,Resistant
562.19178,cefotaxime,Resistant
562.19179,cefotaxime,Resistant
562.19180,cefotaxime,Resistant
562.19181,cefotaxime,Resistant
562.19182,cefotaxime,Resistant
562.19183,cefotaxime,Resistant
562.19184,cefotaxime,Resistant
562.19185,cefotaxime,Resistant
562.19186,cefotaxime,Resistant
562.19187,cefotaxime,Resistant
562.19188,cefotaxime,Resistant
562.19189,cefotaxime,Resistant
562.19190,cefotaxime,Resistant
562.19191,cefotaxime,Resistant
562.19194,ampicillin,Resistant
562.19194,cefotaxime,Resistant
562.19194,ciprofloxacin,Susceptible
562.19194,gentamicin,Resistant
562.19194,trimethoprim/sulfamethoxazole,Susceptible
562.19195,ampicillin,Resistant
562.19195,cefotaxime,Resistant
562.19195,ciprofloxacin,Susceptible
562.19195,gentamicin,Resistant
562.19195,trimethoprim/sulfamethoxazole,Susceptible
562.19196,ampicillin,Resistant
562.19196,cefotaxime,Resistant
562.19196,ciprofloxacin,Susceptible
562.19196,gentamicin,Susceptible
562.19196,trimethoprim/sulfamethoxazole,Susceptible
562.19197,ampicillin,Resistant
562.19197,cefotaxime,Resistant
562.19197,ciprofloxacin,Susceptible
562.19197,gentamicin,Resistant
562.19197,trimethoprim/sulfamethoxazole,Resistant
562.19198,ampicillin,Resistant
562.19198,cefotaxime,Resistant
562.19198,ciprofloxacin,Susceptible
562.19198,gentamicin,Susceptible
562.19198,trimethoprim/sulfamethoxazole,Susceptible
562.19199,ampicillin,Resistant
562.19199,cefotaxime,Resistant
562.19199,gentamicin,Resistant
562.19199,trimethoprim/sulfamethoxazole,Resistant
562.19200,ampicillin,Resistant
562.19200,cefotaxime,Resistant
562.19200,ciprofloxacin,Susceptible
562.19200,gentamicin,Susceptible
562.19200,trimethoprim/sulfamethoxazole,Susceptible
562.19201,ampicillin,Resistant
562.19201,cefotaxime,Resistant
562.19201,ciprofloxacin,Susceptible
562.19201,gentamicin,Susceptible
562.19201,trimethoprim/sulfamethoxazole,Resistant
562.21897,ampicillin,Resistant
562.21897,cefotaxime,Resistant
562.21897,ciprofloxacin,Susceptible
562.21897,gentamicin,Susceptible
562.21897,trimethoprim/sulfamethoxazole,Susceptible
562.21898,ampicillin,Resistant
562.21898,cefotaxime,Resistant
562.21898,ciprofloxacin,Susceptible
562.21898,gentamicin,Susceptible
562.21898,trimethoprim/sulfamethoxazole,Susceptible
562.21899,ampicillin,Resistant
562.21899,cefotaxime,Resistant
562.21899,ciprofloxacin,Susceptible
562.21899,gentamicin,Susceptible
562.21899,trimethoprim/sulfamethoxazole,Resistant
562.22828,gentamicin,Susceptible
562.22829,gentamicin,Susceptible
562.22830,gentamicin,Susceptible
562.22831,gentamicin,Susceptible
562.22832,gentamicin,Susceptible
562.22833,gentamicin,Susceptible
562.22834,gentamicin,Susceptible
562.22835,gentamicin,Susceptible
562.22836,gentamicin,Susceptible
562.22837,gentamicin,Susceptible
562.22838,gentamicin,Susceptible
562.22839,gentamicin,Susceptible
562.22840,gentamicin,Susceptible
562.22841,gentamicin,Susceptible
562.22842,gentamicin,Susceptible
562.22843,gentamicin,Susceptible
562.22844,gentamicin,Susceptible
562.22845,gentamicin,Susceptible
562.22846,gentamicin,Susceptible
562.22847,gentamicin,Susceptible
562.22848,gentamicin,Susceptible
562.22849,gentamicin,Susceptible
562.22850,gentamicin,Susceptible
562.22851,gentamicin,Susceptible
562.22852,gentamicin,Susceptible
562.22853,gentamicin,Susceptible
562.22854,gentamicin,Resistant
562.22855,gentamicin,Susceptible
562.22856,gentamicin,Susceptible
562.22857,gentamicin,Susceptible
562.22858,gentamicin,Susceptible
562.22859,gentamicin,Susceptible
562.22860,gentamicin,Susceptible
562.22861,gentamicin,Susceptible
562.22862,gentamicin,Susceptible
562.22863,gentamicin,Susceptible
562.22864,gentamicin,Susceptible
562.22865,gentamicin,Resistant
562.22866,gentamicin,Susceptible
562.22867,gentamicin,Resistant
562.22868,gentamicin,Resistant
562.22869,gentamicin,Susceptible
562.22870,gentamicin,Susceptible
562.22871,gentamicin,Susceptible
562.22881,gentamicin,Susceptible
562.22882,gentamicin,Susceptible
562.22883,gentamicin,Susceptible
562.22884,gentamicin,Susceptible
562.22885,gentamicin,Susceptible
562.22886,gentamicin,Susceptible
562.22887,gentamicin,Resistant
562.22888,gentamicin,Susceptible
562.22889,gentamicin,Susceptible
562.22890,gentamicin,Susceptible
562.22891,gentamicin,Susceptible
562.22892,gentamicin,Resistant
562.22893,gentamicin,Susceptible
562.22894,gentamicin,Susceptible
562.22895,gentamicin,Susceptible
562.22896,gentamicin,Susceptible
562.22897,gentamicin,Susceptible
562.22898,gentamicin,Susceptible
562.22899,gentamicin,Susceptible
562.22900,gentamicin,Susceptible
562.22901,gentamicin,Susceptible
562.22902,gentamicin,Susceptible
562.22903,gentamicin,Susceptible
562.22904,gentamicin,Susceptible
562.22905,gentamicin,Susceptible
562.22906,gentamicin,Susceptible
562.22907,gentamicin,Susceptible
562.22908,gentamicin,Susceptible
562.22909,cefotaxime,Susceptible
562.22909,gentamicin,Susceptible
562.22910,cefotaxime,Susceptible
562.22910,gentamicin,Susceptible
562.22911,cefotaxime,Susceptible
562.22911,gentamicin,Susceptible
562.22912,cefotaxime,Susceptible
562.22912,gentamicin,Susceptible
562.22913,cefotaxime,Susceptible
562.22913,gentamicin,Susceptible
562.22914,cefotaxime,Susceptible
562.22914,gentamicin,Susceptible
562.22915,cefotaxime,Susceptible
562.22915,gentamicin,Susceptible
562.22916,cefotaxime,Susceptible
562.22916,gentamicin,Susceptible
562.22917,cefotaxime,Susceptible
562.22917,gentamicin,Susceptible
562.22918,cefotaxime,Susceptible
562.22918,gentamicin,Resistant
562.22919,cefotaxime,Susceptible
562.22919,gentamicin,Susceptible
562.22920,cefotaxime,Susceptible
562.22920,gentamicin,Susceptible
562.22921,cefotaxime,Susceptible
562.22921,gentamicin,Susceptible
562.22922,cefotaxime,Susceptible
562.22922,gentamicin,Susceptible
562.22923,cefotaxime,Susceptible
562.22923,gentamicin,Resistant
562.22924,cefotaxime,Susceptible
562.22924,gentamicin,Susceptible
562.22925,cefotaxime,Susceptible
562.22925,gentamicin,Susceptible
562.22926,cefotaxime,Susceptible
562.22926,gentamicin,Susceptible
562.22927,cefotaxime,Susceptible
562.22927,gentamicin,Susceptible
562.22928,cefotaxime,Susceptible
562.22928,gentamicin,Susceptible
562.22929,cefotaxime,Susceptible
562.22929,gentamicin,Susceptible
562.22930,cefotaxime,Susceptible
562.22930,gentamicin,Susceptible
562.22931,cefotaxime,Susceptible
562.22931,gentamicin,Susceptible
562.22932,cefotaxime,Susceptible
562.22932,gentamicin,Susceptible
562.22933,cefotaxime,Susceptible
562.22933,gentamicin,Susceptible
562.22934,cefotaxime,Susceptible
562.22934,gentamicin,Susceptible
562.22935,cefotaxime,Susceptible
562.22935,gentamicin,Susceptible
562.22936,cefotaxime,Susceptible
562.22936,gentamicin,Susceptible
562.22937,cefotaxime,Susceptible
562.22937,gentamicin,Susceptible
562.22938,cefotaxime,Susceptible
562.22938,gentamicin,Susceptible
562.22939,cefotaxime,Susceptible
562.22939,gentamicin,Susceptible
562.22940,cefotaxime,Susceptible
562.22940,gentamicin,Susceptible
562.22941,cefotaxime,Susceptible
562.22941,gentamicin,Susceptible
562.22942,cefotaxime,Susceptible
562.22942,gentamicin,Susceptible
562.22943,cefotaxime,Susceptible
562.22943,gentamicin,Susceptible
562.22944,cefotaxime,Susceptible
562.22944,gentamicin,Susceptible
562.22945,cefotaxime,Susceptible
562.22945,gentamicin,Susceptible
562.22946,cefotaxime,Susceptible
562.22946,gentamicin,Susceptible
562.22947,cefotaxime,Susceptible
562.22947,gentamicin,Susceptible
562.22948,cefotaxime,Susceptible
562.22948,gentamicin,Susceptible
562.22949,cefotaxime,Susceptible
562.22949,gentamicin,Susceptible
562.22950,cefotaxime,Susceptible
562.22950,gentamicin,Susceptible
562.22951,cefotaxime,Susceptible
562.22951,gentamicin,Susceptible
562.22952,cefotaxime,Susceptible
562.22952,gentamicin,Susceptible
562.22953,cefotaxime,Susceptible
562.22953,gentamicin,Susceptible
562.22954,cefotaxime,Susceptible
562.22954,gentamicin,Susceptible
562.22955,cefotaxime,Susceptible
562.22955,gentamicin,Susceptible
562.22956,cefotaxime,Susceptible
562.22956,gentamicin,Susceptible
562.22957,cefotaxime,Susceptible
562.22957,gentamicin,Susceptible
562.22958,cefotaxime,Susceptible
562.22958,gentamicin,Susceptible
562.22959,cefotaxime,Susceptible
562.22959,gentamicin,Susceptible
562.22960,cefotaxime,Susceptible
562.22960,gentamicin,Susceptible
562.22961,cefotaxime,Susceptible
562.22961,gentamicin,Susceptible
562.22962,cefotaxime,Susceptible
562.22962,gentamicin,Susceptible
562.22963,cefotaxime,Susceptible
562.22963,gentamicin,Resistant
562.22964,cefotaxime,Susceptible
562.22964,gentamicin,Susceptible
562.22965,cefotaxime,Susceptible
562.22965,gentamicin,Susceptible
562.22966,cefotaxime,Susceptible
562.22966,gentamicin,Susceptible
562.22967,cefotaxime,Susceptible
562.22967,gentamicin,Susceptible
562.22968,cefotaxime,Susceptible
562.22968,gentamicin,Susceptible
562.22969,cefotaxime,Susceptible
562.22969,gentamicin,Susceptible
562.22970,cefotaxime,Susceptible
562.22970,gentamicin,Susceptible
562.22971,cefotaxime,Susceptible
562.22971,gentamicin,Susceptible
562.22972,cefotaxime,Susceptible
562.22972,gentamicin,Susceptible
562.22973,cefotaxime,Susceptible
562.22973,gentamicin,Susceptible
562.22974,cefotaxime,Susceptible
562.22974,gentamicin,Susceptible
562.22975,cefotaxime,Susceptible
562.22975,gentamicin,Susceptible
562.22976,cefotaxime,Susceptible
562.22976,gentamicin,Susceptible
562.22977,cefotaxime,Susceptible
562.22977,gentamicin,Susceptible
562.22978,cefotaxime,Susceptible
562.22978,gentamicin,Susceptible
562.22979,cefotaxime,Susceptible
562.22979,gentamicin,Resistant
562.22980,cefotaxime,Susceptible
562.22980,gentamicin,Susceptible
562.22981,cefotaxime,Susceptible
562.22981,gentamicin,Susceptible
562.22982,cefotaxime,Susceptible
562.22982,gentamicin,Susceptible
562.22983,cefotaxime,Susceptible
562.22983,gentamicin,Susceptible
562.22984,gentamicin,Resistant
562.22985,cefotaxime,Susceptible
562.22985,gentamicin,Susceptible
562.22986,cefotaxime,Susceptible
562.22986,gentamicin,Susceptible
562.22987,cefotaxime,Susceptible
562.22987,gentamicin,Susceptible
562.22988,cefotaxime,Susceptible
562.22988,gentamicin,Susceptible
562.22989,cefotaxime,Susceptible
562.22989,gentamicin,Susceptible
562.22990,cefotaxime,Susceptible
562.22990,gentamicin,Susceptible
562.22991,cefotaxime,Susceptible
562.22991,gentamicin,Susceptible
562.22992,cefotaxime,Susceptible
562.22992,gentamicin,Susceptible
562.22993,cefotaxime,Susceptible
562.22993,gentamicin,Susceptible
562.22994,cefotaxime,Susceptible
562.22994,gentamicin,Susceptible
562.22995,cefotaxime,Susceptible
562.22995,gentamicin,Susceptible
562.22996,cefotaxime,Susceptible
562.22996,gentamicin,Susceptible
562.22997,cefotaxime,Susceptible
562.22997,gentamicin,Resistant
562.22998,cefotaxime,Susceptible
562.22998,gentamicin,Susceptible
562.22999,cefotaxime,Susceptible
562.22999,gentamicin,Susceptible
562.23000,cefotaxime,Susceptible
562.23000,gentamicin,Susceptible
562.23001,cefotaxime,Susceptible
562.23001,gentamicin,Susceptible
562.23002,cefotaxime,Susceptible
562.23002,gentamicin,Susceptible
562.23003,cefotaxime,Susceptible
562.23003,gentamicin,Susceptible
562.23004,cefotaxime,Susceptible
562.23004,gentamicin,Susceptible
562.23005,cefotaxime,Susceptible
562.23005,gentamicin,Susceptible
562.23006,cefotaxime,Susceptible
562.23006,gentamicin,Susceptible
562.23007,cefotaxime,Susceptible
562.23007,gentamicin,Susceptible
562.23008,cefotaxime,Susceptible
562.23008,gentamicin,Susceptible
562.23009,cefotaxime,Susceptible
562.23009,gentamicin,Susceptible
562.23010,cefotaxime,Susceptible
562.23010,gentamicin,Susceptible
562.23011,cefotaxime,Susceptible
562.23011,gentamicin,Resistant
562.23012,cefotaxime,Susceptible
562.23012,gentamicin,Susceptible
562.23013,cefotaxime,Susceptible
562.23013,gentamicin,Susceptible
562.23014,cefotaxime,Susceptible
562.23014,gentamicin,Susceptible
562.23015,cefotaxime,Susceptible
562.23015,gentamicin,Susceptible
562.23016,cefotaxime,Susceptible
562.23016,gentamicin,Susceptible
562.23017,cefotaxime,Susceptible
562.23017,gentamicin,Susceptible
562.23018,cefotaxime,Susceptible
562.23018,gentamicin,Susceptible
562.23019,cefotaxime,Susceptible
562.23019,gentamicin,Susceptible
562.23020,cefotaxime,Susceptible
562.23020,gentamicin,Susceptible
562.23021,cefotaxime,Susceptible
562.23021,gentamicin,Susceptible
562.23022,cefotaxime,Susceptible
562.23022,gentamicin,Susceptible
562.23023,cefotaxime,Susceptible
562.23023,gentamicin,Susceptible
562.23024,cefotaxime,Susceptible
562.23024,gentamicin,Resistant
562.23025,cefotaxime,Susceptible
562.23025,gentamicin,Susceptible
562.23026,cefotaxime,Susceptible
562.23026,gentamicin,Susceptible
562.23027,cefotaxime,Susceptible
562.23027,gentamicin,Susceptible
562.23028,cefotaxime,Susceptible
562.23028,gentamicin,Susceptible
562.23029,cefotaxime,Susceptible
562.23029,gentamicin,Susceptible
562.23030,cefotaxime,Susceptible
562.23030,gentamicin,Susceptible
562.23031,cefotaxime,Susceptible
562.23031,gentamicin,Susceptible
562.23032,cefotaxime,Susceptible
562.23032,gentamicin,Susceptible
562.23033,cefotaxime,Susceptible
562.23033,gentamicin,Susceptible
562.23034,cefotaxime,Susceptible
562.23034,gentamicin,Susceptible
562.23035,cefotaxime,Susceptible
562.23035,gentamicin,Susceptible
562.23036,cefotaxime,Susceptible
562.23036,gentamicin,Susceptible
562.23037,cefotaxime,Susceptible
562.23037,gentamicin,Susceptible
562.23038,cefotaxime,Susceptible
562.23038,gentamicin,Susceptible
562.23039,cefotaxime,Susceptible
562.23039,gentamicin,Susceptible
562.23040,cefotaxime,Susceptible
562.23040,gentamicin,Susceptible
562.23041,cefotaxime,Susceptible
562.23041,gentamicin,Susceptible
562.23042,cefotaxime,Susceptible
562.23042,gentamicin,Susceptible
562.23043,cefotaxime,Susceptible
562.23043,gentamicin,Susceptible
562.23044,cefotaxime,Susceptible
562.23044,gentamicin,Susceptible
562.23045,cefotaxime,Susceptible
562.23045,gentamicin,Susceptible
562.23046,gentamicin,Susceptible
562.23047,cefotaxime,Resistant
562.23047,gentamicin,Resistant
562.23048,cefotaxime,Susceptible
562.23048,gentamicin,Susceptible
562.23049,cefotaxime,Susceptible
562.23049,gentamicin,Susceptible
562.23050,cefotaxime,Susceptible
562.23050,gentamicin,Susceptible
562.23051,cefotaxime,Susceptible
562.23051,gentamicin,Susceptible
562.23052,cefotaxime,Susceptible
562.23052,gentamicin,Susceptible
562.23053,cefotaxime,Susceptible
562.23053,gentamicin,Susceptible
562.23054,cefotaxime,Susceptible
562.23054,gentamicin,Susceptible
562.23055,cefotaxime,Susceptible
562.23055,gentamicin,Susceptible
562.23056,cefotaxime,Susceptible
562.23056,gentamicin,Susceptible
562.23057,cefotaxime,Susceptible
562.23057,gentamicin,Susceptible
562.23058,cefotaxime,Susceptible
562.23058,gentamicin,Susceptible
562.23059,cefotaxime,Susceptible
562.23059,gentamicin,Susceptible
562.23060,cefotaxime,Susceptible
562.23060,gentamicin,Susceptible
562.23061,cefotaxime,Susceptible
562.23061,gentamicin,Susceptible
562.23062,cefotaxime,Susceptible
562.23062,gentamicin,Susceptible
562.23063,cefotaxime,Susceptible
562.23063,gentamicin,Susceptible
562.23064,cefotaxime,Susceptible
562.23064,gentamicin,Susceptible
562.23065,cefotaxime,Susceptible
562.23065,gentamicin,Susceptible
562.23066,cefotaxime,Susceptible
562.23066,gentamicin,Susceptible
562.23067,cefotaxime,Susceptible
562.23067,gentamicin,Susceptible
562.23068,cefotaxime,Susceptible
562.23068,gentamicin,Susceptible
562.23069,cefotaxime,Susceptible
562.23069,gentamicin,Susceptible
562.23070,cefotaxime,Susceptible
562.23070,gentamicin,Susceptible
562.23071,cefotaxime,Susceptible
562.23071,gentamicin,Susceptible
562.23072,cefotaxime,Susceptible
562.23072,gentamicin,Susceptible
562.23073,cefotaxime,Susceptible
562.23073,gentamicin,Susceptible
562.23074,cefotaxime,Susceptible
562.23074,gentamicin,Susceptible
562.23075,cefotaxime,Susceptible
562.23075,gentamicin,Susceptible
562.23076,cefotaxime,Resistant
562.23076,gentamicin,Susceptible
562.23077,cefotaxime,Susceptible
562.23077,gentamicin,Susceptible
562.23078,cefotaxime,Susceptible
562.23078,gentamicin,Susceptible
562.23079,cefotaxime,Susceptible
562.23079,gentamicin,Susceptible
562.23080,cefotaxime,Susceptible
562.23080,gentamicin,Susceptible
562.23081,cefotaxime,Susceptible
562.23081,gentamicin,Susceptible
562.23082,cefotaxime,Susceptible
562.23082,gentamicin,Susceptible
562.23083,cefotaxime,Susceptible
562.23083,gentamicin,Susceptible
562.23084,cefotaxime,Susceptible
562.23084,gentamicin,Susceptible
562.23085,cefotaxime,Susceptible
562.23085,gentamicin,Susceptible
562.23086,cefotaxime,Susceptible
562.23086,gentamicin,Susceptible
562.23087,cefotaxime,Susceptible
562.23087,gentamicin,Susceptible
562.23088,cefotaxime,Susceptible
562.23088,gentamicin,Susceptible
562.23089,cefotaxime,Susceptible
562.23089,gentamicin,Susceptible
562.23090,cefotaxime,Susceptible
562.23090,gentamicin,Susceptible
562.23091,cefotaxime,Susceptible
562.23091,gentamicin,Susceptible
562.23092,cefotaxime,Susceptible
562.23092,gentamicin,Susceptible
562.23093,cefotaxime,Susceptible
562.23093,gentamicin,Susceptible
562.23094,cefotaxime,Susceptible
562.23094,gentamicin,Susceptible
562.23095,cefotaxime,Susceptible
562.23095,gentamicin,Susceptible
562.23096,cefotaxime,Susceptible
562.23096,gentamicin,Resistant
562.23097,cefotaxime,Susceptible
562.23097,gentamicin,Susceptible
562.23098,cefotaxime,Susceptible
562.23098,gentamicin,Susceptible
562.23099,cefotaxime,Susceptible
562.23099,gentamicin,Susceptible
562.23100,cefotaxime,Susceptible
562.23100,gentamicin,Susceptible
562.23101,cefotaxime,Susceptible
562.23101,gentamicin,Susceptible
562.23102,cefotaxime,Susceptible
562.23102,ciprofloxacin,Susceptible
562.23102,gentamicin,Susceptible
562.23103,cefotaxime,Susceptible
562.23103,gentamicin,Susceptible
562.23104,cefotaxime,Susceptible
562.23104,gentamicin,Susceptible
562.23105,cefotaxime,Susceptible
562.23105,gentamicin,Susceptible
562.23106,cefotaxime,Susceptible
562.23106,gentamicin,Susceptible
562.23107,cefotaxime,Susceptible
562.23107,gentamicin,Susceptible
562.23108,cefotaxime,Susceptible
562.23108,gentamicin,Resistant
562.23109,cefotaxime,Susceptible
562.23109,gentamicin,Susceptible
562.23110,cefotaxime,Susceptible
562.23110,gentamicin,Susceptible
562.23111,cefotaxime,Susceptible
562.23111,gentamicin,Susceptible
562.23112,cefotaxime,Susceptible
562.23112,gentamicin,Susceptible
562.23113,cefotaxime,Susceptible
562.23113,gentamicin,Susceptible
562.23114,cefotaxime,Susceptible
562.23114,gentamicin,Susceptible
562.23115,cefotaxime,Susceptible
562.23115,gentamicin,Susceptible
562.23116,cefotaxime,Susceptible
562.23116,gentamicin,Susceptible
562.23117,cefotaxime,Susceptible
562.23117,gentamicin,Susceptible
562.23118,cefotaxime,Susceptible
562.23118,gentamicin,Susceptible
562.23119,cefotaxime,Susceptible
562.23119,gentamicin,Susceptible
562.23120,cefotaxime,Susceptible
562.23120,gentamicin,Susceptible
562.23121,cefotaxime,Susceptible
562.23121,gentamicin,Susceptible
562.23122,cefotaxime,Susceptible
562.23122,gentamicin,Susceptible
562.23123,cefotaxime,Susceptible
562.23123,gentamicin,Susceptible
562.23124,cefotaxime,Susceptible
562.23124,gentamicin,Susceptible
562.23125,cefotaxime,Susceptible
562.23125,gentamicin,Susceptible
562.23126,cefotaxime,Susceptible
562.23126,gentamicin,Susceptible
562.23127,cefotaxime,Susceptible
562.23127,gentamicin,Susceptible
562.23128,cefotaxime,Susceptible
562.23128,gentamicin,Susceptible
562.23129,cefotaxime,Susceptible
562.23129,gentamicin,Susceptible
562.23130,cefotaxime,Susceptible
562.23130,gentamicin,Susceptible
562.23131,gentamicin,Susceptible
562.23132,cefotaxime,Susceptible
562.23132,gentamicin,Susceptible
562.23133,cefotaxime,Susceptible
562.23133,gentamicin,Susceptible
562.23134,cefotaxime,Susceptible
562.23134,gentamicin,Susceptible
562.23135,gentamicin,Susceptible
562.23136,cefotaxime,Susceptible
562.23136,gentamicin,Susceptible
562.23137,cefotaxime,Susceptible
562.23137,gentamicin,Susceptible
562.23138,cefotaxime,Susceptible
562.23138,gentamicin,Susceptible
562.23139,cefotaxime,Susceptible
562.23139,gentamicin,Susceptible
562.23140,cefotaxime,Susceptible
562.23140,gentamicin,Susceptible
562.23141,gentamicin,Resistant
562.23142,cefotaxime,Susceptible
562.23142,ciprofloxacin,Susceptible
562.23142,gentamicin,Susceptible
562.23143,cefotaxime,Susceptible
562.23143,gentamicin,Susceptible
562.23144,cefotaxime,Resistant
562.23144,gentamicin,Susceptible
562.23145,cefotaxime,Susceptible
562.23145,gentamicin,Susceptible
562.23146,cefotaxime,Susceptible
562.23146,gentamicin,Susceptible
562.23147,cefotaxime,Susceptible
562.23147,gentamicin,Susceptible
562.23148,cefotaxime,Susceptible
562.23148,gentamicin,Susceptible
562.23149,cefotaxime,Susceptible
562.23149,gentamicin,Susceptible
562.23150,cefotaxime,Susceptible
562.23150,gentamicin,Susceptible
562.23151,cefotaxime,Susceptible
562.23151,gentamicin,Susceptible
562.23152,gentamicin,Susceptible
562.23153,cefotaxime,Susceptible
562.23153,gentamicin,Susceptible
562.23154,cefotaxime,Susceptible
562.23154,gentamicin,Susceptible
562.23155,cefotaxime,Susceptible
562.23155,gentamicin,Susceptible
562.23156,cefotaxime,Susceptible
562.23156,gentamicin,Susceptible
562.23157,cefotaxime,Susceptible
562.23157,gentamicin,Susceptible
562.23158,cefotaxime,Susceptible
562.23158,gentamicin,Resistant
562.23159,cefotaxime,Susceptible
562.23159,gentamicin,Susceptible
562.23160,cefotaxime,Susceptible
562.23160,gentamicin,Susceptible
562.23161,cefotaxime,Susceptible
562.23161,gentamicin,Susceptible
562.23162,cefotaxime,Susceptible
562.23162,gentamicin,Susceptible
562.23163,cefotaxime,Susceptible
562.23163,gentamicin,Susceptible
562.23164,cefotaxime,Susceptible
562.23164,gentamicin,Susceptible
562.23165,cefotaxime,Susceptible
562.23165,gentamicin,Susceptible
562.23166,cefotaxime,Susceptible
562.23166,gentamicin,Susceptible
562.23167,cefotaxime,Susceptible
562.23167,gentamicin,Susceptible
562.23168,cefotaxime,Susceptible
562.23168,gentamicin,Susceptible
562.23169,cefotaxime,Susceptible
562.23169,gentamicin,Susceptible
562.23170,cefotaxime,Susceptible
562.23170,gentamicin,Susceptible
562.23171,cefotaxime,Susceptible
562.23171,gentamicin,Susceptible
562.23172,cefotaxime,Resistant
562.23172,gentamicin,Resistant
562.23173,cefotaxime,Susceptible
562.23173,gentamicin,Susceptible
562.23174,cefotaxime,Susceptible
562.23174,gentamicin,Susceptible
562.23175,cefotaxime,Susceptible
562.23175,gentamicin,Susceptible
562.23176,cefotaxime,Susceptible
562.23176,gentamicin,Susceptible
562.23177,cefotaxime,Susceptible
562.23177,gentamicin,Susceptible
562.23178,cefotaxime,Susceptible
562.23178,gentamicin,Susceptible
562.23179,cefotaxime,Susceptible
562.23179,gentamicin,Susceptible
562.23180,cefotaxime,Susceptible
562.23180,gentamicin,Susceptible
562.23181,cefotaxime,Resistant
562.23181,gentamicin,Susceptible
562.23182,cefotaxime,Susceptible
562.23182,gentamicin,Susceptible
562.23183,cefotaxime,Susceptible
562.23183,gentamicin,Susceptible
562.23184,cefotaxime,Susceptible
562.23184,gentamicin,Susceptible
562.23185,cefotaxime,Susceptible
562.23185,gentamicin,Susceptible
562.23186,cefotaxime,Susceptible
562.23186,gentamicin,Susceptible
562.23187,cefotaxime,Susceptible
562.23187,gentamicin,Susceptible
562.23188,cefotaxime,Susceptible
562.23188,gentamicin,Susceptible
562.23189,cefotaxime,Resistant
562.23189,gentamicin,Susceptible
562.23190,cefotaxime,Susceptible
562.23190,gentamicin,Susceptible
562.23191,cefotaxime,Susceptible
562.23191,gentamicin,Susceptible
562.23192,cefotaxime,Susceptible
562.23192,gentamicin,Susceptible
562.23193,cefotaxime,Susceptible
562.23193,gentamicin,Susceptible
562.23194,cefotaxime,Resistant
562.23194,gentamicin,Susceptible
562.23195,cefotaxime,Resistant
562.23195,ciprofloxacin,Resistant
562.23195,gentamicin,Susceptible
562.23196,cefotaxime,Susceptible
562.23196,gentamicin,Susceptible
562.23197,cefotaxime,Susceptible
562.23197,gentamicin,Susceptible
562.23198,cefotaxime,Susceptible
562.23198,gentamicin,Susceptible
562.23199,cefotaxime,Susceptible
562.23199,gentamicin,Susceptible
562.23200,cefotaxime,Susceptible
562.23200,gentamicin,Susceptible
562.23201,cefotaxime,Susceptible
562.23201,gentamicin,Susceptible
562.23202,cefotaxime,Susceptible
562.23202,gentamicin,Susceptible
562.23203,cefotaxime,Susceptible
562.23203,gentamicin,Susceptible
562.23204,cefotaxime,Susceptible
562.23204,gentamicin,Susceptible
562.23205,cefotaxime,Susceptible
562.23205,gentamicin,Susceptible
562.23206,cefotaxime,Susceptible
562.23206,gentamicin,Susceptible
562.23207,cefotaxime,Susceptible
562.23207,gentamicin,Susceptible
562.23208,cefotaxime,Susceptible
562.23208,gentamicin,Susceptible
562.23209,cefotaxime,Susceptible
562.23209,gentamicin,Susceptible
562.23210,cefotaxime,Susceptible
562.23210,gentamicin,Susceptible
562.23211,cefotaxime,Susceptible
562.23211,gentamicin,Susceptible
562.23212,cefotaxime,Resistant
562.23212,gentamicin,Resistant
562.23213,cefotaxime,Susceptible
562.23213,gentamicin,Susceptible
562.23214,cefotaxime,Susceptible
562.23214,gentamicin,Susceptible
562.23215,cefotaxime,Susceptible
562.23215,gentamicin,Susceptible
562.23216,cefotaxime,Susceptible
562.23216,gentamicin,Susceptible
562.23217,cefotaxime,Susceptible
562.23217,gentamicin,Susceptible
562.23218,cefotaxime,Susceptible
562.23218,gentamicin,Susceptible
562.23219,cefotaxime,Susceptible
562.23219,gentamicin,Susceptible
562.23220,cefotaxime,Susceptible
562.23220,gentamicin,Susceptible
562.23221,cefotaxime,Susceptible
562.23221,ciprofloxacin,Susceptible
562.23221,gentamicin,Susceptible
562.23222,cefotaxime,Susceptible
562.23222,gentamicin,Susceptible
562.23223,cefotaxime,Susceptible
562.23223,gentamicin,Susceptible
562.23224,cefotaxime,Susceptible
562.23224,gentamicin,Susceptible
562.23225,cefotaxime,Susceptible
562.23225,gentamicin,Susceptible
562.23226,cefotaxime,Resistant
562.23226,gentamicin,Resistant
562.23227,cefotaxime,Susceptible
562.23227,gentamicin,Susceptible
562.23228,cefotaxime,Susceptible
562.23228,gentamicin,Susceptible
562.23229,cefotaxime,Resistant
562.23229,gentamicin,Susceptible
562.23230,cefotaxime,Susceptible
562.23230,gentamicin,Susceptible
562.23231,cefotaxime,Susceptible
562.23231,gentamicin,Resistant
562.23232,cefotaxime,Susceptible
562.23232,gentamicin,Susceptible
562.23233,cefotaxime,Susceptible
562.23233,gentamicin,Susceptible
562.23234,cefotaxime,Susceptible
562.23234,gentamicin,Susceptible
562.23235,cefotaxime,Susceptible
562.23235,gentamicin,Susceptible
562.23236,cefotaxime,Susceptible
562.23236,gentamicin,Susceptible
562.23237,cefotaxime,Susceptible
562.23237,gentamicin,Susceptible
562.23238,cefotaxime,Susceptible
562.23238,gentamicin,Susceptible
562.23239,cefotaxime,Susceptible
562.23239,gentamicin,Resistant
562.23240,cefotaxime,Susceptible
562.23240,gentamicin,Resistant
562.23241,cefotaxime,Susceptible
562.23241,gentamicin,Susceptible
562.23242,cefotaxime,Susceptible
562.23242,gentamicin,Susceptible
562.23243,cefotaxime,Susceptible
562.23243,gentamicin,Susceptible
562.23244,cefotaxime,Susceptible
562.23244,gentamicin,Susceptible
562.23245,cefotaxime,Susceptible
562.23245,gentamicin,Susceptible
562.23246,cefotaxime,Susceptible
562.23246,gentamicin,Resistant
562.23247,cefotaxime,Susceptible
562.23247,gentamicin,Susceptible
562.23248,cefotaxime,Susceptible
562.23248,gentamicin,Susceptible
562.23249,cefotaxime,Susceptible
562.23249,gentamicin,Susceptible
562.23250,cefotaxime,Susceptible
562.23250,gentamicin,Susceptible
562.23251,cefotaxime,Susceptible
562.23251,gentamicin,Susceptible
562.23252,cefotaxime,Susceptible
562.23252,gentamicin,Susceptible
562.23253,cefotaxime,Susceptible
562.23253,gentamicin,Susceptible
562.23254,cefotaxime,Susceptible
562.23254,gentamicin,Susceptible
562.23255,cefotaxime,Susceptible
562.23255,gentamicin,Susceptible
562.23256,cefotaxime,Susceptible
562.23256,gentamicin,Susceptible
562.23257,cefotaxime,Susceptible
562.23257,gentamicin,Susceptible
562.23258,cefotaxime,Susceptible
562.23258,gentamicin,Susceptible
562.23259,cefotaxime,Susceptible
562.23259,gentamicin,Susceptible
562.23260,cefotaxime,Susceptible
562.23260,gentamicin,Susceptible
562.23261,cefotaxime,Susceptible
562.23261,gentamicin,Susceptible
562.23262,cefotaxime,Susceptible
562.23262,gentamicin,Susceptible
562.23263,cefotaxime,Susceptible
562.23263,gentamicin,Susceptible
562.23264,cefotaxime,Susceptible
562.23264,gentamicin,Susceptible
562.23265,cefotaxime,Susceptible
562.23265,gentamicin,Susceptible
562.23266,cefotaxime,Susceptible
562.23266,gentamicin,Susceptible
562.23267,cefotaxime,Susceptible
562.23267,gentamicin,Susceptible
562.23268,cefotaxime,Susceptible
562.23268,gentamicin,Susceptible
562.23269,cefotaxime,Susceptible
562.23269,gentamicin,Susceptible
562.23270,cefotaxime,Susceptible
562.23270,gentamicin,Susceptible
562.23271,cefotaxime,Susceptible
562.23271,gentamicin,Susceptible
562.23272,cefotaxime,Susceptible
562.23272,gentamicin,Susceptible
562.23273,cefotaxime,Resistant
562.23273,gentamicin,Susceptible
562.23274,cefotaxime,Susceptible
562.23274,gentamicin,Susceptible
562.23275,cefotaxime,Susceptible
562.23275,gentamicin,Susceptible
562.23276,cefotaxime,Susceptible
562.23276,gentamicin,Susceptible
562.23277,cefotaxime,Susceptible
562.23277,gentamicin,Susceptible
562.23278,cefotaxime,Susceptible
562.23278,gentamicin,Susceptible
562.23279,cefotaxime,Susceptible
562.23279,gentamicin,Susceptible
562.23280,cefotaxime,Susceptible
562.23280,gentamicin,Susceptible
562.23281,cefotaxime,Susceptible
562.23281,gentamicin,Susceptible
562.23282,cefotaxime,Susceptible
562.23282,gentamicin,Susceptible
562.23283,cefotaxime,Susceptible
562.23283,gentamicin,Susceptible
562.23284,cefotaxime,Resistant
562.23284,gentamicin,Resistant
562.23285,cefotaxime,Susceptible
562.23285,gentamicin,Susceptible
562.23286,cefotaxime,Resistant
562.23286,gentamicin,Resistant
562.23287,cefotaxime,Susceptible
562.23287,gentamicin,Susceptible
562.23288,cefotaxime,Susceptible
562.23288,gentamicin,Susceptible
562.23289,cefotaxime,Susceptible
562.23289,gentamicin,Susceptible
562.23290,cefotaxime,Susceptible
562.23290,gentamicin,Susceptible
562.23291,cefotaxime,Susceptible
562.23291,gentamicin,Susceptible
562.23292,cefotaxime,Susceptible
562.23292,gentamicin,Susceptible
562.23293,cefotaxime,Resistant
562.23293,gentamicin,Susceptible
562.23294,cefotaxime,Resistant
562.23294,gentamicin,Susceptible
562.23295,cefotaxime,Resistant
562.23295,gentamicin,Susceptible
562.23296,cefotaxime,Susceptible
562.23296,gentamicin,Susceptible
562.23297,cefotaxime,Susceptible
562.23297,gentamicin,Susceptible
562.23298,cefotaxime,Susceptible
562.23298,gentamicin,Susceptible
562.23299,cefotaxime,Susceptible
562.23299,gentamicin,Susceptible
562.23300,cefotaxime,Susceptible
562.23300,gentamicin,Susceptible
562.23301,cefotaxime,Susceptible
562.23301,gentamicin,Susceptible
562.23302,cefotaxime,Susceptible
562.23302,gentamicin,Susceptible
562.23303,cefotaxime,Susceptible
562.23303,gentamicin,Susceptible
562.23304,cefotaxime,Susceptible
562.23304,gentamicin,Susceptible
562.23305,cefotaxime,Susceptible
562.23305,gentamicin,Resistant
562.23306,cefotaxime,Resistant
562.23306,gentamicin,Susceptible
562.23307,cefotaxime,Susceptible
562.23307,gentamicin,Resistant
562.23308,cefotaxime,Susceptible
562.23308,gentamicin,Susceptible
562.23309,cefotaxime,Susceptible
562.23309,gentamicin,Susceptible
562.23310,cefotaxime,Susceptible
562.23310,gentamicin,Susceptible
562.23311,cefotaxime,Resistant
562.23311,gentamicin,Resistant
562.23312,cefotaxime,Susceptible
562.23312,gentamicin,Susceptible
562.23313,cefotaxime,Susceptible
562.23313,gentamicin,Susceptible
562.23314,cefotaxime,Resistant
562.23314,gentamicin,Resistant
562.23315,cefotaxime,Susceptible
562.23315,gentamicin,Susceptible
562.23316,cefotaxime,Susceptible
562.23316,gentamicin,Susceptible
562.23317,cefotaxime,Resistant
562.23317,gentamicin,Resistant
562.23318,cefotaxime,Susceptible
562.23318,gentamicin,Susceptible
562.23319,cefotaxime,Susceptible
562.23319,gentamicin,Susceptible
562.23320,cefotaxime,Susceptible
562.23320,gentamicin,Susceptible
562.23321,cefotaxime,Susceptible
562.23321,gentamicin,Susceptible
562.23322,cefotaxime,Susceptible
562.23322,gentamicin,Susceptible
562.23323,cefotaxime,Susceptible
562.23323,gentamicin,Susceptible
562.23324,cefotaxime,Susceptible
562.23324,gentamicin,Susceptible
562.23325,cefotaxime,Susceptible
562.23325,gentamicin,Susceptible
562.23326,cefotaxime,Susceptible
562.23326,gentamicin,Susceptible
562.23327,cefotaxime,Susceptible
562.23327,gentamicin,Susceptible
562.23328,cefotaxime,Susceptible
562.23328,gentamicin,Susceptible
562.23329,cefotaxime,Susceptible
562.23329,gentamicin,Susceptible
562.23330,cefotaxime,Resistant
562.23330,gentamicin,Susceptible
562.23331,cefotaxime,Susceptible
562.23331,gentamicin,Susceptible
562.23332,cefotaxime,Susceptible
562.23332,gentamicin,Susceptible
562.23333,cefotaxime,Susceptible
562.23333,gentamicin,Susceptible
562.23334,cefotaxime,Susceptible
562.23334,gentamicin,Susceptible
562.23335,cefotaxime,Susceptible
562.23335,gentamicin,Susceptible
562.23336,cefotaxime,Susceptible
562.23336,gentamicin,Susceptible
562.23337,cefotaxime,Susceptible
562.23337,gentamicin,Resistant
562.23338,cefotaxime,Resistant
562.23338,gentamicin,Susceptible
562.23339,cefotaxime,Susceptible
562.23339,gentamicin,Susceptible
562.23340,cefotaxime,Susceptible
562.23340,gentamicin,Susceptible
562.23341,cefotaxime,Susceptible
562.23341,gentamicin,Susceptible
562.23342,cefotaxime,Susceptible
562.23342,gentamicin,Resistant
562.23343,cefotaxime,Susceptible
562.23343,gentamicin,Susceptible
562.23344,cefotaxime,Susceptible
562.23344,gentamicin,Susceptible
562.23345,cefotaxime,Susceptible
562.23345,gentamicin,Resistant
562.23346,cefotaxime,Susceptible
562.23346,gentamicin,Susceptible
562.23347,cefotaxime,Susceptible
562.23347,gentamicin,Susceptible
562.23348,cefotaxime,Susceptible
562.23348,gentamicin,Susceptible
562.23349,cefotaxime,Susceptible
562.23349,gentamicin,Susceptible
562.23350,cefotaxime,Susceptible
562.23350,gentamicin,Susceptible
562.23351,cefotaxime,Susceptible
562.23351,gentamicin,Resistant
562.23352,cefotaxime,Susceptible
562.23352,gentamicin,Susceptible
562.23353,cefotaxime,Susceptible
562.23353,gentamicin,Susceptible
562.23354,cefotaxime,Susceptible
562.23354,gentamicin,Susceptible
562.23355,cefotaxime,Susceptible
562.23355,gentamicin,Resistant
562.23356,cefotaxime,Resistant
562.23356,gentamicin,Resistant
562.23357,cefotaxime,Susceptible
562.23357,gentamicin,Susceptible
562.23358,cefotaxime,Susceptible
562.23358,gentamicin,Susceptible
562.23359,cefotaxime,Susceptible
562.23359,gentamicin,Susceptible
562.23360,cefotaxime,Susceptible
562.23360,gentamicin,Susceptible
562.23361,cefotaxime,Susceptible
562.23361,gentamicin,Susceptible
562.23362,cefotaxime,Susceptible
562.23362,gentamicin,Susceptible
562.23363,cefotaxime,Susceptible
562.23363,gentamicin,Susceptible
562.23364,cefotaxime,Susceptible
562.23364,gentamicin,Susceptible
562.23365,cefotaxime,Resistant
562.23365,gentamicin,Susceptible
562.23366,cefotaxime,Susceptible
562.23366,gentamicin,Susceptible
562.23367,cefotaxime,Susceptible
562.23367,gentamicin,Resistant
562.23368,cefotaxime,Susceptible
562.23368,gentamicin,Susceptible
562.23369,cefotaxime,Resistant
562.23369,gentamicin,Resistant
562.23370,cefotaxime,Susceptible
562.23370,gentamicin,Susceptible
562.23371,cefotaxime,Susceptible
562.23371,gentamicin,Resistant
562.23372,cefotaxime,Susceptible
562.23372,gentamicin,Susceptible
562.23373,cefotaxime,Susceptible
562.23373,gentamicin,Susceptible
562.23374,cefotaxime,Susceptible
562.23374,gentamicin,Susceptible
562.23375,cefotaxime,Resistant
562.23375,gentamicin,Susceptible
562.23376,cefotaxime,Susceptible
562.23376,gentamicin,Susceptible
562.23377,cefotaxime,Resistant
562.23377,gentamicin,Susceptible
562.23378,cefotaxime,Susceptible
562.23378,gentamicin,Susceptible
562.23379,cefotaxime,Susceptible
562.23379,gentamicin,Susceptible
562.23380,cefotaxime,Susceptible
562.23380,gentamicin,Susceptible
562.23381,cefotaxime,Susceptible
562.23381,gentamicin,Susceptible
562.23382,cefotaxime,Susceptible
562.23382,gentamicin,Susceptible
562.23383,cefotaxime,Susceptible
562.23383,gentamicin,Susceptible
562.23384,cefotaxime,Susceptible
562.23384,gentamicin,Susceptible
562.23385,cefotaxime,Susceptible
562.23385,gentamicin,Susceptible
562.23386,cefotaxime,Susceptible
562.23386,gentamicin,Susceptible
562.23387,cefotaxime,Susceptible
562.23387,gentamicin,Susceptible
562.23388,cefotaxime,Susceptible
562.23388,gentamicin,Susceptible
562.23389,cefotaxime,Susceptible
562.23389,gentamicin,Resistant
562.23390,cefotaxime,Susceptible
562.23390,gentamicin,Susceptible
562.23391,cefotaxime,Resistant
562.23391,gentamicin,Resistant
562.23392,cefotaxime,Susceptible
562.23392,gentamicin,Susceptible
562.23393,cefotaxime,Susceptible
562.23393,gentamicin,Resistant
562.23394,cefotaxime,Susceptible
562.23394,gentamicin,Susceptible
562.23395,cefotaxime,Resistant
562.23395,gentamicin,Resistant
562.23396,cefotaxime,Resistant
562.23396,gentamicin,Susceptible
562.23397,cefotaxime,Susceptible
562.23397,gentamicin,Resistant
562.23398,cefotaxime,Resistant
562.23398,gentamicin,Resistant
562.23399,cefotaxime,Susceptible
562.23399,gentamicin,Susceptible
562.23400,cefotaxime,Susceptible
562.23400,gentamicin,Susceptible
562.23401,cefotaxime,Susceptible
562.23401,gentamicin,Susceptible
562.23402,cefotaxime,Susceptible
562.23402,gentamicin,Susceptible
562.23403,cefotaxime,Resistant
562.23403,gentamicin,Resistant
562.23404,cefotaxime,Susceptible
562.23404,ciprofloxacin,Susceptible
562.23404,gentamicin,Resistant
562.23405,cefotaxime,Susceptible
562.23405,gentamicin,Resistant
562.23406,cefotaxime,Susceptible
562.23406,gentamicin,Susceptible
562.23407,cefotaxime,Susceptible
562.23407,gentamicin,Susceptible
562.23408,cefotaxime,Susceptible
562.23408,gentamicin,Susceptible
562.23409,cefotaxime,Susceptible
562.23409,gentamicin,Susceptible
562.23410,cefotaxime,Susceptible
562.23410,gentamicin,Susceptible
562.23411,cefotaxime,Susceptible
562.23411,gentamicin,Susceptible
562.23412,cefotaxime,Susceptible
562.23412,gentamicin,Susceptible
562.23413,cefotaxime,Resistant
562.23413,gentamicin,Resistant
562.23414,cefotaxime,Susceptible
562.23414,gentamicin,Susceptible
562.23415,cefotaxime,Susceptible
562.23415,gentamicin,Susceptible
562.23416,cefotaxime,Susceptible
562.23416,gentamicin,Susceptible
562.23417,cefotaxime,Susceptible
562.23417,gentamicin,Susceptible
562.23418,cefotaxime,Susceptible
562.23418,gentamicin,Susceptible
562.23419,cefotaxime,Susceptible
562.23419,gentamicin,Susceptible
562.23420,cefotaxime,Susceptible
562.23420,gentamicin,Susceptible
562.23421,cefotaxime,Susceptible
562.23421,gentamicin,Susceptible
562.23422,cefotaxime,Susceptible
562.23422,gentamicin,Susceptible
562.23423,cefotaxime,Susceptible
562.23423,gentamicin,Susceptible
562.23424,cefotaxime,Susceptible
562.23424,gentamicin,Susceptible
562.23425,cefotaxime,Susceptible
562.23425,gentamicin,Susceptible
562.23426,cefotaxime,Susceptible
562.23426,gentamicin,Susceptible
562.23427,cefotaxime,Susceptible
562.23427,gentamicin,Susceptible
562.23428,cefotaxime,Resistant
562.23428,gentamicin,Susceptible
562.23429,cefotaxime,Susceptible
562.23429,gentamicin,Susceptible
562.23430,cefotaxime,Susceptible
562.23430,gentamicin,Susceptible
562.23431,cefotaxime,Susceptible
562.23431,gentamicin,Resistant
562.23432,cefotaxime,Susceptible
562.23432,gentamicin,Susceptible
562.23433,cefotaxime,Susceptible
562.23433,gentamicin,Susceptible
562.23434,cefotaxime,Susceptible
562.23434,gentamicin,Resistant
562.23435,cefotaxime,Susceptible
562.23435,gentamicin,Susceptible
562.23436,cefotaxime,Susceptible
562.23436,gentamicin,Susceptible
562.23437,cefotaxime,Susceptible
562.23437,gentamicin,Susceptible
562.23438,cefotaxime,Susceptible
562.23438,gentamicin,Susceptible
562.23439,cefotaxime,Susceptible
562.23439,gentamicin,Susceptible
562.23440,cefotaxime,Susceptible
562.23440,gentamicin,Susceptible
562.23441,cefotaxime,Susceptible
562.23441,gentamicin,Susceptible
562.23442,cefotaxime,Susceptible
562.23442,gentamicin,Susceptible
562.23443,cefotaxime,Susceptible
562.23443,gentamicin,Susceptible
562.23444,cefotaxime,Susceptible
562.23444,gentamicin,Susceptible
562.23445,cefotaxime,Susceptible
562.23445,gentamicin,Susceptible
562.23446,cefotaxime,Susceptible
562.23446,gentamicin,Susceptible
562.23447,cefotaxime,Susceptible
562.23447,gentamicin,Susceptible
562.23448,cefotaxime,Susceptible
562.23448,gentamicin,Susceptible
562.23449,cefotaxime,Susceptible
562.23449,gentamicin,Susceptible
562.23450,cefotaxime,Susceptible
562.23450,gentamicin,Susceptible
562.23451,cefotaxime,Resistant
562.23451,gentamicin,Susceptible
562.23452,cefotaxime,Susceptible
562.23452,gentamicin,Susceptible
562.23453,cefotaxime,Susceptible
562.23453,gentamicin,Susceptible
562.23454,cefotaxime,Resistant
562.23454,gentamicin,Susceptible
562.23455,cefotaxime,Susceptible
562.23455,gentamicin,Susceptible
562.23456,cefotaxime,Susceptible
562.23456,gentamicin,Susceptible
562.23457,cefotaxime,Resistant
562.23457,gentamicin,Resistant
562.23458,cefotaxime,Resistant
562.23458,gentamicin,Susceptible
562.23459,cefotaxime,Susceptible
562.23459,gentamicin,Resistant
562.23460,cefotaxime,Susceptible
562.23460,gentamicin,Susceptible
562.23461,cefotaxime,Resistant
562.23461,gentamicin,Susceptible
562.23462,cefotaxime,Susceptible
562.23462,gentamicin,Resistant
562.23463,cefotaxime,Resistant
562.23463,gentamicin,Susceptible
562.23464,cefotaxime,Susceptible
562.23464,gentamicin,Susceptible
562.23465,cefotaxime,Susceptible
562.23465,gentamicin,Susceptible
562.23466,cefotaxime,Susceptible
562.23466,gentamicin,Resistant
562.23467,cefotaxime,Susceptible
562.23467,gentamicin,Susceptible
562.23468,cefotaxime,Susceptible
562.23468,gentamicin,Susceptible
562.23469,cefotaxime,Susceptible
562.23469,gentamicin,Susceptible
562.23470,cefotaxime,Susceptible
562.23470,gentamicin,Susceptible
562.23471,cefotaxime,Susceptible
562.23471,gentamicin,Susceptible
562.23472,cefotaxime,Susceptible
562.23472,gentamicin,Susceptible
562.23473,cefotaxime,Susceptible
562.23473,gentamicin,Susceptible
562.23474,cefotaxime,Susceptible
562.23474,gentamicin,Susceptible
562.23475,cefotaxime,Susceptible
562.23475,gentamicin,Susceptible
562.23476,cefotaxime,Susceptible
562.23476,gentamicin,Susceptible
562.23477,cefotaxime,Susceptible
562.23477,gentamicin,Susceptible
562.23478,cefotaxime,Susceptible
562.23478,gentamicin,Resistant
562.23479,cefotaxime,Susceptible
562.23479,gentamicin,Susceptible
562.23480,cefotaxime,Susceptible
562.23480,gentamicin,Resistant
562.23481,cefotaxime,Susceptible
562.23481,gentamicin,Susceptible
562.23482,cefotaxime,Susceptible
562.23482,gentamicin,Susceptible
562.23483,cefotaxime,Susceptible
562.23483,gentamicin,Susceptible
562.23484,cefotaxime,Susceptible
562.23484,gentamicin,Susceptible
562.23485,cefotaxime,Susceptible
562.23485,gentamicin,Susceptible
562.23486,cefotaxime,Susceptible
562.23486,gentamicin,Resistant
562.23487,cefotaxime,Resistant
562.23487,gentamicin,Susceptible
562.23488,cefotaxime,Resistant
562.23488,gentamicin,Resistant
562.23489,cefotaxime,Susceptible
562.23489,gentamicin,Susceptible
562.23490,cefotaxime,Susceptible
562.23490,gentamicin,Susceptible
562.23491,cefotaxime,Susceptible
562.23491,gentamicin,Susceptible
562.23492,cefotaxime,Susceptible
562.23492,gentamicin,Susceptible
562.23493,cefotaxime,Susceptible
562.23493,gentamicin,Susceptible
562.23494,cefotaxime,Resistant
562.23494,gentamicin,Resistant
562.23495,cefotaxime,Susceptible
562.23495,gentamicin,Susceptible
562.23496,cefotaxime,Susceptible
562.23496,gentamicin,Susceptible
562.23497,cefotaxime,Susceptible
562.23497,gentamicin,Susceptible
562.23498,cefotaxime,Susceptible
562.23498,gentamicin,Susceptible
562.23499,cefotaxime,Susceptible
562.23499,gentamicin,Susceptible
562.23500,cefotaxime,Susceptible
562.23500,gentamicin,Susceptible
562.23501,cefotaxime,Resistant
562.23501,gentamicin,Susceptible
562.23502,cefotaxime,Susceptible
562.23502,gentamicin,Susceptible
562.23503,cefotaxime,Susceptible
562.23503,gentamicin,Susceptible
562.23504,cefotaxime,Susceptible
562.23504,gentamicin,Susceptible
562.23505,cefotaxime,Resistant
562.23505,gentamicin,Susceptible
562.23506,cefotaxime,Susceptible
562.23506,gentamicin,Susceptible
562.23507,cefotaxime,Resistant
562.23507,gentamicin,Susceptible
562.23508,cefotaxime,Resistant
562.23508,gentamicin,Susceptible
562.23509,cefotaxime,Susceptible
562.23509,gentamicin,Susceptible
562.23510,cefotaxime,Susceptible
562.23510,gentamicin,Susceptible
562.23511,cefotaxime,Susceptible
562.23511,gentamicin,Susceptible
562.23512,cefotaxime,Susceptible
562.23512,gentamicin,Susceptible
562.23513,cefotaxime,Susceptible
562.23513,gentamicin,Susceptible
562.23514,cefotaxime,Susceptible
562.23514,gentamicin,Susceptible
562.23515,cefotaxime,Susceptible
562.23515,gentamicin,Susceptible
562.23516,cefotaxime,Susceptible
562.23516,gentamicin,Susceptible
562.23517,cefotaxime,Susceptible
562.23517,gentamicin,Susceptible
562.23518,cefotaxime,Susceptible
562.23518,gentamicin,Susceptible
562.23519,cefotaxime,Susceptible
562.23519,gentamicin,Susceptible
562.23520,cefotaxime,Susceptible
562.23520,gentamicin,Susceptible
562.23521,cefotaxime,Susceptible
562.23521,gentamicin,Susceptible
562.23522,cefotaxime,Susceptible
562.23522,gentamicin,Susceptible
562.23523,cefotaxime,Susceptible
562.23523,gentamicin,Susceptible
562.23524,cefotaxime,Susceptible
562.23524,gentamicin,Susceptible
562.23525,cefotaxime,Susceptible
562.23525,gentamicin,Susceptible
562.23526,cefotaxime,Susceptible
562.23526,gentamicin,Susceptible
562.23527,cefotaxime,Susceptible
562.23527,gentamicin,Susceptible
562.23528,cefotaxime,Susceptible
562.23528,gentamicin,Susceptible
562.23529,cefotaxime,Susceptible
562.23529,gentamicin,Susceptible
562.23530,cefotaxime,Susceptible
562.23530,gentamicin,Susceptible
562.23531,cefotaxime,Susceptible
562.23531,gentamicin,Susceptible
562.23532,cefotaxime,Susceptible
562.23532,gentamicin,Susceptible
562.23533,cefotaxime,Susceptible
562.23533,gentamicin,Susceptible
562.23534,cefotaxime,Susceptible
562.23534,gentamicin,Susceptible
562.23535,cefotaxime,Resistant
562.23535,gentamicin,Susceptible
562.23536,cefotaxime,Susceptible
562.23536,gentamicin,Resistant
562.23537,cefotaxime,Susceptible
562.23537,gentamicin,Susceptible
562.23538,cefotaxime,Susceptible
562.23538,gentamicin,Susceptible
562.23539,cefotaxime,Susceptible
562.23539,gentamicin,Susceptible
562.23540,cefotaxime,Susceptible
562.23540,gentamicin,Susceptible
562.23541,cefotaxime,Susceptible
562.23541,gentamicin,Susceptible
562.23542,cefotaxime,Susceptible
562.23542,gentamicin,Susceptible
562.23543,cefotaxime,Susceptible
562.23543,gentamicin,Susceptible
562.23544,cefotaxime,Susceptible
562.23544,gentamicin,Susceptible
562.23545,cefotaxime,Susceptible
562.23545,gentamicin,Susceptible
562.23546,cefotaxime,Susceptible
562.23546,gentamicin,Susceptible
562.23547,cefotaxime,Susceptible
562.23547,gentamicin,Susceptible
562.23548,cefotaxime,Susceptible
562.23548,gentamicin,Susceptible
562.23549,cefotaxime,Susceptible
562.23549,gentamicin,Susceptible
562.23550,cefotaxime,Susceptible
562.23550,gentamicin,Susceptible
562.23551,cefotaxime,Susceptible
562.23551,gentamicin,Susceptible
562.23552,cefotaxime,Susceptible
562.23552,gentamicin,Susceptible
562.23553,cefotaxime,Susceptible
562.23553,gentamicin,Susceptible
562.23554,cefotaxime,Susceptible
562.23554,gentamicin,Susceptible
562.23555,cefotaxime,Susceptible
562.23555,gentamicin,Susceptible
562.23556,cefotaxime,Susceptible
562.23556,gentamicin,Susceptible
562.23557,cefotaxime,Susceptible
562.23557,gentamicin,Susceptible
562.23558,cefotaxime,Resistant
562.23558,gentamicin,Resistant
562.23559,cefotaxime,Susceptible
562.23559,gentamicin,Susceptible
562.23560,cefotaxime,Susceptible
562.23560,gentamicin,Susceptible
562.23561,cefotaxime,Susceptible
562.23561,gentamicin,Susceptible
562.23562,cefotaxime,Susceptible
562.23562,gentamicin,Susceptible
562.23563,cefotaxime,Susceptible
562.23563,gentamicin,Susceptible
562.23564,cefotaxime,Susceptible
562.23564,gentamicin,Susceptible
562.23565,cefotaxime,Susceptible
562.23565,gentamicin,Resistant
562.23566,cefotaxime,Resistant
562.23566,gentamicin,Susceptible
562.23567,cefotaxime,Susceptible
562.23567,gentamicin,Resistant
562.23568,cefotaxime,Susceptible
562.23568,gentamicin,Susceptible
562.23569,cefotaxime,Susceptible
562.23569,gentamicin,Susceptible
562.23570,cefotaxime,Susceptible
562.23570,gentamicin,Susceptible
562.23571,cefotaxime,Susceptible
562.23571,gentamicin,Susceptible
562.23572,cefotaxime,Susceptible
562.23572,gentamicin,Susceptible
562.23573,cefotaxime,Susceptible
562.23573,gentamicin,Susceptible
562.23574,cefotaxime,Resistant
562.23574,gentamicin,Resistant
562.23575,cefotaxime,Susceptible
562.23575,gentamicin,Susceptible
562.23576,cefotaxime,Susceptible
562.23576,gentamicin,Susceptible
562.23577,cefotaxime,Susceptible
562.23577,gentamicin,Susceptible
562.23578,cefotaxime,Susceptible
562.23578,gentamicin,Susceptible
562.23579,cefotaxime,Susceptible
562.23579,gentamicin,Susceptible
562.23580,cefotaxime,Susceptible
562.23580,gentamicin,Susceptible
562.23581,cefotaxime,Susceptible
562.23581,gentamicin,Susceptible
562.23582,cefotaxime,Susceptible
562.23582,gentamicin,Susceptible
562.23583,cefotaxime,Susceptible
562.23583,gentamicin,Susceptible
562.23584,cefotaxime,Susceptible
562.23584,gentamicin,Susceptible
562.23585,cefotaxime,Susceptible
562.23585,gentamicin,Susceptible
562.23586,cefotaxime,Susceptible
562.23586,gentamicin,Susceptible
562.23587,cefotaxime,Susceptible
562.23587,gentamicin,Susceptible
562.23588,cefotaxime,Susceptible
562.23588,gentamicin,Susceptible
562.23589,cefotaxime,Susceptible
562.23589,gentamicin,Susceptible
562.23590,cefotaxime,Susceptible
562.23590,gentamicin,Susceptible
562.23591,cefotaxime,Susceptible
562.23591,gentamicin,Susceptible
562.23592,cefotaxime,Susceptible
562.23592,gentamicin,Susceptible
562.23593,cefotaxime,Susceptible
562.23593,gentamicin,Resistant
562.23594,cefotaxime,Resistant
562.23594,gentamicin,Resistant
562.23595,cefotaxime,Susceptible
562.23595,gentamicin,Susceptible
562.23596,cefotaxime,Susceptible
562.23596,gentamicin,Susceptible
562.23597,cefotaxime,Susceptible
562.23597,gentamicin,Susceptible
562.23598,cefotaxime,Susceptible
562.23598,gentamicin,Susceptible
562.23599,cefotaxime,Susceptible
562.23599,gentamicin,Susceptible
562.23600,cefotaxime,Susceptible
562.23600,gentamicin,Susceptible
562.23601,cefotaxime,Susceptible
562.23601,gentamicin,Susceptible
562.23602,cefotaxime,Susceptible
562.23602,gentamicin,Susceptible
562.23603,cefotaxime,Susceptible
562.23603,gentamicin,Susceptible
562.23604,cefotaxime,Susceptible
562.23604,gentamicin,Susceptible
562.23605,cefotaxime,Susceptible
562.23605,gentamicin,Susceptible
562.23606,cefotaxime,Susceptible
562.23606,gentamicin,Susceptible
562.23607,cefotaxime,Susceptible
562.23607,gentamicin,Susceptible
562.23608,cefotaxime,Resistant
562.23608,gentamicin,Susceptible
562.23609,cefotaxime,Susceptible
562.23609,gentamicin,Susceptible
562.23610,cefotaxime,Susceptible
562.23610,gentamicin,Susceptible
562.23611,cefotaxime,Susceptible
562.23611,gentamicin,Susceptible
562.23612,cefotaxime,Susceptible
562.23612,gentamicin,Susceptible
562.23613,cefotaxime,Susceptible
562.23613,gentamicin,Susceptible
562.23614,cefotaxime,Susceptible
562.23614,gentamicin,Susceptible
562.23615,cefotaxime,Resistant
562.23615,gentamicin,Susceptible
562.23616,cefotaxime,Susceptible
562.23616,gentamicin,Susceptible
562.23617,cefotaxime,Susceptible
562.23617,gentamicin,Susceptible
562.23618,cefotaxime,Susceptible
562.23618,gentamicin,Susceptible
562.23619,cefotaxime,Susceptible
562.23619,gentamicin,Susceptible
562.23620,cefotaxime,Susceptible
562.23620,gentamicin,Susceptible
562.23621,cefotaxime,Susceptible
562.23621,gentamicin,Susceptible
562.23622,cefotaxime,Susceptible
562.23622,gentamicin,Susceptible
562.23623,cefotaxime,Resistant
562.23623,gentamicin,Susceptible
562.23624,cefotaxime,Susceptible
562.23624,gentamicin,Susceptible
562.23625,cefotaxime,Susceptible
562.23625,gentamicin,Susceptible
562.23626,cefotaxime,Susceptible
562.23626,gentamicin,Susceptible
562.23627,cefotaxime,Susceptible
562.23627,gentamicin,Susceptible
562.23628,cefotaxime,Susceptible
562.23628,gentamicin,Susceptible
562.23629,cefotaxime,Susceptible
562.23629,gentamicin,Susceptible
562.23630,cefotaxime,Susceptible
562.23630,gentamicin,Susceptible
562.23631,cefotaxime,Susceptible
562.23631,gentamicin,Susceptible
562.23632,cefotaxime,Susceptible
562.23632,gentamicin,Susceptible
562.23633,cefotaxime,Susceptible
562.23633,gentamicin,Susceptible
562.23634,cefotaxime,Susceptible
562.23634,gentamicin,Susceptible
562.23635,cefotaxime,Susceptible
562.23635,gentamicin,Susceptible
562.23636,cefotaxime,Susceptible
562.23636,gentamicin,Susceptible
562.23637,cefotaxime,Susceptible
562.23637,gentamicin,Susceptible
562.23638,cefotaxime,Susceptible
562.23638,gentamicin,Susceptible
562.23639,cefotaxime,Susceptible
562.23639,gentamicin,Susceptible
562.23640,cefotaxime,Resistant
562.23640,gentamicin,Resistant
562.23641,cefotaxime,Susceptible
562.23641,gentamicin,Susceptible
562.23642,cefotaxime,Susceptible
562.23642,gentamicin,Resistant
562.23643,cefotaxime,Susceptible
562.23643,gentamicin,Susceptible
562.23644,cefotaxime,Susceptible
562.23644,gentamicin,Susceptible
562.23645,cefotaxime,Susceptible
562.23645,gentamicin,Resistant
562.23646,cefotaxime,Resistant
562.23646,gentamicin,Susceptible
562.23647,cefotaxime,Susceptible
562.23647,gentamicin,Susceptible
562.23648,cefotaxime,Susceptible
562.23648,gentamicin,Susceptible
562.23649,cefotaxime,Susceptible
562.23649,gentamicin,Susceptible
562.23650,cefotaxime,Susceptible
562.23650,gentamicin,Susceptible
562.23651,cefotaxime,Susceptible
562.23651,gentamicin,Susceptible
562.23652,cefotaxime,Susceptible
562.23652,gentamicin,Susceptible
562.23653,cefotaxime,Susceptible
562.23653,gentamicin,Susceptible
562.23654,cefotaxime,Susceptible
562.23654,gentamicin,Susceptible
562.23655,cefotaxime,Susceptible
562.23655,gentamicin,Susceptible
562.23656,cefotaxime,Susceptible
562.23656,gentamicin,Susceptible
562.23657,cefotaxime,Susceptible
562.23657,gentamicin,Susceptible
562.23658,cefotaxime,Susceptible
562.23658,gentamicin,Susceptible
562.23659,cefotaxime,Susceptible
562.23659,gentamicin,Resistant
562.23660,cefotaxime,Susceptible
562.23660,gentamicin,Susceptible
562.23661,cefotaxime,Susceptible
562.23661,gentamicin,Susceptible
562.23662,cefotaxime,Susceptible
562.23662,gentamicin,Susceptible
562.23663,cefotaxime,Susceptible
562.23663,gentamicin,Susceptible
562.23664,cefotaxime,Susceptible
562.23664,gentamicin,Susceptible
562.23665,cefotaxime,Susceptible
562.23665,gentamicin,Susceptible
562.23666,cefotaxime,Susceptible
562.23666,gentamicin,Susceptible
562.23667,cefotaxime,Susceptible
562.23667,gentamicin,Susceptible
562.23668,cefotaxime,Susceptible
562.23668,gentamicin,Susceptible
562.23669,cefotaxime,Susceptible
562.23669,gentamicin,Susceptible
562.23670,cefotaxime,Susceptible
562.23670,gentamicin,Susceptible
562.23671,cefotaxime,Susceptible
562.23671,gentamicin,Susceptible
562.23672,cefotaxime,Susceptible
562.23672,gentamicin,Susceptible
562.23673,cefotaxime,Susceptible
562.23673,gentamicin,Susceptible
562.23674,cefotaxime,Susceptible
562.23674,gentamicin,Susceptible
562.23675,cefotaxime,Susceptible
562.23675,gentamicin,Susceptible
562.23676,cefotaxime,Susceptible
562.23676,gentamicin,Susceptible
562.23677,cefotaxime,Susceptible
562.23677,gentamicin,Susceptible
562.23678,cefotaxime,Susceptible
562.23678,gentamicin,Susceptible
562.23679,cefotaxime,Susceptible
562.23679,gentamicin,Susceptible
562.23680,cefotaxime,Susceptible
562.23680,gentamicin,Susceptible
562.23681,cefotaxime,Susceptible
562.23681,gentamicin,Susceptible
562.23682,cefotaxime,Susceptible
562.23682,gentamicin,Resistant
562.23683,cefotaxime,Susceptible
562.23683,gentamicin,Susceptible
562.23684,cefotaxime,Susceptible
562.23684,gentamicin,Susceptible
562.23685,cefotaxime,Susceptible
562.23685,gentamicin,Susceptible
562.23686,cefotaxime,Susceptible
562.23686,gentamicin,Susceptible
562.23687,cefotaxime,Susceptible
562.23687,gentamicin,Susceptible
562.23688,cefotaxime,Susceptible
562.23688,gentamicin,Susceptible
562.23689,cefotaxime,Susceptible
562.23689,gentamicin,Susceptible
562.23690,cefotaxime,Susceptible
562.23690,gentamicin,Susceptible
562.23691,cefotaxime,Susceptible
562.23691,gentamicin,Susceptible
562.23692,cefotaxime,Susceptible
562.23692,gentamicin,Susceptible
562.23693,cefotaxime,Susceptible
562.23693,gentamicin,Susceptible
562.23694,cefotaxime,Susceptible
562.23694,gentamicin,Susceptible
562.23695,cefotaxime,Susceptible
562.23695,gentamicin,Susceptible
562.23696,cefotaxime,Susceptible
562.23696,gentamicin,Susceptible
562.23697,cefotaxime,Susceptible
562.23697,gentamicin,Resistant
562.23698,cefotaxime,Susceptible
562.23698,gentamicin,Susceptible
562.23699,cefotaxime,Susceptible
562.23699,gentamicin,Susceptible
562.23700,cefotaxime,Susceptible
562.23700,gentamicin,Susceptible
562.23701,cefotaxime,Susceptible
562.23701,gentamicin,Susceptible
562.23702,cefotaxime,Susceptible
562.23702,gentamicin,Susceptible
562.23703,cefotaxime,Susceptible
562.23703,gentamicin,Susceptible
562.23704,cefotaxime,Susceptible
562.23704,gentamicin,Susceptible
562.23705,cefotaxime,Susceptible
562.23705,gentamicin,Susceptible
562.23706,cefotaxime,Susceptible
562.23706,gentamicin,Susceptible
562.23707,cefotaxime,Susceptible
562.23707,gentamicin,Susceptible
562.23708,cefotaxime,Susceptible
562.23708,gentamicin,Susceptible
562.23709,cefotaxime,Susceptible
562.23709,gentamicin,Susceptible
562.23710,cefotaxime,Susceptible
562.23710,gentamicin,Susceptible
562.23711,cefotaxime,Susceptible
562.23711,gentamicin,Susceptible
562.23712,cefotaxime,Susceptible
562.23712,gentamicin,Susceptible
562.23713,cefotaxime,Susceptible
562.23713,gentamicin,Susceptible
562.23714,cefotaxime,Susceptible
562.23714,gentamicin,Susceptible
562.23715,cefotaxime,Susceptible
562.23715,gentamicin,Susceptible
562.23716,cefotaxime,Susceptible
562.23716,gentamicin,Susceptible
562.23717,cefotaxime,Susceptible
562.23717,gentamicin,Resistant
562.23718,cefotaxime,Susceptible
562.23718,gentamicin,Susceptible
562.23719,cefotaxime,Susceptible
562.23719,gentamicin,Susceptible
562.23720,cefotaxime,Susceptible
562.23720,gentamicin,Susceptible
562.23721,cefotaxime,Susceptible
562.23721,gentamicin,Resistant
562.23722,cefotaxime,Susceptible
562.23722,gentamicin,Susceptible
562.23723,cefotaxime,Susceptible
562.23723,gentamicin,Susceptible
562.23724,cefotaxime,Susceptible
562.23724,gentamicin,Susceptible
562.23725,cefotaxime,Susceptible
562.23725,gentamicin,Susceptible
562.23726,cefotaxime,Susceptible
562.23726,gentamicin,Susceptible
562.23727,cefotaxime,Resistant
562.23727,gentamicin,Susceptible
562.23728,cefotaxime,Susceptible
562.23728,gentamicin,Susceptible
562.23729,cefotaxime,Susceptible
562.23729,gentamicin,Susceptible
562.23730,cefotaxime,Susceptible
562.23730,gentamicin,Susceptible
562.23731,cefotaxime,Susceptible
562.23731,gentamicin,Susceptible
562.23732,cefotaxime,Susceptible
562.23732,gentamicin,Susceptible
562.23733,cefotaxime,Susceptible
562.23733,gentamicin,Susceptible
562.23734,cefotaxime,Resistant
562.23734,gentamicin,Resistant
562.23735,cefotaxime,Susceptible
562.23735,gentamicin,Susceptible
562.23736,cefotaxime,Susceptible
562.23736,gentamicin,Susceptible
562.23737,cefotaxime,Resistant
562.23737,gentamicin,Susceptible
562.23738,cefotaxime,Susceptible
562.23738,gentamicin,Susceptible
562.23739,cefotaxime,Susceptible
562.23739,gentamicin,Susceptible
562.23740,cefotaxime,Susceptible
562.23740,gentamicin,Susceptible
562.23741,cefotaxime,Susceptible
562.23741,gentamicin,Susceptible
562.23742,cefotaxime,Susceptible
562.23742,gentamicin,Susceptible
562.23743,gentamicin,Susceptible
562.23744,cefotaxime,Susceptible
562.23744,gentamicin,Susceptible
562.23745,cefotaxime,Susceptible
562.23745,gentamicin,Susceptible
562.23746,cefotaxime,Susceptible
562.23746,gentamicin,Susceptible
562.23747,cefotaxime,Susceptible
562.23747,gentamicin,Susceptible
562.23748,cefotaxime,Susceptible
562.23748,gentamicin,Susceptible
562.23749,cefotaxime,Susceptible
562.23749,gentamicin,Susceptible
562.23750,cefotaxime,Susceptible
562.23750,gentamicin,Susceptible
562.23751,cefotaxime,Susceptible
562.23751,gentamicin,Susceptible
562.23752,cefotaxime,Susceptible
562.23752,gentamicin,Susceptible
562.23753,cefotaxime,Susceptible
562.23753,gentamicin,Susceptible
562.23754,cefotaxime,Susceptible
562.23754,gentamicin,Susceptible
562.23755,cefotaxime,Susceptible
562.23755,gentamicin,Susceptible
562.23756,cefotaxime,Susceptible
562.23756,gentamicin,Susceptible
562.23757,cefotaxime,Susceptible
562.23757,gentamicin,Susceptible
562.23758,cefotaxime,Susceptible
562.23758,gentamicin,Susceptible
562.23759,cefotaxime,Susceptible
562.23759,gentamicin,Susceptible
562.23760,cefotaxime,Susceptible
562.23760,gentamicin,Resistant
562.23761,cefotaxime,Susceptible
562.23761,gentamicin,Susceptible
562.23762,cefotaxime,Susceptible
562.23762,gentamicin,Susceptible
562.23763,cefotaxime,Susceptible
562.23763,gentamicin,Susceptible
562.23764,cefotaxime,Susceptible
562.23764,gentamicin,Susceptible
562.23765,cefotaxime,Susceptible
562.23765,gentamicin,Susceptible
562.23766,cefotaxime,Susceptible
562.23766,gentamicin,Susceptible
562.23767,cefotaxime,Susceptible
562.23767,gentamicin,Susceptible
562.23768,cefotaxime,Susceptible
562.23768,gentamicin,Susceptible
562.23769,cefotaxime,Resistant
562.23769,gentamicin,Susceptible
562.23770,cefotaxime,Susceptible
562.23770,gentamicin,Susceptible
562.23771,cefotaxime,Susceptible
562.23771,gentamicin,Susceptible
562.23772,cefotaxime,Susceptible
562.23772,gentamicin,Susceptible
562.23773,cefotaxime,Susceptible
562.23773,gentamicin,Susceptible
562.23774,cefotaxime,Susceptible
562.23774,gentamicin,Susceptible
562.23775,cefotaxime,Susceptible
562.23775,gentamicin,Susceptible
562.23776,cefotaxime,Susceptible
562.23776,gentamicin,Susceptible
562.23777,cefotaxime,Susceptible
562.23777,gentamicin,Susceptible
562.23778,cefotaxime,Susceptible
562.23778,gentamicin,Susceptible
562.23779,cefotaxime,Susceptible
562.23779,gentamicin,Susceptible
562.23780,cefotaxime,Susceptible
562.23780,gentamicin,Susceptible
562.23781,cefotaxime,Susceptible
562.23781,gentamicin,Resistant
562.23782,cefotaxime,Susceptible
562.23782,gentamicin,Susceptible
562.23783,gentamicin,Susceptible
562.23784,cefotaxime,Susceptible
562.23784,gentamicin,Susceptible
562.23785,cefotaxime,Susceptible
562.23785,gentamicin,Susceptible
562.23786,cefotaxime,Susceptible
562.23786,gentamicin,Susceptible
562.23787,cefotaxime,Susceptible
562.23787,gentamicin,Susceptible
562.23788,cefotaxime,Susceptible
562.23788,gentamicin,Susceptible
562.23789,cefotaxime,Susceptible
562.23789,gentamicin,Susceptible
562.23793,cefotaxime,Susceptible
562.23793,gentamicin,Susceptible
562.23794,cefotaxime,Susceptible
562.23794,gentamicin,Susceptible
562.23795,cefotaxime,Susceptible
562.23795,gentamicin,Susceptible
562.23796,cefotaxime,Susceptible
562.23796,gentamicin,Susceptible
562.23797,cefotaxime,Susceptible
562.23797,gentamicin,Susceptible
562.23798,cefotaxime,Susceptible
562.23798,gentamicin,Susceptible
562.23799,cefotaxime,Susceptible
562.23799,gentamicin,Susceptible
562.23800,cefotaxime,Resistant
562.23800,gentamicin,Susceptible
562.23801,cefotaxime,Susceptible
562.23801,gentamicin,Susceptible
562.23802,cefotaxime,Susceptible
562.23802,gentamicin,Susceptible
562.23803,cefotaxime,Susceptible
562.23803,gentamicin,Susceptible
562.23804,cefotaxime,Resistant
562.23804,gentamicin,Susceptible
562.23805,cefotaxime,Susceptible
562.23805,gentamicin,Susceptible
562.23806,cefotaxime,Susceptible
562.23806,gentamicin,Susceptible
562.23807,cefotaxime,Susceptible
562.23807,gentamicin,Susceptible
562.23808,cefotaxime,Susceptible
562.23808,gentamicin,Susceptible
562.23809,cefotaxime,Susceptible
562.23809,gentamicin,Susceptible
562.23810,cefotaxime,Susceptible
562.23810,gentamicin,Susceptible
562.23811,cefotaxime,Susceptible
562.23811,gentamicin,Susceptible
562.23812,cefotaxime,Susceptible
562.23812,gentamicin,Susceptible
562.23813,cefotaxime,Susceptible
562.23813,gentamicin,Susceptible
562.23814,gentamicin,Susceptible
562.23815,cefotaxime,Susceptible
562.23815,gentamicin,Susceptible
562.23816,cefotaxime,Susceptible
562.23816,gentamicin,Susceptible
562.23817,cefotaxime,Susceptible
562.23817,gentamicin,Susceptible
562.23818,cefotaxime,Susceptible
562.23818,gentamicin,Resistant
562.23819,cefotaxime,Susceptible
562.23819,gentamicin,Susceptible
562.23820,cefotaxime,Susceptible
562.23820,gentamicin,Susceptible
562.23821,cefotaxime,Resistant
562.23821,gentamicin,Susceptible
562.23822,cefotaxime,Susceptible
562.23822,gentamicin,Resistant
562.23823,cefotaxime,Susceptible
562.23823,gentamicin,Susceptible
562.23824,cefotaxime,Susceptible
562.23824,gentamicin,Susceptible
562.23825,cefotaxime,Susceptible
562.23825,gentamicin,Susceptible
562.23826,cefotaxime,Susceptible
562.23826,gentamicin,Susceptible
562.23827,cefotaxime,Susceptible
562.23827,gentamicin,Susceptible
562.23828,cefotaxime,Susceptible
562.23828,gentamicin,Susceptible
562.23829,cefotaxime,Susceptible
562.23829,gentamicin,Susceptible
562.23830,cefotaxime,Susceptible
562.23830,gentamicin,Susceptible
562.23831,cefotaxime,Susceptible
562.23831,gentamicin,Resistant
562.23832,cefotaxime,Susceptible
562.23832,gentamicin,Susceptible
562.23833,cefotaxime,Susceptible
562.23833,gentamicin,Susceptible
562.23834,cefotaxime,Susceptible
562.23834,gentamicin,Susceptible
562.23835,cefotaxime,Susceptible
562.23835,gentamicin,Susceptible
562.23836,cefotaxime,Susceptible
562.23836,gentamicin,Susceptible
562.23837,cefotaxime,Susceptible
562.23837,gentamicin,Susceptible
562.23838,cefotaxime,Susceptible
562.23838,gentamicin,Susceptible
562.23839,cefotaxime,Susceptible
562.23839,gentamicin,Susceptible
562.23840,cefotaxime,Susceptible
562.23840,gentamicin,Susceptible
562.23841,cefotaxime,Susceptible
562.23841,gentamicin,Susceptible
562.23842,cefotaxime,Susceptible
562.23842,gentamicin,Susceptible
562.23843,cefotaxime,Susceptible
562.23843,gentamicin,Susceptible
562.23844,cefotaxime,Susceptible
562.23844,gentamicin,Susceptible
562.23845,cefotaxime,Susceptible
562.23845,gentamicin,Susceptible
562.23846,cefotaxime,Susceptible
562.23846,gentamicin,Susceptible
562.23847,cefotaxime,Susceptible
562.23847,gentamicin,Susceptible
562.23848,cefotaxime,Susceptible
562.23848,gentamicin,Susceptible
562.23849,cefotaxime,Susceptible
562.23849,gentamicin,Susceptible
562.23850,cefotaxime,Resistant
562.23850,gentamicin,Susceptible
562.23851,cefotaxime,Susceptible
562.23851,gentamicin,Susceptible
562.23852,cefotaxime,Susceptible
562.23852,gentamicin,Susceptible
562.23853,cefotaxime,Susceptible
562.23853,gentamicin,Susceptible
562.23855,cefotaxime,Susceptible
562.23855,gentamicin,Susceptible
562.23856,cefotaxime,Susceptible
562.23856,gentamicin,Susceptible
562.23857,cefotaxime,Susceptible
562.23857,gentamicin,Susceptible
562.23858,cefotaxime,Susceptible
562.23858,gentamicin,Resistant
562.23859,cefotaxime,Susceptible
562.23859,gentamicin,Susceptible
562.23860,cefotaxime,Resistant
562.23860,gentamicin,Resistant
562.23861,cefotaxime,Susceptible
562.23861,gentamicin,Susceptible
562.23862,cefotaxime,Resistant
562.23862,gentamicin,Resistant
562.23863,cefotaxime,Susceptible
562.23863,gentamicin,Susceptible
562.23864,cefotaxime,Susceptible
562.23864,gentamicin,Susceptible
562.23865,gentamicin,Susceptible
562.23868,cefotaxime,Susceptible
562.23868,gentamicin,Susceptible
562.23869,cefotaxime,Resistant
562.23869,gentamicin,Resistant
562.23870,cefotaxime,Susceptible
562.23870,gentamicin,Susceptible
562.23871,cefotaxime,Susceptible
562.23871,gentamicin,Susceptible
562.23872,cefotaxime,Susceptible
562.23872,gentamicin,Susceptible
562.23873,cefotaxime,Susceptible
562.23873,gentamicin,Susceptible
562.23874,cefotaxime,Resistant
562.23874,gentamicin,Susceptible
562.23875,cefotaxime,Susceptible
562.23875,gentamicin,Susceptible
562.23876,cefotaxime,Susceptible
562.23876,gentamicin,Susceptible
562.23877,cefotaxime,Susceptible
562.23877,gentamicin,Susceptible
562.23878,cefotaxime,Susceptible
562.23878,gentamicin,Susceptible
562.23879,cefotaxime,Susceptible
562.23879,gentamicin,Susceptible
562.23880,cefotaxime,Susceptible
562.23880,gentamicin,Susceptible
562.23881,cefotaxime,Susceptible
562.23881,gentamicin,Susceptible
562.23882,cefotaxime,Susceptible
562.23882,gentamicin,Susceptible
562.23883,cefotaxime,Susceptible
562.23883,gentamicin,Susceptible
562.23884,cefotaxime,Resistant
562.23884,gentamicin,Resistant
562.23885,cefotaxime,Susceptible
562.23885,gentamicin,Susceptible
562.23886,cefotaxime,Susceptible
562.23886,gentamicin,Susceptible
562.23887,cefotaxime,Susceptible
562.23887,gentamicin,Susceptible
562.23888,cefotaxime,Susceptible
562.23888,gentamicin,Susceptible
562.23889,cefotaxime,Susceptible
562.23889,gentamicin,Susceptible
562.23890,cefotaxime,Susceptible
562.23890,gentamicin,Susceptible
562.23891,cefotaxime,Susceptible
562.23891,gentamicin,Susceptible
562.23892,cefotaxime,Susceptible
562.23892,gentamicin,Susceptible
562.23893,cefotaxime,Susceptible
562.23893,gentamicin,Susceptible
562.23894,cefotaxime,Resistant
562.23894,gentamicin,Resistant
562.23895,cefotaxime,Resistant
562.23895,gentamicin,Resistant
562.23896,cefotaxime,Susceptible
562.23896,gentamicin,Susceptible
562.23897,cefotaxime,Susceptible
562.23897,gentamicin,Susceptible
562.23898,cefotaxime,Susceptible
562.23898,gentamicin,Susceptible
562.23899,cefotaxime,Resistant
562.23899,gentamicin,Resistant
562.23900,cefotaxime,Susceptible
562.23900,gentamicin,Susceptible
562.23901,cefotaxime,Susceptible
562.23901,gentamicin,Susceptible
562.23902,cefotaxime,Susceptible
562.23902,gentamicin,Susceptible
562.23903,cefotaxime,Susceptible
562.23903,gentamicin,Susceptible
562.23904,cefotaxime,Susceptible
562.23904,gentamicin,Susceptible
562.23905,cefotaxime,Susceptible
562.23905,gentamicin,Susceptible
562.23906,cefotaxime,Susceptible
562.23906,gentamicin,Susceptible
562.23907,cefotaxime,Susceptible
562.23907,gentamicin,Resistant
562.23908,cefotaxime,Susceptible
562.23908,gentamicin,Susceptible
562.23909,cefotaxime,Resistant
562.23909,gentamicin,Resistant
562.23910,cefotaxime,Susceptible
562.23910,gentamicin,Susceptible
562.23911,cefotaxime,Resistant
562.23911,gentamicin,Susceptible
562.23912,cefotaxime,Susceptible
562.23912,gentamicin,Susceptible
562.23913,gentamicin,Resistant
562.23914,cefotaxime,Resistant
562.23914,gentamicin,Susceptible
562.23915,cefotaxime,Susceptible
562.23915,gentamicin,Susceptible
562.23916,cefotaxime,Susceptible
562.23916,gentamicin,Susceptible
562.23917,cefotaxime,Susceptible
562.23917,gentamicin,Susceptible
562.23918,cefotaxime,Susceptible
562.23918,gentamicin,Susceptible
562.23919,cefotaxime,Susceptible
562.23919,gentamicin,Susceptible
562.23920,cefotaxime,Susceptible
562.23920,gentamicin,Susceptible
562.23921,cefotaxime,Susceptible
562.23921,gentamicin,Susceptible
562.23922,cefotaxime,Susceptible
562.23922,gentamicin,Susceptible
562.23923,cefotaxime,Susceptible
562.23923,gentamicin,Susceptible
562.23924,cefotaxime,Susceptible
562.23924,gentamicin,Susceptible
562.23925,cefotaxime,Susceptible
562.23925,gentamicin,Susceptible
562.23926,cefotaxime,Susceptible
562.23926,gentamicin,Susceptible
562.23927,cefotaxime,Susceptible
562.23927,gentamicin,Susceptible
562.23928,cefotaxime,Susceptible
562.23928,gentamicin,Susceptible
562.23929,cefotaxime,Susceptible
562.23929,gentamicin,Susceptible
562.23930,cefotaxime,Susceptible
562.23930,gentamicin,Susceptible
562.23931,cefotaxime,Susceptible
562.23931,gentamicin,Susceptible
562.23932,cefotaxime,Susceptible
562.23932,gentamicin,Susceptible
562.23933,cefotaxime,Susceptible
562.23933,gentamicin,Susceptible
562.23934,cefotaxime,Susceptible
562.23934,gentamicin,Susceptible
562.23935,cefotaxime,Susceptible
562.23935,gentamicin,Susceptible
562.23936,cefotaxime,Susceptible
562.23936,gentamicin,Susceptible
562.26272,ampicillin,Resistant
562.26272,ciprofloxacin,Susceptible
562.26272,gentamicin,Susceptible
562.26272,trimethoprim/sulfamethoxazole,Susceptible
562.26273,ampicillin,Susceptible
562.26273,ciprofloxacin,Susceptible
562.26273,gentamicin,Susceptible
562.26273,trimethoprim/sulfamethoxazole,Susceptible
562.26274,ampicillin,Resistant
562.26274,ciprofloxacin,Susceptible
562.26274,gentamicin,Susceptible
562.26274,trimethoprim/sulfamethoxazole,Susceptible
562.26275,ampicillin,Susceptible
562.26275,ciprofloxacin,Susceptible
562.26275,gentamicin,Susceptible
562.26275,trimethoprim/sulfamethoxazole,Resistant
562.26276,ampicillin,Resistant
562.26276,ciprofloxacin,Susceptible
562.26276,gentamicin,Susceptible
562.26276,trimethoprim/sulfamethoxazole,Susceptible
562.26277,ampicillin,Resistant
562.26277,ciprofloxacin,Resistant
562.26277,gentamicin,Susceptible
562.26277,trimethoprim/sulfamethoxazole,Susceptible
562.26278,ampicillin,Resistant
562.26278,ciprofloxacin,Susceptible
562.26278,gentamicin,Susceptible
562.26278,trimethoprim/sulfamethoxazole,Susceptible
562.26279,ampicillin,Resistant
562.26279,ciprofloxacin,Susceptible
562.26279,gentamicin,Susceptible
562.26279,trimethoprim/sulfamethoxazole,Susceptible
562.26280,ampicillin,Resistant
562.26280,ciprofloxacin,Susceptible
562.26280,gentamicin,Susceptible
562.26280,trimethoprim/sulfamethoxazole,Resistant
562.26281,ampicillin,Resistant
562.26281,ciprofloxacin,Susceptible
562.26281,gentamicin,Susceptible
562.26281,trimethoprim/sulfamethoxazole,Susceptible
562.26282,ampicillin,Resistant
562.26282,ciprofloxacin,Susceptible
562.26282,gentamicin,Susceptible
562.26282,trimethoprim/sulfamethoxazole,Susceptible
562.26283,ampicillin,Susceptible
562.26283,ciprofloxacin,Susceptible
562.26283,gentamicin,Susceptible
562.26283,trimethoprim/sulfamethoxazole,Susceptible
562.26284,ampicillin,Resistant
562.26284,ciprofloxacin,Resistant
562.26284,gentamicin,Susceptible
562.26284,trimethoprim/sulfamethoxazole,Resistant
562.26285,ampicillin,Susceptible
562.26285,ciprofloxacin,Resistant
562.26285,gentamicin,Susceptible
562.26285,trimethoprim/sulfamethoxazole,Resistant
562.26286,ampicillin,Susceptible
562.26286,ciprofloxacin,Susceptible
562.26286,gentamicin,Susceptible
562.26286,trimethoprim/sulfamethoxazole,Susceptible
562.26287,ampicillin,Resistant
562.26287,ciprofloxacin,Susceptible
562.26287,gentamicin,Susceptible
562.26287,trimethoprim/sulfamethoxazole,Resistant
562.26288,ampicillin,Resistant
562.26288,ciprofloxacin,Susceptible
562.26288,gentamicin,Susceptible
562.26288,trimethoprim/sulfamethoxazole,Susceptible
562.26289,ampicillin,Resistant
562.26289,ciprofloxacin,Susceptible
562.26289,gentamicin,Susceptible
562.26289,trimethoprim/sulfamethoxazole,Susceptible
562.26290,ampicillin,Resistant
562.26290,ciprofloxacin,Susceptible
562.26290,gentamicin,Susceptible
562.26290,trimethoprim/sulfamethoxazole,Susceptible
562.26291,ampicillin,Resistant
562.26291,ciprofloxacin,Susceptible
562.26291,gentamicin,Susceptible
562.26291,trimethoprim/sulfamethoxazole,Resistant
562.26292,ampicillin,Susceptible
562.26292,ciprofloxacin,Susceptible
562.26292,gentamicin,Susceptible
562.26292,trimethoprim/sulfamethoxazole,Susceptible
562.26293,ampicillin,Susceptible
562.26293,ciprofloxacin,Susceptible
562.26293,gentamicin,Susceptible
562.26293,trimethoprim/sulfamethoxazole,Resistant
562.26294,ampicillin,Resistant
562.26294,ciprofloxacin,Susceptible
562.26294,gentamicin,Resistant
562.26294,trimethoprim/sulfamethoxazole,Susceptible
562.26295,ampicillin,Resistant
562.26295,ciprofloxacin,Resistant
562.26295,gentamicin,Susceptible
562.26295,trimethoprim/sulfamethoxazole,Resistant
562.26296,ampicillin,Resistant
562.26296,ciprofloxacin,Susceptible
562.26296,gentamicin,Susceptible
562.26296,trimethoprim/sulfamethoxazole,Susceptible
562.26297,ampicillin,Susceptible
562.26297,ciprofloxacin,Susceptible
562.26297,gentamicin,Susceptible
562.26297,trimethoprim/sulfamethoxazole,Resistant
562.26298,ampicillin,Resistant
562.26298,ciprofloxacin,Susceptible
562.26298,gentamicin,Susceptible
562.26298,trimethoprim/sulfamethoxazole,Resistant
562.26299,ampicillin,Resistant
562.26299,ciprofloxacin,Susceptible
562.26299,gentamicin,Susceptible
562.26299,trimethoprim/sulfamethoxazole,Susceptible
562.26300,ampicillin,Resistant
562.26300,ciprofloxacin,Susceptible
562.26300,gentamicin,Susceptible
562.26300,trimethoprim/sulfamethoxazole,Susceptible
562.26301,ampicillin,Resistant
562.26301,ciprofloxacin,Susceptible
562.26301,gentamicin,Susceptible
562.26301,trimethoprim/sulfamethoxazole,Susceptible
562.26302,ampicillin,Resistant
562.26302,ciprofloxacin,Susceptible
562.26302,gentamicin,Susceptible
562.26302,trimethoprim/sulfamethoxazole,Susceptible
562.26303,ampicillin,Resistant
562.26303,ciprofloxacin,Susceptible
562.26303,gentamicin,Susceptible
562.26303,trimethoprim/sulfamethoxazole,Susceptible
562.26304,ampicillin,Resistant
562.26304,gentamicin,Resistant
562.26304,trimethoprim/sulfamethoxazole,Susceptible
562.26305,ampicillin,Resistant
562.26305,ciprofloxacin,Susceptible
562.26305,gentamicin,Susceptible
562.26305,trimethoprim/sulfamethoxazole,Resistant
562.26306,ampicillin,Resistant
562.26306,ciprofloxacin,Susceptible
562.26306,gentamicin,Susceptible
562.26306,trimethoprim/sulfamethoxazole,Susceptible
562.26307,ampicillin,Resistant
562.26307,ciprofloxacin,Susceptible
562.26307,gentamicin,Susceptible
562.26307,trimethoprim/sulfamethoxazole,Susceptible
562.26308,ampicillin,Resistant
562.26308,ciprofloxacin,Susceptible
562.26308,gentamicin,Susceptible
562.26308,trimethoprim/sulfamethoxazole,Susceptible
562.26309,ampicillin,Resistant
562.26309,ciprofloxacin,Susceptible
562.26309,gentamicin,Susceptible
562.26309,trimethoprim/sulfamethoxazole,Susceptible
562.26310,ampicillin,Resistant
562.26310,ciprofloxacin,Susceptible
562.26310,gentamicin,Susceptible
562.26310,trimethoprim/sulfamethoxazole,Susceptible
562.26311,ampicillin,Susceptible
562.26311,ciprofloxacin,Susceptible
562.26311,gentamicin,Susceptible
562.26311,trimethoprim/sulfamethoxazole,Susceptible
562.26312,ampicillin,Susceptible
562.26312,ciprofloxacin,Susceptible
562.26312,gentamicin,Susceptible
562.26312,trimethoprim/sulfamethoxazole,Susceptible
562.26313,ampicillin,Resistant
562.26313,ciprofloxacin,Resistant
562.26313,gentamicin,Susceptible
562.26313,trimethoprim/sulfamethoxazole,Susceptible
562.26314,ampicillin,Resistant
562.26314,ciprofloxacin,Susceptible
562.26314,gentamicin,Susceptible
562.26314,trimethoprim/sulfamethoxazole,Susceptible
562.26315,ampicillin,Susceptible
562.26315,ciprofloxacin,Susceptible
562.26315,gentamicin,Susceptible
562.26315,trimethoprim/sulfamethoxazole,Susceptible
562.26316,ampicillin,Susceptible
562.26316,ciprofloxacin,Susceptible
562.26316,gentamicin,Susceptible
562.26316,trimethoprim/sulfamethoxazole,Susceptible
562.26317,ampicillin,Susceptible
562.26317,ciprofloxacin,Resistant
562.26317,gentamicin,Susceptible
562.26317,trimethoprim/sulfamethoxazole,Susceptible
562.26318,ampicillin,Resistant
562.26318,ciprofloxacin,Susceptible
562.26318,gentamicin,Resistant
562.26318,trimethoprim/sulfamethoxazole,Resistant
562.28111,cefotaxime,Resistant
562.28112,cefotaxime,Resistant
562.28113,cefotaxime,Resistant
562.28114,cefotaxime,Resistant
562.28810,cefotaxime,Resistant
562.28811,cefotaxime,Resistant
562.28981,cefotaxime,Resistant
562.28982,cefotaxime,Resistant
562.28997,cefotaxime,Resistant
562.28998,cefotaxime,Resistant
562.28999,cefotaxime,Resistant
562.29000,cefotaxime,Resistant
562.29001,cefotaxime,Resistant
562.29002,cefotaxime,Resistant
562.30304,cefotaxime,Resistant
562.30305,cefotaxime,Resistant
562.30306,cefotaxime,Resistant
562.30307,cefotaxime,Resistant
562.30308,cefotaxime,Resistant
562.30309,cefotaxime,Resistant
562.30310,cefotaxime,Resistant
562.52539,cefotaxime,Resistant
562.52539,ciprofloxacin,Resistant
562.52539,gentamicin,Resistant
562.52539,trimethoprim/sulfamethoxazole,Resistant
562.52540,cefotaxime,Resistant
562.52540,ciprofloxacin,Resistant
562.52540,gentamicin,Resistant
562.52540,trimethoprim/sulfamethoxazole,Resistant
562.52541,cefotaxime,Resistant
562.52541,ciprofloxacin,Resistant
562.52541,gentamicin,Susceptible
562.52541,trimethoprim/sulfamethoxazole,Resistant
562.52542,cefotaxime,Resistant
562.52542,ciprofloxacin,Resistant
562.52542,gentamicin,Resistant
562.52542,trimethoprim/sulfamethoxazole,Resistant
562.52543,cefotaxime,Resistant
562.52543,ciprofloxacin,Resistant
562.52543,gentamicin,Susceptible
562.52543,trimethoprim/sulfamethoxazole,Resistant
562.52544,cefotaxime,Resistant
562.52544,gentamicin,Susceptible
562.52544,trimethoprim/sulfamethoxazole,Resistant
562.52545,cefotaxime,Resistant
562.52545,ciprofloxacin,Resistant
562.52545,gentamicin,Resistant
562.52545,trimethoprim/sulfamethoxazole,Resistant
562.52546,cefotaxime,Resistant
562.52546,ciprofloxacin,Resistant
562.52546,gentamicin,Resistant
562.52546,trimethoprim/sulfamethoxazole,Resistant
562.52547,cefotaxime,Resistant
562.52547,ciprofloxacin,Resistant
562.52547,gentamicin,Susceptible
562.52547,trimethoprim/sulfamethoxazole,Resistant
562.52548,cefotaxime,Resistant
562.52548,ciprofloxacin,Susceptible
562.52548,gentamicin,Resistant
562.52548,trimethoprim/sulfamethoxazole,Resistant
562.52549,cefotaxime,Resistant
562.52549,ciprofloxacin,Resistant
562.52549,gentamicin,Resistant
562.52549,trimethoprim/sulfamethoxazole,Resistant
562.52550,cefotaxime,Resistant
562.52550,ciprofloxacin,Resistant
562.52550,gentamicin,Resistant
562.52550,trimethoprim/sulfamethoxazole,Resistant
562.52551,cefotaxime,Resistant
562.52551,ciprofloxacin,Resistant
562.52551,gentamicin,Resistant
562.52551,trimethoprim/sulfamethoxazole,Resistant
562.52552,cefotaxime,Resistant
562.52552,ciprofloxacin,Resistant
562.52552,gentamicin,Resistant
562.52552,trimethoprim/sulfamethoxazole,Resistant
562.52553,cefotaxime,Resistant
562.52553,ciprofloxacin,Resistant
562.52553,gentamicin,Susceptible
562.52553,trimethoprim/sulfamethoxazole,Resistant
562.52554,cefotaxime,Resistant
562.52554,ciprofloxacin,Resistant
562.52554,gentamicin,Resistant
562.52554,trimethoprim/sulfamethoxazole,Resistant
562.52555,cefotaxime,Resistant
562.52555,ciprofloxacin,Resistant
562.52555,gentamicin,Susceptible
562.52555,trimethoprim/sulfamethoxazole,Resistant
562.52556,cefotaxime,Resistant
562.52556,ciprofloxacin,Resistant
562.52556,gentamicin,Susceptible
562.52556,trimethoprim/sulfamethoxazole,Resistant
562.52557,cefotaxime,Resistant
562.52557,ciprofloxacin,Resistant
562.52557,gentamicin,Resistant
562.52557,trimethoprim/sulfamethoxazole,Resistant
562.52558,cefotaxime,Resistant
562.52558,ciprofloxacin,Resistant
562.52558,gentamicin,Resistant
562.52558,trimethoprim/sulfamethoxazole,Resistant
562.52559,cefotaxime,Resistant
562.52559,ciprofloxacin,Resistant
562.52559,gentamicin,Susceptible
562.52559,trimethoprim/sulfamethoxazole,Resistant
562.52560,cefotaxime,Resistant
562.52560,ciprofloxacin,Resistant
562.52560,gentamicin,Resistant
562.52560,trimethoprim/sulfamethoxazole,Resistant
562.52561,cefotaxime,Resistant
562.52561,ciprofloxacin,Resistant
562.52561,gentamicin,Resistant
562.52561,trimethoprim/sulfamethoxazole,Resistant
562.52562,cefotaxime,Resistant
562.52562,ciprofloxacin,Resistant
562.52562,gentamicin,Susceptible
562.52562,trimethoprim/sulfamethoxazole,Resistant
562.52563,cefotaxime,Resistant
562.52563,ciprofloxacin,Resistant
562.52563,gentamicin,Resistant
562.52563,trimethoprim/sulfamethoxazole,Resistant
562.52564,cefotaxime,Resistant
562.52564,ciprofloxacin,Resistant
562.52564,gentamicin,Susceptible
562.52564,trimethoprim/sulfamethoxazole,Resistant
562.52565,cefotaxime,Resistant
562.52565,ciprofloxacin,Resistant
562.52565,gentamicin,Resistant
562.52565,trimethoprim/sulfamethoxazole,Resistant
562.52566,cefotaxime,Resistant
562.52566,gentamicin,Resistant
562.52566,trimethoprim/sulfamethoxazole,Resistant
562.52570,cefotaxime,Resistant
562.52570,ciprofloxacin,Resistant
562.52570,gentamicin,Resistant
562.52570,trimethoprim/sulfamethoxazole,Resistant
562.52571,cefotaxime,Resistant
562.52571,ciprofloxacin,Susceptible
562.52571,gentamicin,Susceptible
562.52571,trimethoprim/sulfamethoxazole,Resistant
562.52573,cefotaxime,Resistant
562.52573,ciprofloxacin,Resistant
562.52573,gentamicin,Resistant
562.52573,trimethoprim/sulfamethoxazole,Resistant
562.52574,cefotaxime,Resistant
562.52574,ciprofloxacin,Resistant
562.52574,gentamicin,Resistant
562.52574,trimethoprim/sulfamethoxazole,Resistant
562.52575,cefotaxime,Resistant
562.52575,ciprofloxacin,Resistant
562.52575,gentamicin,Susceptible
562.52575,trimethoprim/sulfamethoxazole,Resistant
562.52576,cefotaxime,Resistant
562.52576,ciprofloxacin,Susceptible
562.52576,gentamicin,Susceptible
562.52576,trimethoprim/sulfamethoxazole,Resistant
562.52577,cefotaxime,Resistant
562.52577,ciprofloxacin,Susceptible
562.52577,gentamicin,Susceptible
562.52577,trimethoprim/sulfamethoxazole,Resistant
562.52578,cefotaxime,Resistant
562.52578,gentamicin,Susceptible
562.52578,trimethoprim/sulfamethoxazole,Resistant
562.52579,cefotaxime,Resistant
562.52579,gentamicin,Resistant
562.52579,trimethoprim/sulfamethoxazole,Resistant
562.52580,cefotaxime,Resistant
562.52580,gentamicin,Susceptible
562.52580,trimethoprim/sulfamethoxazole,Resistant
562.52581,cefotaxime,Resistant
562.52581,ciprofloxacin,Resistant
562.52581,gentamicin,Resistant
562.52581,trimethoprim/sulfamethoxazole,Resistant
562.52583,cefotaxime,Resistant
562.52583,ciprofloxacin,Resistant
562.52583,gentamicin,Resistant
562.52583,trimethoprim/sulfamethoxazole,Resistant
562.52584,cefotaxime,Resistant
562.52584,ciprofloxacin,Resistant
562.52584,gentamicin,Susceptible
562.52584,trimethoprim/sulfamethoxazole,Resistant
562.52585,cefotaxime,Resistant
562.52585,ciprofloxacin,Resistant
562.52585,gentamicin,Resistant
562.52585,trimethoprim/sulfamethoxazole,Resistant
562.52586,cefotaxime,Resistant
562.52586,ciprofloxacin,Resistant
562.52586,gentamicin,Resistant
562.52586,trimethoprim/sulfamethoxazole,Susceptible
562.52587,cefotaxime,Resistant
562.52587,ciprofloxacin,Susceptible
562.52587,gentamicin,Susceptible
562.52587,trimethoprim/sulfamethoxazole,Susceptible
562.52588,cefotaxime,Resistant
562.52588,ciprofloxacin,Susceptible
562.52588,gentamicin,Resistant
562.52588,trimethoprim/sulfamethoxazole,Resistant
562.52590,cefotaxime,Resistant
562.52590,ciprofloxacin,Resistant
562.52590,gentamicin,Resistant
562.52590,trimethoprim/sulfamethoxazole,Resistant
562.52591,cefotaxime,Resistant
562.52591,ciprofloxacin,Susceptible
562.52591,gentamicin,Susceptible
562.52591,trimethoprim/sulfamethoxazole,Resistant
562.52592,cefotaxime,Resistant
562.52592,gentamicin,Susceptible
562.52592,trimethoprim/sulfamethoxazole,Resistant
562.52593,cefotaxime,Resistant
562.52593,ciprofloxacin,Resistant
562.52593,gentamicin,Susceptible
562.52593,trimethoprim/sulfamethoxazole,Resistant
562.52594,cefotaxime,Resistant
562.52594,ciprofloxacin,Resistant
562.52594,gentamicin,Susceptible
562.52594,trimethoprim/sulfamethoxazole,Resistant
562.52595,cefotaxime,Resistant
562.52595,ciprofloxacin,Resistant
562.52595,gentamicin,Susceptible
562.52595,trimethoprim/sulfamethoxazole,Resistant
562.52596,cefotaxime,Resistant
562.52596,ciprofloxacin,Resistant
562.52596,gentamicin,Susceptible
562.52596,trimethoprim/sulfamethoxazole,Resistant
562.52597,cefotaxime,Resistant
562.52597,ciprofloxacin,Resistant
562.52597,gentamicin,Resistant
562.52597,trimethoprim/sulfamethoxazole,Resistant
562.52598,cefotaxime,Resistant
562.52598,ciprofloxacin,Resistant
562.52598,gentamicin,Susceptible
562.52598,trimethoprim/sulfamethoxazole,Resistant
562.52599,cefotaxime,Resistant
562.52599,ciprofloxacin,Resistant
562.52599,gentamicin,Resistant
562.52599,trimethoprim/sulfamethoxazole,Resistant
562.52600,cefotaxime,Resistant
562.52600,ciprofloxacin,Resistant
562.52600,gentamicin,Susceptible
562.52600,trimethoprim/sulfamethoxazole,Resistant
562.52601,cefotaxime,Resistant
562.52601,ciprofloxacin,Resistant
562.52601,gentamicin,Resistant
562.52601,trimethoprim/sulfamethoxazole,Resistant
562.52602,cefotaxime,Resistant
562.52602,ciprofloxacin,Susceptible
562.52602,gentamicin,Susceptible
562.52602,trimethoprim/sulfamethoxazole,Resistant
562.52603,cefotaxime,Resistant
562.52603,ciprofloxacin,Resistant
562.52603,gentamicin,Resistant
562.52603,trimethoprim/sulfamethoxazole,Resistant
562.52604,cefotaxime,Resistant
562.52604,ciprofloxacin,Resistant
562.52604,gentamicin,Resistant
562.52604,trimethoprim/sulfamethoxazole,Resistant
562.52605,cefotaxime,Resistant
562.52605,ciprofloxacin,Susceptible
562.52605,gentamicin,Susceptible
562.52605,trimethoprim/sulfamethoxazole,Resistant
562.52606,cefotaxime,Resistant
562.52606,ciprofloxacin,Resistant
562.52606,gentamicin,Resistant
562.52606,trimethoprim/sulfamethoxazole,Resistant
562.52607,cefotaxime,Resistant
562.52607,ciprofloxacin,Resistant
562.52607,gentamicin,Resistant
562.52607,trimethoprim/sulfamethoxazole,Resistant
562.52608,cefotaxime,Resistant
562.52608,ciprofloxacin,Susceptible
562.52608,gentamicin,Resistant
562.52608,trimethoprim/sulfamethoxazole,Resistant
562.52609,cefotaxime,Resistant
562.52609,ciprofloxacin,Resistant
562.52609,gentamicin,Susceptible
562.52609,trimethoprim/sulfamethoxazole,Resistant
562.52610,cefotaxime,Resistant
562.52610,ciprofloxacin,Resistant
562.52610,gentamicin,Susceptible
562.52610,trimethoprim/sulfamethoxazole,Resistant
562.52611,cefotaxime,Resistant
562.52611,ciprofloxacin,Susceptible
562.52611,gentamicin,Resistant
562.52611,trimethoprim/sulfamethoxazole,Resistant
562.52612,cefotaxime,Resistant
562.52612,gentamicin,Resistant
562.52612,trimethoprim/sulfamethoxazole,Resistant
562.52613,cefotaxime,Resistant
562.52613,ciprofloxacin,Resistant
562.52613,gentamicin,Resistant
562.52613,trimethoprim/sulfamethoxazole,Resistant
562.52614,cefotaxime,Resistant
562.52614,ciprofloxacin,Susceptible
562.52614,gentamicin,Susceptible
562.52614,trimethoprim/sulfamethoxazole,Resistant
562.52615,cefotaxime,Resistant
562.52615,ciprofloxacin,Resistant
562.52615,gentamicin,Resistant
562.52615,trimethoprim/sulfamethoxazole,Resistant
562.52616,cefotaxime,Resistant
562.52616,gentamicin,Susceptible
562.52616,trimethoprim/sulfamethoxazole,Resistant
562.52617,cefotaxime,Resistant
562.52617,ciprofloxacin,Resistant
562.52617,gentamicin,Susceptible
562.52617,trimethoprim/sulfamethoxazole,Resistant
562.52618,cefotaxime,Resistant
562.52618,ciprofloxacin,Susceptible
562.52618,gentamicin,Resistant
562.52618,trimethoprim/sulfamethoxazole,Resistant
562.52619,cefotaxime,Resistant
562.52619,ciprofloxacin,Susceptible
562.52619,gentamicin,Resistant
562.52619,trimethoprim/sulfamethoxazole,Resistant
562.52620,cefotaxime,Resistant
562.52620,ciprofloxacin,Resistant
562.52620,gentamicin,Resistant
562.52620,trimethoprim/sulfamethoxazole,Resistant
562.52621,cefotaxime,Resistant
562.52621,ciprofloxacin,Susceptible
562.52621,gentamicin,Resistant
562.52621,trimethoprim/sulfamethoxazole,Resistant
562.52622,cefotaxime,Resistant
562.52622,gentamicin,Resistant
562.52622,trimethoprim/sulfamethoxazole,Resistant
562.52623,cefotaxime,Resistant
562.52623,ciprofloxacin,Resistant
562.52623,gentamicin,Susceptible
562.52623,trimethoprim/sulfamethoxazole,Resistant
562.52624,cefotaxime,Resistant
562.52624,ciprofloxacin,Susceptible
562.52624,gentamicin,Susceptible
562.52624,trimethoprim/sulfamethoxazole,Resistant
562.52625,cefotaxime,Resistant
562.52625,ciprofloxacin,Resistant
562.52625,gentamicin,Resistant
562.52625,trimethoprim/sulfamethoxazole,Resistant
562.52626,cefotaxime,Resistant
562.52626,ciprofloxacin,Resistant
562.52626,gentamicin,Resistant
562.52626,trimethoprim/sulfamethoxazole,Resistant
562.52627,cefotaxime,Resistant
562.52627,ciprofloxacin,Resistant
562.52627,gentamicin,Resistant
562.52627,trimethoprim/sulfamethoxazole,Resistant
562.52628,cefotaxime,Resistant
562.52628,ciprofloxacin,Resistant
562.52628,gentamicin,Resistant
562.52628,trimethoprim/sulfamethoxazole,Resistant
562.52629,cefotaxime,Resistant
562.52629,ciprofloxacin,Resistant
562.52629,gentamicin,Susceptible
562.52629,trimethoprim/sulfamethoxazole,Resistant
562.52630,cefotaxime,Resistant
562.52630,ciprofloxacin,Resistant
562.52630,gentamicin,Resistant
562.52630,trimethoprim/sulfamethoxazole,Resistant
562.52631,cefotaxime,Resistant
562.52631,ciprofloxacin,Resistant
562.52631,gentamicin,Susceptible
562.52631,trimethoprim/sulfamethoxazole,Resistant
562.52640,cefotaxime,Resistant
562.52640,ciprofloxacin,Resistant
562.52640,gentamicin,Resistant
562.52640,trimethoprim/sulfamethoxazole,Resistant
562.5419,ampicillin,Resistant
562.5419,ciprofloxacin,Susceptible
562.5419,gentamicin,Susceptible
562.5419,trimethoprim/sulfamethoxazole,Resistant
562.5420,ampicillin,Resistant
562.5420,ciprofloxacin,Susceptible
562.5420,gentamicin,Resistant
562.5420,trimethoprim/sulfamethoxazole,Resistant
562.5421,ampicillin,Susceptible
562.5421,ciprofloxacin,Resistant
562.5421,gentamicin,Susceptible
562.5421,trimethoprim/sulfamethoxazole,Susceptible
562.5422,ampicillin,Susceptible
562.5422,ciprofloxacin,Susceptible
562.5422,gentamicin,Susceptible
562.5422,trimethoprim/sulfamethoxazole,Susceptible
562.5423,ampicillin,Susceptible
562.5423,ciprofloxacin,Resistant
562.5423,gentamicin,Susceptible
562.5423,trimethoprim/sulfamethoxazole,Susceptible
562.5424,ampicillin,Susceptible
562.5424,ciprofloxacin,Susceptible
562.5424,gentamicin,Susceptible
562.5424,trimethoprim/sulfamethoxazole,Susceptible
562.5425,ampicillin,Susceptible
562.5425,gentamicin,Susceptible
562.5425,trimethoprim/sulfamethoxazole,Susceptible
562.5426,ampicillin,Resistant
562.5426,ciprofloxacin,Susceptible
562.5426,gentamicin,Susceptible
562.5426,trimethoprim/sulfamethoxazole,Susceptible
562.5427,ampicillin,Resistant
562.5427,ciprofloxacin,Resistant
562.5427,gentamicin,Susceptible
562.5427,trimethoprim/sulfamethoxazole,Susceptible
562.5428,ampicillin,Susceptible
562.5428,ciprofloxacin,Susceptible
562.5428,gentamicin,Susceptible
562.5428,trimethoprim/sulfamethoxazole,Susceptible
562.5429,ampicillin,Resistant
562.5429,ciprofloxacin,Susceptible
562.5429,gentamicin,Susceptible
562.5429,trimethoprim/sulfamethoxazole,Susceptible
562.5430,ampicillin,Resistant
562.5430,ciprofloxacin,Susceptible
562.5430,gentamicin,Susceptible
562.5430,trimethoprim/sulfamethoxazole,Susceptible
562.5431,ampicillin,Resistant
562.5431,ciprofloxacin,Susceptible
562.5431,gentamicin,Susceptible
562.5431,trimethoprim/sulfamethoxazole,Susceptible
562.5432,ampicillin,Resistant
562.5432,ciprofloxacin,Susceptible
562.5432,gentamicin,Susceptible
562.5432,trimethoprim/sulfamethoxazole,Susceptible
562.5433,ampicillin,Resistant
562.5433,ciprofloxacin,Susceptible
562.5433,gentamicin,Susceptible
562.5433,trimethoprim/sulfamethoxazole,Susceptible
562.5434,ampicillin,Resistant
562.5434,ciprofloxacin,Susceptible
562.5434,gentamicin,Susceptible
562.5434,trimethoprim/sulfamethoxazole,Susceptible
562.5435,ampicillin,Resistant
562.5435,ciprofloxacin,Susceptible
562.5435,gentamicin,Susceptible
562.5435,trimethoprim/sulfamethoxazole,Susceptible
562.5436,ampicillin,Resistant
562.5436,ciprofloxacin,Susceptible
562.5436,gentamicin,Susceptible
562.5436,trimethoprim/sulfamethoxazole,Susceptible
562.5437,ampicillin,Resistant
562.5437,ciprofloxacin,Susceptible
562.5437,gentamicin,Susceptible
562.5437,trimethoprim/sulfamethoxazole,Susceptible
562.5438,ampicillin,Resistant
562.5438,ciprofloxacin,Susceptible
562.5438,gentamicin,Susceptible
562.5438,trimethoprim/sulfamethoxazole,Resistant
562.5439,ampicillin,Resistant
562.5439,ciprofloxacin,Susceptible
562.5439,gentamicin,Susceptible
562.5439,trimethoprim/sulfamethoxazole,Susceptible
562.5440,ampicillin,Resistant
562.5440,ciprofloxacin,Susceptible
562.5440,gentamicin,Susceptible
562.5440,trimethoprim/sulfamethoxazole,Susceptible
562.5441,ampicillin,Resistant
562.5441,ciprofloxacin,Susceptible
562.5441,gentamicin,Susceptible
562.5441,trimethoprim/sulfamethoxazole,Susceptible
562.5442,ampicillin,Resistant
562.5442,ciprofloxacin,Susceptible
562.5442,gentamicin,Susceptible
562.5442,trimethoprim/sulfamethoxazole,Susceptible
562.5443,ampicillin,Resistant
562.5443,ciprofloxacin,Susceptible
562.5443,gentamicin,Susceptible
562.5443,trimethoprim/sulfamethoxazole,Susceptible
562.5444,ampicillin,Resistant
562.5444,ciprofloxacin,Susceptible
562.5444,gentamicin,Susceptible
562.5444,trimethoprim/sulfamethoxazole,Resistant
562.5445,ampicillin,Susceptible
562.5445,ciprofloxacin,Susceptible
562.5445,gentamicin,Susceptible
562.5445,trimethoprim/sulfamethoxazole,Resistant
562.5446,ampicillin,Resistant
562.5446,ciprofloxacin,Susceptible
562.5446,gentamicin,Susceptible
562.5446,trimethoprim/sulfamethoxazole,Susceptible
562.5447,ampicillin,Resistant
562.5447,ciprofloxacin,Resistant
562.5447,gentamicin,Susceptible
562.5447,trimethoprim/sulfamethoxazole,Resistant
562.5448,ampicillin,Susceptible
562.5448,ciprofloxacin,Susceptible
562.5448,gentamicin,Susceptible
562.5448,trimethoprim/sulfamethoxazole,Resistant
562.5449,ampicillin,Susceptible
562.5449,ciprofloxacin,Susceptible
562.5449,gentamicin,Susceptible
562.5449,trimethoprim/sulfamethoxazole,Susceptible
562.5450,ampicillin,Resistant
562.5450,ciprofloxacin,Susceptible
562.5450,gentamicin,Susceptible
562.5450,trimethoprim/sulfamethoxazole,Resistant
562.5451,ampicillin,Susceptible
562.5451,ciprofloxacin,Susceptible
562.5451,gentamicin,Susceptible
562.5451,trimethoprim/sulfamethoxazole,Susceptible
562.5452,ampicillin,Resistant
562.5452,ciprofloxacin,Susceptible
562.5452,gentamicin,Susceptible
562.5452,trimethoprim/sulfamethoxazole,Susceptible
562.5453,ampicillin,Resistant
562.5453,ciprofloxacin,Susceptible
562.5453,gentamicin,Susceptible
562.5453,trimethoprim/sulfamethoxazole,Susceptible
562.5454,ampicillin,Resistant
562.5454,ciprofloxacin,Susceptible
562.5454,gentamicin,Susceptible
562.5454,trimethoprim/sulfamethoxazole,Susceptible
562.5455,ampicillin,Resistant
562.5455,ciprofloxacin,Susceptible
562.5455,gentamicin,Susceptible
562.5455,trimethoprim/sulfamethoxazole,Susceptible
562.5456,ampicillin,Resistant
562.5456,ciprofloxacin,Susceptible
562.5456,gentamicin,Susceptible
562.5456,trimethoprim/sulfamethoxazole,Susceptible
562.5457,ampicillin,Susceptible
562.5457,ciprofloxacin,Susceptible
562.5457,gentamicin,Susceptible
562.5457,trimethoprim/sulfamethoxazole,Susceptible
562.5458,ampicillin,Susceptible
562.5458,ciprofloxacin,Susceptible
562.5458,gentamicin,Susceptible
562.5458,trimethoprim/sulfamethoxazole,Susceptible
562.5459,ampicillin,Resistant
562.5459,ciprofloxacin,Susceptible
562.5459,gentamicin,Susceptible
562.5459,trimethoprim/sulfamethoxazole,Susceptible
562.5460,ampicillin,Resistant
562.5460,ciprofloxacin,Susceptible
562.5460,gentamicin,Susceptible
562.5460,trimethoprim/sulfamethoxazole,Susceptible
562.5461,ampicillin,Susceptible
562.5461,ciprofloxacin,Susceptible
562.5461,gentamicin,Susceptible
562.5461,trimethoprim/sulfamethoxazole,Susceptible
562.5462,ampicillin,Resistant
562.5462,ciprofloxacin,Susceptible
562.5462,gentamicin,Susceptible
562.5462,trimethoprim/sulfamethoxazole,Susceptible
562.5463,ampicillin,Resistant
562.5463,ciprofloxacin,Susceptible
562.5463,gentamicin,Susceptible
562.5463,trimethoprim/sulfamethoxazole,Susceptible
562.5464,ampicillin,Resistant
562.5464,ciprofloxacin,Susceptible
562.5464,gentamicin,Susceptible
562.5464,trimethoprim/sulfamethoxazole,Susceptible
562.5465,ampicillin,Resistant
562.5465,ciprofloxacin,Susceptible
562.5465,gentamicin,Susceptible
562.5465,trimethoprim/sulfamethoxazole,Susceptible
562.5466,ampicillin,Resistant
562.5466,ciprofloxacin,Resistant
562.5466,gentamicin,Susceptible
562.5466,trimethoprim/sulfamethoxazole,Susceptible
562.5467,ampicillin,Resistant
562.5467,ciprofloxacin,Susceptible
562.5467,gentamicin,Susceptible
562.5467,trimethoprim/sulfamethoxazole,Susceptible
562.5468,ampicillin,Resistant
562.5468,ciprofloxacin,Susceptible
562.5468,gentamicin,Susceptible
562.5468,trimethoprim/sulfamethoxazole,Susceptible
562.5469,ampicillin,Susceptible
562.5469,ciprofloxacin,Susceptible
562.5469,gentamicin,Susceptible
562.5469,trimethoprim/sulfamethoxazole,Resistant
562.5470,ampicillin,Resistant
562.5470,ciprofloxacin,Susceptible
562.5470,gentamicin,Susceptible
562.5470,trimethoprim/sulfamethoxazole,Susceptible
562.5471,ampicillin,Susceptible
562.5471,ciprofloxacin,Susceptible
562.5471,gentamicin,Susceptible
562.5471,trimethoprim/sulfamethoxazole,Susceptible
562.5671,ampicillin,Resistant
562.5671,ciprofloxacin,Susceptible
562.5671,gentamicin,Susceptible
562.5671,trimethoprim/sulfamethoxazole,Susceptible
562.5676,ampicillin,Resistant
562.5676,ciprofloxacin,Susceptible
562.5676,gentamicin,Susceptible
562.5676,trimethoprim/sulfamethoxazole,Susceptible
562.5681,ampicillin,Susceptible
562.5681,ciprofloxacin,Susceptible
562.5681,gentamicin,Susceptible
562.5681,trimethoprim/sulfamethoxazole,Susceptible
562.5686,ampicillin,Resistant
562.5686,ciprofloxacin,Susceptible
562.5686,gentamicin,Susceptible
562.5686,trimethoprim/sulfamethoxazole,Susceptible
562.5689,ampicillin,Resistant
562.5689,gentamicin,Resistant
562.5689,trimethoprim/sulfamethoxazole,Susceptible
562.5690,ampicillin,Resistant
562.5690,ciprofloxacin,Susceptible
562.5690,gentamicin,Susceptible
562.5690,trimethoprim/sulfamethoxazole,Susceptible
562.5691,ampicillin,Resistant
562.5691,ciprofloxacin,Susceptible
562.5691,gentamicin,Susceptible
562.5691,trimethoprim/sulfamethoxazole,Susceptible
562.5692,ampicillin,Resistant
562.5692,ciprofloxacin,Susceptible
562.5692,gentamicin,Resistant
562.5692,trimethoprim/sulfamethoxazole,Susceptible
562.5693,ampicillin,Resistant
562.5693,ciprofloxacin,Susceptible
562.5693,gentamicin,Susceptible
562.5693,trimethoprim/sulfamethoxazole,Susceptible
562.5694,ampicillin,Resistant
562.5694,ciprofloxacin,Susceptible
562.5694,gentamicin,Susceptible
562.5694,trimethoprim/sulfamethoxazole,Susceptible
562.5695,ampicillin,Susceptible
562.5695,ciprofloxacin,Susceptible
562.5695,gentamicin,Susceptible
562.5695,trimethoprim/sulfamethoxazole,Susceptible
562.5696,ampicillin,Susceptible
562.5696,ciprofloxacin,Susceptible
562.5696,gentamicin,Susceptible
562.5696,trimethoprim/sulfamethoxazole,Susceptible
562.5697,ampicillin,Susceptible
562.5697,ciprofloxacin,Susceptible
562.5697,gentamicin,Susceptible
562.5697,trimethoprim/sulfamethoxazole,Susceptible
562.5698,ampicillin,Resistant
562.5698,ciprofloxacin,Susceptible
562.5698,gentamicin,Susceptible
562.5698,trimethoprim/sulfamethoxazole,Resistant
562.5699,ampicillin,Susceptible
562.5699,ciprofloxacin,Resistant
562.5699,gentamicin,Susceptible
562.5699,trimethoprim/sulfamethoxazole,Resistant
562.5700,ampicillin,Resistant
562.5700,ciprofloxacin,Resistant
562.5700,gentamicin,Susceptible
562.5700,trimethoprim/sulfamethoxazole,Resistant
562.5701,ampicillin,Resistant
562.5701,ciprofloxacin,Susceptible
562.5701,gentamicin,Susceptible
562.5701,trimethoprim/sulfamethoxazole,Resistant
562.5702,ampicillin,Resistant
562.5702,ciprofloxacin,Susceptible
562.5702,gentamicin,Susceptible
562.5702,trimethoprim/sulfamethoxazole,Susceptible
562.5703,ampicillin,Resistant
562.5703,ciprofloxacin,Resistant
562.5703,gentamicin,Susceptible
562.5703,trimethoprim/sulfamethoxazole,Susceptible
562.5704,ampicillin,Resistant
562.5704,ciprofloxacin,Susceptible
562.5704,gentamicin,Susceptible
562.5704,trimethoprim/sulfamethoxazole,Susceptible
562.5705,ampicillin,Susceptible
562.5705,ciprofloxacin,Susceptible
562.5705,gentamicin,Susceptible
562.5705,trimethoprim/sulfamethoxazole,Susceptible
562.5706,ampicillin,Resistant
562.5706,ciprofloxacin,Susceptible
562.5706,gentamicin,Susceptible
562.5706,trimethoprim/sulfamethoxazole,Susceptible
562.5708,ampicillin,Resistant
562.5708,ciprofloxacin,Susceptible
562.5708,gentamicin,Susceptible
562.5708,trimethoprim/sulfamethoxazole,Susceptible
562.64824,ampicillin,Resistant
562.64825,ampicillin,Susceptible
562.64826,ampicillin,Susceptible
562.64827,ampicillin,Resistant
562.64828,ampicillin,Resistant
562.64829,ampicillin,Susceptible
562.64830,ampicillin,Resistant
562.64831,ampicillin,Resistant
562.64832,ampicillin,Resistant
562.64833,ampicillin,Resistant
562.64834,ampicillin,Resistant
562.64835,ampicillin,Susceptible
562.64836,ampicillin,Resistant
562.64837,ampicillin,Susceptible
562.64838,ampicillin,Susceptible
562.64839,ampicillin,Resistant
562.64840,ampicillin,Susceptible
562.64841,ampicillin,Resistant
562.64842,ampicillin,Susceptible
562.64843,ampicillin,Resistant
562.64844,ampicillin,Resistant
562.64845,ampicillin,Resistant
562.64846,ampicillin,Susceptible
562.64847,ampicillin,Resistant
562.64848,ampicillin,Susceptible
562.64849,ampicillin,Resistant
562.64850,ampicillin,Susceptible
562.64851,ampicillin,Resistant
562.64852,ampicillin,Resistant
562.64853,ampicillin,Susceptible
562.64854,ampicillin,Susceptible
562.64855,ampicillin,Susceptible
562.64856,ampicillin,Susceptible
562.64857,ampicillin,Susceptible
562.64858,ampicillin,Resistant
562.64859,ampicillin,Susceptible
562.64860,ampicillin,Susceptible
562.64861,ampicillin,Resistant
562.64862,ampicillin,Resistant
562.64863,ampicillin,Susceptible
562.64864,ampicillin,Resistant
562.64865,ampicillin,Resistant
562.64866,ampicillin,Resistant
562.64867,ampicillin,Susceptible
562.64868,ampicillin,Resistant
562.64869,ampicillin,Resistant
562.64870,ampicillin,Resistant
562.64871,ampicillin,Resistant
562.64872,ampicillin,Resistant
562.64873,ampicillin,Resistant
562.64874,ampicillin,Resistant
562.64875,ampicillin,Resistant
562.64876,ampicillin,Susceptible
562.64877,ampicillin,Susceptible
562.64878,ampicillin,Resistant
562.64879,ampicillin,Resistant
562.64880,ampicillin,Resistant
562.64881,ampicillin,Resistant
562.64882,ampicillin,Susceptible
562.64883,ampicillin,Resistant
562.64884,ampicillin,Resistant
562.64885,ampicillin,Susceptible
562.64886,ampicillin,Resistant
562.64887,ampicillin,Susceptible
562.64888,ampicillin,Resistant
562.64889,ampicillin,Resistant
562.64890,ampicillin,Resistant
562.64891,ampicillin,Susceptible
562.64892,ampicillin,Susceptible
562.64893,ampicillin,Resistant
562.64894,ampicillin,Susceptible
562.64895,ampicillin,Resistant
562.64896,ampicillin,Resistant
562.64897,ampicillin,Resistant
562.64898,ampicillin,Susceptible
562.64899,ampicillin,Resistant
562.64900,ampicillin,Resistant
562.64901,ampicillin,Susceptible
562.64902,ampicillin,Resistant
562.64903,ampicillin,Resistant
562.64904,ampicillin,Susceptible
562.64905,ampicillin,Susceptible
562.64906,ampicillin,Resistant
562.64907,ampicillin,Susceptible
562.64908,ampicillin,Resistant
562.64909,ampicillin,Susceptible
562.64910,ampicillin,Susceptible
562.64911,ampicillin,Resistant
562.64912,ampicillin,Resistant
562.64913,ampicillin,Resistant
562.64914,ampicillin,Susceptible
562.64915,ampicillin,Resistant
562.64916,ampicillin,Resistant
562.64917,ampicillin,Susceptible
562.64918,ampicillin,Resistant
562.64919,ampicillin,Susceptible
562.64920,ampicillin,Resistant
562.64921,ampicillin,Resistant
562.64922,ampicillin,Resistant
562.64923,ampicillin,Resistant
562.64924,ampicillin,Resistant
562.64925,ampicillin,Susceptible
562.64926,ampicillin,Susceptible
562.64927,ampicillin,Susceptible
562.64928,ampicillin,Resistant
562.64929,ampicillin,Susceptible
562.64930,ampicillin,Susceptible
562.64931,ampicillin,Susceptible
562.64932,ampicillin,Resistant
562.64933,ampicillin,Susceptible
562.64934,ampicillin,Susceptible
562.64935,ampicillin,Susceptible
562.64936,ampicillin,Resistant
562.64937,ampicillin,Susceptible
562.64938,ampicillin,Susceptible
562.64939,ampicillin,Resistant
562.64940,ampicillin,Resistant
562.64941,ampicillin,Susceptible
562.64942,ampicillin,Susceptible
562.64943,ampicillin,Susceptible
562.64944,ampicillin,Resistant
562.64945,ampicillin,Resistant
562.64946,ampicillin,Resistant
562.64947,ampicillin,Susceptible
562.64948,ampicillin,Resistant
562.64949,ampicillin,Resistant
562.64950,ampicillin,Resistant
562.64951,ampicillin,Resistant
562.64952,ampicillin,Susceptible
562.64953,ampicillin,Resistant
562.64954,ampicillin,Resistant
562.64955,ampicillin,Susceptible
562.64956,ampicillin,Susceptible
562.64957,ampicillin,Resistant
562.64958,ampicillin,Susceptible
562.64959,ampicillin,Resistant
562.64960,ampicillin,Susceptible
562.64961,ampicillin,Resistant
562.64962,ampicillin,Susceptible
562.64963,ampicillin,Resistant
562.64964,ampicillin,Susceptible
562.64965,ampicillin,Susceptible
562.64966,ampicillin,Resistant
562.64967,ampicillin,Resistant
562.64968,ampicillin,Resistant
562.64969,ampicillin,Susceptible
562.64970,ampicillin,Resistant
562.64971,ampicillin,Susceptible
562.64972,ampicillin,Resistant
562.64973,ampicillin,Susceptible
562.64974,ampicillin,Resistant
562.64975,ampicillin,Resistant
562.64976,ampicillin,Susceptible
562.64977,ampicillin,Resistant
562.64978,ampicillin,Resistant
562.64979,ampicillin,Resistant
562.64980,ampicillin,Susceptible
562.64981,ampicillin,Susceptible
562.64982,ampicillin,Resistant
562.64983,ampicillin,Resistant
562.64984,ampicillin,Resistant
562.64985,ampicillin,Resistant
562.64986,ampicillin,Susceptible
562.64987,ampicillin,Susceptible
562.64988,ampicillin,Susceptible
562.64989,ampicillin,Resistant
562.64990,ampicillin,Resistant
562.64991,ampicillin,Susceptible
562.64992,ampicillin,Resistant
562.64993,ampicillin,Resistant
562.64994,ampicillin,Resistant
562.64995,ampicillin,Resistant
562.64996,ampicillin,Resistant
562.64997,ampicillin,Susceptible
562.64998,ampicillin,Susceptible
562.64999,ampicillin,Resistant
562.65000,ampicillin,Resistant
562.65001,ampicillin,Resistant
562.65002,ampicillin,Resistant
562.65003,ampicillin,Susceptible
562.65004,ampicillin,Resistant
562.65005,ampicillin,Susceptible
562.65006,ampicillin,Resistant
562.65007,ampicillin,Resistant
562.65008,ampicillin,Resistant
562.65009,ampicillin,Susceptible
562.65010,ampicillin,Susceptible
562.65011,ampicillin,Resistant
562.65012,ampicillin,Resistant
562.65013,ampicillin,Resistant
562.65014,ampicillin,Resistant
562.65015,ampicillin,Resistant
562.65016,ampicillin,Resistant
562.65017,ampicillin,Resistant
562.65018,ampicillin,Resistant
562.65019,ampicillin,Susceptible
562.65020,ampicillin,Susceptible
562.65021,ampicillin,Resistant
562.65022,ampicillin,Resistant
562.65023,ampicillin,Susceptible
562.65024,ampicillin,Susceptible
562.65025,ampicillin,Susceptible
562.65026,ampicillin,Susceptible
562.65027,ampicillin,Resistant
562.65028,ampicillin,Resistant
562.65029,ampicillin,Susceptible
562.65030,ampicillin,Susceptible
562.65031,ampicillin,Resistant
562.65032,ampicillin,Susceptible
562.65033,ampicillin,Susceptible
562.65034,ampicillin,Resistant
562.65035,ampicillin,Susceptible
562.65036,ampicillin,Resistant
562.65037,ampicillin,Susceptible
562.65038,ampicillin,Susceptible
562.65039,ampicillin,Resistant
562.65040,ampicillin,Susceptible
562.65041,ampicillin,Resistant
562.65042,ampicillin,Susceptible
562.65043,ampicillin,Susceptible
562.65044,ampicillin,Susceptible
562.65045,ampicillin,Susceptible
562.65046,ampicillin,Resistant
562.65047,ampicillin,Susceptible
562.65048,ampicillin,Susceptible
562.65049,ampicillin,Susceptible
562.65050,ampicillin,Resistant
562.65051,ampicillin,Susceptible
562.65052,ampicillin,Susceptible
562.65053,ampicillin,Resistant
562.65054,ampicillin,Susceptible
562.65055,ampicillin,Susceptible
562.65056,ampicillin,Resistant
562.65057,ampicillin,Resistant
562.65058,ampicillin,Susceptible
562.65059,ampicillin,Resistant
562.65060,ampicillin,Susceptible
562.65061,ampicillin,Resistant
562.65062,ampicillin,Resistant
562.65063,ampicillin,Susceptible
562.65064,ampicillin,Resistant
562.65065,ampicillin,Susceptible
562.65066,ampicillin,Resistant
562.65067,ampicillin,Resistant
562.65068,ampicillin,Susceptible
562.65069,ampicillin,Susceptible
562.65070,ampicillin,Resistant
562.65071,ampicillin,Resistant
562.65072,ampicillin,Susceptible
562.65073,ampicillin,Resistant
562.65074,ampicillin,Susceptible
562.65075,ampicillin,Susceptible
562.65076,ampicillin,Resistant
562.65077,ampicillin,Susceptible
562.65078,ampicillin,Susceptible
562.65079,ampicillin,Resistant
562.65080,ampicillin,Resistant
562.65081,ampicillin,Susceptible
562.65082,ampicillin,Resistant
562.65083,ampicillin,Susceptible
562.65084,ampicillin,Resistant
562.65085,ampicillin,Resistant
562.65086,ampicillin,Resistant
562.65087,ampicillin,Resistant
562.65088,ampicillin,Resistant
562.65089,ampicillin,Resistant
562.65090,ampicillin,Resistant
562.65091,ampicillin,Resistant
562.65092,ampicillin,Resistant
562.65093,ampicillin,Susceptible
562.65094,ampicillin,Susceptible
562.65095,ampicillin,Resistant
562.65097,ampicillin,Resistant
562.65098,ampicillin,Resistant
562.65099,ampicillin,Susceptible
562.65100,ampicillin,Resistant
562.65102,ampicillin,Susceptible
562.65103,ampicillin,Resistant
562.65104,ampicillin,Resistant
562.65105,ampicillin,Susceptible
562.65106,ampicillin,Susceptible
562.65107,ampicillin,Susceptible
562.65108,ampicillin,Susceptible
562.65109,ampicillin,Resistant
562.65110,ampicillin,Resistant
562.65111,ampicillin,Resistant
562.65112,ampicillin,Resistant
562.65113,ampicillin,Resistant
562.65114,ampicillin,Susceptible
562.65115,ampicillin,Susceptible
562.65116,ampicillin,Resistant
562.65117,ampicillin,Resistant
562.65118,ampicillin,Resistant
562.65119,ampicillin,Resistant
562.65120,ampicillin,Resistant
562.65121,ampicillin,Resistant
562.65122,ampicillin,Resistant
562.65123,ampicillin,Resistant
562.65124,ampicillin,Resistant
562.65125,ampicillin,Resistant
562.65126,ampicillin,Resistant
562.65127,ampicillin,Resistant
562.65128,ampicillin,Resistant
562.65129,ampicillin,Susceptible
562.65130,ampicillin,Susceptible
562.65131,ampicillin,Resistant
562.65132,ampicillin,Susceptible
562.65133,ampicillin,Resistant
562.65134,ampicillin,Resistant
562.65135,ampicillin,Resistant
562.65136,ampicillin,Resistant
562.65137,ampicillin,Susceptible
562.65138,ampicillin,Resistant
562.65139,ampicillin,Susceptible
562.65140,ampicillin,Susceptible
562.65141,ampicillin,Resistant
562.65142,ampicillin,Susceptible
562.65143,ampicillin,Resistant
562.65144,ampicillin,Resistant
562.65145,ampicillin,Resistant
562.65146,ampicillin,Resistant
562.65147,ampicillin,Susceptible
562.65148,ampicillin,Susceptible
562.65149,ampicillin,Susceptible
562.65150,ampicillin,Resistant
562.65151,ampicillin,Susceptible
562.65152,ampicillin,Resistant
562.65153,ampicillin,Resistant
562.65154,ampicillin,Resistant
562.65155,ampicillin,Resistant
562.65156,ampicillin,Resistant
562.65157,ampicillin,Susceptible
562.65158,ampicillin,Susceptible
562.65159,ampicillin,Resistant
562.65160,ampicillin,Susceptible
562.65161,ampicillin,Resistant
562.65162,ampicillin,Resistant
562.65163,ampicillin,Resistant
562.65164,ampicillin,Resistant
562.65166,ampicillin,Resistant
562.65167,ampicillin,Susceptible
562.65168,ampicillin,Susceptible
562.65169,ampicillin,Susceptible
562.65170,ampicillin,Resistant
562.65171,ampicillin,Susceptible
562.65172,ampicillin,Susceptible
562.65173,ampicillin,Resistant
562.65174,ampicillin,Susceptible
562.65175,ampicillin,Susceptible
562.65178,ampicillin,Susceptible
562.65180,ampicillin,Resistant
562.65181,ampicillin,Susceptible
562.65182,ampicillin,Susceptible
562.65183,ampicillin,Resistant
562.65184,ampicillin,Resistant
562.65185,ampicillin,Susceptible
562.65186,ampicillin,Susceptible
562.65187,ampicillin,Susceptible
562.65188,ampicillin,Resistant
562.65189,ampicillin,Resistant
562.65193,ampicillin,Susceptible
562.65196,ampicillin,Resistant
562.65197,ampicillin,Susceptible
562.65198,ampicillin,Susceptible
562.65199,ampicillin,Susceptible
562.65200,ampicillin,Susceptible
562.65201,ampicillin,Susceptible
562.65202,ampicillin,Susceptible
562.65203,ampicillin,Resistant
562.65204,ampicillin,Resistant
562.65205,ampicillin,Resistant
562.65206,ampicillin,Resistant
562.65207,ampicillin,Resistant
562.65208,ampicillin,Susceptible
562.65209,ampicillin,Susceptible
562.65210,ampicillin,Susceptible
562.65211,ampicillin,Susceptible
562.65212,ampicillin,Resistant
562.65213,ampicillin,Resistant
562.65214,ampicillin,Resistant
562.65215,ampicillin,Susceptible
562.65216,ampicillin,Resistant
562.65217,ampicillin,Susceptible
562.65218,ampicillin,Susceptible
562.65219,ampicillin,Resistant
562.65220,ampicillin,Resistant
562.65221,ampicillin,Susceptible
562.65222,ampicillin,Susceptible
562.65223,ampicillin,Resistant
562.65224,ampicillin,Resistant
562.65225,ampicillin,Resistant
562.65226,ampicillin,Resistant
562.65227,ampicillin,Susceptible
562.65228,ampicillin,Resistant
562.65229,ampicillin,Susceptible
562.65230,ampicillin,Susceptible
562.65231,ampicillin,Susceptible
562.65232,ampicillin,Resistant
562.65233,ampicillin,Resistant
562.65234,ampicillin,Resistant
562.65235,ampicillin,Resistant
562.65236,ampicillin,Resistant
562.65237,ampicillin,Resistant
562.65238,ampicillin,Resistant
562.65239,ampicillin,Resistant
562.65240,ampicillin,Susceptible
562.65241,ampicillin,Susceptible
562.65242,ampicillin,Resistant
562.65243,ampicillin,Resistant
562.65244,ampicillin,Resistant
562.65245,ampicillin,Susceptible
562.65246,ampicillin,Resistant
562.65247,ampicillin,Susceptible
562.65248,ampicillin,Resistant
562.65249,ampicillin,Resistant
562.65250,ampicillin,Susceptible
562.65251,ampicillin,Resistant
562.65252,ampicillin,Resistant
562.65253,ampicillin,Resistant
562.65254,ampicillin,Resistant
562.65255,ampicillin,Susceptible
562.65256,ampicillin,Susceptible
562.65257,ampicillin,Resistant
562.65258,ampicillin,Susceptible
562.65259,ampicillin,Resistant
562.65260,ampicillin,Resistant
562.65261,ampicillin,Resistant
562.65262,ampicillin,Susceptible
562.65263,ampicillin,Susceptible
562.65264,ampicillin,Resistant
562.65265,ampicillin,Resistant
562.65266,ampicillin,Resistant
562.65267,ampicillin,Susceptible
562.65268,ampicillin,Resistant
562.65269,ampicillin,Resistant
562.65270,ampicillin,Susceptible
562.65271,ampicillin,Resistant
562.65272,ampicillin,Resistant
562.65273,ampicillin,Susceptible
562.65274,ampicillin,Resistant
562.65275,ampicillin,Resistant
562.65276,ampicillin,Susceptible
562.65277,ampicillin,Resistant
562.65278,ampicillin,Resistant
562.65279,ampicillin,Susceptible
562.65280,ampicillin,Resistant
562.65281,ampicillin,Susceptible
562.65282,ampicillin,Resistant
562.65283,ampicillin,Susceptible
562.65284,ampicillin,Susceptible
562.65285,ampicillin,Resistant
562.65286,ampicillin,Resistant
562.65287,ampicillin,Resistant
562.65288,ampicillin,Resistant
562.65289,ampicillin,Susceptible
562.65290,ampicillin,Susceptible
562.65291,ampicillin,Resistant
562.65292,ampicillin,Susceptible
562.65293,ampicillin,Resistant
562.65294,ampicillin,Resistant
562.65295,ampicillin,Resistant
562.65296,ampicillin,Susceptible
562.65297,ampicillin,Resistant
562.65298,ampicillin,Resistant
562.65299,ampicillin,Susceptible
562.65300,ampicillin,Resistant
562.65301,ampicillin,Susceptible
562.65302,ampicillin,Resistant
562.65303,ampicillin,Resistant
562.65304,ampicillin,Resistant
562.65305,ampicillin,Resistant
562.65306,ampicillin,Susceptible
562.65307,ampicillin,Resistant
562.65308,ampicillin,Resistant
562.65309,ampicillin,Susceptible
562.65310,ampicillin,Resistant
562.65311,ampicillin,Resistant
562.65312,ampicillin,Susceptible
562.65313,ampicillin,Resistant
562.65314,ampicillin,Susceptible
562.65315,ampicillin,Resistant
562.65316,ampicillin,Resistant
562.65317,ampicillin,Susceptible
562.65318,ampicillin,Resistant
562.65319,ampicillin,Susceptible
562.65320,ampicillin,Susceptible
562.65321,ampicillin,Susceptible
562.65322,ampicillin,Susceptible
562.65323,ampicillin,Resistant
562.65324,ampicillin,Susceptible
562.65325,ampicillin,Resistant
562.65326,ampicillin,Susceptible
562.65327,ampicillin,Susceptible
562.65328,ampicillin,Susceptible
562.65329,ampicillin,Resistant
562.65330,ampicillin,Susceptible
562.65331,ampicillin,Resistant
562.65332,ampicillin,Resistant
562.65333,ampicillin,Resistant
562.65334,ampicillin,Susceptible
562.65335,ampicillin,Susceptible
562.65336,ampicillin,Susceptible
562.65337,ampicillin,Susceptible
562.65338,ampicillin,Susceptible
562.65339,ampicillin,Susceptible
562.65340,ampicillin,Resistant
562.65341,ampicillin,Resistant
562.65342,ampicillin,Resistant
562.65343,ampicillin,Resistant
562.65344,ampicillin,Resistant
562.65345,ampicillin,Resistant
562.65346,ampicillin,Resistant
562.65347,ampicillin,Susceptible
562.65348,ampicillin,Resistant
562.65349,ampicillin,Susceptible
562.65350,ampicillin,Susceptible
562.65351,ampicillin,Resistant
562.65352,ampicillin,Susceptible
562.65353,ampicillin,Resistant
562.65354,ampicillin,Resistant
562.65355,ampicillin,Resistant
562.65356,ampicillin,Susceptible
562.65357,ampicillin,Resistant
562.65358,ampicillin,Resistant
562.65359,ampicillin,Resistant
562.65360,ampicillin,Resistant
562.65361,ampicillin,Susceptible
562.65362,ampicillin,Resistant
562.65363,ampicillin,Susceptible
562.65364,ampicillin,Susceptible
562.65365,ampicillin,Resistant
562.65366,ampicillin,Resistant
562.65367,ampicillin,Resistant
562.65368,ampicillin,Susceptible
562.65369,ampicillin,Susceptible
562.65370,ampicillin,Resistant
562.65371,ampicillin,Susceptible
562.65372,ampicillin,Susceptible
562.65373,ampicillin,Susceptible
562.65374,ampicillin,Resistant
562.65375,ampicillin,Resistant
562.65376,ampicillin,Resistant
562.65377,ampicillin,Susceptible
562.65378,ampicillin,Susceptible
562.65379,ampicillin,Resistant
562.65380,ampicillin,Resistant
562.65381,ampicillin,Resistant
562.65382,ampicillin,Resistant
562.65383,ampicillin,Resistant
562.65384,ampicillin,Susceptible
562.65385,ampicillin,Susceptible
562.65386,ampicillin,Susceptible
562.65387,ampicillin,Susceptible
562.65388,ampicillin,Susceptible
562.65389,ampicillin,Resistant
562.65390,ampicillin,Resistant
562.65391,ampicillin,Susceptible
562.65392,ampicillin,Resistant
562.65393,ampicillin,Susceptible
562.65395,ampicillin,Susceptible
562.65396,ampicillin,Resistant
562.65397,ampicillin,Susceptible
562.65398,ampicillin,Resistant
562.65399,ampicillin,Susceptible
562.65400,ampicillin,Resistant
562.65401,ampicillin,Resistant
562.65402,ampicillin,Susceptible
562.65403,ampicillin,Susceptible
562.65404,ampicillin,Susceptible
562.65405,ampicillin,Susceptible
562.65406,ampicillin,Resistant
562.65407,ampicillin,Resistant
562.65408,ampicillin,Susceptible
562.65409,ampicillin,Resistant
562.65410,ampicillin,Susceptible
562.65411,ampicillin,Resistant
562.65412,ampicillin,Resistant
562.65413,ampicillin,Susceptible
562.65414,ampicillin,Susceptible
562.65415,ampicillin,Susceptible
562.65416,ampicillin,Susceptible
562.65417,ampicillin,Resistant
562.65418,ampicillin,Resistant
562.65419,ampicillin,Susceptible
562.65420,ampicillin,Susceptible
562.65421,ampicillin,Susceptible
562.65422,ampicillin,Susceptible
562.65423,ampicillin,Resistant
562.65424,ampicillin,Susceptible
562.65425,ampicillin,Resistant
562.65426,ampicillin,Resistant
562.65427,ampicillin,Resistant
562.65428,ampicillin,Resistant
562.65429,ampicillin,Resistant
562.65430,ampicillin,Resistant
562.65431,ampicillin,Resistant
562.65432,ampicillin,Susceptible
562.65433,ampicillin,Resistant
562.65434,ampicillin,Resistant
562.65435,ampicillin,Susceptible
562.65436,ampicillin,Resistant
562.65437,ampicillin,Susceptible
562.65438,ampicillin,Resistant
562.65439,ampicillin,Susceptible
562.65440,ampicillin,Susceptible
562.65441,ampicillin,Resistant
562.65442,ampicillin,Resistant
562.65443,ampicillin,Susceptible
562.65444,ampicillin,Susceptible
562.65445,ampicillin,Susceptible
562.65446,ampicillin,Resistant
562.65447,ampicillin,Resistant
562.65448,ampicillin,Susceptible
562.65449,ampicillin,Susceptible
562.65450,ampicillin,Susceptible
562.65451,ampicillin,Susceptible
562.65452,ampicillin,Susceptible
562.65453,ampicillin,Susceptible
562.65454,ampicillin,Susceptible
562.65455,ampicillin,Susceptible
562.65456,ampicillin,Susceptible
562.65457,ampicillin,Resistant
562.65458,ampicillin,Susceptible
562.65459,ampicillin,Resistant
562.65460,ampicillin,Susceptible
562.65461,ampicillin,Susceptible
562.65462,ampicillin,Susceptible
562.65463,ampicillin,Susceptible
562.65464,ampicillin,Resistant
562.65465,ampicillin,Resistant
562.65466,ampicillin,Resistant
562.65467,ampicillin,Resistant
562.65468,ampicillin,Resistant
562.65469,ampicillin,Susceptible
562.65470,ampicillin,Resistant
562.65471,ampicillin,Resistant
562.65472,ampicillin,Resistant
562.65473,ampicillin,Resistant
562.65474,ampicillin,Susceptible
562.65475,ampicillin,Susceptible
562.65476,ampicillin,Resistant
562.65477,ampicillin,Susceptible
562.65478,ampicillin,Resistant
562.65479,ampicillin,Resistant
562.65480,ampicillin,Resistant
562.65481,ampicillin,Susceptible
562.65482,ampicillin,Susceptible
562.65483,ampicillin,Susceptible
562.65484,ampicillin,Resistant
562.65485,ampicillin,Susceptible
562.65486,ampicillin,Susceptible
562.65487,ampicillin,Resistant
562.65488,ampicillin,Susceptible
562.65489,ampicillin,Susceptible
562.65490,ampicillin,Susceptible
562.65491,ampicillin,Susceptible
562.65492,ampicillin,Susceptible
562.65493,ampicillin,Susceptible
562.65494,ampicillin,Susceptible
562.65495,ampicillin,Resistant
562.65496,ampicillin,Susceptible
562.65497,ampicillin,Resistant
562.65498,ampicillin,Resistant
562.65499,ampicillin,Resistant
562.65500,ampicillin,Susceptible
562.65501,ampicillin,Susceptible
562.65502,ampicillin,Susceptible
562.65503,ampicillin,Resistant
562.65504,ampicillin,Resistant
562.65505,ampicillin,Susceptible
562.65506,ampicillin,Resistant
562.65507,ampicillin,Resistant
562.65508,ampicillin,Susceptible
562.65509,ampicillin,Resistant
562.65510,ampicillin,Resistant
562.65511,ampicillin,Susceptible
562.65512,ampicillin,Resistant
562.65513,ampicillin,Resistant
562.65514,ampicillin,Resistant
562.65515,ampicillin,Resistant
562.65516,ampicillin,Resistant
562.65517,ampicillin,Resistant
562.65518,ampicillin,Susceptible
562.65519,ampicillin,Susceptible
562.65520,ampicillin,Susceptible
562.65521,ampicillin,Susceptible
562.65522,ampicillin,Resistant
562.65523,ampicillin,Resistant
562.65524,ampicillin,Resistant
562.65525,ampicillin,Resistant
562.65526,ampicillin,Susceptible
562.65527,ampicillin,Susceptible
562.65528,ampicillin,Resistant
562.65529,ampicillin,Resistant
562.65530,ampicillin,Resistant
562.65531,ampicillin,Resistant
562.65532,ampicillin,Susceptible
562.65533,ampicillin,Susceptible
562.65534,ampicillin,Resistant
562.65535,ampicillin,Susceptible
562.65536,ampicillin,Resistant
562.65537,ampicillin,Resistant
562.65538,ampicillin,Resistant
562.65539,ampicillin,Resistant
562.65540,ampicillin,Resistant
562.65541,ampicillin,Resistant
562.65542,ampicillin,Susceptible
562.65543,ampicillin,Susceptible
562.65544,ampicillin,Susceptible
562.65545,ampicillin,Resistant
562.65546,ampicillin,Susceptible
562.65547,ampicillin,Susceptible
562.65548,ampicillin,Resistant
562.65549,ampicillin,Resistant
562.65550,ampicillin,Resistant
562.65551,ampicillin,Susceptible
562.65552,ampicillin,Susceptible
562.65553,ampicillin,Susceptible
562.65554,ampicillin,Resistant
562.65555,ampicillin,Resistant
562.65556,ampicillin,Susceptible
562.65557,ampicillin,Susceptible
562.65558,ampicillin,Resistant
562.65559,ampicillin,Resistant
562.65560,ampicillin,Resistant
562.65561,ampicillin,Resistant
562.65562,ampicillin,Resistant
562.65563,ampicillin,Resistant
562.65564,ampicillin,Resistant
562.65565,ampicillin,Resistant
562.65566,ampicillin,Resistant
562.65567,ampicillin,Susceptible
562.65568,ampicillin,Susceptible
562.65569,ampicillin,Resistant
562.65570,ampicillin,Resistant
562.65571,ampicillin,Susceptible
562.65572,ampicillin,Resistant
562.65573,ampicillin,Susceptible
562.65574,ampicillin,Resistant
562.65575,ampicillin,Resistant
562.65576,ampicillin,Resistant
562.65577,ampicillin,Resistant
562.65578,ampicillin,Resistant
562.65579,ampicillin,Resistant
562.65580,ampicillin,Susceptible
562.65581,ampicillin,Susceptible
562.65583,ampicillin,Resistant
562.65584,ampicillin,Resistant
562.65585,ampicillin,Resistant
562.65586,ampicillin,Susceptible
562.65587,ampicillin,Susceptible
562.65588,ampicillin,Resistant
562.65589,ampicillin,Susceptible
562.65590,ampicillin,Resistant
562.65593,ampicillin,Susceptible
562.65594,ampicillin,Resistant
562.65595,ampicillin,Resistant
562.65596,ampicillin,Resistant
562.65597,ampicillin,Susceptible
562.65598,ampicillin,Resistant
562.65599,ampicillin,Susceptible
562.65600,ampicillin,Resistant
562.65601,ampicillin,Susceptible
562.65602,ampicillin,Resistant
562.65603,ampicillin,Susceptible
562.65604,ampicillin,Resistant
562.65605,ampicillin,Resistant
562.65606,ampicillin,Resistant
562.65607,ampicillin,Susceptible
562.65608,ampicillin,Susceptible
562.65609,ampicillin,Susceptible
562.65610,ampicillin,Resistant
562.65611,ampicillin,Resistant
562.65612,ampicillin,Resistant
562.65613,ampicillin,Resistant
562.65614,ampicillin,Susceptible
562.65615,ampicillin,Resistant
562.65616,ampicillin,Susceptible
562.65617,ampicillin,Susceptible
562.65618,ampicillin,Resistant
562.65619,ampicillin,Susceptible
562.65620,ampicillin,Susceptible
562.65621,ampicillin,Susceptible
562.65622,ampicillin,Susceptible
562.65623,ampicillin,Susceptible
562.65624,ampicillin,Susceptible
562.65625,ampicillin,Resistant
562.65626,ampicillin,Susceptible
562.65627,ampicillin,Resistant
562.65628,ampicillin,Susceptible
562.65629,ampicillin,Resistant
562.65630,ampicillin,Resistant
562.65631,ampicillin,Resistant
562.65632,ampicillin,Susceptible
562.65633,ampicillin,Resistant
562.65634,ampicillin,Susceptible
562.65635,ampicillin,Susceptible
562.65636,ampicillin,Resistant
562.65637,ampicillin,Susceptible
562.65638,ampicillin,Resistant
562.65639,ampicillin,Susceptible
562.65640,ampicillin,Susceptible
562.65641,ampicillin,Resistant
562.65642,ampicillin,Susceptible
562.65643,ampicillin,Resistant
562.65644,ampicillin,Susceptible
562.65645,ampicillin,Resistant
562.65646,ampicillin,Resistant
562.65647,ampicillin,Resistant
562.65648,ampicillin,Susceptible
562.65649,ampicillin,Susceptible
562.65650,ampicillin,Resistant
562.65651,ampicillin,Susceptible
562.65652,ampicillin,Susceptible
562.65653,ampicillin,Resistant
562.65654,ampicillin,Resistant
562.65655,ampicillin,Resistant
562.65656,ampicillin,Resistant
562.65657,ampicillin,Resistant
562.65658,ampicillin,Susceptible
562.65659,ampicillin,Susceptible
562.65660,ampicillin,Susceptible
562.65661,ampicillin,Resistant
562.65662,ampicillin,Resistant
562.65663,ampicillin,Susceptible
562.65664,ampicillin,Resistant
562.65665,ampicillin,Susceptible
562.65666,ampicillin,Susceptible
562.65667,ampicillin,Resistant
562.65668,ampicillin,Susceptible
562.65669,ampicillin,Resistant
562.65670,ampicillin,Susceptible
562.65671,ampicillin,Resistant
562.65672,ampicillin,Susceptible
562.65673,ampicillin,Resistant
562.65674,ampicillin,Resistant
562.65675,ampicillin,Susceptible
562.65676,ampicillin,Susceptible
562.65677,ampicillin,Resistant
562.65678,ampicillin,Resistant
562.65679,ampicillin,Susceptible
562.65680,ampicillin,Resistant
562.65681,ampicillin,Resistant
562.65682,ampicillin,Susceptible
562.65683,ampicillin,Resistant
562.65684,ampicillin,Susceptible
562.65685,ampicillin,Resistant
562.65686,ampicillin,Susceptible
562.65687,ampicillin,Resistant
562.65688,ampicillin,Susceptible
562.65689,ampicillin,Susceptible
562.65690,ampicillin,Susceptible
562.65691,ampicillin,Resistant
562.65692,ampicillin,Resistant
562.65693,ampicillin,Resistant
562.65694,ampicillin,Resistant
562.65695,ampicillin,Resistant
562.65696,ampicillin,Susceptible
562.65697,ampicillin,Resistant
562.65698,ampicillin,Resistant
562.65699,ampicillin,Susceptible
562.65700,ampicillin,Susceptible
562.65701,ampicillin,Susceptible
562.65702,ampicillin,Resistant
562.65703,ampicillin,Susceptible
562.65704,ampicillin,Resistant
562.65705,ampicillin,Susceptible
562.65706,ampicillin,Susceptible
562.65707,ampicillin,Resistant
562.65708,ampicillin,Susceptible
562.65709,ampicillin,Susceptible
562.65710,ampicillin,Resistant
562.65711,ampicillin,Susceptible
562.65712,ampicillin,Susceptible
562.65713,ampicillin,Susceptible
562.65714,ampicillin,Susceptible
562.65715,ampicillin,Susceptible
562.65716,ampicillin,Resistant
562.65717,ampicillin,Susceptible
562.65718,ampicillin,Susceptible
562.65719,ampicillin,Susceptible
562.65720,ampicillin,Resistant
562.65721,ampicillin,Susceptible
562.65722,ampicillin,Resistant
562.65723,ampicillin,Resistant
562.65724,ampicillin,Susceptible
562.65725,ampicillin,Resistant
562.65726,ampicillin,Resistant
562.65727,ampicillin,Susceptible
562.65728,ampicillin,Susceptible
562.65729,ampicillin,Susceptible
562.65730,ampicillin,Susceptible
562.65731,ampicillin,Susceptible
562.65732,ampicillin,Susceptible
562.65733,ampicillin,Resistant
562.65734,ampicillin,Susceptible
562.65735,ampicillin,Resistant
562.65736,ampicillin,Resistant
562.65737,ampicillin,Susceptible
562.65738,ampicillin,Resistant
562.65739,ampicillin,Resistant
562.65740,ampicillin,Susceptible
562.65741,ampicillin,Resistant
562.65742,ampicillin,Resistant
562.65743,ampicillin,Susceptible
562.65744,ampicillin,Resistant
562.65745,ampicillin,Susceptible
562.65746,ampicillin,Resistant
562.65747,ampicillin,Resistant
562.65748,ampicillin,Susceptible
562.65749,ampicillin,Resistant
562.65750,ampicillin,Susceptible
562.65751,ampicillin,Susceptible
562.65752,ampicillin,Susceptible
562.65753,ampicillin,Resistant
562.65754,ampicillin,Susceptible
562.65755,ampicillin,Resistant
562.65756,ampicillin,Susceptible
562.65757,ampicillin,Susceptible
562.65758,ampicillin,Resistant
562.65759,ampicillin,Resistant
562.65760,ampicillin,Resistant
562.65761,ampicillin,Susceptible
562.65762,ampicillin,Resistant
562.65763,ampicillin,Resistant
562.65764,ampicillin,Susceptible
562.65765,ampicillin,Resistant
562.65780,ampicillin,Resistant
562.65780,cefotaxime,Susceptible
562.65780,ciprofloxacin,Resistant
562.65780,gentamicin,Susceptible
562.65781,ampicillin,Resistant
562.65781,cefotaxime,Susceptible
562.65781,ciprofloxacin,Resistant
562.65781,gentamicin,Resistant
562.65782,ampicillin,Resistant
562.65782,cefotaxime,Susceptible
562.65782,ciprofloxacin,Resistant
562.65782,gentamicin,Resistant
562.65783,ampicillin,Resistant
562.65783,cefotaxime,Susceptible
562.65783,ciprofloxacin,Resistant
562.65783,gentamicin,Resistant
562.65784,ampicillin,Resistant
562.65784,ciprofloxacin,Resistant
562.65784,gentamicin,Susceptible
562.65785,ampicillin,Resistant
562.65785,cefotaxime,Susceptible
562.65785,ciprofloxacin,Resistant
562.65785,gentamicin,Resistant
562.65786,ampicillin,Resistant
562.65786,cefotaxime,Resistant
562.65786,ciprofloxacin,Resistant
562.65786,gentamicin,Resistant
562.65787,ampicillin,Resistant
562.65787,cefotaxime,Susceptible
562.65787,ciprofloxacin,Resistant
562.65787,gentamicin,Susceptible
562.65788,ampicillin,Resistant
562.65788,cefotaxime,Susceptible
562.65788,ciprofloxacin,Resistant
562.65788,gentamicin,Susceptible
562.65789,ampicillin,Resistant
562.65789,cefotaxime,Susceptible
562.65789,ciprofloxacin,Resistant
562.65789,gentamicin,Resistant
562.65790,ampicillin,Resistant
562.65790,cefotaxime,Susceptible
562.65790,ciprofloxacin,Resistant
562.65790,gentamicin,Resistant
562.65791,ampicillin,Resistant
562.65791,cefotaxime,Susceptible
562.65791,ciprofloxacin,Resistant
562.65791,gentamicin,Susceptible
562.65921,ampicillin,Susceptible
562.97749,ampicillin,Susceptible
562.97749,ciprofloxacin,Susceptible
562.97749,gentamicin,Susceptible
562.97749,trimethoprim/sulfamethoxazole,Susceptible
562.97750,ampicillin,Susceptible
562.97750,ciprofloxacin,Susceptible
562.97750,gentamicin,Susceptible
562.97750,trimethoprim/sulfamethoxazole,Susceptible
562.97751,ampicillin,Resistant
562.97751,ciprofloxacin,Susceptible
562.97751,gentamicin,Susceptible
562.97751,trimethoprim/sulfamethoxazole,Resistant
562.97752,ampicillin,Susceptible
562.97752,ciprofloxacin,Susceptible
562.97752,gentamicin,Susceptible
562.97752,trimethoprim/sulfamethoxazole,Susceptible
562.97753,ampicillin,Resistant
562.97753,ciprofloxacin,Susceptible
562.97753,gentamicin,Susceptible
562.97753,trimethoprim/sulfamethoxazole,Susceptible
562.97754,ampicillin,Susceptible
562.97754,ciprofloxacin,Susceptible
562.97754,gentamicin,Susceptible
562.97754,trimethoprim/sulfamethoxazole,Susceptible
562.97755,ampicillin,Susceptible
562.97755,ciprofloxacin,Susceptible
562.97755,gentamicin,Susceptible
562.97755,trimethoprim/sulfamethoxazole,Susceptible
562.97756,ampicillin,Resistant
562.97756,ciprofloxacin,Susceptible
562.97756,gentamicin,Susceptible
562.97756,trimethoprim/sulfamethoxazole,Resistant
562.97757,ampicillin,Resistant
562.97757,ciprofloxacin,Susceptible
562.97757,gentamicin,Susceptible
562.97757,trimethoprim/sulfamethoxazole,Resistant
562.97758,ampicillin,Susceptible
562.97758,ciprofloxacin,Susceptible
562.97758,gentamicin,Susceptible
562.97758,trimethoprim/sulfamethoxazole,Susceptible
562.97759,ampicillin,Susceptible
562.97759,ciprofloxacin,Susceptible
562.97759,gentamicin,Susceptible
562.97759,trimethoprim/sulfamethoxazole,Susceptible
562.97760,ampicillin,Resistant
562.97760,ciprofloxacin,Susceptible
562.97760,gentamicin,Susceptible
562.97760,trimethoprim/sulfamethoxazole,Resistant
562.97761,ampicillin,Susceptible
562.97761,ciprofloxacin,Susceptible
562.97761,gentamicin,Susceptible
562.97761,trimethoprim/sulfamethoxazole,Susceptible
562.97762,ampicillin,Susceptible
562.97762,ciprofloxacin,Susceptible
562.97762,gentamicin,Susceptible
562.97762,trimethoprim/sulfamethoxazole,Susceptible
562.97763,ampicillin,Susceptible
562.97763,ciprofloxacin,Susceptible
562.97763,gentamicin,Susceptible
562.97763,trimethoprim/sulfamethoxazole,Susceptible
562.97764,ampicillin,Susceptible
562.97764,ciprofloxacin,Susceptible
562.97764,gentamicin,Susceptible
562.97764,trimethoprim/sulfamethoxazole,Susceptible
562.97765,ampicillin,Susceptible
562.97765,ciprofloxacin,Susceptible
562.97765,gentamicin,Susceptible
562.97765,trimethoprim/sulfamethoxazole,Resistant
562.97766,ampicillin,Susceptible
562.97766,ciprofloxacin,Susceptible
562.97766,gentamicin,Susceptible
562.97766,trimethoprim/sulfamethoxazole,Susceptible
562.97767,ampicillin,Susceptible
562.97767,ciprofloxacin,Susceptible
562.97767,gentamicin,Susceptible
562.97767,trimethoprim/sulfamethoxazole,Susceptible
562.97768,ampicillin,Susceptible
562.97768,ciprofloxacin,Susceptible
562.97768,gentamicin,Susceptible
562.97768,trimethoprim/sulfamethoxazole,Susceptible
562.97769,ampicillin,Resistant
562.97769,ciprofloxacin,Resistant
562.97769,gentamicin,Resistant
562.97769,trimethoprim/sulfamethoxazole,Resistant
562.97770,ampicillin,Susceptible
562.97770,ciprofloxacin,Susceptible
562.97770,gentamicin,Susceptible
562.97770,trimethoprim/sulfamethoxazole,Susceptible
562.97771,ampicillin,Susceptible
562.97771,ciprofloxacin,Susceptible
562.97771,gentamicin,Susceptible
562.97771,trimethoprim/sulfamethoxazole,Resistant
562.97772,ampicillin,Susceptible
562.97772,ciprofloxacin,Susceptible
562.97772,gentamicin,Susceptible
562.97772,trimethoprim/sulfamethoxazole,Susceptible
562.97773,ampicillin,Susceptible
562.97773,ciprofloxacin,Susceptible
562.97773,gentamicin,Susceptible
562.97773,trimethoprim/sulfamethoxazole,Susceptible
562.97774,ampicillin,Resistant
562.97774,ciprofloxacin,Susceptible
562.97774,gentamicin,Susceptible
562.97774,trimethoprim/sulfamethoxazole,Susceptible
562.97775,ampicillin,Resistant
562.97775,ciprofloxacin,Susceptible
562.97775,gentamicin,Susceptible
562.97775,trimethoprim/sulfamethoxazole,Susceptible
562.97776,ampicillin,Susceptible
562.97776,ciprofloxacin,Susceptible
562.97776,gentamicin,Resistant
562.97776,trimethoprim/sulfamethoxazole,Resistant
562.97777,ampicillin,Resistant
562.97777,ciprofloxacin,Susceptible
562.97777,gentamicin,Susceptible
562.97777,trimethoprim/sulfamethoxazole,Resistant
562.97778,ampicillin,Susceptible
562.97778,ciprofloxacin,Susceptible
562.97778,gentamicin,Susceptible
562.97778,trimethoprim/sulfamethoxazole,Susceptible
562.97779,ampicillin,Susceptible
562.97779,ciprofloxacin,Susceptible
562.97779,gentamicin,Susceptible
562.97779,trimethoprim/sulfamethoxazole,Susceptible
562.97780,ampicillin,Resistant
562.97780,ciprofloxacin,Susceptible
562.97780,gentamicin,Susceptible
562.97780,trimethoprim/sulfamethoxazole,Resistant
562.97781,ampicillin,Resistant
562.97781,ciprofloxacin,Susceptible
562.97781,gentamicin,Susceptible
562.97781,trimethoprim/sulfamethoxazole,Resistant
562.97782,ampicillin,Susceptible
562.97782,ciprofloxacin,Susceptible
562.97782,gentamicin,Susceptible
562.97782,trimethoprim/sulfamethoxazole,Susceptible
562.97783,ampicillin,Resistant
562.97783,ciprofloxacin,Susceptible
562.97783,gentamicin,Susceptible
562.97783,trimethoprim/sulfamethoxazole,Susceptible
562.97784,ampicillin,Susceptible
562.97784,ciprofloxacin,Susceptible
562.97784,gentamicin,Susceptible
562.97784,trimethoprim/sulfamethoxazole,Susceptible
562.97786,ampicillin,Susceptible
562.97786,ciprofloxacin,Susceptible
562.97786,gentamicin,Susceptible
562.97786,trimethoprim/sulfamethoxazole,Susceptible
562.97787,ampicillin,Resistant
562.97787,ciprofloxacin,Susceptible
562.97787,gentamicin,Susceptible
562.97787,trimethoprim/sulfamethoxazole,Resistant
562.97788,ampicillin,Susceptible
562.97788,ciprofloxacin,Susceptible
562.97788,gentamicin,Susceptible
562.97788,trimethoprim/sulfamethoxazole,Susceptible
562.97789,ampicillin,Susceptible
562.97789,ciprofloxacin,Susceptible
562.97789,gentamicin,Susceptible
562.97789,trimethoprim/sulfamethoxazole,Susceptible
562.97790,ampicillin,Susceptible
562.97790,ciprofloxacin,Susceptible
562.97790,gentamicin,Susceptible
562.97790,trimethoprim/sulfamethoxazole,Susceptible
562.97791,ampicillin,Susceptible
562.97791,ciprofloxacin,Susceptible
562.97791,gentamicin,Susceptible
562.97791,trimethoprim/sulfamethoxazole,Susceptible
562.97793,ampicillin,Resistant
562.97793,ciprofloxacin,Susceptible
562.97793,gentamicin,Susceptible
562.97793,trimethoprim/sulfamethoxazole,Resistant
562.97794,ampicillin,Susceptible
562.97794,ciprofloxacin,Susceptible
562.97794,gentamicin,Susceptible
562.97794,trimethoprim/sulfamethoxazole,Susceptible
562.97795,ampicillin,Susceptible
562.97795,ciprofloxacin,Susceptible
562.97795,gentamicin,Susceptible
562.97795,trimethoprim/sulfamethoxazole,Resistant
562.97796,ampicillin,Susceptible
562.97796,ciprofloxacin,Susceptible
562.97796,gentamicin,Susceptible
562.97796,trimethoprim/sulfamethoxazole,Susceptible
562.97797,ampicillin,Susceptible
562.97797,ciprofloxacin,Susceptible
562.97797,gentamicin,Susceptible
562.97797,trimethoprim/sulfamethoxazole,Susceptible
562.97798,ampicillin,Susceptible
562.97798,ciprofloxacin,Susceptible
562.97798,gentamicin,Susceptible
562.97798,trimethoprim/sulfamethoxazole,Susceptible
562.97799,ampicillin,Resistant
562.97799,ciprofloxacin,Resistant
562.97799,gentamicin,Susceptible
562.97799,trimethoprim/sulfamethoxazole,Resistant
562.97800,ampicillin,Resistant
562.97800,ciprofloxacin,Susceptible
562.97800,gentamicin,Susceptible
562.97800,trimethoprim/sulfamethoxazole,Susceptible
562.97801,ampicillin,Susceptible
562.97801,ciprofloxacin,Susceptible
562.97801,gentamicin,Susceptible
562.97801,trimethoprim/sulfamethoxazole,Susceptible
562.97802,ampicillin,Resistant
562.97802,ciprofloxacin,Susceptible
562.97802,gentamicin,Susceptible
562.97802,trimethoprim/sulfamethoxazole,Susceptible
562.97803,ampicillin,Susceptible
562.97803,ciprofloxacin,Susceptible
562.97803,gentamicin,Susceptible
562.97803,trimethoprim/sulfamethoxazole,Susceptible
562.97804,ampicillin,Susceptible
562.97804,ciprofloxacin,Susceptible
562.97804,gentamicin,Susceptible
562.97804,trimethoprim/sulfamethoxazole,Susceptible
562.97805,ampicillin,Resistant
562.97805,ciprofloxacin,Susceptible
562.97805,gentamicin,Susceptible
562.97805,trimethoprim/sulfamethoxazole,Susceptible
562.97806,ampicillin,Susceptible
562.97806,ciprofloxacin,Susceptible
562.97806,gentamicin,Susceptible
562.97806,trimethoprim/sulfamethoxazole,Susceptible
562.97807,ampicillin,Susceptible
562.97807,ciprofloxacin,Susceptible
562.97807,gentamicin,Susceptible
562.97807,trimethoprim/sulfamethoxazole,Susceptible
562.97808,ampicillin,Resistant
562.97808,ciprofloxacin,Susceptible
562.97808,gentamicin,Susceptible
562.97808,trimethoprim/sulfamethoxazole,Resistant
562.97809,ampicillin,Susceptible
562.97809,ciprofloxacin,Susceptible
562.97809,gentamicin,Susceptible
562.97809,trimethoprim/sulfamethoxazole,Susceptible
562.97810,ampicillin,Resistant
562.97810,ciprofloxacin,Susceptible
562.97810,gentamicin,Susceptible
562.97810,trimethoprim/sulfamethoxazole,Resistant
562.97811,ampicillin,Susceptible
562.97811,ciprofloxacin,Susceptible
562.97811,gentamicin,Susceptible
562.97811,trimethoprim/sulfamethoxazole,Susceptible
562.97812,ampicillin,Resistant
562.97812,ciprofloxacin,Susceptible
562.97812,gentamicin,Susceptible
562.97812,trimethoprim/sulfamethoxazole,Susceptible
562.97813,ampicillin,Susceptible
562.97813,ciprofloxacin,Susceptible
562.97813,gentamicin,Susceptible
562.97813,trimethoprim/sulfamethoxazole,Susceptible
562.97814,ampicillin,Susceptible
562.97814,ciprofloxacin,Susceptible
562.97814,gentamicin,Susceptible
562.97814,trimethoprim/sulfamethoxazole,Susceptible
562.97815,ampicillin,Resistant
562.97815,ciprofloxacin,Susceptible
562.97815,gentamicin,Susceptible
562.97815,trimethoprim/sulfamethoxazole,Resistant
562.97816,ampicillin,Susceptible
562.97816,ciprofloxacin,Susceptible
562.97816,gentamicin,Susceptible
562.97816,trimethoprim/sulfamethoxazole,Susceptible
562.97817,ampicillin,Susceptible
562.97817,ciprofloxacin,Susceptible
562.97817,gentamicin,Susceptible
562.97817,trimethoprim/sulfamethoxazole,Susceptible
562.97818,ampicillin,Susceptible
562.97818,ciprofloxacin,Susceptible
562.97818,gentamicin,Susceptible
562.97818,trimethoprim/sulfamethoxazole,Susceptible
562.97819,ampicillin,Susceptible
562.97819,ciprofloxacin,Susceptible
562.97819,gentamicin,Susceptible
562.97819,trimethoprim/sulfamethoxazole,Susceptible
562.97820,ampicillin,Susceptible
562.97820,ciprofloxacin,Susceptible
562.97820,gentamicin,Susceptible
562.97820,trimethoprim/sulfamethoxazole,Susceptible
562.97821,ampicillin,Susceptible
562.97821,ciprofloxacin,Susceptible
562.97821,gentamicin,Susceptible
562.97821,trimethoprim/sulfamethoxazole,Susceptible
562.97822,ampicillin,Susceptible
562.97822,ciprofloxacin,Susceptible
562.97822,gentamicin,Susceptible
562.97822,trimethoprim/sulfamethoxazole,Susceptible
562.97823,ampicillin,Susceptible
562.97823,ciprofloxacin,Susceptible
562.97823,gentamicin,Susceptible
562.97823,trimethoprim/sulfamethoxazole,Susceptible
562.97824,ampicillin,Resistant
562.97824,ciprofloxacin,Resistant
562.97824,gentamicin,Susceptible
562.97824,trimethoprim/sulfamethoxazole,Resistant
562.97825,ampicillin,Susceptible
562.97825,ciprofloxacin,Susceptible
562.97825,gentamicin,Susceptible
562.97825,trimethoprim/sulfamethoxazole,Susceptible
562.97826,ampicillin,Susceptible
562.97826,ciprofloxacin,Susceptible
562.97826,gentamicin,Susceptible
562.97826,trimethoprim/sulfamethoxazole,Susceptible
562.97827,ampicillin,Susceptible
562.97827,ciprofloxacin,Susceptible
562.97827,gentamicin,Susceptible
562.97827,trimethoprim/sulfamethoxazole,Susceptible
562.97828,ampicillin,Resistant
562.97828,ciprofloxacin,Susceptible
562.97828,gentamicin,Susceptible
562.97828,trimethoprim/sulfamethoxazole,Susceptible
562.97829,ampicillin,Susceptible
562.97829,ciprofloxacin,Susceptible
562.97829,gentamicin,Susceptible
562.97829,trimethoprim/sulfamethoxazole,Susceptible
562.97830,ampicillin,Susceptible
562.97830,ciprofloxacin,Susceptible
562.97830,gentamicin,Susceptible
562.97830,trimethoprim/sulfamethoxazole,Resistant
562.97831,ampicillin,Susceptible
562.97831,ciprofloxacin,Susceptible
562.97831,gentamicin,Susceptible
562.97831,trimethoprim/sulfamethoxazole,Susceptible
562.97832,ampicillin,Susceptible
562.97832,ciprofloxacin,Susceptible
562.97832,gentamicin,Susceptible
562.97832,trimethoprim/sulfamethoxazole,Susceptible
562.97833,ampicillin,Susceptible
562.97833,ciprofloxacin,Susceptible
562.97833,gentamicin,Susceptible
562.97833,trimethoprim/sulfamethoxazole,Susceptible
562.97834,ampicillin,Resistant
562.97834,ciprofloxacin,Susceptible
562.97834,gentamicin,Susceptible
562.97834,trimethoprim/sulfamethoxazole,Resistant
562.97835,ampicillin,Resistant
562.97835,ciprofloxacin,Susceptible
562.97835,gentamicin,Susceptible
562.97835,trimethoprim/sulfamethoxazole,Resistant
562.97836,ampicillin,Susceptible
562.97836,ciprofloxacin,Susceptible
562.97836,gentamicin,Susceptible
562.97836,trimethoprim/sulfamethoxazole,Susceptible
562.97837,ampicillin,Susceptible
562.97837,ciprofloxacin,Susceptible
562.97837,gentamicin,Susceptible
562.97837,trimethoprim/sulfamethoxazole,Susceptible
562.97838,ampicillin,Susceptible
562.97838,ciprofloxacin,Susceptible
562.97838,gentamicin,Susceptible
562.97838,trimethoprim/sulfamethoxazole,Susceptible
562.97839,ampicillin,Susceptible
562.97839,ciprofloxacin,Susceptible
562.97839,gentamicin,Susceptible
562.97839,trimethoprim/sulfamethoxazole,Susceptible
562.97840,ampicillin,Susceptible
562.97840,ciprofloxacin,Susceptible
562.97840,gentamicin,Susceptible
562.97840,trimethoprim/sulfamethoxazole,Resistant
562.97841,ampicillin,Resistant
562.97841,ciprofloxacin,Susceptible
562.97841,gentamicin,Susceptible
562.97841,trimethoprim/sulfamethoxazole,Susceptible
562.97842,ampicillin,Susceptible
562.97842,ciprofloxacin,Susceptible
562.97842,gentamicin,Susceptible
562.97842,trimethoprim/sulfamethoxazole,Susceptible
562.97843,ampicillin,Susceptible
562.97843,ciprofloxacin,Susceptible
562.97843,gentamicin,Susceptible
562.97843,trimethoprim/sulfamethoxazole,Susceptible
562.97844,ampicillin,Susceptible
562.97844,ciprofloxacin,Susceptible
562.97844,gentamicin,Susceptible
562.97844,trimethoprim/sulfamethoxazole,Susceptible
562.97845,ampicillin,Susceptible
562.97845,ciprofloxacin,Susceptible
562.97845,gentamicin,Susceptible
562.97845,trimethoprim/sulfamethoxazole,Susceptible
562.97846,ampicillin,Resistant
562.97846,ciprofloxacin,Resistant
562.97846,gentamicin,Resistant
562.97846,trimethoprim/sulfamethoxazole,Susceptible
562.97847,ampicillin,Susceptible
562.97847,ciprofloxacin,Susceptible
562.97847,gentamicin,Susceptible
562.97847,trimethoprim/sulfamethoxazole,Resistant
562.97849,ampicillin,Susceptible
562.97849,ciprofloxacin,Susceptible
562.97849,gentamicin,Susceptible
562.97849,trimethoprim/sulfamethoxazole,Susceptible
562.97850,ampicillin,Susceptible
562.97850,ciprofloxacin,Susceptible
562.97850,gentamicin,Susceptible
562.97850,trimethoprim/sulfamethoxazole,Susceptible
562.97851,ampicillin,Susceptible
562.97851,ciprofloxacin,Susceptible
562.97851,gentamicin,Susceptible
562.97851,trimethoprim/sulfamethoxazole,Susceptible
562.97852,ampicillin,Resistant
562.97852,ciprofloxacin,Susceptible
562.97852,gentamicin,Susceptible
562.97852,trimethoprim/sulfamethoxazole,Susceptible
562.97853,ampicillin,Susceptible
562.97853,ciprofloxacin,Susceptible
562.97853,gentamicin,Susceptible
562.97853,trimethoprim/sulfamethoxazole,Susceptible
562.97854,ampicillin,Susceptible
562.97854,ciprofloxacin,Susceptible
562.97854,gentamicin,Susceptible
562.97854,trimethoprim/sulfamethoxazole,Susceptible
562.97855,ampicillin,Susceptible
562.97855,ciprofloxacin,Susceptible
562.97855,gentamicin,Susceptible
562.97855,trimethoprim/sulfamethoxazole,Susceptible
562.97856,ampicillin,Susceptible
562.97856,ciprofloxacin,Susceptible
562.97856,gentamicin,Susceptible
562.97856,trimethoprim/sulfamethoxazole,Susceptible
562.97857,ampicillin,Susceptible
562.97857,ciprofloxacin,Susceptible
562.97857,gentamicin,Susceptible
562.97857,trimethoprim/sulfamethoxazole,Susceptible
562.97858,ampicillin,Susceptible
562.97858,ciprofloxacin,Susceptible
562.97858,gentamicin,Susceptible
562.97858,trimethoprim/sulfamethoxazole,Susceptible
562.97859,ampicillin,Resistant
562.97859,ciprofloxacin,Susceptible
562.97859,gentamicin,Susceptible
562.97859,trimethoprim/sulfamethoxazole,Susceptible
562.97860,ampicillin,Susceptible
562.97860,ciprofloxacin,Susceptible
562.97860,gentamicin,Susceptible
562.97860,trimethoprim/sulfamethoxazole,Susceptible
562.97861,ampicillin,Susceptible
562.97861,ciprofloxacin,Susceptible
562.97861,gentamicin,Susceptible
562.97861,trimethoprim/sulfamethoxazole,Susceptible
562.97862,ampicillin,Susceptible
562.97862,ciprofloxacin,Susceptible
562.97862,gentamicin,Susceptible
562.97862,trimethoprim/sulfamethoxazole,Susceptible
562.97863,ampicillin,Resistant
562.97863,ciprofloxacin,Susceptible
562.97863,gentamicin,Susceptible
562.97863,trimethoprim/sulfamethoxazole,Susceptible
562.97864,ampicillin,Susceptible
562.97864,ciprofloxacin,Susceptible
562.97864,gentamicin,Susceptible
562.97864,trimethoprim/sulfamethoxazole,Susceptible
562.97865,ampicillin,Susceptible
562.97865,ciprofloxacin,Susceptible
562.97865,gentamicin,Susceptible
562.97865,trimethoprim/sulfamethoxazole,Resistant
562.97866,ampicillin,Resistant
562.97866,ciprofloxacin,Susceptible
562.97866,gentamicin,Susceptible
562.97866,trimethoprim/sulfamethoxazole,Resistant
562.97867,ampicillin,Susceptible
562.97867,ciprofloxacin,Susceptible
562.97867,gentamicin,Susceptible
562.97867,trimethoprim/sulfamethoxazole,Susceptible
562.97868,ampicillin,Susceptible
562.97868,ciprofloxacin,Susceptible
562.97868,gentamicin,Susceptible
562.97868,trimethoprim/sulfamethoxazole,Susceptible
562.97869,ampicillin,Susceptible
562.97869,ciprofloxacin,Susceptible
562.97869,gentamicin,Susceptible
562.97869,trimethoprim/sulfamethoxazole,Susceptible
562.97870,ampicillin,Susceptible
562.97870,ciprofloxacin,Susceptible
562.97870,gentamicin,Susceptible
562.97870,trimethoprim/sulfamethoxazole,Susceptible
562.97871,ampicillin,Susceptible
562.97871,ciprofloxacin,Susceptible
562.97871,gentamicin,Susceptible
562.97871,trimethoprim/sulfamethoxazole,Susceptible
562.97872,ampicillin,Susceptible
562.97872,ciprofloxacin,Susceptible
562.97872,gentamicin,Susceptible
562.97872,trimethoprim/sulfamethoxazole,Susceptible
562.97873,ampicillin,Resistant
562.97873,ciprofloxacin,Susceptible
562.97873,gentamicin,Susceptible
562.97873,trimethoprim/sulfamethoxazole,Resistant
562.97874,ampicillin,Resistant
562.97874,ciprofloxacin,Susceptible
562.97874,gentamicin,Susceptible
562.97874,trimethoprim/sulfamethoxazole,Susceptible
562.97875,ampicillin,Susceptible
562.97875,ciprofloxacin,Susceptible
562.97875,gentamicin,Susceptible
562.97875,trimethoprim/sulfamethoxazole,Susceptible
562.97876,ampicillin,Susceptible
562.97876,ciprofloxacin,Susceptible
562.97876,gentamicin,Susceptible
562.97876,trimethoprim/sulfamethoxazole,Resistant
562.97877,ampicillin,Susceptible
562.97877,ciprofloxacin,Susceptible
562.97877,gentamicin,Susceptible
562.97877,trimethoprim/sulfamethoxazole,Susceptible
562.97878,ampicillin,Susceptible
562.97878,ciprofloxacin,Susceptible
562.97878,gentamicin,Susceptible
562.97878,trimethoprim/sulfamethoxazole,Susceptible
562.97879,ampicillin,Susceptible
562.97879,ciprofloxacin,Susceptible
562.97879,gentamicin,Susceptible
562.97879,trimethoprim/sulfamethoxazole,Susceptible
562.97880,ampicillin,Resistant
562.97880,ciprofloxacin,Susceptible
562.97880,gentamicin,Susceptible
562.97880,trimethoprim/sulfamethoxazole,Susceptible
562.97881,ampicillin,Susceptible
562.97881,ciprofloxacin,Susceptible
562.97881,gentamicin,Susceptible
562.97881,trimethoprim/sulfamethoxazole,Susceptible
562.97882,ampicillin,Susceptible
562.97882,ciprofloxacin,Susceptible
562.97882,gentamicin,Susceptible
562.97882,trimethoprim/sulfamethoxazole,Susceptible
562.97883,ampicillin,Susceptible
562.97883,ciprofloxacin,Susceptible
562.97883,gentamicin,Susceptible
562.97883,trimethoprim/sulfamethoxazole,Susceptible
562.97884,ampicillin,Susceptible
562.97884,ciprofloxacin,Susceptible
562.97884,gentamicin,Susceptible
562.97884,trimethoprim/sulfamethoxazole,Resistant
562.97885,ampicillin,Susceptible
562.97885,ciprofloxacin,Susceptible
562.97885,gentamicin,Susceptible
562.97885,trimethoprim/sulfamethoxazole,Susceptible
562.97886,ampicillin,Susceptible
562.97886,ciprofloxacin,Susceptible
562.97886,gentamicin,Susceptible
562.97886,trimethoprim/sulfamethoxazole,Susceptible
562.97887,ampicillin,Susceptible
562.97887,ciprofloxacin,Susceptible
562.97887,gentamicin,Susceptible
562.97887,trimethoprim/sulfamethoxazole,Susceptible
562.97888,ampicillin,Susceptible
562.97888,ciprofloxacin,Susceptible
562.97888,gentamicin,Susceptible
562.97888,trimethoprim/sulfamethoxazole,Susceptible
562.97889,ampicillin,Susceptible
562.97889,ciprofloxacin,Susceptible
562.97889,gentamicin,Susceptible
562.97889,trimethoprim/sulfamethoxazole,Susceptible
562.97890,ampicillin,Susceptible
562.97890,ciprofloxacin,Susceptible
562.97890,gentamicin,Susceptible
562.97890,trimethoprim/sulfamethoxazole,Susceptible
562.97891,ampicillin,Susceptible
562.97891,ciprofloxacin,Susceptible
562.97891,gentamicin,Susceptible
562.97891,trimethoprim/sulfamethoxazole,Susceptible
562.97892,ampicillin,Susceptible
562.97892,ciprofloxacin,Susceptible
562.97892,gentamicin,Susceptible
562.97892,trimethoprim/sulfamethoxazole,Susceptible
562.97893,ampicillin,Resistant
562.97893,ciprofloxacin,Susceptible
562.97893,gentamicin,Susceptible
562.97893,trimethoprim/sulfamethoxazole,Susceptible
562.97894,ampicillin,Susceptible
562.97894,ciprofloxacin,Susceptible
562.97894,gentamicin,Susceptible
562.97894,trimethoprim/sulfamethoxazole,Resistant
562.97895,ampicillin,Susceptible
562.97895,ciprofloxacin,Susceptible
562.97895,gentamicin,Susceptible
562.97895,trimethoprim/sulfamethoxazole,Susceptible
562.97896,ampicillin,Susceptible
562.97896,ciprofloxacin,Susceptible
562.97896,gentamicin,Susceptible
562.97896,trimethoprim/sulfamethoxazole,Susceptible
562.97897,ampicillin,Susceptible
562.97897,ciprofloxacin,Susceptible
562.97897,gentamicin,Susceptible
562.97897,trimethoprim/sulfamethoxazole,Susceptible
562.97898,ampicillin,Resistant
562.97898,ciprofloxacin,Susceptible
562.97898,gentamicin,Susceptible
562.97898,trimethoprim/sulfamethoxazole,Resistant
562.97899,ampicillin,Susceptible
562.97899,ciprofloxacin,Susceptible
562.97899,gentamicin,Susceptible
562.97899,trimethoprim/sulfamethoxazole,Susceptible
562.97900,ampicillin,Susceptible
562.97900,ciprofloxacin,Susceptible
562.97900,gentamicin,Susceptible
562.97900,trimethoprim/sulfamethoxazole,Susceptible
562.97901,ampicillin,Susceptible
562.97901,ciprofloxacin,Susceptible
562.97901,gentamicin,Susceptible
562.97901,trimethoprim/sulfamethoxazole,Susceptible
562.97902,ampicillin,Susceptible
562.97902,ciprofloxacin,Susceptible
562.97902,gentamicin,Susceptible
562.97902,trimethoprim/sulfamethoxazole,Susceptible
562.97903,ampicillin,Susceptible
562.97903,ciprofloxacin,Susceptible
562.97903,gentamicin,Susceptible
562.97903,trimethoprim/sulfamethoxazole,Resistant
562.97904,ampicillin,Resistant
562.97904,ciprofloxacin,Susceptible
562.97904,gentamicin,Susceptible
562.97904,trimethoprim/sulfamethoxazole,Susceptible
562.97905,ampicillin,Susceptible
562.97905,ciprofloxacin,Susceptible
562.97905,gentamicin,Susceptible
562.97905,trimethoprim/sulfamethoxazole,Susceptible
562.97906,ampicillin,Susceptible
562.97906,ciprofloxacin,Susceptible
562.97906,gentamicin,Susceptible
562.97906,trimethoprim/sulfamethoxazole,Susceptible
562.97907,ampicillin,Resistant
562.97907,ciprofloxacin,Susceptible
562.97907,gentamicin,Susceptible
562.97907,trimethoprim/sulfamethoxazole,Susceptible
562.97908,ampicillin,Susceptible
562.97908,ciprofloxacin,Susceptible
562.97908,gentamicin,Susceptible
562.97908,trimethoprim/sulfamethoxazole,Susceptible
562.97909,ampicillin,Susceptible
562.97909,ciprofloxacin,Susceptible
562.97909,gentamicin,Susceptible
562.97909,trimethoprim/sulfamethoxazole,Susceptible
562.97910,ampicillin,Resistant
562.97910,ciprofloxacin,Susceptible
562.97910,gentamicin,Susceptible
562.97910,trimethoprim/sulfamethoxazole,Resistant
562.97911,ampicillin,Resistant
562.97911,ciprofloxacin,Susceptible
562.97911,gentamicin,Susceptible
562.97911,trimethoprim/sulfamethoxazole,Susceptible
562.97912,ampicillin,Susceptible
562.97912,ciprofloxacin,Susceptible
562.97912,gentamicin,Susceptible
562.97912,trimethoprim/sulfamethoxazole,Susceptible
562.97913,ampicillin,Susceptible
562.97913,ciprofloxacin,Susceptible
562.97913,gentamicin,Susceptible
562.97913,trimethoprim/sulfamethoxazole,Susceptible
562.97914,ampicillin,Resistant
562.97914,ciprofloxacin,Susceptible
562.97914,gentamicin,Susceptible
562.97914,trimethoprim/sulfamethoxazole,Resistant
562.97915,ampicillin,Resistant
562.97915,ciprofloxacin,Susceptible
562.97915,gentamicin,Susceptible
562.97915,trimethoprim/sulfamethoxazole,Susceptible
562.97916,ampicillin,Resistant
562.97916,ciprofloxacin,Susceptible
562.97916,gentamicin,Susceptible
562.97916,trimethoprim/sulfamethoxazole,Susceptible
562.97917,ampicillin,Susceptible
562.97917,ciprofloxacin,Susceptible
562.97917,gentamicin,Susceptible
562.97917,trimethoprim/sulfamethoxazole,Susceptible
562.97918,ampicillin,Resistant
562.97918,ciprofloxacin,Susceptible
562.97918,gentamicin,Susceptible
562.97918,trimethoprim/sulfamethoxazole,Susceptible
562.97919,ampicillin,Susceptible
562.97919,ciprofloxacin,Susceptible
562.97919,gentamicin,Susceptible
562.97919,trimethoprim/sulfamethoxazole,Susceptible
562.97920,ampicillin,Susceptible
562.97920,ciprofloxacin,Susceptible
562.97920,gentamicin,Susceptible
562.97920,trimethoprim/sulfamethoxazole,Susceptible
562.97921,ampicillin,Susceptible
562.97921,ciprofloxacin,Susceptible
562.97921,gentamicin,Susceptible
562.97921,trimethoprim/sulfamethoxazole,Susceptible
562.97922,ampicillin,Susceptible
562.97922,ciprofloxacin,Susceptible
562.97922,gentamicin,Susceptible
562.97922,trimethoprim/sulfamethoxazole,Susceptible
562.97923,ampicillin,Susceptible
562.97923,ciprofloxacin,Susceptible
562.97923,gentamicin,Susceptible
562.97923,trimethoprim/sulfamethoxazole,Susceptible
562.97924,ampicillin,Susceptible
562.97924,ciprofloxacin,Susceptible
562.97924,gentamicin,Susceptible
562.97924,trimethoprim/sulfamethoxazole,Susceptible
562.97925,ampicillin,Susceptible
562.97925,ciprofloxacin,Susceptible
562.97925,gentamicin,Susceptible
562.97925,trimethoprim/sulfamethoxazole,Susceptible
562.97926,ampicillin,Susceptible
562.97926,ciprofloxacin,Susceptible
562.97926,gentamicin,Susceptible
562.97926,trimethoprim/sulfamethoxazole,Susceptible
562.97927,ampicillin,Resistant
562.97927,ciprofloxacin,Susceptible
562.97927,gentamicin,Susceptible
562.97927,trimethoprim/sulfamethoxazole,Susceptible
562.97928,ampicillin,Susceptible
562.97928,ciprofloxacin,Susceptible
562.97928,gentamicin,Susceptible
562.97928,trimethoprim/sulfamethoxazole,Susceptible
562.97929,ampicillin,Resistant
562.97929,ciprofloxacin,Susceptible
562.97929,gentamicin,Susceptible
562.97929,trimethoprim/sulfamethoxazole,Resistant
562.97930,ampicillin,Resistant
562.97930,ciprofloxacin,Susceptible
562.97930,gentamicin,Susceptible
562.97930,trimethoprim/sulfamethoxazole,Susceptible
562.97931,ampicillin,Resistant
562.97931,ciprofloxacin,Resistant
562.97931,gentamicin,Susceptible
562.97931,trimethoprim/sulfamethoxazole,Resistant
562.97932,ampicillin,Susceptible
562.97932,ciprofloxacin,Susceptible
562.97932,gentamicin,Susceptible
562.97932,trimethoprim/sulfamethoxazole,Susceptible
562.97933,ampicillin,Resistant
562.97933,ciprofloxacin,Susceptible
562.97933,gentamicin,Susceptible
562.97933,trimethoprim/sulfamethoxazole,Resistant
562.97934,ampicillin,Susceptible
562.97934,ciprofloxacin,Susceptible
562.97934,gentamicin,Susceptible
562.97934,trimethoprim/sulfamethoxazole,Susceptible
562.97935,ampicillin,Susceptible
562.97935,ciprofloxacin,Susceptible
562.97935,gentamicin,Susceptible
562.97935,trimethoprim/sulfamethoxazole,Susceptible
562.97936,ampicillin,Resistant
562.97936,ciprofloxacin,Susceptible
562.97936,gentamicin,Susceptible
562.97936,trimethoprim/sulfamethoxazole,Susceptible
562.97937,ampicillin,Susceptible
562.97937,ciprofloxacin,Susceptible
562.97937,gentamicin,Susceptible
562.97937,trimethoprim/sulfamethoxazole,Resistant
562.97938,ampicillin,Susceptible
562.97938,ciprofloxacin,Susceptible
562.97938,gentamicin,Susceptible
562.97938,trimethoprim/sulfamethoxazole,Susceptible
562.97939,ampicillin,Susceptible
562.97939,ciprofloxacin,Susceptible
562.97939,gentamicin,Susceptible
562.97939,trimethoprim/sulfamethoxazole,Resistant
562.97940,ampicillin,Susceptible
562.97940,ciprofloxacin,Susceptible
562.97940,gentamicin,Susceptible
562.97940,trimethoprim/sulfamethoxazole,Susceptible
562.97941,ampicillin,Susceptible
562.97941,ciprofloxacin,Susceptible
562.97941,gentamicin,Susceptible
562.97941,trimethoprim/sulfamethoxazole,Susceptible
562.97942,ampicillin,Susceptible
562.97942,ciprofloxacin,Susceptible
562.97942,gentamicin,Susceptible
562.97942,trimethoprim/sulfamethoxazole,Susceptible
562.97943,ampicillin,Susceptible
562.97943,ciprofloxacin,Susceptible
562.97943,gentamicin,Susceptible
562.97943,trimethoprim/sulfamethoxazole,Susceptible
562.97944,ampicillin,Susceptible
562.97944,ciprofloxacin,Susceptible
562.97944,gentamicin,Susceptible
562.97944,trimethoprim/sulfamethoxazole,Susceptible
562.97945,ampicillin,Resistant
562.97945,ciprofloxacin,Susceptible
562.97945,gentamicin,Susceptible
562.97945,trimethoprim/sulfamethoxazole,Susceptible
562.97946,ampicillin,Susceptible
562.97946,ciprofloxacin,Susceptible
562.97946,gentamicin,Susceptible
562.97946,trimethoprim/sulfamethoxazole,Susceptible
562.97947,ampicillin,Susceptible
562.97947,ciprofloxacin,Susceptible
562.97947,gentamicin,Susceptible
562.97947,trimethoprim/sulfamethoxazole,Susceptible
562.97948,ampicillin,Resistant
562.97948,ciprofloxacin,Susceptible
562.97948,gentamicin,Susceptible
562.97948,trimethoprim/sulfamethoxazole,Susceptible
562.97949,ampicillin,Susceptible
562.97949,ciprofloxacin,Susceptible
562.97949,gentamicin,Susceptible
562.97949,trimethoprim/sulfamethoxazole,Susceptible
562.97950,ampicillin,Susceptible
562.97950,ciprofloxacin,Susceptible
562.97950,gentamicin,Susceptible
562.97950,trimethoprim/sulfamethoxazole,Susceptible
562.97951,ampicillin,Susceptible
562.97951,ciprofloxacin,Susceptible
562.97951,gentamicin,Susceptible
562.97951,trimethoprim/sulfamethoxazole,Susceptible
562.97952,ampicillin,Resistant
562.97952,ciprofloxacin,Susceptible
562.97952,gentamicin,Susceptible
562.97952,trimethoprim/sulfamethoxazole,Susceptible
562.97953,ampicillin,Susceptible
562.97953,ciprofloxacin,Susceptible
562.97953,gentamicin,Susceptible
562.97953,trimethoprim/sulfamethoxazole,Susceptible
562.97954,ampicillin,Susceptible
562.97954,ciprofloxacin,Susceptible
562.97954,gentamicin,Susceptible
562.97954,trimethoprim/sulfamethoxazole,Susceptible
562.97955,ampicillin,Susceptible
562.97955,ciprofloxacin,Susceptible
562.97955,gentamicin,Susceptible
562.97955,trimethoprim/sulfamethoxazole,Susceptible
562.97956,ampicillin,Susceptible
562.97956,ciprofloxacin,Susceptible
562.97956,gentamicin,Susceptible
562.97956,trimethoprim/sulfamethoxazole,Susceptible
562.97957,ampicillin,Susceptible
562.97957,ciprofloxacin,Susceptible
562.97957,gentamicin,Susceptible
562.97957,trimethoprim/sulfamethoxazole,Susceptible
562.97958,ampicillin,Susceptible
562.97958,ciprofloxacin,Susceptible
562.97958,gentamicin,Susceptible
562.97958,trimethoprim/sulfamethoxazole,Susceptible
562.97959,ampicillin,Susceptible
562.97959,ciprofloxacin,Susceptible
562.97959,gentamicin,Susceptible
562.97959,trimethoprim/sulfamethoxazole,Susceptible
562.97960,ampicillin,Susceptible
562.97960,ciprofloxacin,Susceptible
562.97960,gentamicin,Susceptible
562.97960,trimethoprim/sulfamethoxazole,Resistant
562.97961,ampicillin,Susceptible
562.97961,gentamicin,Susceptible
562.97961,trimethoprim/sulfamethoxazole,Susceptible
562.97962,ampicillin,Resistant
562.97962,ciprofloxacin,Susceptible
562.97962,gentamicin,Susceptible
562.97962,trimethoprim/sulfamethoxazole,Susceptible
562.97963,ampicillin,Susceptible
562.97963,ciprofloxacin,Susceptible
562.97963,gentamicin,Susceptible
562.97963,trimethoprim/sulfamethoxazole,Susceptible
562.97964,ampicillin,Resistant
562.97964,ciprofloxacin,Susceptible
562.97964,gentamicin,Susceptible
562.97964,trimethoprim/sulfamethoxazole,Susceptible
562.97965,ampicillin,Resistant
562.97965,ciprofloxacin,Susceptible
562.97965,gentamicin,Susceptible
562.97965,trimethoprim/sulfamethoxazole,Resistant
562.97966,ampicillin,Susceptible
562.97966,ciprofloxacin,Susceptible
562.97966,gentamicin,Susceptible
562.97966,trimethoprim/sulfamethoxazole,Susceptible
562.97967,ampicillin,Susceptible
562.97967,ciprofloxacin,Susceptible
562.97967,gentamicin,Susceptible
562.97967,trimethoprim/sulfamethoxazole,Resistant
562.97968,ampicillin,Resistant
562.97968,ciprofloxacin,Susceptible
562.97968,gentamicin,Susceptible
562.97968,trimethoprim/sulfamethoxazole,Susceptible
562.97969,ampicillin,Resistant
562.97969,ciprofloxacin,Susceptible
562.97969,gentamicin,Susceptible
562.97969,trimethoprim/sulfamethoxazole,Susceptible
562.97970,ampicillin,Resistant
562.97970,cefotaxime,Susceptible
562.97970,ciprofloxacin,Susceptible
562.97970,gentamicin,Susceptible
562.97970,trimethoprim/sulfamethoxazole,Susceptible
562.97971,ampicillin,Resistant
562.97971,ciprofloxacin,Susceptible
562.97971,gentamicin,Susceptible
562.97971,trimethoprim/sulfamethoxazole,Susceptible
562.97972,ampicillin,Susceptible
562.97972,ciprofloxacin,Susceptible
562.97972,gentamicin,Susceptible
562.97972,trimethoprim/sulfamethoxazole,Susceptible
562.97973,ampicillin,Susceptible
562.97973,ciprofloxacin,Susceptible
562.97973,gentamicin,Susceptible
562.97973,trimethoprim/sulfamethoxazole,Susceptible
562.97974,ampicillin,Susceptible
562.97974,ciprofloxacin,Susceptible
562.97974,gentamicin,Susceptible
562.97974,trimethoprim/sulfamethoxazole,Susceptible
562.97975,ampicillin,Susceptible
562.97975,ciprofloxacin,Susceptible
562.97975,gentamicin,Susceptible
562.97975,trimethoprim/sulfamethoxazole,Susceptible
562.97976,ampicillin,Susceptible
562.97976,ciprofloxacin,Susceptible
562.97976,gentamicin,Susceptible
562.97976,trimethoprim/sulfamethoxazole,Susceptible
562.97977,ampicillin,Susceptible
562.97977,ciprofloxacin,Susceptible
562.97977,gentamicin,Susceptible
562.97977,trimethoprim/sulfamethoxazole,Susceptible
562.97978,ampicillin,Resistant
562.97978,ciprofloxacin,Susceptible
562.97978,gentamicin,Susceptible
562.97978,trimethoprim/sulfamethoxazole,Resistant
562.97979,ampicillin,Resistant
562.97979,ciprofloxacin,Susceptible
562.97979,gentamicin,Susceptible
562.97979,trimethoprim/sulfamethoxazole,Resistant
562.97980,ampicillin,Resistant
562.97980,gentamicin,Susceptible
562.97980,trimethoprim/sulfamethoxazole,Susceptible
562.97981,ampicillin,Resistant
562.97981,ciprofloxacin,Susceptible
562.97981,gentamicin,Susceptible
562.97981,trimethoprim/sulfamethoxazole,Resistant
562.97982,ampicillin,Susceptible
562.97982,cefotaxime,Susceptible
562.97982,ciprofloxacin,Susceptible
562.97982,gentamicin,Susceptible
562.97982,trimethoprim/sulfamethoxazole,Susceptible
562.97983,ampicillin,Resistant
562.97983,gentamicin,Susceptible
562.97983,trimethoprim/sulfamethoxazole,Resistant
562.97984,ampicillin,Resistant
562.97984,ciprofloxacin,Susceptible
562.97984,gentamicin,Susceptible
562.97984,trimethoprim/sulfamethoxazole,Susceptible
562.97985,ampicillin,Resistant
562.97985,ciprofloxacin,Susceptible
562.97985,gentamicin,Susceptible
562.97985,trimethoprim/sulfamethoxazole,Susceptible
562.97986,ampicillin,Susceptible
562.97986,ciprofloxacin,Susceptible
562.97986,gentamicin,Susceptible
562.97986,trimethoprim/sulfamethoxazole,Susceptible
562.97987,ampicillin,Susceptible
562.97987,ciprofloxacin,Susceptible
562.97987,gentamicin,Susceptible
562.97987,trimethoprim/sulfamethoxazole,Susceptible
562.97988,ampicillin,Resistant
562.97988,ciprofloxacin,Susceptible
562.97988,gentamicin,Susceptible
562.97988,trimethoprim/sulfamethoxazole,Resistant
562.97989,ampicillin,Susceptible
562.97989,cefotaxime,Susceptible
562.97989,ciprofloxacin,Susceptible
562.97989,gentamicin,Susceptible
562.97989,trimethoprim/sulfamethoxazole,Susceptible
562.97990,ampicillin,Resistant
562.97990,ciprofloxacin,Susceptible
562.97990,gentamicin,Susceptible
562.97990,trimethoprim/sulfamethoxazole,Susceptible
562.97991,ampicillin,Susceptible
562.97991,cefotaxime,Susceptible
562.97991,ciprofloxacin,Susceptible
562.97991,gentamicin,Susceptible
562.97991,trimethoprim/sulfamethoxazole,Susceptible
562.97992,ampicillin,Susceptible
562.97992,ciprofloxacin,Susceptible
562.97992,gentamicin,Susceptible
562.97992,trimethoprim/sulfamethoxazole,Susceptible
562.97993,ampicillin,Susceptible
562.97993,cefotaxime,Susceptible
562.97993,ciprofloxacin,Susceptible
562.97993,gentamicin,Susceptible
562.97993,trimethoprim/sulfamethoxazole,Susceptible
562.97994,ampicillin,Resistant
562.97994,ciprofloxacin,Resistant
562.97994,gentamicin,Resistant
562.97994,trimethoprim/sulfamethoxazole,Susceptible
562.97995,ampicillin,Susceptible
562.97995,ciprofloxacin,Susceptible
562.97995,gentamicin,Susceptible
562.97995,trimethoprim/sulfamethoxazole,Susceptible
562.97996,ampicillin,Resistant
562.97996,ciprofloxacin,Susceptible
562.97996,gentamicin,Susceptible
562.97996,trimethoprim/sulfamethoxazole,Susceptible
562.97997,ampicillin,Susceptible
562.97997,cefotaxime,Susceptible
562.97997,ciprofloxacin,Susceptible
562.97997,gentamicin,Susceptible
562.97997,trimethoprim/sulfamethoxazole,Resistant
562.97998,ampicillin,Resistant
562.97998,ciprofloxacin,Susceptible
562.97998,gentamicin,Susceptible
562.97998,trimethoprim/sulfamethoxazole,Susceptible
562.97999,ampicillin,Resistant
562.97999,cefotaxime,Susceptible
562.97999,ciprofloxacin,Susceptible
562.97999,gentamicin,Susceptible
562.97999,trimethoprim/sulfamethoxazole,Susceptible
562.98000,ampicillin,Susceptible
562.98000,cefotaxime,Susceptible
562.98000,ciprofloxacin,Susceptible
562.98000,gentamicin,Susceptible
562.98000,trimethoprim/sulfamethoxazole,Susceptible
562.98001,ampicillin,Susceptible
562.98001,ciprofloxacin,Susceptible
562.98001,gentamicin,Susceptible
562.98001,trimethoprim/sulfamethoxazole,Resistant
562.98002,ampicillin,Susceptible
562.98002,cefotaxime,Susceptible
562.98002,ciprofloxacin,Susceptible
562.98002,gentamicin,Susceptible
562.98002,trimethoprim/sulfamethoxazole,Susceptible
562.98003,ampicillin,Susceptible
562.98003,cefotaxime,Susceptible
562.98003,ciprofloxacin,Susceptible
562.98003,gentamicin,Susceptible
562.98003,trimethoprim/sulfamethoxazole,Susceptible
562.98004,ampicillin,Susceptible
562.98004,ciprofloxacin,Susceptible
562.98004,gentamicin,Susceptible
562.98004,trimethoprim/sulfamethoxazole,Susceptible
562.98005,ampicillin,Susceptible
562.98005,ciprofloxacin,Susceptible
562.98005,gentamicin,Susceptible
562.98005,trimethoprim/sulfamethoxazole,Susceptible
562.98006,ampicillin,Susceptible
562.98006,ciprofloxacin,Susceptible
562.98006,gentamicin,Susceptible
562.98006,trimethoprim/sulfamethoxazole,Susceptible
562.98007,ampicillin,Susceptible
562.98007,ciprofloxacin,Susceptible
562.98007,gentamicin,Susceptible
562.98007,trimethoprim/sulfamethoxazole,Susceptible
562.98008,ampicillin,Resistant
562.98008,ciprofloxacin,Susceptible
562.98008,gentamicin,Susceptible
562.98008,trimethoprim/sulfamethoxazole,Susceptible
562.98009,ampicillin,Resistant
562.98009,ciprofloxacin,Susceptible
562.98009,gentamicin,Susceptible
562.98009,trimethoprim/sulfamethoxazole,Resistant
562.98010,ampicillin,Resistant
562.98010,ciprofloxacin,Susceptible
562.98010,gentamicin,Susceptible
562.98010,trimethoprim/sulfamethoxazole,Resistant
562.98011,ampicillin,Susceptible
562.98011,ciprofloxacin,Susceptible
562.98011,gentamicin,Susceptible
562.98011,trimethoprim/sulfamethoxazole,Susceptible
562.98012,ampicillin,Susceptible
562.98012,ciprofloxacin,Susceptible
562.98012,gentamicin,Susceptible
562.98012,trimethoprim/sulfamethoxazole,Susceptible
562.98013,ampicillin,Susceptible
562.98013,ciprofloxacin,Susceptible
562.98013,gentamicin,Susceptible
562.98013,trimethoprim/sulfamethoxazole,Susceptible
562.98014,ampicillin,Susceptible
562.98014,ciprofloxacin,Susceptible
562.98014,gentamicin,Susceptible
562.98014,trimethoprim/sulfamethoxazole,Susceptible
562.98015,ampicillin,Susceptible
562.98015,ciprofloxacin,Susceptible
562.98015,gentamicin,Susceptible
562.98015,trimethoprim/sulfamethoxazole,Susceptible
562.98016,ampicillin,Resistant
562.98016,ciprofloxacin,Susceptible
562.98016,gentamicin,Susceptible
562.98016,trimethoprim/sulfamethoxazole,Susceptible
562.98017,ampicillin,Susceptible
562.98017,ciprofloxacin,Susceptible
562.98017,gentamicin,Susceptible
562.98017,trimethoprim/sulfamethoxazole,Susceptible
562.98018,ampicillin,Susceptible
562.98018,ciprofloxacin,Susceptible
562.98018,gentamicin,Susceptible
562.98018,trimethoprim/sulfamethoxazole,Susceptible
562.98019,ampicillin,Susceptible
562.98019,ciprofloxacin,Susceptible
562.98019,gentamicin,Susceptible
562.98019,trimethoprim/sulfamethoxazole,Susceptible
562.98020,ampicillin,Susceptible
562.98020,ciprofloxacin,Susceptible
562.98020,gentamicin,Susceptible
562.98020,trimethoprim/sulfamethoxazole,Susceptible
562.98021,ampicillin,Resistant
562.98021,ciprofloxacin,Susceptible
562.98021,gentamicin,Susceptible
562.98021,trimethoprim/sulfamethoxazole,Resistant
562.98022,ampicillin,Susceptible
562.98022,ciprofloxacin,Susceptible
562.98022,gentamicin,Susceptible
562.98022,trimethoprim/sulfamethoxazole,Susceptible
562.98023,ampicillin,Resistant
562.98023,cefotaxime,Susceptible
562.98023,ciprofloxacin,Susceptible
562.98023,gentamicin,Susceptible
562.98023,trimethoprim/sulfamethoxazole,Resistant
562.98024,ampicillin,Resistant
562.98024,cefotaxime,Susceptible
562.98024,ciprofloxacin,Susceptible
562.98024,gentamicin,Susceptible
562.98024,trimethoprim/sulfamethoxazole,Susceptible
562.98025,ampicillin,Susceptible
562.98025,ciprofloxacin,Susceptible
562.98025,gentamicin,Susceptible
562.98025,trimethoprim/sulfamethoxazole,Susceptible
562.98026,ampicillin,Susceptible
562.98026,cefotaxime,Susceptible
562.98026,ciprofloxacin,Susceptible
562.98026,gentamicin,Susceptible
562.98026,trimethoprim/sulfamethoxazole,Susceptible
562.98027,ampicillin,Susceptible
562.98027,ciprofloxacin,Susceptible
562.98027,gentamicin,Susceptible
562.98027,trimethoprim/sulfamethoxazole,Susceptible
562.98028,ampicillin,Susceptible
562.98028,ciprofloxacin,Susceptible
562.98028,gentamicin,Susceptible
562.98028,trimethoprim/sulfamethoxazole,Susceptible
562.98029,ampicillin,Susceptible
562.98029,ciprofloxacin,Susceptible
562.98029,gentamicin,Susceptible
562.98029,trimethoprim/sulfamethoxazole,Susceptible
562.98030,ampicillin,Susceptible
562.98030,ciprofloxacin,Susceptible
562.98030,gentamicin,Susceptible
562.98030,trimethoprim/sulfamethoxazole,Susceptible
562.98031,ampicillin,Susceptible
562.98031,ciprofloxacin,Susceptible
562.98031,gentamicin,Susceptible
562.98031,trimethoprim/sulfamethoxazole,Susceptible
562.98032,ampicillin,Susceptible
562.98032,ciprofloxacin,Susceptible
562.98032,gentamicin,Susceptible
562.98032,trimethoprim/sulfamethoxazole,Susceptible
562.98033,ampicillin,Susceptible
562.98033,ciprofloxacin,Susceptible
562.98033,gentamicin,Susceptible
562.98033,trimethoprim/sulfamethoxazole,Susceptible
562.98034,ampicillin,Susceptible
562.98034,ciprofloxacin,Susceptible
562.98034,gentamicin,Susceptible
562.98034,trimethoprim/sulfamethoxazole,Susceptible
562.98035,ampicillin,Susceptible
562.98035,ciprofloxacin,Susceptible
562.98035,gentamicin,Susceptible
562.98035,trimethoprim/sulfamethoxazole,Susceptible
562.98036,ampicillin,Resistant
562.98036,ciprofloxacin,Susceptible
562.98036,gentamicin,Susceptible
562.98036,trimethoprim/sulfamethoxazole,Resistant
562.98037,ampicillin,Susceptible
562.98037,cefotaxime,Susceptible
562.98037,ciprofloxacin,Susceptible
562.98037,gentamicin,Susceptible
562.98037,trimethoprim/sulfamethoxazole,Susceptible
562.98038,ampicillin,Susceptible
562.98038,ciprofloxacin,Susceptible
562.98038,gentamicin,Susceptible
562.98038,trimethoprim/sulfamethoxazole,Susceptible
562.98039,ampicillin,Resistant
562.98039,ciprofloxacin,Susceptible
562.98039,gentamicin,Susceptible
562.98039,trimethoprim/sulfamethoxazole,Resistant
562.98040,ampicillin,Susceptible
562.98040,ciprofloxacin,Susceptible
562.98040,gentamicin,Susceptible
562.98040,trimethoprim/sulfamethoxazole,Susceptible
562.98041,ampicillin,Resistant
562.98041,ciprofloxacin,Susceptible
562.98041,gentamicin,Susceptible
562.98041,trimethoprim/sulfamethoxazole,Resistant
562.98042,ampicillin,Susceptible
562.98042,ciprofloxacin,Susceptible
562.98042,gentamicin,Susceptible
562.98042,trimethoprim/sulfamethoxazole,Susceptible
562.98043,ampicillin,Susceptible
562.98043,ciprofloxacin,Susceptible
562.98043,gentamicin,Susceptible
562.98043,trimethoprim/sulfamethoxazole,Susceptible
562.98044,ampicillin,Resistant
562.98044,cefotaxime,Susceptible
562.98044,ciprofloxacin,Susceptible
562.98044,gentamicin,Susceptible
562.98044,trimethoprim/sulfamethoxazole,Susceptible
562.98045,ampicillin,Resistant
562.98045,ciprofloxacin,Susceptible
562.98045,gentamicin,Susceptible
562.98045,trimethoprim/sulfamethoxazole,Resistant
562.98046,ampicillin,Susceptible
562.98046,ciprofloxacin,Susceptible
562.98046,gentamicin,Susceptible
562.98046,trimethoprim/sulfamethoxazole,Susceptible
562.98047,ampicillin,Resistant
562.98047,ciprofloxacin,Susceptible
562.98047,gentamicin,Susceptible
562.98047,trimethoprim/sulfamethoxazole,Resistant
562.98048,ampicillin,Resistant
562.98048,ciprofloxacin,Susceptible
562.98048,gentamicin,Susceptible
562.98048,trimethoprim/sulfamethoxazole,Susceptible
562.98049,ampicillin,Resistant
562.98049,cefotaxime,Susceptible
562.98049,ciprofloxacin,Susceptible
562.98049,gentamicin,Susceptible
562.98049,trimethoprim/sulfamethoxazole,Susceptible
562.98050,ampicillin,Susceptible
562.98050,ciprofloxacin,Susceptible
562.98050,gentamicin,Susceptible
562.98050,trimethoprim/sulfamethoxazole,Susceptible
562.98051,ampicillin,Resistant
562.98051,ciprofloxacin,Susceptible
562.98051,gentamicin,Susceptible
562.98051,trimethoprim/sulfamethoxazole,Resistant
562.98052,ampicillin,Susceptible
562.98052,ciprofloxacin,Susceptible
562.98052,gentamicin,Susceptible
562.98052,trimethoprim/sulfamethoxazole,Susceptible
562.98053,ampicillin,Susceptible
562.98053,ciprofloxacin,Susceptible
562.98053,gentamicin,Susceptible
562.98053,trimethoprim/sulfamethoxazole,Susceptible
562.98054,ampicillin,Susceptible
562.98054,ciprofloxacin,Susceptible
562.98054,gentamicin,Susceptible
562.98054,trimethoprim/sulfamethoxazole,Resistant
562.98055,ampicillin,Susceptible
562.98055,ciprofloxacin,Susceptible
562.98055,gentamicin,Susceptible
562.98055,trimethoprim/sulfamethoxazole,Susceptible
562.98056,ampicillin,Susceptible
562.98056,ciprofloxacin,Susceptible
562.98056,gentamicin,Susceptible
562.98056,trimethoprim/sulfamethoxazole,Susceptible
562.98057,ampicillin,Susceptible
562.98057,ciprofloxacin,Susceptible
562.98057,gentamicin,Susceptible
562.98057,trimethoprim/sulfamethoxazole,Susceptible
562.98058,ampicillin,Susceptible
562.98058,cefotaxime,Susceptible
562.98058,ciprofloxacin,Susceptible
562.98058,gentamicin,Susceptible
562.98058,trimethoprim/sulfamethoxazole,Susceptible
562.98059,ampicillin,Susceptible
562.98059,ciprofloxacin,Susceptible
562.98059,gentamicin,Susceptible
562.98059,trimethoprim/sulfamethoxazole,Susceptible
562.98060,ampicillin,Susceptible
562.98060,cefotaxime,Susceptible
562.98060,ciprofloxacin,Susceptible
562.98060,gentamicin,Susceptible
562.98060,trimethoprim/sulfamethoxazole,Susceptible
562.98061,ampicillin,Susceptible
562.98061,ciprofloxacin,Susceptible
562.98061,gentamicin,Susceptible
562.98061,trimethoprim/sulfamethoxazole,Susceptible
562.98062,ampicillin,Susceptible
562.98062,ciprofloxacin,Susceptible
562.98062,gentamicin,Susceptible
562.98062,trimethoprim/sulfamethoxazole,Susceptible
562.98063,ampicillin,Resistant
562.98063,cefotaxime,Susceptible
562.98063,ciprofloxacin,Susceptible
562.98063,gentamicin,Susceptible
562.98063,trimethoprim/sulfamethoxazole,Resistant
562.98064,ampicillin,Susceptible
562.98064,cefotaxime,Susceptible
562.98064,ciprofloxacin,Susceptible
562.98064,gentamicin,Susceptible
562.98064,trimethoprim/sulfamethoxazole,Susceptible
562.98065,ampicillin,Susceptible
562.98065,ciprofloxacin,Susceptible
562.98065,gentamicin,Susceptible
562.98065,trimethoprim/sulfamethoxazole,Susceptible
562.98066,ampicillin,Resistant
562.98066,cefotaxime,Resistant
562.98066,ciprofloxacin,Susceptible
562.98066,gentamicin,Resistant
562.98066,trimethoprim/sulfamethoxazole,Susceptible
562.98067,ampicillin,Susceptible
562.98067,cefotaxime,Susceptible
562.98067,ciprofloxacin,Susceptible
562.98067,gentamicin,Susceptible
562.98067,trimethoprim/sulfamethoxazole,Susceptible
562.98068,ampicillin,Susceptible
562.98068,ciprofloxacin,Susceptible
562.98068,gentamicin,Susceptible
562.98068,trimethoprim/sulfamethoxazole,Susceptible
562.98069,ampicillin,Susceptible
562.98069,ciprofloxacin,Susceptible
562.98069,gentamicin,Susceptible
562.98069,trimethoprim/sulfamethoxazole,Susceptible
562.98070,ampicillin,Resistant
562.98070,ciprofloxacin,Susceptible
562.98070,gentamicin,Susceptible
562.98070,trimethoprim/sulfamethoxazole,Susceptible
562.98071,ampicillin,Susceptible
562.98071,ciprofloxacin,Susceptible
562.98071,gentamicin,Susceptible
562.98071,trimethoprim/sulfamethoxazole,Susceptible
562.98072,ampicillin,Resistant
562.98072,ciprofloxacin,Susceptible
562.98072,gentamicin,Susceptible
562.98072,trimethoprim/sulfamethoxazole,Resistant
562.98073,ampicillin,Susceptible
562.98073,ciprofloxacin,Susceptible
562.98073,gentamicin,Susceptible
562.98073,trimethoprim/sulfamethoxazole,Susceptible
562.98074,ampicillin,Susceptible
562.98074,ciprofloxacin,Susceptible
562.98074,gentamicin,Susceptible
562.98074,trimethoprim/sulfamethoxazole,Susceptible
562.98075,ampicillin,Susceptible
562.98075,cefotaxime,Susceptible
562.98075,ciprofloxacin,Susceptible
562.98075,gentamicin,Susceptible
562.98075,trimethoprim/sulfamethoxazole,Susceptible
562.98076,ampicillin,Susceptible
562.98076,ciprofloxacin,Susceptible
562.98076,gentamicin,Susceptible
562.98076,trimethoprim/sulfamethoxazole,Susceptible
562.98077,ampicillin,Susceptible
562.98077,ciprofloxacin,Susceptible
562.98077,gentamicin,Susceptible
562.98077,trimethoprim/sulfamethoxazole,Susceptible
562.98078,ampicillin,Resistant
562.98078,cefotaxime,Susceptible
562.98078,ciprofloxacin,Susceptible
562.98078,gentamicin,Susceptible
562.98078,trimethoprim/sulfamethoxazole,Resistant
562.98079,ampicillin,Resistant
562.98079,cefotaxime,Susceptible
562.98079,ciprofloxacin,Susceptible
562.98079,gentamicin,Susceptible
562.98079,trimethoprim/sulfamethoxazole,Resistant
562.98080,ampicillin,Susceptible
562.98080,cefotaxime,Susceptible
562.98080,ciprofloxacin,Susceptible
562.98080,gentamicin,Susceptible
562.98080,trimethoprim/sulfamethoxazole,Susceptible
562.98081,ampicillin,Susceptible
562.98081,cefotaxime,Susceptible
562.98081,ciprofloxacin,Susceptible
562.98081,gentamicin,Susceptible
562.98081,trimethoprim/sulfamethoxazole,Susceptible
562.98082,ampicillin,Susceptible
562.98082,cefotaxime,Susceptible
562.98082,ciprofloxacin,Susceptible
562.98082,gentamicin,Susceptible
562.98082,trimethoprim/sulfamethoxazole,Susceptible
562.98083,ampicillin,Susceptible
562.98083,cefotaxime,Susceptible
562.98083,ciprofloxacin,Susceptible
562.98083,gentamicin,Susceptible
562.98083,trimethoprim/sulfamethoxazole,Susceptible
562.98084,ampicillin,Susceptible
562.98084,cefotaxime,Susceptible
562.98084,ciprofloxacin,Susceptible
562.98084,gentamicin,Susceptible
562.98084,trimethoprim/sulfamethoxazole,Susceptible
562.98085,ampicillin,Susceptible
562.98085,cefotaxime,Susceptible
562.98085,ciprofloxacin,Susceptible
562.98085,gentamicin,Susceptible
562.98085,trimethoprim/sulfamethoxazole,Susceptible
562.98086,ampicillin,Susceptible
562.98086,cefotaxime,Susceptible
562.98086,ciprofloxacin,Susceptible
562.98086,gentamicin,Susceptible
562.98086,trimethoprim/sulfamethoxazole,Susceptible
562.98087,ampicillin,Resistant
562.98087,cefotaxime,Susceptible
562.98087,ciprofloxacin,Resistant
562.98087,gentamicin,Susceptible
562.98087,trimethoprim/sulfamethoxazole,Resistant
562.98088,ampicillin,Resistant
562.98088,cefotaxime,Susceptible
562.98088,ciprofloxacin,Susceptible
562.98088,gentamicin,Susceptible
562.98088,trimethoprim/sulfamethoxazole,Susceptible
562.98089,ampicillin,Susceptible
562.98089,cefotaxime,Susceptible
562.98089,ciprofloxacin,Susceptible
562.98089,gentamicin,Susceptible
562.98089,trimethoprim/sulfamethoxazole,Resistant
562.98090,ampicillin,Susceptible
562.98090,cefotaxime,Susceptible
562.98090,ciprofloxacin,Susceptible
562.98090,gentamicin,Susceptible
562.98090,trimethoprim/sulfamethoxazole,Susceptible
562.98091,ampicillin,Resistant
562.98091,cefotaxime,Susceptible
562.98091,ciprofloxacin,Susceptible
562.98091,gentamicin,Susceptible
562.98091,trimethoprim/sulfamethoxazole,Resistant
562.98092,ampicillin,Resistant
562.98092,cefotaxime,Susceptible
562.98092,ciprofloxacin,Susceptible
562.98092,gentamicin,Susceptible
562.98092,trimethoprim/sulfamethoxazole,Resistant
562.98093,ampicillin,Susceptible
562.98093,cefotaxime,Susceptible
562.98093,ciprofloxacin,Susceptible
562.98093,gentamicin,Susceptible
562.98093,trimethoprim/sulfamethoxazole,Susceptible
562.98094,ampicillin,Susceptible
562.98094,cefotaxime,Susceptible
562.98094,ciprofloxacin,Susceptible
562.98094,gentamicin,Susceptible
562.98094,trimethoprim/sulfamethoxazole,Susceptible
562.98095,ampicillin,Susceptible
562.98095,cefotaxime,Susceptible
562.98095,ciprofloxacin,Susceptible
562.98095,gentamicin,Susceptible
562.98095,trimethoprim/sulfamethoxazole,Susceptible
562.98096,ampicillin,Susceptible
562.98096,cefotaxime,Susceptible
562.98096,ciprofloxacin,Susceptible
562.98096,gentamicin,Susceptible
562.98096,trimethoprim/sulfamethoxazole,Susceptible
562.98097,ampicillin,Susceptible
562.98097,cefotaxime,Susceptible
562.98097,ciprofloxacin,Susceptible
562.98097,gentamicin,Susceptible
562.98097,trimethoprim/sulfamethoxazole,Susceptible
562.98098,ampicillin,Susceptible
562.98098,cefotaxime,Susceptible
562.98098,ciprofloxacin,Susceptible
562.98098,gentamicin,Susceptible
562.98098,trimethoprim/sulfamethoxazole,Susceptible
562.98099,ampicillin,Susceptible
562.98099,cefotaxime,Susceptible
562.98099,ciprofloxacin,Susceptible
562.98099,gentamicin,Susceptible
562.98099,trimethoprim/sulfamethoxazole,Susceptible
562.98100,ampicillin,Susceptible
562.98100,cefotaxime,Susceptible
562.98100,ciprofloxacin,Susceptible
562.98100,gentamicin,Susceptible
562.98100,trimethoprim/sulfamethoxazole,Susceptible
562.98101,ampicillin,Susceptible
562.98101,cefotaxime,Susceptible
562.98101,ciprofloxacin,Susceptible
562.98101,gentamicin,Susceptible
562.98101,trimethoprim/sulfamethoxazole,Susceptible
562.98102,ampicillin,Resistant
562.98102,cefotaxime,Susceptible
562.98102,ciprofloxacin,Susceptible
562.98102,gentamicin,Susceptible
562.98102,trimethoprim/sulfamethoxazole,Susceptible
562.98103,ampicillin,Susceptible
562.98103,cefotaxime,Susceptible
562.98103,ciprofloxacin,Susceptible
562.98103,gentamicin,Susceptible
562.98103,trimethoprim/sulfamethoxazole,Susceptible
562.98104,ampicillin,Resistant
562.98104,cefotaxime,Susceptible
562.98104,ciprofloxacin,Resistant
562.98104,gentamicin,Susceptible
562.98104,trimethoprim/sulfamethoxazole,Resistant
562.98105,ampicillin,Susceptible
562.98105,cefotaxime,Susceptible
562.98105,ciprofloxacin,Susceptible
562.98105,gentamicin,Susceptible
562.98105,trimethoprim/sulfamethoxazole,Susceptible
562.98106,ampicillin,Susceptible
562.98106,cefotaxime,Susceptible
562.98106,ciprofloxacin,Susceptible
562.98106,gentamicin,Susceptible
562.98106,trimethoprim/sulfamethoxazole,Susceptible
562.98107,ampicillin,Susceptible
562.98107,cefotaxime,Susceptible
562.98107,ciprofloxacin,Susceptible
562.98107,gentamicin,Susceptible
562.98107,trimethoprim/sulfamethoxazole,Resistant
562.98108,ampicillin,Susceptible
562.98108,cefotaxime,Susceptible
562.98108,ciprofloxacin,Susceptible
562.98108,gentamicin,Susceptible
562.98108,trimethoprim/sulfamethoxazole,Susceptible
562.98109,ampicillin,Resistant
562.98109,cefotaxime,Susceptible
562.98109,ciprofloxacin,Susceptible
562.98109,gentamicin,Susceptible
562.98109,trimethoprim/sulfamethoxazole,Resistant
562.98110,ampicillin,Resistant
562.98110,cefotaxime,Susceptible
562.98110,ciprofloxacin,Susceptible
562.98110,gentamicin,Susceptible
562.98110,trimethoprim/sulfamethoxazole,Susceptible
562.98111,ampicillin,Susceptible
562.98111,cefotaxime,Susceptible
562.98111,ciprofloxacin,Susceptible
562.98111,gentamicin,Susceptible
562.98111,trimethoprim/sulfamethoxazole,Susceptible
562.98112,ampicillin,Resistant
562.98112,cefotaxime,Susceptible
562.98112,ciprofloxacin,Susceptible
562.98112,gentamicin,Susceptible
562.98112,trimethoprim/sulfamethoxazole,Susceptible
562.98113,ampicillin,Susceptible
562.98113,cefotaxime,Susceptible
562.98113,ciprofloxacin,Susceptible
562.98113,gentamicin,Susceptible
562.98113,trimethoprim/sulfamethoxazole,Susceptible
562.98114,ampicillin,Resistant
562.98114,cefotaxime,Susceptible
562.98114,ciprofloxacin,Susceptible
562.98114,gentamicin,Susceptible
562.98114,trimethoprim/sulfamethoxazole,Susceptible
562.98115,ampicillin,Susceptible
562.98115,cefotaxime,Susceptible
562.98115,ciprofloxacin,Susceptible
562.98115,gentamicin,Susceptible
562.98115,trimethoprim/sulfamethoxazole,Susceptible
562.98116,ampicillin,Susceptible
562.98116,cefotaxime,Susceptible
562.98116,ciprofloxacin,Susceptible
562.98116,gentamicin,Susceptible
562.98116,trimethoprim/sulfamethoxazole,Susceptible
562.98117,ampicillin,Resistant
562.98117,cefotaxime,Susceptible
562.98117,ciprofloxacin,Resistant
562.98117,gentamicin,Susceptible
562.98117,trimethoprim/sulfamethoxazole,Susceptible
562.98118,ampicillin,Susceptible
562.98118,cefotaxime,Susceptible
562.98118,ciprofloxacin,Susceptible
562.98118,gentamicin,Susceptible
562.98118,trimethoprim/sulfamethoxazole,Susceptible
562.98119,ampicillin,Susceptible
562.98119,cefotaxime,Susceptible
562.98119,ciprofloxacin,Susceptible
562.98119,gentamicin,Susceptible
562.98119,trimethoprim/sulfamethoxazole,Susceptible
562.98120,ampicillin,Susceptible
562.98120,cefotaxime,Susceptible
562.98120,ciprofloxacin,Susceptible
562.98120,gentamicin,Susceptible
562.98120,trimethoprim/sulfamethoxazole,Susceptible
562.98121,ampicillin,Susceptible
562.98121,cefotaxime,Susceptible
562.98121,ciprofloxacin,Susceptible
562.98121,gentamicin,Susceptible
562.98121,trimethoprim/sulfamethoxazole,Susceptible
562.98122,ampicillin,Susceptible
562.98122,cefotaxime,Susceptible
562.98122,ciprofloxacin,Susceptible
562.98122,gentamicin,Susceptible
562.98122,trimethoprim/sulfamethoxazole,Susceptible
562.98123,ampicillin,Susceptible
562.98123,cefotaxime,Susceptible
562.98123,ciprofloxacin,Susceptible
562.98123,gentamicin,Susceptible
562.98123,trimethoprim/sulfamethoxazole,Susceptible
562.98124,ampicillin,Susceptible
562.98124,cefotaxime,Susceptible
562.98124,ciprofloxacin,Susceptible
562.98124,gentamicin,Susceptible
562.98124,trimethoprim/sulfamethoxazole,Susceptible
562.98125,ampicillin,Susceptible
562.98125,cefotaxime,Susceptible
562.98125,ciprofloxacin,Susceptible
562.98125,gentamicin,Susceptible
562.98125,trimethoprim/sulfamethoxazole,Susceptible
562.98126,ampicillin,Susceptible
562.98126,ciprofloxacin,Susceptible
562.98126,gentamicin,Susceptible
562.98126,trimethoprim/sulfamethoxazole,Susceptible
562.98127,ampicillin,Susceptible
562.98127,cefotaxime,Susceptible
562.98127,ciprofloxacin,Susceptible
562.98127,gentamicin,Susceptible
562.98127,trimethoprim/sulfamethoxazole,Susceptible
562.98128,ampicillin,Susceptible
562.98128,cefotaxime,Susceptible
562.98128,ciprofloxacin,Susceptible
562.98128,gentamicin,Susceptible
562.98128,trimethoprim/sulfamethoxazole,Susceptible
562.98129,ampicillin,Susceptible
562.98129,cefotaxime,Susceptible
562.98129,ciprofloxacin,Susceptible
562.98129,gentamicin,Susceptible
562.98129,trimethoprim/sulfamethoxazole,Susceptible
562.98130,ampicillin,Susceptible
562.98130,cefotaxime,Susceptible
562.98130,ciprofloxacin,Susceptible
562.98130,gentamicin,Susceptible
562.98130,trimethoprim/sulfamethoxazole,Susceptible
562.98131,ampicillin,Susceptible
562.98131,cefotaxime,Susceptible
562.98131,ciprofloxacin,Susceptible
562.98131,gentamicin,Susceptible
562.98131,trimethoprim/sulfamethoxazole,Susceptible
562.98132,ampicillin,Resistant
562.98132,cefotaxime,Susceptible
562.98132,ciprofloxacin,Susceptible
562.98132,gentamicin,Susceptible
562.98132,trimethoprim/sulfamethoxazole,Susceptible
562.98133,ampicillin,Susceptible
562.98133,cefotaxime,Susceptible
562.98133,ciprofloxacin,Susceptible
562.98133,gentamicin,Susceptible
562.98133,trimethoprim/sulfamethoxazole,Susceptible
562.98134,ampicillin,Susceptible
562.98134,cefotaxime,Susceptible
562.98134,ciprofloxacin,Susceptible
562.98134,gentamicin,Susceptible
562.98134,trimethoprim/sulfamethoxazole,Susceptible
562.98135,ampicillin,Susceptible
562.98135,cefotaxime,Susceptible
562.98135,ciprofloxacin,Susceptible
562.98135,gentamicin,Susceptible
562.98135,trimethoprim/sulfamethoxazole,Susceptible
562.98136,ampicillin,Resistant
562.98136,cefotaxime,Susceptible
562.98136,ciprofloxacin,Susceptible
562.98136,gentamicin,Susceptible
562.98136,trimethoprim/sulfamethoxazole,Susceptible
562.98137,ampicillin,Resistant
562.98137,cefotaxime,Susceptible
562.98137,ciprofloxacin,Susceptible
562.98137,gentamicin,Susceptible
562.98137,trimethoprim/sulfamethoxazole,Susceptible
562.98138,ampicillin,Susceptible
562.98138,cefotaxime,Susceptible
562.98138,ciprofloxacin,Susceptible
562.98138,gentamicin,Susceptible
562.98138,trimethoprim/sulfamethoxazole,Susceptible
562.98139,ampicillin,Susceptible
562.98139,cefotaxime,Susceptible
562.98139,ciprofloxacin,Susceptible
562.98139,gentamicin,Susceptible
562.98139,trimethoprim/sulfamethoxazole,Susceptible
562.98140,ampicillin,Resistant
562.98140,cefotaxime,Susceptible
562.98140,ciprofloxacin,Susceptible
562.98140,gentamicin,Susceptible
562.98140,trimethoprim/sulfamethoxazole,Resistant
562.98141,ampicillin,Resistant
562.98141,cefotaxime,Susceptible
562.98141,ciprofloxacin,Susceptible
562.98141,gentamicin,Susceptible
562.98141,trimethoprim/sulfamethoxazole,Susceptible
562.98142,ampicillin,Susceptible
562.98142,cefotaxime,Susceptible
562.98142,ciprofloxacin,Susceptible
562.98142,gentamicin,Susceptible
562.98142,trimethoprim/sulfamethoxazole,Susceptible
562.98143,ampicillin,Resistant
562.98143,cefotaxime,Susceptible
562.98143,ciprofloxacin,Susceptible
562.98143,gentamicin,Susceptible
562.98143,trimethoprim/sulfamethoxazole,Resistant
562.98144,ampicillin,Susceptible
562.98144,cefotaxime,Susceptible
562.98144,ciprofloxacin,Susceptible
562.98144,gentamicin,Susceptible
562.98144,trimethoprim/sulfamethoxazole,Susceptible
562.98145,ampicillin,Resistant
562.98145,cefotaxime,Susceptible
562.98145,ciprofloxacin,Susceptible
562.98145,gentamicin,Susceptible
562.98145,trimethoprim/sulfamethoxazole,Resistant
562.98146,ampicillin,Susceptible
562.98146,cefotaxime,Susceptible
562.98146,ciprofloxacin,Susceptible
562.98146,gentamicin,Susceptible
562.98146,trimethoprim/sulfamethoxazole,Susceptible
562.98147,ampicillin,Resistant
562.98147,cefotaxime,Susceptible
562.98147,ciprofloxacin,Resistant
562.98147,gentamicin,Susceptible
562.98147,trimethoprim/sulfamethoxazole,Resistant
562.98148,ampicillin,Susceptible
562.98148,cefotaxime,Susceptible
562.98148,ciprofloxacin,Susceptible
562.98148,gentamicin,Susceptible
562.98148,trimethoprim/sulfamethoxazole,Susceptible
562.98149,ampicillin,Resistant
562.98149,cefotaxime,Susceptible
562.98149,ciprofloxacin,Susceptible
562.98149,gentamicin,Susceptible
562.98149,trimethoprim/sulfamethoxazole,Susceptible
562.98150,ampicillin,Susceptible
562.98150,cefotaxime,Susceptible
562.98150,ciprofloxacin,Susceptible
562.98150,gentamicin,Susceptible
562.98150,trimethoprim/sulfamethoxazole,Susceptible
562.98151,ampicillin,Susceptible
562.98151,cefotaxime,Susceptible
562.98151,ciprofloxacin,Susceptible
562.98151,gentamicin,Susceptible
562.98151,trimethoprim/sulfamethoxazole,Susceptible
562.98152,ampicillin,Resistant
562.98152,cefotaxime,Susceptible
562.98152,ciprofloxacin,Susceptible
562.98152,gentamicin,Susceptible
562.98152,trimethoprim/sulfamethoxazole,Resistant
562.98153,ampicillin,Susceptible
562.98153,cefotaxime,Susceptible
562.98153,ciprofloxacin,Susceptible
562.98153,gentamicin,Susceptible
562.98153,trimethoprim/sulfamethoxazole,Susceptible
562.98154,ampicillin,Resistant
562.98154,cefotaxime,Susceptible
562.98154,ciprofloxacin,Susceptible
562.98154,gentamicin,Susceptible
562.98154,trimethoprim/sulfamethoxazole,Susceptible
562.98155,ampicillin,Susceptible
562.98155,cefotaxime,Susceptible
562.98155,ciprofloxacin,Susceptible
562.98155,gentamicin,Susceptible
562.98155,trimethoprim/sulfamethoxazole,Susceptible
562.98156,ampicillin,Susceptible
562.98156,cefotaxime,Susceptible
562.98156,ciprofloxacin,Susceptible
562.98156,gentamicin,Susceptible
562.98156,trimethoprim/sulfamethoxazole,Susceptible
562.98157,ampicillin,Susceptible
562.98157,cefotaxime,Susceptible
562.98157,ciprofloxacin,Susceptible
562.98157,gentamicin,Susceptible
562.98157,trimethoprim/sulfamethoxazole,Susceptible
562.98158,ampicillin,Resistant
562.98158,cefotaxime,Susceptible
562.98158,ciprofloxacin,Susceptible
562.98158,gentamicin,Susceptible
562.98158,trimethoprim/sulfamethoxazole,Susceptible
562.98159,ampicillin,Susceptible
562.98159,cefotaxime,Susceptible
562.98159,ciprofloxacin,Susceptible
562.98159,gentamicin,Susceptible
562.98159,trimethoprim/sulfamethoxazole,Susceptible
562.98160,ampicillin,Susceptible
562.98160,cefotaxime,Susceptible
562.98160,ciprofloxacin,Susceptible
562.98160,gentamicin,Susceptible
562.98160,trimethoprim/sulfamethoxazole,Susceptible
562.98161,ampicillin,Resistant
562.98161,cefotaxime,Susceptible
562.98161,ciprofloxacin,Susceptible
562.98161,gentamicin,Susceptible
562.98161,trimethoprim/sulfamethoxazole,Susceptible
562.98162,ampicillin,Resistant
562.98162,cefotaxime,Susceptible
562.98162,ciprofloxacin,Susceptible
562.98162,gentamicin,Susceptible
562.98162,trimethoprim/sulfamethoxazole,Resistant
562.98163,ampicillin,Susceptible
562.98163,cefotaxime,Susceptible
562.98163,ciprofloxacin,Susceptible
562.98163,gentamicin,Susceptible
562.98163,trimethoprim/sulfamethoxazole,Susceptible
562.98164,ampicillin,Susceptible
562.98164,cefotaxime,Susceptible
562.98164,ciprofloxacin,Susceptible
562.98164,gentamicin,Susceptible
562.98164,trimethoprim/sulfamethoxazole,Susceptible
562.98165,ampicillin,Resistant
562.98165,ciprofloxacin,Resistant
562.98165,gentamicin,Susceptible
562.98165,trimethoprim/sulfamethoxazole,Susceptible
562.98166,ampicillin,Susceptible
562.98166,cefotaxime,Susceptible
562.98166,ciprofloxacin,Susceptible
562.98166,gentamicin,Susceptible
562.98166,trimethoprim/sulfamethoxazole,Susceptible
562.98167,ampicillin,Resistant
562.98167,cefotaxime,Susceptible
562.98167,ciprofloxacin,Susceptible
562.98167,gentamicin,Susceptible
562.98167,trimethoprim/sulfamethoxazole,Susceptible
562.98168,ampicillin,Resistant
562.98168,cefotaxime,Susceptible
562.98168,ciprofloxacin,Susceptible
562.98168,gentamicin,Susceptible
562.98168,trimethoprim/sulfamethoxazole,Susceptible
562.98169,ampicillin,Resistant
562.98169,cefotaxime,Susceptible
562.98169,ciprofloxacin,Susceptible
562.98169,gentamicin,Susceptible
562.98169,trimethoprim/sulfamethoxazole,Susceptible
562.98170,ampicillin,Susceptible
562.98170,cefotaxime,Susceptible
562.98170,ciprofloxacin,Susceptible
562.98170,gentamicin,Susceptible
562.98170,trimethoprim/sulfamethoxazole,Susceptible
562.98171,ampicillin,Susceptible
562.98171,cefotaxime,Susceptible
562.98171,ciprofloxacin,Susceptible
562.98171,gentamicin,Susceptible
562.98171,trimethoprim/sulfamethoxazole,Susceptible
562.98172,ampicillin,Susceptible
562.98172,cefotaxime,Susceptible
562.98172,ciprofloxacin,Susceptible
562.98172,gentamicin,Susceptible
562.98172,trimethoprim/sulfamethoxazole,Susceptible
562.98173,ampicillin,Susceptible
562.98173,cefotaxime,Susceptible
562.98173,ciprofloxacin,Susceptible
562.98173,gentamicin,Susceptible
562.98173,trimethoprim/sulfamethoxazole,Susceptible
562.98174,ampicillin,Resistant
562.98174,cefotaxime,Susceptible
562.98174,ciprofloxacin,Susceptible
562.98174,gentamicin,Susceptible
562.98174,trimethoprim/sulfamethoxazole,Susceptible
562.98175,ampicillin,Susceptible
562.98175,cefotaxime,Susceptible
562.98175,ciprofloxacin,Susceptible
562.98175,gentamicin,Susceptible
562.98175,trimethoprim/sulfamethoxazole,Susceptible
562.98176,ampicillin,Susceptible
562.98176,cefotaxime,Susceptible
562.98176,ciprofloxacin,Susceptible
562.98176,gentamicin,Susceptible
562.98176,trimethoprim/sulfamethoxazole,Susceptible
562.98177,ampicillin,Susceptible
562.98177,cefotaxime,Susceptible
562.98177,ciprofloxacin,Susceptible
562.98177,gentamicin,Susceptible
562.98177,trimethoprim/sulfamethoxazole,Susceptible
562.98178,ampicillin,Susceptible
562.98178,cefotaxime,Susceptible
562.98178,ciprofloxacin,Susceptible
562.98178,gentamicin,Susceptible
562.98178,trimethoprim/sulfamethoxazole,Susceptible
562.98179,ampicillin,Susceptible
562.98179,cefotaxime,Susceptible
562.98179,ciprofloxacin,Susceptible
562.98179,gentamicin,Susceptible
562.98179,trimethoprim/sulfamethoxazole,Susceptible
562.98180,ampicillin,Susceptible
562.98180,cefotaxime,Susceptible
562.98180,ciprofloxacin,Susceptible
562.98180,gentamicin,Susceptible
562.98180,trimethoprim/sulfamethoxazole,Susceptible
562.98181,ampicillin,Resistant
562.98181,cefotaxime,Susceptible
562.98181,ciprofloxacin,Susceptible
562.98181,gentamicin,Susceptible
562.98181,trimethoprim/sulfamethoxazole,Resistant
562.98182,ampicillin,Susceptible
562.98182,cefotaxime,Susceptible
562.98182,ciprofloxacin,Susceptible
562.98182,gentamicin,Susceptible
562.98182,trimethoprim/sulfamethoxazole,Susceptible
562.98183,ampicillin,Resistant
562.98183,cefotaxime,Susceptible
562.98183,ciprofloxacin,Resistant
562.98183,gentamicin,Resistant
562.98183,trimethoprim/sulfamethoxazole,Resistant
562.98184,ampicillin,Susceptible
562.98184,cefotaxime,Susceptible
562.98184,ciprofloxacin,Susceptible
562.98184,gentamicin,Susceptible
562.98184,trimethoprim/sulfamethoxazole,Susceptible
562.98185,ampicillin,Resistant
562.98185,cefotaxime,Susceptible
562.98185,ciprofloxacin,Resistant
562.98185,gentamicin,Susceptible
562.98185,trimethoprim/sulfamethoxazole,Susceptible
562.98186,ampicillin,Susceptible
562.98186,cefotaxime,Susceptible
562.98186,ciprofloxacin,Susceptible
562.98186,gentamicin,Susceptible
562.98186,trimethoprim/sulfamethoxazole,Susceptible
562.98187,ampicillin,Susceptible
562.98187,cefotaxime,Susceptible
562.98187,ciprofloxacin,Susceptible
562.98187,gentamicin,Susceptible
562.98187,trimethoprim/sulfamethoxazole,Susceptible
562.98188,ampicillin,Susceptible
562.98188,cefotaxime,Susceptible
562.98188,ciprofloxacin,Susceptible
562.98188,gentamicin,Susceptible
562.98188,trimethoprim/sulfamethoxazole,Susceptible
562.98189,ampicillin,Susceptible
562.98189,cefotaxime,Susceptible
562.98189,ciprofloxacin,Susceptible
562.98189,gentamicin,Susceptible
562.98189,trimethoprim/sulfamethoxazole,Susceptible
562.98190,ampicillin,Susceptible
562.98190,cefotaxime,Susceptible
562.98190,ciprofloxacin,Susceptible
562.98190,gentamicin,Susceptible
562.98190,trimethoprim/sulfamethoxazole,Susceptible
562.98191,ampicillin,Susceptible
562.98191,cefotaxime,Susceptible
562.98191,ciprofloxacin,Susceptible
562.98191,gentamicin,Susceptible
562.98191,trimethoprim/sulfamethoxazole,Susceptible
562.98192,ampicillin,Susceptible
562.98192,cefotaxime,Susceptible
562.98192,ciprofloxacin,Susceptible
562.98192,gentamicin,Susceptible
562.98192,trimethoprim/sulfamethoxazole,Susceptible
562.98193,ampicillin,Susceptible
562.98193,cefotaxime,Susceptible
562.98193,ciprofloxacin,Susceptible
562.98193,gentamicin,Susceptible
562.98193,trimethoprim/sulfamethoxazole,Susceptible
562.98194,ampicillin,Susceptible
562.98194,cefotaxime,Susceptible
562.98194,ciprofloxacin,Susceptible
562.98194,gentamicin,Susceptible
562.98194,trimethoprim/sulfamethoxazole,Susceptible
562.98195,ampicillin,Susceptible
562.98195,cefotaxime,Susceptible
562.98195,ciprofloxacin,Susceptible
562.98195,gentamicin,Susceptible
562.98195,trimethoprim/sulfamethoxazole,Susceptible
562.98196,ampicillin,Susceptible
562.98196,cefotaxime,Susceptible
562.98196,ciprofloxacin,Susceptible
562.98196,gentamicin,Susceptible
562.98196,trimethoprim/sulfamethoxazole,Susceptible
562.98197,ampicillin,Susceptible
562.98197,cefotaxime,Susceptible
562.98197,ciprofloxacin,Susceptible
562.98197,gentamicin,Susceptible
562.98197,trimethoprim/sulfamethoxazole,Susceptible
562.98198,ampicillin,Susceptible
562.98198,cefotaxime,Susceptible
562.98198,ciprofloxacin,Susceptible
562.98198,gentamicin,Susceptible
562.98198,trimethoprim/sulfamethoxazole,Susceptible
562.98199,ampicillin,Resistant
562.98199,cefotaxime,Susceptible
562.98199,ciprofloxacin,Susceptible
562.98199,gentamicin,Susceptible
562.98199,trimethoprim/sulfamethoxazole,Susceptible
562.98200,ampicillin,Resistant
562.98200,cefotaxime,Susceptible
562.98200,ciprofloxacin,Susceptible
562.98200,gentamicin,Resistant
562.98200,trimethoprim/sulfamethoxazole,Resistant
562.98201,ampicillin,Susceptible
562.98201,cefotaxime,Susceptible
562.98201,ciprofloxacin,Susceptible
562.98201,gentamicin,Susceptible
562.98201,trimethoprim/sulfamethoxazole,Susceptible
562.98202,ampicillin,Resistant
562.98202,cefotaxime,Susceptible
562.98202,ciprofloxacin,Susceptible
562.98202,gentamicin,Susceptible
562.98202,trimethoprim/sulfamethoxazole,Susceptible
562.98212,ampicillin,Resistant
562.98212,cefotaxime,Susceptible
562.98212,ciprofloxacin,Resistant
562.98212,gentamicin,Susceptible
562.98212,trimethoprim/sulfamethoxazole,Resistant
562.98214,ampicillin,Susceptible
562.98214,cefotaxime,Susceptible
562.98214,ciprofloxacin,Susceptible
562.98214,gentamicin,Susceptible
562.98214,trimethoprim/sulfamethoxazole,Susceptible
562.98215,ampicillin,Susceptible
562.98215,cefotaxime,Susceptible
562.98215,ciprofloxacin,Susceptible
562.98215,gentamicin,Susceptible
562.98215,trimethoprim/sulfamethoxazole,Susceptible
562.98216,ampicillin,Resistant
562.98216,cefotaxime,Susceptible
562.98216,ciprofloxacin,Susceptible
562.98216,gentamicin,Susceptible
562.98216,trimethoprim/sulfamethoxazole,Resistant
562.98217,ampicillin,Susceptible
562.98217,cefotaxime,Susceptible
562.98217,ciprofloxacin,Susceptible
562.98217,gentamicin,Susceptible
562.98217,trimethoprim/sulfamethoxazole,Susceptible
562.98218,ampicillin,Resistant
562.98218,cefotaxime,Susceptible
562.98218,ciprofloxacin,Susceptible
562.98218,gentamicin,Susceptible
562.98218,trimethoprim/sulfamethoxazole,Resistant
562.98219,ampicillin,Resistant
562.98219,cefotaxime,Susceptible
562.98219,ciprofloxacin,Resistant
562.98219,gentamicin,Susceptible
562.98219,trimethoprim/sulfamethoxazole,Resistant
562.98220,ampicillin,Susceptible
562.98220,cefotaxime,Susceptible
562.98220,ciprofloxacin,Susceptible
562.98220,gentamicin,Susceptible
562.98220,trimethoprim/sulfamethoxazole,Susceptible
562.98221,ampicillin,Susceptible
562.98221,cefotaxime,Susceptible
562.98221,ciprofloxacin,Susceptible
562.98221,gentamicin,Susceptible
562.98221,trimethoprim/sulfamethoxazole,Susceptible
562.98348,trimethoprim/sulfamethoxazole,Resistant
