data/genomes/562.100000.fna.gz	ecoli_achtman_4	131	adk(53)	fumC(40)	gyrB(47)	icd(13)	mdh(36)	purA(28)	recA(29)
data/genomes/562.100100.fna.gz	ecoli_achtman_4	73	adk(36)	fumC(24)	gyrB(9)	icd(13)	mdh(17)	purA(11)	recA(25)
data/genomes/562.100150.fna.gz	ecoli_achtman_4	73	adk(36)	fumC(24)	gyrB(9)	icd(13)	mdh(17)	purA(11)	recA(25)
data/genomes/562.100250.fna.gz	ecoli_achtman_4	421	adk(37)	fumC(38)	gyrB(19)	icd(37)	mdh(17)	purA(8)	recA(26)
data/genomes/562.100200.fna.gz	ecoli_achtman_4	73	adk(36)	fumC(24)	gyrB(9)	icd(13)	mdh(17)	purA(11)	recA(25)
data/genomes/562.100050.fna.gz	ecoli_achtman_4	405	adk(35)	fumC(37)	gyrB(29)	icd(25)	mdh(4)	purA(5)	recA(73)
data/genomes/562.100101.fna.gz	ecoli_achtman_4	1618	adk(36)	fumC(24)	gyrB(9)	icd(13)	mdh(17)	purA(11)	recA(159)
data/genomes/562.100151.fna.gz	ecoli_achtman_4	1057	adk(14)	fumC(14)	gyrB(10)	icd(137)	mdh(17)	purA(7)	recA(10)
data/genomes/562.100251.fna.gz	ecoli_achtman_4	73	adk(36)	fumC(24)	gyrB(9)	icd(13)	mdh(17)	purA(11)	recA(25)
data/genomes/562.100051.fna.gz	ecoli_achtman_4	73	adk(36)	fumC(24)	gyrB(9)	icd(13)	mdh(17)	purA(11)	recA(25)
data/genomes/562.100201.fna.gz	ecoli_achtman_4	69	adk(21)	fumC(35)	gyrB(27)	icd(6)	mdh(5)	purA(5)	recA(4)
data/genomes/562.100001.fna.gz	ecoli_achtman_4	998	adk(13)	fumC(52)	gyrB(156)	icd(14)	mdh(17)	purA(25)	recA(17)
data/genomes/562.100102.fna.gz	ecoli_achtman_4	91	adk(13)	fumC(40)	gyrB(34)	icd(13)	mdh(23)	purA(28)	recA(30)
data/genomes/562.100052.fna.gz	ecoli_achtman_4	10	adk(10)	fumC(11)	gyrB(4)	icd(8)	mdh(8)	purA(8)	recA(2)
data/genomes/562.100152.fna.gz	ecoli_achtman_4	372	adk(88)	fumC(103)	gyrB(19)	icd(36)	mdh(23)	purA(44)	recA(26)
data/genomes/562.100252.fna.gz	ecoli_achtman_4	38	adk(4)	fumC(26)	gyrB(2)	icd(25)	mdh(5)	purA(5)	recA(19)
data/genomes/562.100002.fna.gz	ecoli_achtman_4	141	adk(13)	fumC(52)	gyrB(10)	icd(14)	mdh(17)	purA(25)	recA(17)
data/genomes/562.100202.fna.gz	ecoli_achtman_4	59	adk(27)	fumC(32)	gyrB(24)	icd(29)	mdh(26)	purA(19)	recA(22)
data/genomes/562.100103.fna.gz	ecoli_achtman_4	127	adk(13)	fumC(14)	gyrB(19)	icd(36)	mdh(23)	purA(11)	recA(10)
data/genomes/562.100053.fna.gz	ecoli_achtman_4	73	adk(36)	fumC(24)	gyrB(9)	icd(13)	mdh(17)	purA(11)	recA(25)
data/genomes/562.100003.fna.gz	ecoli_achtman_4	131	adk(53)	fumC(40)	gyrB(47)	icd(13)	mdh(36)	purA(28)	recA(29)
data/genomes/562.100153.fna.gz	ecoli_achtman_4	12	adk(13)	fumC(13)	gyrB(9)	icd(13)	mdh(16)	purA(10)	recA(9)
data/genomes/562.100253.fna.gz	ecoli_achtman_4	88	adk(6)	fumC(4)	gyrB(12)	icd(1)	mdh(20)	purA(12)	recA(7)
data/genomes/562.100203.fna.gz	ecoli_achtman_4	372	adk(88)	fumC(103)	gyrB(19)	icd(36)	mdh(23)	purA(44)	recA(26)
data/genomes/562.100104.fna.gz	ecoli_achtman_4	38	adk(4)	fumC(26)	gyrB(2)	icd(25)	mdh(5)	purA(5)	recA(19)
data/genomes/562.100054.fna.gz	ecoli_achtman_4	141	adk(13)	fumC(52)	gyrB(10)	icd(14)	mdh(17)	purA(25)	recA(17)
data/genomes/562.100004.fna.gz	ecoli_achtman_4	58	adk(6)	fumC(4)	gyrB(4)	icd(16)	mdh(24)	purA(8)	recA(14)
data/genomes/562.100254.fna.gz	ecoli_achtman_4	538	adk(13)	fumC(40)	gyrB(19)	icd(13)	mdh(36)	purA(28)	recA(30)
data/genomes/562.100154.fna.gz	ecoli_achtman_4	69	adk(21)	fumC(35)	gyrB(27)	icd(6)	mdh(5)	purA(5)	recA(4)
data/genomes/562.100204.fna.gz	ecoli_achtman_4	1316	adk(10)	fumC(214)	gyrB(1)	icd(1)	mdh(71)	purA(8)	recA(6)
data/genomes/562.100105.fna.gz	ecoli_achtman_4	95	adk(37)	fumC(38)	gyrB(19)	icd(37)	mdh(17)	purA(11)	recA(26)
data/genomes/562.100055.fna.gz	ecoli_achtman_4	10273	adk(1015)	fumC(45)	gyrB(41)	icd(43)	mdh(5)	purA(32)	recA(2)
data/genomes/562.100005.fna.gz	ecoli_achtman_4	101	adk(43)	fumC(41)	gyrB(15)	icd(18)	mdh(11)	purA(7)	recA(6)
data/genomes/562.100255.fna.gz	ecoli_achtman_4	73	adk(36)	fumC(24)	gyrB(9)	icd(13)	mdh(17)	purA(11)	recA(25)
data/genomes/562.100205.fna.gz	ecoli_achtman_4	131	adk(53)	fumC(40)	gyrB(47)	icd(13)	mdh(36)	purA(28)	recA(29)
data/genomes/562.100155.fna.gz	ecoli_achtman_4	73	adk(36)	fumC(24)	gyrB(9)	icd(13)	mdh(17)	purA(11)	recA(25)
data/genomes/562.100106.fna.gz	ecoli_achtman_4	135	adk(13)	fumC(39)	gyrB(50)	icd(13)	mdh(16)	purA(37)	recA(25)
data/genomes/562.100056.fna.gz	ecoli_achtman_4	144	adk(13)	fumC(43)	gyrB(9)	icd(36)	mdh(30)	purA(44)	recA(25)
data/genomes/562.100256.fna.gz	ecoli_achtman_4	12	adk(13)	fumC(13)	gyrB(9)	icd(13)	mdh(16)	purA(10)	recA(9)
data/genomes/562.100006.fna.gz	ecoli_achtman_4	127	adk(13)	fumC(14)	gyrB(19)	icd(36)	mdh(23)	purA(11)	recA(10)
data/genomes/562.100206.fna.gz	ecoli_achtman_4	131	adk(53)	fumC(40)	gyrB(47)	icd(13)	mdh(36)	purA(28)	recA(29)
data/genomes/562.100156.fna.gz	ecoli_achtman_4	201	adk(6)	fumC(65)	gyrB(5)	icd(1)	mdh(9)	purA(8)	recA(6)
data/genomes/562.100107.fna.gz	ecoli_achtman_4	69	adk(21)	fumC(35)	gyrB(27)	icd(6)	mdh(5)	purA(5)	recA(4)
data/genomes/562.100057.fna.gz	ecoli_achtman_4	73	adk(36)	fumC(24)	gyrB(9)	icd(13)	mdh(17)	purA(11)	recA(25)
data/genomes/562.100257.fna.gz	ecoli_achtman_4	141	adk(13)	fumC(52)	gyrB(10)	icd(14)	mdh(17)	purA(25)	recA(17)
data/genomes/562.100157.fna.gz	ecoli_achtman_4	95	adk(37)	fumC(38)	gyrB(19)	icd(37)	mdh(17)	purA(11)	recA(26)
data/genomes/562.100207.fna.gz	ecoli_achtman_4	73	adk(36)	fumC(24)	gyrB(9)	icd(13)	mdh(17)	purA(11)	recA(25)
data/genomes/562.100007.fna.gz	ecoli_achtman_4	69	adk(21)	fumC(35)	gyrB(27)	icd(6)	mdh(5)	purA(5)	recA(4)
data/genomes/562.100108.fna.gz	ecoli_achtman_4	348	adk(6)	fumC(29)	gyrB(32)	icd(16)	mdh(11)	purA(8)	recA(14)
data/genomes/562.100058.fna.gz	ecoli_achtman_4	131	adk(53)	fumC(40)	gyrB(47)	icd(13)	mdh(36)	purA(28)	recA(29)
data/genomes/562.100258.fna.gz	ecoli_achtman_4	10263	adk(38)	fumC(39)	gyrB(917)	icd(13)	mdh(17)	purA(25)	recA(28)
data/genomes/562.100158.fna.gz	ecoli_achtman_4	59	adk(27)	fumC(32)	gyrB(24)	icd(29)	mdh(26)	purA(19)	recA(22)
data/genomes/562.100208.fna.gz	ecoli_achtman_4	69	adk(21)	fumC(35)	gyrB(27)	icd(6)	mdh(5)	purA(5)	recA(4)
data/genomes/562.100008.fna.gz	ecoli_achtman_4	95	adk(37)	fumC(38)	gyrB(19)	icd(37)	mdh(17)	purA(11)	recA(26)
data/genomes/562.100109.fna.gz	ecoli_achtman_4	155	adk(6)	fumC(4)	gyrB(14)	icd(16)	mdh(24)	purA(8)	recA(14)
data/genomes/562.100059.fna.gz	ecoli_achtman_4	69	adk(21)	fumC(35)	gyrB(27)	icd(6)	mdh(5)	purA(5)	recA(4)
data/genomes/562.100159.fna.gz	ecoli_achtman_4	73	adk(36)	fumC(24)	gyrB(9)	icd(13)	mdh(17)	purA(11)	recA(25)
data/genomes/562.100259.fna.gz	ecoli_achtman_4	144	adk(13)	fumC(43)	gyrB(9)	icd(36)	mdh(30)	purA(44)	recA(25)
data/genomes/562.100209.fna.gz	ecoli_achtman_4	131	adk(53)	fumC(40)	gyrB(47)	icd(13)	mdh(36)	purA(28)	recA(29)
data/genomes/562.100009.fna.gz	ecoli_achtman_4	34	adk(10)	fumC(11)	gyrB(4)	icd(1)	mdh(8)	purA(8)	recA(2)
data/genomes/562.100110.fna.gz	ecoli_achtman_4	88	adk(6)	fumC(4)	gyrB(12)	icd(1)	mdh(20)	purA(12)	recA(7)
data/genomes/562.100060.fna.gz	ecoli_achtman_4	73	adk(36)	fumC(24)	gyrB(9)	icd(13)	mdh(17)	purA(11)	recA(25)
data/genomes/562.100260.fna.gz	ecoli_achtman_4	38	adk(4)	fumC(26)	gyrB(2)	icd(25)	mdh(5)	purA(5)	recA(19)
data/genomes/562.100160.fna.gz	ecoli_achtman_4	58	adk(6)	fumC(4)	gyrB(4)	icd(16)	mdh(24)	purA(8)	recA(14)
data/genomes/562.100210.fna.gz	ecoli_achtman_4	73	adk(36)	fumC(24)	gyrB(9)	icd(13)	mdh(17)	purA(11)	recA(25)
data/genomes/562.100010.fna.gz	ecoli_achtman_4	127	adk(13)	fumC(14)	gyrB(19)	icd(36)	mdh(23)	purA(11)	recA(10)
data/genomes/562.100111.fna.gz	ecoli_achtman_4	141	adk(13)	fumC(52)	gyrB(10)	icd(14)	mdh(17)	purA(25)	recA(17)
data/genomes/562.100061.fna.gz	ecoli_achtman_4	90	adk(6)	fumC(4)	gyrB(12)	icd(1)	mdh(20)	purA(8)	recA(7)
data/genomes/562.100261.fna.gz	ecoli_achtman_4	12	adk(13)	fumC(13)	gyrB(9)	icd(13)	mdh(16)	purA(10)	recA(9)
data/genomes/562.100211.fna.gz	ecoli_achtman_4	59	adk(27)	fumC(32)	gyrB(24)	icd(29)	mdh(26)	purA(19)	recA(22)
data/genomes/562.100161.fna.gz	ecoli_achtman_4	131	adk(53)	fumC(40)	gyrB(47)	icd(13)	mdh(36)	purA(28)	recA(29)
data/genomes/562.100011.fna.gz	ecoli_achtman_4	73	adk(36)	fumC(24)	gyrB(9)	icd(13)	mdh(17)	purA(11)	recA(25)
data/genomes/562.100112.fna.gz	ecoli_achtman_4	117	adk(20)	fumC(45)	gyrB(41)	icd(43)	mdh(5)	purA(32)	recA(2)
data/genomes/562.100262.fna.gz	ecoli_achtman_4	131	adk(53)	fumC(40)	gyrB(47)	icd(13)	mdh(36)	purA(28)	recA(29)
data/genomes/562.100062.fna.gz	ecoli_achtman_4	12	adk(13)	fumC(13)	gyrB(9)	icd(13)	mdh(16)	purA(10)	recA(9)
data/genomes/562.100212.fna.gz	ecoli_achtman_4	69	adk(21)	fumC(35)	gyrB(27)	icd(6)	mdh(5)	purA(5)	recA(4)
data/genomes/562.100162.fna.gz	ecoli_achtman_4	73	adk(36)	fumC(24)	gyrB(9)	icd(13)	mdh(17)	purA(11)	recA(25)
data/genomes/562.100012.fna.gz	ecoli_achtman_4	73	adk(36)	fumC(24)	gyrB(9)	icd(13)	mdh(17)	purA(11)	recA(25)
data/genomes/562.100113.fna.gz	ecoli_achtman_4	929	adk(13)	fumC(43)	gyrB(49)	icd(37)	mdh(17)	purA(44)	recA(96)
data/genomes/562.100063.fna.gz	ecoli_achtman_4	2067	adk(6)	fumC(95)	gyrB(3)	icd(18)	mdh(11)	purA(122)	recA(2)
data/genomes/562.100263.fna.gz	ecoli_achtman_4	44	adk(10)	fumC(11)	gyrB(4)	icd(8)	mdh(8)	purA(8)	recA(7)
data/genomes/562.100213.fna.gz	ecoli_achtman_4	73	adk(36)	fumC(24)	gyrB(9)	icd(13)	mdh(17)	purA(11)	recA(25)
data/genomes/562.100013.fna.gz	ecoli_achtman_4	95	adk(37)	fumC(38)	gyrB(19)	icd(37)	mdh(17)	purA(11)	recA(26)
data/genomes/562.100163.fna.gz	ecoli_achtman_4	73	adk(36)	fumC(24)	gyrB(9)	icd(13)	mdh(17)	purA(11)	recA(25)
data/genomes/562.100114.fna.gz	ecoli_achtman_4	131	adk(53)	fumC(40)	gyrB(47)	icd(13)	mdh(36)	purA(28)	recA(29)
data/genomes/562.100064.fna.gz	ecoli_achtman_4	73	adk(36)	fumC(24)	gyrB(9)	icd(13)	mdh(17)	purA(11)	recA(25)
data/genomes/562.100264.fna.gz	ecoli_achtman_4	73	adk(36)	fumC(24)	gyrB(9)	icd(13)	mdh(17)	purA(11)	recA(25)
data/genomes/562.100214.fna.gz	ecoli_achtman_4	73	adk(36)	fumC(24)	gyrB(9)	icd(13)	mdh(17)	purA(11)	recA(25)
data/genomes/562.100014.fna.gz	ecoli_achtman_4	4598	adk(224)	fumC(4)	gyrB(54)	icd(247)	mdh(11)	purA(1)	recA(6)
data/genomes/562.100164.fna.gz	ecoli_achtman_4	73	adk(36)	fumC(24)	gyrB(9)	icd(13)	mdh(17)	purA(11)	recA(25)
data/genomes/562.100115.fna.gz	ecoli_achtman_4	10286	adk(676)	fumC(4)	gyrB(14)	icd(1192)	mdh(20)	purA(62)	recA(7)
data/genomes/562.100065.fna.gz	ecoli_achtman_4	154	adk(6)	fumC(6)	gyrB(5)	icd(10)	mdh(9)	purA(8)	recA(6)
data/genomes/562.100265.fna.gz	ecoli_achtman_4	224	adk(6)	fumC(4)	gyrB(33)	icd(16)	mdh(11)	purA(8)	recA(6)
data/genomes/562.100215.fna.gz	ecoli_achtman_4	73	adk(36)	fumC(24)	gyrB(9)	icd(13)	mdh(17)	purA(11)	recA(25)
data/genomes/562.100165.fna.gz	ecoli_achtman_4	73	adk(36)	fumC(24)	gyrB(9)	icd(13)	mdh(17)	purA(11)	recA(25)
data/genomes/562.100015.fna.gz	ecoli_achtman_4	73	adk(36)	fumC(24)	gyrB(9)	icd(13)	mdh(17)	purA(11)	recA(25)
data/genomes/562.100116.fna.gz	ecoli_achtman_4	131	adk(53)	fumC(40)	gyrB(47)	icd(13)	mdh(36)	purA(28)	recA(29)
data/genomes/562.100066.fna.gz	ecoli_achtman_4	12	adk(13)	fumC(13)	gyrB(9)	icd(13)	mdh(16)	purA(10)	recA(9)
data/genomes/562.100266.fna.gz	ecoli_achtman_4	69	adk(21)	fumC(35)	gyrB(27)	icd(6)	mdh(5)	purA(5)	recA(4)
data/genomes/562.100216.fna.gz	ecoli_achtman_4	10413	adk(36)	fumC(1486)	gyrB(9)	icd(13)	mdh(17)	purA(11)	recA(25)
data/genomes/562.100166.fna.gz	ecoli_achtman_4	95	adk(37)	fumC(38)	gyrB(19)	icd(37)	mdh(17)	purA(11)	recA(26)
data/genomes/562.100016.fna.gz	ecoli_achtman_4	2328	adk(6)	fumC(95)	gyrB(3)	icd(18)	mdh(11)	purA(122)	recA(6)
data/genomes/562.100117.fna.gz	ecoli_achtman_4	1193	adk(14)	fumC(14)	gyrB(10)	icd(200)	mdh(17)	purA(7)	recA(10)
data/genomes/562.100067.fna.gz	ecoli_achtman_4	8867	adk(64)	fumC(11)	gyrB(4)	icd(8)	mdh(8)	purA(8)	recA(2)
data/genomes/562.100267.fna.gz	ecoli_achtman_4	141	adk(13)	fumC(52)	gyrB(10)	icd(14)	mdh(17)	purA(25)	recA(17)
data/genomes/562.100217.fna.gz	ecoli_achtman_4	73	adk(36)	fumC(24)	gyrB(9)	icd(13)	mdh(17)	purA(11)	recA(25)
data/genomes/562.100167.fna.gz	ecoli_achtman_4	155	adk(6)	fumC(4)	gyrB(14)	icd(16)	mdh(24)	purA(8)	recA(14)
data/genomes/562.100017.fna.gz	ecoli_achtman_4	1861	adk(13)	fumC(14)	gyrB(19)	icd(14)	mdh(17)	purA(94)	recA(10)
data/genomes/562.100118.fna.gz	ecoli_achtman_4	746	adk(10)	fumC(7)	gyrB(4)	icd(8)	mdh(12)	purA(8)	recA(2)
data/genomes/562.100068.fna.gz	ecoli_achtman_4	73	adk(36)	fumC(24)	gyrB(9)	icd(13)	mdh(17)	purA(11)	recA(25)
data/genomes/562.100268.fna.gz	ecoli_achtman_4	372	adk(88)	fumC(103)	gyrB(19)	icd(36)	mdh(23)	purA(44)	recA(26)
data/genomes/562.100218.fna.gz	ecoli_achtman_4	131	adk(53)	fumC(40)	gyrB(47)	icd(13)	mdh(36)	purA(28)	recA(29)
data/genomes/562.100168.fna.gz	ecoli_achtman_4	106	adk(21)	fumC(35)	gyrB(27)	icd(6)	mdh(5)	purA(8)	recA(4)
data/genomes/562.100018.fna.gz	ecoli_achtman_4	131	adk(53)	fumC(40)	gyrB(47)	icd(13)	mdh(36)	purA(28)	recA(29)
data/genomes/562.100119.fna.gz	ecoli_achtman_4	131	adk(53)	fumC(40)	gyrB(47)	icd(13)	mdh(36)	purA(28)	recA(29)
data/genomes/562.100069.fna.gz	ecoli_achtman_4	2531	adk(6)	fumC(4)	gyrB(1)	icd(95)	mdh(69)	purA(8)	recA(7)
data/genomes/562.100269.fna.gz	ecoli_achtman_4	394	adk(21)	fumC(35)	gyrB(61)	icd(52)	mdh(5)	purA(5)	recA(4)
data/genomes/562.100219.fna.gz	ecoli_achtman_4	131	adk(53)	fumC(40)	gyrB(47)	icd(13)	mdh(36)	purA(28)	recA(29)
data/genomes/562.100169.fna.gz	ecoli_achtman_4	69	adk(21)	fumC(35)	gyrB(27)	icd(6)	mdh(5)	purA(5)	recA(4)
data/genomes/562.100019.fna.gz	ecoli_achtman_4	95	adk(37)	fumC(38)	gyrB(19)	icd(37)	mdh(17)	purA(11)	recA(26)
data/genomes/562.100120.fna.gz	ecoli_achtman_4	12	adk(13)	fumC(13)	gyrB(9)	icd(13)	mdh(16)	purA(10)	recA(9)
data/genomes/562.100070.fna.gz	ecoli_achtman_4	131	adk(53)	fumC(40)	gyrB(47)	icd(13)	mdh(36)	purA(28)	recA(29)
data/genomes/562.100270.fna.gz	ecoli_achtman_4	95	adk(37)	fumC(38)	gyrB(19)	icd(37)	mdh(17)	purA(11)	recA(26)
data/genomes/562.100220.fna.gz	ecoli_achtman_4	73	adk(36)	fumC(24)	gyrB(9)	icd(13)	mdh(17)	purA(11)	recA(25)
data/genomes/562.100170.fna.gz	ecoli_achtman_4	69	adk(21)	fumC(35)	gyrB(27)	icd(6)	mdh(5)	purA(5)	recA(4)
data/genomes/562.100020.fna.gz	ecoli_achtman_4	95	adk(37)	fumC(38)	gyrB(19)	icd(37)	mdh(17)	purA(11)	recA(26)
data/genomes/562.100121.fna.gz	ecoli_achtman_4	131	adk(53)	fumC(40)	gyrB(47)	icd(13)	mdh(36)	purA(28)	recA(29)
data/genomes/562.100071.fna.gz	ecoli_achtman_4	95	adk(37)	fumC(38)	gyrB(19)	icd(37)	mdh(17)	purA(11)	recA(26)
data/genomes/562.100271.fna.gz	ecoli_achtman_4	95	adk(37)	fumC(38)	gyrB(19)	icd(37)	mdh(17)	purA(11)	recA(26)
data/genomes/562.100221.fna.gz	ecoli_achtman_4	127	adk(13)	fumC(14)	gyrB(19)	icd(36)	mdh(23)	purA(11)	recA(10)
data/genomes/562.100171.fna.gz	ecoli_achtman_4	141	adk(13)	fumC(52)	gyrB(10)	icd(14)	mdh(17)	purA(25)	recA(17)
data/genomes/562.100021.fna.gz	ecoli_achtman_4	1304	adk(6)	fumC(95)	gyrB(4)	icd(18)	mdh(11)	purA(7)	recA(14)
data/genomes/562.100122.fna.gz	ecoli_achtman_4	8915	adk(28)	fumC(33)	gyrB(25)	icd(29)	mdh(7)	purA(634)	recA(24)
data/genomes/562.100072.fna.gz	ecoli_achtman_4	69	adk(21)	fumC(35)	gyrB(27)	icd(6)	mdh(5)	purA(5)	recA(4)
data/genomes/562.100272.fna.gz	ecoli_achtman_4	73	adk(36)	fumC(24)	gyrB(9)	icd(13)	mdh(17)	purA(11)	recA(25)
data/genomes/562.100222.fna.gz	ecoli_achtman_4	405	adk(35)	fumC(37)	gyrB(29)	icd(25)	mdh(4)	purA(5)	recA(73)
data/genomes/562.100172.fna.gz	ecoli_achtman_4	73	adk(36)	fumC(24)	gyrB(9)	icd(13)	mdh(17)	purA(11)	recA(25)
data/genomes/562.100022.fna.gz	ecoli_achtman_4	69	adk(21)	fumC(35)	gyrB(27)	icd(6)	mdh(5)	purA(5)	recA(4)
data/genomes/562.100123.fna.gz	ecoli_achtman_4	162	adk(9)	fumC(65)	gyrB(5)	icd(1)	mdh(9)	purA(13)	recA(6)
data/genomes/562.100073.fna.gz	ecoli_achtman_4	23	adk(6)	fumC(4)	gyrB(12)	icd(1)	mdh(20)	purA(13)	recA(7)
data/genomes/562.100273.fna.gz	ecoli_achtman_4	58	adk(6)	fumC(4)	gyrB(4)	icd(16)	mdh(24)	purA(8)	recA(14)
data/genomes/562.100223.fna.gz	ecoli_achtman_4	6701	adk(10)	fumC(70)	gyrB(292)	icd(8)	mdh(8)	purA(1)	recA(2)
data/genomes/562.100173.fna.gz	ecoli_achtman_4	354	adk(85)	fumC(88)	gyrB(78)	icd(29)	mdh(59)	purA(58)	recA(62)
data/genomes/562.100023.fna.gz	ecoli_achtman_4	131	adk(53)	fumC(40)	gyrB(47)	icd(13)	mdh(36)	purA(28)	recA(29)
data/genomes/562.100124.fna.gz	ecoli_achtman_4	95	adk(37)	fumC(38)	gyrB(19)	icd(37)	mdh(17)	purA(11)	recA(26)
data/genomes/562.100074.fna.gz	ecoli_achtman_4	14	adk(14)	fumC(14)	gyrB(10)	icd(14)	mdh(17)	purA(7)	recA(10)
data/genomes/562.100274.fna.gz	ecoli_achtman_4	567	adk(13)	fumC(43)	gyrB(9)	icd(37)	mdh(17)	purA(37)	recA(25)
data/genomes/562.100224.fna.gz	ecoli_achtman_4	2015	adk(76)	fumC(319)	gyrB(30)	icd(37)	mdh(17)	purA(10)	recA(96)
data/genomes/562.100174.fna.gz	ecoli_achtman_4	69	adk(21)	fumC(35)	gyrB(27)	icd(6)	mdh(5)	purA(5)	recA(4)
data/genomes/562.100024.fna.gz	ecoli_achtman_4	127	adk(13)	fumC(14)	gyrB(19)	icd(36)	mdh(23)	purA(11)	recA(10)
data/genomes/562.100125.fna.gz	ecoli_achtman_4	73	adk(36)	fumC(24)	gyrB(9)	icd(13)	mdh(17)	purA(11)	recA(25)
data/genomes/562.100075.fna.gz	ecoli_achtman_4	69	adk(21)	fumC(35)	gyrB(27)	icd(6)	mdh(5)	purA(5)	recA(4)
data/genomes/562.100275.fna.gz	ecoli_achtman_4	131	adk(53)	fumC(40)	gyrB(47)	icd(13)	mdh(36)	purA(28)	recA(29)
data/genomes/562.100225.fna.gz	ecoli_achtman_4	10264	adk(1012)	fumC(24)	gyrB(9)	icd(13)	mdh(17)	purA(11)	recA(25)
data/genomes/562.100175.fna.gz	ecoli_achtman_4	2619	adk(37)	fumC(38)	gyrB(286)	icd(37)	mdh(17)	purA(11)	recA(26)
data/genomes/562.100025.fna.gz	ecoli_achtman_4	88	adk(6)	fumC(4)	gyrB(12)	icd(1)	mdh(20)	purA(12)	recA(7)
data/genomes/562.100126.fna.gz	ecoli_achtman_4	95	adk(37)	fumC(38)	gyrB(19)	icd(37)	mdh(17)	purA(11)	recA(26)
data/genomes/562.100076.fna.gz	ecoli_achtman_4	607	adk(113)	fumC(4)	gyrB(5)	icd(83)	mdh(8)	purA(8)	recA(6)
data/genomes/562.100276.fna.gz	ecoli_achtman_4	127	adk(13)	fumC(14)	gyrB(19)	icd(36)	mdh(23)	purA(11)	recA(10)
data/genomes/562.100226.fna.gz	ecoli_achtman_4	73	adk(36)	fumC(24)	gyrB(9)	icd(13)	mdh(17)	purA(11)	recA(25)
data/genomes/562.100176.fna.gz	ecoli_achtman_4	73	adk(36)	fumC(24)	gyrB(9)	icd(13)	mdh(17)	purA(11)	recA(25)
data/genomes/562.100026.fna.gz	ecoli_achtman_4	372	adk(88)	fumC(103)	gyrB(19)	icd(36)	mdh(23)	purA(44)	recA(26)
data/genomes/562.100127.fna.gz	ecoli_achtman_4	135	adk(13)	fumC(39)	gyrB(50)	icd(13)	mdh(16)	purA(37)	recA(25)
data/genomes/562.100077.fna.gz	ecoli_achtman_4	69	adk(21)	fumC(35)	gyrB(27)	icd(6)	mdh(5)	purA(5)	recA(4)
data/genomes/562.100277.fna.gz	ecoli_achtman_4	10260	adk(13)	fumC(14)	gyrB(19)	icd(1187)	mdh(23)	purA(11)	recA(10)
data/genomes/562.100227.fna.gz	ecoli_achtman_4	2015	adk(76)	fumC(319)	gyrB(30)	icd(37)	mdh(17)	purA(10)	recA(96)
data/genomes/562.100177.fna.gz	ecoli_achtman_4	127	adk(13)	fumC(14)	gyrB(19)	icd(36)	mdh(23)	purA(11)	recA(10)
data/genomes/562.100027.fna.gz	ecoli_achtman_4	1723	adk(9)	fumC(19)	gyrB(32)	icd(1)	mdh(9)	purA(8)	recA(6)
data/genomes/562.100128.fna.gz	ecoli_achtman_4	104	adk(13)	fumC(24)	gyrB(9)	icd(13)	mdh(17)	purA(11)	recA(25)
data/genomes/562.100078.fna.gz	ecoli_achtman_4	95	adk(37)	fumC(38)	gyrB(19)	icd(37)	mdh(17)	purA(11)	recA(26)
data/genomes/562.100278.fna.gz	ecoli_achtman_4	131	adk(53)	fumC(40)	gyrB(47)	icd(13)	mdh(36)	purA(28)	recA(29)
data/genomes/562.100228.fna.gz	ecoli_achtman_4	141	adk(13)	fumC(52)	gyrB(10)	icd(14)	mdh(17)	purA(25)	recA(17)
data/genomes/562.100178.fna.gz	ecoli_achtman_4	973	adk(154)	fumC(187)	gyrB(22)	icd(52)	mdh(130)	purA(129)	recA(4)
data/genomes/562.100028.fna.gz	ecoli_achtman_4	127	adk(13)	fumC(14)	gyrB(19)	icd(36)	mdh(23)	purA(11)	recA(10)
data/genomes/562.100129.fna.gz	ecoli_achtman_4	73	adk(36)	fumC(24)	gyrB(9)	icd(13)	mdh(17)	purA(11)	recA(25)
data/genomes/562.100079.fna.gz	ecoli_achtman_4	73	adk(36)	fumC(24)	gyrB(9)	icd(13)	mdh(17)	purA(11)	recA(25)
data/genomes/562.100279.fna.gz	ecoli_achtman_4	95	adk(37)	fumC(38)	gyrB(19)	icd(37)	mdh(17)	purA(11)	recA(26)
data/genomes/562.100229.fna.gz	ecoli_achtman_4	7303	adk(6)	fumC(23)	gyrB(15)	icd(88)	mdh(9)	purA(8)	recA(7)
data/genomes/562.100179.fna.gz	ecoli_achtman_4	69	adk(21)	fumC(35)	gyrB(27)	icd(6)	mdh(5)	purA(5)	recA(4)
data/genomes/562.100029.fna.gz	ecoli_achtman_4	636	adk(13)	fumC(108)	gyrB(10)	icd(97)	mdh(18)	purA(68)	recA(93)
data/genomes/562.100130.fna.gz	ecoli_achtman_4	1859	adk(76)	fumC(115)	gyrB(10)	icd(119)	mdh(30)	purA(37)	recA(136)
data/genomes/562.100080.fna.gz	ecoli_achtman_4	12	adk(13)	fumC(13)	gyrB(9)	icd(13)	mdh(16)	purA(10)	recA(9)
data/genomes/562.100280.fna.gz	ecoli_achtman_4	126	adk(13)	fumC(43)	gyrB(19)	icd(37)	mdh(17)	purA(25)	recA(25)
data/genomes/562.100230.fna.gz	ecoli_achtman_4	155	adk(6)	fumC(4)	gyrB(14)	icd(16)	mdh(24)	purA(8)	recA(14)
data/genomes/562.100180.fna.gz	ecoli_achtman_4	48	adk(6)	fumC(11)	gyrB(4)	icd(8)	mdh(8)	purA(8)	recA(2)
data/genomes/562.100030.fna.gz	ecoli_achtman_4	80	adk(13)	fumC(24)	gyrB(19)	icd(14)	mdh(23)	purA(1)	recA(10)
data/genomes/562.100131.fna.gz	ecoli_achtman_4	421	adk(37)	fumC(38)	gyrB(19)	icd(37)	mdh(17)	purA(8)	recA(26)
data/genomes/562.100081.fna.gz	ecoli_achtman_4	73	adk(36)	fumC(24)	gyrB(9)	icd(13)	mdh(17)	purA(11)	recA(25)
data/genomes/562.100281.fna.gz	ecoli_achtman_4	131	adk(53)	fumC(40)	gyrB(47)	icd(13)	mdh(36)	purA(28)	recA(29)
data/genomes/562.100231.fna.gz	ecoli_achtman_4	131	adk(53)	fumC(40)	gyrB(47)	icd(13)	mdh(36)	purA(28)	recA(29)
data/genomes/562.100181.fna.gz	ecoli_achtman_4	127	adk(13)	fumC(14)	gyrB(19)	icd(36)	mdh(23)	purA(11)	recA(10)
data/genomes/562.100132.fna.gz	ecoli_achtman_4	73	adk(36)	fumC(24)	gyrB(9)	icd(13)	mdh(17)	purA(11)	recA(25)
data/genomes/562.100031.fna.gz	ecoli_achtman_4	69	adk(21)	fumC(35)	gyrB(27)	icd(6)	mdh(5)	purA(5)	recA(4)
data/genomes/562.100082.fna.gz	ecoli_achtman_4	1652	adk(4)	fumC(2)	gyrB(2)	icd(236)	mdh(4)	purA(18)	recA(154)
data/genomes/562.100282.fna.gz	ecoli_achtman_4	73	adk(36)	fumC(24)	gyrB(9)	icd(13)	mdh(17)	purA(11)	recA(25)
data/genomes/562.100232.fna.gz	ecoli_achtman_4	405	adk(35)	fumC(37)	gyrB(29)	icd(25)	mdh(4)	purA(5)	recA(73)
data/genomes/562.100182.fna.gz	ecoli_achtman_4	12	adk(13)	fumC(13)	gyrB(9)	icd(13)	mdh(16)	purA(10)	recA(9)
data/genomes/562.100133.fna.gz	ecoli_achtman_4	127	adk(13)	fumC(14)	gyrB(19)	icd(36)	mdh(23)	purA(11)	recA(10)
data/genomes/562.100032.fna.gz	ecoli_achtman_4	95	adk(37)	fumC(38)	gyrB(19)	icd(37)	mdh(17)	purA(11)	recA(26)
data/genomes/562.100083.fna.gz	ecoli_achtman_4	617	adk(10)	fumC(11)	gyrB(4)	icd(8)	mdh(8)	purA(13)	recA(73)
data/genomes/562.100283.fna.gz	ecoli_achtman_4	131	adk(53)	fumC(40)	gyrB(47)	icd(13)	mdh(36)	purA(28)	recA(29)
data/genomes/562.100233.fna.gz	ecoli_achtman_4	10243	adk(6)	fumC(4)	gyrB(12)	icd(1184)	mdh(20)	purA(12)	recA(7)
data/genomes/562.100183.fna.gz	ecoli_achtman_4	131	adk(53)	fumC(40)	gyrB(47)	icd(13)	mdh(36)	purA(28)	recA(29)
data/genomes/562.100134.fna.gz	ecoli_achtman_4	95	adk(37)	fumC(38)	gyrB(19)	icd(37)	mdh(17)	purA(11)	recA(26)
data/genomes/562.100033.fna.gz	ecoli_achtman_4	58	adk(6)	fumC(4)	gyrB(4)	icd(16)	mdh(24)	purA(8)	recA(14)
data/genomes/562.100084.fna.gz	ecoli_achtman_4	131	adk(53)	fumC(40)	gyrB(47)	icd(13)	mdh(36)	purA(28)	recA(29)
data/genomes/562.100234.fna.gz	ecoli_achtman_4	69	adk(21)	fumC(35)	gyrB(27)	icd(6)	mdh(5)	purA(5)	recA(4)
data/genomes/562.100284.fna.gz	ecoli_achtman_4	95	adk(37)	fumC(38)	gyrB(19)	icd(37)	mdh(17)	purA(11)	recA(26)
data/genomes/562.100184.fna.gz	ecoli_achtman_4	73	adk(36)	fumC(24)	gyrB(9)	icd(13)	mdh(17)	purA(11)	recA(25)
data/genomes/562.100135.fna.gz	ecoli_achtman_4	73	adk(36)	fumC(24)	gyrB(9)	icd(13)	mdh(17)	purA(11)	recA(25)
data/genomes/562.100034.fna.gz	ecoli_achtman_4	69	adk(21)	fumC(35)	gyrB(27)	icd(6)	mdh(5)	purA(5)	recA(4)
data/genomes/562.100085.fna.gz	ecoli_achtman_4	131	adk(53)	fumC(40)	gyrB(47)	icd(13)	mdh(36)	purA(28)	recA(29)
data/genomes/562.100285.fna.gz	ecoli_achtman_4	117	adk(20)	fumC(45)	gyrB(41)	icd(43)	mdh(5)	purA(32)	recA(2)
data/genomes/562.100235.fna.gz	ecoli_achtman_4	550	adk(14)	fumC(14)	gyrB(10)	icd(14)	mdh(17)	purA(92)	recA(10)
data/genomes/562.100185.fna.gz	ecoli_achtman_4	69	adk(21)	fumC(35)	gyrB(27)	icd(6)	mdh(5)	purA(5)	recA(4)
data/genomes/562.100035.fna.gz	ecoli_achtman_4	357	adk(13)	fumC(40)	gyrB(13)	icd(13)	mdh(23)	purA(25)	recA(66)
data/genomes/562.100136.fna.gz	ecoli_achtman_4	14	adk(14)	fumC(14)	gyrB(10)	icd(14)	mdh(17)	purA(7)	recA(10)
data/genomes/562.100086.fna.gz	ecoli_achtman_4	405	adk(35)	fumC(37)	gyrB(29)	icd(25)	mdh(4)	purA(5)	recA(73)
data/genomes/562.100286.fna.gz	ecoli_achtman_4	69	adk(21)	fumC(35)	gyrB(27)	icd(6)	mdh(5)	purA(5)	recA(4)
data/genomes/562.100236.fna.gz	ecoli_achtman_4	131	adk(53)	fumC(40)	gyrB(47)	icd(13)	mdh(36)	purA(28)	recA(29)
data/genomes/562.100186.fna.gz	ecoli_achtman_4	131	adk(53)	fumC(40)	gyrB(47)	icd(13)	mdh(36)	purA(28)	recA(29)
data/genomes/562.100036.fna.gz	ecoli_achtman_4	390	adk(37)	fumC(38)	gyrB(86)	icd(37)	mdh(17)	purA(11)	recA(26)
data/genomes/562.100137.fna.gz	ecoli_achtman_4	73	adk(36)	fumC(24)	gyrB(9)	icd(13)	mdh(17)	purA(11)	recA(25)
data/genomes/562.100087.fna.gz	ecoli_achtman_4	10293	adk(36)	fumC(24)	gyrB(923)	icd(13)	mdh(17)	purA(11)	recA(25)
data/genomes/562.100287.fna.gz	ecoli_achtman_4	12	adk(13)	fumC(13)	gyrB(9)	icd(13)	mdh(16)	purA(10)	recA(9)
data/genomes/562.100237.fna.gz	ecoli_achtman_4	95	adk(37)	fumC(38)	gyrB(19)	icd(37)	mdh(17)	purA(11)	recA(26)
data/genomes/562.100187.fna.gz	ecoli_achtman_4	144	adk(13)	fumC(43)	gyrB(9)	icd(36)	mdh(30)	purA(44)	recA(25)
data/genomes/562.100138.fna.gz	ecoli_achtman_4	58	adk(6)	fumC(4)	gyrB(4)	icd(16)	mdh(24)	purA(8)	recA(14)
data/genomes/562.100037.fna.gz	ecoli_achtman_4	131	adk(53)	fumC(40)	gyrB(47)	icd(13)	mdh(36)	purA(28)	recA(29)
data/genomes/562.100088.fna.gz	ecoli_achtman_4	88	adk(6)	fumC(4)	gyrB(12)	icd(1)	mdh(20)	purA(12)	recA(7)
data/genomes/562.100238.fna.gz	ecoli_achtman_4	355	adk(36)	fumC(24)	gyrB(10)	icd(13)	mdh(17)	purA(10)	recA(25)
data/genomes/562.100288.fna.gz	ecoli_achtman_4	421	adk(37)	fumC(38)	gyrB(19)	icd(37)	mdh(17)	purA(8)	recA(26)
data/genomes/562.100188.fna.gz	ecoli_achtman_4	1159	adk(18)	fumC(52)	gyrB(10)	icd(13)	mdh(17)	purA(25)	recA(17)
data/genomes/562.100139.fna.gz	ecoli_achtman_4	73	adk(36)	fumC(24)	gyrB(9)	icd(13)	mdh(17)	purA(11)	recA(25)
data/genomes/562.100038.fna.gz	ecoli_achtman_4	38	adk(4)	fumC(26)	gyrB(2)	icd(25)	mdh(5)	purA(5)	recA(19)
data/genomes/562.100089.fna.gz	ecoli_achtman_4	73	adk(36)	fumC(24)	gyrB(9)	icd(13)	mdh(17)	purA(11)	recA(25)
data/genomes/562.100239.fna.gz	ecoli_achtman_4	10279	adk(13)	fumC(1466)	gyrB(9)	icd(37)	mdh(901)	purA(37)	recA(25)
data/genomes/562.100289.fna.gz	ecoli_achtman_4	349	adk(34)	fumC(36)	gyrB(39)	icd(87)	mdh(67)	purA(16)	recA(4)
data/genomes/562.100189.fna.gz	ecoli_achtman_4	8915	adk(28)	fumC(33)	gyrB(25)	icd(29)	mdh(7)	purA(634)	recA(24)
data/genomes/562.100039.fna.gz	ecoli_achtman_4	10	adk(10)	fumC(11)	gyrB(4)	icd(8)	mdh(8)	purA(8)	recA(2)
data/genomes/562.100140.fna.gz	ecoli_achtman_4	127	adk(13)	fumC(14)	gyrB(19)	icd(36)	mdh(23)	purA(11)	recA(10)
data/genomes/562.100090.fna.gz	ecoli_achtman_4	10269	adk(83)	fumC(12)	gyrB(155)	icd(1188)	mdh(1)	purA(1)	recA(17)
data/genomes/562.100240.fna.gz	ecoli_achtman_4	144	adk(13)	fumC(43)	gyrB(9)	icd(36)	mdh(30)	purA(44)	recA(25)
data/genomes/562.100290.fna.gz	ecoli_achtman_4	73	adk(36)	fumC(24)	gyrB(9)	icd(13)	mdh(17)	purA(11)	recA(25)
data/genomes/562.100190.fna.gz	ecoli_achtman_4	95	adk(37)	fumC(38)	gyrB(19)	icd(37)	mdh(17)	purA(11)	recA(26)
data/genomes/562.100141.fna.gz	ecoli_achtman_4	95	adk(37)	fumC(38)	gyrB(19)	icd(37)	mdh(17)	purA(11)	recA(26)
data/genomes/562.100040.fna.gz	ecoli_achtman_4	95	adk(37)	fumC(38)	gyrB(19)	icd(37)	mdh(17)	purA(11)	recA(26)
data/genomes/562.100091.fna.gz	ecoli_achtman_4	135	adk(13)	fumC(39)	gyrB(50)	icd(13)	mdh(16)	purA(37)	recA(25)
data/genomes/562.100241.fna.gz	ecoli_achtman_4	95	adk(37)	fumC(38)	gyrB(19)	icd(37)	mdh(17)	purA(11)	recA(26)
data/genomes/562.100291.fna.gz	ecoli_achtman_4	569	adk(13)	fumC(38)	gyrB(84)	icd(13)	mdh(17)	purA(64)	recA(34)
data/genomes/562.100191.fna.gz	ecoli_achtman_4	12	adk(13)	fumC(13)	gyrB(9)	icd(13)	mdh(16)	purA(10)	recA(9)
data/genomes/562.100142.fna.gz	ecoli_achtman_4	959	adk(13)	fumC(13)	gyrB(9)	icd(13)	mdh(16)	purA(10)	recA(119)
data/genomes/562.100041.fna.gz	ecoli_achtman_4	127	adk(13)	fumC(14)	gyrB(19)	icd(36)	mdh(23)	purA(11)	recA(10)
data/genomes/562.100092.fna.gz	ecoli_achtman_4	12	adk(13)	fumC(13)	gyrB(9)	icd(13)	mdh(16)	purA(10)	recA(9)
data/genomes/562.100292.fna.gz	ecoli_achtman_4	636	adk(13)	fumC(108)	gyrB(10)	icd(97)	mdh(18)	purA(68)	recA(93)
data/genomes/562.100242.fna.gz	ecoli_achtman_4	62	adk(28)	fumC(33)	gyrB(25)	icd(29)	mdh(7)	purA(11)	recA(24)
data/genomes/562.100192.fna.gz	ecoli_achtman_4	131	adk(53)	fumC(40)	gyrB(47)	icd(13)	mdh(36)	purA(28)	recA(29)
data/genomes/562.100143.fna.gz	ecoli_achtman_4	5705	adk(6)	fumC(29)	gyrB(33)	icd(16)	mdh(9)	purA(8)	recA(6)
data/genomes/562.100042.fna.gz	ecoli_achtman_4	73	adk(36)	fumC(24)	gyrB(9)	icd(13)	mdh(17)	purA(11)	recA(25)
data/genomes/562.100093.fna.gz	ecoli_achtman_4	95	adk(37)	fumC(38)	gyrB(19)	icd(37)	mdh(17)	purA(11)	recA(26)
data/genomes/562.100293.fna.gz	ecoli_achtman_4	10407	adk(6)	fumC(4)	gyrB(12)	icd(1216)	mdh(20)	purA(18)	recA(7)
data/genomes/562.100243.fna.gz	ecoli_achtman_4	73	adk(36)	fumC(24)	gyrB(9)	icd(13)	mdh(17)	purA(11)	recA(25)
data/genomes/562.100193.fna.gz	ecoli_achtman_4	12	adk(13)	fumC(13)	gyrB(9)	icd(13)	mdh(16)	purA(10)	recA(9)
data/genomes/562.100144.fna.gz	ecoli_achtman_4	58	adk(6)	fumC(4)	gyrB(4)	icd(16)	mdh(24)	purA(8)	recA(14)
data/genomes/562.100043.fna.gz	ecoli_achtman_4	69	adk(21)	fumC(35)	gyrB(27)	icd(6)	mdh(5)	purA(5)	recA(4)
data/genomes/562.100294.fna.gz	ecoli_achtman_4	73	adk(36)	fumC(24)	gyrB(9)	icd(13)	mdh(17)	purA(11)	recA(25)
data/genomes/562.100094.fna.gz	ecoli_achtman_4	83	adk(13)	fumC(38)	gyrB(19)	icd(13)	mdh(30)	purA(25)	recA(29)
data/genomes/562.100194.fna.gz	ecoli_achtman_4	127	adk(13)	fumC(14)	gyrB(19)	icd(36)	mdh(23)	purA(11)	recA(10)
data/genomes/562.100244.fna.gz	ecoli_achtman_4	357	adk(13)	fumC(40)	gyrB(13)	icd(13)	mdh(23)	purA(25)	recA(66)
data/genomes/562.100044.fna.gz	ecoli_achtman_4	131	adk(53)	fumC(40)	gyrB(47)	icd(13)	mdh(36)	purA(28)	recA(29)
data/genomes/562.100145.fna.gz	ecoli_achtman_4	10285	adk(13)	fumC(1469)	gyrB(19)	icd(36)	mdh(23)	purA(11)	recA(10)
data/genomes/562.100095.fna.gz	ecoli_achtman_4	349	adk(34)	fumC(36)	gyrB(39)	icd(87)	mdh(67)	purA(16)	recA(4)
data/genomes/562.100295.fna.gz	ecoli_achtman_4	80	adk(13)	fumC(24)	gyrB(19)	icd(14)	mdh(23)	purA(1)	recA(10)
data/genomes/562.100195.fna.gz	ecoli_achtman_4	12	adk(13)	fumC(13)	gyrB(9)	icd(13)	mdh(16)	purA(10)	recA(9)
data/genomes/562.100245.fna.gz	ecoli_achtman_4	69	adk(21)	fumC(35)	gyrB(27)	icd(6)	mdh(5)	purA(5)	recA(4)
data/genomes/562.100146.fna.gz	ecoli_achtman_4	73	adk(36)	fumC(24)	gyrB(9)	icd(13)	mdh(17)	purA(11)	recA(25)
data/genomes/562.100045.fna.gz	ecoli_achtman_4	69	adk(21)	fumC(35)	gyrB(27)	icd(6)	mdh(5)	purA(5)	recA(4)
data/genomes/562.100096.fna.gz	ecoli_achtman_4	1331	adk(36)	fumC(24)	gyrB(9)	icd(13)	mdh(155)	purA(11)	recA(25)
data/genomes/562.100296.fna.gz	ecoli_achtman_4	131	adk(53)	fumC(40)	gyrB(47)	icd(13)	mdh(36)	purA(28)	recA(29)
data/genomes/562.100196.fna.gz	ecoli_achtman_4	59	adk(27)	fumC(32)	gyrB(24)	icd(29)	mdh(26)	purA(19)	recA(22)
data/genomes/562.100246.fna.gz	ecoli_achtman_4	421	adk(37)	fumC(38)	gyrB(19)	icd(37)	mdh(17)	purA(8)	recA(26)
data/genomes/562.100147.fna.gz	ecoli_achtman_4	131	adk(53)	fumC(40)	gyrB(47)	icd(13)	mdh(36)	purA(28)	recA(29)
data/genomes/562.100046.fna.gz	ecoli_achtman_4	67	adk(6)	fumC(19)	gyrB(5)	icd(1)	mdh(9)	purA(8)	recA(7)
data/genomes/562.100297.fna.gz	ecoli_achtman_4	83	adk(13)	fumC(38)	gyrB(19)	icd(13)	mdh(30)	purA(25)	recA(29)
data/genomes/562.100097.fna.gz	ecoli_achtman_4	95	adk(37)	fumC(38)	gyrB(19)	icd(37)	mdh(17)	purA(11)	recA(26)
data/genomes/562.100197.fna.gz	ecoli_achtman_4	95	adk(37)	fumC(38)	gyrB(19)	icd(37)	mdh(17)	purA(11)	recA(26)
data/genomes/562.100247.fna.gz	ecoli_achtman_4	73	adk(36)	fumC(24)	gyrB(9)	icd(13)	mdh(17)	purA(11)	recA(25)
data/genomes/562.100148.fna.gz	ecoli_achtman_4	95	adk(37)	fumC(38)	gyrB(19)	icd(37)	mdh(17)	purA(11)	recA(26)
data/genomes/562.100047.fna.gz	ecoli_achtman_4	131	adk(53)	fumC(40)	gyrB(47)	icd(13)	mdh(36)	purA(28)	recA(29)
data/genomes/562.100298.fna.gz	ecoli_achtman_4	136	adk(38)	fumC(39)	gyrB(30)	icd(13)	mdh(17)	purA(11)	recA(28)
data/genomes/562.100098.fna.gz	ecoli_achtman_4	602	adk(6)	fumC(19)	gyrB(33)	icd(26)	mdh(11)	purA(8)	recA(6)
data/genomes/562.100198.fna.gz	ecoli_achtman_4	10278	adk(36)	fumC(24)	gyrB(9)	icd(13)	mdh(900)	purA(11)	recA(25)
data/genomes/562.100248.fna.gz	ecoli_achtman_4	95	adk(37)	fumC(38)	gyrB(19)	icd(37)	mdh(17)	purA(11)	recA(26)
data/genomes/562.100149.fna.gz	ecoli_achtman_4	10238	adk(6)	fumC(6)	gyrB(5)	icd(1)	mdh(9)	purA(7)	recA(7)
data/genomes/562.100299.fna.gz	ecoli_achtman_4	95	adk(37)	fumC(38)	gyrB(19)	icd(37)	mdh(17)	purA(11)	recA(26)
data/genomes/562.100048.fna.gz	ecoli_achtman_4	69	adk(21)	fumC(35)	gyrB(27)	icd(6)	mdh(5)	purA(5)	recA(4)
data/genomes/562.100099.fna.gz	ecoli_achtman_4	28	adk(13)	fumC(21)	gyrB(13)	icd(22)	mdh(17)	purA(14)	recA(15)
data/genomes/562.100199.fna.gz	ecoli_achtman_4	73	adk(36)	fumC(24)	gyrB(9)	icd(13)	mdh(17)	purA(11)	recA(25)
data/genomes/562.100249.fna.gz	ecoli_achtman_4	162	adk(9)	fumC(65)	gyrB(5)	icd(1)	mdh(9)	purA(13)	recA(6)
data/genomes/562.100300.fna.gz	ecoli_achtman_4	69	adk(21)	fumC(35)	gyrB(27)	icd(6)	mdh(5)	purA(5)	recA(4)
data/genomes/562.100402.fna.gz	ecoli_achtman_4	7627	adk(13)	fumC(39)	gyrB(9)	icd(13)	mdh(17)	purA(44)	recA(96)
data/genomes/562.100049.fna.gz	ecoli_achtman_4	69	adk(21)	fumC(35)	gyrB(27)	icd(6)	mdh(5)	purA(5)	recA(4)
data/genomes/562.100351.fna.gz	ecoli_achtman_4	95	adk(37)	fumC(38)	gyrB(19)	icd(37)	mdh(17)	purA(11)	recA(26)
data/genomes/562.100452.fna.gz	ecoli_achtman_4	405	adk(35)	fumC(37)	gyrB(29)	icd(25)	mdh(4)	purA(5)	recA(73)
data/genomes/562.100502.fna.gz	ecoli_achtman_4	69	adk(21)	fumC(35)	gyrB(27)	icd(6)	mdh(5)	purA(5)	recA(4)
data/genomes/562.100301.fna.gz	ecoli_achtman_4	131	adk(53)	fumC(40)	gyrB(47)	icd(13)	mdh(36)	purA(28)	recA(29)
data/genomes/562.100403.fna.gz	ecoli_achtman_4	1170	adk(13)	fumC(40)	gyrB(19)	icd(13)	mdh(23)	purA(28)	recA(109)
data/genomes/562.100352.fna.gz	ecoli_achtman_4	10287	adk(1019)	fumC(7)	gyrB(57)	icd(1)	mdh(8)	purA(8)	recA(2)
data/genomes/562.100552.fna.gz	ecoli_achtman_4	550	adk(14)	fumC(14)	gyrB(10)	icd(14)	mdh(17)	purA(92)	recA(10)
data/genomes/562.100453.fna.gz	ecoli_achtman_4	783	adk(6)	fumC(4)	gyrB(33)	icd(10)	mdh(20)	purA(12)	recA(7)
data/genomes/562.100503.fna.gz	ecoli_achtman_4	117	adk(20)	fumC(45)	gyrB(41)	icd(43)	mdh(5)	purA(32)	recA(2)
data/genomes/562.100302.fna.gz	ecoli_achtman_4	978	adk(76)	fumC(43)	gyrB(19)	icd(13)	mdh(17)	purA(44)	recA(25)
data/genomes/562.100404.fna.gz	ecoli_achtman_4	73	adk(36)	fumC(24)	gyrB(9)	icd(13)	mdh(17)	purA(11)	recA(25)
data/genomes/562.100354.fna.gz	ecoli_achtman_4	117	adk(20)	fumC(45)	gyrB(41)	icd(43)	mdh(5)	purA(32)	recA(2)
data/genomes/562.100553.fna.gz	ecoli_achtman_4	1193	adk(14)	fumC(14)	gyrB(10)	icd(200)	mdh(17)	purA(7)	recA(10)
data/genomes/562.100504.fna.gz	ecoli_achtman_4	38	adk(4)	fumC(26)	gyrB(2)	icd(25)	mdh(5)	purA(5)	recA(19)
data/genomes/562.100454.fna.gz	ecoli_achtman_4	12	adk(13)	fumC(13)	gyrB(9)	icd(13)	mdh(16)	purA(10)	recA(9)
data/genomes/562.100303.fna.gz	ecoli_achtman_4	428	adk(96)	fumC(40)	gyrB(13)	icd(100)	mdh(23)	purA(28)	recA(66)
data/genomes/562.100405.fna.gz	ecoli_achtman_4	131	adk(53)	fumC(40)	gyrB(47)	icd(13)	mdh(36)	purA(28)	recA(29)
data/genomes/562.100355.fna.gz	ecoli_achtman_4	101	adk(43)	fumC(41)	gyrB(15)	icd(18)	mdh(11)	purA(7)	recA(6)
data/genomes/562.100554.fna.gz	ecoli_achtman_4	131	adk(53)	fumC(40)	gyrB(47)	icd(13)	mdh(36)	purA(28)	recA(29)
data/genomes/562.100505.fna.gz	ecoli_achtman_4	95	adk(37)	fumC(38)	gyrB(19)	icd(37)	mdh(17)	purA(11)	recA(26)
data/genomes/562.100455.fna.gz	ecoli_achtman_4	73	adk(36)	fumC(24)	gyrB(9)	icd(13)	mdh(17)	purA(11)	recA(25)
data/genomes/562.100304.fna.gz	ecoli_achtman_4	38	adk(4)	fumC(26)	gyrB(2)	icd(25)	mdh(5)	purA(5)	recA(19)
data/genomes/562.100356.fna.gz	ecoli_achtman_4	62	adk(28)	fumC(33)	gyrB(25)	icd(29)	mdh(7)	purA(11)	recA(24)
data/genomes/562.100406.fna.gz	ecoli_achtman_4	12	adk(13)	fumC(13)	gyrB(9)	icd(13)	mdh(16)	purA(10)	recA(9)
data/genomes/562.100555.fna.gz	ecoli_achtman_4	131	adk(53)	fumC(40)	gyrB(47)	icd(13)	mdh(36)	purA(28)	recA(29)
data/genomes/562.100506.fna.gz	ecoli_achtman_4	393	adk(18)	fumC(106)	gyrB(17)	icd(6)	mdh(5)	purA(5)	recA(4)
data/genomes/562.100456.fna.gz	ecoli_achtman_4	73	adk(36)	fumC(24)	gyrB(9)	icd(13)	mdh(17)	purA(11)	recA(25)
data/genomes/562.100305.fna.gz	ecoli_achtman_4	14	adk(14)	fumC(14)	gyrB(10)	icd(14)	mdh(17)	purA(7)	recA(10)
data/genomes/562.100357.fna.gz	ecoli_achtman_4	641	adk(9)	fumC(6)	gyrB(33)	icd(131)	mdh(24)	purA(8)	recA(7)
data/genomes/562.100407.fna.gz	ecoli_achtman_4	73	adk(36)	fumC(24)	gyrB(9)	icd(13)	mdh(17)	purA(11)	recA(25)
data/genomes/562.100556.fna.gz	ecoli_achtman_4	2178	adk(9)	fumC(6)	gyrB(15)	icd(56)	mdh(11)	purA(26)	recA(6)
data/genomes/562.100507.fna.gz	ecoli_achtman_4	69	adk(21)	fumC(35)	gyrB(27)	icd(6)	mdh(5)	purA(5)	recA(4)
data/genomes/562.100457.fna.gz	ecoli_achtman_4	141	adk(13)	fumC(52)	gyrB(10)	icd(14)	mdh(17)	purA(25)	recA(17)
data/genomes/562.100306.fna.gz	ecoli_achtman_4	141	adk(13)	fumC(52)	gyrB(10)	icd(14)	mdh(17)	purA(25)	recA(17)
data/genomes/562.100358.fna.gz	ecoli_achtman_4	131	adk(53)	fumC(40)	gyrB(47)	icd(13)	mdh(36)	purA(28)	recA(29)
data/genomes/562.100408.fna.gz	ecoli_achtman_4	998	adk(13)	fumC(52)	gyrB(156)	icd(14)	mdh(17)	purA(25)	recA(17)
data/genomes/562.100557.fna.gz	ecoli_achtman_4	126	adk(13)	fumC(43)	gyrB(19)	icd(37)	mdh(17)	purA(25)	recA(25)
data/genomes/562.100508.fna.gz	ecoli_achtman_4	362	adk(62)	fumC(100)	gyrB(17)	icd(31)	mdh(5)	purA(5)	recA(4)
data/genomes/562.100458.fna.gz	ecoli_achtman_4	73	adk(36)	fumC(24)	gyrB(9)	icd(13)	mdh(17)	purA(11)	recA(25)
data/genomes/562.100307.fna.gz	ecoli_achtman_4	141	adk(13)	fumC(52)	gyrB(10)	icd(14)	mdh(17)	purA(25)	recA(17)
data/genomes/562.100409.fna.gz	ecoli_achtman_4	162	adk(9)	fumC(65)	gyrB(5)	icd(1)	mdh(9)	purA(13)	recA(6)
data/genomes/562.100359.fna.gz	ecoli_achtman_4	12	adk(13)	fumC(13)	gyrB(9)	icd(13)	mdh(16)	purA(10)	recA(9)
data/genomes/562.100558.fna.gz	ecoli_achtman_4	69	adk(21)	fumC(35)	gyrB(27)	icd(6)	mdh(5)	purA(5)	recA(4)
data/genomes/562.100509.fna.gz	ecoli_achtman_4	58	adk(6)	fumC(4)	gyrB(4)	icd(16)	mdh(24)	purA(8)	recA(14)
data/genomes/562.100459.fna.gz	ecoli_achtman_4	141	adk(13)	fumC(52)	gyrB(10)	icd(14)	mdh(17)	purA(25)	recA(17)
data/genomes/562.100308.fna.gz	ecoli_achtman_4	83	adk(13)	fumC(38)	gyrB(19)	icd(13)	mdh(30)	purA(25)	recA(29)
data/genomes/562.100360.fna.gz	ecoli_achtman_4	1193	adk(14)	fumC(14)	gyrB(10)	icd(200)	mdh(17)	purA(7)	recA(10)
data/genomes/562.100410.fna.gz	ecoli_achtman_4	12	adk(13)	fumC(13)	gyrB(9)	icd(13)	mdh(16)	purA(10)	recA(9)
data/genomes/562.100559.fna.gz	ecoli_achtman_4	88	adk(6)	fumC(4)	gyrB(12)	icd(1)	mdh(20)	purA(12)	recA(7)
data/genomes/562.100460.fna.gz	ecoli_achtman_4	12	adk(13)	fumC(13)	gyrB(9)	icd(13)	mdh(16)	purA(10)	recA(9)
data/genomes/562.100309.fna.gz	ecoli_achtman_4	58	adk(6)	fumC(4)	gyrB(4)	icd(16)	mdh(24)	purA(8)	recA(14)
data/genomes/562.100510.fna.gz	ecoli_achtman_4	131	adk(53)	fumC(40)	gyrB(47)	icd(13)	mdh(36)	purA(28)	recA(29)
data/genomes/562.100411.fna.gz	ecoli_achtman_4	1086	adk(6)	fumC(4)	gyrB(32)	icd(185)	mdh(24)	purA(13)	recA(7)
data/genomes/562.100361.fna.gz	ecoli_achtman_4	131	adk(53)	fumC(40)	gyrB(47)	icd(13)	mdh(36)	purA(28)	recA(29)
data/genomes/562.100560.fna.gz	ecoli_achtman_4	1193	adk(14)	fumC(14)	gyrB(10)	icd(200)	mdh(17)	purA(7)	recA(10)
data/genomes/562.100461.fna.gz	ecoli_achtman_4	95	adk(37)	fumC(38)	gyrB(19)	icd(37)	mdh(17)	purA(11)	recA(26)
data/genomes/562.100310.fna.gz	ecoli_achtman_4	95	adk(37)	fumC(38)	gyrB(19)	icd(37)	mdh(17)	purA(11)	recA(26)
data/genomes/562.100511.fna.gz	ecoli_achtman_4	1147	adk(6)	fumC(4)	gyrB(4)	icd(18)	mdh(135)	purA(7)	recA(6)
data/genomes/562.100412.fna.gz	ecoli_achtman_4	10	adk(10)	fumC(11)	gyrB(4)	icd(8)	mdh(8)	purA(8)	recA(2)
data/genomes/562.100362.fna.gz	ecoli_achtman_4	131	adk(53)	fumC(40)	gyrB(47)	icd(13)	mdh(36)	purA(28)	recA(29)
data/genomes/562.100561.fna.gz	ecoli_achtman_4	69	adk(21)	fumC(35)	gyrB(27)	icd(6)	mdh(5)	purA(5)	recA(4)
data/genomes/562.100462.fna.gz	ecoli_achtman_4	409	adk(10)	fumC(11)	gyrB(1)	icd(1)	mdh(71)	purA(8)	recA(6)
data/genomes/562.100311.fna.gz	ecoli_achtman_4	95	adk(37)	fumC(38)	gyrB(19)	icd(37)	mdh(17)	purA(11)	recA(26)
data/genomes/562.100512.fna.gz	ecoli_achtman_4	73	adk(36)	fumC(24)	gyrB(9)	icd(13)	mdh(17)	purA(11)	recA(25)
data/genomes/562.100363.fna.gz	ecoli_achtman_4	357	adk(13)	fumC(40)	gyrB(13)	icd(13)	mdh(23)	purA(25)	recA(66)
data/genomes/562.100413.fna.gz	ecoli_achtman_4	95	adk(37)	fumC(38)	gyrB(19)	icd(37)	mdh(17)	purA(11)	recA(26)
data/genomes/562.100562.fna.gz	ecoli_achtman_4	73	adk(36)	fumC(24)	gyrB(9)	icd(13)	mdh(17)	purA(11)	recA(25)
data/genomes/562.100463.fna.gz	ecoli_achtman_4	73	adk(36)	fumC(24)	gyrB(9)	icd(13)	mdh(17)	purA(11)	recA(25)
data/genomes/562.100312.fna.gz	ecoli_achtman_4	372	adk(88)	fumC(103)	gyrB(19)	icd(36)	mdh(23)	purA(44)	recA(26)
data/genomes/562.100364.fna.gz	ecoli_achtman_4	69	adk(21)	fumC(35)	gyrB(27)	icd(6)	mdh(5)	purA(5)	recA(4)
data/genomes/562.100513.fna.gz	ecoli_achtman_4	95	adk(37)	fumC(38)	gyrB(19)	icd(37)	mdh(17)	purA(11)	recA(26)
data/genomes/562.100414.fna.gz	ecoli_achtman_4	73	adk(36)	fumC(24)	gyrB(9)	icd(13)	mdh(17)	purA(11)	recA(25)
data/genomes/562.100563.fna.gz	ecoli_achtman_4	1193	adk(14)	fumC(14)	gyrB(10)	icd(200)	mdh(17)	purA(7)	recA(10)
data/genomes/562.100464.fna.gz	ecoli_achtman_4	95	adk(37)	fumC(38)	gyrB(19)	icd(37)	mdh(17)	purA(11)	recA(26)
data/genomes/562.100313.fna.gz	ecoli_achtman_4	69	adk(21)	fumC(35)	gyrB(27)	icd(6)	mdh(5)	purA(5)	recA(4)
data/genomes/562.100365.fna.gz	ecoli_achtman_4	95	adk(37)	fumC(38)	gyrB(19)	icd(37)	mdh(17)	purA(11)	recA(26)
data/genomes/562.100514.fna.gz	ecoli_achtman_4	117	adk(20)	fumC(45)	gyrB(41)	icd(43)	mdh(5)	purA(32)	recA(2)
data/genomes/562.100564.fna.gz	ecoli_achtman_4	88	adk(6)	fumC(4)	gyrB(12)	icd(1)	mdh(20)	purA(12)	recA(7)
data/genomes/562.100415.fna.gz	ecoli_achtman_4	73	adk(36)	fumC(24)	gyrB(9)	icd(13)	mdh(17)	purA(11)	recA(25)
data/genomes/562.100465.fna.gz	ecoli_achtman_4	73	adk(36)	fumC(24)	gyrB(9)	icd(13)	mdh(17)	purA(11)	recA(25)
data/genomes/562.100366.fna.gz	ecoli_achtman_4	73	adk(36)	fumC(24)	gyrB(9)	icd(13)	mdh(17)	purA(11)	recA(25)
data/genomes/562.100515.fna.gz	ecoli_achtman_4	69	adk(21)	fumC(35)	gyrB(27)	icd(6)	mdh(5)	purA(5)	recA(4)
data/genomes/562.100314.fna.gz	ecoli_achtman_4	95	adk(37)	fumC(38)	gyrB(19)	icd(37)	mdh(17)	purA(11)	recA(26)
data/genomes/562.100565.fna.gz	ecoli_achtman_4	131	adk(53)	fumC(40)	gyrB(47)	icd(13)	mdh(36)	purA(28)	recA(29)
data/genomes/562.100416.fna.gz	ecoli_achtman_4	69	adk(21)	fumC(35)	gyrB(27)	icd(6)	mdh(5)	purA(5)	recA(4)
data/genomes/562.100466.fna.gz	ecoli_achtman_4	28	adk(13)	fumC(21)	gyrB(13)	icd(22)	mdh(17)	purA(14)	recA(15)
data/genomes/562.100367.fna.gz	ecoli_achtman_4	95	adk(37)	fumC(38)	gyrB(19)	icd(37)	mdh(17)	purA(11)	recA(26)
data/genomes/562.100315.fna.gz	ecoli_achtman_4	12	adk(13)	fumC(13)	gyrB(9)	icd(13)	mdh(16)	purA(10)	recA(9)
data/genomes/562.100516.fna.gz	ecoli_achtman_4	362	adk(62)	fumC(100)	gyrB(17)	icd(31)	mdh(5)	purA(5)	recA(4)
data/genomes/562.100417.fna.gz	ecoli_achtman_4	73	adk(36)	fumC(24)	gyrB(9)	icd(13)	mdh(17)	purA(11)	recA(25)
data/genomes/562.100566.fna.gz	ecoli_achtman_4	91	adk(13)	fumC(40)	gyrB(34)	icd(13)	mdh(23)	purA(28)	recA(30)
data/genomes/562.100467.fna.gz	ecoli_achtman_4	73	adk(36)	fumC(24)	gyrB(9)	icd(13)	mdh(17)	purA(11)	recA(25)
data/genomes/562.100368.fna.gz	ecoli_achtman_4	73	adk(36)	fumC(24)	gyrB(9)	icd(13)	mdh(17)	purA(11)	recA(25)
data/genomes/562.100316.fna.gz	ecoli_achtman_4	59	adk(27)	fumC(32)	gyrB(24)	icd(29)	mdh(26)	purA(19)	recA(22)
data/genomes/562.100517.fna.gz	ecoli_achtman_4	372	adk(88)	fumC(103)	gyrB(19)	icd(36)	mdh(23)	purA(44)	recA(26)
data/genomes/562.100418.fna.gz	ecoli_achtman_4	12	adk(13)	fumC(13)	gyrB(9)	icd(13)	mdh(16)	purA(10)	recA(9)
data/genomes/562.100567.fna.gz	ecoli_achtman_4	10290	adk(21)	fumC(35)	gyrB(922)	icd(6)	mdh(5)	purA(5)	recA(4)
data/genomes/562.100468.fna.gz	ecoli_achtman_4	131	adk(53)	fumC(40)	gyrB(47)	icd(13)	mdh(36)	purA(28)	recA(29)
data/genomes/562.100369.fna.gz	ecoli_achtman_4	69	adk(21)	fumC(35)	gyrB(27)	icd(6)	mdh(5)	purA(5)	recA(4)
data/genomes/562.100317.fna.gz	ecoli_achtman_4	69	adk(21)	fumC(35)	gyrB(27)	icd(6)	mdh(5)	purA(5)	recA(4)
data/genomes/562.100518.fna.gz	ecoli_achtman_4	95	adk(37)	fumC(38)	gyrB(19)	icd(37)	mdh(17)	purA(11)	recA(26)
data/genomes/562.100419.fna.gz	ecoli_achtman_4	95	adk(37)	fumC(38)	gyrB(19)	icd(37)	mdh(17)	purA(11)	recA(26)
data/genomes/562.100568.fna.gz	ecoli_achtman_4	117	adk(20)	fumC(45)	gyrB(41)	icd(43)	mdh(5)	purA(32)	recA(2)
data/genomes/562.100469.fna.gz	ecoli_achtman_4	372	adk(88)	fumC(103)	gyrB(19)	icd(36)	mdh(23)	purA(44)	recA(26)
data/genomes/562.100370.fna.gz	ecoli_achtman_4	28	adk(13)	fumC(21)	gyrB(13)	icd(22)	mdh(17)	purA(14)	recA(15)
data/genomes/562.100318.fna.gz	ecoli_achtman_4	372	adk(88)	fumC(103)	gyrB(19)	icd(36)	mdh(23)	purA(44)	recA(26)
data/genomes/562.100519.fna.gz	ecoli_achtman_4	537	adk(14)	fumC(14)	gyrB(10)	icd(14)	mdh(17)	purA(11)	recA(10)
data/genomes/562.100420.fna.gz	ecoli_achtman_4	131	adk(53)	fumC(40)	gyrB(47)	icd(13)	mdh(36)	purA(28)	recA(29)
data/genomes/562.100569.fna.gz	ecoli_achtman_4	73	adk(36)	fumC(24)	gyrB(9)	icd(13)	mdh(17)	purA(11)	recA(25)
data/genomes/562.100470.fna.gz	ecoli_achtman_4	80	adk(13)	fumC(24)	gyrB(19)	icd(14)	mdh(23)	purA(1)	recA(10)
data/genomes/562.100371.fna.gz	ecoli_achtman_4	73	adk(36)	fumC(24)	gyrB(9)	icd(13)	mdh(17)	purA(11)	recA(25)
data/genomes/562.100319.fna.gz	ecoli_achtman_4	968	adk(36)	fumC(24)	gyrB(9)	icd(13)	mdh(17)	purA(128)	recA(25)
data/genomes/562.100520.fna.gz	ecoli_achtman_4	127	adk(13)	fumC(14)	gyrB(19)	icd(36)	mdh(23)	purA(11)	recA(10)
data/genomes/562.100421.fna.gz	ecoli_achtman_4	421	adk(37)	fumC(38)	gyrB(19)	icd(37)	mdh(17)	purA(8)	recA(26)
data/genomes/562.100570.fna.gz	ecoli_achtman_4	69	adk(21)	fumC(35)	gyrB(27)	icd(6)	mdh(5)	purA(5)	recA(4)
data/genomes/562.100471.fna.gz	ecoli_achtman_4	141	adk(13)	fumC(52)	gyrB(10)	icd(14)	mdh(17)	purA(25)	recA(17)
data/genomes/562.100372.fna.gz	ecoli_achtman_4	131	adk(53)	fumC(40)	gyrB(47)	icd(13)	mdh(36)	purA(28)	recA(29)
data/genomes/562.100521.fna.gz	ecoli_achtman_4	58	adk(6)	fumC(4)	gyrB(4)	icd(16)	mdh(24)	purA(8)	recA(14)
data/genomes/562.100320.fna.gz	ecoli_achtman_4	12	adk(13)	fumC(13)	gyrB(9)	icd(13)	mdh(16)	purA(10)	recA(9)
data/genomes/562.100422.fna.gz	ecoli_achtman_4	372	adk(88)	fumC(103)	gyrB(19)	icd(36)	mdh(23)	purA(44)	recA(26)
data/genomes/562.100571.fna.gz	ecoli_achtman_4	428	adk(96)	fumC(40)	gyrB(13)	icd(100)	mdh(23)	purA(28)	recA(66)
data/genomes/562.100472.fna.gz	ecoli_achtman_4	88	adk(6)	fumC(4)	gyrB(12)	icd(1)	mdh(20)	purA(12)	recA(7)
data/genomes/562.100373.fna.gz	ecoli_achtman_4	73	adk(36)	fumC(24)	gyrB(9)	icd(13)	mdh(17)	purA(11)	recA(25)
data/genomes/562.100423.fna.gz	ecoli_achtman_4	404	adk(14)	fumC(14)	gyrB(10)	icd(14)	mdh(17)	purA(7)	recA(74)
data/genomes/562.100321.fna.gz	ecoli_achtman_4	69	adk(21)	fumC(35)	gyrB(27)	icd(6)	mdh(5)	purA(5)	recA(4)
data/genomes/562.100522.fna.gz	ecoli_achtman_4	10414	adk(13)	fumC(14)	gyrB(19)	icd(36)	mdh(23)	purA(803)	recA(10)
data/genomes/562.100572.fna.gz	ecoli_achtman_4	355	adk(36)	fumC(24)	gyrB(10)	icd(13)	mdh(17)	purA(10)	recA(25)
data/genomes/562.100473.fna.gz	ecoli_achtman_4	80	adk(13)	fumC(24)	gyrB(19)	icd(14)	mdh(23)	purA(1)	recA(10)
data/genomes/562.100374.fna.gz	ecoli_achtman_4	1684	adk(10)	fumC(11)	gyrB(5)	icd(10)	mdh(7)	purA(8)	recA(2)
data/genomes/562.100424.fna.gz	ecoli_achtman_4	69	adk(21)	fumC(35)	gyrB(27)	icd(6)	mdh(5)	purA(5)	recA(4)
data/genomes/562.100322.fna.gz	ecoli_achtman_4	12	adk(13)	fumC(13)	gyrB(9)	icd(13)	mdh(16)	purA(10)	recA(9)
data/genomes/562.100523.fna.gz	ecoli_achtman_4	38	adk(4)	fumC(26)	gyrB(2)	icd(25)	mdh(5)	purA(5)	recA(19)
data/genomes/562.100573.fna.gz	ecoli_achtman_4	73	adk(36)	fumC(24)	gyrB(9)	icd(13)	mdh(17)	purA(11)	recA(25)
data/genomes/562.100474.fna.gz	ecoli_achtman_4	69	adk(21)	fumC(35)	gyrB(27)	icd(6)	mdh(5)	purA(5)	recA(4)
data/genomes/562.100425.fna.gz	ecoli_achtman_4	1236	adk(170)	fumC(195)	gyrB(13)	icd(100)	mdh(30)	purA(25)	recA(30)
data/genomes/562.100375.fna.gz	ecoli_achtman_4	131	adk(53)	fumC(40)	gyrB(47)	icd(13)	mdh(36)	purA(28)	recA(29)
data/genomes/562.100323.fna.gz	ecoli_achtman_4	69	adk(21)	fumC(35)	gyrB(27)	icd(6)	mdh(5)	purA(5)	recA(4)
data/genomes/562.100524.fna.gz	ecoli_achtman_4	95	adk(37)	fumC(38)	gyrB(19)	icd(37)	mdh(17)	purA(11)	recA(26)
data/genomes/562.100574.fna.gz	ecoli_achtman_4	69	adk(21)	fumC(35)	gyrB(27)	icd(6)	mdh(5)	purA(5)	recA(4)
data/genomes/562.100475.fna.gz	ecoli_achtman_4	131	adk(53)	fumC(40)	gyrB(47)	icd(13)	mdh(36)	purA(28)	recA(29)
data/genomes/562.100324.fna.gz	ecoli_achtman_4	685	adk(8)	fumC(11)	gyrB(4)	icd(8)	mdh(8)	purA(8)	recA(2)
data/genomes/562.100376.fna.gz	ecoli_achtman_4	646	adk(13)	fumC(96)	gyrB(121)	icd(13)	mdh(17)	purA(11)	recA(10)
data/genomes/562.100525.fna.gz	ecoli_achtman_4	162	adk(9)	fumC(65)	gyrB(5)	icd(1)	mdh(9)	purA(13)	recA(6)
data/genomes/562.100575.fna.gz	ecoli_achtman_4	73	adk(36)	fumC(24)	gyrB(9)	icd(13)	mdh(17)	purA(11)	recA(25)
data/genomes/562.100426.fna.gz	ecoli_achtman_4	95	adk(37)	fumC(38)	gyrB(19)	icd(37)	mdh(17)	purA(11)	recA(26)
data/genomes/562.100476.fna.gz	ecoli_achtman_4	95	adk(37)	fumC(38)	gyrB(19)	icd(37)	mdh(17)	purA(11)	recA(26)
data/genomes/562.100377.fna.gz	ecoli_achtman_4	421	adk(37)	fumC(38)	gyrB(19)	icd(37)	mdh(17)	purA(8)	recA(26)
data/genomes/562.100526.fna.gz	ecoli_achtman_4	131	adk(53)	fumC(40)	gyrB(47)	icd(13)	mdh(36)	purA(28)	recA(29)
data/genomes/562.100325.fna.gz	ecoli_achtman_4	73	adk(36)	fumC(24)	gyrB(9)	icd(13)	mdh(17)	purA(11)	recA(25)
data/genomes/562.100576.fna.gz	ecoli_achtman_4	14	adk(14)	fumC(14)	gyrB(10)	icd(14)	mdh(17)	purA(7)	recA(10)
data/genomes/562.100427.fna.gz	ecoli_achtman_4	131	adk(53)	fumC(40)	gyrB(47)	icd(13)	mdh(36)	purA(28)	recA(29)
data/genomes/562.100477.fna.gz	ecoli_achtman_4	95	adk(37)	fumC(38)	gyrB(19)	icd(37)	mdh(17)	purA(11)	recA(26)
data/genomes/562.100378.fna.gz	ecoli_achtman_4	141	adk(13)	fumC(52)	gyrB(10)	icd(14)	mdh(17)	purA(25)	recA(17)
data/genomes/562.100527.fna.gz	ecoli_achtman_4	428	adk(96)	fumC(40)	gyrB(13)	icd(100)	mdh(23)	purA(28)	recA(66)
data/genomes/562.100326.fna.gz	ecoli_achtman_4	141	adk(13)	fumC(52)	gyrB(10)	icd(14)	mdh(17)	purA(25)	recA(17)
data/genomes/562.100577.fna.gz	ecoli_achtman_4	144	adk(13)	fumC(43)	gyrB(9)	icd(36)	mdh(30)	purA(44)	recA(25)
data/genomes/562.100428.fna.gz	ecoli_achtman_4	996	adk(13)	fumC(190)	gyrB(19)	icd(36)	mdh(23)	purA(11)	recA(10)
data/genomes/562.100478.fna.gz	ecoli_achtman_4	10	adk(10)	fumC(11)	gyrB(4)	icd(8)	mdh(8)	purA(8)	recA(2)
data/genomes/562.100379.fna.gz	ecoli_achtman_4	73	adk(36)	fumC(24)	gyrB(9)	icd(13)	mdh(17)	purA(11)	recA(25)
data/genomes/562.100327.fna.gz	ecoli_achtman_4	69	adk(21)	fumC(35)	gyrB(27)	icd(6)	mdh(5)	purA(5)	recA(4)
data/genomes/562.100528.fna.gz	ecoli_achtman_4	550	adk(14)	fumC(14)	gyrB(10)	icd(14)	mdh(17)	purA(92)	recA(10)
data/genomes/562.100578.fna.gz	ecoli_achtman_4	421	adk(37)	fumC(38)	gyrB(19)	icd(37)	mdh(17)	purA(8)	recA(26)
data/genomes/562.100429.fna.gz	ecoli_achtman_4	131	adk(53)	fumC(40)	gyrB(47)	icd(13)	mdh(36)	purA(28)	recA(29)
data/genomes/562.100479.fna.gz	ecoli_achtman_4	69	adk(21)	fumC(35)	gyrB(27)	icd(6)	mdh(5)	purA(5)	recA(4)
data/genomes/562.100380.fna.gz	ecoli_achtman_4	1441	adk(13)	fumC(43)	gyrB(19)	icd(36)	mdh(17)	purA(37)	recA(28)
data/genomes/562.100328.fna.gz	ecoli_achtman_4	117	adk(20)	fumC(45)	gyrB(41)	icd(43)	mdh(5)	purA(32)	recA(2)
data/genomes/562.100579.fna.gz	ecoli_achtman_4	95	adk(37)	fumC(38)	gyrB(19)	icd(37)	mdh(17)	purA(11)	recA(26)
data/genomes/562.100529.fna.gz	ecoli_achtman_4	428	adk(96)	fumC(40)	gyrB(13)	icd(100)	mdh(23)	purA(28)	recA(66)
data/genomes/562.100430.fna.gz	ecoli_achtman_4	218	adk(10)	fumC(11)	gyrB(4)	icd(12)	mdh(8)	purA(8)	recA(2)
data/genomes/562.100480.fna.gz	ecoli_achtman_4	73	adk(36)	fumC(24)	gyrB(9)	icd(13)	mdh(17)	purA(11)	recA(25)
data/genomes/562.100381.fna.gz	ecoli_achtman_4	141	adk(13)	fumC(52)	gyrB(10)	icd(14)	mdh(17)	purA(25)	recA(17)
data/genomes/562.100580.fna.gz	ecoli_achtman_4	12	adk(13)	fumC(13)	gyrB(9)	icd(13)	mdh(16)	purA(10)	recA(9)
data/genomes/562.100530.fna.gz	ecoli_achtman_4	69	adk(21)	fumC(35)	gyrB(27)	icd(6)	mdh(5)	purA(5)	recA(4)
data/genomes/562.100431.fna.gz	ecoli_achtman_4	73	adk(36)	fumC(24)	gyrB(9)	icd(13)	mdh(17)	purA(11)	recA(25)
data/genomes/562.100329.fna.gz	ecoli_achtman_4	144	adk(13)	fumC(43)	gyrB(9)	icd(36)	mdh(30)	purA(44)	recA(25)
data/genomes/562.100481.fna.gz	ecoli_achtman_4	4358	adk(6)	fumC(11)	gyrB(95)	icd(104)	mdh(8)	purA(8)	recA(2)
data/genomes/562.100382.fna.gz	ecoli_achtman_4	73	adk(36)	fumC(24)	gyrB(9)	icd(13)	mdh(17)	purA(11)	recA(25)
data/genomes/562.100531.fna.gz	ecoli_achtman_4	69	adk(21)	fumC(35)	gyrB(27)	icd(6)	mdh(5)	purA(5)	recA(4)
data/genomes/562.100581.fna.gz	ecoli_achtman_4	127	adk(13)	fumC(14)	gyrB(19)	icd(36)	mdh(23)	purA(11)	recA(10)
data/genomes/562.100432.fna.gz	ecoli_achtman_4	69	adk(21)	fumC(35)	gyrB(27)	icd(6)	mdh(5)	purA(5)	recA(4)
data/genomes/562.100330.fna.gz	ecoli_achtman_4	69	adk(21)	fumC(35)	gyrB(27)	icd(6)	mdh(5)	purA(5)	recA(4)
data/genomes/562.100482.fna.gz	ecoli_achtman_4	101	adk(43)	fumC(41)	gyrB(15)	icd(18)	mdh(11)	purA(7)	recA(6)
data/genomes/562.100383.fna.gz	ecoli_achtman_4	127	adk(13)	fumC(14)	gyrB(19)	icd(36)	mdh(23)	purA(11)	recA(10)
data/genomes/562.100582.fna.gz	ecoli_achtman_4	421	adk(37)	fumC(38)	gyrB(19)	icd(37)	mdh(17)	purA(8)	recA(26)
data/genomes/562.100532.fna.gz	ecoli_achtman_4	10257	adk(49)	fumC(4)	gyrB(44)	icd(9)	mdh(11)	purA(16)	recA(7)
data/genomes/562.100433.fna.gz	ecoli_achtman_4	69	adk(21)	fumC(35)	gyrB(27)	icd(6)	mdh(5)	purA(5)	recA(4)
data/genomes/562.100331.fna.gz	ecoli_achtman_4	131	adk(53)	fumC(40)	gyrB(47)	icd(13)	mdh(36)	purA(28)	recA(29)
data/genomes/562.100483.fna.gz	ecoli_achtman_4	131	adk(53)	fumC(40)	gyrB(47)	icd(13)	mdh(36)	purA(28)	recA(29)
data/genomes/562.100384.fna.gz	ecoli_achtman_4	69	adk(21)	fumC(35)	gyrB(27)	icd(6)	mdh(5)	purA(5)	recA(4)
data/genomes/562.100533.fna.gz	ecoli_achtman_4	131	adk(53)	fumC(40)	gyrB(47)	icd(13)	mdh(36)	purA(28)	recA(29)
data/genomes/562.100434.fna.gz	ecoli_achtman_4	95	adk(37)	fumC(38)	gyrB(19)	icd(37)	mdh(17)	purA(11)	recA(26)
data/genomes/562.100332.fna.gz	ecoli_achtman_4	567	adk(13)	fumC(43)	gyrB(9)	icd(37)	mdh(17)	purA(37)	recA(25)
data/genomes/562.100583.fna.gz	ecoli_achtman_4	131	adk(53)	fumC(40)	gyrB(47)	icd(13)	mdh(36)	purA(28)	recA(29)
data/genomes/562.100484.fna.gz	ecoli_achtman_4	3057	adk(290)	fumC(54)	gyrB(55)	icd(324)	mdh(35)	purA(40)	recA(223)
data/genomes/562.100385.fna.gz	ecoli_achtman_4	69	adk(21)	fumC(35)	gyrB(27)	icd(6)	mdh(5)	purA(5)	recA(4)
data/genomes/562.100534.fna.gz	ecoli_achtman_4	6994	adk(63)	fumC(29)	gyrB(3)	icd(26)	mdh(9)	purA(8)	recA(7)
data/genomes/562.100435.fna.gz	ecoli_achtman_4	405	adk(35)	fumC(37)	gyrB(29)	icd(25)	mdh(4)	purA(5)	recA(73)
data/genomes/562.100333.fna.gz	ecoli_achtman_4	141	adk(13)	fumC(52)	gyrB(10)	icd(14)	mdh(17)	purA(25)	recA(17)
data/genomes/562.100584.fna.gz	ecoli_achtman_4	95	adk(37)	fumC(38)	gyrB(19)	icd(37)	mdh(17)	purA(11)	recA(26)
data/genomes/562.100386.fna.gz	ecoli_achtman_4	131	adk(53)	fumC(40)	gyrB(47)	icd(13)	mdh(36)	purA(28)	recA(29)
data/genomes/562.100485.fna.gz	ecoli_achtman_4	62	adk(28)	fumC(33)	gyrB(25)	icd(29)	mdh(7)	purA(11)	recA(24)
data/genomes/562.100535.fna.gz	ecoli_achtman_4	127	adk(13)	fumC(14)	gyrB(19)	icd(36)	mdh(23)	purA(11)	recA(10)
data/genomes/562.100436.fna.gz	ecoli_achtman_4	919	adk(38)	fumC(24)	gyrB(84)	icd(13)	mdh(17)	purA(30)	recA(34)
data/genomes/562.100334.fna.gz	ecoli_achtman_4	69	adk(21)	fumC(35)	gyrB(27)	icd(6)	mdh(5)	purA(5)	recA(4)
data/genomes/562.100585.fna.gz	ecoli_achtman_4	14	adk(14)	fumC(14)	gyrB(10)	icd(14)	mdh(17)	purA(7)	recA(10)
data/genomes/562.100486.fna.gz	ecoli_achtman_4	1193	adk(14)	fumC(14)	gyrB(10)	icd(200)	mdh(17)	purA(7)	recA(10)
data/genomes/562.100387.fna.gz	ecoli_achtman_4	73	adk(36)	fumC(24)	gyrB(9)	icd(13)	mdh(17)	purA(11)	recA(25)
data/genomes/562.100536.fna.gz	ecoli_achtman_4	538	adk(13)	fumC(40)	gyrB(19)	icd(13)	mdh(36)	purA(28)	recA(30)
data/genomes/562.100437.fna.gz	ecoli_achtman_4	10	adk(10)	fumC(11)	gyrB(4)	icd(8)	mdh(8)	purA(8)	recA(2)
data/genomes/562.100335.fna.gz	ecoli_achtman_4	69	adk(21)	fumC(35)	gyrB(27)	icd(6)	mdh(5)	purA(5)	recA(4)
data/genomes/562.100586.fna.gz	ecoli_achtman_4	14	adk(14)	fumC(14)	gyrB(10)	icd(14)	mdh(17)	purA(7)	recA(10)
data/genomes/562.100487.fna.gz	ecoli_achtman_4	2619	adk(37)	fumC(38)	gyrB(286)	icd(37)	mdh(17)	purA(11)	recA(26)
data/genomes/562.100537.fna.gz	ecoli_achtman_4	136	adk(38)	fumC(39)	gyrB(30)	icd(13)	mdh(17)	purA(11)	recA(28)
data/genomes/562.100438.fna.gz	ecoli_achtman_4	69	adk(21)	fumC(35)	gyrB(27)	icd(6)	mdh(5)	purA(5)	recA(4)
data/genomes/562.100388.fna.gz	ecoli_achtman_4	131	adk(53)	fumC(40)	gyrB(47)	icd(13)	mdh(36)	purA(28)	recA(29)
data/genomes/562.100336.fna.gz	ecoli_achtman_4	12	adk(13)	fumC(13)	gyrB(9)	icd(13)	mdh(16)	purA(10)	recA(9)
data/genomes/562.100587.fna.gz	ecoli_achtman_4	131	adk(53)	fumC(40)	gyrB(47)	icd(13)	mdh(36)	purA(28)	recA(29)
data/genomes/562.100488.fna.gz	ecoli_achtman_4	131	adk(53)	fumC(40)	gyrB(47)	icd(13)	mdh(36)	purA(28)	recA(29)
data/genomes/562.100538.fna.gz	ecoli_achtman_4	538	adk(13)	fumC(40)	gyrB(19)	icd(13)	mdh(36)	purA(28)	recA(30)
data/genomes/562.100389.fna.gz	ecoli_achtman_4	538	adk(13)	fumC(40)	gyrB(19)	icd(13)	mdh(36)	purA(28)	recA(30)
data/genomes/562.100439.fna.gz	ecoli_achtman_4	1115	adk(6)	fumC(196)	gyrB(1)	icd(91)	mdh(8)	purA(8)	recA(2)
data/genomes/562.100337.fna.gz	ecoli_achtman_4	10	adk(10)	fumC(11)	gyrB(4)	icd(8)	mdh(8)	purA(8)	recA(2)
data/genomes/562.100588.fna.gz	ecoli_achtman_4	12	adk(13)	fumC(13)	gyrB(9)	icd(13)	mdh(16)	purA(10)	recA(9)
data/genomes/562.100489.fna.gz	ecoli_achtman_4	1706	adk(6)	fumC(29)	gyrB(12)	icd(16)	mdh(11)	purA(8)	recA(6)
data/genomes/562.100390.fna.gz	ecoli_achtman_4	3203	adk(6)	fumC(11)	gyrB(4)	icd(8)	mdh(276)	purA(8)	recA(2)
data/genomes/562.100539.fna.gz	ecoli_achtman_4	73	adk(36)	fumC(24)	gyrB(9)	icd(13)	mdh(17)	purA(11)	recA(25)
data/genomes/562.100440.fna.gz	ecoli_achtman_4	88	adk(6)	fumC(4)	gyrB(12)	icd(1)	mdh(20)	purA(12)	recA(7)
data/genomes/562.100338.fna.gz	ecoli_achtman_4	537	adk(14)	fumC(14)	gyrB(10)	icd(14)	mdh(17)	purA(11)	recA(10)
data/genomes/562.100589.fna.gz	ecoli_achtman_4	504	adk(76)	fumC(43)	gyrB(9)	icd(36)	mdh(17)	purA(14)	recA(10)
data/genomes/562.100490.fna.gz	ecoli_achtman_4	58	adk(6)	fumC(4)	gyrB(4)	icd(16)	mdh(24)	purA(8)	recA(14)
data/genomes/562.100391.fna.gz	ecoli_achtman_4	95	adk(37)	fumC(38)	gyrB(19)	icd(37)	mdh(17)	purA(11)	recA(26)
data/genomes/562.100540.fna.gz	ecoli_achtman_4	224	adk(6)	fumC(4)	gyrB(33)	icd(16)	mdh(11)	purA(8)	recA(6)
data/genomes/562.100339.fna.gz	ecoli_achtman_4	73	adk(36)	fumC(24)	gyrB(9)	icd(13)	mdh(17)	purA(11)	recA(25)
data/genomes/562.100441.fna.gz	ecoli_achtman_4	141	adk(13)	fumC(52)	gyrB(10)	icd(14)	mdh(17)	purA(25)	recA(17)
data/genomes/562.100590.fna.gz	ecoli_achtman_4	12	adk(13)	fumC(13)	gyrB(9)	icd(13)	mdh(16)	purA(10)	recA(9)
data/genomes/562.100491.fna.gz	ecoli_achtman_4	12	adk(13)	fumC(13)	gyrB(9)	icd(13)	mdh(16)	purA(10)	recA(9)
data/genomes/562.100392.fna.gz	ecoli_achtman_4	1444	adk(13)	fumC(96)	gyrB(10)	icd(13)	mdh(17)	purA(25)	recA(25)
data/genomes/562.100541.fna.gz	ecoli_achtman_4	131	adk(53)	fumC(40)	gyrB(47)	icd(13)	mdh(36)	purA(28)	recA(29)
data/genomes/562.100340.fna.gz	ecoli_achtman_4	69	adk(21)	fumC(35)	gyrB(27)	icd(6)	mdh(5)	purA(5)	recA(4)
data/genomes/562.100442.fna.gz	ecoli_achtman_4	69	adk(21)	fumC(35)	gyrB(27)	icd(6)	mdh(5)	purA(5)	recA(4)
data/genomes/562.100591.fna.gz	ecoli_achtman_4	126	adk(13)	fumC(43)	gyrB(19)	icd(37)	mdh(17)	purA(25)	recA(25)
data/genomes/562.100492.fna.gz	ecoli_achtman_4	23	adk(6)	fumC(4)	gyrB(12)	icd(1)	mdh(20)	purA(13)	recA(7)
data/genomes/562.100393.fna.gz	ecoli_achtman_4	69	adk(21)	fumC(35)	gyrB(27)	icd(6)	mdh(5)	purA(5)	recA(4)
data/genomes/562.100341.fna.gz	ecoli_achtman_4	95	adk(37)	fumC(38)	gyrB(19)	icd(37)	mdh(17)	purA(11)	recA(26)
data/genomes/562.100443.fna.gz	ecoli_achtman_4	538	adk(13)	fumC(40)	gyrB(19)	icd(13)	mdh(36)	purA(28)	recA(30)
data/genomes/562.100542.fna.gz	ecoli_achtman_4	12	adk(13)	fumC(13)	gyrB(9)	icd(13)	mdh(16)	purA(10)	recA(9)
data/genomes/562.100592.fna.gz	ecoli_achtman_4	648	adk(92)	fumC(4)	gyrB(87)	icd(96)	mdh(70)	purA(58)	recA(2)
data/genomes/562.100493.fna.gz	ecoli_achtman_4	2673	adk(6)	fumC(4)	gyrB(12)	icd(1)	mdh(253)	purA(13)	recA(7)
data/genomes/562.100394.fna.gz	ecoli_achtman_4	88	adk(6)	fumC(4)	gyrB(12)	icd(1)	mdh(20)	purA(12)	recA(7)
data/genomes/562.100444.fna.gz	ecoli_achtman_4	69	adk(21)	fumC(35)	gyrB(27)	icd(6)	mdh(5)	purA(5)	recA(4)
data/genomes/562.100543.fna.gz	ecoli_achtman_4	10	adk(10)	fumC(11)	gyrB(4)	icd(8)	mdh(8)	purA(8)	recA(2)
data/genomes/562.100342.fna.gz	ecoli_achtman_4	127	adk(13)	fumC(14)	gyrB(19)	icd(36)	mdh(23)	purA(11)	recA(10)
data/genomes/562.100593.fna.gz	ecoli_achtman_4	1441	adk(13)	fumC(43)	gyrB(19)	icd(36)	mdh(17)	purA(37)	recA(28)
data/genomes/562.100494.fna.gz	ecoli_achtman_4	95	adk(37)	fumC(38)	gyrB(19)	icd(37)	mdh(17)	purA(11)	recA(26)
data/genomes/562.100544.fna.gz	ecoli_achtman_4	69	adk(21)	fumC(35)	gyrB(27)	icd(6)	mdh(5)	purA(5)	recA(4)
data/genomes/562.100445.fna.gz	ecoli_achtman_4	1193	adk(14)	fumC(14)	gyrB(10)	icd(200)	mdh(17)	purA(7)	recA(10)
data/genomes/562.100395.fna.gz	ecoli_achtman_4	69	adk(21)	fumC(35)	gyrB(27)	icd(6)	mdh(5)	purA(5)	recA(4)
data/genomes/562.100343.fna.gz	ecoli_achtman_4	131	adk(53)	fumC(40)	gyrB(47)	icd(13)	mdh(36)	purA(28)	recA(29)
data/genomes/562.100594.fna.gz	ecoli_achtman_4	919	adk(38)	fumC(24)	gyrB(84)	icd(13)	mdh(17)	purA(30)	recA(34)
data/genomes/562.100495.fna.gz	ecoli_achtman_4	69	adk(21)	fumC(35)	gyrB(27)	icd(6)	mdh(5)	purA(5)	recA(4)
data/genomes/562.100446.fna.gz	ecoli_achtman_4	58	adk(6)	fumC(4)	gyrB(4)	icd(16)	mdh(24)	purA(8)	recA(14)
data/genomes/562.100545.fna.gz	ecoli_achtman_4	62	adk(28)	fumC(33)	gyrB(25)	icd(29)	mdh(7)	purA(11)	recA(24)
data/genomes/562.100396.fna.gz	ecoli_achtman_4	131	adk(53)	fumC(40)	gyrB(47)	icd(13)	mdh(36)	purA(28)	recA(29)
data/genomes/562.100344.fna.gz	ecoli_achtman_4	224	adk(6)	fumC(4)	gyrB(33)	icd(16)	mdh(11)	purA(8)	recA(6)
data/genomes/562.100595.fna.gz	ecoli_achtman_4	95	adk(37)	fumC(38)	gyrB(19)	icd(37)	mdh(17)	purA(11)	recA(26)
data/genomes/562.100496.fna.gz	ecoli_achtman_4	73	adk(36)	fumC(24)	gyrB(9)	icd(13)	mdh(17)	purA(11)	recA(25)
data/genomes/562.100447.fna.gz	ecoli_achtman_4	127	adk(13)	fumC(14)	gyrB(19)	icd(36)	mdh(23)	purA(11)	recA(10)
data/genomes/562.100546.fna.gz	ecoli_achtman_4	69	adk(21)	fumC(35)	gyrB(27)	icd(6)	mdh(5)	purA(5)	recA(4)
data/genomes/562.100345.fna.gz	ecoli_achtman_4	59	adk(27)	fumC(32)	gyrB(24)	icd(29)	mdh(26)	purA(19)	recA(22)
data/genomes/562.100397.fna.gz	ecoli_achtman_4	69	adk(21)	fumC(35)	gyrB(27)	icd(6)	mdh(5)	purA(5)	recA(4)
data/genomes/562.100596.fna.gz	ecoli_achtman_4	95	adk(37)	fumC(38)	gyrB(19)	icd(37)	mdh(17)	purA(11)	recA(26)
data/genomes/562.100497.fna.gz	ecoli_achtman_4	131	adk(53)	fumC(40)	gyrB(47)	icd(13)	mdh(36)	purA(28)	recA(29)
data/genomes/562.100448.fna.gz	ecoli_achtman_4	83	adk(13)	fumC(38)	gyrB(19)	icd(13)	mdh(30)	purA(25)	recA(29)
data/genomes/562.100547.fna.gz	ecoli_achtman_4	10	adk(10)	fumC(11)	gyrB(4)	icd(8)	mdh(8)	purA(8)	recA(2)
data/genomes/562.100398.fna.gz	ecoli_achtman_4	73	adk(36)	fumC(24)	gyrB(9)	icd(13)	mdh(17)	purA(11)	recA(25)
data/genomes/562.100597.fna.gz	ecoli_achtman_4	73	adk(36)	fumC(24)	gyrB(9)	icd(13)	mdh(17)	purA(11)	recA(25)
data/genomes/562.100346.fna.gz	ecoli_achtman_4	73	adk(36)	fumC(24)	gyrB(9)	icd(13)	mdh(17)	purA(11)	recA(25)
data/genomes/562.100449.fna.gz	ecoli_achtman_4	131	adk(53)	fumC(40)	gyrB(47)	icd(13)	mdh(36)	purA(28)	recA(29)
data/genomes/562.100498.fna.gz	ecoli_achtman_4	144	adk(13)	fumC(43)	gyrB(9)	icd(36)	mdh(30)	purA(44)	recA(25)
data/genomes/562.100548.fna.gz	ecoli_achtman_4	95	adk(37)	fumC(38)	gyrB(19)	icd(37)	mdh(17)	purA(11)	recA(26)
data/genomes/562.100399.fna.gz	ecoli_achtman_4	131	adk(53)	fumC(40)	gyrB(47)	icd(13)	mdh(36)	purA(28)	recA(29)
data/genomes/562.100598.fna.gz	ecoli_achtman_4	127	adk(13)	fumC(14)	gyrB(19)	icd(36)	mdh(23)	purA(11)	recA(10)
data/genomes/562.100347.fna.gz	ecoli_achtman_4	1170	adk(13)	fumC(40)	gyrB(19)	icd(13)	mdh(23)	purA(28)	recA(109)
data/genomes/562.100450.fna.gz	ecoli_achtman_4	73	adk(36)	fumC(24)	gyrB(9)	icd(13)	mdh(17)	purA(11)	recA(25)
data/genomes/562.100499.fna.gz	ecoli_achtman_4	73	adk(36)	fumC(24)	gyrB(9)	icd(13)	mdh(17)	purA(11)	recA(25)
data/genomes/562.100549.fna.gz	ecoli_achtman_4	131	adk(53)	fumC(40)	gyrB(47)	icd(13)	mdh(36)	purA(28)	recA(29)
data/genomes/562.100400.fna.gz	ecoli_achtman_4	10234	adk(34)	fumC(36)	gyrB(39)	icd(87)	mdh(895)	purA(16)	recA(4)
data/genomes/562.100599.fna.gz	ecoli_achtman_4	127	adk(13)	fumC(14)	gyrB(19)	icd(36)	mdh(23)	purA(11)	recA(10)
data/genomes/562.100348.fna.gz	ecoli_achtman_4	69	adk(21)	fumC(35)	gyrB(27)	icd(6)	mdh(5)	purA(5)	recA(4)
data/genomes/562.100500.fna.gz	ecoli_achtman_4	73	adk(36)	fumC(24)	gyrB(9)	icd(13)	mdh(17)	purA(11)	recA(25)
data/genomes/562.100451.fna.gz	ecoli_achtman_4	141	adk(13)	fumC(52)	gyrB(10)	icd(14)	mdh(17)	purA(25)	recA(17)
data/genomes/562.100550.fna.gz	ecoli_achtman_4	73	adk(36)	fumC(24)	gyrB(9)	icd(13)	mdh(17)	purA(11)	recA(25)
data/genomes/562.100401.fna.gz	ecoli_achtman_4	131	adk(53)	fumC(40)	gyrB(47)	icd(13)	mdh(36)	purA(28)	recA(29)
data/genomes/562.100349.fna.gz	ecoli_achtman_4	362	adk(62)	fumC(100)	gyrB(17)	icd(31)	mdh(5)	purA(5)	recA(4)
data/genomes/562.100600.fna.gz	ecoli_achtman_4	95	adk(37)	fumC(38)	gyrB(19)	icd(37)	mdh(17)	purA(11)	recA(26)
data/genomes/562.100501.fna.gz	ecoli_achtman_4	131	adk(53)	fumC(40)	gyrB(47)	icd(13)	mdh(36)	purA(28)	recA(29)
data/genomes/562.100551.fna.gz	ecoli_achtman_4	73	adk(36)	fumC(24)	gyrB(9)	icd(13)	mdh(17)	purA(11)	recA(25)
data/genomes/562.100602.fna.gz	ecoli_achtman_4	141	adk(13)	fumC(52)	gyrB(10)	icd(14)	mdh(17)	purA(25)	recA(17)
data/genomes/562.100652.fna.gz	ecoli_achtman_4	73	adk(36)	fumC(24)	gyrB(9)	icd(13)	mdh(17)	purA(11)	recA(25)
data/genomes/562.100601.fna.gz	ecoli_achtman_4	141	adk(13)	fumC(52)	gyrB(10)	icd(14)	mdh(17)	purA(25)	recA(17)
data/genomes/562.100702.fna.gz	ecoli_achtman_4	95	adk(37)	fumC(38)	gyrB(19)	icd(37)	mdh(17)	purA(11)	recA(26)
data/genomes/562.100752.fna.gz	ecoli_achtman_4	38	adk(4)	fumC(26)	gyrB(2)	icd(25)	mdh(5)	purA(5)	recA(19)
data/genomes/562.100603.fna.gz	ecoli_achtman_4	58	adk(6)	fumC(4)	gyrB(4)	icd(16)	mdh(24)	purA(8)	recA(14)
data/genomes/562.100653.fna.gz	ecoli_achtman_4	131	adk(53)	fumC(40)	gyrB(47)	icd(13)	mdh(36)	purA(28)	recA(29)
data/genomes/562.100802.fna.gz	ecoli_achtman_4	131	adk(53)	fumC(40)	gyrB(47)	icd(13)	mdh(36)	purA(28)	recA(29)
data/genomes/562.100852.fna.gz	ecoli_achtman_4	453	adk(99)	fumC(6)	gyrB(33)	icd(33)	mdh(24)	purA(8)	recA(7)
data/genomes/562.100703.fna.gz	ecoli_achtman_4	398	adk(64)	fumC(7)	gyrB(1)	icd(1)	mdh(8)	purA(8)	recA(6)
data/genomes/562.100753.fna.gz	ecoli_achtman_4	95	adk(37)	fumC(38)	gyrB(19)	icd(37)	mdh(17)	purA(11)	recA(26)
data/genomes/562.100604.fna.gz	ecoli_achtman_4	95	adk(37)	fumC(38)	gyrB(19)	icd(37)	mdh(17)	purA(11)	recA(26)
data/genomes/562.100654.fna.gz	ecoli_achtman_4	144	adk(13)	fumC(43)	gyrB(9)	icd(36)	mdh(30)	purA(44)	recA(25)
data/genomes/562.100803.fna.gz	ecoli_achtman_4	131	adk(53)	fumC(40)	gyrB(47)	icd(13)	mdh(36)	purA(28)	recA(29)
data/genomes/562.100853.fna.gz	ecoli_achtman_4	372	adk(88)	fumC(103)	gyrB(19)	icd(36)	mdh(23)	purA(44)	recA(26)
data/genomes/562.100704.fna.gz	ecoli_achtman_4	1193	adk(14)	fumC(14)	gyrB(10)	icd(200)	mdh(17)	purA(7)	recA(10)
data/genomes/562.100754.fna.gz	ecoli_achtman_4	10252	adk(13)	fumC(13)	gyrB(9)	icd(13)	mdh(16)	purA(776)	recA(9)
data/genomes/562.100605.fna.gz	ecoli_achtman_4	131	adk(53)	fumC(40)	gyrB(47)	icd(13)	mdh(36)	purA(28)	recA(29)
data/genomes/562.100655.fna.gz	ecoli_achtman_4	69	adk(21)	fumC(35)	gyrB(27)	icd(6)	mdh(5)	purA(5)	recA(4)
data/genomes/562.100804.fna.gz	ecoli_achtman_4	73	adk(36)	fumC(24)	gyrB(9)	icd(13)	mdh(17)	purA(11)	recA(25)
data/genomes/562.100854.fna.gz	ecoli_achtman_4	95	adk(37)	fumC(38)	gyrB(19)	icd(37)	mdh(17)	purA(11)	recA(26)
data/genomes/562.100705.fna.gz	ecoli_achtman_4	69	adk(21)	fumC(35)	gyrB(27)	icd(6)	mdh(5)	purA(5)	recA(4)
data/genomes/562.100755.fna.gz	ecoli_achtman_4	131	adk(53)	fumC(40)	gyrB(47)	icd(13)	mdh(36)	purA(28)	recA(29)
data/genomes/562.100606.fna.gz	ecoli_achtman_4	95	adk(37)	fumC(38)	gyrB(19)	icd(37)	mdh(17)	purA(11)	recA(26)
data/genomes/562.100656.fna.gz	ecoli_achtman_4	101	adk(43)	fumC(41)	gyrB(15)	icd(18)	mdh(11)	purA(7)	recA(6)
data/genomes/562.100805.fna.gz	ecoli_achtman_4	538	adk(13)	fumC(40)	gyrB(19)	icd(13)	mdh(36)	purA(28)	recA(30)
data/genomes/562.100855.fna.gz	ecoli_achtman_4	131	adk(53)	fumC(40)	gyrB(47)	icd(13)	mdh(36)	purA(28)	recA(29)
data/genomes/562.100706.fna.gz	ecoli_achtman_4	350	adk(6)	fumC(31)	gyrB(83)	icd(28)	mdh(1)	purA(1)	recA(2)
data/genomes/562.100756.fna.gz	ecoli_achtman_4	14	adk(14)	fumC(14)	gyrB(10)	icd(14)	mdh(17)	purA(7)	recA(10)
data/genomes/562.100607.fna.gz	ecoli_achtman_4	95	adk(37)	fumC(38)	gyrB(19)	icd(37)	mdh(17)	purA(11)	recA(26)
data/genomes/562.100657.fna.gz	ecoli_achtman_4	95	adk(37)	fumC(38)	gyrB(19)	icd(37)	mdh(17)	purA(11)	recA(26)
data/genomes/562.100806.fna.gz	ecoli_achtman_4	69	adk(21)	fumC(35)	gyrB(27)	icd(6)	mdh(5)	purA(5)	recA(4)
data/genomes/562.100856.fna.gz	ecoli_achtman_4	3520	adk(9)	fumC(4)	gyrB(22)	icd(1)	mdh(24)	purA(13)	recA(156)
data/genomes/562.100707.fna.gz	ecoli_achtman_4	131	adk(53)	fumC(40)	gyrB(47)	icd(13)	mdh(36)	purA(28)	recA(29)
data/genomes/562.100757.fna.gz	ecoli_achtman_4	95	adk(37)	fumC(38)	gyrB(19)	icd(37)	mdh(17)	purA(11)	recA(26)
data/genomes/562.100608.fna.gz	ecoli_achtman_4	73	adk(36)	fumC(24)	gyrB(9)	icd(13)	mdh(17)	purA(11)	recA(25)
data/genomes/562.100658.fna.gz	ecoli_achtman_4	95	adk(37)	fumC(38)	gyrB(19)	icd(37)	mdh(17)	purA(11)	recA(26)
data/genomes/562.100807.fna.gz	ecoli_achtman_4	357	adk(13)	fumC(40)	gyrB(13)	icd(13)	mdh(23)	purA(25)	recA(66)
data/genomes/562.100857.fna.gz	ecoli_achtman_4	69	adk(21)	fumC(35)	gyrB(27)	icd(6)	mdh(5)	purA(5)	recA(4)
data/genomes/562.100708.fna.gz	ecoli_achtman_4	14	adk(14)	fumC(14)	gyrB(10)	icd(14)	mdh(17)	purA(7)	recA(10)
data/genomes/562.100758.fna.gz	ecoli_achtman_4	1727	adk(6)	fumC(19)	gyrB(3)	icd(16)	mdh(11)	purA(8)	recA(6)
data/genomes/562.100609.fna.gz	ecoli_achtman_4	95	adk(37)	fumC(38)	gyrB(19)	icd(37)	mdh(17)	purA(11)	recA(26)
data/genomes/562.100808.fna.gz	ecoli_achtman_4	73	adk(36)	fumC(24)	gyrB(9)	icd(13)	mdh(17)	purA(11)	recA(25)
data/genomes/562.100858.fna.gz	ecoli_achtman_4	2211	adk(10)	fumC(11)	gyrB(4)	icd(8)	mdh(96)	purA(8)	recA(2)
data/genomes/562.100659.fna.gz	ecoli_achtman_4	357	adk(13)	fumC(40)	gyrB(13)	icd(13)	mdh(23)	purA(25)	recA(66)
data/genomes/562.100709.fna.gz	ecoli_achtman_4	681	adk(38)	fumC(39)	gyrB(30)	icd(13)	mdh(17)	purA(25)	recA(28)
data/genomes/562.100759.fna.gz	ecoli_achtman_4	372	adk(88)	fumC(103)	gyrB(19)	icd(36)	mdh(23)	purA(44)	recA(26)
data/genomes/562.100610.fna.gz	ecoli_achtman_4	10409	adk(13)	fumC(24)	gyrB(19)	icd(14)	mdh(23)	purA(801)	recA(10)
data/genomes/562.100809.fna.gz	ecoli_achtman_4	58	adk(6)	fumC(4)	gyrB(4)	icd(16)	mdh(24)	purA(8)	recA(14)
data/genomes/562.100859.fna.gz	ecoli_achtman_4	2211	adk(10)	fumC(11)	gyrB(4)	icd(8)	mdh(96)	purA(8)	recA(2)
data/genomes/562.100660.fna.gz	ecoli_achtman_4	95	adk(37)	fumC(38)	gyrB(19)	icd(37)	mdh(17)	purA(11)	recA(26)
data/genomes/562.100710.fna.gz	ecoli_achtman_4	998	adk(13)	fumC(52)	gyrB(156)	icd(14)	mdh(17)	purA(25)	recA(17)
data/genomes/562.100760.fna.gz	ecoli_achtman_4	73	adk(36)	fumC(24)	gyrB(9)	icd(13)	mdh(17)	purA(11)	recA(25)
data/genomes/562.100611.fna.gz	ecoli_achtman_4	491	adk(13)	fumC(39)	gyrB(19)	icd(36)	mdh(30)	purA(14)	recA(82)
data/genomes/562.100810.fna.gz	ecoli_achtman_4	131	adk(53)	fumC(40)	gyrB(47)	icd(13)	mdh(36)	purA(28)	recA(29)
data/genomes/562.100661.fna.gz	ecoli_achtman_4	69	adk(21)	fumC(35)	gyrB(27)	icd(6)	mdh(5)	purA(5)	recA(4)
data/genomes/562.100860.fna.gz	ecoli_achtman_4	550	adk(14)	fumC(14)	gyrB(10)	icd(14)	mdh(17)	purA(92)	recA(10)
data/genomes/562.100711.fna.gz	ecoli_achtman_4	357	adk(13)	fumC(40)	gyrB(13)	icd(13)	mdh(23)	purA(25)	recA(66)
data/genomes/562.100761.fna.gz	ecoli_achtman_4	131	adk(53)	fumC(40)	gyrB(47)	icd(13)	mdh(36)	purA(28)	recA(29)
data/genomes/562.100612.fna.gz	ecoli_achtman_4	10256	adk(10)	fumC(11)	gyrB(916)	icd(109)	mdh(7)	purA(8)	recA(2)
data/genomes/562.100811.fna.gz	ecoli_achtman_4	69	adk(21)	fumC(35)	gyrB(27)	icd(6)	mdh(5)	purA(5)	recA(4)
data/genomes/562.100662.fna.gz	ecoli_achtman_4	10258	adk(1011)	fumC(37)	gyrB(29)	icd(25)	mdh(4)	purA(5)	recA(73)
data/genomes/562.100861.fna.gz	ecoli_achtman_4	38	adk(4)	fumC(26)	gyrB(2)	icd(25)	mdh(5)	purA(5)	recA(19)
data/genomes/562.100712.fna.gz	ecoli_achtman_4	372	adk(88)	fumC(103)	gyrB(19)	icd(36)	mdh(23)	purA(44)	recA(26)
data/genomes/562.100762.fna.gz	ecoli_achtman_4	348	adk(6)	fumC(29)	gyrB(32)	icd(16)	mdh(11)	purA(8)	recA(14)
data/genomes/562.100613.fna.gz	ecoli_achtman_4	405	adk(35)	fumC(37)	gyrB(29)	icd(25)	mdh(4)	purA(5)	recA(73)
data/genomes/562.100812.fna.gz	ecoli_achtman_4	919	adk(38)	fumC(24)	gyrB(84)	icd(13)	mdh(17)	purA(30)	recA(34)
data/genomes/562.100663.fna.gz	ecoli_achtman_4	88	adk(6)	fumC(4)	gyrB(12)	icd(1)	mdh(20)	purA(12)	recA(7)
data/genomes/562.100862.fna.gz	ecoli_achtman_4	14	adk(14)	fumC(14)	gyrB(10)	icd(14)	mdh(17)	purA(7)	recA(10)
data/genomes/562.100713.fna.gz	ecoli_achtman_4	162	adk(9)	fumC(65)	gyrB(5)	icd(1)	mdh(9)	purA(13)	recA(6)
data/genomes/562.100763.fna.gz	ecoli_achtman_4	10281	adk(1017)	fumC(38)	gyrB(19)	icd(37)	mdh(17)	purA(8)	recA(26)
data/genomes/562.100614.fna.gz	ecoli_achtman_4	641	adk(9)	fumC(6)	gyrB(33)	icd(131)	mdh(24)	purA(8)	recA(7)
data/genomes/562.100813.fna.gz	ecoli_achtman_4	12	adk(13)	fumC(13)	gyrB(9)	icd(13)	mdh(16)	purA(10)	recA(9)
data/genomes/562.100664.fna.gz	ecoli_achtman_4	117	adk(20)	fumC(45)	gyrB(41)	icd(43)	mdh(5)	purA(32)	recA(2)
data/genomes/562.100714.fna.gz	ecoli_achtman_4	117	adk(20)	fumC(45)	gyrB(41)	icd(43)	mdh(5)	purA(32)	recA(2)
data/genomes/562.100863.fna.gz	ecoli_achtman_4	131	adk(53)	fumC(40)	gyrB(47)	icd(13)	mdh(36)	purA(28)	recA(29)
data/genomes/562.100764.fna.gz	ecoli_achtman_4	10215	adk(170)	fumC(40)	gyrB(93)	icd(1177)	mdh(17)	purA(28)	recA(166)
data/genomes/562.100615.fna.gz	ecoli_achtman_4	69	adk(21)	fumC(35)	gyrB(27)	icd(6)	mdh(5)	purA(5)	recA(4)
data/genomes/562.100814.fna.gz	ecoli_achtman_4	144	adk(13)	fumC(43)	gyrB(9)	icd(36)	mdh(30)	purA(44)	recA(25)
data/genomes/562.100665.fna.gz	ecoli_achtman_4	131	adk(53)	fumC(40)	gyrB(47)	icd(13)	mdh(36)	purA(28)	recA(29)
data/genomes/562.100864.fna.gz	ecoli_achtman_4	93	adk(6)	fumC(11)	gyrB(4)	icd(10)	mdh(7)	purA(8)	recA(6)
data/genomes/562.100715.fna.gz	ecoli_achtman_4	1193	adk(14)	fumC(14)	gyrB(10)	icd(200)	mdh(17)	purA(7)	recA(10)
data/genomes/562.100765.fna.gz	ecoli_achtman_4	12	adk(13)	fumC(13)	gyrB(9)	icd(13)	mdh(16)	purA(10)	recA(9)
data/genomes/562.100616.fna.gz	ecoli_achtman_4	59	adk(27)	fumC(32)	gyrB(24)	icd(29)	mdh(26)	purA(19)	recA(22)
data/genomes/562.100815.fna.gz	ecoli_achtman_4	95	adk(37)	fumC(38)	gyrB(19)	icd(37)	mdh(17)	purA(11)	recA(26)
data/genomes/562.100666.fna.gz	ecoli_achtman_4	10405	adk(53)	fumC(40)	gyrB(47)	icd(13)	mdh(36)	purA(799)	recA(29)
data/genomes/562.100716.fna.gz	ecoli_achtman_4	73	adk(36)	fumC(24)	gyrB(9)	icd(13)	mdh(17)	purA(11)	recA(25)
data/genomes/562.100865.fna.gz	ecoli_achtman_4	73	adk(36)	fumC(24)	gyrB(9)	icd(13)	mdh(17)	purA(11)	recA(25)
data/genomes/562.100617.fna.gz	ecoli_achtman_4	538	adk(13)	fumC(40)	gyrB(19)	icd(13)	mdh(36)	purA(28)	recA(30)
data/genomes/562.100766.fna.gz	ecoli_achtman_4	131	adk(53)	fumC(40)	gyrB(47)	icd(13)	mdh(36)	purA(28)	recA(29)
data/genomes/562.100816.fna.gz	ecoli_achtman_4	569	adk(13)	fumC(38)	gyrB(84)	icd(13)	mdh(17)	purA(64)	recA(34)
data/genomes/562.100866.fna.gz	ecoli_achtman_4	73	adk(36)	fumC(24)	gyrB(9)	icd(13)	mdh(17)	purA(11)	recA(25)
data/genomes/562.100717.fna.gz	ecoli_achtman_4	73	adk(36)	fumC(24)	gyrB(9)	icd(13)	mdh(17)	purA(11)	recA(25)
data/genomes/562.100667.fna.gz	ecoli_achtman_4	73	adk(36)	fumC(24)	gyrB(9)	icd(13)	mdh(17)	purA(11)	recA(25)
data/genomes/562.100618.fna.gz	ecoli_achtman_4	362	adk(62)	fumC(100)	gyrB(17)	icd(31)	mdh(5)	purA(5)	recA(4)
data/genomes/562.100767.fna.gz	ecoli_achtman_4	73	adk(36)	fumC(24)	gyrB(9)	icd(13)	mdh(17)	purA(11)	recA(25)
data/genomes/562.100817.fna.gz	ecoli_achtman_4	69	adk(21)	fumC(35)	gyrB(27)	icd(6)	mdh(5)	purA(5)	recA(4)
data/genomes/562.100718.fna.gz	ecoli_achtman_4	95	adk(37)	fumC(38)	gyrB(19)	icd(37)	mdh(17)	purA(11)	recA(26)
data/genomes/562.100867.fna.gz	ecoli_achtman_4	95	adk(37)	fumC(38)	gyrB(19)	icd(37)	mdh(17)	purA(11)	recA(26)
data/genomes/562.100668.fna.gz	ecoli_achtman_4	1057	adk(14)	fumC(14)	gyrB(10)	icd(137)	mdh(17)	purA(7)	recA(10)
data/genomes/562.100619.fna.gz	ecoli_achtman_4	14	adk(14)	fumC(14)	gyrB(10)	icd(14)	mdh(17)	purA(7)	recA(10)
data/genomes/562.100768.fna.gz	ecoli_achtman_4	349	adk(34)	fumC(36)	gyrB(39)	icd(87)	mdh(67)	purA(16)	recA(4)
data/genomes/562.100818.fna.gz	ecoli_achtman_4	394	adk(21)	fumC(35)	gyrB(61)	icd(52)	mdh(5)	purA(5)	recA(4)
data/genomes/562.100868.fna.gz	ecoli_achtman_4	641	adk(9)	fumC(6)	gyrB(33)	icd(131)	mdh(24)	purA(8)	recA(7)
data/genomes/562.100719.fna.gz	ecoli_achtman_4	131	adk(53)	fumC(40)	gyrB(47)	icd(13)	mdh(36)	purA(28)	recA(29)
data/genomes/562.100669.fna.gz	ecoli_achtman_4	394	adk(21)	fumC(35)	gyrB(61)	icd(52)	mdh(5)	purA(5)	recA(4)
data/genomes/562.100620.fna.gz	ecoli_achtman_4	91	adk(13)	fumC(40)	gyrB(34)	icd(13)	mdh(23)	purA(28)	recA(30)
data/genomes/562.100769.fna.gz	ecoli_achtman_4	6767	adk(37)	fumC(38)	gyrB(19)	icd(37)	mdh(562)	purA(11)	recA(26)
data/genomes/562.100819.fna.gz	ecoli_achtman_4	58	adk(6)	fumC(4)	gyrB(4)	icd(16)	mdh(24)	purA(8)	recA(14)
data/genomes/562.100720.fna.gz	ecoli_achtman_4	10221	adk(6)	fumC(1457)	gyrB(4)	icd(16)	mdh(24)	purA(8)	recA(14)
data/genomes/562.100869.fna.gz	ecoli_achtman_4	95	adk(37)	fumC(38)	gyrB(19)	icd(37)	mdh(17)	purA(11)	recA(26)
data/genomes/562.100670.fna.gz	ecoli_achtman_4	73	adk(36)	fumC(24)	gyrB(9)	icd(13)	mdh(17)	purA(11)	recA(25)
data/genomes/562.100621.fna.gz	ecoli_achtman_4	2619	adk(37)	fumC(38)	gyrB(286)	icd(37)	mdh(17)	purA(11)	recA(26)
data/genomes/562.100770.fna.gz	ecoli_achtman_4	73	adk(36)	fumC(24)	gyrB(9)	icd(13)	mdh(17)	purA(11)	recA(25)
data/genomes/562.100820.fna.gz	ecoli_achtman_4	14	adk(14)	fumC(14)	gyrB(10)	icd(14)	mdh(17)	purA(7)	recA(10)
data/genomes/562.100870.fna.gz	ecoli_achtman_4	83	adk(13)	fumC(38)	gyrB(19)	icd(13)	mdh(30)	purA(25)	recA(29)
data/genomes/562.100721.fna.gz	ecoli_achtman_4	648	adk(92)	fumC(4)	gyrB(87)	icd(96)	mdh(70)	purA(58)	recA(2)
data/genomes/562.100671.fna.gz	ecoli_achtman_4	90	adk(6)	fumC(4)	gyrB(12)	icd(1)	mdh(20)	purA(8)	recA(7)
data/genomes/562.100622.fna.gz	ecoli_achtman_4	131	adk(53)	fumC(40)	gyrB(47)	icd(13)	mdh(36)	purA(28)	recA(29)
data/genomes/562.100771.fna.gz	ecoli_achtman_4	73	adk(36)	fumC(24)	gyrB(9)	icd(13)	mdh(17)	purA(11)	recA(25)
data/genomes/562.100821.fna.gz	ecoli_achtman_4	59	adk(27)	fumC(32)	gyrB(24)	icd(29)	mdh(26)	purA(19)	recA(22)
data/genomes/562.100722.fna.gz	ecoli_achtman_4	73	adk(36)	fumC(24)	gyrB(9)	icd(13)	mdh(17)	purA(11)	recA(25)
data/genomes/562.100871.fna.gz	ecoli_achtman_4	1193	adk(14)	fumC(14)	gyrB(10)	icd(200)	mdh(17)	purA(7)	recA(10)
data/genomes/562.100672.fna.gz	ecoli_achtman_4	69	adk(21)	fumC(35)	gyrB(27)	icd(6)	mdh(5)	purA(5)	recA(4)
data/genomes/562.100623.fna.gz	ecoli_achtman_4	73	adk(36)	fumC(24)	gyrB(9)	icd(13)	mdh(17)	purA(11)	recA(25)
data/genomes/562.100772.fna.gz	ecoli_achtman_4	744	adk(10)	fumC(11)	gyrB(135)	icd(8)	mdh(8)	purA(8)	recA(2)
data/genomes/562.100822.fna.gz	ecoli_achtman_4	131	adk(53)	fumC(40)	gyrB(47)	icd(13)	mdh(36)	purA(28)	recA(29)
data/genomes/562.100872.fna.gz	ecoli_achtman_4	648	adk(92)	fumC(4)	gyrB(87)	icd(96)	mdh(70)	purA(58)	recA(2)
data/genomes/562.100723.fna.gz	ecoli_achtman_4	141	adk(13)	fumC(52)	gyrB(10)	icd(14)	mdh(17)	purA(25)	recA(17)
data/genomes/562.100673.fna.gz	ecoli_achtman_4	537	adk(14)	fumC(14)	gyrB(10)	icd(14)	mdh(17)	purA(11)	recA(10)
data/genomes/562.100624.fna.gz	ecoli_achtman_4	95	adk(37)	fumC(38)	gyrB(19)	icd(37)	mdh(17)	purA(11)	recA(26)
data/genomes/562.100773.fna.gz	ecoli_achtman_4	69	adk(21)	fumC(35)	gyrB(27)	icd(6)	mdh(5)	purA(5)	recA(4)
data/genomes/562.100823.fna.gz	ecoli_achtman_4	1193	adk(14)	fumC(14)	gyrB(10)	icd(200)	mdh(17)	purA(7)	recA(10)
data/genomes/562.100873.fna.gz	ecoli_achtman_4	3699	adk(13)	fumC(475)	gyrB(49)	icd(13)	mdh(17)	purA(64)	recA(268)
data/genomes/562.100724.fna.gz	ecoli_achtman_4	3765	adk(6)	fumC(4)	gyrB(4)	icd(16)	mdh(312)	purA(8)	recA(14)
data/genomes/562.100674.fna.gz	ecoli_achtman_4	58	adk(6)	fumC(4)	gyrB(4)	icd(16)	mdh(24)	purA(8)	recA(14)
data/genomes/562.100625.fna.gz	ecoli_achtman_4	69	adk(21)	fumC(35)	gyrB(27)	icd(6)	mdh(5)	purA(5)	recA(4)
data/genomes/562.100774.fna.gz	ecoli_achtman_4	69	adk(21)	fumC(35)	gyrB(27)	icd(6)	mdh(5)	purA(5)	recA(4)
data/genomes/562.100824.fna.gz	ecoli_achtman_4	73	adk(36)	fumC(24)	gyrB(9)	icd(13)	mdh(17)	purA(11)	recA(25)
data/genomes/562.100874.fna.gz	ecoli_achtman_4	136	adk(38)	fumC(39)	gyrB(30)	icd(13)	mdh(17)	purA(11)	recA(28)
data/genomes/562.100725.fna.gz	ecoli_achtman_4	12	adk(13)	fumC(13)	gyrB(9)	icd(13)	mdh(16)	purA(10)	recA(9)
data/genomes/562.100675.fna.gz	ecoli_achtman_4	10217	adk(35)	fumC(218)	gyrB(17)	icd(49)	mdh(37)	purA(5)	recA(191)
data/genomes/562.100626.fna.gz	ecoli_achtman_4	10	adk(10)	fumC(11)	gyrB(4)	icd(8)	mdh(8)	purA(8)	recA(2)
data/genomes/562.100775.fna.gz	ecoli_achtman_4	62	adk(28)	fumC(33)	gyrB(25)	icd(29)	mdh(7)	purA(11)	recA(24)
data/genomes/562.100825.fna.gz	ecoli_achtman_4	131	adk(53)	fumC(40)	gyrB(47)	icd(13)	mdh(36)	purA(28)	recA(29)
data/genomes/562.100875.fna.gz	ecoli_achtman_4	127	adk(13)	fumC(14)	gyrB(19)	icd(36)	mdh(23)	purA(11)	recA(10)
data/genomes/562.100726.fna.gz	ecoli_achtman_4	95	adk(37)	fumC(38)	gyrB(19)	icd(37)	mdh(17)	purA(11)	recA(26)
data/genomes/562.100676.fna.gz	ecoli_achtman_4	131	adk(53)	fumC(40)	gyrB(47)	icd(13)	mdh(36)	purA(28)	recA(29)
data/genomes/562.100627.fna.gz	ecoli_achtman_4	73	adk(36)	fumC(24)	gyrB(9)	icd(13)	mdh(17)	purA(11)	recA(25)
data/genomes/562.100776.fna.gz	ecoli_achtman_4	1159	adk(18)	fumC(52)	gyrB(10)	icd(13)	mdh(17)	purA(25)	recA(17)
data/genomes/562.100826.fna.gz	ecoli_achtman_4	714	adk(126)	fumC(160)	gyrB(131)	icd(6)	mdh(5)	purA(5)	recA(99)
data/genomes/562.100876.fna.gz	ecoli_achtman_4	3246	adk(35)	fumC(22)	gyrB(58)	icd(6)	mdh(5)	purA(5)	recA(4)
data/genomes/562.100677.fna.gz	ecoli_achtman_4	73	adk(36)	fumC(24)	gyrB(9)	icd(13)	mdh(17)	purA(11)	recA(25)
data/genomes/562.100628.fna.gz	ecoli_achtman_4	69	adk(21)	fumC(35)	gyrB(27)	icd(6)	mdh(5)	purA(5)	recA(4)
data/genomes/562.100727.fna.gz	ecoli_achtman_4	127	adk(13)	fumC(14)	gyrB(19)	icd(36)	mdh(23)	purA(11)	recA(10)
data/genomes/562.100777.fna.gz	ecoli_achtman_4	569	adk(13)	fumC(38)	gyrB(84)	icd(13)	mdh(17)	purA(64)	recA(34)
data/genomes/562.100827.fna.gz	ecoli_achtman_4	104	adk(13)	fumC(24)	gyrB(9)	icd(13)	mdh(17)	purA(11)	recA(25)
data/genomes/562.100877.fna.gz	ecoli_achtman_4	10227	adk(6)	fumC(1459)	gyrB(5)	icd(26)	mdh(9)	purA(7)	recA(14)
data/genomes/562.100678.fna.gz	ecoli_achtman_4	131	adk(53)	fumC(40)	gyrB(47)	icd(13)	mdh(36)	purA(28)	recA(29)
data/genomes/562.100629.fna.gz	ecoli_achtman_4	12	adk(13)	fumC(13)	gyrB(9)	icd(13)	mdh(16)	purA(10)	recA(9)
data/genomes/562.100728.fna.gz	ecoli_achtman_4	38	adk(4)	fumC(26)	gyrB(2)	icd(25)	mdh(5)	purA(5)	recA(19)
data/genomes/562.100778.fna.gz	ecoli_achtman_4	69	adk(21)	fumC(35)	gyrB(27)	icd(6)	mdh(5)	purA(5)	recA(4)
data/genomes/562.100828.fna.gz	ecoli_achtman_4	73	adk(36)	fumC(24)	gyrB(9)	icd(13)	mdh(17)	purA(11)	recA(25)
data/genomes/562.100878.fna.gz	ecoli_achtman_4	95	adk(37)	fumC(38)	gyrB(19)	icd(37)	mdh(17)	purA(11)	recA(26)
data/genomes/562.100679.fna.gz	ecoli_achtman_4	38	adk(4)	fumC(26)	gyrB(2)	icd(25)	mdh(5)	purA(5)	recA(19)
data/genomes/562.100630.fna.gz	ecoli_achtman_4	10268	adk(373)	fumC(414)	gyrB(305)	icd(345)	mdh(224)	purA(16)	recA(232)
data/genomes/562.100729.fna.gz	ecoli_achtman_4	538	adk(13)	fumC(40)	gyrB(19)	icd(13)	mdh(36)	purA(28)	recA(30)
data/genomes/562.100779.fna.gz	ecoli_achtman_4	73	adk(36)	fumC(24)	gyrB(9)	icd(13)	mdh(17)	purA(11)	recA(25)
data/genomes/562.100829.fna.gz	ecoli_achtman_4	12	adk(13)	fumC(13)	gyrB(9)	icd(13)	mdh(16)	purA(10)	recA(9)
data/genomes/562.100879.fna.gz	ecoli_achtman_4	127	adk(13)	fumC(14)	gyrB(19)	icd(36)	mdh(23)	purA(11)	recA(10)
data/genomes/562.100680.fna.gz	ecoli_achtman_4	131	adk(53)	fumC(40)	gyrB(47)	icd(13)	mdh(36)	purA(28)	recA(29)
data/genomes/562.100631.fna.gz	ecoli_achtman_4	131	adk(53)	fumC(40)	gyrB(47)	icd(13)	mdh(36)	purA(28)	recA(29)
data/genomes/562.100730.fna.gz	ecoli_achtman_4	12	adk(13)	fumC(13)	gyrB(9)	icd(13)	mdh(16)	purA(10)	recA(9)
data/genomes/562.100780.fna.gz	ecoli_achtman_4	10240	adk(13)	fumC(52)	gyrB(10)	icd(1182)	mdh(17)	purA(25)	recA(17)
data/genomes/562.100830.fna.gz	ecoli_achtman_4	73	adk(36)	fumC(24)	gyrB(9)	icd(13)	mdh(17)	purA(11)	recA(25)
data/genomes/562.100880.fna.gz	ecoli_achtman_4	69	adk(21)	fumC(35)	gyrB(27)	icd(6)	mdh(5)	purA(5)	recA(4)
data/genomes/562.100681.fna.gz	ecoli_achtman_4	69	adk(21)	fumC(35)	gyrB(27)	icd(6)	mdh(5)	purA(5)	recA(4)
data/genomes/562.100731.fna.gz	ecoli_achtman_4	1193	adk(14)	fumC(14)	gyrB(10)	icd(200)	mdh(17)	purA(7)	recA(10)
data/genomes/562.100632.fna.gz	ecoli_achtman_4	131	adk(53)	fumC(40)	gyrB(47)	icd(13)	mdh(36)	purA(28)	recA(29)
data/genomes/562.100781.fna.gz	ecoli_achtman_4	127	adk(13)	fumC(14)	gyrB(19)	icd(36)	mdh(23)	purA(11)	recA(10)
data/genomes/562.100831.fna.gz	ecoli_achtman_4	69	adk(21)	fumC(35)	gyrB(27)	icd(6)	mdh(5)	purA(5)	recA(4)
data/genomes/562.100881.fna.gz	ecoli_achtman_4	10211	adk(13)	fumC(40)	gyrB(13)	icd(13)	mdh(23)	purA(25)	recA(733)
data/genomes/562.100682.fna.gz	ecoli_achtman_4	10	adk(10)	fumC(11)	gyrB(4)	icd(8)	mdh(8)	purA(8)	recA(2)
data/genomes/562.100732.fna.gz	ecoli_achtman_4	10253	adk(36)	fumC(24)	gyrB(9)	icd(13)	mdh(17)	purA(11)	recA(736)
data/genomes/562.100782.fna.gz	ecoli_achtman_4	1159	adk(18)	fumC(52)	gyrB(10)	icd(13)	mdh(17)	purA(25)	recA(17)
data/genomes/562.100633.fna.gz	ecoli_achtman_4	5644	adk(13)	fumC(195)	gyrB(49)	icd(89)	mdh(17)	purA(25)	recA(25)
data/genomes/562.100832.fna.gz	ecoli_achtman_4	73	adk(36)	fumC(24)	gyrB(9)	icd(13)	mdh(17)	purA(11)	recA(25)
data/genomes/562.100882.fna.gz	ecoli_achtman_4	1193	adk(14)	fumC(14)	gyrB(10)	icd(200)	mdh(17)	purA(7)	recA(10)
data/genomes/562.100683.fna.gz	ecoli_achtman_4	38	adk(4)	fumC(26)	gyrB(2)	icd(25)	mdh(5)	purA(5)	recA(19)
data/genomes/562.100733.fna.gz	ecoli_achtman_4	12	adk(13)	fumC(13)	gyrB(9)	icd(13)	mdh(16)	purA(10)	recA(9)
data/genomes/562.100783.fna.gz	ecoli_achtman_4	424	adk(6)	fumC(30)	gyrB(32)	icd(16)	mdh(11)	purA(8)	recA(7)
data/genomes/562.100634.fna.gz	ecoli_achtman_4	10212	adk(36)	fumC(1455)	gyrB(9)	icd(13)	mdh(17)	purA(11)	recA(25)
data/genomes/562.100833.fna.gz	ecoli_achtman_4	10236	adk(1009)	fumC(13)	gyrB(9)	icd(13)	mdh(16)	purA(10)	recA(9)
data/genomes/562.100883.fna.gz	ecoli_achtman_4	73	adk(36)	fumC(24)	gyrB(9)	icd(13)	mdh(17)	purA(11)	recA(25)
data/genomes/562.100684.fna.gz	ecoli_achtman_4	73	adk(36)	fumC(24)	gyrB(9)	icd(13)	mdh(17)	purA(11)	recA(25)
data/genomes/562.100734.fna.gz	ecoli_achtman_4	69	adk(21)	fumC(35)	gyrB(27)	icd(6)	mdh(5)	purA(5)	recA(4)
data/genomes/562.100784.fna.gz	ecoli_achtman_4	14	adk(14)	fumC(14)	gyrB(10)	icd(14)	mdh(17)	purA(7)	recA(10)
data/genomes/562.100635.fna.gz	ecoli_achtman_4	12	adk(13)	fumC(13)	gyrB(9)	icd(13)	mdh(16)	purA(10)	recA(9)
data/genomes/562.100834.fna.gz	ecoli_achtman_4	131	adk(53)	fumC(40)	gyrB(47)	icd(13)	mdh(36)	purA(28)	recA(29)
data/genomes/562.100884.fna.gz	ecoli_achtman_4	973	adk(154)	fumC(187)	gyrB(22)	icd(52)	mdh(130)	purA(129)	recA(4)
data/genomes/562.100685.fna.gz	ecoli_achtman_4	141	adk(13)	fumC(52)	gyrB(10)	icd(14)	mdh(17)	purA(25)	recA(17)
data/genomes/562.100735.fna.gz	ecoli_achtman_4	127	adk(13)	fumC(14)	gyrB(19)	icd(36)	mdh(23)	purA(11)	recA(10)
data/genomes/562.100636.fna.gz	ecoli_achtman_4	-	adk(14)	fumC(-)	gyrB(10)	icd(14)	mdh(17)	purA(7)	recA(10)
data/genomes/562.100785.fna.gz	ecoli_achtman_4	141	adk(13)	fumC(52)	gyrB(10)	icd(14)	mdh(17)	purA(25)	recA(17)
data/genomes/562.100835.fna.gz	ecoli_achtman_4	73	adk(36)	fumC(24)	gyrB(9)	icd(13)	mdh(17)	purA(11)	recA(25)
data/genomes/562.100885.fna.gz	ecoli_achtman_4	95	adk(37)	fumC(38)	gyrB(19)	icd(37)	mdh(17)	purA(11)	recA(26)
data/genomes/562.100686.fna.gz	ecoli_achtman_4	450	adk(6)	fumC(11)	gyrB(95)	icd(104)	mdh(8)	purA(7)	recA(2)
data/genomes/562.100736.fna.gz	ecoli_achtman_4	95	adk(37)	fumC(38)	gyrB(19)	icd(37)	mdh(17)	purA(11)	recA(26)
data/genomes/562.100637.fna.gz	ecoli_achtman_4	127	adk(13)	fumC(14)	gyrB(19)	icd(36)	mdh(23)	purA(11)	recA(10)
data/genomes/562.100786.fna.gz	ecoli_achtman_4	117	adk(20)	fumC(45)	gyrB(41)	icd(43)	mdh(5)	purA(32)	recA(2)
data/genomes/562.100836.fna.gz	ecoli_achtman_4	69	adk(21)	fumC(35)	gyrB(27)	icd(6)	mdh(5)	purA(5)	recA(4)
data/genomes/562.100886.fna.gz	ecoli_achtman_4	131	adk(53)	fumC(40)	gyrB(47)	icd(13)	mdh(36)	purA(28)	recA(29)
data/genomes/562.100687.fna.gz	ecoli_achtman_4	95	adk(37)	fumC(38)	gyrB(19)	icd(37)	mdh(17)	purA(11)	recA(26)
data/genomes/562.100737.fna.gz	ecoli_achtman_4	491	adk(13)	fumC(39)	gyrB(19)	icd(36)	mdh(30)	purA(14)	recA(82)
data/genomes/562.100638.fna.gz	ecoli_achtman_4	131	adk(53)	fumC(40)	gyrB(47)	icd(13)	mdh(36)	purA(28)	recA(29)
data/genomes/562.100787.fna.gz	ecoli_achtman_4	73	adk(36)	fumC(24)	gyrB(9)	icd(13)	mdh(17)	purA(11)	recA(25)
data/genomes/562.100837.fna.gz	ecoli_achtman_4	405	adk(35)	fumC(37)	gyrB(29)	icd(25)	mdh(4)	purA(5)	recA(73)
data/genomes/562.100688.fna.gz	ecoli_achtman_4	131	adk(53)	fumC(40)	gyrB(47)	icd(13)	mdh(36)	purA(28)	recA(29)
data/genomes/562.100887.fna.gz	ecoli_achtman_4	2619	adk(37)	fumC(38)	gyrB(286)	icd(37)	mdh(17)	purA(11)	recA(26)
data/genomes/562.100738.fna.gz	ecoli_achtman_4	1567	adk(46)	fumC(26)	gyrB(208)	icd(6)	mdh(4)	purA(16)	recA(4)
data/genomes/562.100639.fna.gz	ecoli_achtman_4	1057	adk(14)	fumC(14)	gyrB(10)	icd(137)	mdh(17)	purA(7)	recA(10)
data/genomes/562.100788.fna.gz	ecoli_achtman_4	73	adk(36)	fumC(24)	gyrB(9)	icd(13)	mdh(17)	purA(11)	recA(25)
data/genomes/562.100838.fna.gz	ecoli_achtman_4	131	adk(53)	fumC(40)	gyrB(47)	icd(13)	mdh(36)	purA(28)	recA(29)
data/genomes/562.100689.fna.gz	ecoli_achtman_4	2712	adk(20)	fumC(67)	gyrB(56)	icd(64)	mdh(17)	purA(50)	recA(45)
data/genomes/562.100888.fna.gz	ecoli_achtman_4	73	adk(36)	fumC(24)	gyrB(9)	icd(13)	mdh(17)	purA(11)	recA(25)
data/genomes/562.100739.fna.gz	ecoli_achtman_4	73	adk(36)	fumC(24)	gyrB(9)	icd(13)	mdh(17)	purA(11)	recA(25)
data/genomes/562.100640.fna.gz	ecoli_achtman_4	1193	adk(14)	fumC(14)	gyrB(10)	icd(200)	mdh(17)	purA(7)	recA(10)
data/genomes/562.100789.fna.gz	ecoli_achtman_4	73	adk(36)	fumC(24)	gyrB(9)	icd(13)	mdh(17)	purA(11)	recA(25)
data/genomes/562.100839.fna.gz	ecoli_achtman_4	127	adk(13)	fumC(14)	gyrB(19)	icd(36)	mdh(23)	purA(11)	recA(10)
data/genomes/562.100690.fna.gz	ecoli_achtman_4	685	adk(8)	fumC(11)	gyrB(4)	icd(8)	mdh(8)	purA(8)	recA(2)
data/genomes/562.100889.fna.gz	ecoli_achtman_4	69	adk(21)	fumC(35)	gyrB(27)	icd(6)	mdh(5)	purA(5)	recA(4)
data/genomes/562.100641.fna.gz	ecoli_achtman_4	73	adk(36)	fumC(24)	gyrB(9)	icd(13)	mdh(17)	purA(11)	recA(25)
data/genomes/562.100740.fna.gz	ecoli_achtman_4	73	adk(36)	fumC(24)	gyrB(9)	icd(13)	mdh(17)	purA(11)	recA(25)
data/genomes/562.100790.fna.gz	ecoli_achtman_4	59	adk(27)	fumC(32)	gyrB(24)	icd(29)	mdh(26)	purA(19)	recA(22)
data/genomes/562.100840.fna.gz	ecoli_achtman_4	69	adk(21)	fumC(35)	gyrB(27)	icd(6)	mdh(5)	purA(5)	recA(4)
data/genomes/562.100691.fna.gz	ecoli_achtman_4	73	adk(36)	fumC(24)	gyrB(9)	icd(13)	mdh(17)	purA(11)	recA(25)
data/genomes/562.100890.fna.gz	ecoli_achtman_4	12	adk(13)	fumC(13)	gyrB(9)	icd(13)	mdh(16)	purA(10)	recA(9)
data/genomes/562.100642.fna.gz	ecoli_achtman_4	95	adk(37)	fumC(38)	gyrB(19)	icd(37)	mdh(17)	purA(11)	recA(26)
data/genomes/562.100741.fna.gz	ecoli_achtman_4	95	adk(37)	fumC(38)	gyrB(19)	icd(37)	mdh(17)	purA(11)	recA(26)
data/genomes/562.100791.fna.gz	ecoli_achtman_4	1193	adk(14)	fumC(14)	gyrB(10)	icd(200)	mdh(17)	purA(7)	recA(10)
data/genomes/562.100841.fna.gz	ecoli_achtman_4	127	adk(13)	fumC(14)	gyrB(19)	icd(36)	mdh(23)	purA(11)	recA(10)
data/genomes/562.100692.fna.gz	ecoli_achtman_4	10214	adk(1006)	fumC(195)	gyrB(13)	icd(100)	mdh(30)	purA(25)	recA(30)
data/genomes/562.100891.fna.gz	ecoli_achtman_4	73	adk(36)	fumC(24)	gyrB(9)	icd(13)	mdh(17)	purA(11)	recA(25)
data/genomes/562.100643.fna.gz	ecoli_achtman_4	448	adk(6)	fumC(6)	gyrB(5)	icd(16)	mdh(11)	purA(8)	recA(7)
data/genomes/562.100742.fna.gz	ecoli_achtman_4	131	adk(53)	fumC(40)	gyrB(47)	icd(13)	mdh(36)	purA(28)	recA(29)
data/genomes/562.100792.fna.gz	ecoli_achtman_4	73	adk(36)	fumC(24)	gyrB(9)	icd(13)	mdh(17)	purA(11)	recA(25)
data/genomes/562.100842.fna.gz	ecoli_achtman_4	69	adk(21)	fumC(35)	gyrB(27)	icd(6)	mdh(5)	purA(5)	recA(4)
data/genomes/562.100693.fna.gz	ecoli_achtman_4	69	adk(21)	fumC(35)	gyrB(27)	icd(6)	mdh(5)	purA(5)	recA(4)
data/genomes/562.100892.fna.gz	ecoli_achtman_4	4038	adk(6)	fumC(19)	gyrB(3)	icd(18)	mdh(9)	purA(8)	recA(156)
data/genomes/562.100644.fna.gz	ecoli_achtman_4	69	adk(21)	fumC(35)	gyrB(27)	icd(6)	mdh(5)	purA(5)	recA(4)
data/genomes/562.100743.fna.gz	ecoli_achtman_4	14	adk(14)	fumC(14)	gyrB(10)	icd(14)	mdh(17)	purA(7)	recA(10)
data/genomes/562.100793.fna.gz	ecoli_achtman_4	357	adk(13)	fumC(40)	gyrB(13)	icd(13)	mdh(23)	purA(25)	recA(66)
data/genomes/562.100843.fna.gz	ecoli_achtman_4	131	adk(53)	fumC(40)	gyrB(47)	icd(13)	mdh(36)	purA(28)	recA(29)
data/genomes/562.100694.fna.gz	ecoli_achtman_4	58	adk(6)	fumC(4)	gyrB(4)	icd(16)	mdh(24)	purA(8)	recA(14)
data/genomes/562.100893.fna.gz	ecoli_achtman_4	58	adk(6)	fumC(4)	gyrB(4)	icd(16)	mdh(24)	purA(8)	recA(14)
data/genomes/562.100645.fna.gz	ecoli_achtman_4	421	adk(37)	fumC(38)	gyrB(19)	icd(37)	mdh(17)	purA(8)	recA(26)
data/genomes/562.100744.fna.gz	ecoli_achtman_4	69	adk(21)	fumC(35)	gyrB(27)	icd(6)	mdh(5)	purA(5)	recA(4)
data/genomes/562.100844.fna.gz	ecoli_achtman_4	162	adk(9)	fumC(65)	gyrB(5)	icd(1)	mdh(9)	purA(13)	recA(6)
data/genomes/562.100794.fna.gz	ecoli_achtman_4	357	adk(13)	fumC(40)	gyrB(13)	icd(13)	mdh(23)	purA(25)	recA(66)
data/genomes/562.100695.fna.gz	ecoli_achtman_4	69	adk(21)	fumC(35)	gyrB(27)	icd(6)	mdh(5)	purA(5)	recA(4)
data/genomes/562.100894.fna.gz	ecoli_achtman_4	1159	adk(18)	fumC(52)	gyrB(10)	icd(13)	mdh(17)	purA(25)	recA(17)
data/genomes/562.100646.fna.gz	ecoli_achtman_4	69	adk(21)	fumC(35)	gyrB(27)	icd(6)	mdh(5)	purA(5)	recA(4)
data/genomes/562.100745.fna.gz	ecoli_achtman_4	1170	adk(13)	fumC(40)	gyrB(19)	icd(13)	mdh(23)	purA(28)	recA(109)
data/genomes/562.100845.fna.gz	ecoli_achtman_4	83	adk(13)	fumC(38)	gyrB(19)	icd(13)	mdh(30)	purA(25)	recA(29)
data/genomes/562.100795.fna.gz	ecoli_achtman_4	117	adk(20)	fumC(45)	gyrB(41)	icd(43)	mdh(5)	purA(32)	recA(2)
data/genomes/562.100696.fna.gz	ecoli_achtman_4	95	adk(37)	fumC(38)	gyrB(19)	icd(37)	mdh(17)	purA(11)	recA(26)
data/genomes/562.100895.fna.gz	ecoli_achtman_4	127	adk(13)	fumC(14)	gyrB(19)	icd(36)	mdh(23)	purA(11)	recA(10)
data/genomes/562.100746.fna.gz	ecoli_achtman_4	9962	adk(130)	fumC(67)	gyrB(41)	icd(22)	mdh(7)	purA(50)	recA(45)
data/genomes/562.100647.fna.gz	ecoli_achtman_4	12	adk(13)	fumC(13)	gyrB(9)	icd(13)	mdh(16)	purA(10)	recA(9)
data/genomes/562.100846.fna.gz	ecoli_achtman_4	69	adk(21)	fumC(35)	gyrB(27)	icd(6)	mdh(5)	purA(5)	recA(4)
data/genomes/562.100796.fna.gz	ecoli_achtman_4	73	adk(36)	fumC(24)	gyrB(9)	icd(13)	mdh(17)	purA(11)	recA(25)
data/genomes/562.100697.fna.gz	ecoli_achtman_4	69	adk(21)	fumC(35)	gyrB(27)	icd(6)	mdh(5)	purA(5)	recA(4)
data/genomes/562.100896.fna.gz	ecoli_achtman_4	73	adk(36)	fumC(24)	gyrB(9)	icd(13)	mdh(17)	purA(11)	recA(25)
data/genomes/562.100747.fna.gz	ecoli_achtman_4	1982	adk(53)	fumC(40)	gyrB(254)	icd(13)	mdh(36)	purA(28)	recA(29)
data/genomes/562.100648.fna.gz	ecoli_achtman_4	95	adk(37)	fumC(38)	gyrB(19)	icd(37)	mdh(17)	purA(11)	recA(26)
data/genomes/562.100847.fna.gz	ecoli_achtman_4	95	adk(37)	fumC(38)	gyrB(19)	icd(37)	mdh(17)	purA(11)	recA(26)
data/genomes/562.100797.fna.gz	ecoli_achtman_4	372	adk(88)	fumC(103)	gyrB(19)	icd(36)	mdh(23)	purA(44)	recA(26)
data/genomes/562.100698.fna.gz	ecoli_achtman_4	10	adk(10)	fumC(11)	gyrB(4)	icd(8)	mdh(8)	purA(8)	recA(2)
data/genomes/562.100897.fna.gz	ecoli_achtman_4	73	adk(36)	fumC(24)	gyrB(9)	icd(13)	mdh(17)	purA(11)	recA(25)
data/genomes/562.100649.fna.gz	ecoli_achtman_4	10218	adk(18)	fumC(1456)	gyrB(10)	icd(13)	mdh(17)	purA(25)	recA(17)
data/genomes/562.100748.fna.gz	ecoli_achtman_4	73	adk(36)	fumC(24)	gyrB(9)	icd(13)	mdh(17)	purA(11)	recA(25)
data/genomes/562.100848.fna.gz	ecoli_achtman_4	10	adk(10)	fumC(11)	gyrB(4)	icd(8)	mdh(8)	purA(8)	recA(2)
data/genomes/562.100798.fna.gz	ecoli_achtman_4	73	adk(36)	fumC(24)	gyrB(9)	icd(13)	mdh(17)	purA(11)	recA(25)
data/genomes/562.100699.fna.gz	ecoli_achtman_4	127	adk(13)	fumC(14)	gyrB(19)	icd(36)	mdh(23)	purA(11)	recA(10)
data/genomes/562.100898.fna.gz	ecoli_achtman_4	226	adk(10)	fumC(27)	gyrB(5)	icd(8)	mdh(8)	purA(7)	recA(2)
data/genomes/562.100749.fna.gz	ecoli_achtman_4	12	adk(13)	fumC(13)	gyrB(9)	icd(13)	mdh(16)	purA(10)	recA(9)
data/genomes/562.100650.fna.gz	ecoli_achtman_4	69	adk(21)	fumC(35)	gyrB(27)	icd(6)	mdh(5)	purA(5)	recA(4)
data/genomes/562.100849.fna.gz	ecoli_achtman_4	144	adk(13)	fumC(43)	gyrB(9)	icd(36)	mdh(30)	purA(44)	recA(25)
data/genomes/562.100700.fna.gz	ecoli_achtman_4	38	adk(4)	fumC(26)	gyrB(2)	icd(25)	mdh(5)	purA(5)	recA(19)
data/genomes/562.100799.fna.gz	ecoli_achtman_4	73	adk(36)	fumC(24)	gyrB(9)	icd(13)	mdh(17)	purA(11)	recA(25)
data/genomes/562.100899.fna.gz	ecoli_achtman_4	10	adk(10)	fumC(11)	gyrB(4)	icd(8)	mdh(8)	purA(8)	recA(2)
data/genomes/562.100651.fna.gz	ecoli_achtman_4	348	adk(6)	fumC(29)	gyrB(32)	icd(16)	mdh(11)	purA(8)	recA(14)
data/genomes/562.100750.fna.gz	ecoli_achtman_4	69	adk(21)	fumC(35)	gyrB(27)	icd(6)	mdh(5)	purA(5)	recA(4)
data/genomes/562.100850.fna.gz	ecoli_achtman_4	73	adk(36)	fumC(24)	gyrB(9)	icd(13)	mdh(17)	purA(11)	recA(25)
data/genomes/562.100701.fna.gz	ecoli_achtman_4	73	adk(36)	fumC(24)	gyrB(9)	icd(13)	mdh(17)	purA(11)	recA(25)
data/genomes/562.100800.fna.gz	ecoli_achtman_4	624	adk(92)	fumC(4)	gyrB(87)	icd(96)	mdh(70)	purA(58)	recA(91)
data/genomes/562.100900.fna.gz	ecoli_achtman_4	95	adk(37)	fumC(38)	gyrB(19)	icd(37)	mdh(17)	purA(11)	recA(26)
data/genomes/562.100902.fna.gz	ecoli_achtman_4	393	adk(18)	fumC(106)	gyrB(17)	icd(6)	mdh(5)	purA(5)	recA(4)
data/genomes/562.100751.fna.gz	ecoli_achtman_4	131	adk(53)	fumC(40)	gyrB(47)	icd(13)	mdh(36)	purA(28)	recA(29)
data/genomes/562.100851.fna.gz	ecoli_achtman_4	104	adk(13)	fumC(24)	gyrB(9)	icd(13)	mdh(17)	purA(11)	recA(25)
data/genomes/562.100952.fna.gz	ecoli_achtman_4	131	adk(53)	fumC(40)	gyrB(47)	icd(13)	mdh(36)	purA(28)	recA(29)
data/genomes/562.100801.fna.gz	ecoli_achtman_4	91	adk(13)	fumC(40)	gyrB(34)	icd(13)	mdh(23)	purA(28)	recA(30)
data/genomes/562.100901.fna.gz	ecoli_achtman_4	95	adk(37)	fumC(38)	gyrB(19)	icd(37)	mdh(17)	purA(11)	recA(26)
data/genomes/562.100903.fna.gz	ecoli_achtman_4	1643	adk(13)	fumC(24)	gyrB(58)	icd(37)	mdh(17)	purA(11)	recA(25)
data/genomes/562.135587.fna.gz	ecoli_achtman_4	167	adk(10)	fumC(11)	gyrB(4)	icd(8)	mdh(8)	purA(13)	recA(2)
data/genomes/562.100953.fna.gz	ecoli_achtman_4	181	adk(8)	fumC(11)	gyrB(4)	icd(8)	mdh(7)	purA(8)	recA(6)
data/genomes/562.140915.fna.gz	ecoli_achtman_4	131	adk(53)	fumC(40)	gyrB(47)	icd(13)	mdh(36)	purA(28)	recA(29)
data/genomes/562.140865.fna.gz	ecoli_achtman_4	131	adk(53)	fumC(40)	gyrB(47)	icd(13)	mdh(36)	purA(28)	recA(29)
data/genomes/562.144215.fna.gz	ecoli_achtman_4	69	adk(21)	fumC(35)	gyrB(27)	icd(6)	mdh(5)	purA(5)	recA(4)
data/genomes/562.100904.fna.gz	ecoli_achtman_4	696	adk(6)	fumC(6)	gyrB(5)	icd(26)	mdh(100)	purA(13)	recA(98)
data/genomes/562.135588.fna.gz	ecoli_achtman_4	131	adk(53)	fumC(40)	gyrB(47)	icd(13)	mdh(36)	purA(28)	recA(29)
data/genomes/562.100954.fna.gz	ecoli_achtman_4	73	adk(36)	fumC(24)	gyrB(9)	icd(13)	mdh(17)	purA(11)	recA(25)
data/genomes/562.140918.fna.gz	ecoli_achtman_4	131	adk(53)	fumC(40)	gyrB(47)	icd(13)	mdh(36)	purA(28)	recA(29)
data/genomes/562.140866.fna.gz	ecoli_achtman_4	131	adk(53)	fumC(40)	gyrB(47)	icd(13)	mdh(36)	purA(28)	recA(29)
data/genomes/562.144216.fna.gz	ecoli_achtman_4	1170	adk(13)	fumC(40)	gyrB(19)	icd(13)	mdh(23)	purA(28)	recA(109)
data/genomes/562.100905.fna.gz	ecoli_achtman_4	141	adk(13)	fumC(52)	gyrB(10)	icd(14)	mdh(17)	purA(25)	recA(17)
data/genomes/562.135589.fna.gz	ecoli_achtman_4	-	adk(43)	fumC(41)	gyrB(15)	icd(~18)	mdh(11)	purA(7)	recA(6)
data/genomes/562.140919.fna.gz	ecoli_achtman_4	10491	adk(35)	fumC(37)	gyrB(29)	icd(25)	mdh(932)	purA(5)	recA(73)
data/genomes/562.100955.fna.gz	ecoli_achtman_4	416	adk(37)	fumC(110)	gyrB(19)	icd(37)	mdh(17)	purA(11)	recA(26)
data/genomes/562.140867.fna.gz	ecoli_achtman_4	131	adk(53)	fumC(40)	gyrB(47)	icd(13)	mdh(36)	purA(28)	recA(29)
data/genomes/562.144217.fna.gz	ecoli_achtman_4	542	adk(112)	fumC(11)	gyrB(5)	icd(12)	mdh(8)	purA(8)	recA(86)
data/genomes/562.135590.fna.gz	ecoli_achtman_4	-	adk(10)	fumC(11)	gyrB(4)	icd(8)	mdh(8)	purA(~13)	recA(73)
data/genomes/562.100906.fna.gz	ecoli_achtman_4	95	adk(37)	fumC(38)	gyrB(19)	icd(37)	mdh(17)	purA(11)	recA(26)
data/genomes/562.140964.fna.gz	ecoli_achtman_4	12	adk(13)	fumC(13)	gyrB(9)	icd(13)	mdh(16)	purA(10)	recA(9)
data/genomes/562.100956.fna.gz	ecoli_achtman_4	14	adk(14)	fumC(14)	gyrB(10)	icd(14)	mdh(17)	purA(7)	recA(10)
data/genomes/562.144218.fna.gz	ecoli_achtman_4	2083	adk(6)	fumC(322)	gyrB(5)	icd(16)	mdh(11)	purA(8)	recA(7)
data/genomes/562.140868.fna.gz	ecoli_achtman_4	131	adk(53)	fumC(40)	gyrB(47)	icd(13)	mdh(36)	purA(28)	recA(29)
data/genomes/562.100907.fna.gz	ecoli_achtman_4	88	adk(6)	fumC(4)	gyrB(12)	icd(1)	mdh(20)	purA(12)	recA(7)
data/genomes/562.135591.fna.gz	ecoli_achtman_4	410	adk(6)	fumC(4)	gyrB(12)	icd(1)	mdh(20)	purA(18)	recA(7)
data/genomes/562.144150.fna.gz	ecoli_achtman_4	162	adk(9)	fumC(65)	gyrB(5)	icd(1)	mdh(9)	purA(13)	recA(6)
data/genomes/562.100957.fna.gz	ecoli_achtman_4	2531	adk(6)	fumC(4)	gyrB(1)	icd(95)	mdh(69)	purA(8)	recA(7)
data/genomes/562.144219.fna.gz	ecoli_achtman_4	131	adk(53)	fumC(40)	gyrB(47)	icd(13)	mdh(36)	purA(28)	recA(29)
data/genomes/562.140869.fna.gz	ecoli_achtman_4	131	adk(53)	fumC(40)	gyrB(47)	icd(13)	mdh(36)	purA(28)	recA(29)
data/genomes/562.144221.fna.gz	ecoli_achtman_4	8819	adk(51)	fumC(48)	gyrB(171)	icd(266)	mdh(235)	purA(42)	recA(37)
data/genomes/562.100908.fna.gz	ecoli_achtman_4	95	adk(37)	fumC(38)	gyrB(19)	icd(37)	mdh(17)	purA(11)	recA(26)
data/genomes/562.144151.fna.gz	ecoli_achtman_4	7236	adk(51)	fumC(649)	gyrB(45)	icd(530)	mdh(34)	purA(42)	recA(37)
data/genomes/562.135592.fna.gz	ecoli_achtman_4	410	adk(6)	fumC(4)	gyrB(12)	icd(1)	mdh(20)	purA(18)	recA(7)
data/genomes/562.100958.fna.gz	ecoli_achtman_4	12	adk(13)	fumC(13)	gyrB(9)	icd(13)	mdh(16)	purA(10)	recA(9)
data/genomes/562.140870.fna.gz	ecoli_achtman_4	131	adk(53)	fumC(40)	gyrB(47)	icd(13)	mdh(36)	purA(28)	recA(29)
data/genomes/562.144222.fna.gz	ecoli_achtman_4	648	adk(92)	fumC(4)	gyrB(87)	icd(96)	mdh(70)	purA(58)	recA(2)
data/genomes/562.144155.fna.gz	ecoli_achtman_4	10	adk(10)	fumC(11)	gyrB(4)	icd(8)	mdh(8)	purA(8)	recA(2)
data/genomes/562.100909.fna.gz	ecoli_achtman_4	69	adk(21)	fumC(35)	gyrB(27)	icd(6)	mdh(5)	purA(5)	recA(4)
data/genomes/562.135593.fna.gz	ecoli_achtman_4	167	adk(10)	fumC(11)	gyrB(4)	icd(8)	mdh(8)	purA(13)	recA(2)
data/genomes/562.100959.fna.gz	ecoli_achtman_4	155	adk(6)	fumC(4)	gyrB(14)	icd(16)	mdh(24)	purA(8)	recA(14)
data/genomes/562.140871.fna.gz	ecoli_achtman_4	131	adk(53)	fumC(40)	gyrB(47)	icd(13)	mdh(36)	purA(28)	recA(29)
data/genomes/562.144156.fna.gz	ecoli_achtman_4	295	adk(6)	fumC(4)	gyrB(12)	icd(1)	mdh(9)	purA(2)	recA(7)
data/genomes/562.100910.fna.gz	ecoli_achtman_4	23	adk(6)	fumC(4)	gyrB(12)	icd(1)	mdh(20)	purA(13)	recA(7)
data/genomes/562.144223.fna.gz	ecoli_achtman_4	349	adk(34)	fumC(36)	gyrB(39)	icd(87)	mdh(67)	purA(16)	recA(4)
data/genomes/562.135594.fna.gz	ecoli_achtman_4	405	adk(35)	fumC(37)	gyrB(29)	icd(25)	mdh(4)	purA(5)	recA(73)
data/genomes/562.100960.fna.gz	ecoli_achtman_4	404	adk(14)	fumC(14)	gyrB(10)	icd(14)	mdh(17)	purA(7)	recA(74)
data/genomes/562.140872.fna.gz	ecoli_achtman_4	131	adk(53)	fumC(40)	gyrB(47)	icd(13)	mdh(36)	purA(28)	recA(29)
data/genomes/562.144157.fna.gz	ecoli_achtman_4	38	adk(4)	fumC(26)	gyrB(2)	icd(25)	mdh(5)	purA(5)	recA(19)
data/genomes/562.144224.fna.gz	ecoli_achtman_4	38	adk(4)	fumC(26)	gyrB(2)	icd(25)	mdh(5)	purA(5)	recA(19)
data/genomes/562.100911.fna.gz	ecoli_achtman_4	404	adk(14)	fumC(14)	gyrB(10)	icd(14)	mdh(17)	purA(7)	recA(74)
data/genomes/562.13671.fna.gz	ecoli_achtman_4	6393	adk(112)	fumC(11)	gyrB(159)	icd(12)	mdh(112)	purA(1)	recA(86)
data/genomes/562.100961.fna.gz	ecoli_achtman_4	38	adk(4)	fumC(26)	gyrB(2)	icd(25)	mdh(5)	purA(5)	recA(19)
data/genomes/562.140873.fna.gz	ecoli_achtman_4	131	adk(53)	fumC(40)	gyrB(47)	icd(13)	mdh(36)	purA(28)	recA(29)
data/genomes/562.144158.fna.gz	ecoli_achtman_4	4093	adk(6)	fumC(7)	gyrB(386)	icd(1)	mdh(8)	purA(8)	recA(2)
data/genomes/562.100912.fna.gz	ecoli_achtman_4	58	adk(6)	fumC(4)	gyrB(4)	icd(16)	mdh(24)	purA(8)	recA(14)
data/genomes/562.144225.fna.gz	ecoli_achtman_4	1727	adk(6)	fumC(19)	gyrB(3)	icd(16)	mdh(11)	purA(8)	recA(6)
data/genomes/562.140824.fna.gz	ecoli_achtman_4	131	adk(53)	fumC(40)	gyrB(47)	icd(13)	mdh(36)	purA(28)	recA(29)
data/genomes/562.100962.fna.gz	ecoli_achtman_4	69	adk(21)	fumC(35)	gyrB(27)	icd(6)	mdh(5)	purA(5)	recA(4)
data/genomes/562.140874.fna.gz	ecoli_achtman_4	131	adk(53)	fumC(40)	gyrB(47)	icd(13)	mdh(36)	purA(28)	recA(29)
data/genomes/562.144160.fna.gz	ecoli_achtman_4	38	adk(4)	fumC(26)	gyrB(2)	icd(25)	mdh(5)	purA(5)	recA(19)
data/genomes/562.144227.fna.gz	ecoli_achtman_4	3018	adk(12)	fumC(58)	gyrB(54)	icd(344)	mdh(1)	purA(2)	recA(47)
data/genomes/562.100913.fna.gz	ecoli_achtman_4	409	adk(10)	fumC(11)	gyrB(1)	icd(1)	mdh(71)	purA(8)	recA(6)
data/genomes/562.100963.fna.gz	ecoli_achtman_4	58	adk(6)	fumC(4)	gyrB(4)	icd(16)	mdh(24)	purA(8)	recA(14)
data/genomes/562.140825.fna.gz	ecoli_achtman_4	131	adk(53)	fumC(40)	gyrB(47)	icd(13)	mdh(36)	purA(28)	recA(29)
data/genomes/562.140875.fna.gz	ecoli_achtman_4	131	adk(53)	fumC(40)	gyrB(47)	icd(13)	mdh(36)	purA(28)	recA(29)
data/genomes/562.144161.fna.gz	ecoli_achtman_4	1702	adk(10)	fumC(11)	gyrB(1)	icd(8)	mdh(8)	purA(13)	recA(2)
data/genomes/562.144228.fna.gz	ecoli_achtman_4	399	adk(6)	fumC(4)	gyrB(1)	icd(95)	mdh(69)	purA(8)	recA(20)
data/genomes/562.100914.fna.gz	ecoli_achtman_4	-	adk(14)	fumC(-)	gyrB(10)	icd(14)	mdh(17)	purA(7)	recA(10)
data/genomes/562.100964.fna.gz	ecoli_achtman_4	95	adk(37)	fumC(38)	gyrB(19)	icd(37)	mdh(17)	purA(11)	recA(26)
data/genomes/562.140826.fna.gz	ecoli_achtman_4	131	adk(53)	fumC(40)	gyrB(47)	icd(13)	mdh(36)	purA(28)	recA(29)
data/genomes/562.140876.fna.gz	ecoli_achtman_4	131	adk(53)	fumC(40)	gyrB(47)	icd(13)	mdh(36)	purA(28)	recA(29)
data/genomes/562.144162.fna.gz	ecoli_achtman_4	131	adk(53)	fumC(40)	gyrB(47)	icd(13)	mdh(36)	purA(28)	recA(29)
data/genomes/562.144230.fna.gz	ecoli_achtman_4	5317	adk(13)	fumC(195)	gyrB(445)	icd(13)	mdh(233)	purA(385)	recA(202)
data/genomes/562.100915.fna.gz	ecoli_achtman_4	127	adk(13)	fumC(14)	gyrB(19)	icd(36)	mdh(23)	purA(11)	recA(10)
data/genomes/562.100965.fna.gz	ecoli_achtman_4	131	adk(53)	fumC(40)	gyrB(47)	icd(13)	mdh(36)	purA(28)	recA(29)
data/genomes/562.140827.fna.gz	ecoli_achtman_4	131	adk(53)	fumC(40)	gyrB(47)	icd(13)	mdh(36)	purA(28)	recA(29)
data/genomes/562.140877.fna.gz	ecoli_achtman_4	405	adk(35)	fumC(37)	gyrB(29)	icd(25)	mdh(4)	purA(5)	recA(73)
data/genomes/562.144163.fna.gz	ecoli_achtman_4	131	adk(53)	fumC(40)	gyrB(47)	icd(13)	mdh(36)	purA(28)	recA(29)
data/genomes/562.144231.fna.gz	ecoli_achtman_4	1316	adk(10)	fumC(214)	gyrB(1)	icd(1)	mdh(71)	purA(8)	recA(6)
data/genomes/562.100916.fna.gz	ecoli_achtman_4	345	adk(6)	fumC(4)	gyrB(14)	icd(1)	mdh(20)	purA(62)	recA(7)
data/genomes/562.11346.fna.gz	ecoli_achtman_4	357	adk(13)	fumC(40)	gyrB(13)	icd(13)	mdh(23)	purA(25)	recA(66)
data/genomes/562.140828.fna.gz	ecoli_achtman_4	131	adk(53)	fumC(40)	gyrB(47)	icd(13)	mdh(36)	purA(28)	recA(29)
data/genomes/562.140878.fna.gz	ecoli_achtman_4	131	adk(53)	fumC(40)	gyrB(47)	icd(13)	mdh(36)	purA(28)	recA(29)
data/genomes/562.144164.fna.gz	ecoli_achtman_4	410	adk(6)	fumC(4)	gyrB(12)	icd(1)	mdh(20)	purA(18)	recA(7)
data/genomes/562.144232.fna.gz	ecoli_achtman_4	372	adk(88)	fumC(103)	gyrB(19)	icd(36)	mdh(23)	purA(44)	recA(26)
data/genomes/562.100917.fna.gz	ecoli_achtman_4	131	adk(53)	fumC(40)	gyrB(47)	icd(13)	mdh(36)	purA(28)	recA(29)
data/genomes/562.11347.fna.gz	ecoli_achtman_4	410	adk(6)	fumC(4)	gyrB(12)	icd(1)	mdh(20)	purA(18)	recA(7)
data/genomes/562.140829.fna.gz	ecoli_achtman_4	131	adk(53)	fumC(40)	gyrB(47)	icd(13)	mdh(36)	purA(28)	recA(29)
data/genomes/562.140879.fna.gz	ecoli_achtman_4	131	adk(53)	fumC(40)	gyrB(47)	icd(13)	mdh(36)	purA(28)	recA(29)
data/genomes/562.144233.fna.gz	ecoli_achtman_4	10	adk(10)	fumC(11)	gyrB(4)	icd(8)	mdh(8)	purA(8)	recA(2)
data/genomes/562.144165.fna.gz	ecoli_achtman_4	127	adk(13)	fumC(14)	gyrB(19)	icd(36)	mdh(23)	purA(11)	recA(10)
data/genomes/562.100918.fna.gz	ecoli_achtman_4	1161	adk(36)	fumC(44)	gyrB(10)	icd(13)	mdh(17)	purA(10)	recA(25)
data/genomes/562.140830.fna.gz	ecoli_achtman_4	131	adk(53)	fumC(40)	gyrB(47)	icd(13)	mdh(36)	purA(28)	recA(29)
data/genomes/562.11349.fna.gz	ecoli_achtman_4	88	adk(6)	fumC(4)	gyrB(12)	icd(1)	mdh(20)	purA(12)	recA(7)
data/genomes/562.140880.fna.gz	ecoli_achtman_4	131	adk(53)	fumC(40)	gyrB(47)	icd(13)	mdh(36)	purA(28)	recA(29)
data/genomes/562.144234.fna.gz	ecoli_achtman_4	401	adk(1)	fumC(107)	gyrB(7)	icd(11)	mdh(7)	purA(3)	recA(7)
data/genomes/562.144166.fna.gz	ecoli_achtman_4	38	adk(4)	fumC(26)	gyrB(2)	icd(25)	mdh(5)	purA(5)	recA(19)
data/genomes/562.100919.fna.gz	ecoli_achtman_4	141	adk(13)	fumC(52)	gyrB(10)	icd(14)	mdh(17)	purA(25)	recA(17)
data/genomes/562.140831.fna.gz	ecoli_achtman_4	131	adk(53)	fumC(40)	gyrB(47)	icd(13)	mdh(36)	purA(28)	recA(29)
data/genomes/562.140881.fna.gz	ecoli_achtman_4	131	adk(53)	fumC(40)	gyrB(47)	icd(13)	mdh(36)	purA(28)	recA(29)
data/genomes/562.11557.fna.gz	ecoli_achtman_4	602	adk(6)	fumC(19)	gyrB(33)	icd(26)	mdh(11)	purA(8)	recA(6)
data/genomes/562.144235.fna.gz	ecoli_achtman_4	401	adk(1)	fumC(107)	gyrB(7)	icd(11)	mdh(7)	purA(3)	recA(7)
data/genomes/562.144167.fna.gz	ecoli_achtman_4	1722	adk(101)	fumC(4)	gyrB(97)	icd(29)	mdh(70)	purA(158)	recA(2)
data/genomes/562.100920.fna.gz	ecoli_achtman_4	111	adk(6)	fumC(29)	gyrB(14)	icd(16)	mdh(24)	purA(8)	recA(2)
data/genomes/562.140832.fna.gz	ecoli_achtman_4	131	adk(53)	fumC(40)	gyrB(47)	icd(13)	mdh(36)	purA(28)	recA(29)
data/genomes/562.140882.fna.gz	ecoli_achtman_4	131	adk(53)	fumC(40)	gyrB(47)	icd(13)	mdh(36)	purA(28)	recA(29)
data/genomes/562.12959.fna.gz	ecoli_achtman_4	131	adk(53)	fumC(40)	gyrB(47)	icd(13)	mdh(36)	purA(28)	recA(29)
data/genomes/562.144236.fna.gz	ecoli_achtman_4	131	adk(53)	fumC(40)	gyrB(47)	icd(13)	mdh(36)	purA(28)	recA(29)
data/genomes/562.100921.fna.gz	ecoli_achtman_4	131	adk(53)	fumC(40)	gyrB(47)	icd(13)	mdh(36)	purA(28)	recA(29)
data/genomes/562.144168.fna.gz	ecoli_achtman_4	131	adk(53)	fumC(40)	gyrB(47)	icd(13)	mdh(36)	purA(28)	recA(29)
data/genomes/562.140833.fna.gz	ecoli_achtman_4	131	adk(53)	fumC(40)	gyrB(47)	icd(13)	mdh(36)	purA(28)	recA(29)
data/genomes/562.140883.fna.gz	ecoli_achtman_4	131	adk(53)	fumC(40)	gyrB(47)	icd(13)	mdh(36)	purA(28)	recA(29)
data/genomes/562.12960.fna.gz	ecoli_achtman_4	101	adk(43)	fumC(41)	gyrB(15)	icd(18)	mdh(11)	purA(7)	recA(6)
data/genomes/562.144237.fna.gz	ecoli_achtman_4	6958	adk(203)	fumC(3)	gyrB(234)	icd(6)	mdh(5)	purA(16)	recA(302)
data/genomes/562.144171.fna.gz	ecoli_achtman_4	7401	adk(21)	fumC(35)	gyrB(27)	icd(6)	mdh(5)	purA(565)	recA(4)
data/genomes/562.100922.fna.gz	ecoli_achtman_4	141	adk(13)	fumC(52)	gyrB(10)	icd(14)	mdh(17)	purA(25)	recA(17)
data/genomes/562.140834.fna.gz	ecoli_achtman_4	131	adk(53)	fumC(40)	gyrB(47)	icd(13)	mdh(36)	purA(28)	recA(29)
data/genomes/562.12961.fna.gz	ecoli_achtman_4	-	adk(~1769)	fumC(1594)	gyrB(193)	icd(~1804)	mdh(986)	purA(745)	recA(139)
data/genomes/562.140884.fna.gz	ecoli_achtman_4	131	adk(53)	fumC(40)	gyrB(47)	icd(13)	mdh(36)	purA(28)	recA(29)
data/genomes/562.144238.fna.gz	ecoli_achtman_4	155	adk(6)	fumC(4)	gyrB(14)	icd(16)	mdh(24)	purA(8)	recA(14)
data/genomes/562.12962.fna.gz	ecoli_achtman_4	-	adk(~693)	fumC(1664)	gyrB(193)	icd(804)	mdh(636)	purA(~964)	recA(~925)
data/genomes/562.100923.fna.gz	ecoli_achtman_4	12	adk(13)	fumC(13)	gyrB(9)	icd(13)	mdh(16)	purA(10)	recA(9)
data/genomes/562.144172.fna.gz	ecoli_achtman_4	69	adk(21)	fumC(35)	gyrB(27)	icd(6)	mdh(5)	purA(5)	recA(4)
data/genomes/562.140835.fna.gz	ecoli_achtman_4	131	adk(53)	fumC(40)	gyrB(47)	icd(13)	mdh(36)	purA(28)	recA(29)
data/genomes/562.140885.fna.gz	ecoli_achtman_4	131	adk(53)	fumC(40)	gyrB(47)	icd(13)	mdh(36)	purA(28)	recA(29)
data/genomes/562.144239.fna.gz	ecoli_achtman_4	167	adk(10)	fumC(11)	gyrB(4)	icd(8)	mdh(8)	purA(13)	recA(2)
data/genomes/562.100924.fna.gz	ecoli_achtman_4	69	adk(21)	fumC(35)	gyrB(27)	icd(6)	mdh(5)	purA(5)	recA(4)
data/genomes/562.13502.fna.gz	ecoli_achtman_4	10	adk(10)	fumC(11)	gyrB(4)	icd(8)	mdh(8)	purA(8)	recA(2)
data/genomes/562.144173.fna.gz	ecoli_achtman_4	7400	adk(6)	fumC(4)	gyrB(33)	icd(16)	mdh(11)	purA(7)	recA(14)
data/genomes/562.140836.fna.gz	ecoli_achtman_4	131	adk(53)	fumC(40)	gyrB(47)	icd(13)	mdh(36)	purA(28)	recA(29)
data/genomes/562.140886.fna.gz	ecoli_achtman_4	131	adk(53)	fumC(40)	gyrB(47)	icd(13)	mdh(36)	purA(28)	recA(29)
data/genomes/562.144240.fna.gz	ecoli_achtman_4	23	adk(6)	fumC(4)	gyrB(12)	icd(1)	mdh(20)	purA(13)	recA(7)
data/genomes/562.135559.fna.gz	ecoli_achtman_4	167	adk(10)	fumC(11)	gyrB(4)	icd(8)	mdh(8)	purA(13)	recA(2)
data/genomes/562.100925.fna.gz	ecoli_achtman_4	2279	adk(53)	fumC(40)	gyrB(47)	icd(13)	mdh(36)	purA(8)	recA(29)
data/genomes/562.144174.fna.gz	ecoli_achtman_4	12	adk(13)	fumC(13)	gyrB(9)	icd(13)	mdh(16)	purA(10)	recA(9)
data/genomes/562.140837.fna.gz	ecoli_achtman_4	131	adk(53)	fumC(40)	gyrB(47)	icd(13)	mdh(36)	purA(28)	recA(29)
data/genomes/562.140887.fna.gz	ecoli_achtman_4	131	adk(53)	fumC(40)	gyrB(47)	icd(13)	mdh(36)	purA(28)	recA(29)
data/genomes/562.135560.fna.gz	ecoli_achtman_4	2689	adk(10)	fumC(11)	gyrB(4)	icd(12)	mdh(8)	purA(1)	recA(227)
data/genomes/562.144241.fna.gz	ecoli_achtman_4	405	adk(35)	fumC(37)	gyrB(29)	icd(25)	mdh(4)	purA(5)	recA(73)
data/genomes/562.100926.fna.gz	ecoli_achtman_4	162	adk(9)	fumC(65)	gyrB(5)	icd(1)	mdh(9)	purA(13)	recA(6)
data/genomes/562.144175.fna.gz	ecoli_achtman_4	155	adk(6)	fumC(4)	gyrB(14)	icd(16)	mdh(24)	purA(8)	recA(14)
data/genomes/562.140838.fna.gz	ecoli_achtman_4	131	adk(53)	fumC(40)	gyrB(47)	icd(13)	mdh(36)	purA(28)	recA(29)
data/genomes/562.140888.fna.gz	ecoli_achtman_4	131	adk(53)	fumC(40)	gyrB(47)	icd(13)	mdh(36)	purA(28)	recA(29)
data/genomes/562.135561.fna.gz	ecoli_achtman_4	-	adk(6)	fumC(-)	gyrB(12)	icd(1)	mdh(20)	purA(18)	recA(7)
data/genomes/562.144242.fna.gz	ecoli_achtman_4	73	adk(36)	fumC(24)	gyrB(9)	icd(13)	mdh(17)	purA(11)	recA(25)
data/genomes/562.100927.fna.gz	ecoli_achtman_4	141	adk(13)	fumC(52)	gyrB(10)	icd(14)	mdh(17)	purA(25)	recA(17)
data/genomes/562.144177.fna.gz	ecoli_achtman_4	1727	adk(6)	fumC(19)	gyrB(3)	icd(16)	mdh(11)	purA(8)	recA(6)
data/genomes/562.140839.fna.gz	ecoli_achtman_4	131	adk(53)	fumC(40)	gyrB(47)	icd(13)	mdh(36)	purA(28)	recA(29)
data/genomes/562.140889.fna.gz	ecoli_achtman_4	131	adk(53)	fumC(40)	gyrB(47)	icd(13)	mdh(36)	purA(28)	recA(29)
data/genomes/562.135562.fna.gz	ecoli_achtman_4	-	adk(43)	fumC(41)	gyrB(15)	icd(~18)	mdh(11)	purA(7)	recA(6)
data/genomes/562.100928.fna.gz	ecoli_achtman_4	69	adk(21)	fumC(35)	gyrB(27)	icd(6)	mdh(5)	purA(5)	recA(4)
data/genomes/562.144243.fna.gz	ecoli_achtman_4	131	adk(53)	fumC(40)	gyrB(47)	icd(13)	mdh(36)	purA(28)	recA(29)
data/genomes/562.144178.fna.gz	ecoli_achtman_4	131	adk(53)	fumC(40)	gyrB(47)	icd(13)	mdh(36)	purA(28)	recA(29)
data/genomes/562.140840.fna.gz	ecoli_achtman_4	131	adk(53)	fumC(40)	gyrB(47)	icd(13)	mdh(36)	purA(28)	recA(29)
data/genomes/562.140890.fna.gz	ecoli_achtman_4	131	adk(53)	fumC(40)	gyrB(47)	icd(13)	mdh(36)	purA(28)	recA(29)
data/genomes/562.135563.fna.gz	ecoli_achtman_4	131	adk(53)	fumC(40)	gyrB(47)	icd(13)	mdh(36)	purA(28)	recA(29)
data/genomes/562.100929.fna.gz	ecoli_achtman_4	69	adk(21)	fumC(35)	gyrB(27)	icd(6)	mdh(5)	purA(5)	recA(4)
data/genomes/562.144244.fna.gz	ecoli_achtman_4	410	adk(6)	fumC(4)	gyrB(12)	icd(1)	mdh(20)	purA(18)	recA(7)
data/genomes/562.144182.fna.gz	ecoli_achtman_4	401	adk(1)	fumC(107)	gyrB(7)	icd(11)	mdh(7)	purA(3)	recA(7)
data/genomes/562.140841.fna.gz	ecoli_achtman_4	131	adk(53)	fumC(40)	gyrB(47)	icd(13)	mdh(36)	purA(28)	recA(29)
data/genomes/562.140891.fna.gz	ecoli_achtman_4	131	adk(53)	fumC(40)	gyrB(47)	icd(13)	mdh(36)	purA(28)	recA(29)
data/genomes/562.135564.fna.gz	ecoli_achtman_4	405	adk(35)	fumC(37)	gyrB(29)	icd(25)	mdh(4)	purA(5)	recA(73)
data/genomes/562.144183.fna.gz	ecoli_achtman_4	135	adk(13)	fumC(39)	gyrB(50)	icd(13)	mdh(16)	purA(37)	recA(25)
data/genomes/562.144246.fna.gz	ecoli_achtman_4	636	adk(13)	fumC(108)	gyrB(10)	icd(97)	mdh(18)	purA(68)	recA(93)
data/genomes/562.100930.fna.gz	ecoli_achtman_4	141	adk(13)	fumC(52)	gyrB(10)	icd(14)	mdh(17)	purA(25)	recA(17)
data/genomes/562.140842.fna.gz	ecoli_achtman_4	131	adk(53)	fumC(40)	gyrB(47)	icd(13)	mdh(36)	purA(28)	recA(29)
data/genomes/562.140892.fna.gz	ecoli_achtman_4	131	adk(53)	fumC(40)	gyrB(47)	icd(13)	mdh(36)	purA(28)	recA(29)
data/genomes/562.135565.fna.gz	ecoli_achtman_4	167	adk(10)	fumC(11)	gyrB(4)	icd(8)	mdh(8)	purA(13)	recA(2)
data/genomes/562.144247.fna.gz	ecoli_achtman_4	409	adk(10)	fumC(11)	gyrB(1)	icd(1)	mdh(71)	purA(8)	recA(6)
data/genomes/562.144185.fna.gz	ecoli_achtman_4	1236	adk(170)	fumC(195)	gyrB(13)	icd(100)	mdh(30)	purA(25)	recA(30)
data/genomes/562.100931.fna.gz	ecoli_achtman_4	73	adk(36)	fumC(24)	gyrB(9)	icd(13)	mdh(17)	purA(11)	recA(25)
data/genomes/562.140843.fna.gz	ecoli_achtman_4	131	adk(53)	fumC(40)	gyrB(47)	icd(13)	mdh(36)	purA(28)	recA(29)
data/genomes/562.140893.fna.gz	ecoli_achtman_4	131	adk(53)	fumC(40)	gyrB(47)	icd(13)	mdh(36)	purA(28)	recA(29)
data/genomes/562.135567.fna.gz	ecoli_achtman_4	167	adk(10)	fumC(11)	gyrB(4)	icd(8)	mdh(8)	purA(13)	recA(2)
data/genomes/562.144186.fna.gz	ecoli_achtman_4	1049	adk(6)	fumC(4)	gyrB(14)	icd(16)	mdh(24)	purA(5)	recA(14)
data/genomes/562.144248.fna.gz	ecoli_achtman_4	95	adk(37)	fumC(38)	gyrB(19)	icd(37)	mdh(17)	purA(11)	recA(26)
data/genomes/562.100932.fna.gz	ecoli_achtman_4	73	adk(36)	fumC(24)	gyrB(9)	icd(13)	mdh(17)	purA(11)	recA(25)
data/genomes/562.140844.fna.gz	ecoli_achtman_4	131	adk(53)	fumC(40)	gyrB(47)	icd(13)	mdh(36)	purA(28)	recA(29)
data/genomes/562.140894.fna.gz	ecoli_achtman_4	131	adk(53)	fumC(40)	gyrB(47)	icd(13)	mdh(36)	purA(28)	recA(29)
data/genomes/562.135568.fna.gz	ecoli_achtman_4	8346	adk(6)	fumC(30)	gyrB(32)	icd(16)	mdh(643)	purA(8)	recA(7)
data/genomes/562.144187.fna.gz	ecoli_achtman_4	973	adk(154)	fumC(187)	gyrB(22)	icd(52)	mdh(130)	purA(129)	recA(4)
data/genomes/562.144249.fna.gz	ecoli_achtman_4	38	adk(4)	fumC(26)	gyrB(2)	icd(25)	mdh(5)	purA(5)	recA(19)
data/genomes/562.100933.fna.gz	ecoli_achtman_4	127	adk(13)	fumC(14)	gyrB(19)	icd(36)	mdh(23)	purA(11)	recA(10)
data/genomes/562.140845.fna.gz	ecoli_achtman_4	131	adk(53)	fumC(40)	gyrB(47)	icd(13)	mdh(36)	purA(28)	recA(29)
data/genomes/562.140895.fna.gz	ecoli_achtman_4	131	adk(53)	fumC(40)	gyrB(47)	icd(13)	mdh(36)	purA(28)	recA(29)
data/genomes/562.135569.fna.gz	ecoli_achtman_4	2083	adk(6)	fumC(322)	gyrB(5)	icd(16)	mdh(11)	purA(8)	recA(7)
data/genomes/562.144188.fna.gz	ecoli_achtman_4	3056	adk(62)	fumC(418)	gyrB(308)	icd(25)	mdh(166)	purA(16)	recA(19)
data/genomes/562.144250.fna.gz	ecoli_achtman_4	38	adk(4)	fumC(26)	gyrB(2)	icd(25)	mdh(5)	purA(5)	recA(19)
data/genomes/562.100934.fna.gz	ecoli_achtman_4	14	adk(14)	fumC(14)	gyrB(10)	icd(14)	mdh(17)	purA(7)	recA(10)
data/genomes/562.140846.fna.gz	ecoli_achtman_4	131	adk(53)	fumC(40)	gyrB(47)	icd(13)	mdh(36)	purA(28)	recA(29)
data/genomes/562.140896.fna.gz	ecoli_achtman_4	131	adk(53)	fumC(40)	gyrB(47)	icd(13)	mdh(36)	purA(28)	recA(29)
data/genomes/562.144190.fna.gz	ecoli_achtman_4	12	adk(13)	fumC(13)	gyrB(9)	icd(13)	mdh(16)	purA(10)	recA(9)
data/genomes/562.135570.fna.gz	ecoli_achtman_4	405	adk(35)	fumC(37)	gyrB(29)	icd(25)	mdh(4)	purA(5)	recA(73)
data/genomes/562.144252.fna.gz	ecoli_achtman_4	10	adk(10)	fumC(11)	gyrB(4)	icd(8)	mdh(8)	purA(8)	recA(2)
data/genomes/562.140847.fna.gz	ecoli_achtman_4	131	adk(53)	fumC(40)	gyrB(47)	icd(13)	mdh(36)	purA(28)	recA(29)
data/genomes/562.100935.fna.gz	ecoli_achtman_4	95	adk(37)	fumC(38)	gyrB(19)	icd(37)	mdh(17)	purA(11)	recA(26)
data/genomes/562.140897.fna.gz	ecoli_achtman_4	131	adk(53)	fumC(40)	gyrB(47)	icd(13)	mdh(36)	purA(28)	recA(29)
data/genomes/562.144191.fna.gz	ecoli_achtman_4	1442	adk(13)	fumC(44)	gyrB(121)	icd(13)	mdh(16)	purA(10)	recA(25)
data/genomes/562.135571.fna.gz	ecoli_achtman_4	8346	adk(6)	fumC(30)	gyrB(32)	icd(16)	mdh(643)	purA(8)	recA(7)
data/genomes/562.144253.fna.gz	ecoli_achtman_4	940	adk(6)	fumC(6)	gyrB(22)	icd(16)	mdh(11)	purA(1)	recA(7)
data/genomes/562.140848.fna.gz	ecoli_achtman_4	131	adk(53)	fumC(40)	gyrB(47)	icd(13)	mdh(36)	purA(28)	recA(29)
data/genomes/562.100936.fna.gz	ecoli_achtman_4	95	adk(37)	fumC(38)	gyrB(19)	icd(37)	mdh(17)	purA(11)	recA(26)
data/genomes/562.144193.fna.gz	ecoli_achtman_4	131	adk(53)	fumC(40)	gyrB(47)	icd(13)	mdh(36)	purA(28)	recA(29)
data/genomes/562.140898.fna.gz	ecoli_achtman_4	69	adk(21)	fumC(35)	gyrB(27)	icd(6)	mdh(5)	purA(5)	recA(4)
data/genomes/562.135572.fna.gz	ecoli_achtman_4	156	adk(6)	fumC(29)	gyrB(32)	icd(16)	mdh(11)	purA(8)	recA(44)
data/genomes/562.144254.fna.gz	ecoli_achtman_4	744	adk(10)	fumC(11)	gyrB(135)	icd(8)	mdh(8)	purA(8)	recA(2)
data/genomes/562.140849.fna.gz	ecoli_achtman_4	131	adk(53)	fumC(40)	gyrB(47)	icd(13)	mdh(36)	purA(28)	recA(29)
data/genomes/562.100937.fna.gz	ecoli_achtman_4	69	adk(21)	fumC(35)	gyrB(27)	icd(6)	mdh(5)	purA(5)	recA(4)
data/genomes/562.144194.fna.gz	ecoli_achtman_4	58	adk(6)	fumC(4)	gyrB(4)	icd(16)	mdh(24)	purA(8)	recA(14)
data/genomes/562.140899.fna.gz	ecoli_achtman_4	131	adk(53)	fumC(40)	gyrB(47)	icd(13)	mdh(36)	purA(28)	recA(29)
data/genomes/562.144255.fna.gz	ecoli_achtman_4	354	adk(85)	fumC(88)	gyrB(78)	icd(29)	mdh(59)	purA(58)	recA(62)
data/genomes/562.135573.fna.gz	ecoli_achtman_4	167	adk(10)	fumC(11)	gyrB(4)	icd(8)	mdh(8)	purA(13)	recA(2)
data/genomes/562.140850.fna.gz	ecoli_achtman_4	131	adk(53)	fumC(40)	gyrB(47)	icd(13)	mdh(36)	purA(28)	recA(29)
data/genomes/562.100938.fna.gz	ecoli_achtman_4	73	adk(36)	fumC(24)	gyrB(9)	icd(13)	mdh(17)	purA(11)	recA(25)
data/genomes/562.140900.fna.gz	ecoli_achtman_4	131	adk(53)	fumC(40)	gyrB(47)	icd(13)	mdh(36)	purA(28)	recA(29)
data/genomes/562.144195.fna.gz	ecoli_achtman_4	216	adk(10)	fumC(11)	gyrB(57)	icd(8)	mdh(7)	purA(18)	recA(6)
data/genomes/562.135574.fna.gz	ecoli_achtman_4	648	adk(92)	fumC(4)	gyrB(87)	icd(96)	mdh(70)	purA(58)	recA(2)
data/genomes/562.144256.fna.gz	ecoli_achtman_4	2599	adk(267)	fumC(6)	gyrB(5)	icd(26)	mdh(9)	purA(13)	recA(98)
data/genomes/562.140851.fna.gz	ecoli_achtman_4	131	adk(53)	fumC(40)	gyrB(47)	icd(13)	mdh(36)	purA(28)	recA(29)
data/genomes/562.100939.fna.gz	ecoli_achtman_4	95	adk(37)	fumC(38)	gyrB(19)	icd(37)	mdh(17)	purA(11)	recA(26)
data/genomes/562.140901.fna.gz	ecoli_achtman_4	405	adk(35)	fumC(37)	gyrB(29)	icd(25)	mdh(4)	purA(5)	recA(73)
data/genomes/562.144196.fna.gz	ecoli_achtman_4	2015	adk(76)	fumC(319)	gyrB(30)	icd(37)	mdh(17)	purA(10)	recA(96)
data/genomes/562.135575.fna.gz	ecoli_achtman_4	167	adk(10)	fumC(11)	gyrB(4)	icd(8)	mdh(8)	purA(13)	recA(2)
data/genomes/562.140852.fna.gz	ecoli_achtman_4	131	adk(53)	fumC(40)	gyrB(47)	icd(13)	mdh(36)	purA(28)	recA(29)
data/genomes/562.144257.fna.gz	ecoli_achtman_4	1485	adk(92)	fumC(231)	gyrB(87)	icd(96)	mdh(70)	purA(58)	recA(2)
data/genomes/562.100940.fna.gz	ecoli_achtman_4	127	adk(13)	fumC(14)	gyrB(19)	icd(36)	mdh(23)	purA(11)	recA(10)
data/genomes/562.140902.fna.gz	ecoli_achtman_4	405	adk(35)	fumC(37)	gyrB(29)	icd(25)	mdh(4)	purA(5)	recA(73)
data/genomes/562.144198.fna.gz	ecoli_achtman_4	58	adk(6)	fumC(4)	gyrB(4)	icd(16)	mdh(24)	purA(8)	recA(14)
data/genomes/562.135576.fna.gz	ecoli_achtman_4	448	adk(6)	fumC(6)	gyrB(5)	icd(16)	mdh(11)	purA(8)	recA(7)
data/genomes/562.140853.fna.gz	ecoli_achtman_4	131	adk(53)	fumC(40)	gyrB(47)	icd(13)	mdh(36)	purA(28)	recA(29)
data/genomes/562.144259.fna.gz	ecoli_achtman_4	127	adk(13)	fumC(14)	gyrB(19)	icd(36)	mdh(23)	purA(11)	recA(10)
data/genomes/562.100941.fna.gz	ecoli_achtman_4	131	adk(53)	fumC(40)	gyrB(47)	icd(13)	mdh(36)	purA(28)	recA(29)
data/genomes/562.140903.fna.gz	ecoli_achtman_4	131	adk(53)	fumC(40)	gyrB(47)	icd(13)	mdh(36)	purA(28)	recA(29)
data/genomes/562.135577.fna.gz	ecoli_achtman_4	2450	adk(8)	fumC(7)	gyrB(1)	icd(8)	mdh(8)	purA(13)	recA(6)
data/genomes/562.144199.fna.gz	ecoli_achtman_4	6958	adk(203)	fumC(3)	gyrB(234)	icd(6)	mdh(5)	purA(16)	recA(302)
data/genomes/562.140854.fna.gz	ecoli_achtman_4	131	adk(53)	fumC(40)	gyrB(47)	icd(13)	mdh(36)	purA(28)	recA(29)
data/genomes/562.144260.fna.gz	ecoli_achtman_4	2622	adk(13)	fumC(363)	gyrB(10)	icd(97)	mdh(17)	purA(94)	recA(93)
data/genomes/562.100942.fna.gz	ecoli_achtman_4	12	adk(13)	fumC(13)	gyrB(9)	icd(13)	mdh(16)	purA(10)	recA(9)
data/genomes/562.140904.fna.gz	ecoli_achtman_4	12	adk(13)	fumC(13)	gyrB(9)	icd(13)	mdh(16)	purA(10)	recA(9)
data/genomes/562.135578.fna.gz	ecoli_achtman_4	8346	adk(6)	fumC(30)	gyrB(32)	icd(16)	mdh(643)	purA(8)	recA(7)
data/genomes/562.140855.fna.gz	ecoli_achtman_4	131	adk(53)	fumC(40)	gyrB(47)	icd(13)	mdh(36)	purA(28)	recA(29)
data/genomes/562.144263.fna.gz	ecoli_achtman_4	131	adk(53)	fumC(40)	gyrB(47)	icd(13)	mdh(36)	purA(28)	recA(29)
data/genomes/562.144200.fna.gz	ecoli_achtman_4	10	adk(10)	fumC(11)	gyrB(4)	icd(8)	mdh(8)	purA(8)	recA(2)
data/genomes/562.100943.fna.gz	ecoli_achtman_4	12	adk(13)	fumC(13)	gyrB(9)	icd(13)	mdh(16)	purA(10)	recA(9)
data/genomes/562.135579.fna.gz	ecoli_achtman_4	167	adk(10)	fumC(11)	gyrB(4)	icd(8)	mdh(8)	purA(13)	recA(2)
data/genomes/562.140905.fna.gz	ecoli_achtman_4	131	adk(53)	fumC(40)	gyrB(47)	icd(13)	mdh(36)	purA(28)	recA(29)
data/genomes/562.144265.fna.gz	ecoli_achtman_4	410	adk(6)	fumC(4)	gyrB(12)	icd(1)	mdh(20)	purA(18)	recA(7)
data/genomes/562.140856.fna.gz	ecoli_achtman_4	131	adk(53)	fumC(40)	gyrB(47)	icd(13)	mdh(36)	purA(28)	recA(29)
data/genomes/562.144202.fna.gz	ecoli_achtman_4	46	adk(8)	fumC(7)	gyrB(1)	icd(8)	mdh(8)	purA(8)	recA(6)
data/genomes/562.100944.fna.gz	ecoli_achtman_4	2425	adk(6)	fumC(6)	gyrB(3)	icd(18)	mdh(9)	purA(7)	recA(6)
data/genomes/562.135580.fna.gz	ecoli_achtman_4	167	adk(10)	fumC(11)	gyrB(4)	icd(8)	mdh(8)	purA(13)	recA(2)
data/genomes/562.144268.fna.gz	ecoli_achtman_4	10	adk(10)	fumC(11)	gyrB(4)	icd(8)	mdh(8)	purA(8)	recA(2)
data/genomes/562.140906.fna.gz	ecoli_achtman_4	131	adk(53)	fumC(40)	gyrB(47)	icd(13)	mdh(36)	purA(28)	recA(29)
data/genomes/562.140857.fna.gz	ecoli_achtman_4	131	adk(53)	fumC(40)	gyrB(47)	icd(13)	mdh(36)	purA(28)	recA(29)
data/genomes/562.144204.fna.gz	ecoli_achtman_4	38	adk(4)	fumC(26)	gyrB(2)	icd(25)	mdh(5)	purA(5)	recA(19)
data/genomes/562.100945.fna.gz	ecoli_achtman_4	73	adk(36)	fumC(24)	gyrB(9)	icd(13)	mdh(17)	purA(11)	recA(25)
data/genomes/562.135581.fna.gz	ecoli_achtman_4	2083	adk(6)	fumC(322)	gyrB(5)	icd(16)	mdh(11)	purA(8)	recA(7)
data/genomes/562.144269.fna.gz	ecoli_achtman_4	10	adk(10)	fumC(11)	gyrB(4)	icd(8)	mdh(8)	purA(8)	recA(2)
data/genomes/562.140907.fna.gz	ecoli_achtman_4	405	adk(35)	fumC(37)	gyrB(29)	icd(25)	mdh(4)	purA(5)	recA(73)
data/genomes/562.144205.fna.gz	ecoli_achtman_4	357	adk(13)	fumC(40)	gyrB(13)	icd(13)	mdh(23)	purA(25)	recA(66)
data/genomes/562.140858.fna.gz	ecoli_achtman_4	131	adk(53)	fumC(40)	gyrB(47)	icd(13)	mdh(36)	purA(28)	recA(29)
data/genomes/562.100946.fna.gz	ecoli_achtman_4	69	adk(21)	fumC(35)	gyrB(27)	icd(6)	mdh(5)	purA(5)	recA(4)
data/genomes/562.135582.fna.gz	ecoli_achtman_4	2083	adk(6)	fumC(322)	gyrB(5)	icd(16)	mdh(11)	purA(8)	recA(7)
data/genomes/562.144273.fna.gz	ecoli_achtman_4	120	adk(49)	fumC(4)	gyrB(44)	icd(9)	mdh(11)	purA(35)	recA(7)
data/genomes/562.140908.fna.gz	ecoli_achtman_4	405	adk(35)	fumC(37)	gyrB(29)	icd(25)	mdh(4)	purA(5)	recA(73)
data/genomes/562.144206.fna.gz	ecoli_achtman_4	141	adk(13)	fumC(52)	gyrB(10)	icd(14)	mdh(17)	purA(25)	recA(17)
data/genomes/562.140859.fna.gz	ecoli_achtman_4	131	adk(53)	fumC(40)	gyrB(47)	icd(13)	mdh(36)	purA(28)	recA(29)
data/genomes/562.100947.fna.gz	ecoli_achtman_4	155	adk(6)	fumC(4)	gyrB(14)	icd(16)	mdh(24)	purA(8)	recA(14)
data/genomes/562.144274.fna.gz	ecoli_achtman_4	131	adk(53)	fumC(40)	gyrB(47)	icd(13)	mdh(36)	purA(28)	recA(29)
data/genomes/562.140909.fna.gz	ecoli_achtman_4	405	adk(35)	fumC(37)	gyrB(29)	icd(25)	mdh(4)	purA(5)	recA(73)
data/genomes/562.144209.fna.gz	ecoli_achtman_4	131	adk(53)	fumC(40)	gyrB(47)	icd(13)	mdh(36)	purA(28)	recA(29)
data/genomes/562.135583.fna.gz	ecoli_achtman_4	405	adk(35)	fumC(37)	gyrB(29)	icd(25)	mdh(4)	purA(5)	recA(73)
data/genomes/562.100948.fna.gz	ecoli_achtman_4	131	adk(53)	fumC(40)	gyrB(47)	icd(13)	mdh(36)	purA(28)	recA(29)
data/genomes/562.140860.fna.gz	ecoli_achtman_4	-	adk(53)	fumC(40)	gyrB(47)	icd(13)	mdh(1688?)	purA(28)	recA(29)
data/genomes/562.144278.fna.gz	ecoli_achtman_4	127	adk(13)	fumC(14)	gyrB(19)	icd(36)	mdh(23)	purA(11)	recA(10)
data/genomes/562.140910.fna.gz	ecoli_achtman_4	131	adk(53)	fumC(40)	gyrB(47)	icd(13)	mdh(36)	purA(28)	recA(29)
data/genomes/562.135584.fna.gz	ecoli_achtman_4	405	adk(35)	fumC(37)	gyrB(29)	icd(25)	mdh(4)	purA(5)	recA(73)
data/genomes/562.144211.fna.gz	ecoli_achtman_4	38	adk(4)	fumC(26)	gyrB(2)	icd(25)	mdh(5)	purA(5)	recA(19)
data/genomes/562.100949.fna.gz	ecoli_achtman_4	95	adk(37)	fumC(38)	gyrB(19)	icd(37)	mdh(17)	purA(11)	recA(26)
data/genomes/562.140861.fna.gz	ecoli_achtman_4	131	adk(53)	fumC(40)	gyrB(47)	icd(13)	mdh(36)	purA(28)	recA(29)
data/genomes/562.144281.fna.gz	ecoli_achtman_4	12	adk(13)	fumC(13)	gyrB(9)	icd(13)	mdh(16)	purA(10)	recA(9)
data/genomes/562.140911.fna.gz	ecoli_achtman_4	131	adk(53)	fumC(40)	gyrB(47)	icd(13)	mdh(36)	purA(28)	recA(29)
data/genomes/562.144212.fna.gz	ecoli_achtman_4	617	adk(10)	fumC(11)	gyrB(4)	icd(8)	mdh(8)	purA(13)	recA(73)
data/genomes/562.135585.fna.gz	ecoli_achtman_4	405	adk(35)	fumC(37)	gyrB(29)	icd(25)	mdh(4)	purA(5)	recA(73)
data/genomes/562.100950.fna.gz	ecoli_achtman_4	73	adk(36)	fumC(24)	gyrB(9)	icd(13)	mdh(17)	purA(11)	recA(25)
data/genomes/562.140862.fna.gz	ecoli_achtman_4	131	adk(53)	fumC(40)	gyrB(47)	icd(13)	mdh(36)	purA(28)	recA(29)
data/genomes/562.144282.fna.gz	ecoli_achtman_4	73	adk(36)	fumC(24)	gyrB(9)	icd(13)	mdh(17)	purA(11)	recA(25)
data/genomes/562.140912.fna.gz	ecoli_achtman_4	131	adk(53)	fumC(40)	gyrB(47)	icd(13)	mdh(36)	purA(28)	recA(29)
data/genomes/562.135586.fna.gz	ecoli_achtman_4	167	adk(10)	fumC(11)	gyrB(4)	icd(8)	mdh(8)	purA(13)	recA(2)
data/genomes/562.144213.fna.gz	ecoli_achtman_4	131	adk(53)	fumC(40)	gyrB(47)	icd(13)	mdh(36)	purA(28)	recA(29)
data/genomes/562.100951.fna.gz	ecoli_achtman_4	3057	adk(290)	fumC(54)	gyrB(55)	icd(324)	mdh(35)	purA(40)	recA(223)
data/genomes/562.140863.fna.gz	ecoli_achtman_4	131	adk(53)	fumC(40)	gyrB(47)	icd(13)	mdh(36)	purA(28)	recA(29)
data/genomes/562.144283.fna.gz	ecoli_achtman_4	131	adk(53)	fumC(40)	gyrB(47)	icd(13)	mdh(36)	purA(28)	recA(29)
data/genomes/562.140913.fna.gz	ecoli_achtman_4	131	adk(53)	fumC(40)	gyrB(47)	icd(13)	mdh(36)	purA(28)	recA(29)
data/genomes/562.144214.fna.gz	ecoli_achtman_4	5778	adk(164)	fumC(26)	gyrB(2)	icd(25)	mdh(5)	purA(5)	recA(19)
data/genomes/562.144284.fna.gz	ecoli_achtman_4	95	adk(37)	fumC(38)	gyrB(19)	icd(37)	mdh(17)	purA(11)	recA(26)
data/genomes/562.140864.fna.gz	ecoli_achtman_4	131	adk(53)	fumC(40)	gyrB(47)	icd(13)	mdh(36)	purA(28)	recA(29)
data/genomes/562.144920.fna.gz	ecoli_achtman_4	2083	adk(6)	fumC(322)	gyrB(5)	icd(16)	mdh(11)	purA(8)	recA(7)
data/genomes/562.140914.fna.gz	ecoli_achtman_4	131	adk(53)	fumC(40)	gyrB(47)	icd(13)	mdh(36)	purA(28)	recA(29)
data/genomes/562.145020.fna.gz	ecoli_achtman_4	86	adk(9)	fumC(6)	gyrB(33)	icd(33)	mdh(24)	purA(8)	recA(7)
data/genomes/562.144286.fna.gz	ecoli_achtman_4	636	adk(13)	fumC(108)	gyrB(10)	icd(97)	mdh(18)	purA(68)	recA(93)
data/genomes/562.144970.fna.gz	ecoli_achtman_4	13588	adk(6)	fumC(436)	gyrB(12)	icd(16)	mdh(9)	purA(7)	recA(7)
data/genomes/562.145070.fna.gz	ecoli_achtman_4	302	adk(79)	fumC(84)	gyrB(71)	icd(78)	mdh(52)	purA(57)	recA(2)
data/genomes/562.144921.fna.gz	ecoli_achtman_4	405	adk(35)	fumC(37)	gyrB(29)	icd(25)	mdh(4)	purA(5)	recA(73)
data/genomes/562.145415.fna.gz	ecoli_achtman_4	155	adk(6)	fumC(4)	gyrB(14)	icd(16)	mdh(24)	purA(8)	recA(14)
data/genomes/562.144971.fna.gz	ecoli_achtman_4	583	adk(15)	fumC(24)	gyrB(10)	icd(46)	mdh(17)	purA(37)	recA(36)
data/genomes/562.144287.fna.gz	ecoli_achtman_4	88	adk(6)	fumC(4)	gyrB(12)	icd(1)	mdh(20)	purA(12)	recA(7)
data/genomes/562.145021.fna.gz	ecoli_achtman_4	327	adk(6)	fumC(4)	gyrB(4)	icd(85)	mdh(43)	purA(12)	recA(7)
data/genomes/562.145071.fna.gz	ecoli_achtman_4	10	adk(10)	fumC(11)	gyrB(4)	icd(8)	mdh(8)	purA(8)	recA(2)
data/genomes/562.144922.fna.gz	ecoli_achtman_4	8346	adk(6)	fumC(30)	gyrB(32)	icd(16)	mdh(643)	purA(8)	recA(7)
data/genomes/562.145416.fna.gz	ecoli_achtman_4	38	adk(4)	fumC(26)	gyrB(2)	icd(25)	mdh(5)	purA(5)	recA(19)
data/genomes/562.144288.fna.gz	ecoli_achtman_4	4959	adk(10)	fumC(11)	gyrB(57)	icd(8)	mdh(384)	purA(18)	recA(6)
data/genomes/562.144972.fna.gz	ecoli_achtman_4	13587	adk(78)	fumC(2126)	gyrB(5)	icd(10)	mdh(12)	purA(8)	recA(2)
data/genomes/562.145022.fna.gz	ecoli_achtman_4	590	adk(6)	fumC(4)	gyrB(12)	icd(10)	mdh(24)	purA(18)	recA(7)
data/genomes/562.145072.fna.gz	ecoli_achtman_4	812	adk(36)	fumC(39)	gyrB(50)	icd(36)	mdh(17)	purA(64)	recA(25)
data/genomes/562.144923.fna.gz	ecoli_achtman_4	156	adk(6)	fumC(29)	gyrB(32)	icd(16)	mdh(11)	purA(8)	recA(44)
data/genomes/562.145417.fna.gz	ecoli_achtman_4	38	adk(4)	fumC(26)	gyrB(2)	icd(25)	mdh(5)	purA(5)	recA(19)
data/genomes/562.144973.fna.gz	ecoli_achtman_4	793	adk(6)	fumC(168)	gyrB(5)	icd(1)	mdh(8)	purA(18)	recA(2)
data/genomes/562.144289.fna.gz	ecoli_achtman_4	131	adk(53)	fumC(40)	gyrB(47)	icd(13)	mdh(36)	purA(28)	recA(29)
data/genomes/562.145023.fna.gz	ecoli_achtman_4	3546	adk(10)	fumC(11)	gyrB(57)	icd(8)	mdh(8)	purA(8)	recA(20)
data/genomes/562.144924.fna.gz	ecoli_achtman_4	167	adk(10)	fumC(11)	gyrB(4)	icd(8)	mdh(8)	purA(13)	recA(2)
data/genomes/562.145073.fna.gz	ecoli_achtman_4	442	adk(6)	fumC(95)	gyrB(33)	icd(18)	mdh(9)	purA(8)	recA(14)
data/genomes/562.144290.fna.gz	ecoli_achtman_4	1193	adk(14)	fumC(14)	gyrB(10)	icd(200)	mdh(17)	purA(7)	recA(10)
data/genomes/562.145418.fna.gz	ecoli_achtman_4	2852	adk(6)	fumC(65)	gyrB(5)	icd(1)	mdh(11)	purA(13)	recA(6)
data/genomes/562.144974.fna.gz	ecoli_achtman_4	738	adk(130)	fumC(45)	gyrB(41)	icd(22)	mdh(7)	purA(50)	recA(45)
data/genomes/562.145024.fna.gz	ecoli_achtman_4	1011	adk(6)	fumC(4)	gyrB(159)	icd(44)	mdh(112)	purA(1)	recA(17)
data/genomes/562.144925.fna.gz	ecoli_achtman_4	167	adk(10)	fumC(11)	gyrB(4)	icd(8)	mdh(8)	purA(13)	recA(2)
data/genomes/562.145074.fna.gz	ecoli_achtman_4	641	adk(9)	fumC(6)	gyrB(33)	icd(131)	mdh(24)	purA(8)	recA(7)
data/genomes/562.144291.fna.gz	ecoli_achtman_4	167	adk(10)	fumC(11)	gyrB(4)	icd(8)	mdh(8)	purA(13)	recA(2)
data/genomes/562.145419.fna.gz	ecoli_achtman_4	38	adk(4)	fumC(26)	gyrB(2)	icd(25)	mdh(5)	purA(5)	recA(19)
data/genomes/562.144975.fna.gz	ecoli_achtman_4	-	adk(6)	fumC(6)	gyrB(5)	icd(1687)	mdh(9)	purA(8)	recA(2)
data/genomes/562.145025.fna.gz	ecoli_achtman_4	13581	adk(9)	fumC(2124)	gyrB(33)	icd(18)	mdh(11)	purA(8)	recA(1064)
data/genomes/562.144926.fna.gz	ecoli_achtman_4	648	adk(92)	fumC(4)	gyrB(87)	icd(96)	mdh(70)	purA(58)	recA(2)
data/genomes/562.145075.fna.gz	ecoli_achtman_4	1114	adk(10)	fumC(27)	gyrB(5)	icd(10)	mdh(12)	purA(1)	recA(2)
data/genomes/562.144294.fna.gz	ecoli_achtman_4	10	adk(10)	fumC(11)	gyrB(4)	icd(8)	mdh(8)	purA(8)	recA(2)
data/genomes/562.145420.fna.gz	ecoli_achtman_4	155	adk(6)	fumC(4)	gyrB(14)	icd(16)	mdh(24)	purA(8)	recA(14)
data/genomes/562.144976.fna.gz	ecoli_achtman_4	442	adk(6)	fumC(95)	gyrB(33)	icd(18)	mdh(9)	purA(8)	recA(14)
data/genomes/562.145026.fna.gz	ecoli_achtman_4	642	adk(9)	fumC(23)	gyrB(33)	icd(18)	mdh(11)	purA(8)	recA(6)
data/genomes/562.144927.fna.gz	ecoli_achtman_4	2450	adk(8)	fumC(7)	gyrB(1)	icd(8)	mdh(8)	purA(13)	recA(6)
data/genomes/562.145076.fna.gz	ecoli_achtman_4	1011	adk(6)	fumC(4)	gyrB(159)	icd(44)	mdh(112)	purA(1)	recA(17)
data/genomes/562.145421.fna.gz	ecoli_achtman_4	155	adk(6)	fumC(4)	gyrB(14)	icd(16)	mdh(24)	purA(8)	recA(14)
data/genomes/562.144295.fna.gz	ecoli_achtman_4	38	adk(4)	fumC(26)	gyrB(2)	icd(25)	mdh(5)	purA(5)	recA(19)
data/genomes/562.144977.fna.gz	ecoli_achtman_4	718	adk(6)	fumC(19)	gyrB(3)	icd(26)	mdh(9)	purA(8)	recA(6)
data/genomes/562.145027.fna.gz	ecoli_achtman_4	-	adk(~1537)	fumC(93)	gyrB(136)	icd(30)	mdh(112)	purA(1)	recA(2)
data/genomes/562.145077.fna.gz	ecoli_achtman_4	10	adk(10)	fumC(11)	gyrB(4)	icd(8)	mdh(8)	purA(8)	recA(2)
data/genomes/562.144928.fna.gz	ecoli_achtman_4	8346	adk(6)	fumC(30)	gyrB(32)	icd(16)	mdh(643)	purA(8)	recA(7)
data/genomes/562.145422.fna.gz	ecoli_achtman_4	154	adk(6)	fumC(6)	gyrB(5)	icd(10)	mdh(9)	purA(8)	recA(6)
data/genomes/562.144296.fna.gz	ecoli_achtman_4	38	adk(4)	fumC(26)	gyrB(2)	icd(25)	mdh(5)	purA(5)	recA(19)
data/genomes/562.145028.fna.gz	ecoli_achtman_4	590	adk(6)	fumC(4)	gyrB(12)	icd(10)	mdh(24)	purA(18)	recA(7)
data/genomes/562.145078.fna.gz	ecoli_achtman_4	13549	adk(1531)	fumC(22)	gyrB(2)	icd(27)	mdh(182)	purA(5)	recA(182)
data/genomes/562.144978.fna.gz	ecoli_achtman_4	753	adk(12)	fumC(93)	gyrB(136)	icd(30)	mdh(112)	purA(1)	recA(2)
data/genomes/562.144929.fna.gz	ecoli_achtman_4	167	adk(10)	fumC(11)	gyrB(4)	icd(8)	mdh(8)	purA(13)	recA(2)
data/genomes/562.144297.fna.gz	ecoli_achtman_4	410	adk(6)	fumC(4)	gyrB(12)	icd(1)	mdh(20)	purA(18)	recA(7)
data/genomes/562.145423.fna.gz	ecoli_achtman_4	38	adk(4)	fumC(26)	gyrB(2)	icd(25)	mdh(5)	purA(5)	recA(19)
data/genomes/562.145029.fna.gz	ecoli_achtman_4	-	adk(~1491)	fumC(45)	gyrB(41)	icd(22)	mdh(7)	purA(50)	recA(45)
data/genomes/562.145079.fna.gz	ecoli_achtman_4	300	adk(77)	fumC(7)	gyrB(72)	icd(18)	mdh(53)	purA(56)	recA(7)
data/genomes/562.144930.fna.gz	ecoli_achtman_4	167	adk(10)	fumC(11)	gyrB(4)	icd(8)	mdh(8)	purA(13)	recA(2)
data/genomes/562.144979.fna.gz	ecoli_achtman_4	13	adk(6)	fumC(6)	gyrB(5)	icd(9)	mdh(9)	purA(8)	recA(2)
data/genomes/562.145424.fna.gz	ecoli_achtman_4	155	adk(6)	fumC(4)	gyrB(14)	icd(16)	mdh(24)	purA(8)	recA(14)
data/genomes/562.144298.fna.gz	ecoli_achtman_4	1079	adk(6)	fumC(19)	gyrB(14)	icd(16)	mdh(11)	purA(12)	recA(2)
data/genomes/562.145030.fna.gz	ecoli_achtman_4	13	adk(6)	fumC(6)	gyrB(5)	icd(9)	mdh(9)	purA(8)	recA(2)
data/genomes/562.145080.fna.gz	ecoli_achtman_4	11	adk(12)	fumC(12)	gyrB(8)	icd(12)	mdh(15)	purA(2)	recA(2)
data/genomes/562.144980.fna.gz	ecoli_achtman_4	328	adk(9)	fumC(23)	gyrB(81)	icd(18)	mdh(11)	purA(8)	recA(6)
data/genomes/562.144931.fna.gz	ecoli_achtman_4	2083	adk(6)	fumC(322)	gyrB(5)	icd(16)	mdh(11)	purA(8)	recA(7)
data/genomes/562.144299.fna.gz	ecoli_achtman_4	131	adk(53)	fumC(40)	gyrB(47)	icd(13)	mdh(36)	purA(28)	recA(29)
data/genomes/562.145425.fna.gz	ecoli_achtman_4	38	adk(4)	fumC(26)	gyrB(2)	icd(25)	mdh(5)	purA(5)	recA(19)
data/genomes/562.145081.fna.gz	ecoli_achtman_4	12514	adk(6)	fumC(1903)	gyrB(4)	icd(85)	mdh(43)	purA(12)	recA(7)
data/genomes/562.145031.fna.gz	ecoli_achtman_4	20	adk(6)	fumC(4)	gyrB(3)	icd(18)	mdh(7)	purA(7)	recA(6)
data/genomes/562.144932.fna.gz	ecoli_achtman_4	2083	adk(6)	fumC(322)	gyrB(5)	icd(16)	mdh(11)	purA(8)	recA(7)
data/genomes/562.144981.fna.gz	ecoli_achtman_4	137	adk(19)	fumC(23)	gyrB(51)	icd(24)	mdh(21)	purA(2)	recA(16)
data/genomes/562.144300.fna.gz	ecoli_achtman_4	131	adk(53)	fumC(40)	gyrB(47)	icd(13)	mdh(36)	purA(28)	recA(29)
data/genomes/562.145426.fna.gz	ecoli_achtman_4	38	adk(4)	fumC(26)	gyrB(2)	icd(25)	mdh(5)	purA(5)	recA(19)
data/genomes/562.145032.fna.gz	ecoli_achtman_4	2086	adk(129)	fumC(15)	gyrB(13)	icd(150)	mdh(91)	purA(198)	recA(25)
data/genomes/562.145372.fna.gz	ecoli_achtman_4	448	adk(6)	fumC(6)	gyrB(5)	icd(16)	mdh(11)	purA(8)	recA(7)
data/genomes/562.144933.fna.gz	ecoli_achtman_4	405	adk(35)	fumC(37)	gyrB(29)	icd(25)	mdh(4)	purA(5)	recA(73)
data/genomes/562.144982.fna.gz	ecoli_achtman_4	11	adk(12)	fumC(12)	gyrB(8)	icd(12)	mdh(15)	purA(2)	recA(2)
data/genomes/562.144301.fna.gz	ecoli_achtman_4	401	adk(1)	fumC(107)	gyrB(7)	icd(11)	mdh(7)	purA(3)	recA(7)
data/genomes/562.145427.fna.gz	ecoli_achtman_4	117	adk(20)	fumC(45)	gyrB(41)	icd(43)	mdh(5)	purA(32)	recA(2)
data/genomes/562.145373.fna.gz	ecoli_achtman_4	-	adk(10)	fumC(11)	gyrB(4)	icd(8)	mdh(8)	purA(~13)	recA(73)
data/genomes/562.145033.fna.gz	ecoli_achtman_4	13	adk(6)	fumC(6)	gyrB(5)	icd(9)	mdh(9)	purA(8)	recA(2)
data/genomes/562.144934.fna.gz	ecoli_achtman_4	405	adk(35)	fumC(37)	gyrB(29)	icd(25)	mdh(4)	purA(5)	recA(73)
data/genomes/562.144983.fna.gz	ecoli_achtman_4	-	adk(540)	fumC(6)	gyrB(5)	icd(9)	mdh(9)	purA(8)	recA(2)
data/genomes/562.144302.fna.gz	ecoli_achtman_4	940	adk(6)	fumC(6)	gyrB(22)	icd(16)	mdh(11)	purA(1)	recA(7)
data/genomes/562.145428.fna.gz	ecoli_achtman_4	155	adk(6)	fumC(4)	gyrB(14)	icd(16)	mdh(24)	purA(8)	recA(14)
data/genomes/562.145378.fna.gz	ecoli_achtman_4	155	adk(6)	fumC(4)	gyrB(14)	icd(16)	mdh(24)	purA(8)	recA(14)
data/genomes/562.145034.fna.gz	ecoli_achtman_4	442	adk(6)	fumC(95)	gyrB(33)	icd(18)	mdh(9)	purA(8)	recA(14)
data/genomes/562.144935.fna.gz	ecoli_achtman_4	405	adk(35)	fumC(37)	gyrB(29)	icd(25)	mdh(4)	purA(5)	recA(73)
data/genomes/562.144984.fna.gz	ecoli_achtman_4	13	adk(6)	fumC(6)	gyrB(5)	icd(9)	mdh(9)	purA(8)	recA(2)
data/genomes/562.144303.fna.gz	ecoli_achtman_4	501	adk(35)	fumC(132)	gyrB(2)	icd(27)	mdh(37)	purA(5)	recA(4)
data/genomes/562.145429.fna.gz	ecoli_achtman_4	155	adk(6)	fumC(4)	gyrB(14)	icd(16)	mdh(24)	purA(8)	recA(14)
data/genomes/562.145379.fna.gz	ecoli_achtman_4	155	adk(6)	fumC(4)	gyrB(14)	icd(16)	mdh(24)	purA(8)	recA(14)
data/genomes/562.144936.fna.gz	ecoli_achtman_4	167	adk(10)	fumC(11)	gyrB(4)	icd(8)	mdh(8)	purA(13)	recA(2)
data/genomes/562.145035.fna.gz	ecoli_achtman_4	13548	adk(1530)	fumC(95)	gyrB(33)	icd(18)	mdh(9)	purA(8)	recA(14)
data/genomes/562.144985.fna.gz	ecoli_achtman_4	793	adk(6)	fumC(168)	gyrB(5)	icd(1)	mdh(8)	purA(18)	recA(2)
data/genomes/562.144304.fna.gz	ecoli_achtman_4	405	adk(35)	fumC(37)	gyrB(29)	icd(25)	mdh(4)	purA(5)	recA(73)
data/genomes/562.145036.fna.gz	ecoli_achtman_4	2559	adk(51)	fumC(48)	gyrB(220)	icd(287)	mdh(235)	purA(229)	recA(37)
data/genomes/562.145430.fna.gz	ecoli_achtman_4	155	adk(6)	fumC(4)	gyrB(14)	icd(16)	mdh(24)	purA(8)	recA(14)
data/genomes/562.145380.fna.gz	ecoli_achtman_4	362	adk(62)	fumC(100)	gyrB(17)	icd(31)	mdh(5)	purA(5)	recA(4)
data/genomes/562.144937.fna.gz	ecoli_achtman_4	167	adk(10)	fumC(11)	gyrB(4)	icd(8)	mdh(8)	purA(13)	recA(2)
data/genomes/562.144986.fna.gz	ecoli_achtman_4	21	adk(16)	fumC(4)	gyrB(12)	icd(16)	mdh(9)	purA(7)	recA(7)
data/genomes/562.144305.fna.gz	ecoli_achtman_4	167	adk(10)	fumC(11)	gyrB(4)	icd(8)	mdh(8)	purA(13)	recA(2)
data/genomes/562.145037.fna.gz	ecoli_achtman_4	793	adk(6)	fumC(168)	gyrB(5)	icd(1)	mdh(8)	purA(18)	recA(2)
data/genomes/562.145431.fna.gz	ecoli_achtman_4	155	adk(6)	fumC(4)	gyrB(14)	icd(16)	mdh(24)	purA(8)	recA(14)
data/genomes/562.145381.fna.gz	ecoli_achtman_4	155	adk(6)	fumC(4)	gyrB(14)	icd(16)	mdh(24)	purA(8)	recA(14)
data/genomes/562.144938.fna.gz	ecoli_achtman_4	131	adk(53)	fumC(40)	gyrB(47)	icd(13)	mdh(36)	purA(28)	recA(29)
data/genomes/562.144987.fna.gz	ecoli_achtman_4	655	adk(100)	fumC(23)	gyrB(68)	icd(45)	mdh(1)	purA(35)	recA(7)
data/genomes/562.144306.fna.gz	ecoli_achtman_4	38	adk(4)	fumC(26)	gyrB(2)	icd(25)	mdh(5)	purA(5)	recA(19)
data/genomes/562.145432.fna.gz	ecoli_achtman_4	362	adk(62)	fumC(100)	gyrB(17)	icd(31)	mdh(5)	purA(5)	recA(4)
data/genomes/562.145038.fna.gz	ecoli_achtman_4	13	adk(6)	fumC(6)	gyrB(5)	icd(9)	mdh(9)	purA(8)	recA(2)
data/genomes/562.145383.fna.gz	ecoli_achtman_4	38	adk(4)	fumC(26)	gyrB(2)	icd(25)	mdh(5)	purA(5)	recA(19)
data/genomes/562.144939.fna.gz	ecoli_achtman_4	-	adk(43)	fumC(41)	gyrB(15)	icd(~18)	mdh(11)	purA(7)	recA(6)
data/genomes/562.144988.fna.gz	ecoli_achtman_4	328	adk(9)	fumC(23)	gyrB(81)	icd(18)	mdh(11)	purA(8)	recA(6)
data/genomes/562.144307.fna.gz	ecoli_achtman_4	3221	adk(6)	fumC(4)	gyrB(12)	icd(1)	mdh(20)	purA(5)	recA(7)
data/genomes/562.145433.fna.gz	ecoli_achtman_4	117	adk(20)	fumC(45)	gyrB(41)	icd(43)	mdh(5)	purA(32)	recA(2)
data/genomes/562.145039.fna.gz	ecoli_achtman_4	642	adk(9)	fumC(23)	gyrB(33)	icd(18)	mdh(11)	purA(8)	recA(6)
data/genomes/562.145384.fna.gz	ecoli_achtman_4	155	adk(6)	fumC(4)	gyrB(14)	icd(16)	mdh(24)	purA(8)	recA(14)
data/genomes/562.144940.fna.gz	ecoli_achtman_4	410	adk(6)	fumC(4)	gyrB(12)	icd(1)	mdh(20)	purA(18)	recA(7)
data/genomes/562.144989.fna.gz	ecoli_achtman_4	738	adk(130)	fumC(45)	gyrB(41)	icd(22)	mdh(7)	purA(50)	recA(45)
data/genomes/562.144308.fna.gz	ecoli_achtman_4	12	adk(13)	fumC(13)	gyrB(9)	icd(13)	mdh(16)	purA(10)	recA(9)
data/genomes/562.145434.fna.gz	ecoli_achtman_4	117	adk(20)	fumC(45)	gyrB(41)	icd(43)	mdh(5)	purA(32)	recA(2)
data/genomes/562.145040.fna.gz	ecoli_achtman_4	738	adk(130)	fumC(45)	gyrB(41)	icd(22)	mdh(7)	purA(50)	recA(45)
data/genomes/562.145385.fna.gz	ecoli_achtman_4	155	adk(6)	fumC(4)	gyrB(14)	icd(16)	mdh(24)	purA(8)	recA(14)
data/genomes/562.144941.fna.gz	ecoli_achtman_4	405	adk(35)	fumC(37)	gyrB(29)	icd(25)	mdh(4)	purA(5)	recA(73)
data/genomes/562.144990.fna.gz	ecoli_achtman_4	216	adk(10)	fumC(11)	gyrB(57)	icd(8)	mdh(7)	purA(18)	recA(6)
data/genomes/562.144310.fna.gz	ecoli_achtman_4	10	adk(10)	fumC(11)	gyrB(4)	icd(8)	mdh(8)	purA(8)	recA(2)
data/genomes/562.145435.fna.gz	ecoli_achtman_4	38	adk(4)	fumC(26)	gyrB(2)	icd(25)	mdh(5)	purA(5)	recA(19)
data/genomes/562.145041.fna.gz	ecoli_achtman_4	29	adk(6)	fumC(4)	gyrB(12)	icd(16)	mdh(9)	purA(7)	recA(7)
data/genomes/562.145386.fna.gz	ecoli_achtman_4	38	adk(4)	fumC(26)	gyrB(2)	icd(25)	mdh(5)	purA(5)	recA(19)
data/genomes/562.144942.fna.gz	ecoli_achtman_4	410	adk(6)	fumC(4)	gyrB(12)	icd(1)	mdh(20)	purA(18)	recA(7)
data/genomes/562.144991.fna.gz	ecoli_achtman_4	69	adk(21)	fumC(35)	gyrB(27)	icd(6)	mdh(5)	purA(5)	recA(4)
data/genomes/562.145436.fna.gz	ecoli_achtman_4	155	adk(6)	fumC(4)	gyrB(14)	icd(16)	mdh(24)	purA(8)	recA(14)
data/genomes/562.145042.fna.gz	ecoli_achtman_4	10	adk(10)	fumC(11)	gyrB(4)	icd(8)	mdh(8)	purA(8)	recA(2)
data/genomes/562.144311.fna.gz	ecoli_achtman_4	167	adk(10)	fumC(11)	gyrB(4)	icd(8)	mdh(8)	purA(13)	recA(2)
data/genomes/562.145387.fna.gz	ecoli_achtman_4	38	adk(4)	fumC(26)	gyrB(2)	icd(25)	mdh(5)	purA(5)	recA(19)
data/genomes/562.144943.fna.gz	ecoli_achtman_4	167	adk(10)	fumC(11)	gyrB(4)	icd(8)	mdh(8)	purA(13)	recA(2)
data/genomes/562.144992.fna.gz	ecoli_achtman_4	10	adk(10)	fumC(11)	gyrB(4)	icd(8)	mdh(8)	purA(8)	recA(2)
data/genomes/562.145437.fna.gz	ecoli_achtman_4	117	adk(20)	fumC(45)	gyrB(41)	icd(43)	mdh(5)	purA(32)	recA(2)
data/genomes/562.144314.fna.gz	ecoli_achtman_4	540	adk(6)	fumC(7)	gyrB(57)	icd(1)	mdh(8)	purA(8)	recA(2)
data/genomes/562.145043.fna.gz	ecoli_achtman_4	446	adk(6)	fumC(19)	gyrB(3)	icd(26)	mdh(11)	purA(8)	recA(6)
data/genomes/562.145388.fna.gz	ecoli_achtman_4	350	adk(6)	fumC(31)	gyrB(83)	icd(28)	mdh(1)	purA(1)	recA(2)
data/genomes/562.144944.fna.gz	ecoli_achtman_4	2178	adk(9)	fumC(6)	gyrB(15)	icd(56)	mdh(11)	purA(26)	recA(6)
data/genomes/562.144993.fna.gz	ecoli_achtman_4	655	adk(100)	fumC(23)	gyrB(68)	icd(45)	mdh(1)	purA(35)	recA(7)
data/genomes/562.145439.fna.gz	ecoli_achtman_4	95	adk(37)	fumC(38)	gyrB(19)	icd(37)	mdh(17)	purA(11)	recA(26)
data/genomes/562.144315.fna.gz	ecoli_achtman_4	28	adk(13)	fumC(21)	gyrB(13)	icd(22)	mdh(17)	purA(14)	recA(15)
data/genomes/562.145044.fna.gz	ecoli_achtman_4	388	adk(6)	fumC(4)	gyrB(12)	icd(18)	mdh(24)	purA(7)	recA(6)
data/genomes/562.145389.fna.gz	ecoli_achtman_4	155	adk(6)	fumC(4)	gyrB(14)	icd(16)	mdh(24)	purA(8)	recA(14)
data/genomes/562.144945.fna.gz	ecoli_achtman_4	2951	adk(290)	fumC(387)	gyrB(55)	icd(324)	mdh(35)	purA(40)	recA(223)
data/genomes/562.144994.fna.gz	ecoli_achtman_4	328	adk(9)	fumC(23)	gyrB(81)	icd(18)	mdh(11)	purA(8)	recA(6)
data/genomes/562.144316.fna.gz	ecoli_achtman_4	348	adk(6)	fumC(29)	gyrB(32)	icd(16)	mdh(11)	purA(8)	recA(14)
data/genomes/562.145045.fna.gz	ecoli_achtman_4	641	adk(9)	fumC(6)	gyrB(33)	icd(131)	mdh(24)	purA(8)	recA(7)
data/genomes/562.145440.fna.gz	ecoli_achtman_4	141	adk(13)	fumC(52)	gyrB(10)	icd(14)	mdh(17)	purA(25)	recA(17)
data/genomes/562.145390.fna.gz	ecoli_achtman_4	155	adk(6)	fumC(4)	gyrB(14)	icd(16)	mdh(24)	purA(8)	recA(14)
data/genomes/562.144946.fna.gz	ecoli_achtman_4	442	adk(6)	fumC(95)	gyrB(33)	icd(18)	mdh(9)	purA(8)	recA(14)
data/genomes/562.144995.fna.gz	ecoli_achtman_4	443	adk(6)	fumC(19)	gyrB(15)	icd(16)	mdh(9)	purA(8)	recA(7)
data/genomes/562.144318.fna.gz	ecoli_achtman_4	617	adk(10)	fumC(11)	gyrB(4)	icd(8)	mdh(8)	purA(13)	recA(73)
data/genomes/562.145046.fna.gz	ecoli_achtman_4	641	adk(9)	fumC(6)	gyrB(33)	icd(131)	mdh(24)	purA(8)	recA(7)
data/genomes/562.145441.fna.gz	ecoli_achtman_4	10756	adk(13)	fumC(24)	gyrB(19)	icd(1260)	mdh(23)	purA(1)	recA(10)
data/genomes/562.145391.fna.gz	ecoli_achtman_4	155	adk(6)	fumC(4)	gyrB(14)	icd(16)	mdh(24)	purA(8)	recA(14)
data/genomes/562.144947.fna.gz	ecoli_achtman_4	300	adk(77)	fumC(7)	gyrB(72)	icd(18)	mdh(53)	purA(56)	recA(7)
data/genomes/562.144996.fna.gz	ecoli_achtman_4	20	adk(6)	fumC(4)	gyrB(3)	icd(18)	mdh(7)	purA(7)	recA(6)
data/genomes/562.144319.fna.gz	ecoli_achtman_4	940	adk(6)	fumC(6)	gyrB(22)	icd(16)	mdh(11)	purA(1)	recA(7)
data/genomes/562.145047.fna.gz	ecoli_achtman_4	677	adk(6)	fumC(95)	gyrB(15)	icd(18)	mdh(9)	purA(8)	recA(14)
data/genomes/562.145442.fna.gz	ecoli_achtman_4	69	adk(21)	fumC(35)	gyrB(27)	icd(6)	mdh(5)	purA(5)	recA(4)
data/genomes/562.145392.fna.gz	ecoli_achtman_4	155	adk(6)	fumC(4)	gyrB(14)	icd(16)	mdh(24)	purA(8)	recA(14)
data/genomes/562.144948.fna.gz	ecoli_achtman_4	332	adk(6)	fumC(23)	gyrB(4)	icd(85)	mdh(7)	purA(61)	recA(6)
data/genomes/562.144997.fna.gz	ecoli_achtman_4	442	adk(6)	fumC(95)	gyrB(33)	icd(18)	mdh(9)	purA(8)	recA(14)
data/genomes/562.144320.fna.gz	ecoli_achtman_4	38	adk(4)	fumC(26)	gyrB(2)	icd(25)	mdh(5)	purA(5)	recA(19)
data/genomes/562.145048.fna.gz	ecoli_achtman_4	13	adk(6)	fumC(6)	gyrB(5)	icd(9)	mdh(9)	purA(8)	recA(2)
data/genomes/562.145443.fna.gz	ecoli_achtman_4	10	adk(10)	fumC(11)	gyrB(4)	icd(8)	mdh(8)	purA(8)	recA(2)
data/genomes/562.145393.fna.gz	ecoli_achtman_4	38	adk(4)	fumC(26)	gyrB(2)	icd(25)	mdh(5)	purA(5)	recA(19)
data/genomes/562.144949.fna.gz	ecoli_achtman_4	300	adk(77)	fumC(7)	gyrB(72)	icd(18)	mdh(53)	purA(56)	recA(7)
data/genomes/562.144998.fna.gz	ecoli_achtman_4	3101	adk(6)	fumC(279)	gyrB(12)	icd(1)	mdh(273)	purA(12)	recA(7)
data/genomes/562.144321.fna.gz	ecoli_achtman_4	88	adk(6)	fumC(4)	gyrB(12)	icd(1)	mdh(20)	purA(12)	recA(7)
data/genomes/562.145812.fna.gz	ecoli_achtman_4	117	adk(20)	fumC(45)	gyrB(41)	icd(43)	mdh(5)	purA(32)	recA(2)
data/genomes/562.145049.fna.gz	ecoli_achtman_4	590	adk(6)	fumC(4)	gyrB(12)	icd(10)	mdh(24)	purA(18)	recA(7)
data/genomes/562.145394.fna.gz	ecoli_achtman_4	155	adk(6)	fumC(4)	gyrB(14)	icd(16)	mdh(24)	purA(8)	recA(14)
data/genomes/562.144950.fna.gz	ecoli_achtman_4	40	adk(6)	fumC(4)	gyrB(5)	icd(26)	mdh(20)	purA(8)	recA(14)
data/genomes/562.144999.fna.gz	ecoli_achtman_4	540	adk(6)	fumC(7)	gyrB(57)	icd(1)	mdh(8)	purA(8)	recA(2)
data/genomes/562.144322.fna.gz	ecoli_achtman_4	58	adk(6)	fumC(4)	gyrB(4)	icd(16)	mdh(24)	purA(8)	recA(14)
data/genomes/562.145816.fna.gz	ecoli_achtman_4	131	adk(53)	fumC(40)	gyrB(47)	icd(13)	mdh(36)	purA(28)	recA(29)
data/genomes/562.145395.fna.gz	ecoli_achtman_4	155	adk(6)	fumC(4)	gyrB(14)	icd(16)	mdh(24)	purA(8)	recA(14)
data/genomes/562.145050.fna.gz	ecoli_achtman_4	442	adk(6)	fumC(95)	gyrB(33)	icd(18)	mdh(9)	purA(8)	recA(14)
data/genomes/562.144951.fna.gz	ecoli_achtman_4	738	adk(130)	fumC(45)	gyrB(41)	icd(22)	mdh(7)	purA(50)	recA(45)
data/genomes/562.145000.fna.gz	ecoli_achtman_4	13	adk(6)	fumC(6)	gyrB(5)	icd(9)	mdh(9)	purA(8)	recA(2)
data/genomes/562.145817.fna.gz	ecoli_achtman_4	963	adk(4)	fumC(26)	gyrB(151)	icd(25)	mdh(5)	purA(5)	recA(19)
data/genomes/562.144324.fna.gz	ecoli_achtman_4	4981	adk(10)	fumC(616)	gyrB(4)	icd(8)	mdh(8)	purA(13)	recA(73)
data/genomes/562.145051.fna.gz	ecoli_achtman_4	297	adk(6)	fumC(65)	gyrB(32)	icd(26)	mdh(9)	purA(8)	recA(2)
data/genomes/562.145396.fna.gz	ecoli_achtman_4	38	adk(4)	fumC(26)	gyrB(2)	icd(25)	mdh(5)	purA(5)	recA(19)
data/genomes/562.144952.fna.gz	ecoli_achtman_4	10	adk(10)	fumC(11)	gyrB(4)	icd(8)	mdh(8)	purA(8)	recA(2)
data/genomes/562.145001.fna.gz	ecoli_achtman_4	-	adk(~1618)	fumC(6)	gyrB(5)	icd(9)	mdh(9)	purA(8)	recA(2)
data/genomes/562.145818.fna.gz	ecoli_achtman_4	10754	adk(43)	fumC(1547)	gyrB(15)	icd(18)	mdh(11)	purA(7)	recA(6)
data/genomes/562.144325.fna.gz	ecoli_achtman_4	38	adk(4)	fumC(26)	gyrB(2)	icd(25)	mdh(5)	purA(5)	recA(19)
data/genomes/562.145052.fna.gz	ecoli_achtman_4	442	adk(6)	fumC(95)	gyrB(33)	icd(18)	mdh(9)	purA(8)	recA(14)
data/genomes/562.145397.fna.gz	ecoli_achtman_4	155	adk(6)	fumC(4)	gyrB(14)	icd(16)	mdh(24)	purA(8)	recA(14)
data/genomes/562.144953.fna.gz	ecoli_achtman_4	34	adk(10)	fumC(11)	gyrB(4)	icd(1)	mdh(8)	purA(8)	recA(2)
data/genomes/562.145002.fna.gz	ecoli_achtman_4	738	adk(130)	fumC(45)	gyrB(41)	icd(22)	mdh(7)	purA(50)	recA(45)
data/genomes/562.145819.fna.gz	ecoli_achtman_4	95	adk(37)	fumC(38)	gyrB(19)	icd(37)	mdh(17)	purA(11)	recA(26)
data/genomes/562.144326.fna.gz	ecoli_achtman_4	410	adk(6)	fumC(4)	gyrB(12)	icd(1)	mdh(20)	purA(18)	recA(7)
data/genomes/562.145053.fna.gz	ecoli_achtman_4	10	adk(10)	fumC(11)	gyrB(4)	icd(8)	mdh(8)	purA(8)	recA(2)
data/genomes/562.145398.fna.gz	ecoli_achtman_4	1640	adk(6)	fumC(31)	gyrB(4)	icd(28)	mdh(1)	purA(1)	recA(2)
data/genomes/562.144954.fna.gz	ecoli_achtman_4	442	adk(6)	fumC(95)	gyrB(33)	icd(18)	mdh(9)	purA(8)	recA(14)
data/genomes/562.145003.fna.gz	ecoli_achtman_4	13	adk(6)	fumC(6)	gyrB(5)	icd(9)	mdh(9)	purA(8)	recA(2)
data/genomes/562.145820.fna.gz	ecoli_achtman_4	69	adk(21)	fumC(35)	gyrB(27)	icd(6)	mdh(5)	purA(5)	recA(4)
data/genomes/562.144328.fna.gz	ecoli_achtman_4	131	adk(53)	fumC(40)	gyrB(47)	icd(13)	mdh(36)	purA(28)	recA(29)
data/genomes/562.145399.fna.gz	ecoli_achtman_4	2171	adk(260)	fumC(88)	gyrB(78)	icd(29)	mdh(70)	purA(158)	recA(2)
data/genomes/562.145054.fna.gz	ecoli_achtman_4	442	adk(6)	fumC(95)	gyrB(33)	icd(18)	mdh(9)	purA(8)	recA(14)
data/genomes/562.144955.fna.gz	ecoli_achtman_4	443	adk(6)	fumC(19)	gyrB(15)	icd(16)	mdh(9)	purA(8)	recA(7)
data/genomes/562.145004.fna.gz	ecoli_achtman_4	753	adk(12)	fumC(93)	gyrB(136)	icd(30)	mdh(112)	purA(1)	recA(2)
data/genomes/562.145821.fna.gz	ecoli_achtman_4	404	adk(14)	fumC(14)	gyrB(10)	icd(14)	mdh(17)	purA(7)	recA(74)
data/genomes/562.144329.fna.gz	ecoli_achtman_4	410	adk(6)	fumC(4)	gyrB(12)	icd(1)	mdh(20)	purA(18)	recA(7)
data/genomes/562.145400.fna.gz	ecoli_achtman_4	38	adk(4)	fumC(26)	gyrB(2)	icd(25)	mdh(5)	purA(5)	recA(19)
data/genomes/562.145055.fna.gz	ecoli_achtman_4	40	adk(6)	fumC(4)	gyrB(5)	icd(26)	mdh(20)	purA(8)	recA(14)
data/genomes/562.144956.fna.gz	ecoli_achtman_4	162	adk(9)	fumC(65)	gyrB(5)	icd(1)	mdh(9)	purA(13)	recA(6)
data/genomes/562.145005.fna.gz	ecoli_achtman_4	10	adk(10)	fumC(11)	gyrB(4)	icd(8)	mdh(8)	purA(8)	recA(2)
data/genomes/562.145822.fna.gz	ecoli_achtman_4	69	adk(21)	fumC(35)	gyrB(27)	icd(6)	mdh(5)	purA(5)	recA(4)
data/genomes/562.144330.fna.gz	ecoli_achtman_4	38	adk(4)	fumC(26)	gyrB(2)	icd(25)	mdh(5)	purA(5)	recA(19)
data/genomes/562.145401.fna.gz	ecoli_achtman_4	362	adk(62)	fumC(100)	gyrB(17)	icd(31)	mdh(5)	purA(5)	recA(4)
data/genomes/562.145056.fna.gz	ecoli_achtman_4	13538	adk(16)	fumC(4)	gyrB(12)	icd(16)	mdh(9)	purA(7)	recA(1059)
data/genomes/562.144957.fna.gz	ecoli_achtman_4	738	adk(130)	fumC(45)	gyrB(41)	icd(22)	mdh(7)	purA(50)	recA(45)
data/genomes/562.145006.fna.gz	ecoli_achtman_4	10	adk(10)	fumC(11)	gyrB(4)	icd(8)	mdh(8)	purA(8)	recA(2)
data/genomes/562.144331.fna.gz	ecoli_achtman_4	69	adk(21)	fumC(35)	gyrB(27)	icd(6)	mdh(5)	purA(5)	recA(4)
data/genomes/562.16324.fna.gz	ecoli_achtman_4	101	adk(43)	fumC(41)	gyrB(15)	icd(18)	mdh(11)	purA(7)	recA(6)
data/genomes/562.145402.fna.gz	ecoli_achtman_4	38	adk(4)	fumC(26)	gyrB(2)	icd(25)	mdh(5)	purA(5)	recA(19)
data/genomes/562.145057.fna.gz	ecoli_achtman_4	29	adk(6)	fumC(4)	gyrB(12)	icd(16)	mdh(9)	purA(7)	recA(7)
data/genomes/562.144958.fna.gz	ecoli_achtman_4	1819	adk(87)	fumC(90)	gyrB(231)	icd(10)	mdh(1)	purA(187)	recA(138)
data/genomes/562.145007.fna.gz	ecoli_achtman_4	101	adk(43)	fumC(41)	gyrB(15)	icd(18)	mdh(11)	purA(7)	recA(6)
data/genomes/562.144332.fna.gz	ecoli_achtman_4	167	adk(10)	fumC(11)	gyrB(4)	icd(8)	mdh(8)	purA(13)	recA(2)
data/genomes/562.16325.fna.gz	ecoli_achtman_4	1408	adk(8)	fumC(7)	gyrB(5)	icd(220)	mdh(8)	purA(8)	recA(2)
data/genomes/562.145403.fna.gz	ecoli_achtman_4	453	adk(99)	fumC(6)	gyrB(33)	icd(33)	mdh(24)	purA(8)	recA(7)
data/genomes/562.145058.fna.gz	ecoli_achtman_4	-	adk(6)	fumC(2732?)	gyrB(4)	icd(2157?)	mdh(11)	purA(8)	recA(6)
data/genomes/562.144959.fna.gz	ecoli_achtman_4	2521	adk(6)	fumC(19)	gyrB(3)	icd(135)	mdh(11)	purA(8)	recA(6)
data/genomes/562.144333.fna.gz	ecoli_achtman_4	361	adk(10)	fumC(99)	gyrB(5)	icd(91)	mdh(8)	purA(7)	recA(2)
data/genomes/562.16326.fna.gz	ecoli_achtman_4	1809	adk(6)	fumC(4)	gyrB(12)	icd(250)	mdh(20)	purA(18)	recA(7)
data/genomes/562.145404.fna.gz	ecoli_achtman_4	57	adk(6)	fumC(31)	gyrB(5)	icd(28)	mdh(1)	purA(1)	recA(2)
data/genomes/562.145008.fna.gz	ecoli_achtman_4	-	adk(10,657)	fumC(11,1078)	gyrB(664?)	icd(8,418)	mdh(8,401)	purA(8)	recA(2)
data/genomes/562.144960.fna.gz	ecoli_achtman_4	590	adk(6)	fumC(4)	gyrB(12)	icd(10)	mdh(24)	purA(18)	recA(7)
data/genomes/562.145059.fna.gz	ecoli_achtman_4	306	adk(77)	fumC(7)	gyrB(7)	icd(18)	mdh(54)	purA(18)	recA(7)
data/genomes/562.144911.fna.gz	ecoli_achtman_4	2689	adk(10)	fumC(11)	gyrB(4)	icd(12)	mdh(8)	purA(1)	recA(227)
data/genomes/562.16327.fna.gz	ecoli_achtman_4	131	adk(53)	fumC(40)	gyrB(47)	icd(13)	mdh(36)	purA(28)	recA(29)
data/genomes/562.144961.fna.gz	ecoli_achtman_4	655	adk(100)	fumC(23)	gyrB(68)	icd(45)	mdh(1)	purA(35)	recA(7)
data/genomes/562.145009.fna.gz	ecoli_achtman_4	446	adk(6)	fumC(19)	gyrB(3)	icd(26)	mdh(11)	purA(8)	recA(6)
data/genomes/562.145405.fna.gz	ecoli_achtman_4	38	adk(4)	fumC(26)	gyrB(2)	icd(25)	mdh(5)	purA(5)	recA(19)
data/genomes/562.145060.fna.gz	ecoli_achtman_4	788	adk(142)	fumC(67)	gyrB(13)	icd(150)	mdh(91)	purA(115)	recA(11)
data/genomes/562.144912.fna.gz	ecoli_achtman_4	167	adk(10)	fumC(11)	gyrB(4)	icd(8)	mdh(8)	purA(13)	recA(2)
data/genomes/562.16466.fna.gz	ecoli_achtman_4	617	adk(10)	fumC(11)	gyrB(4)	icd(8)	mdh(8)	purA(13)	recA(73)
data/genomes/562.144962.fna.gz	ecoli_achtman_4	753	adk(12)	fumC(93)	gyrB(136)	icd(30)	mdh(112)	purA(1)	recA(2)
data/genomes/562.145010.fna.gz	ecoli_achtman_4	10	adk(10)	fumC(11)	gyrB(4)	icd(8)	mdh(8)	purA(8)	recA(2)
data/genomes/562.145406.fna.gz	ecoli_achtman_4	155	adk(6)	fumC(4)	gyrB(14)	icd(16)	mdh(24)	purA(8)	recA(14)
data/genomes/562.145061.fna.gz	ecoli_achtman_4	40	adk(6)	fumC(4)	gyrB(5)	icd(26)	mdh(20)	purA(8)	recA(14)
data/genomes/562.144913.fna.gz	ecoli_achtman_4	-	adk(43)	fumC(41)	gyrB(15)	icd(~18)	mdh(11)	purA(7)	recA(6)
data/genomes/562.17359.fna.gz	ecoli_achtman_4	131	adk(53)	fumC(40)	gyrB(47)	icd(13)	mdh(36)	purA(28)	recA(29)
data/genomes/562.144963.fna.gz	ecoli_achtman_4	10	adk(10)	fumC(11)	gyrB(4)	icd(8)	mdh(8)	purA(8)	recA(2)
data/genomes/562.145407.fna.gz	ecoli_achtman_4	57	adk(6)	fumC(31)	gyrB(5)	icd(28)	mdh(1)	purA(1)	recA(2)
data/genomes/562.145011.fna.gz	ecoli_achtman_4	442	adk(6)	fumC(95)	gyrB(33)	icd(18)	mdh(9)	purA(8)	recA(14)
data/genomes/562.145062.fna.gz	ecoli_achtman_4	-	adk(~1537)	fumC(93)	gyrB(136)	icd(30)	mdh(112)	purA(1)	recA(2)
data/genomes/562.144914.fna.gz	ecoli_achtman_4	131	adk(53)	fumC(40)	gyrB(47)	icd(13)	mdh(36)	purA(28)	recA(29)
data/genomes/562.17620.fna.gz	ecoli_achtman_4	617	adk(10)	fumC(11)	gyrB(4)	icd(8)	mdh(8)	purA(13)	recA(73)
data/genomes/562.144964.fna.gz	ecoli_achtman_4	109	adk(6)	fumC(6)	gyrB(1)	icd(16)	mdh(9)	purA(13)	recA(2)
data/genomes/562.145408.fna.gz	ecoli_achtman_4	57	adk(6)	fumC(31)	gyrB(5)	icd(28)	mdh(1)	purA(1)	recA(2)
data/genomes/562.145012.fna.gz	ecoli_achtman_4	17	adk(6)	fumC(4)	gyrB(3)	icd(17)	mdh(7)	purA(7)	recA(6)
data/genomes/562.144915.fna.gz	ecoli_achtman_4	-	adk(6)	fumC(-)	gyrB(12)	icd(1)	mdh(20)	purA(18)	recA(7)
data/genomes/562.145063.fna.gz	ecoli_achtman_4	11	adk(12)	fumC(12)	gyrB(8)	icd(12)	mdh(15)	purA(2)	recA(2)
data/genomes/562.17621.fna.gz	ecoli_achtman_4	167	adk(10)	fumC(11)	gyrB(4)	icd(8)	mdh(8)	purA(13)	recA(2)
data/genomes/562.144965.fna.gz	ecoli_achtman_4	-	adk(6)	fumC(11)	gyrB(5)	icd(8)	mdh(42)	purA(335)	recA(2)
data/genomes/562.145409.fna.gz	ecoli_achtman_4	101	adk(43)	fumC(41)	gyrB(15)	icd(18)	mdh(11)	purA(7)	recA(6)
data/genomes/562.145013.fna.gz	ecoli_achtman_4	13586	adk(9)	fumC(169)	gyrB(33)	icd(18)	mdh(1303)	purA(8)	recA(6)
data/genomes/562.144916.fna.gz	ecoli_achtman_4	167	adk(10)	fumC(11)	gyrB(4)	icd(8)	mdh(8)	purA(13)	recA(2)
data/genomes/562.145064.fna.gz	ecoli_achtman_4	20	adk(6)	fumC(4)	gyrB(3)	icd(18)	mdh(7)	purA(7)	recA(6)
data/genomes/562.17721.fna.gz	ecoli_achtman_4	1284	adk(10)	fumC(4)	gyrB(4)	icd(8)	mdh(8)	purA(13)	recA(73)
data/genomes/562.144966.fna.gz	ecoli_achtman_4	10	adk(10)	fumC(11)	gyrB(4)	icd(8)	mdh(8)	purA(8)	recA(2)
data/genomes/562.145410.fna.gz	ecoli_achtman_4	155	adk(6)	fumC(4)	gyrB(14)	icd(16)	mdh(24)	purA(8)	recA(14)
data/genomes/562.145014.fna.gz	ecoli_achtman_4	-	adk(1985)	fumC(169)	gyrB(33)	icd(18)	mdh(1303)	purA(8)	recA(6)
data/genomes/562.145065.fna.gz	ecoli_achtman_4	21	adk(16)	fumC(4)	gyrB(12)	icd(16)	mdh(9)	purA(7)	recA(7)
data/genomes/562.17722.fna.gz	ecoli_achtman_4	131	adk(53)	fumC(40)	gyrB(47)	icd(13)	mdh(36)	purA(28)	recA(29)
data/genomes/562.144917.fna.gz	ecoli_achtman_4	405	adk(35)	fumC(37)	gyrB(29)	icd(25)	mdh(4)	purA(5)	recA(73)
data/genomes/562.144967.fna.gz	ecoli_achtman_4	738	adk(130)	fumC(45)	gyrB(41)	icd(22)	mdh(7)	purA(50)	recA(45)
data/genomes/562.145411.fna.gz	ecoli_achtman_4	155	adk(6)	fumC(4)	gyrB(14)	icd(16)	mdh(24)	purA(8)	recA(14)
data/genomes/562.145015.fna.gz	ecoli_achtman_4	20	adk(6)	fumC(4)	gyrB(3)	icd(18)	mdh(7)	purA(7)	recA(6)
data/genomes/562.145066.fna.gz	ecoli_achtman_4	123	adk(50)	fumC(47)	gyrB(19)	icd(37)	mdh(17)	purA(30)	recA(2)
data/genomes/562.144918.fna.gz	ecoli_achtman_4	8346	adk(6)	fumC(30)	gyrB(32)	icd(16)	mdh(643)	purA(8)	recA(7)
data/genomes/562.19090.fna.gz	ecoli_achtman_4	533	adk(6)	fumC(4)	gyrB(5)	icd(18)	mdh(11)	purA(8)	recA(14)
data/genomes/562.144968.fna.gz	ecoli_achtman_4	718	adk(6)	fumC(19)	gyrB(3)	icd(26)	mdh(9)	purA(8)	recA(6)
data/genomes/562.145412.fna.gz	ecoli_achtman_4	155	adk(6)	fumC(4)	gyrB(14)	icd(16)	mdh(24)	purA(8)	recA(14)
data/genomes/562.145016.fna.gz	ecoli_achtman_4	-	adk(130)	fumC(45)	gyrB(41)	icd(22)	mdh(-)	purA(50)	recA(45)
data/genomes/562.145067.fna.gz	ecoli_achtman_4	590	adk(6)	fumC(4)	gyrB(12)	icd(10)	mdh(24)	purA(18)	recA(7)
data/genomes/562.144919.fna.gz	ecoli_achtman_4	167	adk(10)	fumC(11)	gyrB(4)	icd(8)	mdh(8)	purA(13)	recA(2)
data/genomes/562.19151.fna.gz	ecoli_achtman_4	162	adk(9)	fumC(65)	gyrB(5)	icd(1)	mdh(9)	purA(13)	recA(6)
data/genomes/562.144969.fna.gz	ecoli_achtman_4	677	adk(6)	fumC(95)	gyrB(15)	icd(18)	mdh(9)	purA(8)	recA(14)
data/genomes/562.145413.fna.gz	ecoli_achtman_4	38	adk(4)	fumC(26)	gyrB(2)	icd(25)	mdh(5)	purA(5)	recA(19)
data/genomes/562.145017.fna.gz	ecoli_achtman_4	25	adk(6)	fumC(6)	gyrB(14)	icd(21)	mdh(9)	purA(7)	recA(7)
data/genomes/562.145068.fna.gz	ecoli_achtman_4	442	adk(6)	fumC(95)	gyrB(33)	icd(18)	mdh(9)	purA(8)	recA(14)
data/genomes/562.19631.fna.gz	ecoli_achtman_4	167	adk(10)	fumC(11)	gyrB(4)	icd(8)	mdh(8)	purA(13)	recA(2)
data/genomes/562.19633.fna.gz	ecoli_achtman_4	101	adk(43)	fumC(41)	gyrB(15)	icd(18)	mdh(11)	purA(7)	recA(6)
data/genomes/562.145414.fna.gz	ecoli_achtman_4	155	adk(6)	fumC(4)	gyrB(14)	icd(16)	mdh(24)	purA(8)	recA(14)
data/genomes/562.145018.fna.gz	ecoli_achtman_4	10	adk(10)	fumC(11)	gyrB(4)	icd(8)	mdh(8)	purA(8)	recA(2)
data/genomes/562.22474.fna.gz	ecoli_achtman_4	73	adk(36)	fumC(24)	gyrB(9)	icd(13)	mdh(17)	purA(11)	recA(25)
data/genomes/562.145069.fna.gz	ecoli_achtman_4	13537	adk(6)	fumC(2118)	gyrB(3)	icd(274)	mdh(9)	purA(8)	recA(2)
data/genomes/562.19632.fna.gz	ecoli_achtman_4	131	adk(53)	fumC(40)	gyrB(47)	icd(13)	mdh(36)	purA(28)	recA(29)
data/genomes/562.19821.fna.gz	ecoli_achtman_4	167	adk(10)	fumC(11)	gyrB(4)	icd(8)	mdh(8)	purA(13)	recA(2)
data/genomes/562.145019.fna.gz	ecoli_achtman_4	11	adk(12)	fumC(12)	gyrB(8)	icd(12)	mdh(15)	purA(2)	recA(2)
data/genomes/562.22525.fna.gz	ecoli_achtman_4	73	adk(36)	fumC(24)	gyrB(9)	icd(13)	mdh(17)	purA(11)	recA(25)
data/genomes/562.22476.fna.gz	ecoli_achtman_4	453	adk(99)	fumC(6)	gyrB(33)	icd(33)	mdh(24)	purA(8)	recA(7)
data/genomes/562.22576.fna.gz	ecoli_achtman_4	390	adk(37)	fumC(38)	gyrB(86)	icd(37)	mdh(17)	purA(11)	recA(26)
data/genomes/562.22627.fna.gz	ecoli_achtman_4	144	adk(13)	fumC(43)	gyrB(9)	icd(36)	mdh(30)	purA(44)	recA(25)
data/genomes/562.19823.fna.gz	ecoli_achtman_4	101	adk(43)	fumC(41)	gyrB(15)	icd(18)	mdh(11)	purA(7)	recA(6)
data/genomes/562.22526.fna.gz	ecoli_achtman_4	127	adk(13)	fumC(14)	gyrB(19)	icd(36)	mdh(23)	purA(11)	recA(10)
data/genomes/562.22677.fna.gz	ecoli_achtman_4	361	adk(10)	fumC(99)	gyrB(5)	icd(91)	mdh(8)	purA(7)	recA(2)
data/genomes/562.22477.fna.gz	ecoli_achtman_4	2015	adk(76)	fumC(319)	gyrB(30)	icd(37)	mdh(17)	purA(10)	recA(96)
data/genomes/562.22577.fna.gz	ecoli_achtman_4	127	adk(13)	fumC(14)	gyrB(19)	icd(36)	mdh(23)	purA(11)	recA(10)
data/genomes/562.22628.fna.gz	ecoli_achtman_4	2967	adk(6)	fumC(7)	gyrB(4)	icd(8)	mdh(8)	purA(257)	recA(2)
data/genomes/562.20499.fna.gz	ecoli_achtman_4	167	adk(10)	fumC(11)	gyrB(4)	icd(8)	mdh(8)	purA(13)	recA(2)
data/genomes/562.22527.fna.gz	ecoli_achtman_4	393	adk(18)	fumC(106)	gyrB(17)	icd(6)	mdh(5)	purA(5)	recA(4)
data/genomes/562.22678.fna.gz	ecoli_achtman_4	357	adk(13)	fumC(40)	gyrB(13)	icd(13)	mdh(23)	purA(25)	recA(66)
data/genomes/562.22478.fna.gz	ecoli_achtman_4	131	adk(53)	fumC(40)	gyrB(47)	icd(13)	mdh(36)	purA(28)	recA(29)
data/genomes/562.22578.fna.gz	ecoli_achtman_4	62	adk(28)	fumC(33)	gyrB(25)	icd(29)	mdh(7)	purA(11)	recA(24)
data/genomes/562.22426.fna.gz	ecoli_achtman_4	167	adk(10)	fumC(11)	gyrB(4)	icd(8)	mdh(8)	purA(13)	recA(2)
data/genomes/562.22629.fna.gz	ecoli_achtman_4	421	adk(37)	fumC(38)	gyrB(19)	icd(37)	mdh(17)	purA(8)	recA(26)
data/genomes/562.22528.fna.gz	ecoli_achtman_4	73	adk(36)	fumC(24)	gyrB(9)	icd(13)	mdh(17)	purA(11)	recA(25)
data/genomes/562.22679.fna.gz	ecoli_achtman_4	963	adk(4)	fumC(26)	gyrB(151)	icd(25)	mdh(5)	purA(5)	recA(19)
data/genomes/562.22479.fna.gz	ecoli_achtman_4	131	adk(53)	fumC(40)	gyrB(47)	icd(13)	mdh(36)	purA(28)	recA(29)
data/genomes/562.22579.fna.gz	ecoli_achtman_4	5253	adk(36)	fumC(647)	gyrB(9)	icd(13)	mdh(17)	purA(11)	recA(25)
data/genomes/562.22428.fna.gz	ecoli_achtman_4	135	adk(13)	fumC(39)	gyrB(50)	icd(13)	mdh(16)	purA(37)	recA(25)
data/genomes/562.22680.fna.gz	ecoli_achtman_4	131	adk(53)	fumC(40)	gyrB(47)	icd(13)	mdh(36)	purA(28)	recA(29)
data/genomes/562.22630.fna.gz	ecoli_achtman_4	131	adk(53)	fumC(40)	gyrB(47)	icd(13)	mdh(36)	purA(28)	recA(29)
data/genomes/562.22480.fna.gz	ecoli_achtman_4	88	adk(6)	fumC(4)	gyrB(12)	icd(1)	mdh(20)	purA(12)	recA(7)
data/genomes/562.22529.fna.gz	ecoli_achtman_4	963	adk(4)	fumC(26)	gyrB(151)	icd(25)	mdh(5)	purA(5)	recA(19)
data/genomes/562.22580.fna.gz	ecoli_achtman_4	357	adk(13)	fumC(40)	gyrB(13)	icd(13)	mdh(23)	purA(25)	recA(66)
data/genomes/562.22429.fna.gz	ecoli_achtman_4	10	adk(10)	fumC(11)	gyrB(4)	icd(8)	mdh(8)	purA(8)	recA(2)
data/genomes/562.22681.fna.gz	ecoli_achtman_4	550	adk(14)	fumC(14)	gyrB(10)	icd(14)	mdh(17)	purA(92)	recA(10)
data/genomes/562.22631.fna.gz	ecoli_achtman_4	131	adk(53)	fumC(40)	gyrB(47)	icd(13)	mdh(36)	purA(28)	recA(29)
data/genomes/562.22481.fna.gz	ecoli_achtman_4	648	adk(92)	fumC(4)	gyrB(87)	icd(96)	mdh(70)	purA(58)	recA(2)
data/genomes/562.22530.fna.gz	ecoli_achtman_4	73	adk(36)	fumC(24)	gyrB(9)	icd(13)	mdh(17)	purA(11)	recA(25)
data/genomes/562.22581.fna.gz	ecoli_achtman_4	73	adk(36)	fumC(24)	gyrB(9)	icd(13)	mdh(17)	purA(11)	recA(25)
data/genomes/562.22430.fna.gz	ecoli_achtman_4	127	adk(13)	fumC(14)	gyrB(19)	icd(36)	mdh(23)	purA(11)	recA(10)
data/genomes/562.22682.fna.gz	ecoli_achtman_4	73	adk(36)	fumC(24)	gyrB(9)	icd(13)	mdh(17)	purA(11)	recA(25)
data/genomes/562.22632.fna.gz	ecoli_achtman_4	95	adk(37)	fumC(38)	gyrB(19)	icd(37)	mdh(17)	purA(11)	recA(26)
data/genomes/562.22482.fna.gz	ecoli_achtman_4	59	adk(27)	fumC(32)	gyrB(24)	icd(29)	mdh(26)	purA(19)	recA(22)
data/genomes/562.22531.fna.gz	ecoli_achtman_4	1431	adk(6)	fumC(65)	gyrB(3)	icd(1)	mdh(11)	purA(13)	recA(6)
data/genomes/562.22582.fna.gz	ecoli_achtman_4	5387	adk(453)	fumC(40)	gyrB(47)	icd(13)	mdh(36)	purA(28)	recA(29)
data/genomes/562.22431.fna.gz	ecoli_achtman_4	10	adk(10)	fumC(11)	gyrB(4)	icd(8)	mdh(8)	purA(8)	recA(2)
data/genomes/562.22683.fna.gz	ecoli_achtman_4	73	adk(36)	fumC(24)	gyrB(9)	icd(13)	mdh(17)	purA(11)	recA(25)
data/genomes/562.22633.fna.gz	ecoli_achtman_4	5308	adk(1)	fumC(23)	gyrB(7)	icd(10)	mdh(20)	purA(3)	recA(56)
data/genomes/562.22483.fna.gz	ecoli_achtman_4	131	adk(53)	fumC(40)	gyrB(47)	icd(13)	mdh(36)	purA(28)	recA(29)
data/genomes/562.22532.fna.gz	ecoli_achtman_4	144	adk(13)	fumC(43)	gyrB(9)	icd(36)	mdh(30)	purA(44)	recA(25)
data/genomes/562.22583.fna.gz	ecoli_achtman_4	393	adk(18)	fumC(106)	gyrB(17)	icd(6)	mdh(5)	purA(5)	recA(4)
data/genomes/562.22432.fna.gz	ecoli_achtman_4	131	adk(53)	fumC(40)	gyrB(47)	icd(13)	mdh(36)	purA(28)	recA(29)
data/genomes/562.22684.fna.gz	ecoli_achtman_4	73	adk(36)	fumC(24)	gyrB(9)	icd(13)	mdh(17)	purA(11)	recA(25)
data/genomes/562.22634.fna.gz	ecoli_achtman_4	73	adk(36)	fumC(24)	gyrB(9)	icd(13)	mdh(17)	purA(11)	recA(25)
data/genomes/562.22484.fna.gz	ecoli_achtman_4	69	adk(21)	fumC(35)	gyrB(27)	icd(6)	mdh(5)	purA(5)	recA(4)
data/genomes/562.22533.fna.gz	ecoli_achtman_4	127	adk(13)	fumC(14)	gyrB(19)	icd(36)	mdh(23)	purA(11)	recA(10)
data/genomes/562.22584.fna.gz	ecoli_achtman_4	625	adk(13)	fumC(43)	gyrB(13)	icd(14)	mdh(30)	purA(94)	recA(92)
data/genomes/562.22433.fna.gz	ecoli_achtman_4	95	adk(37)	fumC(38)	gyrB(19)	icd(37)	mdh(17)	purA(11)	recA(26)
data/genomes/562.22685.fna.gz	ecoli_achtman_4	131	adk(53)	fumC(40)	gyrB(47)	icd(13)	mdh(36)	purA(28)	recA(29)
data/genomes/562.22485.fna.gz	ecoli_achtman_4	69	adk(21)	fumC(35)	gyrB(27)	icd(6)	mdh(5)	purA(5)	recA(4)
data/genomes/562.22635.fna.gz	ecoli_achtman_4	131	adk(53)	fumC(40)	gyrB(47)	icd(13)	mdh(36)	purA(28)	recA(29)
data/genomes/562.22534.fna.gz	ecoli_achtman_4	404	adk(14)	fumC(14)	gyrB(10)	icd(14)	mdh(17)	purA(7)	recA(74)
data/genomes/562.22585.fna.gz	ecoli_achtman_4	95	adk(37)	fumC(38)	gyrB(19)	icd(37)	mdh(17)	purA(11)	recA(26)
data/genomes/562.22686.fna.gz	ecoli_achtman_4	73	adk(36)	fumC(24)	gyrB(9)	icd(13)	mdh(17)	purA(11)	recA(25)
data/genomes/562.22434.fna.gz	ecoli_achtman_4	648	adk(92)	fumC(4)	gyrB(87)	icd(96)	mdh(70)	purA(58)	recA(2)
data/genomes/562.22486.fna.gz	ecoli_achtman_4	1485	adk(92)	fumC(231)	gyrB(87)	icd(96)	mdh(70)	purA(58)	recA(2)
data/genomes/562.22636.fna.gz	ecoli_achtman_4	69	adk(21)	fumC(35)	gyrB(27)	icd(6)	mdh(5)	purA(5)	recA(4)
data/genomes/562.22535.fna.gz	ecoli_achtman_4	12	adk(13)	fumC(13)	gyrB(9)	icd(13)	mdh(16)	purA(10)	recA(9)
data/genomes/562.22586.fna.gz	ecoli_achtman_4	393	adk(18)	fumC(106)	gyrB(17)	icd(6)	mdh(5)	purA(5)	recA(4)
data/genomes/562.22687.fna.gz	ecoli_achtman_4	10	adk(10)	fumC(11)	gyrB(4)	icd(8)	mdh(8)	purA(8)	recA(2)
data/genomes/562.22435.fna.gz	ecoli_achtman_4	69	adk(21)	fumC(35)	gyrB(27)	icd(6)	mdh(5)	purA(5)	recA(4)
data/genomes/562.22487.fna.gz	ecoli_achtman_4	357	adk(13)	fumC(40)	gyrB(13)	icd(13)	mdh(23)	purA(25)	recA(66)
data/genomes/562.22637.fna.gz	ecoli_achtman_4	131	adk(53)	fumC(40)	gyrB(47)	icd(13)	mdh(36)	purA(28)	recA(29)
data/genomes/562.22536.fna.gz	ecoli_achtman_4	131	adk(53)	fumC(40)	gyrB(47)	icd(13)	mdh(36)	purA(28)	recA(29)
data/genomes/562.22587.fna.gz	ecoli_achtman_4	73	adk(36)	fumC(24)	gyrB(9)	icd(13)	mdh(17)	purA(11)	recA(25)
data/genomes/562.22688.fna.gz	ecoli_achtman_4	69	adk(21)	fumC(35)	gyrB(27)	icd(6)	mdh(5)	purA(5)	recA(4)
data/genomes/562.22436.fna.gz	ecoli_achtman_4	5375	adk(34)	fumC(36)	gyrB(264)	icd(87)	mdh(67)	purA(16)	recA(4)
data/genomes/562.22488.fna.gz	ecoli_achtman_4	131	adk(53)	fumC(40)	gyrB(47)	icd(13)	mdh(36)	purA(28)	recA(29)
data/genomes/562.22638.fna.gz	ecoli_achtman_4	73	adk(36)	fumC(24)	gyrB(9)	icd(13)	mdh(17)	purA(11)	recA(25)
data/genomes/562.22537.fna.gz	ecoli_achtman_4	73	adk(36)	fumC(24)	gyrB(9)	icd(13)	mdh(17)	purA(11)	recA(25)
data/genomes/562.22588.fna.gz	ecoli_achtman_4	131	adk(53)	fumC(40)	gyrB(47)	icd(13)	mdh(36)	purA(28)	recA(29)
data/genomes/562.22437.fna.gz	ecoli_achtman_4	95	adk(37)	fumC(38)	gyrB(19)	icd(37)	mdh(17)	purA(11)	recA(26)
data/genomes/562.22689.fna.gz	ecoli_achtman_4	12	adk(13)	fumC(13)	gyrB(9)	icd(13)	mdh(16)	purA(10)	recA(9)
data/genomes/562.22489.fna.gz	ecoli_achtman_4	73	adk(36)	fumC(24)	gyrB(9)	icd(13)	mdh(17)	purA(11)	recA(25)
data/genomes/562.22639.fna.gz	ecoli_achtman_4	38	adk(4)	fumC(26)	gyrB(2)	icd(25)	mdh(5)	purA(5)	recA(19)
data/genomes/562.22538.fna.gz	ecoli_achtman_4	95	adk(37)	fumC(38)	gyrB(19)	icd(37)	mdh(17)	purA(11)	recA(26)
data/genomes/562.22438.fna.gz	ecoli_achtman_4	127	adk(13)	fumC(14)	gyrB(19)	icd(36)	mdh(23)	purA(11)	recA(10)
data/genomes/562.22690.fna.gz	ecoli_achtman_4	976	adk(10)	fumC(189)	gyrB(4)	icd(8)	mdh(8)	purA(8)	recA(2)
data/genomes/562.22589.fna.gz	ecoli_achtman_4	569	adk(13)	fumC(38)	gyrB(84)	icd(13)	mdh(17)	purA(64)	recA(34)
data/genomes/562.22490.fna.gz	ecoli_achtman_4	95	adk(37)	fumC(38)	gyrB(19)	icd(37)	mdh(17)	purA(11)	recA(26)
data/genomes/562.22640.fna.gz	ecoli_achtman_4	10	adk(10)	fumC(11)	gyrB(4)	icd(8)	mdh(8)	purA(8)	recA(2)
data/genomes/562.22539.fna.gz	ecoli_achtman_4	131	adk(53)	fumC(40)	gyrB(47)	icd(13)	mdh(36)	purA(28)	recA(29)
data/genomes/562.22691.fna.gz	ecoli_achtman_4	131	adk(53)	fumC(40)	gyrB(47)	icd(13)	mdh(36)	purA(28)	recA(29)
data/genomes/562.22439.fna.gz	ecoli_achtman_4	5561	adk(36)	fumC(24)	gyrB(468)	icd(13)	mdh(17)	purA(11)	recA(25)
data/genomes/562.22590.fna.gz	ecoli_achtman_4	428	adk(96)	fumC(40)	gyrB(13)	icd(100)	mdh(23)	purA(28)	recA(66)
data/genomes/562.22491.fna.gz	ecoli_achtman_4	131	adk(53)	fumC(40)	gyrB(47)	icd(13)	mdh(36)	purA(28)	recA(29)
data/genomes/562.22641.fna.gz	ecoli_achtman_4	127	adk(13)	fumC(14)	gyrB(19)	icd(36)	mdh(23)	purA(11)	recA(10)
data/genomes/562.22540.fna.gz	ecoli_achtman_4	104	adk(13)	fumC(24)	gyrB(9)	icd(13)	mdh(17)	purA(11)	recA(25)
data/genomes/562.22692.fna.gz	ecoli_achtman_4	10	adk(10)	fumC(11)	gyrB(4)	icd(8)	mdh(8)	purA(8)	recA(2)
data/genomes/562.22440.fna.gz	ecoli_achtman_4	131	adk(53)	fumC(40)	gyrB(47)	icd(13)	mdh(36)	purA(28)	recA(29)
data/genomes/562.22591.fna.gz	ecoli_achtman_4	2067	adk(6)	fumC(95)	gyrB(3)	icd(18)	mdh(11)	purA(122)	recA(2)
data/genomes/562.22642.fna.gz	ecoli_achtman_4	131	adk(53)	fumC(40)	gyrB(47)	icd(13)	mdh(36)	purA(28)	recA(29)
data/genomes/562.22492.fna.gz	ecoli_achtman_4	73	adk(36)	fumC(24)	gyrB(9)	icd(13)	mdh(17)	purA(11)	recA(25)
data/genomes/562.22541.fna.gz	ecoli_achtman_4	131	adk(53)	fumC(40)	gyrB(47)	icd(13)	mdh(36)	purA(28)	recA(29)
data/genomes/562.22693.fna.gz	ecoli_achtman_4	69	adk(21)	fumC(35)	gyrB(27)	icd(6)	mdh(5)	purA(5)	recA(4)
data/genomes/562.22441.fna.gz	ecoli_achtman_4	73	adk(36)	fumC(24)	gyrB(9)	icd(13)	mdh(17)	purA(11)	recA(25)
data/genomes/562.22592.fna.gz	ecoli_achtman_4	73	adk(36)	fumC(24)	gyrB(9)	icd(13)	mdh(17)	purA(11)	recA(25)
data/genomes/562.22643.fna.gz	ecoli_achtman_4	753	adk(12)	fumC(93)	gyrB(136)	icd(30)	mdh(112)	purA(1)	recA(2)
data/genomes/562.22493.fna.gz	ecoli_achtman_4	538	adk(13)	fumC(40)	gyrB(19)	icd(13)	mdh(36)	purA(28)	recA(30)
data/genomes/562.22542.fna.gz	ecoli_achtman_4	101	adk(43)	fumC(41)	gyrB(15)	icd(18)	mdh(11)	purA(7)	recA(6)
data/genomes/562.22694.fna.gz	ecoli_achtman_4	131	adk(53)	fumC(40)	gyrB(47)	icd(13)	mdh(36)	purA(28)	recA(29)
data/genomes/562.22442.fna.gz	ecoli_achtman_4	131	adk(53)	fumC(40)	gyrB(47)	icd(13)	mdh(36)	purA(28)	recA(29)
data/genomes/562.22593.fna.gz	ecoli_achtman_4	80	adk(13)	fumC(24)	gyrB(19)	icd(14)	mdh(23)	purA(1)	recA(10)
data/genomes/562.22644.fna.gz	ecoli_achtman_4	73	adk(36)	fumC(24)	gyrB(9)	icd(13)	mdh(17)	purA(11)	recA(25)
data/genomes/562.22494.fna.gz	ecoli_achtman_4	95	adk(37)	fumC(38)	gyrB(19)	icd(37)	mdh(17)	purA(11)	recA(26)
data/genomes/562.22543.fna.gz	ecoli_achtman_4	131	adk(53)	fumC(40)	gyrB(47)	icd(13)	mdh(36)	purA(28)	recA(29)
data/genomes/562.22695.fna.gz	ecoli_achtman_4	38	adk(4)	fumC(26)	gyrB(2)	icd(25)	mdh(5)	purA(5)	recA(19)
data/genomes/562.22443.fna.gz	ecoli_achtman_4	73	adk(36)	fumC(24)	gyrB(9)	icd(13)	mdh(17)	purA(11)	recA(25)
data/genomes/562.22594.fna.gz	ecoli_achtman_4	73	adk(36)	fumC(24)	gyrB(9)	icd(13)	mdh(17)	purA(11)	recA(25)
data/genomes/562.22645.fna.gz	ecoli_achtman_4	420	adk(13)	fumC(38)	gyrB(84)	icd(13)	mdh(17)	purA(68)	recA(34)
data/genomes/562.22495.fna.gz	ecoli_achtman_4	1594	adk(6)	fumC(11)	gyrB(4)	icd(234)	mdh(7)	purA(8)	recA(6)
data/genomes/562.22544.fna.gz	ecoli_achtman_4	69	adk(21)	fumC(35)	gyrB(27)	icd(6)	mdh(5)	purA(5)	recA(4)
data/genomes/562.22696.fna.gz	ecoli_achtman_4	4702	adk(13)	fumC(426)	gyrB(9)	icd(13)	mdh(16)	purA(10)	recA(9)
data/genomes/562.22444.fna.gz	ecoli_achtman_4	5546	adk(36)	fumC(24)	gyrB(9)	icd(565)	mdh(17)	purA(11)	recA(25)
data/genomes/562.22595.fna.gz	ecoli_achtman_4	131	adk(53)	fumC(40)	gyrB(47)	icd(13)	mdh(36)	purA(28)	recA(29)
data/genomes/562.22646.fna.gz	ecoli_achtman_4	131	adk(53)	fumC(40)	gyrB(47)	icd(13)	mdh(36)	purA(28)	recA(29)
data/genomes/562.22496.fna.gz	ecoli_achtman_4	115	adk(4)	fumC(26)	gyrB(39)	icd(25)	mdh(5)	purA(31)	recA(19)
data/genomes/562.22545.fna.gz	ecoli_achtman_4	73	adk(36)	fumC(24)	gyrB(9)	icd(13)	mdh(17)	purA(11)	recA(25)
data/genomes/562.22697.fna.gz	ecoli_achtman_4	28	adk(13)	fumC(21)	gyrB(13)	icd(22)	mdh(17)	purA(14)	recA(15)
data/genomes/562.22445.fna.gz	ecoli_achtman_4	131	adk(53)	fumC(40)	gyrB(47)	icd(13)	mdh(36)	purA(28)	recA(29)
data/genomes/562.22596.fna.gz	ecoli_achtman_4	131	adk(53)	fumC(40)	gyrB(47)	icd(13)	mdh(36)	purA(28)	recA(29)
data/genomes/562.22647.fna.gz	ecoli_achtman_4	95	adk(37)	fumC(38)	gyrB(19)	icd(37)	mdh(17)	purA(11)	recA(26)
data/genomes/562.22497.fna.gz	ecoli_achtman_4	73	adk(36)	fumC(24)	gyrB(9)	icd(13)	mdh(17)	purA(11)	recA(25)
data/genomes/562.22546.fna.gz	ecoli_achtman_4	69	adk(21)	fumC(35)	gyrB(27)	icd(6)	mdh(5)	purA(5)	recA(4)
data/genomes/562.22698.fna.gz	ecoli_achtman_4	14	adk(14)	fumC(14)	gyrB(10)	icd(14)	mdh(17)	purA(7)	recA(10)
data/genomes/562.22446.fna.gz	ecoli_achtman_4	73	adk(36)	fumC(24)	gyrB(9)	icd(13)	mdh(17)	purA(11)	recA(25)
data/genomes/562.22597.fna.gz	ecoli_achtman_4	131	adk(53)	fumC(40)	gyrB(47)	icd(13)	mdh(36)	purA(28)	recA(29)
data/genomes/562.22648.fna.gz	ecoli_achtman_4	5678	adk(37)	fumC(732)	gyrB(19)	icd(37)	mdh(17)	purA(11)	recA(26)
data/genomes/562.22547.fna.gz	ecoli_achtman_4	117	adk(20)	fumC(45)	gyrB(41)	icd(43)	mdh(5)	purA(32)	recA(2)
data/genomes/562.22498.fna.gz	ecoli_achtman_4	46	adk(8)	fumC(7)	gyrB(1)	icd(8)	mdh(8)	purA(8)	recA(6)
data/genomes/562.22699.fna.gz	ecoli_achtman_4	428	adk(96)	fumC(40)	gyrB(13)	icd(100)	mdh(23)	purA(28)	recA(66)
data/genomes/562.22447.fna.gz	ecoli_achtman_4	95	adk(37)	fumC(38)	gyrB(19)	icd(37)	mdh(17)	purA(11)	recA(26)
data/genomes/562.22598.fna.gz	ecoli_achtman_4	5430	adk(13)	fumC(14)	gyrB(10)	icd(14)	mdh(17)	purA(94)	recA(10)
data/genomes/562.22649.fna.gz	ecoli_achtman_4	95	adk(37)	fumC(38)	gyrB(19)	icd(37)	mdh(17)	purA(11)	recA(26)
data/genomes/562.22548.fna.gz	ecoli_achtman_4	69	adk(21)	fumC(35)	gyrB(27)	icd(6)	mdh(5)	purA(5)	recA(4)
data/genomes/562.22499.fna.gz	ecoli_achtman_4	131	adk(53)	fumC(40)	gyrB(47)	icd(13)	mdh(36)	purA(28)	recA(29)
data/genomes/562.22700.fna.gz	ecoli_achtman_4	44	adk(10)	fumC(11)	gyrB(4)	icd(8)	mdh(8)	purA(8)	recA(7)
data/genomes/562.22448.fna.gz	ecoli_achtman_4	12	adk(13)	fumC(13)	gyrB(9)	icd(13)	mdh(16)	purA(10)	recA(9)
data/genomes/562.22599.fna.gz	ecoli_achtman_4	5629	adk(36)	fumC(44)	gyrB(473)	icd(13)	mdh(17)	purA(10)	recA(25)
data/genomes/562.22650.fna.gz	ecoli_achtman_4	131	adk(53)	fumC(40)	gyrB(47)	icd(13)	mdh(36)	purA(28)	recA(29)
data/genomes/562.22549.fna.gz	ecoli_achtman_4	59	adk(27)	fumC(32)	gyrB(24)	icd(29)	mdh(26)	purA(19)	recA(22)
data/genomes/562.22500.fna.gz	ecoli_achtman_4	73	adk(36)	fumC(24)	gyrB(9)	icd(13)	mdh(17)	purA(11)	recA(25)
data/genomes/562.22701.fna.gz	ecoli_achtman_4	93	adk(6)	fumC(11)	gyrB(4)	icd(10)	mdh(7)	purA(8)	recA(6)
data/genomes/562.22449.fna.gz	ecoli_achtman_4	93	adk(6)	fumC(11)	gyrB(4)	icd(10)	mdh(7)	purA(8)	recA(6)
data/genomes/562.22651.fna.gz	ecoli_achtman_4	453	adk(99)	fumC(6)	gyrB(33)	icd(33)	mdh(24)	purA(8)	recA(7)
data/genomes/562.22600.fna.gz	ecoli_achtman_4	88	adk(6)	fumC(4)	gyrB(12)	icd(1)	mdh(20)	purA(12)	recA(7)
data/genomes/562.22550.fna.gz	ecoli_achtman_4	95	adk(37)	fumC(38)	gyrB(19)	icd(37)	mdh(17)	purA(11)	recA(26)
data/genomes/562.22501.fna.gz	ecoli_achtman_4	88	adk(6)	fumC(4)	gyrB(12)	icd(1)	mdh(20)	purA(12)	recA(7)
data/genomes/562.22702.fna.gz	ecoli_achtman_4	73	adk(36)	fumC(24)	gyrB(9)	icd(13)	mdh(17)	purA(11)	recA(25)
data/genomes/562.22450.fna.gz	ecoli_achtman_4	12	adk(13)	fumC(13)	gyrB(9)	icd(13)	mdh(16)	purA(10)	recA(9)
data/genomes/562.22652.fna.gz	ecoli_achtman_4	69	adk(21)	fumC(35)	gyrB(27)	icd(6)	mdh(5)	purA(5)	recA(4)
data/genomes/562.22601.fna.gz	ecoli_achtman_4	131	adk(53)	fumC(40)	gyrB(47)	icd(13)	mdh(36)	purA(28)	recA(29)
data/genomes/562.22502.fna.gz	ecoli_achtman_4	73	adk(36)	fumC(24)	gyrB(9)	icd(13)	mdh(17)	purA(11)	recA(25)
data/genomes/562.22551.fna.gz	ecoli_achtman_4	131	adk(53)	fumC(40)	gyrB(47)	icd(13)	mdh(36)	purA(28)	recA(29)
data/genomes/562.22703.fna.gz	ecoli_achtman_4	95	adk(37)	fumC(38)	gyrB(19)	icd(37)	mdh(17)	purA(11)	recA(26)
data/genomes/562.22451.fna.gz	ecoli_achtman_4	95	adk(37)	fumC(38)	gyrB(19)	icd(37)	mdh(17)	purA(11)	recA(26)
data/genomes/562.22653.fna.gz	ecoli_achtman_4	46	adk(8)	fumC(7)	gyrB(1)	icd(8)	mdh(8)	purA(8)	recA(6)
data/genomes/562.22602.fna.gz	ecoli_achtman_4	69	adk(21)	fumC(35)	gyrB(27)	icd(6)	mdh(5)	purA(5)	recA(4)
data/genomes/562.22552.fna.gz	ecoli_achtman_4	73	adk(36)	fumC(24)	gyrB(9)	icd(13)	mdh(17)	purA(11)	recA(25)
data/genomes/562.22503.fna.gz	ecoli_achtman_4	648	adk(92)	fumC(4)	gyrB(87)	icd(96)	mdh(70)	purA(58)	recA(2)
data/genomes/562.22704.fna.gz	ecoli_achtman_4	73	adk(36)	fumC(24)	gyrB(9)	icd(13)	mdh(17)	purA(11)	recA(25)
data/genomes/562.22452.fna.gz	ecoli_achtman_4	62	adk(28)	fumC(33)	gyrB(25)	icd(29)	mdh(7)	purA(11)	recA(24)
data/genomes/562.22654.fna.gz	ecoli_achtman_4	357	adk(13)	fumC(40)	gyrB(13)	icd(13)	mdh(23)	purA(25)	recA(66)
data/genomes/562.22603.fna.gz	ecoli_achtman_4	73	adk(36)	fumC(24)	gyrB(9)	icd(13)	mdh(17)	purA(11)	recA(25)
data/genomes/562.22553.fna.gz	ecoli_achtman_4	12	adk(13)	fumC(13)	gyrB(9)	icd(13)	mdh(16)	purA(10)	recA(9)
data/genomes/562.22504.fna.gz	ecoli_achtman_4	73	adk(36)	fumC(24)	gyrB(9)	icd(13)	mdh(17)	purA(11)	recA(25)
data/genomes/562.22705.fna.gz	ecoli_achtman_4	95	adk(37)	fumC(38)	gyrB(19)	icd(37)	mdh(17)	purA(11)	recA(26)
data/genomes/562.22453.fna.gz	ecoli_achtman_4	635	adk(6)	fumC(107)	gyrB(1)	icd(95)	mdh(69)	purA(8)	recA(7)
data/genomes/562.22655.fna.gz	ecoli_achtman_4	131	adk(53)	fumC(40)	gyrB(47)	icd(13)	mdh(36)	purA(28)	recA(29)
data/genomes/562.22604.fna.gz	ecoli_achtman_4	95	adk(37)	fumC(38)	gyrB(19)	icd(37)	mdh(17)	purA(11)	recA(26)
data/genomes/562.22554.fna.gz	ecoli_achtman_4	10	adk(10)	fumC(11)	gyrB(4)	icd(8)	mdh(8)	purA(8)	recA(2)
data/genomes/562.22706.fna.gz	ecoli_achtman_4	14	adk(14)	fumC(14)	gyrB(10)	icd(14)	mdh(17)	purA(7)	recA(10)
data/genomes/562.22505.fna.gz	ecoli_achtman_4	73	adk(36)	fumC(24)	gyrB(9)	icd(13)	mdh(17)	purA(11)	recA(25)
data/genomes/562.22454.fna.gz	ecoli_achtman_4	95	adk(37)	fumC(38)	gyrB(19)	icd(37)	mdh(17)	purA(11)	recA(26)
data/genomes/562.22656.fna.gz	ecoli_achtman_4	73	adk(36)	fumC(24)	gyrB(9)	icd(13)	mdh(17)	purA(11)	recA(25)
data/genomes/562.22555.fna.gz	ecoli_achtman_4	131	adk(53)	fumC(40)	gyrB(47)	icd(13)	mdh(36)	purA(28)	recA(29)
data/genomes/562.22605.fna.gz	ecoli_achtman_4	372	adk(88)	fumC(103)	gyrB(19)	icd(36)	mdh(23)	purA(44)	recA(26)
data/genomes/562.22707.fna.gz	ecoli_achtman_4	540	adk(6)	fumC(7)	gyrB(57)	icd(1)	mdh(8)	purA(8)	recA(2)
data/genomes/562.22506.fna.gz	ecoli_achtman_4	73	adk(36)	fumC(24)	gyrB(9)	icd(13)	mdh(17)	purA(11)	recA(25)
data/genomes/562.22455.fna.gz	ecoli_achtman_4	131	adk(53)	fumC(40)	gyrB(47)	icd(13)	mdh(36)	purA(28)	recA(29)
data/genomes/562.22657.fna.gz	ecoli_achtman_4	131	adk(53)	fumC(40)	gyrB(47)	icd(13)	mdh(36)	purA(28)	recA(29)
data/genomes/562.22556.fna.gz	ecoli_achtman_4	5663	adk(499)	fumC(210)	gyrB(174)	icd(6)	mdh(5)	purA(16)	recA(4)
data/genomes/562.22606.fna.gz	ecoli_achtman_4	73	adk(36)	fumC(24)	gyrB(9)	icd(13)	mdh(17)	purA(11)	recA(25)
data/genomes/562.22708.fna.gz	ecoli_achtman_4	648	adk(92)	fumC(4)	gyrB(87)	icd(96)	mdh(70)	purA(58)	recA(2)
data/genomes/562.22457.fna.gz	ecoli_achtman_4	648	adk(92)	fumC(4)	gyrB(87)	icd(96)	mdh(70)	purA(58)	recA(2)
data/genomes/562.22507.fna.gz	ecoli_achtman_4	405	adk(35)	fumC(37)	gyrB(29)	icd(25)	mdh(4)	purA(5)	recA(73)
data/genomes/562.22658.fna.gz	ecoli_achtman_4	141	adk(13)	fumC(52)	gyrB(10)	icd(14)	mdh(17)	purA(25)	recA(17)
data/genomes/562.22607.fna.gz	ecoli_achtman_4	117	adk(20)	fumC(45)	gyrB(41)	icd(43)	mdh(5)	purA(32)	recA(2)
data/genomes/562.22557.fna.gz	ecoli_achtman_4	95	adk(37)	fumC(38)	gyrB(19)	icd(37)	mdh(17)	purA(11)	recA(26)
data/genomes/562.22709.fna.gz	ecoli_achtman_4	95	adk(37)	fumC(38)	gyrB(19)	icd(37)	mdh(17)	purA(11)	recA(26)
data/genomes/562.22458.fna.gz	ecoli_achtman_4	88	adk(6)	fumC(4)	gyrB(12)	icd(1)	mdh(20)	purA(12)	recA(7)
data/genomes/562.22508.fna.gz	ecoli_achtman_4	69	adk(21)	fumC(35)	gyrB(27)	icd(6)	mdh(5)	purA(5)	recA(4)
data/genomes/562.22659.fna.gz	ecoli_achtman_4	59	adk(27)	fumC(32)	gyrB(24)	icd(29)	mdh(26)	purA(19)	recA(22)
data/genomes/562.22608.fna.gz	ecoli_achtman_4	5576	adk(6)	fumC(6)	gyrB(5)	icd(572)	mdh(9)	purA(13)	recA(98)
data/genomes/562.22558.fna.gz	ecoli_achtman_4	5484	adk(450)	fumC(38)	gyrB(459)	icd(37)	mdh(17)	purA(11)	recA(26)
data/genomes/562.22459.fna.gz	ecoli_achtman_4	5338	adk(10)	fumC(594)	gyrB(5)	icd(8)	mdh(7)	purA(8)	recA(6)
data/genomes/562.22660.fna.gz	ecoli_achtman_4	442	adk(6)	fumC(95)	gyrB(33)	icd(18)	mdh(9)	purA(8)	recA(14)
data/genomes/562.22710.fna.gz	ecoli_achtman_4	5351	adk(13)	fumC(24)	gyrB(19)	icd(14)	mdh(23)	purA(1)	recA(361)
data/genomes/562.22509.fna.gz	ecoli_achtman_4	95	adk(37)	fumC(38)	gyrB(19)	icd(37)	mdh(17)	purA(11)	recA(26)
data/genomes/562.22609.fna.gz	ecoli_achtman_4	73	adk(36)	fumC(24)	gyrB(9)	icd(13)	mdh(17)	purA(11)	recA(25)
data/genomes/562.22559.fna.gz	ecoli_achtman_4	95	adk(37)	fumC(38)	gyrB(19)	icd(37)	mdh(17)	purA(11)	recA(26)
data/genomes/562.22460.fna.gz	ecoli_achtman_4	453	adk(99)	fumC(6)	gyrB(33)	icd(33)	mdh(24)	purA(8)	recA(7)
data/genomes/562.22661.fna.gz	ecoli_achtman_4	5328	adk(13)	fumC(24)	gyrB(84)	icd(13)	mdh(17)	purA(30)	recA(34)
data/genomes/562.22711.fna.gz	ecoli_achtman_4	95	adk(37)	fumC(38)	gyrB(19)	icd(37)	mdh(17)	purA(11)	recA(26)
data/genomes/562.22510.fna.gz	ecoli_achtman_4	14	adk(14)	fumC(14)	gyrB(10)	icd(14)	mdh(17)	purA(7)	recA(10)
data/genomes/562.22560.fna.gz	ecoli_achtman_4	73	adk(36)	fumC(24)	gyrB(9)	icd(13)	mdh(17)	purA(11)	recA(25)
data/genomes/562.22610.fna.gz	ecoli_achtman_4	131	adk(53)	fumC(40)	gyrB(47)	icd(13)	mdh(36)	purA(28)	recA(29)
data/genomes/562.22461.fna.gz	ecoli_achtman_4	69	adk(21)	fumC(35)	gyrB(27)	icd(6)	mdh(5)	purA(5)	recA(4)
data/genomes/562.22662.fna.gz	ecoli_achtman_4	69	adk(21)	fumC(35)	gyrB(27)	icd(6)	mdh(5)	purA(5)	recA(4)
data/genomes/562.22712.fna.gz	ecoli_achtman_4	73	adk(36)	fumC(24)	gyrB(9)	icd(13)	mdh(17)	purA(11)	recA(25)
data/genomes/562.22511.fna.gz	ecoli_achtman_4	10	adk(10)	fumC(11)	gyrB(4)	icd(8)	mdh(8)	purA(8)	recA(2)
data/genomes/562.22611.fna.gz	ecoli_achtman_4	131	adk(53)	fumC(40)	gyrB(47)	icd(13)	mdh(36)	purA(28)	recA(29)
data/genomes/562.22561.fna.gz	ecoli_achtman_4	131	adk(53)	fumC(40)	gyrB(47)	icd(13)	mdh(36)	purA(28)	recA(29)
data/genomes/562.22713.fna.gz	ecoli_achtman_4	38	adk(4)	fumC(26)	gyrB(2)	icd(25)	mdh(5)	purA(5)	recA(19)
data/genomes/562.22663.fna.gz	ecoli_achtman_4	73	adk(36)	fumC(24)	gyrB(9)	icd(13)	mdh(17)	purA(11)	recA(25)
data/genomes/562.22462.fna.gz	ecoli_achtman_4	23	adk(6)	fumC(4)	gyrB(12)	icd(1)	mdh(20)	purA(13)	recA(7)
data/genomes/562.22512.fna.gz	ecoli_achtman_4	404	adk(14)	fumC(14)	gyrB(10)	icd(14)	mdh(17)	purA(7)	recA(74)
data/genomes/562.22612.fna.gz	ecoli_achtman_4	131	adk(53)	fumC(40)	gyrB(47)	icd(13)	mdh(36)	purA(28)	recA(29)
data/genomes/562.22562.fna.gz	ecoli_achtman_4	405	adk(35)	fumC(37)	gyrB(29)	icd(25)	mdh(4)	purA(5)	recA(73)
data/genomes/562.22714.fna.gz	ecoli_achtman_4	1979	adk(36)	fumC(24)	gyrB(9)	icd(270)	mdh(17)	purA(11)	recA(25)
data/genomes/562.22664.fna.gz	ecoli_achtman_4	646	adk(13)	fumC(96)	gyrB(121)	icd(13)	mdh(17)	purA(11)	recA(10)
data/genomes/562.22463.fna.gz	ecoli_achtman_4	136	adk(38)	fumC(39)	gyrB(30)	icd(13)	mdh(17)	purA(11)	recA(28)
data/genomes/562.22513.fna.gz	ecoli_achtman_4	80	adk(13)	fumC(24)	gyrB(19)	icd(14)	mdh(23)	purA(1)	recA(10)
data/genomes/562.22613.fna.gz	ecoli_achtman_4	73	adk(36)	fumC(24)	gyrB(9)	icd(13)	mdh(17)	purA(11)	recA(25)
data/genomes/562.22563.fna.gz	ecoli_achtman_4	95	adk(37)	fumC(38)	gyrB(19)	icd(37)	mdh(17)	purA(11)	recA(26)
data/genomes/562.22715.fna.gz	ecoli_achtman_4	998	adk(13)	fumC(52)	gyrB(156)	icd(14)	mdh(17)	purA(25)	recA(17)
data/genomes/562.22665.fna.gz	ecoli_achtman_4	550	adk(14)	fumC(14)	gyrB(10)	icd(14)	mdh(17)	purA(92)	recA(10)
data/genomes/562.22464.fna.gz	ecoli_achtman_4	405	adk(35)	fumC(37)	gyrB(29)	icd(25)	mdh(4)	purA(5)	recA(73)
data/genomes/562.22514.fna.gz	ecoli_achtman_4	131	adk(53)	fumC(40)	gyrB(47)	icd(13)	mdh(36)	purA(28)	recA(29)
data/genomes/562.22614.fna.gz	ecoli_achtman_4	223	adk(6)	fumC(4)	gyrB(4)	icd(18)	mdh(24)	purA(8)	recA(14)
data/genomes/562.22564.fna.gz	ecoli_achtman_4	95	adk(37)	fumC(38)	gyrB(19)	icd(37)	mdh(17)	purA(11)	recA(26)
data/genomes/562.22716.fna.gz	ecoli_achtman_4	428	adk(96)	fumC(40)	gyrB(13)	icd(100)	mdh(23)	purA(28)	recA(66)
data/genomes/562.22666.fna.gz	ecoli_achtman_4	59	adk(27)	fumC(32)	gyrB(24)	icd(29)	mdh(26)	purA(19)	recA(22)
data/genomes/562.22465.fna.gz	ecoli_achtman_4	131	adk(53)	fumC(40)	gyrB(47)	icd(13)	mdh(36)	purA(28)	recA(29)
data/genomes/562.22515.fna.gz	ecoli_achtman_4	69	adk(21)	fumC(35)	gyrB(27)	icd(6)	mdh(5)	purA(5)	recA(4)
data/genomes/562.22615.fna.gz	ecoli_achtman_4	73	adk(36)	fumC(24)	gyrB(9)	icd(13)	mdh(17)	purA(11)	recA(25)
data/genomes/562.22565.fna.gz	ecoli_achtman_4	131	adk(53)	fumC(40)	gyrB(47)	icd(13)	mdh(36)	purA(28)	recA(29)
data/genomes/562.22717.fna.gz	ecoli_achtman_4	131	adk(53)	fumC(40)	gyrB(47)	icd(13)	mdh(36)	purA(28)	recA(29)
data/genomes/562.22667.fna.gz	ecoli_achtman_4	538	adk(13)	fumC(40)	gyrB(19)	icd(13)	mdh(36)	purA(28)	recA(30)
data/genomes/562.22466.fna.gz	ecoli_achtman_4	69	adk(21)	fumC(35)	gyrB(27)	icd(6)	mdh(5)	purA(5)	recA(4)
data/genomes/562.22516.fna.gz	ecoli_achtman_4	69	adk(21)	fumC(35)	gyrB(27)	icd(6)	mdh(5)	purA(5)	recA(4)
data/genomes/562.22617.fna.gz	ecoli_achtman_4	95	adk(37)	fumC(38)	gyrB(19)	icd(37)	mdh(17)	purA(11)	recA(26)
data/genomes/562.22566.fna.gz	ecoli_achtman_4	95	adk(37)	fumC(38)	gyrB(19)	icd(37)	mdh(17)	purA(11)	recA(26)
data/genomes/562.22668.fna.gz	ecoli_achtman_4	95	adk(37)	fumC(38)	gyrB(19)	icd(37)	mdh(17)	purA(11)	recA(26)
data/genomes/562.22718.fna.gz	ecoli_achtman_4	5640	adk(492)	fumC(40)	gyrB(47)	icd(13)	mdh(36)	purA(28)	recA(29)
data/genomes/562.22467.fna.gz	ecoli_achtman_4	80	adk(13)	fumC(24)	gyrB(19)	icd(14)	mdh(23)	purA(1)	recA(10)
data/genomes/562.22517.fna.gz	ecoli_achtman_4	14	adk(14)	fumC(14)	gyrB(10)	icd(14)	mdh(17)	purA(7)	recA(10)
data/genomes/562.22618.fna.gz	ecoli_achtman_4	1722	adk(101)	fumC(4)	gyrB(97)	icd(29)	mdh(70)	purA(158)	recA(2)
data/genomes/562.22567.fna.gz	ecoli_achtman_4	5606	adk(10)	fumC(11)	gyrB(4)	icd(8)	mdh(445)	purA(8)	recA(2)
data/genomes/562.22669.fna.gz	ecoli_achtman_4	131	adk(53)	fumC(40)	gyrB(47)	icd(13)	mdh(36)	purA(28)	recA(29)
data/genomes/562.22468.fna.gz	ecoli_achtman_4	73	adk(36)	fumC(24)	gyrB(9)	icd(13)	mdh(17)	purA(11)	recA(25)
data/genomes/562.22719.fna.gz	ecoli_achtman_4	567	adk(13)	fumC(43)	gyrB(9)	icd(37)	mdh(17)	purA(37)	recA(25)
data/genomes/562.22518.fna.gz	ecoli_achtman_4	131	adk(53)	fumC(40)	gyrB(47)	icd(13)	mdh(36)	purA(28)	recA(29)
data/genomes/562.22619.fna.gz	ecoli_achtman_4	69	adk(21)	fumC(35)	gyrB(27)	icd(6)	mdh(5)	purA(5)	recA(4)
data/genomes/562.22568.fna.gz	ecoli_achtman_4	73	adk(36)	fumC(24)	gyrB(9)	icd(13)	mdh(17)	purA(11)	recA(25)
data/genomes/562.22670.fna.gz	ecoli_achtman_4	131	adk(53)	fumC(40)	gyrB(47)	icd(13)	mdh(36)	purA(28)	recA(29)
data/genomes/562.22469.fna.gz	ecoli_achtman_4	73	adk(36)	fumC(24)	gyrB(9)	icd(13)	mdh(17)	purA(11)	recA(25)
data/genomes/562.22720.fna.gz	ecoli_achtman_4	5589	adk(10)	fumC(214)	gyrB(1)	icd(576)	mdh(71)	purA(8)	recA(6)
data/genomes/562.22620.fna.gz	ecoli_achtman_4	131	adk(53)	fumC(40)	gyrB(47)	icd(13)	mdh(36)	purA(28)	recA(29)
data/genomes/562.22519.fna.gz	ecoli_achtman_4	73	adk(36)	fumC(24)	gyrB(9)	icd(13)	mdh(17)	purA(11)	recA(25)
data/genomes/562.22569.fna.gz	ecoli_achtman_4	127	adk(13)	fumC(14)	gyrB(19)	icd(36)	mdh(23)	purA(11)	recA(10)
data/genomes/562.22671.fna.gz	ecoli_achtman_4	95	adk(37)	fumC(38)	gyrB(19)	icd(37)	mdh(17)	purA(11)	recA(26)
data/genomes/562.22470.fna.gz	ecoli_achtman_4	1148	adk(6)	fumC(95)	gyrB(3)	icd(18)	mdh(11)	purA(7)	recA(14)
data/genomes/562.22721.fna.gz	ecoli_achtman_4	95	adk(37)	fumC(38)	gyrB(19)	icd(37)	mdh(17)	purA(11)	recA(26)
data/genomes/562.22621.fna.gz	ecoli_achtman_4	1618	adk(36)	fumC(24)	gyrB(9)	icd(13)	mdh(17)	purA(11)	recA(159)
data/genomes/562.22520.fna.gz	ecoli_achtman_4	405	adk(35)	fumC(37)	gyrB(29)	icd(25)	mdh(4)	purA(5)	recA(73)
data/genomes/562.22570.fna.gz	ecoli_achtman_4	144	adk(13)	fumC(43)	gyrB(9)	icd(36)	mdh(30)	purA(44)	recA(25)
data/genomes/562.22672.fna.gz	ecoli_achtman_4	69	adk(21)	fumC(35)	gyrB(27)	icd(6)	mdh(5)	purA(5)	recA(4)
data/genomes/562.22471.fna.gz	ecoli_achtman_4	69	adk(21)	fumC(35)	gyrB(27)	icd(6)	mdh(5)	purA(5)	recA(4)
data/genomes/562.22722.fna.gz	ecoli_achtman_4	5593	adk(54)	fumC(715)	gyrB(250)	icd(577)	mdh(5)	purA(16)	recA(385)
data/genomes/562.22622.fna.gz	ecoli_achtman_4	131	adk(53)	fumC(40)	gyrB(47)	icd(13)	mdh(36)	purA(28)	recA(29)
data/genomes/562.22571.fna.gz	ecoli_achtman_4	80	adk(13)	fumC(24)	gyrB(19)	icd(14)	mdh(23)	purA(1)	recA(10)
data/genomes/562.22521.fna.gz	ecoli_achtman_4	349	adk(34)	fumC(36)	gyrB(39)	icd(87)	mdh(67)	purA(16)	recA(4)
data/genomes/562.22673.fna.gz	ecoli_achtman_4	95	adk(37)	fumC(38)	gyrB(19)	icd(37)	mdh(17)	purA(11)	recA(26)
data/genomes/562.22472.fna.gz	ecoli_achtman_4	73	adk(36)	fumC(24)	gyrB(9)	icd(13)	mdh(17)	purA(11)	recA(25)
data/genomes/562.22723.fna.gz	ecoli_achtman_4	95	adk(37)	fumC(38)	gyrB(19)	icd(37)	mdh(17)	purA(11)	recA(26)
data/genomes/562.22623.fna.gz	ecoli_achtman_4	73	adk(36)	fumC(24)	gyrB(9)	icd(13)	mdh(17)	purA(11)	recA(25)
data/genomes/562.22572.fna.gz	ecoli_achtman_4	73	adk(36)	fumC(24)	gyrB(9)	icd(13)	mdh(17)	purA(11)	recA(25)
data/genomes/562.22522.fna.gz	ecoli_achtman_4	2773	adk(6)	fumC(6)	gyrB(3)	icd(26)	mdh(9)	purA(8)	recA(2)
data/genomes/562.22674.fna.gz	ecoli_achtman_4	127	adk(13)	fumC(14)	gyrB(19)	icd(36)	mdh(23)	purA(11)	recA(10)
data/genomes/562.22473.fna.gz	ecoli_achtman_4	69	adk(21)	fumC(35)	gyrB(27)	icd(6)	mdh(5)	purA(5)	recA(4)
data/genomes/562.22724.fna.gz	ecoli_achtman_4	1431	adk(6)	fumC(65)	gyrB(3)	icd(1)	mdh(11)	purA(13)	recA(6)
data/genomes/562.22624.fna.gz	ecoli_achtman_4	73	adk(36)	fumC(24)	gyrB(9)	icd(13)	mdh(17)	purA(11)	recA(25)
data/genomes/562.22523.fna.gz	ecoli_achtman_4	73	adk(36)	fumC(24)	gyrB(9)	icd(13)	mdh(17)	purA(11)	recA(25)
data/genomes/562.22573.fna.gz	ecoli_achtman_4	95	adk(37)	fumC(38)	gyrB(19)	icd(37)	mdh(17)	purA(11)	recA(26)
data/genomes/562.22675.fna.gz	ecoli_achtman_4	5585	adk(13)	fumC(43)	gyrB(19)	icd(575)	mdh(439)	purA(44)	recA(25)
data/genomes/562.22727.fna.gz	ecoli_achtman_4	95	adk(37)	fumC(38)	gyrB(19)	icd(37)	mdh(17)	purA(11)	recA(26)
data/genomes/562.22725.fna.gz	ecoli_achtman_4	12	adk(13)	fumC(13)	gyrB(9)	icd(13)	mdh(16)	purA(10)	recA(9)
data/genomes/562.22625.fna.gz	ecoli_achtman_4	357	adk(13)	fumC(40)	gyrB(13)	icd(13)	mdh(23)	purA(25)	recA(66)
data/genomes/562.22574.fna.gz	ecoli_achtman_4	73	adk(36)	fumC(24)	gyrB(9)	icd(13)	mdh(17)	purA(11)	recA(25)
data/genomes/562.22524.fna.gz	ecoli_achtman_4	144	adk(13)	fumC(43)	gyrB(9)	icd(36)	mdh(30)	purA(44)	recA(25)
data/genomes/562.22676.fna.gz	ecoli_achtman_4	69	adk(21)	fumC(35)	gyrB(27)	icd(6)	mdh(5)	purA(5)	recA(4)
data/genomes/562.22728.fna.gz	ecoli_achtman_4	95	adk(37)	fumC(38)	gyrB(19)	icd(37)	mdh(17)	purA(11)	recA(26)
data/genomes/562.22726.fna.gz	ecoli_achtman_4	390	adk(37)	fumC(38)	gyrB(86)	icd(37)	mdh(17)	purA(11)	recA(26)
data/genomes/562.22626.fna.gz	ecoli_achtman_4	131	adk(53)	fumC(40)	gyrB(47)	icd(13)	mdh(36)	purA(28)	recA(29)
data/genomes/562.22778.fna.gz	ecoli_achtman_4	131	adk(53)	fumC(40)	gyrB(47)	icd(13)	mdh(36)	purA(28)	recA(29)
data/genomes/562.22950.fna.gz	ecoli_achtman_4	5363	adk(10)	fumC(672)	gyrB(4)	icd(8)	mdh(8)	purA(8)	recA(2)
data/genomes/562.22872.fna.gz	ecoli_achtman_4	144	adk(13)	fumC(43)	gyrB(9)	icd(36)	mdh(30)	purA(44)	recA(25)
data/genomes/562.22729.fna.gz	ecoli_achtman_4	95	adk(37)	fumC(38)	gyrB(19)	icd(37)	mdh(17)	purA(11)	recA(26)
data/genomes/562.23002.fna.gz	ecoli_achtman_4	95	adk(37)	fumC(38)	gyrB(19)	icd(37)	mdh(17)	purA(11)	recA(26)
data/genomes/562.23053.fna.gz	ecoli_achtman_4	131	adk(53)	fumC(40)	gyrB(47)	icd(13)	mdh(36)	purA(28)	recA(29)
data/genomes/562.22779.fna.gz	ecoli_achtman_4	69	adk(21)	fumC(35)	gyrB(27)	icd(6)	mdh(5)	purA(5)	recA(4)
data/genomes/562.22873.fna.gz	ecoli_achtman_4	12	adk(13)	fumC(13)	gyrB(9)	icd(13)	mdh(16)	purA(10)	recA(9)
data/genomes/562.22951.fna.gz	ecoli_achtman_4	59	adk(27)	fumC(32)	gyrB(24)	icd(29)	mdh(26)	purA(19)	recA(22)
data/genomes/562.22730.fna.gz	ecoli_achtman_4	95	adk(37)	fumC(38)	gyrB(19)	icd(37)	mdh(17)	purA(11)	recA(26)
data/genomes/562.23003.fna.gz	ecoli_achtman_4	141	adk(13)	fumC(52)	gyrB(10)	icd(14)	mdh(17)	purA(25)	recA(17)
data/genomes/562.23054.fna.gz	ecoli_achtman_4	58	adk(6)	fumC(4)	gyrB(4)	icd(16)	mdh(24)	purA(8)	recA(14)
data/genomes/562.22780.fna.gz	ecoli_achtman_4	155	adk(6)	fumC(4)	gyrB(14)	icd(16)	mdh(24)	purA(8)	recA(14)
data/genomes/562.22874.fna.gz	ecoli_achtman_4	1494	adk(1)	fumC(4)	gyrB(44)	icd(9)	mdh(11)	purA(35)	recA(7)
data/genomes/562.22952.fna.gz	ecoli_achtman_4	91	adk(13)	fumC(40)	gyrB(34)	icd(13)	mdh(23)	purA(28)	recA(30)
data/genomes/562.22731.fna.gz	ecoli_achtman_4	569	adk(13)	fumC(38)	gyrB(84)	icd(13)	mdh(17)	purA(64)	recA(34)
data/genomes/562.23004.fna.gz	ecoli_achtman_4	10	adk(10)	fumC(11)	gyrB(4)	icd(8)	mdh(8)	purA(8)	recA(2)
data/genomes/562.23055.fna.gz	ecoli_achtman_4	1810	adk(28)	fumC(33)	gyrB(25)	icd(29)	mdh(188)	purA(11)	recA(24)
data/genomes/562.22781.fna.gz	ecoli_achtman_4	127	adk(13)	fumC(14)	gyrB(19)	icd(36)	mdh(23)	purA(11)	recA(10)
data/genomes/562.22875.fna.gz	ecoli_achtman_4	10	adk(10)	fumC(11)	gyrB(4)	icd(8)	mdh(8)	purA(8)	recA(2)
data/genomes/562.22732.fna.gz	ecoli_achtman_4	95	adk(37)	fumC(38)	gyrB(19)	icd(37)	mdh(17)	purA(11)	recA(26)
data/genomes/562.22953.fna.gz	ecoli_achtman_4	372	adk(88)	fumC(103)	gyrB(19)	icd(36)	mdh(23)	purA(44)	recA(26)
data/genomes/562.23005.fna.gz	ecoli_achtman_4	69	adk(21)	fumC(35)	gyrB(27)	icd(6)	mdh(5)	purA(5)	recA(4)
data/genomes/562.23056.fna.gz	ecoli_achtman_4	2567	adk(13)	fumC(108)	gyrB(10)	icd(97)	mdh(18)	purA(94)	recA(93)
data/genomes/562.22782.fna.gz	ecoli_achtman_4	73	adk(36)	fumC(24)	gyrB(9)	icd(13)	mdh(17)	purA(11)	recA(25)
data/genomes/562.22876.fna.gz	ecoli_achtman_4	5432	adk(463)	fumC(40)	gyrB(47)	icd(13)	mdh(36)	purA(28)	recA(29)
data/genomes/562.22733.fna.gz	ecoli_achtman_4	131	adk(53)	fumC(40)	gyrB(47)	icd(13)	mdh(36)	purA(28)	recA(29)
data/genomes/562.22954.fna.gz	ecoli_achtman_4	963	adk(4)	fumC(26)	gyrB(151)	icd(25)	mdh(5)	purA(5)	recA(19)
data/genomes/562.23006.fna.gz	ecoli_achtman_4	48	adk(6)	fumC(11)	gyrB(4)	icd(8)	mdh(8)	purA(8)	recA(2)
data/genomes/562.23057.fna.gz	ecoli_achtman_4	38	adk(4)	fumC(26)	gyrB(2)	icd(25)	mdh(5)	purA(5)	recA(19)
data/genomes/562.22783.fna.gz	ecoli_achtman_4	131	adk(53)	fumC(40)	gyrB(47)	icd(13)	mdh(36)	purA(28)	recA(29)
data/genomes/562.22877.fna.gz	ecoli_achtman_4	73	adk(36)	fumC(24)	gyrB(9)	icd(13)	mdh(17)	purA(11)	recA(25)
data/genomes/562.22734.fna.gz	ecoli_achtman_4	38	adk(4)	fumC(26)	gyrB(2)	icd(25)	mdh(5)	purA(5)	recA(19)
data/genomes/562.22955.fna.gz	ecoli_achtman_4	59	adk(27)	fumC(32)	gyrB(24)	icd(29)	mdh(26)	purA(19)	recA(22)
data/genomes/562.23007.fna.gz	ecoli_achtman_4	95	adk(37)	fumC(38)	gyrB(19)	icd(37)	mdh(17)	purA(11)	recA(26)
data/genomes/562.23058.fna.gz	ecoli_achtman_4	69	adk(21)	fumC(35)	gyrB(27)	icd(6)	mdh(5)	purA(5)	recA(4)
data/genomes/562.22784.fna.gz	ecoli_achtman_4	131	adk(53)	fumC(40)	gyrB(47)	icd(13)	mdh(36)	purA(28)	recA(29)
data/genomes/562.22878.fna.gz	ecoli_achtman_4	131	adk(53)	fumC(40)	gyrB(47)	icd(13)	mdh(36)	purA(28)	recA(29)
data/genomes/562.22735.fna.gz	ecoli_achtman_4	69	adk(21)	fumC(35)	gyrB(27)	icd(6)	mdh(5)	purA(5)	recA(4)
data/genomes/562.22956.fna.gz	ecoli_achtman_4	59	adk(27)	fumC(32)	gyrB(24)	icd(29)	mdh(26)	purA(19)	recA(22)
data/genomes/562.23008.fna.gz	ecoli_achtman_4	12	adk(13)	fumC(13)	gyrB(9)	icd(13)	mdh(16)	purA(10)	recA(9)
data/genomes/562.23059.fna.gz	ecoli_achtman_4	127	adk(13)	fumC(14)	gyrB(19)	icd(36)	mdh(23)	purA(11)	recA(10)
data/genomes/562.22785.fna.gz	ecoli_achtman_4	69	adk(21)	fumC(35)	gyrB(27)	icd(6)	mdh(5)	purA(5)	recA(4)
data/genomes/562.22879.fna.gz	ecoli_achtman_4	624	adk(92)	fumC(4)	gyrB(87)	icd(96)	mdh(70)	purA(58)	recA(91)
data/genomes/562.22736.fna.gz	ecoli_achtman_4	95	adk(37)	fumC(38)	gyrB(19)	icd(37)	mdh(17)	purA(11)	recA(26)
data/genomes/562.22957.fna.gz	ecoli_achtman_4	73	adk(36)	fumC(24)	gyrB(9)	icd(13)	mdh(17)	purA(11)	recA(25)
data/genomes/562.23009.fna.gz	ecoli_achtman_4	73	adk(36)	fumC(24)	gyrB(9)	icd(13)	mdh(17)	purA(11)	recA(25)
data/genomes/562.23060.fna.gz	ecoli_achtman_4	69	adk(21)	fumC(35)	gyrB(27)	icd(6)	mdh(5)	purA(5)	recA(4)
data/genomes/562.22786.fna.gz	ecoli_achtman_4	69	adk(21)	fumC(35)	gyrB(27)	icd(6)	mdh(5)	purA(5)	recA(4)
data/genomes/562.22880.fna.gz	ecoli_achtman_4	69	adk(21)	fumC(35)	gyrB(27)	icd(6)	mdh(5)	purA(5)	recA(4)
data/genomes/562.22737.fna.gz	ecoli_achtman_4	405	adk(35)	fumC(37)	gyrB(29)	icd(25)	mdh(4)	purA(5)	recA(73)
data/genomes/562.22958.fna.gz	ecoli_achtman_4	14	adk(14)	fumC(14)	gyrB(10)	icd(14)	mdh(17)	purA(7)	recA(10)
data/genomes/562.23010.fna.gz	ecoli_achtman_4	73	adk(36)	fumC(24)	gyrB(9)	icd(13)	mdh(17)	purA(11)	recA(25)
data/genomes/562.23061.fna.gz	ecoli_achtman_4	131	adk(53)	fumC(40)	gyrB(47)	icd(13)	mdh(36)	purA(28)	recA(29)
data/genomes/562.22787.fna.gz	ecoli_achtman_4	73	adk(36)	fumC(24)	gyrB(9)	icd(13)	mdh(17)	purA(11)	recA(25)
data/genomes/562.22909.fna.gz	ecoli_achtman_4	5082	adk(6)	fumC(4)	gyrB(3)	icd(18)	mdh(11)	purA(8)	recA(2)
data/genomes/562.22738.fna.gz	ecoli_achtman_4	73	adk(36)	fumC(24)	gyrB(9)	icd(13)	mdh(17)	purA(11)	recA(25)
data/genomes/562.22959.fna.gz	ecoli_achtman_4	73	adk(36)	fumC(24)	gyrB(9)	icd(13)	mdh(17)	purA(11)	recA(25)
data/genomes/562.23012.fna.gz	ecoli_achtman_4	62	adk(28)	fumC(33)	gyrB(25)	icd(29)	mdh(7)	purA(11)	recA(24)
data/genomes/562.22788.fna.gz	ecoli_achtman_4	12	adk(13)	fumC(13)	gyrB(9)	icd(13)	mdh(16)	purA(10)	recA(9)
data/genomes/562.23062.fna.gz	ecoli_achtman_4	95	adk(37)	fumC(38)	gyrB(19)	icd(37)	mdh(17)	purA(11)	recA(26)
data/genomes/562.22910.fna.gz	ecoli_achtman_4	95	adk(37)	fumC(38)	gyrB(19)	icd(37)	mdh(17)	purA(11)	recA(26)
data/genomes/562.22960.fna.gz	ecoli_achtman_4	5630	adk(53)	fumC(40)	gyrB(47)	icd(13)	mdh(449)	purA(28)	recA(29)
data/genomes/562.22740.fna.gz	ecoli_achtman_4	357	adk(13)	fumC(40)	gyrB(13)	icd(13)	mdh(23)	purA(25)	recA(66)
data/genomes/562.23013.fna.gz	ecoli_achtman_4	62	adk(28)	fumC(33)	gyrB(25)	icd(29)	mdh(7)	purA(11)	recA(24)
data/genomes/562.22789.fna.gz	ecoli_achtman_4	95	adk(37)	fumC(38)	gyrB(19)	icd(37)	mdh(17)	purA(11)	recA(26)
data/genomes/562.23063.fna.gz	ecoli_achtman_4	117	adk(20)	fumC(45)	gyrB(41)	icd(43)	mdh(5)	purA(32)	recA(2)
data/genomes/562.22911.fna.gz	ecoli_achtman_4	73	adk(36)	fumC(24)	gyrB(9)	icd(13)	mdh(17)	purA(11)	recA(25)
data/genomes/562.22961.fna.gz	ecoli_achtman_4	73	adk(36)	fumC(24)	gyrB(9)	icd(13)	mdh(17)	purA(11)	recA(25)
data/genomes/562.22741.fna.gz	ecoli_achtman_4	38	adk(4)	fumC(26)	gyrB(2)	icd(25)	mdh(5)	purA(5)	recA(19)
data/genomes/562.23014.fna.gz	ecoli_achtman_4	10	adk(10)	fumC(11)	gyrB(4)	icd(8)	mdh(8)	purA(8)	recA(2)
data/genomes/562.22790.fna.gz	ecoli_achtman_4	73	adk(36)	fumC(24)	gyrB(9)	icd(13)	mdh(17)	purA(11)	recA(25)
data/genomes/562.23064.fna.gz	ecoli_achtman_4	5440	adk(6)	fumC(4)	gyrB(12)	icd(553)	mdh(20)	purA(12)	recA(7)
data/genomes/562.22912.fna.gz	ecoli_achtman_4	12	adk(13)	fumC(13)	gyrB(9)	icd(13)	mdh(16)	purA(10)	recA(9)
data/genomes/562.22962.fna.gz	ecoli_achtman_4	366	adk(6)	fumC(4)	gyrB(15)	icd(1)	mdh(22)	purA(8)	recA(7)
data/genomes/562.22742.fna.gz	ecoli_achtman_4	5389	adk(13)	fumC(13)	gyrB(9)	icd(544)	mdh(16)	purA(10)	recA(9)
data/genomes/562.23015.fna.gz	ecoli_achtman_4	95	adk(37)	fumC(38)	gyrB(19)	icd(37)	mdh(17)	purA(11)	recA(26)
data/genomes/562.22791.fna.gz	ecoli_achtman_4	1170	adk(13)	fumC(40)	gyrB(19)	icd(13)	mdh(23)	purA(28)	recA(109)
data/genomes/562.22913.fna.gz	ecoli_achtman_4	393	adk(18)	fumC(106)	gyrB(17)	icd(6)	mdh(5)	purA(5)	recA(4)
data/genomes/562.23065.fna.gz	ecoli_achtman_4	131	adk(53)	fumC(40)	gyrB(47)	icd(13)	mdh(36)	purA(28)	recA(29)
data/genomes/562.22964.fna.gz	ecoli_achtman_4	83	adk(13)	fumC(38)	gyrB(19)	icd(13)	mdh(30)	purA(25)	recA(29)
data/genomes/562.22743.fna.gz	ecoli_achtman_4	547	adk(13)	fumC(52)	gyrB(10)	icd(119)	mdh(17)	purA(37)	recA(25)
data/genomes/562.23016.fna.gz	ecoli_achtman_4	537	adk(14)	fumC(14)	gyrB(10)	icd(14)	mdh(17)	purA(11)	recA(10)
data/genomes/562.22792.fna.gz	ecoli_achtman_4	38	adk(4)	fumC(26)	gyrB(2)	icd(25)	mdh(5)	purA(5)	recA(19)
data/genomes/562.22914.fna.gz	ecoli_achtman_4	73	adk(36)	fumC(24)	gyrB(9)	icd(13)	mdh(17)	purA(11)	recA(25)
data/genomes/562.23066.fna.gz	ecoli_achtman_4	131	adk(53)	fumC(40)	gyrB(47)	icd(13)	mdh(36)	purA(28)	recA(29)
data/genomes/562.22965.fna.gz	ecoli_achtman_4	73	adk(36)	fumC(24)	gyrB(9)	icd(13)	mdh(17)	purA(11)	recA(25)
data/genomes/562.22744.fna.gz	ecoli_achtman_4	12	adk(13)	fumC(13)	gyrB(9)	icd(13)	mdh(16)	purA(10)	recA(9)
data/genomes/562.22793.fna.gz	ecoli_achtman_4	95	adk(37)	fumC(38)	gyrB(19)	icd(37)	mdh(17)	purA(11)	recA(26)
data/genomes/562.23017.fna.gz	ecoli_achtman_4	62	adk(28)	fumC(33)	gyrB(25)	icd(29)	mdh(7)	purA(11)	recA(24)
data/genomes/562.22915.fna.gz	ecoli_achtman_4	12	adk(13)	fumC(13)	gyrB(9)	icd(13)	mdh(16)	purA(10)	recA(9)
data/genomes/562.23067.fna.gz	ecoli_achtman_4	405	adk(35)	fumC(37)	gyrB(29)	icd(25)	mdh(4)	purA(5)	recA(73)
data/genomes/562.22966.fna.gz	ecoli_achtman_4	38	adk(4)	fumC(26)	gyrB(2)	icd(25)	mdh(5)	purA(5)	recA(19)
data/genomes/562.22745.fna.gz	ecoli_achtman_4	73	adk(36)	fumC(24)	gyrB(9)	icd(13)	mdh(17)	purA(11)	recA(25)
data/genomes/562.22794.fna.gz	ecoli_achtman_4	1193	adk(14)	fumC(14)	gyrB(10)	icd(200)	mdh(17)	purA(7)	recA(10)
data/genomes/562.23018.fna.gz	ecoli_achtman_4	131	adk(53)	fumC(40)	gyrB(47)	icd(13)	mdh(36)	purA(28)	recA(29)
data/genomes/562.22916.fna.gz	ecoli_achtman_4	73	adk(36)	fumC(24)	gyrB(9)	icd(13)	mdh(17)	purA(11)	recA(25)
data/genomes/562.23068.fna.gz	ecoli_achtman_4	131	adk(53)	fumC(40)	gyrB(47)	icd(13)	mdh(36)	purA(28)	recA(29)
data/genomes/562.22967.fna.gz	ecoli_achtman_4	73	adk(36)	fumC(24)	gyrB(9)	icd(13)	mdh(17)	purA(11)	recA(25)
data/genomes/562.22746.fna.gz	ecoli_achtman_4	773	adk(6)	fumC(165)	gyrB(4)	icd(10)	mdh(7)	purA(8)	recA(6)
data/genomes/562.22795.fna.gz	ecoli_achtman_4	357	adk(13)	fumC(40)	gyrB(13)	icd(13)	mdh(23)	purA(25)	recA(66)
data/genomes/562.23019.fna.gz	ecoli_achtman_4	363	adk(13)	fumC(38)	gyrB(84)	icd(13)	mdh(17)	purA(64)	recA(26)
data/genomes/562.22917.fna.gz	ecoli_achtman_4	95	adk(37)	fumC(38)	gyrB(19)	icd(37)	mdh(17)	purA(11)	recA(26)
data/genomes/562.23069.fna.gz	ecoli_achtman_4	73	adk(36)	fumC(24)	gyrB(9)	icd(13)	mdh(17)	purA(11)	recA(25)
data/genomes/562.22968.fna.gz	ecoli_achtman_4	73	adk(36)	fumC(24)	gyrB(9)	icd(13)	mdh(17)	purA(11)	recA(25)
data/genomes/562.22747.fna.gz	ecoli_achtman_4	58	adk(6)	fumC(4)	gyrB(4)	icd(16)	mdh(24)	purA(8)	recA(14)
data/genomes/562.22796.fna.gz	ecoli_achtman_4	2802	adk(76)	fumC(103)	gyrB(247)	icd(335)	mdh(30)	purA(10)	recA(228)
data/genomes/562.23020.fna.gz	ecoli_achtman_4	73	adk(36)	fumC(24)	gyrB(9)	icd(13)	mdh(17)	purA(11)	recA(25)
data/genomes/562.22918.fna.gz	ecoli_achtman_4	5476	adk(18)	fumC(106)	gyrB(17)	icd(6)	mdh(5)	purA(5)	recA(19)
data/genomes/562.23070.fna.gz	ecoli_achtman_4	12	adk(13)	fumC(13)	gyrB(9)	icd(13)	mdh(16)	purA(10)	recA(9)
data/genomes/562.22969.fna.gz	ecoli_achtman_4	79	adk(37)	fumC(38)	gyrB(19)	icd(32)	mdh(17)	purA(7)	recA(26)
data/genomes/562.22748.fna.gz	ecoli_achtman_4	127	adk(13)	fumC(14)	gyrB(19)	icd(36)	mdh(23)	purA(11)	recA(10)
data/genomes/562.22797.fna.gz	ecoli_achtman_4	131	adk(53)	fumC(40)	gyrB(47)	icd(13)	mdh(36)	purA(28)	recA(29)
data/genomes/562.23021.fna.gz	ecoli_achtman_4	62	adk(28)	fumC(33)	gyrB(25)	icd(29)	mdh(7)	purA(11)	recA(24)
data/genomes/562.22919.fna.gz	ecoli_achtman_4	95	adk(37)	fumC(38)	gyrB(19)	icd(37)	mdh(17)	purA(11)	recA(26)
data/genomes/562.23071.fna.gz	ecoli_achtman_4	73	adk(36)	fumC(24)	gyrB(9)	icd(13)	mdh(17)	purA(11)	recA(25)
data/genomes/562.22970.fna.gz	ecoli_achtman_4	618	adk(46)	fumC(4)	gyrB(13)	icd(128)	mdh(7)	purA(8)	recA(22)
data/genomes/562.22749.fna.gz	ecoli_achtman_4	5520	adk(21)	fumC(35)	gyrB(27)	icd(6)	mdh(5)	purA(5)	recA(379)
data/genomes/562.22798.fna.gz	ecoli_achtman_4	550	adk(14)	fumC(14)	gyrB(10)	icd(14)	mdh(17)	purA(92)	recA(10)
data/genomes/562.23022.fna.gz	ecoli_achtman_4	4260	adk(13)	fumC(475)	gyrB(49)	icd(13)	mdh(17)	purA(64)	recA(25)
data/genomes/562.22920.fna.gz	ecoli_achtman_4	393	adk(18)	fumC(106)	gyrB(17)	icd(6)	mdh(5)	purA(5)	recA(4)
data/genomes/562.22971.fna.gz	ecoli_achtman_4	88	adk(6)	fumC(4)	gyrB(12)	icd(1)	mdh(20)	purA(12)	recA(7)
data/genomes/562.23072.fna.gz	ecoli_achtman_4	73	adk(36)	fumC(24)	gyrB(9)	icd(13)	mdh(17)	purA(11)	recA(25)
data/genomes/562.22750.fna.gz	ecoli_achtman_4	38	adk(4)	fumC(26)	gyrB(2)	icd(25)	mdh(5)	purA(5)	recA(19)
data/genomes/562.22799.fna.gz	ecoli_achtman_4	550	adk(14)	fumC(14)	gyrB(10)	icd(14)	mdh(17)	purA(92)	recA(10)
data/genomes/562.23023.fna.gz	ecoli_achtman_4	131	adk(53)	fumC(40)	gyrB(47)	icd(13)	mdh(36)	purA(28)	recA(29)
data/genomes/562.22921.fna.gz	ecoli_achtman_4	10	adk(10)	fumC(11)	gyrB(4)	icd(8)	mdh(8)	purA(8)	recA(2)
data/genomes/562.22972.fna.gz	ecoli_achtman_4	117	adk(20)	fumC(45)	gyrB(41)	icd(43)	mdh(5)	purA(32)	recA(2)
data/genomes/562.23073.fna.gz	ecoli_achtman_4	12	adk(13)	fumC(13)	gyrB(9)	icd(13)	mdh(16)	purA(10)	recA(9)
data/genomes/562.22751.fna.gz	ecoli_achtman_4	69	adk(21)	fumC(35)	gyrB(27)	icd(6)	mdh(5)	purA(5)	recA(4)
data/genomes/562.22800.fna.gz	ecoli_achtman_4	73	adk(36)	fumC(24)	gyrB(9)	icd(13)	mdh(17)	purA(11)	recA(25)
data/genomes/562.23024.fna.gz	ecoli_achtman_4	2253	adk(6)	fumC(11)	gyrB(4)	icd(10)	mdh(7)	purA(7)	recA(6)
data/genomes/562.22922.fna.gz	ecoli_achtman_4	73	adk(36)	fumC(24)	gyrB(9)	icd(13)	mdh(17)	purA(11)	recA(25)
data/genomes/562.22973.fna.gz	ecoli_achtman_4	73	adk(36)	fumC(24)	gyrB(9)	icd(13)	mdh(17)	purA(11)	recA(25)
data/genomes/562.23074.fna.gz	ecoli_achtman_4	131	adk(53)	fumC(40)	gyrB(47)	icd(13)	mdh(36)	purA(28)	recA(29)
data/genomes/562.22752.fna.gz	ecoli_achtman_4	14	adk(14)	fumC(14)	gyrB(10)	icd(14)	mdh(17)	purA(7)	recA(10)
data/genomes/562.22801.fna.gz	ecoli_achtman_4	95	adk(37)	fumC(38)	gyrB(19)	icd(37)	mdh(17)	purA(11)	recA(26)
data/genomes/562.23025.fna.gz	ecoli_achtman_4	131	adk(53)	fumC(40)	gyrB(47)	icd(13)	mdh(36)	purA(28)	recA(29)
data/genomes/562.22923.fna.gz	ecoli_achtman_4	354	adk(85)	fumC(88)	gyrB(78)	icd(29)	mdh(59)	purA(58)	recA(62)
data/genomes/562.22974.fna.gz	ecoli_achtman_4	73	adk(36)	fumC(24)	gyrB(9)	icd(13)	mdh(17)	purA(11)	recA(25)
data/genomes/562.23075.fna.gz	ecoli_achtman_4	95	adk(37)	fumC(38)	gyrB(19)	icd(37)	mdh(17)	purA(11)	recA(26)
data/genomes/562.22753.fna.gz	ecoli_achtman_4	95	adk(37)	fumC(38)	gyrB(19)	icd(37)	mdh(17)	purA(11)	recA(26)
data/genomes/562.22802.fna.gz	ecoli_achtman_4	23	adk(6)	fumC(4)	gyrB(12)	icd(1)	mdh(20)	purA(13)	recA(7)
data/genomes/562.23026.fna.gz	ecoli_achtman_4	2494	adk(88)	fumC(43)	gyrB(9)	icd(36)	mdh(17)	purA(44)	recA(212)
data/genomes/562.22924.fna.gz	ecoli_achtman_4	73	adk(36)	fumC(24)	gyrB(9)	icd(13)	mdh(17)	purA(11)	recA(25)
data/genomes/562.22975.fna.gz	ecoli_achtman_4	73	adk(36)	fumC(24)	gyrB(9)	icd(13)	mdh(17)	purA(11)	recA(25)
data/genomes/562.23076.fna.gz	ecoli_achtman_4	648	adk(92)	fumC(4)	gyrB(87)	icd(96)	mdh(70)	purA(58)	recA(2)
data/genomes/562.22754.fna.gz	ecoli_achtman_4	131	adk(53)	fumC(40)	gyrB(47)	icd(13)	mdh(36)	purA(28)	recA(29)
data/genomes/562.22803.fna.gz	ecoli_achtman_4	95	adk(37)	fumC(38)	gyrB(19)	icd(37)	mdh(17)	purA(11)	recA(26)
data/genomes/562.23027.fna.gz	ecoli_achtman_4	80	adk(13)	fumC(24)	gyrB(19)	icd(14)	mdh(23)	purA(1)	recA(10)
data/genomes/562.22925.fna.gz	ecoli_achtman_4	363	adk(13)	fumC(38)	gyrB(84)	icd(13)	mdh(17)	purA(64)	recA(26)
data/genomes/562.22976.fna.gz	ecoli_achtman_4	58	adk(6)	fumC(4)	gyrB(4)	icd(16)	mdh(24)	purA(8)	recA(14)
data/genomes/562.22755.fna.gz	ecoli_achtman_4	5494	adk(475)	fumC(40)	gyrB(47)	icd(13)	mdh(36)	purA(28)	recA(29)
data/genomes/562.23077.fna.gz	ecoli_achtman_4	14	adk(14)	fumC(14)	gyrB(10)	icd(14)	mdh(17)	purA(7)	recA(10)
data/genomes/562.22804.fna.gz	ecoli_achtman_4	95	adk(37)	fumC(38)	gyrB(19)	icd(37)	mdh(17)	purA(11)	recA(26)
data/genomes/562.23028.fna.gz	ecoli_achtman_4	131	adk(53)	fumC(40)	gyrB(47)	icd(13)	mdh(36)	purA(28)	recA(29)
data/genomes/562.22926.fna.gz	ecoli_achtman_4	95	adk(37)	fumC(38)	gyrB(19)	icd(37)	mdh(17)	purA(11)	recA(26)
data/genomes/562.22977.fna.gz	ecoli_achtman_4	95	adk(37)	fumC(38)	gyrB(19)	icd(37)	mdh(17)	purA(11)	recA(26)
data/genomes/562.22756.fna.gz	ecoli_achtman_4	127	adk(13)	fumC(14)	gyrB(19)	icd(36)	mdh(23)	purA(11)	recA(10)
data/genomes/562.23078.fna.gz	ecoli_achtman_4	393	adk(18)	fumC(106)	gyrB(17)	icd(6)	mdh(5)	purA(5)	recA(4)
data/genomes/562.23029.fna.gz	ecoli_achtman_4	1394	adk(18)	fumC(106)	gyrB(17)	icd(6)	mdh(5)	purA(164)	recA(4)
data/genomes/562.22805.fna.gz	ecoli_achtman_4	95	adk(37)	fumC(38)	gyrB(19)	icd(37)	mdh(17)	purA(11)	recA(26)
data/genomes/562.22927.fna.gz	ecoli_achtman_4	641	adk(9)	fumC(6)	gyrB(33)	icd(131)	mdh(24)	purA(8)	recA(7)
data/genomes/562.22978.fna.gz	ecoli_achtman_4	73	adk(36)	fumC(24)	gyrB(9)	icd(13)	mdh(17)	purA(11)	recA(25)
data/genomes/562.22757.fna.gz	ecoli_achtman_4	59	adk(27)	fumC(32)	gyrB(24)	icd(29)	mdh(26)	purA(19)	recA(22)
data/genomes/562.23079.fna.gz	ecoli_achtman_4	393	adk(18)	fumC(106)	gyrB(17)	icd(6)	mdh(5)	purA(5)	recA(4)
data/genomes/562.23030.fna.gz	ecoli_achtman_4	144	adk(13)	fumC(43)	gyrB(9)	icd(36)	mdh(30)	purA(44)	recA(25)
data/genomes/562.22806.fna.gz	ecoli_achtman_4	131	adk(53)	fumC(40)	gyrB(47)	icd(13)	mdh(36)	purA(28)	recA(29)
data/genomes/562.22928.fna.gz	ecoli_achtman_4	12	adk(13)	fumC(13)	gyrB(9)	icd(13)	mdh(16)	purA(10)	recA(9)
data/genomes/562.22979.fna.gz	ecoli_achtman_4	73	adk(36)	fumC(24)	gyrB(9)	icd(13)	mdh(17)	purA(11)	recA(25)
data/genomes/562.22758.fna.gz	ecoli_achtman_4	58	adk(6)	fumC(4)	gyrB(4)	icd(16)	mdh(24)	purA(8)	recA(14)
data/genomes/562.23080.fna.gz	ecoli_achtman_4	73	adk(36)	fumC(24)	gyrB(9)	icd(13)	mdh(17)	purA(11)	recA(25)
data/genomes/562.23031.fna.gz	ecoli_achtman_4	369	adk(6)	fumC(101)	gyrB(12)	icd(1)	mdh(20)	purA(13)	recA(7)
data/genomes/562.22929.fna.gz	ecoli_achtman_4	106	adk(21)	fumC(35)	gyrB(27)	icd(6)	mdh(5)	purA(8)	recA(4)
data/genomes/562.22980.fna.gz	ecoli_achtman_4	141	adk(13)	fumC(52)	gyrB(10)	icd(14)	mdh(17)	purA(25)	recA(17)
data/genomes/562.22807.fna.gz	ecoli_achtman_4	457	adk(101)	fumC(88)	gyrB(97)	icd(108)	mdh(26)	purA(79)	recA(2)
data/genomes/562.22759.fna.gz	ecoli_achtman_4	73	adk(36)	fumC(24)	gyrB(9)	icd(13)	mdh(17)	purA(11)	recA(25)
data/genomes/562.23081.fna.gz	ecoli_achtman_4	127	adk(13)	fumC(14)	gyrB(19)	icd(36)	mdh(23)	purA(11)	recA(10)
data/genomes/562.23032.fna.gz	ecoli_achtman_4	131	adk(53)	fumC(40)	gyrB(47)	icd(13)	mdh(36)	purA(28)	recA(29)
data/genomes/562.22930.fna.gz	ecoli_achtman_4	711	adk(9)	fumC(6)	gyrB(15)	icd(131)	mdh(24)	purA(7)	recA(7)
data/genomes/562.22981.fna.gz	ecoli_achtman_4	420	adk(13)	fumC(38)	gyrB(84)	icd(13)	mdh(17)	purA(68)	recA(34)
data/genomes/562.22808.fna.gz	ecoli_achtman_4	95	adk(37)	fumC(38)	gyrB(19)	icd(37)	mdh(17)	purA(11)	recA(26)
data/genomes/562.22760.fna.gz	ecoli_achtman_4	2526	adk(6)	fumC(41)	gyrB(3)	icd(18)	mdh(11)	purA(8)	recA(14)
data/genomes/562.23082.fna.gz	ecoli_achtman_4	80	adk(13)	fumC(24)	gyrB(19)	icd(14)	mdh(23)	purA(1)	recA(10)
data/genomes/562.23033.fna.gz	ecoli_achtman_4	73	adk(36)	fumC(24)	gyrB(9)	icd(13)	mdh(17)	purA(11)	recA(25)
data/genomes/562.22931.fna.gz	ecoli_achtman_4	95	adk(37)	fumC(38)	gyrB(19)	icd(37)	mdh(17)	purA(11)	recA(26)
data/genomes/562.22982.fna.gz	ecoli_achtman_4	88	adk(6)	fumC(4)	gyrB(12)	icd(1)	mdh(20)	purA(12)	recA(7)
data/genomes/562.22809.fna.gz	ecoli_achtman_4	10	adk(10)	fumC(11)	gyrB(4)	icd(8)	mdh(8)	purA(8)	recA(2)
data/genomes/562.22761.fna.gz	ecoli_achtman_4	12	adk(13)	fumC(13)	gyrB(9)	icd(13)	mdh(16)	purA(10)	recA(9)
data/genomes/562.23083.fna.gz	ecoli_achtman_4	127	adk(13)	fumC(14)	gyrB(19)	icd(36)	mdh(23)	purA(11)	recA(10)
data/genomes/562.23034.fna.gz	ecoli_achtman_4	80	adk(13)	fumC(24)	gyrB(19)	icd(14)	mdh(23)	purA(1)	recA(10)
data/genomes/562.22932.fna.gz	ecoli_achtman_4	12	adk(13)	fumC(13)	gyrB(9)	icd(13)	mdh(16)	purA(10)	recA(9)
data/genomes/562.22983.fna.gz	ecoli_achtman_4	73	adk(36)	fumC(24)	gyrB(9)	icd(13)	mdh(17)	purA(11)	recA(25)
data/genomes/562.22810.fna.gz	ecoli_achtman_4	129	adk(6)	fumC(23)	gyrB(3)	icd(26)	mdh(9)	purA(7)	recA(7)
data/genomes/562.22762.fna.gz	ecoli_achtman_4	131	adk(53)	fumC(40)	gyrB(47)	icd(13)	mdh(36)	purA(28)	recA(29)
data/genomes/562.23084.fna.gz	ecoli_achtman_4	73	adk(36)	fumC(24)	gyrB(9)	icd(13)	mdh(17)	purA(11)	recA(25)
data/genomes/562.23035.fna.gz	ecoli_achtman_4	491	adk(13)	fumC(39)	gyrB(19)	icd(36)	mdh(30)	purA(14)	recA(82)
data/genomes/562.22933.fna.gz	ecoli_achtman_4	405	adk(35)	fumC(37)	gyrB(29)	icd(25)	mdh(4)	purA(5)	recA(73)
data/genomes/562.22811.fna.gz	ecoli_achtman_4	131	adk(53)	fumC(40)	gyrB(47)	icd(13)	mdh(36)	purA(28)	recA(29)
data/genomes/562.22985.fna.gz	ecoli_achtman_4	38	adk(4)	fumC(26)	gyrB(2)	icd(25)	mdh(5)	purA(5)	recA(19)
data/genomes/562.23085.fna.gz	ecoli_achtman_4	73	adk(36)	fumC(24)	gyrB(9)	icd(13)	mdh(17)	purA(11)	recA(25)
data/genomes/562.22763.fna.gz	ecoli_achtman_4	973	adk(154)	fumC(187)	gyrB(22)	icd(52)	mdh(130)	purA(129)	recA(4)
data/genomes/562.23036.fna.gz	ecoli_achtman_4	491	adk(13)	fumC(39)	gyrB(19)	icd(36)	mdh(30)	purA(14)	recA(82)
data/genomes/562.22812.fna.gz	ecoli_achtman_4	73	adk(36)	fumC(24)	gyrB(9)	icd(13)	mdh(17)	purA(11)	recA(25)
data/genomes/562.22986.fna.gz	ecoli_achtman_4	73	adk(36)	fumC(24)	gyrB(9)	icd(13)	mdh(17)	purA(11)	recA(25)
data/genomes/562.22934.fna.gz	ecoli_achtman_4	88	adk(6)	fumC(4)	gyrB(12)	icd(1)	mdh(20)	purA(12)	recA(7)
data/genomes/562.23086.fna.gz	ecoli_achtman_4	73	adk(36)	fumC(24)	gyrB(9)	icd(13)	mdh(17)	purA(11)	recA(25)
data/genomes/562.22764.fna.gz	ecoli_achtman_4	38	adk(4)	fumC(26)	gyrB(2)	icd(25)	mdh(5)	purA(5)	recA(19)
data/genomes/562.23037.fna.gz	ecoli_achtman_4	73	adk(36)	fumC(24)	gyrB(9)	icd(13)	mdh(17)	purA(11)	recA(25)
data/genomes/562.22813.fna.gz	ecoli_achtman_4	131	adk(53)	fumC(40)	gyrB(47)	icd(13)	mdh(36)	purA(28)	recA(29)
data/genomes/562.22987.fna.gz	ecoli_achtman_4	141	adk(13)	fumC(52)	gyrB(10)	icd(14)	mdh(17)	purA(25)	recA(17)
data/genomes/562.22935.fna.gz	ecoli_achtman_4	12	adk(13)	fumC(13)	gyrB(9)	icd(13)	mdh(16)	purA(10)	recA(9)
data/genomes/562.23087.fna.gz	ecoli_achtman_4	95	adk(37)	fumC(38)	gyrB(19)	icd(37)	mdh(17)	purA(11)	recA(26)
data/genomes/562.23038.fna.gz	ecoli_achtman_4	73	adk(36)	fumC(24)	gyrB(9)	icd(13)	mdh(17)	purA(11)	recA(25)
data/genomes/562.22765.fna.gz	ecoli_achtman_4	393	adk(18)	fumC(106)	gyrB(17)	icd(6)	mdh(5)	purA(5)	recA(4)
data/genomes/562.22814.fna.gz	ecoli_achtman_4	131	adk(53)	fumC(40)	gyrB(47)	icd(13)	mdh(36)	purA(28)	recA(29)
data/genomes/562.23088.fna.gz	ecoli_achtman_4	10	adk(10)	fumC(11)	gyrB(4)	icd(8)	mdh(8)	purA(8)	recA(2)
data/genomes/562.22936.fna.gz	ecoli_achtman_4	399	adk(6)	fumC(4)	gyrB(1)	icd(95)	mdh(69)	purA(8)	recA(20)
data/genomes/562.22988.fna.gz	ecoli_achtman_4	1001	adk(6)	fumC(23)	gyrB(4)	icd(18)	mdh(7)	purA(7)	recA(6)
data/genomes/562.22766.fna.gz	ecoli_achtman_4	95	adk(37)	fumC(38)	gyrB(19)	icd(37)	mdh(17)	purA(11)	recA(26)
data/genomes/562.23039.fna.gz	ecoli_achtman_4	12	adk(13)	fumC(13)	gyrB(9)	icd(13)	mdh(16)	purA(10)	recA(9)
data/genomes/562.22815.fna.gz	ecoli_achtman_4	131	adk(53)	fumC(40)	gyrB(47)	icd(13)	mdh(36)	purA(28)	recA(29)
data/genomes/562.22937.fna.gz	ecoli_achtman_4	5519	adk(10)	fumC(4)	gyrB(4)	icd(16)	mdh(24)	purA(8)	recA(14)
data/genomes/562.23089.fna.gz	ecoli_achtman_4	73	adk(36)	fumC(24)	gyrB(9)	icd(13)	mdh(17)	purA(11)	recA(25)
data/genomes/562.22767.fna.gz	ecoli_achtman_4	95	adk(37)	fumC(38)	gyrB(19)	icd(37)	mdh(17)	purA(11)	recA(26)
data/genomes/562.23040.fna.gz	ecoli_achtman_4	12	adk(13)	fumC(13)	gyrB(9)	icd(13)	mdh(16)	purA(10)	recA(9)
data/genomes/562.22989.fna.gz	ecoli_achtman_4	106	adk(21)	fumC(35)	gyrB(27)	icd(6)	mdh(5)	purA(8)	recA(4)
data/genomes/562.22816.fna.gz	ecoli_achtman_4	73	adk(36)	fumC(24)	gyrB(9)	icd(13)	mdh(17)	purA(11)	recA(25)
data/genomes/562.22938.fna.gz	ecoli_achtman_4	95	adk(37)	fumC(38)	gyrB(19)	icd(37)	mdh(17)	purA(11)	recA(26)
data/genomes/562.23090.fna.gz	ecoli_achtman_4	73	adk(36)	fumC(24)	gyrB(9)	icd(13)	mdh(17)	purA(11)	recA(25)
data/genomes/562.22768.fna.gz	ecoli_achtman_4	131	adk(53)	fumC(40)	gyrB(47)	icd(13)	mdh(36)	purA(28)	recA(29)
data/genomes/562.23041.fna.gz	ecoli_achtman_4	73	adk(36)	fumC(24)	gyrB(9)	icd(13)	mdh(17)	purA(11)	recA(25)
data/genomes/562.22990.fna.gz	ecoli_achtman_4	1155	adk(13)	fumC(147)	gyrB(19)	icd(13)	mdh(149)	purA(28)	recA(30)
data/genomes/562.22817.fna.gz	ecoli_achtman_4	73	adk(36)	fumC(24)	gyrB(9)	icd(13)	mdh(17)	purA(11)	recA(25)
data/genomes/562.22939.fna.gz	ecoli_achtman_4	550	adk(14)	fumC(14)	gyrB(10)	icd(14)	mdh(17)	purA(92)	recA(10)
data/genomes/562.23091.fna.gz	ecoli_achtman_4	73	adk(36)	fumC(24)	gyrB(9)	icd(13)	mdh(17)	purA(11)	recA(25)
data/genomes/562.23042.fna.gz	ecoli_achtman_4	5552	adk(6)	fumC(19)	gyrB(15)	icd(18)	mdh(9)	purA(2)	recA(2)
data/genomes/562.22769.fna.gz	ecoli_achtman_4	73	adk(36)	fumC(24)	gyrB(9)	icd(13)	mdh(17)	purA(11)	recA(25)
data/genomes/562.22991.fna.gz	ecoli_achtman_4	59	adk(27)	fumC(32)	gyrB(24)	icd(29)	mdh(26)	purA(19)	recA(22)
data/genomes/562.22818.fna.gz	ecoli_achtman_4	73	adk(36)	fumC(24)	gyrB(9)	icd(13)	mdh(17)	purA(11)	recA(25)
data/genomes/562.22940.fna.gz	ecoli_achtman_4	73	adk(36)	fumC(24)	gyrB(9)	icd(13)	mdh(17)	purA(11)	recA(25)
data/genomes/562.23092.fna.gz	ecoli_achtman_4	69	adk(21)	fumC(35)	gyrB(27)	icd(6)	mdh(5)	purA(5)	recA(4)
data/genomes/562.22770.fna.gz	ecoli_achtman_4	448	adk(6)	fumC(6)	gyrB(5)	icd(16)	mdh(11)	purA(8)	recA(7)
data/genomes/562.22992.fna.gz	ecoli_achtman_4	59	adk(27)	fumC(32)	gyrB(24)	icd(29)	mdh(26)	purA(19)	recA(22)
data/genomes/562.23043.fna.gz	ecoli_achtman_4	127	adk(13)	fumC(14)	gyrB(19)	icd(36)	mdh(23)	purA(11)	recA(10)
data/genomes/562.22819.fna.gz	ecoli_achtman_4	73	adk(36)	fumC(24)	gyrB(9)	icd(13)	mdh(17)	purA(11)	recA(25)
data/genomes/562.22941.fna.gz	ecoli_achtman_4	73	adk(36)	fumC(24)	gyrB(9)	icd(13)	mdh(17)	purA(11)	recA(25)
data/genomes/562.23093.fna.gz	ecoli_achtman_4	73	adk(36)	fumC(24)	gyrB(9)	icd(13)	mdh(17)	purA(11)	recA(25)
data/genomes/562.22771.fna.gz	ecoli_achtman_4	998	adk(13)	fumC(52)	gyrB(156)	icd(14)	mdh(17)	purA(25)	recA(17)
data/genomes/562.22993.fna.gz	ecoli_achtman_4	420	adk(13)	fumC(38)	gyrB(84)	icd(13)	mdh(17)	purA(68)	recA(34)
data/genomes/562.23044.fna.gz	ecoli_achtman_4	685	adk(8)	fumC(11)	gyrB(4)	icd(8)	mdh(8)	purA(8)	recA(2)
data/genomes/562.22820.fna.gz	ecoli_achtman_4	131	adk(53)	fumC(40)	gyrB(47)	icd(13)	mdh(36)	purA(28)	recA(29)
data/genomes/562.22942.fna.gz	ecoli_achtman_4	393	adk(18)	fumC(106)	gyrB(17)	icd(6)	mdh(5)	purA(5)	recA(4)
data/genomes/562.23094.fna.gz	ecoli_achtman_4	73	adk(36)	fumC(24)	gyrB(9)	icd(13)	mdh(17)	purA(11)	recA(25)
data/genomes/562.22994.fna.gz	ecoli_achtman_4	141	adk(13)	fumC(52)	gyrB(10)	icd(14)	mdh(17)	purA(25)	recA(17)
data/genomes/562.22772.fna.gz	ecoli_achtman_4	69	adk(21)	fumC(35)	gyrB(27)	icd(6)	mdh(5)	purA(5)	recA(4)
data/genomes/562.23045.fna.gz	ecoli_achtman_4	141	adk(13)	fumC(52)	gyrB(10)	icd(14)	mdh(17)	purA(25)	recA(17)
data/genomes/562.22821.fna.gz	ecoli_achtman_4	131	adk(53)	fumC(40)	gyrB(47)	icd(13)	mdh(36)	purA(28)	recA(29)
data/genomes/562.22943.fna.gz	ecoli_achtman_4	73	adk(36)	fumC(24)	gyrB(9)	icd(13)	mdh(17)	purA(11)	recA(25)
data/genomes/562.23095.fna.gz	ecoli_achtman_4	127	adk(13)	fumC(14)	gyrB(19)	icd(36)	mdh(23)	purA(11)	recA(10)
data/genomes/562.22995.fna.gz	ecoli_achtman_4	127	adk(13)	fumC(14)	gyrB(19)	icd(36)	mdh(23)	purA(11)	recA(10)
data/genomes/562.22773.fna.gz	ecoli_achtman_4	131	adk(53)	fumC(40)	gyrB(47)	icd(13)	mdh(36)	purA(28)	recA(29)
data/genomes/562.23046.fna.gz	ecoli_achtman_4	2230	adk(6)	fumC(346)	gyrB(12)	icd(1)	mdh(20)	purA(13)	recA(7)
data/genomes/562.22822.fna.gz	ecoli_achtman_4	131	adk(53)	fumC(40)	gyrB(47)	icd(13)	mdh(36)	purA(28)	recA(29)
data/genomes/562.22944.fna.gz	ecoli_achtman_4	73	adk(36)	fumC(24)	gyrB(9)	icd(13)	mdh(17)	purA(11)	recA(25)
data/genomes/562.22996.fna.gz	ecoli_achtman_4	691	adk(35)	fumC(3)	gyrB(52)	icd(23)	mdh(97)	purA(5)	recA(19)
data/genomes/562.23096.fna.gz	ecoli_achtman_4	131	adk(53)	fumC(40)	gyrB(47)	icd(13)	mdh(36)	purA(28)	recA(29)
data/genomes/562.22774.fna.gz	ecoli_achtman_4	73	adk(36)	fumC(24)	gyrB(9)	icd(13)	mdh(17)	purA(11)	recA(25)
data/genomes/562.23047.fna.gz	ecoli_achtman_4	167	adk(10)	fumC(11)	gyrB(4)	icd(8)	mdh(8)	purA(13)	recA(2)
data/genomes/562.22823.fna.gz	ecoli_achtman_4	357	adk(13)	fumC(40)	gyrB(13)	icd(13)	mdh(23)	purA(25)	recA(66)
data/genomes/562.22945.fna.gz	ecoli_achtman_4	357	adk(13)	fumC(40)	gyrB(13)	icd(13)	mdh(23)	purA(25)	recA(66)
data/genomes/562.22997.fna.gz	ecoli_achtman_4	405	adk(35)	fumC(37)	gyrB(29)	icd(25)	mdh(4)	purA(5)	recA(73)
data/genomes/562.23097.fna.gz	ecoli_achtman_4	73	adk(36)	fumC(24)	gyrB(9)	icd(13)	mdh(17)	purA(11)	recA(25)
data/genomes/562.22775.fna.gz	ecoli_achtman_4	58	adk(6)	fumC(4)	gyrB(4)	icd(16)	mdh(24)	purA(8)	recA(14)
data/genomes/562.23048.fna.gz	ecoli_achtman_4	95	adk(37)	fumC(38)	gyrB(19)	icd(37)	mdh(17)	purA(11)	recA(26)
data/genomes/562.22824.fna.gz	ecoli_achtman_4	5364	adk(13)	fumC(14)	gyrB(121)	icd(36)	mdh(23)	purA(11)	recA(10)
data/genomes/562.22946.fna.gz	ecoli_achtman_4	127	adk(13)	fumC(14)	gyrB(19)	icd(36)	mdh(23)	purA(11)	recA(10)
data/genomes/562.22998.fna.gz	ecoli_achtman_4	95	adk(37)	fumC(38)	gyrB(19)	icd(37)	mdh(17)	purA(11)	recA(26)
data/genomes/562.23098.fna.gz	ecoli_achtman_4	393	adk(18)	fumC(106)	gyrB(17)	icd(6)	mdh(5)	purA(5)	recA(4)
data/genomes/562.22776.fna.gz	ecoli_achtman_4	91	adk(13)	fumC(40)	gyrB(34)	icd(13)	mdh(23)	purA(28)	recA(30)
data/genomes/562.23049.fna.gz	ecoli_achtman_4	405	adk(35)	fumC(37)	gyrB(29)	icd(25)	mdh(4)	purA(5)	recA(73)
data/genomes/562.22825.fna.gz	ecoli_achtman_4	144	adk(13)	fumC(43)	gyrB(9)	icd(36)	mdh(30)	purA(44)	recA(25)
data/genomes/562.22947.fna.gz	ecoli_achtman_4	452	adk(76)	fumC(43)	gyrB(19)	icd(37)	mdh(30)	purA(1)	recA(25)
data/genomes/562.22999.fna.gz	ecoli_achtman_4	369	adk(6)	fumC(101)	gyrB(12)	icd(1)	mdh(20)	purA(13)	recA(7)
data/genomes/562.23099.fna.gz	ecoli_achtman_4	95	adk(37)	fumC(38)	gyrB(19)	icd(37)	mdh(17)	purA(11)	recA(26)
data/genomes/562.22777.fna.gz	ecoli_achtman_4	127	adk(13)	fumC(14)	gyrB(19)	icd(36)	mdh(23)	purA(11)	recA(10)
data/genomes/562.23050.fna.gz	ecoli_achtman_4	73	adk(36)	fumC(24)	gyrB(9)	icd(13)	mdh(17)	purA(11)	recA(25)
data/genomes/562.22948.fna.gz	ecoli_achtman_4	5461	adk(37)	fumC(38)	gyrB(19)	icd(37)	mdh(17)	purA(399)	recA(26)
data/genomes/562.22826.fna.gz	ecoli_achtman_4	12	adk(13)	fumC(13)	gyrB(9)	icd(13)	mdh(16)	purA(10)	recA(9)
data/genomes/562.23000.fna.gz	ecoli_achtman_4	73	adk(36)	fumC(24)	gyrB(9)	icd(13)	mdh(17)	purA(11)	recA(25)
data/genomes/562.23100.fna.gz	ecoli_achtman_4	131	adk(53)	fumC(40)	gyrB(47)	icd(13)	mdh(36)	purA(28)	recA(29)
data/genomes/562.23103.fna.gz	ecoli_achtman_4	73	adk(36)	fumC(24)	gyrB(9)	icd(13)	mdh(17)	purA(11)	recA(25)
data/genomes/562.23051.fna.gz	ecoli_achtman_4	12	adk(13)	fumC(13)	gyrB(9)	icd(13)	mdh(16)	purA(10)	recA(9)
data/genomes/562.22949.fna.gz	ecoli_achtman_4	73	adk(36)	fumC(24)	gyrB(9)	icd(13)	mdh(17)	purA(11)	recA(25)
data/genomes/562.22827.fna.gz	ecoli_achtman_4	12	adk(13)	fumC(13)	gyrB(9)	icd(13)	mdh(16)	purA(10)	recA(9)
data/genomes/562.23001.fna.gz	ecoli_achtman_4	12	adk(13)	fumC(13)	gyrB(9)	icd(13)	mdh(16)	purA(10)	recA(9)
data/genomes/562.23101.fna.gz	ecoli_achtman_4	10	adk(10)	fumC(11)	gyrB(4)	icd(8)	mdh(8)	purA(8)	recA(2)
data/genomes/562.23104.fna.gz	ecoli_achtman_4	5609	adk(13)	fumC(24)	gyrB(19)	icd(14)	mdh(447)	purA(1)	recA(10)
data/genomes/562.23052.fna.gz	ecoli_achtman_4	405	adk(35)	fumC(37)	gyrB(29)	icd(25)	mdh(4)	purA(5)	recA(73)
data/genomes/562.23206.fna.gz	ecoli_achtman_4	23	adk(6)	fumC(4)	gyrB(12)	icd(1)	mdh(20)	purA(13)	recA(7)
data/genomes/562.23155.fna.gz	ecoli_achtman_4	79	adk(37)	fumC(38)	gyrB(19)	icd(32)	mdh(17)	purA(7)	recA(26)
data/genomes/562.23102.fna.gz	ecoli_achtman_4	127	adk(13)	fumC(14)	gyrB(19)	icd(36)	mdh(23)	purA(11)	recA(10)
data/genomes/562.23256.fna.gz	ecoli_achtman_4	62	adk(28)	fumC(33)	gyrB(25)	icd(29)	mdh(7)	purA(11)	recA(24)
data/genomes/562.23105.fna.gz	ecoli_achtman_4	144	adk(13)	fumC(43)	gyrB(9)	icd(36)	mdh(30)	purA(44)	recA(25)
data/genomes/562.23306.fna.gz	ecoli_achtman_4	131	adk(53)	fumC(40)	gyrB(47)	icd(13)	mdh(36)	purA(28)	recA(29)
data/genomes/562.23156.fna.gz	ecoli_achtman_4	73	adk(36)	fumC(24)	gyrB(9)	icd(13)	mdh(17)	purA(11)	recA(25)
data/genomes/562.23207.fna.gz	ecoli_achtman_4	144	adk(13)	fumC(43)	gyrB(9)	icd(36)	mdh(30)	purA(44)	recA(25)
data/genomes/562.23360.fna.gz	ecoli_achtman_4	538	adk(13)	fumC(40)	gyrB(19)	icd(13)	mdh(36)	purA(28)	recA(30)
data/genomes/562.23257.fna.gz	ecoli_achtman_4	95	adk(37)	fumC(38)	gyrB(19)	icd(37)	mdh(17)	purA(11)	recA(26)
data/genomes/562.23106.fna.gz	ecoli_achtman_4	537	adk(14)	fumC(14)	gyrB(10)	icd(14)	mdh(17)	purA(11)	recA(10)
data/genomes/562.23308.fna.gz	ecoli_achtman_4	73	adk(36)	fumC(24)	gyrB(9)	icd(13)	mdh(17)	purA(11)	recA(25)
data/genomes/562.23157.fna.gz	ecoli_achtman_4	59	adk(27)	fumC(32)	gyrB(24)	icd(29)	mdh(26)	purA(19)	recA(22)
data/genomes/562.23208.fna.gz	ecoli_achtman_4	2802	adk(76)	fumC(103)	gyrB(247)	icd(335)	mdh(30)	purA(10)	recA(228)
data/genomes/562.23361.fna.gz	ecoli_achtman_4	141	adk(13)	fumC(52)	gyrB(10)	icd(14)	mdh(17)	purA(25)	recA(17)
data/genomes/562.23258.fna.gz	ecoli_achtman_4	58	adk(6)	fumC(4)	gyrB(4)	icd(16)	mdh(24)	purA(8)	recA(14)
data/genomes/562.23107.fna.gz	ecoli_achtman_4	73	adk(36)	fumC(24)	gyrB(9)	icd(13)	mdh(17)	purA(11)	recA(25)
data/genomes/562.23309.fna.gz	ecoli_achtman_4	73	adk(36)	fumC(24)	gyrB(9)	icd(13)	mdh(17)	purA(11)	recA(25)
data/genomes/562.23159.fna.gz	ecoli_achtman_4	131	adk(53)	fumC(40)	gyrB(47)	icd(13)	mdh(36)	purA(28)	recA(29)
data/genomes/562.23209.fna.gz	ecoli_achtman_4	73	adk(36)	fumC(24)	gyrB(9)	icd(13)	mdh(17)	purA(11)	recA(25)
data/genomes/562.23259.fna.gz	ecoli_achtman_4	131	adk(53)	fumC(40)	gyrB(47)	icd(13)	mdh(36)	purA(28)	recA(29)
data/genomes/562.23108.fna.gz	ecoli_achtman_4	131	adk(53)	fumC(40)	gyrB(47)	icd(13)	mdh(36)	purA(28)	recA(29)
data/genomes/562.23362.fna.gz	ecoli_achtman_4	117	adk(20)	fumC(45)	gyrB(41)	icd(43)	mdh(5)	purA(32)	recA(2)
data/genomes/562.23310.fna.gz	ecoli_achtman_4	73	adk(36)	fumC(24)	gyrB(9)	icd(13)	mdh(17)	purA(11)	recA(25)
data/genomes/562.23160.fna.gz	ecoli_achtman_4	73	adk(36)	fumC(24)	gyrB(9)	icd(13)	mdh(17)	purA(11)	recA(25)
data/genomes/562.23210.fna.gz	ecoli_achtman_4	372	adk(88)	fumC(103)	gyrB(19)	icd(36)	mdh(23)	purA(44)	recA(26)
data/genomes/562.23260.fna.gz	ecoli_achtman_4	2272	adk(6)	fumC(4)	gyrB(12)	icd(1)	mdh(20)	purA(12)	recA(205)
data/genomes/562.23363.fna.gz	ecoli_achtman_4	12	adk(13)	fumC(13)	gyrB(9)	icd(13)	mdh(16)	purA(10)	recA(9)
data/genomes/562.23109.fna.gz	ecoli_achtman_4	80	adk(13)	fumC(24)	gyrB(19)	icd(14)	mdh(23)	purA(1)	recA(10)
data/genomes/562.23311.fna.gz	ecoli_achtman_4	131	adk(53)	fumC(40)	gyrB(47)	icd(13)	mdh(36)	purA(28)	recA(29)
data/genomes/562.23161.fna.gz	ecoli_achtman_4	73	adk(36)	fumC(24)	gyrB(9)	icd(13)	mdh(17)	purA(11)	recA(25)
data/genomes/562.23211.fna.gz	ecoli_achtman_4	73	adk(36)	fumC(24)	gyrB(9)	icd(13)	mdh(17)	purA(11)	recA(25)
data/genomes/562.23261.fna.gz	ecoli_achtman_4	131	adk(53)	fumC(40)	gyrB(47)	icd(13)	mdh(36)	purA(28)	recA(29)
data/genomes/562.23364.fna.gz	ecoli_achtman_4	117	adk(20)	fumC(45)	gyrB(41)	icd(43)	mdh(5)	purA(32)	recA(2)
data/genomes/562.23110.fna.gz	ecoli_achtman_4	95	adk(37)	fumC(38)	gyrB(19)	icd(37)	mdh(17)	purA(11)	recA(26)
data/genomes/562.23312.fna.gz	ecoli_achtman_4	73	adk(36)	fumC(24)	gyrB(9)	icd(13)	mdh(17)	purA(11)	recA(25)
data/genomes/562.23162.fna.gz	ecoli_achtman_4	73	adk(36)	fumC(24)	gyrB(9)	icd(13)	mdh(17)	purA(11)	recA(25)
data/genomes/562.23212.fna.gz	ecoli_achtman_4	131	adk(53)	fumC(40)	gyrB(47)	icd(13)	mdh(36)	purA(28)	recA(29)
data/genomes/562.23262.fna.gz	ecoli_achtman_4	127	adk(13)	fumC(14)	gyrB(19)	icd(36)	mdh(23)	purA(11)	recA(10)
data/genomes/562.23365.fna.gz	ecoli_achtman_4	131	adk(53)	fumC(40)	gyrB(47)	icd(13)	mdh(36)	purA(28)	recA(29)
data/genomes/562.23111.fna.gz	ecoli_achtman_4	95	adk(37)	fumC(38)	gyrB(19)	icd(37)	mdh(17)	purA(11)	recA(26)
data/genomes/562.23313.fna.gz	ecoli_achtman_4	73	adk(36)	fumC(24)	gyrB(9)	icd(13)	mdh(17)	purA(11)	recA(25)
data/genomes/562.23163.fna.gz	ecoli_achtman_4	48	adk(6)	fumC(11)	gyrB(4)	icd(8)	mdh(8)	purA(8)	recA(2)
data/genomes/562.23213.fna.gz	ecoli_achtman_4	73	adk(36)	fumC(24)	gyrB(9)	icd(13)	mdh(17)	purA(11)	recA(25)
data/genomes/562.23263.fna.gz	ecoli_achtman_4	357	adk(13)	fumC(40)	gyrB(13)	icd(13)	mdh(23)	purA(25)	recA(66)
data/genomes/562.23366.fna.gz	ecoli_achtman_4	1972	adk(64)	fumC(196)	gyrB(5)	icd(83)	mdh(8)	purA(8)	recA(6)
data/genomes/562.23314.fna.gz	ecoli_achtman_4	5491	adk(6)	fumC(4)	gyrB(460)	icd(1)	mdh(20)	purA(18)	recA(7)
data/genomes/562.23112.fna.gz	ecoli_achtman_4	131	adk(53)	fumC(40)	gyrB(47)	icd(13)	mdh(36)	purA(28)	recA(29)
data/genomes/562.23164.fna.gz	ecoli_achtman_4	2617	adk(27)	fumC(32)	gyrB(287)	icd(29)	mdh(26)	purA(19)	recA(22)
data/genomes/562.23214.fna.gz	ecoli_achtman_4	73	adk(36)	fumC(24)	gyrB(9)	icd(13)	mdh(17)	purA(11)	recA(25)
data/genomes/562.23264.fna.gz	ecoli_achtman_4	69	adk(21)	fumC(35)	gyrB(27)	icd(6)	mdh(5)	purA(5)	recA(4)
data/genomes/562.23367.fna.gz	ecoli_achtman_4	354	adk(85)	fumC(88)	gyrB(78)	icd(29)	mdh(59)	purA(58)	recA(62)
data/genomes/562.23113.fna.gz	ecoli_achtman_4	73	adk(36)	fumC(24)	gyrB(9)	icd(13)	mdh(17)	purA(11)	recA(25)
data/genomes/562.23315.fna.gz	ecoli_achtman_4	14	adk(14)	fumC(14)	gyrB(10)	icd(14)	mdh(17)	purA(7)	recA(10)
data/genomes/562.23165.fna.gz	ecoli_achtman_4	974	adk(6)	fumC(4)	gyrB(12)	icd(1)	mdh(131)	purA(12)	recA(7)
data/genomes/562.23215.fna.gz	ecoli_achtman_4	83	adk(13)	fumC(38)	gyrB(19)	icd(13)	mdh(30)	purA(25)	recA(29)
data/genomes/562.23368.fna.gz	ecoli_achtman_4	5662	adk(203)	fumC(729)	gyrB(181)	icd(212)	mdh(166)	purA(1)	recA(73)
data/genomes/562.23114.fna.gz	ecoli_achtman_4	567	adk(13)	fumC(43)	gyrB(9)	icd(37)	mdh(17)	purA(37)	recA(25)
data/genomes/562.23265.fna.gz	ecoli_achtman_4	69	adk(21)	fumC(35)	gyrB(27)	icd(6)	mdh(5)	purA(5)	recA(4)
data/genomes/562.23316.fna.gz	ecoli_achtman_4	127	adk(13)	fumC(14)	gyrB(19)	icd(36)	mdh(23)	purA(11)	recA(10)
data/genomes/562.23166.fna.gz	ecoli_achtman_4	1431	adk(6)	fumC(65)	gyrB(3)	icd(1)	mdh(11)	purA(13)	recA(6)
data/genomes/562.23216.fna.gz	ecoli_achtman_4	652	adk(6)	fumC(4)	gyrB(33)	icd(132)	mdh(20)	purA(12)	recA(7)
data/genomes/562.23369.fna.gz	ecoli_achtman_4	167	adk(10)	fumC(11)	gyrB(4)	icd(8)	mdh(8)	purA(13)	recA(2)
data/genomes/562.23115.fna.gz	ecoli_achtman_4	1604	adk(14)	fumC(14)	gyrB(10)	icd(14)	mdh(17)	purA(8)	recA(10)
data/genomes/562.23266.fna.gz	ecoli_achtman_4	73	adk(36)	fumC(24)	gyrB(9)	icd(13)	mdh(17)	purA(11)	recA(25)
data/genomes/562.23317.fna.gz	ecoli_achtman_4	410	adk(6)	fumC(4)	gyrB(12)	icd(1)	mdh(20)	purA(18)	recA(7)
data/genomes/562.23167.fna.gz	ecoli_achtman_4	131	adk(53)	fumC(40)	gyrB(47)	icd(13)	mdh(36)	purA(28)	recA(29)
data/genomes/562.23217.fna.gz	ecoli_achtman_4	95	adk(37)	fumC(38)	gyrB(19)	icd(37)	mdh(17)	purA(11)	recA(26)
data/genomes/562.23370.fna.gz	ecoli_achtman_4	69	adk(21)	fumC(35)	gyrB(27)	icd(6)	mdh(5)	purA(5)	recA(4)
data/genomes/562.23116.fna.gz	ecoli_achtman_4	69	adk(21)	fumC(35)	gyrB(27)	icd(6)	mdh(5)	purA(5)	recA(4)
data/genomes/562.23267.fna.gz	ecoli_achtman_4	73	adk(36)	fumC(24)	gyrB(9)	icd(13)	mdh(17)	purA(11)	recA(25)
data/genomes/562.23318.fna.gz	ecoli_achtman_4	357	adk(13)	fumC(40)	gyrB(13)	icd(13)	mdh(23)	purA(25)	recA(66)
data/genomes/562.23168.fna.gz	ecoli_achtman_4	567	adk(13)	fumC(43)	gyrB(9)	icd(37)	mdh(17)	purA(37)	recA(25)
data/genomes/562.23218.fna.gz	ecoli_achtman_4	73	adk(36)	fumC(24)	gyrB(9)	icd(13)	mdh(17)	purA(11)	recA(25)
data/genomes/562.23371.fna.gz	ecoli_achtman_4	131	adk(53)	fumC(40)	gyrB(47)	icd(13)	mdh(36)	purA(28)	recA(29)
data/genomes/562.23117.fna.gz	ecoli_achtman_4	393	adk(18)	fumC(106)	gyrB(17)	icd(6)	mdh(5)	purA(5)	recA(4)
data/genomes/562.23268.fna.gz	ecoli_achtman_4	73	adk(36)	fumC(24)	gyrB(9)	icd(13)	mdh(17)	purA(11)	recA(25)
data/genomes/562.23319.fna.gz	ecoli_achtman_4	95	adk(37)	fumC(38)	gyrB(19)	icd(37)	mdh(17)	purA(11)	recA(26)
data/genomes/562.23169.fna.gz	ecoli_achtman_4	550	adk(14)	fumC(14)	gyrB(10)	icd(14)	mdh(17)	purA(92)	recA(10)
data/genomes/562.23219.fna.gz	ecoli_achtman_4	73	adk(36)	fumC(24)	gyrB(9)	icd(13)	mdh(17)	purA(11)	recA(25)
data/genomes/562.23372.fna.gz	ecoli_achtman_4	405	adk(35)	fumC(37)	gyrB(29)	icd(25)	mdh(4)	purA(5)	recA(73)
data/genomes/562.23269.fna.gz	ecoli_achtman_4	131	adk(53)	fumC(40)	gyrB(47)	icd(13)	mdh(36)	purA(28)	recA(29)
data/genomes/562.23118.fna.gz	ecoli_achtman_4	95	adk(37)	fumC(38)	gyrB(19)	icd(37)	mdh(17)	purA(11)	recA(26)
data/genomes/562.23320.fna.gz	ecoli_achtman_4	127	adk(13)	fumC(14)	gyrB(19)	icd(36)	mdh(23)	purA(11)	recA(10)
data/genomes/562.23170.fna.gz	ecoli_achtman_4	393	adk(18)	fumC(106)	gyrB(17)	icd(6)	mdh(5)	purA(5)	recA(4)
data/genomes/562.23220.fna.gz	ecoli_achtman_4	1231	adk(37)	fumC(38)	gyrB(19)	icd(37)	mdh(151)	purA(11)	recA(26)
data/genomes/562.23373.fna.gz	ecoli_achtman_4	393	adk(18)	fumC(106)	gyrB(17)	icd(6)	mdh(5)	purA(5)	recA(4)
data/genomes/562.23270.fna.gz	ecoli_achtman_4	95	adk(37)	fumC(38)	gyrB(19)	icd(37)	mdh(17)	purA(11)	recA(26)
data/genomes/562.23119.fna.gz	ecoli_achtman_4	73	adk(36)	fumC(24)	gyrB(9)	icd(13)	mdh(17)	purA(11)	recA(25)
data/genomes/562.23321.fna.gz	ecoli_achtman_4	131	adk(53)	fumC(40)	gyrB(47)	icd(13)	mdh(36)	purA(28)	recA(29)
data/genomes/562.23221.fna.gz	ecoli_achtman_4	5597	adk(168)	fumC(371)	gyrB(225)	icd(30)	mdh(442)	purA(22)	recA(2)
data/genomes/562.23171.fna.gz	ecoli_achtman_4	393	adk(18)	fumC(106)	gyrB(17)	icd(6)	mdh(5)	purA(5)	recA(4)
data/genomes/562.23120.fna.gz	ecoli_achtman_4	537	adk(14)	fumC(14)	gyrB(10)	icd(14)	mdh(17)	purA(11)	recA(10)
data/genomes/562.23374.fna.gz	ecoli_achtman_4	5360	adk(450)	fumC(38)	gyrB(19)	icd(37)	mdh(17)	purA(11)	recA(26)
data/genomes/562.23271.fna.gz	ecoli_achtman_4	73	adk(36)	fumC(24)	gyrB(9)	icd(13)	mdh(17)	purA(11)	recA(25)
data/genomes/562.23322.fna.gz	ecoli_achtman_4	58	adk(6)	fumC(4)	gyrB(4)	icd(16)	mdh(24)	purA(8)	recA(14)
data/genomes/562.23222.fna.gz	ecoli_achtman_4	95	adk(37)	fumC(38)	gyrB(19)	icd(37)	mdh(17)	purA(11)	recA(26)
data/genomes/562.23172.fna.gz	ecoli_achtman_4	131	adk(53)	fumC(40)	gyrB(47)	icd(13)	mdh(36)	purA(28)	recA(29)
data/genomes/562.23121.fna.gz	ecoli_achtman_4	12	adk(13)	fumC(13)	gyrB(9)	icd(13)	mdh(16)	purA(10)	recA(9)
data/genomes/562.23375.fna.gz	ecoli_achtman_4	131	adk(53)	fumC(40)	gyrB(47)	icd(13)	mdh(36)	purA(28)	recA(29)
data/genomes/562.23272.fna.gz	ecoli_achtman_4	533	adk(6)	fumC(4)	gyrB(5)	icd(18)	mdh(11)	purA(8)	recA(14)
data/genomes/562.23323.fna.gz	ecoli_achtman_4	95	adk(37)	fumC(38)	gyrB(19)	icd(37)	mdh(17)	purA(11)	recA(26)
data/genomes/562.23223.fna.gz	ecoli_achtman_4	538	adk(13)	fumC(40)	gyrB(19)	icd(13)	mdh(36)	purA(28)	recA(30)
data/genomes/562.23173.fna.gz	ecoli_achtman_4	62	adk(28)	fumC(33)	gyrB(25)	icd(29)	mdh(7)	purA(11)	recA(24)
data/genomes/562.23122.fna.gz	ecoli_achtman_4	95	adk(37)	fumC(38)	gyrB(19)	icd(37)	mdh(17)	purA(11)	recA(26)
data/genomes/562.23376.fna.gz	ecoli_achtman_4	95	adk(37)	fumC(38)	gyrB(19)	icd(37)	mdh(17)	purA(11)	recA(26)
data/genomes/562.23273.fna.gz	ecoli_achtman_4	131	adk(53)	fumC(40)	gyrB(47)	icd(13)	mdh(36)	purA(28)	recA(29)
data/genomes/562.23324.fna.gz	ecoli_achtman_4	5425	adk(37)	fumC(681)	gyrB(19)	icd(549)	mdh(17)	purA(11)	recA(26)
data/genomes/562.23224.fna.gz	ecoli_achtman_4	73	adk(36)	fumC(24)	gyrB(9)	icd(13)	mdh(17)	purA(11)	recA(25)
data/genomes/562.23174.fna.gz	ecoli_achtman_4	12	adk(13)	fumC(13)	gyrB(9)	icd(13)	mdh(16)	purA(10)	recA(9)
data/genomes/562.23123.fna.gz	ecoli_achtman_4	95	adk(37)	fumC(38)	gyrB(19)	icd(37)	mdh(17)	purA(11)	recA(26)
data/genomes/562.23377.fna.gz	ecoli_achtman_4	131	adk(53)	fumC(40)	gyrB(47)	icd(13)	mdh(36)	purA(28)	recA(29)
data/genomes/562.23274.fna.gz	ecoli_achtman_4	95	adk(37)	fumC(38)	gyrB(19)	icd(37)	mdh(17)	purA(11)	recA(26)
data/genomes/562.23325.fna.gz	ecoli_achtman_4	5384	adk(13)	fumC(24)	gyrB(19)	icd(14)	mdh(417)	purA(1)	recA(10)
data/genomes/562.23225.fna.gz	ecoli_achtman_4	95	adk(37)	fumC(38)	gyrB(19)	icd(37)	mdh(17)	purA(11)	recA(26)
data/genomes/562.23175.fna.gz	ecoli_achtman_4	144	adk(13)	fumC(43)	gyrB(9)	icd(36)	mdh(30)	purA(44)	recA(25)
data/genomes/562.23124.fna.gz	ecoli_achtman_4	961	adk(13)	fumC(13)	gyrB(9)	icd(13)	mdh(16)	purA(126)	recA(9)
data/genomes/562.23378.fna.gz	ecoli_achtman_4	95	adk(37)	fumC(38)	gyrB(19)	icd(37)	mdh(17)	purA(11)	recA(26)
data/genomes/562.23275.fna.gz	ecoli_achtman_4	12	adk(13)	fumC(13)	gyrB(9)	icd(13)	mdh(16)	purA(10)	recA(9)
data/genomes/562.23326.fna.gz	ecoli_achtman_4	131	adk(53)	fumC(40)	gyrB(47)	icd(13)	mdh(36)	purA(28)	recA(29)
data/genomes/562.23226.fna.gz	ecoli_achtman_4	131	adk(53)	fumC(40)	gyrB(47)	icd(13)	mdh(36)	purA(28)	recA(29)
data/genomes/562.23176.fna.gz	ecoli_achtman_4	62	adk(28)	fumC(33)	gyrB(25)	icd(29)	mdh(7)	purA(11)	recA(24)
data/genomes/562.23125.fna.gz	ecoli_achtman_4	69	adk(21)	fumC(35)	gyrB(27)	icd(6)	mdh(5)	purA(5)	recA(4)
data/genomes/562.23379.fna.gz	ecoli_achtman_4	681	adk(38)	fumC(39)	gyrB(30)	icd(13)	mdh(17)	purA(25)	recA(28)
data/genomes/562.23327.fna.gz	ecoli_achtman_4	69	adk(21)	fumC(35)	gyrB(27)	icd(6)	mdh(5)	purA(5)	recA(4)
data/genomes/562.23276.fna.gz	ecoli_achtman_4	1057	adk(14)	fumC(14)	gyrB(10)	icd(137)	mdh(17)	purA(7)	recA(10)
data/genomes/562.23227.fna.gz	ecoli_achtman_4	73	adk(36)	fumC(24)	gyrB(9)	icd(13)	mdh(17)	purA(11)	recA(25)
data/genomes/562.23126.fna.gz	ecoli_achtman_4	69	adk(21)	fumC(35)	gyrB(27)	icd(6)	mdh(5)	purA(5)	recA(4)
data/genomes/562.23177.fna.gz	ecoli_achtman_4	117	adk(20)	fumC(45)	gyrB(41)	icd(43)	mdh(5)	purA(32)	recA(2)
data/genomes/562.23380.fna.gz	ecoli_achtman_4	127	adk(13)	fumC(14)	gyrB(19)	icd(36)	mdh(23)	purA(11)	recA(10)
data/genomes/562.23328.fna.gz	ecoli_achtman_4	131	adk(53)	fumC(40)	gyrB(47)	icd(13)	mdh(36)	purA(28)	recA(29)
data/genomes/562.23277.fna.gz	ecoli_achtman_4	14	adk(14)	fumC(14)	gyrB(10)	icd(14)	mdh(17)	purA(7)	recA(10)
data/genomes/562.23228.fna.gz	ecoli_achtman_4	14	adk(14)	fumC(14)	gyrB(10)	icd(14)	mdh(17)	purA(7)	recA(10)
data/genomes/562.23127.fna.gz	ecoli_achtman_4	141	adk(13)	fumC(52)	gyrB(10)	icd(14)	mdh(17)	purA(25)	recA(17)
data/genomes/562.23178.fna.gz	ecoli_achtman_4	349	adk(34)	fumC(36)	gyrB(39)	icd(87)	mdh(67)	purA(16)	recA(4)
data/genomes/562.23381.fna.gz	ecoli_achtman_4	73	adk(36)	fumC(24)	gyrB(9)	icd(13)	mdh(17)	purA(11)	recA(25)
data/genomes/562.23329.fna.gz	ecoli_achtman_4	131	adk(53)	fumC(40)	gyrB(47)	icd(13)	mdh(36)	purA(28)	recA(29)
data/genomes/562.23278.fna.gz	ecoli_achtman_4	69	adk(21)	fumC(35)	gyrB(27)	icd(6)	mdh(5)	purA(5)	recA(4)
data/genomes/562.23229.fna.gz	ecoli_achtman_4	131	adk(53)	fumC(40)	gyrB(47)	icd(13)	mdh(36)	purA(28)	recA(29)
data/genomes/562.23128.fna.gz	ecoli_achtman_4	95	adk(37)	fumC(38)	gyrB(19)	icd(37)	mdh(17)	purA(11)	recA(26)
data/genomes/562.23179.fna.gz	ecoli_achtman_4	141	adk(13)	fumC(52)	gyrB(10)	icd(14)	mdh(17)	purA(25)	recA(17)
data/genomes/562.23382.fna.gz	ecoli_achtman_4	83	adk(13)	fumC(38)	gyrB(19)	icd(13)	mdh(30)	purA(25)	recA(29)
data/genomes/562.23330.fna.gz	ecoli_achtman_4	57	adk(6)	fumC(31)	gyrB(5)	icd(28)	mdh(1)	purA(1)	recA(2)
data/genomes/562.23279.fna.gz	ecoli_achtman_4	69	adk(21)	fumC(35)	gyrB(27)	icd(6)	mdh(5)	purA(5)	recA(4)
data/genomes/562.23230.fna.gz	ecoli_achtman_4	73	adk(36)	fumC(24)	gyrB(9)	icd(13)	mdh(17)	purA(11)	recA(25)
data/genomes/562.23180.fna.gz	ecoli_achtman_4	421	adk(37)	fumC(38)	gyrB(19)	icd(37)	mdh(17)	purA(8)	recA(26)
data/genomes/562.23129.fna.gz	ecoli_achtman_4	393	adk(18)	fumC(106)	gyrB(17)	icd(6)	mdh(5)	purA(5)	recA(4)
data/genomes/562.23383.fna.gz	ecoli_achtman_4	23	adk(6)	fumC(4)	gyrB(12)	icd(1)	mdh(20)	purA(13)	recA(7)
data/genomes/562.23331.fna.gz	ecoli_achtman_4	95	adk(37)	fumC(38)	gyrB(19)	icd(37)	mdh(17)	purA(11)	recA(26)
data/genomes/562.23280.fna.gz	ecoli_achtman_4	95	adk(37)	fumC(38)	gyrB(19)	icd(37)	mdh(17)	purA(11)	recA(26)
data/genomes/562.23231.fna.gz	ecoli_achtman_4	131	adk(53)	fumC(40)	gyrB(47)	icd(13)	mdh(36)	purA(28)	recA(29)
data/genomes/562.23130.fna.gz	ecoli_achtman_4	10	adk(10)	fumC(11)	gyrB(4)	icd(8)	mdh(8)	purA(8)	recA(2)
data/genomes/562.23384.fna.gz	ecoli_achtman_4	648	adk(92)	fumC(4)	gyrB(87)	icd(96)	mdh(70)	purA(58)	recA(2)
data/genomes/562.23181.fna.gz	ecoli_achtman_4	131	adk(53)	fumC(40)	gyrB(47)	icd(13)	mdh(36)	purA(28)	recA(29)
data/genomes/562.23332.fna.gz	ecoli_achtman_4	62	adk(28)	fumC(33)	gyrB(25)	icd(29)	mdh(7)	purA(11)	recA(24)
data/genomes/562.23281.fna.gz	ecoli_achtman_4	23	adk(6)	fumC(4)	gyrB(12)	icd(1)	mdh(20)	purA(13)	recA(7)
data/genomes/562.23232.fna.gz	ecoli_achtman_4	295	adk(6)	fumC(4)	gyrB(12)	icd(1)	mdh(9)	purA(2)	recA(7)
data/genomes/562.23131.fna.gz	ecoli_achtman_4	2230	adk(6)	fumC(346)	gyrB(12)	icd(1)	mdh(20)	purA(13)	recA(7)
data/genomes/562.23385.fna.gz	ecoli_achtman_4	443	adk(6)	fumC(19)	gyrB(15)	icd(16)	mdh(9)	purA(8)	recA(7)
data/genomes/562.23182.fna.gz	ecoli_achtman_4	73	adk(36)	fumC(24)	gyrB(9)	icd(13)	mdh(17)	purA(11)	recA(25)
data/genomes/562.23333.fna.gz	ecoli_achtman_4	95	adk(37)	fumC(38)	gyrB(19)	icd(37)	mdh(17)	purA(11)	recA(26)
data/genomes/562.23282.fna.gz	ecoli_achtman_4	131	adk(53)	fumC(40)	gyrB(47)	icd(13)	mdh(36)	purA(28)	recA(29)
data/genomes/562.23132.fna.gz	ecoli_achtman_4	38	adk(4)	fumC(26)	gyrB(2)	icd(25)	mdh(5)	purA(5)	recA(19)
data/genomes/562.23233.fna.gz	ecoli_achtman_4	393	adk(18)	fumC(106)	gyrB(17)	icd(6)	mdh(5)	purA(5)	recA(4)
data/genomes/562.23386.fna.gz	ecoli_achtman_4	80	adk(13)	fumC(24)	gyrB(19)	icd(14)	mdh(23)	purA(1)	recA(10)
data/genomes/562.23183.fna.gz	ecoli_achtman_4	73	adk(36)	fumC(24)	gyrB(9)	icd(13)	mdh(17)	purA(11)	recA(25)
data/genomes/562.23334.fna.gz	ecoli_achtman_4	73	adk(36)	fumC(24)	gyrB(9)	icd(13)	mdh(17)	purA(11)	recA(25)
data/genomes/562.23283.fna.gz	ecoli_achtman_4	452	adk(76)	fumC(43)	gyrB(19)	icd(37)	mdh(30)	purA(1)	recA(25)
data/genomes/562.23133.fna.gz	ecoli_achtman_4	38	adk(4)	fumC(26)	gyrB(2)	icd(25)	mdh(5)	purA(5)	recA(19)
data/genomes/562.23387.fna.gz	ecoli_achtman_4	393	adk(18)	fumC(106)	gyrB(17)	icd(6)	mdh(5)	purA(5)	recA(4)
data/genomes/562.23234.fna.gz	ecoli_achtman_4	73	adk(36)	fumC(24)	gyrB(9)	icd(13)	mdh(17)	purA(11)	recA(25)
data/genomes/562.23184.fna.gz	ecoli_achtman_4	1946	adk(13)	fumC(43)	gyrB(19)	icd(14)	mdh(23)	purA(11)	recA(10)
data/genomes/562.23335.fna.gz	ecoli_achtman_4	95	adk(37)	fumC(38)	gyrB(19)	icd(37)	mdh(17)	purA(11)	recA(26)
data/genomes/562.23284.fna.gz	ecoli_achtman_4	131	adk(53)	fumC(40)	gyrB(47)	icd(13)	mdh(36)	purA(28)	recA(29)
data/genomes/562.23134.fna.gz	ecoli_achtman_4	167	adk(10)	fumC(11)	gyrB(4)	icd(8)	mdh(8)	purA(13)	recA(2)
data/genomes/562.23388.fna.gz	ecoli_achtman_4	1262	adk(177)	fumC(24)	gyrB(9)	icd(13)	mdh(17)	purA(11)	recA(25)
data/genomes/562.23235.fna.gz	ecoli_achtman_4	131	adk(53)	fumC(40)	gyrB(47)	icd(13)	mdh(36)	purA(28)	recA(29)
data/genomes/562.23185.fna.gz	ecoli_achtman_4	95	adk(37)	fumC(38)	gyrB(19)	icd(37)	mdh(17)	purA(11)	recA(26)
data/genomes/562.23336.fna.gz	ecoli_achtman_4	131	adk(53)	fumC(40)	gyrB(47)	icd(13)	mdh(36)	purA(28)	recA(29)
data/genomes/562.23285.fna.gz	ecoli_achtman_4	131	adk(53)	fumC(40)	gyrB(47)	icd(13)	mdh(36)	purA(28)	recA(29)
data/genomes/562.23136.fna.gz	ecoli_achtman_4	73	adk(36)	fumC(24)	gyrB(9)	icd(13)	mdh(17)	purA(11)	recA(25)
data/genomes/562.23389.fna.gz	ecoli_achtman_4	62	adk(28)	fumC(33)	gyrB(25)	icd(29)	mdh(7)	purA(11)	recA(24)
data/genomes/562.23186.fna.gz	ecoli_achtman_4	106	adk(21)	fumC(35)	gyrB(27)	icd(6)	mdh(5)	purA(8)	recA(4)
data/genomes/562.23338.fna.gz	ecoli_achtman_4	131	adk(53)	fumC(40)	gyrB(47)	icd(13)	mdh(36)	purA(28)	recA(29)
data/genomes/562.23236.fna.gz	ecoli_achtman_4	95	adk(37)	fumC(38)	gyrB(19)	icd(37)	mdh(17)	purA(11)	recA(26)
data/genomes/562.23286.fna.gz	ecoli_achtman_4	10	adk(10)	fumC(11)	gyrB(4)	icd(8)	mdh(8)	purA(8)	recA(2)
data/genomes/562.23137.fna.gz	ecoli_achtman_4	12	adk(13)	fumC(13)	gyrB(9)	icd(13)	mdh(16)	purA(10)	recA(9)
data/genomes/562.23390.fna.gz	ecoli_achtman_4	106	adk(21)	fumC(35)	gyrB(27)	icd(6)	mdh(5)	purA(8)	recA(4)
data/genomes/562.23187.fna.gz	ecoli_achtman_4	73	adk(36)	fumC(24)	gyrB(9)	icd(13)	mdh(17)	purA(11)	recA(25)
data/genomes/562.23237.fna.gz	ecoli_achtman_4	73	adk(36)	fumC(24)	gyrB(9)	icd(13)	mdh(17)	purA(11)	recA(25)
data/genomes/562.23339.fna.gz	ecoli_achtman_4	95	adk(37)	fumC(38)	gyrB(19)	icd(37)	mdh(17)	purA(11)	recA(26)
data/genomes/562.23287.fna.gz	ecoli_achtman_4	38	adk(4)	fumC(26)	gyrB(2)	icd(25)	mdh(5)	purA(5)	recA(19)
data/genomes/562.23138.fna.gz	ecoli_achtman_4	1486	adk(6)	fumC(11)	gyrB(57)	icd(1)	mdh(7)	purA(8)	recA(6)
data/genomes/562.23391.fna.gz	ecoli_achtman_4	405	adk(35)	fumC(37)	gyrB(29)	icd(25)	mdh(4)	purA(5)	recA(73)
data/genomes/562.23188.fna.gz	ecoli_achtman_4	12	adk(13)	fumC(13)	gyrB(9)	icd(13)	mdh(16)	purA(10)	recA(9)
data/genomes/562.23238.fna.gz	ecoli_achtman_4	95	adk(37)	fumC(38)	gyrB(19)	icd(37)	mdh(17)	purA(11)	recA(26)
data/genomes/562.23340.fna.gz	ecoli_achtman_4	95	adk(37)	fumC(38)	gyrB(19)	icd(37)	mdh(17)	purA(11)	recA(26)
data/genomes/562.23288.fna.gz	ecoli_achtman_4	5648	adk(43)	fumC(41)	gyrB(15)	icd(18)	mdh(11)	purA(7)	recA(343)
data/genomes/562.23139.fna.gz	ecoli_achtman_4	73	adk(36)	fumC(24)	gyrB(9)	icd(13)	mdh(17)	purA(11)	recA(25)
data/genomes/562.23392.fna.gz	ecoli_achtman_4	12	adk(13)	fumC(13)	gyrB(9)	icd(13)	mdh(16)	purA(10)	recA(9)
data/genomes/562.23189.fna.gz	ecoli_achtman_4	131	adk(53)	fumC(40)	gyrB(47)	icd(13)	mdh(36)	purA(28)	recA(29)
data/genomes/562.23239.fna.gz	ecoli_achtman_4	131	adk(53)	fumC(40)	gyrB(47)	icd(13)	mdh(36)	purA(28)	recA(29)
data/genomes/562.23341.fna.gz	ecoli_achtman_4	69	adk(21)	fumC(35)	gyrB(27)	icd(6)	mdh(5)	purA(5)	recA(4)
data/genomes/562.23289.fna.gz	ecoli_achtman_4	95	adk(37)	fumC(38)	gyrB(19)	icd(37)	mdh(17)	purA(11)	recA(26)
data/genomes/562.23140.fna.gz	ecoli_achtman_4	393	adk(18)	fumC(106)	gyrB(17)	icd(6)	mdh(5)	purA(5)	recA(4)
data/genomes/562.23393.fna.gz	ecoli_achtman_4	131	adk(53)	fumC(40)	gyrB(47)	icd(13)	mdh(36)	purA(28)	recA(29)
data/genomes/562.23190.fna.gz	ecoli_achtman_4	706	adk(88)	fumC(24)	gyrB(49)	icd(36)	mdh(17)	purA(11)	recA(91)
data/genomes/562.23240.fna.gz	ecoli_achtman_4	95	adk(37)	fumC(38)	gyrB(19)	icd(37)	mdh(17)	purA(11)	recA(26)
data/genomes/562.23342.fna.gz	ecoli_achtman_4	12	adk(13)	fumC(13)	gyrB(9)	icd(13)	mdh(16)	purA(10)	recA(9)
data/genomes/562.23290.fna.gz	ecoli_achtman_4	5628	adk(6)	fumC(4)	gyrB(348)	icd(16)	mdh(9)	purA(13)	recA(7)
data/genomes/562.23142.fna.gz	ecoli_achtman_4	428	adk(96)	fumC(40)	gyrB(13)	icd(100)	mdh(23)	purA(28)	recA(66)
data/genomes/562.23394.fna.gz	ecoli_achtman_4	141	adk(13)	fumC(52)	gyrB(10)	icd(14)	mdh(17)	purA(25)	recA(17)
data/genomes/562.23191.fna.gz	ecoli_achtman_4	131	adk(53)	fumC(40)	gyrB(47)	icd(13)	mdh(36)	purA(28)	recA(29)
data/genomes/562.23241.fna.gz	ecoli_achtman_4	73	adk(36)	fumC(24)	gyrB(9)	icd(13)	mdh(17)	purA(11)	recA(25)
data/genomes/562.23343.fna.gz	ecoli_achtman_4	73	adk(36)	fumC(24)	gyrB(9)	icd(13)	mdh(17)	purA(11)	recA(25)
data/genomes/562.23291.fna.gz	ecoli_achtman_4	73	adk(36)	fumC(24)	gyrB(9)	icd(13)	mdh(17)	purA(11)	recA(25)
data/genomes/562.23395.fna.gz	ecoli_achtman_4	131	adk(53)	fumC(40)	gyrB(47)	icd(13)	mdh(36)	purA(28)	recA(29)
data/genomes/562.23143.fna.gz	ecoli_achtman_4	95	adk(37)	fumC(38)	gyrB(19)	icd(37)	mdh(17)	purA(11)	recA(26)
data/genomes/562.23192.fna.gz	ecoli_achtman_4	95	adk(37)	fumC(38)	gyrB(19)	icd(37)	mdh(17)	purA(11)	recA(26)
data/genomes/562.23242.fna.gz	ecoli_achtman_4	95	adk(37)	fumC(38)	gyrB(19)	icd(37)	mdh(17)	purA(11)	recA(26)
data/genomes/562.23344.fna.gz	ecoli_achtman_4	357	adk(13)	fumC(40)	gyrB(13)	icd(13)	mdh(23)	purA(25)	recA(66)
data/genomes/562.23292.fna.gz	ecoli_achtman_4	95	adk(37)	fumC(38)	gyrB(19)	icd(37)	mdh(17)	purA(11)	recA(26)
data/genomes/562.23144.fna.gz	ecoli_achtman_4	131	adk(53)	fumC(40)	gyrB(47)	icd(13)	mdh(36)	purA(28)	recA(29)
data/genomes/562.23193.fna.gz	ecoli_achtman_4	95	adk(37)	fumC(38)	gyrB(19)	icd(37)	mdh(17)	purA(11)	recA(26)
data/genomes/562.23396.fna.gz	ecoli_achtman_4	131	adk(53)	fumC(40)	gyrB(47)	icd(13)	mdh(36)	purA(28)	recA(29)
data/genomes/562.23345.fna.gz	ecoli_achtman_4	101	adk(43)	fumC(41)	gyrB(15)	icd(18)	mdh(11)	purA(7)	recA(6)
data/genomes/562.23243.fna.gz	ecoli_achtman_4	73	adk(36)	fumC(24)	gyrB(9)	icd(13)	mdh(17)	purA(11)	recA(25)
data/genomes/562.23293.fna.gz	ecoli_achtman_4	73	adk(36)	fumC(24)	gyrB(9)	icd(13)	mdh(17)	purA(11)	recA(25)
data/genomes/562.23194.fna.gz	ecoli_achtman_4	131	adk(53)	fumC(40)	gyrB(47)	icd(13)	mdh(36)	purA(28)	recA(29)
data/genomes/562.23145.fna.gz	ecoli_achtman_4	38	adk(4)	fumC(26)	gyrB(2)	icd(25)	mdh(5)	purA(5)	recA(19)
data/genomes/562.23398.fna.gz	ecoli_achtman_4	131	adk(53)	fumC(40)	gyrB(47)	icd(13)	mdh(36)	purA(28)	recA(29)
data/genomes/562.23346.fna.gz	ecoli_achtman_4	429	adk(97)	fumC(40)	gyrB(93)	icd(13)	mdh(23)	purA(28)	recA(66)
data/genomes/562.23244.fna.gz	ecoli_achtman_4	73	adk(36)	fumC(24)	gyrB(9)	icd(13)	mdh(17)	purA(11)	recA(25)
data/genomes/562.23294.fna.gz	ecoli_achtman_4	73	adk(36)	fumC(24)	gyrB(9)	icd(13)	mdh(17)	purA(11)	recA(25)
data/genomes/562.23146.fna.gz	ecoli_achtman_4	73	adk(36)	fumC(24)	gyrB(9)	icd(13)	mdh(17)	purA(11)	recA(25)
data/genomes/562.23195.fna.gz	ecoli_achtman_4	131	adk(53)	fumC(40)	gyrB(47)	icd(13)	mdh(36)	purA(28)	recA(29)
data/genomes/562.23399.fna.gz	ecoli_achtman_4	131	adk(53)	fumC(40)	gyrB(47)	icd(13)	mdh(36)	purA(28)	recA(29)
data/genomes/562.23347.fna.gz	ecoli_achtman_4	131	adk(53)	fumC(40)	gyrB(47)	icd(13)	mdh(36)	purA(28)	recA(29)
data/genomes/562.23245.fna.gz	ecoli_achtman_4	62	adk(28)	fumC(33)	gyrB(25)	icd(29)	mdh(7)	purA(11)	recA(24)
data/genomes/562.23295.fna.gz	ecoli_achtman_4	73	adk(36)	fumC(24)	gyrB(9)	icd(13)	mdh(17)	purA(11)	recA(25)
data/genomes/562.23147.fna.gz	ecoli_achtman_4	73	adk(36)	fumC(24)	gyrB(9)	icd(13)	mdh(17)	purA(11)	recA(25)
data/genomes/562.23196.fna.gz	ecoli_achtman_4	73	adk(36)	fumC(24)	gyrB(9)	icd(13)	mdh(17)	purA(11)	recA(25)
data/genomes/562.23400.fna.gz	ecoli_achtman_4	540	adk(6)	fumC(7)	gyrB(57)	icd(1)	mdh(8)	purA(8)	recA(2)
data/genomes/562.23348.fna.gz	ecoli_achtman_4	131	adk(53)	fumC(40)	gyrB(47)	icd(13)	mdh(36)	purA(28)	recA(29)
data/genomes/562.23246.fna.gz	ecoli_achtman_4	69	adk(21)	fumC(35)	gyrB(27)	icd(6)	mdh(5)	purA(5)	recA(4)
data/genomes/562.23296.fna.gz	ecoli_achtman_4	95	adk(37)	fumC(38)	gyrB(19)	icd(37)	mdh(17)	purA(11)	recA(26)
data/genomes/562.23148.fna.gz	ecoli_achtman_4	79	adk(37)	fumC(38)	gyrB(19)	icd(32)	mdh(17)	purA(7)	recA(26)
data/genomes/562.23197.fna.gz	ecoli_achtman_4	491	adk(13)	fumC(39)	gyrB(19)	icd(36)	mdh(30)	purA(14)	recA(82)
data/genomes/562.23401.fna.gz	ecoli_achtman_4	131	adk(53)	fumC(40)	gyrB(47)	icd(13)	mdh(36)	purA(28)	recA(29)
data/genomes/562.23349.fna.gz	ecoli_achtman_4	95	adk(37)	fumC(38)	gyrB(19)	icd(37)	mdh(17)	purA(11)	recA(26)
data/genomes/562.23247.fna.gz	ecoli_achtman_4	73	adk(36)	fumC(24)	gyrB(9)	icd(13)	mdh(17)	purA(11)	recA(25)
data/genomes/562.23297.fna.gz	ecoli_achtman_4	131	adk(53)	fumC(40)	gyrB(47)	icd(13)	mdh(36)	purA(28)	recA(29)
data/genomes/562.23402.fna.gz	ecoli_achtman_4	38	adk(4)	fumC(26)	gyrB(2)	icd(25)	mdh(5)	purA(5)	recA(19)
data/genomes/562.23149.fna.gz	ecoli_achtman_4	62	adk(28)	fumC(33)	gyrB(25)	icd(29)	mdh(7)	purA(11)	recA(24)
data/genomes/562.23198.fna.gz	ecoli_achtman_4	421	adk(37)	fumC(38)	gyrB(19)	icd(37)	mdh(17)	purA(8)	recA(26)
data/genomes/562.23350.fna.gz	ecoli_achtman_4	95	adk(37)	fumC(38)	gyrB(19)	icd(37)	mdh(17)	purA(11)	recA(26)
data/genomes/562.23248.fna.gz	ecoli_achtman_4	131	adk(53)	fumC(40)	gyrB(47)	icd(13)	mdh(36)	purA(28)	recA(29)
data/genomes/562.23298.fna.gz	ecoli_achtman_4	847	adk(6)	fumC(6)	gyrB(5)	icd(26)	mdh(9)	purA(13)	recA(98)
data/genomes/562.23150.fna.gz	ecoli_achtman_4	69	adk(21)	fumC(35)	gyrB(27)	icd(6)	mdh(5)	purA(5)	recA(4)
data/genomes/562.23199.fna.gz	ecoli_achtman_4	131	adk(53)	fumC(40)	gyrB(47)	icd(13)	mdh(36)	purA(28)	recA(29)
data/genomes/562.23352.fna.gz	ecoli_achtman_4	95	adk(37)	fumC(38)	gyrB(19)	icd(37)	mdh(17)	purA(11)	recA(26)
data/genomes/562.23403.fna.gz	ecoli_achtman_4	131	adk(53)	fumC(40)	gyrB(47)	icd(13)	mdh(36)	purA(28)	recA(29)
data/genomes/562.23249.fna.gz	ecoli_achtman_4	73	adk(36)	fumC(24)	gyrB(9)	icd(13)	mdh(17)	purA(11)	recA(25)
data/genomes/562.23299.fna.gz	ecoli_achtman_4	95	adk(37)	fumC(38)	gyrB(19)	icd(37)	mdh(17)	purA(11)	recA(26)
data/genomes/562.23151.fna.gz	ecoli_achtman_4	12	adk(13)	fumC(13)	gyrB(9)	icd(13)	mdh(16)	purA(10)	recA(9)
data/genomes/562.23200.fna.gz	ecoli_achtman_4	131	adk(53)	fumC(40)	gyrB(47)	icd(13)	mdh(36)	purA(28)	recA(29)
data/genomes/562.23353.fna.gz	ecoli_achtman_4	58	adk(6)	fumC(4)	gyrB(4)	icd(16)	mdh(24)	purA(8)	recA(14)
data/genomes/562.23406.fna.gz	ecoli_achtman_4	349	adk(34)	fumC(36)	gyrB(39)	icd(87)	mdh(67)	purA(16)	recA(4)
data/genomes/562.23250.fna.gz	ecoli_achtman_4	69	adk(21)	fumC(35)	gyrB(27)	icd(6)	mdh(5)	purA(5)	recA(4)
data/genomes/562.23300.fna.gz	ecoli_achtman_4	104	adk(13)	fumC(24)	gyrB(9)	icd(13)	mdh(17)	purA(11)	recA(25)
data/genomes/562.23152.fna.gz	ecoli_achtman_4	144	adk(13)	fumC(43)	gyrB(9)	icd(36)	mdh(30)	purA(44)	recA(25)
data/genomes/562.23201.fna.gz	ecoli_achtman_4	73	adk(36)	fumC(24)	gyrB(9)	icd(13)	mdh(17)	purA(11)	recA(25)
data/genomes/562.23354.fna.gz	ecoli_achtman_4	372	adk(88)	fumC(103)	gyrB(19)	icd(36)	mdh(23)	purA(44)	recA(26)
data/genomes/562.23407.fna.gz	ecoli_achtman_4	357	adk(13)	fumC(40)	gyrB(13)	icd(13)	mdh(23)	purA(25)	recA(66)
data/genomes/562.23251.fna.gz	ecoli_achtman_4	95	adk(37)	fumC(38)	gyrB(19)	icd(37)	mdh(17)	purA(11)	recA(26)
data/genomes/562.23301.fna.gz	ecoli_achtman_4	95	adk(37)	fumC(38)	gyrB(19)	icd(37)	mdh(17)	purA(11)	recA(26)
data/genomes/562.23153.fna.gz	ecoli_achtman_4	58	adk(6)	fumC(4)	gyrB(4)	icd(16)	mdh(24)	purA(8)	recA(14)
data/genomes/562.23202.fna.gz	ecoli_achtman_4	95	adk(37)	fumC(38)	gyrB(19)	icd(37)	mdh(17)	purA(11)	recA(26)
data/genomes/562.23356.fna.gz	ecoli_achtman_4	405	adk(35)	fumC(37)	gyrB(29)	icd(25)	mdh(4)	purA(5)	recA(73)
data/genomes/562.23408.fna.gz	ecoli_achtman_4	12	adk(13)	fumC(13)	gyrB(9)	icd(13)	mdh(16)	purA(10)	recA(9)
data/genomes/562.23252.fna.gz	ecoli_achtman_4	59	adk(27)	fumC(32)	gyrB(24)	icd(29)	mdh(26)	purA(19)	recA(22)
data/genomes/562.23302.fna.gz	ecoli_achtman_4	48	adk(6)	fumC(11)	gyrB(4)	icd(8)	mdh(8)	purA(8)	recA(2)
data/genomes/562.23203.fna.gz	ecoli_achtman_4	95	adk(37)	fumC(38)	gyrB(19)	icd(37)	mdh(17)	purA(11)	recA(26)
data/genomes/562.23154.fna.gz	ecoli_achtman_4	95	adk(37)	fumC(38)	gyrB(19)	icd(37)	mdh(17)	purA(11)	recA(26)
data/genomes/562.23409.fna.gz	ecoli_achtman_4	127	adk(13)	fumC(14)	gyrB(19)	icd(36)	mdh(23)	purA(11)	recA(10)
data/genomes/562.23357.fna.gz	ecoli_achtman_4	95	adk(37)	fumC(38)	gyrB(19)	icd(37)	mdh(17)	purA(11)	recA(26)
data/genomes/562.23253.fna.gz	ecoli_achtman_4	91	adk(13)	fumC(40)	gyrB(34)	icd(13)	mdh(23)	purA(28)	recA(30)
data/genomes/562.23303.fna.gz	ecoli_achtman_4	372	adk(88)	fumC(103)	gyrB(19)	icd(36)	mdh(23)	purA(44)	recA(26)
data/genomes/562.23413.fna.gz	ecoli_achtman_4	131	adk(53)	fumC(40)	gyrB(47)	icd(13)	mdh(36)	purA(28)	recA(29)
data/genomes/562.23204.fna.gz	ecoli_achtman_4	141	adk(13)	fumC(52)	gyrB(10)	icd(14)	mdh(17)	purA(25)	recA(17)
data/genomes/562.23358.fna.gz	ecoli_achtman_4	73	adk(36)	fumC(24)	gyrB(9)	icd(13)	mdh(17)	purA(11)	recA(25)
data/genomes/562.23410.fna.gz	ecoli_achtman_4	131	adk(53)	fumC(40)	gyrB(47)	icd(13)	mdh(36)	purA(28)	recA(29)
data/genomes/562.23254.fna.gz	ecoli_achtman_4	88	adk(6)	fumC(4)	gyrB(12)	icd(1)	mdh(20)	purA(12)	recA(7)
data/genomes/562.23304.fna.gz	ecoli_achtman_4	127	adk(13)	fumC(14)	gyrB(19)	icd(36)	mdh(23)	purA(11)	recA(10)
data/genomes/562.23414.fna.gz	ecoli_achtman_4	421	adk(37)	fumC(38)	gyrB(19)	icd(37)	mdh(17)	purA(8)	recA(26)
data/genomes/562.23411.fna.gz	ecoli_achtman_4	73	adk(36)	fumC(24)	gyrB(9)	icd(13)	mdh(17)	purA(11)	recA(25)
data/genomes/562.23205.fna.gz	ecoli_achtman_4	38	adk(4)	fumC(26)	gyrB(2)	icd(25)	mdh(5)	purA(5)	recA(19)
data/genomes/562.23359.fna.gz	ecoli_achtman_4	131	adk(53)	fumC(40)	gyrB(47)	icd(13)	mdh(36)	purA(28)	recA(29)
data/genomes/562.23255.fna.gz	ecoli_achtman_4	648	adk(92)	fumC(4)	gyrB(87)	icd(96)	mdh(70)	purA(58)	recA(2)
data/genomes/562.23305.fna.gz	ecoli_achtman_4	131	adk(53)	fumC(40)	gyrB(47)	icd(13)	mdh(36)	purA(28)	recA(29)
data/genomes/562.23412.fna.gz	ecoli_achtman_4	95	adk(37)	fumC(38)	gyrB(19)	icd(37)	mdh(17)	purA(11)	recA(26)
data/genomes/562.23464.fna.gz	ecoli_achtman_4	73	adk(36)	fumC(24)	gyrB(9)	icd(13)	mdh(17)	purA(11)	recA(25)
data/genomes/562.23415.fna.gz	ecoli_achtman_4	5383	adk(4)	fumC(673)	gyrB(2)	icd(25)	mdh(5)	purA(5)	recA(19)
data/genomes/562.23515.fna.gz	ecoli_achtman_4	5470	adk(6)	fumC(4)	gyrB(12)	icd(1)	mdh(20)	purA(13)	recA(372)
data/genomes/562.23565.fna.gz	ecoli_achtman_4	131	adk(53)	fumC(40)	gyrB(47)	icd(13)	mdh(36)	purA(28)	recA(29)
data/genomes/562.23615.fna.gz	ecoli_achtman_4	131	adk(53)	fumC(40)	gyrB(47)	icd(13)	mdh(36)	purA(28)	recA(29)
data/genomes/562.23416.fna.gz	ecoli_achtman_4	978	adk(76)	fumC(43)	gyrB(19)	icd(13)	mdh(17)	purA(44)	recA(25)
data/genomes/562.28131.fna.gz	ecoli_achtman_4	156	adk(6)	fumC(29)	gyrB(32)	icd(16)	mdh(11)	purA(8)	recA(44)
data/genomes/562.23516.fna.gz	ecoli_achtman_4	95	adk(37)	fumC(38)	gyrB(19)	icd(37)	mdh(17)	purA(11)	recA(26)
data/genomes/562.23465.fna.gz	ecoli_achtman_4	88	adk(6)	fumC(4)	gyrB(12)	icd(1)	mdh(20)	purA(12)	recA(7)
data/genomes/562.23566.fna.gz	ecoli_achtman_4	131	adk(53)	fumC(40)	gyrB(47)	icd(13)	mdh(36)	purA(28)	recA(29)
data/genomes/562.23616.fna.gz	ecoli_achtman_4	394	adk(21)	fumC(35)	gyrB(61)	icd(52)	mdh(5)	purA(5)	recA(4)
data/genomes/562.23417.fna.gz	ecoli_achtman_4	5425	adk(37)	fumC(681)	gyrB(19)	icd(549)	mdh(17)	purA(11)	recA(26)
data/genomes/562.28132.fna.gz	ecoli_achtman_4	167	adk(10)	fumC(11)	gyrB(4)	icd(8)	mdh(8)	purA(13)	recA(2)
data/genomes/562.23517.fna.gz	ecoli_achtman_4	95	adk(37)	fumC(38)	gyrB(19)	icd(37)	mdh(17)	purA(11)	recA(26)
data/genomes/562.23467.fna.gz	ecoli_achtman_4	69	adk(21)	fumC(35)	gyrB(27)	icd(6)	mdh(5)	purA(5)	recA(4)
data/genomes/562.23567.fna.gz	ecoli_achtman_4	131	adk(53)	fumC(40)	gyrB(47)	icd(13)	mdh(36)	purA(28)	recA(29)
data/genomes/562.23617.fna.gz	ecoli_achtman_4	131	adk(53)	fumC(40)	gyrB(47)	icd(13)	mdh(36)	purA(28)	recA(29)
data/genomes/562.28389.fna.gz	ecoli_achtman_4	1276	adk(17)	fumC(231)	gyrB(167)	icd(198)	mdh(7)	purA(157)	recA(2)
data/genomes/562.23418.fna.gz	ecoli_achtman_4	73	adk(36)	fumC(24)	gyrB(9)	icd(13)	mdh(17)	purA(11)	recA(25)
data/genomes/562.23518.fna.gz	ecoli_achtman_4	421	adk(37)	fumC(38)	gyrB(19)	icd(37)	mdh(17)	purA(8)	recA(26)
data/genomes/562.23468.fna.gz	ecoli_achtman_4	367	adk(6)	fumC(4)	gyrB(12)	icd(1)	mdh(20)	purA(65)	recA(7)
data/genomes/562.23568.fna.gz	ecoli_achtman_4	86	adk(9)	fumC(6)	gyrB(33)	icd(33)	mdh(24)	purA(8)	recA(7)
data/genomes/562.23618.fna.gz	ecoli_achtman_4	69	adk(21)	fumC(35)	gyrB(27)	icd(6)	mdh(5)	purA(5)	recA(4)
data/genomes/562.23419.fna.gz	ecoli_achtman_4	144	adk(13)	fumC(43)	gyrB(9)	icd(36)	mdh(30)	purA(44)	recA(25)
data/genomes/562.28434.fna.gz	ecoli_achtman_4	405	adk(35)	fumC(37)	gyrB(29)	icd(25)	mdh(4)	purA(5)	recA(73)
data/genomes/562.23519.fna.gz	ecoli_achtman_4	95	adk(37)	fumC(38)	gyrB(19)	icd(37)	mdh(17)	purA(11)	recA(26)
data/genomes/562.23469.fna.gz	ecoli_achtman_4	12	adk(13)	fumC(13)	gyrB(9)	icd(13)	mdh(16)	purA(10)	recA(9)
data/genomes/562.23569.fna.gz	ecoli_achtman_4	648	adk(92)	fumC(4)	gyrB(87)	icd(96)	mdh(70)	purA(58)	recA(2)
data/genomes/562.23619.fna.gz	ecoli_achtman_4	12	adk(13)	fumC(13)	gyrB(9)	icd(13)	mdh(16)	purA(10)	recA(9)
data/genomes/562.28435.fna.gz	ecoli_achtman_4	8150	adk(789)	fumC(7)	gyrB(1)	icd(1)	mdh(8)	purA(18)	recA(6)
data/genomes/562.23520.fna.gz	ecoli_achtman_4	362	adk(62)	fumC(100)	gyrB(17)	icd(31)	mdh(5)	purA(5)	recA(4)
data/genomes/562.23470.fna.gz	ecoli_achtman_4	964	adk(35)	fumC(183)	gyrB(29)	icd(25)	mdh(4)	purA(5)	recA(73)
data/genomes/562.23420.fna.gz	ecoli_achtman_4	69	adk(21)	fumC(35)	gyrB(27)	icd(6)	mdh(5)	purA(5)	recA(4)
data/genomes/562.23570.fna.gz	ecoli_achtman_4	73	adk(36)	fumC(24)	gyrB(9)	icd(13)	mdh(17)	purA(11)	recA(25)
data/genomes/562.23620.fna.gz	ecoli_achtman_4	95	adk(37)	fumC(38)	gyrB(19)	icd(37)	mdh(17)	purA(11)	recA(26)
data/genomes/562.23521.fna.gz	ecoli_achtman_4	106	adk(21)	fumC(35)	gyrB(27)	icd(6)	mdh(5)	purA(8)	recA(4)
data/genomes/562.28563.fna.gz	ecoli_achtman_4	156	adk(6)	fumC(29)	gyrB(32)	icd(16)	mdh(11)	purA(8)	recA(44)
data/genomes/562.23471.fna.gz	ecoli_achtman_4	73	adk(36)	fumC(24)	gyrB(9)	icd(13)	mdh(17)	purA(11)	recA(25)
data/genomes/562.23421.fna.gz	ecoli_achtman_4	73	adk(36)	fumC(24)	gyrB(9)	icd(13)	mdh(17)	purA(11)	recA(25)
data/genomes/562.23571.fna.gz	ecoli_achtman_4	131	adk(53)	fumC(40)	gyrB(47)	icd(13)	mdh(36)	purA(28)	recA(29)
data/genomes/562.23621.fna.gz	ecoli_achtman_4	69	adk(21)	fumC(35)	gyrB(27)	icd(6)	mdh(5)	purA(5)	recA(4)
data/genomes/562.28565.fna.gz	ecoli_achtman_4	38	adk(4)	fumC(26)	gyrB(2)	icd(25)	mdh(5)	purA(5)	recA(19)
data/genomes/562.23422.fna.gz	ecoli_achtman_4	73	adk(36)	fumC(24)	gyrB(9)	icd(13)	mdh(17)	purA(11)	recA(25)
data/genomes/562.23522.fna.gz	ecoli_achtman_4	569	adk(13)	fumC(38)	gyrB(84)	icd(13)	mdh(17)	purA(64)	recA(34)
data/genomes/562.23472.fna.gz	ecoli_achtman_4	10	adk(10)	fumC(11)	gyrB(4)	icd(8)	mdh(8)	purA(8)	recA(2)
data/genomes/562.23572.fna.gz	ecoli_achtman_4	131	adk(53)	fumC(40)	gyrB(47)	icd(13)	mdh(36)	purA(28)	recA(29)
data/genomes/562.23622.fna.gz	ecoli_achtman_4	80	adk(13)	fumC(24)	gyrB(19)	icd(14)	mdh(23)	purA(1)	recA(10)
data/genomes/562.28566.fna.gz	ecoli_achtman_4	167	adk(10)	fumC(11)	gyrB(4)	icd(8)	mdh(8)	purA(13)	recA(2)
data/genomes/562.23423.fna.gz	ecoli_achtman_4	73	adk(36)	fumC(24)	gyrB(9)	icd(13)	mdh(17)	purA(11)	recA(25)
data/genomes/562.23523.fna.gz	ecoli_achtman_4	73	adk(36)	fumC(24)	gyrB(9)	icd(13)	mdh(17)	purA(11)	recA(25)
data/genomes/562.23473.fna.gz	ecoli_achtman_4	69	adk(21)	fumC(35)	gyrB(27)	icd(6)	mdh(5)	purA(5)	recA(4)
data/genomes/562.23573.fna.gz	ecoli_achtman_4	5639	adk(21)	fumC(35)	gyrB(27)	icd(6)	mdh(5)	purA(5)	recA(392)
data/genomes/562.23623.fna.gz	ecoli_achtman_4	131	adk(53)	fumC(40)	gyrB(47)	icd(13)	mdh(36)	purA(28)	recA(29)
data/genomes/562.28567.fna.gz	ecoli_achtman_4	131	adk(53)	fumC(40)	gyrB(47)	icd(13)	mdh(36)	purA(28)	recA(29)
data/genomes/562.23424.fna.gz	ecoli_achtman_4	357	adk(13)	fumC(40)	gyrB(13)	icd(13)	mdh(23)	purA(25)	recA(66)
data/genomes/562.23524.fna.gz	ecoli_achtman_4	58	adk(6)	fumC(4)	gyrB(4)	icd(16)	mdh(24)	purA(8)	recA(14)
data/genomes/562.23474.fna.gz	ecoli_achtman_4	131	adk(53)	fumC(40)	gyrB(47)	icd(13)	mdh(36)	purA(28)	recA(29)
data/genomes/562.23574.fna.gz	ecoli_achtman_4	131	adk(53)	fumC(40)	gyrB(47)	icd(13)	mdh(36)	purA(28)	recA(29)
data/genomes/562.23624.fna.gz	ecoli_achtman_4	117	adk(20)	fumC(45)	gyrB(41)	icd(43)	mdh(5)	purA(32)	recA(2)
data/genomes/562.28805.fna.gz	ecoli_achtman_4	410	adk(6)	fumC(4)	gyrB(12)	icd(1)	mdh(20)	purA(18)	recA(7)
data/genomes/562.23425.fna.gz	ecoli_achtman_4	14	adk(14)	fumC(14)	gyrB(10)	icd(14)	mdh(17)	purA(7)	recA(10)
data/genomes/562.23525.fna.gz	ecoli_achtman_4	69	adk(21)	fumC(35)	gyrB(27)	icd(6)	mdh(5)	purA(5)	recA(4)
data/genomes/562.23475.fna.gz	ecoli_achtman_4	12	adk(13)	fumC(13)	gyrB(9)	icd(13)	mdh(16)	purA(10)	recA(9)
data/genomes/562.23575.fna.gz	ecoli_achtman_4	127	adk(13)	fumC(14)	gyrB(19)	icd(36)	mdh(23)	purA(11)	recA(10)
data/genomes/562.23625.fna.gz	ecoli_achtman_4	141	adk(13)	fumC(52)	gyrB(10)	icd(14)	mdh(17)	purA(25)	recA(17)
data/genomes/562.28838.fna.gz	ecoli_achtman_4	131	adk(53)	fumC(40)	gyrB(47)	icd(13)	mdh(36)	purA(28)	recA(29)
data/genomes/562.23426.fna.gz	ecoli_achtman_4	73	adk(36)	fumC(24)	gyrB(9)	icd(13)	mdh(17)	purA(11)	recA(25)
data/genomes/562.23526.fna.gz	ecoli_achtman_4	73	adk(36)	fumC(24)	gyrB(9)	icd(13)	mdh(17)	purA(11)	recA(25)
data/genomes/562.23476.fna.gz	ecoli_achtman_4	10	adk(10)	fumC(11)	gyrB(4)	icd(8)	mdh(8)	purA(8)	recA(2)
data/genomes/562.23576.fna.gz	ecoli_achtman_4	929	adk(13)	fumC(43)	gyrB(49)	icd(37)	mdh(17)	purA(44)	recA(96)
data/genomes/562.23626.fna.gz	ecoli_achtman_4	69	adk(21)	fumC(35)	gyrB(27)	icd(6)	mdh(5)	purA(5)	recA(4)
data/genomes/562.23427.fna.gz	ecoli_achtman_4	1858	adk(13)	fumC(14)	gyrB(10)	icd(14)	mdh(17)	purA(11)	recA(85)
data/genomes/562.28839.fna.gz	ecoli_achtman_4	131	adk(53)	fumC(40)	gyrB(47)	icd(13)	mdh(36)	purA(28)	recA(29)
data/genomes/562.23477.fna.gz	ecoli_achtman_4	10	adk(10)	fumC(11)	gyrB(4)	icd(8)	mdh(8)	purA(8)	recA(2)
data/genomes/562.23527.fna.gz	ecoli_achtman_4	95	adk(37)	fumC(38)	gyrB(19)	icd(37)	mdh(17)	purA(11)	recA(26)
data/genomes/562.23577.fna.gz	ecoli_achtman_4	80	adk(13)	fumC(24)	gyrB(19)	icd(14)	mdh(23)	purA(1)	recA(10)
data/genomes/562.23627.fna.gz	ecoli_achtman_4	12	adk(13)	fumC(13)	gyrB(9)	icd(13)	mdh(16)	purA(10)	recA(9)
data/genomes/562.28840.fna.gz	ecoli_achtman_4	10	adk(10)	fumC(11)	gyrB(4)	icd(8)	mdh(8)	purA(8)	recA(2)
data/genomes/562.23428.fna.gz	ecoli_achtman_4	131	adk(53)	fumC(40)	gyrB(47)	icd(13)	mdh(36)	purA(28)	recA(29)
data/genomes/562.23478.fna.gz	ecoli_achtman_4	131	adk(53)	fumC(40)	gyrB(47)	icd(13)	mdh(36)	purA(28)	recA(29)
data/genomes/562.23528.fna.gz	ecoli_achtman_4	648	adk(92)	fumC(4)	gyrB(87)	icd(96)	mdh(70)	purA(58)	recA(2)
data/genomes/562.23578.fna.gz	ecoli_achtman_4	73	adk(36)	fumC(24)	gyrB(9)	icd(13)	mdh(17)	purA(11)	recA(25)
data/genomes/562.23628.fna.gz	ecoli_achtman_4	73	adk(36)	fumC(24)	gyrB(9)	icd(13)	mdh(17)	purA(11)	recA(25)
data/genomes/562.23429.fna.gz	ecoli_achtman_4	1081	adk(6)	fumC(4)	gyrB(5)	icd(18)	mdh(11)	purA(8)	recA(2)
data/genomes/562.28841.fna.gz	ecoli_achtman_4	10	adk(10)	fumC(11)	gyrB(4)	icd(8)	mdh(8)	purA(8)	recA(2)
data/genomes/562.23529.fna.gz	ecoli_achtman_4	88	adk(6)	fumC(4)	gyrB(12)	icd(1)	mdh(20)	purA(12)	recA(7)
data/genomes/562.23579.fna.gz	ecoli_achtman_4	352	adk(76)	fumC(96)	gyrB(19)	icd(89)	mdh(17)	purA(1)	recA(10)
data/genomes/562.23479.fna.gz	ecoli_achtman_4	95	adk(37)	fumC(38)	gyrB(19)	icd(37)	mdh(17)	purA(11)	recA(26)
data/genomes/562.23629.fna.gz	ecoli_achtman_4	12	adk(13)	fumC(13)	gyrB(9)	icd(13)	mdh(16)	purA(10)	recA(9)
data/genomes/562.23430.fna.gz	ecoli_achtman_4	12	adk(13)	fumC(13)	gyrB(9)	icd(13)	mdh(16)	purA(10)	recA(9)
data/genomes/562.28844.fna.gz	ecoli_achtman_4	-	adk(53)	fumC(40)	gyrB(~47)	icd(13)	mdh(36)	purA(28)	recA(29)
data/genomes/562.23530.fna.gz	ecoli_achtman_4	393	adk(18)	fumC(106)	gyrB(17)	icd(6)	mdh(5)	purA(5)	recA(4)
data/genomes/562.23580.fna.gz	ecoli_achtman_4	38	adk(4)	fumC(26)	gyrB(2)	icd(25)	mdh(5)	purA(5)	recA(19)
data/genomes/562.23480.fna.gz	ecoli_achtman_4	131	adk(53)	fumC(40)	gyrB(47)	icd(13)	mdh(36)	purA(28)	recA(29)
data/genomes/562.23630.fna.gz	ecoli_achtman_4	117	adk(20)	fumC(45)	gyrB(41)	icd(43)	mdh(5)	purA(32)	recA(2)
data/genomes/562.23431.fna.gz	ecoli_achtman_4	372	adk(88)	fumC(103)	gyrB(19)	icd(36)	mdh(23)	purA(44)	recA(26)
data/genomes/562.23531.fna.gz	ecoli_achtman_4	124	adk(6)	fumC(19)	gyrB(3)	icd(18)	mdh(9)	purA(38)	recA(6)
data/genomes/562.28845.fna.gz	ecoli_achtman_4	131	adk(53)	fumC(40)	gyrB(47)	icd(13)	mdh(36)	purA(28)	recA(29)
data/genomes/562.23581.fna.gz	ecoli_achtman_4	648	adk(92)	fumC(4)	gyrB(87)	icd(96)	mdh(70)	purA(58)	recA(2)
data/genomes/562.23481.fna.gz	ecoli_achtman_4	648	adk(92)	fumC(4)	gyrB(87)	icd(96)	mdh(70)	purA(58)	recA(2)
data/genomes/562.23631.fna.gz	ecoli_achtman_4	131	adk(53)	fumC(40)	gyrB(47)	icd(13)	mdh(36)	purA(28)	recA(29)
data/genomes/562.23432.fna.gz	ecoli_achtman_4	93	adk(6)	fumC(11)	gyrB(4)	icd(10)	mdh(7)	purA(8)	recA(6)
data/genomes/562.23532.fna.gz	ecoli_achtman_4	131	adk(53)	fumC(40)	gyrB(47)	icd(13)	mdh(36)	purA(28)	recA(29)
data/genomes/562.28846.fna.gz	ecoli_achtman_4	131	adk(53)	fumC(40)	gyrB(47)	icd(13)	mdh(36)	purA(28)	recA(29)
data/genomes/562.23482.fna.gz	ecoli_achtman_4	12	adk(13)	fumC(13)	gyrB(9)	icd(13)	mdh(16)	purA(10)	recA(9)
data/genomes/562.23582.fna.gz	ecoli_achtman_4	2020	adk(21)	fumC(35)	gyrB(27)	icd(6)	mdh(220)	purA(5)	recA(4)
data/genomes/562.23433.fna.gz	ecoli_achtman_4	767	adk(6)	fumC(4)	gyrB(4)	icd(16)	mdh(24)	purA(8)	recA(104)
data/genomes/562.23632.fna.gz	ecoli_achtman_4	12	adk(13)	fumC(13)	gyrB(9)	icd(13)	mdh(16)	purA(10)	recA(9)
data/genomes/562.23533.fna.gz	ecoli_achtman_4	73	adk(36)	fumC(24)	gyrB(9)	icd(13)	mdh(17)	purA(11)	recA(25)
data/genomes/562.29003.fna.gz	ecoli_achtman_4	131	adk(53)	fumC(40)	gyrB(47)	icd(13)	mdh(36)	purA(28)	recA(29)
data/genomes/562.23483.fna.gz	ecoli_achtman_4	131	adk(53)	fumC(40)	gyrB(47)	icd(13)	mdh(36)	purA(28)	recA(29)
data/genomes/562.23583.fna.gz	ecoli_achtman_4	409	adk(10)	fumC(11)	gyrB(1)	icd(1)	mdh(71)	purA(8)	recA(6)
data/genomes/562.23435.fna.gz	ecoli_achtman_4	405	adk(35)	fumC(37)	gyrB(29)	icd(25)	mdh(4)	purA(5)	recA(73)
data/genomes/562.23633.fna.gz	ecoli_achtman_4	131	adk(53)	fumC(40)	gyrB(47)	icd(13)	mdh(36)	purA(28)	recA(29)
data/genomes/562.23534.fna.gz	ecoli_achtman_4	73	adk(36)	fumC(24)	gyrB(9)	icd(13)	mdh(17)	purA(11)	recA(25)
data/genomes/562.29006.fna.gz	ecoli_achtman_4	156	adk(6)	fumC(29)	gyrB(32)	icd(16)	mdh(11)	purA(8)	recA(44)
data/genomes/562.23484.fna.gz	ecoli_achtman_4	69	adk(21)	fumC(35)	gyrB(27)	icd(6)	mdh(5)	purA(5)	recA(4)
data/genomes/562.23584.fna.gz	ecoli_achtman_4	73	adk(36)	fumC(24)	gyrB(9)	icd(13)	mdh(17)	purA(11)	recA(25)
data/genomes/562.23436.fna.gz	ecoli_achtman_4	69	adk(21)	fumC(35)	gyrB(27)	icd(6)	mdh(5)	purA(5)	recA(4)
data/genomes/562.23634.fna.gz	ecoli_achtman_4	12	adk(13)	fumC(13)	gyrB(9)	icd(13)	mdh(16)	purA(10)	recA(9)
data/genomes/562.23535.fna.gz	ecoli_achtman_4	393	adk(18)	fumC(106)	gyrB(17)	icd(6)	mdh(5)	purA(5)	recA(4)
data/genomes/562.29007.fna.gz	ecoli_achtman_4	167	adk(10)	fumC(11)	gyrB(4)	icd(8)	mdh(8)	purA(13)	recA(2)
data/genomes/562.23585.fna.gz	ecoli_achtman_4	73	adk(36)	fumC(24)	gyrB(9)	icd(13)	mdh(17)	purA(11)	recA(25)
data/genomes/562.23485.fna.gz	ecoli_achtman_4	12	adk(13)	fumC(13)	gyrB(9)	icd(13)	mdh(16)	purA(10)	recA(9)
data/genomes/562.23437.fna.gz	ecoli_achtman_4	10	adk(10)	fumC(11)	gyrB(4)	icd(8)	mdh(8)	purA(8)	recA(2)
data/genomes/562.23635.fna.gz	ecoli_achtman_4	144	adk(13)	fumC(43)	gyrB(9)	icd(36)	mdh(30)	purA(44)	recA(25)
data/genomes/562.23536.fna.gz	ecoli_achtman_4	973	adk(154)	fumC(187)	gyrB(22)	icd(52)	mdh(130)	purA(129)	recA(4)
data/genomes/562.29008.fna.gz	ecoli_achtman_4	410	adk(6)	fumC(4)	gyrB(12)	icd(1)	mdh(20)	purA(18)	recA(7)
data/genomes/562.23586.fna.gz	ecoli_achtman_4	127	adk(13)	fumC(14)	gyrB(19)	icd(36)	mdh(23)	purA(11)	recA(10)
data/genomes/562.23486.fna.gz	ecoli_achtman_4	393	adk(18)	fumC(106)	gyrB(17)	icd(6)	mdh(5)	purA(5)	recA(4)
data/genomes/562.23438.fna.gz	ecoli_achtman_4	5363	adk(10)	fumC(672)	gyrB(4)	icd(8)	mdh(8)	purA(8)	recA(2)
data/genomes/562.23636.fna.gz	ecoli_achtman_4	58	adk(6)	fumC(4)	gyrB(4)	icd(16)	mdh(24)	purA(8)	recA(14)
data/genomes/562.23537.fna.gz	ecoli_achtman_4	141	adk(13)	fumC(52)	gyrB(10)	icd(14)	mdh(17)	purA(25)	recA(17)
data/genomes/562.23587.fna.gz	ecoli_achtman_4	144	adk(13)	fumC(43)	gyrB(9)	icd(36)	mdh(30)	purA(44)	recA(25)
data/genomes/562.29139.fna.gz	ecoli_achtman_4	131	adk(53)	fumC(40)	gyrB(47)	icd(13)	mdh(36)	purA(28)	recA(29)
data/genomes/562.23487.fna.gz	ecoli_achtman_4	131	adk(53)	fumC(40)	gyrB(47)	icd(13)	mdh(36)	purA(28)	recA(29)
data/genomes/562.23439.fna.gz	ecoli_achtman_4	1459	adk(38)	fumC(39)	gyrB(9)	icd(13)	mdh(17)	purA(44)	recA(26)
data/genomes/562.23637.fna.gz	ecoli_achtman_4	73	adk(36)	fumC(24)	gyrB(9)	icd(13)	mdh(17)	purA(11)	recA(25)
data/genomes/562.23538.fna.gz	ecoli_achtman_4	69	adk(21)	fumC(35)	gyrB(27)	icd(6)	mdh(5)	purA(5)	recA(4)
data/genomes/562.30349.fna.gz	ecoli_achtman_4	648	adk(92)	fumC(4)	gyrB(87)	icd(96)	mdh(70)	purA(58)	recA(2)
data/genomes/562.23488.fna.gz	ecoli_achtman_4	131	adk(53)	fumC(40)	gyrB(47)	icd(13)	mdh(36)	purA(28)	recA(29)
data/genomes/562.23588.fna.gz	ecoli_achtman_4	12	adk(13)	fumC(13)	gyrB(9)	icd(13)	mdh(16)	purA(10)	recA(9)
data/genomes/562.23440.fna.gz	ecoli_achtman_4	69	adk(21)	fumC(35)	gyrB(27)	icd(6)	mdh(5)	purA(5)	recA(4)
data/genomes/562.23638.fna.gz	ecoli_achtman_4	141	adk(13)	fumC(52)	gyrB(10)	icd(14)	mdh(17)	purA(25)	recA(17)
data/genomes/562.23539.fna.gz	ecoli_achtman_4	131	adk(53)	fumC(40)	gyrB(47)	icd(13)	mdh(36)	purA(28)	recA(29)
data/genomes/562.23489.fna.gz	ecoli_achtman_4	73	adk(36)	fumC(24)	gyrB(9)	icd(13)	mdh(17)	purA(11)	recA(25)
data/genomes/562.23589.fna.gz	ecoli_achtman_4	657	adk(20)	fumC(45)	gyrB(41)	icd(43)	mdh(5)	purA(50)	recA(46)
data/genomes/562.30362.fna.gz	ecoli_achtman_4	4	adk(6)	fumC(5)	gyrB(4)	icd(8)	mdh(8)	purA(8)	recA(2)
data/genomes/562.23441.fna.gz	ecoli_achtman_4	394	adk(21)	fumC(35)	gyrB(61)	icd(52)	mdh(5)	purA(5)	recA(4)
data/genomes/562.23639.fna.gz	ecoli_achtman_4	69	adk(21)	fumC(35)	gyrB(27)	icd(6)	mdh(5)	purA(5)	recA(4)
data/genomes/562.23540.fna.gz	ecoli_achtman_4	5604	adk(13)	fumC(718)	gyrB(9)	icd(13)	mdh(16)	purA(10)	recA(9)
data/genomes/562.23490.fna.gz	ecoli_achtman_4	348	adk(6)	fumC(29)	gyrB(32)	icd(16)	mdh(11)	purA(8)	recA(14)
data/genomes/562.30434.fna.gz	ecoli_achtman_4	156	adk(6)	fumC(29)	gyrB(32)	icd(16)	mdh(11)	purA(8)	recA(44)
data/genomes/562.23590.fna.gz	ecoli_achtman_4	14	adk(14)	fumC(14)	gyrB(10)	icd(14)	mdh(17)	purA(7)	recA(10)
data/genomes/562.23442.fna.gz	ecoli_achtman_4	73	adk(36)	fumC(24)	gyrB(9)	icd(13)	mdh(17)	purA(11)	recA(25)
data/genomes/562.23640.fna.gz	ecoli_achtman_4	5491	adk(6)	fumC(4)	gyrB(460)	icd(1)	mdh(20)	purA(18)	recA(7)
data/genomes/562.23541.fna.gz	ecoli_achtman_4	62	adk(28)	fumC(33)	gyrB(25)	icd(29)	mdh(7)	purA(11)	recA(24)
data/genomes/562.23491.fna.gz	ecoli_achtman_4	88	adk(6)	fumC(4)	gyrB(12)	icd(1)	mdh(20)	purA(12)	recA(7)
data/genomes/562.30435.fna.gz	ecoli_achtman_4	131	adk(53)	fumC(40)	gyrB(47)	icd(13)	mdh(36)	purA(28)	recA(29)
data/genomes/562.23591.fna.gz	ecoli_achtman_4	540	adk(6)	fumC(7)	gyrB(57)	icd(1)	mdh(8)	purA(8)	recA(2)
data/genomes/562.23443.fna.gz	ecoli_achtman_4	641	adk(9)	fumC(6)	gyrB(33)	icd(131)	mdh(24)	purA(8)	recA(7)
data/genomes/562.23641.fna.gz	ecoli_achtman_4	415	adk(27)	fumC(112)	gyrB(24)	icd(29)	mdh(26)	purA(19)	recA(22)
data/genomes/562.23542.fna.gz	ecoli_achtman_4	131	adk(53)	fumC(40)	gyrB(47)	icd(13)	mdh(36)	purA(28)	recA(29)
data/genomes/562.23492.fna.gz	ecoli_achtman_4	5360	adk(450)	fumC(38)	gyrB(19)	icd(37)	mdh(17)	purA(11)	recA(26)
data/genomes/562.31449.fna.gz	ecoli_achtman_4	617	adk(10)	fumC(11)	gyrB(4)	icd(8)	mdh(8)	purA(13)	recA(73)
data/genomes/562.23592.fna.gz	ecoli_achtman_4	540	adk(6)	fumC(7)	gyrB(57)	icd(1)	mdh(8)	purA(8)	recA(2)
data/genomes/562.23444.fna.gz	ecoli_achtman_4	95	adk(37)	fumC(38)	gyrB(19)	icd(37)	mdh(17)	purA(11)	recA(26)
data/genomes/562.23642.fna.gz	ecoli_achtman_4	131	adk(53)	fumC(40)	gyrB(47)	icd(13)	mdh(36)	purA(28)	recA(29)
data/genomes/562.23543.fna.gz	ecoli_achtman_4	38	adk(4)	fumC(26)	gyrB(2)	icd(25)	mdh(5)	purA(5)	recA(19)
data/genomes/562.23493.fna.gz	ecoli_achtman_4	131	adk(53)	fumC(40)	gyrB(47)	icd(13)	mdh(36)	purA(28)	recA(29)
data/genomes/562.31450.fna.gz	ecoli_achtman_4	167	adk(10)	fumC(11)	gyrB(4)	icd(8)	mdh(8)	purA(13)	recA(2)
data/genomes/562.23593.fna.gz	ecoli_achtman_4	131	adk(53)	fumC(40)	gyrB(47)	icd(13)	mdh(36)	purA(28)	recA(29)
data/genomes/562.23445.fna.gz	ecoli_achtman_4	95	adk(37)	fumC(38)	gyrB(19)	icd(37)	mdh(17)	purA(11)	recA(26)
data/genomes/562.23643.fna.gz	ecoli_achtman_4	73	adk(36)	fumC(24)	gyrB(9)	icd(13)	mdh(17)	purA(11)	recA(25)
data/genomes/562.23544.fna.gz	ecoli_achtman_4	12	adk(13)	fumC(13)	gyrB(9)	icd(13)	mdh(16)	purA(10)	recA(9)
data/genomes/562.23494.fna.gz	ecoli_achtman_4	405	adk(35)	fumC(37)	gyrB(29)	icd(25)	mdh(4)	purA(5)	recA(73)
data/genomes/562.31451.fna.gz	ecoli_achtman_4	617	adk(10)	fumC(11)	gyrB(4)	icd(8)	mdh(8)	purA(13)	recA(73)
data/genomes/562.23594.fna.gz	ecoli_achtman_4	38	adk(4)	fumC(26)	gyrB(2)	icd(25)	mdh(5)	purA(5)	recA(19)
data/genomes/562.23446.fna.gz	ecoli_achtman_4	80	adk(13)	fumC(24)	gyrB(19)	icd(14)	mdh(23)	purA(1)	recA(10)
data/genomes/562.23644.fna.gz	ecoli_achtman_4	131	adk(53)	fumC(40)	gyrB(47)	icd(13)	mdh(36)	purA(28)	recA(29)
data/genomes/562.23545.fna.gz	ecoli_achtman_4	12	adk(13)	fumC(13)	gyrB(9)	icd(13)	mdh(16)	purA(10)	recA(9)
data/genomes/562.31452.fna.gz	ecoli_achtman_4	167	adk(10)	fumC(11)	gyrB(4)	icd(8)	mdh(8)	purA(13)	recA(2)
data/genomes/562.23495.fna.gz	ecoli_achtman_4	14	adk(14)	fumC(14)	gyrB(10)	icd(14)	mdh(17)	purA(7)	recA(10)
data/genomes/562.23595.fna.gz	ecoli_achtman_4	405	adk(35)	fumC(37)	gyrB(29)	icd(25)	mdh(4)	purA(5)	recA(73)
data/genomes/562.23645.fna.gz	ecoli_achtman_4	393	adk(18)	fumC(106)	gyrB(17)	icd(6)	mdh(5)	purA(5)	recA(4)
data/genomes/562.23447.fna.gz	ecoli_achtman_4	648	adk(92)	fumC(4)	gyrB(87)	icd(96)	mdh(70)	purA(58)	recA(2)
data/genomes/562.23546.fna.gz	ecoli_achtman_4	73	adk(36)	fumC(24)	gyrB(9)	icd(13)	mdh(17)	purA(11)	recA(25)
data/genomes/562.31454.fna.gz	ecoli_achtman_4	942	adk(6)	fumC(4)	gyrB(3)	icd(16)	mdh(9)	purA(8)	recA(6)
data/genomes/562.23496.fna.gz	ecoli_achtman_4	95	adk(37)	fumC(38)	gyrB(19)	icd(37)	mdh(17)	purA(11)	recA(26)
data/genomes/562.23596.fna.gz	ecoli_achtman_4	127	adk(13)	fumC(14)	gyrB(19)	icd(36)	mdh(23)	purA(11)	recA(10)
data/genomes/562.23646.fna.gz	ecoli_achtman_4	131	adk(53)	fumC(40)	gyrB(47)	icd(13)	mdh(36)	purA(28)	recA(29)
data/genomes/562.23448.fna.gz	ecoli_achtman_4	38	adk(4)	fumC(26)	gyrB(2)	icd(25)	mdh(5)	purA(5)	recA(19)
data/genomes/562.23547.fna.gz	ecoli_achtman_4	144	adk(13)	fumC(43)	gyrB(9)	icd(36)	mdh(30)	purA(44)	recA(25)
data/genomes/562.31457.fna.gz	ecoli_achtman_4	1284	adk(10)	fumC(4)	gyrB(4)	icd(8)	mdh(8)	purA(13)	recA(73)
data/genomes/562.23497.fna.gz	ecoli_achtman_4	115	adk(4)	fumC(26)	gyrB(39)	icd(25)	mdh(5)	purA(31)	recA(19)
data/genomes/562.23597.fna.gz	ecoli_achtman_4	73	adk(36)	fumC(24)	gyrB(9)	icd(13)	mdh(17)	purA(11)	recA(25)
data/genomes/562.23647.fna.gz	ecoli_achtman_4	95	adk(37)	fumC(38)	gyrB(19)	icd(37)	mdh(17)	purA(11)	recA(26)
data/genomes/562.23449.fna.gz	ecoli_achtman_4	416	adk(37)	fumC(110)	gyrB(19)	icd(37)	mdh(17)	purA(11)	recA(26)
data/genomes/562.23548.fna.gz	ecoli_achtman_4	73	adk(36)	fumC(24)	gyrB(9)	icd(13)	mdh(17)	purA(11)	recA(25)
data/genomes/562.31458.fna.gz	ecoli_achtman_4	361	adk(10)	fumC(99)	gyrB(5)	icd(91)	mdh(8)	purA(7)	recA(2)
data/genomes/562.23498.fna.gz	ecoli_achtman_4	73	adk(36)	fumC(24)	gyrB(9)	icd(13)	mdh(17)	purA(11)	recA(25)
data/genomes/562.23598.fna.gz	ecoli_achtman_4	73	adk(36)	fumC(24)	gyrB(9)	icd(13)	mdh(17)	purA(11)	recA(25)
data/genomes/562.23648.fna.gz	ecoli_achtman_4	69	adk(21)	fumC(35)	gyrB(27)	icd(6)	mdh(5)	purA(5)	recA(4)
data/genomes/562.23549.fna.gz	ecoli_achtman_4	127	adk(13)	fumC(14)	gyrB(19)	icd(36)	mdh(23)	purA(11)	recA(10)
data/genomes/562.23450.fna.gz	ecoli_achtman_4	405	adk(35)	fumC(37)	gyrB(29)	icd(25)	mdh(4)	purA(5)	recA(73)
data/genomes/562.23499.fna.gz	ecoli_achtman_4	648	adk(92)	fumC(4)	gyrB(87)	icd(96)	mdh(70)	purA(58)	recA(2)
data/genomes/562.31459.fna.gz	ecoli_achtman_4	504	adk(76)	fumC(43)	gyrB(9)	icd(36)	mdh(17)	purA(14)	recA(10)
data/genomes/562.23599.fna.gz	ecoli_achtman_4	73	adk(36)	fumC(24)	gyrB(9)	icd(13)	mdh(17)	purA(11)	recA(25)
data/genomes/562.23649.fna.gz	ecoli_achtman_4	59	adk(27)	fumC(32)	gyrB(24)	icd(29)	mdh(26)	purA(19)	recA(22)
data/genomes/562.23550.fna.gz	ecoli_achtman_4	405	adk(35)	fumC(37)	gyrB(29)	icd(25)	mdh(4)	purA(5)	recA(73)
data/genomes/562.23451.fna.gz	ecoli_achtman_4	131	adk(53)	fumC(40)	gyrB(47)	icd(13)	mdh(36)	purA(28)	recA(29)
data/genomes/562.31460.fna.gz	ecoli_achtman_4	224	adk(6)	fumC(4)	gyrB(33)	icd(16)	mdh(11)	purA(8)	recA(6)
data/genomes/562.23500.fna.gz	ecoli_achtman_4	14	adk(14)	fumC(14)	gyrB(10)	icd(14)	mdh(17)	purA(7)	recA(10)
data/genomes/562.23650.fna.gz	ecoli_achtman_4	141	adk(13)	fumC(52)	gyrB(10)	icd(14)	mdh(17)	purA(25)	recA(17)
data/genomes/562.23600.fna.gz	ecoli_achtman_4	69	adk(21)	fumC(35)	gyrB(27)	icd(6)	mdh(5)	purA(5)	recA(4)
data/genomes/562.23551.fna.gz	ecoli_achtman_4	131	adk(53)	fumC(40)	gyrB(47)	icd(13)	mdh(36)	purA(28)	recA(29)
data/genomes/562.23452.fna.gz	ecoli_achtman_4	10	adk(10)	fumC(11)	gyrB(4)	icd(8)	mdh(8)	purA(8)	recA(2)
data/genomes/562.31462.fna.gz	ecoli_achtman_4	355	adk(36)	fumC(24)	gyrB(10)	icd(13)	mdh(17)	purA(10)	recA(25)
data/genomes/562.23501.fna.gz	ecoli_achtman_4	131	adk(53)	fumC(40)	gyrB(47)	icd(13)	mdh(36)	purA(28)	recA(29)
data/genomes/562.23651.fna.gz	ecoli_achtman_4	14	adk(14)	fumC(14)	gyrB(10)	icd(14)	mdh(17)	purA(7)	recA(10)
data/genomes/562.23601.fna.gz	ecoli_achtman_4	405	adk(35)	fumC(37)	gyrB(29)	icd(25)	mdh(4)	purA(5)	recA(73)
data/genomes/562.23552.fna.gz	ecoli_achtman_4	1231	adk(37)	fumC(38)	gyrB(19)	icd(37)	mdh(151)	purA(11)	recA(26)
data/genomes/562.31463.fna.gz	ecoli_achtman_4	410	adk(6)	fumC(4)	gyrB(12)	icd(1)	mdh(20)	purA(18)	recA(7)
data/genomes/562.23502.fna.gz	ecoli_achtman_4	73	adk(36)	fumC(24)	gyrB(9)	icd(13)	mdh(17)	purA(11)	recA(25)
data/genomes/562.23453.fna.gz	ecoli_achtman_4	5614	adk(6)	fumC(6)	gyrB(5)	icd(16)	mdh(11)	purA(26)	recA(6)
data/genomes/562.23652.fna.gz	ecoli_achtman_4	415	adk(27)	fumC(112)	gyrB(24)	icd(29)	mdh(26)	purA(19)	recA(22)
data/genomes/562.23602.fna.gz	ecoli_achtman_4	73	adk(36)	fumC(24)	gyrB(9)	icd(13)	mdh(17)	purA(11)	recA(25)
data/genomes/562.23553.fna.gz	ecoli_achtman_4	393	adk(18)	fumC(106)	gyrB(17)	icd(6)	mdh(5)	purA(5)	recA(4)
data/genomes/562.31464.fna.gz	ecoli_achtman_4	2332	adk(274)	fumC(4)	gyrB(96)	icd(1)	mdh(24)	purA(8)	recA(6)
data/genomes/562.23503.fna.gz	ecoli_achtman_4	69	adk(21)	fumC(35)	gyrB(27)	icd(6)	mdh(5)	purA(5)	recA(4)
data/genomes/562.23454.fna.gz	ecoli_achtman_4	131	adk(53)	fumC(40)	gyrB(47)	icd(13)	mdh(36)	purA(28)	recA(29)
data/genomes/562.23653.fna.gz	ecoli_achtman_4	131	adk(53)	fumC(40)	gyrB(47)	icd(13)	mdh(36)	purA(28)	recA(29)
data/genomes/562.23603.fna.gz	ecoli_achtman_4	88	adk(6)	fumC(4)	gyrB(12)	icd(1)	mdh(20)	purA(12)	recA(7)
data/genomes/562.23554.fna.gz	ecoli_achtman_4	23	adk(6)	fumC(4)	gyrB(12)	icd(1)	mdh(20)	purA(13)	recA(7)
data/genomes/562.23504.fna.gz	ecoli_achtman_4	59	adk(27)	fumC(32)	gyrB(24)	icd(29)	mdh(26)	purA(19)	recA(22)
data/genomes/562.31465.fna.gz	ecoli_achtman_4	372	adk(88)	fumC(103)	gyrB(19)	icd(36)	mdh(23)	purA(44)	recA(26)
data/genomes/562.23455.fna.gz	ecoli_achtman_4	998	adk(13)	fumC(52)	gyrB(156)	icd(14)	mdh(17)	purA(25)	recA(17)
data/genomes/562.23604.fna.gz	ecoli_achtman_4	80	adk(13)	fumC(24)	gyrB(19)	icd(14)	mdh(23)	purA(1)	recA(10)
data/genomes/562.23654.fna.gz	ecoli_achtman_4	404	adk(14)	fumC(14)	gyrB(10)	icd(14)	mdh(17)	purA(7)	recA(74)
data/genomes/562.23555.fna.gz	ecoli_achtman_4	10	adk(10)	fumC(11)	gyrB(4)	icd(8)	mdh(8)	purA(8)	recA(2)
data/genomes/562.23505.fna.gz	ecoli_achtman_4	131	adk(53)	fumC(40)	gyrB(47)	icd(13)	mdh(36)	purA(28)	recA(29)
data/genomes/562.23456.fna.gz	ecoli_achtman_4	131	adk(53)	fumC(40)	gyrB(47)	icd(13)	mdh(36)	purA(28)	recA(29)
data/genomes/562.31466.fna.gz	ecoli_achtman_4	4959	adk(10)	fumC(11)	gyrB(57)	icd(8)	mdh(384)	purA(18)	recA(6)
data/genomes/562.23605.fna.gz	ecoli_achtman_4	95	adk(37)	fumC(38)	gyrB(19)	icd(37)	mdh(17)	purA(11)	recA(26)
data/genomes/562.23655.fna.gz	ecoli_achtman_4	104	adk(13)	fumC(24)	gyrB(9)	icd(13)	mdh(17)	purA(11)	recA(25)
data/genomes/562.23556.fna.gz	ecoli_achtman_4	73	adk(36)	fumC(24)	gyrB(9)	icd(13)	mdh(17)	purA(11)	recA(25)
data/genomes/562.23506.fna.gz	ecoli_achtman_4	95	adk(37)	fumC(38)	gyrB(19)	icd(37)	mdh(17)	purA(11)	recA(26)
data/genomes/562.33280.fna.gz	ecoli_achtman_4	973	adk(154)	fumC(187)	gyrB(22)	icd(52)	mdh(130)	purA(129)	recA(4)
data/genomes/562.23457.fna.gz	ecoli_achtman_4	131	adk(53)	fumC(40)	gyrB(47)	icd(13)	mdh(36)	purA(28)	recA(29)
data/genomes/562.23606.fna.gz	ecoli_achtman_4	162	adk(9)	fumC(65)	gyrB(5)	icd(1)	mdh(9)	purA(13)	recA(6)
data/genomes/562.23656.fna.gz	ecoli_achtman_4	12	adk(13)	fumC(13)	gyrB(9)	icd(13)	mdh(16)	purA(10)	recA(9)
data/genomes/562.23557.fna.gz	ecoli_achtman_4	538	adk(13)	fumC(40)	gyrB(19)	icd(13)	mdh(36)	purA(28)	recA(30)
data/genomes/562.23507.fna.gz	ecoli_achtman_4	393	adk(18)	fumC(106)	gyrB(17)	icd(6)	mdh(5)	purA(5)	recA(4)
data/genomes/562.33281.fna.gz	ecoli_achtman_4	167	adk(10)	fumC(11)	gyrB(4)	icd(8)	mdh(8)	purA(13)	recA(2)
data/genomes/562.23458.fna.gz	ecoli_achtman_4	131	adk(53)	fumC(40)	gyrB(47)	icd(13)	mdh(36)	purA(28)	recA(29)
data/genomes/562.23607.fna.gz	ecoli_achtman_4	10	adk(10)	fumC(11)	gyrB(4)	icd(8)	mdh(8)	purA(8)	recA(2)
data/genomes/562.23657.fna.gz	ecoli_achtman_4	12	adk(13)	fumC(13)	gyrB(9)	icd(13)	mdh(16)	purA(10)	recA(9)
data/genomes/562.23558.fna.gz	ecoli_achtman_4	131	adk(53)	fumC(40)	gyrB(47)	icd(13)	mdh(36)	purA(28)	recA(29)
data/genomes/562.34085.fna.gz	ecoli_achtman_4	131	adk(53)	fumC(40)	gyrB(47)	icd(13)	mdh(36)	purA(28)	recA(29)
data/genomes/562.23508.fna.gz	ecoli_achtman_4	131	adk(53)	fumC(40)	gyrB(47)	icd(13)	mdh(36)	purA(28)	recA(29)
data/genomes/562.23459.fna.gz	ecoli_achtman_4	73	adk(36)	fumC(24)	gyrB(9)	icd(13)	mdh(17)	purA(11)	recA(25)
data/genomes/562.23608.fna.gz	ecoli_achtman_4	88	adk(6)	fumC(4)	gyrB(12)	icd(1)	mdh(20)	purA(12)	recA(7)
data/genomes/562.23658.fna.gz	ecoli_achtman_4	38	adk(4)	fumC(26)	gyrB(2)	icd(25)	mdh(5)	purA(5)	recA(19)
data/genomes/562.23559.fna.gz	ecoli_achtman_4	62	adk(28)	fumC(33)	gyrB(25)	icd(29)	mdh(7)	purA(11)	recA(24)
data/genomes/562.34086.fna.gz	ecoli_achtman_4	62	adk(28)	fumC(33)	gyrB(25)	icd(29)	mdh(7)	purA(11)	recA(24)
data/genomes/562.23509.fna.gz	ecoli_achtman_4	131	adk(53)	fumC(40)	gyrB(47)	icd(13)	mdh(36)	purA(28)	recA(29)
data/genomes/562.23460.fna.gz	ecoli_achtman_4	95	adk(37)	fumC(38)	gyrB(19)	icd(37)	mdh(17)	purA(11)	recA(26)
data/genomes/562.23609.fna.gz	ecoli_achtman_4	73	adk(36)	fumC(24)	gyrB(9)	icd(13)	mdh(17)	purA(11)	recA(25)
data/genomes/562.23790.fna.gz	ecoli_achtman_4	88	adk(6)	fumC(4)	gyrB(12)	icd(1)	mdh(20)	purA(12)	recA(7)
data/genomes/562.23560.fna.gz	ecoli_achtman_4	73	adk(36)	fumC(24)	gyrB(9)	icd(13)	mdh(17)	purA(11)	recA(25)
data/genomes/562.34088.fna.gz	ecoli_achtman_4	405	adk(35)	fumC(37)	gyrB(29)	icd(25)	mdh(4)	purA(5)	recA(73)
data/genomes/562.23510.fna.gz	ecoli_achtman_4	10	adk(10)	fumC(11)	gyrB(4)	icd(8)	mdh(8)	purA(8)	recA(2)
data/genomes/562.23461.fna.gz	ecoli_achtman_4	131	adk(53)	fumC(40)	gyrB(47)	icd(13)	mdh(36)	purA(28)	recA(29)
data/genomes/562.23610.fna.gz	ecoli_achtman_4	131	adk(53)	fumC(40)	gyrB(47)	icd(13)	mdh(36)	purA(28)	recA(29)
data/genomes/562.23791.fna.gz	ecoli_achtman_4	131	adk(53)	fumC(40)	gyrB(47)	icd(13)	mdh(36)	purA(28)	recA(29)
data/genomes/562.23561.fna.gz	ecoli_achtman_4	73	adk(36)	fumC(24)	gyrB(9)	icd(13)	mdh(17)	purA(11)	recA(25)
data/genomes/562.34089.fna.gz	ecoli_achtman_4	131	adk(53)	fumC(40)	gyrB(47)	icd(13)	mdh(36)	purA(28)	recA(29)
data/genomes/562.23511.fna.gz	ecoli_achtman_4	10	adk(10)	fumC(11)	gyrB(4)	icd(8)	mdh(8)	purA(8)	recA(2)
data/genomes/562.23792.fna.gz	ecoli_achtman_4	131	adk(53)	fumC(40)	gyrB(47)	icd(13)	mdh(36)	purA(28)	recA(29)
data/genomes/562.23611.fna.gz	ecoli_achtman_4	59	adk(27)	fumC(32)	gyrB(24)	icd(29)	mdh(26)	purA(19)	recA(22)
data/genomes/562.23462.fna.gz	ecoli_achtman_4	393	adk(18)	fumC(106)	gyrB(17)	icd(6)	mdh(5)	purA(5)	recA(4)
data/genomes/562.23562.fna.gz	ecoli_achtman_4	393	adk(18)	fumC(106)	gyrB(17)	icd(6)	mdh(5)	purA(5)	recA(4)
data/genomes/562.37106.fna.gz	ecoli_achtman_4	73	adk(36)	fumC(24)	gyrB(9)	icd(13)	mdh(17)	purA(11)	recA(25)
data/genomes/562.23512.fna.gz	ecoli_achtman_4	95	adk(37)	fumC(38)	gyrB(19)	icd(37)	mdh(17)	purA(11)	recA(26)
data/genomes/562.23612.fna.gz	ecoli_achtman_4	69	adk(21)	fumC(35)	gyrB(27)	icd(6)	mdh(5)	purA(5)	recA(4)
data/genomes/562.23563.fna.gz	ecoli_achtman_4	73	adk(36)	fumC(24)	gyrB(9)	icd(13)	mdh(17)	purA(11)	recA(25)
data/genomes/562.23463.fna.gz	ecoli_achtman_4	131	adk(53)	fumC(40)	gyrB(47)	icd(13)	mdh(36)	purA(28)	recA(29)
data/genomes/562.23854.fna.gz	ecoli_achtman_4	69	adk(21)	fumC(35)	gyrB(27)	icd(6)	mdh(5)	purA(5)	recA(4)
data/genomes/562.37108.fna.gz	ecoli_achtman_4	405	adk(35)	fumC(37)	gyrB(29)	icd(25)	mdh(4)	purA(5)	recA(73)
data/genomes/562.23513.fna.gz	ecoli_achtman_4	73	adk(36)	fumC(24)	gyrB(9)	icd(13)	mdh(17)	purA(11)	recA(25)
data/genomes/562.23613.fna.gz	ecoli_achtman_4	5328	adk(13)	fumC(24)	gyrB(84)	icd(13)	mdh(17)	purA(30)	recA(34)
data/genomes/562.23564.fna.gz	ecoli_achtman_4	95	adk(37)	fumC(38)	gyrB(19)	icd(37)	mdh(17)	purA(11)	recA(26)
data/genomes/562.37112.fna.gz	ecoli_achtman_4	156	adk(6)	fumC(29)	gyrB(32)	icd(16)	mdh(11)	purA(8)	recA(44)
data/genomes/562.23866.fna.gz	ecoli_achtman_4	69	adk(21)	fumC(35)	gyrB(27)	icd(6)	mdh(5)	purA(5)	recA(4)
data/genomes/562.37109.fna.gz	ecoli_achtman_4	226	adk(10)	fumC(27)	gyrB(5)	icd(8)	mdh(8)	purA(7)	recA(2)
data/genomes/562.23514.fna.gz	ecoli_achtman_4	93	adk(6)	fumC(11)	gyrB(4)	icd(10)	mdh(7)	purA(8)	recA(6)
data/genomes/562.23614.fna.gz	ecoli_achtman_4	676	adk(13)	fumC(38)	gyrB(19)	icd(13)	mdh(30)	purA(10)	recA(29)
data/genomes/562.42634.fna.gz	ecoli_achtman_4	131	adk(53)	fumC(40)	gyrB(47)	icd(13)	mdh(36)	purA(28)	recA(29)
data/genomes/562.42685.fna.gz	ecoli_achtman_4	617	adk(10)	fumC(11)	gyrB(4)	icd(8)	mdh(8)	purA(13)	recA(73)
data/genomes/562.23867.fna.gz	ecoli_achtman_4	421	adk(37)	fumC(38)	gyrB(19)	icd(37)	mdh(17)	purA(8)	recA(26)
data/genomes/562.37111.fna.gz	ecoli_achtman_4	226	adk(10)	fumC(27)	gyrB(5)	icd(8)	mdh(8)	purA(7)	recA(2)
data/genomes/562.42737.fna.gz	ecoli_achtman_4	648	adk(92)	fumC(4)	gyrB(87)	icd(96)	mdh(70)	purA(58)	recA(2)
data/genomes/562.42791.fna.gz	ecoli_achtman_4	131	adk(53)	fumC(40)	gyrB(47)	icd(13)	mdh(36)	purA(28)	recA(29)
data/genomes/562.42686.fna.gz	ecoli_achtman_4	167	adk(10)	fumC(11)	gyrB(4)	icd(8)	mdh(8)	purA(13)	recA(2)
data/genomes/562.42635.fna.gz	ecoli_achtman_4	131	adk(53)	fumC(40)	gyrB(47)	icd(13)	mdh(36)	purA(28)	recA(29)
data/genomes/562.42844.fna.gz	ecoli_achtman_4	706	adk(88)	fumC(24)	gyrB(49)	icd(36)	mdh(17)	purA(11)	recA(91)
data/genomes/562.45602.fna.gz	ecoli_achtman_4	11412	adk(6)	fumC(1686)	gyrB(4)	icd(1)	mdh(20)	purA(13)	recA(7)
data/genomes/562.42738.fna.gz	ecoli_achtman_4	131	adk(53)	fumC(40)	gyrB(47)	icd(13)	mdh(36)	purA(28)	recA(29)
data/genomes/562.42792.fna.gz	ecoli_achtman_4	131	adk(53)	fumC(40)	gyrB(47)	icd(13)	mdh(36)	purA(28)	recA(29)
data/genomes/562.42636.fna.gz	ecoli_achtman_4	1193	adk(14)	fumC(14)	gyrB(10)	icd(200)	mdh(17)	purA(7)	recA(10)
data/genomes/562.42687.fna.gz	ecoli_achtman_4	167	adk(10)	fumC(11)	gyrB(4)	icd(8)	mdh(8)	purA(13)	recA(2)
data/genomes/562.42845.fna.gz	ecoli_achtman_4	12	adk(13)	fumC(13)	gyrB(9)	icd(13)	mdh(16)	purA(10)	recA(9)
data/genomes/562.45603.fna.gz	ecoli_achtman_4	155	adk(6)	fumC(4)	gyrB(14)	icd(16)	mdh(24)	purA(8)	recA(14)
data/genomes/562.42740.fna.gz	ecoli_achtman_4	648	adk(92)	fumC(4)	gyrB(87)	icd(96)	mdh(70)	purA(58)	recA(2)
data/genomes/562.42794.fna.gz	ecoli_achtman_4	155	adk(6)	fumC(4)	gyrB(14)	icd(16)	mdh(24)	purA(8)	recA(14)
data/genomes/562.42637.fna.gz	ecoli_achtman_4	131	adk(53)	fumC(40)	gyrB(47)	icd(13)	mdh(36)	purA(28)	recA(29)
data/genomes/562.42688.fna.gz	ecoli_achtman_4	3107	adk(10)	fumC(11)	gyrB(5)	icd(8)	mdh(7)	purA(219)	recA(2)
data/genomes/562.42846.fna.gz	ecoli_achtman_4	93	adk(6)	fumC(11)	gyrB(4)	icd(10)	mdh(7)	purA(8)	recA(6)
data/genomes/562.45605.fna.gz	ecoli_achtman_4	101	adk(43)	fumC(41)	gyrB(15)	icd(18)	mdh(11)	purA(7)	recA(6)
data/genomes/562.42741.fna.gz	ecoli_achtman_4	1193	adk(14)	fumC(14)	gyrB(10)	icd(200)	mdh(17)	purA(7)	recA(10)
data/genomes/562.42796.fna.gz	ecoli_achtman_4	131	adk(53)	fumC(40)	gyrB(47)	icd(13)	mdh(36)	purA(28)	recA(29)
data/genomes/562.42638.fna.gz	ecoli_achtman_4	131	adk(53)	fumC(40)	gyrB(47)	icd(13)	mdh(36)	purA(28)	recA(29)
data/genomes/562.42847.fna.gz	ecoli_achtman_4	131	adk(53)	fumC(40)	gyrB(47)	icd(13)	mdh(36)	purA(28)	recA(29)
data/genomes/562.42689.fna.gz	ecoli_achtman_4	648	adk(92)	fumC(4)	gyrB(87)	icd(96)	mdh(70)	purA(58)	recA(2)
data/genomes/562.45606.fna.gz	ecoli_achtman_4	10	adk(10)	fumC(11)	gyrB(4)	icd(8)	mdh(8)	purA(8)	recA(2)
data/genomes/562.42742.fna.gz	ecoli_achtman_4	38	adk(4)	fumC(26)	gyrB(2)	icd(25)	mdh(5)	purA(5)	recA(19)
data/genomes/562.42797.fna.gz	ecoli_achtman_4	131	adk(53)	fumC(40)	gyrB(47)	icd(13)	mdh(36)	purA(28)	recA(29)
data/genomes/562.42639.fna.gz	ecoli_achtman_4	205	adk(6)	fumC(23)	gyrB(15)	icd(16)	mdh(9)	purA(8)	recA(7)
data/genomes/562.42690.fna.gz	ecoli_achtman_4	224	adk(6)	fumC(4)	gyrB(33)	icd(16)	mdh(11)	purA(8)	recA(6)
data/genomes/562.42848.fna.gz	ecoli_achtman_4	1193	adk(14)	fumC(14)	gyrB(10)	icd(200)	mdh(17)	purA(7)	recA(10)
data/genomes/562.45607.fna.gz	ecoli_achtman_4	453	adk(99)	fumC(6)	gyrB(33)	icd(33)	mdh(24)	purA(8)	recA(7)
data/genomes/562.42743.fna.gz	ecoli_achtman_4	38	adk(4)	fumC(26)	gyrB(2)	icd(25)	mdh(5)	purA(5)	recA(19)
data/genomes/562.42799.fna.gz	ecoli_achtman_4	131	adk(53)	fumC(40)	gyrB(47)	icd(13)	mdh(36)	purA(28)	recA(29)
data/genomes/562.42640.fna.gz	ecoli_achtman_4	131	adk(53)	fumC(40)	gyrB(47)	icd(13)	mdh(36)	purA(28)	recA(29)
data/genomes/562.42691.fna.gz	ecoli_achtman_4	69	adk(21)	fumC(35)	gyrB(27)	icd(6)	mdh(5)	purA(5)	recA(4)
data/genomes/562.42849.fna.gz	ecoli_achtman_4	131	adk(53)	fumC(40)	gyrB(47)	icd(13)	mdh(36)	purA(28)	recA(29)
data/genomes/562.45608.fna.gz	ecoli_achtman_4	2847	adk(6)	fumC(266)	gyrB(83)	icd(24)	mdh(1)	purA(1)	recA(2)
data/genomes/562.42744.fna.gz	ecoli_achtman_4	131	adk(53)	fumC(40)	gyrB(47)	icd(13)	mdh(36)	purA(28)	recA(29)
data/genomes/562.42641.fna.gz	ecoli_achtman_4	744	adk(10)	fumC(11)	gyrB(135)	icd(8)	mdh(8)	purA(8)	recA(2)
data/genomes/562.42800.fna.gz	ecoli_achtman_4	131	adk(53)	fumC(40)	gyrB(47)	icd(13)	mdh(36)	purA(28)	recA(29)
data/genomes/562.42692.fna.gz	ecoli_achtman_4	38	adk(4)	fumC(26)	gyrB(2)	icd(25)	mdh(5)	purA(5)	recA(19)
data/genomes/562.45609.fna.gz	ecoli_achtman_4	155	adk(6)	fumC(4)	gyrB(14)	icd(16)	mdh(24)	purA(8)	recA(14)
data/genomes/562.42850.fna.gz	ecoli_achtman_4	410	adk(6)	fumC(4)	gyrB(12)	icd(1)	mdh(20)	purA(18)	recA(7)
data/genomes/562.42746.fna.gz	ecoli_achtman_4	131	adk(53)	fumC(40)	gyrB(47)	icd(13)	mdh(36)	purA(28)	recA(29)
data/genomes/562.42642.fna.gz	ecoli_achtman_4	58	adk(6)	fumC(4)	gyrB(4)	icd(16)	mdh(24)	purA(8)	recA(14)
data/genomes/562.42801.fna.gz	ecoli_achtman_4	131	adk(53)	fumC(40)	gyrB(47)	icd(13)	mdh(36)	purA(28)	recA(29)
data/genomes/562.42693.fna.gz	ecoli_achtman_4	131	adk(53)	fumC(40)	gyrB(47)	icd(13)	mdh(36)	purA(28)	recA(29)
data/genomes/562.45611.fna.gz	ecoli_achtman_4	13232	adk(6)	fumC(4)	gyrB(1270)	icd(16)	mdh(24)	purA(8)	recA(14)
data/genomes/562.42851.fna.gz	ecoli_achtman_4	1386	adk(76)	fumC(13)	gyrB(19)	icd(13)	mdh(17)	purA(44)	recA(25)
data/genomes/562.42643.fna.gz	ecoli_achtman_4	491	adk(13)	fumC(39)	gyrB(19)	icd(36)	mdh(30)	purA(14)	recA(82)
data/genomes/562.42747.fna.gz	ecoli_achtman_4	131	adk(53)	fumC(40)	gyrB(47)	icd(13)	mdh(36)	purA(28)	recA(29)
data/genomes/562.42802.fna.gz	ecoli_achtman_4	131	adk(53)	fumC(40)	gyrB(47)	icd(13)	mdh(36)	purA(28)	recA(29)
data/genomes/562.42694.fna.gz	ecoli_achtman_4	131	adk(53)	fumC(40)	gyrB(47)	icd(13)	mdh(36)	purA(28)	recA(29)
data/genomes/562.45612.fna.gz	ecoli_achtman_4	212	adk(6)	fumC(29)	gyrB(4)	icd(18)	mdh(11)	purA(8)	recA(6)
data/genomes/562.42748.fna.gz	ecoli_achtman_4	7581	adk(203)	fumC(1044)	gyrB(27)	icd(232)	mdh(152)	purA(16)	recA(19)
data/genomes/562.42852.fna.gz	ecoli_achtman_4	131	adk(53)	fumC(40)	gyrB(47)	icd(13)	mdh(36)	purA(28)	recA(29)
data/genomes/562.42644.fna.gz	ecoli_achtman_4	131	adk(53)	fumC(40)	gyrB(47)	icd(13)	mdh(36)	purA(28)	recA(29)
data/genomes/562.42803.fna.gz	ecoli_achtman_4	131	adk(53)	fumC(40)	gyrB(47)	icd(13)	mdh(36)	purA(28)	recA(29)
data/genomes/562.42695.fna.gz	ecoli_achtman_4	131	adk(53)	fumC(40)	gyrB(47)	icd(13)	mdh(36)	purA(28)	recA(29)
data/genomes/562.45614.fna.gz	ecoli_achtman_4	155	adk(6)	fumC(4)	gyrB(14)	icd(16)	mdh(24)	purA(8)	recA(14)
data/genomes/562.42645.fna.gz	ecoli_achtman_4	131	adk(53)	fumC(40)	gyrB(47)	icd(13)	mdh(36)	purA(28)	recA(29)
data/genomes/562.42749.fna.gz	ecoli_achtman_4	131	adk(53)	fumC(40)	gyrB(47)	icd(13)	mdh(36)	purA(28)	recA(29)
data/genomes/562.42804.fna.gz	ecoli_achtman_4	131	adk(53)	fumC(40)	gyrB(47)	icd(13)	mdh(36)	purA(28)	recA(29)
data/genomes/562.42853.fna.gz	ecoli_achtman_4	131	adk(53)	fumC(40)	gyrB(47)	icd(13)	mdh(36)	purA(28)	recA(29)
data/genomes/562.42696.fna.gz	ecoli_achtman_4	131	adk(53)	fumC(40)	gyrB(47)	icd(13)	mdh(36)	purA(28)	recA(29)
data/genomes/562.45615.fna.gz	ecoli_achtman_4	11412	adk(6)	fumC(1686)	gyrB(4)	icd(1)	mdh(20)	purA(13)	recA(7)
data/genomes/562.42646.fna.gz	ecoli_achtman_4	10	adk(10)	fumC(11)	gyrB(4)	icd(8)	mdh(8)	purA(8)	recA(2)
data/genomes/562.42750.fna.gz	ecoli_achtman_4	131	adk(53)	fumC(40)	gyrB(47)	icd(13)	mdh(36)	purA(28)	recA(29)
data/genomes/562.42854.fna.gz	ecoli_achtman_4	410	adk(6)	fumC(4)	gyrB(12)	icd(1)	mdh(20)	purA(18)	recA(7)
data/genomes/562.42805.fna.gz	ecoli_achtman_4	131	adk(53)	fumC(40)	gyrB(47)	icd(13)	mdh(36)	purA(28)	recA(29)
data/genomes/562.42698.fna.gz	ecoli_achtman_4	131	adk(53)	fumC(40)	gyrB(47)	icd(13)	mdh(36)	purA(28)	recA(29)
data/genomes/562.45616.fna.gz	ecoli_achtman_4	11404	adk(6)	fumC(7)	gyrB(4)	icd(1)	mdh(20)	purA(13)	recA(7)
data/genomes/562.42647.fna.gz	ecoli_achtman_4	410	adk(6)	fumC(4)	gyrB(12)	icd(1)	mdh(20)	purA(18)	recA(7)
data/genomes/562.42751.fna.gz	ecoli_achtman_4	131	adk(53)	fumC(40)	gyrB(47)	icd(13)	mdh(36)	purA(28)	recA(29)
data/genomes/562.42855.fna.gz	ecoli_achtman_4	131	adk(53)	fumC(40)	gyrB(47)	icd(13)	mdh(36)	purA(28)	recA(29)
data/genomes/562.42806.fna.gz	ecoli_achtman_4	131	adk(53)	fumC(40)	gyrB(47)	icd(13)	mdh(36)	purA(28)	recA(29)
data/genomes/562.42699.fna.gz	ecoli_achtman_4	69	adk(21)	fumC(35)	gyrB(27)	icd(6)	mdh(5)	purA(5)	recA(4)
data/genomes/562.45617.fna.gz	ecoli_achtman_4	6743	adk(6)	fumC(29)	gyrB(3)	icd(16)	mdh(11)	purA(8)	recA(6)
data/genomes/562.42648.fna.gz	ecoli_achtman_4	6480	adk(14)	fumC(14)	gyrB(10)	icd(200)	mdh(17)	purA(489)	recA(10)
data/genomes/562.42752.fna.gz	ecoli_achtman_4	69	adk(21)	fumC(35)	gyrB(27)	icd(6)	mdh(5)	purA(5)	recA(4)
data/genomes/562.42856.fna.gz	ecoli_achtman_4	131	adk(53)	fumC(40)	gyrB(47)	icd(13)	mdh(36)	purA(28)	recA(29)
data/genomes/562.42700.fna.gz	ecoli_achtman_4	648	adk(92)	fumC(4)	gyrB(87)	icd(96)	mdh(70)	purA(58)	recA(2)
data/genomes/562.42807.fna.gz	ecoli_achtman_4	131	adk(53)	fumC(40)	gyrB(47)	icd(13)	mdh(36)	purA(28)	recA(29)
data/genomes/562.45618.fna.gz	ecoli_achtman_4	155	adk(6)	fumC(4)	gyrB(14)	icd(16)	mdh(24)	purA(8)	recA(14)
data/genomes/562.42857.fna.gz	ecoli_achtman_4	-	adk(-)	fumC(-)	gyrB(~311)	icd(-)	mdh(-)	purA(-)	recA(755?)
data/genomes/562.42649.fna.gz	ecoli_achtman_4	44	adk(10)	fumC(11)	gyrB(4)	icd(8)	mdh(8)	purA(8)	recA(7)
data/genomes/562.42753.fna.gz	ecoli_achtman_4	131	adk(53)	fumC(40)	gyrB(47)	icd(13)	mdh(36)	purA(28)	recA(29)
data/genomes/562.42808.fna.gz	ecoli_achtman_4	131	adk(53)	fumC(40)	gyrB(47)	icd(13)	mdh(36)	purA(28)	recA(29)
data/genomes/562.42701.fna.gz	ecoli_achtman_4	405	adk(35)	fumC(37)	gyrB(29)	icd(25)	mdh(4)	purA(5)	recA(73)
data/genomes/562.42858.fna.gz	ecoli_achtman_4	131	adk(53)	fumC(40)	gyrB(47)	icd(13)	mdh(36)	purA(28)	recA(29)
data/genomes/562.45619.fna.gz	ecoli_achtman_4	13234	adk(314)	fumC(4)	gyrB(14)	icd(16)	mdh(24)	purA(8)	recA(14)
data/genomes/562.42650.fna.gz	ecoli_achtman_4	131	adk(53)	fumC(40)	gyrB(47)	icd(13)	mdh(36)	purA(28)	recA(29)
data/genomes/562.42754.fna.gz	ecoli_achtman_4	38	adk(4)	fumC(26)	gyrB(2)	icd(25)	mdh(5)	purA(5)	recA(19)
data/genomes/562.42809.fna.gz	ecoli_achtman_4	131	adk(53)	fumC(40)	gyrB(47)	icd(13)	mdh(36)	purA(28)	recA(29)
data/genomes/562.42702.fna.gz	ecoli_achtman_4	131	adk(53)	fumC(40)	gyrB(47)	icd(13)	mdh(36)	purA(28)	recA(29)
data/genomes/562.45620.fna.gz	ecoli_achtman_4	131	adk(53)	fumC(40)	gyrB(47)	icd(13)	mdh(36)	purA(28)	recA(29)
data/genomes/562.42859.fna.gz	ecoli_achtman_4	131	adk(53)	fumC(40)	gyrB(47)	icd(13)	mdh(36)	purA(28)	recA(29)
data/genomes/562.42651.fna.gz	ecoli_achtman_4	405	adk(35)	fumC(37)	gyrB(29)	icd(25)	mdh(4)	purA(5)	recA(73)
data/genomes/562.42755.fna.gz	ecoli_achtman_4	131	adk(53)	fumC(40)	gyrB(47)	icd(13)	mdh(36)	purA(28)	recA(29)
data/genomes/562.42703.fna.gz	ecoli_achtman_4	38	adk(4)	fumC(26)	gyrB(2)	icd(25)	mdh(5)	purA(5)	recA(19)
data/genomes/562.42810.fna.gz	ecoli_achtman_4	131	adk(53)	fumC(40)	gyrB(47)	icd(13)	mdh(36)	purA(28)	recA(29)
data/genomes/562.42860.fna.gz	ecoli_achtman_4	68	adk(33)	fumC(26)	gyrB(2)	icd(31)	mdh(5)	purA(16)	recA(19)
data/genomes/562.45622.fna.gz	ecoli_achtman_4	350	adk(6)	fumC(31)	gyrB(83)	icd(28)	mdh(1)	purA(1)	recA(2)
data/genomes/562.42652.fna.gz	ecoli_achtman_4	131	adk(53)	fumC(40)	gyrB(47)	icd(13)	mdh(36)	purA(28)	recA(29)
data/genomes/562.42811.fna.gz	ecoli_achtman_4	485	adk(52)	fumC(116)	gyrB(55)	icd(101)	mdh(35)	purA(40)	recA(38)
data/genomes/562.42756.fna.gz	ecoli_achtman_4	131	adk(53)	fumC(40)	gyrB(47)	icd(13)	mdh(36)	purA(28)	recA(29)
data/genomes/562.42704.fna.gz	ecoli_achtman_4	131	adk(53)	fumC(40)	gyrB(47)	icd(13)	mdh(36)	purA(28)	recA(29)
data/genomes/562.45623.fna.gz	ecoli_achtman_4	23	adk(6)	fumC(4)	gyrB(12)	icd(1)	mdh(20)	purA(13)	recA(7)
data/genomes/562.42861.fna.gz	ecoli_achtman_4	131	adk(53)	fumC(40)	gyrB(47)	icd(13)	mdh(36)	purA(28)	recA(29)
data/genomes/562.42653.fna.gz	ecoli_achtman_4	131	adk(53)	fumC(40)	gyrB(47)	icd(13)	mdh(36)	purA(28)	recA(29)
data/genomes/562.42812.fna.gz	ecoli_achtman_4	131	adk(53)	fumC(40)	gyrB(47)	icd(13)	mdh(36)	purA(28)	recA(29)
data/genomes/562.42705.fna.gz	ecoli_achtman_4	38	adk(4)	fumC(26)	gyrB(2)	icd(25)	mdh(5)	purA(5)	recA(19)
data/genomes/562.42757.fna.gz	ecoli_achtman_4	297	adk(6)	fumC(65)	gyrB(32)	icd(26)	mdh(9)	purA(8)	recA(2)
data/genomes/562.45624.fna.gz	ecoli_achtman_4	3856	adk(10)	fumC(7)	gyrB(5)	icd(8)	mdh(8)	purA(8)	recA(2)
data/genomes/562.42654.fna.gz	ecoli_achtman_4	167	adk(10)	fumC(11)	gyrB(4)	icd(8)	mdh(8)	purA(13)	recA(2)
data/genomes/562.42862.fna.gz	ecoli_achtman_4	131	adk(53)	fumC(40)	gyrB(47)	icd(13)	mdh(36)	purA(28)	recA(29)
data/genomes/562.42758.fna.gz	ecoli_achtman_4	131	adk(53)	fumC(40)	gyrB(47)	icd(13)	mdh(36)	purA(28)	recA(29)
data/genomes/562.42813.fna.gz	ecoli_achtman_4	131	adk(53)	fumC(40)	gyrB(47)	icd(13)	mdh(36)	purA(28)	recA(29)
data/genomes/562.42706.fna.gz	ecoli_achtman_4	131	adk(53)	fumC(40)	gyrB(47)	icd(13)	mdh(36)	purA(28)	recA(29)
data/genomes/562.45625.fna.gz	ecoli_achtman_4	48	adk(6)	fumC(11)	gyrB(4)	icd(8)	mdh(8)	purA(8)	recA(2)
data/genomes/562.42655.fna.gz	ecoli_achtman_4	156	adk(6)	fumC(29)	gyrB(32)	icd(16)	mdh(11)	purA(8)	recA(44)
data/genomes/562.42863.fna.gz	ecoli_achtman_4	131	adk(53)	fumC(40)	gyrB(47)	icd(13)	mdh(36)	purA(28)	recA(29)
data/genomes/562.42761.fna.gz	ecoli_achtman_4	131	adk(53)	fumC(40)	gyrB(47)	icd(13)	mdh(36)	purA(28)	recA(29)
data/genomes/562.42814.fna.gz	ecoli_achtman_4	131	adk(53)	fumC(40)	gyrB(47)	icd(13)	mdh(36)	purA(28)	recA(29)
data/genomes/562.42707.fna.gz	ecoli_achtman_4	58	adk(6)	fumC(4)	gyrB(4)	icd(16)	mdh(24)	purA(8)	recA(14)
data/genomes/562.45626.fna.gz	ecoli_achtman_4	2847	adk(6)	fumC(266)	gyrB(83)	icd(24)	mdh(1)	purA(1)	recA(2)
data/genomes/562.42656.fna.gz	ecoli_achtman_4	2772	adk(6)	fumC(6)	gyrB(3)	icd(26)	mdh(7)	purA(8)	recA(6)
data/genomes/562.42864.fna.gz	ecoli_achtman_4	38	adk(4)	fumC(26)	gyrB(2)	icd(25)	mdh(5)	purA(5)	recA(19)
data/genomes/562.42815.fna.gz	ecoli_achtman_4	485	adk(52)	fumC(116)	gyrB(55)	icd(101)	mdh(35)	purA(40)	recA(38)
data/genomes/562.42762.fna.gz	ecoli_achtman_4	131	adk(53)	fumC(40)	gyrB(47)	icd(13)	mdh(36)	purA(28)	recA(29)
data/genomes/562.42708.fna.gz	ecoli_achtman_4	73	adk(36)	fumC(24)	gyrB(9)	icd(13)	mdh(17)	purA(11)	recA(25)
data/genomes/562.45627.fna.gz	ecoli_achtman_4	9512	adk(10)	fumC(929)	gyrB(4)	icd(8)	mdh(8)	purA(8)	recA(2)
data/genomes/562.42657.fna.gz	ecoli_achtman_4	156	adk(6)	fumC(29)	gyrB(32)	icd(16)	mdh(11)	purA(8)	recA(44)
data/genomes/562.42865.fna.gz	ecoli_achtman_4	131	adk(53)	fumC(40)	gyrB(47)	icd(13)	mdh(36)	purA(28)	recA(29)
data/genomes/562.42816.fna.gz	ecoli_achtman_4	10	adk(10)	fumC(11)	gyrB(4)	icd(8)	mdh(8)	purA(8)	recA(2)
data/genomes/562.42763.fna.gz	ecoli_achtman_4	3856	adk(10)	fumC(7)	gyrB(5)	icd(8)	mdh(8)	purA(8)	recA(2)
data/genomes/562.45628.fna.gz	ecoli_achtman_4	2852	adk(6)	fumC(65)	gyrB(5)	icd(1)	mdh(11)	purA(13)	recA(6)
data/genomes/562.42709.fna.gz	ecoli_achtman_4	131	adk(53)	fumC(40)	gyrB(47)	icd(13)	mdh(36)	purA(28)	recA(29)
data/genomes/562.42658.fna.gz	ecoli_achtman_4	361	adk(10)	fumC(99)	gyrB(5)	icd(91)	mdh(8)	purA(7)	recA(2)
data/genomes/562.42866.fna.gz	ecoli_achtman_4	405	adk(35)	fumC(37)	gyrB(29)	icd(25)	mdh(4)	purA(5)	recA(73)
data/genomes/562.42817.fna.gz	ecoli_achtman_4	131	adk(53)	fumC(40)	gyrB(47)	icd(13)	mdh(36)	purA(28)	recA(29)
data/genomes/562.42764.fna.gz	ecoli_achtman_4	744	adk(10)	fumC(11)	gyrB(135)	icd(8)	mdh(8)	purA(8)	recA(2)
data/genomes/562.45629.fna.gz	ecoli_achtman_4	354	adk(85)	fumC(88)	gyrB(78)	icd(29)	mdh(59)	purA(58)	recA(62)
data/genomes/562.42710.fna.gz	ecoli_achtman_4	410	adk(6)	fumC(4)	gyrB(12)	icd(1)	mdh(20)	purA(18)	recA(7)
data/genomes/562.42818.fna.gz	ecoli_achtman_4	-	adk(~850)	fumC(-)	gyrB(~354)	icd(~133)	mdh(495?)	purA(~453)	recA(~621)
data/genomes/562.42659.fna.gz	ecoli_achtman_4	131	adk(53)	fumC(40)	gyrB(47)	icd(13)	mdh(36)	purA(28)	recA(29)
data/genomes/562.42867.fna.gz	ecoli_achtman_4	131	adk(53)	fumC(40)	gyrB(47)	icd(13)	mdh(36)	purA(28)	recA(29)
data/genomes/562.42765.fna.gz	ecoli_achtman_4	131	adk(53)	fumC(40)	gyrB(47)	icd(13)	mdh(36)	purA(28)	recA(29)
data/genomes/562.45630.fna.gz	ecoli_achtman_4	2847	adk(6)	fumC(266)	gyrB(83)	icd(24)	mdh(1)	purA(1)	recA(2)
data/genomes/562.42819.fna.gz	ecoli_achtman_4	744	adk(10)	fumC(11)	gyrB(135)	icd(8)	mdh(8)	purA(8)	recA(2)
data/genomes/562.42711.fna.gz	ecoli_achtman_4	405	adk(35)	fumC(37)	gyrB(29)	icd(25)	mdh(4)	purA(5)	recA(73)
data/genomes/562.42660.fna.gz	ecoli_achtman_4	101	adk(43)	fumC(41)	gyrB(15)	icd(18)	mdh(11)	purA(7)	recA(6)
data/genomes/562.42868.fna.gz	ecoli_achtman_4	44	adk(10)	fumC(11)	gyrB(4)	icd(8)	mdh(8)	purA(8)	recA(7)
data/genomes/562.42766.fna.gz	ecoli_achtman_4	744	adk(10)	fumC(11)	gyrB(135)	icd(8)	mdh(8)	purA(8)	recA(2)
data/genomes/562.45631.fna.gz	ecoli_achtman_4	746	adk(10)	fumC(7)	gyrB(4)	icd(8)	mdh(12)	purA(8)	recA(2)
data/genomes/562.42820.fna.gz	ecoli_achtman_4	131	adk(53)	fumC(40)	gyrB(47)	icd(13)	mdh(36)	purA(28)	recA(29)
data/genomes/562.42712.fna.gz	ecoli_achtman_4	131	adk(53)	fumC(40)	gyrB(47)	icd(13)	mdh(36)	purA(28)	recA(29)
data/genomes/562.42661.fna.gz	ecoli_achtman_4	131	adk(53)	fumC(40)	gyrB(47)	icd(13)	mdh(36)	purA(28)	recA(29)
data/genomes/562.42869.fna.gz	ecoli_achtman_4	4	adk(6)	fumC(5)	gyrB(4)	icd(8)	mdh(8)	purA(8)	recA(2)
data/genomes/562.42767.fna.gz	ecoli_achtman_4	131	adk(53)	fumC(40)	gyrB(47)	icd(13)	mdh(36)	purA(28)	recA(29)
data/genomes/562.45632.fna.gz	ecoli_achtman_4	117	adk(20)	fumC(45)	gyrB(41)	icd(43)	mdh(5)	purA(32)	recA(2)
data/genomes/562.42821.fna.gz	ecoli_achtman_4	354	adk(85)	fumC(88)	gyrB(78)	icd(29)	mdh(59)	purA(58)	recA(62)
data/genomes/562.42713.fna.gz	ecoli_achtman_4	648	adk(92)	fumC(4)	gyrB(87)	icd(96)	mdh(70)	purA(58)	recA(2)
data/genomes/562.42663.fna.gz	ecoli_achtman_4	131	adk(53)	fumC(40)	gyrB(47)	icd(13)	mdh(36)	purA(28)	recA(29)
data/genomes/562.42870.fna.gz	ecoli_achtman_4	38	adk(4)	fumC(26)	gyrB(2)	icd(25)	mdh(5)	purA(5)	recA(19)
data/genomes/562.42768.fna.gz	ecoli_achtman_4	131	adk(53)	fumC(40)	gyrB(47)	icd(13)	mdh(36)	purA(28)	recA(29)
data/genomes/562.45633.fna.gz	ecoli_achtman_4	1724	adk(9)	fumC(29)	gyrB(12)	icd(26)	mdh(11)	purA(8)	recA(7)
data/genomes/562.42822.fna.gz	ecoli_achtman_4	410	adk(6)	fumC(4)	gyrB(12)	icd(1)	mdh(20)	purA(18)	recA(7)
data/genomes/562.42714.fna.gz	ecoli_achtman_4	38	adk(4)	fumC(26)	gyrB(2)	icd(25)	mdh(5)	purA(5)	recA(19)
data/genomes/562.42664.fna.gz	ecoli_achtman_4	648	adk(92)	fumC(4)	gyrB(87)	icd(96)	mdh(70)	purA(58)	recA(2)
data/genomes/562.42871.fna.gz	ecoli_achtman_4	1386	adk(76)	fumC(13)	gyrB(19)	icd(13)	mdh(17)	purA(44)	recA(25)
data/genomes/562.42769.fna.gz	ecoli_achtman_4	744	adk(10)	fumC(11)	gyrB(135)	icd(8)	mdh(8)	purA(8)	recA(2)
data/genomes/562.45634.fna.gz	ecoli_achtman_4	1324	adk(6)	fumC(29)	gyrB(178)	icd(18)	mdh(11)	purA(8)	recA(41)
data/genomes/562.42823.fna.gz	ecoli_achtman_4	131	adk(53)	fumC(40)	gyrB(47)	icd(13)	mdh(36)	purA(28)	recA(29)
data/genomes/562.42665.fna.gz	ecoli_achtman_4	90	adk(6)	fumC(4)	gyrB(12)	icd(1)	mdh(20)	purA(8)	recA(7)
data/genomes/562.42715.fna.gz	ecoli_achtman_4	131	adk(53)	fumC(40)	gyrB(47)	icd(13)	mdh(36)	purA(28)	recA(29)
data/genomes/562.42872.fna.gz	ecoli_achtman_4	354	adk(85)	fumC(88)	gyrB(78)	icd(29)	mdh(59)	purA(58)	recA(62)
data/genomes/562.42770.fna.gz	ecoli_achtman_4	10	adk(10)	fumC(11)	gyrB(4)	icd(8)	mdh(8)	purA(8)	recA(2)
data/genomes/562.45635.fna.gz	ecoli_achtman_4	93	adk(6)	fumC(11)	gyrB(4)	icd(10)	mdh(7)	purA(8)	recA(6)
data/genomes/562.42824.fna.gz	ecoli_achtman_4	361	adk(10)	fumC(99)	gyrB(5)	icd(91)	mdh(8)	purA(7)	recA(2)
data/genomes/562.42667.fna.gz	ecoli_achtman_4	131	adk(53)	fumC(40)	gyrB(47)	icd(13)	mdh(36)	purA(28)	recA(29)
data/genomes/562.42716.fna.gz	ecoli_achtman_4	636	adk(13)	fumC(108)	gyrB(10)	icd(97)	mdh(18)	purA(68)	recA(93)
data/genomes/562.42873.fna.gz	ecoli_achtman_4	131	adk(53)	fumC(40)	gyrB(47)	icd(13)	mdh(36)	purA(28)	recA(29)
data/genomes/562.42771.fna.gz	ecoli_achtman_4	744	adk(10)	fumC(11)	gyrB(135)	icd(8)	mdh(8)	purA(8)	recA(2)
data/genomes/562.45636.fna.gz	ecoli_achtman_4	155	adk(6)	fumC(4)	gyrB(14)	icd(16)	mdh(24)	purA(8)	recA(14)
data/genomes/562.42825.fna.gz	ecoli_achtman_4	410	adk(6)	fumC(4)	gyrB(12)	icd(1)	mdh(20)	purA(18)	recA(7)
data/genomes/562.42668.fna.gz	ecoli_achtman_4	6690	adk(10)	fumC(11)	gyrB(15)	icd(1)	mdh(8)	purA(9)	recA(2)
data/genomes/562.42718.fna.gz	ecoli_achtman_4	131	adk(53)	fumC(40)	gyrB(47)	icd(13)	mdh(36)	purA(28)	recA(29)
data/genomes/562.45394.fna.gz	ecoli_achtman_4	2179	adk(9)	fumC(65)	gyrB(5)	icd(18)	mdh(11)	purA(8)	recA(6)
data/genomes/562.42772.fna.gz	ecoli_achtman_4	131	adk(53)	fumC(40)	gyrB(47)	icd(13)	mdh(36)	purA(28)	recA(29)
data/genomes/562.45637.fna.gz	ecoli_achtman_4	155	adk(6)	fumC(4)	gyrB(14)	icd(16)	mdh(24)	purA(8)	recA(14)
data/genomes/562.42826.fna.gz	ecoli_achtman_4	131	adk(53)	fumC(40)	gyrB(47)	icd(13)	mdh(36)	purA(28)	recA(29)
data/genomes/562.42719.fna.gz	ecoli_achtman_4	131	adk(53)	fumC(40)	gyrB(47)	icd(13)	mdh(36)	purA(28)	recA(29)
data/genomes/562.42669.fna.gz	ecoli_achtman_4	69	adk(21)	fumC(35)	gyrB(27)	icd(6)	mdh(5)	purA(5)	recA(4)
data/genomes/562.45396.fna.gz	ecoli_achtman_4	2509	adk(6)	fumC(95)	gyrB(33)	icd(18)	mdh(9)	purA(8)	recA(6)
data/genomes/562.42773.fna.gz	ecoli_achtman_4	131	adk(53)	fumC(40)	gyrB(47)	icd(13)	mdh(36)	purA(28)	recA(29)
data/genomes/562.45639.fna.gz	ecoli_achtman_4	710	adk(6)	fumC(153)	gyrB(4)	icd(91)	mdh(7)	purA(8)	recA(6)
data/genomes/562.42827.fna.gz	ecoli_achtman_4	131	adk(53)	fumC(40)	gyrB(47)	icd(13)	mdh(36)	purA(28)	recA(29)
data/genomes/562.45398.fna.gz	ecoli_achtman_4	1193	adk(14)	fumC(14)	gyrB(10)	icd(200)	mdh(17)	purA(7)	recA(10)
data/genomes/562.42720.fna.gz	ecoli_achtman_4	131	adk(53)	fumC(40)	gyrB(47)	icd(13)	mdh(36)	purA(28)	recA(29)
data/genomes/562.42670.fna.gz	ecoli_achtman_4	131	adk(53)	fumC(40)	gyrB(47)	icd(13)	mdh(36)	purA(28)	recA(29)
data/genomes/562.42774.fna.gz	ecoli_achtman_4	744	adk(10)	fumC(11)	gyrB(135)	icd(8)	mdh(8)	purA(8)	recA(2)
data/genomes/562.45640.fna.gz	ecoli_achtman_4	155	adk(6)	fumC(4)	gyrB(14)	icd(16)	mdh(24)	purA(8)	recA(14)
data/genomes/562.42828.fna.gz	ecoli_achtman_4	617	adk(10)	fumC(11)	gyrB(4)	icd(8)	mdh(8)	purA(13)	recA(73)
data/genomes/562.45399.fna.gz	ecoli_achtman_4	641	adk(9)	fumC(6)	gyrB(33)	icd(131)	mdh(24)	purA(8)	recA(7)
data/genomes/562.42671.fna.gz	ecoli_achtman_4	131	adk(53)	fumC(40)	gyrB(47)	icd(13)	mdh(36)	purA(28)	recA(29)
data/genomes/562.42721.fna.gz	ecoli_achtman_4	68	adk(33)	fumC(26)	gyrB(2)	icd(31)	mdh(5)	purA(16)	recA(19)
data/genomes/562.42775.fna.gz	ecoli_achtman_4	744	adk(10)	fumC(11)	gyrB(135)	icd(8)	mdh(8)	purA(8)	recA(2)
data/genomes/562.45641.fna.gz	ecoli_achtman_4	155	adk(6)	fumC(4)	gyrB(14)	icd(16)	mdh(24)	purA(8)	recA(14)
data/genomes/562.42829.fna.gz	ecoli_achtman_4	131	adk(53)	fumC(40)	gyrB(47)	icd(13)	mdh(36)	purA(28)	recA(29)
data/genomes/562.45400.fna.gz	ecoli_achtman_4	224	adk(6)	fumC(4)	gyrB(33)	icd(16)	mdh(11)	purA(8)	recA(6)
data/genomes/562.42672.fna.gz	ecoli_achtman_4	131	adk(53)	fumC(40)	gyrB(47)	icd(13)	mdh(36)	purA(28)	recA(29)
data/genomes/562.42722.fna.gz	ecoli_achtman_4	405	adk(35)	fumC(37)	gyrB(29)	icd(25)	mdh(4)	purA(5)	recA(73)
data/genomes/562.42776.fna.gz	ecoli_achtman_4	131	adk(53)	fumC(40)	gyrB(47)	icd(13)	mdh(36)	purA(28)	recA(29)
data/genomes/562.45642.fna.gz	ecoli_achtman_4	48	adk(6)	fumC(11)	gyrB(4)	icd(8)	mdh(8)	purA(8)	recA(2)
data/genomes/562.42830.fna.gz	ecoli_achtman_4	410	adk(6)	fumC(4)	gyrB(12)	icd(1)	mdh(20)	purA(18)	recA(7)
data/genomes/562.45401.fna.gz	ecoli_achtman_4	617	adk(10)	fumC(11)	gyrB(4)	icd(8)	mdh(8)	purA(13)	recA(73)
data/genomes/562.42673.fna.gz	ecoli_achtman_4	1488	adk(10)	fumC(11)	gyrB(4)	icd(8)	mdh(8)	purA(8)	recA(73)
data/genomes/562.42723.fna.gz	ecoli_achtman_4	131	adk(53)	fumC(40)	gyrB(47)	icd(13)	mdh(36)	purA(28)	recA(29)
data/genomes/562.42777.fna.gz	ecoli_achtman_4	131	adk(53)	fumC(40)	gyrB(47)	icd(13)	mdh(36)	purA(28)	recA(29)
data/genomes/562.45643.fna.gz	ecoli_achtman_4	117	adk(20)	fumC(45)	gyrB(41)	icd(43)	mdh(5)	purA(32)	recA(2)
data/genomes/562.42831.fna.gz	ecoli_achtman_4	131	adk(53)	fumC(40)	gyrB(47)	icd(13)	mdh(36)	purA(28)	recA(29)
data/genomes/562.45404.fna.gz	ecoli_achtman_4	131	adk(53)	fumC(40)	gyrB(47)	icd(13)	mdh(36)	purA(28)	recA(29)
data/genomes/562.42674.fna.gz	ecoli_achtman_4	2772	adk(6)	fumC(6)	gyrB(3)	icd(26)	mdh(7)	purA(8)	recA(6)
data/genomes/562.42724.fna.gz	ecoli_achtman_4	162	adk(9)	fumC(65)	gyrB(5)	icd(1)	mdh(9)	purA(13)	recA(6)
data/genomes/562.42778.fna.gz	ecoli_achtman_4	131	adk(53)	fumC(40)	gyrB(47)	icd(13)	mdh(36)	purA(28)	recA(29)
data/genomes/562.45644.fna.gz	ecoli_achtman_4	156	adk(6)	fumC(29)	gyrB(32)	icd(16)	mdh(11)	purA(8)	recA(44)
data/genomes/562.42832.fna.gz	ecoli_achtman_4	131	adk(53)	fumC(40)	gyrB(47)	icd(13)	mdh(36)	purA(28)	recA(29)
data/genomes/562.45585.fna.gz	ecoli_achtman_4	-	adk(6)	fumC(31)	gyrB(4)	icd(1047)	mdh(1)	purA(1)	recA(2)
data/genomes/562.42725.fna.gz	ecoli_achtman_4	131	adk(53)	fumC(40)	gyrB(47)	icd(13)	mdh(36)	purA(28)	recA(29)
data/genomes/562.42675.fna.gz	ecoli_achtman_4	131	adk(53)	fumC(40)	gyrB(47)	icd(13)	mdh(36)	purA(28)	recA(29)
data/genomes/562.42779.fna.gz	ecoli_achtman_4	131	adk(53)	fumC(40)	gyrB(47)	icd(13)	mdh(36)	purA(28)	recA(29)
data/genomes/562.45646.fna.gz	ecoli_achtman_4	2973	adk(6)	fumC(95)	gyrB(158)	icd(56)	mdh(11)	purA(8)	recA(41)
data/genomes/562.45587.fna.gz	ecoli_achtman_4	155	adk(6)	fumC(4)	gyrB(14)	icd(16)	mdh(24)	purA(8)	recA(14)
data/genomes/562.42833.fna.gz	ecoli_achtman_4	131	adk(53)	fumC(40)	gyrB(47)	icd(13)	mdh(36)	purA(28)	recA(29)
data/genomes/562.42726.fna.gz	ecoli_achtman_4	131	adk(53)	fumC(40)	gyrB(47)	icd(13)	mdh(36)	purA(28)	recA(29)
data/genomes/562.42676.fna.gz	ecoli_achtman_4	131	adk(53)	fumC(40)	gyrB(47)	icd(13)	mdh(36)	purA(28)	recA(29)
data/genomes/562.45648.fna.gz	ecoli_achtman_4	155	adk(6)	fumC(4)	gyrB(14)	icd(16)	mdh(24)	purA(8)	recA(14)
data/genomes/562.42780.fna.gz	ecoli_achtman_4	131	adk(53)	fumC(40)	gyrB(47)	icd(13)	mdh(36)	purA(28)	recA(29)
data/genomes/562.45588.fna.gz	ecoli_achtman_4	224	adk(6)	fumC(4)	gyrB(33)	icd(16)	mdh(11)	purA(8)	recA(6)
data/genomes/562.42727.fna.gz	ecoli_achtman_4	131	adk(53)	fumC(40)	gyrB(47)	icd(13)	mdh(36)	purA(28)	recA(29)
data/genomes/562.42677.fna.gz	ecoli_achtman_4	167	adk(10)	fumC(11)	gyrB(4)	icd(8)	mdh(8)	purA(13)	recA(2)
data/genomes/562.42834.fna.gz	ecoli_achtman_4	131	adk(53)	fumC(40)	gyrB(47)	icd(13)	mdh(36)	purA(28)	recA(29)
data/genomes/562.45649.fna.gz	ecoli_achtman_4	10	adk(10)	fumC(11)	gyrB(4)	icd(8)	mdh(8)	purA(8)	recA(2)
data/genomes/562.42781.fna.gz	ecoli_achtman_4	131	adk(53)	fumC(40)	gyrB(47)	icd(13)	mdh(36)	purA(28)	recA(29)
data/genomes/562.42728.fna.gz	ecoli_achtman_4	6178	adk(9)	fumC(6)	gyrB(15)	icd(56)	mdh(9)	purA(26)	recA(6)
data/genomes/562.42678.fna.gz	ecoli_achtman_4	405	adk(35)	fumC(37)	gyrB(29)	icd(25)	mdh(4)	purA(5)	recA(73)
data/genomes/562.42835.fna.gz	ecoli_achtman_4	297	adk(6)	fumC(65)	gyrB(32)	icd(26)	mdh(9)	purA(8)	recA(2)
data/genomes/562.45589.fna.gz	ecoli_achtman_4	155	adk(6)	fumC(4)	gyrB(14)	icd(16)	mdh(24)	purA(8)	recA(14)
data/genomes/562.45650.fna.gz	ecoli_achtman_4	155	adk(6)	fumC(4)	gyrB(14)	icd(16)	mdh(24)	purA(8)	recA(14)
data/genomes/562.42782.fna.gz	ecoli_achtman_4	131	adk(53)	fumC(40)	gyrB(47)	icd(13)	mdh(36)	purA(28)	recA(29)
data/genomes/562.42729.fna.gz	ecoli_achtman_4	10	adk(10)	fumC(11)	gyrB(4)	icd(8)	mdh(8)	purA(8)	recA(2)
data/genomes/562.42836.fna.gz	ecoli_achtman_4	131	adk(53)	fumC(40)	gyrB(47)	icd(13)	mdh(36)	purA(28)	recA(29)
data/genomes/562.42679.fna.gz	ecoli_achtman_4	405	adk(35)	fumC(37)	gyrB(29)	icd(25)	mdh(4)	purA(5)	recA(73)
data/genomes/562.45591.fna.gz	ecoli_achtman_4	48	adk(6)	fumC(11)	gyrB(4)	icd(8)	mdh(8)	purA(8)	recA(2)
data/genomes/562.45651.fna.gz	ecoli_achtman_4	-	adk(10)	fumC(174)	gyrB(4)	icd(8)	mdh(8)	purA(8)	recA(172)
data/genomes/562.42783.fna.gz	ecoli_achtman_4	617	adk(10)	fumC(11)	gyrB(4)	icd(8)	mdh(8)	purA(13)	recA(73)
data/genomes/562.42730.fna.gz	ecoli_achtman_4	636	adk(13)	fumC(108)	gyrB(10)	icd(97)	mdh(18)	purA(68)	recA(93)
data/genomes/562.42837.fna.gz	ecoli_achtman_4	131	adk(53)	fumC(40)	gyrB(47)	icd(13)	mdh(36)	purA(28)	recA(29)
data/genomes/562.45593.fna.gz	ecoli_achtman_4	155	adk(6)	fumC(4)	gyrB(14)	icd(16)	mdh(24)	purA(8)	recA(14)
data/genomes/562.42680.fna.gz	ecoli_achtman_4	410	adk(6)	fumC(4)	gyrB(12)	icd(1)	mdh(20)	purA(18)	recA(7)
data/genomes/562.45652.fna.gz	ecoli_achtman_4	-	adk(6)	fumC(282)	gyrB(230)	icd(1)	mdh(8)	purA(8)	recA(~687)
data/genomes/562.42784.fna.gz	ecoli_achtman_4	131	adk(53)	fumC(40)	gyrB(47)	icd(13)	mdh(36)	purA(28)	recA(29)
data/genomes/562.42731.fna.gz	ecoli_achtman_4	131	adk(53)	fumC(40)	gyrB(47)	icd(13)	mdh(36)	purA(28)	recA(29)
data/genomes/562.42681.fna.gz	ecoli_achtman_4	131	adk(53)	fumC(40)	gyrB(47)	icd(13)	mdh(36)	purA(28)	recA(29)
data/genomes/562.45594.fna.gz	ecoli_achtman_4	6812	adk(10)	fumC(7)	gyrB(5)	icd(8)	mdh(8)	purA(2)	recA(494)
data/genomes/562.42838.fna.gz	ecoli_achtman_4	2554	adk(13)	fumC(39)	gyrB(50)	icd(13)	mdh(16)	purA(230)	recA(25)
data/genomes/562.45653.fna.gz	ecoli_achtman_4	4516	adk(64)	fumC(153)	gyrB(188)	icd(83)	mdh(7)	purA(207)	recA(6)
data/genomes/562.42785.fna.gz	ecoli_achtman_4	131	adk(53)	fumC(40)	gyrB(47)	icd(13)	mdh(36)	purA(28)	recA(29)
data/genomes/562.42732.fna.gz	ecoli_achtman_4	7094	adk(511)	fumC(65)	gyrB(4)	icd(187)	mdh(24)	purA(8)	recA(41)
data/genomes/562.42682.fna.gz	ecoli_achtman_4	131	adk(53)	fumC(40)	gyrB(47)	icd(13)	mdh(36)	purA(28)	recA(29)
data/genomes/562.45595.fna.gz	ecoli_achtman_4	1324	adk(6)	fumC(29)	gyrB(178)	icd(18)	mdh(11)	purA(8)	recA(41)
data/genomes/562.45654.fna.gz	ecoli_achtman_4	117	adk(20)	fumC(45)	gyrB(41)	icd(43)	mdh(5)	purA(32)	recA(2)
data/genomes/562.42839.fna.gz	ecoli_achtman_4	131	adk(53)	fumC(40)	gyrB(47)	icd(13)	mdh(36)	purA(28)	recA(29)
data/genomes/562.42786.fna.gz	ecoli_achtman_4	405	adk(35)	fumC(37)	gyrB(29)	icd(25)	mdh(4)	purA(5)	recA(73)
data/genomes/562.42733.fna.gz	ecoli_achtman_4	2179	adk(9)	fumC(65)	gyrB(5)	icd(18)	mdh(11)	purA(8)	recA(6)
data/genomes/562.42683.fna.gz	ecoli_achtman_4	131	adk(53)	fumC(40)	gyrB(47)	icd(13)	mdh(36)	purA(28)	recA(29)
data/genomes/562.45596.fna.gz	ecoli_achtman_4	48	adk(6)	fumC(11)	gyrB(4)	icd(8)	mdh(8)	purA(8)	recA(2)
data/genomes/562.45655.fna.gz	ecoli_achtman_4	155	adk(6)	fumC(4)	gyrB(14)	icd(16)	mdh(24)	purA(8)	recA(14)
data/genomes/562.42840.fna.gz	ecoli_achtman_4	131	adk(53)	fumC(40)	gyrB(47)	icd(13)	mdh(36)	purA(28)	recA(29)
data/genomes/562.42787.fna.gz	ecoli_achtman_4	131	adk(53)	fumC(40)	gyrB(47)	icd(13)	mdh(36)	purA(28)	recA(29)
data/genomes/562.42734.fna.gz	ecoli_achtman_4	131	adk(53)	fumC(40)	gyrB(47)	icd(13)	mdh(36)	purA(28)	recA(29)
data/genomes/562.45597.fna.gz	ecoli_achtman_4	1011	adk(6)	fumC(4)	gyrB(159)	icd(44)	mdh(112)	purA(1)	recA(17)
data/genomes/562.45656.fna.gz	ecoli_achtman_4	117	adk(20)	fumC(45)	gyrB(41)	icd(43)	mdh(5)	purA(32)	recA(2)
data/genomes/562.42841.fna.gz	ecoli_achtman_4	131	adk(53)	fumC(40)	gyrB(47)	icd(13)	mdh(36)	purA(28)	recA(29)
data/genomes/562.42788.fna.gz	ecoli_achtman_4	131	adk(53)	fumC(40)	gyrB(47)	icd(13)	mdh(36)	purA(28)	recA(29)
data/genomes/562.42735.fna.gz	ecoli_achtman_4	131	adk(53)	fumC(40)	gyrB(47)	icd(13)	mdh(36)	purA(28)	recA(29)
data/genomes/562.45598.fna.gz	ecoli_achtman_4	2847	adk(6)	fumC(266)	gyrB(83)	icd(24)	mdh(1)	purA(1)	recA(2)
data/genomes/562.42684.fna.gz	ecoli_achtman_4	-	adk(10,13)	fumC(11,14)	gyrB(19)	icd(8,36)	mdh(8)	purA(11)	recA(73)
data/genomes/562.45657.fna.gz	ecoli_achtman_4	1324	adk(6)	fumC(29)	gyrB(178)	icd(18)	mdh(11)	purA(8)	recA(41)
data/genomes/562.42842.fna.gz	ecoli_achtman_4	1844	adk(6)	fumC(29)	gyrB(33)	icd(16)	mdh(11)	purA(7)	recA(2)
data/genomes/562.42789.fna.gz	ecoli_achtman_4	131	adk(53)	fumC(40)	gyrB(47)	icd(13)	mdh(36)	purA(28)	recA(29)
data/genomes/562.45599.fna.gz	ecoli_achtman_4	2973	adk(6)	fumC(95)	gyrB(158)	icd(56)	mdh(11)	purA(8)	recA(41)
data/genomes/562.42736.fna.gz	ecoli_achtman_4	1193	adk(14)	fumC(14)	gyrB(10)	icd(200)	mdh(17)	purA(7)	recA(10)
data/genomes/562.45658.fna.gz	ecoli_achtman_4	10	adk(10)	fumC(11)	gyrB(4)	icd(8)	mdh(8)	purA(8)	recA(2)
data/genomes/562.45659.fna.gz	ecoli_achtman_4	1011	adk(6)	fumC(4)	gyrB(159)	icd(44)	mdh(112)	purA(1)	recA(17)
data/genomes/562.42843.fna.gz	ecoli_achtman_4	410	adk(6)	fumC(4)	gyrB(12)	icd(1)	mdh(20)	purA(18)	recA(7)
data/genomes/562.42790.fna.gz	ecoli_achtman_4	131	adk(53)	fumC(40)	gyrB(47)	icd(13)	mdh(36)	purA(28)	recA(29)
data/genomes/562.45601.fna.gz	ecoli_achtman_4	162	adk(9)	fumC(65)	gyrB(5)	icd(1)	mdh(9)	purA(13)	recA(6)
data/genomes/562.57105.fna.gz	ecoli_achtman_4	224	adk(6)	fumC(4)	gyrB(33)	icd(16)	mdh(11)	purA(8)	recA(6)
data/genomes/562.57155.fna.gz	ecoli_achtman_4	95	adk(37)	fumC(38)	gyrB(19)	icd(37)	mdh(17)	purA(11)	recA(26)
data/genomes/562.45660.fna.gz	ecoli_achtman_4	2852	adk(6)	fumC(65)	gyrB(5)	icd(1)	mdh(11)	purA(13)	recA(6)
data/genomes/562.57206.fna.gz	ecoli_achtman_4	73	adk(36)	fumC(24)	gyrB(9)	icd(13)	mdh(17)	purA(11)	recA(25)
data/genomes/562.57256.fna.gz	ecoli_achtman_4	-	adk(53)	fumC(40)	gyrB(47)	icd(13)	mdh(1654?)	purA(28)	recA(29)
data/genomes/562.57106.fna.gz	ecoli_achtman_4	43	adk(24)	fumC(11)	gyrB(4)	icd(8)	mdh(8)	purA(8)	recA(2)
data/genomes/562.57307.fna.gz	ecoli_achtman_4	141	adk(13)	fumC(52)	gyrB(10)	icd(14)	mdh(17)	purA(25)	recA(17)
data/genomes/562.57156.fna.gz	ecoli_achtman_4	3021	adk(8)	fumC(7)	gyrB(4)	icd(8)	mdh(8)	purA(18)	recA(233)
data/genomes/562.45662.fna.gz	ecoli_achtman_4	746	adk(10)	fumC(7)	gyrB(4)	icd(8)	mdh(12)	purA(8)	recA(2)
data/genomes/562.57207.fna.gz	ecoli_achtman_4	597	adk(21)	fumC(35)	gyrB(115)	icd(6)	mdh(5)	purA(5)	recA(4)
data/genomes/562.57257.fna.gz	ecoli_achtman_4	1444	adk(13)	fumC(96)	gyrB(10)	icd(13)	mdh(17)	purA(25)	recA(25)
data/genomes/562.57107.fna.gz	ecoli_achtman_4	73	adk(36)	fumC(24)	gyrB(9)	icd(13)	mdh(17)	purA(11)	recA(25)
data/genomes/562.57308.fna.gz	ecoli_achtman_4	399	adk(6)	fumC(4)	gyrB(1)	icd(95)	mdh(69)	purA(8)	recA(20)
data/genomes/562.57157.fna.gz	ecoli_achtman_4	6271	adk(10)	fumC(11)	gyrB(4)	icd(373)	mdh(8)	purA(7)	recA(2)
data/genomes/562.45663.fna.gz	ecoli_achtman_4	93	adk(6)	fumC(11)	gyrB(4)	icd(10)	mdh(7)	purA(8)	recA(6)
data/genomes/562.57208.fna.gz	ecoli_achtman_4	1724	adk(9)	fumC(29)	gyrB(12)	icd(26)	mdh(11)	purA(8)	recA(7)
data/genomes/562.57258.fna.gz	ecoli_achtman_4	38	adk(4)	fumC(26)	gyrB(2)	icd(25)	mdh(5)	purA(5)	recA(19)
data/genomes/562.57108.fna.gz	ecoli_achtman_4	4598	adk(224)	fumC(4)	gyrB(54)	icd(247)	mdh(11)	purA(1)	recA(6)
data/genomes/562.57158.fna.gz	ecoli_achtman_4	3381	adk(6)	fumC(445)	gyrB(326)	icd(12)	mdh(282)	purA(178)	recA(247)
data/genomes/562.57309.fna.gz	ecoli_achtman_4	636	adk(13)	fumC(108)	gyrB(10)	icd(97)	mdh(18)	purA(68)	recA(93)
data/genomes/562.45664.fna.gz	ecoli_achtman_4	117	adk(20)	fumC(45)	gyrB(41)	icd(43)	mdh(5)	purA(32)	recA(2)
data/genomes/562.57209.fna.gz	ecoli_achtman_4	409	adk(10)	fumC(11)	gyrB(1)	icd(1)	mdh(71)	purA(8)	recA(6)
data/genomes/562.57259.fna.gz	ecoli_achtman_4	648	adk(92)	fumC(4)	gyrB(87)	icd(96)	mdh(70)	purA(58)	recA(2)
data/genomes/562.57109.fna.gz	ecoli_achtman_4	297	adk(6)	fumC(65)	gyrB(32)	icd(26)	mdh(9)	purA(8)	recA(2)
data/genomes/562.57159.fna.gz	ecoli_achtman_4	3021	adk(8)	fumC(7)	gyrB(4)	icd(8)	mdh(8)	purA(18)	recA(233)
data/genomes/562.45665.fna.gz	ecoli_achtman_4	7187	adk(6)	fumC(11)	gyrB(4)	icd(8)	mdh(616)	purA(8)	recA(2)
data/genomes/562.57210.fna.gz	ecoli_achtman_4	127	adk(13)	fumC(14)	gyrB(19)	icd(36)	mdh(23)	purA(11)	recA(10)
data/genomes/562.57310.fna.gz	ecoli_achtman_4	405	adk(35)	fumC(37)	gyrB(29)	icd(25)	mdh(4)	purA(5)	recA(73)
data/genomes/562.57260.fna.gz	ecoli_achtman_4	12	adk(13)	fumC(13)	gyrB(9)	icd(13)	mdh(16)	purA(10)	recA(9)
data/genomes/562.57110.fna.gz	ecoli_achtman_4	38	adk(4)	fumC(26)	gyrB(2)	icd(25)	mdh(5)	purA(5)	recA(19)
data/genomes/562.57160.fna.gz	ecoli_achtman_4	93	adk(6)	fumC(11)	gyrB(4)	icd(10)	mdh(7)	purA(8)	recA(6)
data/genomes/562.45666.fna.gz	ecoli_achtman_4	117	adk(20)	fumC(45)	gyrB(41)	icd(43)	mdh(5)	purA(32)	recA(2)
data/genomes/562.57211.fna.gz	ecoli_achtman_4	69	adk(21)	fumC(35)	gyrB(27)	icd(6)	mdh(5)	purA(5)	recA(4)
data/genomes/562.57311.fna.gz	ecoli_achtman_4	73	adk(36)	fumC(24)	gyrB(9)	icd(13)	mdh(17)	purA(11)	recA(25)
data/genomes/562.57261.fna.gz	ecoli_achtman_4	58	adk(6)	fumC(4)	gyrB(4)	icd(16)	mdh(24)	purA(8)	recA(14)
data/genomes/562.57111.fna.gz	ecoli_achtman_4	93	adk(6)	fumC(11)	gyrB(4)	icd(10)	mdh(7)	purA(8)	recA(6)
data/genomes/562.57161.fna.gz	ecoli_achtman_4	10	adk(10)	fumC(11)	gyrB(4)	icd(8)	mdh(8)	purA(8)	recA(2)
data/genomes/562.45667.fna.gz	ecoli_achtman_4	93	adk(6)	fumC(11)	gyrB(4)	icd(10)	mdh(7)	purA(8)	recA(6)
data/genomes/562.57212.fna.gz	ecoli_achtman_4	2320	adk(80)	fumC(4)	gyrB(15)	icd(18)	mdh(9)	purA(18)	recA(7)
data/genomes/562.57312.fna.gz	ecoli_achtman_4	1231	adk(37)	fumC(38)	gyrB(19)	icd(37)	mdh(151)	purA(11)	recA(26)
data/genomes/562.57262.fna.gz	ecoli_achtman_4	167	adk(10)	fumC(11)	gyrB(4)	icd(8)	mdh(8)	purA(13)	recA(2)
data/genomes/562.57162.fna.gz	ecoli_achtman_4	48	adk(6)	fumC(11)	gyrB(4)	icd(8)	mdh(8)	purA(8)	recA(2)
data/genomes/562.57112.fna.gz	ecoli_achtman_4	69	adk(21)	fumC(35)	gyrB(27)	icd(6)	mdh(5)	purA(5)	recA(4)
data/genomes/562.45668.fna.gz	ecoli_achtman_4	162	adk(9)	fumC(65)	gyrB(5)	icd(1)	mdh(9)	purA(13)	recA(6)
data/genomes/562.57213.fna.gz	ecoli_achtman_4	2320	adk(80)	fumC(4)	gyrB(15)	icd(18)	mdh(9)	purA(18)	recA(7)
data/genomes/562.57313.fna.gz	ecoli_achtman_4	409	adk(10)	fumC(11)	gyrB(1)	icd(1)	mdh(71)	purA(8)	recA(6)
data/genomes/562.57263.fna.gz	ecoli_achtman_4	5024	adk(6)	fumC(11)	gyrB(15)	icd(9)	mdh(63)	purA(8)	recA(7)
data/genomes/562.57163.fna.gz	ecoli_achtman_4	100	adk(10)	fumC(27)	gyrB(5)	icd(10)	mdh(12)	purA(9)	recA(2)
data/genomes/562.57113.fna.gz	ecoli_achtman_4	8852	adk(6)	fumC(53)	gyrB(225)	icd(12)	mdh(763)	purA(673)	recA(157)
data/genomes/562.45669.fna.gz	ecoli_achtman_4	6743	adk(6)	fumC(29)	gyrB(3)	icd(16)	mdh(11)	purA(8)	recA(6)
data/genomes/562.57314.fna.gz	ecoli_achtman_4	607	adk(113)	fumC(4)	gyrB(5)	icd(83)	mdh(8)	purA(8)	recA(6)
data/genomes/562.57214.fna.gz	ecoli_achtman_4	390	adk(37)	fumC(38)	gyrB(86)	icd(37)	mdh(17)	purA(11)	recA(26)
data/genomes/562.57264.fna.gz	ecoli_achtman_4	2141	adk(101)	fumC(88)	gyrB(262)	icd(281)	mdh(59)	purA(215)	recA(196)
data/genomes/562.57114.fna.gz	ecoli_achtman_4	10	adk(10)	fumC(11)	gyrB(4)	icd(8)	mdh(8)	purA(8)	recA(2)
data/genomes/562.45670.fna.gz	ecoli_achtman_4	13234	adk(314)	fumC(4)	gyrB(14)	icd(16)	mdh(24)	purA(8)	recA(14)
data/genomes/562.57164.fna.gz	ecoli_achtman_4	8863	adk(6)	fumC(1174)	gyrB(51)	icd(141)	mdh(764)	purA(2)	recA(64)
data/genomes/562.57315.fna.gz	ecoli_achtman_4	8865	adk(356)	fumC(1220)	gyrB(73)	icd(699)	mdh(56)	purA(674)	recA(509)
data/genomes/562.57215.fna.gz	ecoli_achtman_4	12	adk(13)	fumC(13)	gyrB(9)	icd(13)	mdh(16)	purA(10)	recA(9)
data/genomes/562.57265.fna.gz	ecoli_achtman_4	69	adk(21)	fumC(35)	gyrB(27)	icd(6)	mdh(5)	purA(5)	recA(4)
data/genomes/562.57115.fna.gz	ecoli_achtman_4	399	adk(6)	fumC(4)	gyrB(1)	icd(95)	mdh(69)	purA(8)	recA(20)
data/genomes/562.45671.fna.gz	ecoli_achtman_4	6743	adk(6)	fumC(29)	gyrB(3)	icd(16)	mdh(11)	purA(8)	recA(6)
data/genomes/562.57316.fna.gz	ecoli_achtman_4	131	adk(53)	fumC(40)	gyrB(47)	icd(13)	mdh(36)	purA(28)	recA(29)
data/genomes/562.57165.fna.gz	ecoli_achtman_4	3	adk(6)	fumC(4)	gyrB(3)	icd(7)	mdh(7)	purA(7)	recA(6)
data/genomes/562.57216.fna.gz	ecoli_achtman_4	6152	adk(10)	fumC(11)	gyrB(1)	icd(634)	mdh(8)	purA(18)	recA(6)
data/genomes/562.57266.fna.gz	ecoli_achtman_4	1140	adk(83)	fumC(23)	gyrB(164)	icd(181)	mdh(80)	purA(1)	recA(42)
data/genomes/562.45672.fna.gz	ecoli_achtman_4	10	adk(10)	fumC(11)	gyrB(4)	icd(8)	mdh(8)	purA(8)	recA(2)
data/genomes/562.57166.fna.gz	ecoli_achtman_4	617	adk(10)	fumC(11)	gyrB(4)	icd(8)	mdh(8)	purA(13)	recA(73)
data/genomes/562.57116.fna.gz	ecoli_achtman_4	-	adk(113)	fumC(4)	gyrB(5)	icd(83)	mdh(42)	purA(8)	recA(6)
data/genomes/562.57317.fna.gz	ecoli_achtman_4	10	adk(10)	fumC(11)	gyrB(4)	icd(8)	mdh(8)	purA(8)	recA(2)
data/genomes/562.57217.fna.gz	ecoli_achtman_4	69	adk(21)	fumC(35)	gyrB(27)	icd(6)	mdh(5)	purA(5)	recA(4)
data/genomes/562.57267.fna.gz	ecoli_achtman_4	648	adk(92)	fumC(4)	gyrB(87)	icd(96)	mdh(70)	purA(58)	recA(2)
data/genomes/562.57117.fna.gz	ecoli_achtman_4	69	adk(21)	fumC(35)	gyrB(27)	icd(6)	mdh(5)	purA(5)	recA(4)
data/genomes/562.57167.fna.gz	ecoli_achtman_4	11	adk(12)	fumC(12)	gyrB(8)	icd(12)	mdh(15)	purA(2)	recA(2)
data/genomes/562.45673.fna.gz	ecoli_achtman_4	155	adk(6)	fumC(4)	gyrB(14)	icd(16)	mdh(24)	purA(8)	recA(14)
data/genomes/562.57318.fna.gz	ecoli_achtman_4	6237	adk(6)	fumC(153)	gyrB(4)	icd(91)	mdh(7)	purA(18)	recA(6)
data/genomes/562.57218.fna.gz	ecoli_achtman_4	131	adk(53)	fumC(40)	gyrB(47)	icd(13)	mdh(36)	purA(28)	recA(29)
data/genomes/562.57268.fna.gz	ecoli_achtman_4	38	adk(4)	fumC(26)	gyrB(2)	icd(25)	mdh(5)	purA(5)	recA(19)
data/genomes/562.57118.fna.gz	ecoli_achtman_4	23	adk(6)	fumC(4)	gyrB(12)	icd(1)	mdh(20)	purA(13)	recA(7)
data/genomes/562.57168.fna.gz	ecoli_achtman_4	448	adk(6)	fumC(6)	gyrB(5)	icd(16)	mdh(11)	purA(8)	recA(7)
data/genomes/562.57319.fna.gz	ecoli_achtman_4	1823	adk(64)	fumC(7)	gyrB(5)	icd(83)	mdh(8)	purA(8)	recA(6)
data/genomes/562.45674.fna.gz	ecoli_achtman_4	350	adk(6)	fumC(31)	gyrB(83)	icd(28)	mdh(1)	purA(1)	recA(2)
data/genomes/562.57219.fna.gz	ecoli_achtman_4	354	adk(85)	fumC(88)	gyrB(78)	icd(29)	mdh(59)	purA(58)	recA(62)
data/genomes/562.57269.fna.gz	ecoli_achtman_4	73	adk(36)	fumC(24)	gyrB(9)	icd(13)	mdh(17)	purA(11)	recA(25)
data/genomes/562.57119.fna.gz	ecoli_achtman_4	648	adk(92)	fumC(4)	gyrB(87)	icd(96)	mdh(70)	purA(58)	recA(2)
data/genomes/562.57169.fna.gz	ecoli_achtman_4	12	adk(13)	fumC(13)	gyrB(9)	icd(13)	mdh(16)	purA(10)	recA(9)
data/genomes/562.45675.fna.gz	ecoli_achtman_4	155	adk(6)	fumC(4)	gyrB(14)	icd(16)	mdh(24)	purA(8)	recA(14)
data/genomes/562.57320.fna.gz	ecoli_achtman_4	6701	adk(10)	fumC(70)	gyrB(292)	icd(8)	mdh(8)	purA(1)	recA(2)
data/genomes/562.57220.fna.gz	ecoli_achtman_4	543	adk(83)	fumC(136)	gyrB(110)	icd(117)	mdh(80)	purA(1)	recA(2)
data/genomes/562.57270.fna.gz	ecoli_achtman_4	69	adk(21)	fumC(35)	gyrB(27)	icd(6)	mdh(5)	purA(5)	recA(4)
data/genomes/562.57120.fna.gz	ecoli_achtman_4	131	adk(53)	fumC(40)	gyrB(47)	icd(13)	mdh(36)	purA(28)	recA(29)
data/genomes/562.57170.fna.gz	ecoli_achtman_4	10	adk(10)	fumC(11)	gyrB(4)	icd(8)	mdh(8)	purA(8)	recA(2)
data/genomes/562.45676.fna.gz	ecoli_achtman_4	10011	adk(6)	fumC(19)	gyrB(12)	icd(26)	mdh(20)	purA(13)	recA(7)
data/genomes/562.57321.fna.gz	ecoli_achtman_4	1727	adk(6)	fumC(19)	gyrB(3)	icd(16)	mdh(11)	purA(8)	recA(6)
data/genomes/562.57221.fna.gz	ecoli_achtman_4	354	adk(85)	fumC(88)	gyrB(78)	icd(29)	mdh(59)	purA(58)	recA(62)
data/genomes/562.57271.fna.gz	ecoli_achtman_4	648	adk(92)	fumC(4)	gyrB(87)	icd(96)	mdh(70)	purA(58)	recA(2)
data/genomes/562.57121.fna.gz	ecoli_achtman_4	362	adk(62)	fumC(100)	gyrB(17)	icd(31)	mdh(5)	purA(5)	recA(4)
data/genomes/562.57171.fna.gz	ecoli_achtman_4	590	adk(6)	fumC(4)	gyrB(12)	icd(10)	mdh(24)	purA(18)	recA(7)
data/genomes/562.57322.fna.gz	ecoli_achtman_4	550	adk(14)	fumC(14)	gyrB(10)	icd(14)	mdh(17)	purA(92)	recA(10)
data/genomes/562.45677.fna.gz	ecoli_achtman_4	11404	adk(6)	fumC(7)	gyrB(4)	icd(1)	mdh(20)	purA(13)	recA(7)
data/genomes/562.57222.fna.gz	ecoli_achtman_4	69	adk(21)	fumC(35)	gyrB(27)	icd(6)	mdh(5)	purA(5)	recA(4)
data/genomes/562.57273.fna.gz	ecoli_achtman_4	131	adk(53)	fumC(40)	gyrB(47)	icd(13)	mdh(36)	purA(28)	recA(29)
data/genomes/562.57122.fna.gz	ecoli_achtman_4	398	adk(64)	fumC(7)	gyrB(1)	icd(1)	mdh(8)	purA(8)	recA(6)
data/genomes/562.57172.fna.gz	ecoli_achtman_4	73	adk(36)	fumC(24)	gyrB(9)	icd(13)	mdh(17)	purA(11)	recA(25)
data/genomes/562.57323.fna.gz	ecoli_achtman_4	69	adk(21)	fumC(35)	gyrB(27)	icd(6)	mdh(5)	purA(5)	recA(4)
data/genomes/562.45845.fna.gz	ecoli_achtman_4	405	adk(35)	fumC(37)	gyrB(29)	icd(25)	mdh(4)	purA(5)	recA(73)
data/genomes/562.57223.fna.gz	ecoli_achtman_4	117	adk(20)	fumC(45)	gyrB(41)	icd(43)	mdh(5)	purA(32)	recA(2)
data/genomes/562.57274.fna.gz	ecoli_achtman_4	131	adk(53)	fumC(40)	gyrB(47)	icd(13)	mdh(36)	purA(28)	recA(29)
data/genomes/562.57123.fna.gz	ecoli_achtman_4	121	adk(13)	fumC(21)	gyrB(13)	icd(22)	mdh(17)	purA(36)	recA(15)
data/genomes/562.57173.fna.gz	ecoli_achtman_4	10	adk(10)	fumC(11)	gyrB(4)	icd(8)	mdh(8)	purA(8)	recA(2)
data/genomes/562.57324.fna.gz	ecoli_achtman_4	5064	adk(6)	fumC(29)	gyrB(22)	icd(16)	mdh(11)	purA(8)	recA(41)
data/genomes/562.52722.fna.gz	ecoli_achtman_4	29	adk(6)	fumC(4)	gyrB(12)	icd(16)	mdh(9)	purA(7)	recA(7)
data/genomes/562.57224.fna.gz	ecoli_achtman_4	48	adk(6)	fumC(11)	gyrB(4)	icd(8)	mdh(8)	purA(8)	recA(2)
data/genomes/562.57275.fna.gz	ecoli_achtman_4	617	adk(10)	fumC(11)	gyrB(4)	icd(8)	mdh(8)	purA(13)	recA(73)
data/genomes/562.57124.fna.gz	ecoli_achtman_4	-	adk(92)	fumC(4)	gyrB(1644?)	icd(96)	mdh(70)	purA(58)	recA(2)
data/genomes/562.57325.fna.gz	ecoli_achtman_4	95	adk(37)	fumC(38)	gyrB(19)	icd(37)	mdh(17)	purA(11)	recA(26)
data/genomes/562.57174.fna.gz	ecoli_achtman_4	10	adk(10)	fumC(11)	gyrB(4)	icd(8)	mdh(8)	purA(8)	recA(2)
data/genomes/562.53932.fna.gz	ecoli_achtman_4	11	adk(12)	fumC(12)	gyrB(8)	icd(12)	mdh(15)	purA(2)	recA(2)
data/genomes/562.57225.fna.gz	ecoli_achtman_4	131	adk(53)	fumC(40)	gyrB(47)	icd(13)	mdh(36)	purA(28)	recA(29)
data/genomes/562.57125.fna.gz	ecoli_achtman_4	2350	adk(6)	fumC(19)	gyrB(14)	icd(16)	mdh(11)	purA(12)	recA(7)
data/genomes/562.57276.fna.gz	ecoli_achtman_4	-	adk(587)	fumC(11)	gyrB(4)	icd(2167?)	mdh(8)	purA(78)	recA(2)
data/genomes/562.57326.fna.gz	ecoli_achtman_4	399	adk(6)	fumC(4)	gyrB(1)	icd(95)	mdh(69)	purA(8)	recA(20)
data/genomes/562.57175.fna.gz	ecoli_achtman_4	4627	adk(6)	fumC(82)	gyrB(7)	icd(1)	mdh(11)	purA(3)	recA(56)
data/genomes/562.57226.fna.gz	ecoli_achtman_4	73	adk(36)	fumC(24)	gyrB(9)	icd(13)	mdh(17)	purA(11)	recA(25)
data/genomes/562.57076.fna.gz	ecoli_achtman_4	405	adk(35)	fumC(37)	gyrB(29)	icd(25)	mdh(4)	purA(5)	recA(73)
data/genomes/562.57126.fna.gz	ecoli_achtman_4	73	adk(36)	fumC(24)	gyrB(9)	icd(13)	mdh(17)	purA(11)	recA(25)
data/genomes/562.57277.fna.gz	ecoli_achtman_4	131	adk(53)	fumC(40)	gyrB(47)	icd(13)	mdh(36)	purA(28)	recA(29)
data/genomes/562.57327.fna.gz	ecoli_achtman_4	10	adk(10)	fumC(11)	gyrB(4)	icd(8)	mdh(8)	purA(8)	recA(2)
data/genomes/562.57176.fna.gz	ecoli_achtman_4	10	adk(10)	fumC(11)	gyrB(4)	icd(8)	mdh(8)	purA(8)	recA(2)
data/genomes/562.57227.fna.gz	ecoli_achtman_4	8853	adk(168)	fumC(260)	gyrB(225)	icd(286)	mdh(1)	purA(1)	recA(2)
data/genomes/562.57077.fna.gz	ecoli_achtman_4	131	adk(53)	fumC(40)	gyrB(47)	icd(13)	mdh(36)	purA(28)	recA(29)
data/genomes/562.57127.fna.gz	ecoli_achtman_4	69	adk(21)	fumC(35)	gyrB(27)	icd(6)	mdh(5)	purA(5)	recA(4)
data/genomes/562.57278.fna.gz	ecoli_achtman_4	131	adk(53)	fumC(40)	gyrB(47)	icd(13)	mdh(36)	purA(28)	recA(29)
data/genomes/562.57177.fna.gz	ecoli_achtman_4	12	adk(13)	fumC(13)	gyrB(9)	icd(13)	mdh(16)	purA(10)	recA(9)
data/genomes/562.57328.fna.gz	ecoli_achtman_4	58	adk(6)	fumC(4)	gyrB(4)	icd(16)	mdh(24)	purA(8)	recA(14)
data/genomes/562.57228.fna.gz	ecoli_achtman_4	73	adk(36)	fumC(24)	gyrB(9)	icd(13)	mdh(17)	purA(11)	recA(25)
data/genomes/562.57078.fna.gz	ecoli_achtman_4	131	adk(53)	fumC(40)	gyrB(47)	icd(13)	mdh(36)	purA(28)	recA(29)
data/genomes/562.57128.fna.gz	ecoli_achtman_4	58	adk(6)	fumC(4)	gyrB(4)	icd(16)	mdh(24)	purA(8)	recA(14)
data/genomes/562.57279.fna.gz	ecoli_achtman_4	131	adk(53)	fumC(40)	gyrB(47)	icd(13)	mdh(36)	purA(28)	recA(29)
data/genomes/562.57329.fna.gz	ecoli_achtman_4	10	adk(10)	fumC(11)	gyrB(4)	icd(8)	mdh(8)	purA(8)	recA(2)
data/genomes/562.57178.fna.gz	ecoli_achtman_4	127	adk(13)	fumC(14)	gyrB(19)	icd(36)	mdh(23)	purA(11)	recA(10)
data/genomes/562.57229.fna.gz	ecoli_achtman_4	-	adk(85)	fumC(88)	gyrB(78)	icd(29)	mdh(59)	purA(~58)	recA(62)
data/genomes/562.57079.fna.gz	ecoli_achtman_4	95	adk(37)	fumC(38)	gyrB(19)	icd(37)	mdh(17)	purA(11)	recA(26)
data/genomes/562.57129.fna.gz	ecoli_achtman_4	59	adk(27)	fumC(32)	gyrB(24)	icd(29)	mdh(26)	purA(19)	recA(22)
data/genomes/562.57330.fna.gz	ecoli_achtman_4	10	adk(10)	fumC(11)	gyrB(4)	icd(8)	mdh(8)	purA(8)	recA(2)
data/genomes/562.57179.fna.gz	ecoli_achtman_4	660	adk(121)	fumC(46)	gyrB(43)	icd(45)	mdh(11)	purA(34)	recA(35)
data/genomes/562.57280.fna.gz	ecoli_achtman_4	38	adk(4)	fumC(26)	gyrB(2)	icd(25)	mdh(5)	purA(5)	recA(19)
data/genomes/562.57230.fna.gz	ecoli_achtman_4	69	adk(21)	fumC(35)	gyrB(27)	icd(6)	mdh(5)	purA(5)	recA(4)
data/genomes/562.57080.fna.gz	ecoli_achtman_4	131	adk(53)	fumC(40)	gyrB(47)	icd(13)	mdh(36)	purA(28)	recA(29)
data/genomes/562.57130.fna.gz	ecoli_achtman_4	678	adk(6)	fumC(6)	gyrB(5)	icd(136)	mdh(9)	purA(7)	recA(7)
data/genomes/562.57331.fna.gz	ecoli_achtman_4	73	adk(36)	fumC(24)	gyrB(9)	icd(13)	mdh(17)	purA(11)	recA(25)
data/genomes/562.57180.fna.gz	ecoli_achtman_4	590	adk(6)	fumC(4)	gyrB(12)	icd(10)	mdh(24)	purA(18)	recA(7)
data/genomes/562.57281.fna.gz	ecoli_achtman_4	457	adk(101)	fumC(88)	gyrB(97)	icd(108)	mdh(26)	purA(79)	recA(2)
data/genomes/562.57231.fna.gz	ecoli_achtman_4	547	adk(13)	fumC(52)	gyrB(10)	icd(119)	mdh(17)	purA(37)	recA(25)
data/genomes/562.57131.fna.gz	ecoli_achtman_4	354	adk(85)	fumC(88)	gyrB(78)	icd(29)	mdh(59)	purA(58)	recA(62)
data/genomes/562.57081.fna.gz	ecoli_achtman_4	156	adk(6)	fumC(29)	gyrB(32)	icd(16)	mdh(11)	purA(8)	recA(44)
data/genomes/562.57363.fna.gz	ecoli_achtman_4	38	adk(4)	fumC(26)	gyrB(2)	icd(25)	mdh(5)	purA(5)	recA(19)
data/genomes/562.57181.fna.gz	ecoli_achtman_4	73	adk(36)	fumC(24)	gyrB(9)	icd(13)	mdh(17)	purA(11)	recA(25)
data/genomes/562.57232.fna.gz	ecoli_achtman_4	2320	adk(80)	fumC(4)	gyrB(15)	icd(18)	mdh(9)	purA(18)	recA(7)
data/genomes/562.57282.fna.gz	ecoli_achtman_4	694	adk(10)	fumC(11)	gyrB(4)	icd(8)	mdh(7)	purA(13)	recA(2)
data/genomes/562.57132.fna.gz	ecoli_achtman_4	68	adk(33)	fumC(26)	gyrB(2)	icd(31)	mdh(5)	purA(16)	recA(19)
data/genomes/562.57082.fna.gz	ecoli_achtman_4	131	adk(53)	fumC(40)	gyrB(47)	icd(13)	mdh(36)	purA(28)	recA(29)
data/genomes/562.57364.fna.gz	ecoli_achtman_4	95	adk(37)	fumC(38)	gyrB(19)	icd(37)	mdh(17)	purA(11)	recA(26)
data/genomes/562.57182.fna.gz	ecoli_achtman_4	973	adk(154)	fumC(187)	gyrB(22)	icd(52)	mdh(130)	purA(129)	recA(4)
data/genomes/562.57283.fna.gz	ecoli_achtman_4	131	adk(53)	fumC(40)	gyrB(47)	icd(13)	mdh(36)	purA(28)	recA(29)
data/genomes/562.57233.fna.gz	ecoli_achtman_4	1146	adk(6)	fumC(29)	gyrB(4)	icd(1)	mdh(24)	purA(8)	recA(7)
data/genomes/562.57133.fna.gz	ecoli_achtman_4	131	adk(53)	fumC(40)	gyrB(47)	icd(13)	mdh(36)	purA(28)	recA(29)
data/genomes/562.57083.fna.gz	ecoli_achtman_4	209	adk(10)	fumC(11)	gyrB(4)	icd(8)	mdh(8)	purA(8)	recA(6)
data/genomes/562.57365.fna.gz	ecoli_achtman_4	405	adk(35)	fumC(37)	gyrB(29)	icd(25)	mdh(4)	purA(5)	recA(73)
data/genomes/562.57183.fna.gz	ecoli_achtman_4	131	adk(53)	fumC(40)	gyrB(47)	icd(13)	mdh(36)	purA(28)	recA(29)
data/genomes/562.57284.fna.gz	ecoli_achtman_4	131	adk(53)	fumC(40)	gyrB(47)	icd(13)	mdh(36)	purA(28)	recA(29)
data/genomes/562.57234.fna.gz	ecoli_achtman_4	88	adk(6)	fumC(4)	gyrB(12)	icd(1)	mdh(20)	purA(12)	recA(7)
data/genomes/562.57134.fna.gz	ecoli_achtman_4	635	adk(6)	fumC(107)	gyrB(1)	icd(95)	mdh(69)	purA(8)	recA(7)
data/genomes/562.57084.fna.gz	ecoli_achtman_4	38	adk(4)	fumC(26)	gyrB(2)	icd(25)	mdh(5)	purA(5)	recA(19)
data/genomes/562.57184.fna.gz	ecoli_achtman_4	8862	adk(6)	fumC(4)	gyrB(33)	icd(185)	mdh(7)	purA(13)	recA(7)
data/genomes/562.57366.fna.gz	ecoli_achtman_4	38	adk(4)	fumC(26)	gyrB(2)	icd(25)	mdh(5)	purA(5)	recA(19)
data/genomes/562.57285.fna.gz	ecoli_achtman_4	405	adk(35)	fumC(37)	gyrB(29)	icd(25)	mdh(4)	purA(5)	recA(73)
data/genomes/562.57235.fna.gz	ecoli_achtman_4	131	adk(53)	fumC(40)	gyrB(47)	icd(13)	mdh(36)	purA(28)	recA(29)
data/genomes/562.57135.fna.gz	ecoli_achtman_4	399	adk(6)	fumC(4)	gyrB(1)	icd(95)	mdh(69)	purA(8)	recA(20)
data/genomes/562.57085.fna.gz	ecoli_achtman_4	405	adk(35)	fumC(37)	gyrB(29)	icd(25)	mdh(4)	purA(5)	recA(73)
data/genomes/562.57185.fna.gz	ecoli_achtman_4	3	adk(6)	fumC(4)	gyrB(3)	icd(7)	mdh(7)	purA(7)	recA(6)
data/genomes/562.57367.fna.gz	ecoli_achtman_4	2003	adk(4)	fumC(26)	gyrB(2)	icd(25)	mdh(4)	purA(5)	recA(19)
data/genomes/562.57236.fna.gz	ecoli_achtman_4	69	adk(21)	fumC(35)	gyrB(27)	icd(6)	mdh(5)	purA(5)	recA(4)
data/genomes/562.57286.fna.gz	ecoli_achtman_4	43	adk(24)	fumC(11)	gyrB(4)	icd(8)	mdh(8)	purA(8)	recA(2)
data/genomes/562.57136.fna.gz	ecoli_achtman_4	10	adk(10)	fumC(11)	gyrB(4)	icd(8)	mdh(8)	purA(8)	recA(2)
data/genomes/562.57086.fna.gz	ecoli_achtman_4	12	adk(13)	fumC(13)	gyrB(9)	icd(13)	mdh(16)	purA(10)	recA(9)
data/genomes/562.57368.fna.gz	ecoli_achtman_4	10	adk(10)	fumC(11)	gyrB(4)	icd(8)	mdh(8)	purA(8)	recA(2)
data/genomes/562.57186.fna.gz	ecoli_achtman_4	1679	adk(6)	fumC(4)	gyrB(12)	icd(1)	mdh(20)	purA(2)	recA(44)
data/genomes/562.57237.fna.gz	ecoli_achtman_4	62	adk(28)	fumC(33)	gyrB(25)	icd(29)	mdh(7)	purA(11)	recA(24)
data/genomes/562.57137.fna.gz	ecoli_achtman_4	88	adk(6)	fumC(4)	gyrB(12)	icd(1)	mdh(20)	purA(12)	recA(7)
data/genomes/562.57287.fna.gz	ecoli_achtman_4	131	adk(53)	fumC(40)	gyrB(47)	icd(13)	mdh(36)	purA(28)	recA(29)
data/genomes/562.57087.fna.gz	ecoli_achtman_4	131	adk(53)	fumC(40)	gyrB(47)	icd(13)	mdh(36)	purA(28)	recA(29)
data/genomes/562.57369.fna.gz	ecoli_achtman_4	131	adk(53)	fumC(40)	gyrB(47)	icd(13)	mdh(36)	purA(28)	recA(29)
data/genomes/562.57187.fna.gz	ecoli_achtman_4	131	adk(53)	fumC(40)	gyrB(47)	icd(13)	mdh(36)	purA(28)	recA(29)
data/genomes/562.57238.fna.gz	ecoli_achtman_4	127	adk(13)	fumC(14)	gyrB(19)	icd(36)	mdh(23)	purA(11)	recA(10)
data/genomes/562.57138.fna.gz	ecoli_achtman_4	641	adk(9)	fumC(6)	gyrB(33)	icd(131)	mdh(24)	purA(8)	recA(7)
data/genomes/562.57288.fna.gz	ecoli_achtman_4	38	adk(4)	fumC(26)	gyrB(2)	icd(25)	mdh(5)	purA(5)	recA(19)
data/genomes/562.57088.fna.gz	ecoli_achtman_4	131	adk(53)	fumC(40)	gyrB(47)	icd(13)	mdh(36)	purA(28)	recA(29)
data/genomes/562.57188.fna.gz	ecoli_achtman_4	5268	adk(132)	fumC(170)	gyrB(85)	icd(207)	mdh(116)	purA(149)	recA(324)
data/genomes/562.57370.fna.gz	ecoli_achtman_4	2179	adk(9)	fumC(65)	gyrB(5)	icd(18)	mdh(11)	purA(8)	recA(6)
data/genomes/562.57239.fna.gz	ecoli_achtman_4	710	adk(6)	fumC(153)	gyrB(4)	icd(91)	mdh(7)	purA(8)	recA(6)
data/genomes/562.57139.fna.gz	ecoli_achtman_4	130	adk(18)	fumC(22)	gyrB(20)	icd(6)	mdh(5)	purA(5)	recA(4)
data/genomes/562.57289.fna.gz	ecoli_achtman_4	38	adk(4)	fumC(26)	gyrB(2)	icd(25)	mdh(5)	purA(5)	recA(19)
data/genomes/562.57089.fna.gz	ecoli_achtman_4	131	adk(53)	fumC(40)	gyrB(47)	icd(13)	mdh(36)	purA(28)	recA(29)
data/genomes/562.57189.fna.gz	ecoli_achtman_4	70	adk(34)	fumC(36)	gyrB(28)	icd(25)	mdh(28)	purA(16)	recA(4)
data/genomes/562.57371.fna.gz	ecoli_achtman_4	131	adk(53)	fumC(40)	gyrB(47)	icd(13)	mdh(36)	purA(28)	recA(29)
data/genomes/562.57240.fna.gz	ecoli_achtman_4	9781	adk(6)	fumC(95)	gyrB(3)	icd(1129)	mdh(9)	purA(8)	recA(2)
data/genomes/562.57140.fna.gz	ecoli_achtman_4	372	adk(88)	fumC(103)	gyrB(19)	icd(36)	mdh(23)	purA(44)	recA(26)
data/genomes/562.57290.fna.gz	ecoli_achtman_4	617	adk(10)	fumC(11)	gyrB(4)	icd(8)	mdh(8)	purA(13)	recA(73)
data/genomes/562.57190.fna.gz	ecoli_achtman_4	10	adk(10)	fumC(11)	gyrB(4)	icd(8)	mdh(8)	purA(8)	recA(2)
data/genomes/562.57090.fna.gz	ecoli_achtman_4	648	adk(92)	fumC(4)	gyrB(87)	icd(96)	mdh(70)	purA(58)	recA(2)
data/genomes/562.57372.fna.gz	ecoli_achtman_4	648	adk(92)	fumC(4)	gyrB(87)	icd(96)	mdh(70)	purA(58)	recA(2)
data/genomes/562.57241.fna.gz	ecoli_achtman_4	155	adk(6)	fumC(4)	gyrB(14)	icd(16)	mdh(24)	purA(8)	recA(14)
data/genomes/562.57291.fna.gz	ecoli_achtman_4	48	adk(6)	fumC(11)	gyrB(4)	icd(8)	mdh(8)	purA(8)	recA(2)
data/genomes/562.57141.fna.gz	ecoli_achtman_4	8858	adk(64)	fumC(1228)	gyrB(1)	icd(561)	mdh(8)	purA(8)	recA(6)
data/genomes/562.57091.fna.gz	ecoli_achtman_4	131	adk(53)	fumC(40)	gyrB(47)	icd(13)	mdh(36)	purA(28)	recA(29)
data/genomes/562.57191.fna.gz	ecoli_achtman_4	599	adk(13)	fumC(13)	gyrB(9)	icd(129)	mdh(16)	purA(10)	recA(9)
data/genomes/562.57373.fna.gz	ecoli_achtman_4	354	adk(85)	fumC(88)	gyrB(78)	icd(29)	mdh(59)	purA(58)	recA(62)
data/genomes/562.57242.fna.gz	ecoli_achtman_4	10	adk(10)	fumC(11)	gyrB(4)	icd(8)	mdh(8)	purA(8)	recA(2)
data/genomes/562.57292.fna.gz	ecoli_achtman_4	1284	adk(10)	fumC(4)	gyrB(4)	icd(8)	mdh(8)	purA(13)	recA(73)
data/genomes/562.57142.fna.gz	ecoli_achtman_4	1619	adk(37)	fumC(38)	gyrB(19)	icd(37)	mdh(17)	purA(183)	recA(26)
data/genomes/562.57092.fna.gz	ecoli_achtman_4	135	adk(13)	fumC(39)	gyrB(50)	icd(13)	mdh(16)	purA(37)	recA(25)
data/genomes/562.57192.fna.gz	ecoli_achtman_4	10	adk(10)	fumC(11)	gyrB(4)	icd(8)	mdh(8)	purA(8)	recA(2)
data/genomes/562.57374.fna.gz	ecoli_achtman_4	44	adk(10)	fumC(11)	gyrB(4)	icd(8)	mdh(8)	purA(8)	recA(7)
data/genomes/562.57243.fna.gz	ecoli_achtman_4	10	adk(10)	fumC(11)	gyrB(4)	icd(8)	mdh(8)	purA(8)	recA(2)
data/genomes/562.57293.fna.gz	ecoli_achtman_4	372	adk(88)	fumC(103)	gyrB(19)	icd(36)	mdh(23)	purA(44)	recA(26)
data/genomes/562.57143.fna.gz	ecoli_achtman_4	141	adk(13)	fumC(52)	gyrB(10)	icd(14)	mdh(17)	purA(25)	recA(17)
data/genomes/562.57093.fna.gz	ecoli_achtman_4	1973	adk(241)	fumC(153)	gyrB(4)	icd(91)	mdh(7)	purA(8)	recA(6)
data/genomes/562.57193.fna.gz	ecoli_achtman_4	59	adk(27)	fumC(32)	gyrB(24)	icd(29)	mdh(26)	purA(19)	recA(22)
data/genomes/562.57375.fna.gz	ecoli_achtman_4	131	adk(53)	fumC(40)	gyrB(47)	icd(13)	mdh(36)	purA(28)	recA(29)
data/genomes/562.57294.fna.gz	ecoli_achtman_4	648	adk(92)	fumC(4)	gyrB(87)	icd(96)	mdh(70)	purA(58)	recA(2)
data/genomes/562.57144.fna.gz	ecoli_achtman_4	297	adk(6)	fumC(65)	gyrB(32)	icd(26)	mdh(9)	purA(8)	recA(2)
data/genomes/562.57244.fna.gz	ecoli_achtman_4	69	adk(21)	fumC(35)	gyrB(27)	icd(6)	mdh(5)	purA(5)	recA(4)
data/genomes/562.57094.fna.gz	ecoli_achtman_4	69	adk(21)	fumC(35)	gyrB(27)	icd(6)	mdh(5)	purA(5)	recA(4)
data/genomes/562.57376.fna.gz	ecoli_achtman_4	75	adk(6)	fumC(6)	gyrB(5)	icd(10)	mdh(20)	purA(23)	recA(6)
data/genomes/562.57194.fna.gz	ecoli_achtman_4	70	adk(34)	fumC(36)	gyrB(28)	icd(25)	mdh(28)	purA(16)	recA(4)
data/genomes/562.57295.fna.gz	ecoli_achtman_4	10	adk(10)	fumC(11)	gyrB(4)	icd(8)	mdh(8)	purA(8)	recA(2)
data/genomes/562.57145.fna.gz	ecoli_achtman_4	409	adk(10)	fumC(11)	gyrB(1)	icd(1)	mdh(71)	purA(8)	recA(6)
data/genomes/562.57245.fna.gz	ecoli_achtman_4	405	adk(35)	fumC(37)	gyrB(29)	icd(25)	mdh(4)	purA(5)	recA(73)
data/genomes/562.57095.fna.gz	ecoli_achtman_4	216	adk(10)	fumC(11)	gyrB(57)	icd(8)	mdh(7)	purA(18)	recA(6)
data/genomes/562.57195.fna.gz	ecoli_achtman_4	10	adk(10)	fumC(11)	gyrB(4)	icd(8)	mdh(8)	purA(8)	recA(2)
data/genomes/562.57377.fna.gz	ecoli_achtman_4	10	adk(10)	fumC(11)	gyrB(4)	icd(8)	mdh(8)	purA(8)	recA(2)
data/genomes/562.57296.fna.gz	ecoli_achtman_4	69	adk(21)	fumC(35)	gyrB(27)	icd(6)	mdh(5)	purA(5)	recA(4)
data/genomes/562.57246.fna.gz	ecoli_achtman_4	720	adk(35)	fumC(3)	gyrB(58)	icd(6)	mdh(5)	purA(16)	recA(4)
data/genomes/562.57146.fna.gz	ecoli_achtman_4	5825	adk(512)	fumC(753)	gyrB(136)	icd(322)	mdh(24)	purA(1)	recA(2)
data/genomes/562.57096.fna.gz	ecoli_achtman_4	-	adk(6)	fumC(4)	gyrB(1)	icd(2158?)	mdh(69)	purA(8)	recA(20)
data/genomes/562.57379.fna.gz	ecoli_achtman_4	457	adk(101)	fumC(88)	gyrB(97)	icd(108)	mdh(26)	purA(79)	recA(2)
data/genomes/562.57196.fna.gz	ecoli_achtman_4	12	adk(13)	fumC(13)	gyrB(9)	icd(13)	mdh(16)	purA(10)	recA(9)
data/genomes/562.57297.fna.gz	ecoli_achtman_4	12	adk(13)	fumC(13)	gyrB(9)	icd(13)	mdh(16)	purA(10)	recA(9)
data/genomes/562.57247.fna.gz	ecoli_achtman_4	38	adk(4)	fumC(26)	gyrB(2)	icd(25)	mdh(5)	purA(5)	recA(19)
data/genomes/562.57147.fna.gz	ecoli_achtman_4	607	adk(113)	fumC(4)	gyrB(5)	icd(83)	mdh(8)	purA(8)	recA(6)
data/genomes/562.57380.fna.gz	ecoli_achtman_4	131	adk(53)	fumC(40)	gyrB(47)	icd(13)	mdh(36)	purA(28)	recA(29)
data/genomes/562.57197.fna.gz	ecoli_achtman_4	131	adk(53)	fumC(40)	gyrB(47)	icd(13)	mdh(36)	purA(28)	recA(29)
data/genomes/562.57097.fna.gz	ecoli_achtman_4	-	adk(8)	fumC(11)	gyrB(4)	icd(8)	mdh(1709?)	purA(8)	recA(2)
data/genomes/562.57298.fna.gz	ecoli_achtman_4	393	adk(18)	fumC(106)	gyrB(17)	icd(6)	mdh(5)	purA(5)	recA(4)
data/genomes/562.57248.fna.gz	ecoli_achtman_4	131	adk(53)	fumC(40)	gyrB(47)	icd(13)	mdh(36)	purA(28)	recA(29)
data/genomes/562.57148.fna.gz	ecoli_achtman_4	394	adk(21)	fumC(35)	gyrB(61)	icd(52)	mdh(5)	purA(5)	recA(4)
data/genomes/562.57381.fna.gz	ecoli_achtman_4	131	adk(53)	fumC(40)	gyrB(47)	icd(13)	mdh(36)	purA(28)	recA(29)
data/genomes/562.57098.fna.gz	ecoli_achtman_4	127	adk(13)	fumC(14)	gyrB(19)	icd(36)	mdh(23)	purA(11)	recA(10)
data/genomes/562.57198.fna.gz	ecoli_achtman_4	443	adk(6)	fumC(19)	gyrB(15)	icd(16)	mdh(9)	purA(8)	recA(7)
data/genomes/562.57299.fna.gz	ecoli_achtman_4	641	adk(9)	fumC(6)	gyrB(33)	icd(131)	mdh(24)	purA(8)	recA(7)
data/genomes/562.57249.fna.gz	ecoli_achtman_4	-	adk(24)	fumC(11)	gyrB(4)	icd(8)	mdh(8)	purA(28)	recA(2)
data/genomes/562.57149.fna.gz	ecoli_achtman_4	12	adk(13)	fumC(13)	gyrB(9)	icd(13)	mdh(16)	purA(10)	recA(9)
data/genomes/562.57382.fna.gz	ecoli_achtman_4	1193	adk(14)	fumC(14)	gyrB(10)	icd(200)	mdh(17)	purA(7)	recA(10)
data/genomes/562.57099.fna.gz	ecoli_achtman_4	10	adk(10)	fumC(11)	gyrB(4)	icd(8)	mdh(8)	purA(8)	recA(2)
data/genomes/562.57199.fna.gz	ecoli_achtman_4	38	adk(4)	fumC(26)	gyrB(2)	icd(25)	mdh(5)	purA(5)	recA(19)
data/genomes/562.57300.fna.gz	ecoli_achtman_4	362	adk(62)	fumC(100)	gyrB(17)	icd(31)	mdh(5)	purA(5)	recA(4)
data/genomes/562.57250.fna.gz	ecoli_achtman_4	131	adk(53)	fumC(40)	gyrB(47)	icd(13)	mdh(36)	purA(28)	recA(29)
data/genomes/562.57150.fna.gz	ecoli_achtman_4	7100	adk(9)	fumC(23)	gyrB(5)	icd(1)	mdh(522)	purA(8)	recA(381)
data/genomes/562.57383.fna.gz	ecoli_achtman_4	542	adk(112)	fumC(11)	gyrB(5)	icd(12)	mdh(8)	purA(8)	recA(86)
data/genomes/562.57100.fna.gz	ecoli_achtman_4	2351	adk(6)	fumC(19)	gyrB(32)	icd(16)	mdh(9)	purA(8)	recA(7)
data/genomes/562.57200.fna.gz	ecoli_achtman_4	59	adk(27)	fumC(32)	gyrB(24)	icd(29)	mdh(26)	purA(19)	recA(22)
data/genomes/562.57301.fna.gz	ecoli_achtman_4	586	adk(35)	fumC(143)	gyrB(52)	icd(125)	mdh(5)	purA(91)	recA(87)
data/genomes/562.57251.fna.gz	ecoli_achtman_4	62	adk(28)	fumC(33)	gyrB(25)	icd(29)	mdh(7)	purA(11)	recA(24)
data/genomes/562.57151.fna.gz	ecoli_achtman_4	127	adk(13)	fumC(14)	gyrB(19)	icd(36)	mdh(23)	purA(11)	recA(10)
data/genomes/562.57384.fna.gz	ecoli_achtman_4	354	adk(85)	fumC(88)	gyrB(78)	icd(29)	mdh(59)	purA(58)	recA(62)
data/genomes/562.57101.fna.gz	ecoli_achtman_4	-	adk(13)	fumC(52)	gyrB(10)	icd(14)	mdh(1709?)	purA(28)	recA(17)
data/genomes/562.57201.fna.gz	ecoli_achtman_4	34	adk(10)	fumC(11)	gyrB(4)	icd(1)	mdh(8)	purA(8)	recA(2)
data/genomes/562.57302.fna.gz	ecoli_achtman_4	8855	adk(6)	fumC(29)	gyrB(14)	icd(18)	mdh(195)	purA(26)	recA(14)
data/genomes/562.57252.fna.gz	ecoli_achtman_4	224	adk(6)	fumC(4)	gyrB(33)	icd(16)	mdh(11)	purA(8)	recA(6)
data/genomes/562.57152.fna.gz	ecoli_achtman_4	1665	adk(63)	fumC(29)	gyrB(3)	icd(1)	mdh(24)	purA(23)	recA(7)
data/genomes/562.57385.fna.gz	ecoli_achtman_4	6622	adk(10)	fumC(11)	gyrB(4)	icd(607)	mdh(8)	purA(8)	recA(2)
data/genomes/562.57102.fna.gz	ecoli_achtman_4	1973	adk(241)	fumC(153)	gyrB(4)	icd(91)	mdh(7)	purA(8)	recA(6)
data/genomes/562.57202.fna.gz	ecoli_achtman_4	59	adk(27)	fumC(32)	gyrB(24)	icd(29)	mdh(26)	purA(19)	recA(22)
data/genomes/562.57303.fna.gz	ecoli_achtman_4	1434	adk(10)	fumC(11)	gyrB(5)	icd(8)	mdh(7)	purA(8)	recA(6)
data/genomes/562.57253.fna.gz	ecoli_achtman_4	648	adk(92)	fumC(4)	gyrB(87)	icd(96)	mdh(70)	purA(58)	recA(2)
data/genomes/562.57386.fna.gz	ecoli_achtman_4	93	adk(6)	fumC(11)	gyrB(4)	icd(10)	mdh(7)	purA(8)	recA(6)
data/genomes/562.57153.fna.gz	ecoli_achtman_4	131	adk(53)	fumC(40)	gyrB(47)	icd(13)	mdh(36)	purA(28)	recA(29)
data/genomes/562.57103.fna.gz	ecoli_achtman_4	337	adk(6)	fumC(19)	gyrB(15)	icd(18)	mdh(9)	purA(8)	recA(6)
data/genomes/562.57203.fna.gz	ecoli_achtman_4	131	adk(53)	fumC(40)	gyrB(47)	icd(13)	mdh(36)	purA(28)	recA(29)
data/genomes/562.57304.fna.gz	ecoli_achtman_4	136	adk(38)	fumC(39)	gyrB(30)	icd(13)	mdh(17)	purA(11)	recA(28)
data/genomes/562.57254.fna.gz	ecoli_achtman_4	131	adk(53)	fumC(40)	gyrB(47)	icd(13)	mdh(36)	purA(28)	recA(29)
data/genomes/562.57388.fna.gz	ecoli_achtman_4	206	adk(6)	fumC(7)	gyrB(5)	icd(1)	mdh(8)	purA(18)	recA(2)
data/genomes/562.57154.fna.gz	ecoli_achtman_4	12	adk(13)	fumC(13)	gyrB(9)	icd(13)	mdh(16)	purA(10)	recA(9)
data/genomes/562.57104.fna.gz	ecoli_achtman_4	69	adk(21)	fumC(35)	gyrB(27)	icd(6)	mdh(5)	purA(5)	recA(4)
data/genomes/562.57205.fna.gz	ecoli_achtman_4	8861	adk(53)	fumC(40)	gyrB(47)	icd(1005)	mdh(36)	purA(28)	recA(29)
data/genomes/562.57305.fna.gz	ecoli_achtman_4	635	adk(6)	fumC(107)	gyrB(1)	icd(95)	mdh(69)	purA(8)	recA(7)
data/genomes/562.57255.fna.gz	ecoli_achtman_4	453	adk(99)	fumC(6)	gyrB(33)	icd(33)	mdh(24)	purA(8)	recA(7)
data/genomes/562.57389.fna.gz	ecoli_achtman_4	218	adk(10)	fumC(11)	gyrB(4)	icd(12)	mdh(8)	purA(8)	recA(2)
data/genomes/562.57390.fna.gz	ecoli_achtman_4	2003	adk(4)	fumC(26)	gyrB(2)	icd(25)	mdh(4)	purA(5)	recA(19)
data/genomes/562.57444.fna.gz	ecoli_achtman_4	405	adk(35)	fumC(37)	gyrB(29)	icd(25)	mdh(4)	purA(5)	recA(73)
data/genomes/562.57499.fna.gz	ecoli_achtman_4	457	adk(101)	fumC(88)	gyrB(97)	icd(108)	mdh(26)	purA(79)	recA(2)
data/genomes/562.57306.fna.gz	ecoli_achtman_4	1141	adk(10)	fumC(11)	gyrB(183)	icd(8)	mdh(8)	purA(8)	recA(2)
data/genomes/562.58714.fna.gz	ecoli_achtman_4	744	adk(10)	fumC(11)	gyrB(135)	icd(8)	mdh(8)	purA(8)	recA(2)
data/genomes/562.58769.fna.gz	ecoli_achtman_4	641	adk(9)	fumC(6)	gyrB(33)	icd(131)	mdh(24)	purA(8)	recA(7)
data/genomes/562.57391.fna.gz	ecoli_achtman_4	101	adk(43)	fumC(41)	gyrB(15)	icd(18)	mdh(11)	purA(7)	recA(6)
data/genomes/562.57446.fna.gz	ecoli_achtman_4	88	adk(6)	fumC(4)	gyrB(12)	icd(1)	mdh(20)	purA(12)	recA(7)
data/genomes/562.57500.fna.gz	ecoli_achtman_4	131	adk(53)	fumC(40)	gyrB(47)	icd(13)	mdh(36)	purA(28)	recA(29)
data/genomes/562.65808.fna.gz	ecoli_achtman_4	410	adk(6)	fumC(4)	gyrB(12)	icd(1)	mdh(20)	purA(18)	recA(7)
data/genomes/562.58715.fna.gz	ecoli_achtman_4	6875	adk(92)	fumC(924)	gyrB(87)	icd(96)	mdh(70)	purA(58)	recA(2)
data/genomes/562.58770.fna.gz	ecoli_achtman_4	212	adk(6)	fumC(29)	gyrB(4)	icd(18)	mdh(11)	purA(8)	recA(6)
data/genomes/562.57447.fna.gz	ecoli_achtman_4	457	adk(101)	fumC(88)	gyrB(97)	icd(108)	mdh(26)	purA(79)	recA(2)
data/genomes/562.57502.fna.gz	ecoli_achtman_4	131	adk(53)	fumC(40)	gyrB(47)	icd(13)	mdh(36)	purA(28)	recA(29)
data/genomes/562.57392.fna.gz	ecoli_achtman_4	58	adk(6)	fumC(4)	gyrB(4)	icd(16)	mdh(24)	purA(8)	recA(14)
data/genomes/562.65809.fna.gz	ecoli_achtman_4	410	adk(6)	fumC(4)	gyrB(12)	icd(1)	mdh(20)	purA(18)	recA(7)
data/genomes/562.58716.fna.gz	ecoli_achtman_4	-	adk(~6)	fumC(29)	gyrB(~32)	icd(16)	mdh(11)	purA(8)	recA(44)
data/genomes/562.58771.fna.gz	ecoli_achtman_4	202	adk(64)	fumC(11)	gyrB(5)	icd(8)	mdh(8)	purA(8)	recA(2)
data/genomes/562.57448.fna.gz	ecoli_achtman_4	48	adk(6)	fumC(11)	gyrB(4)	icd(8)	mdh(8)	purA(8)	recA(2)
data/genomes/562.57503.fna.gz	ecoli_achtman_4	131	adk(53)	fumC(40)	gyrB(47)	icd(13)	mdh(36)	purA(28)	recA(29)
data/genomes/562.57393.fna.gz	ecoli_achtman_4	5943	adk(6)	fumC(7)	gyrB(5)	icd(1)	mdh(291)	purA(8)	recA(2)
data/genomes/562.65810.fna.gz	ecoli_achtman_4	410	adk(6)	fumC(4)	gyrB(12)	icd(1)	mdh(20)	purA(18)	recA(7)
data/genomes/562.58772.fna.gz	ecoli_achtman_4	3998	adk(6)	fumC(29)	gyrB(22)	icd(1)	mdh(11)	purA(8)	recA(7)
data/genomes/562.58717.fna.gz	ecoli_achtman_4	131	adk(53)	fumC(40)	gyrB(47)	icd(13)	mdh(36)	purA(28)	recA(29)
data/genomes/562.57449.fna.gz	ecoli_achtman_4	5940	adk(20)	fumC(762)	gyrB(41)	icd(43)	mdh(5)	purA(32)	recA(2)
data/genomes/562.57394.fna.gz	ecoli_achtman_4	641	adk(9)	fumC(6)	gyrB(33)	icd(131)	mdh(24)	purA(8)	recA(7)
data/genomes/562.57504.fna.gz	ecoli_achtman_4	2003	adk(4)	fumC(26)	gyrB(2)	icd(25)	mdh(4)	purA(5)	recA(19)
data/genomes/562.65811.fna.gz	ecoli_achtman_4	410	adk(6)	fumC(4)	gyrB(12)	icd(1)	mdh(20)	purA(18)	recA(7)
data/genomes/562.58773.fna.gz	ecoli_achtman_4	8361	adk(10)	fumC(11)	gyrB(4)	icd(939)	mdh(8)	purA(264)	recA(2)
data/genomes/562.58718.fna.gz	ecoli_achtman_4	1086	adk(6)	fumC(4)	gyrB(32)	icd(185)	mdh(24)	purA(13)	recA(7)
data/genomes/562.57450.fna.gz	ecoli_achtman_4	46	adk(8)	fumC(7)	gyrB(1)	icd(8)	mdh(8)	purA(8)	recA(6)
data/genomes/562.57396.fna.gz	ecoli_achtman_4	48	adk(6)	fumC(11)	gyrB(4)	icd(8)	mdh(8)	purA(8)	recA(2)
data/genomes/562.57505.fna.gz	ecoli_achtman_4	131	adk(53)	fumC(40)	gyrB(47)	icd(13)	mdh(36)	purA(28)	recA(29)
data/genomes/562.65812.fna.gz	ecoli_achtman_4	410	adk(6)	fumC(4)	gyrB(12)	icd(1)	mdh(20)	purA(18)	recA(7)
data/genomes/562.58774.fna.gz	ecoli_achtman_4	155	adk(6)	fumC(4)	gyrB(14)	icd(16)	mdh(24)	purA(8)	recA(14)
data/genomes/562.57451.fna.gz	ecoli_achtman_4	2003	adk(4)	fumC(26)	gyrB(2)	icd(25)	mdh(4)	purA(5)	recA(19)
data/genomes/562.58719.fna.gz	ecoli_achtman_4	-	adk(~6)	fumC(65)	gyrB(3)	icd(1)	mdh(11)	purA(13)	recA(6)
data/genomes/562.57506.fna.gz	ecoli_achtman_4	58	adk(6)	fumC(4)	gyrB(4)	icd(16)	mdh(24)	purA(8)	recA(14)
data/genomes/562.57398.fna.gz	ecoli_achtman_4	44	adk(10)	fumC(11)	gyrB(4)	icd(8)	mdh(8)	purA(8)	recA(7)
data/genomes/562.65813.fna.gz	ecoli_achtman_4	410	adk(6)	fumC(4)	gyrB(12)	icd(1)	mdh(20)	purA(18)	recA(7)
data/genomes/562.58775.fna.gz	ecoli_achtman_4	23	adk(6)	fumC(4)	gyrB(12)	icd(1)	mdh(20)	purA(13)	recA(7)
data/genomes/562.57452.fna.gz	ecoli_achtman_4	131	adk(53)	fumC(40)	gyrB(47)	icd(13)	mdh(36)	purA(28)	recA(29)
data/genomes/562.58720.fna.gz	ecoli_achtman_4	-	adk(~4)	fumC(~26)	gyrB(2)	icd(~25)	mdh(5)	purA(5)	recA(~19)
data/genomes/562.57507.fna.gz	ecoli_achtman_4	354	adk(85)	fumC(88)	gyrB(78)	icd(29)	mdh(59)	purA(58)	recA(62)
data/genomes/562.57399.fna.gz	ecoli_achtman_4	405	adk(35)	fumC(37)	gyrB(29)	icd(25)	mdh(4)	purA(5)	recA(73)
data/genomes/562.65814.fna.gz	ecoli_achtman_4	410	adk(6)	fumC(4)	gyrB(12)	icd(1)	mdh(20)	purA(18)	recA(7)
data/genomes/562.58776.fna.gz	ecoli_achtman_4	8363	adk(9)	fumC(65)	gyrB(5)	icd(940)	mdh(9)	purA(13)	recA(6)
data/genomes/562.57453.fna.gz	ecoli_achtman_4	410	adk(6)	fumC(4)	gyrB(12)	icd(1)	mdh(20)	purA(18)	recA(7)
data/genomes/562.58721.fna.gz	ecoli_achtman_4	156	adk(6)	fumC(29)	gyrB(32)	icd(16)	mdh(11)	purA(8)	recA(44)
data/genomes/562.57508.fna.gz	ecoli_achtman_4	131	adk(53)	fumC(40)	gyrB(47)	icd(13)	mdh(36)	purA(28)	recA(29)
data/genomes/562.57400.fna.gz	ecoli_achtman_4	38	adk(4)	fumC(26)	gyrB(2)	icd(25)	mdh(5)	purA(5)	recA(19)
data/genomes/562.65815.fna.gz	ecoli_achtman_4	410	adk(6)	fumC(4)	gyrB(12)	icd(1)	mdh(20)	purA(18)	recA(7)
data/genomes/562.58777.fna.gz	ecoli_achtman_4	8360	adk(6)	fumC(11)	gyrB(4)	icd(8)	mdh(12)	purA(632)	recA(2)
data/genomes/562.57454.fna.gz	ecoli_achtman_4	131	adk(53)	fumC(40)	gyrB(47)	icd(13)	mdh(36)	purA(28)	recA(29)
data/genomes/562.58722.fna.gz	ecoli_achtman_4	-	adk(43)	fumC(41)	gyrB(15)	icd(18)	mdh(~11)	purA(7)	recA(6)
data/genomes/562.57509.fna.gz	ecoli_achtman_4	44	adk(10)	fumC(11)	gyrB(4)	icd(8)	mdh(8)	purA(8)	recA(7)
data/genomes/562.57401.fna.gz	ecoli_achtman_4	3268	adk(4)	fumC(26)	gyrB(2)	icd(363)	mdh(5)	purA(5)	recA(19)
data/genomes/562.65816.fna.gz	ecoli_achtman_4	6332	adk(6)	fumC(4)	gyrB(12)	icd(1)	mdh(20)	purA(473)	recA(7)
data/genomes/562.58778.fna.gz	ecoli_achtman_4	1611	adk(6)	fumC(4)	gyrB(15)	icd(18)	mdh(9)	purA(26)	recA(7)
data/genomes/562.57455.fna.gz	ecoli_achtman_4	744	adk(10)	fumC(11)	gyrB(135)	icd(8)	mdh(8)	purA(8)	recA(2)
data/genomes/562.58723.fna.gz	ecoli_achtman_4	156	adk(6)	fumC(29)	gyrB(32)	icd(16)	mdh(11)	purA(8)	recA(44)
data/genomes/562.57510.fna.gz	ecoli_achtman_4	1602	adk(136)	fumC(11)	gyrB(4)	icd(1)	mdh(8)	purA(18)	recA(2)
data/genomes/562.57402.fna.gz	ecoli_achtman_4	398	adk(64)	fumC(7)	gyrB(1)	icd(1)	mdh(8)	purA(8)	recA(6)
data/genomes/562.65817.fna.gz	ecoli_achtman_4	410	adk(6)	fumC(4)	gyrB(12)	icd(1)	mdh(20)	purA(18)	recA(7)
data/genomes/562.58779.fna.gz	ecoli_achtman_4	212	adk(6)	fumC(29)	gyrB(4)	icd(18)	mdh(11)	purA(8)	recA(6)
data/genomes/562.57456.fna.gz	ecoli_achtman_4	5942	adk(9)	fumC(175)	gyrB(33)	icd(131)	mdh(11)	purA(8)	recA(6)
data/genomes/562.58724.fna.gz	ecoli_achtman_4	398	adk(64)	fumC(7)	gyrB(1)	icd(1)	mdh(8)	purA(8)	recA(6)
data/genomes/562.57403.fna.gz	ecoli_achtman_4	131	adk(53)	fumC(40)	gyrB(47)	icd(13)	mdh(36)	purA(28)	recA(29)
data/genomes/562.65818.fna.gz	ecoli_achtman_4	410	adk(6)	fumC(4)	gyrB(12)	icd(1)	mdh(20)	purA(18)	recA(7)
data/genomes/562.58621.fna.gz	ecoli_achtman_4	940	adk(6)	fumC(6)	gyrB(22)	icd(16)	mdh(11)	purA(1)	recA(7)
data/genomes/562.58780.fna.gz	ecoli_achtman_4	1611	adk(6)	fumC(4)	gyrB(15)	icd(18)	mdh(9)	purA(26)	recA(7)
data/genomes/562.57457.fna.gz	ecoli_achtman_4	131	adk(53)	fumC(40)	gyrB(47)	icd(13)	mdh(36)	purA(28)	recA(29)
data/genomes/562.58725.fna.gz	ecoli_achtman_4	354	adk(85)	fumC(88)	gyrB(78)	icd(29)	mdh(59)	purA(58)	recA(62)
data/genomes/562.57404.fna.gz	ecoli_achtman_4	48	adk(6)	fumC(11)	gyrB(4)	icd(8)	mdh(8)	purA(8)	recA(2)
data/genomes/562.65819.fna.gz	ecoli_achtman_4	6332	adk(6)	fumC(4)	gyrB(12)	icd(1)	mdh(20)	purA(473)	recA(7)
data/genomes/562.58622.fna.gz	ecoli_achtman_4	131	adk(53)	fumC(40)	gyrB(47)	icd(13)	mdh(36)	purA(28)	recA(29)
data/genomes/562.58781.fna.gz	ecoli_achtman_4	10	adk(10)	fumC(11)	gyrB(4)	icd(8)	mdh(8)	purA(8)	recA(2)
data/genomes/562.57458.fna.gz	ecoli_achtman_4	410	adk(6)	fumC(4)	gyrB(12)	icd(1)	mdh(20)	purA(18)	recA(7)
data/genomes/562.58726.fna.gz	ecoli_achtman_4	-	adk(10)	fumC(11)	gyrB(135)	icd(8)	mdh(8)	purA(8)	recA(~2)
data/genomes/562.73346.fna.gz	ecoli_achtman_4	5359	adk(10)	fumC(7)	gyrB(4)	icd(12)	mdh(8)	purA(18)	recA(6)
data/genomes/562.57405.fna.gz	ecoli_achtman_4	131	adk(53)	fumC(40)	gyrB(47)	icd(13)	mdh(36)	purA(28)	recA(29)
data/genomes/562.58623.fna.gz	ecoli_achtman_4	69	adk(21)	fumC(35)	gyrB(27)	icd(6)	mdh(5)	purA(5)	recA(4)
data/genomes/562.58782.fna.gz	ecoli_achtman_4	10	adk(10)	fumC(11)	gyrB(4)	icd(8)	mdh(8)	purA(8)	recA(2)
data/genomes/562.57459.fna.gz	ecoli_achtman_4	410	adk(6)	fumC(4)	gyrB(12)	icd(1)	mdh(20)	purA(18)	recA(7)
data/genomes/562.58727.fna.gz	ecoli_achtman_4	-	adk(10)	fumC(~2134)	gyrB(4)	icd(8)	mdh(8)	purA(8)	recA(~17)
data/genomes/562.73347.fna.gz	ecoli_achtman_4	607	adk(113)	fumC(4)	gyrB(5)	icd(83)	mdh(8)	purA(8)	recA(6)
data/genomes/562.57406.fna.gz	ecoli_achtman_4	410	adk(6)	fumC(4)	gyrB(12)	icd(1)	mdh(20)	purA(18)	recA(7)
data/genomes/562.58624.fna.gz	ecoli_achtman_4	405	adk(35)	fumC(37)	gyrB(29)	icd(25)	mdh(4)	purA(5)	recA(73)
data/genomes/562.58783.fna.gz	ecoli_achtman_4	48	adk(6)	fumC(11)	gyrB(4)	icd(8)	mdh(8)	purA(8)	recA(2)
data/genomes/562.57460.fna.gz	ecoli_achtman_4	127	adk(13)	fumC(14)	gyrB(19)	icd(36)	mdh(23)	purA(11)	recA(10)
data/genomes/562.58728.fna.gz	ecoli_achtman_4	359	adk(43)	fumC(41)	gyrB(15)	icd(90)	mdh(11)	purA(8)	recA(6)
data/genomes/562.73349.fna.gz	ecoli_achtman_4	224	adk(6)	fumC(4)	gyrB(33)	icd(16)	mdh(11)	purA(8)	recA(6)
data/genomes/562.57407.fna.gz	ecoli_achtman_4	10	adk(10)	fumC(11)	gyrB(4)	icd(8)	mdh(8)	purA(8)	recA(2)
data/genomes/562.58625.fna.gz	ecoli_achtman_4	648	adk(92)	fumC(4)	gyrB(87)	icd(96)	mdh(70)	purA(58)	recA(2)
data/genomes/562.58784.fna.gz	ecoli_achtman_4	155	adk(6)	fumC(4)	gyrB(14)	icd(16)	mdh(24)	purA(8)	recA(14)
data/genomes/562.57462.fna.gz	ecoli_achtman_4	457	adk(101)	fumC(88)	gyrB(97)	icd(108)	mdh(26)	purA(79)	recA(2)
data/genomes/562.58729.fna.gz	ecoli_achtman_4	155	adk(6)	fumC(4)	gyrB(14)	icd(16)	mdh(24)	purA(8)	recA(14)
data/genomes/562.73350.fna.gz	ecoli_achtman_4	607	adk(113)	fumC(4)	gyrB(5)	icd(83)	mdh(8)	purA(8)	recA(6)
data/genomes/562.57409.fna.gz	ecoli_achtman_4	5950	adk(9)	fumC(6)	gyrB(33)	icd(131)	mdh(24)	purA(8)	recA(417)
data/genomes/562.58626.fna.gz	ecoli_achtman_4	-	adk(10)	fumC(-)	gyrB(4)	icd(8)	mdh(8)	purA(13)	recA(73)
data/genomes/562.58785.fna.gz	ecoli_achtman_4	7210	adk(80)	fumC(4)	gyrB(3)	icd(16)	mdh(7)	purA(8)	recA(6)
data/genomes/562.57463.fna.gz	ecoli_achtman_4	354	adk(85)	fumC(88)	gyrB(78)	icd(29)	mdh(59)	purA(58)	recA(62)
data/genomes/562.58730.fna.gz	ecoli_achtman_4	69	adk(21)	fumC(35)	gyrB(27)	icd(6)	mdh(5)	purA(5)	recA(4)
data/genomes/562.57410.fna.gz	ecoli_achtman_4	5946	adk(6)	fumC(11)	gyrB(5)	icd(8)	mdh(179)	purA(8)	recA(2)
data/genomes/562.73351.fna.gz	ecoli_achtman_4	607	adk(113)	fumC(4)	gyrB(5)	icd(83)	mdh(8)	purA(8)	recA(6)
data/genomes/562.58627.fna.gz	ecoli_achtman_4	131	adk(53)	fumC(40)	gyrB(47)	icd(13)	mdh(36)	purA(28)	recA(29)
data/genomes/562.58786.fna.gz	ecoli_achtman_4	193	adk(10)	fumC(7)	gyrB(4)	icd(12)	mdh(8)	purA(8)	recA(2)
data/genomes/562.57464.fna.gz	ecoli_achtman_4	648	adk(92)	fumC(4)	gyrB(87)	icd(96)	mdh(70)	purA(58)	recA(2)
data/genomes/562.58731.fna.gz	ecoli_achtman_4	224	adk(6)	fumC(4)	gyrB(33)	icd(16)	mdh(11)	purA(8)	recA(6)
data/genomes/562.57411.fna.gz	ecoli_achtman_4	2165	adk(6)	fumC(23)	gyrB(3)	icd(16)	mdh(9)	purA(7)	recA(7)
data/genomes/562.58628.fna.gz	ecoli_achtman_4	1727	adk(6)	fumC(19)	gyrB(3)	icd(16)	mdh(11)	purA(8)	recA(6)
data/genomes/562.73352.fna.gz	ecoli_achtman_4	607	adk(113)	fumC(4)	gyrB(5)	icd(83)	mdh(8)	purA(8)	recA(6)
data/genomes/562.58787.fna.gz	ecoli_achtman_4	1146	adk(6)	fumC(29)	gyrB(4)	icd(1)	mdh(24)	purA(8)	recA(7)
data/genomes/562.57465.fna.gz	ecoli_achtman_4	410	adk(6)	fumC(4)	gyrB(12)	icd(1)	mdh(20)	purA(18)	recA(7)
data/genomes/562.58732.fna.gz	ecoli_achtman_4	4096	adk(10)	fumC(11)	gyrB(4)	icd(8)	mdh(8)	purA(321)	recA(2)
data/genomes/562.57412.fna.gz	ecoli_achtman_4	410	adk(6)	fumC(4)	gyrB(12)	icd(1)	mdh(20)	purA(18)	recA(7)
data/genomes/562.58630.fna.gz	ecoli_achtman_4	617	adk(10)	fumC(11)	gyrB(4)	icd(8)	mdh(8)	purA(13)	recA(73)
data/genomes/562.73353.fna.gz	ecoli_achtman_4	1196	adk(6)	fumC(6)	gyrB(33)	icd(26)	mdh(11)	purA(8)	recA(2)
data/genomes/562.58788.fna.gz	ecoli_achtman_4	1146	adk(6)	fumC(29)	gyrB(4)	icd(1)	mdh(24)	purA(8)	recA(7)
data/genomes/562.57466.fna.gz	ecoli_achtman_4	421	adk(37)	fumC(38)	gyrB(19)	icd(37)	mdh(17)	purA(8)	recA(26)
data/genomes/562.58733.fna.gz	ecoli_achtman_4	-	adk(~1027)	fumC(1158)	gyrB(1)	icd(95)	mdh(69)	purA(8)	recA(20)
data/genomes/562.57413.fna.gz	ecoli_achtman_4	1001	adk(6)	fumC(23)	gyrB(4)	icd(18)	mdh(7)	purA(7)	recA(6)
data/genomes/562.58631.fna.gz	ecoli_achtman_4	131	adk(53)	fumC(40)	gyrB(47)	icd(13)	mdh(36)	purA(28)	recA(29)
data/genomes/562.73354.fna.gz	ecoli_achtman_4	607	adk(113)	fumC(4)	gyrB(5)	icd(83)	mdh(8)	purA(8)	recA(6)
data/genomes/562.58789.fna.gz	ecoli_achtman_4	127	adk(13)	fumC(14)	gyrB(19)	icd(36)	mdh(23)	purA(11)	recA(10)
data/genomes/562.57467.fna.gz	ecoli_achtman_4	442	adk(6)	fumC(95)	gyrB(33)	icd(18)	mdh(9)	purA(8)	recA(14)
data/genomes/562.58734.fna.gz	ecoli_achtman_4	744	adk(10)	fumC(11)	gyrB(135)	icd(8)	mdh(8)	purA(8)	recA(2)
data/genomes/562.57414.fna.gz	ecoli_achtman_4	196	adk(6)	fumC(19)	gyrB(3)	icd(16)	mdh(9)	purA(8)	recA(6)
data/genomes/562.58632.fna.gz	ecoli_achtman_4	131	adk(53)	fumC(40)	gyrB(47)	icd(13)	mdh(36)	purA(28)	recA(29)
data/genomes/562.73355.fna.gz	ecoli_achtman_4	224	adk(6)	fumC(4)	gyrB(33)	icd(16)	mdh(11)	purA(8)	recA(6)
data/genomes/562.58790.fna.gz	ecoli_achtman_4	2160	adk(6)	fumC(23)	gyrB(32)	icd(88)	mdh(9)	purA(13)	recA(7)
data/genomes/562.57468.fna.gz	ecoli_achtman_4	428	adk(96)	fumC(40)	gyrB(13)	icd(100)	mdh(23)	purA(28)	recA(66)
data/genomes/562.58735.fna.gz	ecoli_achtman_4	4682	adk(6)	fumC(29)	gyrB(14)	icd(18)	mdh(11)	purA(26)	recA(14)
data/genomes/562.57415.fna.gz	ecoli_achtman_4	38	adk(4)	fumC(26)	gyrB(2)	icd(25)	mdh(5)	purA(5)	recA(19)
data/genomes/562.58633.fna.gz	ecoli_achtman_4	131	adk(53)	fumC(40)	gyrB(47)	icd(13)	mdh(36)	purA(28)	recA(29)
data/genomes/562.73356.fna.gz	ecoli_achtman_4	1196	adk(6)	fumC(6)	gyrB(33)	icd(26)	mdh(11)	purA(8)	recA(2)
data/genomes/562.58791.fna.gz	ecoli_achtman_4	8362	adk(571)	fumC(4)	gyrB(14)	icd(16)	mdh(24)	purA(8)	recA(14)
data/genomes/562.57469.fna.gz	ecoli_achtman_4	69	adk(21)	fumC(35)	gyrB(27)	icd(6)	mdh(5)	purA(5)	recA(4)
data/genomes/562.58736.fna.gz	ecoli_achtman_4	10	adk(10)	fumC(11)	gyrB(4)	icd(8)	mdh(8)	purA(8)	recA(2)
data/genomes/562.57416.fna.gz	ecoli_achtman_4	10	adk(10)	fumC(11)	gyrB(4)	icd(8)	mdh(8)	purA(8)	recA(2)
data/genomes/562.58634.fna.gz	ecoli_achtman_4	101	adk(43)	fumC(41)	gyrB(15)	icd(18)	mdh(11)	purA(7)	recA(6)
data/genomes/562.73357.fna.gz	ecoli_achtman_4	607	adk(113)	fumC(4)	gyrB(5)	icd(83)	mdh(8)	purA(8)	recA(6)
data/genomes/562.58792.fna.gz	ecoli_achtman_4	8097	adk(6)	fumC(4)	gyrB(15)	icd(246)	mdh(11)	purA(8)	recA(6)
data/genomes/562.57470.fna.gz	ecoli_achtman_4	405	adk(35)	fumC(37)	gyrB(29)	icd(25)	mdh(4)	purA(5)	recA(73)
data/genomes/562.58737.fna.gz	ecoli_achtman_4	410	adk(6)	fumC(4)	gyrB(12)	icd(1)	mdh(20)	purA(18)	recA(7)
data/genomes/562.58635.fna.gz	ecoli_achtman_4	131	adk(53)	fumC(40)	gyrB(47)	icd(13)	mdh(36)	purA(28)	recA(29)
data/genomes/562.57417.fna.gz	ecoli_achtman_4	5944	adk(112)	fumC(11)	gyrB(485)	icd(12)	mdh(8)	purA(8)	recA(86)
data/genomes/562.73358.fna.gz	ecoli_achtman_4	607	adk(113)	fumC(4)	gyrB(5)	icd(83)	mdh(8)	purA(8)	recA(6)
data/genomes/562.65780.fna.gz	ecoli_achtman_4	10	adk(10)	fumC(11)	gyrB(4)	icd(8)	mdh(8)	purA(8)	recA(2)
data/genomes/562.57471.fna.gz	ecoli_achtman_4	34	adk(10)	fumC(11)	gyrB(4)	icd(1)	mdh(8)	purA(8)	recA(2)
data/genomes/562.58738.fna.gz	ecoli_achtman_4	5708	adk(10)	fumC(4)	gyrB(5)	icd(8)	mdh(8)	purA(8)	recA(2)
data/genomes/562.58636.fna.gz	ecoli_achtman_4	10	adk(10)	fumC(11)	gyrB(4)	icd(8)	mdh(8)	purA(8)	recA(2)
data/genomes/562.57418.fna.gz	ecoli_achtman_4	5951	adk(64)	fumC(23)	gyrB(1)	icd(1)	mdh(8)	purA(18)	recA(6)
data/genomes/562.73359.fna.gz	ecoli_achtman_4	224	adk(6)	fumC(4)	gyrB(33)	icd(16)	mdh(11)	purA(8)	recA(6)
data/genomes/562.65781.fna.gz	ecoli_achtman_4	10	adk(10)	fumC(11)	gyrB(4)	icd(8)	mdh(8)	purA(8)	recA(2)
data/genomes/562.57472.fna.gz	ecoli_achtman_4	457	adk(101)	fumC(88)	gyrB(97)	icd(108)	mdh(26)	purA(79)	recA(2)
data/genomes/562.58739.fna.gz	ecoli_achtman_4	1602	adk(136)	fumC(11)	gyrB(4)	icd(1)	mdh(8)	purA(18)	recA(2)
data/genomes/562.57419.fna.gz	ecoli_achtman_4	746	adk(10)	fumC(7)	gyrB(4)	icd(8)	mdh(12)	purA(8)	recA(2)
data/genomes/562.58637.fna.gz	ecoli_achtman_4	131	adk(53)	fumC(40)	gyrB(47)	icd(13)	mdh(36)	purA(28)	recA(29)
data/genomes/562.65782.fna.gz	ecoli_achtman_4	-	adk(6)	fumC(4)	gyrB(12)	icd(1)	mdh(20)	purA(13)	recA(1323?)
data/genomes/562.57473.fna.gz	ecoli_achtman_4	131	adk(53)	fumC(40)	gyrB(47)	icd(13)	mdh(36)	purA(28)	recA(29)
data/genomes/562.73360.fna.gz	ecoli_achtman_4	1196	adk(6)	fumC(6)	gyrB(33)	icd(26)	mdh(11)	purA(8)	recA(2)
data/genomes/562.58740.fna.gz	ecoli_achtman_4	117	adk(20)	fumC(45)	gyrB(41)	icd(43)	mdh(5)	purA(32)	recA(2)
data/genomes/562.57420.fna.gz	ecoli_achtman_4	1295	adk(6)	fumC(4)	gyrB(5)	icd(9)	mdh(9)	purA(8)	recA(2)
data/genomes/562.65783.fna.gz	ecoli_achtman_4	6901	adk(154)	fumC(187)	gyrB(22)	icd(177)	mdh(582)	purA(129)	recA(4)
data/genomes/562.58638.fna.gz	ecoli_achtman_4	131	adk(53)	fumC(40)	gyrB(47)	icd(13)	mdh(36)	purA(28)	recA(29)
data/genomes/562.57474.fna.gz	ecoli_achtman_4	131	adk(53)	fumC(40)	gyrB(47)	icd(13)	mdh(36)	purA(28)	recA(29)
data/genomes/562.73363.fna.gz	ecoli_achtman_4	1196	adk(6)	fumC(6)	gyrB(33)	icd(26)	mdh(11)	purA(8)	recA(2)
data/genomes/562.58741.fna.gz	ecoli_achtman_4	3714	adk(6)	fumC(4)	gyrB(14)	icd(402)	mdh(24)	purA(8)	recA(14)
data/genomes/562.57421.fna.gz	ecoli_achtman_4	191	adk(6)	fumC(29)	gyrB(5)	icd(18)	mdh(11)	purA(8)	recA(41)
data/genomes/562.65784.fna.gz	ecoli_achtman_4	88	adk(6)	fumC(4)	gyrB(12)	icd(1)	mdh(20)	purA(12)	recA(7)
data/genomes/562.57475.fna.gz	ecoli_achtman_4	131	adk(53)	fumC(40)	gyrB(47)	icd(13)	mdh(36)	purA(28)	recA(29)
data/genomes/562.58640.fna.gz	ecoli_achtman_4	998	adk(13)	fumC(52)	gyrB(156)	icd(14)	mdh(17)	purA(25)	recA(17)
data/genomes/562.73365.fna.gz	ecoli_achtman_4	1196	adk(6)	fumC(6)	gyrB(33)	icd(26)	mdh(11)	purA(8)	recA(2)
data/genomes/562.58742.fna.gz	ecoli_achtman_4	216	adk(10)	fumC(11)	gyrB(57)	icd(8)	mdh(7)	purA(18)	recA(6)
data/genomes/562.57422.fna.gz	ecoli_achtman_4	1642	adk(6)	fumC(4)	gyrB(5)	icd(18)	mdh(11)	purA(8)	recA(6)
data/genomes/562.65785.fna.gz	ecoli_achtman_4	10	adk(10)	fumC(11)	gyrB(4)	icd(8)	mdh(8)	purA(8)	recA(2)
data/genomes/562.57478.fna.gz	ecoli_achtman_4	354	adk(85)	fumC(88)	gyrB(78)	icd(29)	mdh(59)	purA(58)	recA(62)
data/genomes/562.58641.fna.gz	ecoli_achtman_4	131	adk(53)	fumC(40)	gyrB(47)	icd(13)	mdh(36)	purA(28)	recA(29)
data/genomes/562.73366.fna.gz	ecoli_achtman_4	1196	adk(6)	fumC(6)	gyrB(33)	icd(26)	mdh(11)	purA(8)	recA(2)
data/genomes/562.58743.fna.gz	ecoli_achtman_4	6331	adk(9)	fumC(19)	gyrB(33)	icd(18)	mdh(512)	purA(122)	recA(6)
data/genomes/562.57424.fna.gz	ecoli_achtman_4	5945	adk(9)	fumC(175)	gyrB(33)	icd(8)	mdh(24)	purA(8)	recA(7)
data/genomes/562.65786.fna.gz	ecoli_achtman_4	90	adk(6)	fumC(4)	gyrB(12)	icd(1)	mdh(20)	purA(8)	recA(7)
data/genomes/562.57479.fna.gz	ecoli_achtman_4	2003	adk(4)	fumC(26)	gyrB(2)	icd(25)	mdh(4)	purA(5)	recA(19)
data/genomes/562.73368.fna.gz	ecoli_achtman_4	1196	adk(6)	fumC(6)	gyrB(33)	icd(26)	mdh(11)	purA(8)	recA(2)
data/genomes/562.58642.fna.gz	ecoli_achtman_4	38	adk(4)	fumC(26)	gyrB(2)	icd(25)	mdh(5)	purA(5)	recA(19)
data/genomes/562.57425.fna.gz	ecoli_achtman_4	48	adk(6)	fumC(11)	gyrB(4)	icd(8)	mdh(8)	purA(8)	recA(2)
data/genomes/562.58745.fna.gz	ecoli_achtman_4	6331	adk(9)	fumC(19)	gyrB(33)	icd(18)	mdh(512)	purA(122)	recA(6)
data/genomes/562.65787.fna.gz	ecoli_achtman_4	10	adk(10)	fumC(11)	gyrB(4)	icd(8)	mdh(8)	purA(8)	recA(2)
data/genomes/562.57480.fna.gz	ecoli_achtman_4	405	adk(35)	fumC(37)	gyrB(29)	icd(25)	mdh(4)	purA(5)	recA(73)
data/genomes/562.73369.fna.gz	ecoli_achtman_4	615	adk(8)	fumC(7)	gyrB(1)	icd(8)	mdh(8)	purA(8)	recA(7)
data/genomes/562.58746.fna.gz	ecoli_achtman_4	-	adk(-)	fumC(-)	gyrB(19)	icd(-)	mdh(36)	purA(-)	recA(-)
data/genomes/562.58643.fna.gz	ecoli_achtman_4	617	adk(10)	fumC(11)	gyrB(4)	icd(8)	mdh(8)	purA(13)	recA(73)
data/genomes/562.57426.fna.gz	ecoli_achtman_4	538	adk(13)	fumC(40)	gyrB(19)	icd(13)	mdh(36)	purA(28)	recA(30)
data/genomes/562.65788.fna.gz	ecoli_achtman_4	744	adk(10)	fumC(11)	gyrB(135)	icd(8)	mdh(8)	purA(8)	recA(2)
data/genomes/562.73370.fna.gz	ecoli_achtman_4	224	adk(6)	fumC(4)	gyrB(33)	icd(16)	mdh(11)	purA(8)	recA(6)
data/genomes/562.57481.fna.gz	ecoli_achtman_4	131	adk(53)	fumC(40)	gyrB(47)	icd(13)	mdh(36)	purA(28)	recA(29)
data/genomes/562.58748.fna.gz	ecoli_achtman_4	156	adk(6)	fumC(29)	gyrB(32)	icd(16)	mdh(11)	purA(8)	recA(44)
data/genomes/562.58644.fna.gz	ecoli_achtman_4	38	adk(4)	fumC(26)	gyrB(2)	icd(25)	mdh(5)	purA(5)	recA(19)
data/genomes/562.57427.fna.gz	ecoli_achtman_4	-	adk(10)	fumC(459)	gyrB(4)	icd(8)	mdh(8)	purA(8)	recA(2)
data/genomes/562.65789.fna.gz	ecoli_achtman_4	540	adk(6)	fumC(7)	gyrB(57)	icd(1)	mdh(8)	purA(8)	recA(2)
data/genomes/562.73372.fna.gz	ecoli_achtman_4	224	adk(6)	fumC(4)	gyrB(33)	icd(16)	mdh(11)	purA(8)	recA(6)
data/genomes/562.58749.fna.gz	ecoli_achtman_4	609	adk(8)	fumC(7)	gyrB(1)	icd(8)	mdh(8)	purA(7)	recA(6)
data/genomes/562.57482.fna.gz	ecoli_achtman_4	38	adk(4)	fumC(26)	gyrB(2)	icd(25)	mdh(5)	purA(5)	recA(19)
data/genomes/562.58645.fna.gz	ecoli_achtman_4	131	adk(53)	fumC(40)	gyrB(47)	icd(13)	mdh(36)	purA(28)	recA(29)
data/genomes/562.57428.fna.gz	ecoli_achtman_4	10	adk(10)	fumC(11)	gyrB(4)	icd(8)	mdh(8)	purA(8)	recA(2)
data/genomes/562.65790.fna.gz	ecoli_achtman_4	540	adk(6)	fumC(7)	gyrB(57)	icd(1)	mdh(8)	purA(8)	recA(2)
data/genomes/562.58751.fna.gz	ecoli_achtman_4	1640	adk(6)	fumC(31)	gyrB(4)	icd(28)	mdh(1)	purA(1)	recA(2)
data/genomes/562.57483.fna.gz	ecoli_achtman_4	405	adk(35)	fumC(37)	gyrB(29)	icd(25)	mdh(4)	purA(5)	recA(73)
data/genomes/562.73374.fna.gz	ecoli_achtman_4	1196	adk(6)	fumC(6)	gyrB(33)	icd(26)	mdh(11)	purA(8)	recA(2)
data/genomes/562.58646.fna.gz	ecoli_achtman_4	95	adk(37)	fumC(38)	gyrB(19)	icd(37)	mdh(17)	purA(11)	recA(26)
data/genomes/562.57429.fna.gz	ecoli_achtman_4	205	adk(6)	fumC(23)	gyrB(15)	icd(16)	mdh(9)	purA(8)	recA(7)
data/genomes/562.65791.fna.gz	ecoli_achtman_4	744	adk(10)	fumC(11)	gyrB(135)	icd(8)	mdh(8)	purA(8)	recA(2)
data/genomes/562.58752.fna.gz	ecoli_achtman_4	2144	adk(6)	fumC(6)	gyrB(15)	icd(56)	mdh(11)	purA(26)	recA(6)
data/genomes/562.57484.fna.gz	ecoli_achtman_4	405	adk(35)	fumC(37)	gyrB(29)	icd(25)	mdh(4)	purA(5)	recA(73)
data/genomes/562.58647.fna.gz	ecoli_achtman_4	73	adk(36)	fumC(24)	gyrB(9)	icd(13)	mdh(17)	purA(11)	recA(25)
data/genomes/562.57430.fna.gz	ecoli_achtman_4	5558	adk(6)	fumC(704)	gyrB(69)	icd(18)	mdh(7)	purA(23)	recA(6)
data/genomes/562.73376.fna.gz	ecoli_achtman_4	1196	adk(6)	fumC(6)	gyrB(33)	icd(26)	mdh(11)	purA(8)	recA(2)
data/genomes/562.65793.fna.gz	ecoli_achtman_4	410	adk(6)	fumC(4)	gyrB(12)	icd(1)	mdh(20)	purA(18)	recA(7)
data/genomes/562.58753.fna.gz	ecoli_achtman_4	-	adk(35)	fumC(-)	gyrB(~29)	icd(-)	mdh(4)	purA(5)	recA(73)
data/genomes/562.57485.fna.gz	ecoli_achtman_4	131	adk(53)	fumC(40)	gyrB(47)	icd(13)	mdh(36)	purA(28)	recA(29)
data/genomes/562.58649.fna.gz	ecoli_achtman_4	131	adk(53)	fumC(40)	gyrB(47)	icd(13)	mdh(36)	purA(28)	recA(29)
data/genomes/562.57431.fna.gz	ecoli_achtman_4	654	adk(6)	fumC(95)	gyrB(5)	icd(18)	mdh(9)	purA(8)	recA(6)
data/genomes/562.73377.fna.gz	ecoli_achtman_4	1196	adk(6)	fumC(6)	gyrB(33)	icd(26)	mdh(11)	purA(8)	recA(2)
data/genomes/562.65794.fna.gz	ecoli_achtman_4	410	adk(6)	fumC(4)	gyrB(12)	icd(1)	mdh(20)	purA(18)	recA(7)
data/genomes/562.58754.fna.gz	ecoli_achtman_4	7842	adk(21)	fumC(35)	gyrB(27)	icd(873)	mdh(5)	purA(5)	recA(4)
data/genomes/562.57486.fna.gz	ecoli_achtman_4	38	adk(4)	fumC(26)	gyrB(2)	icd(25)	mdh(5)	purA(5)	recA(19)
data/genomes/562.58650.fna.gz	ecoli_achtman_4	940	adk(6)	fumC(6)	gyrB(22)	icd(16)	mdh(11)	purA(1)	recA(7)
data/genomes/562.57432.fna.gz	ecoli_achtman_4	88	adk(6)	fumC(4)	gyrB(12)	icd(1)	mdh(20)	purA(12)	recA(7)
data/genomes/562.73378.fna.gz	ecoli_achtman_4	1196	adk(6)	fumC(6)	gyrB(33)	icd(26)	mdh(11)	purA(8)	recA(2)
data/genomes/562.65795.fna.gz	ecoli_achtman_4	410	adk(6)	fumC(4)	gyrB(12)	icd(1)	mdh(20)	purA(18)	recA(7)
data/genomes/562.58755.fna.gz	ecoli_achtman_4	6438	adk(6)	fumC(11)	gyrB(103)	icd(113)	mdh(8)	purA(1)	recA(2)
data/genomes/562.57487.fna.gz	ecoli_achtman_4	410	adk(6)	fumC(4)	gyrB(12)	icd(1)	mdh(20)	purA(18)	recA(7)
data/genomes/562.58651.fna.gz	ecoli_achtman_4	1193	adk(14)	fumC(14)	gyrB(10)	icd(200)	mdh(17)	purA(7)	recA(10)
data/genomes/562.57433.fna.gz	ecoli_achtman_4	165	adk(10)	fumC(27)	gyrB(5)	icd(10)	mdh(12)	purA(8)	recA(2)
data/genomes/562.73379.fna.gz	ecoli_achtman_4	1196	adk(6)	fumC(6)	gyrB(33)	icd(26)	mdh(11)	purA(8)	recA(2)
data/genomes/562.65796.fna.gz	ecoli_achtman_4	410	adk(6)	fumC(4)	gyrB(12)	icd(1)	mdh(20)	purA(18)	recA(7)
data/genomes/562.57489.fna.gz	ecoli_achtman_4	5941	adk(53)	fumC(40)	gyrB(47)	icd(606)	mdh(36)	purA(28)	recA(29)
data/genomes/562.58757.fna.gz	ecoli_achtman_4	1326	adk(6)	fumC(220)	gyrB(3)	icd(26)	mdh(9)	purA(7)	recA(7)
data/genomes/562.57434.fna.gz	ecoli_achtman_4	3045	adk(34)	fumC(36)	gyrB(28)	icd(353)	mdh(28)	purA(16)	recA(4)
data/genomes/562.73380.fna.gz	ecoli_achtman_4	224	adk(6)	fumC(4)	gyrB(33)	icd(16)	mdh(11)	purA(8)	recA(6)
data/genomes/562.58703.fna.gz	ecoli_achtman_4	155	adk(6)	fumC(4)	gyrB(14)	icd(16)	mdh(24)	purA(8)	recA(14)
data/genomes/562.65798.fna.gz	ecoli_achtman_4	410	adk(6)	fumC(4)	gyrB(12)	icd(1)	mdh(20)	purA(18)	recA(7)
data/genomes/562.57490.fna.gz	ecoli_achtman_4	38	adk(4)	fumC(26)	gyrB(2)	icd(25)	mdh(5)	purA(5)	recA(19)
data/genomes/562.58758.fna.gz	ecoli_achtman_4	40	adk(6)	fumC(4)	gyrB(5)	icd(26)	mdh(20)	purA(8)	recA(14)
data/genomes/562.57435.fna.gz	ecoli_achtman_4	847	adk(6)	fumC(6)	gyrB(5)	icd(26)	mdh(9)	purA(13)	recA(98)
data/genomes/562.73382.fna.gz	ecoli_achtman_4	1196	adk(6)	fumC(6)	gyrB(33)	icd(26)	mdh(11)	purA(8)	recA(2)
data/genomes/562.58704.fna.gz	ecoli_achtman_4	1266	adk(168)	fumC(184)	gyrB(53)	icd(140)	mdh(24)	purA(85)	recA(42)
data/genomes/562.65799.fna.gz	ecoli_achtman_4	410	adk(6)	fumC(4)	gyrB(12)	icd(1)	mdh(20)	purA(18)	recA(7)
data/genomes/562.58759.fna.gz	ecoli_achtman_4	-	adk(18)	fumC(-)	gyrB(17)	icd(-)	mdh(5)	purA(5)	recA(4)
data/genomes/562.57491.fna.gz	ecoli_achtman_4	405	adk(35)	fumC(37)	gyrB(29)	icd(25)	mdh(4)	purA(5)	recA(73)
data/genomes/562.57436.fna.gz	ecoli_achtman_4	1196	adk(6)	fumC(6)	gyrB(33)	icd(26)	mdh(11)	purA(8)	recA(2)
data/genomes/562.73383.fna.gz	ecoli_achtman_4	635	adk(6)	fumC(107)	gyrB(1)	icd(95)	mdh(69)	purA(8)	recA(7)
data/genomes/562.58705.fna.gz	ecoli_achtman_4	156	adk(6)	fumC(29)	gyrB(32)	icd(16)	mdh(11)	purA(8)	recA(44)
data/genomes/562.65800.fna.gz	ecoli_achtman_4	410	adk(6)	fumC(4)	gyrB(12)	icd(1)	mdh(20)	purA(18)	recA(7)
data/genomes/562.58760.fna.gz	ecoli_achtman_4	88	adk(6)	fumC(4)	gyrB(12)	icd(1)	mdh(20)	purA(12)	recA(7)
data/genomes/562.57492.fna.gz	ecoli_achtman_4	131	adk(53)	fumC(40)	gyrB(47)	icd(13)	mdh(36)	purA(28)	recA(29)
data/genomes/562.57437.fna.gz	ecoli_achtman_4	1056	adk(6)	fumC(19)	gyrB(3)	icd(18)	mdh(9)	purA(8)	recA(6)
data/genomes/562.73385.fna.gz	ecoli_achtman_4	224	adk(6)	fumC(4)	gyrB(33)	icd(16)	mdh(11)	purA(8)	recA(6)
data/genomes/562.65801.fna.gz	ecoli_achtman_4	410	adk(6)	fumC(4)	gyrB(12)	icd(1)	mdh(20)	purA(18)	recA(7)
data/genomes/562.58706.fna.gz	ecoli_achtman_4	-	adk(~6)	fumC(4)	gyrB(14)	icd(16)	mdh(24)	purA(8)	recA(14)
data/genomes/562.58761.fna.gz	ecoli_achtman_4	131	adk(53)	fumC(40)	gyrB(47)	icd(13)	mdh(36)	purA(28)	recA(29)
data/genomes/562.57493.fna.gz	ecoli_achtman_4	131	adk(53)	fumC(40)	gyrB(47)	icd(13)	mdh(36)	purA(28)	recA(29)
data/genomes/562.57438.fna.gz	ecoli_achtman_4	345	adk(6)	fumC(4)	gyrB(14)	icd(1)	mdh(20)	purA(62)	recA(7)
data/genomes/562.73386.fna.gz	ecoli_achtman_4	1196	adk(6)	fumC(6)	gyrB(33)	icd(26)	mdh(11)	purA(8)	recA(2)
data/genomes/562.65802.fna.gz	ecoli_achtman_4	410	adk(6)	fumC(4)	gyrB(12)	icd(1)	mdh(20)	purA(18)	recA(7)
data/genomes/562.58707.fna.gz	ecoli_achtman_4	345	adk(6)	fumC(4)	gyrB(14)	icd(1)	mdh(20)	purA(62)	recA(7)
data/genomes/562.58762.fna.gz	ecoli_achtman_4	165	adk(10)	fumC(27)	gyrB(5)	icd(10)	mdh(12)	purA(8)	recA(2)
data/genomes/562.57494.fna.gz	ecoli_achtman_4	131	adk(53)	fumC(40)	gyrB(47)	icd(13)	mdh(36)	purA(28)	recA(29)
data/genomes/562.57439.fna.gz	ecoli_achtman_4	716	adk(10)	fumC(7)	gyrB(4)	icd(140)	mdh(8)	purA(8)	recA(2)
data/genomes/562.65803.fna.gz	ecoli_achtman_4	410	adk(6)	fumC(4)	gyrB(12)	icd(1)	mdh(20)	purA(18)	recA(7)
data/genomes/562.73387.fna.gz	ecoli_achtman_4	1196	adk(6)	fumC(6)	gyrB(33)	icd(26)	mdh(11)	purA(8)	recA(2)
data/genomes/562.58708.fna.gz	ecoli_achtman_4	-	adk(35)	fumC(3)	gyrB(58)	icd(6)	mdh(5)	purA(16)	recA(1308?)
data/genomes/562.58763.fna.gz	ecoli_achtman_4	167	adk(10)	fumC(11)	gyrB(4)	icd(8)	mdh(8)	purA(13)	recA(2)
data/genomes/562.57495.fna.gz	ecoli_achtman_4	410	adk(6)	fumC(4)	gyrB(12)	icd(1)	mdh(20)	purA(18)	recA(7)
data/genomes/562.57440.fna.gz	ecoli_achtman_4	345	adk(6)	fumC(4)	gyrB(14)	icd(1)	mdh(20)	purA(62)	recA(7)
data/genomes/562.65804.fna.gz	ecoli_achtman_4	410	adk(6)	fumC(4)	gyrB(12)	icd(1)	mdh(20)	purA(18)	recA(7)
data/genomes/562.73390.fna.gz	ecoli_achtman_4	1196	adk(6)	fumC(6)	gyrB(33)	icd(26)	mdh(11)	purA(8)	recA(2)
data/genomes/562.58765.fna.gz	ecoli_achtman_4	-	adk(6)	fumC(31)	gyrB(~83)	icd(28)	mdh(1)	purA(594)	recA(2)
data/genomes/562.58709.fna.gz	ecoli_achtman_4	155	adk(6)	fumC(4)	gyrB(14)	icd(16)	mdh(24)	purA(8)	recA(14)
data/genomes/562.57496.fna.gz	ecoli_achtman_4	10	adk(10)	fumC(11)	gyrB(4)	icd(8)	mdh(8)	purA(8)	recA(2)
data/genomes/562.57441.fna.gz	ecoli_achtman_4	5947	adk(529)	fumC(7)	gyrB(1)	icd(8)	mdh(8)	purA(8)	recA(6)
data/genomes/562.65805.fna.gz	ecoli_achtman_4	410	adk(6)	fumC(4)	gyrB(12)	icd(1)	mdh(20)	purA(18)	recA(7)
data/genomes/562.73392.fna.gz	ecoli_achtman_4	5359	adk(10)	fumC(7)	gyrB(4)	icd(12)	mdh(8)	purA(18)	recA(6)
data/genomes/562.58766.fna.gz	ecoli_achtman_4	167	adk(10)	fumC(11)	gyrB(4)	icd(8)	mdh(8)	purA(13)	recA(2)
data/genomes/562.58710.fna.gz	ecoli_achtman_4	410	adk(6)	fumC(4)	gyrB(12)	icd(1)	mdh(20)	purA(18)	recA(7)
data/genomes/562.57497.fna.gz	ecoli_achtman_4	131	adk(53)	fumC(40)	gyrB(47)	icd(13)	mdh(36)	purA(28)	recA(29)
data/genomes/562.57442.fna.gz	ecoli_achtman_4	5948	adk(10)	fumC(767)	gyrB(4)	icd(8)	mdh(8)	purA(8)	recA(2)
data/genomes/562.65806.fna.gz	ecoli_achtman_4	410	adk(6)	fumC(4)	gyrB(12)	icd(1)	mdh(20)	purA(18)	recA(7)
data/genomes/562.73393.fna.gz	ecoli_achtman_4	607	adk(113)	fumC(4)	gyrB(5)	icd(83)	mdh(8)	purA(8)	recA(6)
data/genomes/562.58711.fna.gz	ecoli_achtman_4	101	adk(43)	fumC(41)	gyrB(15)	icd(18)	mdh(11)	purA(7)	recA(6)
data/genomes/562.58767.fna.gz	ecoli_achtman_4	192	adk(63)	fumC(30)	gyrB(15)	icd(18)	mdh(43)	purA(8)	recA(7)
data/genomes/562.57498.fna.gz	ecoli_achtman_4	131	adk(53)	fumC(40)	gyrB(47)	icd(13)	mdh(36)	purA(28)	recA(29)
data/genomes/562.57443.fna.gz	ecoli_achtman_4	20	adk(6)	fumC(4)	gyrB(3)	icd(18)	mdh(7)	purA(7)	recA(6)
data/genomes/562.65807.fna.gz	ecoli_achtman_4	410	adk(6)	fumC(4)	gyrB(12)	icd(1)	mdh(20)	purA(18)	recA(7)
data/genomes/562.7654.fna.gz	ecoli_achtman_4	-	adk(13)	fumC(-)	gyrB(-)	icd(-)	mdh(-)	purA(36)	recA(-)
data/genomes/562.58768.fna.gz	ecoli_achtman_4	-	adk(36)	fumC(-)	gyrB(9)	icd(-)	mdh(17)	purA(11)	recA(25)
data/genomes/562.73397.fna.gz	ecoli_achtman_4	5229	adk(43)	fumC(41)	gyrB(15)	icd(18)	mdh(11)	purA(7)	recA(44)
data/genomes/562.58712.fna.gz	ecoli_achtman_4	744	adk(10)	fumC(11)	gyrB(135)	icd(8)	mdh(8)	purA(8)	recA(2)
data/genomes/562.7708.fna.gz	ecoli_achtman_4	-	adk(-)	fumC(-)	gyrB(3)	icd(7)	mdh(-)	purA(-)	recA(6)
data/genomes/562.7566.fna.gz	ecoli_achtman_4	10	adk(10)	fumC(11)	gyrB(4)	icd(8)	mdh(8)	purA(8)	recA(2)
data/genomes/562.7655.fna.gz	ecoli_achtman_4	517	adk(109)	fumC(65)	gyrB(5)	icd(1)	mdh(9)	purA(13)	recA(14)
data/genomes/562.7766.fna.gz	ecoli_achtman_4	442	adk(6)	fumC(95)	gyrB(33)	icd(18)	mdh(9)	purA(8)	recA(14)
data/genomes/562.73398.fna.gz	ecoli_achtman_4	1196	adk(6)	fumC(6)	gyrB(33)	icd(26)	mdh(11)	purA(8)	recA(2)
data/genomes/562.7709.fna.gz	ecoli_achtman_4	328	adk(9)	fumC(23)	gyrB(81)	icd(18)	mdh(11)	purA(8)	recA(6)
data/genomes/562.58713.fna.gz	ecoli_achtman_4	371	adk(6)	fumC(31)	gyrB(83)	icd(28)	mdh(1)	purA(1)	recA(67)
data/genomes/562.7567.fna.gz	ecoli_achtman_4	5488	adk(29)	fumC(12)	gyrB(8)	icd(12)	mdh(428)	purA(2)	recA(2)
data/genomes/562.7656.fna.gz	ecoli_achtman_4	5618	adk(9)	fumC(23)	gyrB(81)	icd(18)	mdh(11)	purA(306)	recA(6)
data/genomes/562.7565.fna.gz	ecoli_achtman_4	517	adk(109)	fumC(65)	gyrB(5)	icd(1)	mdh(9)	purA(13)	recA(14)
data/genomes/562.7767.fna.gz	ecoli_achtman_4	29	adk(6)	fumC(4)	gyrB(12)	icd(16)	mdh(9)	purA(7)	recA(7)
data/genomes/562.7710.fna.gz	ecoli_achtman_4	3	adk(6)	fumC(4)	gyrB(3)	icd(7)	mdh(7)	purA(7)	recA(6)
data/genomes/562.7568.fna.gz	ecoli_achtman_4	5339	adk(10)	fumC(11)	gyrB(4)	icd(8)	mdh(408)	purA(8)	recA(2)
data/genomes/562.97774.fna.gz	ecoli_achtman_4	73	adk(36)	fumC(24)	gyrB(9)	icd(13)	mdh(17)	purA(11)	recA(25)
data/genomes/562.7657.fna.gz	ecoli_achtman_4	5353	adk(10)	fumC(669)	gyrB(4)	icd(8)	mdh(8)	purA(8)	recA(2)
data/genomes/562.7769.fna.gz	ecoli_achtman_4	301	adk(78)	fumC(27)	gyrB(5)	icd(10)	mdh(12)	purA(8)	recA(2)
data/genomes/562.97828.fna.gz	ecoli_achtman_4	73	adk(36)	fumC(24)	gyrB(9)	icd(13)	mdh(17)	purA(11)	recA(25)
data/genomes/562.7712.fna.gz	ecoli_achtman_4	4590	adk(78)	fumC(590)	gyrB(5)	icd(10)	mdh(12)	purA(8)	recA(2)
data/genomes/562.7569.fna.gz	ecoli_achtman_4	517	adk(109)	fumC(65)	gyrB(5)	icd(1)	mdh(9)	purA(13)	recA(14)
data/genomes/562.97775.fna.gz	ecoli_achtman_4	999	adk(13)	fumC(166)	gyrB(47)	icd(13)	mdh(23)	purA(28)	recA(122)
data/genomes/562.7658.fna.gz	ecoli_achtman_4	517	adk(109)	fumC(65)	gyrB(5)	icd(1)	mdh(9)	purA(13)	recA(14)
data/genomes/562.97829.fna.gz	ecoli_achtman_4	3290	adk(36)	fumC(442)	gyrB(9)	icd(13)	mdh(16)	purA(11)	recA(240)
data/genomes/562.7770.fna.gz	ecoli_achtman_4	29	adk(6)	fumC(4)	gyrB(12)	icd(16)	mdh(9)	purA(7)	recA(7)
data/genomes/562.7713.fna.gz	ecoli_achtman_4	40	adk(6)	fumC(4)	gyrB(5)	icd(26)	mdh(20)	purA(8)	recA(14)
data/genomes/562.7570.fna.gz	ecoli_achtman_4	40	adk(6)	fumC(4)	gyrB(5)	icd(26)	mdh(20)	purA(8)	recA(14)
data/genomes/562.97777.fna.gz	ecoli_achtman_4	405	adk(35)	fumC(37)	gyrB(29)	icd(25)	mdh(4)	purA(5)	recA(73)
data/genomes/562.7659.fna.gz	ecoli_achtman_4	4554	adk(76)	fumC(24)	gyrB(244)	icd(89)	mdh(17)	purA(14)	recA(79)
data/genomes/562.97830.fna.gz	ecoli_achtman_4	69	adk(21)	fumC(35)	gyrB(27)	icd(6)	mdh(5)	purA(5)	recA(4)
data/genomes/562.7771.fna.gz	ecoli_achtman_4	443	adk(6)	fumC(19)	gyrB(15)	icd(16)	mdh(9)	purA(8)	recA(7)
data/genomes/562.7714.fna.gz	ecoli_achtman_4	328	adk(9)	fumC(23)	gyrB(81)	icd(18)	mdh(11)	purA(8)	recA(6)
data/genomes/562.7571.fna.gz	ecoli_achtman_4	517	adk(109)	fumC(65)	gyrB(5)	icd(1)	mdh(9)	purA(13)	recA(14)
data/genomes/562.97778.fna.gz	ecoli_achtman_4	421	adk(37)	fumC(38)	gyrB(19)	icd(37)	mdh(17)	purA(8)	recA(26)
data/genomes/562.7660.fna.gz	ecoli_achtman_4	443	adk(6)	fumC(19)	gyrB(15)	icd(16)	mdh(9)	purA(8)	recA(7)
data/genomes/562.97831.fna.gz	ecoli_achtman_4	127	adk(13)	fumC(14)	gyrB(19)	icd(36)	mdh(23)	purA(11)	recA(10)
data/genomes/562.7717.fna.gz	ecoli_achtman_4	2346	adk(129)	fumC(15)	gyrB(13)	icd(150)	mdh(91)	purA(14)	recA(25)
data/genomes/562.7572.fna.gz	ecoli_achtman_4	301	adk(78)	fumC(27)	gyrB(5)	icd(10)	mdh(12)	purA(8)	recA(2)
data/genomes/562.7772.fna.gz	ecoli_achtman_4	337	adk(6)	fumC(19)	gyrB(15)	icd(18)	mdh(9)	purA(8)	recA(6)
data/genomes/562.97779.fna.gz	ecoli_achtman_4	6161	adk(83)	fumC(6)	gyrB(525)	icd(185)	mdh(24)	purA(23)	recA(6)
data/genomes/562.7661.fna.gz	ecoli_achtman_4	328	adk(9)	fumC(23)	gyrB(81)	icd(18)	mdh(11)	purA(8)	recA(6)
data/genomes/562.7718.fna.gz	ecoli_achtman_4	2089	adk(6)	fumC(153)	gyrB(261)	icd(91)	mdh(7)	purA(78)	recA(6)
data/genomes/562.97832.fna.gz	ecoli_achtman_4	95	adk(37)	fumC(38)	gyrB(19)	icd(37)	mdh(17)	purA(11)	recA(26)
data/genomes/562.7573.fna.gz	ecoli_achtman_4	443	adk(6)	fumC(19)	gyrB(15)	icd(16)	mdh(9)	purA(8)	recA(7)
data/genomes/562.7774.fna.gz	ecoli_achtman_4	378	adk(10)	fumC(11)	gyrB(4)	icd(1)	mdh(8)	purA(66)	recA(2)
data/genomes/562.97780.fna.gz	ecoli_achtman_4	69	adk(21)	fumC(35)	gyrB(27)	icd(6)	mdh(5)	purA(5)	recA(4)
data/genomes/562.7662.fna.gz	ecoli_achtman_4	301	adk(78)	fumC(27)	gyrB(5)	icd(10)	mdh(12)	purA(8)	recA(2)
data/genomes/562.97833.fna.gz	ecoli_achtman_4	1851	adk(170)	fumC(40)	gyrB(93)	icd(13)	mdh(17)	purA(28)	recA(166)
data/genomes/562.7719.fna.gz	ecoli_achtman_4	442	adk(6)	fumC(95)	gyrB(33)	icd(18)	mdh(9)	purA(8)	recA(14)
data/genomes/562.7575.fna.gz	ecoli_achtman_4	337	adk(6)	fumC(19)	gyrB(15)	icd(18)	mdh(9)	purA(8)	recA(6)
data/genomes/562.7775.fna.gz	ecoli_achtman_4	301	adk(78)	fumC(27)	gyrB(5)	icd(10)	mdh(12)	purA(8)	recA(2)
data/genomes/562.97781.fna.gz	ecoli_achtman_4	372	adk(88)	fumC(103)	gyrB(19)	icd(36)	mdh(23)	purA(44)	recA(26)
data/genomes/562.7663.fna.gz	ecoli_achtman_4	301	adk(78)	fumC(27)	gyrB(5)	icd(10)	mdh(12)	purA(8)	recA(2)
data/genomes/562.7720.fna.gz	ecoli_achtman_4	382	adk(10)	fumC(27)	gyrB(13)	icd(10)	mdh(12)	purA(8)	recA(49)
data/genomes/562.97834.fna.gz	ecoli_achtman_4	69	adk(21)	fumC(35)	gyrB(27)	icd(6)	mdh(5)	purA(5)	recA(4)
data/genomes/562.7576.fna.gz	ecoli_achtman_4	5241	adk(109)	fumC(65)	gyrB(13)	icd(1)	mdh(9)	purA(13)	recA(14)
data/genomes/562.7776.fna.gz	ecoli_achtman_4	4554	adk(76)	fumC(24)	gyrB(244)	icd(89)	mdh(17)	purA(14)	recA(79)
data/genomes/562.97782.fna.gz	ecoli_achtman_4	58	adk(6)	fumC(4)	gyrB(4)	icd(16)	mdh(24)	purA(8)	recA(14)
data/genomes/562.7721.fna.gz	ecoli_achtman_4	517	adk(109)	fumC(65)	gyrB(5)	icd(1)	mdh(9)	purA(13)	recA(14)
data/genomes/562.7664.fna.gz	ecoli_achtman_4	328	adk(9)	fumC(23)	gyrB(81)	icd(18)	mdh(11)	purA(8)	recA(6)
data/genomes/562.97835.fna.gz	ecoli_achtman_4	372	adk(88)	fumC(103)	gyrB(19)	icd(36)	mdh(23)	purA(44)	recA(26)
data/genomes/562.7577.fna.gz	ecoli_achtman_4	301	adk(78)	fumC(27)	gyrB(5)	icd(10)	mdh(12)	purA(8)	recA(2)
data/genomes/562.7777.fna.gz	ecoli_achtman_4	328	adk(9)	fumC(23)	gyrB(81)	icd(18)	mdh(11)	purA(8)	recA(6)
data/genomes/562.97783.fna.gz	ecoli_achtman_4	95	adk(37)	fumC(38)	gyrB(19)	icd(37)	mdh(17)	purA(11)	recA(26)
data/genomes/562.7665.fna.gz	ecoli_achtman_4	382	adk(10)	fumC(27)	gyrB(13)	icd(10)	mdh(12)	purA(8)	recA(49)
data/genomes/562.7722.fna.gz	ecoli_achtman_4	29	adk(6)	fumC(4)	gyrB(12)	icd(16)	mdh(9)	purA(7)	recA(7)
data/genomes/562.97836.fna.gz	ecoli_achtman_4	106	adk(21)	fumC(35)	gyrB(27)	icd(6)	mdh(5)	purA(8)	recA(4)
data/genomes/562.7578.fna.gz	ecoli_achtman_4	382	adk(10)	fumC(27)	gyrB(13)	icd(10)	mdh(12)	purA(8)	recA(49)
data/genomes/562.7778.fna.gz	ecoli_achtman_4	301	adk(78)	fumC(27)	gyrB(5)	icd(10)	mdh(12)	purA(8)	recA(2)
data/genomes/562.97784.fna.gz	ecoli_achtman_4	59	adk(27)	fumC(32)	gyrB(24)	icd(29)	mdh(26)	purA(19)	recA(22)
data/genomes/562.7666.fna.gz	ecoli_achtman_4	328	adk(9)	fumC(23)	gyrB(81)	icd(18)	mdh(11)	purA(8)	recA(6)
data/genomes/562.97837.fna.gz	ecoli_achtman_4	95	adk(37)	fumC(38)	gyrB(19)	icd(37)	mdh(17)	purA(11)	recA(26)
data/genomes/562.7723.fna.gz	ecoli_achtman_4	10	adk(10)	fumC(11)	gyrB(4)	icd(8)	mdh(8)	purA(8)	recA(2)
data/genomes/562.7579.fna.gz	ecoli_achtman_4	5426	adk(6)	fumC(4)	gyrB(12)	icd(16)	mdh(66)	purA(7)	recA(7)
data/genomes/562.7779.fna.gz	ecoli_achtman_4	5251	adk(6)	fumC(4)	gyrB(12)	icd(523)	mdh(9)	purA(143)	recA(7)
data/genomes/562.7667.fna.gz	ecoli_achtman_4	-	adk(-)	fumC(65)	gyrB(5)	icd(-)	mdh(-)	purA(-)	recA(14)
data/genomes/562.97786.fna.gz	ecoli_achtman_4	73	adk(36)	fumC(24)	gyrB(9)	icd(13)	mdh(17)	purA(11)	recA(25)
data/genomes/562.97838.fna.gz	ecoli_achtman_4	73	adk(36)	fumC(24)	gyrB(9)	icd(13)	mdh(17)	purA(11)	recA(25)
data/genomes/562.7724.fna.gz	ecoli_achtman_4	5406	adk(6)	fumC(679)	gyrB(12)	icd(16)	mdh(9)	purA(7)	recA(7)
data/genomes/562.7580.fna.gz	ecoli_achtman_4	4424	adk(377)	fumC(224)	gyrB(253)	icd(448)	mdh(344)	purA(17)	recA(289)
data/genomes/562.7780.fna.gz	ecoli_achtman_4	29	adk(6)	fumC(4)	gyrB(12)	icd(16)	mdh(9)	purA(7)	recA(7)
data/genomes/562.7668.fna.gz	ecoli_achtman_4	328	adk(9)	fumC(23)	gyrB(81)	icd(18)	mdh(11)	purA(8)	recA(6)
data/genomes/562.97787.fna.gz	ecoli_achtman_4	405	adk(35)	fumC(37)	gyrB(29)	icd(25)	mdh(4)	purA(5)	recA(73)
data/genomes/562.97839.fna.gz	ecoli_achtman_4	446	adk(6)	fumC(19)	gyrB(3)	icd(26)	mdh(11)	purA(8)	recA(6)
data/genomes/562.7725.fna.gz	ecoli_achtman_4	5241	adk(109)	fumC(65)	gyrB(13)	icd(1)	mdh(9)	purA(13)	recA(14)
data/genomes/562.7581.fna.gz	ecoli_achtman_4	121	adk(13)	fumC(21)	gyrB(13)	icd(22)	mdh(17)	purA(36)	recA(15)
data/genomes/562.7781.fna.gz	ecoli_achtman_4	2089	adk(6)	fumC(153)	gyrB(261)	icd(91)	mdh(7)	purA(78)	recA(6)
data/genomes/562.7669.fna.gz	ecoli_achtman_4	337	adk(6)	fumC(19)	gyrB(15)	icd(18)	mdh(9)	purA(8)	recA(6)
data/genomes/562.97788.fna.gz	ecoli_achtman_4	73	adk(36)	fumC(24)	gyrB(9)	icd(13)	mdh(17)	purA(11)	recA(25)
data/genomes/562.97840.fna.gz	ecoli_achtman_4	14	adk(14)	fumC(14)	gyrB(10)	icd(14)	mdh(17)	purA(7)	recA(10)
data/genomes/562.7726.fna.gz	ecoli_achtman_4	517	adk(109)	fumC(65)	gyrB(5)	icd(1)	mdh(9)	purA(13)	recA(14)
data/genomes/562.7582.fna.gz	ecoli_achtman_4	10	adk(10)	fumC(11)	gyrB(4)	icd(8)	mdh(8)	purA(8)	recA(2)
data/genomes/562.7670.fna.gz	ecoli_achtman_4	517	adk(109)	fumC(65)	gyrB(5)	icd(1)	mdh(9)	purA(13)	recA(14)
data/genomes/562.7782.fna.gz	ecoli_achtman_4	29	adk(6)	fumC(4)	gyrB(12)	icd(16)	mdh(9)	purA(7)	recA(7)
data/genomes/562.97789.fna.gz	ecoli_achtman_4	69	adk(21)	fumC(35)	gyrB(27)	icd(6)	mdh(5)	purA(5)	recA(4)
data/genomes/562.97841.fna.gz	ecoli_achtman_4	69	adk(21)	fumC(35)	gyrB(27)	icd(6)	mdh(5)	purA(5)	recA(4)
data/genomes/562.7727.fna.gz	ecoli_achtman_4	10	adk(10)	fumC(11)	gyrB(4)	icd(8)	mdh(8)	purA(8)	recA(2)
data/genomes/562.7583.fna.gz	ecoli_achtman_4	10	adk(10)	fumC(11)	gyrB(4)	icd(8)	mdh(8)	purA(8)	recA(2)
data/genomes/562.7671.fna.gz	ecoli_achtman_4	40	adk(6)	fumC(4)	gyrB(5)	icd(26)	mdh(20)	purA(8)	recA(14)
data/genomes/562.7783.fna.gz	ecoli_achtman_4	5445	adk(13)	fumC(686)	gyrB(13)	icd(22)	mdh(17)	purA(36)	recA(15)
data/genomes/562.97790.fna.gz	ecoli_achtman_4	95	adk(37)	fumC(38)	gyrB(19)	icd(37)	mdh(17)	purA(11)	recA(26)
data/genomes/562.97842.fna.gz	ecoli_achtman_4	14	adk(14)	fumC(14)	gyrB(10)	icd(14)	mdh(17)	purA(7)	recA(10)
data/genomes/562.7728.fna.gz	ecoli_achtman_4	40	adk(6)	fumC(4)	gyrB(5)	icd(26)	mdh(20)	purA(8)	recA(14)
data/genomes/562.7584.fna.gz	ecoli_achtman_4	583	adk(15)	fumC(24)	gyrB(10)	icd(46)	mdh(17)	purA(37)	recA(36)
data/genomes/562.7672.fna.gz	ecoli_achtman_4	5508	adk(6)	fumC(23)	gyrB(462)	icd(26)	mdh(9)	purA(7)	recA(7)
data/genomes/562.7784.fna.gz	ecoli_achtman_4	2678	adk(13)	fumC(14)	gyrB(19)	icd(22)	mdh(17)	purA(14)	recA(203)
data/genomes/562.97791.fna.gz	ecoli_achtman_4	640	adk(13)	fumC(147)	gyrB(93)	icd(13)	mdh(17)	purA(28)	recA(30)
data/genomes/562.7729.fna.gz	ecoli_achtman_4	-	adk(-)	fumC(65)	gyrB(-)	icd(-)	mdh(9)	purA(-)	recA(14)
data/genomes/562.97843.fna.gz	ecoli_achtman_4	95	adk(37)	fumC(38)	gyrB(19)	icd(37)	mdh(17)	purA(11)	recA(26)
data/genomes/562.7617.fna.gz	ecoli_achtman_4	517	adk(109)	fumC(65)	gyrB(5)	icd(1)	mdh(9)	purA(13)	recA(14)
data/genomes/562.7673.fna.gz	ecoli_achtman_4	5553	adk(478)	fumC(7)	gyrB(5)	icd(8)	mdh(7)	purA(8)	recA(2)
data/genomes/562.7785.fna.gz	ecoli_achtman_4	5480	adk(6)	fumC(4)	gyrB(12)	icd(476)	mdh(427)	purA(7)	recA(7)
data/genomes/562.97793.fna.gz	ecoli_achtman_4	10	adk(10)	fumC(11)	gyrB(4)	icd(8)	mdh(8)	purA(8)	recA(2)
data/genomes/562.7730.fna.gz	ecoli_achtman_4	5485	adk(109)	fumC(65)	gyrB(5)	icd(558)	mdh(9)	purA(13)	recA(14)
data/genomes/562.97844.fna.gz	ecoli_achtman_4	372	adk(88)	fumC(103)	gyrB(19)	icd(36)	mdh(23)	purA(44)	recA(26)
data/genomes/562.7618.fna.gz	ecoli_achtman_4	10	adk(10)	fumC(11)	gyrB(4)	icd(8)	mdh(8)	purA(8)	recA(2)
data/genomes/562.7674.fna.gz	ecoli_achtman_4	121	adk(13)	fumC(21)	gyrB(13)	icd(22)	mdh(17)	purA(36)	recA(15)
data/genomes/562.7786.fna.gz	ecoli_achtman_4	5251	adk(6)	fumC(4)	gyrB(12)	icd(523)	mdh(9)	purA(143)	recA(7)
data/genomes/562.97794.fna.gz	ecoli_achtman_4	398	adk(64)	fumC(7)	gyrB(1)	icd(1)	mdh(8)	purA(8)	recA(6)
data/genomes/562.7731.fna.gz	ecoli_achtman_4	29	adk(6)	fumC(4)	gyrB(12)	icd(16)	mdh(9)	purA(7)	recA(7)
data/genomes/562.97845.fna.gz	ecoli_achtman_4	95	adk(37)	fumC(38)	gyrB(19)	icd(37)	mdh(17)	purA(11)	recA(26)
data/genomes/562.7619.fna.gz	ecoli_achtman_4	29	adk(6)	fumC(4)	gyrB(12)	icd(16)	mdh(9)	purA(7)	recA(7)
data/genomes/562.7788.fna.gz	ecoli_achtman_4	517	adk(109)	fumC(65)	gyrB(5)	icd(1)	mdh(9)	purA(13)	recA(14)
data/genomes/562.7677.fna.gz	ecoli_achtman_4	517	adk(109)	fumC(65)	gyrB(5)	icd(1)	mdh(9)	purA(13)	recA(14)
data/genomes/562.97795.fna.gz	ecoli_achtman_4	95	adk(37)	fumC(38)	gyrB(19)	icd(37)	mdh(17)	purA(11)	recA(26)
data/genomes/562.7732.fna.gz	ecoli_achtman_4	40	adk(6)	fumC(4)	gyrB(5)	icd(26)	mdh(20)	purA(8)	recA(14)
data/genomes/562.7621.fna.gz	ecoli_achtman_4	-	adk(13)	fumC(21)	gyrB(13)	icd(-)	mdh(17)	purA(36)	recA(-)
data/genomes/562.97846.fna.gz	ecoli_achtman_4	405	adk(35)	fumC(37)	gyrB(29)	icd(25)	mdh(4)	purA(5)	recA(73)
data/genomes/562.7789.fna.gz	ecoli_achtman_4	123	adk(50)	fumC(47)	gyrB(19)	icd(37)	mdh(17)	purA(30)	recA(2)
data/genomes/562.7678.fna.gz	ecoli_achtman_4	378	adk(10)	fumC(11)	gyrB(4)	icd(1)	mdh(8)	purA(66)	recA(2)
data/genomes/562.97796.fna.gz	ecoli_achtman_4	392	adk(6)	fumC(6)	gyrB(14)	icd(18)	mdh(7)	purA(7)	recA(71)
data/genomes/562.7733.fna.gz	ecoli_achtman_4	5330	adk(10)	fumC(11)	gyrB(4)	icd(1)	mdh(8)	purA(66)	recA(357)
data/genomes/562.7623.fna.gz	ecoli_achtman_4	328	adk(9)	fumC(23)	gyrB(81)	icd(18)	mdh(11)	purA(8)	recA(6)
data/genomes/562.97847.fna.gz	ecoli_achtman_4	73	adk(36)	fumC(24)	gyrB(9)	icd(13)	mdh(17)	purA(11)	recA(25)
data/genomes/562.7790.fna.gz	ecoli_achtman_4	335	adk(29)	fumC(12)	gyrB(8)	icd(12)	mdh(15)	purA(2)	recA(2)
data/genomes/562.7679.fna.gz	ecoli_achtman_4	589	adk(13)	fumC(39)	gyrB(13)	icd(13)	mdh(18)	purA(10)	recA(79)
data/genomes/562.97797.fna.gz	ecoli_achtman_4	144	adk(13)	fumC(43)	gyrB(9)	icd(36)	mdh(30)	purA(44)	recA(25)
data/genomes/562.7734.fna.gz	ecoli_achtman_4	381	adk(6)	fumC(4)	gyrB(12)	icd(92)	mdh(24)	purA(18)	recA(7)
data/genomes/562.7624.fna.gz	ecoli_achtman_4	328	adk(9)	fumC(23)	gyrB(81)	icd(18)	mdh(11)	purA(8)	recA(6)
data/genomes/562.97849.fna.gz	ecoli_achtman_4	70	adk(34)	fumC(36)	gyrB(28)	icd(25)	mdh(28)	purA(16)	recA(4)
data/genomes/562.7791.fna.gz	ecoli_achtman_4	5241	adk(109)	fumC(65)	gyrB(13)	icd(1)	mdh(9)	purA(13)	recA(14)
data/genomes/562.7680.fna.gz	ecoli_achtman_4	4550	adk(6)	fumC(4)	gyrB(12)	icd(476)	mdh(9)	purA(7)	recA(7)
data/genomes/562.97798.fna.gz	ecoli_achtman_4	73	adk(36)	fumC(24)	gyrB(9)	icd(13)	mdh(17)	purA(11)	recA(25)
data/genomes/562.7735.fna.gz	ecoli_achtman_4	517	adk(109)	fumC(65)	gyrB(5)	icd(1)	mdh(9)	purA(13)	recA(14)
data/genomes/562.7625.fna.gz	ecoli_achtman_4	378	adk(10)	fumC(11)	gyrB(4)	icd(1)	mdh(8)	purA(66)	recA(2)
data/genomes/562.97850.fna.gz	ecoli_achtman_4	131	adk(53)	fumC(40)	gyrB(47)	icd(13)	mdh(36)	purA(28)	recA(29)
data/genomes/562.7792.fna.gz	ecoli_achtman_4	4554	adk(76)	fumC(24)	gyrB(244)	icd(89)	mdh(17)	purA(14)	recA(79)
data/genomes/562.7681.fna.gz	ecoli_achtman_4	328	adk(9)	fumC(23)	gyrB(81)	icd(18)	mdh(11)	purA(8)	recA(6)
data/genomes/562.97799.fna.gz	ecoli_achtman_4	155	adk(6)	fumC(4)	gyrB(14)	icd(16)	mdh(24)	purA(8)	recA(14)
data/genomes/562.7737.fna.gz	ecoli_achtman_4	517	adk(109)	fumC(65)	gyrB(5)	icd(1)	mdh(9)	purA(13)	recA(14)
data/genomes/562.7626.fna.gz	ecoli_achtman_4	378	adk(10)	fumC(11)	gyrB(4)	icd(1)	mdh(8)	purA(66)	recA(2)
data/genomes/562.97851.fna.gz	ecoli_achtman_4	95	adk(37)	fumC(38)	gyrB(19)	icd(37)	mdh(17)	purA(11)	recA(26)
data/genomes/562.7793.fna.gz	ecoli_achtman_4	40	adk(6)	fumC(4)	gyrB(5)	icd(26)	mdh(20)	purA(8)	recA(14)
data/genomes/562.7682.fna.gz	ecoli_achtman_4	10	adk(10)	fumC(11)	gyrB(4)	icd(8)	mdh(8)	purA(8)	recA(2)
data/genomes/562.97800.fna.gz	ecoli_achtman_4	550	adk(14)	fumC(14)	gyrB(10)	icd(14)	mdh(17)	purA(92)	recA(10)
data/genomes/562.7627.fna.gz	ecoli_achtman_4	-	adk(-)	fumC(-)	gyrB(-)	icd(-)	mdh(17)	purA(14)	recA(79)
data/genomes/562.7738.fna.gz	ecoli_achtman_4	328	adk(9)	fumC(23)	gyrB(81)	icd(18)	mdh(11)	purA(8)	recA(6)
data/genomes/562.97852.fna.gz	ecoli_achtman_4	10220	adk(53)	fumC(40)	gyrB(47)	icd(13)	mdh(36)	purA(771)	recA(29)
data/genomes/562.97749.fna.gz	ecoli_achtman_4	127	adk(13)	fumC(14)	gyrB(19)	icd(36)	mdh(23)	purA(11)	recA(10)
data/genomes/562.7683.fna.gz	ecoli_achtman_4	378	adk(10)	fumC(11)	gyrB(4)	icd(1)	mdh(8)	purA(66)	recA(2)
data/genomes/562.7739.fna.gz	ecoli_achtman_4	-	adk(9)	fumC(23)	gyrB(81)	icd(-)	mdh(11)	purA(-)	recA(6)
data/genomes/562.97801.fna.gz	ecoli_achtman_4	12	adk(13)	fumC(13)	gyrB(9)	icd(13)	mdh(16)	purA(10)	recA(9)
data/genomes/562.7628.fna.gz	ecoli_achtman_4	328	adk(9)	fumC(23)	gyrB(81)	icd(18)	mdh(11)	purA(8)	recA(6)
data/genomes/562.97853.fna.gz	ecoli_achtman_4	409	adk(10)	fumC(11)	gyrB(1)	icd(1)	mdh(71)	purA(8)	recA(6)
data/genomes/562.97750.fna.gz	ecoli_achtman_4	12	adk(13)	fumC(13)	gyrB(9)	icd(13)	mdh(16)	purA(10)	recA(9)
data/genomes/562.7684.fna.gz	ecoli_achtman_4	17	adk(6)	fumC(4)	gyrB(3)	icd(17)	mdh(7)	purA(7)	recA(6)
data/genomes/562.7740.fna.gz	ecoli_achtman_4	382	adk(10)	fumC(27)	gyrB(13)	icd(10)	mdh(12)	purA(8)	recA(49)
data/genomes/562.97802.fna.gz	ecoli_achtman_4	73	adk(36)	fumC(24)	gyrB(9)	icd(13)	mdh(17)	purA(11)	recA(25)
data/genomes/562.7629.fna.gz	ecoli_achtman_4	517	adk(109)	fumC(65)	gyrB(5)	icd(1)	mdh(9)	purA(13)	recA(14)
data/genomes/562.97854.fna.gz	ecoli_achtman_4	73	adk(36)	fumC(24)	gyrB(9)	icd(13)	mdh(17)	purA(11)	recA(25)
data/genomes/562.97751.fna.gz	ecoli_achtman_4	131	adk(53)	fumC(40)	gyrB(47)	icd(13)	mdh(36)	purA(28)	recA(29)
data/genomes/562.7741.fna.gz	ecoli_achtman_4	5353	adk(10)	fumC(669)	gyrB(4)	icd(8)	mdh(8)	purA(8)	recA(2)
data/genomes/562.7685.fna.gz	ecoli_achtman_4	29	adk(6)	fumC(4)	gyrB(12)	icd(16)	mdh(9)	purA(7)	recA(7)
data/genomes/562.97803.fna.gz	ecoli_achtman_4	80	adk(13)	fumC(24)	gyrB(19)	icd(14)	mdh(23)	purA(1)	recA(10)
data/genomes/562.7631.fna.gz	ecoli_achtman_4	517	adk(109)	fumC(65)	gyrB(5)	icd(1)	mdh(9)	purA(13)	recA(14)
data/genomes/562.97855.fna.gz	ecoli_achtman_4	625	adk(13)	fumC(43)	gyrB(13)	icd(14)	mdh(30)	purA(94)	recA(92)
data/genomes/562.97752.fna.gz	ecoli_achtman_4	73	adk(36)	fumC(24)	gyrB(9)	icd(13)	mdh(17)	purA(11)	recA(25)
data/genomes/562.7742.fna.gz	ecoli_achtman_4	5381	adk(13)	fumC(21)	gyrB(13)	icd(543)	mdh(17)	purA(36)	recA(15)
data/genomes/562.7686.fna.gz	ecoli_achtman_4	381	adk(6)	fumC(4)	gyrB(12)	icd(92)	mdh(24)	purA(18)	recA(7)
data/genomes/562.97804.fna.gz	ecoli_achtman_4	73	adk(36)	fumC(24)	gyrB(9)	icd(13)	mdh(17)	purA(11)	recA(25)
data/genomes/562.7632.fna.gz	ecoli_achtman_4	5234	adk(6)	fumC(4)	gyrB(12)	icd(16)	mdh(9)	purA(7)	recA(88)
data/genomes/562.97856.fna.gz	ecoli_achtman_4	10247	adk(27)	fumC(32)	gyrB(24)	icd(29)	mdh(897)	purA(19)	recA(22)
data/genomes/562.97753.fna.gz	ecoli_achtman_4	162	adk(9)	fumC(65)	gyrB(5)	icd(1)	mdh(9)	purA(13)	recA(6)
data/genomes/562.7743.fna.gz	ecoli_achtman_4	40	adk(6)	fumC(4)	gyrB(5)	icd(26)	mdh(20)	purA(8)	recA(14)
data/genomes/562.97805.fna.gz	ecoli_achtman_4	69	adk(21)	fumC(35)	gyrB(27)	icd(6)	mdh(5)	purA(5)	recA(4)
data/genomes/562.7687.fna.gz	ecoli_achtman_4	302	adk(79)	fumC(84)	gyrB(71)	icd(78)	mdh(52)	purA(57)	recA(2)
data/genomes/562.7633.fna.gz	ecoli_achtman_4	40	adk(6)	fumC(4)	gyrB(5)	icd(26)	mdh(20)	purA(8)	recA(14)
data/genomes/562.97857.fna.gz	ecoli_achtman_4	95	adk(37)	fumC(38)	gyrB(19)	icd(37)	mdh(17)	purA(11)	recA(26)
data/genomes/562.97754.fna.gz	ecoli_achtman_4	10	adk(10)	fumC(11)	gyrB(4)	icd(8)	mdh(8)	purA(8)	recA(2)
data/genomes/562.7688.fna.gz	ecoli_achtman_4	5353	adk(10)	fumC(669)	gyrB(4)	icd(8)	mdh(8)	purA(8)	recA(2)
data/genomes/562.7744.fna.gz	ecoli_achtman_4	5241	adk(109)	fumC(65)	gyrB(13)	icd(1)	mdh(9)	purA(13)	recA(14)
data/genomes/562.97806.fna.gz	ecoli_achtman_4	106	adk(21)	fumC(35)	gyrB(27)	icd(6)	mdh(5)	purA(8)	recA(4)
data/genomes/562.7634.fna.gz	ecoli_achtman_4	301	adk(78)	fumC(27)	gyrB(5)	icd(10)	mdh(12)	purA(8)	recA(2)
data/genomes/562.97858.fna.gz	ecoli_achtman_4	95	adk(37)	fumC(38)	gyrB(19)	icd(37)	mdh(17)	purA(11)	recA(26)
data/genomes/562.97755.fna.gz	ecoli_achtman_4	95	adk(37)	fumC(38)	gyrB(19)	icd(37)	mdh(17)	purA(11)	recA(26)
data/genomes/562.7745.fna.gz	ecoli_achtman_4	121	adk(13)	fumC(21)	gyrB(13)	icd(22)	mdh(17)	purA(36)	recA(15)
data/genomes/562.7689.fna.gz	ecoli_achtman_4	378	adk(10)	fumC(11)	gyrB(4)	icd(1)	mdh(8)	purA(66)	recA(2)
data/genomes/562.97807.fna.gz	ecoli_achtman_4	95	adk(37)	fumC(38)	gyrB(19)	icd(37)	mdh(17)	purA(11)	recA(26)
data/genomes/562.7635.fna.gz	ecoli_achtman_4	328	adk(9)	fumC(23)	gyrB(81)	icd(18)	mdh(11)	purA(8)	recA(6)
data/genomes/562.97756.fna.gz	ecoli_achtman_4	10	adk(10)	fumC(11)	gyrB(4)	icd(8)	mdh(8)	purA(8)	recA(2)
data/genomes/562.97859.fna.gz	ecoli_achtman_4	405	adk(35)	fumC(37)	gyrB(29)	icd(25)	mdh(4)	purA(5)	recA(73)
data/genomes/562.7690.fna.gz	ecoli_achtman_4	2144	adk(6)	fumC(6)	gyrB(15)	icd(56)	mdh(11)	purA(26)	recA(6)
data/genomes/562.7746.fna.gz	ecoli_achtman_4	335	adk(29)	fumC(12)	gyrB(8)	icd(12)	mdh(15)	purA(2)	recA(2)
data/genomes/562.97809.fna.gz	ecoli_achtman_4	117	adk(20)	fumC(45)	gyrB(41)	icd(43)	mdh(5)	purA(32)	recA(2)
data/genomes/562.7636.fna.gz	ecoli_achtman_4	328	adk(9)	fumC(23)	gyrB(81)	icd(18)	mdh(11)	purA(8)	recA(6)
data/genomes/562.97860.fna.gz	ecoli_achtman_4	8579	adk(9)	fumC(4)	gyrB(15)	icd(88)	mdh(20)	purA(8)	recA(14)
data/genomes/562.97757.fna.gz	ecoli_achtman_4	95	adk(37)	fumC(38)	gyrB(19)	icd(37)	mdh(17)	purA(11)	recA(26)
data/genomes/562.7691.fna.gz	ecoli_achtman_4	121	adk(13)	fumC(21)	gyrB(13)	icd(22)	mdh(17)	purA(36)	recA(15)
data/genomes/562.97810.fna.gz	ecoli_achtman_4	12	adk(13)	fumC(13)	gyrB(9)	icd(13)	mdh(16)	purA(10)	recA(9)
data/genomes/562.7747.fna.gz	ecoli_achtman_4	517	adk(109)	fumC(65)	gyrB(5)	icd(1)	mdh(9)	purA(13)	recA(14)
data/genomes/562.7637.fna.gz	ecoli_achtman_4	301	adk(78)	fumC(27)	gyrB(5)	icd(10)	mdh(12)	purA(8)	recA(2)
data/genomes/562.97861.fna.gz	ecoli_achtman_4	127	adk(13)	fumC(14)	gyrB(19)	icd(36)	mdh(23)	purA(11)	recA(10)
data/genomes/562.7693.fna.gz	ecoli_achtman_4	443	adk(6)	fumC(19)	gyrB(15)	icd(16)	mdh(9)	purA(8)	recA(7)
data/genomes/562.7749.fna.gz	ecoli_achtman_4	378	adk(10)	fumC(11)	gyrB(4)	icd(1)	mdh(8)	purA(66)	recA(2)
data/genomes/562.97811.fna.gz	ecoli_achtman_4	12	adk(13)	fumC(13)	gyrB(9)	icd(13)	mdh(16)	purA(10)	recA(9)
data/genomes/562.97758.fna.gz	ecoli_achtman_4	10	adk(10)	fumC(11)	gyrB(4)	icd(8)	mdh(8)	purA(8)	recA(2)
data/genomes/562.7638.fna.gz	ecoli_achtman_4	378	adk(10)	fumC(11)	gyrB(4)	icd(1)	mdh(8)	purA(66)	recA(2)
data/genomes/562.7694.fna.gz	ecoli_achtman_4	-	adk(-)	fumC(11)	gyrB(-)	icd(-)	mdh(-)	purA(8)	recA(-)
data/genomes/562.97862.fna.gz	ecoli_achtman_4	421	adk(37)	fumC(38)	gyrB(19)	icd(37)	mdh(17)	purA(8)	recA(26)
data/genomes/562.7750.fna.gz	ecoli_achtman_4	34	adk(10)	fumC(11)	gyrB(4)	icd(1)	mdh(8)	purA(8)	recA(2)
data/genomes/562.97812.fna.gz	ecoli_achtman_4	550	adk(14)	fumC(14)	gyrB(10)	icd(14)	mdh(17)	purA(92)	recA(10)
data/genomes/562.97759.fna.gz	ecoli_achtman_4	95	adk(37)	fumC(38)	gyrB(19)	icd(37)	mdh(17)	purA(11)	recA(26)
data/genomes/562.7639.fna.gz	ecoli_achtman_4	517	adk(109)	fumC(65)	gyrB(5)	icd(1)	mdh(9)	purA(13)	recA(14)
data/genomes/562.7695.fna.gz	ecoli_achtman_4	2089	adk(6)	fumC(153)	gyrB(261)	icd(91)	mdh(7)	purA(78)	recA(6)
data/genomes/562.97863.fna.gz	ecoli_achtman_4	95	adk(37)	fumC(38)	gyrB(19)	icd(37)	mdh(17)	purA(11)	recA(26)
data/genomes/562.7752.fna.gz	ecoli_achtman_4	583	adk(15)	fumC(24)	gyrB(10)	icd(46)	mdh(17)	purA(37)	recA(36)
data/genomes/562.97813.fna.gz	ecoli_achtman_4	73	adk(36)	fumC(24)	gyrB(9)	icd(13)	mdh(17)	purA(11)	recA(25)
data/genomes/562.97760.fna.gz	ecoli_achtman_4	12	adk(13)	fumC(13)	gyrB(9)	icd(13)	mdh(16)	purA(10)	recA(9)
data/genomes/562.7640.fna.gz	ecoli_achtman_4	517	adk(109)	fumC(65)	gyrB(5)	icd(1)	mdh(9)	purA(13)	recA(14)
data/genomes/562.7696.fna.gz	ecoli_achtman_4	803	adk(13)	fumC(24)	gyrB(19)	icd(22)	mdh(17)	purA(10)	recA(2)
data/genomes/562.97864.fna.gz	ecoli_achtman_4	73	adk(36)	fumC(24)	gyrB(9)	icd(13)	mdh(17)	purA(11)	recA(25)
data/genomes/562.7753.fna.gz	ecoli_achtman_4	29	adk(6)	fumC(4)	gyrB(12)	icd(16)	mdh(9)	purA(7)	recA(7)
data/genomes/562.97761.fna.gz	ecoli_achtman_4	141	adk(13)	fumC(52)	gyrB(10)	icd(14)	mdh(17)	purA(25)	recA(17)
data/genomes/562.97814.fna.gz	ecoli_achtman_4	88	adk(6)	fumC(4)	gyrB(12)	icd(1)	mdh(20)	purA(12)	recA(7)
data/genomes/562.7642.fna.gz	ecoli_achtman_4	4550	adk(6)	fumC(4)	gyrB(12)	icd(476)	mdh(9)	purA(7)	recA(7)
data/genomes/562.7697.fna.gz	ecoli_achtman_4	121	adk(13)	fumC(21)	gyrB(13)	icd(22)	mdh(17)	purA(36)	recA(15)
data/genomes/562.97865.fna.gz	ecoli_achtman_4	131	adk(53)	fumC(40)	gyrB(47)	icd(13)	mdh(36)	purA(28)	recA(29)
data/genomes/562.97762.fna.gz	ecoli_achtman_4	69	adk(21)	fumC(35)	gyrB(27)	icd(6)	mdh(5)	purA(5)	recA(4)
data/genomes/562.97815.fna.gz	ecoli_achtman_4	88	adk(6)	fumC(4)	gyrB(12)	icd(1)	mdh(20)	purA(12)	recA(7)
data/genomes/562.7754.fna.gz	ecoli_achtman_4	29	adk(6)	fumC(4)	gyrB(12)	icd(16)	mdh(9)	purA(7)	recA(7)
data/genomes/562.7643.fna.gz	ecoli_achtman_4	10	adk(10)	fumC(11)	gyrB(4)	icd(8)	mdh(8)	purA(8)	recA(2)
data/genomes/562.7698.fna.gz	ecoli_achtman_4	328	adk(9)	fumC(23)	gyrB(81)	icd(18)	mdh(11)	purA(8)	recA(6)
data/genomes/562.97866.fna.gz	ecoli_achtman_4	69	adk(21)	fumC(35)	gyrB(27)	icd(6)	mdh(5)	purA(5)	recA(4)
data/genomes/562.97763.fna.gz	ecoli_achtman_4	131	adk(53)	fumC(40)	gyrB(47)	icd(13)	mdh(36)	purA(28)	recA(29)
data/genomes/562.97816.fna.gz	ecoli_achtman_4	73	adk(36)	fumC(24)	gyrB(9)	icd(13)	mdh(17)	purA(11)	recA(25)
data/genomes/562.7755.fna.gz	ecoli_achtman_4	4550	adk(6)	fumC(4)	gyrB(12)	icd(476)	mdh(9)	purA(7)	recA(7)
data/genomes/562.7644.fna.gz	ecoli_achtman_4	40	adk(6)	fumC(4)	gyrB(5)	icd(26)	mdh(20)	purA(8)	recA(14)
data/genomes/562.7700.fna.gz	ecoli_achtman_4	34	adk(10)	fumC(11)	gyrB(4)	icd(1)	mdh(8)	purA(8)	recA(2)
data/genomes/562.97867.fna.gz	ecoli_achtman_4	9135	adk(6)	fumC(1268)	gyrB(787)	icd(26)	mdh(9)	purA(13)	recA(98)
data/genomes/562.97817.fna.gz	ecoli_achtman_4	73	adk(36)	fumC(24)	gyrB(9)	icd(13)	mdh(17)	purA(11)	recA(25)
data/genomes/562.97764.fna.gz	ecoli_achtman_4	62	adk(28)	fumC(33)	gyrB(25)	icd(29)	mdh(7)	purA(11)	recA(24)
data/genomes/562.7757.fna.gz	ecoli_achtman_4	34	adk(10)	fumC(11)	gyrB(4)	icd(1)	mdh(8)	purA(8)	recA(2)
data/genomes/562.7645.fna.gz	ecoli_achtman_4	34	adk(10)	fumC(11)	gyrB(4)	icd(1)	mdh(8)	purA(8)	recA(2)
data/genomes/562.7701.fna.gz	ecoli_achtman_4	335	adk(29)	fumC(12)	gyrB(8)	icd(12)	mdh(15)	purA(2)	recA(2)
data/genomes/562.97868.fna.gz	ecoli_achtman_4	59	adk(27)	fumC(32)	gyrB(24)	icd(29)	mdh(26)	purA(19)	recA(22)
data/genomes/562.97765.fna.gz	ecoli_achtman_4	127	adk(13)	fumC(14)	gyrB(19)	icd(36)	mdh(23)	purA(11)	recA(10)
data/genomes/562.97818.fna.gz	ecoli_achtman_4	73	adk(36)	fumC(24)	gyrB(9)	icd(13)	mdh(17)	purA(11)	recA(25)
data/genomes/562.7758.fna.gz	ecoli_achtman_4	29	adk(6)	fumC(4)	gyrB(12)	icd(16)	mdh(9)	purA(7)	recA(7)
data/genomes/562.7702.fna.gz	ecoli_achtman_4	2089	adk(6)	fumC(153)	gyrB(261)	icd(91)	mdh(7)	purA(78)	recA(6)
data/genomes/562.7646.fna.gz	ecoli_achtman_4	5426	adk(6)	fumC(4)	gyrB(12)	icd(16)	mdh(66)	purA(7)	recA(7)
data/genomes/562.97869.fna.gz	ecoli_achtman_4	547	adk(13)	fumC(52)	gyrB(10)	icd(119)	mdh(17)	purA(37)	recA(25)
data/genomes/562.97766.fna.gz	ecoli_achtman_4	80	adk(13)	fumC(24)	gyrB(19)	icd(14)	mdh(23)	purA(1)	recA(10)
data/genomes/562.97819.fna.gz	ecoli_achtman_4	73	adk(36)	fumC(24)	gyrB(9)	icd(13)	mdh(17)	purA(11)	recA(25)
data/genomes/562.7759.fna.gz	ecoli_achtman_4	517	adk(109)	fumC(65)	gyrB(5)	icd(1)	mdh(9)	purA(13)	recA(14)
data/genomes/562.7647.fna.gz	ecoli_achtman_4	328	adk(9)	fumC(23)	gyrB(81)	icd(18)	mdh(11)	purA(8)	recA(6)
data/genomes/562.7703.fna.gz	ecoli_achtman_4	443	adk(6)	fumC(19)	gyrB(15)	icd(16)	mdh(9)	purA(8)	recA(7)
data/genomes/562.97870.fna.gz	ecoli_achtman_4	73	adk(36)	fumC(24)	gyrB(9)	icd(13)	mdh(17)	purA(11)	recA(25)
data/genomes/562.97767.fna.gz	ecoli_achtman_4	706	adk(88)	fumC(24)	gyrB(49)	icd(36)	mdh(17)	purA(11)	recA(91)
data/genomes/562.97820.fna.gz	ecoli_achtman_4	59	adk(27)	fumC(32)	gyrB(24)	icd(29)	mdh(26)	purA(19)	recA(22)
data/genomes/562.7760.fna.gz	ecoli_achtman_4	121	adk(13)	fumC(21)	gyrB(13)	icd(22)	mdh(17)	purA(36)	recA(15)
data/genomes/562.7648.fna.gz	ecoli_achtman_4	29	adk(6)	fumC(4)	gyrB(12)	icd(16)	mdh(9)	purA(7)	recA(7)
data/genomes/562.7704.fna.gz	ecoli_achtman_4	10	adk(10)	fumC(11)	gyrB(4)	icd(8)	mdh(8)	purA(8)	recA(2)
data/genomes/562.97871.fna.gz	ecoli_achtman_4	95	adk(37)	fumC(38)	gyrB(19)	icd(37)	mdh(17)	purA(11)	recA(26)
data/genomes/562.97768.fna.gz	ecoli_achtman_4	127	adk(13)	fumC(14)	gyrB(19)	icd(36)	mdh(23)	purA(11)	recA(10)
data/genomes/562.97821.fna.gz	ecoli_achtman_4	58	adk(6)	fumC(4)	gyrB(4)	icd(16)	mdh(24)	purA(8)	recA(14)
data/genomes/562.7761.fna.gz	ecoli_achtman_4	5582	adk(6)	fumC(710)	gyrB(69)	icd(8)	mdh(24)	purA(18)	recA(20)
data/genomes/562.7649.fna.gz	ecoli_achtman_4	5353	adk(10)	fumC(669)	gyrB(4)	icd(8)	mdh(8)	purA(8)	recA(2)
data/genomes/562.7705.fna.gz	ecoli_achtman_4	29	adk(6)	fumC(4)	gyrB(12)	icd(16)	mdh(9)	purA(7)	recA(7)
data/genomes/562.97872.fna.gz	ecoli_achtman_4	69	adk(21)	fumC(35)	gyrB(27)	icd(6)	mdh(5)	purA(5)	recA(4)
data/genomes/562.97769.fna.gz	ecoli_achtman_4	2141	adk(101)	fumC(88)	gyrB(262)	icd(281)	mdh(59)	purA(215)	recA(196)
data/genomes/562.97822.fna.gz	ecoli_achtman_4	141	adk(13)	fumC(52)	gyrB(10)	icd(14)	mdh(17)	purA(25)	recA(17)
data/genomes/562.7762.fna.gz	ecoli_achtman_4	517	adk(109)	fumC(65)	gyrB(5)	icd(1)	mdh(9)	purA(13)	recA(14)
data/genomes/562.7650.fna.gz	ecoli_achtman_4	517	adk(109)	fumC(65)	gyrB(5)	icd(1)	mdh(9)	purA(13)	recA(14)
data/genomes/562.7706.fna.gz	ecoli_achtman_4	29	adk(6)	fumC(4)	gyrB(12)	icd(16)	mdh(9)	purA(7)	recA(7)
data/genomes/562.97873.fna.gz	ecoli_achtman_4	69	adk(21)	fumC(35)	gyrB(27)	icd(6)	mdh(5)	purA(5)	recA(4)
data/genomes/562.97770.fna.gz	ecoli_achtman_4	59	adk(27)	fumC(32)	gyrB(24)	icd(29)	mdh(26)	purA(19)	recA(22)
data/genomes/562.97823.fna.gz	ecoli_achtman_4	127	adk(13)	fumC(14)	gyrB(19)	icd(36)	mdh(23)	purA(11)	recA(10)
data/genomes/562.7763.fna.gz	ecoli_achtman_4	-	adk(109)	fumC(65)	gyrB(5)	icd(1)	mdh(9)	purA(-)	recA(14)
data/genomes/562.7707.fna.gz	ecoli_achtman_4	5241	adk(109)	fumC(65)	gyrB(13)	icd(1)	mdh(9)	purA(13)	recA(14)
data/genomes/562.97874.fna.gz	ecoli_achtman_4	88	adk(6)	fumC(4)	gyrB(12)	icd(1)	mdh(20)	purA(12)	recA(7)
data/genomes/562.7652.fna.gz	ecoli_achtman_4	121	adk(13)	fumC(21)	gyrB(13)	icd(22)	mdh(17)	purA(36)	recA(15)
data/genomes/562.97771.fna.gz	ecoli_achtman_4	372	adk(88)	fumC(103)	gyrB(19)	icd(36)	mdh(23)	purA(44)	recA(26)
data/genomes/562.97824.fna.gz	ecoli_achtman_4	23	adk(6)	fumC(4)	gyrB(12)	icd(1)	mdh(20)	purA(13)	recA(7)
data/genomes/562.7765.fna.gz	ecoli_achtman_4	517	adk(109)	fumC(65)	gyrB(5)	icd(1)	mdh(9)	purA(13)	recA(14)
data/genomes/562.97880.fna.gz	ecoli_achtman_4	88	adk(6)	fumC(4)	gyrB(12)	icd(1)	mdh(20)	purA(12)	recA(7)
data/genomes/562.97875.fna.gz	ecoli_achtman_4	73	adk(36)	fumC(24)	gyrB(9)	icd(13)	mdh(17)	purA(11)	recA(25)
data/genomes/562.7653.fna.gz	ecoli_achtman_4	589	adk(13)	fumC(39)	gyrB(13)	icd(13)	mdh(18)	purA(10)	recA(79)
data/genomes/562.97772.fna.gz	ecoli_achtman_4	95	adk(37)	fumC(38)	gyrB(19)	icd(37)	mdh(17)	purA(11)	recA(26)
data/genomes/562.97825.fna.gz	ecoli_achtman_4	73	adk(36)	fumC(24)	gyrB(9)	icd(13)	mdh(17)	purA(11)	recA(25)
data/genomes/562.97930.fna.gz	ecoli_achtman_4	73	adk(36)	fumC(24)	gyrB(9)	icd(13)	mdh(17)	purA(11)	recA(25)
data/genomes/562.97881.fna.gz	ecoli_achtman_4	141	adk(13)	fumC(52)	gyrB(10)	icd(14)	mdh(17)	purA(25)	recA(17)
data/genomes/562.97877.fna.gz	ecoli_achtman_4	973	adk(154)	fumC(187)	gyrB(22)	icd(52)	mdh(130)	purA(129)	recA(4)
data/genomes/562.97981.fna.gz	ecoli_achtman_4	69	adk(21)	fumC(35)	gyrB(27)	icd(6)	mdh(5)	purA(5)	recA(4)
data/genomes/562.97773.fna.gz	ecoli_achtman_4	537	adk(14)	fumC(14)	gyrB(10)	icd(14)	mdh(17)	purA(11)	recA(10)
data/genomes/562.97826.fna.gz	ecoli_achtman_4	10299	adk(13)	fumC(1470)	gyrB(9)	icd(13)	mdh(16)	purA(10)	recA(9)
data/genomes/562.97931.fna.gz	ecoli_achtman_4	393	adk(18)	fumC(106)	gyrB(17)	icd(6)	mdh(5)	purA(5)	recA(4)
data/genomes/562.97882.fna.gz	ecoli_achtman_4	73	adk(36)	fumC(24)	gyrB(9)	icd(13)	mdh(17)	purA(11)	recA(25)
data/genomes/562.97878.fna.gz	ecoli_achtman_4	5261	adk(13)	fumC(14)	gyrB(49)	icd(14)	mdh(17)	purA(94)	recA(10)
data/genomes/562.97982.fna.gz	ecoli_achtman_4	73	adk(36)	fumC(24)	gyrB(9)	icd(13)	mdh(17)	purA(11)	recA(25)
data/genomes/562.98031.fna.gz	ecoli_achtman_4	73	adk(36)	fumC(24)	gyrB(9)	icd(13)	mdh(17)	purA(11)	recA(25)
data/genomes/562.97827.fna.gz	ecoli_achtman_4	10219	adk(6)	fumC(4)	gyrB(913)	icd(95)	mdh(7)	purA(8)	recA(7)
data/genomes/562.97932.fna.gz	ecoli_achtman_4	550	adk(14)	fumC(14)	gyrB(10)	icd(14)	mdh(17)	purA(92)	recA(10)
data/genomes/562.97883.fna.gz	ecoli_achtman_4	69	adk(21)	fumC(35)	gyrB(27)	icd(6)	mdh(5)	purA(5)	recA(4)
data/genomes/562.97879.fna.gz	ecoli_achtman_4	95	adk(37)	fumC(38)	gyrB(19)	icd(37)	mdh(17)	purA(11)	recA(26)
data/genomes/562.97983.fna.gz	ecoli_achtman_4	1441	adk(13)	fumC(43)	gyrB(19)	icd(36)	mdh(17)	purA(37)	recA(28)
data/genomes/562.98032.fna.gz	ecoli_achtman_4	73	adk(36)	fumC(24)	gyrB(9)	icd(13)	mdh(17)	purA(11)	recA(25)
data/genomes/562.98081.fna.gz	ecoli_achtman_4	12	adk(13)	fumC(13)	gyrB(9)	icd(13)	mdh(16)	purA(10)	recA(9)
data/genomes/562.97933.fna.gz	ecoli_achtman_4	69	adk(21)	fumC(35)	gyrB(27)	icd(6)	mdh(5)	purA(5)	recA(4)
data/genomes/562.97884.fna.gz	ecoli_achtman_4	69	adk(21)	fumC(35)	gyrB(27)	icd(6)	mdh(5)	purA(5)	recA(4)
data/genomes/562.98131.fna.gz	ecoli_achtman_4	73	adk(36)	fumC(24)	gyrB(9)	icd(13)	mdh(17)	purA(11)	recA(25)
data/genomes/562.97984.fna.gz	ecoli_achtman_4	73	adk(36)	fumC(24)	gyrB(9)	icd(13)	mdh(17)	purA(11)	recA(25)
data/genomes/562.98033.fna.gz	ecoli_achtman_4	1170	adk(13)	fumC(40)	gyrB(19)	icd(13)	mdh(23)	purA(28)	recA(109)
data/genomes/562.98082.fna.gz	ecoli_achtman_4	73	adk(36)	fumC(24)	gyrB(9)	icd(13)	mdh(17)	purA(11)	recA(25)
data/genomes/562.97934.fna.gz	ecoli_achtman_4	8184	adk(13)	fumC(195)	gyrB(13)	icd(13)	mdh(233)	purA(28)	recA(202)
data/genomes/562.97885.fna.gz	ecoli_achtman_4	95	adk(37)	fumC(38)	gyrB(19)	icd(37)	mdh(17)	purA(11)	recA(26)
data/genomes/562.98132.fna.gz	ecoli_achtman_4	538	adk(13)	fumC(40)	gyrB(19)	icd(13)	mdh(36)	purA(28)	recA(30)
data/genomes/562.97985.fna.gz	ecoli_achtman_4	131	adk(53)	fumC(40)	gyrB(47)	icd(13)	mdh(36)	purA(28)	recA(29)
data/genomes/562.98034.fna.gz	ecoli_achtman_4	393	adk(18)	fumC(106)	gyrB(17)	icd(6)	mdh(5)	purA(5)	recA(4)
data/genomes/562.98083.fna.gz	ecoli_achtman_4	635	adk(6)	fumC(107)	gyrB(1)	icd(95)	mdh(69)	purA(8)	recA(7)
data/genomes/562.97935.fna.gz	ecoli_achtman_4	949	adk(6)	fumC(4)	gyrB(14)	icd(16)	mdh(24)	purA(8)	recA(6)
data/genomes/562.97886.fna.gz	ecoli_achtman_4	144	adk(13)	fumC(43)	gyrB(9)	icd(36)	mdh(30)	purA(44)	recA(25)
data/genomes/562.98133.fna.gz	ecoli_achtman_4	131	adk(53)	fumC(40)	gyrB(47)	icd(13)	mdh(36)	purA(28)	recA(29)
data/genomes/562.97986.fna.gz	ecoli_achtman_4	95	adk(37)	fumC(38)	gyrB(19)	icd(37)	mdh(17)	purA(11)	recA(26)
data/genomes/562.98035.fna.gz	ecoli_achtman_4	73	adk(36)	fumC(24)	gyrB(9)	icd(13)	mdh(17)	purA(11)	recA(25)
data/genomes/562.98084.fna.gz	ecoli_achtman_4	2678	adk(13)	fumC(14)	gyrB(19)	icd(22)	mdh(17)	purA(14)	recA(203)
data/genomes/562.97936.fna.gz	ecoli_achtman_4	12	adk(13)	fumC(13)	gyrB(9)	icd(13)	mdh(16)	purA(10)	recA(9)
data/genomes/562.97887.fna.gz	ecoli_achtman_4	73	adk(36)	fumC(24)	gyrB(9)	icd(13)	mdh(17)	purA(11)	recA(25)
data/genomes/562.98134.fna.gz	ecoli_achtman_4	2617	adk(27)	fumC(32)	gyrB(287)	icd(29)	mdh(26)	purA(19)	recA(22)
data/genomes/562.97987.fna.gz	ecoli_achtman_4	1567	adk(46)	fumC(26)	gyrB(208)	icd(6)	mdh(4)	purA(16)	recA(4)
data/genomes/562.98036.fna.gz	ecoli_achtman_4	95	adk(37)	fumC(38)	gyrB(19)	icd(37)	mdh(17)	purA(11)	recA(26)
data/genomes/562.98085.fna.gz	ecoli_achtman_4	95	adk(37)	fumC(38)	gyrB(19)	icd(37)	mdh(17)	purA(11)	recA(26)
data/genomes/562.97937.fna.gz	ecoli_achtman_4	69	adk(21)	fumC(35)	gyrB(27)	icd(6)	mdh(5)	purA(5)	recA(4)
data/genomes/562.97888.fna.gz	ecoli_achtman_4	3288	adk(6)	fumC(7)	gyrB(5)	icd(1)	mdh(8)	purA(8)	recA(2)
data/genomes/562.98135.fna.gz	ecoli_achtman_4	95	adk(37)	fumC(38)	gyrB(19)	icd(37)	mdh(17)	purA(11)	recA(26)
data/genomes/562.97988.fna.gz	ecoli_achtman_4	394	adk(21)	fumC(35)	gyrB(61)	icd(52)	mdh(5)	purA(5)	recA(4)
data/genomes/562.98037.fna.gz	ecoli_achtman_4	104	adk(13)	fumC(24)	gyrB(9)	icd(13)	mdh(17)	purA(11)	recA(25)
data/genomes/562.98086.fna.gz	ecoli_achtman_4	602	adk(6)	fumC(19)	gyrB(33)	icd(26)	mdh(11)	purA(8)	recA(6)
data/genomes/562.97938.fna.gz	ecoli_achtman_4	43	adk(24)	fumC(11)	gyrB(4)	icd(8)	mdh(8)	purA(8)	recA(2)
data/genomes/562.97889.fna.gz	ecoli_achtman_4	95	adk(37)	fumC(38)	gyrB(19)	icd(37)	mdh(17)	purA(11)	recA(26)
data/genomes/562.98136.fna.gz	ecoli_achtman_4	12	adk(13)	fumC(13)	gyrB(9)	icd(13)	mdh(16)	purA(10)	recA(9)
data/genomes/562.97989.fna.gz	ecoli_achtman_4	10222	adk(13)	fumC(14)	gyrB(19)	icd(36)	mdh(23)	purA(772)	recA(10)
data/genomes/562.98038.fna.gz	ecoli_achtman_4	73	adk(36)	fumC(24)	gyrB(9)	icd(13)	mdh(17)	purA(11)	recA(25)
data/genomes/562.98087.fna.gz	ecoli_achtman_4	393	adk(18)	fumC(106)	gyrB(17)	icd(6)	mdh(5)	purA(5)	recA(4)
data/genomes/562.97939.fna.gz	ecoli_achtman_4	362	adk(62)	fumC(100)	gyrB(17)	icd(31)	mdh(5)	purA(5)	recA(4)
data/genomes/562.97890.fna.gz	ecoli_achtman_4	127	adk(13)	fumC(14)	gyrB(19)	icd(36)	mdh(23)	purA(11)	recA(10)
data/genomes/562.98137.fna.gz	ecoli_achtman_4	95	adk(37)	fumC(38)	gyrB(19)	icd(37)	mdh(17)	purA(11)	recA(26)
data/genomes/562.97990.fna.gz	ecoli_achtman_4	95	adk(37)	fumC(38)	gyrB(19)	icd(37)	mdh(17)	purA(11)	recA(26)
data/genomes/562.98039.fna.gz	ecoli_achtman_4	69	adk(21)	fumC(35)	gyrB(27)	icd(6)	mdh(5)	purA(5)	recA(4)
data/genomes/562.98088.fna.gz	ecoli_achtman_4	998	adk(13)	fumC(52)	gyrB(156)	icd(14)	mdh(17)	purA(25)	recA(17)
data/genomes/562.97940.fna.gz	ecoli_achtman_4	12	adk(13)	fumC(13)	gyrB(9)	icd(13)	mdh(16)	purA(10)	recA(9)
data/genomes/562.97891.fna.gz	ecoli_achtman_4	746	adk(10)	fumC(7)	gyrB(4)	icd(8)	mdh(12)	purA(8)	recA(2)
data/genomes/562.98138.fna.gz	ecoli_achtman_4	5363	adk(10)	fumC(672)	gyrB(4)	icd(8)	mdh(8)	purA(8)	recA(2)
data/genomes/562.97991.fna.gz	ecoli_achtman_4	357	adk(13)	fumC(40)	gyrB(13)	icd(13)	mdh(23)	purA(25)	recA(66)
data/genomes/562.98040.fna.gz	ecoli_achtman_4	95	adk(37)	fumC(38)	gyrB(19)	icd(37)	mdh(17)	purA(11)	recA(26)
data/genomes/562.98089.fna.gz	ecoli_achtman_4	95	adk(37)	fumC(38)	gyrB(19)	icd(37)	mdh(17)	purA(11)	recA(26)
data/genomes/562.97941.fna.gz	ecoli_achtman_4	10	adk(10)	fumC(11)	gyrB(4)	icd(8)	mdh(8)	purA(8)	recA(2)
data/genomes/562.97892.fna.gz	ecoli_achtman_4	59	adk(27)	fumC(32)	gyrB(24)	icd(29)	mdh(26)	purA(19)	recA(22)
data/genomes/562.98139.fna.gz	ecoli_achtman_4	14	adk(14)	fumC(14)	gyrB(10)	icd(14)	mdh(17)	purA(7)	recA(10)
data/genomes/562.97992.fna.gz	ecoli_achtman_4	69	adk(21)	fumC(35)	gyrB(27)	icd(6)	mdh(5)	purA(5)	recA(4)
data/genomes/562.98041.fna.gz	ecoli_achtman_4	88	adk(6)	fumC(4)	gyrB(12)	icd(1)	mdh(20)	purA(12)	recA(7)
data/genomes/562.98090.fna.gz	ecoli_achtman_4	59	adk(27)	fumC(32)	gyrB(24)	icd(29)	mdh(26)	purA(19)	recA(22)
data/genomes/562.97942.fna.gz	ecoli_achtman_4	10270	adk(1014)	fumC(4)	gyrB(919)	icd(9)	mdh(7)	purA(12)	recA(682)
data/genomes/562.97893.fna.gz	ecoli_achtman_4	80	adk(13)	fumC(24)	gyrB(19)	icd(14)	mdh(23)	purA(1)	recA(10)
data/genomes/562.98140.fna.gz	ecoli_achtman_4	362	adk(62)	fumC(100)	gyrB(17)	icd(31)	mdh(5)	purA(5)	recA(4)
data/genomes/562.97993.fna.gz	ecoli_achtman_4	442	adk(6)	fumC(95)	gyrB(33)	icd(18)	mdh(9)	purA(8)	recA(14)
data/genomes/562.98042.fna.gz	ecoli_achtman_4	538	adk(13)	fumC(40)	gyrB(19)	icd(13)	mdh(36)	purA(28)	recA(30)
data/genomes/562.98091.fna.gz	ecoli_achtman_4	127	adk(13)	fumC(14)	gyrB(19)	icd(36)	mdh(23)	purA(11)	recA(10)
data/genomes/562.97943.fna.gz	ecoli_achtman_4	69	adk(21)	fumC(35)	gyrB(27)	icd(6)	mdh(5)	purA(5)	recA(4)
data/genomes/562.97894.fna.gz	ecoli_achtman_4	95	adk(37)	fumC(38)	gyrB(19)	icd(37)	mdh(17)	purA(11)	recA(26)
data/genomes/562.98141.fna.gz	ecoli_achtman_4	550	adk(14)	fumC(14)	gyrB(10)	icd(14)	mdh(17)	purA(92)	recA(10)
data/genomes/562.97994.fna.gz	ecoli_achtman_4	131	adk(53)	fumC(40)	gyrB(47)	icd(13)	mdh(36)	purA(28)	recA(29)
data/genomes/562.98043.fna.gz	ecoli_achtman_4	10	adk(10)	fumC(11)	gyrB(4)	icd(8)	mdh(8)	purA(8)	recA(2)
data/genomes/562.98092.fna.gz	ecoli_achtman_4	69	adk(21)	fumC(35)	gyrB(27)	icd(6)	mdh(5)	purA(5)	recA(4)
data/genomes/562.97944.fna.gz	ecoli_achtman_4	106	adk(21)	fumC(35)	gyrB(27)	icd(6)	mdh(5)	purA(8)	recA(4)
data/genomes/562.97895.fna.gz	ecoli_achtman_4	14	adk(14)	fumC(14)	gyrB(10)	icd(14)	mdh(17)	purA(7)	recA(10)
data/genomes/562.98142.fna.gz	ecoli_achtman_4	12	adk(13)	fumC(13)	gyrB(9)	icd(13)	mdh(16)	purA(10)	recA(9)
data/genomes/562.97995.fna.gz	ecoli_achtman_4	73	adk(36)	fumC(24)	gyrB(9)	icd(13)	mdh(17)	purA(11)	recA(25)
data/genomes/562.98044.fna.gz	ecoli_achtman_4	95	adk(37)	fumC(38)	gyrB(19)	icd(37)	mdh(17)	purA(11)	recA(26)
data/genomes/562.98093.fna.gz	ecoli_achtman_4	59	adk(27)	fumC(32)	gyrB(24)	icd(29)	mdh(26)	purA(19)	recA(22)
data/genomes/562.97945.fna.gz	ecoli_achtman_4	73	adk(36)	fumC(24)	gyrB(9)	icd(13)	mdh(17)	purA(11)	recA(25)
data/genomes/562.97896.fna.gz	ecoli_achtman_4	1125	adk(6)	fumC(4)	gyrB(15)	icd(18)	mdh(24)	purA(26)	recA(7)
data/genomes/562.98143.fna.gz	ecoli_achtman_4	38	adk(4)	fumC(26)	gyrB(2)	icd(25)	mdh(5)	purA(5)	recA(19)
data/genomes/562.98045.fna.gz	ecoli_achtman_4	453	adk(99)	fumC(6)	gyrB(33)	icd(33)	mdh(24)	purA(8)	recA(7)
data/genomes/562.97996.fna.gz	ecoli_achtman_4	421	adk(37)	fumC(38)	gyrB(19)	icd(37)	mdh(17)	purA(8)	recA(26)
data/genomes/562.98094.fna.gz	ecoli_achtman_4	127	adk(13)	fumC(14)	gyrB(19)	icd(36)	mdh(23)	purA(11)	recA(10)
data/genomes/562.97946.fna.gz	ecoli_achtman_4	95	adk(37)	fumC(38)	gyrB(19)	icd(37)	mdh(17)	purA(11)	recA(26)
data/genomes/562.97897.fna.gz	ecoli_achtman_4	12	adk(13)	fumC(13)	gyrB(9)	icd(13)	mdh(16)	purA(10)	recA(9)
data/genomes/562.98144.fna.gz	ecoli_achtman_4	95	adk(37)	fumC(38)	gyrB(19)	icd(37)	mdh(17)	purA(11)	recA(26)
data/genomes/562.98046.fna.gz	ecoli_achtman_4	372	adk(88)	fumC(103)	gyrB(19)	icd(36)	mdh(23)	purA(44)	recA(26)
data/genomes/562.97997.fna.gz	ecoli_achtman_4	155	adk(6)	fumC(4)	gyrB(14)	icd(16)	mdh(24)	purA(8)	recA(14)
data/genomes/562.98095.fna.gz	ecoli_achtman_4	1643	adk(13)	fumC(24)	gyrB(58)	icd(37)	mdh(17)	purA(11)	recA(25)
data/genomes/562.97947.fna.gz	ecoli_achtman_4	550	adk(14)	fumC(14)	gyrB(10)	icd(14)	mdh(17)	purA(92)	recA(10)
data/genomes/562.97898.fna.gz	ecoli_achtman_4	405	adk(35)	fumC(37)	gyrB(29)	icd(25)	mdh(4)	purA(5)	recA(73)
data/genomes/562.98145.fna.gz	ecoli_achtman_4	69	adk(21)	fumC(35)	gyrB(27)	icd(6)	mdh(5)	purA(5)	recA(4)
data/genomes/562.98047.fna.gz	ecoli_achtman_4	127	adk(13)	fumC(14)	gyrB(19)	icd(36)	mdh(23)	purA(11)	recA(10)
data/genomes/562.98096.fna.gz	ecoli_achtman_4	14	adk(14)	fumC(14)	gyrB(10)	icd(14)	mdh(17)	purA(7)	recA(10)
data/genomes/562.97998.fna.gz	ecoli_achtman_4	131	adk(53)	fumC(40)	gyrB(47)	icd(13)	mdh(36)	purA(28)	recA(29)
data/genomes/562.97948.fna.gz	ecoli_achtman_4	393	adk(18)	fumC(106)	gyrB(17)	icd(6)	mdh(5)	purA(5)	recA(4)
data/genomes/562.97899.fna.gz	ecoli_achtman_4	73	adk(36)	fumC(24)	gyrB(9)	icd(13)	mdh(17)	purA(11)	recA(25)
data/genomes/562.98146.fna.gz	ecoli_achtman_4	59	adk(27)	fumC(32)	gyrB(24)	icd(29)	mdh(26)	purA(19)	recA(22)
data/genomes/562.98048.fna.gz	ecoli_achtman_4	3672	adk(76)	fumC(13)	gyrB(190)	icd(13)	mdh(17)	purA(30)	recA(25)
data/genomes/562.98097.fna.gz	ecoli_achtman_4	73	adk(36)	fumC(24)	gyrB(9)	icd(13)	mdh(17)	purA(11)	recA(25)
data/genomes/562.97999.fna.gz	ecoli_achtman_4	416	adk(37)	fumC(110)	gyrB(19)	icd(37)	mdh(17)	purA(11)	recA(26)
data/genomes/562.97949.fna.gz	ecoli_achtman_4	10	adk(10)	fumC(11)	gyrB(4)	icd(8)	mdh(8)	purA(8)	recA(2)
data/genomes/562.97900.fna.gz	ecoli_achtman_4	348	adk(6)	fumC(29)	gyrB(32)	icd(16)	mdh(11)	purA(8)	recA(14)
data/genomes/562.98147.fna.gz	ecoli_achtman_4	69	adk(21)	fumC(35)	gyrB(27)	icd(6)	mdh(5)	purA(5)	recA(4)
data/genomes/562.98049.fna.gz	ecoli_achtman_4	12	adk(13)	fumC(13)	gyrB(9)	icd(13)	mdh(16)	purA(10)	recA(9)
data/genomes/562.98000.fna.gz	ecoli_achtman_4	968	adk(36)	fumC(24)	gyrB(9)	icd(13)	mdh(17)	purA(128)	recA(25)
data/genomes/562.98098.fna.gz	ecoli_achtman_4	968	adk(36)	fumC(24)	gyrB(9)	icd(13)	mdh(17)	purA(128)	recA(25)
data/genomes/562.97950.fna.gz	ecoli_achtman_4	10401	adk(28)	fumC(33)	gyrB(945)	icd(29)	mdh(7)	purA(11)	recA(24)
data/genomes/562.97901.fna.gz	ecoli_achtman_4	144	adk(13)	fumC(43)	gyrB(9)	icd(36)	mdh(30)	purA(44)	recA(25)
data/genomes/562.98148.fna.gz	ecoli_achtman_4	59	adk(27)	fumC(32)	gyrB(24)	icd(29)	mdh(26)	purA(19)	recA(22)
data/genomes/562.98050.fna.gz	ecoli_achtman_4	95	adk(37)	fumC(38)	gyrB(19)	icd(37)	mdh(17)	purA(11)	recA(26)
data/genomes/562.98001.fna.gz	ecoli_achtman_4	93	adk(6)	fumC(11)	gyrB(4)	icd(10)	mdh(7)	purA(8)	recA(6)
data/genomes/562.98099.fna.gz	ecoli_achtman_4	59	adk(27)	fumC(32)	gyrB(24)	icd(29)	mdh(26)	purA(19)	recA(22)
data/genomes/562.97951.fna.gz	ecoli_achtman_4	95	adk(37)	fumC(38)	gyrB(19)	icd(37)	mdh(17)	purA(11)	recA(26)
data/genomes/562.97902.fna.gz	ecoli_achtman_4	14	adk(14)	fumC(14)	gyrB(10)	icd(14)	mdh(17)	purA(7)	recA(10)
data/genomes/562.98149.fna.gz	ecoli_achtman_4	550	adk(14)	fumC(14)	gyrB(10)	icd(14)	mdh(17)	purA(92)	recA(10)
data/genomes/562.98051.fna.gz	ecoli_achtman_4	69	adk(21)	fumC(35)	gyrB(27)	icd(6)	mdh(5)	purA(5)	recA(4)
data/genomes/562.98002.fna.gz	ecoli_achtman_4	5322	adk(10)	fumC(660)	gyrB(4)	icd(8)	mdh(8)	purA(8)	recA(2)
data/genomes/562.98100.fna.gz	ecoli_achtman_4	141	adk(13)	fumC(52)	gyrB(10)	icd(14)	mdh(17)	purA(25)	recA(17)
data/genomes/562.97952.fna.gz	ecoli_achtman_4	131	adk(53)	fumC(40)	gyrB(47)	icd(13)	mdh(36)	purA(28)	recA(29)
data/genomes/562.97903.fna.gz	ecoli_achtman_4	10	adk(10)	fumC(11)	gyrB(4)	icd(8)	mdh(8)	purA(8)	recA(2)
data/genomes/562.98150.fna.gz	ecoli_achtman_4	73	adk(36)	fumC(24)	gyrB(9)	icd(13)	mdh(17)	purA(11)	recA(25)
data/genomes/562.98052.fna.gz	ecoli_achtman_4	95	adk(37)	fumC(38)	gyrB(19)	icd(37)	mdh(17)	purA(11)	recA(26)
data/genomes/562.98101.fna.gz	ecoli_achtman_4	155	adk(6)	fumC(4)	gyrB(14)	icd(16)	mdh(24)	purA(8)	recA(14)
data/genomes/562.98003.fna.gz	ecoli_achtman_4	12	adk(13)	fumC(13)	gyrB(9)	icd(13)	mdh(16)	purA(10)	recA(9)
data/genomes/562.97953.fna.gz	ecoli_achtman_4	73	adk(36)	fumC(24)	gyrB(9)	icd(13)	mdh(17)	purA(11)	recA(25)
data/genomes/562.97904.fna.gz	ecoli_achtman_4	127	adk(13)	fumC(14)	gyrB(19)	icd(36)	mdh(23)	purA(11)	recA(10)
data/genomes/562.98151.fna.gz	ecoli_achtman_4	73	adk(36)	fumC(24)	gyrB(9)	icd(13)	mdh(17)	purA(11)	recA(25)
data/genomes/562.98053.fna.gz	ecoli_achtman_4	80	adk(13)	fumC(24)	gyrB(19)	icd(14)	mdh(23)	purA(1)	recA(10)
data/genomes/562.98102.fna.gz	ecoli_achtman_4	144	adk(13)	fumC(43)	gyrB(9)	icd(36)	mdh(30)	purA(44)	recA(25)
data/genomes/562.98004.fna.gz	ecoli_achtman_4	218	adk(10)	fumC(11)	gyrB(4)	icd(12)	mdh(8)	purA(8)	recA(2)
data/genomes/562.97954.fna.gz	ecoli_achtman_4	73	adk(36)	fumC(24)	gyrB(9)	icd(13)	mdh(17)	purA(11)	recA(25)
data/genomes/562.97905.fna.gz	ecoli_achtman_4	95	adk(37)	fumC(38)	gyrB(19)	icd(37)	mdh(17)	purA(11)	recA(26)
data/genomes/562.98152.fna.gz	ecoli_achtman_4	10280	adk(1016)	fumC(1467)	gyrB(640)	icd(140)	mdh(27)	purA(449)	recA(2)
data/genomes/562.98054.fna.gz	ecoli_achtman_4	69	adk(21)	fumC(35)	gyrB(27)	icd(6)	mdh(5)	purA(5)	recA(4)
data/genomes/562.98103.fna.gz	ecoli_achtman_4	95	adk(37)	fumC(38)	gyrB(19)	icd(37)	mdh(17)	purA(11)	recA(26)
data/genomes/562.98005.fna.gz	ecoli_achtman_4	73	adk(36)	fumC(24)	gyrB(9)	icd(13)	mdh(17)	purA(11)	recA(25)
data/genomes/562.97955.fna.gz	ecoli_achtman_4	69	adk(21)	fumC(35)	gyrB(27)	icd(6)	mdh(5)	purA(5)	recA(4)
data/genomes/562.97906.fna.gz	ecoli_achtman_4	73	adk(36)	fumC(24)	gyrB(9)	icd(13)	mdh(17)	purA(11)	recA(25)
data/genomes/562.98153.fna.gz	ecoli_achtman_4	117	adk(20)	fumC(45)	gyrB(41)	icd(43)	mdh(5)	purA(32)	recA(2)
data/genomes/562.98055.fna.gz	ecoli_achtman_4	155	adk(6)	fumC(4)	gyrB(14)	icd(16)	mdh(24)	purA(8)	recA(14)
data/genomes/562.98006.fna.gz	ecoli_achtman_4	567	adk(13)	fumC(43)	gyrB(9)	icd(37)	mdh(17)	purA(37)	recA(25)
data/genomes/562.98104.fna.gz	ecoli_achtman_4	501	adk(35)	fumC(132)	gyrB(2)	icd(27)	mdh(37)	purA(5)	recA(4)
data/genomes/562.97956.fna.gz	ecoli_achtman_4	963	adk(4)	fumC(26)	gyrB(151)	icd(25)	mdh(5)	purA(5)	recA(19)
data/genomes/562.97907.fna.gz	ecoli_achtman_4	88	adk(6)	fumC(4)	gyrB(12)	icd(1)	mdh(20)	purA(12)	recA(7)
data/genomes/562.98154.fna.gz	ecoli_achtman_4	95	adk(37)	fumC(38)	gyrB(19)	icd(37)	mdh(17)	purA(11)	recA(26)
data/genomes/562.98056.fna.gz	ecoli_achtman_4	12	adk(13)	fumC(13)	gyrB(9)	icd(13)	mdh(16)	purA(10)	recA(9)
data/genomes/562.98007.fna.gz	ecoli_achtman_4	127	adk(13)	fumC(14)	gyrB(19)	icd(36)	mdh(23)	purA(11)	recA(10)
data/genomes/562.98105.fna.gz	ecoli_achtman_4	95	adk(37)	fumC(38)	gyrB(19)	icd(37)	mdh(17)	purA(11)	recA(26)
data/genomes/562.97957.fna.gz	ecoli_achtman_4	95	adk(37)	fumC(38)	gyrB(19)	icd(37)	mdh(17)	purA(11)	recA(26)
data/genomes/562.97908.fna.gz	ecoli_achtman_4	131	adk(53)	fumC(40)	gyrB(47)	icd(13)	mdh(36)	purA(28)	recA(29)
data/genomes/562.98155.fna.gz	ecoli_achtman_4	127	adk(13)	fumC(14)	gyrB(19)	icd(36)	mdh(23)	purA(11)	recA(10)
data/genomes/562.98057.fna.gz	ecoli_achtman_4	73	adk(36)	fumC(24)	gyrB(9)	icd(13)	mdh(17)	purA(11)	recA(25)
data/genomes/562.98008.fna.gz	ecoli_achtman_4	393	adk(18)	fumC(106)	gyrB(17)	icd(6)	mdh(5)	purA(5)	recA(4)
data/genomes/562.98106.fna.gz	ecoli_achtman_4	95	adk(37)	fumC(38)	gyrB(19)	icd(37)	mdh(17)	purA(11)	recA(26)
data/genomes/562.97958.fna.gz	ecoli_achtman_4	95	adk(37)	fumC(38)	gyrB(19)	icd(37)	mdh(17)	purA(11)	recA(26)
data/genomes/562.97909.fna.gz	ecoli_achtman_4	372	adk(88)	fumC(103)	gyrB(19)	icd(36)	mdh(23)	purA(44)	recA(26)
data/genomes/562.98156.fna.gz	ecoli_achtman_4	127	adk(13)	fumC(14)	gyrB(19)	icd(36)	mdh(23)	purA(11)	recA(10)
data/genomes/562.98058.fna.gz	ecoli_achtman_4	59	adk(27)	fumC(32)	gyrB(24)	icd(29)	mdh(26)	purA(19)	recA(22)
data/genomes/562.98107.fna.gz	ecoli_achtman_4	10	adk(10)	fumC(11)	gyrB(4)	icd(8)	mdh(8)	purA(8)	recA(2)
data/genomes/562.98009.fna.gz	ecoli_achtman_4	69	adk(21)	fumC(35)	gyrB(27)	icd(6)	mdh(5)	purA(5)	recA(4)
data/genomes/562.97959.fna.gz	ecoli_achtman_4	73	adk(36)	fumC(24)	gyrB(9)	icd(13)	mdh(17)	purA(11)	recA(25)
data/genomes/562.97910.fna.gz	ecoli_achtman_4	101	adk(43)	fumC(41)	gyrB(15)	icd(18)	mdh(11)	purA(7)	recA(6)
data/genomes/562.98157.fna.gz	ecoli_achtman_4	73	adk(36)	fumC(24)	gyrB(9)	icd(13)	mdh(17)	purA(11)	recA(25)
data/genomes/562.98059.fna.gz	ecoli_achtman_4	162	adk(9)	fumC(65)	gyrB(5)	icd(1)	mdh(9)	purA(13)	recA(6)
data/genomes/562.98010.fna.gz	ecoli_achtman_4	69	adk(21)	fumC(35)	gyrB(27)	icd(6)	mdh(5)	purA(5)	recA(4)
data/genomes/562.97960.fna.gz	ecoli_achtman_4	12	adk(13)	fumC(13)	gyrB(9)	icd(13)	mdh(16)	purA(10)	recA(9)
data/genomes/562.98108.fna.gz	ecoli_achtman_4	59	adk(27)	fumC(32)	gyrB(24)	icd(29)	mdh(26)	purA(19)	recA(22)
data/genomes/562.98158.fna.gz	ecoli_achtman_4	131	adk(53)	fumC(40)	gyrB(47)	icd(13)	mdh(36)	purA(28)	recA(29)
data/genomes/562.97911.fna.gz	ecoli_achtman_4	88	adk(6)	fumC(4)	gyrB(12)	icd(1)	mdh(20)	purA(12)	recA(7)
data/genomes/562.98060.fna.gz	ecoli_achtman_4	73	adk(36)	fumC(24)	gyrB(9)	icd(13)	mdh(17)	purA(11)	recA(25)
data/genomes/562.98011.fna.gz	ecoli_achtman_4	69	adk(21)	fumC(35)	gyrB(27)	icd(6)	mdh(5)	purA(5)	recA(4)
data/genomes/562.97962.fna.gz	ecoli_achtman_4	73	adk(36)	fumC(24)	gyrB(9)	icd(13)	mdh(17)	purA(11)	recA(25)
data/genomes/562.98109.fna.gz	ecoli_achtman_4	69	adk(21)	fumC(35)	gyrB(27)	icd(6)	mdh(5)	purA(5)	recA(4)
data/genomes/562.97912.fna.gz	ecoli_achtman_4	69	adk(21)	fumC(35)	gyrB(27)	icd(6)	mdh(5)	purA(5)	recA(4)
data/genomes/562.98159.fna.gz	ecoli_achtman_4	73	adk(36)	fumC(24)	gyrB(9)	icd(13)	mdh(17)	purA(11)	recA(25)
data/genomes/562.98061.fna.gz	ecoli_achtman_4	80	adk(13)	fumC(24)	gyrB(19)	icd(14)	mdh(23)	purA(1)	recA(10)
data/genomes/562.98012.fna.gz	ecoli_achtman_4	59	adk(27)	fumC(32)	gyrB(24)	icd(29)	mdh(26)	purA(19)	recA(22)
data/genomes/562.97963.fna.gz	ecoli_achtman_4	141	adk(13)	fumC(52)	gyrB(10)	icd(14)	mdh(17)	purA(25)	recA(17)
data/genomes/562.98110.fna.gz	ecoli_achtman_4	1167	adk(6)	fumC(6)	gyrB(5)	icd(10)	mdh(9)	purA(8)	recA(2)
data/genomes/562.97913.fna.gz	ecoli_achtman_4	10250	adk(36)	fumC(24)	gyrB(9)	icd(1185)	mdh(17)	purA(11)	recA(25)
data/genomes/562.98160.fna.gz	ecoli_achtman_4	73	adk(36)	fumC(24)	gyrB(9)	icd(13)	mdh(17)	purA(11)	recA(25)
data/genomes/562.98062.fna.gz	ecoli_achtman_4	95	adk(37)	fumC(38)	gyrB(19)	icd(37)	mdh(17)	purA(11)	recA(26)
data/genomes/562.98013.fna.gz	ecoli_achtman_4	127	adk(13)	fumC(14)	gyrB(19)	icd(36)	mdh(23)	purA(11)	recA(10)
data/genomes/562.97964.fna.gz	ecoli_achtman_4	106	adk(21)	fumC(35)	gyrB(27)	icd(6)	mdh(5)	purA(8)	recA(4)
data/genomes/562.98111.fna.gz	ecoli_achtman_4	1882	adk(18)	fumC(22)	gyrB(67)	icd(31)	mdh(5)	purA(5)	recA(4)
data/genomes/562.98161.fna.gz	ecoli_achtman_4	131	adk(53)	fumC(40)	gyrB(47)	icd(13)	mdh(36)	purA(28)	recA(29)
data/genomes/562.97914.fna.gz	ecoli_achtman_4	405	adk(35)	fumC(37)	gyrB(29)	icd(25)	mdh(4)	purA(5)	recA(73)
data/genomes/562.98063.fna.gz	ecoli_achtman_4	683	adk(6)	fumC(4)	gyrB(127)	icd(16)	mdh(24)	purA(8)	recA(6)
data/genomes/562.98014.fna.gz	ecoli_achtman_4	297	adk(6)	fumC(65)	gyrB(32)	icd(26)	mdh(9)	purA(8)	recA(2)
data/genomes/562.97965.fna.gz	ecoli_achtman_4	95	adk(37)	fumC(38)	gyrB(19)	icd(37)	mdh(17)	purA(11)	recA(26)
data/genomes/562.98112.fna.gz	ecoli_achtman_4	73	adk(36)	fumC(24)	gyrB(9)	icd(13)	mdh(17)	purA(11)	recA(25)
data/genomes/562.98162.fna.gz	ecoli_achtman_4	5824	adk(10)	fumC(11)	gyrB(4)	icd(1)	mdh(8)	purA(429)	recA(2)
data/genomes/562.97915.fna.gz	ecoli_achtman_4	141	adk(13)	fumC(52)	gyrB(10)	icd(14)	mdh(17)	purA(25)	recA(17)
data/genomes/562.98064.fna.gz	ecoli_achtman_4	131	adk(53)	fumC(40)	gyrB(47)	icd(13)	mdh(36)	purA(28)	recA(29)
data/genomes/562.98015.fna.gz	ecoli_achtman_4	144	adk(13)	fumC(43)	gyrB(9)	icd(36)	mdh(30)	purA(44)	recA(25)
data/genomes/562.97966.fna.gz	ecoli_achtman_4	73	adk(36)	fumC(24)	gyrB(9)	icd(13)	mdh(17)	purA(11)	recA(25)
data/genomes/562.98113.fna.gz	ecoli_achtman_4	73	adk(36)	fumC(24)	gyrB(9)	icd(13)	mdh(17)	purA(11)	recA(25)
data/genomes/562.98163.fna.gz	ecoli_achtman_4	104	adk(13)	fumC(24)	gyrB(9)	icd(13)	mdh(17)	purA(11)	recA(25)
data/genomes/562.97916.fna.gz	ecoli_achtman_4	390	adk(37)	fumC(38)	gyrB(86)	icd(37)	mdh(17)	purA(11)	recA(26)
data/genomes/562.98065.fna.gz	ecoli_achtman_4	73	adk(36)	fumC(24)	gyrB(9)	icd(13)	mdh(17)	purA(11)	recA(25)
data/genomes/562.98016.fna.gz	ecoli_achtman_4	127	adk(13)	fumC(14)	gyrB(19)	icd(36)	mdh(23)	purA(11)	recA(10)
data/genomes/562.97967.fna.gz	ecoli_achtman_4	79	adk(37)	fumC(38)	gyrB(19)	icd(32)	mdh(17)	purA(7)	recA(26)
data/genomes/562.98114.fna.gz	ecoli_achtman_4	95	adk(37)	fumC(38)	gyrB(19)	icd(37)	mdh(17)	purA(11)	recA(26)
data/genomes/562.98164.fna.gz	ecoli_achtman_4	327	adk(6)	fumC(4)	gyrB(4)	icd(85)	mdh(43)	purA(12)	recA(7)
data/genomes/562.97917.fna.gz	ecoli_achtman_4	73	adk(36)	fumC(24)	gyrB(9)	icd(13)	mdh(17)	purA(11)	recA(25)
data/genomes/562.98066.fna.gz	ecoli_achtman_4	31	adk(18)	fumC(22)	gyrB(17)	icd(6)	mdh(5)	purA(5)	recA(4)
data/genomes/562.98017.fna.gz	ecoli_achtman_4	131	adk(53)	fumC(40)	gyrB(47)	icd(13)	mdh(36)	purA(28)	recA(29)
data/genomes/562.97968.fna.gz	ecoli_achtman_4	641	adk(9)	fumC(6)	gyrB(33)	icd(131)	mdh(24)	purA(8)	recA(7)
data/genomes/562.98115.fna.gz	ecoli_achtman_4	357	adk(13)	fumC(40)	gyrB(13)	icd(13)	mdh(23)	purA(25)	recA(66)
data/genomes/562.98165.fna.gz	ecoli_achtman_4	73	adk(36)	fumC(24)	gyrB(9)	icd(13)	mdh(17)	purA(11)	recA(25)
data/genomes/562.97918.fna.gz	ecoli_achtman_4	12	adk(13)	fumC(13)	gyrB(9)	icd(13)	mdh(16)	purA(10)	recA(9)
data/genomes/562.98067.fna.gz	ecoli_achtman_4	73	adk(36)	fumC(24)	gyrB(9)	icd(13)	mdh(17)	purA(11)	recA(25)
data/genomes/562.98018.fna.gz	ecoli_achtman_4	73	adk(36)	fumC(24)	gyrB(9)	icd(13)	mdh(17)	purA(11)	recA(25)
data/genomes/562.97969.fna.gz	ecoli_achtman_4	127	adk(13)	fumC(14)	gyrB(19)	icd(36)	mdh(23)	purA(11)	recA(10)
data/genomes/562.98166.fna.gz	ecoli_achtman_4	95	adk(37)	fumC(38)	gyrB(19)	icd(37)	mdh(17)	purA(11)	recA(26)
data/genomes/562.98116.fna.gz	ecoli_achtman_4	929	adk(13)	fumC(43)	gyrB(49)	icd(37)	mdh(17)	purA(44)	recA(96)
data/genomes/562.97919.fna.gz	ecoli_achtman_4	968	adk(36)	fumC(24)	gyrB(9)	icd(13)	mdh(17)	purA(128)	recA(25)
data/genomes/562.98068.fna.gz	ecoli_achtman_4	963	adk(4)	fumC(26)	gyrB(151)	icd(25)	mdh(5)	purA(5)	recA(19)
data/genomes/562.98019.fna.gz	ecoli_achtman_4	68	adk(33)	fumC(26)	gyrB(2)	icd(31)	mdh(5)	purA(16)	recA(19)
data/genomes/562.97970.fna.gz	ecoli_achtman_4	973	adk(154)	fumC(187)	gyrB(22)	icd(52)	mdh(130)	purA(129)	recA(4)
data/genomes/562.98117.fna.gz	ecoli_achtman_4	393	adk(18)	fumC(106)	gyrB(17)	icd(6)	mdh(5)	purA(5)	recA(4)
data/genomes/562.98167.fna.gz	ecoli_achtman_4	95	adk(37)	fumC(38)	gyrB(19)	icd(37)	mdh(17)	purA(11)	recA(26)
data/genomes/562.97920.fna.gz	ecoli_achtman_4	10297	adk(375)	fumC(481)	gyrB(362)	icd(1195)	mdh(311)	purA(303)	recA(181)
data/genomes/562.98069.fna.gz	ecoli_achtman_4	357	adk(13)	fumC(40)	gyrB(13)	icd(13)	mdh(23)	purA(25)	recA(66)
data/genomes/562.97971.fna.gz	ecoli_achtman_4	978	adk(76)	fumC(43)	gyrB(19)	icd(13)	mdh(17)	purA(44)	recA(25)
data/genomes/562.98020.fna.gz	ecoli_achtman_4	95	adk(37)	fumC(38)	gyrB(19)	icd(37)	mdh(17)	purA(11)	recA(26)
data/genomes/562.98118.fna.gz	ecoli_achtman_4	95	adk(37)	fumC(38)	gyrB(19)	icd(37)	mdh(17)	purA(11)	recA(26)
data/genomes/562.98168.fna.gz	ecoli_achtman_4	95	adk(37)	fumC(38)	gyrB(19)	icd(37)	mdh(17)	purA(11)	recA(26)
data/genomes/562.97921.fna.gz	ecoli_achtman_4	73	adk(36)	fumC(24)	gyrB(9)	icd(13)	mdh(17)	purA(11)	recA(25)
data/genomes/562.98070.fna.gz	ecoli_achtman_4	12	adk(13)	fumC(13)	gyrB(9)	icd(13)	mdh(16)	purA(10)	recA(9)
data/genomes/562.97972.fna.gz	ecoli_achtman_4	10412	adk(13)	fumC(1485)	gyrB(9)	icd(13)	mdh(16)	purA(10)	recA(9)
data/genomes/562.98021.fna.gz	ecoli_achtman_4	38	adk(4)	fumC(26)	gyrB(2)	icd(25)	mdh(5)	purA(5)	recA(19)
data/genomes/562.98119.fna.gz	ecoli_achtman_4	73	adk(36)	fumC(24)	gyrB(9)	icd(13)	mdh(17)	purA(11)	recA(25)
data/genomes/562.98169.fna.gz	ecoli_achtman_4	10408	adk(36)	fumC(24)	gyrB(9)	icd(13)	mdh(17)	purA(800)	recA(25)
data/genomes/562.97922.fna.gz	ecoli_achtman_4	59	adk(27)	fumC(32)	gyrB(24)	icd(29)	mdh(26)	purA(19)	recA(22)
data/genomes/562.98071.fna.gz	ecoli_achtman_4	73	adk(36)	fumC(24)	gyrB(9)	icd(13)	mdh(17)	purA(11)	recA(25)
data/genomes/562.97973.fna.gz	ecoli_achtman_4	12	adk(13)	fumC(13)	gyrB(9)	icd(13)	mdh(16)	purA(10)	recA(9)
data/genomes/562.98022.fna.gz	ecoli_achtman_4	12	adk(13)	fumC(13)	gyrB(9)	icd(13)	mdh(16)	purA(10)	recA(9)
data/genomes/562.98120.fna.gz	ecoli_achtman_4	10	adk(10)	fumC(11)	gyrB(4)	icd(8)	mdh(8)	purA(8)	recA(2)
data/genomes/562.98170.fna.gz	ecoli_achtman_4	73	adk(36)	fumC(24)	gyrB(9)	icd(13)	mdh(17)	purA(11)	recA(25)
data/genomes/562.97923.fna.gz	ecoli_achtman_4	73	adk(36)	fumC(24)	gyrB(9)	icd(13)	mdh(17)	purA(11)	recA(25)
data/genomes/562.98072.fna.gz	ecoli_achtman_4	372	adk(88)	fumC(103)	gyrB(19)	icd(36)	mdh(23)	purA(44)	recA(26)
data/genomes/562.97974.fna.gz	ecoli_achtman_4	994	adk(137)	fumC(19)	gyrB(4)	icd(16)	mdh(9)	purA(8)	recA(7)
data/genomes/562.98023.fna.gz	ecoli_achtman_4	372	adk(88)	fumC(103)	gyrB(19)	icd(36)	mdh(23)	purA(44)	recA(26)
data/genomes/562.98121.fna.gz	ecoli_achtman_4	95	adk(37)	fumC(38)	gyrB(19)	icd(37)	mdh(17)	purA(11)	recA(26)
data/genomes/562.98171.fna.gz	ecoli_achtman_4	706	adk(88)	fumC(24)	gyrB(49)	icd(36)	mdh(17)	purA(11)	recA(91)
data/genomes/562.97924.fna.gz	ecoli_achtman_4	12	adk(13)	fumC(13)	gyrB(9)	icd(13)	mdh(16)	purA(10)	recA(9)
data/genomes/562.98073.fna.gz	ecoli_achtman_4	93	adk(6)	fumC(11)	gyrB(4)	icd(10)	mdh(7)	purA(8)	recA(6)
data/genomes/562.97975.fna.gz	ecoli_achtman_4	80	adk(13)	fumC(24)	gyrB(19)	icd(14)	mdh(23)	purA(1)	recA(10)
data/genomes/562.98024.fna.gz	ecoli_achtman_4	73	adk(36)	fumC(24)	gyrB(9)	icd(13)	mdh(17)	purA(11)	recA(25)
data/genomes/562.98122.fna.gz	ecoli_achtman_4	58	adk(6)	fumC(4)	gyrB(4)	icd(16)	mdh(24)	purA(8)	recA(14)
data/genomes/562.98172.fna.gz	ecoli_achtman_4	127	adk(13)	fumC(14)	gyrB(19)	icd(36)	mdh(23)	purA(11)	recA(10)
data/genomes/562.97925.fna.gz	ecoli_achtman_4	95	adk(37)	fumC(38)	gyrB(19)	icd(37)	mdh(17)	purA(11)	recA(26)
data/genomes/562.98074.fna.gz	ecoli_achtman_4	409	adk(10)	fumC(11)	gyrB(1)	icd(1)	mdh(71)	purA(8)	recA(6)
data/genomes/562.97976.fna.gz	ecoli_achtman_4	12	adk(13)	fumC(13)	gyrB(9)	icd(13)	mdh(16)	purA(10)	recA(9)
data/genomes/562.98025.fna.gz	ecoli_achtman_4	73	adk(36)	fumC(24)	gyrB(9)	icd(13)	mdh(17)	purA(11)	recA(25)
data/genomes/562.98123.fna.gz	ecoli_achtman_4	399	adk(6)	fumC(4)	gyrB(1)	icd(95)	mdh(69)	purA(8)	recA(20)
data/genomes/562.97926.fna.gz	ecoli_achtman_4	95	adk(37)	fumC(38)	gyrB(19)	icd(37)	mdh(17)	purA(11)	recA(26)
data/genomes/562.98173.fna.gz	ecoli_achtman_4	131	adk(53)	fumC(40)	gyrB(47)	icd(13)	mdh(36)	purA(28)	recA(29)
data/genomes/562.98075.fna.gz	ecoli_achtman_4	607	adk(113)	fumC(4)	gyrB(5)	icd(83)	mdh(8)	purA(8)	recA(6)
data/genomes/562.97977.fna.gz	ecoli_achtman_4	141	adk(13)	fumC(52)	gyrB(10)	icd(14)	mdh(17)	purA(25)	recA(17)
data/genomes/562.98026.fna.gz	ecoli_achtman_4	80	adk(13)	fumC(24)	gyrB(19)	icd(14)	mdh(23)	purA(1)	recA(10)
data/genomes/562.98124.fna.gz	ecoli_achtman_4	80	adk(13)	fumC(24)	gyrB(19)	icd(14)	mdh(23)	purA(1)	recA(10)
data/genomes/562.97927.fna.gz	ecoli_achtman_4	420	adk(13)	fumC(38)	gyrB(84)	icd(13)	mdh(17)	purA(68)	recA(34)
data/genomes/562.98174.fna.gz	ecoli_achtman_4	95	adk(37)	fumC(38)	gyrB(19)	icd(37)	mdh(17)	purA(11)	recA(26)
data/genomes/562.98076.fna.gz	ecoli_achtman_4	141	adk(13)	fumC(52)	gyrB(10)	icd(14)	mdh(17)	purA(25)	recA(17)
data/genomes/562.97978.fna.gz	ecoli_achtman_4	10282	adk(285)	fumC(224)	gyrB(5)	icd(448)	mdh(344)	purA(2)	recA(221)
data/genomes/562.98027.fna.gz	ecoli_achtman_4	144	adk(13)	fumC(43)	gyrB(9)	icd(36)	mdh(30)	purA(44)	recA(25)
data/genomes/562.98125.fna.gz	ecoli_achtman_4	420	adk(13)	fumC(38)	gyrB(84)	icd(13)	mdh(17)	purA(68)	recA(34)
data/genomes/562.97928.fna.gz	ecoli_achtman_4	95	adk(37)	fumC(38)	gyrB(19)	icd(37)	mdh(17)	purA(11)	recA(26)
data/genomes/562.98175.fna.gz	ecoli_achtman_4	95	adk(37)	fumC(38)	gyrB(19)	icd(37)	mdh(17)	purA(11)	recA(26)
data/genomes/562.98077.fna.gz	ecoli_achtman_4	141	adk(13)	fumC(52)	gyrB(10)	icd(14)	mdh(17)	purA(25)	recA(17)
data/genomes/562.97979.fna.gz	ecoli_achtman_4	127	adk(13)	fumC(14)	gyrB(19)	icd(36)	mdh(23)	purA(11)	recA(10)
data/genomes/562.98028.fna.gz	ecoli_achtman_4	73	adk(36)	fumC(24)	gyrB(9)	icd(13)	mdh(17)	purA(11)	recA(25)
data/genomes/562.98126.fna.gz	ecoli_achtman_4	703	adk(13)	fumC(43)	gyrB(9)	icd(36)	mdh(30)	purA(105)	recA(25)
data/genomes/562.97929.fna.gz	ecoli_achtman_4	73	adk(36)	fumC(24)	gyrB(9)	icd(13)	mdh(17)	purA(11)	recA(25)
data/genomes/562.98176.fna.gz	ecoli_achtman_4	131	adk(53)	fumC(40)	gyrB(47)	icd(13)	mdh(36)	purA(28)	recA(29)
data/genomes/562.98078.fna.gz	ecoli_achtman_4	12	adk(13)	fumC(13)	gyrB(9)	icd(13)	mdh(16)	purA(10)	recA(9)
data/genomes/562.97980.fna.gz	ecoli_achtman_4	73	adk(36)	fumC(24)	gyrB(9)	icd(13)	mdh(17)	purA(11)	recA(25)
data/genomes/562.98029.fna.gz	ecoli_achtman_4	144	adk(13)	fumC(43)	gyrB(9)	icd(36)	mdh(30)	purA(44)	recA(25)
data/genomes/562.98127.fna.gz	ecoli_achtman_4	12	adk(13)	fumC(13)	gyrB(9)	icd(13)	mdh(16)	purA(10)	recA(9)
data/genomes/562.98177.fna.gz	ecoli_achtman_4	73	adk(36)	fumC(24)	gyrB(9)	icd(13)	mdh(17)	purA(11)	recA(25)
data/genomes/562.98181.fna.gz	ecoli_achtman_4	141	adk(13)	fumC(52)	gyrB(10)	icd(14)	mdh(17)	purA(25)	recA(17)
data/genomes/562.98079.fna.gz	ecoli_achtman_4	69	adk(21)	fumC(35)	gyrB(27)	icd(6)	mdh(5)	purA(5)	recA(4)
data/genomes/562.98231.fna.gz	ecoli_achtman_4	538	adk(13)	fumC(40)	gyrB(19)	icd(13)	mdh(36)	purA(28)	recA(30)
data/genomes/562.98030.fna.gz	ecoli_achtman_4	95	adk(37)	fumC(38)	gyrB(19)	icd(37)	mdh(17)	purA(11)	recA(26)
data/genomes/562.98128.fna.gz	ecoli_achtman_4	95	adk(37)	fumC(38)	gyrB(19)	icd(37)	mdh(17)	purA(11)	recA(26)
data/genomes/562.98178.fna.gz	ecoli_achtman_4	399	adk(6)	fumC(4)	gyrB(1)	icd(95)	mdh(69)	purA(8)	recA(20)
data/genomes/562.98182.fna.gz	ecoli_achtman_4	73	adk(36)	fumC(24)	gyrB(9)	icd(13)	mdh(17)	purA(11)	recA(25)
data/genomes/562.98080.fna.gz	ecoli_achtman_4	95	adk(37)	fumC(38)	gyrB(19)	icd(37)	mdh(17)	purA(11)	recA(26)
data/genomes/562.98232.fna.gz	ecoli_achtman_4	73	adk(36)	fumC(24)	gyrB(9)	icd(13)	mdh(17)	purA(11)	recA(25)
data/genomes/562.98281.fna.gz	ecoli_achtman_4	95	adk(37)	fumC(38)	gyrB(19)	icd(37)	mdh(17)	purA(11)	recA(26)
data/genomes/562.98129.fna.gz	ecoli_achtman_4	349	adk(34)	fumC(36)	gyrB(39)	icd(87)	mdh(67)	purA(16)	recA(4)
data/genomes/562.98179.fna.gz	ecoli_achtman_4	73	adk(36)	fumC(24)	gyrB(9)	icd(13)	mdh(17)	purA(11)	recA(25)
data/genomes/562.98183.fna.gz	ecoli_achtman_4	10	adk(10)	fumC(11)	gyrB(4)	icd(8)	mdh(8)	purA(8)	recA(2)
data/genomes/562.98331.fna.gz	ecoli_achtman_4	12	adk(13)	fumC(13)	gyrB(9)	icd(13)	mdh(16)	purA(10)	recA(9)
data/genomes/562.98233.fna.gz	ecoli_achtman_4	12	adk(13)	fumC(13)	gyrB(9)	icd(13)	mdh(16)	purA(10)	recA(9)
data/genomes/562.98282.fna.gz	ecoli_achtman_4	73	adk(36)	fumC(24)	gyrB(9)	icd(13)	mdh(17)	purA(11)	recA(25)
data/genomes/562.98130.fna.gz	ecoli_achtman_4	10216	adk(13)	fumC(21)	gyrB(13)	icd(1178)	mdh(17)	purA(36)	recA(15)
data/genomes/562.98180.fna.gz	ecoli_achtman_4	349	adk(34)	fumC(36)	gyrB(39)	icd(87)	mdh(67)	purA(16)	recA(4)
data/genomes/562.98184.fna.gz	ecoli_achtman_4	73	adk(36)	fumC(24)	gyrB(9)	icd(13)	mdh(17)	purA(11)	recA(25)
data/genomes/562.98332.fna.gz	ecoli_achtman_4	62	adk(28)	fumC(33)	gyrB(25)	icd(29)	mdh(7)	purA(11)	recA(24)
data/genomes/562.98234.fna.gz	ecoli_achtman_4	88	adk(6)	fumC(4)	gyrB(12)	icd(1)	mdh(20)	purA(12)	recA(7)
data/genomes/562.98283.fna.gz	ecoli_achtman_4	131	adk(53)	fumC(40)	gyrB(47)	icd(13)	mdh(36)	purA(28)	recA(29)
data/genomes/562.98381.fna.gz	ecoli_achtman_4	10296	adk(6)	fumC(4)	gyrB(12)	icd(1)	mdh(20)	purA(12)	recA(740)
data/genomes/562.98431.fna.gz	ecoli_achtman_4	127	adk(13)	fumC(14)	gyrB(19)	icd(36)	mdh(23)	purA(11)	recA(10)
data/genomes/562.98333.fna.gz	ecoli_achtman_4	10	adk(10)	fumC(11)	gyrB(4)	icd(8)	mdh(8)	purA(8)	recA(2)
data/genomes/562.98185.fna.gz	ecoli_achtman_4	405	adk(35)	fumC(37)	gyrB(29)	icd(25)	mdh(4)	purA(5)	recA(73)
data/genomes/562.98235.fna.gz	ecoli_achtman_4	131	adk(53)	fumC(40)	gyrB(47)	icd(13)	mdh(36)	purA(28)	recA(29)
data/genomes/562.98284.fna.gz	ecoli_achtman_4	73	adk(36)	fumC(24)	gyrB(9)	icd(13)	mdh(17)	purA(11)	recA(25)
data/genomes/562.98382.fna.gz	ecoli_achtman_4	10	adk(10)	fumC(11)	gyrB(4)	icd(8)	mdh(8)	purA(8)	recA(2)
data/genomes/562.98432.fna.gz	ecoli_achtman_4	95	adk(37)	fumC(38)	gyrB(19)	icd(37)	mdh(17)	purA(11)	recA(26)
data/genomes/562.98334.fna.gz	ecoli_achtman_4	1236	adk(170)	fumC(195)	gyrB(13)	icd(100)	mdh(30)	purA(25)	recA(30)
data/genomes/562.98186.fna.gz	ecoli_achtman_4	127	adk(13)	fumC(14)	gyrB(19)	icd(36)	mdh(23)	purA(11)	recA(10)
data/genomes/562.98236.fna.gz	ecoli_achtman_4	372	adk(88)	fumC(103)	gyrB(19)	icd(36)	mdh(23)	purA(44)	recA(26)
data/genomes/562.98285.fna.gz	ecoli_achtman_4	95	adk(37)	fumC(38)	gyrB(19)	icd(37)	mdh(17)	purA(11)	recA(26)
data/genomes/562.98383.fna.gz	ecoli_achtman_4	69	adk(21)	fumC(35)	gyrB(27)	icd(6)	mdh(5)	purA(5)	recA(4)
data/genomes/562.98433.fna.gz	ecoli_achtman_4	73	adk(36)	fumC(24)	gyrB(9)	icd(13)	mdh(17)	purA(11)	recA(25)
data/genomes/562.98335.fna.gz	ecoli_achtman_4	95	adk(37)	fumC(38)	gyrB(19)	icd(37)	mdh(17)	purA(11)	recA(26)
data/genomes/562.98187.fna.gz	ecoli_achtman_4	95	adk(37)	fumC(38)	gyrB(19)	icd(37)	mdh(17)	purA(11)	recA(26)
data/genomes/562.98237.fna.gz	ecoli_achtman_4	88	adk(6)	fumC(4)	gyrB(12)	icd(1)	mdh(20)	purA(12)	recA(7)
data/genomes/562.98286.fna.gz	ecoli_achtman_4	550	adk(14)	fumC(14)	gyrB(10)	icd(14)	mdh(17)	purA(92)	recA(10)
data/genomes/562.98384.fna.gz	ecoli_achtman_4	10244	adk(112)	fumC(11)	gyrB(5)	icd(12)	mdh(896)	purA(8)	recA(86)
data/genomes/562.98434.fna.gz	ecoli_achtman_4	73	adk(36)	fumC(24)	gyrB(9)	icd(13)	mdh(17)	purA(11)	recA(25)
data/genomes/562.98336.fna.gz	ecoli_achtman_4	405	adk(35)	fumC(37)	gyrB(29)	icd(25)	mdh(4)	purA(5)	recA(73)
data/genomes/562.98188.fna.gz	ecoli_achtman_4	73	adk(36)	fumC(24)	gyrB(9)	icd(13)	mdh(17)	purA(11)	recA(25)
data/genomes/562.98238.fna.gz	ecoli_achtman_4	88	adk(6)	fumC(4)	gyrB(12)	icd(1)	mdh(20)	purA(12)	recA(7)
data/genomes/562.98287.fna.gz	ecoli_achtman_4	59	adk(27)	fumC(32)	gyrB(24)	icd(29)	mdh(26)	purA(19)	recA(22)
data/genomes/562.98385.fna.gz	ecoli_achtman_4	106	adk(21)	fumC(35)	gyrB(27)	icd(6)	mdh(5)	purA(8)	recA(4)
data/genomes/562.98435.fna.gz	ecoli_achtman_4	95	adk(37)	fumC(38)	gyrB(19)	icd(37)	mdh(17)	purA(11)	recA(26)
data/genomes/562.98337.fna.gz	ecoli_achtman_4	10267	adk(36)	fumC(24)	gyrB(918)	icd(13)	mdh(899)	purA(11)	recA(25)
data/genomes/562.98189.fna.gz	ecoli_achtman_4	126	adk(13)	fumC(43)	gyrB(19)	icd(37)	mdh(17)	purA(25)	recA(25)
data/genomes/562.98239.fna.gz	ecoli_achtman_4	404	adk(14)	fumC(14)	gyrB(10)	icd(14)	mdh(17)	purA(7)	recA(74)
data/genomes/562.98288.fna.gz	ecoli_achtman_4	95	adk(37)	fumC(38)	gyrB(19)	icd(37)	mdh(17)	purA(11)	recA(26)
data/genomes/562.98386.fna.gz	ecoli_achtman_4	73	adk(36)	fumC(24)	gyrB(9)	icd(13)	mdh(17)	purA(11)	recA(25)
data/genomes/562.98338.fna.gz	ecoli_achtman_4	602	adk(6)	fumC(19)	gyrB(33)	icd(26)	mdh(11)	purA(8)	recA(6)
data/genomes/562.98436.fna.gz	ecoli_achtman_4	1057	adk(14)	fumC(14)	gyrB(10)	icd(137)	mdh(17)	purA(7)	recA(10)
data/genomes/562.98240.fna.gz	ecoli_achtman_4	12	adk(13)	fumC(13)	gyrB(9)	icd(13)	mdh(16)	purA(10)	recA(9)
data/genomes/562.98190.fna.gz	ecoli_achtman_4	69	adk(21)	fumC(35)	gyrB(27)	icd(6)	mdh(5)	purA(5)	recA(4)
data/genomes/562.98289.fna.gz	ecoli_achtman_4	393	adk(18)	fumC(106)	gyrB(17)	icd(6)	mdh(5)	purA(5)	recA(4)
data/genomes/562.98387.fna.gz	ecoli_achtman_4	636	adk(13)	fumC(108)	gyrB(10)	icd(97)	mdh(18)	purA(68)	recA(93)
data/genomes/562.98241.fna.gz	ecoli_achtman_4	538	adk(13)	fumC(40)	gyrB(19)	icd(13)	mdh(36)	purA(28)	recA(30)
data/genomes/562.98191.fna.gz	ecoli_achtman_4	73	adk(36)	fumC(24)	gyrB(9)	icd(13)	mdh(17)	purA(11)	recA(25)
data/genomes/562.98437.fna.gz	ecoli_achtman_4	131	adk(53)	fumC(40)	gyrB(47)	icd(13)	mdh(36)	purA(28)	recA(29)
data/genomes/562.98339.fna.gz	ecoli_achtman_4	95	adk(37)	fumC(38)	gyrB(19)	icd(37)	mdh(17)	purA(11)	recA(26)
data/genomes/562.98290.fna.gz	ecoli_achtman_4	131	adk(53)	fumC(40)	gyrB(47)	icd(13)	mdh(36)	purA(28)	recA(29)
data/genomes/562.98388.fna.gz	ecoli_achtman_4	136	adk(38)	fumC(39)	gyrB(30)	icd(13)	mdh(17)	purA(11)	recA(28)
data/genomes/562.98192.fna.gz	ecoli_achtman_4	131	adk(53)	fumC(40)	gyrB(47)	icd(13)	mdh(36)	purA(28)	recA(29)
data/genomes/562.98242.fna.gz	ecoli_achtman_4	10	adk(10)	fumC(11)	gyrB(4)	icd(8)	mdh(8)	purA(8)	recA(2)
data/genomes/562.98340.fna.gz	ecoli_achtman_4	23	adk(6)	fumC(4)	gyrB(12)	icd(1)	mdh(20)	purA(13)	recA(7)
data/genomes/562.98438.fna.gz	ecoli_achtman_4	38	adk(4)	fumC(26)	gyrB(2)	icd(25)	mdh(5)	purA(5)	recA(19)
data/genomes/562.98291.fna.gz	ecoli_achtman_4	372	adk(88)	fumC(103)	gyrB(19)	icd(36)	mdh(23)	purA(44)	recA(26)
data/genomes/562.98389.fna.gz	ecoli_achtman_4	69	adk(21)	fumC(35)	gyrB(27)	icd(6)	mdh(5)	purA(5)	recA(4)
data/genomes/562.98439.fna.gz	ecoli_achtman_4	73	adk(36)	fumC(24)	gyrB(9)	icd(13)	mdh(17)	purA(11)	recA(25)
data/genomes/562.98341.fna.gz	ecoli_achtman_4	409	adk(10)	fumC(11)	gyrB(1)	icd(1)	mdh(71)	purA(8)	recA(6)
data/genomes/562.98243.fna.gz	ecoli_achtman_4	95	adk(37)	fumC(38)	gyrB(19)	icd(37)	mdh(17)	purA(11)	recA(26)
data/genomes/562.98193.fna.gz	ecoli_achtman_4	95	adk(37)	fumC(38)	gyrB(19)	icd(37)	mdh(17)	purA(11)	recA(26)
data/genomes/562.98292.fna.gz	ecoli_achtman_4	95	adk(37)	fumC(38)	gyrB(19)	icd(37)	mdh(17)	purA(11)	recA(26)
data/genomes/562.98390.fna.gz	ecoli_achtman_4	127	adk(13)	fumC(14)	gyrB(19)	icd(36)	mdh(23)	purA(11)	recA(10)
data/genomes/562.98194.fna.gz	ecoli_achtman_4	104	adk(13)	fumC(24)	gyrB(9)	icd(13)	mdh(17)	purA(11)	recA(25)
data/genomes/562.98440.fna.gz	ecoli_achtman_4	80	adk(13)	fumC(24)	gyrB(19)	icd(14)	mdh(23)	purA(1)	recA(10)
data/genomes/562.98342.fna.gz	ecoli_achtman_4	14	adk(14)	fumC(14)	gyrB(10)	icd(14)	mdh(17)	purA(7)	recA(10)
data/genomes/562.98244.fna.gz	ecoli_achtman_4	393	adk(18)	fumC(106)	gyrB(17)	icd(6)	mdh(5)	purA(5)	recA(4)
data/genomes/562.98293.fna.gz	ecoli_achtman_4	95	adk(37)	fumC(38)	gyrB(19)	icd(37)	mdh(17)	purA(11)	recA(26)
data/genomes/562.98391.fna.gz	ecoli_achtman_4	642	adk(9)	fumC(23)	gyrB(33)	icd(18)	mdh(11)	purA(8)	recA(6)
data/genomes/562.98441.fna.gz	ecoli_achtman_4	10242	adk(6)	fumC(1461)	gyrB(4)	icd(159)	mdh(9)	purA(23)	recA(7)
data/genomes/562.98195.fna.gz	ecoli_achtman_4	10232	adk(1007)	fumC(11)	gyrB(4)	icd(8)	mdh(8)	purA(8)	recA(2)
data/genomes/562.98343.fna.gz	ecoli_achtman_4	95	adk(37)	fumC(38)	gyrB(19)	icd(37)	mdh(17)	purA(11)	recA(26)
data/genomes/562.98245.fna.gz	ecoli_achtman_4	95	adk(37)	fumC(38)	gyrB(19)	icd(37)	mdh(17)	purA(11)	recA(26)
data/genomes/562.98294.fna.gz	ecoli_achtman_4	69	adk(21)	fumC(35)	gyrB(27)	icd(6)	mdh(5)	purA(5)	recA(4)
data/genomes/562.98392.fna.gz	ecoli_achtman_4	141	adk(13)	fumC(52)	gyrB(10)	icd(14)	mdh(17)	purA(25)	recA(17)
data/genomes/562.98442.fna.gz	ecoli_achtman_4	10	adk(10)	fumC(11)	gyrB(4)	icd(8)	mdh(8)	purA(8)	recA(2)
data/genomes/562.98196.fna.gz	ecoli_achtman_4	155	adk(6)	fumC(4)	gyrB(14)	icd(16)	mdh(24)	purA(8)	recA(14)
data/genomes/562.98344.fna.gz	ecoli_achtman_4	10	adk(10)	fumC(11)	gyrB(4)	icd(8)	mdh(8)	purA(8)	recA(2)
data/genomes/562.98246.fna.gz	ecoli_achtman_4	2619	adk(37)	fumC(38)	gyrB(286)	icd(37)	mdh(17)	purA(11)	recA(26)
data/genomes/562.98295.fna.gz	ecoli_achtman_4	73	adk(36)	fumC(24)	gyrB(9)	icd(13)	mdh(17)	purA(11)	recA(25)
data/genomes/562.98393.fna.gz	ecoli_achtman_4	550	adk(14)	fumC(14)	gyrB(10)	icd(14)	mdh(17)	purA(92)	recA(10)
data/genomes/562.98443.fna.gz	ecoli_achtman_4	73	adk(36)	fumC(24)	gyrB(9)	icd(13)	mdh(17)	purA(11)	recA(25)
data/genomes/562.98197.fna.gz	ecoli_achtman_4	421	adk(37)	fumC(38)	gyrB(19)	icd(37)	mdh(17)	purA(8)	recA(26)
data/genomes/562.98345.fna.gz	ecoli_achtman_4	12	adk(13)	fumC(13)	gyrB(9)	icd(13)	mdh(16)	purA(10)	recA(9)
data/genomes/562.98247.fna.gz	ecoli_achtman_4	12	adk(13)	fumC(13)	gyrB(9)	icd(13)	mdh(16)	purA(10)	recA(9)
data/genomes/562.98296.fna.gz	ecoli_achtman_4	95	adk(37)	fumC(38)	gyrB(19)	icd(37)	mdh(17)	purA(11)	recA(26)
data/genomes/562.98394.fna.gz	ecoli_achtman_4	73	adk(36)	fumC(24)	gyrB(9)	icd(13)	mdh(17)	purA(11)	recA(25)
data/genomes/562.98198.fna.gz	ecoli_achtman_4	101	adk(43)	fumC(41)	gyrB(15)	icd(18)	mdh(11)	purA(7)	recA(6)
data/genomes/562.98444.fna.gz	ecoli_achtman_4	550	adk(14)	fumC(14)	gyrB(10)	icd(14)	mdh(17)	purA(92)	recA(10)
data/genomes/562.98346.fna.gz	ecoli_achtman_4	131	adk(53)	fumC(40)	gyrB(47)	icd(13)	mdh(36)	purA(28)	recA(29)
data/genomes/562.98248.fna.gz	ecoli_achtman_4	127	adk(13)	fumC(14)	gyrB(19)	icd(36)	mdh(23)	purA(11)	recA(10)
data/genomes/562.98297.fna.gz	ecoli_achtman_4	73	adk(36)	fumC(24)	gyrB(9)	icd(13)	mdh(17)	purA(11)	recA(25)
data/genomes/562.98395.fna.gz	ecoli_achtman_4	3604	adk(137)	fumC(19)	gyrB(15)	icd(1)	mdh(7)	purA(193)	recA(7)
data/genomes/562.98199.fna.gz	ecoli_achtman_4	393	adk(18)	fumC(106)	gyrB(17)	icd(6)	mdh(5)	purA(5)	recA(4)
data/genomes/562.98445.fna.gz	ecoli_achtman_4	2020	adk(21)	fumC(35)	gyrB(27)	icd(6)	mdh(220)	purA(5)	recA(4)
data/genomes/562.98347.fna.gz	ecoli_achtman_4	127	adk(13)	fumC(14)	gyrB(19)	icd(36)	mdh(23)	purA(11)	recA(10)
data/genomes/562.98249.fna.gz	ecoli_achtman_4	69	adk(21)	fumC(35)	gyrB(27)	icd(6)	mdh(5)	purA(5)	recA(4)
data/genomes/562.98298.fna.gz	ecoli_achtman_4	73	adk(36)	fumC(24)	gyrB(9)	icd(13)	mdh(17)	purA(11)	recA(25)
data/genomes/562.98396.fna.gz	ecoli_achtman_4	141	adk(13)	fumC(52)	gyrB(10)	icd(14)	mdh(17)	purA(25)	recA(17)
data/genomes/562.98200.fna.gz	ecoli_achtman_4	69	adk(21)	fumC(35)	gyrB(27)	icd(6)	mdh(5)	purA(5)	recA(4)
data/genomes/562.98348.fna.gz	ecoli_achtman_4	10	adk(10)	fumC(11)	gyrB(4)	icd(8)	mdh(8)	purA(8)	recA(2)
data/genomes/562.98446.fna.gz	ecoli_achtman_4	73	adk(36)	fumC(24)	gyrB(9)	icd(13)	mdh(17)	purA(11)	recA(25)
data/genomes/562.98250.fna.gz	ecoli_achtman_4	95	adk(37)	fumC(38)	gyrB(19)	icd(37)	mdh(17)	purA(11)	recA(26)
data/genomes/562.98299.fna.gz	ecoli_achtman_4	127	adk(13)	fumC(14)	gyrB(19)	icd(36)	mdh(23)	purA(11)	recA(10)
data/genomes/562.98201.fna.gz	ecoli_achtman_4	141	adk(13)	fumC(52)	gyrB(10)	icd(14)	mdh(17)	purA(25)	recA(17)
data/genomes/562.98447.fna.gz	ecoli_achtman_4	117	adk(20)	fumC(45)	gyrB(41)	icd(43)	mdh(5)	purA(32)	recA(2)
data/genomes/562.98349.fna.gz	ecoli_achtman_4	73	adk(36)	fumC(24)	gyrB(9)	icd(13)	mdh(17)	purA(11)	recA(25)
data/genomes/562.98251.fna.gz	ecoli_achtman_4	131	adk(53)	fumC(40)	gyrB(47)	icd(13)	mdh(36)	purA(28)	recA(29)
data/genomes/562.98397.fna.gz	ecoli_achtman_4	131	adk(53)	fumC(40)	gyrB(47)	icd(13)	mdh(36)	purA(28)	recA(29)
data/genomes/562.98300.fna.gz	ecoli_achtman_4	131	adk(53)	fumC(40)	gyrB(47)	icd(13)	mdh(36)	purA(28)	recA(29)
data/genomes/562.98202.fna.gz	ecoli_achtman_4	127	adk(13)	fumC(14)	gyrB(19)	icd(36)	mdh(23)	purA(11)	recA(10)
data/genomes/562.98350.fna.gz	ecoli_achtman_4	135	adk(13)	fumC(39)	gyrB(50)	icd(13)	mdh(16)	purA(37)	recA(25)
data/genomes/562.98448.fna.gz	ecoli_achtman_4	73	adk(36)	fumC(24)	gyrB(9)	icd(13)	mdh(17)	purA(11)	recA(25)
data/genomes/562.98252.fna.gz	ecoli_achtman_4	80	adk(13)	fumC(24)	gyrB(19)	icd(14)	mdh(23)	purA(1)	recA(10)
data/genomes/562.98398.fna.gz	ecoli_achtman_4	46	adk(8)	fumC(7)	gyrB(1)	icd(8)	mdh(8)	purA(8)	recA(6)
data/genomes/562.98301.fna.gz	ecoli_achtman_4	10	adk(10)	fumC(11)	gyrB(4)	icd(8)	mdh(8)	purA(8)	recA(2)
data/genomes/562.98203.fna.gz	ecoli_achtman_4	95	adk(37)	fumC(38)	gyrB(19)	icd(37)	mdh(17)	purA(11)	recA(26)
data/genomes/562.98351.fna.gz	ecoli_achtman_4	405	adk(35)	fumC(37)	gyrB(29)	icd(25)	mdh(4)	purA(5)	recA(73)
data/genomes/562.98449.fna.gz	ecoli_achtman_4	127	adk(13)	fumC(14)	gyrB(19)	icd(36)	mdh(23)	purA(11)	recA(10)
data/genomes/562.98253.fna.gz	ecoli_achtman_4	59	adk(27)	fumC(32)	gyrB(24)	icd(29)	mdh(26)	purA(19)	recA(22)
data/genomes/562.98399.fna.gz	ecoli_achtman_4	2020	adk(21)	fumC(35)	gyrB(27)	icd(6)	mdh(220)	purA(5)	recA(4)
data/genomes/562.98302.fna.gz	ecoli_achtman_4	58	adk(6)	fumC(4)	gyrB(4)	icd(16)	mdh(24)	purA(8)	recA(14)
data/genomes/562.98352.fna.gz	ecoli_achtman_4	131	adk(53)	fumC(40)	gyrB(47)	icd(13)	mdh(36)	purA(28)	recA(29)
data/genomes/562.98204.fna.gz	ecoli_achtman_4	14	adk(14)	fumC(14)	gyrB(10)	icd(14)	mdh(17)	purA(7)	recA(10)
data/genomes/562.98450.fna.gz	ecoli_achtman_4	95	adk(37)	fumC(38)	gyrB(19)	icd(37)	mdh(17)	purA(11)	recA(26)
data/genomes/562.98254.fna.gz	ecoli_achtman_4	538	adk(13)	fumC(40)	gyrB(19)	icd(13)	mdh(36)	purA(28)	recA(30)
data/genomes/562.98400.fna.gz	ecoli_achtman_4	69	adk(21)	fumC(35)	gyrB(27)	icd(6)	mdh(5)	purA(5)	recA(4)
data/genomes/562.98303.fna.gz	ecoli_achtman_4	59	adk(27)	fumC(32)	gyrB(24)	icd(29)	mdh(26)	purA(19)	recA(22)
data/genomes/562.98451.fna.gz	ecoli_achtman_4	88	adk(6)	fumC(4)	gyrB(12)	icd(1)	mdh(20)	purA(12)	recA(7)
data/genomes/562.98205.fna.gz	ecoli_achtman_4	636	adk(13)	fumC(108)	gyrB(10)	icd(97)	mdh(18)	purA(68)	recA(93)
data/genomes/562.98353.fna.gz	ecoli_achtman_4	73	adk(36)	fumC(24)	gyrB(9)	icd(13)	mdh(17)	purA(11)	recA(25)
data/genomes/562.98255.fna.gz	ecoli_achtman_4	73	adk(36)	fumC(24)	gyrB(9)	icd(13)	mdh(17)	purA(11)	recA(25)
data/genomes/562.98401.fna.gz	ecoli_achtman_4	10225	adk(486)	fumC(4)	gyrB(12)	icd(1179)	mdh(20)	purA(12)	recA(7)
data/genomes/562.98304.fna.gz	ecoli_achtman_4	95	adk(37)	fumC(38)	gyrB(19)	icd(37)	mdh(17)	purA(11)	recA(26)
data/genomes/562.98452.fna.gz	ecoli_achtman_4	95	adk(37)	fumC(38)	gyrB(19)	icd(37)	mdh(17)	purA(11)	recA(26)
data/genomes/562.98354.fna.gz	ecoli_achtman_4	95	adk(37)	fumC(38)	gyrB(19)	icd(37)	mdh(17)	purA(11)	recA(26)
data/genomes/562.98206.fna.gz	ecoli_achtman_4	73	adk(36)	fumC(24)	gyrB(9)	icd(13)	mdh(17)	purA(11)	recA(25)
data/genomes/562.98256.fna.gz	ecoli_achtman_4	127	adk(13)	fumC(14)	gyrB(19)	icd(36)	mdh(23)	purA(11)	recA(10)
data/genomes/562.98402.fna.gz	ecoli_achtman_4	73	adk(36)	fumC(24)	gyrB(9)	icd(13)	mdh(17)	purA(11)	recA(25)
data/genomes/562.98305.fna.gz	ecoli_achtman_4	141	adk(13)	fumC(52)	gyrB(10)	icd(14)	mdh(17)	purA(25)	recA(17)
data/genomes/562.98453.fna.gz	ecoli_achtman_4	69	adk(21)	fumC(35)	gyrB(27)	icd(6)	mdh(5)	purA(5)	recA(4)
data/genomes/562.98355.fna.gz	ecoli_achtman_4	95	adk(37)	fumC(38)	gyrB(19)	icd(37)	mdh(17)	purA(11)	recA(26)
data/genomes/562.98207.fna.gz	ecoli_achtman_4	95	adk(37)	fumC(38)	gyrB(19)	icd(37)	mdh(17)	purA(11)	recA(26)
data/genomes/562.98257.fna.gz	ecoli_achtman_4	681	adk(38)	fumC(39)	gyrB(30)	icd(13)	mdh(17)	purA(25)	recA(28)
data/genomes/562.98403.fna.gz	ecoli_achtman_4	73	adk(36)	fumC(24)	gyrB(9)	icd(13)	mdh(17)	purA(11)	recA(25)
data/genomes/562.98306.fna.gz	ecoli_achtman_4	59	adk(27)	fumC(32)	gyrB(24)	icd(29)	mdh(26)	purA(19)	recA(22)
data/genomes/562.98454.fna.gz	ecoli_achtman_4	641	adk(9)	fumC(6)	gyrB(33)	icd(131)	mdh(24)	purA(8)	recA(7)
data/genomes/562.98208.fna.gz	ecoli_achtman_4	95	adk(37)	fumC(38)	gyrB(19)	icd(37)	mdh(17)	purA(11)	recA(26)
data/genomes/562.98356.fna.gz	ecoli_achtman_4	73	adk(36)	fumC(24)	gyrB(9)	icd(13)	mdh(17)	purA(11)	recA(25)
data/genomes/562.98258.fna.gz	ecoli_achtman_4	73	adk(36)	fumC(24)	gyrB(9)	icd(13)	mdh(17)	purA(11)	recA(25)
data/genomes/562.98404.fna.gz	ecoli_achtman_4	3246	adk(35)	fumC(22)	gyrB(58)	icd(6)	mdh(5)	purA(5)	recA(4)
data/genomes/562.98307.fna.gz	ecoli_achtman_4	83	adk(13)	fumC(38)	gyrB(19)	icd(13)	mdh(30)	purA(25)	recA(29)
data/genomes/562.98209.fna.gz	ecoli_achtman_4	10	adk(10)	fumC(11)	gyrB(4)	icd(8)	mdh(8)	purA(8)	recA(2)
data/genomes/562.98357.fna.gz	ecoli_achtman_4	12	adk(13)	fumC(13)	gyrB(9)	icd(13)	mdh(16)	purA(10)	recA(9)
data/genomes/562.98455.fna.gz	ecoli_achtman_4	95	adk(37)	fumC(38)	gyrB(19)	icd(37)	mdh(17)	purA(11)	recA(26)
data/genomes/562.98259.fna.gz	ecoli_achtman_4	95	adk(37)	fumC(38)	gyrB(19)	icd(37)	mdh(17)	purA(11)	recA(26)
data/genomes/562.98405.fna.gz	ecoli_achtman_4	964	adk(35)	fumC(183)	gyrB(29)	icd(25)	mdh(4)	purA(5)	recA(73)
data/genomes/562.98308.fna.gz	ecoli_achtman_4	73	adk(36)	fumC(24)	gyrB(9)	icd(13)	mdh(17)	purA(11)	recA(25)
data/genomes/562.98358.fna.gz	ecoli_achtman_4	978	adk(76)	fumC(43)	gyrB(19)	icd(13)	mdh(17)	purA(44)	recA(25)
data/genomes/562.98456.fna.gz	ecoli_achtman_4	69	adk(21)	fumC(35)	gyrB(27)	icd(6)	mdh(5)	purA(5)	recA(4)
data/genomes/562.98210.fna.gz	ecoli_achtman_4	95	adk(37)	fumC(38)	gyrB(19)	icd(37)	mdh(17)	purA(11)	recA(26)
data/genomes/562.98260.fna.gz	ecoli_achtman_4	131	adk(53)	fumC(40)	gyrB(47)	icd(13)	mdh(36)	purA(28)	recA(29)
data/genomes/562.98406.fna.gz	ecoli_achtman_4	393	adk(18)	fumC(106)	gyrB(17)	icd(6)	mdh(5)	purA(5)	recA(4)
data/genomes/562.98309.fna.gz	ecoli_achtman_4	73	adk(36)	fumC(24)	gyrB(9)	icd(13)	mdh(17)	purA(11)	recA(25)
data/genomes/562.98359.fna.gz	ecoli_achtman_4	10245	adk(1010)	fumC(38)	gyrB(19)	icd(37)	mdh(17)	purA(11)	recA(26)
data/genomes/562.98457.fna.gz	ecoli_achtman_4	73	adk(36)	fumC(24)	gyrB(9)	icd(13)	mdh(17)	purA(11)	recA(25)
data/genomes/562.98211.fna.gz	ecoli_achtman_4	321	adk(13)	fumC(43)	gyrB(19)	icd(36)	mdh(17)	purA(37)	recA(10)
data/genomes/562.98261.fna.gz	ecoli_achtman_4	550	adk(14)	fumC(14)	gyrB(10)	icd(14)	mdh(17)	purA(92)	recA(10)
data/genomes/562.98407.fna.gz	ecoli_achtman_4	10228	adk(43)	fumC(41)	gyrB(15)	icd(1180)	mdh(11)	purA(7)	recA(6)
data/genomes/562.98310.fna.gz	ecoli_achtman_4	69	adk(21)	fumC(35)	gyrB(27)	icd(6)	mdh(5)	purA(5)	recA(4)
data/genomes/562.98360.fna.gz	ecoli_achtman_4	73	adk(36)	fumC(24)	gyrB(9)	icd(13)	mdh(17)	purA(11)	recA(25)
data/genomes/562.98458.fna.gz	ecoli_achtman_4	12	adk(13)	fumC(13)	gyrB(9)	icd(13)	mdh(16)	purA(10)	recA(9)
data/genomes/562.98212.fna.gz	ecoli_achtman_4	88	adk(6)	fumC(4)	gyrB(12)	icd(1)	mdh(20)	purA(12)	recA(7)
data/genomes/562.98262.fna.gz	ecoli_achtman_4	10	adk(10)	fumC(11)	gyrB(4)	icd(8)	mdh(8)	purA(8)	recA(2)
data/genomes/562.98408.fna.gz	ecoli_achtman_4	10224	adk(13)	fumC(1458)	gyrB(19)	icd(36)	mdh(23)	purA(11)	recA(10)
data/genomes/562.98311.fna.gz	ecoli_achtman_4	393	adk(18)	fumC(106)	gyrB(17)	icd(6)	mdh(5)	purA(5)	recA(4)
data/genomes/562.98361.fna.gz	ecoli_achtman_4	127	adk(13)	fumC(14)	gyrB(19)	icd(36)	mdh(23)	purA(11)	recA(10)
data/genomes/562.98459.fna.gz	ecoli_achtman_4	12	adk(13)	fumC(13)	gyrB(9)	icd(13)	mdh(16)	purA(10)	recA(9)
data/genomes/562.98213.fna.gz	ecoli_achtman_4	104	adk(13)	fumC(24)	gyrB(9)	icd(13)	mdh(17)	purA(11)	recA(25)
data/genomes/562.98263.fna.gz	ecoli_achtman_4	73	adk(36)	fumC(24)	gyrB(9)	icd(13)	mdh(17)	purA(11)	recA(25)
data/genomes/562.98409.fna.gz	ecoli_achtman_4	421	adk(37)	fumC(38)	gyrB(19)	icd(37)	mdh(17)	purA(8)	recA(26)
data/genomes/562.98312.fna.gz	ecoli_achtman_4	2585	adk(54)	fumC(187)	gyrB(28)	icd(314)	mdh(28)	purA(16)	recA(4)
data/genomes/562.98362.fna.gz	ecoli_achtman_4	88	adk(6)	fumC(4)	gyrB(12)	icd(1)	mdh(20)	purA(12)	recA(7)
data/genomes/562.98460.fna.gz	ecoli_achtman_4	144	adk(13)	fumC(43)	gyrB(9)	icd(36)	mdh(30)	purA(44)	recA(25)
data/genomes/562.98214.fna.gz	ecoli_achtman_4	12	adk(13)	fumC(13)	gyrB(9)	icd(13)	mdh(16)	purA(10)	recA(9)
data/genomes/562.98264.fna.gz	ecoli_achtman_4	127	adk(13)	fumC(14)	gyrB(19)	icd(36)	mdh(23)	purA(11)	recA(10)
data/genomes/562.98410.fna.gz	ecoli_achtman_4	69	adk(21)	fumC(35)	gyrB(27)	icd(6)	mdh(5)	purA(5)	recA(4)
data/genomes/562.98313.fna.gz	ecoli_achtman_4	73	adk(36)	fumC(24)	gyrB(9)	icd(13)	mdh(17)	purA(11)	recA(25)
data/genomes/562.98363.fna.gz	ecoli_achtman_4	141	adk(13)	fumC(52)	gyrB(10)	icd(14)	mdh(17)	purA(25)	recA(17)
data/genomes/562.98461.fna.gz	ecoli_achtman_4	421	adk(37)	fumC(38)	gyrB(19)	icd(37)	mdh(17)	purA(8)	recA(26)
data/genomes/562.98265.fna.gz	ecoli_achtman_4	141	adk(13)	fumC(52)	gyrB(10)	icd(14)	mdh(17)	purA(25)	recA(17)
data/genomes/562.98215.fna.gz	ecoli_achtman_4	73	adk(36)	fumC(24)	gyrB(9)	icd(13)	mdh(17)	purA(11)	recA(25)
data/genomes/562.98411.fna.gz	ecoli_achtman_4	421	adk(37)	fumC(38)	gyrB(19)	icd(37)	mdh(17)	purA(8)	recA(26)
data/genomes/562.98314.fna.gz	ecoli_achtman_4	12	adk(13)	fumC(13)	gyrB(9)	icd(13)	mdh(16)	purA(10)	recA(9)
data/genomes/562.98364.fna.gz	ecoli_achtman_4	73	adk(36)	fumC(24)	gyrB(9)	icd(13)	mdh(17)	purA(11)	recA(25)
data/genomes/562.98462.fna.gz	ecoli_achtman_4	141	adk(13)	fumC(52)	gyrB(10)	icd(14)	mdh(17)	purA(25)	recA(17)
data/genomes/562.98412.fna.gz	ecoli_achtman_4	372	adk(88)	fumC(103)	gyrB(19)	icd(36)	mdh(23)	purA(44)	recA(26)
data/genomes/562.98266.fna.gz	ecoli_achtman_4	73	adk(36)	fumC(24)	gyrB(9)	icd(13)	mdh(17)	purA(11)	recA(25)
data/genomes/562.98216.fna.gz	ecoli_achtman_4	95	adk(37)	fumC(38)	gyrB(19)	icd(37)	mdh(17)	purA(11)	recA(26)
data/genomes/562.98315.fna.gz	ecoli_achtman_4	73	adk(36)	fumC(24)	gyrB(9)	icd(13)	mdh(17)	purA(11)	recA(25)
data/genomes/562.98365.fna.gz	ecoli_achtman_4	73	adk(36)	fumC(24)	gyrB(9)	icd(13)	mdh(17)	purA(11)	recA(25)
data/genomes/562.98463.fna.gz	ecoli_achtman_4	38	adk(4)	fumC(26)	gyrB(2)	icd(25)	mdh(5)	purA(5)	recA(19)
data/genomes/562.98413.fna.gz	ecoli_achtman_4	144	adk(13)	fumC(43)	gyrB(9)	icd(36)	mdh(30)	purA(44)	recA(25)
data/genomes/562.98217.fna.gz	ecoli_achtman_4	127	adk(13)	fumC(14)	gyrB(19)	icd(36)	mdh(23)	purA(11)	recA(10)
data/genomes/562.98267.fna.gz	ecoli_achtman_4	1057	adk(14)	fumC(14)	gyrB(10)	icd(137)	mdh(17)	purA(7)	recA(10)
data/genomes/562.98316.fna.gz	ecoli_achtman_4	73	adk(36)	fumC(24)	gyrB(9)	icd(13)	mdh(17)	purA(11)	recA(25)
data/genomes/562.98366.fna.gz	ecoli_achtman_4	12	adk(13)	fumC(13)	gyrB(9)	icd(13)	mdh(16)	purA(10)	recA(9)
data/genomes/562.98464.fna.gz	ecoli_achtman_4	2389	adk(6)	fumC(360)	gyrB(12)	icd(1)	mdh(9)	purA(2)	recA(7)
data/genomes/562.98414.fna.gz	ecoli_achtman_4	95	adk(37)	fumC(38)	gyrB(19)	icd(37)	mdh(17)	purA(11)	recA(26)
data/genomes/562.98218.fna.gz	ecoli_achtman_4	10	adk(10)	fumC(11)	gyrB(4)	icd(8)	mdh(8)	purA(8)	recA(2)
data/genomes/562.98268.fna.gz	ecoli_achtman_4	127	adk(13)	fumC(14)	gyrB(19)	icd(36)	mdh(23)	purA(11)	recA(10)
data/genomes/562.98317.fna.gz	ecoli_achtman_4	62	adk(28)	fumC(33)	gyrB(25)	icd(29)	mdh(7)	purA(11)	recA(24)
data/genomes/562.98367.fna.gz	ecoli_achtman_4	73	adk(36)	fumC(24)	gyrB(9)	icd(13)	mdh(17)	purA(11)	recA(25)
data/genomes/562.98415.fna.gz	ecoli_achtman_4	73	adk(36)	fumC(24)	gyrB(9)	icd(13)	mdh(17)	purA(11)	recA(25)
data/genomes/562.98465.fna.gz	ecoli_achtman_4	73	adk(36)	fumC(24)	gyrB(9)	icd(13)	mdh(17)	purA(11)	recA(25)
data/genomes/562.98219.fna.gz	ecoli_achtman_4	393	adk(18)	fumC(106)	gyrB(17)	icd(6)	mdh(5)	purA(5)	recA(4)
data/genomes/562.98269.fna.gz	ecoli_achtman_4	2619	adk(37)	fumC(38)	gyrB(286)	icd(37)	mdh(17)	purA(11)	recA(26)
data/genomes/562.98318.fna.gz	ecoli_achtman_4	131	adk(53)	fumC(40)	gyrB(47)	icd(13)	mdh(36)	purA(28)	recA(29)
data/genomes/562.98368.fna.gz	ecoli_achtman_4	83	adk(13)	fumC(38)	gyrB(19)	icd(13)	mdh(30)	purA(25)	recA(29)
data/genomes/562.98466.fna.gz	ecoli_achtman_4	104	adk(13)	fumC(24)	gyrB(9)	icd(13)	mdh(17)	purA(11)	recA(25)
data/genomes/562.98416.fna.gz	ecoli_achtman_4	95	adk(37)	fumC(38)	gyrB(19)	icd(37)	mdh(17)	purA(11)	recA(26)
data/genomes/562.98220.fna.gz	ecoli_achtman_4	12	adk(13)	fumC(13)	gyrB(9)	icd(13)	mdh(16)	purA(10)	recA(9)
data/genomes/562.98270.fna.gz	ecoli_achtman_4	550	adk(14)	fumC(14)	gyrB(10)	icd(14)	mdh(17)	purA(92)	recA(10)
data/genomes/562.98319.fna.gz	ecoli_achtman_4	95	adk(37)	fumC(38)	gyrB(19)	icd(37)	mdh(17)	purA(11)	recA(26)
data/genomes/562.98369.fna.gz	ecoli_achtman_4	73	adk(36)	fumC(24)	gyrB(9)	icd(13)	mdh(17)	purA(11)	recA(25)
data/genomes/562.98467.fna.gz	ecoli_achtman_4	73	adk(36)	fumC(24)	gyrB(9)	icd(13)	mdh(17)	purA(11)	recA(25)
data/genomes/562.98417.fna.gz	ecoli_achtman_4	101	adk(43)	fumC(41)	gyrB(15)	icd(18)	mdh(11)	purA(7)	recA(6)
data/genomes/562.98221.fna.gz	ecoli_achtman_4	961	adk(13)	fumC(13)	gyrB(9)	icd(13)	mdh(16)	purA(126)	recA(9)
data/genomes/562.98271.fna.gz	ecoli_achtman_4	95	adk(37)	fumC(38)	gyrB(19)	icd(37)	mdh(17)	purA(11)	recA(26)
data/genomes/562.98320.fna.gz	ecoli_achtman_4	73	adk(36)	fumC(24)	gyrB(9)	icd(13)	mdh(17)	purA(11)	recA(25)
data/genomes/562.98370.fna.gz	ecoli_achtman_4	167	adk(10)	fumC(11)	gyrB(4)	icd(8)	mdh(8)	purA(13)	recA(2)
data/genomes/562.98468.fna.gz	ecoli_achtman_4	127	adk(13)	fumC(14)	gyrB(19)	icd(36)	mdh(23)	purA(11)	recA(10)
data/genomes/562.98222.fna.gz	ecoli_achtman_4	46	adk(8)	fumC(7)	gyrB(1)	icd(8)	mdh(8)	purA(8)	recA(6)
data/genomes/562.98418.fna.gz	ecoli_achtman_4	127	adk(13)	fumC(14)	gyrB(19)	icd(36)	mdh(23)	purA(11)	recA(10)
data/genomes/562.98272.fna.gz	ecoli_achtman_4	681	adk(38)	fumC(39)	gyrB(30)	icd(13)	mdh(17)	purA(25)	recA(28)
data/genomes/562.98321.fna.gz	ecoli_achtman_4	10231	adk(13)	fumC(13)	gyrB(9)	icd(13)	mdh(16)	purA(15)	recA(9)
data/genomes/562.98371.fna.gz	ecoli_achtman_4	121	adk(13)	fumC(21)	gyrB(13)	icd(22)	mdh(17)	purA(36)	recA(15)
data/genomes/562.98419.fna.gz	ecoli_achtman_4	10	adk(10)	fumC(11)	gyrB(4)	icd(8)	mdh(8)	purA(8)	recA(2)
data/genomes/562.98223.fna.gz	ecoli_achtman_4	73	adk(36)	fumC(24)	gyrB(9)	icd(13)	mdh(17)	purA(11)	recA(25)
data/genomes/562.98469.fna.gz	ecoli_achtman_4	131	adk(53)	fumC(40)	gyrB(47)	icd(13)	mdh(36)	purA(28)	recA(29)
data/genomes/562.98273.fna.gz	ecoli_achtman_4	73	adk(36)	fumC(24)	gyrB(9)	icd(13)	mdh(17)	purA(11)	recA(25)
data/genomes/562.98322.fna.gz	ecoli_achtman_4	59	adk(27)	fumC(32)	gyrB(24)	icd(29)	mdh(26)	purA(19)	recA(22)
data/genomes/562.98372.fna.gz	ecoli_achtman_4	131	adk(53)	fumC(40)	gyrB(47)	icd(13)	mdh(36)	purA(28)	recA(29)
data/genomes/562.98420.fna.gz	ecoli_achtman_4	12	adk(13)	fumC(13)	gyrB(9)	icd(13)	mdh(16)	purA(10)	recA(9)
data/genomes/562.98224.fna.gz	ecoli_achtman_4	95	adk(37)	fumC(38)	gyrB(19)	icd(37)	mdh(17)	purA(11)	recA(26)
data/genomes/562.98470.fna.gz	ecoli_achtman_4	372	adk(88)	fumC(103)	gyrB(19)	icd(36)	mdh(23)	purA(44)	recA(26)
data/genomes/562.98274.fna.gz	ecoli_achtman_4	10222	adk(13)	fumC(14)	gyrB(19)	icd(36)	mdh(23)	purA(772)	recA(10)
data/genomes/562.98323.fna.gz	ecoli_achtman_4	405	adk(35)	fumC(37)	gyrB(29)	icd(25)	mdh(4)	purA(5)	recA(73)
data/genomes/562.98373.fna.gz	ecoli_achtman_4	73	adk(36)	fumC(24)	gyrB(9)	icd(13)	mdh(17)	purA(11)	recA(25)
data/genomes/562.98421.fna.gz	ecoli_achtman_4	1057	adk(14)	fumC(14)	gyrB(10)	icd(137)	mdh(17)	purA(7)	recA(10)
data/genomes/562.98471.fna.gz	ecoli_achtman_4	59	adk(27)	fumC(32)	gyrB(24)	icd(29)	mdh(26)	purA(19)	recA(22)
data/genomes/562.98225.fna.gz	ecoli_achtman_4	83	adk(13)	fumC(38)	gyrB(19)	icd(13)	mdh(30)	purA(25)	recA(29)
data/genomes/562.98275.fna.gz	ecoli_achtman_4	537	adk(14)	fumC(14)	gyrB(10)	icd(14)	mdh(17)	purA(11)	recA(10)
data/genomes/562.98324.fna.gz	ecoli_achtman_4	362	adk(62)	fumC(100)	gyrB(17)	icd(31)	mdh(5)	purA(5)	recA(4)
data/genomes/562.98374.fna.gz	ecoli_achtman_4	10252	adk(13)	fumC(13)	gyrB(9)	icd(13)	mdh(16)	purA(776)	recA(9)
data/genomes/562.98422.fna.gz	ecoli_achtman_4	2619	adk(37)	fumC(38)	gyrB(286)	icd(37)	mdh(17)	purA(11)	recA(26)
data/genomes/562.98226.fna.gz	ecoli_achtman_4	646	adk(13)	fumC(96)	gyrB(121)	icd(13)	mdh(17)	purA(11)	recA(10)
data/genomes/562.98472.fna.gz	ecoli_achtman_4	52	adk(6)	fumC(11)	gyrB(5)	icd(1)	mdh(20)	purA(8)	recA(2)
data/genomes/562.98276.fna.gz	ecoli_achtman_4	127	adk(13)	fumC(14)	gyrB(19)	icd(36)	mdh(23)	purA(11)	recA(10)
data/genomes/562.98325.fna.gz	ecoli_achtman_4	12	adk(13)	fumC(13)	gyrB(9)	icd(13)	mdh(16)	purA(10)	recA(9)
data/genomes/562.98375.fna.gz	ecoli_achtman_4	95	adk(37)	fumC(38)	gyrB(19)	icd(37)	mdh(17)	purA(11)	recA(26)
data/genomes/562.98423.fna.gz	ecoli_achtman_4	12	adk(13)	fumC(13)	gyrB(9)	icd(13)	mdh(16)	purA(10)	recA(9)
data/genomes/562.98227.fna.gz	ecoli_achtman_4	73	adk(36)	fumC(24)	gyrB(9)	icd(13)	mdh(17)	purA(11)	recA(25)
data/genomes/562.98473.fna.gz	ecoli_achtman_4	357	adk(13)	fumC(40)	gyrB(13)	icd(13)	mdh(23)	purA(25)	recA(66)
data/genomes/562.98277.fna.gz	ecoli_achtman_4	95	adk(37)	fumC(38)	gyrB(19)	icd(37)	mdh(17)	purA(11)	recA(26)
data/genomes/562.98376.fna.gz	ecoli_achtman_4	10	adk(10)	fumC(11)	gyrB(4)	icd(8)	mdh(8)	purA(8)	recA(2)
data/genomes/562.98326.fna.gz	ecoli_achtman_4	10406	adk(21)	fumC(35)	gyrB(946)	icd(6)	mdh(5)	purA(5)	recA(4)
data/genomes/562.98424.fna.gz	ecoli_achtman_4	10	adk(10)	fumC(11)	gyrB(4)	icd(8)	mdh(8)	purA(8)	recA(2)
data/genomes/562.98228.fna.gz	ecoli_achtman_4	73	adk(36)	fumC(24)	gyrB(9)	icd(13)	mdh(17)	purA(11)	recA(25)
data/genomes/562.98474.fna.gz	ecoli_achtman_4	2619	adk(37)	fumC(38)	gyrB(286)	icd(37)	mdh(17)	purA(11)	recA(26)
data/genomes/562.98278.fna.gz	ecoli_achtman_4	1882	adk(18)	fumC(22)	gyrB(67)	icd(31)	mdh(5)	purA(5)	recA(4)
data/genomes/562.98327.fna.gz	ecoli_achtman_4	95	adk(37)	fumC(38)	gyrB(19)	icd(37)	mdh(17)	purA(11)	recA(26)
data/genomes/562.98377.fna.gz	ecoli_achtman_4	131	adk(53)	fumC(40)	gyrB(47)	icd(13)	mdh(36)	purA(28)	recA(29)
data/genomes/562.98425.fna.gz	ecoli_achtman_4	998	adk(13)	fumC(52)	gyrB(156)	icd(14)	mdh(17)	purA(25)	recA(17)
data/genomes/562.98229.fna.gz	ecoli_achtman_4	1084	adk(6)	fumC(29)	gyrB(14)	icd(16)	mdh(11)	purA(2)	recA(2)
data/genomes/562.98475.fna.gz	ecoli_achtman_4	129	adk(6)	fumC(23)	gyrB(3)	icd(26)	mdh(9)	purA(7)	recA(7)
data/genomes/562.98279.fna.gz	ecoli_achtman_4	393	adk(18)	fumC(106)	gyrB(17)	icd(6)	mdh(5)	purA(5)	recA(4)
data/genomes/562.98328.fna.gz	ecoli_achtman_4	127	adk(13)	fumC(14)	gyrB(19)	icd(36)	mdh(23)	purA(11)	recA(10)
data/genomes/562.98378.fna.gz	ecoli_achtman_4	95	adk(37)	fumC(38)	gyrB(19)	icd(37)	mdh(17)	purA(11)	recA(26)
data/genomes/562.98426.fna.gz	ecoli_achtman_4	95	adk(37)	fumC(38)	gyrB(19)	icd(37)	mdh(17)	purA(11)	recA(26)
data/genomes/562.98230.fna.gz	ecoli_achtman_4	131	adk(53)	fumC(40)	gyrB(47)	icd(13)	mdh(36)	purA(28)	recA(29)
data/genomes/562.98476.fna.gz	ecoli_achtman_4	73	adk(36)	fumC(24)	gyrB(9)	icd(13)	mdh(17)	purA(11)	recA(25)
data/genomes/562.98280.fna.gz	ecoli_achtman_4	73	adk(36)	fumC(24)	gyrB(9)	icd(13)	mdh(17)	purA(11)	recA(25)
data/genomes/562.98329.fna.gz	ecoli_achtman_4	973	adk(154)	fumC(187)	gyrB(22)	icd(52)	mdh(130)	purA(129)	recA(4)
data/genomes/562.98379.fna.gz	ecoli_achtman_4	4623	adk(6)	fumC(95)	gyrB(4)	icd(18)	mdh(9)	purA(8)	recA(6)
data/genomes/562.98427.fna.gz	ecoli_achtman_4	69	adk(21)	fumC(35)	gyrB(27)	icd(6)	mdh(5)	purA(5)	recA(4)
data/genomes/562.98481.fna.gz	ecoli_achtman_4	993	adk(10)	fumC(7)	gyrB(154)	icd(8)	mdh(12)	purA(8)	recA(2)
data/genomes/562.98477.fna.gz	ecoli_achtman_4	144	adk(13)	fumC(43)	gyrB(9)	icd(36)	mdh(30)	purA(44)	recA(25)
data/genomes/562.98531.fna.gz	ecoli_achtman_4	88	adk(6)	fumC(4)	gyrB(12)	icd(1)	mdh(20)	purA(12)	recA(7)
data/genomes/562.98380.fna.gz	ecoli_achtman_4	69	adk(21)	fumC(35)	gyrB(27)	icd(6)	mdh(5)	purA(5)	recA(4)
data/genomes/562.98330.fna.gz	ecoli_achtman_4	73	adk(36)	fumC(24)	gyrB(9)	icd(13)	mdh(17)	purA(11)	recA(25)
data/genomes/562.98428.fna.gz	ecoli_achtman_4	127	adk(13)	fumC(14)	gyrB(19)	icd(36)	mdh(23)	purA(11)	recA(10)
data/genomes/562.98478.fna.gz	ecoli_achtman_4	101	adk(43)	fumC(41)	gyrB(15)	icd(18)	mdh(11)	purA(7)	recA(6)
data/genomes/562.98482.fna.gz	ecoli_achtman_4	95	adk(37)	fumC(38)	gyrB(19)	icd(37)	mdh(17)	purA(11)	recA(26)
data/genomes/562.98532.fna.gz	ecoli_achtman_4	73	adk(36)	fumC(24)	gyrB(9)	icd(13)	mdh(17)	purA(11)	recA(25)
data/genomes/562.98581.fna.gz	ecoli_achtman_4	372	adk(88)	fumC(103)	gyrB(19)	icd(36)	mdh(23)	purA(44)	recA(26)
data/genomes/562.98631.fna.gz	ecoli_achtman_4	59	adk(27)	fumC(32)	gyrB(24)	icd(29)	mdh(26)	purA(19)	recA(22)
data/genomes/562.98429.fna.gz	ecoli_achtman_4	144	adk(13)	fumC(43)	gyrB(9)	icd(36)	mdh(30)	purA(44)	recA(25)
data/genomes/562.98479.fna.gz	ecoli_achtman_4	59	adk(27)	fumC(32)	gyrB(24)	icd(29)	mdh(26)	purA(19)	recA(22)
data/genomes/562.98483.fna.gz	ecoli_achtman_4	131	adk(53)	fumC(40)	gyrB(47)	icd(13)	mdh(36)	purA(28)	recA(29)
data/genomes/562.98533.fna.gz	ecoli_achtman_4	428	adk(96)	fumC(40)	gyrB(13)	icd(100)	mdh(23)	purA(28)	recA(66)
data/genomes/562.98582.fna.gz	ecoli_achtman_4	58	adk(6)	fumC(4)	gyrB(4)	icd(16)	mdh(24)	purA(8)	recA(14)
data/genomes/562.98632.fna.gz	ecoli_achtman_4	73	adk(36)	fumC(24)	gyrB(9)	icd(13)	mdh(17)	purA(11)	recA(25)
data/genomes/562.98480.fna.gz	ecoli_achtman_4	88	adk(6)	fumC(4)	gyrB(12)	icd(1)	mdh(20)	purA(12)	recA(7)
data/genomes/562.98484.fna.gz	ecoli_achtman_4	106	adk(21)	fumC(35)	gyrB(27)	icd(6)	mdh(5)	purA(8)	recA(4)
data/genomes/562.98430.fna.gz	ecoli_achtman_4	127	adk(13)	fumC(14)	gyrB(19)	icd(36)	mdh(23)	purA(11)	recA(10)
data/genomes/562.98534.fna.gz	ecoli_achtman_4	12	adk(13)	fumC(13)	gyrB(9)	icd(13)	mdh(16)	purA(10)	recA(9)
data/genomes/562.98583.fna.gz	ecoli_achtman_4	10276	adk(35)	fumC(1465)	gyrB(29)	icd(25)	mdh(4)	purA(5)	recA(73)
data/genomes/562.98633.fna.gz	ecoli_achtman_4	10402	adk(36)	fumC(24)	gyrB(9)	icd(13)	mdh(920)	purA(11)	recA(25)
data/genomes/562.98485.fna.gz	ecoli_achtman_4	135	adk(13)	fumC(39)	gyrB(50)	icd(13)	mdh(16)	purA(37)	recA(25)
data/genomes/562.98681.fna.gz	ecoli_achtman_4	73	adk(36)	fumC(24)	gyrB(9)	icd(13)	mdh(17)	purA(11)	recA(25)
data/genomes/562.98732.fna.gz	ecoli_achtman_4	69	adk(21)	fumC(35)	gyrB(27)	icd(6)	mdh(5)	purA(5)	recA(4)
data/genomes/562.98535.fna.gz	ecoli_achtman_4	420	adk(13)	fumC(38)	gyrB(84)	icd(13)	mdh(17)	purA(68)	recA(34)
data/genomes/562.98584.fna.gz	ecoli_achtman_4	127	adk(13)	fumC(14)	gyrB(19)	icd(36)	mdh(23)	purA(11)	recA(10)
data/genomes/562.98634.fna.gz	ecoli_achtman_4	393	adk(18)	fumC(106)	gyrB(17)	icd(6)	mdh(5)	purA(5)	recA(4)
data/genomes/562.98486.fna.gz	ecoli_achtman_4	73	adk(36)	fumC(24)	gyrB(9)	icd(13)	mdh(17)	purA(11)	recA(25)
data/genomes/562.98682.fna.gz	ecoli_achtman_4	405	adk(35)	fumC(37)	gyrB(29)	icd(25)	mdh(4)	purA(5)	recA(73)
data/genomes/562.98536.fna.gz	ecoli_achtman_4	69	adk(21)	fumC(35)	gyrB(27)	icd(6)	mdh(5)	purA(5)	recA(4)
data/genomes/562.98733.fna.gz	ecoli_achtman_4	73	adk(36)	fumC(24)	gyrB(9)	icd(13)	mdh(17)	purA(11)	recA(25)
data/genomes/562.98585.fna.gz	ecoli_achtman_4	73	adk(36)	fumC(24)	gyrB(9)	icd(13)	mdh(17)	purA(11)	recA(25)
data/genomes/562.98635.fna.gz	ecoli_achtman_4	73	adk(36)	fumC(24)	gyrB(9)	icd(13)	mdh(17)	purA(11)	recA(25)
data/genomes/562.98487.fna.gz	ecoli_achtman_4	95	adk(37)	fumC(38)	gyrB(19)	icd(37)	mdh(17)	purA(11)	recA(26)
data/genomes/562.98734.fna.gz	ecoli_achtman_4	127	adk(13)	fumC(14)	gyrB(19)	icd(36)	mdh(23)	purA(11)	recA(10)
data/genomes/562.98537.fna.gz	ecoli_achtman_4	73	adk(36)	fumC(24)	gyrB(9)	icd(13)	mdh(17)	purA(11)	recA(25)
data/genomes/562.98683.fna.gz	ecoli_achtman_4	428	adk(96)	fumC(40)	gyrB(13)	icd(100)	mdh(23)	purA(28)	recA(66)
data/genomes/562.98586.fna.gz	ecoli_achtman_4	141	adk(13)	fumC(52)	gyrB(10)	icd(14)	mdh(17)	purA(25)	recA(17)
data/genomes/562.98636.fna.gz	ecoli_achtman_4	95	adk(37)	fumC(38)	gyrB(19)	icd(37)	mdh(17)	purA(11)	recA(26)
data/genomes/562.98488.fna.gz	ecoli_achtman_4	131	adk(53)	fumC(40)	gyrB(47)	icd(13)	mdh(36)	purA(28)	recA(29)
data/genomes/562.98684.fna.gz	ecoli_achtman_4	453	adk(99)	fumC(6)	gyrB(33)	icd(33)	mdh(24)	purA(8)	recA(7)
data/genomes/562.98735.fna.gz	ecoli_achtman_4	73	adk(36)	fumC(24)	gyrB(9)	icd(13)	mdh(17)	purA(11)	recA(25)
data/genomes/562.98538.fna.gz	ecoli_achtman_4	79	adk(37)	fumC(38)	gyrB(19)	icd(32)	mdh(17)	purA(7)	recA(26)
data/genomes/562.98637.fna.gz	ecoli_achtman_4	12	adk(13)	fumC(13)	gyrB(9)	icd(13)	mdh(16)	purA(10)	recA(9)
data/genomes/562.98587.fna.gz	ecoli_achtman_4	88	adk(6)	fumC(4)	gyrB(12)	icd(1)	mdh(20)	purA(12)	recA(7)
data/genomes/562.98489.fna.gz	ecoli_achtman_4	73	adk(36)	fumC(24)	gyrB(9)	icd(13)	mdh(17)	purA(11)	recA(25)
data/genomes/562.98736.fna.gz	ecoli_achtman_4	131	adk(53)	fumC(40)	gyrB(47)	icd(13)	mdh(36)	purA(28)	recA(29)
data/genomes/562.98685.fna.gz	ecoli_achtman_4	73	adk(36)	fumC(24)	gyrB(9)	icd(13)	mdh(17)	purA(11)	recA(25)
data/genomes/562.98539.fna.gz	ecoli_achtman_4	141	adk(13)	fumC(52)	gyrB(10)	icd(14)	mdh(17)	purA(25)	recA(17)
data/genomes/562.98638.fna.gz	ecoli_achtman_4	131	adk(53)	fumC(40)	gyrB(47)	icd(13)	mdh(36)	purA(28)	recA(29)
data/genomes/562.98588.fna.gz	ecoli_achtman_4	88	adk(6)	fumC(4)	gyrB(12)	icd(1)	mdh(20)	purA(12)	recA(7)
data/genomes/562.98490.fna.gz	ecoli_achtman_4	130	adk(18)	fumC(22)	gyrB(20)	icd(6)	mdh(5)	purA(5)	recA(4)
data/genomes/562.98737.fna.gz	ecoli_achtman_4	69	adk(21)	fumC(35)	gyrB(27)	icd(6)	mdh(5)	purA(5)	recA(4)
data/genomes/562.98686.fna.gz	ecoli_achtman_4	117	adk(20)	fumC(45)	gyrB(41)	icd(43)	mdh(5)	purA(32)	recA(2)
data/genomes/562.98540.fna.gz	ecoli_achtman_4	10	adk(10)	fumC(11)	gyrB(4)	icd(8)	mdh(8)	purA(8)	recA(2)
data/genomes/562.98639.fna.gz	ecoli_achtman_4	6664	adk(21)	fumC(35)	gyrB(27)	icd(52)	mdh(5)	purA(5)	recA(4)
data/genomes/562.98589.fna.gz	ecoli_achtman_4	4360	adk(9)	fumC(86)	gyrB(5)	icd(1)	mdh(9)	purA(13)	recA(6)
data/genomes/562.98491.fna.gz	ecoli_achtman_4	80	adk(13)	fumC(24)	gyrB(19)	icd(14)	mdh(23)	purA(1)	recA(10)
data/genomes/562.98687.fna.gz	ecoli_achtman_4	131	adk(53)	fumC(40)	gyrB(47)	icd(13)	mdh(36)	purA(28)	recA(29)
data/genomes/562.98541.fna.gz	ecoli_achtman_4	73	adk(36)	fumC(24)	gyrB(9)	icd(13)	mdh(17)	purA(11)	recA(25)
data/genomes/562.98738.fna.gz	ecoli_achtman_4	73	adk(36)	fumC(24)	gyrB(9)	icd(13)	mdh(17)	purA(11)	recA(25)
data/genomes/562.98640.fna.gz	ecoli_achtman_4	12	adk(13)	fumC(13)	gyrB(9)	icd(13)	mdh(16)	purA(10)	recA(9)
data/genomes/562.98590.fna.gz	ecoli_achtman_4	12	adk(13)	fumC(13)	gyrB(9)	icd(13)	mdh(16)	purA(10)	recA(9)
data/genomes/562.98492.fna.gz	ecoli_achtman_4	12	adk(13)	fumC(13)	gyrB(9)	icd(13)	mdh(16)	purA(10)	recA(9)
data/genomes/562.98688.fna.gz	ecoli_achtman_4	-	adk(76)	fumC(24)	gyrB(9)	icd(36)	mdh(17)	purA(1)	recA(738)
data/genomes/562.98542.fna.gz	ecoli_achtman_4	131	adk(53)	fumC(40)	gyrB(47)	icd(13)	mdh(36)	purA(28)	recA(29)
data/genomes/562.98739.fna.gz	ecoli_achtman_4	1057	adk(14)	fumC(14)	gyrB(10)	icd(137)	mdh(17)	purA(7)	recA(10)
data/genomes/562.98641.fna.gz	ecoli_achtman_4	73	adk(36)	fumC(24)	gyrB(9)	icd(13)	mdh(17)	purA(11)	recA(25)
data/genomes/562.98591.fna.gz	ecoli_achtman_4	73	adk(36)	fumC(24)	gyrB(9)	icd(13)	mdh(17)	purA(11)	recA(25)
data/genomes/562.98493.fna.gz	ecoli_achtman_4	127	adk(13)	fumC(14)	gyrB(19)	icd(36)	mdh(23)	purA(11)	recA(10)
data/genomes/562.98689.fna.gz	ecoli_achtman_4	127	adk(13)	fumC(14)	gyrB(19)	icd(36)	mdh(23)	purA(11)	recA(10)
data/genomes/562.98543.fna.gz	ecoli_achtman_4	540	adk(6)	fumC(7)	gyrB(57)	icd(1)	mdh(8)	purA(8)	recA(2)
data/genomes/562.98740.fna.gz	ecoli_achtman_4	131	adk(53)	fumC(40)	gyrB(47)	icd(13)	mdh(36)	purA(28)	recA(29)
data/genomes/562.98592.fna.gz	ecoli_achtman_4	714	adk(126)	fumC(160)	gyrB(131)	icd(6)	mdh(5)	purA(5)	recA(99)
data/genomes/562.98642.fna.gz	ecoli_achtman_4	7092	adk(13)	fumC(38)	gyrB(19)	icd(13)	mdh(30)	purA(537)	recA(29)
data/genomes/562.98494.fna.gz	ecoli_achtman_4	144	adk(13)	fumC(43)	gyrB(9)	icd(36)	mdh(30)	purA(44)	recA(25)
data/genomes/562.98690.fna.gz	ecoli_achtman_4	141	adk(13)	fumC(52)	gyrB(10)	icd(14)	mdh(17)	purA(25)	recA(17)
data/genomes/562.98544.fna.gz	ecoli_achtman_4	550	adk(14)	fumC(14)	gyrB(10)	icd(14)	mdh(17)	purA(92)	recA(10)
data/genomes/562.98741.fna.gz	ecoli_achtman_4	73	adk(36)	fumC(24)	gyrB(9)	icd(13)	mdh(17)	purA(11)	recA(25)
data/genomes/562.98593.fna.gz	ecoli_achtman_4	4456	adk(97)	fumC(40)	gyrB(93)	icd(13)	mdh(23)	purA(343)	recA(66)
data/genomes/562.98643.fna.gz	ecoli_achtman_4	416	adk(37)	fumC(110)	gyrB(19)	icd(37)	mdh(17)	purA(11)	recA(26)
data/genomes/562.98495.fna.gz	ecoli_achtman_4	141	adk(13)	fumC(52)	gyrB(10)	icd(14)	mdh(17)	purA(25)	recA(17)
data/genomes/562.98691.fna.gz	ecoli_achtman_4	38	adk(4)	fumC(26)	gyrB(2)	icd(25)	mdh(5)	purA(5)	recA(19)
data/genomes/562.98545.fna.gz	ecoli_achtman_4	131	adk(53)	fumC(40)	gyrB(47)	icd(13)	mdh(36)	purA(28)	recA(29)
data/genomes/562.98742.fna.gz	ecoli_achtman_4	69	adk(21)	fumC(35)	gyrB(27)	icd(6)	mdh(5)	purA(5)	recA(4)
data/genomes/562.98594.fna.gz	ecoli_achtman_4	141	adk(13)	fumC(52)	gyrB(10)	icd(14)	mdh(17)	purA(25)	recA(17)
data/genomes/562.98644.fna.gz	ecoli_achtman_4	58	adk(6)	fumC(4)	gyrB(4)	icd(16)	mdh(24)	purA(8)	recA(14)
data/genomes/562.98496.fna.gz	ecoli_achtman_4	538	adk(13)	fumC(40)	gyrB(19)	icd(13)	mdh(36)	purA(28)	recA(30)
data/genomes/562.98692.fna.gz	ecoli_achtman_4	69	adk(21)	fumC(35)	gyrB(27)	icd(6)	mdh(5)	purA(5)	recA(4)
data/genomes/562.98546.fna.gz	ecoli_achtman_4	3721	adk(6)	fumC(150)	gyrB(12)	icd(1)	mdh(20)	purA(193)	recA(3)
data/genomes/562.98743.fna.gz	ecoli_achtman_4	405	adk(35)	fumC(37)	gyrB(29)	icd(25)	mdh(4)	purA(5)	recA(73)
data/genomes/562.98645.fna.gz	ecoli_achtman_4	73	adk(36)	fumC(24)	gyrB(9)	icd(13)	mdh(17)	purA(11)	recA(25)
data/genomes/562.98595.fna.gz	ecoli_achtman_4	80	adk(13)	fumC(24)	gyrB(19)	icd(14)	mdh(23)	purA(1)	recA(10)
data/genomes/562.98497.fna.gz	ecoli_achtman_4	73	adk(36)	fumC(24)	gyrB(9)	icd(13)	mdh(17)	purA(11)	recA(25)
data/genomes/562.98693.fna.gz	ecoli_achtman_4	141	adk(13)	fumC(52)	gyrB(10)	icd(14)	mdh(17)	purA(25)	recA(17)
data/genomes/562.98547.fna.gz	ecoli_achtman_4	978	adk(76)	fumC(43)	gyrB(19)	icd(13)	mdh(17)	purA(44)	recA(25)
data/genomes/562.98744.fna.gz	ecoli_achtman_4	73	adk(36)	fumC(24)	gyrB(9)	icd(13)	mdh(17)	purA(11)	recA(25)
data/genomes/562.98596.fna.gz	ecoli_achtman_4	131	adk(53)	fumC(40)	gyrB(47)	icd(13)	mdh(36)	purA(28)	recA(29)
data/genomes/562.98646.fna.gz	ecoli_achtman_4	421	adk(37)	fumC(38)	gyrB(19)	icd(37)	mdh(17)	purA(8)	recA(26)
data/genomes/562.98498.fna.gz	ecoli_achtman_4	73	adk(36)	fumC(24)	gyrB(9)	icd(13)	mdh(17)	purA(11)	recA(25)
data/genomes/562.98694.fna.gz	ecoli_achtman_4	73	adk(36)	fumC(24)	gyrB(9)	icd(13)	mdh(17)	purA(11)	recA(25)
data/genomes/562.98548.fna.gz	ecoli_achtman_4	127	adk(13)	fumC(14)	gyrB(19)	icd(36)	mdh(23)	purA(11)	recA(10)
data/genomes/562.98745.fna.gz	ecoli_achtman_4	73	adk(36)	fumC(24)	gyrB(9)	icd(13)	mdh(17)	purA(11)	recA(25)
data/genomes/562.98597.fna.gz	ecoli_achtman_4	69	adk(21)	fumC(35)	gyrB(27)	icd(6)	mdh(5)	purA(5)	recA(4)
data/genomes/562.98647.fna.gz	ecoli_achtman_4	141	adk(13)	fumC(52)	gyrB(10)	icd(14)	mdh(17)	purA(25)	recA(17)
data/genomes/562.98499.fna.gz	ecoli_achtman_4	73	adk(36)	fumC(24)	gyrB(9)	icd(13)	mdh(17)	purA(11)	recA(25)
data/genomes/562.98695.fna.gz	ecoli_achtman_4	12	adk(13)	fumC(13)	gyrB(9)	icd(13)	mdh(16)	purA(10)	recA(9)
data/genomes/562.98549.fna.gz	ecoli_achtman_4	998	adk(13)	fumC(52)	gyrB(156)	icd(14)	mdh(17)	purA(25)	recA(17)
data/genomes/562.98746.fna.gz	ecoli_achtman_4	131	adk(53)	fumC(40)	gyrB(47)	icd(13)	mdh(36)	purA(28)	recA(29)
data/genomes/562.98648.fna.gz	ecoli_achtman_4	8318	adk(83)	fumC(23)	gyrB(155)	icd(12)	mdh(1)	purA(2)	recA(17)
data/genomes/562.98598.fna.gz	ecoli_achtman_4	393	adk(18)	fumC(106)	gyrB(17)	icd(6)	mdh(5)	purA(5)	recA(4)
data/genomes/562.98500.fna.gz	ecoli_achtman_4	73	adk(36)	fumC(24)	gyrB(9)	icd(13)	mdh(17)	purA(11)	recA(25)
data/genomes/562.98696.fna.gz	ecoli_achtman_4	73	adk(36)	fumC(24)	gyrB(9)	icd(13)	mdh(17)	purA(11)	recA(25)
data/genomes/562.98550.fna.gz	ecoli_achtman_4	73	adk(36)	fumC(24)	gyrB(9)	icd(13)	mdh(17)	purA(11)	recA(25)
data/genomes/562.98747.fna.gz	ecoli_achtman_4	393	adk(18)	fumC(106)	gyrB(17)	icd(6)	mdh(5)	purA(5)	recA(4)
data/genomes/562.98649.fna.gz	ecoli_achtman_4	73	adk(36)	fumC(24)	gyrB(9)	icd(13)	mdh(17)	purA(11)	recA(25)
data/genomes/562.98599.fna.gz	ecoli_achtman_4	73	adk(36)	fumC(24)	gyrB(9)	icd(13)	mdh(17)	purA(11)	recA(25)
data/genomes/562.98501.fna.gz	ecoli_achtman_4	12	adk(13)	fumC(13)	gyrB(9)	icd(13)	mdh(16)	purA(10)	recA(9)
data/genomes/562.98551.fna.gz	ecoli_achtman_4	101	adk(43)	fumC(41)	gyrB(15)	icd(18)	mdh(11)	purA(7)	recA(6)
data/genomes/562.98697.fna.gz	ecoli_achtman_4	95	adk(37)	fumC(38)	gyrB(19)	icd(37)	mdh(17)	purA(11)	recA(26)
data/genomes/562.98748.fna.gz	ecoli_achtman_4	2619	adk(37)	fumC(38)	gyrB(286)	icd(37)	mdh(17)	purA(11)	recA(26)
data/genomes/562.98600.fna.gz	ecoli_achtman_4	73	adk(36)	fumC(24)	gyrB(9)	icd(13)	mdh(17)	purA(11)	recA(25)
data/genomes/562.98650.fna.gz	ecoli_achtman_4	73	adk(36)	fumC(24)	gyrB(9)	icd(13)	mdh(17)	purA(11)	recA(25)
data/genomes/562.98502.fna.gz	ecoli_achtman_4	80	adk(13)	fumC(24)	gyrB(19)	icd(14)	mdh(23)	purA(1)	recA(10)
data/genomes/562.98552.fna.gz	ecoli_achtman_4	73	adk(36)	fumC(24)	gyrB(9)	icd(13)	mdh(17)	purA(11)	recA(25)
data/genomes/562.98698.fna.gz	ecoli_achtman_4	12	adk(13)	fumC(13)	gyrB(9)	icd(13)	mdh(16)	purA(10)	recA(9)
data/genomes/562.98749.fna.gz	ecoli_achtman_4	550	adk(14)	fumC(14)	gyrB(10)	icd(14)	mdh(17)	purA(92)	recA(10)
data/genomes/562.98601.fna.gz	ecoli_achtman_4	95	adk(37)	fumC(38)	gyrB(19)	icd(37)	mdh(17)	purA(11)	recA(26)
data/genomes/562.98651.fna.gz	ecoli_achtman_4	73	adk(36)	fumC(24)	gyrB(9)	icd(13)	mdh(17)	purA(11)	recA(25)
data/genomes/562.98503.fna.gz	ecoli_achtman_4	95	adk(37)	fumC(38)	gyrB(19)	icd(37)	mdh(17)	purA(11)	recA(26)
data/genomes/562.98553.fna.gz	ecoli_achtman_4	206	adk(6)	fumC(7)	gyrB(5)	icd(1)	mdh(8)	purA(18)	recA(2)
data/genomes/562.98700.fna.gz	ecoli_achtman_4	95	adk(37)	fumC(38)	gyrB(19)	icd(37)	mdh(17)	purA(11)	recA(26)
data/genomes/562.98750.fna.gz	ecoli_achtman_4	14	adk(14)	fumC(14)	gyrB(10)	icd(14)	mdh(17)	purA(7)	recA(10)
data/genomes/562.98652.fna.gz	ecoli_achtman_4	101	adk(43)	fumC(41)	gyrB(15)	icd(18)	mdh(11)	purA(7)	recA(6)
data/genomes/562.98602.fna.gz	ecoli_achtman_4	73	adk(36)	fumC(24)	gyrB(9)	icd(13)	mdh(17)	purA(11)	recA(25)
data/genomes/562.98504.fna.gz	ecoli_achtman_4	1155	adk(13)	fumC(147)	gyrB(19)	icd(13)	mdh(149)	purA(28)	recA(30)
data/genomes/562.98554.fna.gz	ecoli_achtman_4	127	adk(13)	fumC(14)	gyrB(19)	icd(36)	mdh(23)	purA(11)	recA(10)
data/genomes/562.98701.fna.gz	ecoli_achtman_4	38	adk(4)	fumC(26)	gyrB(2)	icd(25)	mdh(5)	purA(5)	recA(19)
data/genomes/562.98751.fna.gz	ecoli_achtman_4	10241	adk(37)	fumC(38)	gyrB(19)	icd(1183)	mdh(17)	purA(11)	recA(26)
data/genomes/562.98653.fna.gz	ecoli_achtman_4	95	adk(37)	fumC(38)	gyrB(19)	icd(37)	mdh(17)	purA(11)	recA(26)
data/genomes/562.98505.fna.gz	ecoli_achtman_4	73	adk(36)	fumC(24)	gyrB(9)	icd(13)	mdh(17)	purA(11)	recA(25)
data/genomes/562.98603.fna.gz	ecoli_achtman_4	115	adk(4)	fumC(26)	gyrB(39)	icd(25)	mdh(5)	purA(31)	recA(19)
data/genomes/562.98555.fna.gz	ecoli_achtman_4	963	adk(4)	fumC(26)	gyrB(151)	icd(25)	mdh(5)	purA(5)	recA(19)
data/genomes/562.98702.fna.gz	ecoli_achtman_4	69	adk(21)	fumC(35)	gyrB(27)	icd(6)	mdh(5)	purA(5)	recA(4)
data/genomes/562.98752.fna.gz	ecoli_achtman_4	12	adk(13)	fumC(13)	gyrB(9)	icd(13)	mdh(16)	purA(10)	recA(9)
data/genomes/562.98654.fna.gz	ecoli_achtman_4	127	adk(13)	fumC(14)	gyrB(19)	icd(36)	mdh(23)	purA(11)	recA(10)
data/genomes/562.98506.fna.gz	ecoli_achtman_4	393	adk(18)	fumC(106)	gyrB(17)	icd(6)	mdh(5)	purA(5)	recA(4)
data/genomes/562.98604.fna.gz	ecoli_achtman_4	453	adk(99)	fumC(6)	gyrB(33)	icd(33)	mdh(24)	purA(8)	recA(7)
data/genomes/562.98556.fna.gz	ecoli_achtman_4	73	adk(36)	fumC(24)	gyrB(9)	icd(13)	mdh(17)	purA(11)	recA(25)
data/genomes/562.98703.fna.gz	ecoli_achtman_4	394	adk(21)	fumC(35)	gyrB(61)	icd(52)	mdh(5)	purA(5)	recA(4)
data/genomes/562.98753.fna.gz	ecoli_achtman_4	95	adk(37)	fumC(38)	gyrB(19)	icd(37)	mdh(17)	purA(11)	recA(26)
data/genomes/562.98655.fna.gz	ecoli_achtman_4	73	adk(36)	fumC(24)	gyrB(9)	icd(13)	mdh(17)	purA(11)	recA(25)
data/genomes/562.98507.fna.gz	ecoli_achtman_4	95	adk(37)	fumC(38)	gyrB(19)	icd(37)	mdh(17)	purA(11)	recA(26)
data/genomes/562.98605.fna.gz	ecoli_achtman_4	144	adk(13)	fumC(43)	gyrB(9)	icd(36)	mdh(30)	purA(44)	recA(25)
data/genomes/562.98557.fna.gz	ecoli_achtman_4	93	adk(6)	fumC(11)	gyrB(4)	icd(10)	mdh(7)	purA(8)	recA(6)
data/genomes/562.98704.fna.gz	ecoli_achtman_4	58	adk(6)	fumC(4)	gyrB(4)	icd(16)	mdh(24)	purA(8)	recA(14)
data/genomes/562.98754.fna.gz	ecoli_achtman_4	73	adk(36)	fumC(24)	gyrB(9)	icd(13)	mdh(17)	purA(11)	recA(25)
data/genomes/562.98656.fna.gz	ecoli_achtman_4	10272	adk(6)	fumC(4)	gyrB(12)	icd(1)	mdh(20)	purA(13)	recA(371)
data/genomes/562.98508.fna.gz	ecoli_achtman_4	550	adk(14)	fumC(14)	gyrB(10)	icd(14)	mdh(17)	purA(92)	recA(10)
data/genomes/562.98606.fna.gz	ecoli_achtman_4	1057	adk(14)	fumC(14)	gyrB(10)	icd(137)	mdh(17)	purA(7)	recA(10)
data/genomes/562.98558.fna.gz	ecoli_achtman_4	59	adk(27)	fumC(32)	gyrB(24)	icd(29)	mdh(26)	purA(19)	recA(22)
data/genomes/562.98705.fna.gz	ecoli_achtman_4	5644	adk(13)	fumC(195)	gyrB(49)	icd(89)	mdh(17)	purA(25)	recA(25)
data/genomes/562.98755.fna.gz	ecoli_achtman_4	800	adk(100)	fumC(23)	gyrB(68)	icd(45)	mdh(1)	purA(118)	recA(7)
data/genomes/562.98657.fna.gz	ecoli_achtman_4	409	adk(10)	fumC(11)	gyrB(1)	icd(1)	mdh(71)	purA(8)	recA(6)
data/genomes/562.98509.fna.gz	ecoli_achtman_4	95	adk(37)	fumC(38)	gyrB(19)	icd(37)	mdh(17)	purA(11)	recA(26)
data/genomes/562.98607.fna.gz	ecoli_achtman_4	12	adk(13)	fumC(13)	gyrB(9)	icd(13)	mdh(16)	purA(10)	recA(9)
data/genomes/562.98559.fna.gz	ecoli_achtman_4	73	adk(36)	fumC(24)	gyrB(9)	icd(13)	mdh(17)	purA(11)	recA(25)
data/genomes/562.98706.fna.gz	ecoli_achtman_4	59	adk(27)	fumC(32)	gyrB(24)	icd(29)	mdh(26)	purA(19)	recA(22)
data/genomes/562.98756.fna.gz	ecoli_achtman_4	73	adk(36)	fumC(24)	gyrB(9)	icd(13)	mdh(17)	purA(11)	recA(25)
data/genomes/562.98658.fna.gz	ecoli_achtman_4	5644	adk(13)	fumC(195)	gyrB(49)	icd(89)	mdh(17)	purA(25)	recA(25)
data/genomes/562.98510.fna.gz	ecoli_achtman_4	73	adk(36)	fumC(24)	gyrB(9)	icd(13)	mdh(17)	purA(11)	recA(25)
data/genomes/562.98608.fna.gz	ecoli_achtman_4	127	adk(13)	fumC(14)	gyrB(19)	icd(36)	mdh(23)	purA(11)	recA(10)
data/genomes/562.98560.fna.gz	ecoli_achtman_4	10	adk(10)	fumC(11)	gyrB(4)	icd(8)	mdh(8)	purA(8)	recA(2)
data/genomes/562.98707.fna.gz	ecoli_achtman_4	95	adk(37)	fumC(38)	gyrB(19)	icd(37)	mdh(17)	purA(11)	recA(26)
data/genomes/562.98757.fna.gz	ecoli_achtman_4	88	adk(6)	fumC(4)	gyrB(12)	icd(1)	mdh(20)	purA(12)	recA(7)
data/genomes/562.98659.fna.gz	ecoli_achtman_4	12	adk(13)	fumC(13)	gyrB(9)	icd(13)	mdh(16)	purA(10)	recA(9)
data/genomes/562.98511.fna.gz	ecoli_achtman_4	69	adk(21)	fumC(35)	gyrB(27)	icd(6)	mdh(5)	purA(5)	recA(4)
data/genomes/562.98609.fna.gz	ecoli_achtman_4	10	adk(10)	fumC(11)	gyrB(4)	icd(8)	mdh(8)	purA(8)	recA(2)
data/genomes/562.98561.fna.gz	ecoli_achtman_4	131	adk(53)	fumC(40)	gyrB(47)	icd(13)	mdh(36)	purA(28)	recA(29)
data/genomes/562.98708.fna.gz	ecoli_achtman_4	756	adk(80)	fumC(23)	gyrB(57)	icd(18)	mdh(55)	purA(8)	recA(6)
data/genomes/562.98758.fna.gz	ecoli_achtman_4	73	adk(36)	fumC(24)	gyrB(9)	icd(13)	mdh(17)	purA(11)	recA(25)
data/genomes/562.98660.fna.gz	ecoli_achtman_4	681	adk(38)	fumC(39)	gyrB(30)	icd(13)	mdh(17)	purA(25)	recA(28)
data/genomes/562.98512.fna.gz	ecoli_achtman_4	127	adk(13)	fumC(14)	gyrB(19)	icd(36)	mdh(23)	purA(11)	recA(10)
data/genomes/562.98610.fna.gz	ecoli_achtman_4	80	adk(13)	fumC(24)	gyrB(19)	icd(14)	mdh(23)	purA(1)	recA(10)
data/genomes/562.98562.fna.gz	ecoli_achtman_4	968	adk(36)	fumC(24)	gyrB(9)	icd(13)	mdh(17)	purA(128)	recA(25)
data/genomes/562.98709.fna.gz	ecoli_achtman_4	73	adk(36)	fumC(24)	gyrB(9)	icd(13)	mdh(17)	purA(11)	recA(25)
data/genomes/562.98661.fna.gz	ecoli_achtman_4	95	adk(37)	fumC(38)	gyrB(19)	icd(37)	mdh(17)	purA(11)	recA(26)
data/genomes/562.98759.fna.gz	ecoli_achtman_4	131	adk(53)	fumC(40)	gyrB(47)	icd(13)	mdh(36)	purA(28)	recA(29)
data/genomes/562.98513.fna.gz	ecoli_achtman_4	127	adk(13)	fumC(14)	gyrB(19)	icd(36)	mdh(23)	purA(11)	recA(10)
data/genomes/562.98611.fna.gz	ecoli_achtman_4	38	adk(4)	fumC(26)	gyrB(2)	icd(25)	mdh(5)	purA(5)	recA(19)
data/genomes/562.98563.fna.gz	ecoli_achtman_4	73	adk(36)	fumC(24)	gyrB(9)	icd(13)	mdh(17)	purA(11)	recA(25)
data/genomes/562.98710.fna.gz	ecoli_achtman_4	95	adk(37)	fumC(38)	gyrB(19)	icd(37)	mdh(17)	purA(11)	recA(26)
data/genomes/562.98662.fna.gz	ecoli_achtman_4	69	adk(21)	fumC(35)	gyrB(27)	icd(6)	mdh(5)	purA(5)	recA(4)
data/genomes/562.98760.fna.gz	ecoli_achtman_4	131	adk(53)	fumC(40)	gyrB(47)	icd(13)	mdh(36)	purA(28)	recA(29)
data/genomes/562.98514.fna.gz	ecoli_achtman_4	12	adk(13)	fumC(13)	gyrB(9)	icd(13)	mdh(16)	purA(10)	recA(9)
data/genomes/562.98612.fna.gz	ecoli_achtman_4	80	adk(13)	fumC(24)	gyrB(19)	icd(14)	mdh(23)	purA(1)	recA(10)
data/genomes/562.98564.fna.gz	ecoli_achtman_4	1819	adk(87)	fumC(90)	gyrB(231)	icd(10)	mdh(1)	purA(187)	recA(138)
data/genomes/562.98711.fna.gz	ecoli_achtman_4	69	adk(21)	fumC(35)	gyrB(27)	icd(6)	mdh(5)	purA(5)	recA(4)
data/genomes/562.98663.fna.gz	ecoli_achtman_4	95	adk(37)	fumC(38)	gyrB(19)	icd(37)	mdh(17)	purA(11)	recA(26)
data/genomes/562.98761.fna.gz	ecoli_achtman_4	95	adk(37)	fumC(38)	gyrB(19)	icd(37)	mdh(17)	purA(11)	recA(26)
data/genomes/562.98613.fna.gz	ecoli_achtman_4	95	adk(37)	fumC(38)	gyrB(19)	icd(37)	mdh(17)	purA(11)	recA(26)
data/genomes/562.98515.fna.gz	ecoli_achtman_4	62	adk(28)	fumC(33)	gyrB(25)	icd(29)	mdh(7)	purA(11)	recA(24)
data/genomes/562.98565.fna.gz	ecoli_achtman_4	1656	adk(6)	fumC(29)	gyrB(14)	icd(16)	mdh(24)	purA(7)	recA(2)
data/genomes/562.98712.fna.gz	ecoli_achtman_4	73	adk(36)	fumC(24)	gyrB(9)	icd(13)	mdh(17)	purA(11)	recA(25)
data/genomes/562.98664.fna.gz	ecoli_achtman_4	73	adk(36)	fumC(24)	gyrB(9)	icd(13)	mdh(17)	purA(11)	recA(25)
data/genomes/562.98762.fna.gz	ecoli_achtman_4	14	adk(14)	fumC(14)	gyrB(10)	icd(14)	mdh(17)	purA(7)	recA(10)
data/genomes/562.98614.fna.gz	ecoli_achtman_4	141	adk(13)	fumC(52)	gyrB(10)	icd(14)	mdh(17)	purA(25)	recA(17)
data/genomes/562.98516.fna.gz	ecoli_achtman_4	48	adk(6)	fumC(11)	gyrB(4)	icd(8)	mdh(8)	purA(8)	recA(2)
data/genomes/562.98566.fna.gz	ecoli_achtman_4	405	adk(35)	fumC(37)	gyrB(29)	icd(25)	mdh(4)	purA(5)	recA(73)
data/genomes/562.98713.fna.gz	ecoli_achtman_4	144	adk(13)	fumC(43)	gyrB(9)	icd(36)	mdh(30)	purA(44)	recA(25)
data/genomes/562.98763.fna.gz	ecoli_achtman_4	428	adk(96)	fumC(40)	gyrB(13)	icd(100)	mdh(23)	purA(28)	recA(66)
data/genomes/562.98665.fna.gz	ecoli_achtman_4	12	adk(13)	fumC(13)	gyrB(9)	icd(13)	mdh(16)	purA(10)	recA(9)
data/genomes/562.98615.fna.gz	ecoli_achtman_4	409	adk(10)	fumC(11)	gyrB(1)	icd(1)	mdh(71)	purA(8)	recA(6)
data/genomes/562.98517.fna.gz	ecoli_achtman_4	1001	adk(6)	fumC(23)	gyrB(4)	icd(18)	mdh(7)	purA(7)	recA(6)
data/genomes/562.98567.fna.gz	ecoli_achtman_4	640	adk(13)	fumC(147)	gyrB(93)	icd(13)	mdh(17)	purA(28)	recA(30)
data/genomes/562.98714.fna.gz	ecoli_achtman_4	95	adk(37)	fumC(38)	gyrB(19)	icd(37)	mdh(17)	purA(11)	recA(26)
data/genomes/562.98764.fna.gz	ecoli_achtman_4	73	adk(36)	fumC(24)	gyrB(9)	icd(13)	mdh(17)	purA(11)	recA(25)
data/genomes/562.98666.fna.gz	ecoli_achtman_4	69	adk(21)	fumC(35)	gyrB(27)	icd(6)	mdh(5)	purA(5)	recA(4)
data/genomes/562.98616.fna.gz	ecoli_achtman_4	69	adk(21)	fumC(35)	gyrB(27)	icd(6)	mdh(5)	purA(5)	recA(4)
data/genomes/562.98518.fna.gz	ecoli_achtman_4	95	adk(37)	fumC(38)	gyrB(19)	icd(37)	mdh(17)	purA(11)	recA(26)
data/genomes/562.98568.fna.gz	ecoli_achtman_4	141	adk(13)	fumC(52)	gyrB(10)	icd(14)	mdh(17)	purA(25)	recA(17)
data/genomes/562.98715.fna.gz	ecoli_achtman_4	131	adk(53)	fumC(40)	gyrB(47)	icd(13)	mdh(36)	purA(28)	recA(29)
data/genomes/562.98765.fna.gz	ecoli_achtman_4	93	adk(6)	fumC(11)	gyrB(4)	icd(10)	mdh(7)	purA(8)	recA(6)
data/genomes/562.98667.fna.gz	ecoli_achtman_4	80	adk(13)	fumC(24)	gyrB(19)	icd(14)	mdh(23)	purA(1)	recA(10)
data/genomes/562.98617.fna.gz	ecoli_achtman_4	95	adk(37)	fumC(38)	gyrB(19)	icd(37)	mdh(17)	purA(11)	recA(26)
data/genomes/562.98519.fna.gz	ecoli_achtman_4	550	adk(14)	fumC(14)	gyrB(10)	icd(14)	mdh(17)	purA(92)	recA(10)
data/genomes/562.98569.fna.gz	ecoli_achtman_4	550	adk(14)	fumC(14)	gyrB(10)	icd(14)	mdh(17)	purA(92)	recA(10)
data/genomes/562.98716.fna.gz	ecoli_achtman_4	405	adk(35)	fumC(37)	gyrB(29)	icd(25)	mdh(4)	purA(5)	recA(73)
data/genomes/562.98766.fna.gz	ecoli_achtman_4	131	adk(53)	fumC(40)	gyrB(47)	icd(13)	mdh(36)	purA(28)	recA(29)
data/genomes/562.98668.fna.gz	ecoli_achtman_4	95	adk(37)	fumC(38)	gyrB(19)	icd(37)	mdh(17)	purA(11)	recA(26)
data/genomes/562.98618.fna.gz	ecoli_achtman_4	449	adk(18)	fumC(22)	gyrB(94)	icd(6)	mdh(5)	purA(5)	recA(4)
data/genomes/562.98520.fna.gz	ecoli_achtman_4	79	adk(37)	fumC(38)	gyrB(19)	icd(32)	mdh(17)	purA(7)	recA(26)
data/genomes/562.98570.fna.gz	ecoli_achtman_4	10259	adk(37)	fumC(38)	gyrB(19)	icd(37)	mdh(898)	purA(11)	recA(26)
data/genomes/562.98717.fna.gz	ecoli_achtman_4	38	adk(4)	fumC(26)	gyrB(2)	icd(25)	mdh(5)	purA(5)	recA(19)
data/genomes/562.98767.fna.gz	ecoli_achtman_4	59	adk(27)	fumC(32)	gyrB(24)	icd(29)	mdh(26)	purA(19)	recA(22)
data/genomes/562.98669.fna.gz	ecoli_achtman_4	95	adk(37)	fumC(38)	gyrB(19)	icd(37)	mdh(17)	purA(11)	recA(26)
data/genomes/562.98619.fna.gz	ecoli_achtman_4	73	adk(36)	fumC(24)	gyrB(9)	icd(13)	mdh(17)	purA(11)	recA(25)
data/genomes/562.98521.fna.gz	ecoli_achtman_4	131	adk(53)	fumC(40)	gyrB(47)	icd(13)	mdh(36)	purA(28)	recA(29)
data/genomes/562.98571.fna.gz	ecoli_achtman_4	12	adk(13)	fumC(13)	gyrB(9)	icd(13)	mdh(16)	purA(10)	recA(9)
data/genomes/562.98718.fna.gz	ecoli_achtman_4	73	adk(36)	fumC(24)	gyrB(9)	icd(13)	mdh(17)	purA(11)	recA(25)
data/genomes/562.98768.fna.gz	ecoli_achtman_4	646	adk(13)	fumC(96)	gyrB(121)	icd(13)	mdh(17)	purA(11)	recA(10)
data/genomes/562.98670.fna.gz	ecoli_achtman_4	2619	adk(37)	fumC(38)	gyrB(286)	icd(37)	mdh(17)	purA(11)	recA(26)
data/genomes/562.98620.fna.gz	ecoli_achtman_4	5484	adk(450)	fumC(38)	gyrB(459)	icd(37)	mdh(17)	purA(11)	recA(26)
data/genomes/562.98522.fna.gz	ecoli_achtman_4	95	adk(37)	fumC(38)	gyrB(19)	icd(37)	mdh(17)	purA(11)	recA(26)
data/genomes/562.98572.fna.gz	ecoli_achtman_4	73	adk(36)	fumC(24)	gyrB(9)	icd(13)	mdh(17)	purA(11)	recA(25)
data/genomes/562.98719.fna.gz	ecoli_achtman_4	362	adk(62)	fumC(100)	gyrB(17)	icd(31)	mdh(5)	purA(5)	recA(4)
data/genomes/562.98769.fna.gz	ecoli_achtman_4	95	adk(37)	fumC(38)	gyrB(19)	icd(37)	mdh(17)	purA(11)	recA(26)
data/genomes/562.98671.fna.gz	ecoli_achtman_4	73	adk(36)	fumC(24)	gyrB(9)	icd(13)	mdh(17)	purA(11)	recA(25)
data/genomes/562.98621.fna.gz	ecoli_achtman_4	961	adk(13)	fumC(13)	gyrB(9)	icd(13)	mdh(16)	purA(126)	recA(9)
data/genomes/562.98523.fna.gz	ecoli_achtman_4	95	adk(37)	fumC(38)	gyrB(19)	icd(37)	mdh(17)	purA(11)	recA(26)
data/genomes/562.98573.fna.gz	ecoli_achtman_4	73	adk(36)	fumC(24)	gyrB(9)	icd(13)	mdh(17)	purA(11)	recA(25)
data/genomes/562.98720.fna.gz	ecoli_achtman_4	1828	adk(227)	fumC(38)	gyrB(19)	icd(37)	mdh(17)	purA(11)	recA(26)
data/genomes/562.98770.fna.gz	ecoli_achtman_4	95	adk(37)	fumC(38)	gyrB(19)	icd(37)	mdh(17)	purA(11)	recA(26)
data/genomes/562.98672.fna.gz	ecoli_achtman_4	141	adk(13)	fumC(52)	gyrB(10)	icd(14)	mdh(17)	purA(25)	recA(17)
data/genomes/562.98622.fna.gz	ecoli_achtman_4	127	adk(13)	fumC(14)	gyrB(19)	icd(36)	mdh(23)	purA(11)	recA(10)
data/genomes/562.98524.fna.gz	ecoli_achtman_4	73	adk(36)	fumC(24)	gyrB(9)	icd(13)	mdh(17)	purA(11)	recA(25)
data/genomes/562.98574.fna.gz	ecoli_achtman_4	10	adk(10)	fumC(11)	gyrB(4)	icd(8)	mdh(8)	purA(8)	recA(2)
data/genomes/562.98721.fna.gz	ecoli_achtman_4	681	adk(38)	fumC(39)	gyrB(30)	icd(13)	mdh(17)	purA(25)	recA(28)
data/genomes/562.98771.fna.gz	ecoli_achtman_4	73	adk(36)	fumC(24)	gyrB(9)	icd(13)	mdh(17)	purA(11)	recA(25)
data/genomes/562.98673.fna.gz	ecoli_achtman_4	12	adk(13)	fumC(13)	gyrB(9)	icd(13)	mdh(16)	purA(10)	recA(9)
data/genomes/562.98525.fna.gz	ecoli_achtman_4	394	adk(21)	fumC(35)	gyrB(61)	icd(52)	mdh(5)	purA(5)	recA(4)
data/genomes/562.98623.fna.gz	ecoli_achtman_4	5261	adk(13)	fumC(14)	gyrB(49)	icd(14)	mdh(17)	purA(94)	recA(10)
data/genomes/562.98575.fna.gz	ecoli_achtman_4	393	adk(18)	fumC(106)	gyrB(17)	icd(6)	mdh(5)	purA(5)	recA(4)
data/genomes/562.98722.fna.gz	ecoli_achtman_4	73	adk(36)	fumC(24)	gyrB(9)	icd(13)	mdh(17)	purA(11)	recA(25)
data/genomes/562.98772.fna.gz	ecoli_achtman_4	131	adk(53)	fumC(40)	gyrB(47)	icd(13)	mdh(36)	purA(28)	recA(29)
data/genomes/562.98674.fna.gz	ecoli_achtman_4	224	adk(6)	fumC(4)	gyrB(33)	icd(16)	mdh(11)	purA(8)	recA(6)
data/genomes/562.98526.fna.gz	ecoli_achtman_4	10261	adk(10)	fumC(956)	gyrB(4)	icd(8)	mdh(8)	purA(8)	recA(2)
data/genomes/562.98624.fna.gz	ecoli_achtman_4	73	adk(36)	fumC(24)	gyrB(9)	icd(13)	mdh(17)	purA(11)	recA(25)
data/genomes/562.98576.fna.gz	ecoli_achtman_4	95	adk(37)	fumC(38)	gyrB(19)	icd(37)	mdh(17)	purA(11)	recA(26)
data/genomes/562.98773.fna.gz	ecoli_achtman_4	131	adk(53)	fumC(40)	gyrB(47)	icd(13)	mdh(36)	purA(28)	recA(29)
data/genomes/562.98723.fna.gz	ecoli_achtman_4	59	adk(27)	fumC(32)	gyrB(24)	icd(29)	mdh(26)	purA(19)	recA(22)
data/genomes/562.98675.fna.gz	ecoli_achtman_4	136	adk(38)	fumC(39)	gyrB(30)	icd(13)	mdh(17)	purA(11)	recA(28)
data/genomes/562.98527.fna.gz	ecoli_achtman_4	127	adk(13)	fumC(14)	gyrB(19)	icd(36)	mdh(23)	purA(11)	recA(10)
data/genomes/562.98625.fna.gz	ecoli_achtman_4	540	adk(6)	fumC(7)	gyrB(57)	icd(1)	mdh(8)	purA(8)	recA(2)
data/genomes/562.98577.fna.gz	ecoli_achtman_4	550	adk(14)	fumC(14)	gyrB(10)	icd(14)	mdh(17)	purA(92)	recA(10)
data/genomes/562.98774.fna.gz	ecoli_achtman_4	131	adk(53)	fumC(40)	gyrB(47)	icd(13)	mdh(36)	purA(28)	recA(29)
data/genomes/562.98724.fna.gz	ecoli_achtman_4	73	adk(36)	fumC(24)	gyrB(9)	icd(13)	mdh(17)	purA(11)	recA(25)
data/genomes/562.98676.fna.gz	ecoli_achtman_4	144	adk(13)	fumC(43)	gyrB(9)	icd(36)	mdh(30)	purA(44)	recA(25)
data/genomes/562.98528.fna.gz	ecoli_achtman_4	80	adk(13)	fumC(24)	gyrB(19)	icd(14)	mdh(23)	purA(1)	recA(10)
data/genomes/562.98626.fna.gz	ecoli_achtman_4	69	adk(21)	fumC(35)	gyrB(27)	icd(6)	mdh(5)	purA(5)	recA(4)
data/genomes/562.98578.fna.gz	ecoli_achtman_4	117	adk(20)	fumC(45)	gyrB(41)	icd(43)	mdh(5)	purA(32)	recA(2)
data/genomes/562.98775.fna.gz	ecoli_achtman_4	73	adk(36)	fumC(24)	gyrB(9)	icd(13)	mdh(17)	purA(11)	recA(25)
data/genomes/562.98725.fna.gz	ecoli_achtman_4	421	adk(37)	fumC(38)	gyrB(19)	icd(37)	mdh(17)	purA(8)	recA(26)
data/genomes/562.98677.fna.gz	ecoli_achtman_4	95	adk(37)	fumC(38)	gyrB(19)	icd(37)	mdh(17)	purA(11)	recA(26)
data/genomes/562.98627.fna.gz	ecoli_achtman_4	141	adk(13)	fumC(52)	gyrB(10)	icd(14)	mdh(17)	purA(25)	recA(17)
data/genomes/562.98529.fna.gz	ecoli_achtman_4	14	adk(14)	fumC(14)	gyrB(10)	icd(14)	mdh(17)	purA(7)	recA(10)
data/genomes/562.98579.fna.gz	ecoli_achtman_4	10262	adk(13)	fumC(39)	gyrB(19)	icd(36)	mdh(17)	purA(25)	recA(10)
data/genomes/562.98776.fna.gz	ecoli_achtman_4	409	adk(10)	fumC(11)	gyrB(1)	icd(1)	mdh(71)	purA(8)	recA(6)
data/genomes/562.98726.fna.gz	ecoli_achtman_4	1858	adk(13)	fumC(14)	gyrB(10)	icd(14)	mdh(17)	purA(11)	recA(85)
data/genomes/562.98678.fna.gz	ecoli_achtman_4	73	adk(36)	fumC(24)	gyrB(9)	icd(13)	mdh(17)	purA(11)	recA(25)
data/genomes/562.98628.fna.gz	ecoli_achtman_4	404	adk(14)	fumC(14)	gyrB(10)	icd(14)	mdh(17)	purA(7)	recA(74)
data/genomes/562.98530.fna.gz	ecoli_achtman_4	73	adk(36)	fumC(24)	gyrB(9)	icd(13)	mdh(17)	purA(11)	recA(25)
data/genomes/562.98580.fna.gz	ecoli_achtman_4	127	adk(13)	fumC(14)	gyrB(19)	icd(36)	mdh(23)	purA(11)	recA(10)
data/genomes/562.98777.fna.gz	ecoli_achtman_4	372	adk(88)	fumC(103)	gyrB(19)	icd(36)	mdh(23)	purA(44)	recA(26)
data/genomes/562.98727.fna.gz	ecoli_achtman_4	648	adk(92)	fumC(4)	gyrB(87)	icd(96)	mdh(70)	purA(58)	recA(2)
data/genomes/562.98679.fna.gz	ecoli_achtman_4	69	adk(21)	fumC(35)	gyrB(27)	icd(6)	mdh(5)	purA(5)	recA(4)
data/genomes/562.98629.fna.gz	ecoli_achtman_4	73	adk(36)	fumC(24)	gyrB(9)	icd(13)	mdh(17)	purA(11)	recA(25)
data/genomes/562.98782.fna.gz	ecoli_achtman_4	131	adk(53)	fumC(40)	gyrB(47)	icd(13)	mdh(36)	purA(28)	recA(29)
data/genomes/562.98832.fna.gz	ecoli_achtman_4	10	adk(10)	fumC(11)	gyrB(4)	icd(8)	mdh(8)	purA(8)	recA(2)
data/genomes/562.98778.fna.gz	ecoli_achtman_4	144	adk(13)	fumC(43)	gyrB(9)	icd(36)	mdh(30)	purA(44)	recA(25)
data/genomes/562.98728.fna.gz	ecoli_achtman_4	12	adk(13)	fumC(13)	gyrB(9)	icd(13)	mdh(16)	purA(10)	recA(9)
data/genomes/562.98680.fna.gz	ecoli_achtman_4	10	adk(10)	fumC(11)	gyrB(4)	icd(8)	mdh(8)	purA(8)	recA(2)
data/genomes/562.98630.fna.gz	ecoli_achtman_4	95	adk(37)	fumC(38)	gyrB(19)	icd(37)	mdh(17)	purA(11)	recA(26)
data/genomes/562.98783.fna.gz	ecoli_achtman_4	12	adk(13)	fumC(13)	gyrB(9)	icd(13)	mdh(16)	purA(10)	recA(9)
data/genomes/562.98833.fna.gz	ecoli_achtman_4	73	adk(36)	fumC(24)	gyrB(9)	icd(13)	mdh(17)	purA(11)	recA(25)
data/genomes/562.98779.fna.gz	ecoli_achtman_4	73	adk(36)	fumC(24)	gyrB(9)	icd(13)	mdh(17)	purA(11)	recA(25)
data/genomes/562.98729.fna.gz	ecoli_achtman_4	62	adk(28)	fumC(33)	gyrB(25)	icd(29)	mdh(7)	purA(11)	recA(24)
data/genomes/562.98882.fna.gz	ecoli_achtman_4	59	adk(27)	fumC(32)	gyrB(24)	icd(29)	mdh(26)	purA(19)	recA(22)
data/genomes/562.98784.fna.gz	ecoli_achtman_4	10229	adk(53)	fumC(40)	gyrB(47)	icd(13)	mdh(36)	purA(28)	recA(734)
data/genomes/562.98932.fna.gz	ecoli_achtman_4	131	adk(53)	fumC(40)	gyrB(47)	icd(13)	mdh(36)	purA(28)	recA(29)
data/genomes/562.98834.fna.gz	ecoli_achtman_4	95	adk(37)	fumC(38)	gyrB(19)	icd(37)	mdh(17)	purA(11)	recA(26)
data/genomes/562.98780.fna.gz	ecoli_achtman_4	73	adk(36)	fumC(24)	gyrB(9)	icd(13)	mdh(17)	purA(11)	recA(25)
data/genomes/562.98730.fna.gz	ecoli_achtman_4	95	adk(37)	fumC(38)	gyrB(19)	icd(37)	mdh(17)	purA(11)	recA(26)
data/genomes/562.98883.fna.gz	ecoli_achtman_4	390	adk(37)	fumC(38)	gyrB(86)	icd(37)	mdh(17)	purA(11)	recA(26)
data/genomes/562.98785.fna.gz	ecoli_achtman_4	10	adk(10)	fumC(11)	gyrB(4)	icd(8)	mdh(8)	purA(8)	recA(2)
data/genomes/562.98933.fna.gz	ecoli_achtman_4	127	adk(13)	fumC(14)	gyrB(19)	icd(36)	mdh(23)	purA(11)	recA(10)
data/genomes/562.98835.fna.gz	ecoli_achtman_4	117	adk(20)	fumC(45)	gyrB(41)	icd(43)	mdh(5)	purA(32)	recA(2)
data/genomes/562.98781.fna.gz	ecoli_achtman_4	95	adk(37)	fumC(38)	gyrB(19)	icd(37)	mdh(17)	purA(11)	recA(26)
data/genomes/562.98731.fna.gz	ecoli_achtman_4	73	adk(36)	fumC(24)	gyrB(9)	icd(13)	mdh(17)	purA(11)	recA(25)
data/genomes/562.98884.fna.gz	ecoli_achtman_4	357	adk(13)	fumC(40)	gyrB(13)	icd(13)	mdh(23)	purA(25)	recA(66)
data/genomes/562.98786.fna.gz	ecoli_achtman_4	12	adk(13)	fumC(13)	gyrB(9)	icd(13)	mdh(16)	purA(10)	recA(9)
data/genomes/562.98836.fna.gz	ecoli_achtman_4	95	adk(37)	fumC(38)	gyrB(19)	icd(37)	mdh(17)	purA(11)	recA(26)
data/genomes/562.98934.fna.gz	ecoli_achtman_4	117	adk(20)	fumC(45)	gyrB(41)	icd(43)	mdh(5)	purA(32)	recA(2)
data/genomes/562.98982.fna.gz	ecoli_achtman_4	69	adk(21)	fumC(35)	gyrB(27)	icd(6)	mdh(5)	purA(5)	recA(4)
data/genomes/562.99033.fna.gz	ecoli_achtman_4	131	adk(53)	fumC(40)	gyrB(47)	icd(13)	mdh(36)	purA(28)	recA(29)
data/genomes/562.98885.fna.gz	ecoli_achtman_4	95	adk(37)	fumC(38)	gyrB(19)	icd(37)	mdh(17)	purA(11)	recA(26)
data/genomes/562.98787.fna.gz	ecoli_achtman_4	69	adk(21)	fumC(35)	gyrB(27)	icd(6)	mdh(5)	purA(5)	recA(4)
data/genomes/562.98837.fna.gz	ecoli_achtman_4	127	adk(13)	fumC(14)	gyrB(19)	icd(36)	mdh(23)	purA(11)	recA(10)
data/genomes/562.98935.fna.gz	ecoli_achtman_4	127	adk(13)	fumC(14)	gyrB(19)	icd(36)	mdh(23)	purA(11)	recA(10)
data/genomes/562.98983.fna.gz	ecoli_achtman_4	73	adk(36)	fumC(24)	gyrB(9)	icd(13)	mdh(17)	purA(11)	recA(25)
data/genomes/562.99034.fna.gz	ecoli_achtman_4	59	adk(27)	fumC(32)	gyrB(24)	icd(29)	mdh(26)	purA(19)	recA(22)
data/genomes/562.98886.fna.gz	ecoli_achtman_4	73	adk(36)	fumC(24)	gyrB(9)	icd(13)	mdh(17)	purA(11)	recA(25)
data/genomes/562.98788.fna.gz	ecoli_achtman_4	73	adk(36)	fumC(24)	gyrB(9)	icd(13)	mdh(17)	purA(11)	recA(25)
data/genomes/562.98936.fna.gz	ecoli_achtman_4	95	adk(37)	fumC(38)	gyrB(19)	icd(37)	mdh(17)	purA(11)	recA(26)
data/genomes/562.98838.fna.gz	ecoli_achtman_4	372	adk(88)	fumC(103)	gyrB(19)	icd(36)	mdh(23)	purA(44)	recA(26)
data/genomes/562.99035.fna.gz	ecoli_achtman_4	12	adk(13)	fumC(13)	gyrB(9)	icd(13)	mdh(16)	purA(10)	recA(9)
data/genomes/562.98984.fna.gz	ecoli_achtman_4	144	adk(13)	fumC(43)	gyrB(9)	icd(36)	mdh(30)	purA(44)	recA(25)
data/genomes/562.98887.fna.gz	ecoli_achtman_4	538	adk(13)	fumC(40)	gyrB(19)	icd(13)	mdh(36)	purA(28)	recA(30)
data/genomes/562.98789.fna.gz	ecoli_achtman_4	73	adk(36)	fumC(24)	gyrB(9)	icd(13)	mdh(17)	purA(11)	recA(25)
data/genomes/562.98937.fna.gz	ecoli_achtman_4	491	adk(13)	fumC(39)	gyrB(19)	icd(36)	mdh(30)	purA(14)	recA(82)
data/genomes/562.98839.fna.gz	ecoli_achtman_4	1011	adk(6)	fumC(4)	gyrB(159)	icd(44)	mdh(112)	purA(1)	recA(17)
data/genomes/562.98985.fna.gz	ecoli_achtman_4	978	adk(76)	fumC(43)	gyrB(19)	icd(13)	mdh(17)	purA(44)	recA(25)
data/genomes/562.99036.fna.gz	ecoli_achtman_4	95	adk(37)	fumC(38)	gyrB(19)	icd(37)	mdh(17)	purA(11)	recA(26)
data/genomes/562.98888.fna.gz	ecoli_achtman_4	73	adk(36)	fumC(24)	gyrB(9)	icd(13)	mdh(17)	purA(11)	recA(25)
data/genomes/562.98790.fna.gz	ecoli_achtman_4	399	adk(6)	fumC(4)	gyrB(1)	icd(95)	mdh(69)	purA(8)	recA(20)
data/genomes/562.98938.fna.gz	ecoli_achtman_4	357	adk(13)	fumC(40)	gyrB(13)	icd(13)	mdh(23)	purA(25)	recA(66)
data/genomes/562.98840.fna.gz	ecoli_achtman_4	141	adk(13)	fumC(52)	gyrB(10)	icd(14)	mdh(17)	purA(25)	recA(17)
data/genomes/562.98986.fna.gz	ecoli_achtman_4	95	adk(37)	fumC(38)	gyrB(19)	icd(37)	mdh(17)	purA(11)	recA(26)
data/genomes/562.99037.fna.gz	ecoli_achtman_4	410	adk(6)	fumC(4)	gyrB(12)	icd(1)	mdh(20)	purA(18)	recA(7)
data/genomes/562.98889.fna.gz	ecoli_achtman_4	131	adk(53)	fumC(40)	gyrB(47)	icd(13)	mdh(36)	purA(28)	recA(29)
data/genomes/562.98939.fna.gz	ecoli_achtman_4	73	adk(36)	fumC(24)	gyrB(9)	icd(13)	mdh(17)	purA(11)	recA(25)
data/genomes/562.98791.fna.gz	ecoli_achtman_4	372	adk(88)	fumC(103)	gyrB(19)	icd(36)	mdh(23)	purA(44)	recA(26)
data/genomes/562.98841.fna.gz	ecoli_achtman_4	127	adk(13)	fumC(14)	gyrB(19)	icd(36)	mdh(23)	purA(11)	recA(10)
data/genomes/562.98987.fna.gz	ecoli_achtman_4	141	adk(13)	fumC(52)	gyrB(10)	icd(14)	mdh(17)	purA(25)	recA(17)
data/genomes/562.99038.fna.gz	ecoli_achtman_4	69	adk(21)	fumC(35)	gyrB(27)	icd(6)	mdh(5)	purA(5)	recA(4)
data/genomes/562.98890.fna.gz	ecoli_achtman_4	95	adk(37)	fumC(38)	gyrB(19)	icd(37)	mdh(17)	purA(11)	recA(26)
data/genomes/562.98792.fna.gz	ecoli_achtman_4	69	adk(21)	fumC(35)	gyrB(27)	icd(6)	mdh(5)	purA(5)	recA(4)
data/genomes/562.98940.fna.gz	ecoli_achtman_4	73	adk(36)	fumC(24)	gyrB(9)	icd(13)	mdh(17)	purA(11)	recA(25)
data/genomes/562.98842.fna.gz	ecoli_achtman_4	106	adk(21)	fumC(35)	gyrB(27)	icd(6)	mdh(5)	purA(8)	recA(4)
data/genomes/562.98988.fna.gz	ecoli_achtman_4	372	adk(88)	fumC(103)	gyrB(19)	icd(36)	mdh(23)	purA(44)	recA(26)
data/genomes/562.98891.fna.gz	ecoli_achtman_4	421	adk(37)	fumC(38)	gyrB(19)	icd(37)	mdh(17)	purA(8)	recA(26)
data/genomes/562.99039.fna.gz	ecoli_achtman_4	1125	adk(6)	fumC(4)	gyrB(15)	icd(18)	mdh(24)	purA(26)	recA(7)
data/genomes/562.98793.fna.gz	ecoli_achtman_4	401	adk(1)	fumC(107)	gyrB(7)	icd(11)	mdh(7)	purA(3)	recA(7)
data/genomes/562.98941.fna.gz	ecoli_achtman_4	59	adk(27)	fumC(32)	gyrB(24)	icd(29)	mdh(26)	purA(19)	recA(22)
data/genomes/562.98843.fna.gz	ecoli_achtman_4	681	adk(38)	fumC(39)	gyrB(30)	icd(13)	mdh(17)	purA(25)	recA(28)
data/genomes/562.98989.fna.gz	ecoli_achtman_4	95	adk(37)	fumC(38)	gyrB(19)	icd(37)	mdh(17)	purA(11)	recA(26)
data/genomes/562.98892.fna.gz	ecoli_achtman_4	69	adk(21)	fumC(35)	gyrB(27)	icd(6)	mdh(5)	purA(5)	recA(4)
data/genomes/562.99040.fna.gz	ecoli_achtman_4	131	adk(53)	fumC(40)	gyrB(47)	icd(13)	mdh(36)	purA(28)	recA(29)
data/genomes/562.98794.fna.gz	ecoli_achtman_4	131	adk(53)	fumC(40)	gyrB(47)	icd(13)	mdh(36)	purA(28)	recA(29)
data/genomes/562.98942.fna.gz	ecoli_achtman_4	10226	adk(27)	fumC(32)	gyrB(24)	icd(29)	mdh(26)	purA(773)	recA(22)
data/genomes/562.98844.fna.gz	ecoli_achtman_4	135	adk(13)	fumC(39)	gyrB(50)	icd(13)	mdh(16)	purA(37)	recA(25)
data/genomes/562.98990.fna.gz	ecoli_achtman_4	58	adk(6)	fumC(4)	gyrB(4)	icd(16)	mdh(24)	purA(8)	recA(14)
data/genomes/562.99041.fna.gz	ecoli_achtman_4	144	adk(13)	fumC(43)	gyrB(9)	icd(36)	mdh(30)	purA(44)	recA(25)
data/genomes/562.98893.fna.gz	ecoli_achtman_4	69	adk(21)	fumC(35)	gyrB(27)	icd(6)	mdh(5)	purA(5)	recA(4)
data/genomes/562.98943.fna.gz	ecoli_achtman_4	23	adk(6)	fumC(4)	gyrB(12)	icd(1)	mdh(20)	purA(13)	recA(7)
data/genomes/562.98795.fna.gz	ecoli_achtman_4	73	adk(36)	fumC(24)	gyrB(9)	icd(13)	mdh(17)	purA(11)	recA(25)
data/genomes/562.98845.fna.gz	ecoli_achtman_4	10	adk(10)	fumC(11)	gyrB(4)	icd(8)	mdh(8)	purA(8)	recA(2)
data/genomes/562.98991.fna.gz	ecoli_achtman_4	95	adk(37)	fumC(38)	gyrB(19)	icd(37)	mdh(17)	purA(11)	recA(26)
data/genomes/562.99042.fna.gz	ecoli_achtman_4	95	adk(37)	fumC(38)	gyrB(19)	icd(37)	mdh(17)	purA(11)	recA(26)
data/genomes/562.98894.fna.gz	ecoli_achtman_4	69	adk(21)	fumC(35)	gyrB(27)	icd(6)	mdh(5)	purA(5)	recA(4)
data/genomes/562.98944.fna.gz	ecoli_achtman_4	73	adk(36)	fumC(24)	gyrB(9)	icd(13)	mdh(17)	purA(11)	recA(25)
data/genomes/562.98796.fna.gz	ecoli_achtman_4	648	adk(92)	fumC(4)	gyrB(87)	icd(96)	mdh(70)	purA(58)	recA(2)
data/genomes/562.98846.fna.gz	ecoli_achtman_4	131	adk(53)	fumC(40)	gyrB(47)	icd(13)	mdh(36)	purA(28)	recA(29)
data/genomes/562.98992.fna.gz	ecoli_achtman_4	38	adk(4)	fumC(26)	gyrB(2)	icd(25)	mdh(5)	purA(5)	recA(19)
data/genomes/562.99043.fna.gz	ecoli_achtman_4	7427	adk(6)	fumC(2)	gyrB(519)	icd(627)	mdh(180)	purA(16)	recA(433)
data/genomes/562.98895.fna.gz	ecoli_achtman_4	327	adk(6)	fumC(4)	gyrB(4)	icd(85)	mdh(43)	purA(12)	recA(7)
data/genomes/562.98847.fna.gz	ecoli_achtman_4	91	adk(13)	fumC(40)	gyrB(34)	icd(13)	mdh(23)	purA(28)	recA(30)
data/genomes/562.98797.fna.gz	ecoli_achtman_4	73	adk(36)	fumC(24)	gyrB(9)	icd(13)	mdh(17)	purA(11)	recA(25)
data/genomes/562.98945.fna.gz	ecoli_achtman_4	127	adk(13)	fumC(14)	gyrB(19)	icd(36)	mdh(23)	purA(11)	recA(10)
data/genomes/562.98993.fna.gz	ecoli_achtman_4	73	adk(36)	fumC(24)	gyrB(9)	icd(13)	mdh(17)	purA(11)	recA(25)
data/genomes/562.99044.fna.gz	ecoli_achtman_4	131	adk(53)	fumC(40)	gyrB(47)	icd(13)	mdh(36)	purA(28)	recA(29)
data/genomes/562.98848.fna.gz	ecoli_achtman_4	95	adk(37)	fumC(38)	gyrB(19)	icd(37)	mdh(17)	purA(11)	recA(26)
data/genomes/562.98798.fna.gz	ecoli_achtman_4	73	adk(36)	fumC(24)	gyrB(9)	icd(13)	mdh(17)	purA(11)	recA(25)
data/genomes/562.98946.fna.gz	ecoli_achtman_4	538	adk(13)	fumC(40)	gyrB(19)	icd(13)	mdh(36)	purA(28)	recA(30)
data/genomes/562.98896.fna.gz	ecoli_achtman_4	73	adk(36)	fumC(24)	gyrB(9)	icd(13)	mdh(17)	purA(11)	recA(25)
data/genomes/562.99045.fna.gz	ecoli_achtman_4	95	adk(37)	fumC(38)	gyrB(19)	icd(37)	mdh(17)	purA(11)	recA(26)
data/genomes/562.98994.fna.gz	ecoli_achtman_4	95	adk(37)	fumC(38)	gyrB(19)	icd(37)	mdh(17)	purA(11)	recA(26)
data/genomes/562.98849.fna.gz	ecoli_achtman_4	69	adk(21)	fumC(35)	gyrB(27)	icd(6)	mdh(5)	purA(5)	recA(4)
data/genomes/562.98799.fna.gz	ecoli_achtman_4	73	adk(36)	fumC(24)	gyrB(9)	icd(13)	mdh(17)	purA(11)	recA(25)
data/genomes/562.98947.fna.gz	ecoli_achtman_4	141	adk(13)	fumC(52)	gyrB(10)	icd(14)	mdh(17)	purA(25)	recA(17)
data/genomes/562.98897.fna.gz	ecoli_achtman_4	73	adk(36)	fumC(24)	gyrB(9)	icd(13)	mdh(17)	purA(11)	recA(25)
data/genomes/562.99046.fna.gz	ecoli_achtman_4	28	adk(13)	fumC(21)	gyrB(13)	icd(22)	mdh(17)	purA(14)	recA(15)
data/genomes/562.98996.fna.gz	ecoli_achtman_4	10404	adk(10)	fumC(11)	gyrB(4)	icd(8)	mdh(921)	purA(8)	recA(2)
data/genomes/562.98800.fna.gz	ecoli_achtman_4	69	adk(21)	fumC(35)	gyrB(27)	icd(6)	mdh(5)	purA(5)	recA(4)
data/genomes/562.98850.fna.gz	ecoli_achtman_4	95	adk(37)	fumC(38)	gyrB(19)	icd(37)	mdh(17)	purA(11)	recA(26)
data/genomes/562.98948.fna.gz	ecoli_achtman_4	10271	adk(13)	fumC(13)	gyrB(920)	icd(13)	mdh(16)	purA(10)	recA(9)
data/genomes/562.98898.fna.gz	ecoli_achtman_4	127	adk(13)	fumC(14)	gyrB(19)	icd(36)	mdh(23)	purA(11)	recA(10)
data/genomes/562.99047.fna.gz	ecoli_achtman_4	14	adk(14)	fumC(14)	gyrB(10)	icd(14)	mdh(17)	purA(7)	recA(10)
data/genomes/562.98997.fna.gz	ecoli_achtman_4	95	adk(37)	fumC(38)	gyrB(19)	icd(37)	mdh(17)	purA(11)	recA(26)
data/genomes/562.98801.fna.gz	ecoli_achtman_4	12	adk(13)	fumC(13)	gyrB(9)	icd(13)	mdh(16)	purA(10)	recA(9)
data/genomes/562.98851.fna.gz	ecoli_achtman_4	127	adk(13)	fumC(14)	gyrB(19)	icd(36)	mdh(23)	purA(11)	recA(10)
data/genomes/562.98949.fna.gz	ecoli_achtman_4	131	adk(53)	fumC(40)	gyrB(47)	icd(13)	mdh(36)	purA(28)	recA(29)
data/genomes/562.98899.fna.gz	ecoli_achtman_4	491	adk(13)	fumC(39)	gyrB(19)	icd(36)	mdh(30)	purA(14)	recA(82)
data/genomes/562.98998.fna.gz	ecoli_achtman_4	141	adk(13)	fumC(52)	gyrB(10)	icd(14)	mdh(17)	purA(25)	recA(17)
data/genomes/562.99048.fna.gz	ecoli_achtman_4	443	adk(6)	fumC(19)	gyrB(15)	icd(16)	mdh(9)	purA(8)	recA(7)
data/genomes/562.98802.fna.gz	ecoli_achtman_4	73	adk(36)	fumC(24)	gyrB(9)	icd(13)	mdh(17)	purA(11)	recA(25)
data/genomes/562.98950.fna.gz	ecoli_achtman_4	550	adk(14)	fumC(14)	gyrB(10)	icd(14)	mdh(17)	purA(92)	recA(10)
data/genomes/562.98900.fna.gz	ecoli_achtman_4	95	adk(37)	fumC(38)	gyrB(19)	icd(37)	mdh(17)	purA(11)	recA(26)
data/genomes/562.98852.fna.gz	ecoli_achtman_4	80	adk(13)	fumC(24)	gyrB(19)	icd(14)	mdh(23)	purA(1)	recA(10)
data/genomes/562.98999.fna.gz	ecoli_achtman_4	38	adk(4)	fumC(26)	gyrB(2)	icd(25)	mdh(5)	purA(5)	recA(19)
data/genomes/562.99049.fna.gz	ecoli_achtman_4	95	adk(37)	fumC(38)	gyrB(19)	icd(37)	mdh(17)	purA(11)	recA(26)
data/genomes/562.98803.fna.gz	ecoli_achtman_4	154	adk(6)	fumC(6)	gyrB(5)	icd(10)	mdh(9)	purA(8)	recA(6)
data/genomes/562.98951.fna.gz	ecoli_achtman_4	59	adk(27)	fumC(32)	gyrB(24)	icd(29)	mdh(26)	purA(19)	recA(22)
data/genomes/562.98901.fna.gz	ecoli_achtman_4	73	adk(36)	fumC(24)	gyrB(9)	icd(13)	mdh(17)	purA(11)	recA(25)
data/genomes/562.98853.fna.gz	ecoli_achtman_4	357	adk(13)	fumC(40)	gyrB(13)	icd(13)	mdh(23)	purA(25)	recA(66)
data/genomes/562.99000.fna.gz	ecoli_achtman_4	69	adk(21)	fumC(35)	gyrB(27)	icd(6)	mdh(5)	purA(5)	recA(4)
data/genomes/562.99050.fna.gz	ecoli_achtman_4	73	adk(36)	fumC(24)	gyrB(9)	icd(13)	mdh(17)	purA(11)	recA(25)
data/genomes/562.98804.fna.gz	ecoli_achtman_4	141	adk(13)	fumC(52)	gyrB(10)	icd(14)	mdh(17)	purA(25)	recA(17)
data/genomes/562.98952.fna.gz	ecoli_achtman_4	131	adk(53)	fumC(40)	gyrB(47)	icd(13)	mdh(36)	purA(28)	recA(29)
data/genomes/562.98902.fna.gz	ecoli_achtman_4	95	adk(37)	fumC(38)	gyrB(19)	icd(37)	mdh(17)	purA(11)	recA(26)
data/genomes/562.98854.fna.gz	ecoli_achtman_4	69	adk(21)	fumC(35)	gyrB(27)	icd(6)	mdh(5)	purA(5)	recA(4)
data/genomes/562.99051.fna.gz	ecoli_achtman_4	95	adk(37)	fumC(38)	gyrB(19)	icd(37)	mdh(17)	purA(11)	recA(26)
data/genomes/562.99001.fna.gz	ecoli_achtman_4	95	adk(37)	fumC(38)	gyrB(19)	icd(37)	mdh(17)	purA(11)	recA(26)
data/genomes/562.98805.fna.gz	ecoli_achtman_4	73	adk(36)	fumC(24)	gyrB(9)	icd(13)	mdh(17)	purA(11)	recA(25)
data/genomes/562.98953.fna.gz	ecoli_achtman_4	73	adk(36)	fumC(24)	gyrB(9)	icd(13)	mdh(17)	purA(11)	recA(25)
data/genomes/562.98903.fna.gz	ecoli_achtman_4	685	adk(8)	fumC(11)	gyrB(4)	icd(8)	mdh(8)	purA(8)	recA(2)
data/genomes/562.98855.fna.gz	ecoli_achtman_4	2015	adk(76)	fumC(319)	gyrB(30)	icd(37)	mdh(17)	purA(10)	recA(96)
data/genomes/562.99052.fna.gz	ecoli_achtman_4	95	adk(37)	fumC(38)	gyrB(19)	icd(37)	mdh(17)	purA(11)	recA(26)
data/genomes/562.99002.fna.gz	ecoli_achtman_4	567	adk(13)	fumC(43)	gyrB(9)	icd(37)	mdh(17)	purA(37)	recA(25)
data/genomes/562.98806.fna.gz	ecoli_achtman_4	69	adk(21)	fumC(35)	gyrB(27)	icd(6)	mdh(5)	purA(5)	recA(4)
data/genomes/562.98904.fna.gz	ecoli_achtman_4	428	adk(96)	fumC(40)	gyrB(13)	icd(100)	mdh(23)	purA(28)	recA(66)
data/genomes/562.98954.fna.gz	ecoli_achtman_4	117	adk(20)	fumC(45)	gyrB(41)	icd(43)	mdh(5)	purA(32)	recA(2)
data/genomes/562.98856.fna.gz	ecoli_achtman_4	12	adk(13)	fumC(13)	gyrB(9)	icd(13)	mdh(16)	purA(10)	recA(9)
data/genomes/562.99053.fna.gz	ecoli_achtman_4	95	adk(37)	fumC(38)	gyrB(19)	icd(37)	mdh(17)	purA(11)	recA(26)
data/genomes/562.99003.fna.gz	ecoli_achtman_4	88	adk(6)	fumC(4)	gyrB(12)	icd(1)	mdh(20)	purA(12)	recA(7)
data/genomes/562.98807.fna.gz	ecoli_achtman_4	131	adk(53)	fumC(40)	gyrB(47)	icd(13)	mdh(36)	purA(28)	recA(29)
data/genomes/562.98905.fna.gz	ecoli_achtman_4	73	adk(36)	fumC(24)	gyrB(9)	icd(13)	mdh(17)	purA(11)	recA(25)
data/genomes/562.98955.fna.gz	ecoli_achtman_4	73	adk(36)	fumC(24)	gyrB(9)	icd(13)	mdh(17)	purA(11)	recA(25)
data/genomes/562.98857.fna.gz	ecoli_achtman_4	95	adk(37)	fumC(38)	gyrB(19)	icd(37)	mdh(17)	purA(11)	recA(26)
data/genomes/562.99054.fna.gz	ecoli_achtman_4	73	adk(36)	fumC(24)	gyrB(9)	icd(13)	mdh(17)	purA(11)	recA(25)
data/genomes/562.99004.fna.gz	ecoli_achtman_4	69	adk(21)	fumC(35)	gyrB(27)	icd(6)	mdh(5)	purA(5)	recA(4)
data/genomes/562.98808.fna.gz	ecoli_achtman_4	404	adk(14)	fumC(14)	gyrB(10)	icd(14)	mdh(17)	purA(7)	recA(74)
data/genomes/562.98956.fna.gz	ecoli_achtman_4	131	adk(53)	fumC(40)	gyrB(47)	icd(13)	mdh(36)	purA(28)	recA(29)
data/genomes/562.98906.fna.gz	ecoli_achtman_4	127	adk(13)	fumC(14)	gyrB(19)	icd(36)	mdh(23)	purA(11)	recA(10)
data/genomes/562.98858.fna.gz	ecoli_achtman_4	73	adk(36)	fumC(24)	gyrB(9)	icd(13)	mdh(17)	purA(11)	recA(25)
data/genomes/562.99055.fna.gz	ecoli_achtman_4	1727	adk(6)	fumC(19)	gyrB(3)	icd(16)	mdh(11)	purA(8)	recA(6)
data/genomes/562.99005.fna.gz	ecoli_achtman_4	14	adk(14)	fumC(14)	gyrB(10)	icd(14)	mdh(17)	purA(7)	recA(10)
data/genomes/562.98809.fna.gz	ecoli_achtman_4	73	adk(36)	fumC(24)	gyrB(9)	icd(13)	mdh(17)	purA(11)	recA(25)
data/genomes/562.98957.fna.gz	ecoli_achtman_4	10274	adk(99)	fumC(1464)	gyrB(33)	icd(33)	mdh(24)	purA(8)	recA(7)
data/genomes/562.98907.fna.gz	ecoli_achtman_4	95	adk(37)	fumC(38)	gyrB(19)	icd(37)	mdh(17)	purA(11)	recA(26)
data/genomes/562.98859.fna.gz	ecoli_achtman_4	59	adk(27)	fumC(32)	gyrB(24)	icd(29)	mdh(26)	purA(19)	recA(22)
data/genomes/562.99056.fna.gz	ecoli_achtman_4	357	adk(13)	fumC(40)	gyrB(13)	icd(13)	mdh(23)	purA(25)	recA(66)
data/genomes/562.99006.fna.gz	ecoli_achtman_4	131	adk(53)	fumC(40)	gyrB(47)	icd(13)	mdh(36)	purA(28)	recA(29)
data/genomes/562.98810.fna.gz	ecoli_achtman_4	12	adk(13)	fumC(13)	gyrB(9)	icd(13)	mdh(16)	purA(10)	recA(9)
data/genomes/562.98958.fna.gz	ecoli_achtman_4	372	adk(88)	fumC(103)	gyrB(19)	icd(36)	mdh(23)	purA(44)	recA(26)
data/genomes/562.98908.fna.gz	ecoli_achtman_4	390	adk(37)	fumC(38)	gyrB(86)	icd(37)	mdh(17)	purA(11)	recA(26)
data/genomes/562.98860.fna.gz	ecoli_achtman_4	73	adk(36)	fumC(24)	gyrB(9)	icd(13)	mdh(17)	purA(11)	recA(25)
data/genomes/562.99057.fna.gz	ecoli_achtman_4	95	adk(37)	fumC(38)	gyrB(19)	icd(37)	mdh(17)	purA(11)	recA(26)
data/genomes/562.99007.fna.gz	ecoli_achtman_4	12	adk(13)	fumC(13)	gyrB(9)	icd(13)	mdh(16)	purA(10)	recA(9)
data/genomes/562.98811.fna.gz	ecoli_achtman_4	88	adk(6)	fumC(4)	gyrB(12)	icd(1)	mdh(20)	purA(12)	recA(7)
data/genomes/562.98909.fna.gz	ecoli_achtman_4	28	adk(13)	fumC(21)	gyrB(13)	icd(22)	mdh(17)	purA(14)	recA(15)
data/genomes/562.98959.fna.gz	ecoli_achtman_4	783	adk(6)	fumC(4)	gyrB(33)	icd(10)	mdh(20)	purA(12)	recA(7)
data/genomes/562.98861.fna.gz	ecoli_achtman_4	393	adk(18)	fumC(106)	gyrB(17)	icd(6)	mdh(5)	purA(5)	recA(4)
data/genomes/562.99008.fna.gz	ecoli_achtman_4	131	adk(53)	fumC(40)	gyrB(47)	icd(13)	mdh(36)	purA(28)	recA(29)
data/genomes/562.99058.fna.gz	ecoli_achtman_4	73	adk(36)	fumC(24)	gyrB(9)	icd(13)	mdh(17)	purA(11)	recA(25)
data/genomes/562.98812.fna.gz	ecoli_achtman_4	38	adk(4)	fumC(26)	gyrB(2)	icd(25)	mdh(5)	purA(5)	recA(19)
data/genomes/562.98960.fna.gz	ecoli_achtman_4	544	adk(13)	fumC(137)	gyrB(9)	icd(13)	mdh(16)	purA(10)	recA(9)
data/genomes/562.98910.fna.gz	ecoli_achtman_4	73	adk(36)	fumC(24)	gyrB(9)	icd(13)	mdh(17)	purA(11)	recA(25)
data/genomes/562.98862.fna.gz	ecoli_achtman_4	38	adk(4)	fumC(26)	gyrB(2)	icd(25)	mdh(5)	purA(5)	recA(19)
data/genomes/562.99009.fna.gz	ecoli_achtman_4	73	adk(36)	fumC(24)	gyrB(9)	icd(13)	mdh(17)	purA(11)	recA(25)
data/genomes/562.99059.fna.gz	ecoli_achtman_4	73	adk(36)	fumC(24)	gyrB(9)	icd(13)	mdh(17)	purA(11)	recA(25)
data/genomes/562.98813.fna.gz	ecoli_achtman_4	135	adk(13)	fumC(39)	gyrB(50)	icd(13)	mdh(16)	purA(37)	recA(25)
data/genomes/562.98911.fna.gz	ecoli_achtman_4	73	adk(36)	fumC(24)	gyrB(9)	icd(13)	mdh(17)	purA(11)	recA(25)
data/genomes/562.98961.fna.gz	ecoli_achtman_4	131	adk(53)	fumC(40)	gyrB(47)	icd(13)	mdh(36)	purA(28)	recA(29)
data/genomes/562.98863.fna.gz	ecoli_achtman_4	73	adk(36)	fumC(24)	gyrB(9)	icd(13)	mdh(17)	purA(11)	recA(25)
data/genomes/562.99010.fna.gz	ecoli_achtman_4	131	adk(53)	fumC(40)	gyrB(47)	icd(13)	mdh(36)	purA(28)	recA(29)
data/genomes/562.99060.fna.gz	ecoli_achtman_4	405	adk(35)	fumC(37)	gyrB(29)	icd(25)	mdh(4)	purA(5)	recA(73)
data/genomes/562.98962.fna.gz	ecoli_achtman_4	550	adk(14)	fumC(14)	gyrB(10)	icd(14)	mdh(17)	purA(92)	recA(10)
data/genomes/562.98814.fna.gz	ecoli_achtman_4	10	adk(10)	fumC(11)	gyrB(4)	icd(8)	mdh(8)	purA(8)	recA(2)
data/genomes/562.98912.fna.gz	ecoli_achtman_4	88	adk(6)	fumC(4)	gyrB(12)	icd(1)	mdh(20)	purA(12)	recA(7)
data/genomes/562.98864.fna.gz	ecoli_achtman_4	5451	adk(35)	fumC(3)	gyrB(234)	icd(342)	mdh(5)	purA(5)	recA(302)
data/genomes/562.99061.fna.gz	ecoli_achtman_4	69	adk(21)	fumC(35)	gyrB(27)	icd(6)	mdh(5)	purA(5)	recA(4)
data/genomes/562.99011.fna.gz	ecoli_achtman_4	3564	adk(6)	fumC(4)	gyrB(12)	icd(1)	mdh(20)	purA(290)	recA(7)
data/genomes/562.98963.fna.gz	ecoli_achtman_4	973	adk(154)	fumC(187)	gyrB(22)	icd(52)	mdh(130)	purA(129)	recA(4)
data/genomes/562.98913.fna.gz	ecoli_achtman_4	357	adk(13)	fumC(40)	gyrB(13)	icd(13)	mdh(23)	purA(25)	recA(66)
data/genomes/562.98815.fna.gz	ecoli_achtman_4	10	adk(10)	fumC(11)	gyrB(4)	icd(8)	mdh(8)	purA(8)	recA(2)
data/genomes/562.98865.fna.gz	ecoli_achtman_4	69	adk(21)	fumC(35)	gyrB(27)	icd(6)	mdh(5)	purA(5)	recA(4)
data/genomes/562.99012.fna.gz	ecoli_achtman_4	421	adk(37)	fumC(38)	gyrB(19)	icd(37)	mdh(17)	purA(8)	recA(26)
data/genomes/562.99062.fna.gz	ecoli_achtman_4	95	adk(37)	fumC(38)	gyrB(19)	icd(37)	mdh(17)	purA(11)	recA(26)
data/genomes/562.98816.fna.gz	ecoli_achtman_4	349	adk(34)	fumC(36)	gyrB(39)	icd(87)	mdh(67)	purA(16)	recA(4)
data/genomes/562.98964.fna.gz	ecoli_achtman_4	141	adk(13)	fumC(52)	gyrB(10)	icd(14)	mdh(17)	purA(25)	recA(17)
data/genomes/562.98914.fna.gz	ecoli_achtman_4	131	adk(53)	fumC(40)	gyrB(47)	icd(13)	mdh(36)	purA(28)	recA(29)
data/genomes/562.98866.fna.gz	ecoli_achtman_4	95	adk(37)	fumC(38)	gyrB(19)	icd(37)	mdh(17)	purA(11)	recA(26)
data/genomes/562.99013.fna.gz	ecoli_achtman_4	28	adk(13)	fumC(21)	gyrB(13)	icd(22)	mdh(17)	purA(14)	recA(15)
data/genomes/562.99063.fna.gz	ecoli_achtman_4	69	adk(21)	fumC(35)	gyrB(27)	icd(6)	mdh(5)	purA(5)	recA(4)
data/genomes/562.98965.fna.gz	ecoli_achtman_4	95	adk(37)	fumC(38)	gyrB(19)	icd(37)	mdh(17)	purA(11)	recA(26)
data/genomes/562.98915.fna.gz	ecoli_achtman_4	640	adk(13)	fumC(147)	gyrB(93)	icd(13)	mdh(17)	purA(28)	recA(30)
data/genomes/562.98817.fna.gz	ecoli_achtman_4	38	adk(4)	fumC(26)	gyrB(2)	icd(25)	mdh(5)	purA(5)	recA(19)
data/genomes/562.98867.fna.gz	ecoli_achtman_4	73	adk(36)	fumC(24)	gyrB(9)	icd(13)	mdh(17)	purA(11)	recA(25)
data/genomes/562.99064.fna.gz	ecoli_achtman_4	73	adk(36)	fumC(24)	gyrB(9)	icd(13)	mdh(17)	purA(11)	recA(25)
data/genomes/562.99014.fna.gz	ecoli_achtman_4	127	adk(13)	fumC(14)	gyrB(19)	icd(36)	mdh(23)	purA(11)	recA(10)
data/genomes/562.98916.fna.gz	ecoli_achtman_4	141	adk(13)	fumC(52)	gyrB(10)	icd(14)	mdh(17)	purA(25)	recA(17)
data/genomes/562.98966.fna.gz	ecoli_achtman_4	95	adk(37)	fumC(38)	gyrB(19)	icd(37)	mdh(17)	purA(11)	recA(26)
data/genomes/562.98818.fna.gz	ecoli_achtman_4	550	adk(14)	fumC(14)	gyrB(10)	icd(14)	mdh(17)	purA(92)	recA(10)
data/genomes/562.98868.fna.gz	ecoli_achtman_4	2619	adk(37)	fumC(38)	gyrB(286)	icd(37)	mdh(17)	purA(11)	recA(26)
data/genomes/562.99065.fna.gz	ecoli_achtman_4	95	adk(37)	fumC(38)	gyrB(19)	icd(37)	mdh(17)	purA(11)	recA(26)
data/genomes/562.99015.fna.gz	ecoli_achtman_4	73	adk(36)	fumC(24)	gyrB(9)	icd(13)	mdh(17)	purA(11)	recA(25)
data/genomes/562.98917.fna.gz	ecoli_achtman_4	144	adk(13)	fumC(43)	gyrB(9)	icd(36)	mdh(30)	purA(44)	recA(25)
data/genomes/562.98967.fna.gz	ecoli_achtman_4	131	adk(53)	fumC(40)	gyrB(47)	icd(13)	mdh(36)	purA(28)	recA(29)
data/genomes/562.98819.fna.gz	ecoli_achtman_4	95	adk(37)	fumC(38)	gyrB(19)	icd(37)	mdh(17)	purA(11)	recA(26)
data/genomes/562.98869.fna.gz	ecoli_achtman_4	127	adk(13)	fumC(14)	gyrB(19)	icd(36)	mdh(23)	purA(11)	recA(10)
data/genomes/562.99066.fna.gz	ecoli_achtman_4	69	adk(21)	fumC(35)	gyrB(27)	icd(6)	mdh(5)	purA(5)	recA(4)
data/genomes/562.99016.fna.gz	ecoli_achtman_4	73	adk(36)	fumC(24)	gyrB(9)	icd(13)	mdh(17)	purA(11)	recA(25)
data/genomes/562.98918.fna.gz	ecoli_achtman_4	95	adk(37)	fumC(38)	gyrB(19)	icd(37)	mdh(17)	purA(11)	recA(26)
data/genomes/562.98820.fna.gz	ecoli_achtman_4	1665	adk(63)	fumC(29)	gyrB(3)	icd(1)	mdh(24)	purA(23)	recA(7)
data/genomes/562.98968.fna.gz	ecoli_achtman_4	59	adk(27)	fumC(32)	gyrB(24)	icd(29)	mdh(26)	purA(19)	recA(22)
data/genomes/562.98870.fna.gz	ecoli_achtman_4	372	adk(88)	fumC(103)	gyrB(19)	icd(36)	mdh(23)	purA(44)	recA(26)
data/genomes/562.99067.fna.gz	ecoli_achtman_4	135	adk(13)	fumC(39)	gyrB(50)	icd(13)	mdh(16)	purA(37)	recA(25)
data/genomes/562.99017.fna.gz	ecoli_achtman_4	10251	adk(36)	fumC(24)	gyrB(9)	icd(1186)	mdh(17)	purA(11)	recA(25)
data/genomes/562.98919.fna.gz	ecoli_achtman_4	73	adk(36)	fumC(24)	gyrB(9)	icd(13)	mdh(17)	purA(11)	recA(25)
data/genomes/562.98821.fna.gz	ecoli_achtman_4	73	adk(36)	fumC(24)	gyrB(9)	icd(13)	mdh(17)	purA(11)	recA(25)
data/genomes/562.98969.fna.gz	ecoli_achtman_4	58	adk(6)	fumC(4)	gyrB(4)	icd(16)	mdh(24)	purA(8)	recA(14)
data/genomes/562.98871.fna.gz	ecoli_achtman_4	95	adk(37)	fumC(38)	gyrB(19)	icd(37)	mdh(17)	purA(11)	recA(26)
data/genomes/562.99068.fna.gz	ecoli_achtman_4	453	adk(99)	fumC(6)	gyrB(33)	icd(33)	mdh(24)	purA(8)	recA(7)
data/genomes/562.99018.fna.gz	ecoli_achtman_4	404	adk(14)	fumC(14)	gyrB(10)	icd(14)	mdh(17)	purA(7)	recA(74)
data/genomes/562.98920.fna.gz	ecoli_achtman_4	10271	adk(13)	fumC(13)	gyrB(920)	icd(13)	mdh(16)	purA(10)	recA(9)
data/genomes/562.98822.fna.gz	ecoli_achtman_4	95	adk(37)	fumC(38)	gyrB(19)	icd(37)	mdh(17)	purA(11)	recA(26)
data/genomes/562.98970.fna.gz	ecoli_achtman_4	141	adk(13)	fumC(52)	gyrB(10)	icd(14)	mdh(17)	purA(25)	recA(17)
data/genomes/562.98872.fna.gz	ecoli_achtman_4	73	adk(36)	fumC(24)	gyrB(9)	icd(13)	mdh(17)	purA(11)	recA(25)
data/genomes/562.99069.fna.gz	ecoli_achtman_4	48	adk(6)	fumC(11)	gyrB(4)	icd(8)	mdh(8)	purA(8)	recA(2)
data/genomes/562.99019.fna.gz	ecoli_achtman_4	127	adk(13)	fumC(14)	gyrB(19)	icd(36)	mdh(23)	purA(11)	recA(10)
data/genomes/562.98921.fna.gz	ecoli_achtman_4	162	adk(9)	fumC(65)	gyrB(5)	icd(1)	mdh(9)	purA(13)	recA(6)
data/genomes/562.98823.fna.gz	ecoli_achtman_4	10	adk(10)	fumC(11)	gyrB(4)	icd(8)	mdh(8)	purA(8)	recA(2)
data/genomes/562.98873.fna.gz	ecoli_achtman_4	80	adk(13)	fumC(24)	gyrB(19)	icd(14)	mdh(23)	purA(1)	recA(10)
data/genomes/562.98971.fna.gz	ecoli_achtman_4	73	adk(36)	fumC(24)	gyrB(9)	icd(13)	mdh(17)	purA(11)	recA(25)
data/genomes/562.99070.fna.gz	ecoli_achtman_4	127	adk(13)	fumC(14)	gyrB(19)	icd(36)	mdh(23)	purA(11)	recA(10)
data/genomes/562.99020.fna.gz	ecoli_achtman_4	3090	adk(6)	fumC(4)	gyrB(15)	icd(88)	mdh(11)	purA(8)	recA(14)
data/genomes/562.98922.fna.gz	ecoli_achtman_4	12	adk(13)	fumC(13)	gyrB(9)	icd(13)	mdh(16)	purA(10)	recA(9)
data/genomes/562.98824.fna.gz	ecoli_achtman_4	23	adk(6)	fumC(4)	gyrB(12)	icd(1)	mdh(20)	purA(13)	recA(7)
data/genomes/562.98874.fna.gz	ecoli_achtman_4	80	adk(13)	fumC(24)	gyrB(19)	icd(14)	mdh(23)	purA(1)	recA(10)
data/genomes/562.98972.fna.gz	ecoli_achtman_4	127	adk(13)	fumC(14)	gyrB(19)	icd(36)	mdh(23)	purA(11)	recA(10)
data/genomes/562.99071.fna.gz	ecoli_achtman_4	547	adk(13)	fumC(52)	gyrB(10)	icd(119)	mdh(17)	purA(37)	recA(25)
data/genomes/562.99021.fna.gz	ecoli_achtman_4	345	adk(6)	fumC(4)	gyrB(14)	icd(1)	mdh(20)	purA(62)	recA(7)
data/genomes/562.98923.fna.gz	ecoli_achtman_4	73	adk(36)	fumC(24)	gyrB(9)	icd(13)	mdh(17)	purA(11)	recA(25)
data/genomes/562.98825.fna.gz	ecoli_achtman_4	393	adk(18)	fumC(106)	gyrB(17)	icd(6)	mdh(5)	purA(5)	recA(4)
data/genomes/562.98973.fna.gz	ecoli_achtman_4	69	adk(21)	fumC(35)	gyrB(27)	icd(6)	mdh(5)	purA(5)	recA(4)
data/genomes/562.98875.fna.gz	ecoli_achtman_4	69	adk(21)	fumC(35)	gyrB(27)	icd(6)	mdh(5)	purA(5)	recA(4)
data/genomes/562.99022.fna.gz	ecoli_achtman_4	73	adk(36)	fumC(24)	gyrB(9)	icd(13)	mdh(17)	purA(11)	recA(25)
data/genomes/562.99072.fna.gz	ecoli_achtman_4	95	adk(37)	fumC(38)	gyrB(19)	icd(37)	mdh(17)	purA(11)	recA(26)
data/genomes/562.98924.fna.gz	ecoli_achtman_4	126	adk(13)	fumC(43)	gyrB(19)	icd(37)	mdh(17)	purA(25)	recA(25)
data/genomes/562.98826.fna.gz	ecoli_achtman_4	131	adk(53)	fumC(40)	gyrB(47)	icd(13)	mdh(36)	purA(28)	recA(29)
data/genomes/562.98974.fna.gz	ecoli_achtman_4	135	adk(13)	fumC(39)	gyrB(50)	icd(13)	mdh(16)	purA(37)	recA(25)
data/genomes/562.98876.fna.gz	ecoli_achtman_4	144	adk(13)	fumC(43)	gyrB(9)	icd(36)	mdh(30)	purA(44)	recA(25)
data/genomes/562.99023.fna.gz	ecoli_achtman_4	69	adk(21)	fumC(35)	gyrB(27)	icd(6)	mdh(5)	purA(5)	recA(4)
data/genomes/562.99073.fna.gz	ecoli_achtman_4	416	adk(37)	fumC(110)	gyrB(19)	icd(37)	mdh(17)	purA(11)	recA(26)
data/genomes/562.98925.fna.gz	ecoli_achtman_4	95	adk(37)	fumC(38)	gyrB(19)	icd(37)	mdh(17)	purA(11)	recA(26)
data/genomes/562.98827.fna.gz	ecoli_achtman_4	73	adk(36)	fumC(24)	gyrB(9)	icd(13)	mdh(17)	purA(11)	recA(25)
data/genomes/562.98975.fna.gz	ecoli_achtman_4	69	adk(21)	fumC(35)	gyrB(27)	icd(6)	mdh(5)	purA(5)	recA(4)
data/genomes/562.98877.fna.gz	ecoli_achtman_4	95	adk(37)	fumC(38)	gyrB(19)	icd(37)	mdh(17)	purA(11)	recA(26)
data/genomes/562.99024.fna.gz	ecoli_achtman_4	73	adk(36)	fumC(24)	gyrB(9)	icd(13)	mdh(17)	purA(11)	recA(25)
data/genomes/562.99074.fna.gz	ecoli_achtman_4	69	adk(21)	fumC(35)	gyrB(27)	icd(6)	mdh(5)	purA(5)	recA(4)
data/genomes/562.98926.fna.gz	ecoli_achtman_4	73	adk(36)	fumC(24)	gyrB(9)	icd(13)	mdh(17)	purA(11)	recA(25)
data/genomes/562.98976.fna.gz	ecoli_achtman_4	5451	adk(35)	fumC(3)	gyrB(234)	icd(342)	mdh(5)	purA(5)	recA(302)
data/genomes/562.98828.fna.gz	ecoli_achtman_4	10	adk(10)	fumC(11)	gyrB(4)	icd(8)	mdh(8)	purA(8)	recA(2)
data/genomes/562.98878.fna.gz	ecoli_achtman_4	73	adk(36)	fumC(24)	gyrB(9)	icd(13)	mdh(17)	purA(11)	recA(25)
data/genomes/562.99025.fna.gz	ecoli_achtman_4	95	adk(37)	fumC(38)	gyrB(19)	icd(37)	mdh(17)	purA(11)	recA(26)
data/genomes/562.99075.fna.gz	ecoli_achtman_4	12	adk(13)	fumC(13)	gyrB(9)	icd(13)	mdh(16)	purA(10)	recA(9)
data/genomes/562.98927.fna.gz	ecoli_achtman_4	5644	adk(13)	fumC(195)	gyrB(49)	icd(89)	mdh(17)	purA(25)	recA(25)
data/genomes/562.98977.fna.gz	ecoli_achtman_4	73	adk(36)	fumC(24)	gyrB(9)	icd(13)	mdh(17)	purA(11)	recA(25)
data/genomes/562.98829.fna.gz	ecoli_achtman_4	95	adk(37)	fumC(38)	gyrB(19)	icd(37)	mdh(17)	purA(11)	recA(26)
data/genomes/562.98879.fna.gz	ecoli_achtman_4	95	adk(37)	fumC(38)	gyrB(19)	icd(37)	mdh(17)	purA(11)	recA(26)
data/genomes/562.99026.fna.gz	ecoli_achtman_4	73	adk(36)	fumC(24)	gyrB(9)	icd(13)	mdh(17)	purA(11)	recA(25)
data/genomes/562.99076.fna.gz	ecoli_achtman_4	357	adk(13)	fumC(40)	gyrB(13)	icd(13)	mdh(23)	purA(25)	recA(66)
data/genomes/562.98928.fna.gz	ecoli_achtman_4	2539	adk(6)	fumC(23)	gyrB(15)	icd(26)	mdh(9)	purA(8)	recA(7)
data/genomes/562.98978.fna.gz	ecoli_achtman_4	95	adk(37)	fumC(38)	gyrB(19)	icd(37)	mdh(17)	purA(11)	recA(26)
data/genomes/562.98830.fna.gz	ecoli_achtman_4	95	adk(37)	fumC(38)	gyrB(19)	icd(37)	mdh(17)	purA(11)	recA(26)
data/genomes/562.98880.fna.gz	ecoli_achtman_4	144	adk(13)	fumC(43)	gyrB(9)	icd(36)	mdh(30)	purA(44)	recA(25)
data/genomes/562.99027.fna.gz	ecoli_achtman_4	537	adk(14)	fumC(14)	gyrB(10)	icd(14)	mdh(17)	purA(11)	recA(10)
data/genomes/562.98929.fna.gz	ecoli_achtman_4	127	adk(13)	fumC(14)	gyrB(19)	icd(36)	mdh(23)	purA(11)	recA(10)
data/genomes/562.99077.fna.gz	ecoli_achtman_4	95	adk(37)	fumC(38)	gyrB(19)	icd(37)	mdh(17)	purA(11)	recA(26)
data/genomes/562.98831.fna.gz	ecoli_achtman_4	73	adk(36)	fumC(24)	gyrB(9)	icd(13)	mdh(17)	purA(11)	recA(25)
data/genomes/562.98979.fna.gz	ecoli_achtman_4	7842	adk(21)	fumC(35)	gyrB(27)	icd(873)	mdh(5)	purA(5)	recA(4)
data/genomes/562.98881.fna.gz	ecoli_achtman_4	10249	adk(38)	fumC(96)	gyrB(9)	icd(13)	mdh(30)	purA(44)	recA(26)
data/genomes/562.99028.fna.gz	ecoli_achtman_4	569	adk(13)	fumC(38)	gyrB(84)	icd(13)	mdh(17)	purA(64)	recA(34)
data/genomes/562.98930.fna.gz	ecoli_achtman_4	73	adk(36)	fumC(24)	gyrB(9)	icd(13)	mdh(17)	purA(11)	recA(25)
data/genomes/562.99078.fna.gz	ecoli_achtman_4	847	adk(6)	fumC(6)	gyrB(5)	icd(26)	mdh(9)	purA(13)	recA(98)
data/genomes/562.99083.fna.gz	ecoli_achtman_4	10288	adk(13)	fumC(24)	gyrB(9)	icd(13)	mdh(903)	purA(11)	recA(25)
data/genomes/562.98980.fna.gz	ecoli_achtman_4	73	adk(36)	fumC(24)	gyrB(9)	icd(13)	mdh(17)	purA(11)	recA(25)
data/genomes/562.99133.fna.gz	ecoli_achtman_4	95	adk(37)	fumC(38)	gyrB(19)	icd(37)	mdh(17)	purA(11)	recA(26)
data/genomes/562.99029.fna.gz	ecoli_achtman_4	537	adk(14)	fumC(14)	gyrB(10)	icd(14)	mdh(17)	purA(11)	recA(10)
data/genomes/562.98931.fna.gz	ecoli_achtman_4	405	adk(35)	fumC(37)	gyrB(29)	icd(25)	mdh(4)	purA(5)	recA(73)
data/genomes/562.99079.fna.gz	ecoli_achtman_4	6530	adk(14)	fumC(14)	gyrB(10)	icd(689)	mdh(17)	purA(11)	recA(85)
data/genomes/562.98981.fna.gz	ecoli_achtman_4	95	adk(37)	fumC(38)	gyrB(19)	icd(37)	mdh(17)	purA(11)	recA(26)
data/genomes/562.99134.fna.gz	ecoli_achtman_4	1155	adk(13)	fumC(147)	gyrB(19)	icd(13)	mdh(149)	purA(28)	recA(30)
data/genomes/562.99084.fna.gz	ecoli_achtman_4	131	adk(53)	fumC(40)	gyrB(47)	icd(13)	mdh(36)	purA(28)	recA(29)
data/genomes/562.99030.fna.gz	ecoli_achtman_4	73	adk(36)	fumC(24)	gyrB(9)	icd(13)	mdh(17)	purA(11)	recA(25)
data/genomes/562.99080.fna.gz	ecoli_achtman_4	1441	adk(13)	fumC(43)	gyrB(19)	icd(36)	mdh(17)	purA(37)	recA(28)
data/genomes/562.99183.fna.gz	ecoli_achtman_4	10277	adk(6)	fumC(4)	gyrB(33)	icd(10)	mdh(20)	purA(12)	recA(148)
data/genomes/562.99234.fna.gz	ecoli_achtman_4	144	adk(13)	fumC(43)	gyrB(9)	icd(36)	mdh(30)	purA(44)	recA(25)
data/genomes/562.99135.fna.gz	ecoli_achtman_4	69	adk(21)	fumC(35)	gyrB(27)	icd(6)	mdh(5)	purA(5)	recA(4)
data/genomes/562.99085.fna.gz	ecoli_achtman_4	69	adk(21)	fumC(35)	gyrB(27)	icd(6)	mdh(5)	purA(5)	recA(4)
data/genomes/562.99031.fna.gz	ecoli_achtman_4	69	adk(21)	fumC(35)	gyrB(27)	icd(6)	mdh(5)	purA(5)	recA(4)
data/genomes/562.99081.fna.gz	ecoli_achtman_4	73	adk(36)	fumC(24)	gyrB(9)	icd(13)	mdh(17)	purA(11)	recA(25)
data/genomes/562.99184.fna.gz	ecoli_achtman_4	95	adk(37)	fumC(38)	gyrB(19)	icd(37)	mdh(17)	purA(11)	recA(26)
data/genomes/562.99235.fna.gz	ecoli_achtman_4	73	adk(36)	fumC(24)	gyrB(9)	icd(13)	mdh(17)	purA(11)	recA(25)
data/genomes/562.99136.fna.gz	ecoli_achtman_4	69	adk(21)	fumC(35)	gyrB(27)	icd(6)	mdh(5)	purA(5)	recA(4)
data/genomes/562.99086.fna.gz	ecoli_achtman_4	12	adk(13)	fumC(13)	gyrB(9)	icd(13)	mdh(16)	purA(10)	recA(9)
data/genomes/562.99032.fna.gz	ecoli_achtman_4	95	adk(37)	fumC(38)	gyrB(19)	icd(37)	mdh(17)	purA(11)	recA(26)
data/genomes/562.99082.fna.gz	ecoli_achtman_4	73	adk(36)	fumC(24)	gyrB(9)	icd(13)	mdh(17)	purA(11)	recA(25)
data/genomes/562.99185.fna.gz	ecoli_achtman_4	104	adk(13)	fumC(24)	gyrB(9)	icd(13)	mdh(17)	purA(11)	recA(25)
data/genomes/562.99236.fna.gz	ecoli_achtman_4	155	adk(6)	fumC(4)	gyrB(14)	icd(16)	mdh(24)	purA(8)	recA(14)
data/genomes/562.99137.fna.gz	ecoli_achtman_4	155	adk(6)	fumC(4)	gyrB(14)	icd(16)	mdh(24)	purA(8)	recA(14)
data/genomes/562.99087.fna.gz	ecoli_achtman_4	95	adk(37)	fumC(38)	gyrB(19)	icd(37)	mdh(17)	purA(11)	recA(26)
data/genomes/562.99289.fna.gz	ecoli_achtman_4	95	adk(37)	fumC(38)	gyrB(19)	icd(37)	mdh(17)	purA(11)	recA(26)
data/genomes/562.99339.fna.gz	ecoli_achtman_4	69	adk(21)	fumC(35)	gyrB(27)	icd(6)	mdh(5)	purA(5)	recA(4)
data/genomes/562.99186.fna.gz	ecoli_achtman_4	73	adk(36)	fumC(24)	gyrB(9)	icd(13)	mdh(17)	purA(11)	recA(25)
data/genomes/562.99237.fna.gz	ecoli_achtman_4	69	adk(21)	fumC(35)	gyrB(27)	icd(6)	mdh(5)	purA(5)	recA(4)
data/genomes/562.99138.fna.gz	ecoli_achtman_4	14	adk(14)	fumC(14)	gyrB(10)	icd(14)	mdh(17)	purA(7)	recA(10)
data/genomes/562.99088.fna.gz	ecoli_achtman_4	393	adk(18)	fumC(106)	gyrB(17)	icd(6)	mdh(5)	purA(5)	recA(4)
data/genomes/562.99290.fna.gz	ecoli_achtman_4	95	adk(37)	fumC(38)	gyrB(19)	icd(37)	mdh(17)	purA(11)	recA(26)
data/genomes/562.99340.fna.gz	ecoli_achtman_4	1081	adk(6)	fumC(4)	gyrB(5)	icd(18)	mdh(11)	purA(8)	recA(2)
data/genomes/562.99187.fna.gz	ecoli_achtman_4	95	adk(37)	fumC(38)	gyrB(19)	icd(37)	mdh(17)	purA(11)	recA(26)
data/genomes/562.99139.fna.gz	ecoli_achtman_4	10288	adk(13)	fumC(24)	gyrB(9)	icd(13)	mdh(903)	purA(11)	recA(25)
data/genomes/562.99238.fna.gz	ecoli_achtman_4	69	adk(21)	fumC(35)	gyrB(27)	icd(6)	mdh(5)	purA(5)	recA(4)
data/genomes/562.99089.fna.gz	ecoli_achtman_4	141	adk(13)	fumC(52)	gyrB(10)	icd(14)	mdh(17)	purA(25)	recA(17)
data/genomes/562.99291.fna.gz	ecoli_achtman_4	95	adk(37)	fumC(38)	gyrB(19)	icd(37)	mdh(17)	purA(11)	recA(26)
data/genomes/562.99341.fna.gz	ecoli_achtman_4	58	adk(6)	fumC(4)	gyrB(4)	icd(16)	mdh(24)	purA(8)	recA(14)
data/genomes/562.99188.fna.gz	ecoli_achtman_4	69	adk(21)	fumC(35)	gyrB(27)	icd(6)	mdh(5)	purA(5)	recA(4)
data/genomes/562.99239.fna.gz	ecoli_achtman_4	69	adk(21)	fumC(35)	gyrB(27)	icd(6)	mdh(5)	purA(5)	recA(4)
data/genomes/562.99140.fna.gz	ecoli_achtman_4	131	adk(53)	fumC(40)	gyrB(47)	icd(13)	mdh(36)	purA(28)	recA(29)
data/genomes/562.99090.fna.gz	ecoli_achtman_4	73	adk(36)	fumC(24)	gyrB(9)	icd(13)	mdh(17)	purA(11)	recA(25)
data/genomes/562.99342.fna.gz	ecoli_achtman_4	131	adk(53)	fumC(40)	gyrB(47)	icd(13)	mdh(36)	purA(28)	recA(29)
data/genomes/562.99292.fna.gz	ecoli_achtman_4	297	adk(6)	fumC(65)	gyrB(32)	icd(26)	mdh(9)	purA(8)	recA(2)
data/genomes/562.99189.fna.gz	ecoli_achtman_4	131	adk(53)	fumC(40)	gyrB(47)	icd(13)	mdh(36)	purA(28)	recA(29)
data/genomes/562.99240.fna.gz	ecoli_achtman_4	73	adk(36)	fumC(24)	gyrB(9)	icd(13)	mdh(17)	purA(11)	recA(25)
data/genomes/562.99141.fna.gz	ecoli_achtman_4	73	adk(36)	fumC(24)	gyrB(9)	icd(13)	mdh(17)	purA(11)	recA(25)
data/genomes/562.99091.fna.gz	ecoli_achtman_4	117	adk(20)	fumC(45)	gyrB(41)	icd(43)	mdh(5)	purA(32)	recA(2)
data/genomes/562.99343.fna.gz	ecoli_achtman_4	624	adk(92)	fumC(4)	gyrB(87)	icd(96)	mdh(70)	purA(58)	recA(91)
data/genomes/562.99293.fna.gz	ecoli_achtman_4	141	adk(13)	fumC(52)	gyrB(10)	icd(14)	mdh(17)	purA(25)	recA(17)
data/genomes/562.99190.fna.gz	ecoli_achtman_4	640	adk(13)	fumC(147)	gyrB(93)	icd(13)	mdh(17)	purA(28)	recA(30)
data/genomes/562.99241.fna.gz	ecoli_achtman_4	405	adk(35)	fumC(37)	gyrB(29)	icd(25)	mdh(4)	purA(5)	recA(73)
data/genomes/562.99142.fna.gz	ecoli_achtman_4	2619	adk(37)	fumC(38)	gyrB(286)	icd(37)	mdh(17)	purA(11)	recA(26)
data/genomes/562.99092.fna.gz	ecoli_achtman_4	421	adk(37)	fumC(38)	gyrB(19)	icd(37)	mdh(17)	purA(8)	recA(26)
data/genomes/562.99344.fna.gz	ecoli_achtman_4	457	adk(101)	fumC(88)	gyrB(97)	icd(108)	mdh(26)	purA(79)	recA(2)
data/genomes/562.99294.fna.gz	ecoli_achtman_4	10213	adk(36)	fumC(24)	gyrB(912)	icd(13)	mdh(17)	purA(770)	recA(25)
data/genomes/562.99191.fna.gz	ecoli_achtman_4	5644	adk(13)	fumC(195)	gyrB(49)	icd(89)	mdh(17)	purA(25)	recA(25)
data/genomes/562.99242.fna.gz	ecoli_achtman_4	1193	adk(14)	fumC(14)	gyrB(10)	icd(200)	mdh(17)	purA(7)	recA(10)
data/genomes/562.99143.fna.gz	ecoli_achtman_4	117	adk(20)	fumC(45)	gyrB(41)	icd(43)	mdh(5)	purA(32)	recA(2)
data/genomes/562.99093.fna.gz	ecoli_achtman_4	429	adk(97)	fumC(40)	gyrB(93)	icd(13)	mdh(23)	purA(28)	recA(66)
data/genomes/562.99345.fna.gz	ecoli_achtman_4	131	adk(53)	fumC(40)	gyrB(47)	icd(13)	mdh(36)	purA(28)	recA(29)
data/genomes/562.99295.fna.gz	ecoli_achtman_4	44	adk(10)	fumC(11)	gyrB(4)	icd(8)	mdh(8)	purA(8)	recA(7)
data/genomes/562.99243.fna.gz	ecoli_achtman_4	355	adk(36)	fumC(24)	gyrB(10)	icd(13)	mdh(17)	purA(10)	recA(25)
data/genomes/562.99192.fna.gz	ecoli_achtman_4	69	adk(21)	fumC(35)	gyrB(27)	icd(6)	mdh(5)	purA(5)	recA(4)
data/genomes/562.99144.fna.gz	ecoli_achtman_4	393	adk(18)	fumC(106)	gyrB(17)	icd(6)	mdh(5)	purA(5)	recA(4)
data/genomes/562.99094.fna.gz	ecoli_achtman_4	131	adk(53)	fumC(40)	gyrB(47)	icd(13)	mdh(36)	purA(28)	recA(29)
data/genomes/562.99346.fna.gz	ecoli_achtman_4	131	adk(53)	fumC(40)	gyrB(47)	icd(13)	mdh(36)	purA(28)	recA(29)
data/genomes/562.99296.fna.gz	ecoli_achtman_4	59	adk(27)	fumC(32)	gyrB(24)	icd(29)	mdh(26)	purA(19)	recA(22)
data/genomes/562.99244.fna.gz	ecoli_achtman_4	91	adk(13)	fumC(40)	gyrB(34)	icd(13)	mdh(23)	purA(28)	recA(30)
data/genomes/562.99193.fna.gz	ecoli_achtman_4	73	adk(36)	fumC(24)	gyrB(9)	icd(13)	mdh(17)	purA(11)	recA(25)
data/genomes/562.99145.fna.gz	ecoli_achtman_4	538	adk(13)	fumC(40)	gyrB(19)	icd(13)	mdh(36)	purA(28)	recA(30)
data/genomes/562.99095.fna.gz	ecoli_achtman_4	108	adk(46)	fumC(36)	gyrB(37)	icd(25)	mdh(5)	purA(16)	recA(33)
data/genomes/562.99347.fna.gz	ecoli_achtman_4	131	adk(53)	fumC(40)	gyrB(47)	icd(13)	mdh(36)	purA(28)	recA(29)
data/genomes/562.99297.fna.gz	ecoli_achtman_4	95	adk(37)	fumC(38)	gyrB(19)	icd(37)	mdh(17)	purA(11)	recA(26)
data/genomes/562.99245.fna.gz	ecoli_achtman_4	131	adk(53)	fumC(40)	gyrB(47)	icd(13)	mdh(36)	purA(28)	recA(29)
data/genomes/562.99194.fna.gz	ecoli_achtman_4	88	adk(6)	fumC(4)	gyrB(12)	icd(1)	mdh(20)	purA(12)	recA(7)
data/genomes/562.99146.fna.gz	ecoli_achtman_4	38	adk(4)	fumC(26)	gyrB(2)	icd(25)	mdh(5)	purA(5)	recA(19)
data/genomes/562.99096.fna.gz	ecoli_achtman_4	80	adk(13)	fumC(24)	gyrB(19)	icd(14)	mdh(23)	purA(1)	recA(10)
data/genomes/562.99348.fna.gz	ecoli_achtman_4	131	adk(53)	fumC(40)	gyrB(47)	icd(13)	mdh(36)	purA(28)	recA(29)
data/genomes/562.99298.fna.gz	ecoli_achtman_4	144	adk(13)	fumC(43)	gyrB(9)	icd(36)	mdh(30)	purA(44)	recA(25)
data/genomes/562.99195.fna.gz	ecoli_achtman_4	73	adk(36)	fumC(24)	gyrB(9)	icd(13)	mdh(17)	purA(11)	recA(25)
data/genomes/562.99246.fna.gz	ecoli_achtman_4	95	adk(37)	fumC(38)	gyrB(19)	icd(37)	mdh(17)	purA(11)	recA(26)
data/genomes/562.99147.fna.gz	ecoli_achtman_4	73	adk(36)	fumC(24)	gyrB(9)	icd(13)	mdh(17)	purA(11)	recA(25)
data/genomes/562.99097.fna.gz	ecoli_achtman_4	95	adk(37)	fumC(38)	gyrB(19)	icd(37)	mdh(17)	purA(11)	recA(26)
data/genomes/562.99349.fna.gz	ecoli_achtman_4	69	adk(21)	fumC(35)	gyrB(27)	icd(6)	mdh(5)	purA(5)	recA(4)
data/genomes/562.99299.fna.gz	ecoli_achtman_4	69	adk(21)	fumC(35)	gyrB(27)	icd(6)	mdh(5)	purA(5)	recA(4)
data/genomes/562.99196.fna.gz	ecoli_achtman_4	69	adk(21)	fumC(35)	gyrB(27)	icd(6)	mdh(5)	purA(5)	recA(4)
data/genomes/562.99148.fna.gz	ecoli_achtman_4	127	adk(13)	fumC(14)	gyrB(19)	icd(36)	mdh(23)	purA(11)	recA(10)
data/genomes/562.99247.fna.gz	ecoli_achtman_4	10415	adk(1049)	fumC(24)	gyrB(9)	icd(13)	mdh(17)	purA(11)	recA(25)
data/genomes/562.99098.fna.gz	ecoli_achtman_4	12	adk(13)	fumC(13)	gyrB(9)	icd(13)	mdh(16)	purA(10)	recA(9)
data/genomes/562.99350.fna.gz	ecoli_achtman_4	95	adk(37)	fumC(38)	gyrB(19)	icd(37)	mdh(17)	purA(11)	recA(26)
data/genomes/562.99300.fna.gz	ecoli_achtman_4	95	adk(37)	fumC(38)	gyrB(19)	icd(37)	mdh(17)	purA(11)	recA(26)
data/genomes/562.99197.fna.gz	ecoli_achtman_4	5824	adk(10)	fumC(11)	gyrB(4)	icd(1)	mdh(8)	purA(429)	recA(2)
data/genomes/562.99248.fna.gz	ecoli_achtman_4	80	adk(13)	fumC(24)	gyrB(19)	icd(14)	mdh(23)	purA(1)	recA(10)
data/genomes/562.99099.fna.gz	ecoli_achtman_4	550	adk(14)	fumC(14)	gyrB(10)	icd(14)	mdh(17)	purA(92)	recA(10)
data/genomes/562.99149.fna.gz	ecoli_achtman_4	73	adk(36)	fumC(24)	gyrB(9)	icd(13)	mdh(17)	purA(11)	recA(25)
data/genomes/562.99351.fna.gz	ecoli_achtman_4	14	adk(14)	fumC(14)	gyrB(10)	icd(14)	mdh(17)	purA(7)	recA(10)
data/genomes/562.99301.fna.gz	ecoli_achtman_4	69	adk(21)	fumC(35)	gyrB(27)	icd(6)	mdh(5)	purA(5)	recA(4)
data/genomes/562.99198.fna.gz	ecoli_achtman_4	135	adk(13)	fumC(39)	gyrB(50)	icd(13)	mdh(16)	purA(37)	recA(25)
data/genomes/562.99249.fna.gz	ecoli_achtman_4	131	adk(53)	fumC(40)	gyrB(47)	icd(13)	mdh(36)	purA(28)	recA(29)
data/genomes/562.99100.fna.gz	ecoli_achtman_4	127	adk(13)	fumC(14)	gyrB(19)	icd(36)	mdh(23)	purA(11)	recA(10)
data/genomes/562.99150.fna.gz	ecoli_achtman_4	69	adk(21)	fumC(35)	gyrB(27)	icd(6)	mdh(5)	purA(5)	recA(4)
data/genomes/562.99352.fna.gz	ecoli_achtman_4	405	adk(35)	fumC(37)	gyrB(29)	icd(25)	mdh(4)	purA(5)	recA(73)
data/genomes/562.99302.fna.gz	ecoli_achtman_4	141	adk(13)	fumC(52)	gyrB(10)	icd(14)	mdh(17)	purA(25)	recA(17)
data/genomes/562.99199.fna.gz	ecoli_achtman_4	59	adk(27)	fumC(32)	gyrB(24)	icd(29)	mdh(26)	purA(19)	recA(22)
data/genomes/562.99250.fna.gz	ecoli_achtman_4	297	adk(6)	fumC(65)	gyrB(32)	icd(26)	mdh(9)	purA(8)	recA(2)
data/genomes/562.99151.fna.gz	ecoli_achtman_4	12	adk(13)	fumC(13)	gyrB(9)	icd(13)	mdh(16)	purA(10)	recA(9)
data/genomes/562.99101.fna.gz	ecoli_achtman_4	1154	adk(36)	fumC(24)	gyrB(9)	icd(13)	mdh(148)	purA(11)	recA(25)
data/genomes/562.99353.fna.gz	ecoli_achtman_4	372	adk(88)	fumC(103)	gyrB(19)	icd(36)	mdh(23)	purA(44)	recA(26)
data/genomes/562.99303.fna.gz	ecoli_achtman_4	420	adk(13)	fumC(38)	gyrB(84)	icd(13)	mdh(17)	purA(68)	recA(34)
data/genomes/562.99200.fna.gz	ecoli_achtman_4	88	adk(6)	fumC(4)	gyrB(12)	icd(1)	mdh(20)	purA(12)	recA(7)
data/genomes/562.99251.fna.gz	ecoli_achtman_4	58	adk(6)	fumC(4)	gyrB(4)	icd(16)	mdh(24)	purA(8)	recA(14)
data/genomes/562.99152.fna.gz	ecoli_achtman_4	38	adk(4)	fumC(26)	gyrB(2)	icd(25)	mdh(5)	purA(5)	recA(19)
data/genomes/562.99102.fna.gz	ecoli_achtman_4	95	adk(37)	fumC(38)	gyrB(19)	icd(37)	mdh(17)	purA(11)	recA(26)
data/genomes/562.99354.fna.gz	ecoli_achtman_4	69	adk(21)	fumC(35)	gyrB(27)	icd(6)	mdh(5)	purA(5)	recA(4)
data/genomes/562.99304.fna.gz	ecoli_achtman_4	12	adk(13)	fumC(13)	gyrB(9)	icd(13)	mdh(16)	purA(10)	recA(9)
data/genomes/562.99252.fna.gz	ecoli_achtman_4	517	adk(109)	fumC(65)	gyrB(5)	icd(1)	mdh(9)	purA(13)	recA(14)
data/genomes/562.99201.fna.gz	ecoli_achtman_4	38	adk(4)	fumC(26)	gyrB(2)	icd(25)	mdh(5)	purA(5)	recA(19)
data/genomes/562.99153.fna.gz	ecoli_achtman_4	59	adk(27)	fumC(32)	gyrB(24)	icd(29)	mdh(26)	purA(19)	recA(22)
data/genomes/562.99103.fna.gz	ecoli_achtman_4	95	adk(37)	fumC(38)	gyrB(19)	icd(37)	mdh(17)	purA(11)	recA(26)
data/genomes/562.99355.fna.gz	ecoli_achtman_4	91	adk(13)	fumC(40)	gyrB(34)	icd(13)	mdh(23)	purA(28)	recA(30)
data/genomes/562.99305.fna.gz	ecoli_achtman_4	141	adk(13)	fumC(52)	gyrB(10)	icd(14)	mdh(17)	purA(25)	recA(17)
data/genomes/562.99253.fna.gz	ecoli_achtman_4	73	adk(36)	fumC(24)	gyrB(9)	icd(13)	mdh(17)	purA(11)	recA(25)
data/genomes/562.99202.fna.gz	ecoli_achtman_4	73	adk(36)	fumC(24)	gyrB(9)	icd(13)	mdh(17)	purA(11)	recA(25)
data/genomes/562.99154.fna.gz	ecoli_achtman_4	75	adk(6)	fumC(6)	gyrB(5)	icd(10)	mdh(20)	purA(23)	recA(6)
data/genomes/562.99104.fna.gz	ecoli_achtman_4	73	adk(36)	fumC(24)	gyrB(9)	icd(13)	mdh(17)	purA(11)	recA(25)
data/genomes/562.99356.fna.gz	ecoli_achtman_4	59	adk(27)	fumC(32)	gyrB(24)	icd(29)	mdh(26)	purA(19)	recA(22)
data/genomes/562.99306.fna.gz	ecoli_achtman_4	13	adk(6)	fumC(6)	gyrB(5)	icd(9)	mdh(9)	purA(8)	recA(2)
data/genomes/562.99203.fna.gz	ecoli_achtman_4	95	adk(37)	fumC(38)	gyrB(19)	icd(37)	mdh(17)	purA(11)	recA(26)
data/genomes/562.99256.fna.gz	ecoli_achtman_4	95	adk(37)	fumC(38)	gyrB(19)	icd(37)	mdh(17)	purA(11)	recA(26)
data/genomes/562.99155.fna.gz	ecoli_achtman_4	73	adk(36)	fumC(24)	gyrB(9)	icd(13)	mdh(17)	purA(11)	recA(25)
data/genomes/562.99357.fna.gz	ecoli_achtman_4	69	adk(21)	fumC(35)	gyrB(27)	icd(6)	mdh(5)	purA(5)	recA(4)
data/genomes/562.99105.fna.gz	ecoli_achtman_4	69	adk(21)	fumC(35)	gyrB(27)	icd(6)	mdh(5)	purA(5)	recA(4)
data/genomes/562.99307.fna.gz	ecoli_achtman_4	1057	adk(14)	fumC(14)	gyrB(10)	icd(137)	mdh(17)	purA(7)	recA(10)
data/genomes/562.99204.fna.gz	ecoli_achtman_4	2086	adk(129)	fumC(15)	gyrB(13)	icd(150)	mdh(91)	purA(198)	recA(25)
data/genomes/562.99257.fna.gz	ecoli_achtman_4	491	adk(13)	fumC(39)	gyrB(19)	icd(36)	mdh(30)	purA(14)	recA(82)
data/genomes/562.99156.fna.gz	ecoli_achtman_4	23	adk(6)	fumC(4)	gyrB(12)	icd(1)	mdh(20)	purA(13)	recA(7)
data/genomes/562.99358.fna.gz	ecoli_achtman_4	537	adk(14)	fumC(14)	gyrB(10)	icd(14)	mdh(17)	purA(11)	recA(10)
data/genomes/562.99106.fna.gz	ecoli_achtman_4	10237	adk(88)	fumC(103)	gyrB(19)	icd(36)	mdh(23)	purA(774)	recA(26)
data/genomes/562.99308.fna.gz	ecoli_achtman_4	10246	adk(37)	fumC(1462)	gyrB(19)	icd(37)	mdh(17)	purA(11)	recA(26)
data/genomes/562.99205.fna.gz	ecoli_achtman_4	12	adk(13)	fumC(13)	gyrB(9)	icd(13)	mdh(16)	purA(10)	recA(9)
data/genomes/562.99258.fna.gz	ecoli_achtman_4	421	adk(37)	fumC(38)	gyrB(19)	icd(37)	mdh(17)	purA(8)	recA(26)
data/genomes/562.99157.fna.gz	ecoli_achtman_4	2619	adk(37)	fumC(38)	gyrB(286)	icd(37)	mdh(17)	purA(11)	recA(26)
data/genomes/562.99359.fna.gz	ecoli_achtman_4	1057	adk(14)	fumC(14)	gyrB(10)	icd(137)	mdh(17)	purA(7)	recA(10)
data/genomes/562.99107.fna.gz	ecoli_achtman_4	95	adk(37)	fumC(38)	gyrB(19)	icd(37)	mdh(17)	purA(11)	recA(26)
data/genomes/562.99309.fna.gz	ecoli_achtman_4	676	adk(13)	fumC(38)	gyrB(19)	icd(13)	mdh(30)	purA(10)	recA(29)
data/genomes/562.99206.fna.gz	ecoli_achtman_4	6086	adk(541)	fumC(40)	gyrB(47)	icd(13)	mdh(36)	purA(28)	recA(29)
data/genomes/562.99259.fna.gz	ecoli_achtman_4	73	adk(36)	fumC(24)	gyrB(9)	icd(13)	mdh(17)	purA(11)	recA(25)
data/genomes/562.99158.fna.gz	ecoli_achtman_4	95	adk(37)	fumC(38)	gyrB(19)	icd(37)	mdh(17)	purA(11)	recA(26)
data/genomes/562.99360.fna.gz	ecoli_achtman_4	69	adk(21)	fumC(35)	gyrB(27)	icd(6)	mdh(5)	purA(5)	recA(4)
data/genomes/562.99108.fna.gz	ecoli_achtman_4	393	adk(18)	fumC(106)	gyrB(17)	icd(6)	mdh(5)	purA(5)	recA(4)
data/genomes/562.99310.fna.gz	ecoli_achtman_4	141	adk(13)	fumC(52)	gyrB(10)	icd(14)	mdh(17)	purA(25)	recA(17)
data/genomes/562.99207.fna.gz	ecoli_achtman_4	998	adk(13)	fumC(52)	gyrB(156)	icd(14)	mdh(17)	purA(25)	recA(17)
data/genomes/562.99260.fna.gz	ecoli_achtman_4	144	adk(13)	fumC(43)	gyrB(9)	icd(36)	mdh(30)	purA(44)	recA(25)
data/genomes/562.99159.fna.gz	ecoli_achtman_4	131	adk(53)	fumC(40)	gyrB(47)	icd(13)	mdh(36)	purA(28)	recA(29)
data/genomes/562.99361.fna.gz	ecoli_achtman_4	127	adk(13)	fumC(14)	gyrB(19)	icd(36)	mdh(23)	purA(11)	recA(10)
data/genomes/562.99109.fna.gz	ecoli_achtman_4	69	adk(21)	fumC(35)	gyrB(27)	icd(6)	mdh(5)	purA(5)	recA(4)
data/genomes/562.99311.fna.gz	ecoli_achtman_4	69	adk(21)	fumC(35)	gyrB(27)	icd(6)	mdh(5)	purA(5)	recA(4)
data/genomes/562.99208.fna.gz	ecoli_achtman_4	978	adk(76)	fumC(43)	gyrB(19)	icd(13)	mdh(17)	purA(44)	recA(25)
data/genomes/562.99261.fna.gz	ecoli_achtman_4	73	adk(36)	fumC(24)	gyrB(9)	icd(13)	mdh(17)	purA(11)	recA(25)
data/genomes/562.99160.fna.gz	ecoli_achtman_4	968	adk(36)	fumC(24)	gyrB(9)	icd(13)	mdh(17)	purA(128)	recA(25)
data/genomes/562.99362.fna.gz	ecoli_achtman_4	69	adk(21)	fumC(35)	gyrB(27)	icd(6)	mdh(5)	purA(5)	recA(4)
data/genomes/562.99110.fna.gz	ecoli_achtman_4	73	adk(36)	fumC(24)	gyrB(9)	icd(13)	mdh(17)	purA(11)	recA(25)
data/genomes/562.99312.fna.gz	ecoli_achtman_4	127	adk(13)	fumC(14)	gyrB(19)	icd(36)	mdh(23)	purA(11)	recA(10)
data/genomes/562.99209.fna.gz	ecoli_achtman_4	648	adk(92)	fumC(4)	gyrB(87)	icd(96)	mdh(70)	purA(58)	recA(2)
data/genomes/562.99262.fna.gz	ecoli_achtman_4	10	adk(10)	fumC(11)	gyrB(4)	icd(8)	mdh(8)	purA(8)	recA(2)
data/genomes/562.99161.fna.gz	ecoli_achtman_4	421	adk(37)	fumC(38)	gyrB(19)	icd(37)	mdh(17)	purA(8)	recA(26)
data/genomes/562.99363.fna.gz	ecoli_achtman_4	95	adk(37)	fumC(38)	gyrB(19)	icd(37)	mdh(17)	purA(11)	recA(26)
data/genomes/562.99111.fna.gz	ecoli_achtman_4	95	adk(37)	fumC(38)	gyrB(19)	icd(37)	mdh(17)	purA(11)	recA(26)
data/genomes/562.99313.fna.gz	ecoli_achtman_4	399	adk(6)	fumC(4)	gyrB(1)	icd(95)	mdh(69)	purA(8)	recA(20)
data/genomes/562.99210.fna.gz	ecoli_achtman_4	95	adk(37)	fumC(38)	gyrB(19)	icd(37)	mdh(17)	purA(11)	recA(26)
data/genomes/562.99263.fna.gz	ecoli_achtman_4	73	adk(36)	fumC(24)	gyrB(9)	icd(13)	mdh(17)	purA(11)	recA(25)
data/genomes/562.99162.fna.gz	ecoli_achtman_4	1718	adk(6)	fumC(65)	gyrB(6)	icd(140)	mdh(196)	purA(1)	recA(165)
data/genomes/562.99364.fna.gz	ecoli_achtman_4	1441	adk(13)	fumC(43)	gyrB(19)	icd(36)	mdh(17)	purA(37)	recA(28)
data/genomes/562.99112.fna.gz	ecoli_achtman_4	538	adk(13)	fumC(40)	gyrB(19)	icd(13)	mdh(36)	purA(28)	recA(30)
data/genomes/562.99314.fna.gz	ecoli_achtman_4	12	adk(13)	fumC(13)	gyrB(9)	icd(13)	mdh(16)	purA(10)	recA(9)
data/genomes/562.99211.fna.gz	ecoli_achtman_4	73	adk(36)	fumC(24)	gyrB(9)	icd(13)	mdh(17)	purA(11)	recA(25)
data/genomes/562.99264.fna.gz	ecoli_achtman_4	69	adk(21)	fumC(35)	gyrB(27)	icd(6)	mdh(5)	purA(5)	recA(4)
data/genomes/562.99163.fna.gz	ecoli_achtman_4	80	adk(13)	fumC(24)	gyrB(19)	icd(14)	mdh(23)	purA(1)	recA(10)
data/genomes/562.99365.fna.gz	ecoli_achtman_4	95	adk(37)	fumC(38)	gyrB(19)	icd(37)	mdh(17)	purA(11)	recA(26)
data/genomes/562.99113.fna.gz	ecoli_achtman_4	1858	adk(13)	fumC(14)	gyrB(10)	icd(14)	mdh(17)	purA(11)	recA(85)
data/genomes/562.99315.fna.gz	ecoli_achtman_4	73	adk(36)	fumC(24)	gyrB(9)	icd(13)	mdh(17)	purA(11)	recA(25)
data/genomes/562.99212.fna.gz	ecoli_achtman_4	5539	adk(6)	fumC(19)	gyrB(4)	icd(18)	mdh(11)	purA(13)	recA(6)
data/genomes/562.99265.fna.gz	ecoli_achtman_4	69	adk(21)	fumC(35)	gyrB(27)	icd(6)	mdh(5)	purA(5)	recA(4)
data/genomes/562.99164.fna.gz	ecoli_achtman_4	14	adk(14)	fumC(14)	gyrB(10)	icd(14)	mdh(17)	purA(7)	recA(10)
data/genomes/562.99366.fna.gz	ecoli_achtman_4	69	adk(21)	fumC(35)	gyrB(27)	icd(6)	mdh(5)	purA(5)	recA(4)
data/genomes/562.99114.fna.gz	ecoli_achtman_4	95	adk(37)	fumC(38)	gyrB(19)	icd(37)	mdh(17)	purA(11)	recA(26)
data/genomes/562.99316.fna.gz	ecoli_achtman_4	73	adk(36)	fumC(24)	gyrB(9)	icd(13)	mdh(17)	purA(11)	recA(25)
data/genomes/562.99213.fna.gz	ecoli_achtman_4	91	adk(13)	fumC(40)	gyrB(34)	icd(13)	mdh(23)	purA(28)	recA(30)
data/genomes/562.99266.fna.gz	ecoli_achtman_4	205	adk(6)	fumC(23)	gyrB(15)	icd(16)	mdh(9)	purA(8)	recA(7)
data/genomes/562.99165.fna.gz	ecoli_achtman_4	409	adk(10)	fumC(11)	gyrB(1)	icd(1)	mdh(71)	purA(8)	recA(6)
data/genomes/562.99368.fna.gz	ecoli_achtman_4	73	adk(36)	fumC(24)	gyrB(9)	icd(13)	mdh(17)	purA(11)	recA(25)
data/genomes/562.99115.fna.gz	ecoli_achtman_4	80	adk(13)	fumC(24)	gyrB(19)	icd(14)	mdh(23)	purA(1)	recA(10)
data/genomes/562.99317.fna.gz	ecoli_achtman_4	409	adk(10)	fumC(11)	gyrB(1)	icd(1)	mdh(71)	purA(8)	recA(6)
data/genomes/562.99214.fna.gz	ecoli_achtman_4	540	adk(6)	fumC(7)	gyrB(57)	icd(1)	mdh(8)	purA(8)	recA(2)
data/genomes/562.99267.fna.gz	ecoli_achtman_4	10	adk(10)	fumC(11)	gyrB(4)	icd(8)	mdh(8)	purA(8)	recA(2)
data/genomes/562.99166.fna.gz	ecoli_achtman_4	14252	adk(38)	fumC(39)	gyrB(9)	icd(13)	mdh(30)	purA(44)	recA(26)
data/genomes/562.99370.fna.gz	ecoli_achtman_4	12	adk(13)	fumC(13)	gyrB(9)	icd(13)	mdh(16)	purA(10)	recA(9)
data/genomes/562.99116.fna.gz	ecoli_achtman_4	73	adk(36)	fumC(24)	gyrB(9)	icd(13)	mdh(17)	purA(11)	recA(25)
data/genomes/562.99318.fna.gz	ecoli_achtman_4	457	adk(101)	fumC(88)	gyrB(97)	icd(108)	mdh(26)	purA(79)	recA(2)
data/genomes/562.99215.fna.gz	ecoli_achtman_4	73	adk(36)	fumC(24)	gyrB(9)	icd(13)	mdh(17)	purA(11)	recA(25)
data/genomes/562.99268.fna.gz	ecoli_achtman_4	69	adk(21)	fumC(35)	gyrB(27)	icd(6)	mdh(5)	purA(5)	recA(4)
data/genomes/562.99167.fna.gz	ecoli_achtman_4	91	adk(13)	fumC(40)	gyrB(34)	icd(13)	mdh(23)	purA(28)	recA(30)
data/genomes/562.99371.fna.gz	ecoli_achtman_4	10233	adk(1008)	fumC(1460)	gyrB(915)	icd(638)	mdh(172)	purA(454)	recA(735)
data/genomes/562.99319.fna.gz	ecoli_achtman_4	405	adk(35)	fumC(37)	gyrB(29)	icd(25)	mdh(4)	purA(5)	recA(73)
data/genomes/562.99117.fna.gz	ecoli_achtman_4	8915	adk(28)	fumC(33)	gyrB(25)	icd(29)	mdh(7)	purA(634)	recA(24)
data/genomes/562.99216.fna.gz	ecoli_achtman_4	127	adk(13)	fumC(14)	gyrB(19)	icd(36)	mdh(23)	purA(11)	recA(10)
data/genomes/562.99270.fna.gz	ecoli_achtman_4	95	adk(37)	fumC(38)	gyrB(19)	icd(37)	mdh(17)	purA(11)	recA(26)
data/genomes/562.99168.fna.gz	ecoli_achtman_4	91	adk(13)	fumC(40)	gyrB(34)	icd(13)	mdh(23)	purA(28)	recA(30)
data/genomes/562.99372.fna.gz	ecoli_achtman_4	108	adk(46)	fumC(36)	gyrB(37)	icd(25)	mdh(5)	purA(16)	recA(33)
data/genomes/562.99320.fna.gz	ecoli_achtman_4	393	adk(18)	fumC(106)	gyrB(17)	icd(6)	mdh(5)	purA(5)	recA(4)
data/genomes/562.99217.fna.gz	ecoli_achtman_4	73	adk(36)	fumC(24)	gyrB(9)	icd(13)	mdh(17)	purA(11)	recA(25)
data/genomes/562.99118.fna.gz	ecoli_achtman_4	58	adk(6)	fumC(4)	gyrB(4)	icd(16)	mdh(24)	purA(8)	recA(14)
data/genomes/562.99271.fna.gz	ecoli_achtman_4	90	adk(6)	fumC(4)	gyrB(12)	icd(1)	mdh(20)	purA(8)	recA(7)
data/genomes/562.99169.fna.gz	ecoli_achtman_4	131	adk(53)	fumC(40)	gyrB(47)	icd(13)	mdh(36)	purA(28)	recA(29)
data/genomes/562.99373.fna.gz	ecoli_achtman_4	88	adk(6)	fumC(4)	gyrB(12)	icd(1)	mdh(20)	purA(12)	recA(7)
data/genomes/562.99321.fna.gz	ecoli_achtman_4	38	adk(4)	fumC(26)	gyrB(2)	icd(25)	mdh(5)	purA(5)	recA(19)
data/genomes/562.99218.fna.gz	ecoli_achtman_4	69	adk(21)	fumC(35)	gyrB(27)	icd(6)	mdh(5)	purA(5)	recA(4)
data/genomes/562.99119.fna.gz	ecoli_achtman_4	393	adk(18)	fumC(106)	gyrB(17)	icd(6)	mdh(5)	purA(5)	recA(4)
data/genomes/562.99272.fna.gz	ecoli_achtman_4	131	adk(53)	fumC(40)	gyrB(47)	icd(13)	mdh(36)	purA(28)	recA(29)
data/genomes/562.99170.fna.gz	ecoli_achtman_4	12	adk(13)	fumC(13)	gyrB(9)	icd(13)	mdh(16)	purA(10)	recA(9)
data/genomes/562.99374.fna.gz	ecoli_achtman_4	95	adk(37)	fumC(38)	gyrB(19)	icd(37)	mdh(17)	purA(11)	recA(26)
data/genomes/562.99322.fna.gz	ecoli_achtman_4	73	adk(36)	fumC(24)	gyrB(9)	icd(13)	mdh(17)	purA(11)	recA(25)
data/genomes/562.99219.fna.gz	ecoli_achtman_4	73	adk(36)	fumC(24)	gyrB(9)	icd(13)	mdh(17)	purA(11)	recA(25)
data/genomes/562.99120.fna.gz	ecoli_achtman_4	73	adk(36)	fumC(24)	gyrB(9)	icd(13)	mdh(17)	purA(11)	recA(25)
data/genomes/562.99273.fna.gz	ecoli_achtman_4	73	adk(36)	fumC(24)	gyrB(9)	icd(13)	mdh(17)	purA(11)	recA(25)
data/genomes/562.99171.fna.gz	ecoli_achtman_4	131	adk(53)	fumC(40)	gyrB(47)	icd(13)	mdh(36)	purA(28)	recA(29)
data/genomes/562.99375.fna.gz	ecoli_achtman_4	131	adk(53)	fumC(40)	gyrB(47)	icd(13)	mdh(36)	purA(28)	recA(29)
data/genomes/562.99323.fna.gz	ecoli_achtman_4	131	adk(53)	fumC(40)	gyrB(47)	icd(13)	mdh(36)	purA(28)	recA(29)
data/genomes/562.99220.fna.gz	ecoli_achtman_4	23	adk(6)	fumC(4)	gyrB(12)	icd(1)	mdh(20)	purA(13)	recA(7)
data/genomes/562.99274.fna.gz	ecoli_achtman_4	1441	adk(13)	fumC(43)	gyrB(19)	icd(36)	mdh(17)	purA(37)	recA(28)
data/genomes/562.99121.fna.gz	ecoli_achtman_4	69	adk(21)	fumC(35)	gyrB(27)	icd(6)	mdh(5)	purA(5)	recA(4)
data/genomes/562.99172.fna.gz	ecoli_achtman_4	73	adk(36)	fumC(24)	gyrB(9)	icd(13)	mdh(17)	purA(11)	recA(25)
data/genomes/562.99376.fna.gz	ecoli_achtman_4	95	adk(37)	fumC(38)	gyrB(19)	icd(37)	mdh(17)	purA(11)	recA(26)
data/genomes/562.99324.fna.gz	ecoli_achtman_4	131	adk(53)	fumC(40)	gyrB(47)	icd(13)	mdh(36)	purA(28)	recA(29)
data/genomes/562.99221.fna.gz	ecoli_achtman_4	73	adk(36)	fumC(24)	gyrB(9)	icd(13)	mdh(17)	purA(11)	recA(25)
data/genomes/562.99122.fna.gz	ecoli_achtman_4	43	adk(24)	fumC(11)	gyrB(4)	icd(8)	mdh(8)	purA(8)	recA(2)
data/genomes/562.99275.fna.gz	ecoli_achtman_4	550	adk(14)	fumC(14)	gyrB(10)	icd(14)	mdh(17)	purA(92)	recA(10)
data/genomes/562.99173.fna.gz	ecoli_achtman_4	131	adk(53)	fumC(40)	gyrB(47)	icd(13)	mdh(36)	purA(28)	recA(29)
data/genomes/562.99377.fna.gz	ecoli_achtman_4	135	adk(13)	fumC(39)	gyrB(50)	icd(13)	mdh(16)	purA(37)	recA(25)
data/genomes/562.99325.fna.gz	ecoli_achtman_4	95	adk(37)	fumC(38)	gyrB(19)	icd(37)	mdh(17)	purA(11)	recA(26)
data/genomes/562.99223.fna.gz	ecoli_achtman_4	404	adk(14)	fumC(14)	gyrB(10)	icd(14)	mdh(17)	purA(7)	recA(74)
data/genomes/562.99276.fna.gz	ecoli_achtman_4	550	adk(14)	fumC(14)	gyrB(10)	icd(14)	mdh(17)	purA(92)	recA(10)
data/genomes/562.99123.fna.gz	ecoli_achtman_4	140	adk(55)	fumC(38)	gyrB(19)	icd(37)	mdh(17)	purA(11)	recA(26)
data/genomes/562.99174.fna.gz	ecoli_achtman_4	73	adk(36)	fumC(24)	gyrB(9)	icd(13)	mdh(17)	purA(11)	recA(25)
data/genomes/562.99379.fna.gz	ecoli_achtman_4	10	adk(10)	fumC(11)	gyrB(4)	icd(8)	mdh(8)	purA(8)	recA(2)
data/genomes/562.99326.fna.gz	ecoli_achtman_4	1434	adk(10)	fumC(11)	gyrB(5)	icd(8)	mdh(7)	purA(8)	recA(6)
data/genomes/562.99224.fna.gz	ecoli_achtman_4	1057	adk(14)	fumC(14)	gyrB(10)	icd(137)	mdh(17)	purA(7)	recA(10)
data/genomes/562.99277.fna.gz	ecoli_achtman_4	73	adk(36)	fumC(24)	gyrB(9)	icd(13)	mdh(17)	purA(11)	recA(25)
data/genomes/562.99124.fna.gz	ecoli_achtman_4	12	adk(13)	fumC(13)	gyrB(9)	icd(13)	mdh(16)	purA(10)	recA(9)
data/genomes/562.99175.fna.gz	ecoli_achtman_4	393	adk(18)	fumC(106)	gyrB(17)	icd(6)	mdh(5)	purA(5)	recA(4)
data/genomes/562.99380.fna.gz	ecoli_achtman_4	73	adk(36)	fumC(24)	gyrB(9)	icd(13)	mdh(17)	purA(11)	recA(25)
data/genomes/562.99327.fna.gz	ecoli_achtman_4	80	adk(13)	fumC(24)	gyrB(19)	icd(14)	mdh(23)	purA(1)	recA(10)
data/genomes/562.99278.fna.gz	ecoli_achtman_4	80	adk(13)	fumC(24)	gyrB(19)	icd(14)	mdh(23)	purA(1)	recA(10)
data/genomes/562.99225.fna.gz	ecoli_achtman_4	95	adk(37)	fumC(38)	gyrB(19)	icd(37)	mdh(17)	purA(11)	recA(26)
data/genomes/562.99125.fna.gz	ecoli_achtman_4	1643	adk(13)	fumC(24)	gyrB(58)	icd(37)	mdh(17)	purA(11)	recA(25)
data/genomes/562.99381.fna.gz	ecoli_achtman_4	399	adk(6)	fumC(4)	gyrB(1)	icd(95)	mdh(69)	purA(8)	recA(20)
data/genomes/562.99176.fna.gz	ecoli_achtman_4	95	adk(37)	fumC(38)	gyrB(19)	icd(37)	mdh(17)	purA(11)	recA(26)
data/genomes/562.99328.fna.gz	ecoli_achtman_4	3723	adk(13)	fumC(39)	gyrB(9)	icd(22)	mdh(238)	purA(37)	recA(26)
data/genomes/562.99226.fna.gz	ecoli_achtman_4	141	adk(13)	fumC(52)	gyrB(10)	icd(14)	mdh(17)	purA(25)	recA(17)
data/genomes/562.99279.fna.gz	ecoli_achtman_4	73	adk(36)	fumC(24)	gyrB(9)	icd(13)	mdh(17)	purA(11)	recA(25)
data/genomes/562.99126.fna.gz	ecoli_achtman_4	69	adk(21)	fumC(35)	gyrB(27)	icd(6)	mdh(5)	purA(5)	recA(4)
data/genomes/562.99382.fna.gz	ecoli_achtman_4	73	adk(36)	fumC(24)	gyrB(9)	icd(13)	mdh(17)	purA(11)	recA(25)
data/genomes/562.99177.fna.gz	ecoli_achtman_4	23	adk(6)	fumC(4)	gyrB(12)	icd(1)	mdh(20)	purA(13)	recA(7)
data/genomes/562.99329.fna.gz	ecoli_achtman_4	5702	adk(6)	fumC(95)	gyrB(3)	icd(18)	mdh(9)	purA(8)	recA(2)
data/genomes/562.99227.fna.gz	ecoli_achtman_4	1629	adk(83)	fumC(12)	gyrB(155)	icd(30)	mdh(1)	purA(1)	recA(17)
data/genomes/562.99127.fna.gz	ecoli_achtman_4	131	adk(53)	fumC(40)	gyrB(47)	icd(13)	mdh(36)	purA(28)	recA(29)
data/genomes/562.99280.fna.gz	ecoli_achtman_4	73	adk(36)	fumC(24)	gyrB(9)	icd(13)	mdh(17)	purA(11)	recA(25)
data/genomes/562.99383.fna.gz	ecoli_achtman_4	131	adk(53)	fumC(40)	gyrB(47)	icd(13)	mdh(36)	purA(28)	recA(29)
data/genomes/562.99178.fna.gz	ecoli_achtman_4	73	adk(36)	fumC(24)	gyrB(9)	icd(13)	mdh(17)	purA(11)	recA(25)
data/genomes/562.99330.fna.gz	ecoli_achtman_4	73	adk(36)	fumC(24)	gyrB(9)	icd(13)	mdh(17)	purA(11)	recA(25)
data/genomes/562.99228.fna.gz	ecoli_achtman_4	12	adk(13)	fumC(13)	gyrB(9)	icd(13)	mdh(16)	purA(10)	recA(9)
data/genomes/562.99281.fna.gz	ecoli_achtman_4	10	adk(10)	fumC(11)	gyrB(4)	icd(8)	mdh(8)	purA(8)	recA(2)
data/genomes/562.99128.fna.gz	ecoli_achtman_4	73	adk(36)	fumC(24)	gyrB(9)	icd(13)	mdh(17)	purA(11)	recA(25)
data/genomes/562.99384.fna.gz	ecoli_achtman_4	10403	adk(1048)	fumC(24)	gyrB(9)	icd(13)	mdh(17)	purA(11)	recA(25)
data/genomes/562.99179.fna.gz	ecoli_achtman_4	73	adk(36)	fumC(24)	gyrB(9)	icd(13)	mdh(17)	purA(11)	recA(25)
data/genomes/562.99331.fna.gz	ecoli_achtman_4	10248	adk(8)	fumC(11)	gyrB(4)	icd(8)	mdh(7)	purA(775)	recA(6)
data/genomes/562.99283.fna.gz	ecoli_achtman_4	372	adk(88)	fumC(103)	gyrB(19)	icd(36)	mdh(23)	purA(44)	recA(26)
data/genomes/562.99229.fna.gz	ecoli_achtman_4	69	adk(21)	fumC(35)	gyrB(27)	icd(6)	mdh(5)	purA(5)	recA(4)
data/genomes/562.99129.fna.gz	ecoli_achtman_4	393	adk(18)	fumC(106)	gyrB(17)	icd(6)	mdh(5)	purA(5)	recA(4)
data/genomes/562.99385.fna.gz	ecoli_achtman_4	95	adk(37)	fumC(38)	gyrB(19)	icd(37)	mdh(17)	purA(11)	recA(26)
data/genomes/562.99180.fna.gz	ecoli_achtman_4	73	adk(36)	fumC(24)	gyrB(9)	icd(13)	mdh(17)	purA(11)	recA(25)
data/genomes/562.99332.fna.gz	ecoli_achtman_4	131	adk(53)	fumC(40)	gyrB(47)	icd(13)	mdh(36)	purA(28)	recA(29)
data/genomes/562.99284.fna.gz	ecoli_achtman_4	88	adk(6)	fumC(4)	gyrB(12)	icd(1)	mdh(20)	purA(12)	recA(7)
data/genomes/562.99230.fna.gz	ecoli_achtman_4	127	adk(13)	fumC(14)	gyrB(19)	icd(36)	mdh(23)	purA(11)	recA(10)
data/genomes/562.99130.fna.gz	ecoli_achtman_4	10410	adk(13)	fumC(14)	gyrB(19)	icd(36)	mdh(23)	purA(802)	recA(10)
data/genomes/562.99181.fna.gz	ecoli_achtman_4	73	adk(36)	fumC(24)	gyrB(9)	icd(13)	mdh(17)	purA(11)	recA(25)
data/genomes/562.99386.fna.gz	ecoli_achtman_4	59	adk(27)	fumC(32)	gyrB(24)	icd(29)	mdh(26)	purA(19)	recA(22)
data/genomes/562.99333.fna.gz	ecoli_achtman_4	69	adk(21)	fumC(35)	gyrB(27)	icd(6)	mdh(5)	purA(5)	recA(4)
data/genomes/562.99285.fna.gz	ecoli_achtman_4	131	adk(53)	fumC(40)	gyrB(47)	icd(13)	mdh(36)	purA(28)	recA(29)
data/genomes/562.99231.fna.gz	ecoli_achtman_4	69	adk(21)	fumC(35)	gyrB(27)	icd(6)	mdh(5)	purA(5)	recA(4)
data/genomes/562.99131.fna.gz	ecoli_achtman_4	73	adk(36)	fumC(24)	gyrB(9)	icd(13)	mdh(17)	purA(11)	recA(25)
data/genomes/562.99182.fna.gz	ecoli_achtman_4	62	adk(28)	fumC(33)	gyrB(25)	icd(29)	mdh(7)	purA(11)	recA(24)
data/genomes/562.99387.fna.gz	ecoli_achtman_4	73	adk(36)	fumC(24)	gyrB(9)	icd(13)	mdh(17)	purA(11)	recA(25)
data/genomes/562.99334.fna.gz	ecoli_achtman_4	421	adk(37)	fumC(38)	gyrB(19)	icd(37)	mdh(17)	purA(8)	recA(26)
data/genomes/562.99286.fna.gz	ecoli_achtman_4	5308	adk(1)	fumC(23)	gyrB(7)	icd(10)	mdh(20)	purA(3)	recA(56)
data/genomes/562.99232.fna.gz	ecoli_achtman_4	394	adk(21)	fumC(35)	gyrB(61)	icd(52)	mdh(5)	purA(5)	recA(4)
data/genomes/562.99132.fna.gz	ecoli_achtman_4	131	adk(53)	fumC(40)	gyrB(47)	icd(13)	mdh(36)	purA(28)	recA(29)
data/genomes/562.99388.fna.gz	ecoli_achtman_4	372	adk(88)	fumC(103)	gyrB(19)	icd(36)	mdh(23)	purA(44)	recA(26)
data/genomes/562.99392.fna.gz	ecoli_achtman_4	127	adk(13)	fumC(14)	gyrB(19)	icd(36)	mdh(23)	purA(11)	recA(10)
data/genomes/562.99335.fna.gz	ecoli_achtman_4	95	adk(37)	fumC(38)	gyrB(19)	icd(37)	mdh(17)	purA(11)	recA(26)
data/genomes/562.99287.fna.gz	ecoli_achtman_4	345	adk(6)	fumC(4)	gyrB(14)	icd(1)	mdh(20)	purA(62)	recA(7)
data/genomes/562.99233.fna.gz	ecoli_achtman_4	10254	adk(46)	fumC(4)	gyrB(12)	icd(1)	mdh(20)	purA(12)	recA(7)
data/genomes/562.99389.fna.gz	ecoli_achtman_4	95	adk(37)	fumC(38)	gyrB(19)	icd(37)	mdh(17)	purA(11)	recA(26)
data/genomes/562.99448.fna.gz	ecoli_achtman_4	131	adk(53)	fumC(40)	gyrB(47)	icd(13)	mdh(36)	purA(28)	recA(29)
data/genomes/562.99393.fna.gz	ecoli_achtman_4	95	adk(37)	fumC(38)	gyrB(19)	icd(37)	mdh(17)	purA(11)	recA(26)
data/genomes/562.99336.fna.gz	ecoli_achtman_4	393	adk(18)	fumC(106)	gyrB(17)	icd(6)	mdh(5)	purA(5)	recA(4)
data/genomes/562.99504.fna.gz	ecoli_achtman_4	1193	adk(14)	fumC(14)	gyrB(10)	icd(200)	mdh(17)	purA(7)	recA(10)
data/genomes/562.99557.fna.gz	ecoli_achtman_4	73	adk(36)	fumC(24)	gyrB(9)	icd(13)	mdh(17)	purA(11)	recA(25)
data/genomes/562.99390.fna.gz	ecoli_achtman_4	1057	adk(14)	fumC(14)	gyrB(10)	icd(137)	mdh(17)	purA(7)	recA(10)
data/genomes/562.99449.fna.gz	ecoli_achtman_4	69	adk(21)	fumC(35)	gyrB(27)	icd(6)	mdh(5)	purA(5)	recA(4)
data/genomes/562.99394.fna.gz	ecoli_achtman_4	69	adk(21)	fumC(35)	gyrB(27)	icd(6)	mdh(5)	purA(5)	recA(4)
data/genomes/562.99337.fna.gz	ecoli_achtman_4	73	adk(36)	fumC(24)	gyrB(9)	icd(13)	mdh(17)	purA(11)	recA(25)
data/genomes/562.99507.fna.gz	ecoli_achtman_4	131	adk(53)	fumC(40)	gyrB(47)	icd(13)	mdh(36)	purA(28)	recA(29)
data/genomes/562.99558.fna.gz	ecoli_achtman_4	69	adk(21)	fumC(35)	gyrB(27)	icd(6)	mdh(5)	purA(5)	recA(4)
data/genomes/562.99395.fna.gz	ecoli_achtman_4	357	adk(13)	fumC(40)	gyrB(13)	icd(13)	mdh(23)	purA(25)	recA(66)
data/genomes/562.99391.fna.gz	ecoli_achtman_4	393	adk(18)	fumC(106)	gyrB(17)	icd(6)	mdh(5)	purA(5)	recA(4)
data/genomes/562.99450.fna.gz	ecoli_achtman_4	355	adk(36)	fumC(24)	gyrB(10)	icd(13)	mdh(17)	purA(10)	recA(25)
data/genomes/562.99338.fna.gz	ecoli_achtman_4	393	adk(18)	fumC(106)	gyrB(17)	icd(6)	mdh(5)	purA(5)	recA(4)
data/genomes/562.99508.fna.gz	ecoli_achtman_4	550	adk(14)	fumC(14)	gyrB(10)	icd(14)	mdh(17)	purA(92)	recA(10)
data/genomes/562.99559.fna.gz	ecoli_achtman_4	453	adk(99)	fumC(6)	gyrB(33)	icd(33)	mdh(24)	purA(8)	recA(7)
data/genomes/562.99451.fna.gz	ecoli_achtman_4	405	adk(35)	fumC(37)	gyrB(29)	icd(25)	mdh(4)	purA(5)	recA(73)
data/genomes/562.99607.fna.gz	ecoli_achtman_4	95	adk(37)	fumC(38)	gyrB(19)	icd(37)	mdh(17)	purA(11)	recA(26)
data/genomes/562.99396.fna.gz	ecoli_achtman_4	10298	adk(13)	fumC(39)	gyrB(924)	icd(13)	mdh(16)	purA(37)	recA(25)
data/genomes/562.99658.fna.gz	ecoli_achtman_4	108	adk(46)	fumC(36)	gyrB(37)	icd(25)	mdh(5)	purA(16)	recA(33)
data/genomes/562.99560.fna.gz	ecoli_achtman_4	131	adk(53)	fumC(40)	gyrB(47)	icd(13)	mdh(36)	purA(28)	recA(29)
data/genomes/562.99509.fna.gz	ecoli_achtman_4	95	adk(37)	fumC(38)	gyrB(19)	icd(37)	mdh(17)	purA(11)	recA(26)
data/genomes/562.99452.fna.gz	ecoli_achtman_4	2015	adk(76)	fumC(319)	gyrB(30)	icd(37)	mdh(17)	purA(10)	recA(96)
data/genomes/562.99608.fna.gz	ecoli_achtman_4	73	adk(36)	fumC(24)	gyrB(9)	icd(13)	mdh(17)	purA(11)	recA(25)
data/genomes/562.99397.fna.gz	ecoli_achtman_4	69	adk(21)	fumC(35)	gyrB(27)	icd(6)	mdh(5)	purA(5)	recA(4)
data/genomes/562.99659.fna.gz	ecoli_achtman_4	429	adk(97)	fumC(40)	gyrB(93)	icd(13)	mdh(23)	purA(28)	recA(66)
data/genomes/562.99561.fna.gz	ecoli_achtman_4	4624	adk(261)	fumC(26)	gyrB(52)	icd(27)	mdh(5)	purA(16)	recA(4)
data/genomes/562.99510.fna.gz	ecoli_achtman_4	95	adk(37)	fumC(38)	gyrB(19)	icd(37)	mdh(17)	purA(11)	recA(26)
data/genomes/562.99453.fna.gz	ecoli_achtman_4	95	adk(37)	fumC(38)	gyrB(19)	icd(37)	mdh(17)	purA(11)	recA(26)
data/genomes/562.99609.fna.gz	ecoli_achtman_4	399	adk(6)	fumC(4)	gyrB(1)	icd(95)	mdh(69)	purA(8)	recA(20)
data/genomes/562.99398.fna.gz	ecoli_achtman_4	73	adk(36)	fumC(24)	gyrB(9)	icd(13)	mdh(17)	purA(11)	recA(25)
data/genomes/562.99660.fna.gz	ecoli_achtman_4	404	adk(14)	fumC(14)	gyrB(10)	icd(14)	mdh(17)	purA(7)	recA(74)
data/genomes/562.99562.fna.gz	ecoli_achtman_4	95	adk(37)	fumC(38)	gyrB(19)	icd(37)	mdh(17)	purA(11)	recA(26)
data/genomes/562.99511.fna.gz	ecoli_achtman_4	130	adk(18)	fumC(22)	gyrB(20)	icd(6)	mdh(5)	purA(5)	recA(4)
data/genomes/562.99454.fna.gz	ecoli_achtman_4	491	adk(13)	fumC(39)	gyrB(19)	icd(36)	mdh(30)	purA(14)	recA(82)
data/genomes/562.99610.fna.gz	ecoli_achtman_4	14	adk(14)	fumC(14)	gyrB(10)	icd(14)	mdh(17)	purA(7)	recA(10)
data/genomes/562.99399.fna.gz	ecoli_achtman_4	144	adk(13)	fumC(43)	gyrB(9)	icd(36)	mdh(30)	purA(44)	recA(25)
data/genomes/562.99661.fna.gz	ecoli_achtman_4	62	adk(28)	fumC(33)	gyrB(25)	icd(29)	mdh(7)	purA(11)	recA(24)
data/genomes/562.99563.fna.gz	ecoli_achtman_4	10	adk(10)	fumC(11)	gyrB(4)	icd(8)	mdh(8)	purA(8)	recA(2)
data/genomes/562.99512.fna.gz	ecoli_achtman_4	95	adk(37)	fumC(38)	gyrB(19)	icd(37)	mdh(17)	purA(11)	recA(26)
data/genomes/562.99455.fna.gz	ecoli_achtman_4	491	adk(13)	fumC(39)	gyrB(19)	icd(36)	mdh(30)	purA(14)	recA(82)
data/genomes/562.99611.fna.gz	ecoli_achtman_4	1057	adk(14)	fumC(14)	gyrB(10)	icd(137)	mdh(17)	purA(7)	recA(10)
data/genomes/562.99402.fna.gz	ecoli_achtman_4	73	adk(36)	fumC(24)	gyrB(9)	icd(13)	mdh(17)	purA(11)	recA(25)
data/genomes/562.99662.fna.gz	ecoli_achtman_4	73	adk(36)	fumC(24)	gyrB(9)	icd(13)	mdh(17)	purA(11)	recA(25)
data/genomes/562.99564.fna.gz	ecoli_achtman_4	95	adk(37)	fumC(38)	gyrB(19)	icd(37)	mdh(17)	purA(11)	recA(26)
data/genomes/562.99513.fna.gz	ecoli_achtman_4	73	adk(36)	fumC(24)	gyrB(9)	icd(13)	mdh(17)	purA(11)	recA(25)
data/genomes/562.99456.fna.gz	ecoli_achtman_4	73	adk(36)	fumC(24)	gyrB(9)	icd(13)	mdh(17)	purA(11)	recA(25)
data/genomes/562.99612.fna.gz	ecoli_achtman_4	10	adk(10)	fumC(11)	gyrB(4)	icd(8)	mdh(8)	purA(8)	recA(2)
data/genomes/562.99403.fna.gz	ecoli_achtman_4	117	adk(20)	fumC(45)	gyrB(41)	icd(43)	mdh(5)	purA(32)	recA(2)
data/genomes/562.99663.fna.gz	ecoli_achtman_4	69	adk(21)	fumC(35)	gyrB(27)	icd(6)	mdh(5)	purA(5)	recA(4)
data/genomes/562.99565.fna.gz	ecoli_achtman_4	73	adk(36)	fumC(24)	gyrB(9)	icd(13)	mdh(17)	purA(11)	recA(25)
data/genomes/562.99514.fna.gz	ecoli_achtman_4	69	adk(21)	fumC(35)	gyrB(27)	icd(6)	mdh(5)	purA(5)	recA(4)
data/genomes/562.99613.fna.gz	ecoli_achtman_4	538	adk(13)	fumC(40)	gyrB(19)	icd(13)	mdh(36)	purA(28)	recA(30)
data/genomes/562.99457.fna.gz	ecoli_achtman_4	95	adk(37)	fumC(38)	gyrB(19)	icd(37)	mdh(17)	purA(11)	recA(26)
data/genomes/562.99404.fna.gz	ecoli_achtman_4	127	adk(13)	fumC(14)	gyrB(19)	icd(36)	mdh(23)	purA(11)	recA(10)
data/genomes/562.99664.fna.gz	ecoli_achtman_4	141	adk(13)	fumC(52)	gyrB(10)	icd(14)	mdh(17)	purA(25)	recA(17)
data/genomes/562.99566.fna.gz	ecoli_achtman_4	95	adk(37)	fumC(38)	gyrB(19)	icd(37)	mdh(17)	purA(11)	recA(26)
data/genomes/562.99515.fna.gz	ecoli_achtman_4	95	adk(37)	fumC(38)	gyrB(19)	icd(37)	mdh(17)	purA(11)	recA(26)
data/genomes/562.99458.fna.gz	ecoli_achtman_4	73	adk(36)	fumC(24)	gyrB(9)	icd(13)	mdh(17)	purA(11)	recA(25)
data/genomes/562.99614.fna.gz	ecoli_achtman_4	69	adk(21)	fumC(35)	gyrB(27)	icd(6)	mdh(5)	purA(5)	recA(4)
data/genomes/562.99405.fna.gz	ecoli_achtman_4	83	adk(13)	fumC(38)	gyrB(19)	icd(13)	mdh(30)	purA(25)	recA(29)
data/genomes/562.99665.fna.gz	ecoli_achtman_4	10	adk(10)	fumC(11)	gyrB(4)	icd(8)	mdh(8)	purA(8)	recA(2)
data/genomes/562.99567.fna.gz	ecoli_achtman_4	12	adk(13)	fumC(13)	gyrB(9)	icd(13)	mdh(16)	purA(10)	recA(9)
data/genomes/562.99516.fna.gz	ecoli_achtman_4	73	adk(36)	fumC(24)	gyrB(9)	icd(13)	mdh(17)	purA(11)	recA(25)
data/genomes/562.99460.fna.gz	ecoli_achtman_4	8346	adk(6)	fumC(30)	gyrB(32)	icd(16)	mdh(643)	purA(8)	recA(7)
data/genomes/562.99615.fna.gz	ecoli_achtman_4	95	adk(37)	fumC(38)	gyrB(19)	icd(37)	mdh(17)	purA(11)	recA(26)
data/genomes/562.99407.fna.gz	ecoli_achtman_4	62	adk(28)	fumC(33)	gyrB(25)	icd(29)	mdh(7)	purA(11)	recA(24)
data/genomes/562.99666.fna.gz	ecoli_achtman_4	14	adk(14)	fumC(14)	gyrB(10)	icd(14)	mdh(17)	purA(7)	recA(10)
data/genomes/562.99568.fna.gz	ecoli_achtman_4	550	adk(14)	fumC(14)	gyrB(10)	icd(14)	mdh(17)	purA(92)	recA(10)
data/genomes/562.99517.fna.gz	ecoli_achtman_4	714	adk(126)	fumC(160)	gyrB(131)	icd(6)	mdh(5)	purA(5)	recA(99)
data/genomes/562.99463.fna.gz	ecoli_achtman_4	58	adk(6)	fumC(4)	gyrB(4)	icd(16)	mdh(24)	purA(8)	recA(14)
data/genomes/562.99616.fna.gz	ecoli_achtman_4	127	adk(13)	fumC(14)	gyrB(19)	icd(36)	mdh(23)	purA(11)	recA(10)
data/genomes/562.99408.fna.gz	ecoli_achtman_4	127	adk(13)	fumC(14)	gyrB(19)	icd(36)	mdh(23)	purA(11)	recA(10)
data/genomes/562.99667.fna.gz	ecoli_achtman_4	73	adk(36)	fumC(24)	gyrB(9)	icd(13)	mdh(17)	purA(11)	recA(25)
data/genomes/562.99569.fna.gz	ecoli_achtman_4	95	adk(37)	fumC(38)	gyrB(19)	icd(37)	mdh(17)	purA(11)	recA(26)
data/genomes/562.99518.fna.gz	ecoli_achtman_4	69	adk(21)	fumC(35)	gyrB(27)	icd(6)	mdh(5)	purA(5)	recA(4)
data/genomes/562.99464.fna.gz	ecoli_achtman_4	14	adk(14)	fumC(14)	gyrB(10)	icd(14)	mdh(17)	purA(7)	recA(10)
data/genomes/562.99617.fna.gz	ecoli_achtman_4	10289	adk(10)	fumC(11)	gyrB(4)	icd(8)	mdh(904)	purA(8)	recA(2)
data/genomes/562.99409.fna.gz	ecoli_achtman_4	155	adk(6)	fumC(4)	gyrB(14)	icd(16)	mdh(24)	purA(8)	recA(14)
data/genomes/562.99669.fna.gz	ecoli_achtman_4	104	adk(13)	fumC(24)	gyrB(9)	icd(13)	mdh(17)	purA(11)	recA(25)
data/genomes/562.99570.fna.gz	ecoli_achtman_4	12	adk(13)	fumC(13)	gyrB(9)	icd(13)	mdh(16)	purA(10)	recA(9)
data/genomes/562.99519.fna.gz	ecoli_achtman_4	10	adk(10)	fumC(11)	gyrB(4)	icd(8)	mdh(8)	purA(8)	recA(2)
data/genomes/562.99465.fna.gz	ecoli_achtman_4	95	adk(37)	fumC(38)	gyrB(19)	icd(37)	mdh(17)	purA(11)	recA(26)
data/genomes/562.99618.fna.gz	ecoli_achtman_4	95	adk(37)	fumC(38)	gyrB(19)	icd(37)	mdh(17)	purA(11)	recA(26)
data/genomes/562.99411.fna.gz	ecoli_achtman_4	73	adk(36)	fumC(24)	gyrB(9)	icd(13)	mdh(17)	purA(11)	recA(25)
data/genomes/562.99670.fna.gz	ecoli_achtman_4	117	adk(20)	fumC(45)	gyrB(41)	icd(43)	mdh(5)	purA(32)	recA(2)
data/genomes/562.99571.fna.gz	ecoli_achtman_4	10291	adk(13)	fumC(475)	gyrB(49)	icd(1193)	mdh(17)	purA(64)	recA(268)
data/genomes/562.99520.fna.gz	ecoli_achtman_4	131	adk(53)	fumC(40)	gyrB(47)	icd(13)	mdh(36)	purA(28)	recA(29)
data/genomes/562.99467.fna.gz	ecoli_achtman_4	95	adk(37)	fumC(38)	gyrB(19)	icd(37)	mdh(17)	purA(11)	recA(26)
data/genomes/562.99619.fna.gz	ecoli_achtman_4	69	adk(21)	fumC(35)	gyrB(27)	icd(6)	mdh(5)	purA(5)	recA(4)
data/genomes/562.99412.fna.gz	ecoli_achtman_4	95	adk(37)	fumC(38)	gyrB(19)	icd(37)	mdh(17)	purA(11)	recA(26)
data/genomes/562.99671.fna.gz	ecoli_achtman_4	12	adk(13)	fumC(13)	gyrB(9)	icd(13)	mdh(16)	purA(10)	recA(9)
data/genomes/562.99572.fna.gz	ecoli_achtman_4	131	adk(53)	fumC(40)	gyrB(47)	icd(13)	mdh(36)	purA(28)	recA(29)
data/genomes/562.99521.fna.gz	ecoli_achtman_4	141	adk(13)	fumC(52)	gyrB(10)	icd(14)	mdh(17)	purA(25)	recA(17)
data/genomes/562.99468.fna.gz	ecoli_achtman_4	761	adk(10)	fumC(11)	gyrB(5)	icd(8)	mdh(8)	purA(8)	recA(2)
data/genomes/562.99620.fna.gz	ecoli_achtman_4	998	adk(13)	fumC(52)	gyrB(156)	icd(14)	mdh(17)	purA(25)	recA(17)
data/genomes/562.99413.fna.gz	ecoli_achtman_4	131	adk(53)	fumC(40)	gyrB(47)	icd(13)	mdh(36)	purA(28)	recA(29)
data/genomes/562.99672.fna.gz	ecoli_achtman_4	62	adk(28)	fumC(33)	gyrB(25)	icd(29)	mdh(7)	purA(11)	recA(24)
data/genomes/562.99573.fna.gz	ecoli_achtman_4	167	adk(10)	fumC(11)	gyrB(4)	icd(8)	mdh(8)	purA(13)	recA(2)
data/genomes/562.99522.fna.gz	ecoli_achtman_4	131	adk(53)	fumC(40)	gyrB(47)	icd(13)	mdh(36)	purA(28)	recA(29)
data/genomes/562.99470.fna.gz	ecoli_achtman_4	73	adk(36)	fumC(24)	gyrB(9)	icd(13)	mdh(17)	purA(11)	recA(25)
data/genomes/562.99621.fna.gz	ecoli_achtman_4	38	adk(4)	fumC(26)	gyrB(2)	icd(25)	mdh(5)	purA(5)	recA(19)
data/genomes/562.99414.fna.gz	ecoli_achtman_4	10284	adk(1018)	fumC(1468)	gyrB(921)	icd(1191)	mdh(902)	purA(17)	recA(739)
data/genomes/562.99673.fna.gz	ecoli_achtman_4	224	adk(6)	fumC(4)	gyrB(33)	icd(16)	mdh(11)	purA(8)	recA(6)
data/genomes/562.99574.fna.gz	ecoli_achtman_4	569	adk(13)	fumC(38)	gyrB(84)	icd(13)	mdh(17)	purA(64)	recA(34)
data/genomes/562.99523.fna.gz	ecoli_achtman_4	131	adk(53)	fumC(40)	gyrB(47)	icd(13)	mdh(36)	purA(28)	recA(29)
data/genomes/562.99471.fna.gz	ecoli_achtman_4	135	adk(13)	fumC(39)	gyrB(50)	icd(13)	mdh(16)	purA(37)	recA(25)
data/genomes/562.99622.fna.gz	ecoli_achtman_4	95	adk(37)	fumC(38)	gyrB(19)	icd(37)	mdh(17)	purA(11)	recA(26)
data/genomes/562.99415.fna.gz	ecoli_achtman_4	550	adk(14)	fumC(14)	gyrB(10)	icd(14)	mdh(17)	purA(92)	recA(10)
data/genomes/562.99674.fna.gz	ecoli_achtman_4	14	adk(14)	fumC(14)	gyrB(10)	icd(14)	mdh(17)	purA(7)	recA(10)
data/genomes/562.99575.fna.gz	ecoli_achtman_4	69	adk(21)	fumC(35)	gyrB(27)	icd(6)	mdh(5)	purA(5)	recA(4)
data/genomes/562.99524.fna.gz	ecoli_achtman_4	69	adk(21)	fumC(35)	gyrB(27)	icd(6)	mdh(5)	purA(5)	recA(4)
data/genomes/562.99472.fna.gz	ecoli_achtman_4	73	adk(36)	fumC(24)	gyrB(9)	icd(13)	mdh(17)	purA(11)	recA(25)
data/genomes/562.99623.fna.gz	ecoli_achtman_4	141	adk(13)	fumC(52)	gyrB(10)	icd(14)	mdh(17)	purA(25)	recA(17)
data/genomes/562.99416.fna.gz	ecoli_achtman_4	141	adk(13)	fumC(52)	gyrB(10)	icd(14)	mdh(17)	purA(25)	recA(17)
data/genomes/562.99675.fna.gz	ecoli_achtman_4	95	adk(37)	fumC(38)	gyrB(19)	icd(37)	mdh(17)	purA(11)	recA(26)
data/genomes/562.99576.fna.gz	ecoli_achtman_4	999	adk(13)	fumC(166)	gyrB(47)	icd(13)	mdh(23)	purA(28)	recA(122)
data/genomes/562.99525.fna.gz	ecoli_achtman_4	405	adk(35)	fumC(37)	gyrB(29)	icd(25)	mdh(4)	purA(5)	recA(73)
data/genomes/562.99473.fna.gz	ecoli_achtman_4	73	adk(36)	fumC(24)	gyrB(9)	icd(13)	mdh(17)	purA(11)	recA(25)
data/genomes/562.99417.fna.gz	ecoli_achtman_4	69	adk(21)	fumC(35)	gyrB(27)	icd(6)	mdh(5)	purA(5)	recA(4)
data/genomes/562.99624.fna.gz	ecoli_achtman_4	10239	adk(6)	fumC(6)	gyrB(3)	icd(18)	mdh(11)	purA(7)	recA(2)
data/genomes/562.99676.fna.gz	ecoli_achtman_4	117	adk(20)	fumC(45)	gyrB(41)	icd(43)	mdh(5)	purA(32)	recA(2)
data/genomes/562.99577.fna.gz	ecoli_achtman_4	80	adk(13)	fumC(24)	gyrB(19)	icd(14)	mdh(23)	purA(1)	recA(10)
data/genomes/562.99526.fna.gz	ecoli_achtman_4	14	adk(14)	fumC(14)	gyrB(10)	icd(14)	mdh(17)	purA(7)	recA(10)
data/genomes/562.99474.fna.gz	ecoli_achtman_4	131	adk(53)	fumC(40)	gyrB(47)	icd(13)	mdh(36)	purA(28)	recA(29)
data/genomes/562.99418.fna.gz	ecoli_achtman_4	131	adk(53)	fumC(40)	gyrB(47)	icd(13)	mdh(36)	purA(28)	recA(29)
data/genomes/562.99625.fna.gz	ecoli_achtman_4	88	adk(6)	fumC(4)	gyrB(12)	icd(1)	mdh(20)	purA(12)	recA(7)
data/genomes/562.99677.fna.gz	ecoli_achtman_4	104	adk(13)	fumC(24)	gyrB(9)	icd(13)	mdh(17)	purA(11)	recA(25)
data/genomes/562.99578.fna.gz	ecoli_achtman_4	69	adk(21)	fumC(35)	gyrB(27)	icd(6)	mdh(5)	purA(5)	recA(4)
data/genomes/562.99527.fna.gz	ecoli_achtman_4	131	adk(53)	fumC(40)	gyrB(47)	icd(13)	mdh(36)	purA(28)	recA(29)
data/genomes/562.99475.fna.gz	ecoli_achtman_4	135	adk(13)	fumC(39)	gyrB(50)	icd(13)	mdh(16)	purA(37)	recA(25)
data/genomes/562.99626.fna.gz	ecoli_achtman_4	95	adk(37)	fumC(38)	gyrB(19)	icd(37)	mdh(17)	purA(11)	recA(26)
data/genomes/562.99419.fna.gz	ecoli_achtman_4	12	adk(13)	fumC(13)	gyrB(9)	icd(13)	mdh(16)	purA(10)	recA(9)
data/genomes/562.99678.fna.gz	ecoli_achtman_4	453	adk(99)	fumC(6)	gyrB(33)	icd(33)	mdh(24)	purA(8)	recA(7)
data/genomes/562.99579.fna.gz	ecoli_achtman_4	131	adk(53)	fumC(40)	gyrB(47)	icd(13)	mdh(36)	purA(28)	recA(29)
data/genomes/562.99528.fna.gz	ecoli_achtman_4	1324	adk(6)	fumC(29)	gyrB(178)	icd(18)	mdh(11)	purA(8)	recA(41)
data/genomes/562.99476.fna.gz	ecoli_achtman_4	28	adk(13)	fumC(21)	gyrB(13)	icd(22)	mdh(17)	purA(14)	recA(15)
data/genomes/562.99627.fna.gz	ecoli_achtman_4	453	adk(99)	fumC(6)	gyrB(33)	icd(33)	mdh(24)	purA(8)	recA(7)
data/genomes/562.99420.fna.gz	ecoli_achtman_4	101	adk(43)	fumC(41)	gyrB(15)	icd(18)	mdh(11)	purA(7)	recA(6)
data/genomes/562.99679.fna.gz	ecoli_achtman_4	676	adk(13)	fumC(38)	gyrB(19)	icd(13)	mdh(30)	purA(10)	recA(29)
data/genomes/562.99580.fna.gz	ecoli_achtman_4	69	adk(21)	fumC(35)	gyrB(27)	icd(6)	mdh(5)	purA(5)	recA(4)
data/genomes/562.99529.fna.gz	ecoli_achtman_4	135	adk(13)	fumC(39)	gyrB(50)	icd(13)	mdh(16)	purA(37)	recA(25)
data/genomes/562.99477.fna.gz	ecoli_achtman_4	355	adk(36)	fumC(24)	gyrB(10)	icd(13)	mdh(17)	purA(10)	recA(25)
data/genomes/562.99628.fna.gz	ecoli_achtman_4	1406	adk(46)	fumC(156)	gyrB(2)	icd(25)	mdh(5)	purA(16)	recA(19)
data/genomes/562.99421.fna.gz	ecoli_achtman_4	144	adk(13)	fumC(43)	gyrB(9)	icd(36)	mdh(30)	purA(44)	recA(25)
data/genomes/562.99680.fna.gz	ecoli_achtman_4	95	adk(37)	fumC(38)	gyrB(19)	icd(37)	mdh(17)	purA(11)	recA(26)
data/genomes/562.99581.fna.gz	ecoli_achtman_4	847	adk(6)	fumC(6)	gyrB(5)	icd(26)	mdh(9)	purA(13)	recA(98)
data/genomes/562.99530.fna.gz	ecoli_achtman_4	95	adk(37)	fumC(38)	gyrB(19)	icd(37)	mdh(17)	purA(11)	recA(26)
data/genomes/562.99478.fna.gz	ecoli_achtman_4	59	adk(27)	fumC(32)	gyrB(24)	icd(29)	mdh(26)	purA(19)	recA(22)
data/genomes/562.99629.fna.gz	ecoli_achtman_4	131	adk(53)	fumC(40)	gyrB(47)	icd(13)	mdh(36)	purA(28)	recA(29)
data/genomes/562.99422.fna.gz	ecoli_achtman_4	73	adk(36)	fumC(24)	gyrB(9)	icd(13)	mdh(17)	purA(11)	recA(25)
data/genomes/562.99681.fna.gz	ecoli_achtman_4	131	adk(53)	fumC(40)	gyrB(47)	icd(13)	mdh(36)	purA(28)	recA(29)
data/genomes/562.99582.fna.gz	ecoli_achtman_4	410	adk(6)	fumC(4)	gyrB(12)	icd(1)	mdh(20)	purA(18)	recA(7)
data/genomes/562.99531.fna.gz	ecoli_achtman_4	69	adk(21)	fumC(35)	gyrB(27)	icd(6)	mdh(5)	purA(5)	recA(4)
data/genomes/562.99479.fna.gz	ecoli_achtman_4	73	adk(36)	fumC(24)	gyrB(9)	icd(13)	mdh(17)	purA(11)	recA(25)
data/genomes/562.99423.fna.gz	ecoli_achtman_4	354	adk(85)	fumC(88)	gyrB(78)	icd(29)	mdh(59)	purA(58)	recA(62)
data/genomes/562.99630.fna.gz	ecoli_achtman_4	131	adk(53)	fumC(40)	gyrB(47)	icd(13)	mdh(36)	purA(28)	recA(29)
data/genomes/562.99682.fna.gz	ecoli_achtman_4	2522	adk(6)	fumC(29)	gyrB(5)	icd(18)	mdh(11)	purA(8)	recA(2)
data/genomes/562.99583.fna.gz	ecoli_achtman_4	69	adk(21)	fumC(35)	gyrB(27)	icd(6)	mdh(5)	purA(5)	recA(4)
data/genomes/562.99532.fna.gz	ecoli_achtman_4	73	adk(36)	fumC(24)	gyrB(9)	icd(13)	mdh(17)	purA(11)	recA(25)
data/genomes/562.99480.fna.gz	ecoli_achtman_4	372	adk(88)	fumC(103)	gyrB(19)	icd(36)	mdh(23)	purA(44)	recA(26)
data/genomes/562.99631.fna.gz	ecoli_achtman_4	2003	adk(4)	fumC(26)	gyrB(2)	icd(25)	mdh(4)	purA(5)	recA(19)
data/genomes/562.99424.fna.gz	ecoli_achtman_4	127	adk(13)	fumC(14)	gyrB(19)	icd(36)	mdh(23)	purA(11)	recA(10)
data/genomes/562.99683.fna.gz	ecoli_achtman_4	73	adk(36)	fumC(24)	gyrB(9)	icd(13)	mdh(17)	purA(11)	recA(25)
data/genomes/562.99584.fna.gz	ecoli_achtman_4	457	adk(101)	fumC(88)	gyrB(97)	icd(108)	mdh(26)	purA(79)	recA(2)
data/genomes/562.99533.fna.gz	ecoli_achtman_4	550	adk(14)	fumC(14)	gyrB(10)	icd(14)	mdh(17)	purA(92)	recA(10)
data/genomes/562.99481.fna.gz	ecoli_achtman_4	135	adk(13)	fumC(39)	gyrB(50)	icd(13)	mdh(16)	purA(37)	recA(25)
data/genomes/562.99632.fna.gz	ecoli_achtman_4	648	adk(92)	fumC(4)	gyrB(87)	icd(96)	mdh(70)	purA(58)	recA(2)
data/genomes/562.99425.fna.gz	ecoli_achtman_4	73	adk(36)	fumC(24)	gyrB(9)	icd(13)	mdh(17)	purA(11)	recA(25)
data/genomes/562.99585.fna.gz	ecoli_achtman_4	676	adk(13)	fumC(38)	gyrB(19)	icd(13)	mdh(30)	purA(10)	recA(29)
data/genomes/562.99684.fna.gz	ecoli_achtman_4	131	adk(53)	fumC(40)	gyrB(47)	icd(13)	mdh(36)	purA(28)	recA(29)
data/genomes/562.99534.fna.gz	ecoli_achtman_4	409	adk(10)	fumC(11)	gyrB(1)	icd(1)	mdh(71)	purA(8)	recA(6)
data/genomes/562.99482.fna.gz	ecoli_achtman_4	73	adk(36)	fumC(24)	gyrB(9)	icd(13)	mdh(17)	purA(11)	recA(25)
data/genomes/562.99633.fna.gz	ecoli_achtman_4	131	adk(53)	fumC(40)	gyrB(47)	icd(13)	mdh(36)	purA(28)	recA(29)
data/genomes/562.99426.fna.gz	ecoli_achtman_4	12	adk(13)	fumC(13)	gyrB(9)	icd(13)	mdh(16)	purA(10)	recA(9)
data/genomes/562.99586.fna.gz	ecoli_achtman_4	117	adk(20)	fumC(45)	gyrB(41)	icd(43)	mdh(5)	purA(32)	recA(2)
data/genomes/562.99685.fna.gz	ecoli_achtman_4	1333	adk(36)	fumC(24)	gyrB(84)	icd(13)	mdh(17)	purA(30)	recA(132)
data/genomes/562.99535.fna.gz	ecoli_achtman_4	95	adk(37)	fumC(38)	gyrB(19)	icd(37)	mdh(17)	purA(11)	recA(26)
data/genomes/562.99483.fna.gz	ecoli_achtman_4	69	adk(21)	fumC(35)	gyrB(27)	icd(6)	mdh(5)	purA(5)	recA(4)
data/genomes/562.99634.fna.gz	ecoli_achtman_4	131	adk(53)	fumC(40)	gyrB(47)	icd(13)	mdh(36)	purA(28)	recA(29)
data/genomes/562.99427.fna.gz	ecoli_achtman_4	10	adk(10)	fumC(11)	gyrB(4)	icd(8)	mdh(8)	purA(8)	recA(2)
data/genomes/562.99587.fna.gz	ecoli_achtman_4	1850	adk(6)	fumC(65)	gyrB(225)	icd(140)	mdh(9)	purA(1)	recA(165)
data/genomes/562.99686.fna.gz	ecoli_achtman_4	10292	adk(10)	fumC(11)	gyrB(4)	icd(1194)	mdh(8)	purA(8)	recA(2)
data/genomes/562.99536.fna.gz	ecoli_achtman_4	12	adk(13)	fumC(13)	gyrB(9)	icd(13)	mdh(16)	purA(10)	recA(9)
data/genomes/562.99484.fna.gz	ecoli_achtman_4	80	adk(13)	fumC(24)	gyrB(19)	icd(14)	mdh(23)	purA(1)	recA(10)
data/genomes/562.99635.fna.gz	ecoli_achtman_4	69	adk(21)	fumC(35)	gyrB(27)	icd(6)	mdh(5)	purA(5)	recA(4)
data/genomes/562.99588.fna.gz	ecoli_achtman_4	28	adk(13)	fumC(21)	gyrB(13)	icd(22)	mdh(17)	purA(14)	recA(15)
data/genomes/562.99429.fna.gz	ecoli_achtman_4	501	adk(35)	fumC(132)	gyrB(2)	icd(27)	mdh(37)	purA(5)	recA(4)
data/genomes/562.99687.fna.gz	ecoli_achtman_4	131	adk(53)	fumC(40)	gyrB(47)	icd(13)	mdh(36)	purA(28)	recA(29)
data/genomes/562.99537.fna.gz	ecoli_achtman_4	23	adk(6)	fumC(4)	gyrB(12)	icd(1)	mdh(20)	purA(13)	recA(7)
data/genomes/562.99485.fna.gz	ecoli_achtman_4	73	adk(36)	fumC(24)	gyrB(9)	icd(13)	mdh(17)	purA(11)	recA(25)
data/genomes/562.99636.fna.gz	ecoli_achtman_4	58	adk(6)	fumC(4)	gyrB(4)	icd(16)	mdh(24)	purA(8)	recA(14)
data/genomes/562.99589.fna.gz	ecoli_achtman_4	69	adk(21)	fumC(35)	gyrB(27)	icd(6)	mdh(5)	purA(5)	recA(4)
data/genomes/562.99430.fna.gz	ecoli_achtman_4	80	adk(13)	fumC(24)	gyrB(19)	icd(14)	mdh(23)	purA(1)	recA(10)
data/genomes/562.99688.fna.gz	ecoli_achtman_4	95	adk(37)	fumC(38)	gyrB(19)	icd(37)	mdh(17)	purA(11)	recA(26)
data/genomes/562.99538.fna.gz	ecoli_achtman_4	131	adk(53)	fumC(40)	gyrB(47)	icd(13)	mdh(36)	purA(28)	recA(29)
data/genomes/562.99486.fna.gz	ecoli_achtman_4	538	adk(13)	fumC(40)	gyrB(19)	icd(13)	mdh(36)	purA(28)	recA(30)
data/genomes/562.99637.fna.gz	ecoli_achtman_4	1193	adk(14)	fumC(14)	gyrB(10)	icd(200)	mdh(17)	purA(7)	recA(10)
data/genomes/562.99590.fna.gz	ecoli_achtman_4	10294	adk(14)	fumC(14)	gyrB(10)	icd(14)	mdh(17)	purA(777)	recA(10)
data/genomes/562.99689.fna.gz	ecoli_achtman_4	95	adk(37)	fumC(38)	gyrB(19)	icd(37)	mdh(17)	purA(11)	recA(26)
data/genomes/562.99539.fna.gz	ecoli_achtman_4	59	adk(27)	fumC(32)	gyrB(24)	icd(29)	mdh(26)	purA(19)	recA(22)
data/genomes/562.99431.fna.gz	ecoli_achtman_4	73	adk(36)	fumC(24)	gyrB(9)	icd(13)	mdh(17)	purA(11)	recA(25)
data/genomes/562.99487.fna.gz	ecoli_achtman_4	69	adk(21)	fumC(35)	gyrB(27)	icd(6)	mdh(5)	purA(5)	recA(4)
data/genomes/562.99638.fna.gz	ecoli_achtman_4	69	adk(21)	fumC(35)	gyrB(27)	icd(6)	mdh(5)	purA(5)	recA(4)
data/genomes/562.99591.fna.gz	ecoli_achtman_4	73	adk(36)	fumC(24)	gyrB(9)	icd(13)	mdh(17)	purA(11)	recA(25)
data/genomes/562.99540.fna.gz	ecoli_achtman_4	10	adk(10)	fumC(11)	gyrB(4)	icd(8)	mdh(8)	purA(8)	recA(2)
data/genomes/562.99690.fna.gz	ecoli_achtman_4	73	adk(36)	fumC(24)	gyrB(9)	icd(13)	mdh(17)	purA(11)	recA(25)
data/genomes/562.99433.fna.gz	ecoli_achtman_4	131	adk(53)	fumC(40)	gyrB(47)	icd(13)	mdh(36)	purA(28)	recA(29)
data/genomes/562.99488.fna.gz	ecoli_achtman_4	537	adk(14)	fumC(14)	gyrB(10)	icd(14)	mdh(17)	purA(11)	recA(10)
data/genomes/562.99639.fna.gz	ecoli_achtman_4	1228	adk(79)	fumC(26)	gyrB(196)	icd(212)	mdh(166)	purA(5)	recA(19)
data/genomes/562.99592.fna.gz	ecoli_achtman_4	95	adk(37)	fumC(38)	gyrB(19)	icd(37)	mdh(17)	purA(11)	recA(26)
data/genomes/562.99691.fna.gz	ecoli_achtman_4	388	adk(6)	fumC(4)	gyrB(12)	icd(18)	mdh(24)	purA(7)	recA(6)
data/genomes/562.99541.fna.gz	ecoli_achtman_4	73	adk(36)	fumC(24)	gyrB(9)	icd(13)	mdh(17)	purA(11)	recA(25)
data/genomes/562.99434.fna.gz	ecoli_achtman_4	135	adk(13)	fumC(39)	gyrB(50)	icd(13)	mdh(16)	purA(37)	recA(25)
data/genomes/562.99489.fna.gz	ecoli_achtman_4	124	adk(6)	fumC(19)	gyrB(3)	icd(18)	mdh(9)	purA(38)	recA(6)
data/genomes/562.99640.fna.gz	ecoli_achtman_4	1643	adk(13)	fumC(24)	gyrB(58)	icd(37)	mdh(17)	purA(11)	recA(25)
data/genomes/562.99593.fna.gz	ecoli_achtman_4	127	adk(13)	fumC(14)	gyrB(19)	icd(36)	mdh(23)	purA(11)	recA(10)
data/genomes/562.99692.fna.gz	ecoli_achtman_4	131	adk(53)	fumC(40)	gyrB(47)	icd(13)	mdh(36)	purA(28)	recA(29)
data/genomes/562.99542.fna.gz	ecoli_achtman_4	131	adk(53)	fumC(40)	gyrB(47)	icd(13)	mdh(36)	purA(28)	recA(29)
data/genomes/562.99435.fna.gz	ecoli_achtman_4	131	adk(53)	fumC(40)	gyrB(47)	icd(13)	mdh(36)	purA(28)	recA(29)
data/genomes/562.99490.fna.gz	ecoli_achtman_4	69	adk(21)	fumC(35)	gyrB(27)	icd(6)	mdh(5)	purA(5)	recA(4)
data/genomes/562.99641.fna.gz	ecoli_achtman_4	73	adk(36)	fumC(24)	gyrB(9)	icd(13)	mdh(17)	purA(11)	recA(25)
data/genomes/562.99594.fna.gz	ecoli_achtman_4	73	adk(36)	fumC(24)	gyrB(9)	icd(13)	mdh(17)	purA(11)	recA(25)
data/genomes/562.99436.fna.gz	ecoli_achtman_4	73	adk(36)	fumC(24)	gyrB(9)	icd(13)	mdh(17)	purA(11)	recA(25)
data/genomes/562.99693.fna.gz	ecoli_achtman_4	10235	adk(357)	fumC(4)	gyrB(14)	icd(1)	mdh(20)	purA(62)	recA(7)
data/genomes/562.99543.fna.gz	ecoli_achtman_4	69	adk(21)	fumC(35)	gyrB(27)	icd(6)	mdh(5)	purA(5)	recA(4)
data/genomes/562.99491.fna.gz	ecoli_achtman_4	95	adk(37)	fumC(38)	gyrB(19)	icd(37)	mdh(17)	purA(11)	recA(26)
data/genomes/562.99642.fna.gz	ecoli_achtman_4	38	adk(4)	fumC(26)	gyrB(2)	icd(25)	mdh(5)	purA(5)	recA(19)
data/genomes/562.99595.fna.gz	ecoli_achtman_4	59	adk(27)	fumC(32)	gyrB(24)	icd(29)	mdh(26)	purA(19)	recA(22)
data/genomes/562.99544.fna.gz	ecoli_achtman_4	58	adk(6)	fumC(4)	gyrB(4)	icd(16)	mdh(24)	purA(8)	recA(14)
data/genomes/562.99694.fna.gz	ecoli_achtman_4	73	adk(36)	fumC(24)	gyrB(9)	icd(13)	mdh(17)	purA(11)	recA(25)
data/genomes/562.99437.fna.gz	ecoli_achtman_4	73	adk(36)	fumC(24)	gyrB(9)	icd(13)	mdh(17)	purA(11)	recA(25)
data/genomes/562.99492.fna.gz	ecoli_achtman_4	131	adk(53)	fumC(40)	gyrB(47)	icd(13)	mdh(36)	purA(28)	recA(29)
data/genomes/562.99643.fna.gz	ecoli_achtman_4	73	adk(36)	fumC(24)	gyrB(9)	icd(13)	mdh(17)	purA(11)	recA(25)
data/genomes/562.99596.fna.gz	ecoli_achtman_4	95	adk(37)	fumC(38)	gyrB(19)	icd(37)	mdh(17)	purA(11)	recA(26)
data/genomes/562.99545.fna.gz	ecoli_achtman_4	73	adk(36)	fumC(24)	gyrB(9)	icd(13)	mdh(17)	purA(11)	recA(25)
data/genomes/562.99695.fna.gz	ecoli_achtman_4	10	adk(10)	fumC(11)	gyrB(4)	icd(8)	mdh(8)	purA(8)	recA(2)
data/genomes/562.99438.fna.gz	ecoli_achtman_4	95	adk(37)	fumC(38)	gyrB(19)	icd(37)	mdh(17)	purA(11)	recA(26)
data/genomes/562.99493.fna.gz	ecoli_achtman_4	219	adk(58)	fumC(53)	gyrB(53)	icd(58)	mdh(24)	purA(1)	recA(42)
data/genomes/562.99644.fna.gz	ecoli_achtman_4	131	adk(53)	fumC(40)	gyrB(47)	icd(13)	mdh(36)	purA(28)	recA(29)
data/genomes/562.99597.fna.gz	ecoli_achtman_4	131	adk(53)	fumC(40)	gyrB(47)	icd(13)	mdh(36)	purA(28)	recA(29)
data/genomes/562.99546.fna.gz	ecoli_achtman_4	12	adk(13)	fumC(13)	gyrB(9)	icd(13)	mdh(16)	purA(10)	recA(9)
data/genomes/562.99696.fna.gz	ecoli_achtman_4	73	adk(36)	fumC(24)	gyrB(9)	icd(13)	mdh(17)	purA(11)	recA(25)
data/genomes/562.99439.fna.gz	ecoli_achtman_4	357	adk(13)	fumC(40)	gyrB(13)	icd(13)	mdh(23)	purA(25)	recA(66)
data/genomes/562.99494.fna.gz	ecoli_achtman_4	69	adk(21)	fumC(35)	gyrB(27)	icd(6)	mdh(5)	purA(5)	recA(4)
data/genomes/562.99645.fna.gz	ecoli_achtman_4	131	adk(53)	fumC(40)	gyrB(47)	icd(13)	mdh(36)	purA(28)	recA(29)
data/genomes/562.99598.fna.gz	ecoli_achtman_4	73	adk(36)	fumC(24)	gyrB(9)	icd(13)	mdh(17)	purA(11)	recA(25)
data/genomes/562.99547.fna.gz	ecoli_achtman_4	404	adk(14)	fumC(14)	gyrB(10)	icd(14)	mdh(17)	purA(7)	recA(74)
data/genomes/562.99697.fna.gz	ecoli_achtman_4	73	adk(36)	fumC(24)	gyrB(9)	icd(13)	mdh(17)	purA(11)	recA(25)
data/genomes/562.99440.fna.gz	ecoli_achtman_4	95	adk(37)	fumC(38)	gyrB(19)	icd(37)	mdh(17)	purA(11)	recA(26)
data/genomes/562.99495.fna.gz	ecoli_achtman_4	127	adk(13)	fumC(14)	gyrB(19)	icd(36)	mdh(23)	purA(11)	recA(10)
data/genomes/562.99646.fna.gz	ecoli_achtman_4	155	adk(6)	fumC(4)	gyrB(14)	icd(16)	mdh(24)	purA(8)	recA(14)
data/genomes/562.99599.fna.gz	ecoli_achtman_4	10230	adk(9)	fumC(23)	gyrB(914)	icd(18)	mdh(11)	purA(8)	recA(6)
data/genomes/562.99698.fna.gz	ecoli_achtman_4	131	adk(53)	fumC(40)	gyrB(47)	icd(13)	mdh(36)	purA(28)	recA(29)
data/genomes/562.99441.fna.gz	ecoli_achtman_4	127	adk(13)	fumC(14)	gyrB(19)	icd(36)	mdh(23)	purA(11)	recA(10)
data/genomes/562.99549.fna.gz	ecoli_achtman_4	12	adk(13)	fumC(13)	gyrB(9)	icd(13)	mdh(16)	purA(10)	recA(9)
data/genomes/562.99496.fna.gz	ecoli_achtman_4	69	adk(21)	fumC(35)	gyrB(27)	icd(6)	mdh(5)	purA(5)	recA(4)
data/genomes/562.99600.fna.gz	ecoli_achtman_4	136	adk(38)	fumC(39)	gyrB(30)	icd(13)	mdh(17)	purA(11)	recA(28)
data/genomes/562.99647.fna.gz	ecoli_achtman_4	75	adk(6)	fumC(6)	gyrB(5)	icd(10)	mdh(20)	purA(23)	recA(6)
data/genomes/562.99699.fna.gz	ecoli_achtman_4	10266	adk(1013)	fumC(210)	gyrB(250)	icd(52)	mdh(4)	purA(5)	recA(95)
data/genomes/562.99550.fna.gz	ecoli_achtman_4	58	adk(6)	fumC(4)	gyrB(4)	icd(16)	mdh(24)	purA(8)	recA(14)
data/genomes/562.99442.fna.gz	ecoli_achtman_4	73	adk(36)	fumC(24)	gyrB(9)	icd(13)	mdh(17)	purA(11)	recA(25)
data/genomes/562.99498.fna.gz	ecoli_achtman_4	421	adk(37)	fumC(38)	gyrB(19)	icd(37)	mdh(17)	purA(8)	recA(26)
data/genomes/562.99601.fna.gz	ecoli_achtman_4	69	adk(21)	fumC(35)	gyrB(27)	icd(6)	mdh(5)	purA(5)	recA(4)
data/genomes/562.99648.fna.gz	ecoli_achtman_4	14	adk(14)	fumC(14)	gyrB(10)	icd(14)	mdh(17)	purA(7)	recA(10)
data/genomes/562.99551.fna.gz	ecoli_achtman_4	10265	adk(21)	fumC(1463)	gyrB(27)	icd(6)	mdh(5)	purA(5)	recA(4)
data/genomes/562.99443.fna.gz	ecoli_achtman_4	2619	adk(37)	fumC(38)	gyrB(286)	icd(37)	mdh(17)	purA(11)	recA(26)
data/genomes/562.99700.fna.gz	ecoli_achtman_4	59	adk(27)	fumC(32)	gyrB(24)	icd(29)	mdh(26)	purA(19)	recA(22)
data/genomes/562.99499.fna.gz	ecoli_achtman_4	69	adk(21)	fumC(35)	gyrB(27)	icd(6)	mdh(5)	purA(5)	recA(4)
data/genomes/562.99602.fna.gz	ecoli_achtman_4	95	adk(37)	fumC(38)	gyrB(19)	icd(37)	mdh(17)	purA(11)	recA(26)
data/genomes/562.99649.fna.gz	ecoli_achtman_4	73	adk(36)	fumC(24)	gyrB(9)	icd(13)	mdh(17)	purA(11)	recA(25)
data/genomes/562.99444.fna.gz	ecoli_achtman_4	95	adk(37)	fumC(38)	gyrB(19)	icd(37)	mdh(17)	purA(11)	recA(26)
data/genomes/562.99552.fna.gz	ecoli_achtman_4	95	adk(37)	fumC(38)	gyrB(19)	icd(37)	mdh(17)	purA(11)	recA(26)
data/genomes/562.99701.fna.gz	ecoli_achtman_4	131	adk(53)	fumC(40)	gyrB(47)	icd(13)	mdh(36)	purA(28)	recA(29)
data/genomes/562.99500.fna.gz	ecoli_achtman_4	362	adk(62)	fumC(100)	gyrB(17)	icd(31)	mdh(5)	purA(5)	recA(4)
data/genomes/562.99603.fna.gz	ecoli_achtman_4	453	adk(99)	fumC(6)	gyrB(33)	icd(33)	mdh(24)	purA(8)	recA(7)
data/genomes/562.99650.fna.gz	ecoli_achtman_4	991	adk(54)	fumC(22)	gyrB(2)	icd(27)	mdh(5)	purA(5)	recA(95)
data/genomes/562.99445.fna.gz	ecoli_achtman_4	126	adk(13)	fumC(43)	gyrB(19)	icd(37)	mdh(17)	purA(25)	recA(25)
data/genomes/562.99553.fna.gz	ecoli_achtman_4	550	adk(14)	fumC(14)	gyrB(10)	icd(14)	mdh(17)	purA(92)	recA(10)
data/genomes/562.99702.fna.gz	ecoli_achtman_4	131	adk(53)	fumC(40)	gyrB(47)	icd(13)	mdh(36)	purA(28)	recA(29)
data/genomes/562.99501.fna.gz	ecoli_achtman_4	131	adk(53)	fumC(40)	gyrB(47)	icd(13)	mdh(36)	purA(28)	recA(29)
data/genomes/562.99651.fna.gz	ecoli_achtman_4	58	adk(6)	fumC(4)	gyrB(4)	icd(16)	mdh(24)	purA(8)	recA(14)
data/genomes/562.99604.fna.gz	ecoli_achtman_4	95	adk(37)	fumC(38)	gyrB(19)	icd(37)	mdh(17)	purA(11)	recA(26)
data/genomes/562.99446.fna.gz	ecoli_achtman_4	73	adk(36)	fumC(24)	gyrB(9)	icd(13)	mdh(17)	purA(11)	recA(25)
data/genomes/562.99554.fna.gz	ecoli_achtman_4	10255	adk(92)	fumC(838)	gyrB(87)	icd(96)	mdh(70)	purA(58)	recA(2)
data/genomes/562.99502.fna.gz	ecoli_achtman_4	95	adk(37)	fumC(38)	gyrB(19)	icd(37)	mdh(17)	purA(11)	recA(26)
data/genomes/562.99703.fna.gz	ecoli_achtman_4	59	adk(27)	fumC(32)	gyrB(24)	icd(29)	mdh(26)	purA(19)	recA(22)
data/genomes/562.99652.fna.gz	ecoli_achtman_4	297	adk(6)	fumC(65)	gyrB(32)	icd(26)	mdh(9)	purA(8)	recA(2)
data/genomes/562.99605.fna.gz	ecoli_achtman_4	410	adk(6)	fumC(4)	gyrB(12)	icd(1)	mdh(20)	purA(18)	recA(7)
data/genomes/562.99447.fna.gz	ecoli_achtman_4	91	adk(13)	fumC(40)	gyrB(34)	icd(13)	mdh(23)	purA(28)	recA(30)
data/genomes/562.99555.fna.gz	ecoli_achtman_4	131	adk(53)	fumC(40)	gyrB(47)	icd(13)	mdh(36)	purA(28)	recA(29)
data/genomes/562.99503.fna.gz	ecoli_achtman_4	95	adk(37)	fumC(38)	gyrB(19)	icd(37)	mdh(17)	purA(11)	recA(26)
data/genomes/562.99704.fna.gz	ecoli_achtman_4	12	adk(13)	fumC(13)	gyrB(9)	icd(13)	mdh(16)	purA(10)	recA(9)
data/genomes/562.99653.fna.gz	ecoli_achtman_4	95	adk(37)	fumC(38)	gyrB(19)	icd(37)	mdh(17)	purA(11)	recA(26)
data/genomes/562.99606.fna.gz	ecoli_achtman_4	2619	adk(37)	fumC(38)	gyrB(286)	icd(37)	mdh(17)	purA(11)	recA(26)
data/genomes/562.99709.fna.gz	ecoli_achtman_4	73	adk(36)	fumC(24)	gyrB(9)	icd(13)	mdh(17)	purA(11)	recA(25)
data/genomes/562.99556.fna.gz	ecoli_achtman_4	95	adk(37)	fumC(38)	gyrB(19)	icd(37)	mdh(17)	purA(11)	recA(26)
data/genomes/562.99705.fna.gz	ecoli_achtman_4	398	adk(64)	fumC(7)	gyrB(1)	icd(1)	mdh(8)	purA(8)	recA(6)
data/genomes/562.99759.fna.gz	ecoli_achtman_4	14	adk(14)	fumC(14)	gyrB(10)	icd(14)	mdh(17)	purA(7)	recA(10)
data/genomes/562.99654.fna.gz	ecoli_achtman_4	10	adk(10)	fumC(11)	gyrB(4)	icd(8)	mdh(8)	purA(8)	recA(2)
data/genomes/562.99809.fna.gz	ecoli_achtman_4	141	adk(13)	fumC(52)	gyrB(10)	icd(14)	mdh(17)	purA(25)	recA(17)
data/genomes/562.99859.fna.gz	ecoli_achtman_4	131	adk(53)	fumC(40)	gyrB(47)	icd(13)	mdh(36)	purA(28)	recA(29)
data/genomes/562.99710.fna.gz	ecoli_achtman_4	69	adk(21)	fumC(35)	gyrB(27)	icd(6)	mdh(5)	purA(5)	recA(4)
data/genomes/562.99706.fna.gz	ecoli_achtman_4	38	adk(4)	fumC(26)	gyrB(2)	icd(25)	mdh(5)	purA(5)	recA(19)
data/genomes/562.99760.fna.gz	ecoli_achtman_4	95	adk(37)	fumC(38)	gyrB(19)	icd(37)	mdh(17)	purA(11)	recA(26)
data/genomes/562.99656.fna.gz	ecoli_achtman_4	10295	adk(36)	fumC(24)	gyrB(9)	icd(13)	mdh(17)	purA(778)	recA(25)
data/genomes/562.99810.fna.gz	ecoli_achtman_4	73	adk(36)	fumC(24)	gyrB(9)	icd(13)	mdh(17)	purA(11)	recA(25)
data/genomes/562.99711.fna.gz	ecoli_achtman_4	95	adk(37)	fumC(38)	gyrB(19)	icd(37)	mdh(17)	purA(11)	recA(26)
data/genomes/562.99860.fna.gz	ecoli_achtman_4	10	adk(10)	fumC(11)	gyrB(4)	icd(8)	mdh(8)	purA(8)	recA(2)
data/genomes/562.99707.fna.gz	ecoli_achtman_4	648	adk(92)	fumC(4)	gyrB(87)	icd(96)	mdh(70)	purA(58)	recA(2)
data/genomes/562.99761.fna.gz	ecoli_achtman_4	95	adk(37)	fumC(38)	gyrB(19)	icd(37)	mdh(17)	purA(11)	recA(26)
data/genomes/562.99657.fna.gz	ecoli_achtman_4	131	adk(53)	fumC(40)	gyrB(47)	icd(13)	mdh(36)	purA(28)	recA(29)
data/genomes/562.99811.fna.gz	ecoli_achtman_4	141	adk(13)	fumC(52)	gyrB(10)	icd(14)	mdh(17)	purA(25)	recA(17)
data/genomes/562.99712.fna.gz	ecoli_achtman_4	73	adk(36)	fumC(24)	gyrB(9)	icd(13)	mdh(17)	purA(11)	recA(25)
data/genomes/562.99861.fna.gz	ecoli_achtman_4	69	adk(21)	fumC(35)	gyrB(27)	icd(6)	mdh(5)	purA(5)	recA(4)
data/genomes/562.99708.fna.gz	ecoli_achtman_4	73	adk(36)	fumC(24)	gyrB(9)	icd(13)	mdh(17)	purA(11)	recA(25)
data/genomes/562.99762.fna.gz	ecoli_achtman_4	73	adk(36)	fumC(24)	gyrB(9)	icd(13)	mdh(17)	purA(11)	recA(25)
data/genomes/562.99909.fna.gz	ecoli_achtman_4	14	adk(14)	fumC(14)	gyrB(10)	icd(14)	mdh(17)	purA(7)	recA(10)
data/genomes/562.99812.fna.gz	ecoli_achtman_4	73	adk(36)	fumC(24)	gyrB(9)	icd(13)	mdh(17)	purA(11)	recA(25)
data/genomes/562.99713.fna.gz	ecoli_achtman_4	131	adk(53)	fumC(40)	gyrB(47)	icd(13)	mdh(36)	purA(28)	recA(29)
data/genomes/562.99862.fna.gz	ecoli_achtman_4	131	adk(53)	fumC(40)	gyrB(47)	icd(13)	mdh(36)	purA(28)	recA(29)
data/genomes/562.99959.fna.gz	ecoli_achtman_4	73	adk(36)	fumC(24)	gyrB(9)	icd(13)	mdh(17)	purA(11)	recA(25)
data/genomes/562.99763.fna.gz	ecoli_achtman_4	62	adk(28)	fumC(33)	gyrB(25)	icd(29)	mdh(7)	purA(11)	recA(24)
data/genomes/562.99910.fna.gz	ecoli_achtman_4	73	adk(36)	fumC(24)	gyrB(9)	icd(13)	mdh(17)	purA(11)	recA(25)
data/genomes/562.99714.fna.gz	ecoli_achtman_4	131	adk(53)	fumC(40)	gyrB(47)	icd(13)	mdh(36)	purA(28)	recA(29)
data/genomes/562.99813.fna.gz	ecoli_achtman_4	95	adk(37)	fumC(38)	gyrB(19)	icd(37)	mdh(17)	purA(11)	recA(26)
data/genomes/562.99960.fna.gz	ecoli_achtman_4	409	adk(10)	fumC(11)	gyrB(1)	icd(1)	mdh(71)	purA(8)	recA(6)
data/genomes/562.99863.fna.gz	ecoli_achtman_4	10	adk(10)	fumC(11)	gyrB(4)	icd(8)	mdh(8)	purA(8)	recA(2)
data/genomes/562.99764.fna.gz	ecoli_achtman_4	1193	adk(14)	fumC(14)	gyrB(10)	icd(200)	mdh(17)	purA(7)	recA(10)
data/genomes/562.99911.fna.gz	ecoli_achtman_4	95	adk(37)	fumC(38)	gyrB(19)	icd(37)	mdh(17)	purA(11)	recA(26)
data/genomes/562.99715.fna.gz	ecoli_achtman_4	131	adk(53)	fumC(40)	gyrB(47)	icd(13)	mdh(36)	purA(28)	recA(29)
data/genomes/562.99961.fna.gz	ecoli_achtman_4	421	adk(37)	fumC(38)	gyrB(19)	icd(37)	mdh(17)	purA(8)	recA(26)
data/genomes/562.99814.fna.gz	ecoli_achtman_4	73	adk(36)	fumC(24)	gyrB(9)	icd(13)	mdh(17)	purA(11)	recA(25)
data/genomes/562.99864.fna.gz	ecoli_achtman_4	95	adk(37)	fumC(38)	gyrB(19)	icd(37)	mdh(17)	purA(11)	recA(26)
data/genomes/562.99765.fna.gz	ecoli_achtman_4	69	adk(21)	fumC(35)	gyrB(27)	icd(6)	mdh(5)	purA(5)	recA(4)
data/genomes/562.99912.fna.gz	ecoli_achtman_4	12	adk(13)	fumC(13)	gyrB(9)	icd(13)	mdh(16)	purA(10)	recA(9)
data/genomes/562.99716.fna.gz	ecoli_achtman_4	73	adk(36)	fumC(24)	gyrB(9)	icd(13)	mdh(17)	purA(11)	recA(25)
data/genomes/562.99815.fna.gz	ecoli_achtman_4	69	adk(21)	fumC(35)	gyrB(27)	icd(6)	mdh(5)	purA(5)	recA(4)
data/genomes/562.99962.fna.gz	ecoli_achtman_4	141	adk(13)	fumC(52)	gyrB(10)	icd(14)	mdh(17)	purA(25)	recA(17)
data/genomes/562.99865.fna.gz	ecoli_achtman_4	12	adk(13)	fumC(13)	gyrB(9)	icd(13)	mdh(16)	purA(10)	recA(9)
data/genomes/562.99766.fna.gz	ecoli_achtman_4	10275	adk(13)	fumC(43)	gyrB(9)	icd(1189)	mdh(17)	purA(44)	recA(25)
data/genomes/562.99913.fna.gz	ecoli_achtman_4	372	adk(88)	fumC(103)	gyrB(19)	icd(36)	mdh(23)	purA(44)	recA(26)
data/genomes/562.99717.fna.gz	ecoli_achtman_4	357	adk(13)	fumC(40)	gyrB(13)	icd(13)	mdh(23)	purA(25)	recA(66)
data/genomes/562.99963.fna.gz	ecoli_achtman_4	95	adk(37)	fumC(38)	gyrB(19)	icd(37)	mdh(17)	purA(11)	recA(26)
data/genomes/562.99816.fna.gz	ecoli_achtman_4	83	adk(13)	fumC(38)	gyrB(19)	icd(13)	mdh(30)	purA(25)	recA(29)
data/genomes/562.99866.fna.gz	ecoli_achtman_4	73	adk(36)	fumC(24)	gyrB(9)	icd(13)	mdh(17)	purA(11)	recA(25)
data/genomes/562.99767.fna.gz	ecoli_achtman_4	2619	adk(37)	fumC(38)	gyrB(286)	icd(37)	mdh(17)	purA(11)	recA(26)
data/genomes/562.99914.fna.gz	ecoli_achtman_4	550	adk(14)	fumC(14)	gyrB(10)	icd(14)	mdh(17)	purA(92)	recA(10)
data/genomes/562.99718.fna.gz	ecoli_achtman_4	1011	adk(6)	fumC(4)	gyrB(159)	icd(44)	mdh(112)	purA(1)	recA(17)
data/genomes/562.99817.fna.gz	ecoli_achtman_4	95	adk(37)	fumC(38)	gyrB(19)	icd(37)	mdh(17)	purA(11)	recA(26)
data/genomes/562.99964.fna.gz	ecoli_achtman_4	73	adk(36)	fumC(24)	gyrB(9)	icd(13)	mdh(17)	purA(11)	recA(25)
data/genomes/562.99867.fna.gz	ecoli_achtman_4	2308	adk(6)	fumC(65)	gyrB(5)	icd(1)	mdh(11)	purA(8)	recA(6)
data/genomes/562.99768.fna.gz	ecoli_achtman_4	1146	adk(6)	fumC(29)	gyrB(4)	icd(1)	mdh(24)	purA(8)	recA(7)
data/genomes/562.99915.fna.gz	ecoli_achtman_4	73	adk(36)	fumC(24)	gyrB(9)	icd(13)	mdh(17)	purA(11)	recA(25)
data/genomes/562.99719.fna.gz	ecoli_achtman_4	127	adk(13)	fumC(14)	gyrB(19)	icd(36)	mdh(23)	purA(11)	recA(10)
data/genomes/562.99965.fna.gz	ecoli_achtman_4	961	adk(13)	fumC(13)	gyrB(9)	icd(13)	mdh(16)	purA(126)	recA(9)
data/genomes/562.99868.fna.gz	ecoli_achtman_4	95	adk(37)	fumC(38)	gyrB(19)	icd(37)	mdh(17)	purA(11)	recA(26)
data/genomes/562.99769.fna.gz	ecoli_achtman_4	95	adk(37)	fumC(38)	gyrB(19)	icd(37)	mdh(17)	purA(11)	recA(26)
data/genomes/562.99818.fna.gz	ecoli_achtman_4	10	adk(10)	fumC(11)	gyrB(4)	icd(8)	mdh(8)	purA(8)	recA(2)
data/genomes/562.99916.fna.gz	ecoli_achtman_4	95	adk(37)	fumC(38)	gyrB(19)	icd(37)	mdh(17)	purA(11)	recA(26)
data/genomes/562.99720.fna.gz	ecoli_achtman_4	393	adk(18)	fumC(106)	gyrB(17)	icd(6)	mdh(5)	purA(5)	recA(4)
data/genomes/562.99966.fna.gz	ecoli_achtman_4	136	adk(38)	fumC(39)	gyrB(30)	icd(13)	mdh(17)	purA(11)	recA(28)
data/genomes/562.99869.fna.gz	ecoli_achtman_4	127	adk(13)	fumC(14)	gyrB(19)	icd(36)	mdh(23)	purA(11)	recA(10)
data/genomes/562.99770.fna.gz	ecoli_achtman_4	95	adk(37)	fumC(38)	gyrB(19)	icd(37)	mdh(17)	purA(11)	recA(26)
data/genomes/562.99819.fna.gz	ecoli_achtman_4	12	adk(13)	fumC(13)	gyrB(9)	icd(13)	mdh(16)	purA(10)	recA(9)
data/genomes/562.99917.fna.gz	ecoli_achtman_4	131	adk(53)	fumC(40)	gyrB(47)	icd(13)	mdh(36)	purA(28)	recA(29)
data/genomes/562.99967.fna.gz	ecoli_achtman_4	95	adk(37)	fumC(38)	gyrB(19)	icd(37)	mdh(17)	purA(11)	recA(26)
data/genomes/562.99721.fna.gz	ecoli_achtman_4	131	adk(53)	fumC(40)	gyrB(47)	icd(13)	mdh(36)	purA(28)	recA(29)
data/genomes/562.99820.fna.gz	ecoli_achtman_4	2015	adk(76)	fumC(319)	gyrB(30)	icd(37)	mdh(17)	purA(10)	recA(96)
data/genomes/562.99771.fna.gz	ecoli_achtman_4	58	adk(6)	fumC(4)	gyrB(4)	icd(16)	mdh(24)	purA(8)	recA(14)
data/genomes/562.99870.fna.gz	ecoli_achtman_4	73	adk(36)	fumC(24)	gyrB(9)	icd(13)	mdh(17)	purA(11)	recA(25)
data/genomes/562.99918.fna.gz	ecoli_achtman_4	73	adk(36)	fumC(24)	gyrB(9)	icd(13)	mdh(17)	purA(11)	recA(25)
data/genomes/562.99722.fna.gz	ecoli_achtman_4	80	adk(13)	fumC(24)	gyrB(19)	icd(14)	mdh(23)	purA(1)	recA(10)
data/genomes/562.99968.fna.gz	ecoli_achtman_4	109	adk(6)	fumC(6)	gyrB(1)	icd(16)	mdh(9)	purA(13)	recA(2)
data/genomes/562.99821.fna.gz	ecoli_achtman_4	101	adk(43)	fumC(41)	gyrB(15)	icd(18)	mdh(11)	purA(7)	recA(6)
data/genomes/562.99772.fna.gz	ecoli_achtman_4	959	adk(13)	fumC(13)	gyrB(9)	icd(13)	mdh(16)	purA(10)	recA(119)
data/genomes/562.99871.fna.gz	ecoli_achtman_4	1155	adk(13)	fumC(147)	gyrB(19)	icd(13)	mdh(149)	purA(28)	recA(30)
data/genomes/562.99919.fna.gz	ecoli_achtman_4	5614	adk(6)	fumC(6)	gyrB(5)	icd(16)	mdh(11)	purA(26)	recA(6)
data/genomes/562.99723.fna.gz	ecoli_achtman_4	4038	adk(6)	fumC(19)	gyrB(3)	icd(18)	mdh(9)	purA(8)	recA(156)
data/genomes/562.99969.fna.gz	ecoli_achtman_4	73	adk(36)	fumC(24)	gyrB(9)	icd(13)	mdh(17)	purA(11)	recA(25)
data/genomes/562.99822.fna.gz	ecoli_achtman_4	428	adk(96)	fumC(40)	gyrB(13)	icd(100)	mdh(23)	purA(28)	recA(66)
data/genomes/562.99773.fna.gz	ecoli_achtman_4	80	adk(13)	fumC(24)	gyrB(19)	icd(14)	mdh(23)	purA(1)	recA(10)
data/genomes/562.99872.fna.gz	ecoli_achtman_4	31	adk(18)	fumC(22)	gyrB(17)	icd(6)	mdh(5)	purA(5)	recA(4)
data/genomes/562.99920.fna.gz	ecoli_achtman_4	88	adk(6)	fumC(4)	gyrB(12)	icd(1)	mdh(20)	purA(12)	recA(7)
data/genomes/562.99724.fna.gz	ecoli_achtman_4	38	adk(4)	fumC(26)	gyrB(2)	icd(25)	mdh(5)	purA(5)	recA(19)
data/genomes/562.99970.fna.gz	ecoli_achtman_4	14	adk(14)	fumC(14)	gyrB(10)	icd(14)	mdh(17)	purA(7)	recA(10)
data/genomes/562.99823.fna.gz	ecoli_achtman_4	135	adk(13)	fumC(39)	gyrB(50)	icd(13)	mdh(16)	purA(37)	recA(25)
data/genomes/562.99774.fna.gz	ecoli_achtman_4	95	adk(37)	fumC(38)	gyrB(19)	icd(37)	mdh(17)	purA(11)	recA(26)
data/genomes/562.99873.fna.gz	ecoli_achtman_4	109	adk(6)	fumC(6)	gyrB(1)	icd(16)	mdh(9)	purA(13)	recA(2)
data/genomes/562.99921.fna.gz	ecoli_achtman_4	297	adk(6)	fumC(65)	gyrB(32)	icd(26)	mdh(9)	purA(8)	recA(2)
data/genomes/562.99725.fna.gz	ecoli_achtman_4	648	adk(92)	fumC(4)	gyrB(87)	icd(96)	mdh(70)	purA(58)	recA(2)
data/genomes/562.99971.fna.gz	ecoli_achtman_4	69	adk(21)	fumC(35)	gyrB(27)	icd(6)	mdh(5)	purA(5)	recA(4)
data/genomes/562.99824.fna.gz	ecoli_achtman_4	95	adk(37)	fumC(38)	gyrB(19)	icd(37)	mdh(17)	purA(11)	recA(26)
data/genomes/562.99775.fna.gz	ecoli_achtman_4	95	adk(37)	fumC(38)	gyrB(19)	icd(37)	mdh(17)	purA(11)	recA(26)
data/genomes/562.99874.fna.gz	ecoli_achtman_4	352	adk(76)	fumC(96)	gyrB(19)	icd(89)	mdh(17)	purA(1)	recA(10)
data/genomes/562.99922.fna.gz	ecoli_achtman_4	73	adk(36)	fumC(24)	gyrB(9)	icd(13)	mdh(17)	purA(11)	recA(25)
data/genomes/562.99726.fna.gz	ecoli_achtman_4	648	adk(92)	fumC(4)	gyrB(87)	icd(96)	mdh(70)	purA(58)	recA(2)
data/genomes/562.99972.fna.gz	ecoli_achtman_4	12	adk(13)	fumC(13)	gyrB(9)	icd(13)	mdh(16)	purA(10)	recA(9)
data/genomes/562.99825.fna.gz	ecoli_achtman_4	1193	adk(14)	fumC(14)	gyrB(10)	icd(200)	mdh(17)	purA(7)	recA(10)
data/genomes/562.99776.fna.gz	ecoli_achtman_4	127	adk(13)	fumC(14)	gyrB(19)	icd(36)	mdh(23)	purA(11)	recA(10)
data/genomes/562.99875.fna.gz	ecoli_achtman_4	14	adk(14)	fumC(14)	gyrB(10)	icd(14)	mdh(17)	purA(7)	recA(10)
data/genomes/562.99923.fna.gz	ecoli_achtman_4	706	adk(88)	fumC(24)	gyrB(49)	icd(36)	mdh(17)	purA(11)	recA(91)
data/genomes/562.99973.fna.gz	ecoli_achtman_4	73	adk(36)	fumC(24)	gyrB(9)	icd(13)	mdh(17)	purA(11)	recA(25)
data/genomes/562.99826.fna.gz	ecoli_achtman_4	73	adk(36)	fumC(24)	gyrB(9)	icd(13)	mdh(17)	purA(11)	recA(25)
data/genomes/562.99727.fna.gz	ecoli_achtman_4	131	adk(53)	fumC(40)	gyrB(47)	icd(13)	mdh(36)	purA(28)	recA(29)
data/genomes/562.99777.fna.gz	ecoli_achtman_4	216	adk(10)	fumC(11)	gyrB(57)	icd(8)	mdh(7)	purA(18)	recA(6)
data/genomes/562.99876.fna.gz	ecoli_achtman_4	405	adk(35)	fumC(37)	gyrB(29)	icd(25)	mdh(4)	purA(5)	recA(73)
data/genomes/562.99924.fna.gz	ecoli_achtman_4	10411	adk(37)	fumC(1484)	gyrB(19)	icd(37)	mdh(17)	purA(11)	recA(26)
data/genomes/562.99728.fna.gz	ecoli_achtman_4	5644	adk(13)	fumC(195)	gyrB(49)	icd(89)	mdh(17)	purA(25)	recA(25)
data/genomes/562.99827.fna.gz	ecoli_achtman_4	357	adk(13)	fumC(40)	gyrB(13)	icd(13)	mdh(23)	purA(25)	recA(66)
data/genomes/562.99778.fna.gz	ecoli_achtman_4	73	adk(36)	fumC(24)	gyrB(9)	icd(13)	mdh(17)	purA(11)	recA(25)
data/genomes/562.99877.fna.gz	ecoli_achtman_4	95	adk(37)	fumC(38)	gyrB(19)	icd(37)	mdh(17)	purA(11)	recA(26)
data/genomes/562.99974.fna.gz	ecoli_achtman_4	73	adk(36)	fumC(24)	gyrB(9)	icd(13)	mdh(17)	purA(11)	recA(25)
data/genomes/562.99925.fna.gz	ecoli_achtman_4	12	adk(13)	fumC(13)	gyrB(9)	icd(13)	mdh(16)	purA(10)	recA(9)
data/genomes/562.99729.fna.gz	ecoli_achtman_4	38	adk(4)	fumC(26)	gyrB(2)	icd(25)	mdh(5)	purA(5)	recA(19)
data/genomes/562.99828.fna.gz	ecoli_achtman_4	127	adk(13)	fumC(14)	gyrB(19)	icd(36)	mdh(23)	purA(11)	recA(10)
data/genomes/562.99779.fna.gz	ecoli_achtman_4	69	adk(21)	fumC(35)	gyrB(27)	icd(6)	mdh(5)	purA(5)	recA(4)
data/genomes/562.99878.fna.gz	ecoli_achtman_4	410	adk(6)	fumC(4)	gyrB(12)	icd(1)	mdh(20)	purA(18)	recA(7)
data/genomes/562.99975.fna.gz	ecoli_achtman_4	59	adk(27)	fumC(32)	gyrB(24)	icd(29)	mdh(26)	purA(19)	recA(22)
data/genomes/562.99926.fna.gz	ecoli_achtman_4	405	adk(35)	fumC(37)	gyrB(29)	icd(25)	mdh(4)	purA(5)	recA(73)
data/genomes/562.99730.fna.gz	ecoli_achtman_4	1086	adk(6)	fumC(4)	gyrB(32)	icd(185)	mdh(24)	purA(13)	recA(7)
data/genomes/562.99829.fna.gz	ecoli_achtman_4	131	adk(53)	fumC(40)	gyrB(47)	icd(13)	mdh(36)	purA(28)	recA(29)
data/genomes/562.99780.fna.gz	ecoli_achtman_4	69	adk(21)	fumC(35)	gyrB(27)	icd(6)	mdh(5)	purA(5)	recA(4)
data/genomes/562.99879.fna.gz	ecoli_achtman_4	1316	adk(10)	fumC(214)	gyrB(1)	icd(1)	mdh(71)	purA(8)	recA(6)
data/genomes/562.99976.fna.gz	ecoli_achtman_4	131	adk(53)	fumC(40)	gyrB(47)	icd(13)	mdh(36)	purA(28)	recA(29)
data/genomes/562.99927.fna.gz	ecoli_achtman_4	131	adk(53)	fumC(40)	gyrB(47)	icd(13)	mdh(36)	purA(28)	recA(29)
data/genomes/562.99830.fna.gz	ecoli_achtman_4	354	adk(85)	fumC(88)	gyrB(78)	icd(29)	mdh(59)	purA(58)	recA(62)
data/genomes/562.99731.fna.gz	ecoli_achtman_4	69	adk(21)	fumC(35)	gyrB(27)	icd(6)	mdh(5)	purA(5)	recA(4)
data/genomes/562.99781.fna.gz	ecoli_achtman_4	131	adk(53)	fumC(40)	gyrB(47)	icd(13)	mdh(36)	purA(28)	recA(29)
data/genomes/562.99880.fna.gz	ecoli_achtman_4	73	adk(36)	fumC(24)	gyrB(9)	icd(13)	mdh(17)	purA(11)	recA(25)
data/genomes/562.99977.fna.gz	ecoli_achtman_4	58	adk(6)	fumC(4)	gyrB(4)	icd(16)	mdh(24)	purA(8)	recA(14)
data/genomes/562.99928.fna.gz	ecoli_achtman_4	69	adk(21)	fumC(35)	gyrB(27)	icd(6)	mdh(5)	purA(5)	recA(4)
data/genomes/562.99831.fna.gz	ecoli_achtman_4	676	adk(13)	fumC(38)	gyrB(19)	icd(13)	mdh(30)	purA(10)	recA(29)
data/genomes/562.99732.fna.gz	ecoli_achtman_4	1882	adk(18)	fumC(22)	gyrB(67)	icd(31)	mdh(5)	purA(5)	recA(4)
data/genomes/562.99782.fna.gz	ecoli_achtman_4	550	adk(14)	fumC(14)	gyrB(10)	icd(14)	mdh(17)	purA(92)	recA(10)
data/genomes/562.99881.fna.gz	ecoli_achtman_4	453	adk(99)	fumC(6)	gyrB(33)	icd(33)	mdh(24)	purA(8)	recA(7)
data/genomes/562.99978.fna.gz	ecoli_achtman_4	14	adk(14)	fumC(14)	gyrB(10)	icd(14)	mdh(17)	purA(7)	recA(10)
data/genomes/562.99929.fna.gz	ecoli_achtman_4	1193	adk(14)	fumC(14)	gyrB(10)	icd(200)	mdh(17)	purA(7)	recA(10)
data/genomes/562.99832.fna.gz	ecoli_achtman_4	95	adk(37)	fumC(38)	gyrB(19)	icd(37)	mdh(17)	purA(11)	recA(26)
data/genomes/562.99783.fna.gz	ecoli_achtman_4	73	adk(36)	fumC(24)	gyrB(9)	icd(13)	mdh(17)	purA(11)	recA(25)
data/genomes/562.99733.fna.gz	ecoli_achtman_4	648	adk(92)	fumC(4)	gyrB(87)	icd(96)	mdh(70)	purA(58)	recA(2)
data/genomes/562.99882.fna.gz	ecoli_achtman_4	131	adk(53)	fumC(40)	gyrB(47)	icd(13)	mdh(36)	purA(28)	recA(29)
data/genomes/562.99979.fna.gz	ecoli_achtman_4	57	adk(6)	fumC(31)	gyrB(5)	icd(28)	mdh(1)	purA(1)	recA(2)
data/genomes/562.99930.fna.gz	ecoli_achtman_4	95	adk(37)	fumC(38)	gyrB(19)	icd(37)	mdh(17)	purA(11)	recA(26)
data/genomes/562.99784.fna.gz	ecoli_achtman_4	73	adk(36)	fumC(24)	gyrB(9)	icd(13)	mdh(17)	purA(11)	recA(25)
data/genomes/562.99734.fna.gz	ecoli_achtman_4	73	adk(36)	fumC(24)	gyrB(9)	icd(13)	mdh(17)	purA(11)	recA(25)
data/genomes/562.99833.fna.gz	ecoli_achtman_4	12	adk(13)	fumC(13)	gyrB(9)	icd(13)	mdh(16)	purA(10)	recA(9)
data/genomes/562.99883.fna.gz	ecoli_achtman_4	73	adk(36)	fumC(24)	gyrB(9)	icd(13)	mdh(17)	purA(11)	recA(25)
data/genomes/562.99931.fna.gz	ecoli_achtman_4	410	adk(6)	fumC(4)	gyrB(12)	icd(1)	mdh(20)	purA(18)	recA(7)
data/genomes/562.99980.fna.gz	ecoli_achtman_4	59	adk(27)	fumC(32)	gyrB(24)	icd(29)	mdh(26)	purA(19)	recA(22)
data/genomes/562.99785.fna.gz	ecoli_achtman_4	349	adk(34)	fumC(36)	gyrB(39)	icd(87)	mdh(67)	purA(16)	recA(4)
data/genomes/562.99735.fna.gz	ecoli_achtman_4	1993	adk(13)	fumC(52)	gyrB(10)	icd(14)	mdh(17)	purA(207)	recA(17)
data/genomes/562.99834.fna.gz	ecoli_achtman_4	405	adk(35)	fumC(37)	gyrB(29)	icd(25)	mdh(4)	purA(5)	recA(73)
data/genomes/562.99884.fna.gz	ecoli_achtman_4	131	adk(53)	fumC(40)	gyrB(47)	icd(13)	mdh(36)	purA(28)	recA(29)
data/genomes/562.99932.fna.gz	ecoli_achtman_4	-	adk(13)	fumC(1021?)	gyrB(19)	icd(14)	mdh(23)	purA(1)	recA(737)
data/genomes/562.99981.fna.gz	ecoli_achtman_4	405	adk(35)	fumC(37)	gyrB(29)	icd(25)	mdh(4)	purA(5)	recA(73)
data/genomes/562.99786.fna.gz	ecoli_achtman_4	295	adk(6)	fumC(4)	gyrB(12)	icd(1)	mdh(9)	purA(2)	recA(7)
data/genomes/562.99736.fna.gz	ecoli_achtman_4	12	adk(13)	fumC(13)	gyrB(9)	icd(13)	mdh(16)	purA(10)	recA(9)
data/genomes/562.99835.fna.gz	ecoli_achtman_4	131	adk(53)	fumC(40)	gyrB(47)	icd(13)	mdh(36)	purA(28)	recA(29)
data/genomes/562.99885.fna.gz	ecoli_achtman_4	4566	adk(6)	fumC(41)	gyrB(33)	icd(16)	mdh(11)	purA(8)	recA(6)
data/genomes/562.99933.fna.gz	ecoli_achtman_4	95	adk(37)	fumC(38)	gyrB(19)	icd(37)	mdh(17)	purA(11)	recA(26)
data/genomes/562.99982.fna.gz	ecoli_achtman_4	95	adk(37)	fumC(38)	gyrB(19)	icd(37)	mdh(17)	purA(11)	recA(26)
data/genomes/562.99836.fna.gz	ecoli_achtman_4	95	adk(37)	fumC(38)	gyrB(19)	icd(37)	mdh(17)	purA(11)	recA(26)
data/genomes/562.99787.fna.gz	ecoli_achtman_4	58	adk(6)	fumC(4)	gyrB(4)	icd(16)	mdh(24)	purA(8)	recA(14)
data/genomes/562.99737.fna.gz	ecoli_achtman_4	69	adk(21)	fumC(35)	gyrB(27)	icd(6)	mdh(5)	purA(5)	recA(4)
data/genomes/562.99886.fna.gz	ecoli_achtman_4	136	adk(38)	fumC(39)	gyrB(30)	icd(13)	mdh(17)	purA(11)	recA(28)
data/genomes/562.99934.fna.gz	ecoli_achtman_4	73	adk(36)	fumC(24)	gyrB(9)	icd(13)	mdh(17)	purA(11)	recA(25)
data/genomes/562.99983.fna.gz	ecoli_achtman_4	73	adk(36)	fumC(24)	gyrB(9)	icd(13)	mdh(17)	purA(11)	recA(25)
data/genomes/562.99788.fna.gz	ecoli_achtman_4	428	adk(96)	fumC(40)	gyrB(13)	icd(100)	mdh(23)	purA(28)	recA(66)
data/genomes/562.99887.fna.gz	ecoli_achtman_4	372	adk(88)	fumC(103)	gyrB(19)	icd(36)	mdh(23)	purA(44)	recA(26)
data/genomes/562.99738.fna.gz	ecoli_achtman_4	1236	adk(170)	fumC(195)	gyrB(13)	icd(100)	mdh(30)	purA(25)	recA(30)
data/genomes/562.99837.fna.gz	ecoli_achtman_4	361	adk(10)	fumC(99)	gyrB(5)	icd(91)	mdh(8)	purA(7)	recA(2)
data/genomes/562.99935.fna.gz	ecoli_achtman_4	141	adk(13)	fumC(52)	gyrB(10)	icd(14)	mdh(17)	purA(25)	recA(17)
data/genomes/562.99984.fna.gz	ecoli_achtman_4	73	adk(36)	fumC(24)	gyrB(9)	icd(13)	mdh(17)	purA(11)	recA(25)
data/genomes/562.99888.fna.gz	ecoli_achtman_4	59	adk(27)	fumC(32)	gyrB(24)	icd(29)	mdh(26)	purA(19)	recA(22)
data/genomes/562.99789.fna.gz	ecoli_achtman_4	421	adk(37)	fumC(38)	gyrB(19)	icd(37)	mdh(17)	purA(8)	recA(26)
data/genomes/562.99838.fna.gz	ecoli_achtman_4	2766	adk(6)	fumC(4)	gyrB(5)	icd(1)	mdh(11)	purA(8)	recA(6)
data/genomes/562.99739.fna.gz	ecoli_achtman_4	131	adk(53)	fumC(40)	gyrB(47)	icd(13)	mdh(36)	purA(28)	recA(29)
data/genomes/562.99936.fna.gz	ecoli_achtman_4	131	adk(53)	fumC(40)	gyrB(47)	icd(13)	mdh(36)	purA(28)	recA(29)
data/genomes/562.99985.fna.gz	ecoli_achtman_4	69	adk(21)	fumC(35)	gyrB(27)	icd(6)	mdh(5)	purA(5)	recA(4)
data/genomes/562.99889.fna.gz	ecoli_achtman_4	12	adk(13)	fumC(13)	gyrB(9)	icd(13)	mdh(16)	purA(10)	recA(9)
data/genomes/562.99790.fna.gz	ecoli_achtman_4	95	adk(37)	fumC(38)	gyrB(19)	icd(37)	mdh(17)	purA(11)	recA(26)
data/genomes/562.99839.fna.gz	ecoli_achtman_4	95	adk(37)	fumC(38)	gyrB(19)	icd(37)	mdh(17)	purA(11)	recA(26)
data/genomes/562.99740.fna.gz	ecoli_achtman_4	372	adk(88)	fumC(103)	gyrB(19)	icd(36)	mdh(23)	purA(44)	recA(26)
data/genomes/562.99937.fna.gz	ecoli_achtman_4	104	adk(13)	fumC(24)	gyrB(9)	icd(13)	mdh(17)	purA(11)	recA(25)
data/genomes/562.99986.fna.gz	ecoli_achtman_4	69	adk(21)	fumC(35)	gyrB(27)	icd(6)	mdh(5)	purA(5)	recA(4)
data/genomes/562.99890.fna.gz	ecoli_achtman_4	127	adk(13)	fumC(14)	gyrB(19)	icd(36)	mdh(23)	purA(11)	recA(10)
data/genomes/562.99791.fna.gz	ecoli_achtman_4	117	adk(20)	fumC(45)	gyrB(41)	icd(43)	mdh(5)	purA(32)	recA(2)
data/genomes/562.99741.fna.gz	ecoli_achtman_4	95	adk(37)	fumC(38)	gyrB(19)	icd(37)	mdh(17)	purA(11)	recA(26)
data/genomes/562.99840.fna.gz	ecoli_achtman_4	73	adk(36)	fumC(24)	gyrB(9)	icd(13)	mdh(17)	purA(11)	recA(25)
data/genomes/562.99938.fna.gz	ecoli_achtman_4	131	adk(53)	fumC(40)	gyrB(47)	icd(13)	mdh(36)	purA(28)	recA(29)
data/genomes/562.99987.fna.gz	ecoli_achtman_4	28	adk(13)	fumC(21)	gyrB(13)	icd(22)	mdh(17)	purA(14)	recA(15)
data/genomes/562.99792.fna.gz	ecoli_achtman_4	73	adk(36)	fumC(24)	gyrB(9)	icd(13)	mdh(17)	purA(11)	recA(25)
data/genomes/562.99891.fna.gz	ecoli_achtman_4	2020	adk(21)	fumC(35)	gyrB(27)	icd(6)	mdh(220)	purA(5)	recA(4)
data/genomes/562.99742.fna.gz	ecoli_achtman_4	131	adk(53)	fumC(40)	gyrB(47)	icd(13)	mdh(36)	purA(28)	recA(29)
data/genomes/562.99841.fna.gz	ecoli_achtman_4	162	adk(9)	fumC(65)	gyrB(5)	icd(1)	mdh(9)	purA(13)	recA(6)
data/genomes/562.99939.fna.gz	ecoli_achtman_4	773	adk(6)	fumC(165)	gyrB(4)	icd(10)	mdh(7)	purA(8)	recA(6)
data/genomes/562.99988.fna.gz	ecoli_achtman_4	73	adk(36)	fumC(24)	gyrB(9)	icd(13)	mdh(17)	purA(11)	recA(25)
data/genomes/562.99892.fna.gz	ecoli_achtman_4	773	adk(6)	fumC(165)	gyrB(4)	icd(10)	mdh(7)	purA(8)	recA(6)
data/genomes/562.99793.fna.gz	ecoli_achtman_4	104	adk(13)	fumC(24)	gyrB(9)	icd(13)	mdh(17)	purA(11)	recA(25)
data/genomes/562.99743.fna.gz	ecoli_achtman_4	131	adk(53)	fumC(40)	gyrB(47)	icd(13)	mdh(36)	purA(28)	recA(29)
data/genomes/562.99842.fna.gz	ecoli_achtman_4	131	adk(53)	fumC(40)	gyrB(47)	icd(13)	mdh(36)	purA(28)	recA(29)
data/genomes/562.99940.fna.gz	ecoli_achtman_4	12	adk(13)	fumC(13)	gyrB(9)	icd(13)	mdh(16)	purA(10)	recA(9)
data/genomes/562.99989.fna.gz	ecoli_achtman_4	73	adk(36)	fumC(24)	gyrB(9)	icd(13)	mdh(17)	purA(11)	recA(25)
data/genomes/562.99893.fna.gz	ecoli_achtman_4	95	adk(37)	fumC(38)	gyrB(19)	icd(37)	mdh(17)	purA(11)	recA(26)
data/genomes/562.99794.fna.gz	ecoli_achtman_4	73	adk(36)	fumC(24)	gyrB(9)	icd(13)	mdh(17)	purA(11)	recA(25)
data/genomes/562.99744.fna.gz	ecoli_achtman_4	95	adk(37)	fumC(38)	gyrB(19)	icd(37)	mdh(17)	purA(11)	recA(26)
data/genomes/562.99843.fna.gz	ecoli_achtman_4	73	adk(36)	fumC(24)	gyrB(9)	icd(13)	mdh(17)	purA(11)	recA(25)
data/genomes/562.99941.fna.gz	ecoli_achtman_4	69	adk(21)	fumC(35)	gyrB(27)	icd(6)	mdh(5)	purA(5)	recA(4)
data/genomes/562.99990.fna.gz	ecoli_achtman_4	218	adk(10)	fumC(11)	gyrB(4)	icd(12)	mdh(8)	purA(8)	recA(2)
data/genomes/562.99894.fna.gz	ecoli_achtman_4	69	adk(21)	fumC(35)	gyrB(27)	icd(6)	mdh(5)	purA(5)	recA(4)
data/genomes/562.99795.fna.gz	ecoli_achtman_4	131	adk(53)	fumC(40)	gyrB(47)	icd(13)	mdh(36)	purA(28)	recA(29)
data/genomes/562.99745.fna.gz	ecoli_achtman_4	399	adk(6)	fumC(4)	gyrB(1)	icd(95)	mdh(69)	purA(8)	recA(20)
data/genomes/562.99844.fna.gz	ecoli_achtman_4	131	adk(53)	fumC(40)	gyrB(47)	icd(13)	mdh(36)	purA(28)	recA(29)
data/genomes/562.99942.fna.gz	ecoli_achtman_4	38	adk(4)	fumC(26)	gyrB(2)	icd(25)	mdh(5)	purA(5)	recA(19)
data/genomes/562.99991.fna.gz	ecoli_achtman_4	73	adk(36)	fumC(24)	gyrB(9)	icd(13)	mdh(17)	purA(11)	recA(25)
data/genomes/562.99895.fna.gz	ecoli_achtman_4	95	adk(37)	fumC(38)	gyrB(19)	icd(37)	mdh(17)	purA(11)	recA(26)
data/genomes/562.99796.fna.gz	ecoli_achtman_4	38	adk(4)	fumC(26)	gyrB(2)	icd(25)	mdh(5)	purA(5)	recA(19)
data/genomes/562.99746.fna.gz	ecoli_achtman_4	73	adk(36)	fumC(24)	gyrB(9)	icd(13)	mdh(17)	purA(11)	recA(25)
data/genomes/562.99845.fna.gz	ecoli_achtman_4	80	adk(13)	fumC(24)	gyrB(19)	icd(14)	mdh(23)	purA(1)	recA(10)
data/genomes/562.99943.fna.gz	ecoli_achtman_4	104	adk(13)	fumC(24)	gyrB(9)	icd(13)	mdh(17)	purA(11)	recA(25)
data/genomes/562.99992.fna.gz	ecoli_achtman_4	69	adk(21)	fumC(35)	gyrB(27)	icd(6)	mdh(5)	purA(5)	recA(4)
data/genomes/562.99896.fna.gz	ecoli_achtman_4	393	adk(18)	fumC(106)	gyrB(17)	icd(6)	mdh(5)	purA(5)	recA(4)
data/genomes/562.99797.fna.gz	ecoli_achtman_4	83	adk(13)	fumC(38)	gyrB(19)	icd(13)	mdh(30)	purA(25)	recA(29)
data/genomes/562.99747.fna.gz	ecoli_achtman_4	69	adk(21)	fumC(35)	gyrB(27)	icd(6)	mdh(5)	purA(5)	recA(4)
data/genomes/562.99846.fna.gz	ecoli_achtman_4	1642	adk(6)	fumC(4)	gyrB(5)	icd(18)	mdh(11)	purA(8)	recA(6)
data/genomes/562.99944.fna.gz	ecoli_achtman_4	10	adk(10)	fumC(11)	gyrB(4)	icd(8)	mdh(8)	purA(8)	recA(2)
data/genomes/562.99993.fna.gz	ecoli_achtman_4	14	adk(14)	fumC(14)	gyrB(10)	icd(14)	mdh(17)	purA(7)	recA(10)
data/genomes/562.99897.fna.gz	ecoli_achtman_4	95	adk(37)	fumC(38)	gyrB(19)	icd(37)	mdh(17)	purA(11)	recA(26)
data/genomes/562.99798.fna.gz	ecoli_achtman_4	73	adk(36)	fumC(24)	gyrB(9)	icd(13)	mdh(17)	purA(11)	recA(25)
data/genomes/562.99748.fna.gz	ecoli_achtman_4	73	adk(36)	fumC(24)	gyrB(9)	icd(13)	mdh(17)	purA(11)	recA(25)
data/genomes/562.99847.fna.gz	ecoli_achtman_4	393	adk(18)	fumC(106)	gyrB(17)	icd(6)	mdh(5)	purA(5)	recA(4)
data/genomes/562.99945.fna.gz	ecoli_achtman_4	131	adk(53)	fumC(40)	gyrB(47)	icd(13)	mdh(36)	purA(28)	recA(29)
data/genomes/562.99994.fna.gz	ecoli_achtman_4	136	adk(38)	fumC(39)	gyrB(30)	icd(13)	mdh(17)	purA(11)	recA(28)
data/genomes/562.99898.fna.gz	ecoli_achtman_4	73	adk(36)	fumC(24)	gyrB(9)	icd(13)	mdh(17)	purA(11)	recA(25)
data/genomes/562.99799.fna.gz	ecoli_achtman_4	73	adk(36)	fumC(24)	gyrB(9)	icd(13)	mdh(17)	purA(11)	recA(25)
data/genomes/562.99749.fna.gz	ecoli_achtman_4	58	adk(6)	fumC(4)	gyrB(4)	icd(16)	mdh(24)	purA(8)	recA(14)
data/genomes/562.99848.fna.gz	ecoli_achtman_4	69	adk(21)	fumC(35)	gyrB(27)	icd(6)	mdh(5)	purA(5)	recA(4)
data/genomes/562.99946.fna.gz	ecoli_achtman_4	131	adk(53)	fumC(40)	gyrB(47)	icd(13)	mdh(36)	purA(28)	recA(29)
data/genomes/562.99995.fna.gz	ecoli_achtman_4	69	adk(21)	fumC(35)	gyrB(27)	icd(6)	mdh(5)	purA(5)	recA(4)
data/genomes/562.99800.fna.gz	ecoli_achtman_4	131	adk(53)	fumC(40)	gyrB(47)	icd(13)	mdh(36)	purA(28)	recA(29)
data/genomes/562.99899.fna.gz	ecoli_achtman_4	73	adk(36)	fumC(24)	gyrB(9)	icd(13)	mdh(17)	purA(11)	recA(25)
data/genomes/562.99750.fna.gz	ecoli_achtman_4	117	adk(20)	fumC(45)	gyrB(41)	icd(43)	mdh(5)	purA(32)	recA(2)
data/genomes/562.99849.fna.gz	ecoli_achtman_4	10223	adk(203)	fumC(35)	gyrB(27)	icd(232)	mdh(40)	purA(5)	recA(19)
data/genomes/562.99947.fna.gz	ecoli_achtman_4	69	adk(21)	fumC(35)	gyrB(27)	icd(6)	mdh(5)	purA(5)	recA(4)
data/genomes/562.99996.fna.gz	ecoli_achtman_4	69	adk(21)	fumC(35)	gyrB(27)	icd(6)	mdh(5)	purA(5)	recA(4)
data/genomes/562.99900.fna.gz	ecoli_achtman_4	73	adk(36)	fumC(24)	gyrB(9)	icd(13)	mdh(17)	purA(11)	recA(25)
data/genomes/562.99850.fna.gz	ecoli_achtman_4	978	adk(76)	fumC(43)	gyrB(19)	icd(13)	mdh(17)	purA(44)	recA(25)
data/genomes/562.99801.fna.gz	ecoli_achtman_4	1193	adk(14)	fumC(14)	gyrB(10)	icd(200)	mdh(17)	purA(7)	recA(10)
data/genomes/562.99751.fna.gz	ecoli_achtman_4	131	adk(53)	fumC(40)	gyrB(47)	icd(13)	mdh(36)	purA(28)	recA(29)
data/genomes/562.99948.fna.gz	ecoli_achtman_4	131	adk(53)	fumC(40)	gyrB(47)	icd(13)	mdh(36)	purA(28)	recA(29)
data/genomes/562.99997.fna.gz	ecoli_achtman_4	80	adk(13)	fumC(24)	gyrB(19)	icd(14)	mdh(23)	purA(1)	recA(10)
data/genomes/562.99901.fna.gz	ecoli_achtman_4	390	adk(37)	fumC(38)	gyrB(86)	icd(37)	mdh(17)	purA(11)	recA(26)
data/genomes/562.99851.fna.gz	ecoli_achtman_4	127	adk(13)	fumC(14)	gyrB(19)	icd(36)	mdh(23)	purA(11)	recA(10)
data/genomes/562.99802.fna.gz	ecoli_achtman_4	131	adk(53)	fumC(40)	gyrB(47)	icd(13)	mdh(36)	purA(28)	recA(29)
data/genomes/562.99752.fna.gz	ecoli_achtman_4	95	adk(37)	fumC(38)	gyrB(19)	icd(37)	mdh(17)	purA(11)	recA(26)
data/genomes/562.99949.fna.gz	ecoli_achtman_4	1674	adk(101)	fumC(88)	gyrB(97)	icd(108)	mdh(7)	purA(13)	recA(2)
data/genomes/562.99998.fna.gz	ecoli_achtman_4	372	adk(88)	fumC(103)	gyrB(19)	icd(36)	mdh(23)	purA(44)	recA(26)
data/genomes/562.99902.fna.gz	ecoli_achtman_4	127	adk(13)	fumC(14)	gyrB(19)	icd(36)	mdh(23)	purA(11)	recA(10)
data/genomes/562.99852.fna.gz	ecoli_achtman_4	69	adk(21)	fumC(35)	gyrB(27)	icd(6)	mdh(5)	purA(5)	recA(4)
data/genomes/562.99803.fna.gz	ecoli_achtman_4	73	adk(36)	fumC(24)	gyrB(9)	icd(13)	mdh(17)	purA(11)	recA(25)
data/genomes/562.99753.fna.gz	ecoli_achtman_4	131	adk(53)	fumC(40)	gyrB(47)	icd(13)	mdh(36)	purA(28)	recA(29)
data/genomes/562.99950.fna.gz	ecoli_achtman_4	998	adk(13)	fumC(52)	gyrB(156)	icd(14)	mdh(17)	purA(25)	recA(17)
data/genomes/562.99999.fna.gz	ecoli_achtman_4	10237	adk(88)	fumC(103)	gyrB(19)	icd(36)	mdh(23)	purA(774)	recA(26)
data/genomes/562.99903.fna.gz	ecoli_achtman_4	73	adk(36)	fumC(24)	gyrB(9)	icd(13)	mdh(17)	purA(11)	recA(25)
data/genomes/562.99853.fna.gz	ecoli_achtman_4	69	adk(21)	fumC(35)	gyrB(27)	icd(6)	mdh(5)	purA(5)	recA(4)
data/genomes/562.99804.fna.gz	ecoli_achtman_4	127	adk(13)	fumC(14)	gyrB(19)	icd(36)	mdh(23)	purA(11)	recA(10)
data/genomes/562.99754.fna.gz	ecoli_achtman_4	38	adk(4)	fumC(26)	gyrB(2)	icd(25)	mdh(5)	purA(5)	recA(19)
data/genomes/562.99951.fna.gz	ecoli_achtman_4	12	adk(13)	fumC(13)	gyrB(9)	icd(13)	mdh(16)	purA(10)	recA(9)
data/genomes/562.99904.fna.gz	ecoli_achtman_4	131	adk(53)	fumC(40)	gyrB(47)	icd(13)	mdh(36)	purA(28)	recA(29)
data/genomes/562.99854.fna.gz	ecoli_achtman_4	73	adk(36)	fumC(24)	gyrB(9)	icd(13)	mdh(17)	purA(11)	recA(25)
data/genomes/562.99755.fna.gz	ecoli_achtman_4	1193	adk(14)	fumC(14)	gyrB(10)	icd(200)	mdh(17)	purA(7)	recA(10)
data/genomes/562.99805.fna.gz	ecoli_achtman_4	127	adk(13)	fumC(14)	gyrB(19)	icd(36)	mdh(23)	purA(11)	recA(10)
data/genomes/562.99952.fna.gz	ecoli_achtman_4	95	adk(37)	fumC(38)	gyrB(19)	icd(37)	mdh(17)	purA(11)	recA(26)
data/genomes/562.99905.fna.gz	ecoli_achtman_4	405	adk(35)	fumC(37)	gyrB(29)	icd(25)	mdh(4)	purA(5)	recA(73)
data/genomes/562.99855.fna.gz	ecoli_achtman_4	136	adk(38)	fumC(39)	gyrB(30)	icd(13)	mdh(17)	purA(11)	recA(28)
data/genomes/562.99756.fna.gz	ecoli_achtman_4	1432	adk(6)	fumC(65)	gyrB(4)	icd(18)	mdh(24)	purA(8)	recA(14)
data/genomes/562.99806.fna.gz	ecoli_achtman_4	393	adk(18)	fumC(106)	gyrB(17)	icd(6)	mdh(5)	purA(5)	recA(4)
data/genomes/562.99953.fna.gz	ecoli_achtman_4	73	adk(36)	fumC(24)	gyrB(9)	icd(13)	mdh(17)	purA(11)	recA(25)
data/genomes/562.99906.fna.gz	ecoli_achtman_4	73	adk(36)	fumC(24)	gyrB(9)	icd(13)	mdh(17)	purA(11)	recA(25)
data/genomes/562.99856.fna.gz	ecoli_achtman_4	95	adk(37)	fumC(38)	gyrB(19)	icd(37)	mdh(17)	purA(11)	recA(26)
data/genomes/562.99757.fna.gz	ecoli_achtman_4	127	adk(13)	fumC(14)	gyrB(19)	icd(36)	mdh(23)	purA(11)	recA(10)
data/genomes/562.99807.fna.gz	ecoli_achtman_4	10	adk(10)	fumC(11)	gyrB(4)	icd(8)	mdh(8)	purA(8)	recA(2)
data/genomes/562.99954.fna.gz	ecoli_achtman_4	127	adk(13)	fumC(14)	gyrB(19)	icd(36)	mdh(23)	purA(11)	recA(10)
data/genomes/562.99907.fna.gz	ecoli_achtman_4	69	adk(21)	fumC(35)	gyrB(27)	icd(6)	mdh(5)	purA(5)	recA(4)
data/genomes/562.99857.fna.gz	ecoli_achtman_4	14	adk(14)	fumC(14)	gyrB(10)	icd(14)	mdh(17)	purA(7)	recA(10)
data/genomes/562.99758.fna.gz	ecoli_achtman_4	69	adk(21)	fumC(35)	gyrB(27)	icd(6)	mdh(5)	purA(5)	recA(4)
data/genomes/562.99808.fna.gz	ecoli_achtman_4	404	adk(14)	fumC(14)	gyrB(10)	icd(14)	mdh(17)	purA(7)	recA(74)
data/genomes/562.99955.fna.gz	ecoli_achtman_4	131	adk(53)	fumC(40)	gyrB(47)	icd(13)	mdh(36)	purA(28)	recA(29)
data/genomes/562.99908.fna.gz	ecoli_achtman_4	91	adk(13)	fumC(40)	gyrB(34)	icd(13)	mdh(23)	purA(28)	recA(30)
data/genomes/562.99858.fna.gz	ecoli_achtman_4	12	adk(13)	fumC(13)	gyrB(9)	icd(13)	mdh(16)	purA(10)	recA(9)
data/genomes/562.99956.fna.gz	ecoli_achtman_4	38	adk(4)	fumC(26)	gyrB(2)	icd(25)	mdh(5)	purA(5)	recA(19)
data/genomes/562.99957.fna.gz	ecoli_achtman_4	95	adk(37)	fumC(38)	gyrB(19)	icd(37)	mdh(17)	purA(11)	recA(26)
data/genomes/562.99958.fna.gz	ecoli_achtman_4	10283	adk(244)	fumC(4)	gyrB(4)	icd(1190)	mdh(9)	purA(26)	recA(7)
