genome_id,ampicillin,cefotaxime,ciprofloxacin,gentamicin,trimethoprim/sulfamethoxazole,markers
562.100000,RESISTANT,susceptible,,susceptible,RESISTANT,aadA5; acrF; blaCTX-M-15; blaEC; blaTEM-1; dfrA17; emrD; gyrA_D87N; gyrA_S83L; mdtM; parC_E84V; parC_S80I; parE_I529L; ptsI_V25I; sul1; uhpT_E350Q
562.100001,RESISTANT,,susceptible,susceptible,RESISTANT,aadA1; acrF; blaEC; blaTEM-1; blaTEMp_C32T; dfrA1; emrD; marR_S3N; sat2
562.100002,RESISTANT,susceptible,susceptible,susceptible,RESISTANT,acrF; blaEC; emrD; marR_S3N
562.100003,susceptible,susceptible,susceptible,susceptible,susceptible,aac(3)-IId; acrF; aph(3'')-Ib; aph(6)-Id; blaEC; blaTEM-1; emrD; gyrA_S83L; mdtM; parE_I529L; ptsI_V25I; sul2; tet(A); uhpT_E350Q
562.100004,susceptible,susceptible,susceptible,,susceptible,acrF; aph(3'')-Ib; aph(6)-Id; blaEC; blaTEM-1; dfrA5; mdtM; sul2
562.100005,RESISTANT,susceptible,susceptible,susceptible,susceptible,acrF; blaEC; mdtM
562.100006,RESISTANT,susceptible,susceptible,susceptible,susceptible,acrF; blaEC; blaTEM-1; blaTEMp_G162T; emrD; marR_S3N
562.100007,RESISTANT,susceptible,susceptible,susceptible,RESISTANT,aadA5; acrF; blaEC; blaTEM-1; cyaA_S352T; dfrA17; emrD; mdtM; mph(A); mrx(A); sul1
562.100008,RESISTANT,susceptible,susceptible,susceptible,susceptible,acrF; blaEC; blaTEM-1; emrD; marR_S3N; sul2
562.100009,RESISTANT,RESISTANT,susceptible,susceptible,RESISTANT,aadA1; aadA2; acrF; blaCTX-M-14; blaEC; blaTEM-1; cmlA1; dfrA12; floR; gyrA_S83L; mdtM; nfsA_G131D; sul2; tet(A); tet(M)
562.100010,susceptible,susceptible,susceptible,susceptible,susceptible,acrF; blaEC; emrD; marR_S3N
562.100011,RESISTANT,susceptible,susceptible,susceptible,susceptible,aadA1; acrF; blaEC-5; blaSHV-1; emrD; sul1
562.100012,susceptible,susceptible,susceptible,susceptible,susceptible,acrF; acrR_L89TerfsTer0; blaEC-5; emrD
562.100013,susceptible,susceptible,susceptible,susceptible,susceptible,acrF; blaEC; emrD; marR_S3N; mdtM
562.100014,RESISTANT,susceptible,RESISTANT,susceptible,RESISTANT,acrF; aph(3'')-Ib; aph(6)-Id; blaEC; blaLAP-2; blaTEM-1; dfrA14; emrD; gyrA_D87Y; mdtM; ompC_K302VfsTer1; qnrS1; sul2
562.100015,RESISTANT,susceptible,susceptible,susceptible,RESISTANT,aadA1; acrF; blaEC-5; blaTEM-1; dfrA1; emrD; mdtM; sat2
562.100016,susceptible,susceptible,susceptible,susceptible,susceptible,acrF; blaEC; mdtM
562.100017,susceptible,susceptible,susceptible,susceptible,susceptible,acrF; blaEC-5; emrD; marR_S3N; uhpT_E350Q
562.100018,RESISTANT,RESISTANT,RESISTANT,susceptible,RESISTANT,aadA5; acrF; blaCTX-M-15; blaEC; dfrA17; emrD; gyrA_D87N; gyrA_S83L; mdtM; mph(A); mrx(A); parC_E84V; parC_S80I; parE_I529L; ptsI_V25I; sul1; tet(A); uhpT_E350Q
562.100019,RESISTANT,susceptible,susceptible,susceptible,susceptible,acrF; aph(3'')-Ib; aph(6)-Id; blaEC; blaTEM-1; emrD; marR_S3N; mdtM; sul2
562.100020,susceptible,susceptible,susceptible,susceptible,susceptible,acrF; blaEC; emrD; marR_S3N; mdtM
562.100021,susceptible,susceptible,susceptible,susceptible,susceptible,acrF; blaEC; mdtM
562.100022,RESISTANT,susceptible,susceptible,susceptible,susceptible,acrF; acrR_A163QfsTer11; aph(3'')-Ib; aph(6)-Id; blaEC; blaTEM-1; cyaA_S352T; emrD; gyrA_D87G; mdtM; nfsA_L43FfsTer4; nfsB_A115PfsTer63; sul2
562.100023,RESISTANT,RESISTANT,RESISTANT,RESISTANT,RESISTANT,aac(3)-IIe; aac(6')-Ib-cr5; aadA5; acrF; acrR_E67Ter; blaCTX-M-15; blaEC; blaOXA-1; blaTEM-1; catB3; dfrA17; emrD; gyrA_D87N; gyrA_S83L; mdtM; mph(A); mrx(A); ompC_K304TerfsTer0; parC_E84V; parC_S80I; parE_I529L; ptsI_V25I; sul1; tet(A); uhpT_E350Q
562.100024,susceptible,susceptible,susceptible,susceptible,susceptible,acrF; blaEC; emrD; marR_S3N
562.100025,RESISTANT,susceptible,susceptible,susceptible,RESISTANT,acrF; aph(3'')-Ib; aph(6)-Id; blaEC; blaTEM-1; dfrA5; mdtM; sul2; tet(A)
562.100026,susceptible,susceptible,susceptible,susceptible,susceptible,acrF; blaEC; emrD
562.100027,RESISTANT,susceptible,susceptible,susceptible,susceptible,acrF; aph(3'')-Ib; aph(6)-Id; blaEC; blaTEM-1; mdtM; sul2
562.100028,RESISTANT,susceptible,susceptible,susceptible,susceptible,acrF; aph(3'')-Ib; aph(6)-Id; blaEC; blaTEM-1; catA1; emrD; marR_S3N; sul2; tet(A)
562.100029,RESISTANT,susceptible,susceptible,susceptible,susceptible,acrF; aph(3'')-Ib; aph(6)-Id; blaEC; blaTEM-1; emrD; sul2
562.100030,RESISTANT,susceptible,susceptible,susceptible,susceptible,acrF; blaEC-5; blaTEM-1; emrD; uhpT_E350Q
562.100031,RESISTANT,susceptible,susceptible,susceptible,RESISTANT,acrF; aph(3'')-Ib; aph(6)-Id; blaEC; blaTEM-1; cyaA_S352T; dfrA5; emrD; sul2
562.100032,RESISTANT,susceptible,susceptible,susceptible,susceptible,aadA1; acrF; blaEC; blaTEM-1; blaTEMp_C32T; dfrA1; emrD; marR_S3N; sat2
562.100033,susceptible,susceptible,susceptible,susceptible,RESISTANT,acrF; blaEC; dfrA5; mdtM
562.100034,RESISTANT,susceptible,susceptible,susceptible,susceptible,acrF; aph(3'')-Ib; aph(6)-Id; blaEC; blaTEM-1; cyaA_S352T; emrD; mdtM; mph(A); mrx(A); sul2
562.100035,susceptible,susceptible,susceptible,susceptible,susceptible,acrF; blaEC; emrD; marR_P90AfsTer15; uhpT_E350Q
562.100036,susceptible,susceptible,susceptible,susceptible,susceptible,acrF; blaEC; emrD; marR_S3N
562.100037,RESISTANT,susceptible,susceptible,susceptible,RESISTANT,acrF; aph(3'')-Ib; aph(6)-Id; blaEC; blaTEM-1; dfrA5; emrD; parE_I529L; ptsI_V25I; sul2; uhpT_E350Q
562.100038,RESISTANT,susceptible,susceptible,susceptible,susceptible,acrF; aph(3'')-Ib; aph(6)-Id; blaEC; blaTEM-1; blaTEMp_C32T; cyaA_S352T; emrD; sul2
562.100039,susceptible,susceptible,susceptible,susceptible,susceptible,acrF; blaEC; mdtM
562.100040,susceptible,susceptible,susceptible,susceptible,RESISTANT,aadA1; acrF; blaEC; dfrA1; emrD; marR_S3N; mdtM; sat2
562.100041,susceptible,susceptible,susceptible,susceptible,susceptible,acrF; blaEC; emrD; marR_S3N
562.100042,RESISTANT,susceptible,susceptible,susceptible,susceptible,acrF; blaEC-5; blaTEM-1; emrD
562.100043,RESISTANT,susceptible,susceptible,susceptible,RESISTANT,aadA5; acrF; aph(3'')-Ib; aph(6)-Id; blaEC; blaTEM-1; cyaA_S352T; dfrA17; emrD; mdtM; mph(A); mrx(A); sul1; sul2; tet(A)
562.100044,RESISTANT,RESISTANT,RESISTANT,susceptible,RESISTANT,aac(6')-Ib-cr5; aadA5; acrF; blaCTX-M-15; blaEC; blaOXA-1; catB3; dfrA17; emrD; gyrA_D87N; gyrA_S83L; mdtM; mph(A); mrx(A); parC_E84V; parC_S80I; parE_I529L; ptsI_V25I; sul1; tet(A); uhpT_E350Q
562.100045,RESISTANT,susceptible,susceptible,susceptible,RESISTANT,aadA5; acrF; aph(3'')-Ib; aph(6)-Id; blaEC; blaTEM-1; cyaA_S352T; dfrA17; emrD; mdtM; sul1; sul2
562.100046,susceptible,susceptible,susceptible,susceptible,susceptible,acrF; blaEC; mdtM
562.100047,susceptible,susceptible,susceptible,susceptible,susceptible,acrF; blaEC; emrD; mdtM; parE_I529L; ptsI_V25I; uhpT_E350Q
562.100048,RESISTANT,susceptible,susceptible,susceptible,RESISTANT,aadA5; acrF; aph(3'')-Ib; aph(6)-Id; blaEC; blaTEM-1; cyaA_S352T; dfrA17; emrD; mdtM; sul1; sul2
562.100049,susceptible,susceptible,susceptible,susceptible,RESISTANT,aadA1; acrF; blaEC; cyaA_S352T; dfrA1; emrD; mdtM; parC_S57T; sul1; tet(A)
562.100050,RESISTANT,RESISTANT,RESISTANT,RESISTANT,RESISTANT,aac(3)-IIe; aac(6')-Ib-cr5; aadA5; acrF; blaCTX-M-15; blaEC; blaOXA-1; catB3; cyaA_S352T; dfrA17; emrD; gyrA_D87N; gyrA_S83L; mph(A); mrx(A); ompF_Y253EfsTer3; parC_S80I; parE_S458A; sul1; tet(B)
562.100051,susceptible,susceptible,susceptible,susceptible,susceptible,acrF; blaEC-5; emrD
562.100052,RESISTANT,susceptible,susceptible,susceptible,RESISTANT,aadA1; acrF; aph(3'')-Ib; aph(6)-Id; blaEC; blaTEM-1; dfrA1; mdtM; mph(B); rdmCL; sul1; sul2; tet(A)
562.100053,susceptible,susceptible,susceptible,susceptible,susceptible,acrF; blaEC-5; emrD
562.100054,susceptible,susceptible,susceptible,susceptible,susceptible,acrF; blaEC; emrD; marR_S3N
562.100055,RESISTANT,susceptible,RESISTANT,susceptible,susceptible,acrF; aph(3'')-Ib; aph(6)-Id; blaEC; blaTEM-1; cirA_E450AfsTer30; cyaA_S352T; emrD; gyrA_S83L; mdtM; parC_S80I; sul2; tet(A)
562.100056,susceptible,susceptible,susceptible,susceptible,susceptible,acrF; blaEC; cirA_Q598Ter; emrD; uhpT_E350Q
562.100057,susceptible,susceptible,susceptible,susceptible,susceptible,acrF; blaEC-5; emrD
562.100058,RESISTANT,susceptible,susceptible,RESISTANT,RESISTANT,aac(3)-IId; aadA1; aadA2; acrF; blaEC; blaTEM-1; catA1; dfrA1; dfrA12; emrD; gyrA_S83V; mph(A); mrx(A); ompF_E223KfsTer17; parE_I529L; ptsI_V25I; sul1; uhpT_E350Q
562.100059,RESISTANT,RESISTANT,susceptible,RESISTANT,RESISTANT,aac(3)-IId; aadA5; acrF; blaCTX-M-14; blaEC; blaTEM-1; cyaA_S352T; dfrA17; emrD; gyrA_S83L; mdtM; mph(A); mrx(A); sul1; tet(B)
562.100060,susceptible,susceptible,susceptible,susceptible,susceptible,aadA1; acrF; blaEC-5; emrD; sul1
562.100061,RESISTANT,RESISTANT,RESISTANT,susceptible,RESISTANT,acrF; aph(3'')-Ib; aph(6)-Id; blaCMY-2; blaEC; blaTEM-1; dfrA14; gyrA_D87N; gyrA_S83L; mdtM; parC_S80I; parE_S458A; sul2; tet(A)
562.100062,RESISTANT,susceptible,susceptible,susceptible,susceptible,acrF; blaEC; blaTEM-1; blaTEMp_C32T; emrD
562.100063,susceptible,susceptible,susceptible,susceptible,susceptible,acrF; blaEC; mdtM; ompC_V38SfsTer3
562.100064,susceptible,susceptible,susceptible,susceptible,susceptible,acrF; blaEC-5; emrD
562.100065,susceptible,susceptible,susceptible,susceptible,susceptible,acrF; blaEC; mdtM
562.100066,susceptible,susceptible,susceptible,susceptible,susceptible,acrF; blaEC; cirA_Y390Ter; emrD
562.100067,susceptible,susceptible,susceptible,susceptible,susceptible,acrF; blaEC; mdtM
562.100068,RESISTANT,susceptible,susceptible,susceptible,susceptible,aadA1; acrF; blaEC-5; blaSHV-1; emrD; sul1
562.100069,susceptible,susceptible,susceptible,susceptible,susceptible,acrF; blaEC; mdtM
562.100070,susceptible,susceptible,susceptible,susceptible,susceptible,acrF; blaEC; emrD; gyrA_S83L; mdtM; parE_I529L; ptsI_V25I; uhpT_E350Q
562.100071,RESISTANT,susceptible,susceptible,susceptible,susceptible,acrF; aph(3'')-Ib; aph(6)-Id; blaEC; blaTEM-1; emrD; marR_S3N; mdtM; sul2
562.100072,susceptible,susceptible,susceptible,susceptible,susceptible,acrF; blaEC; cyaA_S352T; emrD
562.100073,RESISTANT,susceptible,susceptible,susceptible,susceptible,acrF; aph(3'')-Ib; aph(3')-Ia; aph(6)-Id; blaEC; blaTEM-1; gyrA_S83L; mdtM; sul2; tet(A)
562.100074,RESISTANT,susceptible,,susceptible,susceptible,acrF; blaEC-5; blaTEM-1; emrD; gyrA_S83L; marR_S3N; uhpT_E350Q
562.100075,susceptible,susceptible,susceptible,susceptible,susceptible,acrF; blaEC; cyaA_S352T; emrD; mdtM
562.100076,susceptible,susceptible,susceptible,susceptible,susceptible,acrF; blaEC; mdtM
562.100077,susceptible,susceptible,susceptible,susceptible,RESISTANT,acrF; aph(3'')-Ib; aph(6)-Id; blaEC; cyaA_S352T; dfrA14; emrD; mdtM; sul2
562.100078,susceptible,susceptible,susceptible,susceptible,susceptible,acrF; blaEC; emrD; marR_S3N; mdtM
562.100079,RESISTANT,susceptible,susceptible,susceptible,susceptible,acrF; blaEC-5; emrD; mdtM
562.100080,susceptible,susceptible,susceptible,susceptible,susceptible,acrF; blaEC; emrD
562.100081,susceptible,susceptible,susceptible,,susceptible,acrF; blaEC-5; emrD
562.100082,RESISTANT,susceptible,RESISTANT,susceptible,RESISTANT,acrF; aph(3'')-Ib; aph(6)-Id; blaEC; blaTEM-1; catA1; cyaA_S352T; dfrA8; emrD; gyrA_D87N; gyrA_S83L; mdtM; parC_S80I; sul2; tet(A); uhpT_E350Q
562.100083,susceptible,susceptible,RESISTANT,susceptible,RESISTANT,aadA2; acrF; blaEC; cirA_Q162Ter; dfrA12; estX-3; gyrA_D87N; gyrA_S83L; mdtM; mph(A); mrx(A); nfsA_G126R; parC_S80I; parE_S458A; sul1; sul3; tet(A); tet(B)
562.100084,RESISTANT,susceptible,RESISTANT,RESISTANT,susceptible,aac(3)-IId; acrF; blaEC; blaTEM-1; emrD; gyrA_D87N; gyrA_S83L; mdtM; parC_E84V; parC_S80I; parE_I529L; ptsI_V25I; uhpT_E350Q
562.100085,RESISTANT,susceptible,susceptible,susceptible,RESISTANT,aadA1; acrF; blaEC; blaTEM-1; dfrA15; emrD; parE_I529L; ptsI_V25I; sul1; tet(A); uhpT_E350Q
562.100086,susceptible,susceptible,susceptible,susceptible,susceptible,aadA5; acrF; blaEC; cyaA_S352T; dfrA17; emrD; tet(B)
562.100087,susceptible,susceptible,susceptible,susceptible,susceptible,acrF; aph(3'')-Ib; aph(6)-Id; blaEC-5; emrD; sul2; tet(B)
562.100088,RESISTANT,susceptible,susceptible,susceptible,RESISTANT,aadA1; acrF; aph(3'')-Ib; aph(6)-Id; blaEC; blaTEM-1; dfrA1; mdtM; sul1; sul2; tet(A)
562.100089,RESISTANT,susceptible,susceptible,susceptible,susceptible,acrF; blaEC-5; blaTEM-1; emrD; sul2
562.100090,susceptible,susceptible,susceptible,susceptible,susceptible,acrF; blaEC; emrD; mdtM
562.100091,susceptible,susceptible,susceptible,susceptible,susceptible,acrF; aph(3'')-Ib; aph(6)-Id; blaEC; emrD; marR_S3N; sul2
562.100092,susceptible,susceptible,susceptible,susceptible,RESISTANT,aadA1; aadA2; acrF; blaEC; dfrA12; emrD; mdtM; sul1; tet(A)
562.100093,susceptible,susceptible,susceptible,susceptible,susceptible,acrF; blaEC; emrD; marR_S3N
562.100094,susceptible,susceptible,susceptible,susceptible,susceptible,acrF; blaEC; emrD; uhpT_E350Q
562.100095,susceptible,susceptible,susceptible,susceptible,susceptible,acrF; blaEC; emrD; mdtM; uhpT_E350Q
562.100096,susceptible,susceptible,susceptible,susceptible,susceptible,acrF; blaEC-5; emrD
562.100097,susceptible,susceptible,susceptible,susceptible,susceptible,acrF; blaEC; emrD; marR_S3N; mdtM
562.100098,susceptible,susceptible,susceptible,susceptible,susceptible,acrF; blaEC; mdtM
562.100099,susceptible,susceptible,susceptible,susceptible,susceptible,acrF; blaEC-5; emrD; nfsA_Q191Ter; uhpT_E350Q
562.100100,RESISTANT,susceptible,susceptible,RESISTANT,RESISTANT,aac(3)-IId; aadA5; acrF; acrR_P182RfsTer62; aph(3'')-Ib; aph(6)-Id; blaEC-5; blaTEM-1; dfrA17; emrD; mph(A); mrx(A); sul1; sul2; tet(A)
562.100101,susceptible,susceptible,susceptible,susceptible,susceptible,acrF; blaEC-5; cirA_W243Ter; emrD
562.100102,susceptible,susceptible,susceptible,susceptible,susceptible,acrF; blaEC; emrD; uhpT_E350Q
562.100103,RESISTANT,susceptible,susceptible,susceptible,susceptible,acrF; ampC_T-32A; blaEC; emrD; marR_S3N
562.100104,RESISTANT,susceptible,susceptible,susceptible,susceptible,acrF; aph(3'')-Ib; aph(6)-Id; blaEC; blaTEM-1; cyaA_S352T; emrD; mdtM; sul2
562.100105,susceptible,susceptible,susceptible,susceptible,susceptible,acrF; blaEC; emrD; marR_S3N
562.100106,susceptible,susceptible,susceptible,susceptible,susceptible,acrF; blaEC; emrD; marR_S3N
562.100107,susceptible,susceptible,susceptible,susceptible,susceptible,acrF; blaEC; cyaA_S352T; emrD
562.100108,susceptible,susceptible,susceptible,susceptible,susceptible,acrF; blaEC; mdtM
562.100109,RESISTANT,RESISTANT,susceptible,susceptible,RESISTANT,aadA2; acrF; blaCTX-M-14; blaEC; dfrA16; mdtM; sul1; tet(A)
562.100110,susceptible,susceptible,susceptible,susceptible,susceptible,acrF; blaEC; mdtM
562.100111,susceptible,susceptible,susceptible,susceptible,susceptible,acrF; blaEC; emrD; marR_S3N
562.100112,susceptible,susceptible,susceptible,susceptible,susceptible,acrF; blaEC; cirA_Q56Ter; cyaA_S352T; emrD; mdtM
562.100113,susceptible,susceptible,susceptible,susceptible,susceptible,acrF; blaEC-5; emrD; parE_D475E
562.100114,RESISTANT,RESISTANT,RESISTANT,RESISTANT,RESISTANT,aac(3)-IIe; aac(6')-Ib-cr5; aadA5; acrF; blaCTX-M-15; blaEC; blaOXA-1; catB3; dfrA17; emrD; gyrA_D87N; gyrA_S83L; mdtM; mph(A); mrx(A); nfsA_N134IfsTer94; parC_E84V; parC_S80I; parE_I529L; ptsI_V25I; sul1; tet(A); uhpT_E350Q
562.100115,susceptible,susceptible,susceptible,susceptible,susceptible,acrF; blaEC; mdtM
562.100116,RESISTANT,susceptible,RESISTANT,RESISTANT,RESISTANT,aac(3)-IId; aadA5; acrF; aph(3'')-Ib; aph(6)-Id; blaEC; blaTEM-1; blaTEMp_C32T; dfrA17; emrD; gyrA_D87N; gyrA_S83L; mdtM; mph(A); mrx(A); parC_E84V; parC_S80I; parE_I529L; ptsI_V25I; sul1; sul2; tet(A); uhpT_E350Q
562.100117,RESISTANT,susceptible,RESISTANT,RESISTANT,RESISTANT,aac(3)-IId; acrF; blaEC-5; blaTEM-1; dfrA5; emrD; gyrA_D87N; gyrA_S83L; marR_S3N; parC_S80I; parE_L416F; sul1; uhpT_E350Q
562.100118,susceptible,susceptible,susceptible,susceptible,susceptible,acrF; blaEC; mdtM
562.100119,RESISTANT,RESISTANT,RESISTANT,,RESISTANT,aac(3)-IId; aadA5; acrF; aph(3'')-Ib; aph(6)-Id; blaEC; blaTEM-1; dfrA17; emrD; gyrA_S83L; mdtM; mph(A); mrx(A); parC_A108T; parC_S80I; ptsI_V25I; sul1; sul2; tet(A); uhpT_E350Q
562.100120,susceptible,susceptible,susceptible,susceptible,susceptible,acrF; blaEC; emrD
562.100121,RESISTANT,susceptible,RESISTANT,RESISTANT,susceptible,aac(3)-IId; acrF; blaEC; blaTEM-1; emrD; gyrA_D87N; gyrA_S83L; mdtM; ompC_N305TfsTer15; parC_E84V; parC_S80I; parE_I529L; ptsI_V25I; uhpT_E350Q
562.100122,RESISTANT,susceptible,susceptible,susceptible,susceptible,acrF; aph(3'')-Ib; aph(6)-Id; blaEC; blaTEM-1; cirA_V239RfsTer47; cyaA_S352T; emrD; nfsA_E58YfsTer5; sul2; uhpT_E350Q
562.100123,RESISTANT,susceptible,RESISTANT,susceptible,RESISTANT,aadA5; acrF; aph(3'')-Ib; aph(3')-Ia; aph(6)-Id; blaEC; blaTEM-1; dfrA17; gyrA_D87N; gyrA_S83L; mdtM; parC_S80I; sul2; tet(B)
562.100124,susceptible,susceptible,RESISTANT,susceptible,susceptible,acrF; blaEC; emrD; marR_S3N; mdtM
562.100125,susceptible,susceptible,susceptible,susceptible,susceptible,acrF; blaEC-5; emrD; mdtM
562.100126,susceptible,susceptible,susceptible,susceptible,susceptible,acrF; blaEC; emrD; marR_S3N; mdtM
562.100127,susceptible,susceptible,susceptible,susceptible,susceptible,acrF; blaEC; cyaA_S352T; emrD; marR_S3N
562.100128,susceptible,susceptible,susceptible,susceptible,susceptible,acrF; blaEC-5; emrD
562.100129,RESISTANT,susceptible,susceptible,susceptible,susceptible,acrF; blaEC-5; blaTEM-1; emrD; tet(A)
562.100130,RESISTANT,RESISTANT,susceptible,susceptible,susceptible,acrF; aph(3'')-Ib; aph(6)-Id; blaCTX-M-15; blaEC; blaTEM-1; emrD; sul2; tet(A)
562.100131,susceptible,susceptible,susceptible,susceptible,susceptible,acrF; blaEC; emrD; marR_S3N; mdtM
562.100132,susceptible,,susceptible,susceptible,susceptible,acrF; blaEC-5; emrD
562.100133,susceptible,susceptible,susceptible,susceptible,susceptible,acrF; blaEC; emrD; marR_S3N
562.100134,susceptible,susceptible,susceptible,susceptible,susceptible,acrF; blaEC; emrD; marR_S3N; mdtM
562.100135,RESISTANT,susceptible,susceptible,susceptible,RESISTANT,aadA1; acrF; blaEC-5; blaSHV-1; emrD; sul1
562.100136,RESISTANT,susceptible,susceptible,susceptible,susceptible,acrF; aph(3'')-Ib; aph(6)-Id; blaEC-5; blaTEM-1; emrD; marR_S3N; sul2; uhpT_E350Q
562.100137,susceptible,susceptible,susceptible,susceptible,susceptible,acrF; blaEC-5; emrD
562.100138,RESISTANT,susceptible,susceptible,susceptible,RESISTANT,acrF; aph(3'')-Ib; aph(6)-Id; blaEC; blaTEM-1; dfrA5; mdtM; sul2; tet(A)
562.100139,RESISTANT,susceptible,RESISTANT,RESISTANT,susceptible,aac(3)-IId; acrF; blaEC-5; blaTEM-1; emrD; gyrA_S83L; mdtM
562.100140,susceptible,susceptible,susceptible,susceptible,susceptible,acrF; blaEC; emrD; marR_S3N
562.100141,susceptible,susceptible,susceptible,susceptible,susceptible,acrF; blaEC; emrD; marR_S3N
562.100142,susceptible,susceptible,susceptible,susceptible,susceptible,acrF; blaEC; emrD
562.100143,RESISTANT,susceptible,RESISTANT,RESISTANT,RESISTANT,aadA1; aadA2; acrF; ant(2'')-Ia; blaEC; blaTEM-1; dfrA12; dfrA36; floR; gyrA_D87N; gyrA_S83L; mdtM; parC_S80I; parE_S458A; soxR_G121D; sul1; sul2; sul3; tet(M); uhpT_E350Q
562.100144,RESISTANT,susceptible,susceptible,susceptible,RESISTANT,acrF; aph(3'')-Ib; aph(6)-Id; blaEC; blaTEM-1; dfrA5; mdtM; sul2
562.100145,RESISTANT,susceptible,susceptible,susceptible,RESISTANT,acrF; blaEC; blaTEM-1; dfrA5; emrD; marR_S3N; sul1
562.100146,susceptible,susceptible,susceptible,susceptible,susceptible,acrF; blaEC-5; emrD; mdtM
562.100147,RESISTANT,susceptible,,RESISTANT,susceptible,aac(3)-IId; acrF; blaEC; blaTEM-1; cirA_E392Ter; emrD; gyrA_S83L; mdtM; parE_I529L; ptsI_V25I; uhpT_E350Q
562.100148,susceptible,susceptible,susceptible,susceptible,RESISTANT,acrF; blaEC; dfrA5; emrD; marR_S3N
562.100149,susceptible,susceptible,susceptible,susceptible,susceptible,acrF; blaEC; fosA7.5; mdtM
562.100150,susceptible,susceptible,susceptible,susceptible,susceptible,acrF; blaEC-5; emrD; mdtM
562.100151,RESISTANT,susceptible,,susceptible,RESISTANT,aadA1; acrF; aph(3'')-Ib; aph(6)-Id; blaEC-5; blaTEM-1; dfrA1; emrD; gyrA_S83L; marR_S3N; sul1; sul2; tet(B); uhpT_E350Q
562.100152,susceptible,susceptible,susceptible,susceptible,susceptible,acrF; blaEC; catA1; emrD
562.100153,RESISTANT,susceptible,susceptible,susceptible,RESISTANT,acrF; aph(3'')-Ib; aph(6)-Id; blaEC; blaTEM-1; dfrA5; emrD; mdtM; sul2
562.100154,RESISTANT,susceptible,susceptible,susceptible,susceptible,aadA5; acrF; blaEC; blaTEM-1; cyaA_S352T; dfrA17; emrD; mdtM; sul1; sul2
562.100155,RESISTANT,susceptible,susceptible,susceptible,susceptible,acrF; blaEC-5; blaTEM-1; emrD; tet(B)
562.100156,susceptible,susceptible,susceptible,susceptible,susceptible,acrF; blaEC; mdtM
562.100157,susceptible,susceptible,susceptible,susceptible,RESISTANT,aadA1; acrF; blaEC; dfrA1; emrD; marR_S3N; mdtM; sat2; sul2; tet(B)
562.100158,susceptible,susceptible,susceptible,susceptible,susceptible,acrF; blaEC; cirA_Q56Ter; cyaA_S352T; emrD; mdtM; parE_I355T; uhpT_E350Q
562.100159,susceptible,susceptible,susceptible,susceptible,susceptible,acrF; blaEC-5; emrD; mdtM
562.100160,RESISTANT,RESISTANT,susceptible,RESISTANT,RESISTANT,aac(3)-IId; acrF; aph(3'')-Ib; aph(6)-Id; blaCTX-M-14; blaEC; blaTEM; dfrA14; floR; mdtM; qnrS1; sul2; tet(A); tet(M)
562.100161,RESISTANT,susceptible,,susceptible,RESISTANT,aadA5; acrF; aph(3'')-Ib; aph(6)-Id; blaEC; blaTEM-1; dfrA17; emrD; gyrA_S83L; mdtM; mph(A); mrx(A); parE_I529L; ptsI_V25I; sul1; sul2; tet(A); uhpT_E350Q
562.100162,RESISTANT,susceptible,susceptible,susceptible,susceptible,acrF; blaEC-5; blaTEM-1; emrD; sul2
562.100163,RESISTANT,susceptible,susceptible,susceptible,RESISTANT,aadA1; acrF; aph(3'')-Ib; aph(6)-Id; blaEC-5; blaTEM-1; dfrA1; emrD; sul1; sul2; tet(B)
562.100164,RESISTANT,susceptible,susceptible,susceptible,susceptible,aadA1; acrF; blaEC-5; blaSHV-1; emrD; sul1
562.100165,RESISTANT,susceptible,susceptible,susceptible,susceptible,aadA1; acrF; blaEC-5; blaSHV-1; emrD; sul1
562.100166,susceptible,susceptible,susceptible,susceptible,susceptible,acrF; blaEC; emrD; marR_S3N; mdtM
562.100167,susceptible,susceptible,susceptible,susceptible,RESISTANT,aadA2; acrF; blaEC; dfrA16; mdtM; sul1; tet(A)
562.100168,susceptible,susceptible,susceptible,susceptible,susceptible,acrF; blaEC; cyaA_S352T; emrD; mdtM; parC_S57T
562.100169,RESISTANT,susceptible,susceptible,susceptible,RESISTANT,aadA5; acrF; aph(3'')-Ib; aph(6)-Id; blaEC; blaTEM-1; cyaA_S352T; dfrA17; emrD; mdtM; sul2; tet(B)
562.100170,RESISTANT,susceptible,susceptible,susceptible,RESISTANT,acrF; aph(3'')-Ib; aph(6)-Id; blaEC; blaTEM-1; cyaA_S352T; dfrA7; emrD; sul1; sul2; tet(A)
562.100171,susceptible,susceptible,susceptible,susceptible,susceptible,acrF; blaEC; emrD; marR_S3N
562.100172,susceptible,susceptible,susceptible,susceptible,susceptible,aadA1; acrF; blaEC-5; emrD; sul1
562.100173,RESISTANT,susceptible,RESISTANT,susceptible,RESISTANT,aadA5; acrF; aph(3'')-Ib; aph(3')-Ia; aph(6)-Id; blaEC; blaTEM-1; catA1; cyaA_S352T; dfrA17; emrD; gyrA_D87N; gyrA_S83L; mdtM; mph(B); parC_S80I; parE_I355T; rdmCL; sul1; sul2; tet(A); uhpT_E350Q
562.100174,susceptible,susceptible,susceptible,susceptible,susceptible,acrF; blaEC; cyaA_S352T; emrD; mdtM
562.100175,RESISTANT,susceptible,susceptible,susceptible,susceptible,acrF; aph(3'')-Ib; aph(6)-Id; blaEC; blaTEM-1; emrD; marR_S3N; mdtM; sul2
562.100176,susceptible,susceptible,susceptible,susceptible,susceptible,acrF; blaEC-5; emrD
562.100177,susceptible,susceptible,susceptible,susceptible,susceptible,acrF; blaEC; emrD; marR_S3N
562.100178,RESISTANT,susceptible,susceptible,susceptible,susceptible,acrF; blaEC; blaTEM-1; cyaA_S352T; emrD; gyrA_D87G; mdtM; tet(A)
562.100179,RESISTANT,susceptible,susceptible,susceptible,RESISTANT,aadA5; acrF; aph(3'')-Ib; aph(6)-Id; blaEC; blaTEM-1; cyaA_S352T; dfrA17; emrD; gyrA_S83A; mdtM; mph(A); mrx(A); sul1; sul2
562.100180,susceptible,susceptible,susceptible,susceptible,susceptible,acrF; blaEC; mdtM
562.100181,susceptible,susceptible,susceptible,susceptible,susceptible,acrF; blaEC; emrD; marR_S3N
562.100182,RESISTANT,susceptible,susceptible,susceptible,susceptible,acrF; aph(3'')-Ib; aph(6)-Id; blaEC; blaTEM-1; emrD; sul2
562.100183,RESISTANT,RESISTANT,RESISTANT,RESISTANT,RESISTANT,aac(3)-IIe; aac(6')-Ib-cr5; acrF; aph(3'')-Ib; aph(6)-Id; blaCTX-M-15; blaEC; blaOXA-1; blaTEM-1; catB3; dfrA14; emrD; gyrA_D87N; gyrA_S83L; mdtM; nfsA_K54Ter; parC_E84V; parC_S80I; parE_I529L; ptsI_V25I; sul2; tet(A); uhpT_E350Q
562.100184,susceptible,susceptible,susceptible,susceptible,RESISTANT,aadA1; acrF; blaEC-5; dfrA1; emrD; sul1
562.100185,RESISTANT,susceptible,susceptible,susceptible,RESISTANT,acrF; aph(3'')-Ib; aph(6)-Id; blaEC; blaTEM-1; catA1; cyaA_S352T; dfrA7; emrD; mdtM; sul1; sul2; tet(A)
562.100186,RESISTANT,susceptible,susceptible,susceptible,RESISTANT,aadA1; acrF; acrR_D193insTer26; aph(3'')-Ib; aph(6)-Id; blaEC; blaTEM-1; dfrA1; emrD; nfsB_F176RfsTer17; parE_I529L; ptsI_V25I; sul1; sul2; tet(A); uhpT_E350Q
562.100187,susceptible,susceptible,susceptible,susceptible,susceptible,acrF; blaEC; cirA_G88AfsTer1; emrD; uhpT_E350Q
562.100188,susceptible,susceptible,susceptible,susceptible,susceptible,acrF; blaEC; emrD; marR_S3N
562.100189,RESISTANT,susceptible,susceptible,susceptible,RESISTANT,acrF; aph(3'')-Ib; aph(6)-Id; blaEC; blaTEM-1; cirA_V239RfsTer47; cyaA_S352T; dfrA8; emrD; sul2; uhpT_E350Q
562.100190,susceptible,susceptible,susceptible,susceptible,susceptible,acrF; blaEC; emrD; marR_S3N; mdtM
562.100191,susceptible,susceptible,susceptible,susceptible,susceptible,acrF; blaEC; emrD; mdtM
562.100192,RESISTANT,RESISTANT,RESISTANT,RESISTANT,RESISTANT,aac(3)-IIe; aac(6')-Ib-cr5; aadA5; acrF; blaCTX-M-15; blaEC; blaOXA-1; blaTEM-1; catB3; dfrA17; emrD; gyrA_D87N; gyrA_S83L; mdtM; parC_E84V; parC_S80I; parE_I529L; ptsI_V25I; sul1; tet(A); uhpT_E350Q
562.100193,RESISTANT,susceptible,susceptible,susceptible,susceptible,acrF; aph(3'')-Ib; aph(6)-Id; blaEC; blaTEM-1; cirA_V471GfsTer1; emrD; sul2; tet(A)
562.100194,susceptible,susceptible,susceptible,susceptible,susceptible,acrF; blaEC; emrD; marR_S3N
562.100195,susceptible,susceptible,susceptible,susceptible,susceptible,acrF; blaEC; emrD; mdtM
562.100196,susceptible,susceptible,susceptible,susceptible,susceptible,acrF; blaEC; cirA_Q56Ter; cyaA_S352T; emrD; mdtM; parE_I355T; soxR_G121D; uhpT_E350Q
562.100197,RESISTANT,susceptible,susceptible,susceptible,susceptible,acrF; blaEC; blaTEM-1; emrD; marR_S3N; mdtM
562.100198,susceptible,susceptible,susceptible,susceptible,susceptible,aadA1; acrF; blaEC-5; emrD; sul1
562.100199,susceptible,susceptible,susceptible,susceptible,susceptible,acrF; blaEC; emrD
562.100200,susceptible,susceptible,susceptible,susceptible,susceptible,acrF; blaEC-5; emrD
562.100201,RESISTANT,susceptible,susceptible,susceptible,susceptible,aadA5; acrF; blaEC; blaTEM-1; cyaA_S352T; emrD; mdtM; mph(A); mrx(A); sul1
562.100202,susceptible,susceptible,susceptible,susceptible,RESISTANT,acrF; aph(3'')-Ib; aph(6)-Id; blaEC; cirA_Q56Ter; cyaA_S352T; dfrA14; emrD; mdtM; parE_I355T; sul2; uhpT_E350Q
562.100203,susceptible,susceptible,susceptible,susceptible,susceptible,acrF; blaEC; emrD
562.100204,susceptible,susceptible,susceptible,susceptible,susceptible,acrF; blaEC; mdtM
562.100205,RESISTANT,RESISTANT,RESISTANT,susceptible,RESISTANT,aac(6')-Ib-cr5; aadA5; acrF; blaCTX-M-15; blaEC; blaOXA-1; catB3; dfrA17; emrD; gyrA_D87N; gyrA_S83L; mdtM; parC_E84V; parC_S80I; parE_I529L; ptsI_V25I; uhpT_E350Q
562.100206,RESISTANT,susceptible,RESISTANT,RESISTANT,RESISTANT,aac(3)-IIe; aac(6')-Ib-cr5; aadA5; acrF; blaCTX-M-127; blaEC; blaOXA-1; catB3; dfrA17; emrD; gyrA_D87N; gyrA_S83L; mdtM; mph(A); mrx(A); parC_E84V; parC_S80I; parE_I529L; ptsI_V25I; sul1; uhpT_E350Q
562.100207,RESISTANT,susceptible,susceptible,susceptible,,aadA1; acrF; blaEC-5; blaTEM-1; dfrA1; emrD; mdtM; sat2
562.100208,RESISTANT,,susceptible,susceptible,susceptible,acrF; aph(3'')-Ib; aph(6)-Id; blaEC; blaTEM-1; catA1; cyaA_S352T; emrD; mdtM; mph(A); mrx(A); sul2
562.100209,RESISTANT,susceptible,RESISTANT,RESISTANT,susceptible,aac(3)-IId; acrF; blaEC; blaTEM-1; blaTEMp_C32T; emrD; gyrA_D87N; gyrA_S83L; mdtM; parC_E84V; parC_S80I; parE_I529L; ptsI_V25I; uhpT_E350Q
562.100210,susceptible,susceptible,susceptible,susceptible,susceptible,acrF; blaEC-5; emrD; tet(B)
562.100211,susceptible,susceptible,susceptible,susceptible,susceptible,acrF; blaEC; cirA_Q56Ter; cyaA_S352T; emrD; mdtM; parE_I355T; uhpT_E350Q
562.100212,susceptible,susceptible,susceptible,susceptible,susceptible,acrF; aph(3'')-Ib; aph(6)-Id; blaEC; cyaA_S352T; emrD; mdtM
562.100213,susceptible,susceptible,susceptible,susceptible,susceptible,acrF; blaEC-5; emrD; mdtM
562.100214,susceptible,susceptible,susceptible,susceptible,susceptible,acrF; blaEC-5; emrD
562.100215,susceptible,susceptible,susceptible,susceptible,susceptible,acrF; blaEC-5; emrD
562.100216,susceptible,susceptible,susceptible,susceptible,susceptible,acrF; blaEC-5; emrD
562.100217,RESISTANT,susceptible,susceptible,susceptible,susceptible,acrF; aph(3'')-Ib; aph(6)-Id; blaEC-5; blaTEM-1; emrD; sul2
562.100218,RESISTANT,RESISTANT,RESISTANT,RESISTANT,RESISTANT,aac(3)-IIe; aac(6')-Ib-cr5; aadA5; acrF; blaCTX-M-15; blaEC; blaOXA-1; catB3; dfrA17; emrD; gyrA_D87N; gyrA_S83L; mdtM; mph(A); mrx(A); parC_E84V; parC_S80I; parE_I529L; ptsI_V25I; sul1; uhpT_E350Q
562.100219,susceptible,susceptible,susceptible,susceptible,susceptible,acrF; blaEC; emrD; parE_I529L; ptsI_V25I; uhpT_E350Q
562.100220,RESISTANT,susceptible,susceptible,susceptible,susceptible,acrF; aph(3'')-Ib; aph(6)-Id; blaEC-5; blaTEM-1; emrD; sul2
562.100221,susceptible,susceptible,susceptible,susceptible,susceptible,acrF; blaEC; emrD; marR_S3N
562.100222,RESISTANT,susceptible,susceptible,susceptible,RESISTANT,acrF; aph(3'')-Ib; blaEC; blaTEM-1; cirA_W243Ter; cyaA_S352T; dfrA14; emrD; mdtM; sul2
562.100223,susceptible,susceptible,susceptible,susceptible,susceptible,acrF; blaEC; mdtM
562.100224,susceptible,susceptible,susceptible,susceptible,susceptible,acrF; acrR_F185AfsTer3; blaEC; emrD
562.100225,susceptible,susceptible,susceptible,susceptible,susceptible,acrF; blaEC-5; emrD; mdtM
562.100226,RESISTANT,susceptible,susceptible,susceptible,susceptible,acrF; aph(3'')-Ib; aph(6)-Id; blaEC-5; blaTEM-1; emrD; sul2
562.100227,susceptible,susceptible,susceptible,susceptible,susceptible,acrF; acrR_F185AfsTer3; blaEC; emrD
562.100228,susceptible,susceptible,susceptible,susceptible,susceptible,acrF; blaEC; dfrA5; emrD; marR_S3N
562.100229,susceptible,susceptible,susceptible,susceptible,susceptible,acrF; blaEC; mdtM
562.100230,susceptible,susceptible,susceptible,susceptible,susceptible,acrF; blaEC; mdtM
562.100231,RESISTANT,susceptible,susceptible,susceptible,RESISTANT,acrF; blaEC; blaTEM-1; catA1; dfrA8; emrD; parE_I529L; ptsI_V25I; uhpT_E350Q
562.100232,RESISTANT,susceptible,RESISTANT,RESISTANT,susceptible,aac(3)-IId; acrF; blaEC; blaTEM-1; cyaA_S352T; emrD; gyrA_D87N; gyrA_S83L; parC_S80I; qnrS1
562.100233,RESISTANT,susceptible,susceptible,susceptible,RESISTANT,aadA1; acrF; blaEC; blaOXA-1; catA1; dfrA5; mdtM; sul1; tet(A)
562.100234,RESISTANT,susceptible,susceptible,susceptible,susceptible,acrF; aph(3'')-Ib; aph(6)-Id; blaEC; blaTEM-1; cyaA_S352T; emrD; mdtM; mph(A); mrx(A); sul2
562.100235,susceptible,susceptible,susceptible,susceptible,susceptible,acrF; blaEC-5; emrD; marR_S3N; mdtM; uhpT_E350Q
562.100236,RESISTANT,susceptible,susceptible,RESISTANT,RESISTANT,aac(3)-IId; aadA2; aadA5; acrF; aph(3'')-Ib; aph(6)-Id; blaEC; blaTEM-30; dfrA12; dfrA17; emrD; mdtM; mph(A); mrx(A); parE_I529L; ptsI_V25I; sul1; sul2; tet(A); uhpT_E350Q
562.100237,RESISTANT,susceptible,susceptible,susceptible,susceptible,acrF; aph(3'')-Ib; aph(6)-Id; blaEC; blaTEM-1; emrD; marR_S3N; mdtM; sul2
562.100238,susceptible,susceptible,susceptible,susceptible,susceptible,acrF; blaEC; emrD; parE_D475E
562.100239,RESISTANT,susceptible,susceptible,susceptible,susceptible,acrF; aph(3'')-Ib; aph(6)-Id; blaEC; blaTEM-1; emrD; sul2; tet(A)
562.100240,RESISTANT,susceptible,susceptible,susceptible,susceptible,acrF; aph(3'')-Ib; aph(6)-Id; blaEC; blaTEM-1; emrD; mdtM; sul2; uhpT_E350Q
562.100241,susceptible,susceptible,susceptible,susceptible,susceptible,acrF; blaEC; emrD; marR_S3N; mdtM
562.100242,susceptible,susceptible,susceptible,susceptible,susceptible,acrF; blaEC; cirA_V239RfsTer47; cyaA_S352T; emrD; uhpT_E350Q
562.100243,susceptible,susceptible,susceptible,susceptible,susceptible,acrF; blaEC-5; emrD
562.100244,RESISTANT,susceptible,susceptible,susceptible,susceptible,acrF; blaEC; blaTEM-33; blaTEMp_C32T; emrD; tet(B); uhpT_E350Q
562.100245,RESISTANT,susceptible,susceptible,susceptible,RESISTANT,acrF; aph(3'')-Ib; aph(6)-Id; blaEC; blaTEM-1; cyaA_S352T; dfrA5; emrD; sul2
562.100246,susceptible,susceptible,susceptible,susceptible,susceptible,acrF; blaEC; emrD; marR_S3N; mdtM
562.100247,RESISTANT,susceptible,susceptible,susceptible,susceptible,acrF; aph(3'')-Ib; aph(6)-Id; blaEC-5; blaTEM-1; emrD; sul2
562.100248,susceptible,susceptible,susceptible,susceptible,susceptible,acrF; blaEC; emrD; marR_S3N; mdtM
562.100249,RESISTANT,susceptible,susceptible,susceptible,RESISTANT,acrF; aph(3'')-Ib; aph(6)-Id; blaEC; blaTEM-1; dfrA5; mdtM; sul2
562.100250,susceptible,susceptible,susceptible,susceptible,susceptible,acrF; blaEC; emrD; marR_S3N; mdtM
562.100251,susceptible,susceptible,susceptible,susceptible,susceptible,acrF; blaEC-5; emrD
562.100252,RESISTANT,susceptible,susceptible,susceptible,RESISTANT,aadA1; acrF; aph(3'')-Ib; aph(6)-Id; blaEC; blaTEM-1; blaTEMp_C32T; cyaA_S352T; dfrA1; emrD; sul1; sul2; tet(A)
562.100253,RESISTANT,susceptible,susceptible,susceptible,susceptible,acrF; aph(3'')-Ib; aph(6)-Id; blaEC; blaTEM-1; mdtM; sul2
562.100254,RESISTANT,susceptible,susceptible,susceptible,susceptible,acrF; blaEC; blaTEM-1; emrD; parE_D475E; uhpT_E350Q
562.100255,susceptible,susceptible,susceptible,susceptible,susceptible,aadA1; acrF; blaEC-5; emrD; sul1
562.100256,RESISTANT,susceptible,susceptible,susceptible,RESISTANT,acrF; aph(3'')-Ib; aph(6)-Id; blaEC; blaTEM-1; catA1; cirA_G83KfsTer7; dfrA7; emrD; gyrA_S83L; mdtM; sul1; sul2; tet(A)
562.100257,susceptible,susceptible,susceptible,susceptible,susceptible,acrF; blaEC; emrD; marR_S3N
562.100258,susceptible,susceptible,susceptible,susceptible,susceptible,acrF; blaEC; emrD; parE_D475E
562.100259,RESISTANT,susceptible,susceptible,susceptible,susceptible,acrF; blaEC; blaTEM-1; cirA_G88AfsTer1; emrD; sul2; tet(B); uhpT_E350Q
562.100260,susceptible,susceptible,susceptible,susceptible,susceptible,acrF; blaEC; blaTEM; cyaA_S352T; emrD
562.100261,RESISTANT,susceptible,susceptible,susceptible,susceptible,aadA1; acrF; blaEC; blaSHV-1; emrD; sul1
562.100262,susceptible,susceptible,RESISTANT,susceptible,susceptible,acrF; blaEC; emrD; gyrA_D87N; gyrA_S83L; mdtM; parC_E84V; parC_S80I; parE_I529L; ptsI_V25I; uhpT_E350Q
562.100263,RESISTANT,RESISTANT,RESISTANT,RESISTANT,RESISTANT,aac(3)-IId; aadA2; aadA5; acrF; aph(3'')-Ib; aph(6)-Id; blaCTX-M-55; blaEC; dfrA17; gyrA_D87N; gyrA_S83L; lnu(F); mdtM; mph(A); mrx(A); parC_S80I; parE_S458T; sul1; sul2; tet(B)
562.100264,RESISTANT,susceptible,RESISTANT,RESISTANT,RESISTANT,acrF; blaEC-5; emrD
562.100265,susceptible,susceptible,susceptible,susceptible,susceptible,aac(3)-IIe; aadA1; aadA2; acrF; aph(3'')-Ib; aph(3')-Ia; aph(6)-Id; blaEC; blaTEM-1; cmlA1; dfrA14; estX-3; gyrA_D87N; gyrA_S83L; mdtM; parC_S80I; parE_S458A; sul2; sul3; tet(A); uhpT_E350Q
562.100266,RESISTANT,susceptible,susceptible,susceptible,RESISTANT,aadA5; acrF; blaEC; blaTEM-1; cyaA_S352T; dfrA17; emrD; gyrA_S83A; mdtM; mph(A); mrx(A); sul1
562.100267,susceptible,susceptible,susceptible,susceptible,susceptible,acrF; blaEC; emrD; marR_S3N
562.100268,RESISTANT,susceptible,susceptible,susceptible,RESISTANT,aadA1; acrF; aph(3'')-Ib; aph(6)-Id; blaEC; blaTEM-1; dfrA1; emrD; sat2; sul1
562.100269,RESISTANT,susceptible,susceptible,,RESISTANT,aac(3)-IIe; aadA1; acrF; aph(3'')-Ib; aph(6)-Id; blaEC; blaOXA-2; blaTEM-1; cirA_Q56Ter; cyaA_S352T; dfrA1; dfrA29; emrD; gyrA_S83L; mdtM; sat2; sul1; sul2; tet(B)
562.100270,susceptible,susceptible,susceptible,susceptible,RESISTANT,aadA2; acrF; blaEC; dfrA12; emrD; marR_S3N; mph(A); mrx(A); sul1
562.100271,susceptible,susceptible,susceptible,susceptible,susceptible,acrF; blaEC; emrD; marR_S3N; mdtM
562.100272,susceptible,susceptible,susceptible,susceptible,susceptible,acrF; blaEC-5; emrD
562.100273,susceptible,susceptible,susceptible,susceptible,susceptible,acrF; aph(3'')-Ib; aph(6)-Id; blaEC; gyrA_D87G; mdtM
562.100274,susceptible,susceptible,susceptible,susceptible,susceptible,acrF; blaEC; emrD
562.100275,RESISTANT,susceptible,susceptible,susceptible,RESISTANT,aadA5; acrF; blaEC; blaTEM-1; dfrA17; emrD; mph(A); mrx(A); parE_I529L; ptsI_V25I; sul1; uhpT_E350Q
562.100276,susceptible,susceptible,susceptible,susceptible,susceptible,acrF; blaEC; emrD; marR_S3N
562.100277,susceptible,susceptible,susceptible,susceptible,susceptible,acrF; blaEC; emrD; marR_S3N
562.100278,RESISTANT,RESISTANT,RESISTANT,RESISTANT,RESISTANT,aac(3)-IIe; aac(6')-Ib-cr5; aadA5; acrF; blaCTX-M-15; blaEC; blaOXA-1; catB3; dfrA17; emrD; gyrA_D87N; gyrA_S83L; mdtM; mph(A); mrx(A); parC_E84V; parC_S80I; parE_I529L; ptsI_V25I; sul1; tet(A); uhpT_E350Q
562.100279,susceptible,susceptible,susceptible,susceptible,susceptible,acrF; blaEC; emrD; marR_S3N; mdtM
562.100280,susceptible,susceptible,susceptible,susceptible,susceptible,acrF; blaEC; emrD
562.100281,RESISTANT,susceptible,susceptible,susceptible,susceptible,aadA5; acrF; aph(3'')-Ib; aph(6)-Id; blaEC; dfrA17; emrD; gyrA_D87N; gyrA_S83L; mdtM; mph(A); mrx(A); parC_E84V; parC_S80I; parE_I529L; ptsI_V25I; sul1; sul2; tet(A); uhpT_E350Q
562.100282,RESISTANT,susceptible,susceptible,susceptible,RESISTANT,aadA1; acrF; blaEC-5; blaSHV-1; emrD; sul1; tet(D)
562.100283,RESISTANT,susceptible,susceptible,susceptible,susceptible,acrF; blaCTX-M-27; blaEC; cirA_E57KfsTer10; emrD; gyrA_D87N; gyrA_S83L; mdtM; parC_E84V; parC_S80I; parE_I529L; ptsI_V25I; uhpT_E350Q
562.100284,RESISTANT,susceptible,susceptible,susceptible,RESISTANT,acrF; blaEC; emrD; marR_S3N
562.100285,RESISTANT,susceptible,susceptible,susceptible,susceptible,acrF; blaEC; cirA_Q175Ter; cyaA_S352T; emrD; mdtM
562.100286,susceptible,,susceptible,susceptible,susceptible,aadA5; acrF; blaEC; cyaA_S352T; dfrA17; emrD; mdtM; mph(A); mrx(A); sul1
562.100287,susceptible,susceptible,susceptible,susceptible,susceptible,acrF; acrR_Q27Ter; blaCTX-M-15; blaEC; blaTEM-1; tet(A)
562.100288,susceptible,susceptible,susceptible,susceptible,susceptible,acrF; aph(3'')-Ib; aph(6)-Id; blaEC; cirA_Q361Ter; dfrA14; emrD; marR_S3N; mdtM; sul2
562.100289,susceptible,susceptible,susceptible,susceptible,susceptible,acrF; blaEC; emrD; mdtM; uhpT_E350Q
562.100290,RESISTANT,susceptible,susceptible,susceptible,susceptible,aadA1; acrF; blaEC-5; blaSHV-1; emrD; sul1
562.100291,RESISTANT,susceptible,RESISTANT,susceptible,susceptible,acrF; blaEC; emrD; marR_S3N; parE_D475E
562.100292,susceptible,susceptible,susceptible,susceptible,susceptible,aadA1; acrF; aph(3'')-Ib; aph(6)-Id; blaEC; blaTEM-1; dfrA1; emrD; gyrA_S83L; mdtM; parC_S57T; sat2; sul2
562.100293,susceptible,susceptible,susceptible,susceptible,susceptible,aadA1; aadA5; acrF; aph(3'')-Ib; aph(6)-Id; blaEC; blaTEM-1; catA1; dfrA1; dfrA17; gyrA_D87N; gyrA_S83L; mcr-1.1; mdtM; parC_S80I; parE_S458A; sul1; sul2; tet(A); tet(B)
562.100294,susceptible,susceptible,susceptible,susceptible,susceptible,acrF; blaEC-5; emrD
562.100295,RESISTANT,susceptible,susceptible,susceptible,RESISTANT,acrF; blaEC-5; emrD; uhpT_E350Q
562.100296,susceptible,susceptible,susceptible,susceptible,susceptible,aac(3)-IIe; aac(6')-Ib-cr5; aadA5; acrF; blaEC; blaOXA-1; catB3; dfrA17; emrD; gyrA_D87N; gyrA_S83L; mdtM; mph(A); mrx(A); parC_E84V; parC_S80I; parE_I529L; ptsI_V25I; sul1; tet(A); uhpT_E350Q
562.100297,susceptible,susceptible,susceptible,susceptible,susceptible,acrF; aph(3'')-Ib; aph(6)-Id; blaEC; dfrA5; emrD; sul2; uhpT_E350Q
562.100298,susceptible,susceptible,susceptible,susceptible,susceptible,acrF; blaEC; emrD; parE_D475E
562.100299,susceptible,susceptible,susceptible,susceptible,susceptible,acrF; blaEC; emrD; marR_S3N; mdtM
562.100300,RESISTANT,,susceptible,susceptible,,acrF; blaEC; cyaA_S352T; emrD; mdtM
562.100301,susceptible,susceptible,susceptible,susceptible,susceptible,acrF; aph(3'')-Ib; aph(6)-Id; blaEC; blaTEM-1; emrD; gyrA_D87N; gyrA_S83L; mdtM; parC_E84V; parC_S80I; parE_I529L; ptsI_V25I; sul2; tet(A); uhpT_E350Q
562.100302,susceptible,susceptible,susceptible,susceptible,susceptible,acrF; blaEC; emrD
562.100303,RESISTANT,susceptible,susceptible,susceptible,RESISTANT,acrF; blaEC; emrD; uhpT_E350Q
562.100304,susceptible,susceptible,susceptible,susceptible,susceptible,acrF; aph(3'')-Ib; aph(6)-Id; blaEC; blaTEM-1; cyaA_S352T; dfrA7; emrD; mdtM; soxR_G121D; sul1; sul2
562.100305,RESISTANT,RESISTANT,RESISTANT,RESISTANT,RESISTANT,acrF; blaEC-5; blaTEM-1; emrD; marR_S3N; uhpT_E350Q
562.100306,RESISTANT,,susceptible,susceptible,susceptible,acrF; blaEC; emrD; marR_S3N
562.100307,susceptible,susceptible,susceptible,susceptible,susceptible,acrF; aph(3'')-Ib; aph(6)-Id; blaEC; emrD; marR_S3N
562.100308,RESISTANT,susceptible,susceptible,susceptible,susceptible,acrF; blaEC; emrD; uhpT_E350Q
562.100309,susceptible,susceptible,susceptible,susceptible,susceptible,acrF; blaEC; mdtM
562.100310,RESISTANT,susceptible,susceptible,susceptible,RESISTANT,acrF; aph(3'')-Ib; aph(6)-Id; blaEC; blaTEM-1; dfrA5; emrD; marR_S3N; mdtM; sul2; tet(A)
562.100311,RESISTANT,susceptible,susceptible,susceptible,susceptible,acrF; blaEC; emrD; marR_S3N; mdtM
562.100312,susceptible,susceptible,susceptible,susceptible,susceptible,acrF; blaEC; emrD
562.100313,RESISTANT,susceptible,susceptible,susceptible,RESISTANT,acrF; aph(3'')-Ib; aph(6)-Id; blaEC; blaTEM-1; cyaA_S352T; dfrA5; emrD; sul2
562.100314,susceptible,susceptible,susceptible,susceptible,susceptible,acrF; blaEC; emrD; marR_S3N
562.100315,susceptible,susceptible,susceptible,susceptible,susceptible,acrF; blaEC; emrD
562.100316,RESISTANT,susceptible,susceptible,susceptible,RESISTANT,acrF; aph(3'')-Ib; aph(6)-Id; blaEC; blaTEM-1; cirA_Q56Ter; cyaA_S352T; dfrA14; emrD; mdtM; parE_I355T; sul2; uhpT_E350Q
562.100317,RESISTANT,susceptible,susceptible,susceptible,susceptible,acrF; blaEC; blaTEM-1; cyaA_S352T; emrD; mdtM; mph(A); mrx(A)
562.100318,susceptible,susceptible,susceptible,susceptible,susceptible,acrF; blaEC; emrD
562.100319,susceptible,susceptible,susceptible,susceptible,susceptible,acrF; blaEC-5; emrD
562.100320,susceptible,susceptible,susceptible,susceptible,RESISTANT,aadA1; acrF; blaEC; catA1; dfrA1; emrD; nfsA_W159Ter; sul1; tet(B)
562.100321,susceptible,susceptible,susceptible,susceptible,susceptible,acrF; blaEC; cyaA_S352T; emrD; mdtM
562.100322,RESISTANT,susceptible,susceptible,susceptible,susceptible,acrF; blaEC; blaTEM-1; emrD; mdtM
562.100323,susceptible,susceptible,susceptible,susceptible,susceptible,acrF; blaEC; cyaA_S352T; emrD; mdtM
562.100324,susceptible,susceptible,susceptible,susceptible,susceptible,acrF; blaEC; mdtM
562.100325,susceptible,susceptible,susceptible,susceptible,susceptible,acrF; blaEC-5; emrD
562.100326,susceptible,susceptible,susceptible,susceptible,susceptible,acrF; blaEC; emrD; marR_S3N
562.100327,RESISTANT,susceptible,susceptible,susceptible,RESISTANT,aadA5; acrF; aph(3'')-Ib; aph(6)-Id; blaEC; blaTEM-1; cyaA_S352T; dfrA17; emrD; mdtM; mph(A); mrx(A); sul1; sul2
562.100328,susceptible,susceptible,susceptible,susceptible,susceptible,acrF; blaEC; cirA_D258RfsTer5; cyaA_S352T; emrD; mdtM; sul2
562.100329,susceptible,susceptible,susceptible,susceptible,susceptible,acrF; blaEC; emrD; mdtM; soxR_G121D; uhpT_E350Q
562.100330,RESISTANT,susceptible,susceptible,RESISTANT,susceptible,aac(3)-IIe; acrF; blaEC; blaTEM-1; cyaA_S352T; emrD; gyrA_S83L; mdtM; tet(A)
562.100331,RESISTANT,RESISTANT,RESISTANT,RESISTANT,RESISTANT,aac(3)-IIe; aac(6')-Ib-cr5; aadA5; acrF; blaCTX-M-15; blaEC; blaOXA-1; catB3; dfrA17; emrD; gyrA_D87N; gyrA_S83L; marR_A70HfsTer1; mdtM; mph(A); mrx(A); parC_E84V; parC_S80I; parE_I529L; ptsI_V25I; sul1; tet(A); uhpT_E350Q
562.100332,susceptible,susceptible,susceptible,susceptible,susceptible,acrF; blaEC; emrD
562.100333,susceptible,susceptible,susceptible,susceptible,susceptible,acrF; blaEC; emrD; marR_S3N
562.100334,RESISTANT,susceptible,susceptible,susceptible,RESISTANT,acrF; aph(3'')-Ib; aph(6)-Id; blaEC; blaTEM-1; cyaA_S352T; dfrA14; emrD; sul2; tet(A)
562.100335,RESISTANT,RESISTANT,susceptible,susceptible,RESISTANT,aadA5; acrF; aph(3'')-Ib; aph(6)-Id; blaCMY-2; blaEC; blaTEM-1; cyaA_S352T; dfrA17; emrD; mdtM; mph(A); mrx(A); sul1; sul2; tet(B)
562.100336,RESISTANT,susceptible,susceptible,susceptible,susceptible,acrF; aph(3')-Ia; blaEC; blaTEM-40; dfrA1; emrD; nfsA_W159Ter; tet(B)
562.100337,RESISTANT,susceptible,susceptible,susceptible,RESISTANT,acrF; aph(3'')-Ib; aph(6)-Id; blaEC; blaTEM-1; dfrA5; mdtM; sul2
562.100338,susceptible,susceptible,susceptible,susceptible,susceptible,acrF; blaEC-5; emrD; marR_S3N
562.100339,susceptible,susceptible,susceptible,susceptible,susceptible,aadA1; acrF; blaEC-5; emrD; sul1
562.100340,RESISTANT,susceptible,susceptible,susceptible,susceptible,acrF; blaEC; blaTEM-1; catB3; cyaA_S352T; dfrA1; emrD; mdtM
562.100341,RESISTANT,susceptible,susceptible,susceptible,RESISTANT,acrF; aph(3'')-Ib; aph(6)-Id; blaEC; blaTEM-1; dfrA5; emrD; marR_S3N; mdtM; sul2
562.100342,susceptible,susceptible,susceptible,susceptible,susceptible,acrF; blaEC; emrD; marR_S3N
562.100343,susceptible,susceptible,susceptible,susceptible,susceptible,acrF; blaEC; emrD; parE_I529L; ptsI_V25I; uhpT_E350Q
562.100344,RESISTANT,susceptible,RESISTANT,susceptible,RESISTANT,aadA2; acrF; blaDHA-1; blaEC; blaTEM-1; catA1; dfrA12; gyrA_D87N; gyrA_S83L; mdtM; mph(A); mph(E); mrx(A); msr(E); parC_S80I; parE_S458A; qepA4; qnrB4; sul1; tet(B); uhpT_E350Q
562.100345,susceptible,susceptible,susceptible,susceptible,susceptible,acrF; blaEC; cirA_Q56Ter; cyaA_S352T; emrD; mdtM; parE_I355T; uhpT_E350Q
562.100346,susceptible,susceptible,susceptible,susceptible,susceptible,acrF; blaEC-5; emrD
562.100347,RESISTANT,RESISTANT,susceptible,susceptible,susceptible,acrF; blaCTX-M; blaEC; emrD; uhpT_E350Q
562.100348,RESISTANT,susceptible,susceptible,susceptible,RESISTANT,acrF; aph(3'')-Ib; aph(6)-Id; blaEC; blaTEM-1; cyaA_S352T; dfrA7; emrD; sul1; sul2; tet(A)
562.100349,susceptible,susceptible,susceptible,susceptible,susceptible,acrF; blaEC; cyaA_S352T; emrD; mdtM; uhpT_E350Q
562.100351,susceptible,susceptible,susceptible,susceptible,susceptible,acrF; blaEC; emrD; marR_S3N; mdtM
562.100352,RESISTANT,susceptible,,susceptible,susceptible,acrF; aph(3'')-Ib; aph(6)-Id; blaEC; blaTEM-1; cirA_W164Ter; mdtM; qnrS1; sul2; tet(A)
562.100354,RESISTANT,susceptible,,susceptible,susceptible,acrF; blaEC; blaTEM-1; cirA_E450AfsTer30; cyaA_S352T; emrD; gyrA_S83L; mdtM; tet(A)
562.100355,susceptible,susceptible,susceptible,susceptible,susceptible,acrF; blaEC; mdtM
562.100356,susceptible,susceptible,susceptible,susceptible,susceptible,acrF; blaEC; cirA_V239RfsTer47; cyaA_S352T; emrD; uhpT_E350Q
562.100357,susceptible,susceptible,susceptible,susceptible,susceptible,aadA4; acrF; blaEC; dfrA21; mdtM; tet(A)
562.100358,RESISTANT,RESISTANT,RESISTANT,RESISTANT,RESISTANT,aac(3)-IId; aadA5; acrF; aph(3'')-Ib; aph(6)-Id; blaCTX-M; blaEC; blaTEM-1; dfrA17; emrD; gyrA_D87N; gyrA_S83L; mdtM; mph(A); mrx(A); parC_E84V; parC_S80I; parE_I529L; ptsI_V25I; sul1; sul2; tet(A); uhpT_E350Q
562.100359,RESISTANT,susceptible,susceptible,susceptible,susceptible,acrF; aph(3'')-Ib; aph(6)-Id; blaEC; blaTEM-1; emrD; sul2; tet(A)
562.100360,RESISTANT,susceptible,RESISTANT,RESISTANT,RESISTANT,aac(3)-IId; acrF; blaEC-5; blaTEM-1; blaTEMp_C32T; emrD; gyrA_D87N; gyrA_S83L; marR_S3N; parC_S80I; parE_L416F; uhpT_E350Q
562.100361,RESISTANT,susceptible,RESISTANT,susceptible,RESISTANT,aac(6')-Ib-cr5; aadA5; acrF; acrR_E67Ter; blaEC; blaOXA-1; catB3; dfrA17; emrD; gyrA_D87N; gyrA_S83L; mdtM; mph(A); mrx(A); parC_E84V; parC_S80I; parE_I529L; ptsI_V25I; sul1; tet(A); uhpT_E350Q
562.100362,RESISTANT,susceptible,,RESISTANT,susceptible,aac(3)-IId; acrF; blaEC; blaTEM-1; emrD; gyrA_S83L; mdtM; parE_I529L; ptsI_V25I; uhpT_E350Q
562.100363,susceptible,susceptible,susceptible,susceptible,susceptible,acrF; blaEC; emrD; uhpT_E350Q
562.100364,RESISTANT,susceptible,susceptible,susceptible,RESISTANT,acrF; aph(3'')-Ib; aph(6)-Id; blaEC; blaTEM-1; cyaA_S352T; dfrA7; emrD; sul1; sul2; tet(A)
562.100365,susceptible,susceptible,susceptible,susceptible,susceptible,acrF; blaEC; emrD; marR_S3N; mdtM
562.100366,susceptible,susceptible,susceptible,susceptible,susceptible,acrF; blaEC-5; emrD
562.100367,susceptible,susceptible,susceptible,susceptible,susceptible,acrF; blaEC; emrD; marR_S3N
562.100368,susceptible,susceptible,susceptible,susceptible,susceptible,acrF; blaEC-5; emrD
562.100369,RESISTANT,susceptible,susceptible,susceptible,susceptible,acrF; blaEC; blaTEM-1; cyaA_S352T; emrD
562.100370,susceptible,susceptible,susceptible,susceptible,susceptible,acrF; blaEC-5; emrD; uhpT_E350Q
562.100371,susceptible,susceptible,susceptible,susceptible,susceptible,aadA1; acrF; blaEC-5; emrD; sul1
562.100372,RESISTANT,susceptible,susceptible,susceptible,RESISTANT,aadA5; acrF; aph(3'')-Ib; aph(6)-Id; blaEC; blaTEM-1; dfrA17; emrD; gyrA_S83L; mdtM; mph(A); mrx(A); parE_I529L; ptsI_V25I; sul1; sul2; tet(A); uhpT_E350Q
562.100373,susceptible,susceptible,susceptible,susceptible,susceptible,acrF; blaEC-5; emrD
562.100374,RESISTANT,RESISTANT,susceptible,susceptible,RESISTANT,acrF; aph(3'')-Ib; aph(6)-Id; blaCMY-2; blaEC; blaTEM-1; dfrA5; mdtM; nfsA_Q191Ter; qnrS1; sul2; tet(A)
562.100375,RESISTANT,RESISTANT,RESISTANT,RESISTANT,RESISTANT,aac(3)-IIe; aac(6')-Ib-cr5; aadA5; acrF; aph(3'')-Ib; aph(6)-Id; blaCTX-M-15; blaEC; blaOXA-1; catB3; dfrA17; emrD; gyrA_D87N; gyrA_S83L; mdtM; mph(A); mrx(A); parC_E84V; parC_S80I; parE_I529L; ptsI_V25I; sul1; sul2; tet(A); uhpT_E350Q
562.100376,susceptible,susceptible,susceptible,susceptible,susceptible,acrF; blaEC; cirA_E450AfsTer30; emrD
562.100377,susceptible,susceptible,susceptible,susceptible,susceptible,acrF; blaEC; emrD; marR_S3N; mdtM
562.100378,susceptible,susceptible,susceptible,susceptible,susceptible,acrF; blaEC; emrD; marR_S3N
562.100379,susceptible,susceptible,susceptible,susceptible,susceptible,acrF; blaEC-5; emrD
562.100380,susceptible,susceptible,susceptible,susceptible,susceptible,acrF; blaEC; emrD; marR_S3N
562.100381,RESISTANT,susceptible,susceptible,susceptible,susceptible,aadA1; acrF; aph(3'')-Ib; aph(6)-Id; blaEC; blaTEM-1; blaTEMp_G162T; dfrA1; emrD; marR_S3N; sul1
562.100382,susceptible,susceptible,susceptible,susceptible,susceptible,acrF; blaEC-5; emrD
562.100383,susceptible,susceptible,susceptible,susceptible,susceptible,acrF; blaEC; emrD; marR_S3N
562.100384,RESISTANT,susceptible,susceptible,susceptible,RESISTANT,aadA5; acrF; aph(3'')-Ib; aph(6)-Id; blaEC; blaTEM-1; cyaA_S352T; dfrA17; emrD; mdtM; mph(A); mrx(A); sul1; sul2; tet(B)
562.100385,RESISTANT,RESISTANT,susceptible,susceptible,,acrF; blaCTX-M-15; blaEC; cyaA_S352T; dfrA14; emrD; gyrA_S83L; mdtM; mph(A); mrx(A); tet(B)
562.100386,RESISTANT,susceptible,susceptible,susceptible,susceptible,acrF; blaEC; blaTEM; emrD; gyrA_S83L; mdtM; parE_I529L; ptsI_V25I; uhpT_E350Q
562.100387,RESISTANT,susceptible,susceptible,susceptible,RESISTANT,aadA1; acrF; aph(3'')-Ib; aph(6)-Id; blaEC-5; blaTEM-1; catA1; cirA_Q56Ter; dfrA1; emrD; sul1; sul2
562.100388,RESISTANT,susceptible,susceptible,susceptible,RESISTANT,aadA5; acrF; aph(3'')-Ib; aph(6)-Id; blaEC; blaTEM-1; catA1; dfrA17; dfrA8; emrD; mdtM; parE_I529L; ptsI_V25I; sul1; sul2; tet(B); uhpT_E350Q
562.100389,RESISTANT,susceptible,RESISTANT,susceptible,RESISTANT,acrF; blaEC; emrD; gyrA_S83L; parE_D475E; tet(A); uhpT_E350Q
562.100390,susceptible,susceptible,susceptible,susceptible,susceptible,acrF; blaEC; mdtM
562.100391,RESISTANT,susceptible,susceptible,susceptible,RESISTANT,acrF; aph(3'')-Ib; aph(6)-Id; blaEC; blaTEM-1; dfrA5; emrD; marR_S3N; mdtM; sul1; sul2
562.100392,susceptible,susceptible,susceptible,susceptible,susceptible,acrF; blaEC; emrD
562.100393,susceptible,susceptible,susceptible,susceptible,susceptible,acrF; blaEC; cyaA_S352T; emrD; mdtM
562.100394,susceptible,susceptible,,susceptible,susceptible,acrF; blaEC; gyrA_S83L; mdtM; mph(A); mrx(A)
562.100395,susceptible,susceptible,,susceptible,susceptible,acrF; blaEC; cyaA_S352T; emrD; gyrA_S83L; mdtM
562.100396,RESISTANT,susceptible,,susceptible,susceptible,acrF; blaEC; blaTEM-1; emrD; gyrA_S83L; parE_I529L; ptsI_V25I; uhpT_E350Q
562.100397,susceptible,susceptible,susceptible,susceptible,susceptible,acrF; blaEC; cyaA_S352T; emrD; mdtM
562.100398,susceptible,susceptible,susceptible,susceptible,susceptible,acrF; blaEC-5; emrD; mdtM
562.100399,susceptible,susceptible,susceptible,susceptible,susceptible,acrF; blaEC; emrD; parE_I529L; ptsI_V25I; uhpT_E350Q
562.100400,susceptible,susceptible,susceptible,susceptible,susceptible,acrF; blaEC; emrD; mdtM; uhpT_E350Q
562.100401,RESISTANT,susceptible,RESISTANT,susceptible,susceptible,acrF; blaEC; blaTEM-1; emrD; gyrA_D87N; gyrA_S83L; mdtM; parC_E84V; parC_S80I; parE_I529L; ptsI_V25I; uhpT_E350Q
562.100402,susceptible,susceptible,susceptible,susceptible,susceptible,acrF; blaEC; emrD
562.100403,susceptible,susceptible,susceptible,susceptible,susceptible,acrF; blaEC; emrD; uhpT_E350Q
562.100404,susceptible,susceptible,susceptible,susceptible,susceptible,aadA1; acrF; blaEC-5; emrD; sul1
562.100405,RESISTANT,RESISTANT,RESISTANT,susceptible,RESISTANT,aadA5; acrF; acrR_W178Ter; aph(3'')-Ib; aph(6)-Id; blaCTX-M-27; blaEC; dfrA17; emrD; gyrA_D87N; gyrA_S83L; mdtM; mph(A); mrx(A); parC_E84V; parC_S80I; parE_I529L; ptsI_V25I; sul1; sul2; tet(A); uhpT_E350Q
562.100406,susceptible,susceptible,susceptible,susceptible,susceptible,acrF; blaEC; emrD
562.100407,susceptible,susceptible,susceptible,susceptible,susceptible,acrF; blaEC-5; emrD
562.100408,RESISTANT,susceptible,susceptible,susceptible,RESISTANT,aadA1; acrF; blaEC; blaTEM-1; blaTEMp_C32T; dfrA1; emrD; marR_S3N; sat2
562.100409,RESISTANT,susceptible,susceptible,susceptible,RESISTANT,acrF; aph(3'')-Ib; aph(6)-Id; blaEC; blaTEM-1; dfrA5; mdtM; sul2; tet(A)
562.100410,RESISTANT,susceptible,susceptible,susceptible,RESISTANT,aadA1; acrF; blaEC; blaSHV-1; dfrA1; emrD; mdtM; sat2; sul1; tet(D)
562.100411,susceptible,susceptible,susceptible,susceptible,susceptible,acrF; blaEC; fosA7.5; mdtM
562.100412,susceptible,susceptible,susceptible,susceptible,susceptible,acrF; aph(3'')-Ib; aph(6)-Id; blaEC; mdtM; sul2
562.100413,susceptible,susceptible,susceptible,susceptible,susceptible,acrF; blaEC; emrD; marR_S3N; mdtM
562.100414,RESISTANT,susceptible,,susceptible,susceptible,aadA1; acrF; blaEC-5; blaSHV-1; emrD; gyrA_S83L
562.100415,susceptible,susceptible,susceptible,susceptible,susceptible,acrF; blaEC-5; cirA_V198GfsTer3; emrD
562.100416,RESISTANT,susceptible,susceptible,susceptible,RESISTANT,aadA5; acrF; aph(3'')-Ib; aph(6)-Id; blaEC; blaTEM-1; cyaA_S352T; dfrA17; emrD; mdtM; sul1; sul2
562.100417,RESISTANT,susceptible,susceptible,susceptible,susceptible,acrF; blaEC-5; blaTEM-1; emrD; mdtM
562.100418,RESISTANT,susceptible,,susceptible,susceptible,aadA1; acrF; blaEC; blaSHV-1; cirA_W414Ter; emrD; gyrA_S83L; nfsA_G131D; sul1
562.100419,susceptible,susceptible,susceptible,susceptible,susceptible,acrF; aph(3'')-Ib; aph(6)-Id; blaEC; emrD; gyrA_S83L; marR_S3N; tet(B)
562.100420,RESISTANT,susceptible,RESISTANT,susceptible,RESISTANT,aac(3)-IId; aadA5; acrF; aph(3'')-Ib; aph(6)-Id; blaEC; blaTEM-1; dfrA17; emrD; gyrA_D87N; gyrA_S83L; mdtM; mph(A); mrx(A); parC_E84V; parC_S80I; parE_I529L; ptsI_V25I; sul1; sul2; tet(A); uhpT_E350Q
562.100421,susceptible,susceptible,susceptible,,RESISTANT,acrF; aph(3'')-Ib; aph(6)-Id; blaEC; dfrA14; emrD; marR_S3N; mdtM; sul2
562.100422,RESISTANT,susceptible,susceptible,susceptible,RESISTANT,aadA1; acrF; blaEC; blaTEM-1; dfrA1; emrD; sat2
562.100423,susceptible,susceptible,susceptible,susceptible,,aadA1; acrF; blaEC-5; dfrA1; emrD; marR_S3N; sat2; uhpT_E350Q
562.100424,susceptible,susceptible,susceptible,susceptible,susceptible,acrF; blaEC; cyaA_S352T; emrD
562.100425,susceptible,susceptible,susceptible,susceptible,susceptible,acrF; blaEC; emrD; uhpT_E350Q
562.100426,susceptible,susceptible,susceptible,susceptible,susceptible,acrF; blaEC; emrD; marR_S3N; mdtM
562.100427,RESISTANT,RESISTANT,RESISTANT,RESISTANT,RESISTANT,aac(3)-IIe; aac(6')-Ib-cr5; aadA5; acrF; blaCTX-M-15; blaEC; blaOXA-1; catB3; dfrA17; emrD; gyrA_D87N; gyrA_S83L; mdtM; mph(A); mrx(A); parC_E84V; parC_S80I; parE_I529L; ptsI_V25I; sul1; tet(A); uhpT_E350Q
562.100428,susceptible,susceptible,susceptible,susceptible,susceptible,acrF; blaEC; emrD; marR_S3N
562.100429,RESISTANT,susceptible,RESISTANT,susceptible,susceptible,acrF; blaEC; blaTEM-1; blaTEMp_C32T; emrD; gyrA_D87N; gyrA_S83L; mdtM; parC_E84V; parC_S80I; parE_I529L; pmrB_V161G; ptsI_V25I; uhpT_E350Q
562.100430,susceptible,susceptible,susceptible,susceptible,susceptible,acrF; blaEC; mdtM
562.100431,susceptible,susceptible,susceptible,susceptible,susceptible,acrF; blaEC-5; emrD
562.100432,RESISTANT,susceptible,susceptible,susceptible,RESISTANT,aadA5; acrF; blaEC; blaTEM-1; cyaA_S352T; dfrA17; emrD; mdtM; sul1; sul2
562.100433,susceptible,susceptible,susceptible,susceptible,RESISTANT,aadA5; acrF; blaEC; cyaA_S352T; dfrA17; emrD; mdtM; sul1
562.100434,susceptible,susceptible,susceptible,susceptible,susceptible,acrF; blaEC; emrD; marR_S3N; mdtM
562.100435,susceptible,susceptible,susceptible,susceptible,susceptible,acrF; blaEC; cyaA_S352T; emrD; mdtM
562.100436,susceptible,susceptible,susceptible,susceptible,susceptible,acrF; blaEC; emrD
562.100437,susceptible,susceptible,susceptible,susceptible,susceptible,acrF; blaEC; mdtM
562.100438,RESISTANT,susceptible,susceptible,susceptible,susceptible,aadA5; acrF; aph(3'')-Ib; aph(6)-Id; blaEC; blaTEM-1; cyaA_S352T; dfrA17; emrD; mdtM; mph(A); mrx(A); sul1; sul2
562.100439,susceptible,susceptible,susceptible,susceptible,susceptible,acrF; blaEC; mdtM
562.100440,RESISTANT,susceptible,susceptible,susceptible,susceptible,acrF; blaEC; mdtM
562.100441,susceptible,susceptible,susceptible,susceptible,susceptible,acrF; blaEC; emrD; marR_S3N
562.100442,RESISTANT,susceptible,,RESISTANT,susceptible,aac(3)-IIe; acrF; blaEC; blaTEM-1; cyaA_S352T; emrD; gyrA_S83L; mdtM; tet(A)
562.100443,susceptible,susceptible,susceptible,susceptible,susceptible,acrF; blaEC; emrD; parE_D475E; uhpT_E350Q
562.100444,RESISTANT,susceptible,susceptible,susceptible,RESISTANT,aadA5; acrF; aph(3'')-Ib; aph(6)-Id; blaEC; blaTEM-1; cyaA_S352T; dfrA17; emrD; mdtM; mph(A); mrx(A); sul1; sul2; tet(B)
562.100445,RESISTANT,susceptible,RESISTANT,susceptible,susceptible,acrF; blaEC-5; blaTEM-1; emrD; gyrA_D87N; gyrA_S83L; marR_S3N; parC_S80I; parE_L416F; uhpT_E350Q
562.100446,RESISTANT,susceptible,susceptible,susceptible,RESISTANT,acrF; aph(3'')-Ib; aph(6)-Id; blaEC; blaTEM-1; dfrA5; mdtM; sul2
562.100447,susceptible,susceptible,susceptible,susceptible,susceptible,acrF; blaEC; emrD; marR_S3N; tet(B)
562.100448,susceptible,susceptible,susceptible,susceptible,susceptible,acrF; blaEC; emrD; uhpT_E350Q
562.100449,RESISTANT,RESISTANT,RESISTANT,RESISTANT,RESISTANT,aac(3)-IIe; aadA5; acrF; aph(3'')-Ib; aph(6)-Id; blaCTX-M-15; blaEC; dfrA17; emrD; gyrA_D87N; gyrA_S83L; mph(A); mrx(A); parC_E84V; parC_S80I; parE_I529L; ptsI_V25I; sul1; sul2; tet(A); uhpT_E350Q
562.100450,RESISTANT,susceptible,susceptible,susceptible,susceptible,aadA1; acrF; blaEC-5; blaSHV-1; emrD; sul1
562.100451,susceptible,susceptible,susceptible,susceptible,susceptible,acrF; blaEC; emrD; marR_S3N
562.100452,susceptible,susceptible,susceptible,susceptible,susceptible,acrF; blaEC; cyaA_S352T; emrD; mdtM; tet(B)
562.100453,susceptible,susceptible,susceptible,susceptible,susceptible,acrF; blaEC; dfrA5; mdtM
562.100454,susceptible,susceptible,susceptible,susceptible,susceptible,acrF; blaEC; emrD
562.100455,RESISTANT,susceptible,susceptible,susceptible,susceptible,acrF; aph(3'')-Ib; aph(6)-Id; blaEC-5; blaTEM-1; emrD; sul2
562.100456,susceptible,susceptible,susceptible,RESISTANT,RESISTANT,aac(3)-IId; aadA5; acrF; acrR_P182RfsTer62; aph(3'')-Ib; aph(6)-Id; blaEC-5; dfrA17; emrD; mph(A); mrx(A); sul1; sul2; tet(A)
562.100457,susceptible,susceptible,susceptible,susceptible,susceptible,acrF; blaEC; emrD; marR_S3N
562.100458,RESISTANT,susceptible,susceptible,susceptible,susceptible,acrF; blaEC-5; blaTEM-1; emrD; gyrA_S83L
562.100459,susceptible,susceptible,susceptible,susceptible,susceptible,acrF; blaEC; emrD; marR_S3N
562.100460,susceptible,susceptible,susceptible,susceptible,susceptible,acrF; blaEC; emrD
562.100461,susceptible,susceptible,susceptible,susceptible,susceptible,acrF; acrR_M153CfsTer5; blaEC; emrD; marR_S3N; mdtM
562.100462,susceptible,susceptible,susceptible,susceptible,susceptible,acrF; blaEC; mdtM
562.100463,susceptible,susceptible,susceptible,susceptible,susceptible,acrF; blaEC-5; emrD
562.100464,susceptible,susceptible,susceptible,susceptible,susceptible,acrF; blaEC; emrD; marR_S3N; mdtM; tet(A)
562.100465,susceptible,susceptible,susceptible,susceptible,susceptible,acrF; blaEC-5; emrD
562.100466,susceptible,susceptible,susceptible,susceptible,susceptible,acrF; blaEC-5; emrD; uhpT_E350Q
562.100467,susceptible,susceptible,,susceptible,susceptible,acrF; blaEC-5; cirA_Q56Ter; emrD; gyrA_S83L
562.100468,RESISTANT,RESISTANT,RESISTANT,susceptible,RESISTANT,aadA5; acrF; aph(3'')-Ib; aph(6)-Id; blaCTX-M-27; blaEC; cirA_N348EfsTer26; dfrA17; emrD; gyrA_D87N; gyrA_S83L; mdtM; mph(A); mrx(A); parC_E84V; parC_S80I; parE_I529L; ptsI_V25I; sul1; sul2; tet(A); uhpT_E350Q
562.100469,RESISTANT,susceptible,susceptible,susceptible,susceptible,aadA1; acrF; aph(3'')-Ib; aph(6)-Id; blaEC; blaTEM-1; catA1; emrD; sul1; tet(A)
562.100470,RESISTANT,susceptible,susceptible,susceptible,susceptible,acrF; blaEC-5; blaTEM-1; emrD; uhpT_E350Q
562.100471,susceptible,susceptible,susceptible,susceptible,susceptible,acrF; blaEC; cirA_T316IfsTer16; emrD; marR_S3N
562.100472,susceptible,susceptible,susceptible,susceptible,susceptible,acrF; aph(3'')-Ib; aph(6)-Id; blaEC; mdtM; tet(B)
562.100473,susceptible,susceptible,susceptible,susceptible,susceptible,acrF; blaEC-5; emrD; uhpT_E350Q
562.100474,RESISTANT,susceptible,susceptible,susceptible,RESISTANT,aadA5; acrF; aph(3'')-Ib; aph(6)-Id; blaEC; blaTEM-1; cyaA_S352T; dfrA17; emrD; mdtM; mph(A); mrx(A); sul1; sul2; tet(A)
562.100475,RESISTANT,RESISTANT,RESISTANT,RESISTANT,RESISTANT,aac(3)-IIe; aadA5; acrF; aph(3'')-Ib; aph(6)-Id; blaCTX-M-15; blaEC; dfrA17; emrD; gyrA_D87N; gyrA_S83L; mdtM; mph(A); mrx(A); parC_E84V; parC_S80I; parE_I529L; ptsI_V25I; sul1; sul2; tet(A); uhpT_E350Q
562.100476,RESISTANT,susceptible,RESISTANT,susceptible,RESISTANT,aadA1; acrF; aph(3'')-Ib; aph(6)-Id; blaEC; blaTEM-1; dfrA1; emrD; gyrA_D87N; gyrA_S83L; marR_S3N; parC_S80I; sat2; sul2; tet(A)
562.100477,RESISTANT,susceptible,susceptible,susceptible,susceptible,acrF; blaEC; blaTEM-1; emrD; marR_S3N; mdtM
562.100478,RESISTANT,susceptible,susceptible,susceptible,RESISTANT,acrF; aph(3'')-Ib; aph(3')-Ia; aph(6)-Id; blaEC; blaTEM-1; dfrA5; mdtM; sul2; tet(B)
562.100479,RESISTANT,susceptible,susceptible,susceptible,susceptible,acrF; blaEC; blaTEM-1; catA1; cyaA_S352T; emrD; mdtM; tet(B)
562.100480,susceptible,susceptible,susceptible,susceptible,susceptible,aadA1; acrF; blaEC; emrD; sul1
562.100481,susceptible,susceptible,susceptible,susceptible,susceptible,acrF; blaEC; mdtM
562.100482,RESISTANT,susceptible,susceptible,susceptible,RESISTANT,acrF; blaEC; blaTEM-1; dfrA1; mdtM; sul2
562.100483,RESISTANT,susceptible,susceptible,susceptible,susceptible,acrF; blaEC; blaTEM-1; emrD; parE_I529L; ptsI_V25I; tet(A); uhpT_E350Q
562.100484,susceptible,susceptible,susceptible,susceptible,susceptible,acrF; blaEC; cyaA_S352T; emrD; mdtM
562.100485,susceptible,susceptible,susceptible,susceptible,susceptible,acrF; blaEC; cirA_V239RfsTer47; cyaA_S352T; emrD; uhpT_E350Q
562.100486,RESISTANT,susceptible,RESISTANT,susceptible,RESISTANT,acrF; aph(3'')-Ib; aph(6)-Id; blaEC-5; blaTEM-1; dfrA17; emrD; gyrA_D87N; gyrA_S83L; marR_S3N; mph(A); mrx(A); parC_S80I; parE_L416F; sul2; tet(B); uhpT_E350Q
562.100487,susceptible,susceptible,susceptible,susceptible,susceptible,acrF; blaEC; emrD; marR_S3N; mdtM
562.100488,RESISTANT,susceptible,RESISTANT,susceptible,susceptible,acrF; blaEC; blaTEM-1; emrD; gyrA_S83L; parE_I529L; ptsI_V25I; uhpT_E350Q
562.100489,susceptible,susceptible,susceptible,susceptible,susceptible,acrF; blaEC; mdtM
562.100490,RESISTANT,susceptible,susceptible,susceptible,RESISTANT,acrF; aph(3'')-Ib; aph(6)-Id; blaEC; blaTEM-1; dfrA5; mdtM; sul2
562.100491,RESISTANT,susceptible,susceptible,susceptible,susceptible,acrF; aph(3'')-Ib; aph(3')-Ia; aph(6)-Id; blaEC; blaTEM-1; emrD; sul2
562.100492,RESISTANT,susceptible,,susceptible,susceptible,acrF; aph(3'')-Ib; aph(6)-Id; blaEC; blaTEM-1; mdtM; nfsA_Q44Ter; sul2; tet(B)
562.100493,susceptible,susceptible,susceptible,susceptible,susceptible,acrF; blaEC; mdtM
562.100494,RESISTANT,susceptible,susceptible,susceptible,susceptible,acrF; aph(3'')-Ib; aph(6)-Id; blaEC; blaTEM-1; emrD; marR_S3N; nfsB_W94Ter; sul2
562.100495,RESISTANT,susceptible,RESISTANT,susceptible,RESISTANT,acrF; aph(3'')-Ib; aph(6)-Id; blaEC; blaTEM-1; cyaA_S352T; dfrA14; emrD; gyrA_D87N; gyrA_S83L; mdtM; mph(A); mrx(A); parC_S80I; parE_E460K; sul2; tet(B)
562.100496,susceptible,susceptible,susceptible,susceptible,susceptible,acrF; blaEC-5; emrD
562.100497,RESISTANT,RESISTANT,RESISTANT,susceptible,RESISTANT,aadA5; acrF; aph(3'')-Ib; aph(6)-Id; blaCTX-M-27; blaEC; dfrA17; emrD; gyrA_D87N; gyrA_S83L; mdtM; mph(A); mrx(A); parC_E84V; parC_S80I; parE_I529L; ptsI_V25I; sul1; sul2; tet(A); uhpT_E350Q
562.100498,susceptible,susceptible,susceptible,susceptible,susceptible,acrF; blaEC; cirA_Q598Ter; emrD; uhpT_E350Q
562.100499,susceptible,susceptible,susceptible,susceptible,susceptible,acrF; blaEC-5; emrD
562.100500,susceptible,susceptible,susceptible,susceptible,susceptible,aadA1; acrF; blaEC-5; emrD; sul1
562.100501,RESISTANT,susceptible,susceptible,susceptible,RESISTANT,acrF; aph(3'')-Ib; aph(3')-Ia; aph(6)-Id; blaEC; blaTEM-1; blaTEMp_C32T; dfrA14; emrD; mdtM; mph(A); mrx(A); parE_I529L; ptsI_V25I; sul2; uhpT_E350Q
562.100502,RESISTANT,susceptible,susceptible,susceptible,RESISTANT,aadA2; acrF; aph(3'')-Ib; aph(6)-Id; blaEC; blaTEM-1; cyaA_S352T; dfrA12; emrD; mdtM; mph(A); mrx(A); sul1
562.100503,susceptible,susceptible,susceptible,susceptible,susceptible,acrF; blaEC; cirA_D258RfsTer5; cyaA_S352T; emrD; mdtM
562.100504,RESISTANT,RESISTANT,susceptible,susceptible,RESISTANT,aadA5; acrF; aph(3'')-Ib; aph(6)-Id; blaCTX-M-27; blaEC; cyaA_S352T; dfrA17; emrD; mdtM; mph(A); mrx(A); nfsA_Q67Ter; sul1; sul2; tet(A)
562.100505,RESISTANT,susceptible,susceptible,susceptible,RESISTANT,acrF; aph(3'')-Ib; aph(6)-Id; blaEC; blaTEM-1; dfrA5; emrD; gyrA_D87G; marR_S3N; sul2
562.100506,RESISTANT,susceptible,RESISTANT,susceptible,RESISTANT,aadA5; acrF; aph(3'')-Ib; aph(6)-Id; blaEC; blaTEM-1; cyaA_S352T; dfrA17; emrD; gyrA_D87N; gyrA_S83L; mph(A); mrx(A); parC_S57T; parC_S80I; parE_L416F; sul1; sul2; tet(B); uhpT_E350Q
562.100507,RESISTANT,susceptible,,susceptible,RESISTANT,aadA5; acrF; aph(3'')-Ib; aph(6)-Id; blaEC; blaTEM-1; cyaA_S352T; dfrA17; emrD; mdtM; mph(A); mrx(A); sul1; sul2
562.100508,susceptible,susceptible,susceptible,susceptible,susceptible,acrF; blaEC; cyaA_S352T; emrD; mdtM; uhpT_E350Q
562.100509,RESISTANT,susceptible,susceptible,susceptible,RESISTANT,acrF; aph(3'')-Ib; aph(6)-Id; blaEC; blaTEM-1; dfrA5; mdtM; sul2
562.100510,RESISTANT,RESISTANT,RESISTANT,susceptible,RESISTANT,aadA1; acrF; blaCTX-M-15; blaEC; blaTEM-1; dfrA15; emrD; gyrA_D87N; gyrA_S83L; mdtM; parC_E84V; parC_S80I; parE_I529L; ptsI_V25I; sul1; tet(A); uhpT_E350Q
562.100511,susceptible,susceptible,susceptible,susceptible,susceptible,acrF; blaEC; mdtM; ompC_W273Ter
562.100512,susceptible,susceptible,,susceptible,,aadA1; acrF; blaEC-5; dfrA1; emrD; mdtM; sat2
562.100513,RESISTANT,susceptible,susceptible,susceptible,susceptible,acrF; blaEC; blaTEM-1; emrD; marR_S3N; mdtM
562.100514,susceptible,susceptible,susceptible,susceptible,susceptible,acrF; blaEC; cirA_D258RfsTer5; cyaA_S352T; emrD; mdtM
562.100515,susceptible,susceptible,susceptible,susceptible,susceptible,acrF; blaEC; cyaA_S352T; emrD; mdtM
562.100516,susceptible,susceptible,susceptible,susceptible,susceptible,acrF; blaEC; cyaA_S352T; emrD; mdtM; uhpT_E350Q
562.100517,RESISTANT,susceptible,susceptible,susceptible,susceptible,aadA1; acrF; aph(3'')-Ib; aph(6)-Id; blaEC; blaTEM-1; catA1; emrD; sul1; tet(A)
562.100518,RESISTANT,susceptible,susceptible,susceptible,susceptible,acrF; blaEC; blaTEM-1; emrD; marR_S3N; mdtM
562.100519,susceptible,susceptible,susceptible,susceptible,susceptible,acrF; blaEC-5; emrD; marR_S3N
562.100520,susceptible,susceptible,susceptible,susceptible,susceptible,acrF; blaEC; emrD; marR_S3N
562.100521,RESISTANT,susceptible,susceptible,susceptible,RESISTANT,acrF; aph(3'')-Ib; aph(6)-Id; blaEC; blaTEM-1; dfrA5; mdtM; sul2; tet(A)
562.100522,susceptible,susceptible,susceptible,susceptible,susceptible,acrF; blaEC; emrD; marR_S3N
562.100523,RESISTANT,susceptible,susceptible,susceptible,RESISTANT,acrF; aph(3'')-Ib; aph(6)-Id; blaEC; blaTEM-1; cyaA_S352T; dfrA5; emrD; sul1; sul2
562.100524,susceptible,susceptible,,susceptible,susceptible,acrF; blaEC; emrD; gyrA_S83L; marR_S3N
562.100525,susceptible,susceptible,susceptible,susceptible,susceptible,acrF; blaEC; mdtM
562.100526,RESISTANT,RESISTANT,RESISTANT,RESISTANT,RESISTANT,aac(3)-IIe; aac(6')-Ib-cr5; aadA5; acrF; blaCTX-M-15; blaEC; blaOXA-1; blaTEM-1; catB3; dfrA17; emrD; gyrA_D87N; gyrA_S83L; mdtM; mph(A); mrx(A); parC_E84V; parC_S80I; parE_I529L; ptsI_V25I; sul1; tet(A); uhpT_E350Q
562.100527,RESISTANT,susceptible,susceptible,susceptible,susceptible,acrF; blaEC; blaTEM-135; emrD; gyrA_S83L; uhpT_E350Q
562.100528,susceptible,susceptible,susceptible,susceptible,susceptible,acrF; blaEC-5; emrD; marR_S3N; mdtM; ompF_A17QfsTer16; uhpT_E350Q
562.100529,susceptible,susceptible,susceptible,susceptible,susceptible,acrF; blaEC; emrD; uhpT_E350Q
562.100530,susceptible,susceptible,susceptible,susceptible,susceptible,acrF; blaEC; cyaA_S352T; emrD; mdtM
562.100531,susceptible,susceptible,susceptible,susceptible,RESISTANT,aadA5; acrF; blaEC; cyaA_S352T; dfrA17; emrD; mdtM; sul1
562.100532,susceptible,susceptible,RESISTANT,susceptible,susceptible,acrF; aph(3'')-Ib; aph(6)-Id; blaEC; gyrA_S83L; mdtM
562.100533,RESISTANT,susceptible,susceptible,susceptible,RESISTANT,acrF; aph(3'')-Ib; aph(3')-Ia; aph(6)-Id; blaEC; blaTEM-1; blaTEMp_C32T; catA1; dfrA14; emrD; mph(A); mrx(A); parE_I529L; ptsI_V25I; sul2; tet(B); uhpT_E350Q
562.100534,susceptible,susceptible,susceptible,susceptible,susceptible,acrF; blaEC; mdtM
562.100535,susceptible,susceptible,susceptible,susceptible,susceptible,acrF; blaEC; emrD; marR_S3N
562.100536,susceptible,susceptible,susceptible,susceptible,susceptible,acrF; blaEC; emrD; parE_D475E; uhpT_E350Q
562.100537,susceptible,susceptible,susceptible,susceptible,susceptible,acrF; blaEC; emrD; parE_D475E
562.100538,susceptible,susceptible,susceptible,susceptible,susceptible,acrF; blaEC; emrD; parE_D475E; uhpT_E350Q
562.100539,susceptible,susceptible,susceptible,susceptible,susceptible,acrF; blaEC-5; emrD
562.100540,RESISTANT,susceptible,RESISTANT,susceptible,RESISTANT,acrF; acrR_R22FfsTer50; aph(3'')-Ib; aph(6)-Id; blaEC; blaTEM-1; dfrA14; gyrA_D87N; gyrA_S83L; mdtM; parC_S80I; parE_S458A; sul2; tet(B); uhpT_E350Q
562.100541,RESISTANT,susceptible,,susceptible,RESISTANT,acrF; aph(3'')-Ib; aph(6)-Id; blaEC; blaTEM-1; dfrA5; emrD; parE_I529L; ptsI_V25I; sul2; uhpT_E350Q
562.100542,susceptible,susceptible,susceptible,susceptible,susceptible,acrF; blaEC; emrD; mdtM
562.100543,RESISTANT,susceptible,susceptible,susceptible,RESISTANT,acrF; aph(3'')-Ib; aph(6)-Id; blaEC; blaTEM-1; dfrA8; mdtM; sul2
562.100544,RESISTANT,susceptible,susceptible,susceptible,susceptible,acrF; blaEC; blaTEM-1; cyaA_S352T; emrD
562.100545,RESISTANT,susceptible,susceptible,susceptible,RESISTANT,aadA1; acrF; blaEC; blaTEM-1; cirA_V239RfsTer47; cyaA_S352T; dfrA1; emrD; gyrA_S83L; sat2; tet(A); uhpT_E350Q
562.100546,RESISTANT,susceptible,susceptible,susceptible,RESISTANT,aadA5; acrF; aph(3'')-Ib; aph(6)-Id; blaEC; blaTEM-1; cyaA_S352T; dfrA17; emrD; mdtM; mph(A); mrx(A); sul1; sul2
562.100547,RESISTANT,RESISTANT,RESISTANT,RESISTANT,RESISTANT,aadA1; acrF; ant(2'')-Ia; aph(3'')-Ib; aph(3')-Ia; aph(6)-Id; blaEC; blaTEM-1; catA1; dfrA1; dfrA36; floR; gyrA_D87N; gyrA_S83L; mdtM; mph(B); parC_S80I; rdmCL; sat2; sul1; sul2; tet(B)
562.100548,susceptible,susceptible,susceptible,susceptible,susceptible,acrF; blaEC; emrD; marR_S3N
562.100549,RESISTANT,RESISTANT,susceptible,susceptible,RESISTANT,aadA5; acrF; aph(3'')-Ib; aph(6)-Id; blaCTX-M; blaEC; blaTEM-1; dfrA17; emrD; gyrA_S83L; mdtM; mph(A); mrx(A); parE_I529L; ptsI_V25I; sul1; sul2; tet(A); uhpT_E350Q
562.100550,RESISTANT,susceptible,susceptible,susceptible,susceptible,aadA1; acrF; blaEC-5; blaSHV-1; emrD; sul1
562.100551,susceptible,susceptible,susceptible,susceptible,susceptible,acrF; blaEC-5; emrD; mdtM
562.100552,susceptible,susceptible,susceptible,susceptible,susceptible,acrF; blaEC-5; emrD; marR_S3N; mdtM; ompF_A17QfsTer16; uhpT_E350Q
562.100553,RESISTANT,susceptible,RESISTANT,susceptible,RESISTANT,acrF; aph(3'')-Ib; aph(6)-Id; blaEC-5; blaTEM-1; dfrA17; emrD; gyrA_D87N; gyrA_S83L; marR_S3N; mph(A); mrx(A); parC_S80I; parE_L416F; sul2; tet(B); uhpT_E350Q
562.100554,RESISTANT,RESISTANT,RESISTANT,RESISTANT,RESISTANT,aac(3)-IIe; aac(6')-Ib-cr5; aadA5; acrF; blaCTX-M-15; blaEC; blaOXA-1; catB3; dfrA17; emrD; gyrA_D87N; gyrA_S83L; mdtM; mph(A); mrx(A); parC_E84V; parC_S80I; parE_I529L; ptsI_V25I; sul1; uhpT_E350Q
562.100555,RESISTANT,RESISTANT,RESISTANT,susceptible,RESISTANT,aadA5; acrF; aph(3'')-Ib; aph(6)-Id; blaCTX-M-15; blaCTX-M-27; blaEC; dfrA17; emrD; gyrA_D87N; gyrA_S83L; mdtM; mph(A); mrx(A); parC_E84V; parC_S80I; parE_I529L; ptsI_V25I; sul1; sul2; tet(A); uhpT_E350Q
562.100556,susceptible,susceptible,susceptible,susceptible,susceptible,acrF; blaEC; mdtM
562.100557,susceptible,susceptible,susceptible,susceptible,susceptible,acrF; blaEC; emrD
562.100558,RESISTANT,susceptible,susceptible,susceptible,RESISTANT,aadA5; acrF; blaEC; blaTEM-1; cyaA_S352T; dfrA17; emrD; gyrA_S83L; mdtM; mph(A); mrx(A); sul1; tet(B)
562.100559,RESISTANT,susceptible,susceptible,susceptible,RESISTANT,acrF; aph(3'')-Ib; aph(6)-Id; blaEC; blaTEM-1; dfrA5; mdtM; ompC_Q70Ter; sul2
562.100560,RESISTANT,susceptible,RESISTANT,susceptible,RESISTANT,acrF; aph(3'')-Ib; aph(6)-Id; blaEC-5; blaTEM-1; dfrA17; emrD; gyrA_D87N; gyrA_S83L; marR_S3N; parC_S80I; parE_L416F; sul2; tet(B); uhpT_E350Q
562.100561,susceptible,susceptible,susceptible,susceptible,susceptible,acrF; blaEC; cyaA_S352T; emrD; mdtM
562.100562,RESISTANT,susceptible,susceptible,susceptible,susceptible,acrF; blaEC-5; blaTEM-1; emrD
562.100563,susceptible,susceptible,RESISTANT,susceptible,RESISTANT,acrF; aph(3'')-Ib; aph(6)-Id; blaEC-5; dfrA17; emrD; gyrA_D87N; gyrA_S83L; marR_S3N; parC_S80I; parE_L416F; sul2; tet(B); uhpT_E350Q
562.100564,susceptible,susceptible,susceptible,susceptible,susceptible,acrF; blaEC; mdtM
562.100565,RESISTANT,RESISTANT,RESISTANT,susceptible,susceptible,acrF; blaCTX-M-15; blaEC; blaTEM-1; emrD; gyrA_S83L; mdtM; parE_I529L; ptsI_V25I; uhpT_E350Q
562.100566,susceptible,susceptible,susceptible,susceptible,susceptible,acrF; blaEC; emrD; uhpT_E350Q
562.100567,RESISTANT,susceptible,susceptible,susceptible,RESISTANT,aadA5; acrF; aph(3'')-Ib; aph(6)-Id; blaEC; blaTEM-1; cyaA_S352T; dfrA17; emrD; mdtM; sul1; sul2
562.100568,RESISTANT,susceptible,susceptible,susceptible,susceptible,acrF; aph(3'')-Ib; aph(6)-Id; blaEC; blaTEM-1; cirA_E450AfsTer30; cyaA_S352T; emrD; mdtM; sul2; tet(A)
562.100569,RESISTANT,susceptible,susceptible,susceptible,susceptible,acrF; blaEC-5; blaTEM-1; emrD
562.100570,RESISTANT,susceptible,RESISTANT,susceptible,RESISTANT,acrF; aph(3'')-Ib; aph(6)-Id; blaEC; blaTEM-1; cyaA_S352T; dfrA14; emrD; gyrA_D87N; gyrA_S83L; mdtM; mph(A); mrx(A); ompC_Q104Ter; parC_S80I; parE_E460K; sul2; tet(B)
562.100571,RESISTANT,susceptible,susceptible,susceptible,susceptible,acrF; blaEC; blaTEM-1; emrD; uhpT_E350Q
562.100572,susceptible,susceptible,susceptible,susceptible,susceptible,acrF; blaEC; emrD
562.100573,susceptible,susceptible,susceptible,susceptible,susceptible,acrF; blaEC-5; emrD
562.100574,RESISTANT,susceptible,susceptible,susceptible,RESISTANT,aadA5; acrF; aph(3'')-Ib; aph(6)-Id; blaEC; blaTEM-1; cyaA_S352T; dfrA17; emrD; gyrA_S83A; mdtM; mph(A); mrx(A); sul1; sul2
562.100575,susceptible,susceptible,susceptible,susceptible,susceptible,acrF; blaEC-5; emrD
562.100576,susceptible,susceptible,susceptible,susceptible,susceptible,acrF; blaEC-5; cirA_Q56Ter; emrD; marR_S3N; uhpT_E350Q
562.100577,RESISTANT,susceptible,susceptible,susceptible,susceptible,acrF; aph(3'')-Ib; aph(6)-Id; blaEC; blaTEM-1; emrD; mdtM; sul2; uhpT_E350Q
562.100578,susceptible,susceptible,susceptible,susceptible,RESISTANT,acrF; aph(3'')-Ib; aph(6)-Id; blaEC; dfrA14; emrD; marR_S3N; mdtM; sul2
562.100579,susceptible,susceptible,susceptible,susceptible,susceptible,acrF; blaEC; emrD; marR_S3N; mdtM
562.100580,RESISTANT,susceptible,susceptible,susceptible,RESISTANT,acrF; aph(3'')-Ib; aph(6)-Id; blaEC; blaTEM-1; catA1; dfrA14; emrD; nfsA_W159Ter; sul2; tet(B)
562.100581,susceptible,susceptible,susceptible,susceptible,susceptible,acrF; blaEC; emrD; marR_S3N
562.100582,susceptible,susceptible,susceptible,susceptible,susceptible,acrF; blaEC; emrD; marR_S3N; mdtM
562.100583,RESISTANT,susceptible,RESISTANT,susceptible,susceptible,acrF; blaEC; blaTEM-1; emrD; gyrA_D87N; gyrA_S83L; mdtM; parC_E84V; parC_S80I; parE_I529L; ptsI_V25I; uhpT_E350Q
562.100584,susceptible,susceptible,susceptible,susceptible,susceptible,acrF; blaEC; emrD; marR_S3N; mdtM
562.100585,susceptible,susceptible,susceptible,susceptible,susceptible,acrF; blaEC-5; emrD; marR_S3N; uhpT_E350Q
562.100586,susceptible,susceptible,susceptible,susceptible,susceptible,acrF; blaEC-5; emrD; marR_S3N; uhpT_E350Q
562.100587,RESISTANT,susceptible,susceptible,susceptible,susceptible,acrF; aph(3'')-Ib; aph(6)-Id; blaEC; blaTEM-1; emrD; parE_I529L; ptsI_V25I; sul2; uhpT_E350Q
562.100588,RESISTANT,susceptible,susceptible,susceptible,susceptible,acrF; ampC_T-32A; blaEC; blaTEM-1; emrD; tet(B)
562.100589,susceptible,susceptible,susceptible,susceptible,susceptible,blaEC; cirA_Q501Ter; emrD; marR_S3N
562.100590,RESISTANT,susceptible,susceptible,susceptible,susceptible,aadA1; acrF; blaEC; blaSHV-1; emrD; sul1; tet(D)
562.100591,susceptible,susceptible,susceptible,susceptible,susceptible,acrF; blaEC; emrD
562.100592,RESISTANT,RESISTANT,RESISTANT,susceptible,RESISTANT,aac(6')-Ib-cr5; aadA5; acrF; blaCTX-M-15; blaEC; blaOXA-1; blaTEM-1; catA1; catB3; cyaA_S352T; dfrA17; emrD; gyrA_D87N; gyrA_S83L; mdtM; mph(A); mrx(A); nfsA_G126R; parC_S80I; parE_S458A; sul1; tet(B)
562.100593,susceptible,susceptible,susceptible,susceptible,susceptible,acrF; blaEC; emrD; marR_S3N
562.100594,susceptible,susceptible,susceptible,susceptible,susceptible,acrF; blaEC; emrD
562.100595,susceptible,susceptible,susceptible,susceptible,susceptible,acrF; blaEC; emrD; marR_S3N; mdtM
562.100596,RESISTANT,susceptible,susceptible,susceptible,RESISTANT,acrF; aph(3'')-Ib; aph(6)-Id; blaEC; blaTEM-1; dfrA5; emrD; marR_S3N; mdtM; sul2; tet(A)
562.100597,susceptible,susceptible,susceptible,susceptible,susceptible,acrF; blaEC-5; emrD
562.100598,susceptible,susceptible,susceptible,susceptible,susceptible,acrF; aph(3'')-Ib; aph(6)-Id; blaEC; emrD; marR_S3N; tet(B)
562.100599,susceptible,susceptible,susceptible,susceptible,susceptible,acrF; blaEC; emrD; marR_S3N; nfsA_R203C; tet(B)
562.100600,susceptible,susceptible,susceptible,susceptible,susceptible,acrF; aph(3'')-Ib; aph(6)-Id; blaEC; emrD; gyrA_D87N; marR_S3N; mdtM; sul2; tet(A)
562.100601,RESISTANT,RESISTANT,susceptible,RESISTANT,RESISTANT,aac(3)-IIe; aac(6')-Ib-cr5; acrF; aph(3'')-Ib; aph(6)-Id; blaCTX-M-15; blaEC; blaOXA-1; blaTEM-1; catB3; dfrA14; emrD; marR_S3N; qnrB1; sul2; tet(A)
562.100602,susceptible,susceptible,susceptible,susceptible,susceptible,acrF; blaEC; emrD; marR_S3N
562.100603,RESISTANT,susceptible,susceptible,susceptible,RESISTANT,acrF; aph(3'')-Ib; aph(6)-Id; blaEC; blaTEM-1; dfrA5; mdtM; sul2; tet(A)
562.100604,susceptible,susceptible,susceptible,susceptible,susceptible,aac(3)-IId; acrF; aph(3'')-Ib; aph(6)-Id; blaEC; blaTEM-1; dfrA17; emrD; gyrA_S83L; marR_S3N; sul2; tet(A)
562.100605,RESISTANT,susceptible,susceptible,susceptible,RESISTANT,acrF; blaCTX-M-27; blaEC; emrD; gyrA_D87N; gyrA_S83L; mdtM; parC_E84V; parC_S80I; parE_I529L; ptsI_V25I; uhpT_E350Q
562.100606,susceptible,,susceptible,susceptible,susceptible,acrF; blaEC; emrD; marR_S3N; mdtM
562.100607,susceptible,susceptible,susceptible,susceptible,susceptible,acrF; aph(3'')-Ib; aph(6)-Id; blaEC; blaTEM-1; emrD; marR_S3N; mdtM; sul2
562.100608,RESISTANT,susceptible,susceptible,susceptible,RESISTANT,acrF; blaEC-5; emrD
562.100609,susceptible,susceptible,susceptible,,RESISTANT,aadA1; acrF; blaEC; blaTEM-1; dfrA1; emrD; marR_S3N; mdtM; nfsA_L116Ter; sul1; tet(A)
562.100610,susceptible,susceptible,susceptible,susceptible,susceptible,acrF; aph(3'')-Ib; aph(6)-Id; blaEC-5; blaTEM-1; emrD; sul2; uhpT_E350Q
562.100611,susceptible,susceptible,susceptible,susceptible,susceptible,acrF; blaEC; emrD
562.100612,RESISTANT,susceptible,susceptible,susceptible,RESISTANT,aadA5; acrF; aph(3'')-Ib; aph(6)-Id; blaEC; blaTEM-1; dfrA17; emrD; mdtM; mef(C); mph(G); nfsA_W77Ter; sul2; tet(B); uhpT_E350Q
562.100613,RESISTANT,RESISTANT,RESISTANT,susceptible,RESISTANT,aadA5; acrF; blaCTX-M-15; blaEC; cyaA_S352T; dfrA17; emrD; gyrA_D87N; gyrA_S83L; ompF_Y253EfsTer3; parC_S80I; parE_S458A; sul1
562.100614,RESISTANT,RESISTANT,,susceptible,susceptible,acrF; blaCTX-M-15; blaEC; gyrA_S83A; mdtM; qnrS1
562.100615,RESISTANT,susceptible,susceptible,susceptible,RESISTANT,acrF; aph(3'')-Ib; aph(6)-Id; blaEC; blaTEM-1; cyaA_S352T; dfrA14; emrD; sul2; tet(A)
562.100616,susceptible,susceptible,susceptible,susceptible,susceptible,acrF; aph(3'')-Ib; aph(6)-Id; blaEC; cirA_Q56Ter; cyaA_S352T; emrD; mdtM; parE_I355T; uhpT_E350Q
562.100617,susceptible,susceptible,susceptible,susceptible,susceptible,acrF; blaEC; emrD; parE_D475E; uhpT_E350Q
562.100618,RESISTANT,susceptible,susceptible,susceptible,RESISTANT,acrF; aph(3'')-Ib; aph(6)-Id; blaEC; blaTEM-1; cyaA_S352T; dfrA5; emrD; mdtM; sul2; uhpT_E350Q
562.100619,susceptible,susceptible,susceptible,susceptible,susceptible,acrF; blaEC-5; emrD; marR_S3N; tet(B); uhpT_E350Q
562.100620,susceptible,susceptible,susceptible,susceptible,susceptible,acrF; blaEC; emrD; uhpT_E350Q
562.100621,susceptible,susceptible,susceptible,susceptible,susceptible,acrF; blaEC; emrD; gyrA_G81D; marR_S3N; mdtM; nfsA_W212TerfsTer0
562.100622,susceptible,susceptible,RESISTANT,susceptible,susceptible,acrF; blaEC; emrD; gyrA_D87N; gyrA_S83L; mdtM; parC_E84V; parC_S80I; parE_I529L; ptsI_V25I; uhpT_E350Q
562.100623,susceptible,susceptible,susceptible,susceptible,susceptible,acrF; aph(3'')-Ib; aph(6)-Id; blaEC-5; emrD; mdtM; sul2
562.100624,RESISTANT,susceptible,susceptible,susceptible,susceptible,acrF; aph(3'')-Ib; aph(6)-Id; blaEC; blaTEM-1; emrD; marR_S3N; mdtM; sul2
562.100625,RESISTANT,susceptible,susceptible,susceptible,RESISTANT,aadA5; acrF; blaEC; blaTEM-1; cyaA_S352T; dfrA17; emrD; gyrA_S83A; mdtM; mph(A); mrx(A); sul1
562.100626,susceptible,susceptible,susceptible,susceptible,susceptible,acrF; blaEC; mdtM
562.100627,susceptible,susceptible,susceptible,susceptible,susceptible,acrF; blaEC-5; emrD
562.100628,RESISTANT,susceptible,susceptible,susceptible,RESISTANT,acrF; aph(3'')-Ib; aph(6)-Id; blaEC; blaTEM-1; cyaA_S352T; dfrA7; emrD; sul1; sul2; tet(A)
562.100629,susceptible,susceptible,susceptible,susceptible,susceptible,acrF; blaEC; emrD
562.100630,susceptible,susceptible,susceptible,susceptible,susceptible,acrF; blaEC; cyaA_S352T; emrD; mdtM
562.100631,susceptible,susceptible,susceptible,susceptible,susceptible,acrF; blaEC; emrD; ptsI_V25I; tet(B); uhpT_E350Q
562.100632,RESISTANT,RESISTANT,RESISTANT,susceptible,susceptible,aadA5; acrF; aph(3'')-Ib; aph(6)-Id; blaCTX-M-27; blaEC; cirA_E57KfsTer10; dfrA17; emrD; gyrA_D87N; gyrA_S83L; mdtM; mph(A); mrx(A); parC_E84V; parC_S80I; parE_I529L; ptsI_V25I; sul1; sul2; tet(A); uhpT_E350Q
562.100633,susceptible,susceptible,susceptible,susceptible,susceptible,acrF; blaEC; emrD
562.100634,susceptible,susceptible,susceptible,susceptible,susceptible,acrF; blaEC-5; emrD; tet(B)
562.100635,RESISTANT,susceptible,susceptible,susceptible,RESISTANT,aadA1; acrF; aph(3'')-Ib; aph(3')-Ia; aph(6)-Id; blaEC; blaTEM-1; dfrA1; emrD; sat2; sul2; tet(B)
562.100636,susceptible,susceptible,susceptible,susceptible,susceptible,acrF; blaEC-5; emrD; uhpT_E350Q
562.100637,susceptible,susceptible,susceptible,susceptible,RESISTANT,aadA2; acrF; blaEC; dfrA12; emrD; marR_S3N; mph(A); mrx(A); sul1
562.100638,RESISTANT,,susceptible,susceptible,susceptible,acrF; ampC_T-32A; blaEC; emrD; ompC_Q300Ter; parE_I529L; ptsI_V25I; uhpT_E350Q
562.100639,RESISTANT,susceptible,susceptible,susceptible,susceptible,acrF; ampC_T-32A; blaEC-5; emrD; marR_S3N; uhpT_E350Q
562.100640,RESISTANT,susceptible,RESISTANT,susceptible,RESISTANT,acrF; aph(3'')-Ib; aph(6)-Id; blaEC-5; blaTEM-1; dfrA17; emrD; gyrA_D87N; gyrA_S83L; marR_S3N; mph(A); mrx(A); parC_S80I; parE_L416F; sul2; tet(B); uhpT_E350Q
562.100641,RESISTANT,susceptible,susceptible,susceptible,susceptible,acrF; blaEC-5; blaTEM-1; emrD
562.100642,susceptible,susceptible,susceptible,susceptible,susceptible,acrF; blaEC; emrD; marR_S3N; mdtM
562.100643,RESISTANT,RESISTANT,RESISTANT,susceptible,susceptible,acrF; blaCMY-2; blaEC; gyrA_D87N; gyrA_S83L; mdtM; parC_S80I; parE_S458T
562.100644,RESISTANT,susceptible,susceptible,RESISTANT,susceptible,aac(3)-IIe; acrF; blaEC; blaTEM-1; cyaA_S352T; emrD; floR
562.100645,susceptible,susceptible,susceptible,susceptible,susceptible,acrF; blaEC; emrD; marR_S3N; mdtM
562.100646,RESISTANT,susceptible,susceptible,susceptible,susceptible,acrF; blaEC; blaTEM-1; cirA_R61Ter; cyaA_S352T; emrD; mdtM
562.100647,RESISTANT,susceptible,susceptible,susceptible,susceptible,acrF; aph(3'')-Ib; aph(6)-Id; blaEC; blaTEM-1; emrD; sul2
562.100648,susceptible,susceptible,susceptible,susceptible,susceptible,acrF; acrR_I141YfsTer9; blaEC; emrD; marR_S3N; mdtM
562.100649,susceptible,susceptible,susceptible,susceptible,susceptible,acrF; blaEC; emrD; marR_S3N
562.100650,RESISTANT,susceptible,,susceptible,susceptible,acrF; blaEC; blaTEM-1; cyaA_S352T; emrD; gyrA_S83L; mdtM; tet(A)
562.100651,susceptible,susceptible,susceptible,susceptible,susceptible,acrF; blaEC; mdtM
562.100652,RESISTANT,susceptible,susceptible,RESISTANT,RESISTANT,aac(3)-IId; aadA5; acrF; acrR_P182RfsTer62; aph(3'')-Ib; aph(6)-Id; blaEC-5; blaTEM-1; dfrA17; emrD; mph(A); mrx(A); sul1; sul2; tet(A)
562.100653,susceptible,susceptible,RESISTANT,susceptible,RESISTANT,aadA5; acrF; blaEC; dfrA17; emrD; gyrA_D87N; gyrA_S83L; mdtM; mph(A); mrx(A); parC_E84V; parC_S80I; parE_I529L; ptsI_V25I; sul1; tet(A); uhpT_E350Q
562.100654,susceptible,susceptible,susceptible,susceptible,susceptible,acrF; blaEC; emrD; uhpT_E350Q
562.100655,RESISTANT,susceptible,susceptible,susceptible,RESISTANT,aadA5; acrF; aph(3'')-Ib; aph(6)-Id; blaEC; blaTEM-1; cyaA_S352T; dfrA17; emrD; mdtM; mph(A); mrx(A); sul1; sul2
562.100656,susceptible,susceptible,susceptible,susceptible,susceptible,acrF; blaEC; mdtM
562.100657,RESISTANT,susceptible,susceptible,susceptible,susceptible,acrF; aph(3'')-Ib; aph(6)-Id; blaEC; blaTEM-1; emrD; marR_S3N; sul2
562.100658,susceptible,susceptible,susceptible,susceptible,susceptible,acrF; blaEC; emrD; marR_S3N
562.100659,susceptible,susceptible,susceptible,susceptible,susceptible,acrF; blaEC; emrD; uhpT_E350Q
562.100660,RESISTANT,susceptible,RESISTANT,susceptible,RESISTANT,acrF; aph(3'')-Ib; aph(6)-Id; blaEC; blaTEM-1; dfrA5; emrD; gyrA_S83L; marR_S3N; mdtM; nfsA_R203C; sul2
562.100661,RESISTANT,susceptible,,susceptible,susceptible,acrF; blaEC; blaTEM-1; cyaA_S352T; emrD; gyrA_S83L; mdtM; tet(B)
562.100662,RESISTANT,susceptible,susceptible,susceptible,RESISTANT,aadA5; acrF; aph(3'')-Ib; aph(6)-Id; blaEC; blaTEM-1; cyaA_S352T; dfrA17; emrD; mph(A); mrx(A); sul1; sul2; tet(B)
562.100663,susceptible,susceptible,susceptible,susceptible,susceptible,acrF; blaEC; cirA_R61Ter; mdtM
562.100664,susceptible,susceptible,susceptible,susceptible,susceptible,acrF; blaEC; cirA_E450AfsTer30; cyaA_S352T; emrD; mdtM
562.100665,RESISTANT,RESISTANT,RESISTANT,susceptible,susceptible,acrF; aph(3'')-Ib; aph(6)-Id; blaCTX-M-27; blaEC; emrD; gyrA_D87N; gyrA_S83L; mdtM; parC_E84V; parC_S80I; parE_I529L; ptsI_V25I; uhpT_E350Q
562.100666,susceptible,susceptible,RESISTANT,susceptible,susceptible,acrF; blaEC; emrD; gyrA_D87N; gyrA_S83L; mdtM; parC_E84V; parC_S80I; parE_I529L; ptsI_V25I; uhpT_E350Q
562.100667,RESISTANT,susceptible,susceptible,susceptible,susceptible,acrF; blaEC; blaSHV-1; blaTEM-1; emrD; mdtM
562.100668,susceptible,susceptible,susceptible,susceptible,susceptible,acrF; blaEC-5; emrD; marR_S3N; uhpT_E350Q
562.100669,RESISTANT,susceptible,susceptible,susceptible,RESISTANT,acrF; aph(3'')-Ib; aph(6)-Id; blaEC; blaTEM-1; cyaA_S352T; dfrA14; emrD; gyrA_S83L; mdtM; sul2
562.100670,RESISTANT,susceptible,susceptible,susceptible,RESISTANT,acrF; aph(3'')-Ib; aph(6)-Id; blaEC-5; blaTEM-1; catA1; dfrA7; emrD; sul1; sul2; tet(A)
562.100671,RESISTANT,RESISTANT,RESISTANT,susceptible,RESISTANT,acrF; aph(3'')-Ib; aph(6)-Id; blaCMY-2; blaEC; blaTEM-1; dfrA14; gyrA_D87N; gyrA_S83L; mdtM; parC_S80I; parE_S458A; sul2; tet(A)
562.100672,susceptible,susceptible,susceptible,susceptible,susceptible,acrF; blaEC; cyaA_S352T; emrD; mdtM; rpsJ_V57L
562.100673,susceptible,susceptible,susceptible,susceptible,susceptible,acrF; blaEC-5; emrD; marR_S3N
562.100674,susceptible,susceptible,susceptible,susceptible,susceptible,acrF; blaEC; mdtM
562.100675,susceptible,susceptible,susceptible,susceptible,susceptible,acrF; blaEC; cyaA_S352T; emrD; mdtM; uhpT_E350Q
562.100676,susceptible,susceptible,susceptible,susceptible,susceptible,acrF; blaEC; emrD; parE_I529L; ptsI_V25I; uhpT_E350Q
562.100677,RESISTANT,susceptible,susceptible,susceptible,susceptible,acrF; blaEC-5; blaTEM-1; emrD
562.100678,RESISTANT,RESISTANT,RESISTANT,RESISTANT,RESISTANT,aac(3)-IId; aadA5; acrF; aph(3'')-Ib; aph(6)-Id; blaCTX-M-27; blaEC; blaTEM-1; dfrA17; emrD; gyrA_S83L; mdtM; mph(A); mrx(A); parE_I529L; ptsI_V25I; sul1; sul2; tet(A); uhpT_E350Q
562.100679,RESISTANT,susceptible,,susceptible,susceptible,acrF; aph(3'')-Ib; aph(6)-Id; blaEC; blaTEM-1; blaTEMp_C32T; cyaA_S352T; emrD; gyrA_S83L; nfsA_Q67Ter; sul2; tet(B)
562.100680,RESISTANT,RESISTANT,RESISTANT,RESISTANT,RESISTANT,aac(3)-IId; aadA5; acrF; aph(3'')-Ib; aph(6)-Id; blaCTX-M-24; blaEC; blaTEM-1; dfrA17; emrD; gyrA_D87N; gyrA_S83L; mdtM; mph(A); mrx(A); parC_E84V; parC_S80I; parE_I529L; ptsI_V25I; sul1; sul2; tet(A); uhpT_E350Q
562.100681,RESISTANT,susceptible,susceptible,susceptible,RESISTANT,acrF; aph(3'')-Ib; aph(6)-Id; blaEC; blaTEM-1; cyaA_S352T; dfrA8; emrD; floR; mdtM; sul2
562.100682,susceptible,susceptible,susceptible,susceptible,susceptible,acrF; blaEC; mdtM
562.100683,RESISTANT,RESISTANT,susceptible,susceptible,RESISTANT,acrF; blaCTX-M-15; blaEC; blaTEM-35; blaTEMp_C32T; cyaA_S352T; dfrA5; emrD; gyrA_S83A; sul1
562.100684,RESISTANT,susceptible,susceptible,susceptible,susceptible,acrF; blaEC-5; blaTEM-1; emrD; mdtM
562.100685,susceptible,susceptible,susceptible,susceptible,susceptible,acrF; blaEC; emrD; marR_S3N
562.100686,RESISTANT,susceptible,RESISTANT,RESISTANT,RESISTANT,aac(3)-IId; aadA5; acrF; aph(3'')-Ib; aph(6)-Id; blaEC; blaTEM-1; dfrA17; gyrA_D87N; gyrA_S83L; mdtM; mph(A); mrx(A); parC_S80I; parE_S458A; sul1; sul2; tet(A)
562.100687,susceptible,susceptible,susceptible,susceptible,susceptible,acrF; blaEC; emrD; marR_S3N
562.100688,RESISTANT,susceptible,RESISTANT,susceptible,susceptible,acrF; blaEC; blaTEM-1; emrD; gyrA_D87N; gyrA_S83L; mdtM; parC_E84V; parC_S80I; parE_I529L; ptsI_V25I; uhpT_E350Q
562.100689,susceptible,susceptible,susceptible,susceptible,susceptible,acrF; blaEC; cyaA_S352T; emrD; mdtM; parE_D475E
562.100690,susceptible,susceptible,susceptible,susceptible,susceptible,acrF; blaEC; mdtM
562.100691,susceptible,susceptible,susceptible,susceptible,susceptible,acrF; blaEC-5; emrD; mdtM
562.100692,susceptible,susceptible,susceptible,susceptible,susceptible,acrF; blaEC; emrD; uhpT_E350Q
562.100693,susceptible,susceptible,susceptible,susceptible,susceptible,aadA5; acrF; blaEC; cyaA_S352T; dfrA17; emrD; mdtM; sul1; tet(B)
562.100694,RESISTANT,susceptible,susceptible,susceptible,RESISTANT,acrF; aph(3'')-Ib; aph(6)-Id; blaEC; blaTEM-1; dfrA14; mdtM; sul2; tet(A)
562.100695,RESISTANT,susceptible,susceptible,susceptible,susceptible,acrF; aph(3'')-Ib; aph(6)-Id; blaEC; blaTEM-1; cyaA_S352T; emrD; mdtM; mph(A); mrx(A); sul2
562.100696,susceptible,susceptible,susceptible,susceptible,susceptible,acrF; blaEC; emrD; marR_S3N
562.100697,susceptible,susceptible,susceptible,susceptible,susceptible,acrF; blaEC; cyaA_S352T; dfrA17; emrD; mdtM; tet(B)
562.100698,RESISTANT,susceptible,susceptible,susceptible,RESISTANT,aadA1; aadA2; acrF; aph(3'')-Ib; aph(6)-Id; blaEC; blaTEM-1; cmlA1; dfrA12; estX-3; mdtM; sul3; tet(A)
562.100699,susceptible,susceptible,susceptible,susceptible,susceptible,acrF; blaEC; emrD; marR_S3N
562.100700,susceptible,susceptible,susceptible,susceptible,susceptible,acrF; blaEC; cyaA_S352T; emrD; mdtM; pmrB_V161G
562.100701,susceptible,susceptible,susceptible,susceptible,susceptible,acrF; blaEC-5; emrD; mdtM
562.100702,susceptible,susceptible,susceptible,susceptible,susceptible,acrF; blaEC; emrD; marR_S3N; mdtM
562.100703,RESISTANT,RESISTANT,susceptible,susceptible,RESISTANT,acrF; aph(3'')-Ib; aph(6)-Id; blaCTX-M-15; blaEC; blaTEM-1; dfrA14; mdtM; qnrS1; sul2; tet(A)
562.100704,RESISTANT,susceptible,RESISTANT,RESISTANT,RESISTANT,aac(3)-IId; aadA5; acrF; aph(3'')-Ib; aph(6)-Id; blaEC-5; blaTEM-1; dfrA17; emrD; gyrA_D87N; gyrA_S83L; marR_S3N; mph(A); mrx(A); parC_S80I; parE_L416F; sul1; sul2; tet(A); uhpT_E350Q
562.100705,susceptible,susceptible,susceptible,susceptible,susceptible,acrF; blaEC; cyaA_S352T; emrD; mdtM
562.100706,susceptible,susceptible,susceptible,susceptible,susceptible,acrF; blaEC; cirA_A415LfsTer5; emrD; mdtM
562.100707,RESISTANT,susceptible,,susceptible,RESISTANT,aadA5; acrF; aph(3'')-Ib; aph(6)-Id; blaEC; blaTEM-1; dfrA17; emrD; gyrA_S83L; mdtM; mph(A); mrx(A); parE_I529L; ptsI_V25I; sul1; sul2; tet(A); uhpT_E350Q
562.100708,susceptible,susceptible,susceptible,susceptible,susceptible,acrF; blaEC-5; emrD; marR_S3N; uhpT_E350Q
562.100709,susceptible,susceptible,susceptible,susceptible,susceptible,acrF; blaEC; emrD; parE_D475E
562.100710,susceptible,susceptible,susceptible,susceptible,susceptible,acrF; blaEC; emrD; marR_S3N
562.100711,susceptible,susceptible,susceptible,susceptible,susceptible,acrF; blaEC; emrD; uhpT_E350Q
562.100712,susceptible,susceptible,susceptible,susceptible,susceptible,acrF; blaEC; emrD
562.100713,RESISTANT,susceptible,RESISTANT,susceptible,RESISTANT,aadA5; acrF; aph(3'')-Ib; aph(6)-Id; blaEC; blaTEM-1; catA1; dfrA17; gyrA_D87N; gyrA_S83L; mdtM; parC_S80I; parE_L416F; sul2; tet(B)
562.100714,susceptible,susceptible,RESISTANT,susceptible,susceptible,acrF; blaEC; cirA_E450AfsTer30; cyaA_S352T; emrD; gyrA_S83L; mdtM; tet(A)
562.100715,RESISTANT,susceptible,RESISTANT,RESISTANT,RESISTANT,aac(3)-IId; aadA5; acrF; aph(3'')-Ib; aph(6)-Id; blaEC-5; blaTEM-1; dfrA17; emrD; gyrA_D87N; gyrA_S83L; marR_S3N; mph(A); mrx(A); parC_S80I; parE_L416F; sul1; sul2; tet(A); uhpT_E350Q
562.100716,susceptible,susceptible,susceptible,susceptible,susceptible,acrF; blaEC-5; emrD; mdtM
562.100717,RESISTANT,susceptible,susceptible,susceptible,susceptible,acrF; blaEC-5; blaTEM-1; emrD
562.100718,susceptible,susceptible,susceptible,susceptible,susceptible,acrF; blaEC; emrD; marR_S3N
562.100719,RESISTANT,susceptible,RESISTANT,susceptible,susceptible,acrF; blaEC; blaTEM-1; emrD; gyrA_D87N; gyrA_S83L; mdtM; parC_E84V; parC_S80I; parE_I529L; ptsI_V25I; uhpT_E350Q
562.100720,RESISTANT,susceptible,susceptible,susceptible,RESISTANT,acrF; aph(3'')-Ib; aph(3')-Ia; aph(6)-Id; blaEC; blaTEM-1; dfrA5; mdtM; sul2
562.100721,RESISTANT,susceptible,susceptible,susceptible,RESISTANT,aadA1; acrF; aph(3'')-Ib; aph(6)-Id; blaEC; blaTEM-1; cyaA_S352T; dfrA1; dfrA36; emrD; mdtM; mph(B); rdmCL; sul1; sul2; tet(A); tet(B)
562.100722,susceptible,susceptible,susceptible,susceptible,susceptible,aadA1; acrF; blaEC-5; dfrA1; emrD; mdtM; sat2
562.100723,RESISTANT,susceptible,susceptible,susceptible,RESISTANT,aadA1; aadA5; acrF; blaEC; blaOXA-1; blaTEM-1; dfrA17; emrD; marR_S3N; sul1; tet(A)
562.100724,RESISTANT,susceptible,susceptible,susceptible,RESISTANT,acrF; aph(3'')-Ib; aph(6)-Id; blaEC; blaTEM-1; dfrA14; floR; mdtM; qnrS1; sul2; tet(A)
562.100725,susceptible,susceptible,susceptible,susceptible,susceptible,acrF; blaEC; emrD
562.100726,susceptible,susceptible,susceptible,susceptible,susceptible,acrF; blaEC; emrD; marR_S3N; mdtM
562.100727,RESISTANT,susceptible,susceptible,susceptible,susceptible,aadA2; acrF; blaCARB-2; blaEC; emrD; marR_S3N; sul1; tet(B)
562.100728,RESISTANT,susceptible,susceptible,susceptible,susceptible,acrF; blaEC; blaTEM-1; blaTEMp_C32T; cyaA_S352T; emrD; gyrA_D87N; ompC_N90IfsTer11
562.100729,RESISTANT,susceptible,,susceptible,RESISTANT,acrF; aph(3'')-Ib; aph(6)-Id; blaEC; blaTEM-1; dfrA5; emrD; gyrA_S83L; parE_D475E; sul2; tet(A); uhpT_E350Q
562.100730,susceptible,susceptible,susceptible,susceptible,susceptible,acrF; blaEC; emrD
562.100731,RESISTANT,susceptible,RESISTANT,susceptible,RESISTANT,acrF; aph(3'')-Ib; aph(6)-Id; blaEC-5; blaTEM-1; dfrA17; dfrA7; emrD; gyrA_D87N; gyrA_S83L; marR_S3N; parC_S80I; parE_L416F; sul1; sul2; tet(B); uhpT_E350Q
562.100732,susceptible,susceptible,susceptible,susceptible,susceptible,acrF; blaEC-5; emrD
562.100733,susceptible,susceptible,susceptible,susceptible,susceptible,acrF; blaEC; emrD
562.100734,RESISTANT,susceptible,RESISTANT,susceptible,RESISTANT,acrF; aph(3'')-Ib; aph(6)-Id; blaEC; blaTEM-1; cyaA_S352T; dfrA14; emrD; gyrA_D87G; gyrA_S83L; mdtM; mph(A); mrx(A); parC_S80I; sul2; tet(B)
562.100735,susceptible,susceptible,susceptible,susceptible,susceptible,acrF; blaEC; emrD; marR_S3N
562.100736,susceptible,susceptible,susceptible,susceptible,susceptible,acrF; blaEC; emrD; marR_S3N; mdtM
562.100737,susceptible,susceptible,susceptible,susceptible,susceptible,acrF; blaEC; emrD
562.100738,susceptible,susceptible,susceptible,susceptible,susceptible,acrF; blaEC; cyaA_S352T; emrD; mdtM; uhpT_E350Q
562.100739,susceptible,susceptible,susceptible,susceptible,susceptible,aadA1; acrF; blaEC-5; emrD; sul1
562.100740,susceptible,susceptible,susceptible,susceptible,susceptible,acrF; blaEC-5; emrD; tet(B)
562.100741,RESISTANT,susceptible,susceptible,susceptible,RESISTANT,acrF; aph(3'')-Ib; aph(6)-Id; blaEC; blaTEM-1; dfrA5; emrD; marR_S3N; sul2
562.100742,RESISTANT,RESISTANT,RESISTANT,susceptible,RESISTANT,aadA5; acrF; blaCTX-M-15; blaEC; dfrA17; emrD; gyrA_D87N; gyrA_S83L; mdtM; mph(A); mrx(A); parC_E84V; parC_S80I; parE_I529L; ptsI_V25I; sul1; uhpT_E350Q
562.100743,RESISTANT,susceptible,susceptible,susceptible,susceptible,acrF; aph(3'')-Ib; aph(6)-Id; blaEC-5; blaTEM-1; emrD; marR_S3N; sul2; uhpT_E350Q
562.100744,RESISTANT,susceptible,susceptible,susceptible,susceptible,acrF; blaEC; blaTEM-1; cyaA_S352T; emrD
562.100745,susceptible,susceptible,susceptible,susceptible,susceptible,acrF; blaEC; emrD; uhpT_E350Q
562.100746,RESISTANT,susceptible,susceptible,susceptible,susceptible,acrF; aph(3'')-Ib; aph(6)-Id; blaEC; blaTEM-1; cyaA_S352T; emrD; mdtM; parE_I355T; tet(B)
562.100747,RESISTANT,susceptible,,RESISTANT,susceptible,acrF; aph(3')-Ia; blaEC; blaTEM-1; emrD; gyrA_D87G; mdtM; parE_I529L; ptsI_V25I; tet(B); uhpT_E350Q
562.100748,RESISTANT,susceptible,susceptible,susceptible,susceptible,aadA1; acrF; blaEC-5; blaSHV-1; emrD; sul1
562.100749,RESISTANT,susceptible,susceptible,susceptible,susceptible,acrF; ampC_T-32A; blaEC; emrD
562.100750,RESISTANT,susceptible,susceptible,susceptible,RESISTANT,aadA5; acrF; aph(3'')-Ib; aph(6)-Id; blaEC; blaTEM-1; cyaA_S352T; dfrA17; emrD; mdtM; sul1; sul2
562.100751,RESISTANT,RESISTANT,RESISTANT,RESISTANT,RESISTANT,aac(3)-IIe; aac(6')-Ib-cr5; aadA5; acrF; blaCTX-M-15; blaEC; blaOXA-1; blaTEM-1; catB3; dfrA17; emrD; gyrA_D87N; gyrA_S83L; mdtM; mph(A); mrx(A); parC_E84V; parC_S80I; parE_I529L; ptsI_V25I; sul1; tet(A); uhpT_E350Q
562.100752,RESISTANT,susceptible,RESISTANT,susceptible,susceptible,acrF; blaEC; blaTEM-40; blaTEMp_C32T; cyaA_S352T; emrD; gyrA_S83L; nfsA_Q67Ter; tet(B)
562.100753,susceptible,susceptible,susceptible,susceptible,susceptible,acrF; blaEC; emrD; marR_S3N; mdtM
562.100754,susceptible,susceptible,susceptible,susceptible,susceptible,acrF; blaEC; emrD
562.100755,RESISTANT,susceptible,RESISTANT,RESISTANT,RESISTANT,aac(3)-IId; aadA5; acrF; aph(3'')-Ib; aph(6)-Id; blaEC; blaTEM-1; dfrA17; emrD; gyrA_D87N; gyrA_S83L; mdtM; mph(A); mrx(A); parC_E84V; parC_S80I; parE_I529L; ptsI_V25I; sul1; sul2; tet(A); uhpT_E350Q
562.100756,RESISTANT,susceptible,susceptible,susceptible,susceptible,acrF; blaEC-5; emrD; marR_S3N; uhpT_E350Q
562.100757,RESISTANT,susceptible,RESISTANT,susceptible,susceptible,acrF; blaEC; blaTEM-1; emrD; gyrA_S83L; marR_S3N; mdtM; qnrS1
562.100758,susceptible,susceptible,susceptible,susceptible,susceptible,acrF; blaEC; mdtM
562.100759,RESISTANT,susceptible,susceptible,susceptible,RESISTANT,aadA1; acrF; blaEC; blaTEM-30; catA1; dfrA1; emrD; sat2; sul1
562.100760,susceptible,susceptible,susceptible,susceptible,susceptible,acrF; blaEC-5; emrD
562.100761,susceptible,susceptible,RESISTANT,susceptible,susceptible,acrF; blaEC; emrD; gyrA_D87N; gyrA_S83L; mdtM; parC_E84V; parC_S80I; parE_I529L; ptsI_V25I; tet(B); uhpT_E350Q
562.100762,susceptible,susceptible,susceptible,susceptible,susceptible,acrF; blaEC; mdtM
562.100763,RESISTANT,susceptible,susceptible,susceptible,susceptible,acrF; blaEC; blaTEM-1; emrD; marR_S3N; mdtM
562.100764,susceptible,susceptible,susceptible,susceptible,susceptible,acrF; blaEC; emrD; uhpT_E350Q
562.100765,RESISTANT,susceptible,susceptible,susceptible,susceptible,acrF; aph(3'')-Ib; aph(6)-Id; blaEC; blaTEM-1; emrD; sul2
562.100766,susceptible,susceptible,susceptible,susceptible,susceptible,acrF; blaEC; emrD; ptsI_V25I; tet(B); uhpT_E350Q
562.100767,RESISTANT,susceptible,susceptible,susceptible,RESISTANT,aadA1; acrF; acrR_R45C; aph(3'')-Ib; aph(6)-Id; blaEC-5; blaTEM-1; blaTEMp_C32T; dfrA1; emrD; rpsJ_V57L; sul1; sul2
562.100768,RESISTANT,susceptible,susceptible,susceptible,susceptible,aadA1; acrF; blaEC; blaTEM-1; blaTEMp_C32T; emrD; mdtM; parC_S57T; sul1; uhpT_E350Q
562.100769,susceptible,susceptible,susceptible,susceptible,susceptible,acrF; aph(3'')-Ib; aph(6)-Id; blaEC; emrD; marR_S3N
562.100770,RESISTANT,susceptible,susceptible,susceptible,susceptible,acrF; aph(3'')-Ib; aph(6)-Id; blaEC-5; blaTEM-1; emrD; sul2
562.100771,RESISTANT,susceptible,susceptible,susceptible,susceptible,aadA1; acrF; blaEC-5; blaSHV-1; emrD; sul1
562.100772,susceptible,susceptible,RESISTANT,susceptible,RESISTANT,aadA2; acrF; blaEC; dfrA12; gyrA_D87N; gyrA_S83L; mdtM; parC_A56T; parC_S80I; sul3; tet(B)
562.100773,RESISTANT,susceptible,susceptible,susceptible,susceptible,acrF; blaEC; blaTEM-1; cyaA_S352T; emrD
562.100774,RESISTANT,susceptible,susceptible,susceptible,RESISTANT,aadA5; acrF; blaEC; blaTEM-1; catA1; cyaA_S352T; dfrA17; emrD; mdtM; sul1; tet(B)
562.100775,susceptible,RESISTANT,susceptible,susceptible,susceptible,acrF; blaEC; cirA_V74CfsTer5; cyaA_S352T; emrD; uhpT_E350Q
562.100776,susceptible,susceptible,susceptible,susceptible,susceptible,acrF; blaEC; emrD; marR_S3N
562.100777,RESISTANT,susceptible,susceptible,susceptible,susceptible,acrF; blaEC; blaTEM-1; emrD; marR_S3N; parE_D475E; tet(B)
562.100778,susceptible,susceptible,susceptible,susceptible,susceptible,acrF; blaEC; cyaA_S352T; emrD; mdtM
562.100779,RESISTANT,susceptible,susceptible,susceptible,RESISTANT,aadA1; acrF; aph(3'')-Ib; aph(6)-Id; blaEC-5; blaTEM-1; dfrA1; emrD; sul1; sul2; tet(B)
562.100780,susceptible,susceptible,susceptible,susceptible,susceptible,acrF; blaEC; emrD; marR_S3N
562.100781,RESISTANT,susceptible,susceptible,susceptible,susceptible,acrF; blaEC; emrD; marR_S3N
562.100782,susceptible,susceptible,susceptible,susceptible,susceptible,acrF; blaEC; emrD; marR_S3N
562.100783,susceptible,susceptible,susceptible,susceptible,susceptible,acrF; blaEC; mdtM
562.100784,RESISTANT,RESISTANT,,susceptible,RESISTANT,acrF; blaCTX-M-15; blaEC; dfrA14; emrD; marR_S3N; qnrS1; uhpT_E350Q
562.100785,susceptible,susceptible,susceptible,susceptible,susceptible,acrF; blaEC; emrD; marR_S3N
562.100786,RESISTANT,susceptible,RESISTANT,susceptible,RESISTANT,acrF; blaEC; blaTEM-57; cirA_E450AfsTer30; cyaA_S352T; dfrA14; emrD; floR; folP_P64S; mdtM; qnrS1; tet(A)
562.100787,susceptible,susceptible,susceptible,susceptible,susceptible,acrF; blaEC-5; emrD
562.100788,RESISTANT,susceptible,,susceptible,susceptible,acrF; blaEC; blaTEM-1; emrD
562.100789,RESISTANT,susceptible,susceptible,susceptible,susceptible,aadA1; acrF; blaEC-5; blaSHV-1; emrD; sul1
562.100790,RESISTANT,susceptible,susceptible,susceptible,susceptible,acrF; blaEC; blaTEM-1; cirA_Q56Ter; cyaA_S352T; emrD; mdtM; parE_I355T; uhpT_E350Q
562.100791,RESISTANT,susceptible,RESISTANT,susceptible,RESISTANT,acrF; aph(3'')-Ib; aph(6)-Id; blaEC-5; blaTEM-1; dfrA17; emrD; gyrA_D87N; gyrA_S83L; marR_S3N; mph(A); mrx(A); parC_S80I; parE_L416F; sul2; tet(B); uhpT_E350Q
562.100792,susceptible,susceptible,susceptible,susceptible,susceptible,acrF; blaEC-5; emrD
562.100793,RESISTANT,susceptible,RESISTANT,susceptible,RESISTANT,aac(6')-Ib4; acrF; ampC_T-32A; blaEC; blaTEM-1; catA1; catB3; dfrA1; emrD; gyrA_S83L; sul1; uhpT_E350Q
562.100794,susceptible,susceptible,susceptible,susceptible,susceptible,acrF; blaEC; emrD; uhpT_E350Q
562.100795,susceptible,susceptible,susceptible,susceptible,susceptible,acrF; blaEC; cirA_E450AfsTer30; cyaA_S352T; emrD; mdtM; tet(A)
562.100796,susceptible,susceptible,susceptible,susceptible,susceptible,acrF; blaEC-5; emrD; mdtM
562.100797,susceptible,susceptible,susceptible,susceptible,susceptible,acrF; blaEC; emrD
562.100798,RESISTANT,susceptible,susceptible,susceptible,RESISTANT,aadA1; acrF; blaEC-5; blaTEM-1; dfrA1; emrD; mdtM; sat2
562.100799,susceptible,susceptible,susceptible,susceptible,susceptible,acrF; blaEC-5; emrD
562.100800,RESISTANT,susceptible,RESISTANT,susceptible,RESISTANT,aadA1; aadA2; acrF; blaEC; blaTEM-1; cirA_T550YfsTer6; cmlA1; cyaA_S352T; dfrA1; emrD; estX-3; gyrA_D87Y; gyrA_S83L; mdtM; nfsA_M110TerfsTer0; parC_S80I; sat2; sul3; tet(A)
562.100801,susceptible,susceptible,susceptible,susceptible,susceptible,acrF; blaEC; emrD; uhpT_E350Q
562.100802,RESISTANT,RESISTANT,RESISTANT,RESISTANT,susceptible,aac(3)-IIe; aac(6')-Ib-cr5; acrF; blaCTX-M-15; blaEC; blaOXA-1; catB3; emrD; gyrA_D87N; gyrA_S83L; mdtM; parC_E84V; parC_S80I; parE_I529L; ptsI_V25I; tet(A); uhpT_E350Q
562.100803,susceptible,susceptible,RESISTANT,susceptible,RESISTANT,aadA5; acrF; aph(3'')-Ib; aph(6)-Id; blaEC; dfrA17; emrD; gyrA_D87N; gyrA_S83L; mdtM; mph(A); mrx(A); parC_E84V; parC_S80I; parE_I529L; ptsI_V25I; sul1; sul2; tet(A); uhpT_E350Q
562.100804,RESISTANT,susceptible,susceptible,susceptible,susceptible,acrF; blaEC-5; blaTEM-1; emrD
562.100805,RESISTANT,susceptible,susceptible,susceptible,RESISTANT,acrF; aph(3'')-Ib; aph(6)-Id; blaEC; blaTEM-1; dfrA5; emrD; parE_D475E; sul2; tet(A); uhpT_E350Q
562.100806,susceptible,susceptible,susceptible,susceptible,susceptible,acrF; blaEC; cyaA_S352T; emrD; erm(B)
562.100807,susceptible,susceptible,susceptible,susceptible,susceptible,acrF; blaEC; cirA_L568HfsTer2; emrD; uhpT_E350Q
562.100808,susceptible,susceptible,susceptible,susceptible,susceptible,aadA1; acrF; blaEC-5; emrD; sul1; tet(A)
562.100809,RESISTANT,susceptible,susceptible,susceptible,RESISTANT,acrF; aph(3'')-Ib; aph(6)-Id; blaEC; blaTEM-1; dfrA5; mdtM; sul2; tet(A)
562.100810,susceptible,susceptible,RESISTANT,susceptible,susceptible,acrF; blaEC; emrD; gyrA_D87N; gyrA_S83L; mdtM; parC_E84V; parC_S80I; parE_I529L; ptsI_V25I; tet(A); uhpT_E350Q
562.100811,susceptible,susceptible,,susceptible,RESISTANT,aadA5; acrF; blaEC; cyaA_S352T; dfrA17; emrD; gyrA_S83L; mdtM; mph(A); mrx(A); sul1; tet(A)
562.100812,susceptible,susceptible,susceptible,susceptible,susceptible,acrF; blaEC; emrD
562.100813,susceptible,susceptible,susceptible,susceptible,susceptible,acrF; blaEC; emrD
562.100814,susceptible,susceptible,susceptible,susceptible,susceptible,acrF; blaEC; emrD; uhpT_E350Q
562.100815,susceptible,susceptible,susceptible,susceptible,susceptible,acrF; blaEC; emrD; marR_S3N
562.100816,RESISTANT,susceptible,susceptible,susceptible,susceptible,acrF; blaEC; blaTEM-1; emrD; marR_S3N; parE_D475E; tet(B)
562.100817,RESISTANT,susceptible,susceptible,susceptible,susceptible,aac(6')-Ib-cr5; acrF; blaEC; blaOXA-1; catB3; cyaA_S352T; emrD; mdtM; tet(B)
562.100818,RESISTANT,susceptible,susceptible,susceptible,,aadA1; acrF; blaEC; blaTEM-1; cyaA_S352T; dfrA1; emrD; mdtM; sat2
562.100819,RESISTANT,susceptible,susceptible,susceptible,RESISTANT,acrF; aph(3'')-Ib; aph(6)-Id; blaEC; blaTEM-1; dfrA5; mdtM; sul2; tet(A)
562.100820,RESISTANT,susceptible,susceptible,susceptible,susceptible,acrF; aph(3'')-Ib; aph(6)-Id; blaEC-5; blaTEM-1; emrD; marR_S3N; sul2; tet(B); uhpT_E350Q
562.100821,susceptible,susceptible,susceptible,susceptible,susceptible,blaEC; cirA_Q56Ter; cyaA_S352T; emrD; mdtM; parE_I355T; uhpT_E350Q
562.100822,RESISTANT,susceptible,susceptible,RESISTANT,susceptible,aac(3)-IId; acrF; blaEC; blaTEM-1; emrD; mdtM; parE_I529L; ptsI_V25I; uhpT_E350Q
562.100823,RESISTANT,susceptible,RESISTANT,susceptible,RESISTANT,acrF; aph(3'')-Ib; aph(6)-Id; blaEC; blaTEM-1; dfrA17; emrD; gyrA_D87N; gyrA_S83L; marR_S3N; mph(A); mrx(A); parC_S80I; parE_L416F; sul2; tet(B); uhpT_E350Q
562.100824,RESISTANT,susceptible,susceptible,susceptible,susceptible,aadA1; acrF; blaEC-5; blaSHV-1; emrD; sul1
562.100825,RESISTANT,susceptible,RESISTANT,susceptible,susceptible,acrF; blaEC; blaTEM-1; emrD; gyrA_S83L; mdtM; ompF_I295HfsTer4; parC_S80R; parE_I529L; ptsI_V25I; uhpT_E350Q
562.100826,susceptible,susceptible,susceptible,susceptible,susceptible,acrF; blaEC; emrD; mdtM
562.100827,susceptible,susceptible,susceptible,susceptible,susceptible,acrF; blaEC-5; emrD
562.100828,susceptible,susceptible,susceptible,susceptible,susceptible,acrF; blaEC-5; emrD
562.100829,RESISTANT,susceptible,,susceptible,RESISTANT,acrF; blaEC; blaTEM-1; catA1; cirA_G83KfsTer7; dfrA7; emrD; gyrA_S83L; mdtM; sul1; tet(A)
562.100830,susceptible,susceptible,susceptible,susceptible,susceptible,acrF; blaEC-5; emrD
562.100831,RESISTANT,susceptible,,susceptible,RESISTANT,acrF; aph(3'')-Ib; aph(6)-Id; blaEC; blaTEM-1; cyaA_S352T; dfrA14; emrD; gyrA_S83L; mdtM; mph(A); mrx(A); parC_S80I; sul2; tet(B)
562.100832,susceptible,susceptible,susceptible,susceptible,susceptible,acrF; blaEC-5; emrD
562.100833,RESISTANT,susceptible,susceptible,susceptible,susceptible,acrF; aph(3'')-Ib; aph(6)-Id; blaEC; blaTEM-1; emrD; sul2; tet(A)
562.100834,susceptible,susceptible,susceptible,susceptible,susceptible,acrF; blaEC; emrD; parE_I529L; ptsI_V25I; uhpT_E350Q
562.100835,susceptible,susceptible,susceptible,susceptible,susceptible,acrF; blaEC-5; emrD
562.100836,RESISTANT,susceptible,susceptible,RESISTANT,RESISTANT,aac(3)-IIe; aadA5; acrF; blaEC; blaTEM-1; cyaA_S352T; dfrA17; emrD; gyrA_S83L; mdtM; mph(A); mrx(A); sul1; tet(A)
562.100837,RESISTANT,susceptible,RESISTANT,susceptible,RESISTANT,aac(6')-Ib-cr5; aadA5; acrF; blaEC; blaOXA-1; catB3; cyaA_S352T; dfrA17; emrD; gyrA_D87N; gyrA_S83L; ompF_Y253EfsTer3; parC_S80I; parE_S458A; sul1
562.100838,RESISTANT,RESISTANT,RESISTANT,RESISTANT,susceptible,aac(3)-IId; acrF; blaCTX-M-14; blaEC; blaTEM-1; emrD; gyrA_D87N; gyrA_S83L; mdtM; parC_E84V; parC_S80I; parE_I529L; ptsI_V25I; uhpT_E350Q
562.100839,susceptible,susceptible,susceptible,susceptible,susceptible,acrF; blaEC; emrD; marR_S3N
562.100840,RESISTANT,susceptible,susceptible,susceptible,susceptible,acrF; blaEC; blaTEM-1; cyaA_S352T; emrD
562.100841,RESISTANT,susceptible,susceptible,susceptible,susceptible,acrF; aph(3'')-Ib; aph(6)-Id; blaEC; blaTEM-1; emrD; marR_S3N; sul2
562.100842,RESISTANT,susceptible,susceptible,susceptible,RESISTANT,acrF; aph(3'')-Ib; aph(6)-Id; blaEC; blaTEM-1; cyaA_S352T; dfrA5; emrD; sul2
562.100843,RESISTANT,susceptible,,susceptible,susceptible,acrF; blaEC; blaTEM-1; emrD; gyrA_S83L; mdtM; parE_I529L; ptsI_V25I; uhpT_E350Q
562.100844,susceptible,susceptible,susceptible,susceptible,susceptible,acrF; blaEC; mdtM
562.100845,susceptible,susceptible,susceptible,susceptible,susceptible,acrF; blaEC; emrD; marR_D130TfsTer28; uhpT_E350Q
562.100846,susceptible,susceptible,susceptible,susceptible,susceptible,acrF; blaEC; cyaA_S352T; emrD; mdtM
562.100847,susceptible,susceptible,susceptible,susceptible,susceptible,acrF; blaEC; emrD; marR_S3N; tet(B)
562.100848,susceptible,susceptible,susceptible,susceptible,susceptible,acrF; blaEC; mdtM
562.100849,RESISTANT,susceptible,susceptible,susceptible,susceptible,acrF; aph(3'')-Ib; aph(6)-Id; blaEC; blaTEM-1; emrD; sul2; uhpT_E350Q
562.100850,RESISTANT,susceptible,susceptible,susceptible,susceptible,aadA1; acrF; blaEC-5; blaSHV-1; emrD; sul1
562.100851,RESISTANT,susceptible,susceptible,susceptible,susceptible,acrF; aph(3'')-Ib; aph(6)-Id; blaEC-5; blaTEM-1; emrD; sul2
562.100852,RESISTANT,susceptible,susceptible,susceptible,susceptible,acrF; acrR_C117Ter; aph(3'')-Ib; aph(6)-Id; blaEC; mdtM; sul2; tet(A)
562.100853,RESISTANT,susceptible,susceptible,susceptible,susceptible,aadA1; acrF; aph(3'')-Ib; aph(6)-Id; blaEC; blaTEM-1; catA1; emrD; sul1; tet(A)
562.100854,susceptible,susceptible,susceptible,susceptible,susceptible,acrF; blaEC; emrD; marR_S3N; mdtM
562.100855,RESISTANT,susceptible,RESISTANT,susceptible,RESISTANT,aadA5; acrF; aph(3'')-Ib; aph(6)-Id; blaEC; blaTEM-1; dfrA17; emrD; gyrA_D87N; gyrA_S83L; mdtM; mph(A); mrx(A); parC_E84V; parC_S80I; parE_I529L; ptsI_V25I; sul1; sul2; tet(A); uhpT_E350Q
562.100856,susceptible,susceptible,RESISTANT,susceptible,susceptible,acrF; blaEC; mdtM
562.100857,susceptible,susceptible,susceptible,susceptible,RESISTANT,aadA5; acrF; aph(3'')-Ib; aph(6)-Id; blaEC; cyaA_S352T; dfrA17; dfrA5; emrD; mdtM; sul1; sul2
562.100858,susceptible,susceptible,susceptible,susceptible,susceptible,acrF; blaEC; gyrA_S83L; mdtM; tet(B)
562.100859,susceptible,susceptible,susceptible,susceptible,susceptible,acrF; blaEC; gyrA_S83L; mdtM; tet(B)
562.100860,susceptible,susceptible,susceptible,susceptible,susceptible,acrF; blaEC-5; emrD; marR_S3N; mdtM; uhpT_E350Q
562.100861,RESISTANT,RESISTANT,susceptible,susceptible,RESISTANT,aadA1; acrF; aph(3'')-Ib; aph(3')-Ia; aph(6)-Id; blaCTX-M-14; blaEC; blaTEM-1; cyaA_S352T; dfrA1; emrD; nfsA_Q113Ter; sat2; sul2; tet(D)
562.100862,susceptible,susceptible,susceptible,susceptible,susceptible,acrF; aph(3'')-Ib; aph(6)-Id; blaEC-5; emrD; marR_S3N; sul2; tet(B); uhpT_E350Q
562.100863,RESISTANT,RESISTANT,RESISTANT,RESISTANT,RESISTANT,aac(3)-IId; aadA5; acrF; aph(3'')-Ib; aph(6)-Id; blaCTX-M-15; blaEC; blaTEM-1; dfrA17; emrD; gyrA_D87N; gyrA_S83L; mdtM; mph(A); mrx(A); parC_E84V; parC_S80I; parE_I529L; ptsI_V25I; sul1; sul2; tet(A); uhpT_E350Q
562.100864,susceptible,susceptible,susceptible,susceptible,susceptible,acrF; blaEC; cyaA_S352T; mdtM
562.100865,RESISTANT,susceptible,susceptible,susceptible,susceptible,acrF; blaEC-5; blaTEM-1; emrD; tet(B)
562.100866,RESISTANT,susceptible,susceptible,susceptible,RESISTANT,aadA1; acrF; aph(3'')-Ib; aph(6)-Id; blaEC-5; blaTEM-1; dfrA1; dfrA7; emrD; sat2; sul1; sul2
562.100867,RESISTANT,susceptible,susceptible,susceptible,susceptible,acrF; blaEC; emrD; marR_S3N
562.100868,susceptible,susceptible,susceptible,susceptible,susceptible,acrF; blaEC; mdtM
562.100869,RESISTANT,susceptible,susceptible,susceptible,RESISTANT,acrF; aph(3'')-Ib; aph(6)-Id; blaEC; blaTEM-1; dfrA5; emrD; gyrA_S83L; marR_S3N; sul2
562.100870,susceptible,susceptible,susceptible,susceptible,susceptible,acrF; blaEC; emrD; uhpT_E350Q
562.100871,RESISTANT,susceptible,RESISTANT,RESISTANT,susceptible,aac(3)-IId; acrF; blaEC-5; blaTEM-1; emrD; gyrA_D87N; gyrA_S83L; marR_S3N; parC_S80I; parE_L416F; uhpT_E350Q
562.100872,susceptible,susceptible,susceptible,susceptible,susceptible,acrF; blaEC; cirA_Q56Ter; cyaA_S352T; emrD; mdtM
562.100873,susceptible,susceptible,susceptible,susceptible,susceptible,acrF; blaEC; emrD; marR_S3N; mdtM; uhpT_E350Q
562.100874,susceptible,susceptible,susceptible,susceptible,susceptible,acrF; blaEC; emrD; parE_D475E
562.100875,RESISTANT,susceptible,susceptible,susceptible,RESISTANT,acrF; aph(3')-Ia; blaEC; blaTEM-1; blaTEMp_C32T; dfrA7; emrD; mdtM; sul1
562.100876,susceptible,susceptible,susceptible,susceptible,susceptible,acrF; blaEC; emrD; mdtM; parC_S57T
562.100877,susceptible,susceptible,susceptible,susceptible,susceptible,acrF; blaEC; mdtM
562.100878,RESISTANT,susceptible,susceptible,susceptible,susceptible,acrF; blaEC; blaTEM-1; emrD; marR_S3N; mdtM
562.100879,susceptible,susceptible,susceptible,susceptible,susceptible,acrF; blaEC; emrD; marR_S3N
562.100880,RESISTANT,susceptible,,susceptible,susceptible,acrF; blaEC; blaTEM-1; cyaA_S352T; emrD; gyrA_S83L; mdtM; tet(A)
562.100881,susceptible,susceptible,susceptible,susceptible,susceptible,acrF; blaEC; emrD; uhpT_E350Q
562.100882,susceptible,susceptible,RESISTANT,susceptible,RESISTANT,acrF; acrR_L21GfsTer16; acrR_T5N; aph(3'')-Ib; aph(6)-Id; blaEC-5; dfrA17; emrD; gyrA_D87N; gyrA_S83L; marR_S3N; parC_S80I; parE_L416F; sul2; tet(B); uhpT_E350Q
562.100883,susceptible,susceptible,RESISTANT,susceptible,susceptible,aadA1; acrF; blaEC-5; emrD; sul1
562.100884,RESISTANT,susceptible,susceptible,susceptible,susceptible,acrF; blaEC; blaTEM-1; cyaA_S352T; emrD; mdtM; qnrS1; tet(A)
562.100885,susceptible,susceptible,susceptible,susceptible,RESISTANT,aadA5; acrF; blaEC; dfrA17; emrD; marR_S3N; mph(A); mrx(A); sul1
562.100886,RESISTANT,RESISTANT,susceptible,RESISTANT,RESISTANT,aac(3)-IId; aadA5; acrF; aph(3'')-Ib; aph(6)-Id; blaCTX-M-15; blaEC; blaTEM-135; dfrA17; emrD; gyrA_S83L; mdtM; mph(A); mrx(A); parE_I529L; ptsI_V25I; sul1; sul2; tet(A); uhpT_E350Q
562.100887,susceptible,susceptible,susceptible,susceptible,susceptible,acrF; blaEC; emrD; marR_S3N; mdtM
562.100888,susceptible,susceptible,susceptible,susceptible,susceptible,acrF; blaEC-5; emrD
562.100889,susceptible,susceptible,RESISTANT,susceptible,susceptible,acrF; blaEC; cyaA_S352T; emrD; gyrA_S83L; mdtM
562.100890,RESISTANT,susceptible,susceptible,susceptible,susceptible,aadA1; acrF; blaEC; blaSHV-1; emrD; sul1
562.100891,RESISTANT,susceptible,susceptible,susceptible,susceptible,acrF; aph(3'')-Ib; aph(6)-Id; blaEC-5; blaTEM-1; emrD; sul2; tet(B)
562.100892,susceptible,susceptible,susceptible,susceptible,susceptible,acrF; blaEC; mdtM; uhpT_E350Q
562.100893,susceptible,susceptible,RESISTANT,susceptible,RESISTANT,acrF; blaEC; dfrA5; gyrA_S83L; mdtM
562.100894,RESISTANT,susceptible,susceptible,susceptible,susceptible,acrF; blaEC; emrD; marR_S3N
562.100895,RESISTANT,susceptible,susceptible,susceptible,susceptible,acrF; blaEC; blaTEM-1; emrD; marR_S3N; tet(B)
562.100896,RESISTANT,susceptible,susceptible,susceptible,susceptible,aadA1; acrF; blaEC-5; blaSHV-1; emrD; sul1
562.100897,susceptible,susceptible,susceptible,susceptible,susceptible,acrF; blaEC-5; emrD; tet(B)
562.100898,RESISTANT,susceptible,RESISTANT,susceptible,susceptible,acrF; aph(3'')-Ib; aph(6)-Id; blaEC; blaTEM-1; emrD; gyrA_D87N; gyrA_S83L; mdtM; parC_S80I; sul2; tet(A)
562.100899,RESISTANT,susceptible,susceptible,susceptible,RESISTANT,aadA1; acrF; aph(3'')-Ib; aph(6)-Id; blaEC; blaTEM-1; catA1; dfrA1; mdtM; sul1; sul2; tet(A)
562.100900,susceptible,susceptible,susceptible,susceptible,susceptible,acrF; blaEC; emrD; marR_S3N; mdtM
562.100901,susceptible,susceptible,susceptible,susceptible,susceptible,acrF; blaEC; emrD; marR_S3N; mdtM
562.100902,susceptible,susceptible,susceptible,susceptible,susceptible,acrF; blaEC; cyaA_S352T; emrD; mdtM; parC_S57T; uhpT_E350Q
562.100903,susceptible,susceptible,susceptible,susceptible,susceptible,acrF; blaEC; emrD; mdtM
562.100904,susceptible,susceptible,susceptible,susceptible,susceptible,acrF; blaEC; mdtM
562.100905,RESISTANT,susceptible,susceptible,susceptible,susceptible,acrF; blaEC; emrD; marR_S3N
562.100906,RESISTANT,susceptible,susceptible,susceptible,RESISTANT,acrF; aph(3'')-Ib; aph(6)-Id; blaEC; blaTEM-1; dfrA14; emrD; marR_S3N; mdtM; mph(A); mrx(A); sul2; tet(B)
562.100907,RESISTANT,susceptible,susceptible,susceptible,RESISTANT,acrF; aph(3'')-Ib; aph(3')-Ia; aph(6)-Id; blaEC; blaTEM-1; dfrA5; mdtM; sul2; tet(A)
562.100908,susceptible,susceptible,susceptible,susceptible,RESISTANT,acrF; aph(3'')-Ib; aph(6)-Id; blaEC; dfrA14; emrD; marR_S3N; mdtM; sul2
562.100909,susceptible,susceptible,susceptible,susceptible,susceptible,acrF; blaEC; cyaA_S352T; emrD; mdtM
562.100910,susceptible,susceptible,susceptible,susceptible,susceptible,acrF; blaEC; mdtM
562.100911,susceptible,susceptible,susceptible,susceptible,RESISTANT,aadA1; acrF; blaEC-5; dfrA1; emrD; marR_S3N; sat2; uhpT_E350Q
562.100912,RESISTANT,susceptible,susceptible,susceptible,RESISTANT,aadA1; aadA2; acrF; aph(3'')-Ib; aph(6)-Id; blaEC; blaTEM-1; cmlA1; dfrA12; lnu(F); mdtM; mef(B); qnrS1; sul3
562.100913,susceptible,susceptible,susceptible,susceptible,susceptible,acrF; blaEC; mdtM
562.100914,susceptible,susceptible,susceptible,susceptible,susceptible,acrF; blaEC-5; emrD; uhpT_E350Q
562.100915,susceptible,susceptible,susceptible,susceptible,susceptible,acrF; blaEC; emrD; marR_S3N
562.100916,RESISTANT,susceptible,susceptible,susceptible,RESISTANT,acrF; aph(3'')-Ib; aph(6)-Id; blaEC; blaTEM-1; dfrA8; mdtM; sul2; tet(A)
562.100917,susceptible,susceptible,,susceptible,susceptible,acrF; blaEC; blaTEM; emrD; gyrA_S83L; mdtM; parE_I529L; ptsI_V25I; uhpT_E350Q
562.100918,RESISTANT,susceptible,susceptible,susceptible,RESISTANT,acrF; aph(3'')-Ib; aph(6)-Id; blaEC; blaTEM-1; dfrA14; emrD; sul2
562.100919,susceptible,susceptible,susceptible,susceptible,susceptible,acrF; blaEC; emrD; marR_S3N
562.100920,susceptible,susceptible,susceptible,susceptible,susceptible,acrF; blaEC; mdtM; nfsB_W138Ter
562.100921,RESISTANT,susceptible,susceptible,susceptible,RESISTANT,aadA5; acrF; aph(3'')-Ib; aph(6)-Id; blaEC; blaTEM-1; dfrA17; emrD; mdtM; mph(A); mrx(A); parE_I529L; ptsI_V25I; sul1; sul2; uhpT_E350Q
562.100922,RESISTANT,susceptible,susceptible,susceptible,susceptible,acrF; aph(3'')-Ib; aph(6)-Id; blaEC; blaTEM-1; emrD; marR_S3N; sul2
562.100923,RESISTANT,susceptible,susceptible,susceptible,RESISTANT,acrF; aph(3'')-Ib; aph(6)-Id; blaEC; blaTEM-1; catA1; dfrA14; nfsA_W159Ter; sul2
562.100924,RESISTANT,susceptible,susceptible,susceptible,RESISTANT,acrF; aph(3'')-Ib; aph(6)-Id; blaEC; blaTEM-1; cyaA_S352T; dfrA7; emrD; sul1; sul2; tet(A)
562.100925,RESISTANT,susceptible,susceptible,susceptible,RESISTANT,acrF; aph(3'')-Ib; aph(6)-Id; blaEC; blaTEM-1; dfrA8; emrD; parE_I529L; ptsI_V25I; sul2; tet(A); tet(B); uhpT_E350Q
562.100926,RESISTANT,susceptible,RESISTANT,susceptible,RESISTANT,aadA5; acrF; aph(3'')-Ib; aph(3')-Ia; aph(6)-Id; blaEC; blaTEM-1; catA1; dfrA17; gyrA_D87N; gyrA_S83L; mdtM; parC_S80I; sul2; tet(B)
562.100927,susceptible,susceptible,susceptible,susceptible,susceptible,acrF; blaEC; emrD; marR_S3N
562.100928,RESISTANT,susceptible,susceptible,susceptible,susceptible,aadA1; acrF; blaEC; blaTEM-1; cyaA_S352T; emrD; mdtM; sul1; tet(A)
562.100929,RESISTANT,susceptible,susceptible,RESISTANT,RESISTANT,aac(3)-IIe; aadA5; acrF; blaEC; blaTEM-1; cyaA_S352T; dfrA17; emrD; mdtM; sul1
562.100930,susceptible,susceptible,susceptible,susceptible,susceptible,acrF; blaEC; emrD; marR_S3N
562.100931,susceptible,susceptible,susceptible,susceptible,susceptible,acrF; blaEC-5; emrD
562.100932,RESISTANT,susceptible,susceptible,susceptible,susceptible,aadA1; acrF; blaEC-5; blaSHV-1; emrD; sul1
562.100933,susceptible,susceptible,susceptible,susceptible,susceptible,acrF; blaEC; emrD; marR_S3N
562.100934,susceptible,susceptible,susceptible,susceptible,susceptible,acrF; blaEC-5; emrD; marR_S3N; uhpT_E350Q
562.100935,RESISTANT,RESISTANT,susceptible,RESISTANT,RESISTANT,aac(3)-IIe; acrF; blaDHA-1; blaEC; dfrA17; emrD; marR_S3N; mph(A); mrx(A); qnrB4; sul1
562.100936,RESISTANT,susceptible,susceptible,susceptible,susceptible,acrF; blaEC; blaTEM-1; emrD; marR_S3N; mdtM
562.100937,RESISTANT,susceptible,susceptible,susceptible,RESISTANT,acrF; aph(3'')-Ib; aph(6)-Id; blaEC; blaTEM-1; cirA_W164Ter; cyaA_S352T; dfrA14; emrD; gyrA_S83L; mdtM; mph(A); mrx(A); parC_S80I; sul2
562.100938,RESISTANT,susceptible,susceptible,susceptible,susceptible,acrF; blaEC-5; blaTEM-1; emrD; mdtM
562.100939,susceptible,susceptible,susceptible,susceptible,susceptible,acrF; blaEC; emrD; marR_S3N; mdtM
562.100940,susceptible,susceptible,susceptible,susceptible,susceptible,acrF; blaEC; emrD; marR_S3N
562.100941,RESISTANT,susceptible,susceptible,RESISTANT,RESISTANT,aac(3)-IId; aadA2; acrF; blaEC; blaTEM-1; dfrA12; emrD; mdtM; mph(A); mrx(A); parE_I529L; ptsI_V25I; sul1; tet(A); uhpT_E350Q
562.100942,susceptible,susceptible,susceptible,susceptible,susceptible,acrF; blaEC; emrD
562.100943,RESISTANT,susceptible,susceptible,susceptible,susceptible,acrF; blaEC; blaTEM-1; blaTEMp_C32T; emrD
562.100944,susceptible,susceptible,susceptible,susceptible,susceptible,acrF; blaEC; mdtM
562.100945,susceptible,susceptible,susceptible,susceptible,susceptible,acrF; blaEC-5; emrD
562.100946,RESISTANT,susceptible,susceptible,susceptible,RESISTANT,acrF; aph(3'')-Ib; aph(6)-Id; blaEC; blaTEM-1; cyaA_S352T; dfrA5; emrD; sul2; tet(A)
562.100947,RESISTANT,susceptible,RESISTANT,RESISTANT,RESISTANT,aac(3)-IId; acrF; acrR_K80Ter; aph(3'')-Ib; aph(6)-Id; blaEC; blaTEM-1; catA1; dfrA17; gyrA_D87N; gyrA_S83L; mdtM; mph(A); mrx(A); parC_S80I; sul2; tet(B)
562.100948,RESISTANT,susceptible,susceptible,susceptible,RESISTANT,acrF; aph(3'')-Ib; aph(6)-Id; blaEC; blaTEM-1; catA1; dfrA17; emrD; mdtM; parE_I529L; ptsI_V25I; sul2; tet(B); uhpT_E350Q
562.100949,susceptible,susceptible,susceptible,susceptible,susceptible,acrF; blaEC; emrD; marR_S3N; mdtM
562.100950,susceptible,susceptible,susceptible,susceptible,susceptible,acrF; blaEC-5; emrD; mdtM
562.100951,susceptible,susceptible,susceptible,susceptible,susceptible,acrF; blaEC; cyaA_S352T; emrD
562.100952,susceptible,susceptible,susceptible,susceptible,susceptible,acrF; blaEC; emrD; parE_I529L; ptsI_V25I; uhpT_E350Q
562.100953,susceptible,susceptible,susceptible,susceptible,susceptible,acrF; blaEC; mdtM; ompC_Q104Ter
562.100954,RESISTANT,susceptible,susceptible,susceptible,susceptible,aadA1; acrF; blaEC-5; blaTEM-1; emrD
562.100955,RESISTANT,susceptible,susceptible,susceptible,susceptible,acrF; aph(3'')-Ib; aph(6)-Id; blaEC; blaTEM-1; emrD; marR_S3N; sul2; tet(B)
562.100956,RESISTANT,susceptible,susceptible,susceptible,susceptible,acrF; blaEC-5; blaTEM-1; emrD; marR_S3N; uhpT_E350Q
562.100957,susceptible,susceptible,susceptible,susceptible,susceptible,acrF; blaEC; mdtM
562.100958,susceptible,susceptible,susceptible,susceptible,susceptible,acrF; blaEC; emrD
562.100959,RESISTANT,susceptible,susceptible,susceptible,RESISTANT,acrF; aph(3'')-Ib; aph(6)-Id; blaEC; blaTEM-1; dfrA14; mdtM; sul2
562.100960,RESISTANT,susceptible,susceptible,susceptible,susceptible,aadA1; acrF; blaEC-5; blaTEM-1; dfrA1; emrD; marR_S3N; sat2; uhpT_E350Q
562.100961,RESISTANT,RESISTANT,susceptible,susceptible,RESISTANT,aadA1; acrF; aph(3'')-Ib; aph(6)-Id; blaCTX-M-14; blaEC; blaTEM-1; cyaA_S352T; dfrA1; emrD; nfsA_Q113Ter; sat2; sul2; tet(D)
562.100962,susceptible,susceptible,susceptible,susceptible,RESISTANT,aadA1; acrF; blaEC; cyaA_S352T; dfrA1; emrD; sul1
562.100963,RESISTANT,susceptible,,susceptible,RESISTANT,acrF; aph(3'')-Ib; aph(6)-Id; blaEC; blaTEM-1; dfrA14; floR; mdtM; qnrS2; sul2; tet(A)
562.100964,susceptible,susceptible,susceptible,susceptible,susceptible,acrF; blaEC; emrD; marR_S3N; mdtM
562.100965,RESISTANT,susceptible,RESISTANT,RESISTANT,RESISTANT,aac(3)-IIe; aadA1; aadA2; acrF; acrR_Q128Ter; blaEC; blaTEM-1; cmlA1; dfrA12; emrD; gyrA_S83L; parE_I529L; ptsI_V25I; sul3; tet(A); uhpT_E350Q
562.11346,RESISTANT,RESISTANT,susceptible,susceptible,RESISTANT,aadA1; acrF; blaCTX-M-1; blaEC; dfrA1; emrD; mcr-1.1; sul1; sul2; uhpT_E350Q
562.11347,RESISTANT,RESISTANT,RESISTANT,susceptible,RESISTANT,aadA1; acrF; aph(3'')-Ib; aph(3')-Ia; aph(6)-Id; blaCTX-M-15; blaEC; blaTEM-1; dfrA1; gyrA_D87N; gyrA_S83L; mcr-1.1; mdtM; parC_S80I; parE_S458A; sul2; sul3; tet(A)
562.11349,RESISTANT,RESISTANT,susceptible,susceptible,susceptible,aadA1; acrF; aph(3')-Ia; blaEC; blaOXA-1; blaTEM-52; blaTEMp_C32T; mcr-1.1; mdtM; sul1; tet(B)
562.11557,RESISTANT,RESISTANT,RESISTANT,susceptible,RESISTANT,aadA1; aadA2; acrF; aph(3'')-Ib; aph(6)-Id; blaCTX-M-14; blaEC; catA1; cmlA1; dfrA1; estX-3; fosA7.5; gyrA_D87N; gyrA_S83L; mcr-1.1; mdtM; parC_S80I; sul1; sul3; tet(A)
562.12959,RESISTANT,RESISTANT,RESISTANT,susceptible,RESISTANT,aac(6')-Ib-cr5; aadA5; acrF; acrR_S30HfsTer59; blaEC; blaKPC-3; blaOXA-1; catB3; dfrA17; emrD; gyrA_D87N; gyrA_S83L; mdtM; mph(A); mrx(A); parC_E84V; parC_S80I; parE_I529L; ptsI_V25I; sul1; tet(A); uhpT_E350Q
562.12960,RESISTANT,RESISTANT,RESISTANT,RESISTANT,RESISTANT,aac(6')-Ib3; aadA2; acrF; acrR_T5N; ampC_C-42T; aph(3'')-Ib; aph(3')-Ia; aph(6)-Id; blaCMY-6; blaCTX-M-15; blaEC; blaNDM-1; blaOXA-2; blaTEM-1; blaTEMp_C32T; ble; catA1; dfrA12; dfrA29; dfrA4; ftsI_N337NYRIN; gyrA_D87N; gyrA_S83L; mdtM; nfsA_Q195Ter; nfsB_F167LfsTer11; ompF_D34RfsTer1; parC_S80I; parE_E460D; rmtC; sul1; tet(B)
562.12961,RESISTANT,,susceptible,RESISTANT,,aac(3)-IId; aadA2; aph(3')-Ia; blaSHV-12; blaSHV-27; emrD; fosA; kdeA; lnu(F); oqxA; oqxB25; qnrS1; tet(A); uhpT_E350Q
562.12962,RESISTANT,RESISTANT,,susceptible,,aadA2; blaCTX-M-14; blaLAP-2; blaSHV-11; dfrA1; dfrA12; emrD; fosA; kdeA; mph(A); mrx(A); oqxA; oqxB5; qnrS1; sul1; tet(A); uhpT_E350Q
562.13502,,RESISTANT,RESISTANT,RESISTANT,,aadA1; acrF; blaCTX-M-1; blaEC; gyrA_S83L; mcr-1.1; mdtM; sat2; sul2; tet(A); tet(B)
562.135559,RESISTANT,,RESISTANT,,RESISTANT,aadA2; acrF; acrR_V29YfsTer44; blaCMY; blaEC; blaNDM-5; blaTEM-1; ble; cirA_S90YfsTer15; dfrA12; ftsI_N337NYRIN; gyrA_D87N; gyrA_S83L; mdtM; mph(A); mrx(A); parC_S80I; parE_S458A; rmtB1; sul1
562.135560,RESISTANT,,RESISTANT,,RESISTANT,aadA2; acrF; blaCTX-M-15; blaEC; blaNDM-5; blaTEM; ble; dfrA12; erm(B); mdtM; mph(A); mrx(A); qnrS1; rmtB1; sul1
562.135561,RESISTANT,,RESISTANT,,RESISTANT,aac(3)-IId; aac(6')-Ib-cr5; aadA1; aadA2; aadA5; acrF; arr-2; blaCMY-2; blaCTX-M-15; blaEC; blaNDM-5; blaOXA-1; blaTEM-1; ble; catB3; cmlA5; dfrA12; dfrA17; ere(A); ftsI_N337NYRIN; gyrA_D87N; gyrA_S83L; mdtM; mph(A); mrx(A); ompC_R195L; parC_S80I; parE_S458A; rmtB1; sul1; tet(B)
562.135562,RESISTANT,,RESISTANT,,RESISTANT,aadA2; acrF; acrR_T5N; blaCTX-M-15; blaEC; blaNDM-4; blaOXA-181; blaSFO-1; blaTEM-1; ble; dfrA12; erm(B); ftsI_N337NYRIN; gyrA_D87N; gyrA_S83L; mdtM; mph(A); mrx(A); nfsA_Q195Ter; nfsB_F167LfsTer11; ompF_D34RfsTer1; parC_S80I; parE_E460D; qnrS1; rmtB1; sul1
562.135563,RESISTANT,,RESISTANT,,RESISTANT,aac(6')-Ib-cr5; aadA2; acrF; blaCTX-M-15; blaEC; blaNDM-5; blaOXA-1; blaTEM-1; ble; dfrA12; emrD; gyrA_D87N; gyrA_S83L; mdtM; nfsB_A27PfsTer68; parC_E84V; parC_S80I; parE_I529L; ptsI_V25I; rmtB1; sul1; uhpT_E350Q
562.135564,RESISTANT,,RESISTANT,,RESISTANT,aadA2; acrF; blaCMY-42; blaEC; blaNDM-5; blaTEM-1; ble; cyaA_S352T; dfrA12; dfrA5; emrD; erm(B); ftsI_I336IKYRI; gyrA_D87N; gyrA_S83L; mph(A); mrx(A); ompF_Y253EfsTer3; parC_S80I; parE_S458A; rmtB1; sul1
562.135565,RESISTANT,,RESISTANT,,RESISTANT,aadA2; acrF; acrR_V29YfsTer44; blaCMY-145; blaCTX-M-15; blaEC; blaNDM-4; blaOXA-181; blaSFO-1; blaTEM-1; ble; cirA_S90YfsTer15; dfrA12; ftsI_N337NYRIN; gyrA_D87N; gyrA_S83L; mdtM; mph(A); mrx(A); parC_S80I; parE_S458A; qnrS1; rmtB1; sul1
562.135567,RESISTANT,,RESISTANT,,RESISTANT,aadA1; aadA5; acrF; acrR_V29YfsTer44; aph(3'')-Ib; aph(6)-Id; arr-2; blaEC; blaNDM-5; blaTEM-1; ble; cirA_S90YfsTer15; cmlA5; dfrA17; ere(A); ftsI_N337NYRIN; gyrA_D87N; gyrA_S83L; mdtM; mph(A); mrx(A); parC_S80I; parE_S458A; rmtB1; sul1; sul2; tet(A)
562.135568,RESISTANT,,RESISTANT,,RESISTANT,aadA2; acrF; blaCMY-42; blaEC; blaNDM-5; blaTEM-1; ble; catA2; dfrA12; erm(B); ftsI_N337NYRIN; gyrA_D87N; gyrA_S83L; mdtM; mph(A); mrx(A); parC_S80I; parE_S458A; rmtB1; sul1
562.135569,RESISTANT,,RESISTANT,,RESISTANT,aac(3)-IId; aac(6')-Ib-cr5; aadA5; acrF; acrR_T207RfsTer37; arr-2; blaCTX-M-15; blaEC; blaNDM-5; blaTEM-1; ble; cmlA5; dfrA17; ftsI_N337NYRIN; gyrA_D87N; gyrA_S83L; mdtM; mph(A); mrx(A); parC_S80I; parE_S458A; rmtB1; sul1; tet(B)
562.135570,RESISTANT,,RESISTANT,,RESISTANT,aadA2; acrF; blaCMY-42; blaEC; blaNDM-5; ble; cyaA_S352T; dfrA12; dfrA5; emrD; ftsI_I336IKYRI; gyrA_D87N; gyrA_S83L; mph(A); mrx(A); ompF_Y253EfsTer3; parC_S80I; parE_S458A; rmtB1; sul1
562.135571,RESISTANT,,RESISTANT,,RESISTANT,aadA2; acrF; blaCMY-42; blaEC; blaNDM-5; blaTEM-1; ble; dfrA12; ftsI_N337NYRIN; gyrA_D87N; gyrA_S83L; mdtM; mph(A); mrx(A); parC_S80I; parE_S458A; rmtB1; sul1
562.135572,RESISTANT,,RESISTANT,,RESISTANT,aadA2; acrF; blaCTX-M-15; blaEC; blaNDM-5; blaTEM-1; ble; dfrA12; ftsI_N337NYRIN; gyrA_D87N; gyrA_S83L; mdtM; parC_E84A; parC_S80I; rmtB1; soxS_A12S; sul1
562.135573,RESISTANT,,RESISTANT,,RESISTANT,aadA2; acrF; acrR_V29YfsTer44; blaCMY-145; blaEC; blaNDM-5; blaTEM-1; ble; cirA_S90YfsTer15; dfrA12; ftsI_N337NYRIN; gyrA_D87N; gyrA_S83L; mdtM; mph(A); mrx(A); parC_S80I; parE_S458A; rmtB1; sul1; tet(A)
562.135574,RESISTANT,,RESISTANT,,RESISTANT,aac(6')-Ib-cr5; aadA5; acrF; arr; blaCMY-42; blaEC; blaNDM-5; blaOXA-1; blaTEM-1; ble; catA1; catB3; cyaA_S352T; dfrA17; emrD; ftsI_I336IKYRI; gyrA_D87N; gyrA_S83L; mdtM; mph(A); mrx(A); parC_S80I; parE_S458A; rmtB1; sul1; tet(B)
562.135575,RESISTANT,,RESISTANT,,RESISTANT,aadA2; acrF; acrR_V29YfsTer44; blaCTX-M-55; blaEC; blaNDM-5; blaTEM; ble; cirA_S90YfsTer15; dfrA12; dfrA14; ftsI_N337NYRIN; gyrA_D87N; gyrA_S83L; mdtM; mph(A); mrx(A); parC_S80I; parE_S458A; qnrS1; rmtB1; sul1; tet(A)
562.135576,RESISTANT,,RESISTANT,,RESISTANT,aac(6')-Ib; aadA2; acrF; acrR_R192HfsTer53; aph(3'')-Ib; aph(6)-Id; arr-2; blaCMY-42; blaEC; blaNDM-5; blaSFO-1; blaTEM-1; ble; catA1; catB; dfrA12; dfrA14; erm(B); ftsI_N337NYRIN; gyrA_D87N; gyrA_S83L; mdtM; mph(A); mrx(A); nfsA_C90Ter; parC_E84G; parC_S80I; qnrS1; rmtB1; rmtF1; sul1; sul2; tet(B)
562.135577,RESISTANT,,RESISTANT,,RESISTANT,aac(6')-Ib-cr5; aadA2; acrF; blaCMY-42; blaCTX-M-15; blaEC; blaNDM-5; blaOXA-1; blaTEM-1; ble; catB3; dfrA12; ftsI_N337NYRIN; gyrA_D87N; gyrA_S83L; mdtM; mph(A); mrx(A); ompF_Y128MfsTer45; parC_S80I; parE_S458A; rmtB1; sul1; tet(A)
562.135578,RESISTANT,,RESISTANT,,RESISTANT,aadA2; acrF; blaCMY-42; blaEC; blaNDM-5; blaTEM-1; ble; catA2; dfrA12; erm(B); ftsI_N337NYRIN; gyrA_D87N; gyrA_S83L; mdtM; mph(A); mrx(A); parC_S80I; parE_S458A; rmtB1; sul1
562.135579,RESISTANT,,RESISTANT,,susceptible,aac(6')-Ib-cr5; aadA1; acrF; acrR_P182RfsTer62; arr-2; blaCTX-M-15; blaEC; blaNDM-5; blaOXA-1; blaOXA-181; blaTEM-1; ble; catA1; catB3; cmlA5; ere(A); erm(B); ftsI_N337NYRIN; gyrA_D87N; gyrA_S83L; mdtM; mph(A); mrx(A); parC_S80I; parE_S458A; qnrS1; rmtB1; sul1; tet(B)
562.135580,RESISTANT,,RESISTANT,,RESISTANT,aadA2; acrF; acrR_V29YfsTer44; blaCMY-42; blaEC; blaNDM-5; blaTEM-1; ble; cirA_S90YfsTer15; dfrA12; erm(B); ftsI_N337NYRIN; gyrA_D87N; gyrA_S83L; mdtM; mph(A); mrx(A); parC_S80I; parE_S458A; rmtB1; sul1
562.135581,RESISTANT,,RESISTANT,,RESISTANT,aac(3)-IId; aac(6')-Ib-cr5; aadA5; acrF; acrR_T207RfsTer37; arr-2; blaCTX-M-15; blaEC; blaNDM-5; blaTEM-1; ble; cmlA5; dfrA17; ftsI_N337NYRIN; gyrA_D87N; gyrA_S83L; mdtM; mph(A); mrx(A); parC_S80I; parE_S458A; rmtB1; sul1; tet(B)
562.135582,RESISTANT,,RESISTANT,,RESISTANT,aac(3)-IId; aac(6')-Ib-cr5; aadA5; acrF; acrR_T207RfsTer37; arr-2; blaCMY-145; blaCTX-M-15; blaEC; blaNDM-5; blaTEM-1; ble; cmlA5; dfrA17; ftsI_N337NYRIN; gyrA_D87N; gyrA_S83L; mdtM; mph(A); mrx(A); parC_S80I; parE_S458A; rmtB1; sul1; tet(B)
562.135583,RESISTANT,,RESISTANT,,RESISTANT,aac(6')-Ib-cr5; aadA2; aadA5; acrF; blaCTX-M-15; blaEC; blaNDM-5; blaOXA; ble; cyaA_S352T; dfrA12; dfrA17; emrD; ftsI_I336IKYRI; gyrA_D87N; gyrA_S83L; mph(A); mrx(A); ompF_Y253EfsTer3; parC_S80I; parE_S458A; sul1; tet(B)
562.135584,RESISTANT,,RESISTANT,,susceptible,aadA2; acrF; blaCMY-42; blaEC; blaNDM-5; blaTEM; ble; cyaA_S352T; dfrA12; dfrA5; emrD; erm(B); ftsI_I336IKYRI; gyrA_D87N; gyrA_S83L; mph(A); mrx(A); ompF_Y253EfsTer3; parC_S80I; parE_S458A; rmtB1; sul1
562.135585,RESISTANT,,RESISTANT,,RESISTANT,aadA2; acrF; blaCMY-42; blaEC; blaNDM-5; blaTEM-1; ble; cyaA_S352T; dfrA12; dfrA5; emrD; ftsI_I336IKYRI; gyrA_D87N; gyrA_S83L; mph(A); mrx(A); ompF_Y253EfsTer3; parC_S80I; parE_S458A; rmtB1; sul1
562.135586,RESISTANT,,RESISTANT,,RESISTANT,aadA2; acrF; acrR_V29YfsTer44; blaCMY-145; blaEC; blaNDM-5; blaTEM-1; ble; cirA_S90YfsTer15; dfrA12; erm(B); ftsI_N337NYRIN; gyrA_D87N; gyrA_S83L; mdtM; mph(A); mrx(A); parC_S80I; parE_S458A; rmtB1; sul1
562.135587,RESISTANT,,RESISTANT,,RESISTANT,aadA2; acrF; acrR_V29YfsTer44; blaCMY-145; blaCTX-M-15; blaEC; blaNDM-4; blaOXA-181; blaSFO-1; blaTEM-1; ble; cirA_S90YfsTer15; dfrA12; erm(B); ftsI_N337NYRIN; gyrA_D87N; gyrA_S83L; mdtM; mph(A); mrx(A); parC_S80I; parE_S458A; qnrS1; rmtB1; sul1
562.135588,RESISTANT,,RESISTANT,,RESISTANT,aac(6')-Ib-cr5; aadA2; acrF; blaCTX-M-15; blaEC; blaNDM-5; blaOXA-1; blaTEM-1; ble; dfrA12; emrD; gyrA_D87N; gyrA_S83L; mdtM; nfsB_A27PfsTer68; parC_E84V; parC_S80I; parE_I529L; ptsI_V25I; rmtB1; sul1; uhpT_E350Q
562.135589,RESISTANT,,RESISTANT,,RESISTANT,aadA2; acrF; acrR_T5N; blaCTX-M-15; blaEC; blaNDM-4; blaOXA-181; blaSFO-1; blaTEM-1; ble; dfrA12; erm(B); ftsI_N337NYRIN; gyrA_D87N; gyrA_S83L; mdtM; mph(A); mrx(A); nfsA_Q195Ter; nfsB_F167LfsTer11; ompF_D34RfsTer1; parC_S80I; parE_E460D; qnrS1; rmtB1; sul1
562.135590,RESISTANT,,RESISTANT,,RESISTANT,aadA2; aadA5; acrF; blaCMY-42; blaCTX-M-15; blaEC; blaNDM-5; blaOXA; blaTEM-1; ble; catB3; dfrA12; dfrA17; erm(B); ftsI_N337NYRIN; gyrA_D87N; gyrA_S83L; mdtM; mph(A); mrx(A); nfsA_G126R; parC_S80I; parE_S458A; rmtB1; sul1; tet(B)
562.135591,RESISTANT,,RESISTANT,,RESISTANT,aac(6')-Ib-cr5; aadA1; aadA2; acrF; armA; arr-2; blaCMY-42; blaCTX-M-15; blaEC; blaNDM-1; blaOXA-1; blaOXA-10; ble; catB3; cmlA5; dfrA12; ftsI_I336IKYRI; gyrA_D87N; gyrA_S83L; mdtM; mph(A); mph(E); mrx(A); msr(E); nfsA_W159Ter; parC_S80I; parE_S458A; qnrA1; sul1; tet(A)
562.135592,RESISTANT,,RESISTANT,,RESISTANT,aac(3)-IId; aac(6')-Ib-cr5; aadA1; aadA2; aadA5; acrF; arr-2; blaCMY-2; blaCTX-M-15; blaEC; blaNDM-5; blaOXA-1; blaTEM-1; ble; catB3; cmlA5; dfrA12; dfrA17; ere(A); ftsI_N337NYRIN; gyrA_D87N; gyrA_S83L; mdtM; mph(A); mrx(A); ompC_R195L; parC_S80I; parE_S458A; rmtB1; sul1; tet(B)
562.135593,RESISTANT,,RESISTANT,,susceptible,aac(6')-Ib-cr5; aadA1; acrF; acrR_P182RfsTer62; arr-2; blaCTX-M-15; blaEC; blaNDM-5; blaOXA-1; blaTEM-1; ble; catA1; catB3; cmlA5; ere(A); erm(B); ftsI_N337NYRIN; gyrA_D87N; gyrA_S83L; mdtM; mph(A); mrx(A); parC_S80I; parE_S458A; rmtB1; sul1; tet(B)
562.135594,RESISTANT,,RESISTANT,,RESISTANT,aadA2; acrF; blaEC; blaNDM-5; blaTEM-1; ble; cyaA_S352T; dfrA12; emrD; erm(B); ftsI_I336IKYRI; gyrA_D87N; gyrA_S83L; mph(A); mrx(A); ompF_Y253EfsTer3; parC_S80I; parE_S458A; rmtB1; sul1
562.13671,RESISTANT,susceptible,susceptible,RESISTANT,RESISTANT,aadA5; acrF; aph(3'')-Ib; aph(3')-Ia; aph(6)-Id; blaCMY-2; blaEC; blaNDM-5; blaTEM-1; ble; catA1; dfrA17; emrD; gyrA_D87N; gyrA_S83L; mdtM; mph(A); mrx(A); nfsA_E178Ter; ompF_Q98Ter; parC_S80I; sul1; sul2; tet(A)
562.140824,RESISTANT,,RESISTANT,susceptible,RESISTANT,aadA2; acrF; blaCTX-M-15; blaEC; dfrA12; emrD; gyrA_D87N; gyrA_S83L; mdtM; mph(A); mrx(A); parC_E84V; parC_S80I; parE_I529L; ptsI_V25I; sul1; uhpT_E350Q
562.140825,RESISTANT,,RESISTANT,susceptible,RESISTANT,aadA2; acrF; blaCTX-M-15; blaEC; dfrA12; emrD; gyrA_D87N; gyrA_S83L; mdtM; mph(A); mrx(A); parC_E84V; parC_S80I; parE_I529L; ptsI_V25I; sul1; uhpT_E350Q
562.140826,RESISTANT,,RESISTANT,susceptible,RESISTANT,aadA2; acrF; blaCTX-M-15; blaEC; dfrA12; emrD; gyrA_D87N; gyrA_S83L; mdtM; mph(A); mrx(A); parC_E84V; parC_S80I; parE_I529L; ptsI_V25I; sul1; uhpT_E350Q
562.140827,RESISTANT,,RESISTANT,susceptible,RESISTANT,aadA2; acrF; blaCTX-M-15; blaEC; dfrA12; emrD; gyrA_D87N; gyrA_S83L; mdtM; mph(A); mrx(A); parC_E84V; parC_S80I; parE_I529L; ptsI_V25I; sul1; uhpT_E350Q
562.140828,RESISTANT,,RESISTANT,susceptible,RESISTANT,aadA2; acrF; blaCTX-M-15; blaEC; dfrA12; emrD; gyrA_D87N; gyrA_S83L; mdtM; mph(A); mrx(A); parC_E84V; parC_S80I; parE_I529L; ptsI_V25I; sul1; uhpT_E350Q
562.140829,RESISTANT,,RESISTANT,susceptible,RESISTANT,aadA2; acrF; blaCTX-M-15; blaEC; dfrA12; emrD; gyrA_D87N; gyrA_S83L; mdtM; mph(A); mrx(A); parC_E84V; parC_S80I; parE_I529L; ptsI_V25I; sul1; uhpT_E350Q
562.140830,RESISTANT,,RESISTANT,susceptible,susceptible,acrF; blaEC; blaTEM-1; emrD; gyrA_D87N; gyrA_S83L; mdtM; parC_E84V; parC_S80I; parE_I529L; ptsI_V25I; uhpT_E350Q
562.140831,RESISTANT,,RESISTANT,susceptible,susceptible,acrF; blaEC; blaTEM-1; emrD; gyrA_D87N; gyrA_S83L; mdtM; parC_E84V; parC_S80I; parE_I529L; ptsI_V25I; uhpT_E350Q
562.140832,RESISTANT,,RESISTANT,susceptible,susceptible,acrF; blaEC; blaTEM-1; emrD; gyrA_D87N; gyrA_S83L; mdtM; parC_E84V; parC_S80I; parE_I529L; ptsI_V25I; uhpT_E350Q
562.140833,RESISTANT,,RESISTANT,RESISTANT,RESISTANT,aac(3)-IId; aadA5; acrF; acrR_Q10Ter; aph(3'')-Ib; aph(6)-Id; blaEC; blaTEM-1; dfrA17; emrD; gyrA_D87N; gyrA_S83L; mdtM; mph(A); mrx(A); parC_S80I; parE_L445H; ptsI_V25I; sul1; sul2; tet(A); uhpT_E350Q
562.140834,RESISTANT,,RESISTANT,RESISTANT,RESISTANT,aac(3)-IId; aadA5; acrF; aph(3'')-Ib; aph(6)-Id; blaEC; blaTEM-1; dfrA17; emrD; gyrA_D87N; gyrA_S83L; mdtM; mph(A); mrx(A); parC_S80I; parE_L445H; ptsI_V25I; sul1; sul2; tet(A); uhpT_E350Q
562.140835,RESISTANT,,RESISTANT,RESISTANT,RESISTANT,aac(3)-IId; aadA5; acrF; aph(3'')-Ib; aph(6)-Id; blaEC; blaTEM-1; dfrA17; emrD; gyrA_D87N; gyrA_S83L; mdtM; mph(A); mrx(A); parC_S80I; parE_L445H; ptsI_V25I; sul1; sul2; tet(A); uhpT_E350Q
562.140836,RESISTANT,,RESISTANT,RESISTANT,RESISTANT,aac(3)-IId; aadA5; acrF; acrR_Q10Ter; aph(3'')-Ib; aph(6)-Id; blaEC; blaTEM-1; dfrA17; emrD; gyrA_D87N; gyrA_S83L; mdtM; mph(A); mrx(A); parC_S80I; parE_L445H; ptsI_V25I; sul1; sul2; tet(A); uhpT_E350Q
562.140837,RESISTANT,,RESISTANT,RESISTANT,RESISTANT,aac(3)-IId; aadA5; acrF; aph(3'')-Ib; aph(6)-Id; blaEC; blaTEM-1; dfrA17; emrD; gyrA_D87N; gyrA_S83L; mdtM; mph(A); mrx(A); parC_S80I; parE_L445H; ptsI_V25I; sul1; sul2; tet(A); uhpT_E350Q
562.140838,RESISTANT,,RESISTANT,RESISTANT,RESISTANT,aac(3)-IId; aadA5; acrF; acrR_Q10Ter; aph(3'')-Ib; aph(6)-Id; blaEC; blaTEM-1; dfrA17; emrD; gyrA_D87N; gyrA_S83L; mdtM; mph(A); mrx(A); parC_S80I; parE_L445H; ptsI_V25I; sul1; sul2; tet(A); uhpT_E350Q
562.140839,RESISTANT,,RESISTANT,RESISTANT,RESISTANT,aac(3)-IId; aadA5; acrF; aph(3'')-Ib; aph(6)-Id; blaEC; blaTEM-1; dfrA17; emrD; gyrA_D87N; gyrA_S83L; mdtM; mph(A); mrx(A); parC_S80I; parE_L445H; ptsI_V25I; sul1; sul2; tet(A); uhpT_E350Q
562.140840,RESISTANT,,RESISTANT,RESISTANT,RESISTANT,aac(3)-IId; aadA5; acrF; aph(3'')-Ib; aph(6)-Id; blaEC; blaTEM-1; dfrA17; emrD; gyrA_D87N; gyrA_S83L; mdtM; mph(A); mrx(A); parC_S80I; parE_L445H; ptsI_V25I; sul1; sul2; tet(A); uhpT_E350Q
562.140841,RESISTANT,,RESISTANT,RESISTANT,RESISTANT,aac(3)-IId; aadA5; acrF; aph(3'')-Ib; aph(6)-Id; blaEC; blaTEM-1; dfrA17; emrD; gyrA_D87N; gyrA_S83L; mdtM; mph(A); mrx(A); parC_S80I; parE_L445H; ptsI_V25I; sul1; sul2; tet(A); uhpT_E350Q
562.140842,RESISTANT,,RESISTANT,RESISTANT,RESISTANT,aac(3)-IId; aadA5; acrF; aph(3'')-Ib; aph(6)-Id; blaEC; blaTEM-1; dfrA17; emrD; gyrA_D87N; gyrA_S83L; mdtM; mph(A); mrx(A); parC_S80I; parE_L445H; ptsI_V25I; sul1; sul2; tet(A); uhpT_E350Q
562.140843,RESISTANT,,RESISTANT,RESISTANT,RESISTANT,aac(3)-IId; aadA5; acrF; aph(3'')-Ib; aph(6)-Id; blaEC; blaTEM-1; dfrA17; emrD; gyrA_D87N; gyrA_S83L; mdtM; mph(A); mrx(A); parC_S80I; parE_L445H; ptsI_V25I; sul1; sul2; tet(A); uhpT_E350Q
562.140844,RESISTANT,,RESISTANT,RESISTANT,RESISTANT,aac(3)-IId; aadA5; acrF; aph(3'')-Ib; aph(6)-Id; blaEC; blaTEM-1; dfrA17; emrD; gyrA_D87N; gyrA_S83L; mdtM; mph(A); mrx(A); parC_S80I; parE_L445H; ptsI_V25I; sul1; sul2; tet(A); uhpT_E350Q
562.140845,RESISTANT,,RESISTANT,RESISTANT,RESISTANT,aac(3)-IId; aadA5; acrF; aph(3'')-Ib; aph(6)-Id; blaEC; blaTEM-1; dfrA17; emrD; gyrA_D87N; gyrA_S83L; mdtM; mph(A); mrx(A); parC_S80I; parE_L445H; ptsI_V25I; sul1; sul2; tet(A); uhpT_E350Q
562.140846,RESISTANT,,RESISTANT,RESISTANT,RESISTANT,aac(3)-IId; aadA5; acrF; aph(3'')-Ib; aph(6)-Id; blaEC; blaTEM-1; dfrA17; emrD; gyrA_D87N; gyrA_S83L; mdtM; mph(A); mrx(A); parC_S80I; parE_L445H; ptsI_V25I; sul1; sul2; tet(A); uhpT_E350Q
562.140847,RESISTANT,,RESISTANT,RESISTANT,RESISTANT,aac(3)-IId; aadA5; acrF; aph(3'')-Ib; aph(6)-Id; blaEC; blaTEM-1; dfrA17; emrD; gyrA_D87N; gyrA_S83L; mdtM; mph(A); mrx(A); parC_S80I; parE_L445H; ptsI_V25I; sul1; sul2; tet(A); uhpT_E350Q
562.140848,RESISTANT,,RESISTANT,RESISTANT,RESISTANT,aac(3)-IId; aadA5; acrF; aph(3'')-Ib; aph(6)-Id; blaEC; blaTEM-1; dfrA17; emrD; gyrA_D87N; gyrA_S83L; mdtM; mph(A); mrx(A); parC_S80I; parE_L445H; ptsI_V25I; sul1; sul2; tet(A); uhpT_E350Q
562.140849,RESISTANT,,RESISTANT,susceptible,RESISTANT,aadA2; acrF; blaCTX-M-15; blaEC; dfrA12; emrD; gyrA_D87N; gyrA_S83L; mdtM; mph(A); mrx(A); parC_E84V; parC_S80I; parE_I529L; ptsI_V25I; sul1; uhpT_E350Q
562.140850,RESISTANT,,RESISTANT,RESISTANT,RESISTANT,aac(3)-IId; aadA5; acrF; aph(3'')-Ib; aph(6)-Id; blaEC; blaTEM-1; dfrA17; emrD; gyrA_D87N; gyrA_S83L; mdtM; mph(A); mrx(A); parC_S80I; parE_L445H; ptsI_V25I; sul1; sul2; tet(A); uhpT_E350Q
562.140851,RESISTANT,,RESISTANT,susceptible,RESISTANT,aadA2; acrF; blaCTX-M-15; blaEC; dfrA12; emrD; gyrA_D87N; gyrA_S83L; mdtM; mph(A); mrx(A); parC_E84V; parC_S80I; parE_I529L; ptsI_V25I; sul1; uhpT_E350Q
562.140852,RESISTANT,,RESISTANT,susceptible,susceptible,acrF; aph(3'')-Ib; aph(6)-Id; blaCTX-M-27; blaEC; emrD; gyrA_D87N; gyrA_S83L; mdtM; nfsA_L43FfsTer4; nfsB_K119IfsTer11; parC_E84V; parC_S80I; parE_I529L; ptsI_V25I; sul2; tet(A); uhpT_E350Q
562.140853,RESISTANT,,RESISTANT,susceptible,RESISTANT,aadA2; acrF; blaCTX-M-15; blaEC; dfrA12; emrD; gyrA_D87N; gyrA_S83L; mdtM; mph(A); mrx(A); parC_E84V; parC_S80I; parE_I529L; ptsI_V25I; sul1; uhpT_E350Q
562.140854,RESISTANT,,RESISTANT,susceptible,susceptible,acrF; aph(3'')-Ib; aph(6)-Id; blaCTX-M-27; blaEC; emrD; gyrA_D87N; gyrA_S83L; mdtM; parC_E84V; parC_S80I; parE_I529L; ptsI_V25I; sul2; tet(A); uhpT_E350Q
562.140855,RESISTANT,,RESISTANT,susceptible,susceptible,acrF; aph(3'')-Ib; aph(6)-Id; blaCTX-M-27; blaEC; emrD; gyrA_D87N; gyrA_S83L; mdtM; nfsA_L43FfsTer4; nfsB_K119IfsTer11; parC_E84V; parC_S80I; parE_I529L; ptsI_V25I; sul2; tet(A); uhpT_E350Q
562.140856,RESISTANT,,RESISTANT,susceptible,susceptible,acrF; aph(3'')-Ib; aph(6)-Id; blaCTX-M-27; blaEC; emrD; gyrA_D87N; gyrA_S83L; mdtM; parC_E84V; parC_S80I; parE_I529L; ptsI_V25I; sul2; tet(A); uhpT_E350Q
562.140857,RESISTANT,,RESISTANT,susceptible,susceptible,acrF; aph(3'')-Ib; aph(6)-Id; blaCTX-M-27; blaEC; emrD; gyrA_D87N; gyrA_S83L; mdtM; nfsA_L43FfsTer4; nfsB_K119IfsTer11; parC_E84V; parC_S80I; parE_I529L; ptsI_V25I; sul2; tet(A); uhpT_E350Q
562.140858,RESISTANT,,RESISTANT,susceptible,susceptible,acrF; aph(3'')-Ib; aph(6)-Id; blaCTX-M-27; blaEC; emrD; gyrA_D87N; gyrA_S83L; mdtM; nfsA_L43FfsTer4; nfsB_K119IfsTer11; parC_E84V; parC_S80I; parE_I529L; ptsI_V25I; sul2; tet(A); uhpT_E350Q
562.140859,RESISTANT,,RESISTANT,susceptible,susceptible,acrF; aph(3'')-Ib; aph(6)-Id; blaCTX-M-27; blaEC; emrD; gyrA_D87N; gyrA_S83L; mdtM; nfsA_L43FfsTer4; nfsB_K119IfsTer11; parC_E84V; parC_S80I; parE_I529L; ptsI_V25I; sul2; tet(A); uhpT_E350Q
562.140860,RESISTANT,,RESISTANT,susceptible,susceptible,acrF; aph(3'')-Ib; aph(6)-Id; blaCTX-M-27; blaEC; emrD; gyrA_D87N; gyrA_S83L; mdtM; nfsA_L43FfsTer4; nfsB_K119IfsTer11; parC_E84V; parC_S80I; parE_I529L; ptsI_V25I; sul2; tet(A); uhpT_E350Q
562.140861,RESISTANT,,RESISTANT,susceptible,susceptible,acrF; aph(3'')-Ib; aph(6)-Id; blaCTX-M-27; blaEC; emrD; gyrA_D87N; gyrA_S83L; mdtM; nfsA_L43FfsTer4; nfsB_K119IfsTer11; parC_E84V; parC_S80I; parE_I529L; ptsI_V25I; sul2; tet(A); uhpT_E350Q
562.140862,RESISTANT,,RESISTANT,susceptible,RESISTANT,aac(6')-Ib-cr5; aadA5; acrF; acrR_E67Ter; blaCTX-M-15; blaEC; blaOXA-1; catB3; dfrA17; emrD; gyrA_D87N; gyrA_S83L; mdtM; mph(A); mrx(A); nfsA_V127YfsTer12; parC_E84V; parC_S80I; parE_I529L; ptsI_V25I; sul1; tet(A); uhpT_E350Q
562.140863,RESISTANT,,RESISTANT,susceptible,susceptible,acrF; aph(3'')-Ib; aph(6)-Id; blaCTX-M-27; blaEC; emrD; gyrA_D87N; gyrA_S83L; mdtM; nfsA_L43FfsTer4; nfsB_K119IfsTer11; parC_A56T; parC_E84V; parC_S80I; parE_I529L; ptsI_V25I; sul2; tet(A); uhpT_E350Q
562.140864,RESISTANT,,RESISTANT,susceptible,RESISTANT,aac(6')-Ib-cr5; aadA5; acrF; acrR_E67Ter; blaCTX-M-15; blaEC; blaOXA-1; catB3; dfrA17; emrD; gyrA_D87N; gyrA_S83L; mdtM; mph(A); mrx(A); nfsA_V127YfsTer12; parC_E84V; parC_S80I; parE_I529L; ptsI_V25I; sul1; tet(A); uhpT_E350Q
562.140865,RESISTANT,,RESISTANT,susceptible,RESISTANT,aac(6')-Ib-cr5; aadA5; acrF; acrR_E67Ter; blaCTX-M-15; blaEC; blaOXA-1; catB3; dfrA17; emrD; gyrA_D87N; gyrA_S83L; mdtM; mph(A); mrx(A); nfsA_V127YfsTer12; parC_E84V; parC_S80I; parE_I529L; ptsI_V25I; sul1; tet(A); uhpT_E350Q
562.140866,RESISTANT,,RESISTANT,susceptible,RESISTANT,aac(6')-Ib-cr5; aadA5; acrF; acrR_E67Ter; blaCTX-M-15; blaEC; blaOXA-1; catB3; dfrA17; emrD; gyrA_D87N; gyrA_S83L; mdtM; mph(A); mrx(A); nfsA_V127YfsTer12; parC_E84V; parC_S80I; parE_I529L; ptsI_V25I; sul1; tet(A); uhpT_E350Q
562.140867,RESISTANT,,RESISTANT,susceptible,RESISTANT,aac(6')-Ib-cr5; aadA5; acrF; acrR_E67Ter; blaCTX-M-15; blaEC; blaOXA-1; catB3; dfrA17; emrD; gyrA_D87N; gyrA_S83L; mdtM; mph(A); mrx(A); nfsA_V127YfsTer12; parC_E84V; parC_S80I; parE_I529L; ptsI_V25I; sul1; tet(A); uhpT_E350Q
562.140868,RESISTANT,,RESISTANT,susceptible,RESISTANT,aac(6')-Ib-cr5; aadA5; acrF; acrR_E67Ter; blaCTX-M-15; blaEC; blaOXA-1; catB3; dfrA17; emrD; gyrA_D87N; gyrA_S83L; mdtM; mph(A); mrx(A); nfsA_V127YfsTer12; parC_E84V; parC_S80I; parE_I529L; ptsI_V25I; sul1; uhpT_E350Q
562.140869,RESISTANT,,RESISTANT,susceptible,RESISTANT,aac(6')-Ib-cr5; aadA5; acrF; acrR_E67Ter; blaCTX-M-15; blaEC; blaOXA-1; catB3; dfrA17; emrD; gyrA_D87N; gyrA_S83L; mdtM; mph(A); mrx(A); nfsA_V127YfsTer12; parC_E84V; parC_S80I; parE_I529L; ptsI_V25I; sul1; uhpT_E350Q
562.140870,RESISTANT,,RESISTANT,susceptible,RESISTANT,aac(6')-Ib-cr5; aadA5; acrF; acrR_E67Ter; blaCTX-M-15; blaEC; blaOXA-1; catB3; dfrA17; emrD; gyrA_D87N; gyrA_S83L; mdtM; mph(A); mrx(A); nfsA_V127YfsTer12; parC_E84V; parC_S80I; parE_I529L; ptsI_V25I; sul1; tet(A); uhpT_E350Q
562.140871,RESISTANT,,RESISTANT,susceptible,RESISTANT,aac(6')-Ib-cr5; aadA5; acrF; acrR_E67Ter; blaCTX-M-15; blaEC; blaOXA-1; catB3; dfrA17; emrD; gyrA_D87N; gyrA_S83L; mdtM; mph(A); mrx(A); nfsA_V127YfsTer12; parC_E84V; parC_S80I; parE_I529L; ptsI_V25I; sul1; tet(A); uhpT_E350Q
562.140872,RESISTANT,,RESISTANT,susceptible,RESISTANT,aac(6')-Ib-cr5; aadA5; acrF; acrR_E67Ter; blaCTX-M-15; blaEC; blaOXA-1; catB3; dfrA17; emrD; gyrA_D87N; gyrA_S83L; mdtM; mph(A); mrx(A); nfsA_V127YfsTer12; parC_E84V; parC_S80I; parE_I529L; ptsI_V25I; sul1; tet(A); uhpT_E350Q
562.140873,RESISTANT,,RESISTANT,susceptible,RESISTANT,aac(6')-Ib-cr5; aadA5; acrF; acrR_E67Ter; blaCTX-M-15; blaEC; blaOXA-1; catB3; dfrA17; emrD; gyrA_D87N; gyrA_S83L; mdtM; mph(A); mrx(A); nfsA_V127YfsTer12; parC_E84V; parC_S80I; parE_I529L; ptsI_V25I; sul1; tet(A); uhpT_E350Q
562.140874,RESISTANT,,RESISTANT,susceptible,RESISTANT,aadA5; acrF; acrR_E67Ter; blaCTX-M-15; blaEC; dfrA17; emrD; gyrA_D87N; gyrA_S83L; mdtM; mph(A); mrx(A); nfsA_V127YfsTer12; parC_E84V; parC_S80I; parE_I529L; ptsI_V25I; sul1; uhpT_E350Q
562.140875,RESISTANT,,RESISTANT,susceptible,RESISTANT,aac(6')-Ib-cr5; aadA5; acrF; acrR_E67Ter; blaCTX-M-15; blaEC; blaOXA-1; catB3; dfrA17; emrD; gyrA_D87N; gyrA_S83L; mdtM; mph(A); mrx(A); nfsA_L43CfsTer18; parC_E84V; parC_S80I; parE_I529L; ptsI_V25I; sul1; tet(A); uhpT_E350Q
562.140876,RESISTANT,,RESISTANT,susceptible,RESISTANT,aadA5; acrF; blaCTX-M; blaEC; blaOXA-1; dfrA17; emrD; gyrA_D87N; gyrA_S83L; mdtM; mph(A); mrx(A); parC_E84V; parC_S80I; parE_I529L; ptsI_V25I; sul1; tet(A); uhpT_E350Q
562.140877,RESISTANT,,RESISTANT,susceptible,RESISTANT,aadA5; acrF; blaCTX-M-15; blaEC; blaTEM-1; cirA_L343NfsTer5; cyaA_S352T; dfrA17; emrD; gyrA_D87N; gyrA_S83L; mph(A); mrx(A); parC_E84G; parC_S80I; sul1; sul2
562.140878,RESISTANT,,RESISTANT,susceptible,RESISTANT,aac(6')-Ib-cr5; aadA5; acrF; acrR_E67Ter; blaCTX-M-15; blaEC; blaOXA-1; catB3; dfrA17; emrD; gyrA_D87N; gyrA_S83L; mdtM; mph(A); mrx(A); nfsA_V127YfsTer12; parC_E84V; parC_S80I; parE_I529L; ptsI_V25I; sul1; uhpT_E350Q
562.140879,RESISTANT,,RESISTANT,susceptible,RESISTANT,aadA5; acrF; blaCTX-M-15; blaEC; blaOXA-1; dfrA17; emrD; gyrA_D87N; gyrA_S83L; mdtM; mph(A); mrx(A); parC_E84V; parC_S80I; parE_I529L; ptsI_V25I; sul1; tet(A); uhpT_E350Q
562.140880,RESISTANT,,RESISTANT,susceptible,RESISTANT,aadA5; acrF; blaCTX-M-15; blaEC; blaOXA-1; dfrA17; emrD; gyrA_D87N; gyrA_S83L; mdtM; mph(A); mrx(A); parC_E84V; parC_S80I; parE_I529L; ptsI_V25I; sul1; tet(A); uhpT_E350Q
562.140881,RESISTANT,,RESISTANT,susceptible,RESISTANT,aac(6')-Ib-cr5; aadA5; acrF; acrR_E67Ter; blaCTX-M-15; blaEC; blaOXA-1; catB3; dfrA17; emrD; gyrA_D87N; gyrA_S83L; mdtM; mph(A); mrx(A); nfsA_V127YfsTer12; parC_E84V; parC_S80I; parE_I529L; ptsI_V25I; sul1; uhpT_E350Q
562.140882,RESISTANT,,RESISTANT,susceptible,RESISTANT,aac(6')-Ib-cr5; aadA5; acrF; acrR_E67Ter; blaCTX-M-15; blaEC; blaOXA-1; catB3; dfrA17; emrD; gyrA_D87N; gyrA_S83L; mdtM; mph(A); mrx(A); nfsA_L43CfsTer18; parC_E84V; parC_S80I; parE_I529L; ptsI_V25I; sul1; tet(A); uhpT_E350Q
562.140883,RESISTANT,,RESISTANT,susceptible,RESISTANT,aac(6')-Ib-cr5; aadA5; acrF; acrR_E67Ter; blaCTX-M-15; blaEC; blaOXA-1; catB3; dfrA17; emrD; gyrA_D87N; gyrA_S83L; mdtM; mph(A); mrx(A); nfsA_L43CfsTer18; parC_E84V; parC_S80I; parE_I529L; ptsI_V25I; sul1; tet(A); uhpT_E350Q
562.140884,RESISTANT,,RESISTANT,susceptible,RESISTANT,aac(6')-Ib-cr5; aadA5; acrF; acrR_E67Ter; blaCTX-M-15; blaEC; blaOXA-1; catB3; dfrA17; emrD; gyrA_D87N; gyrA_S83L; mdtM; mph(A); mrx(A); nfsA_V127YfsTer12; parC_E84V; parC_S80I; parE_I529L; ptsI_V25I; sul1; tet(A); uhpT_E350Q
562.140885,RESISTANT,,RESISTANT,susceptible,RESISTANT,aac(6')-Ib-cr5; aadA5; acrF; acrR_E67Ter; blaCTX-M-15; blaEC; blaOXA-1; catB3; dfrA17; emrD; gyrA_D87N; gyrA_S83L; mdtM; mph(A); mrx(A); nfsA_V127YfsTer12; parC_E84V; parC_S80I; parE_I529L; ptsI_V25I; sul1; tet(A); uhpT_E350Q
562.140886,RESISTANT,,RESISTANT,susceptible,RESISTANT,aac(6')-Ib-cr5; aadA5; acrF; acrR_E67Ter; blaCTX-M-15; blaEC; blaOXA-1; catB3; dfrA17; emrD; gyrA_D87N; gyrA_S83L; mdtM; mph(A); mrx(A); nfsA_V127YfsTer12; parC_E84V; parC_S80I; parE_I529L; ptsI_V25I; sul1; tet(A); uhpT_E350Q
562.140887,RESISTANT,,RESISTANT,susceptible,RESISTANT,aac(6')-Ib-cr5; aadA5; acrF; acrR_E67Ter; blaCTX-M-15; blaEC; blaOXA-1; catB3; dfrA17; emrD; gyrA_D87N; gyrA_S83L; mdtM; mph(A); mrx(A); nfsA_V127YfsTer12; parC_E84V; parC_S80I; parE_I529L; ptsI_V25I; sul1; tet(A); uhpT_E350Q
562.140888,RESISTANT,,RESISTANT,susceptible,RESISTANT,aac(6')-Ib-cr5; aadA5; acrF; acrR_E67Ter; blaCTX-M-15; blaEC; blaOXA-1; catB3; dfrA17; emrD; gyrA_D87N; gyrA_S83L; mdtM; mph(A); mrx(A); parC_E84V; parC_S80I; parE_I529L; ptsI_V25I; sul1; tet(A); uhpT_E350Q
562.140889,RESISTANT,,RESISTANT,susceptible,RESISTANT,aac(6')-Ib-cr5; aadA5; acrF; acrR_E67Ter; blaCTX-M-15; blaEC; blaOXA-1; catB3; dfrA17; emrD; gyrA_D87N; gyrA_S83L; mdtM; mph(A); mrx(A); nfsA_V127YfsTer12; parC_E84V; parC_S80I; parE_I529L; ptsI_V25I; sul1; tet(A); uhpT_E350Q
562.140890,RESISTANT,,RESISTANT,RESISTANT,susceptible,aac(3)-IIe; aac(6')-Ib-cr5; acrF; blaCTX-M-15; blaEC; blaOXA-1; catB3; emrD; gyrA_D87N; gyrA_S83L; mdtM; parC_E84V; parC_S80I; parE_I529L; ptsI_V25I; tet(A); uhpT_E350Q
562.140891,RESISTANT,,RESISTANT,RESISTANT,susceptible,aac(3)-IIe; aac(6')-Ib-cr5; acrF; blaCTX-M-15; blaEC; blaOXA-1; catB3; emrD; gyrA_D87N; gyrA_S83L; mdtM; parC_E84V; parC_S80I; parE_I529L; ptsI_V25I; tet(A); uhpT_E350Q
562.140892,RESISTANT,,RESISTANT,RESISTANT,susceptible,aac(3)-IIe; aac(6')-Ib-cr5; acrF; blaCTX-M-15; blaEC; blaOXA-1; catB3; emrD; gyrA_D87N; gyrA_S83L; mdtM; parC_E84V; parC_S80I; parE_I529L; ptsI_V25I; tet(A); uhpT_E350Q
562.140893,RESISTANT,,RESISTANT,RESISTANT,susceptible,aac(3)-IIe; aac(6')-Ib-cr5; acrF; blaCTX-M-15; blaEC; blaOXA-1; catB3; emrD; gyrA_D87N; gyrA_S83L; mdtM; parC_E84V; parC_S80I; parE_I529L; ptsI_V25I; tet(A); uhpT_E350Q
562.140894,RESISTANT,,RESISTANT,RESISTANT,susceptible,aac(3)-IIe; aac(6')-Ib-cr5; acrF; blaCTX-M-15; blaEC; blaOXA-1; catB3; emrD; gyrA_D87N; gyrA_S83L; mdtM; parC_E84V; parC_S80I; parE_I529L; ptsI_V25I; uhpT_E350Q
562.140895,RESISTANT,,RESISTANT,RESISTANT,susceptible,aac(3)-IIe; aac(6')-Ib-cr5; acrF; blaCTX-M-15; blaEC; blaOXA-1; catB3; emrD; gyrA_D87N; gyrA_S83L; mdtM; parC_E84V; parC_S80I; parE_I529L; ptsI_V25I; tet(A); uhpT_E350Q
562.140896,RESISTANT,,RESISTANT,RESISTANT,susceptible,aac(3)-IIe; aac(6')-Ib-cr5; acrF; blaCTX-M-15; blaEC; blaOXA-1; catB3; emrD; gyrA_D87N; gyrA_S83L; mdtM; parC_E84V; parC_S80I; parE_I529L; ptsI_V25I; tet(A); uhpT_E350Q
562.140897,RESISTANT,,RESISTANT,RESISTANT,susceptible,aac(3)-IIe; aac(6')-Ib-cr5; acrF; blaCTX-M-15; blaEC; blaOXA-1; catB3; emrD; gyrA_D87N; gyrA_S83L; mdtM; parC_E84V; parC_S80I; parE_I529L; ptsI_V25I; tet(A); uhpT_E350Q
562.140898,RESISTANT,,susceptible,susceptible,susceptible,acrF; blaEC; blaTEM-1; catA1; cyaA_S352T; emrD; gyrA_S83L; mdtM; parC_E84G; sul2
562.140899,RESISTANT,,RESISTANT,susceptible,susceptible,acrF; blaCTX-M-15; blaEC; emrD; gyrA_D87N; gyrA_S83L; mdtM; parC_E84V; parC_S80I; parE_I529L; ptsI_V25I; tet(A); uhpT_E350Q
562.140900,RESISTANT,,RESISTANT,susceptible,susceptible,acrF; aph(3'')-Ib; aph(6)-Id; blaCTX-M-27; blaEC; emrD; gyrA_D87N; gyrA_S83L; mdtM; parC_E84V; parC_S80I; parE_I529L; ptsI_V25I; sul2; tet(A); uhpT_E350Q
562.140901,RESISTANT,,RESISTANT,RESISTANT,RESISTANT,aac(3)-IIe; aac(6')-Ib-cr5; acrF; aph(3'')-Ib; aph(6)-Id; blaCTX-M-15; blaEC; blaOXA-1; catB3; cyaA_S352T; dfrA14; emrD; gyrA_D87N; gyrA_S83L; parC_S80I; parE_S458A; sul2; tet(A)
562.140902,RESISTANT,,RESISTANT,RESISTANT,RESISTANT,aac(3)-IIe; aac(6')-Ib-cr5; acrF; aph(3'')-Ib; aph(6)-Id; blaCTX-M-15; blaEC; blaOXA-1; catB3; cyaA_S352T; dfrA14; emrD; gyrA_D87N; gyrA_S83L; parC_S80I; parE_S458A; sul2
562.140903,RESISTANT,,RESISTANT,susceptible,susceptible,acrF; aph(3'')-Ib; aph(6)-Id; blaCTX-M-27; blaEC; emrD; gyrA_D87N; gyrA_S83L; mdtM; parC_E84V; parC_S80I; parE_I529L; ptsI_V25I; sul2; tet(A); uhpT_E350Q
562.140904,RESISTANT,,susceptible,susceptible,susceptible,acrF; blaCMY-2; blaEC; emrD; tet(A)
562.140905,RESISTANT,,RESISTANT,susceptible,susceptible,acrF; aph(3'')-Ib; aph(6)-Id; blaEC; emrD; gyrA_D87N; gyrA_S83L; mdtM; parC_E84V; parC_S80I; parE_I529L; ptsI_V25I; sul2; tet(A); uhpT_E350Q
562.140906,RESISTANT,,RESISTANT,susceptible,susceptible,acrF; aph(3'')-Ib; aph(6)-Id; blaCTX-M-27; blaEC; emrD; gyrA_D87N; gyrA_S83L; mdtM; nfsA_L43FfsTer4; nfsB_K119IfsTer11; parC_E84V; parC_S80I; parE_I529L; ptsI_V25I; sul2; tet(A); uhpT_E350Q
562.140907,RESISTANT,,RESISTANT,RESISTANT,RESISTANT,aac(3)-IIe; aac(6')-Ib-cr5; acrF; aph(3'')-Ib; aph(6)-Id; blaCTX-M-15; blaEC; blaOXA-1; catB3; cyaA_S352T; dfrA14; emrD; gyrA_D87N; gyrA_S83L; parC_S80I; parE_S458A; sul2; tet(A)
562.140908,RESISTANT,,RESISTANT,susceptible,RESISTANT,aadA5; acrF; aph(3'')-Ib; aph(6)-Id; blaCTX-M-15; blaEC; blaTEM-1; cirA_L343NfsTer5; cyaA_S352T; dfrA17; emrD; gyrA_D87N; gyrA_S83L; mph(A); mrx(A); parC_E84G; parC_S80I; sul1; sul2; tet(A)
562.140909,RESISTANT,,RESISTANT,susceptible,RESISTANT,aadA5; acrF; aph(3'')-Ib; aph(6)-Id; blaCTX-M-15; blaEC; blaTEM-1; cirA_L343NfsTer5; cyaA_S352T; dfrA17; emrD; gyrA_D87N; gyrA_S83L; mph(A); mrx(A); parC_E84G; parC_S80I; sul1; sul2; tet(A)
562.140910,RESISTANT,,RESISTANT,RESISTANT,susceptible,aac(3)-IIe; aac(6')-Ib-cr5; acrF; blaCTX-M-15; blaEC; blaOXA-1; catB3; emrD; gyrA_D87N; gyrA_S83L; mdtM; parC_E84V; parC_S80I; parE_I529L; ptsI_V25I; tet(A); uhpT_E350Q
562.140911,RESISTANT,,RESISTANT,susceptible,RESISTANT,aadA5; acrF; aph(3'')-Ib; aph(6)-Id; blaCTX-M; blaEC; dfrA17; emrD; gyrA_D87N; gyrA_S83L; mdtM; mph(A); mrx(A); parC_E84V; parC_S80I; parE_I529L; ptsI_V25I; sul1; sul2; tet(A); uhpT_E350Q
562.140912,RESISTANT,,RESISTANT,susceptible,RESISTANT,aadA5; acrF; ampC_T-32A; aph(3'')-Ib; aph(6)-Id; blaCTX-M; blaEC; dfrA17; emrD; gyrA_D87N; gyrA_S83L; mdtM; mph(A); mrx(A); parC_E84V; parC_S80I; parE_I529L; ptsI_V25I; sul1; sul2; tet(A); uhpT_E350Q
562.140913,RESISTANT,,RESISTANT,susceptible,RESISTANT,aadA5; acrF; aph(3'')-Ib; aph(6)-Id; blaCTX-M; blaEC; dfrA17; emrD; gyrA_D87N; gyrA_S83L; mdtM; mph(A); mrx(A); parC_E84V; parC_S80I; parE_I529L; ptsI_V25I; sul1; sul2; tet(A); uhpT_E350Q
562.140914,RESISTANT,,RESISTANT,susceptible,RESISTANT,aadA5; acrF; ampC_T-32A; aph(3'')-Ib; aph(6)-Id; blaCTX-M; blaEC; dfrA17; emrD; gyrA_D87N; gyrA_S83L; mdtM; mph(A); mrx(A); parC_E84V; parC_S80I; parE_I529L; ptsI_V25I; sul1; sul2; tet(A); uhpT_E350Q
562.140915,RESISTANT,,RESISTANT,susceptible,RESISTANT,aadA5; acrF; ampC_T-32A; aph(3'')-Ib; aph(6)-Id; blaCTX-M; blaEC; dfrA17; emrD; gyrA_D87N; gyrA_S83L; marR_N22RfsTer4; mdtM; mph(A); mrx(A); parC_E84V; parC_S80I; parE_I529L; ptsI_V25I; sul1; sul2; tet(A); uhpT_E350Q
562.140918,RESISTANT,,RESISTANT,susceptible,susceptible,acrF; ampC_T-32A; blaCTX-M; blaEC; emrD; gyrA_D87N; gyrA_S83L; mdtM; parC_E84V; parC_S80I; parE_I529L; ptsI_V25I; uhpT_E350Q
562.140919,RESISTANT,,RESISTANT,susceptible,RESISTANT,aadA5; acrF; blaCTX-M-15; blaEC; blaTEM-1; cirA_L343NfsTer5; cyaA_S352T; dfrA17; emrD; gyrA_D87N; gyrA_S83L; mph(A); mrx(A); parC_E84G; parC_S80I; sul1; sul2
562.140964,RESISTANT,,susceptible,susceptible,susceptible,acrF; blaCMY-2; blaEC; emrD; tet(A)
562.144150,RESISTANT,RESISTANT,,susceptible,,aadA1; aadA5; acrF; aph(3'')-Ib; aph(6)-Id; blaEC; blaKPC-2; blaOXA; blaTEM-1; catA1; dfrA1; dfrA17; dfrA36; floR; gyrA_D87N; gyrA_S83L; mdtM; parC_S80I; sul1; sul2; tet(B)
562.144151,RESISTANT,susceptible,,susceptible,,acrF; blaEC; blaOXA-48; emrD; parC_S57T; parE_I355T; uhpT_E350Q
562.144155,RESISTANT,susceptible,,susceptible,,acrF; blaEC; blaOXA-48; blaTEM-1; blaTEMp_C32T; cirA_V279PfsTer14; gyrA_D87N; gyrA_S83L; mdtM; parC_S80I
562.144156,RESISTANT,RESISTANT,,susceptible,,acrF; blaEC; blaOXA-48; mdtM
562.144157,RESISTANT,RESISTANT,,RESISTANT,,aac(3)-IId; aadA5; acrF; blaCTX-M-24; blaEC; blaOXA-48; blaTEM-1; cyaA_S352T; dfrA17; emrD; gyrA_S83L; mph(A); mrx(A); sul1
562.144158,RESISTANT,susceptible,,susceptible,,acrF; blaEC; blaOXA-48; mdtM
562.144160,RESISTANT,RESISTANT,,susceptible,,aadA2; acrF; aph(3'')-Ib; aph(6)-Id; blaCTX-M-14; blaEC; blaOXA-48; cyaA_S352T; dfrA12; emrD; erm(B); gyrA_D87Y; gyrA_S83L; mph(A); mrx(A); parC_S80I; parE_S458A; sul1; sul2
562.144161,RESISTANT,RESISTANT,,RESISTANT,,aadA2; aadA5; acrF; acrR_V29YfsTer44; blaCMY-42; blaEC; blaNDM-5; blaTEM-1; ble; cirA_S90YfsTer15; dfrA12; dfrA17; ftsI_N337NYRIN; gyrA_D87N; gyrA_S83L; mdtM; mph(A); mrx(A); parC_S80I; parE_S458A; rmtB1; sul1; tet(A); uhpT_Q459Ter
562.144162,RESISTANT,susceptible,,susceptible,,acrF; blaEC; blaOXA-48; emrD; gyrA_D87N; gyrA_S83L; mdtM; ompF_A273RfsTer5; parC_E84V; parC_S80I; parE_I529L; ptsI_V25I; uhpT_E350Q
562.144163,RESISTANT,RESISTANT,,RESISTANT,,aac(3)-IIe; aac(6')-Ib-cr5; acrF; blaCTX-M-15; blaEC; blaOXA-1; blaOXA-48; catB3; emrD; gyrA_D87N; gyrA_S83L; mdtM; parC_E84V; parC_S80I; parE_I529L; ptsI_V25I; uhpT_E350Q
562.144164,RESISTANT,RESISTANT,,susceptible,,acrF; blaDHA-1; blaEC; blaOXA-48; dfrA17; gyrA_D87N; gyrA_S83L; mdtM; mph(A); mrx(A); parC_S80I; parE_S458A; qnrB4; sul1
562.144165,RESISTANT,susceptible,,susceptible,,acrF; blaEC; blaOXA-48; emrD; marR_S3N
562.144166,RESISTANT,RESISTANT,,susceptible,,aac(3)-IId; aadA5; acrF; blaCTX-M-24; blaEC; blaOXA-48; blaTEM-1; cyaA_S352T; dfrA17; emrD; gyrA_S83L; mph(A); mrx(A); sul1
562.144167,RESISTANT,RESISTANT,,susceptible,,acrF; aph(3'')-Ib; aph(6)-Id; blaCTX-M-3; blaEC; blaOXA-244; cyaA_S352T; dfrA14; emrD; mdtM; qnrS1; sul2; uhpT_E350Q
562.144168,RESISTANT,RESISTANT,,RESISTANT,,aac(3)-IIe; aac(6')-Ib-cr5; acrF; blaCTX-M-15; blaEC; blaOXA-1; blaOXA-48; catB3; emrD; gyrA_D87N; gyrA_S83L; mdtM; parC_E84V; parC_S80I; parE_I529L; ptsI_V25I; uhpT_E350Q
562.144171,RESISTANT,susceptible,,susceptible,,aadA1; acrF; blaEC; blaOXA-48; blaTEM-1; cyaA_S352T; dfrA1; emrD; gyrA_S83L; sul2
562.144172,RESISTANT,susceptible,,susceptible,,aadA5; acrF; acrR_A20LfsTer53; aph(3'')-Ib; aph(6)-Id; blaEC; blaOXA-48; blaTEM-1; catA1; cyaA_S352T; dfrA17; emrD; gyrA_S83L; mdtM; parC_E84G; pmrB_V161G; sul1; sul2
562.144173,RESISTANT,susceptible,,susceptible,,aadA1; acrF; aph(3'')-Ib; aph(6)-Id; blaEC; blaOXA-48; blaTEM-1; dfrA1; mdtM; sul1; sul2; tet(A)
562.144174,RESISTANT,susceptible,,susceptible,,acrF; blaEC; blaOXA-48; emrD
562.144175,RESISTANT,susceptible,,susceptible,,acrF; blaEC; blaOXA-48; mdtM; rpoB_H526Y
562.144177,RESISTANT,RESISTANT,,susceptible,,acrF; blaEC; blaOXA-48; fosA7.5; mdtM
562.144178,RESISTANT,RESISTANT,,susceptible,,acrF; blaEC; blaOXA-48; blaTEM-1; emrD; gyrA_S83L; mdtM; parE_I529L; ptsI_V25I; uhpT_E350Q
562.144182,RESISTANT,RESISTANT,,RESISTANT,,aac(3)-IId; acrF; armA; blaEC; blaNDM-1; blaTEM-1; ble; mdtM; mph(E); msr(E)
562.144183,RESISTANT,RESISTANT,,susceptible,,acrF; blaEC; blaOXA-48; emrD; marR_S3N
562.144185,RESISTANT,RESISTANT,,susceptible,,acrF; blaEC; blaOXA-48; emrD; uhpT_E350Q
562.144186,RESISTANT,RESISTANT,,susceptible,,acrF; blaEC; blaKPC-2; mdtM
562.144187,RESISTANT,RESISTANT,,susceptible,,acrF; blaEC; blaOXA-48; cyaA_S352T; emrD; mdtM
562.144188,RESISTANT,RESISTANT,,susceptible,,acrF; blaEC; blaOXA-48; cyaA_S352T; emrD; mdtM; uhpT_E350Q
562.144190,RESISTANT,RESISTANT,,susceptible,,acrF; aph(3'')-Ib; aph(6)-Id; blaEC; blaOXA-48; blaTEM-1; cirA_V471GfsTer1; emrD; sul2; tet(A)
562.144191,RESISTANT,susceptible,,susceptible,,acrF; blaEC; blaOXA-48; emrD
562.144193,RESISTANT,susceptible,,susceptible,,aadA5; acrF; aph(3'')-Ib; aph(6)-Id; blaEC; blaOXA-48; blaTEM-1; blaTEMp_C32T; dfrA17; emrD; gyrA_D87N; gyrA_S83L; mdtM; mph(A); mrx(A); parC_E84V; parC_S80I; parE_I529L; ptsI_V25I; sul1; sul2; tet(A); uhpT_E350Q
562.144194,RESISTANT,susceptible,,susceptible,,acrF; aph(3'')-Ib; aph(3')-Ia; aph(6)-Id; blaEC; blaOXA-48; blaTEM-1; dfrA5; mdtM; sul2; tet(A)
562.144195,RESISTANT,RESISTANT,,susceptible,,aadA2; acrF; ant(2'')-Ia; blaCTX-M-9; blaEC; blaOXA-48; catA1; dfrA16; mcr-9.1; mdtM; qnrA1; sul1
562.144196,RESISTANT,RESISTANT,,susceptible,,acrF; ampC_T-32A; aph(3')-VI; blaCTX-M-15; blaEC; blaNDM-1; ble; emrD; gyrA_S83L; qnrS1
562.144198,RESISTANT,susceptible,,susceptible,,acrF; blaEC; blaOXA-48; mdtM
562.144199,RESISTANT,susceptible,,susceptible,,acrF; blaEC; blaOXA-48; blaTEM-1; cyaA_S352T; dfrA1; emrD; folP_P64S; mdtM; parC_S57T; sul2; uhpT_E350Q
562.144200,RESISTANT,susceptible,,susceptible,,acrF; blaEC; blaOXA-48; dfrA36; floR; mdtM; sul2
562.144202,RESISTANT,susceptible,,susceptible,,acrF; aph(3'')-Ib; aph(6)-Id; blaEC; blaOXA-48; blaTEM-1; dfrA14; mdtM; sul2
562.144204,RESISTANT,RESISTANT,,RESISTANT,,aac(3)-IId; aadA5; acrF; blaCTX-M-24; blaEC; blaOXA-48; blaTEM-1; cyaA_S352T; dfrA17; emrD; gyrA_S83L; mph(A); mrx(A); sul1
562.144205,RESISTANT,RESISTANT,,susceptible,,acrF; blaEC; blaOXA-48; emrD; uhpT_E350Q
562.144206,RESISTANT,susceptible,,susceptible,,acrF; blaEC; blaOXA-48; emrD; marR_S3N
562.144209,RESISTANT,RESISTANT,,susceptible,,acrF; blaCTX-M-14; blaEC; blaOXA-48; emrD; gyrA_D87N; gyrA_S83L; mdtM; parC_E84V; parC_S80I; parE_I529L; ptsI_V25I; uhpT_E350Q
562.144211,RESISTANT,RESISTANT,,susceptible,,aadA1; acrF; aph(3'')-Ib; aph(3')-Ia; aph(6)-Id; blaCTX-M-14; blaEC; blaOXA-244; blaTEM-1; cirA_Q56Ter; cyaA_S352T; dfrA1; emrD; nfsA_Q113Ter; sat2; sul2
562.144212,RESISTANT,RESISTANT,,RESISTANT,,aac(3)-IId; aac(3)-IVa; aac(6')-Ib-cr5; aadA22; aadA5; acrF; aph(3'')-Ib; aph(4)-Ia; aph(6)-Id; blaCTX-M-15; blaEC; blaNDM-5; blaOXA-1; blaTEM-1; ble; catB3; dfrA17; floR; ftsI_N337NYRIN; gyrA_D87N; gyrA_S83L; lnu(F); mdtM; mph(A); mrx(A); nfsA_G126R; parC_S80I; parE_S458A; sul1; sul2; tet(A); tet(B)
562.144213,RESISTANT,RESISTANT,,RESISTANT,,aac(3)-IId; aadA5; acrF; aph(3'')-Ib; aph(6)-Id; blaEC; blaKPC-2; blaTEM-1; dfrA17; emrD; gyrA_S83L; mdtM; mph(A); mrx(A); parE_I529L; parE_S458A; ptsI_V25I; sul1; sul2; tet(A); uhpT_E350Q
562.144214,RESISTANT,RESISTANT,,susceptible,,acrF; blaEC; blaOXA-48; cyaA_S352T; emrD; mdtM
562.144215,RESISTANT,susceptible,,susceptible,,acrF; aph(3'')-Ib; aph(6)-Id; blaEC; blaOXA-48; blaTEM-1; cyaA_S352T; dfrA7; emrD; sul1; sul2; tet(A)
562.144216,RESISTANT,RESISTANT,,susceptible,,acrF; blaEC; blaKPC-2; blaTEM-1; emrD; uhpT_E350Q
562.144217,RESISTANT,susceptible,,susceptible,,acrF; aph(3'')-Ib; aph(6)-Id; blaEC; blaOXA-48; blaTEM-1; floR; mdtM; sul2; tet(A)
562.144218,RESISTANT,RESISTANT,,RESISTANT,,aac(3)-IId; aac(6')-Ib-cr5; aadA5; acrF; aph(3'')-Ib; aph(6)-Id; blaCMY-42; blaEC; blaNDM-1; blaTEM-1; ble; dfrA17; ftsI_N337NYRIN; gyrA_D87N; gyrA_S83L; mdtM; mph(A); mrx(A); parC_S80I; parE_S458A; qnrB1; sul1; sul2; tet(B)
562.144219,RESISTANT,RESISTANT,,RESISTANT,,aac(6')-Ib; acrF; arr-2; blaEC; blaNDM-1; blaTEM; ble; catB; dfrA15; emrD; gyrA_D87N; gyrA_S83L; mdtM; parC_E84V; parC_S80I; parE_I529L; ptsI_V25I; qnrB1; rmtF1; sul1; tet(A); uhpT_E350Q
562.144221,RESISTANT,RESISTANT,,susceptible,,acrF; blaEC; blaKPC-2; blaOXA; blaTEM-1; emrD; parC_S57T; parE_I355T; uhpT_E350Q
562.144222,susceptible,susceptible,,susceptible,,acrF; blaEC; blaOXA-48; cyaA_S352T; emrD; mdtM
562.144223,RESISTANT,RESISTANT,,susceptible,,acrF; aph(3'')-Ib; aph(6)-Id; blaEC; blaOXA-48; blaTEM-1; dfrA5; emrD; mdtM; sul2; tet(A); uhpT_E350Q
562.144224,RESISTANT,RESISTANT,,susceptible,,acrF; blaEC; blaOXA-48; blaTEM-32; cyaA_S352T; emrD; mdtM
562.144225,RESISTANT,RESISTANT,,susceptible,,aac(6')-Ib'; acrF; blaCMY-2; blaEC; blaVIM-1; mdtM; sul1
562.144227,RESISTANT,RESISTANT,,susceptible,,acrF; blaEC; blaOXA-48; emrD; mdtM; uhpT_E350Q
562.144228,RESISTANT,susceptible,,susceptible,,acrF; blaEC; blaOXA-48; mdtM
562.144230,RESISTANT,RESISTANT,,susceptible,,acrF; blaEC; blaOXA-48; emrD; parE_I529L; uhpT_E350Q
562.144231,RESISTANT,susceptible,,susceptible,,acrF; blaEC; blaOXA-48; mdtM
562.144232,RESISTANT,RESISTANT,,susceptible,,acrF; blaEC; blaOXA-48; emrD
562.144233,RESISTANT,susceptible,,susceptible,,acrF; blaEC; blaOXA-48; dfrA36; floR; mdtM; sul2
562.144234,RESISTANT,RESISTANT,,susceptible,,acrF; blaEC; blaKPC-2; mdtM; uhpT_E239RfsTer14
562.144235,RESISTANT,susceptible,,susceptible,,acrF; blaEC; blaOXA-48; mdtM; uhpT_E239RfsTer14
562.144236,RESISTANT,RESISTANT,,RESISTANT,,aac(3)-IIe; aac(6')-Ib; aac(6')-Ib-cr5; aadA5; acrF; blaCTX-M-15; blaEC; blaKPC-2; blaOXA-1; catB3; dfrA17; emrD; gyrA_D87N; gyrA_S83L; mdtM; mph(A); mrx(A); parC_E84V; parC_S80I; parE_I529L; ptsI_V25I; rpoB_Q513L; sul1; tet(A); uhpT_E350Q
562.144237,RESISTANT,RESISTANT,,susceptible,,acrF; aph(3'')-Ib; aph(6)-Id; blaEC; blaOXA-48; blaTEM-1; cyaA_S352T; emrD; mdtM; parC_S57T; sul2; uhpT_E350Q
562.144238,RESISTANT,susceptible,,susceptible,,acrF; blaEC; blaOXA-48; blaTEM-1; floR; gyrA_D87N; gyrA_S83L; mdtM; parC_S80I; tet(A)
562.144239,RESISTANT,RESISTANT,,RESISTANT,,aac(6')-Ib-cr5; aadA2; acrF; acrR_V29YfsTer44; aph(3'')-Ib; aph(6)-Id; blaCMY-2; blaCTX-M-15; blaEC; blaNDM-5; blaOXA-1; blaTEM-1; ble; catB3; dfrA12; dfrA14; ftsI_I336IKYRI; gyrA_D87N; gyrA_S83L; mdtM; mph(A); mrx(A); parC_S80I; parE_S458A; rmtB1; sul1; sul2
562.144240,RESISTANT,susceptible,,susceptible,,aadA1; acrF; acrR_T32RfsTer37; aph(3')-Ia; blaEC; blaOXA-48; blaTEM-39; blaTEMp_G162T; catA1; dfrA1; gyrA_D87Y; gyrA_S83L; mdtM; mph(B); nfsA_Q44Ter; ompF_Y161VfsTer5; parC_S80W; rdmCL; sul1; tet(A)
562.144241,RESISTANT,RESISTANT,,susceptible,,acrF; blaEC; blaOXA-48; cyaA_S352T; emrD; mdtM
562.144242,RESISTANT,susceptible,,susceptible,,acrF; blaEC-5; blaOXA-48; emrD; mdtM
562.144243,RESISTANT,susceptible,,RESISTANT,,aac(3)-IVa; aadA1; aadA2; acrF; aph(3'')-Ib; aph(3')-Ia; aph(4)-Ia; aph(6)-Id; blaEC; blaOXA-48; blaTEM-1; dfrA1; emrD; floR; gyrA_S83L; lnu(F); mcr-1.1; parE_I529L; ptsI_V25I; sul1; tet(A); uhpT_E350Q
562.144244,RESISTANT,RESISTANT,,RESISTANT,,aac(3)-IId; aadA5; acrF; aph(3'')-Ib; aph(6)-Id; blaCMY-2; blaEC; blaOXA-181; blaTEM-1; dfrA17; ftsI_N337NYRIN; gyrA_D87N; gyrA_S83L; mdtM; mph(A); mrx(A); ompC_R195L; parC_S80I; parE_S458A; qnrS1; sul1; sul2; tet(B)
562.144246,RESISTANT,RESISTANT,,susceptible,,aadA1; acrF; blaEC; blaOXA-48; blaTEM-1; dfrA1; emrD; gyrA_S83L; mdtM; nfsA_D210IfsTer46; sat2
562.144247,RESISTANT,RESISTANT,,susceptible,,aac(6')-Ib-cr5; acrF; arr-3; blaEC; blaKPC-2; blaOXA; blaOXA-1; blaTEM-1; catB3; mdtM; sul1; tet(A)
562.144248,RESISTANT,RESISTANT,,susceptible,,acrF; blaEC; blaKPC-2; emrD; gyrA_D87N; marR_S3N
562.144249,RESISTANT,RESISTANT,,susceptible,,aadA2; acrF; acrR_L109YfsTer28; blaCTX-M-15; blaEC; blaOXA-48; catA1; cyaA_S352T; dfrA12; emrD; gyrA_D87N; gyrA_S83L; mdtM; mph(A); mrx(A); ompF_I200AfsTer12; parC_S80I; sul1; tet(B)
562.144250,RESISTANT,RESISTANT,,susceptible,,aadA1; acrF; aph(3'')-Ib; aph(6)-Id; blaCTX-M-14; blaEC; blaOXA-48; blaTEM-1; catA1; cyaA_S352T; dfrA1; emrD; nfsA_Q113Ter; ompF_G41IfsTer7; sat2; sul2; tet(D)
562.144252,RESISTANT,susceptible,,susceptible,,aadA1; acrF; blaEC; blaOXA-48; blaTEM-1; blaTEMp_C32T; cirA_V279PfsTer14; dfrA1; gyrA_D87N; gyrA_S83L; marR_H19LfsTer41; mdtM; parC_S80I; parE_E460K; sat2
562.144253,RESISTANT,RESISTANT,,susceptible,,aac(6')-Ib-cr5; aadA1; aadA2; acrF; acrR_V29YfsTer44; blaCTX-M-15; blaEC; blaOXA-1; blaOXA-181; catB3; dfrA1; dfrA12; gyrA_D87N; gyrA_S83L; mdtM; mph(A); mrx(A); parC_S80I; parE_S458A; qnrS1; sat2; sul1; tet(B)
562.144254,RESISTANT,RESISTANT,,susceptible,,aadA5; acrF; aph(3'')-Ib; aph(3')-Ia; aph(6)-Id; blaEC; blaKPC-2; blaTEM-1; catA1; dfrA17; gyrA_D87N; gyrA_S83L; mdtM; mph(A); mrx(A); parC_A56T; parC_E84K; parC_S80I; sul1; sul2; tet(B)
562.144255,RESISTANT,RESISTANT,,susceptible,,aadA5; acrF; blaCTX-M-24; blaEC; blaOXA-48; blaTEM-1; cyaA_S352T; dfrA17; emrD; gyrA_D87N; gyrA_S83L; mdtM; mph(A); mrx(A); parC_E84G; parC_S80I; parE_I355T; sul1; tet(B); uhpT_E350Q
562.144256,RESISTANT,susceptible,,susceptible,,aadA5; acrF; aph(3'')-Ib; aph(6)-Id; blaEC; blaOXA-48; blaTEM-1; dfrA17; fosA7.5; gyrA_D87N; gyrA_S83L; mdtM; mph(A); mrx(A); parC_S80I; sul1; sul2; tet(A)
562.144257,RESISTANT,RESISTANT,,susceptible,,acrF; aph(3'')-Ib; aph(6)-Id; blaEC; blaOXA-48; blaTEM; cyaA_S352T; dfrA14; emrD; gyrA_S83L; mdtM; parC_S80I; sul2; tet(A)
562.144259,RESISTANT,RESISTANT,,susceptible,,acrF; blaEC; blaOXA-48; blaTEM-1; dfrA17; emrD; marR_S3N; tet(A)
562.144260,RESISTANT,RESISTANT,,susceptible,,acrF; blaEC-5; blaOXA-48; emrD
562.144263,RESISTANT,RESISTANT,,susceptible,,aadA5; acrF; aph(3'')-Ib; aph(6)-Id; blaCTX-M-14; blaEC; blaOXA-48; dfrA17; emrD; gyrA_D87N; gyrA_S83L; mdtM; mph(A); mrx(A); parC_E84V; parC_S80I; parE_I529L; ptsI_V25I; sul1; sul2; tet(A); uhpT_E350Q
562.144265,RESISTANT,RESISTANT,,RESISTANT,,aac(3)-IId; aac(6')-Ib-cr5; aadA5; acrF; aph(3'')-Ib; aph(6)-Id; blaCMY-2; blaCTX-M-15; blaEC; blaOXA-1; blaOXA-181; blaTEM-1; catB3; dfrA17; ftsI_N337NYRIN; gyrA_D87N; gyrA_S83L; mdtM; mph(A); mrx(A); ompC_R195L; parC_S80I; parE_S458A; qnrS1; sul1; sul2; tet(B)
562.144268,RESISTANT,susceptible,,susceptible,,aac(3)-IId; aadA2; acrF; blaEC; blaOXA-48; blaTEM-1; catA1; dfrA12; mdtM; mph(A); mrx(A); sul1; sul2; tet(A)
562.144269,RESISTANT,susceptible,,susceptible,,acrF; blaEC; blaOXA-48; mdtM
562.144273,RESISTANT,RESISTANT,,RESISTANT,,aac(6')-Il; aadA1; acrF; ant(2'')-Ia; aph(3'')-Ib; aph(6)-Id; blaCMY-4; blaCTX-M-15; blaEC; blaTEM-1; blaVIM-4; cmlA5; dfrA1; dfrA14; floR; mdtM; mph(A); mrx(A); sul2; tet(A); tet(B)
562.144274,RESISTANT,RESISTANT,,susceptible,,aadA5; acrF; aph(3'')-Ib; aph(6)-Id; blaCTX-M-14; blaEC; blaOXA-48; dfrA17; emrD; gyrA_D87N; gyrA_S83L; mdtM; mph(A); mrx(A); parC_E84V; parC_S80I; parE_I529L; ptsI_V25I; sul1; sul2; tet(A); uhpT_E350Q
562.144278,RESISTANT,susceptible,,susceptible,,aadA1; acrF; aph(3'')-Ib; aph(6)-Id; blaEC; blaOXA-48; blaTEM-1; blaTEMp_C32T; catA1; emrD; marR_S3N; sul1; sul2; tet(A)
562.144281,RESISTANT,RESISTANT,,susceptible,,aadA1; acrF; aph(3'')-Ib; aph(6)-Id; blaEC; blaOXA-48; blaSHV-49; blaTEM-1; dfrA1; emrD; mdtM; sat2; sul1; sul2; tet(D)
562.144282,RESISTANT,susceptible,,susceptible,,aadA1; acrF; blaEC; blaOXA-48; blaTEM-1; dfrA1; emrD; mdtM; sat2
562.144283,RESISTANT,RESISTANT,,RESISTANT,,aac(3)-IIe; aac(6')-Ib-cr5; acrF; blaCTX-M-15; blaEC; blaOXA-1; blaOXA-48; catB3; emrD; gyrA_D87N; gyrA_S83L; mdtM; parC_E84V; parC_S80I; parE_I529L; ptsI_V25I; uhpT_E350Q
562.144284,RESISTANT,RESISTANT,,susceptible,,acrF; blaEC; blaKPC-2; blaOXA; blaTEM-1; emrD; marR_S3N; mdtM
562.144286,RESISTANT,RESISTANT,,susceptible,,aadA1; acrF; aph(3'')-Ib; aph(6)-Id; blaEC; blaNDM-5; blaSHV-12; blaTEM-1; ble; dfrA1; emrD; gyrA_S83L; mdtM; sat2; sul2; tet(B)
562.144287,RESISTANT,susceptible,,RESISTANT,,aadA1; acrF; ant(2'')-Ia; blaEC; blaOXA-48; catA1; dfrA36; floR; gyrA_D87N; gyrA_S83L; mdtM; ompF_W83VfsTer92; parC_S80I; parE_S458A; sul1; sul2; tet(B)
562.144288,RESISTANT,susceptible,,susceptible,,acrF; blaEC; blaOXA-48; mdtM
562.144289,RESISTANT,RESISTANT,,susceptible,,aadA5; acrF; aph(3'')-Ib; aph(6)-Id; blaCTX-M-14; blaEC; blaOXA-48; dfrA17; emrD; gyrA_D87N; gyrA_S83L; mdtM; mph(A); mrx(A); parC_E84V; parC_S80I; parE_I529L; ptsI_V25I; sul1; sul2; tet(A); uhpT_E350Q
562.144290,RESISTANT,susceptible,,susceptible,,acrF; blaEC-5; blaOXA-48; emrD; gyrA_D87N; gyrA_S83L; marR_S3N; parC_S80I; parE_L416F; uhpT_E350Q
562.144291,RESISTANT,RESISTANT,,RESISTANT,,aac(6')-Ib-cr5; aadA2; aadA5; acrF; acrR_V29YfsTer44; aph(3'')-Ib; aph(3')-Ia; aph(6)-Id; armA; blaCMY-2; blaCTX-M-15; blaEC; blaOXA-1; blaOXA-244; blaTEM-1; catB3; cirA_S90YfsTer15; dfrA12; dfrA17; floR; ftsI_N337NYRIN; gyrA_D87N; gyrA_S83L; mdtM; mph(A); mph(E); mrx(A); msr(E); parC_S80I; parE_S458A; sul1; sul2; tet(A); tet(B)
562.144294,RESISTANT,RESISTANT,,susceptible,,aadA1; acrF; blaCMY-2; blaCTX-M-15; blaEC; blaOXA-181; blaTEM; dfrA1; gyrA_D87N; gyrA_S83L; mdtM; nfsA_N114MfsTer2; parC_E84V; parC_S80I; qnrS1; sul2; tet(B)
562.144295,RESISTANT,RESISTANT,,susceptible,,aadA1; acrF; aph(3'')-Ib; aph(6)-Id; blaCTX-M-14; blaEC; blaOXA-48; blaTEM-1; catA1; cyaA_S352T; dfrA1; emrD; nfsA_Q113Ter; ompF_G41IfsTer7; sat2; sul2; tet(D)
562.144296,RESISTANT,RESISTANT,,susceptible,,aadA5; acrF; blaCTX-M-24; blaEC; blaOXA-48; cyaA_S352T; dfrA17; emrD; gyrA_S83L; parE_S458L
562.144297,RESISTANT,RESISTANT,,RESISTANT,,aac(3)-IIe; aac(6')-Ib3; acrF; blaCMY-42; blaCTX-M-15; blaEC; blaNDM-1; blaOXA-1; ble; catB3; ftsI_I336IKYRI; gyrA_D87N; gyrA_S83L; mdtM; mph(A); mrx(A); parC_S80I; parE_S458A; rmtC; sul1; tet(A)
562.144298,RESISTANT,RESISTANT,,susceptible,,aadA1; acrF; blaEC; blaOXA-48; blaTEM-1; dfrA1; gyrA_S83L; lnu(G); mdtM; sul1; tet(A)
562.144299,RESISTANT,RESISTANT,,RESISTANT,,aac(3)-IId; aadA5; acrF; aph(3'')-Ib; aph(6)-Id; blaCTX-M-27; blaEC; blaOXA-48; blaTEM-30; dfrA17; emrD; gyrA_S83L; mdtM; mph(A); mrx(A); ompF_Q82LfsTer3; parE_I529L; ptsI_V25I; sul1; sul2; tet(A); uhpT_E350Q
562.144300,RESISTANT,susceptible,,RESISTANT,,aac(3)-IId; acrF; blaEC; blaOXA-48; blaTEM; blaTEMp_C32T; dfrA5; emrD; gyrA_D87N; gyrA_S83L; mdtM; parC_S80I; parE_L445H; ptsI_V25I; sul1; uhpT_E350Q
562.144301,RESISTANT,susceptible,,susceptible,,acrF; blaEC; blaOXA-48; mdtM
562.144302,RESISTANT,RESISTANT,,susceptible,,aadA1; acrF; acrR_V29YfsTer44; blaCMY-42; blaEC; blaNDM-5; blaOXA-1; blaTEM-1; ble; catA1; dfrA1; ftsI_N337NYRIN; gyrA_D87N; gyrA_S83L; mdtM; parC_S80I; parE_S458A; sat2; tet(B)
562.144303,RESISTANT,RESISTANT,,susceptible,,acrF; blaEC; blaOXA-48; cyaA_S352T; emrD; mdtM; parC_S57T; uhpT_E350Q
562.144304,RESISTANT,RESISTANT,,RESISTANT,,aadA2; aadA5; acrF; acrR_K80NfsTer9; blaCTX-M-15; blaEC; blaNDM-5; blaTEM-1; ble; cyaA_S352T; dfrA12; dfrA17; emrD; erm(B); ftsI_I336IKYRI; gyrA_D87N; gyrA_S83L; mph(A); mrx(A); parC_S80I; parE_S458A; rmtB1; sul1; tet(B)
562.144305,RESISTANT,RESISTANT,,RESISTANT,,aac(6')-Ib-cr5; aadA2; aadA5; acrF; acrR_V29YfsTer44; blaCTX-M-15; blaEC; blaNDM-5; blaOXA-1; blaTEM-1; ble; catB3; cirA_S90YfsTer15; dfrA12; dfrA17; ftsI_N337NYRIN; gyrA_D87N; gyrA_S83L; mdtM; mph(A); mrx(A); parC_S80I; parE_S458A; rmtB1; sul1
562.144306,RESISTANT,RESISTANT,,RESISTANT,,aac(3)-IId; aadA5; acrF; aph(3'')-Ib; aph(6)-Id; blaEC; blaOXA-48; blaTEM-1; catA1; cyaA_S352T; dfrA17; emrD; gyrA_S83A; mph(A); mrx(A); sul1; sul2; tet(D)
562.144307,RESISTANT,RESISTANT,,RESISTANT,,aac(3)-IId; aac(6')-Ib-cr5; aadA5; acrF; blaCTX-M-15; blaEC; blaOXA-1; blaOXA-181; catB3; dfrA17; ftsI_I336IKYRI; gyrA_D87N; gyrA_S83L; mdtM; mph(A); mrx(A); ompF_G141D; parC_S80I; parE_S458A; qnrS1; sul1; tet(B)
562.144308,RESISTANT,susceptible,,susceptible,,aadA5; acrF; aph(3'')-Ib; aph(6)-Id; blaEC; blaOXA-48; blaTEM-1; dfrA17; emrD; sul2; tet(B)
562.144310,RESISTANT,RESISTANT,,susceptible,,aadA1; aadA2; acrF; blaEC; blaOXA-48; blaTEM-1; cmlA1; estX-3; gyrA_D87N; gyrA_S83L; mdtM; parC_A108V; parC_S80I; sul3; tet(A)
562.144311,RESISTANT,RESISTANT,,RESISTANT,,aadA2; acrF; acrR_V29YfsTer44; blaCMY-42; blaEC; blaNDM-5; blaTEM-1; ble; cirA_S90YfsTer15; dfrA12; ftsI_N337NYRIN; gyrA_D87N; gyrA_S83L; mdtM; mph(A); mrx(A); parC_S80I; parE_S458A; rmtB1; sul1; tet(A)
562.144314,RESISTANT,RESISTANT,,susceptible,,aac(6')-Ib; aadA1; acrF; aph(3')-VI; blaCTX-M-15; blaEC; blaNDM-1; blaOXA-9; blaTEM-1; ble; mdtM; qnrS1; tet(A)
562.144315,RESISTANT,susceptible,,susceptible,,acrF; blaEC-5; blaOXA-48; emrD
562.144316,RESISTANT,RESISTANT,,susceptible,,acrF; blaEC; blaOXA-162; mdtM
562.144318,RESISTANT,RESISTANT,,susceptible,,aadA2; acrF; aph(3'')-Ib; aph(6)-Id; blaCTX-M-15; blaEC; blaNDM-5; ble; dfrA12; ftsI_I336IKYRI; gyrA_D87N; gyrA_S83L; mdtM; mph(A); mrx(A); nfsA_G126R; parC_S80I; parE_S458A; sul1; sul2
562.144319,RESISTANT,susceptible,,susceptible,,aadA1; acrF; aph(3'')-Ib; aph(6)-Id; blaEC; blaOXA-1; blaOXA-181; blaTEM-190; catA1; dfrA1; mdtM; mph(A); mrx(A); qnrS1; sat2; sul2; tet(B)
562.144320,RESISTANT,RESISTANT,,susceptible,,aadA2; acrF; acrR_L109YfsTer28; aph(3'')-Ib; aph(6)-Id; blaCTX-M-15; blaEC; blaOXA-48; blaTEM-1; catA1; cyaA_S352T; dfrA12; emrD; gyrA_D87N; gyrA_S83L; mdtM; mph(A); mrx(A); ompF_I200AfsTer12; parC_S80I; sul1; sul2; tet(B)
562.144321,RESISTANT,susceptible,,susceptible,,acrF; blaEC; blaOXA-48; dfrA5; mdtM; tet(A)
562.144322,RESISTANT,susceptible,,susceptible,,acrF; aph(3'')-Ib; aph(6)-Id; blaEC; blaOXA-48; blaTEM-1; dfrA5; gyrA_S83L; mdtM; sul2
562.144324,RESISTANT,RESISTANT,,RESISTANT,,aac(3)-IId; aac(6')-Ib-cr5; acrF; aph(3'')-Ib; aph(6)-Id; armA; blaCTX-M-15; blaDHA; blaEC; blaNDM-1; blaOXA-1; blaSHV-12; blaTEM-1; ble; catB3; dfrA14; dfrA5; ere(A); floR; gyrA_D87N; gyrA_S83L; mdtM; mph(A); mph(E); mrx(A); msr(E); nfsA_G126R; parC_S80I; parE_S458A; sul1; sul2; tet(A)
562.144325,RESISTANT,RESISTANT,,susceptible,,aadA1; acrF; aph(3'')-Ib; aph(6)-Id; blaCTX-M-14; blaEC; blaOXA-48; blaTEM-1; catA1; cyaA_S352T; dfrA1; emrD; nfsA_Q113Ter; ompF_G41IfsTer7; sat2; sul2; tet(D)
562.144326,RESISTANT,RESISTANT,,RESISTANT,,aac(3)-IId; aadA5; acrF; aph(3'')-Ib; aph(6)-Id; blaCMY-2; blaEC; blaOXA-181; blaTEM-1; dfrA17; ftsI_N337NYRIN; gyrA_D87N; gyrA_S83L; mdtM; ompC_R195L; parC_S80I; parE_S458A; qnrS1; sul1; sul2; tet(B)
562.144328,RESISTANT,RESISTANT,,susceptible,,aadA5; acrF; aph(3'')-Ib; aph(6)-Id; blaCTX-M-14; blaEC; blaOXA-48; dfrA17; emrD; gyrA_D87N; gyrA_S83L; mdtM; mph(A); mrx(A); parC_E84V; parC_S80I; parE_I529L; ptsI_V25I; sul1; sul2; tet(A); uhpT_E350Q
562.144329,RESISTANT,RESISTANT,,susceptible,,acrF; blaEC; blaOXA-48; blaTEM-135; gyrA_D87N; gyrA_S83L; mdtM; parC_S80I; parE_S458A; qnrS1; tet(A)
562.144330,RESISTANT,RESISTANT,,RESISTANT,,aac(3)-IId; aadA5; acrF; blaCTX-M-24; blaEC; blaOXA-48; blaTEM-1; cyaA_S352T; dfrA14; dfrA17; emrD; erm(B); gyrA_S83L; mph(A); mrx(A); sul1; tet(B)
562.144331,RESISTANT,RESISTANT,,susceptible,,acrF; blaEC; blaOXA-48; blaTEM-1; cyaA_S352T; emrD
562.144332,RESISTANT,RESISTANT,,susceptible,,aac(6')-Ib-cr5; aadA5; acrF; acrR_V29YfsTer44; blaCTX-M-15; blaEC; blaOXA-1; blaOXA-244; catB3; cirA_S90YfsTer15; dfrA17; ftsI_N337NYRIN; gyrA_D87N; gyrA_S83L; mdtM; mph(A); mrx(A); parC_S80I; parE_S458A; sul1; tet(A)
562.144333,RESISTANT,RESISTANT,,susceptible,,acrF; blaCTX-M-15; blaEC; blaOXA-244; dfrA14; erm(B); ftsI_N337NYRIN; gyrA_D87N; gyrA_S83L; mdtM; mph(A); mrx(A); parC_E84G; parC_S80I; tet(B)
562.144911,RESISTANT,,RESISTANT,,RESISTANT,aadA2; acrF; blaCTX-M-15; blaEC; blaNDM-5; blaTEM; ble; dfrA12; erm(B); mdtM; mph(A); mrx(A); qnrS1; rmtB1; sul1
562.144912,RESISTANT,,RESISTANT,,RESISTANT,aadA2; acrF; acrR_V29YfsTer44; blaCMY; blaEC; blaNDM-5; blaTEM-1; ble; cirA_S90YfsTer15; dfrA12; ftsI_N337NYRIN; gyrA_D87N; gyrA_S83L; mdtM; mph(A); mrx(A); parC_S80I; parE_S458A; rmtB1; sul1
562.144913,RESISTANT,,RESISTANT,,RESISTANT,aadA2; acrF; acrR_T5N; blaCTX-M-15; blaEC; blaNDM-4; blaOXA-181; blaSFO-1; blaTEM-1; ble; dfrA12; erm(B); ftsI_N337NYRIN; gyrA_D87N; gyrA_S83L; mdtM; mph(A); mrx(A); nfsA_Q195Ter; nfsB_F167LfsTer11; ompF_D34RfsTer1; parC_S80I; parE_E460D; qnrS1; rmtB1; sul1
562.144914,RESISTANT,,RESISTANT,,RESISTANT,aac(6')-Ib-cr5; aadA2; acrF; blaCTX-M-15; blaEC; blaNDM-5; blaOXA-1; blaTEM-1; ble; dfrA12; emrD; gyrA_D87N; gyrA_S83L; mdtM; nfsB_A27PfsTer68; parC_E84V; parC_S80I; parE_I529L; ptsI_V25I; rmtB1; sul1; uhpT_E350Q
562.144915,RESISTANT,,RESISTANT,,RESISTANT,aac(3)-IId; aac(6')-Ib-cr5; aadA1; aadA2; aadA5; acrF; arr-2; blaCMY-2; blaCTX-M-15; blaEC; blaNDM-5; blaOXA-1; blaTEM-1; ble; catB3; cmlA5; dfrA12; dfrA17; ere(A); ftsI_N337NYRIN; gyrA_D87N; gyrA_S83L; mdtM; mph(A); mrx(A); ompC_R195L; parC_S80I; parE_S458A; rmtB1; sul1; tet(B)
562.144916,RESISTANT,,RESISTANT,,RESISTANT,aadA2; acrF; acrR_V29YfsTer44; blaCMY-145; blaCTX-M-15; blaEC; blaNDM-4; blaOXA-181; blaSFO-1; blaTEM-1; ble; cirA_S90YfsTer15; dfrA12; ftsI_N337NYRIN; gyrA_D87N; gyrA_S83L; mdtM; mph(A); mrx(A); parC_S80I; parE_S458A; qnrS1; rmtB1; sul1
562.144917,RESISTANT,,RESISTANT,,RESISTANT,aadA2; acrF; blaCMY-42; blaEC; blaNDM-5; blaTEM-1; ble; cyaA_S352T; dfrA12; dfrA5; emrD; erm(B); ftsI_I336IKYRI; gyrA_D87N; gyrA_S83L; mph(A); mrx(A); ompF_Y253EfsTer3; parC_S80I; parE_S458A; rmtB1; sul1
562.144918,RESISTANT,,RESISTANT,,RESISTANT,aadA2; acrF; blaCMY-42; blaEC; blaNDM-5; blaTEM-1; ble; catA2; dfrA12; erm(B); ftsI_N337NYRIN; gyrA_D87N; gyrA_S83L; mdtM; mph(A); mrx(A); parC_S80I; parE_S458A; rmtB1; sul1
562.144919,RESISTANT,,RESISTANT,,RESISTANT,aadA1; aadA5; acrF; acrR_V29YfsTer44; aph(3'')-Ib; aph(6)-Id; arr-2; blaEC; blaNDM-5; blaTEM-1; ble; cirA_S90YfsTer15; cmlA5; dfrA17; ere(A); ftsI_N337NYRIN; gyrA_D87N; gyrA_S83L; mdtM; mph(A); mrx(A); parC_S80I; parE_S458A; rmtB1; sul1; sul2; tet(A)
562.144920,RESISTANT,,RESISTANT,,RESISTANT,aac(3)-IId; aac(6')-Ib-cr5; aadA5; acrF; acrR_T207RfsTer37; arr-2; blaCTX-M-15; blaEC; blaNDM-5; blaTEM-1; ble; cmlA5; dfrA17; ftsI_N337NYRIN; gyrA_D87N; gyrA_S83L; mdtM; mph(A); mrx(A); parC_S80I; parE_S458A; rmtB1; sul1; tet(B)
562.144921,RESISTANT,,RESISTANT,,RESISTANT,aadA2; acrF; blaCMY-42; blaEC; blaNDM-5; ble; cyaA_S352T; dfrA12; dfrA5; emrD; ftsI_I336IKYRI; gyrA_D87N; gyrA_S83L; mph(A); mrx(A); ompF_Y253EfsTer3; parC_S80I; parE_S458A; rmtB1; sul1
562.144922,RESISTANT,,RESISTANT,,RESISTANT,aadA2; acrF; blaCMY-42; blaEC; blaNDM-5; blaTEM-1; ble; dfrA12; ftsI_N337NYRIN; gyrA_D87N; gyrA_S83L; mdtM; mph(A); mrx(A); parC_S80I; parE_S458A; rmtB1; sul1
562.144923,RESISTANT,,RESISTANT,,RESISTANT,aadA2; acrF; blaCTX-M-15; blaEC; blaNDM-5; blaTEM-1; ble; dfrA12; ftsI_N337NYRIN; gyrA_D87N; gyrA_S83L; mdtM; parC_E84A; parC_S80I; rmtB1; soxS_A12S; sul1
562.144924,RESISTANT,,RESISTANT,,RESISTANT,aadA2; acrF; acrR_V29YfsTer44; blaCTX-M-55; blaEC; blaNDM-5; blaTEM; ble; cirA_S90YfsTer15; dfrA12; dfrA14; ftsI_N337NYRIN; gyrA_D87N; gyrA_S83L; mdtM; mph(A); mrx(A); parC_S80I; parE_S458A; qnrS1; rmtB1; sul1; tet(A)
562.144925,RESISTANT,,RESISTANT,,RESISTANT,aadA2; acrF; acrR_V29YfsTer44; blaCMY-145; blaEC; blaNDM-5; blaTEM-1; ble; cirA_S90YfsTer15; dfrA12; ftsI_N337NYRIN; gyrA_D87N; gyrA_S83L; mdtM; mph(A); mrx(A); parC_S80I; parE_S458A; rmtB1; sul1; tet(A)
562.144926,RESISTANT,,RESISTANT,,RESISTANT,aac(6')-Ib-cr5; aadA5; acrF; arr; blaCMY-42; blaEC; blaNDM-5; blaOXA-1; blaTEM-1; ble; catA1; catB3; cyaA_S352T; dfrA17; emrD; ftsI_I336IKYRI; gyrA_D87N; gyrA_S83L; mdtM; mph(A); mrx(A); parC_S80I; parE_S458A; rmtB1; sul1; tet(B)
562.144927,RESISTANT,,RESISTANT,,RESISTANT,aac(6')-Ib-cr5; aadA2; acrF; blaCMY-42; blaCTX-M-15; blaEC; blaNDM-5; blaOXA-1; blaTEM-1; ble; catB3; dfrA12; ftsI_N337NYRIN; gyrA_D87N; gyrA_S83L; mdtM; mph(A); mrx(A); ompF_Y128MfsTer45; parC_S80I; parE_S458A; rmtB1; sul1; tet(A)
562.144928,RESISTANT,,RESISTANT,,RESISTANT,aadA2; acrF; blaCMY-42; blaEC; blaNDM-5; blaTEM-1; ble; catA2; dfrA12; erm(B); ftsI_N337NYRIN; gyrA_D87N; gyrA_S83L; mdtM; mph(A); mrx(A); parC_S80I; parE_S458A; rmtB1; sul1
562.144929,RESISTANT,,RESISTANT,,susceptible,aac(6')-Ib-cr5; aadA1; acrF; acrR_P182RfsTer62; arr-2; blaCTX-M-15; blaEC; blaNDM-5; blaOXA-1; blaOXA-181; blaTEM-1; ble; catA1; catB3; cmlA5; ere(A); erm(B); ftsI_N337NYRIN; gyrA_D87N; gyrA_S83L; mdtM; mph(A); mrx(A); parC_S80I; parE_S458A; qnrS1; rmtB1; sul1; tet(B)
562.144930,RESISTANT,,RESISTANT,,RESISTANT,aadA2; acrF; acrR_V29YfsTer44; blaCMY-42; blaEC; blaNDM-5; blaTEM-1; ble; cirA_S90YfsTer15; dfrA12; erm(B); ftsI_N337NYRIN; gyrA_D87N; gyrA_S83L; mdtM; mph(A); mrx(A); parC_S80I; parE_S458A; rmtB1; sul1
562.144931,RESISTANT,,RESISTANT,,RESISTANT,aac(3)-IId; aac(6')-Ib-cr5; aadA5; acrF; acrR_T207RfsTer37; arr-2; blaCTX-M-15; blaEC; blaNDM-5; blaTEM-1; ble; cmlA5; dfrA17; ftsI_N337NYRIN; gyrA_D87N; gyrA_S83L; mdtM; mph(A); mrx(A); parC_S80I; parE_S458A; rmtB1; sul1; tet(B)
562.144932,RESISTANT,,RESISTANT,,RESISTANT,aac(3)-IId; aac(6')-Ib-cr5; aadA5; acrF; acrR_T207RfsTer37; arr-2; blaCMY-145; blaCTX-M-15; blaEC; blaNDM-5; blaTEM-1; ble; cmlA5; dfrA17; ftsI_N337NYRIN; gyrA_D87N; gyrA_S83L; mdtM; mph(A); mrx(A); parC_S80I; parE_S458A; rmtB1; sul1; tet(B)
562.144933,RESISTANT,,RESISTANT,,RESISTANT,aac(6')-Ib-cr5; aadA2; aadA5; acrF; blaCTX-M-15; blaEC; blaNDM-5; blaOXA; ble; cyaA_S352T; dfrA12; dfrA17; emrD; ftsI_I336IKYRI; gyrA_D87N; gyrA_S83L; mph(A); mrx(A); ompF_Y253EfsTer3; parC_S80I; parE_S458A; sul1; tet(B)
562.144934,RESISTANT,,RESISTANT,,susceptible,aadA2; acrF; blaCMY-42; blaEC; blaNDM-5; blaTEM; ble; cyaA_S352T; dfrA12; dfrA5; emrD; erm(B); ftsI_I336IKYRI; gyrA_D87N; gyrA_S83L; mph(A); mrx(A); ompF_Y253EfsTer3; parC_S80I; parE_S458A; rmtB1; sul1
562.144935,RESISTANT,,RESISTANT,,RESISTANT,aadA2; acrF; blaCMY-42; blaEC; blaNDM-5; blaTEM-1; ble; cyaA_S352T; dfrA12; dfrA5; emrD; ftsI_I336IKYRI; gyrA_D87N; gyrA_S83L; mph(A); mrx(A); ompF_Y253EfsTer3; parC_S80I; parE_S458A; rmtB1; sul1
562.144936,RESISTANT,,RESISTANT,,RESISTANT,aadA2; acrF; acrR_V29YfsTer44; blaCMY-145; blaCTX-M-15; blaEC; blaNDM-4; blaOXA-181; blaSFO-1; blaTEM-1; ble; cirA_S90YfsTer15; dfrA12; erm(B); ftsI_N337NYRIN; gyrA_D87N; gyrA_S83L; mdtM; mph(A); mrx(A); parC_S80I; parE_S458A; qnrS1; rmtB1; sul1
562.144937,RESISTANT,,RESISTANT,,RESISTANT,aadA2; acrF; acrR_V29YfsTer44; blaCMY-145; blaEC; blaNDM-5; blaTEM-1; ble; cirA_S90YfsTer15; dfrA12; erm(B); ftsI_N337NYRIN; gyrA_D87N; gyrA_S83L; mdtM; mph(A); mrx(A); parC_S80I; parE_S458A; rmtB1; sul1
562.144938,RESISTANT,,RESISTANT,,RESISTANT,aac(6')-Ib-cr5; aadA2; acrF; blaCTX-M-15; blaEC; blaNDM-5; blaOXA-1; blaTEM-1; ble; dfrA12; emrD; gyrA_D87N; gyrA_S83L; mdtM; nfsB_A27PfsTer68; parC_E84V; parC_S80I; parE_I529L; ptsI_V25I; rmtB1; sul1; uhpT_E350Q
562.144939,RESISTANT,,RESISTANT,,RESISTANT,aadA2; acrF; acrR_T5N; blaCTX-M-15; blaEC; blaNDM-4; blaOXA-181; blaSFO-1; blaTEM-1; ble; dfrA12; erm(B); ftsI_N337NYRIN; gyrA_D87N; gyrA_S83L; mdtM; mph(A); mrx(A); nfsA_Q195Ter; nfsB_F167LfsTer11; ompF_D34RfsTer1; parC_S80I; parE_E460D; qnrS1; rmtB1; sul1
562.144940,RESISTANT,,RESISTANT,,RESISTANT,aac(3)-IId; aac(6')-Ib-cr5; aadA1; aadA2; aadA5; acrF; arr-2; blaCMY-2; blaCTX-M-15; blaEC; blaNDM-5; blaOXA-1; blaTEM-1; ble; catB3; cmlA5; dfrA12; dfrA17; ere(A); ftsI_N337NYRIN; gyrA_D87N; gyrA_S83L; mdtM; mph(A); mrx(A); ompC_R195L; parC_S80I; parE_S458A; rmtB1; sul1; tet(B)
562.144941,RESISTANT,,RESISTANT,,RESISTANT,aadA2; acrF; blaEC; blaNDM-5; blaTEM-1; ble; cyaA_S352T; dfrA12; emrD; erm(B); ftsI_I336IKYRI; gyrA_D87N; gyrA_S83L; mph(A); mrx(A); ompF_Y253EfsTer3; parC_S80I; parE_S458A; rmtB1; sul1
562.144942,RESISTANT,,RESISTANT,,RESISTANT,aac(6')-Ib-cr5; aadA1; aadA2; acrF; armA; arr-2; blaCMY-42; blaCTX-M-15; blaEC; blaNDM-1; blaOXA-1; blaOXA-10; ble; catB3; cmlA5; dfrA12; ftsI_I336IKYRI; gyrA_D87N; gyrA_S83L; mdtM; mph(A); mph(E); mrx(A); msr(E); nfsA_W159Ter; parC_S80I; parE_S458A; qnrA1; sul1; tet(A)
562.144943,RESISTANT,,RESISTANT,,susceptible,aac(6')-Ib-cr5; aadA1; acrF; acrR_P182RfsTer62; arr-2; blaCTX-M-15; blaEC; blaNDM-5; blaOXA-1; blaTEM-1; ble; catA1; catB3; cmlA5; ere(A); erm(B); ftsI_N337NYRIN; gyrA_D87N; gyrA_S83L; mdtM; mph(A); mrx(A); parC_S80I; parE_S458A; rmtB1; sul1; tet(B)
562.144944,susceptible,susceptible,susceptible,susceptible,,acrF; blaEC; mdtM
562.144945,susceptible,susceptible,susceptible,susceptible,,acrF; blaEC; cyaA_S352T; emrD; mdtM
562.144946,susceptible,susceptible,susceptible,susceptible,,acrF; blaEC; cirA_D121GfsTer13; mdtM
562.144947,susceptible,susceptible,susceptible,susceptible,,blaEC; mdtM
562.144948,susceptible,susceptible,susceptible,susceptible,,acrF; aph(3'')-Ib; aph(6)-Id; blaEC; mdtM; sul2
562.144949,susceptible,susceptible,susceptible,susceptible,,blaEC; mdtM
562.144950,susceptible,susceptible,susceptible,susceptible,,acrF; blaEC; mdtM
562.144951,susceptible,susceptible,susceptible,susceptible,,acrF; blaEC; cyaA_S352T; emrD; mdtM; parE_I355T
562.144952,susceptible,susceptible,susceptible,susceptible,,aadA1; aadA2; acrF; aph(3')-IIa; blaEC; estX/sat2; gyrA_S83L; lnu(F); mcr-1.1; mdtM; sul3; tet(M)
562.144953,susceptible,susceptible,susceptible,susceptible,,acrF; blaEC; mdtM
562.144954,susceptible,susceptible,susceptible,susceptible,,acrF; blaEC; cirA_D121GfsTer13; mdtM
562.144955,susceptible,susceptible,susceptible,susceptible,,acrF; blaEC; mdtM
562.144956,susceptible,susceptible,susceptible,susceptible,,acrF; blaEC; mdtM
562.144957,susceptible,susceptible,susceptible,susceptible,,acrF; blaEC; cyaA_S352T; emrD; mdtM; parE_I355T
562.144958,susceptible,susceptible,susceptible,susceptible,,acrF; aph(3'')-Ib; aph(6)-Id; blaEC; emrD; mdtM; sul2; tet(B)
562.144959,susceptible,susceptible,susceptible,susceptible,,acrF; blaEC; mdtM; uhpT_E350Q
562.144960,susceptible,susceptible,susceptible,susceptible,,acrF; blaEC; mdtM
562.144961,susceptible,susceptible,susceptible,susceptible,,acrF; blaEC; mdtM
562.144962,susceptible,susceptible,susceptible,susceptible,,acrF; blaEC; emrD; mdtM
562.144963,susceptible,susceptible,susceptible,susceptible,,acrF; blaEC; mdtM
562.144964,susceptible,susceptible,susceptible,susceptible,,acrF; aph(3'')-Ib; aph(6)-Id; blaEC; mdtM; sul2; tet(B); uhpT_E350Q
562.144965,RESISTANT,susceptible,susceptible,RESISTANT,,aac(3)-IVa; aadA1; acrF; aph(3'')-Ib; aph(3')-Ia; aph(4)-Ia; aph(6)-Id; blaEC; dfrA1; mcr-1.1; mdtM; mph(B); nfsA_R15C; sul1; sul2; tet(A)
562.144966,susceptible,susceptible,susceptible,susceptible,,acrF; blaEC; mdtM
562.144967,susceptible,susceptible,susceptible,susceptible,,acrF; blaEC; cyaA_S352T; emrD; mdtM; parE_I355T
562.144968,susceptible,susceptible,susceptible,susceptible,,acrF; blaEC; mdtM
562.144969,susceptible,susceptible,susceptible,susceptible,,acrF; blaEC; mdtM
562.144970,susceptible,susceptible,susceptible,susceptible,,aadA1; aadA2; acrF; aph(3'')-Ib; aph(3')-IIa; aph(6)-Ic; aph(6)-Id; blaEC; ble; bleO; dfrA1; dfrA12; mcr-1.1; mdtM; sul1; sul2; tet(A)
562.144971,susceptible,susceptible,susceptible,susceptible,,acrF; blaEC; emrD; uhpT_E350Q
562.144972,susceptible,susceptible,susceptible,susceptible,,aadA1; acrF; aph(3'')-Ib; aph(3')-Ia; aph(6)-Id; blaEC; dfrA1; gyrA_S83L; mdtM; mph(B); rdmCL; sul1; sul2; tet(A)
562.144973,susceptible,susceptible,susceptible,susceptible,,acrF; blaEC; emrD; mdtM; parC_A56T
562.144974,susceptible,susceptible,susceptible,susceptible,,acrF; blaEC; cyaA_S352T; emrD; mdtM; parE_I355T
562.144975,susceptible,susceptible,susceptible,susceptible,,acrF; blaEC; mdtM
562.144976,susceptible,susceptible,susceptible,susceptible,,acrF; blaEC; cirA_D121GfsTer13; mdtM
562.144977,susceptible,susceptible,susceptible,susceptible,,acrF; blaEC; dfrA36; floR; mdtM; sul2
562.144978,susceptible,susceptible,susceptible,susceptible,,acrF; blaEC; emrD; mdtM
562.144979,susceptible,susceptible,susceptible,susceptible,,acrF; blaEC; mdtM
562.144980,susceptible,susceptible,susceptible,susceptible,,acrF; blaEC; mdtM
562.144981,susceptible,susceptible,susceptible,susceptible,,acrF; blaEC; emrD; mdtM
562.144982,susceptible,susceptible,susceptible,susceptible,,acrF; aph(3'')-Ib; aph(6)-Id; blaEC; emrD; mdtM; sul2; tet(B)
562.144983,susceptible,susceptible,susceptible,susceptible,,acrF; blaEC; mdtM
562.144984,susceptible,susceptible,susceptible,susceptible,,acrF; blaEC; mdtM
562.144985,susceptible,susceptible,susceptible,susceptible,,acrF; blaEC; emrD; mdtM; parC_A56T; tet(B)
562.144986,susceptible,susceptible,susceptible,susceptible,,acrF; blaEC; mdtM
562.144987,susceptible,susceptible,susceptible,susceptible,,acrF; blaEC; mdtM
562.144988,susceptible,susceptible,susceptible,susceptible,,acrF; blaEC; mdtM
562.144989,susceptible,susceptible,susceptible,susceptible,,acrF; blaEC; cyaA_S352T; emrD; mdtM; parE_I355T
562.144990,susceptible,susceptible,susceptible,susceptible,,acrF; blaEC; mdtM
562.144991,susceptible,susceptible,susceptible,susceptible,,acrF; blaEC; cyaA_S352T; emrD
562.144992,susceptible,susceptible,susceptible,susceptible,,acrF; blaEC; mdtM
562.144993,susceptible,susceptible,susceptible,susceptible,,acrF; blaEC; mdtM
562.144994,susceptible,susceptible,susceptible,susceptible,,acrF; blaEC; mdtM
562.144995,susceptible,susceptible,susceptible,susceptible,,acrF; blaEC; mdtM
562.144996,susceptible,susceptible,susceptible,susceptible,,acrF; blaEC; mdtM
562.144997,susceptible,susceptible,susceptible,susceptible,,acrF; blaEC; cirA_D121GfsTer13; mdtM
562.144998,susceptible,susceptible,susceptible,susceptible,,acrF; blaEC; cirA_G231Ter; mdtM
562.144999,susceptible,susceptible,susceptible,susceptible,,aadA1; acrF; blaEC; estX/sat2; mdtM; tet(A)
562.145000,susceptible,susceptible,susceptible,susceptible,,acrF; blaEC; mdtM
562.145001,susceptible,susceptible,susceptible,susceptible,,acrF; blaEC; mdtM
562.145002,susceptible,susceptible,susceptible,susceptible,,acrF; blaEC; cyaA_S352T; emrD; mdtM; parE_I355T
562.145003,susceptible,susceptible,susceptible,susceptible,,acrF; blaEC; mdtM
562.145004,susceptible,susceptible,susceptible,susceptible,,acrF; blaEC; emrD; mdtM
562.145005,susceptible,susceptible,susceptible,susceptible,,acrF; blaEC; mdtM
562.145006,RESISTANT,susceptible,susceptible,susceptible,,acrF; aph(3'')-Ib; aph(6)-Id; blaEC; blaTEM-1; gyrA_S83L; mdtM; tet(B)
562.145007,susceptible,susceptible,susceptible,susceptible,,acrF; blaEC; gyrA_D87Y; mdtM; tet(A)
562.145008,susceptible,susceptible,susceptible,susceptible,,acrF; blaEC; cyaA_S352T; mdtM
562.145009,susceptible,susceptible,susceptible,susceptible,,acrF; blaEC; mdtM
562.145010,susceptible,susceptible,susceptible,susceptible,,aadA1; aadA2; acrF; aph(3')-IIa; blaEC; estX/sat2; gyrA_S83L; lnu(F); mcr-1.1; mdtM; sul3; tet(M)
562.145011,susceptible,susceptible,susceptible,susceptible,,acrF; blaEC; cirA_D121GfsTer13; mdtM
562.145012,susceptible,susceptible,susceptible,susceptible,,aadA1; acrF; aph(3'')-Ib; aph(6)-Id; blaEC; dfrA1; floR; mdtM; qnrS1; sul1; sul2; tet(A)
562.145013,susceptible,susceptible,susceptible,susceptible,,aadA1; acrF; blaEC; mdtM; sat2
562.145014,susceptible,susceptible,susceptible,susceptible,,aadA1; acrF; blaEC; mdtM; sat2
562.145015,susceptible,susceptible,susceptible,susceptible,,acrF; blaEC; mdtM
562.145016,susceptible,susceptible,susceptible,susceptible,,acrF; blaEC; emrD; mdtM; parE_I355T
562.145017,RESISTANT,susceptible,susceptible,susceptible,,aadA1; acrF; aph(3'')-Ib; aph(6)-Id; blaEC; blaTEM-1; dfrA1; mdtM; mph(B); rdmCL; sul1; sul2; tet(A)
562.145018,susceptible,susceptible,susceptible,susceptible,,aadA1; aadA2; acrF; aph(3')-IIa; blaEC; estX/sat2; gyrA_S83L; lnu(F); mcr-1.1; mdtM; sul3; tet(M)
562.145019,susceptible,susceptible,susceptible,susceptible,,acrF; blaEC; emrD; mdtM
562.145020,susceptible,susceptible,susceptible,susceptible,,acrF; blaEC; mdtM
562.145021,susceptible,susceptible,susceptible,susceptible,,acrF; blaEC; mdtM
562.145022,susceptible,susceptible,susceptible,susceptible,,acrF; blaEC; mdtM
562.145023,susceptible,susceptible,susceptible,RESISTANT,,aac(3)-IVa; aadA1; acrF; aph(3'')-Ib; aph(4)-Ia; aph(6)-Id; blaEC; dfrA1; mcr-1.1; mdtM; sul3; tet(A)
562.145024,RESISTANT,susceptible,RESISTANT,susceptible,,acrF; blaEC; blaTEM-1; emrD; gyrA_D87N; gyrA_S83L; mdtM; parC_S80I
562.145025,susceptible,susceptible,susceptible,susceptible,,acrF; blaEC; mdtM
562.145026,susceptible,susceptible,susceptible,susceptible,,acrF; blaEC; blaTEM-1; mdtM; qnrS1; tet(B)
562.145027,susceptible,susceptible,susceptible,susceptible,,acrF; blaEC; emrD; mdtM
562.145028,susceptible,susceptible,susceptible,susceptible,,acrF; blaEC; mdtM
562.145029,susceptible,susceptible,susceptible,susceptible,,acrF; blaEC; cyaA_S352T; emrD; mdtM; parE_I355T
562.145030,susceptible,susceptible,susceptible,susceptible,,acrF; blaEC; mdtM
562.145031,susceptible,susceptible,susceptible,susceptible,,acrF; blaEC; mdtM
562.145032,susceptible,susceptible,susceptible,susceptible,,acrF; blaEC; emrD; marR_S3N
562.145033,susceptible,susceptible,susceptible,susceptible,,acrF; blaEC; mdtM
562.145034,susceptible,susceptible,susceptible,susceptible,,acrF; blaEC; cirA_D121GfsTer13; mdtM
562.145035,susceptible,susceptible,susceptible,susceptible,,acrF; blaEC; cirA_D121GfsTer13; mdtM
562.145036,susceptible,susceptible,susceptible,susceptible,,acrF; blaEC; emrD; parC_S57T; parE_I355T; uhpT_E350Q
562.145037,susceptible,susceptible,susceptible,susceptible,,aadA1; acrF; blaEC; emrD; estX-3; mdtM; parC_A56T; qnrB19; sul1; tet(A)
562.145038,susceptible,susceptible,susceptible,susceptible,,acrF; blaEC; mdtM
562.145039,susceptible,susceptible,susceptible,susceptible,,acrF; blaEC; mdtM; qnrB19
562.145040,susceptible,susceptible,susceptible,susceptible,,acrF; blaEC; cyaA_S352T; emrD; mdtM; parE_I355T
562.145041,susceptible,susceptible,susceptible,susceptible,,acrF; blaEC; mdtM
562.145042,susceptible,susceptible,susceptible,susceptible,,acrF; aph(3'')-Ib; aph(6)-Id; blaEC; mdtM
562.145043,susceptible,susceptible,susceptible,susceptible,,acrF; blaEC; mdtM
562.145044,susceptible,susceptible,susceptible,susceptible,,acrF; blaEC; mdtM
562.145045,RESISTANT,susceptible,susceptible,susceptible,,aadA2; acrF; blaEC; blaTEM; dfrA12; mdtM; nfsA_G131D; sul1; sul2; sul3; tet(A)
562.145046,susceptible,susceptible,susceptible,susceptible,,acrF; aph(3')-IIa; aph(6)-Ic; blaEC; ble; mdtM
562.145047,susceptible,susceptible,susceptible,susceptible,,acrF; blaEC; cirA_A415RfsTer32; mdtM
562.145048,susceptible,susceptible,susceptible,susceptible,,acrF; blaEC; mdtM
562.145049,susceptible,susceptible,susceptible,susceptible,,acrF; blaEC; mdtM
562.145050,susceptible,susceptible,susceptible,susceptible,,acrF; blaEC; cirA_D121GfsTer13; mdtM
562.145051,susceptible,susceptible,susceptible,susceptible,,acrF; blaEC; mdtM
562.145052,susceptible,susceptible,susceptible,susceptible,,acrF; blaEC; cirA_D121GfsTer13; mdtM
562.145053,susceptible,susceptible,susceptible,susceptible,,acrF; blaEC; mdtM
562.145054,susceptible,susceptible,susceptible,susceptible,,acrF; blaEC; cirA_D121GfsTer13; mdtM
562.145055,susceptible,susceptible,susceptible,susceptible,,acrF; blaEC; mdtM
562.145056,susceptible,susceptible,susceptible,susceptible,,acrF; blaEC; mdtM; ompF_Q88Ter
562.145057,susceptible,susceptible,susceptible,susceptible,,acrF; blaEC; mdtM
562.145058,susceptible,susceptible,susceptible,susceptible,,acrF; blaEC; uhpT_E350Q
562.145059,susceptible,susceptible,susceptible,susceptible,,acrF; blaEC; mdtM
562.145060,susceptible,susceptible,susceptible,susceptible,,acrF; blaEC; emrD; marR_S3N
562.145061,susceptible,susceptible,susceptible,susceptible,,aadA1; acrF; aph(3'')-Ib; aph(6)-Id; blaEC; dfrA1; mdtM; sul1; sul2; tet(A)
562.145062,susceptible,susceptible,susceptible,susceptible,,aadA37; acrF; blaDHA; blaEC; catA2; emrD; fosA13; mdtM; tet(D)
562.145063,susceptible,susceptible,susceptible,susceptible,,acrF; blaEC; emrD; mdtM
562.145064,susceptible,susceptible,susceptible,susceptible,,aadA1; acrF; blaEC; dfrA1; mdtM; nfsB_Y183Ter; sul1; tet(A)
562.145065,RESISTANT,susceptible,susceptible,susceptible,,acrF; aph(3'')-Ib; aph(6)-Id; blaEC; blaTEM-1; floR; mdtM; sul2
562.145066,susceptible,susceptible,susceptible,susceptible,,acrF; blaEC; emrD
562.145067,susceptible,susceptible,susceptible,susceptible,,acrF; blaEC; mdtM
562.145068,susceptible,susceptible,susceptible,susceptible,,acrF; blaEC; cirA_D121GfsTer13; mdtM
562.145069,susceptible,susceptible,susceptible,susceptible,,acrF; blaEC; mdtM; uhpT_E350Q
562.145070,RESISTANT,susceptible,RESISTANT,susceptible,,acrF; blaEC; blaTEM-1; emrD; gyrA_S83L; mdtM; nfsA_W77Ter; parC_S80R; qnrB19
562.145071,susceptible,susceptible,susceptible,susceptible,,acrF; blaEC; mdtM
562.145072,susceptible,susceptible,susceptible,susceptible,,acrF; blaEC; cirA_C19Ter; emrD; parE_D475E
562.145073,susceptible,susceptible,susceptible,susceptible,,acrF; blaEC; cirA_D121GfsTer13; mdtM
562.145074,susceptible,susceptible,susceptible,susceptible,,acrF; aph(3')-IIa; aph(6)-Ic; blaEC; ble; mdtM
562.145075,susceptible,susceptible,susceptible,susceptible,,acrF; blaEC; mdtM
562.145076,susceptible,susceptible,RESISTANT,susceptible,,aac(3)-IId; aac(3)-IIe; aadA1; aadA2; acrF; aph(3'')-Ib; aph(6)-Id; blaCTX-M-55; blaEC; blaTEM-1; catA1; cmlA1; dfrA12; emrD; estX-3; floR; gyrA_D87N; gyrA_S83L; lnu(F); mdtM; mph(A); mrx(A); parC_S80I; sul1; sul2; sul3; tet(A)
562.145077,susceptible,susceptible,susceptible,susceptible,,acrF; blaEC; mdtM
562.145078,susceptible,susceptible,susceptible,susceptible,,acrF; blaEC; cyaA_S352T; emrD; mdtM; uhpT_E350Q
562.145079,susceptible,susceptible,susceptible,susceptible,,blaEC; mdtM
562.145080,susceptible,susceptible,susceptible,susceptible,,acrF; blaEC; emrD; mdtM
562.145081,susceptible,susceptible,susceptible,susceptible,,acrF; blaEC; mdtM
562.145372,RESISTANT,,RESISTANT,,RESISTANT,aac(6')-Ib; aadA2; acrF; acrR_R192HfsTer53; aph(3'')-Ib; aph(6)-Id; arr-2; blaCMY-42; blaEC; blaNDM-5; blaSFO-1; blaTEM-1; ble; catA1; catB; dfrA12; dfrA14; erm(B); ftsI_N337NYRIN; gyrA_D87N; gyrA_S83L; mdtM; mph(A); mrx(A); nfsA_C90Ter; parC_E84G; parC_S80I; qnrS1; rmtB1; rmtF1; sul1; sul2; tet(B)
562.145373,RESISTANT,,RESISTANT,,RESISTANT,aadA2; aadA5; acrF; blaCMY-42; blaCTX-M-15; blaEC; blaNDM-5; blaOXA; blaTEM-1; ble; catB3; dfrA12; dfrA17; erm(B); ftsI_N337NYRIN; gyrA_D87N; gyrA_S83L; mdtM; mph(A); mrx(A); nfsA_G126R; parC_S80I; parE_S458A; rmtB1; sul1; tet(B)
562.145378,RESISTANT,,susceptible,RESISTANT,susceptible,aac(3)-VIa; aadA25; acrF; aph(3'')-Ib; aph(6)-Id; blaCMY-2; blaEC; blaTEM-1; floR; mdtM; sul1; sul2; tet(A); tet(B)
562.145379,RESISTANT,,susceptible,RESISTANT,susceptible,aac(3)-VIa; aadA25; acrF; aph(3'')-Ib; aph(6)-Id; blaCMY-2; blaEC; blaTEM-1; floR; mdtM; sul1; sul2; tet(A); tet(B)
562.145380,susceptible,,susceptible,susceptible,susceptible,acrF; blaEC; cyaA_S352T; emrD; mdtM; uhpT_E350Q
562.145381,RESISTANT,,susceptible,RESISTANT,susceptible,aac(3)-VIa; aadA25; acrF; aph(3'')-Ib; aph(6)-Id; blaCMY-2; blaEC; blaTEM-1; floR; mdtM; sul1; sul2; tet(A); tet(B)
562.145383,RESISTANT,,susceptible,susceptible,susceptible,acrF; aph(3'')-Ib; aph(6)-Id; blaCMY-2; blaEC; cyaA_S352T; emrD; floR; mdtM; sul2; tet(A)
562.145384,RESISTANT,,susceptible,RESISTANT,susceptible,aac(3)-VIa; aadA25; acrF; aph(3'')-Ib; aph(6)-Id; blaCMY-2; blaEC; blaTEM-1; floR; mdtM; sul1; sul2; tet(A); tet(B)
562.145385,RESISTANT,,susceptible,RESISTANT,susceptible,aac(3)-VIa; aadA25; acrF; aph(3'')-Ib; aph(6)-Id; blaCMY-2; blaEC; blaTEM-1; floR; mdtM; sul1; sul2; tet(A); tet(B)
562.145386,RESISTANT,,susceptible,susceptible,susceptible,acrF; aph(3'')-Ib; aph(6)-Id; blaCMY-2; blaEC; cyaA_S352T; emrD; floR; mdtM; sul2; tet(A)
562.145387,RESISTANT,,susceptible,susceptible,susceptible,acrF; aph(3'')-Ib; aph(6)-Id; blaCMY-2; blaEC; cyaA_S352T; emrD; floR; mdtM; sul2; tet(A)
562.145388,RESISTANT,,susceptible,RESISTANT,susceptible,aac(3)-VIa; aadA1; acrF; ampC_C-42T; blaEC; cirA_E225Ter; emrD; mdtM; nfsA_G126R; sul1; tet(A)
562.145389,RESISTANT,,susceptible,RESISTANT,susceptible,aac(3)-VIa; aadA25; acrF; aph(3'')-Ib; aph(6)-Id; blaCMY-2; blaEC; blaTEM-1; floR; mdtM; sul1; sul2; tet(A); tet(B)
562.145390,RESISTANT,,susceptible,RESISTANT,susceptible,aac(3)-VIa; aadA25; acrF; aph(3'')-Ib; aph(6)-Id; blaCMY-2; blaEC; blaTEM-1; floR; mdtM; sul1; sul2; tet(A); tet(B)
562.145391,RESISTANT,,susceptible,RESISTANT,susceptible,aac(3)-VIa; aadA25; acrF; aph(3'')-Ib; aph(6)-Id; blaCMY-2; blaEC; blaSHV-2A; blaTEM-1; floR; mdtM; sul1; sul2; tet(A); tet(B)
562.145392,RESISTANT,,susceptible,RESISTANT,susceptible,aac(3)-VIa; aadA25; acrF; aph(3'')-Ib; aph(6)-Id; blaCMY-2; blaEC; blaTEM-1; floR; mdtM; sul1; sul2; tet(A); tet(B)
562.145393,RESISTANT,,susceptible,susceptible,susceptible,acrF; aph(3'')-Ib; aph(6)-Id; blaCMY-2; blaEC; cyaA_S352T; emrD; floR; mdtM; sul2; tet(A)
562.145394,RESISTANT,,susceptible,RESISTANT,susceptible,acrF; aph(3'')-Ib; aph(6)-Id; blaCMY-2; blaEC; blaTEM-1; floR; mdtM; sul2; tet(A); tet(B)
562.145395,RESISTANT,,susceptible,RESISTANT,susceptible,aac(3)-VIa; aadA25; acrF; aph(3'')-Ib; aph(6)-Id; blaCMY-2; blaEC; blaTEM-1; floR; mdtM; sul1; sul2; tet(A); tet(B)
562.145396,RESISTANT,,susceptible,susceptible,susceptible,acrF; aph(3'')-Ib; aph(6)-Id; blaCMY-2; blaEC; cyaA_S352T; emrD; floR; mdtM; sul2; tet(A)
562.145397,RESISTANT,,susceptible,RESISTANT,susceptible,aac(3)-VIa; aadA25; acrF; aph(3'')-Ib; aph(6)-Id; blaCMY-2; blaEC; blaTEM-1; floR; mdtM; sul1; sul2; tet(A); tet(B)
562.145398,RESISTANT,,susceptible,RESISTANT,susceptible,aac(3)-VIa; aadA25; acrF; aph(3'')-Ib; aph(6)-Id; blaCMY-2; blaEC; blaTEM-1; floR; mdtM; sul1; sul2; tet(A)
562.145399,RESISTANT,,susceptible,susceptible,susceptible,acrF; blaCMY-2; blaEC; cyaA_S352T; emrD; mdtM; parE_I355T; tet(B); uhpT_E350Q
562.145400,RESISTANT,,susceptible,susceptible,susceptible,acrF; aph(3'')-Ib; aph(6)-Id; blaCMY-2; blaEC; cyaA_S352T; emrD; floR; mdtM; sul2; tet(A)
562.145401,susceptible,,susceptible,susceptible,susceptible,acrF; blaEC; cyaA_S352T; emrD; mdtM; uhpT_E350Q
562.145402,RESISTANT,,susceptible,susceptible,susceptible,acrF; aph(3'')-Ib; aph(6)-Id; blaCMY-2; blaEC; cyaA_S352T; emrD; floR; mdtM; sul2; tet(A)
562.145403,RESISTANT,,susceptible,susceptible,RESISTANT,aadA1; acrF; ampC_C-42T; blaEC; dfrA1; mdtM; sat2; sul2; tet(B)
562.145404,RESISTANT,,susceptible,RESISTANT,RESISTANT,aac(3)-VIa; aadA1; acrF; blaCMY-2; blaEC; cirA_D46MfsTer21; dfrA14; gyrA_S83L; mdtM; sul1; sul2; tet(A)
562.145405,RESISTANT,,susceptible,susceptible,susceptible,acrF; aph(3'')-Ib; aph(6)-Id; blaCMY-2; blaEC; cyaA_S352T; emrD; floR; mdtM; sul2; tet(A)
562.145406,RESISTANT,,susceptible,RESISTANT,susceptible,aac(3)-VIa; aadA25; acrF; aph(3'')-Ib; aph(6)-Id; blaCMY-2; blaEC; blaTEM-1; floR; mdtM; sul1; sul2; tet(A); tet(B)
562.145407,RESISTANT,,susceptible,RESISTANT,RESISTANT,aac(3)-VIa; aadA1; acrF; blaCMY-2; blaEC; cirA_D46MfsTer21; dfrA14; gyrA_S83L; mdtM; sul1; sul2; tet(A)
562.145408,RESISTANT,,susceptible,RESISTANT,RESISTANT,aac(3)-VIa; aadA1; acrF; blaCMY-2; blaEC; cirA_D46MfsTer21; dfrA14; gyrA_S83L; mdtM; sul1; sul2; tet(A)
562.145409,RESISTANT,,susceptible,RESISTANT,susceptible,aac(3)-VIa; aadA25; acrF; aph(3'')-Ib; aph(6)-Id; blaCMY-2; blaEC; floR; mdtM; sul1; sul2; tet(A); tet(B)
562.145410,RESISTANT,,susceptible,RESISTANT,susceptible,aac(3)-VIa; aadA25; acrF; aph(3'')-Ib; aph(6)-Id; blaCMY-2; blaEC; blaTEM-1; floR; mdtM; sul1; sul2; tet(A); tet(B)
562.145411,RESISTANT,,susceptible,RESISTANT,susceptible,aac(3)-VIa; aadA25; acrF; aph(3'')-Ib; aph(6)-Id; blaCMY-2; blaEC; blaTEM-1; floR; mdtM; sul1; sul2; tet(A); tet(B)
562.145412,RESISTANT,,susceptible,RESISTANT,susceptible,aac(3)-VIa; aadA25; acrF; aph(3'')-Ib; aph(6)-Id; blaCMY-2; blaEC; blaTEM-1; floR; mdtM; sul1; sul2; tet(A); tet(B)
562.145413,RESISTANT,,susceptible,susceptible,susceptible,acrF; aph(3'')-Ib; aph(6)-Id; blaCMY-2; blaEC; cyaA_S352T; emrD; floR; mdtM; sul2; tet(A)
562.145414,RESISTANT,,susceptible,RESISTANT,susceptible,aac(3)-VIa; aadA25; acrF; aph(3'')-Ib; aph(6)-Id; blaCMY-2; blaEC; blaTEM-1; floR; mdtM; sul1; sul2; tet(A); tet(B)
562.145415,RESISTANT,,susceptible,RESISTANT,susceptible,aac(3)-VIa; aadA25; acrF; aph(3'')-Ib; aph(6)-Id; blaCMY-2; blaEC; blaTEM-1; floR; mdtM; sul1; sul2; tet(A); tet(B)
562.145416,RESISTANT,,susceptible,susceptible,susceptible,acrF; aph(3'')-Ib; aph(6)-Id; blaCMY-2; blaEC; cyaA_S352T; emrD; floR; mdtM; sul2; tet(A)
562.145417,RESISTANT,,susceptible,susceptible,susceptible,acrF; aph(3'')-Ib; aph(6)-Id; blaCMY-2; blaEC; cyaA_S352T; emrD; floR; mdtM; sul2; tet(A)
562.145418,RESISTANT,,susceptible,RESISTANT,susceptible,aac(3)-VIa; aadA25; acrF; aph(3'')-Ib; aph(6)-Id; blaCMY-2; blaEC; blaTEM-1; floR; mdtM; sul1; sul2; tet(A); tet(B)
562.145419,RESISTANT,,susceptible,susceptible,susceptible,acrF; aph(3'')-Ib; aph(6)-Id; blaCMY-2; blaEC; cyaA_S352T; emrD; floR; mdtM; sul2; tet(A)
562.145420,RESISTANT,,susceptible,RESISTANT,susceptible,aac(3)-VIa; aadA25; acrF; aph(3'')-Ib; aph(6)-Id; blaCMY-2; blaEC; blaTEM-1; floR; mdtM; sul1; sul2; tet(A); tet(B)
562.145421,RESISTANT,,susceptible,RESISTANT,susceptible,aac(3)-VIa; aadA25; acrF; aph(3'')-Ib; aph(6)-Id; blaCMY-2; blaEC; blaTEM-1; floR; mdtM; sul1; sul2; tet(A); tet(B)
562.145422,RESISTANT,,susceptible,RESISTANT,susceptible,aac(3)-VIa; aadA25; acrF; aph(3'')-Ib; aph(6)-Id; blaCMY-2; blaEC; floR; mdtM; sul1; sul2; tet(A)
562.145423,RESISTANT,,susceptible,susceptible,susceptible,acrF; aph(3'')-Ib; aph(6)-Id; blaCMY-2; blaEC; cyaA_S352T; emrD; floR; mdtM; sul2; tet(A)
562.145424,RESISTANT,,susceptible,RESISTANT,susceptible,aac(3)-VIa; aadA25; acrF; aph(3'')-Ib; aph(6)-Id; blaCMY-2; blaEC; blaTEM-1; floR; mdtM; sul1; sul2; tet(A); tet(B)
562.145425,RESISTANT,,susceptible,susceptible,susceptible,acrF; aph(3'')-Ib; aph(6)-Id; blaCMY-2; blaEC; cyaA_S352T; emrD; floR; mdtM; sul2; tet(A)
562.145426,RESISTANT,,susceptible,susceptible,susceptible,acrF; aph(3'')-Ib; aph(6)-Id; blaCMY-2; blaEC; cyaA_S352T; emrD; floR; mdtM; sul2; tet(A)
562.145427,RESISTANT,,susceptible,RESISTANT,susceptible,aac(3)-VIa; aadA25; acrF; aph(3'')-Ib; aph(6)-Id; blaCMY-2; blaEC; blaTEM-1; cyaA_S352T; emrD; floR; gyrA_S83L; mdtM; sul1; sul2; tet(A)
562.145428,RESISTANT,,susceptible,RESISTANT,susceptible,aac(3)-VIa; aadA25; acrF; aph(3'')-Ib; aph(6)-Id; blaCMY-2; blaEC; blaTEM-1; floR; mdtM; sul1; sul2; tet(A); tet(B)
562.145429,RESISTANT,,susceptible,RESISTANT,susceptible,aac(3)-VIa; aadA25; acrF; aph(3'')-Ib; aph(6)-Id; blaCMY-2; blaEC; blaTEM-1; floR; mdtM; sul1; sul2; tet(A); tet(B)
562.145430,RESISTANT,,susceptible,RESISTANT,susceptible,aac(3)-VIa; aadA25; acrF; aph(3'')-Ib; aph(6)-Id; blaCMY-2; blaEC; blaTEM-1; floR; mdtM; sul1; sul2; tet(A); tet(B)
562.145431,RESISTANT,,susceptible,RESISTANT,susceptible,aac(3)-VIa; aadA25; acrF; aph(3'')-Ib; aph(6)-Id; blaCMY-2; blaEC; blaTEM-1; floR; mdtM; sul1; sul2; tet(A); tet(B)
562.145432,susceptible,,susceptible,susceptible,susceptible,acrF; blaEC; cyaA_S352T; emrD; mdtM; uhpT_E350Q
562.145433,RESISTANT,,susceptible,RESISTANT,susceptible,aac(3)-VIa; aadA25; acrF; aph(3'')-Ib; aph(6)-Id; blaCMY-2; blaEC; blaTEM-1; cyaA_S352T; emrD; floR; gyrA_S83L; mdtM; sul1; sul2; tet(A)
562.145434,susceptible,,susceptible,susceptible,RESISTANT,aadA1; acrF; blaEC; cirA_N306QfsTer23; cyaA_S352T; dfrA15; emrD; mdtM; sul1; tet(A)
562.145435,RESISTANT,,susceptible,susceptible,susceptible,acrF; aph(3'')-Ib; aph(6)-Id; blaCMY-2; blaEC; cyaA_S352T; emrD; floR; mdtM; sul2; tet(A)
562.145436,RESISTANT,,susceptible,RESISTANT,susceptible,aac(3)-VIa; aadA25; acrF; aph(3'')-Ib; aph(6)-Id; blaCMY-2; blaEC; blaTEM-1; floR; mdtM; sul1; sul2; tet(A); tet(B)
562.145437,susceptible,,susceptible,susceptible,susceptible,acrF; blaEC; cyaA_S352T; emrD; mdtM
562.145439,RESISTANT,susceptible,,susceptible,,acrF; aph(3'')-Ib; aph(6)-Id; blaEC; blaOXA-48; dfrA5; emrD; marR_S3N; mdtM; sul2
562.145440,susceptible,,susceptible,susceptible,susceptible,acrF; blaEC; emrD; marR_S3N; tet(B)
562.145441,susceptible,,susceptible,susceptible,susceptible,acrF; blaEC-5; cirA_W243Ter; emrD; uhpT_E350Q
562.145442,susceptible,,susceptible,susceptible,RESISTANT,aadA5; acrF; blaEC; catA1; cyaA_S352T; dfrA17; emrD; mdtM; mph(A); mrx(A); sul1; tet(B)
562.145443,susceptible,,susceptible,susceptible,RESISTANT,acrF; aph(3'')-Ib; aph(6)-Id; blaEC; dfrA14; mdtM; sul2
562.145812,susceptible,,susceptible,susceptible,susceptible,acrF; blaEC; cirA_Q56Ter; cyaA_S352T; emrD; mdtM
562.145816,susceptible,,susceptible,susceptible,susceptible,acrF; blaEC; emrD; ptsI_V25I; uhpT_E350Q
562.145817,susceptible,,susceptible,susceptible,susceptible,acrF; blaEC; cyaA_S352T; emrD; mdtM
562.145818,RESISTANT,,susceptible,susceptible,RESISTANT,aadA2; acrF; blaEC; blaTEM-1; dfrA12; gyrA_S83L; mdtM; mph(A); mrx(A); sul1; tet(A)
562.145819,susceptible,,susceptible,susceptible,susceptible,acrF; blaEC; emrD; marR_S3N; mdtM
562.145820,susceptible,,susceptible,susceptible,susceptible,acrF; aph(3'')-Ib; aph(6)-Id; blaEC; cyaA_S352T; emrD; mdtM; sul2; tet(A)
562.145821,RESISTANT,,susceptible,susceptible,RESISTANT,aadA1; acrF; blaEC-5; blaTEM-1; dfrA1; emrD; marR_S3N; sat2; sul2; uhpT_E350Q
562.145822,RESISTANT,,susceptible,susceptible,RESISTANT,aadA5; acrF; aph(3'')-Ib; aph(6)-Id; blaEC; blaTEM-1; catA1; cyaA_S352T; dfrA17; emrD; mdtM; mph(A); mrx(A); sul1; sul2; tet(B)
562.16324,RESISTANT,RESISTANT,RESISTANT,RESISTANT,RESISTANT,aac(3)-IIe; aac(6')-Ib3; acrF; acrR_T5N; ampC_C-42T; aph(3'')-Ib; aph(6)-Id; blaCMY-6; blaEC; blaNDM-1; blaOXA-2; blaTEM-1; ble; catA1; dfrA29; ftsI_N337NYRIN; gyrA_D87N; gyrA_S83L; mdtM; nfsA_Q195Ter; nfsB_F167LfsTer11; ompF_D34RfsTer1; parC_S80I; parE_E460D; rmtC; sul1
562.16325,RESISTANT,RESISTANT,susceptible,RESISTANT,RESISTANT,aac(6')-Ib'; aadA1; aadA2; acrF; aph(3'')-Ib; aph(6)-Id; blaEC; blaKPC-3; blaOXA-9; blaTEM-1; dfrA12; dfrA14; mdtM; sul1; sul2; sul3; tet(A)
562.16326,RESISTANT,RESISTANT,susceptible,susceptible,RESISTANT,aac(6')-Ib3; acrF; aph(3'')-Ib; aph(6)-Id; blaCMY-6; blaEC; blaNDM-1; blaTEM-1; ble; dfrA8; mdtM; sul1; sul2; tet(A)
562.16327,RESISTANT,RESISTANT,RESISTANT,susceptible,RESISTANT,aadA5; acrF; aph(3'')-Ib; aph(3')-Ia; aph(6)-Id; blaEC; blaKPC-4; blaTEM-1; dfrA14; dfrA17; emrD; gyrA_D87N; gyrA_S83L; mdtM; mph(A); mrx(A); parC_E84V; parC_S80I; parE_I529L; ptsI_V25I; sul1; sul2; tet(A); uhpT_E350Q
562.16466,RESISTANT,,RESISTANT,RESISTANT,RESISTANT,aadA2; acrF; blaCTX-M-65; blaEC; blaNDM-9; ble; dfrA12; floR; fosA3; ftsI_N337NYRIN; gyrA_D87N; gyrA_S83L; mcr-1.1; mdtM; nfsA_G126R; parC_S80I; parE_S458A; sul1; tet(B)
562.17359,,RESISTANT,RESISTANT,susceptible,RESISTANT,aadA5; acrF; aph(3'')-Ib; aph(6)-Id; blaCTX-M-27; blaEC; dfrA17; emrD; gyrA_D87N; gyrA_S83L; mdtM; mph(A); mrx(A); parC_E84V; parC_S80I; parE_I529L; ptsI_V25I; sul1; sul2; tet(A); uhpT_E350Q
562.17620,RESISTANT,RESISTANT,RESISTANT,susceptible,RESISTANT,aadA1; acrF; ant(2'')-Ia; aph(3'')-Ib; aph(6)-Id; blaEC; blaKPC-3; blaTEM-1; cmlA6; dfrA5; gyrA_D87N; gyrA_S83L; mdtM; mrdA_M574I; nfsA_G126R; parC_S80I; parE_S458A; sul1; sul2
562.17621,RESISTANT,RESISTANT,RESISTANT,susceptible,RESISTANT,aadA5; acrR_V29YfsTer44; blaCMY-42; blaEC; blaNDM-5; blaTEM-1; ble; cirA_S90YfsTer15; dfrA17; ftsI_N337NYRIN; gyrA_D87N; gyrA_S83L; mdtM; mph(A); mrx(A); parC_S80I; parE_S458A; sul1; tet(A)
562.17721,RESISTANT,RESISTANT,RESISTANT,RESISTANT,RESISTANT,aac(3)-IIe; aac(6')-Ib; aac(6')-Ib-cr5; aadA1; aadA5; acrF; aph(3')-VI; blaCMY-42; blaCTX-M-15; blaEC; blaNDM-6; blaOXA-1; blaOXA-9; blaTEM-1; ble; catB3; dfrA17; ftsI_N337NYRIN; gyrA_D87N; gyrA_S83L; mdtM; mph(A); mrx(A); nfsA_G126R; parC_S80I; parE_S458A; qnrS1; sul1; tet(B)
562.17722,RESISTANT,RESISTANT,RESISTANT,RESISTANT,RESISTANT,aac(3)-IIe; aac(6')-Ib-cr5; aac(6')-Ib3; aadA5; acrF; blaCMY-6; blaEC; blaNDM-1; blaOXA-1; ble; catB3; dfrA17; emrD; gyrA_D87N; gyrA_S83L; mdtM; mph(A); mrx(A); parC_E84V; parC_S80I; parE_I529L; ptsI_V25I; rmtC; sul1; tet(A); uhpT_E350Q
562.19090,RESISTANT,RESISTANT,RESISTANT,RESISTANT,,aac(3)-IId; aadA2; aadA22; acrF; acrR_V19WfsTer54; aph(3'')-Ib; aph(6)-Id; blaCTX-M-55; blaEC; blaTEM; bleO; dfrA1; estX-3; floR; gyrA_D87N; gyrA_S83L; mcr-1.1; mcr-3.2; mdtM; mph(A); mrx(A); parC_S80I; sul1; sul3; tet(A); uhpT_E350Q
562.19151,RESISTANT,RESISTANT,susceptible,susceptible,RESISTANT,acrF; aph(3'')-Ib; aph(6)-Id; blaCTX-M-15; blaEC; blaTEM-1; dfrA14; mdtM; qnrS1; sul2; tet(A)
562.19631,RESISTANT,RESISTANT,RESISTANT,susceptible,RESISTANT,acrR_V29YfsTer44; blaCMY-42; blaEC; blaNDM-5; blaTEM-1; ble; cirA_S90YfsTer15; ftsI_N337NYRIN; gyrA_D87N; gyrA_S83L; mdtM; parC_S80I; parE_S458A
562.19632,RESISTANT,RESISTANT,RESISTANT,RESISTANT,RESISTANT,aac(3)-IId; aadA5; acrF; aph(3'')-Ib; aph(6)-Id; blaEC; blaTEM-20; blaTEMp_C32T; dfrA17; emrD; gyrA_D87N; gyrA_S83L; mdtM; mph(A); mrx(A); parC_E84V; parC_S80I; parE_I529L; ptsI_V25I; sul1; sul2; tet(A); uhpT_E350Q
562.19633,RESISTANT,RESISTANT,RESISTANT,RESISTANT,RESISTANT,aac(3)-IIe; aac(6')-Ib; aac(6')-Ib-cr5; aac(6')-Ib3; aadA1; acrF; acrR_T5N; ampC_C-42T; aph(3'')-Ib; aph(6)-Id; blaCMY-6; blaCTX-M-15; blaEC; blaNDM-1; blaOXA-1; blaOXA-2; blaOXA-9; blaTEM-1; ble; catA1; catB3; dfrA29; ftsI_N337NYRIN; gyrA_D87N; gyrA_S83L; mdtM; nfsA_Q195Ter; nfsB_F167LfsTer11; ompF_D34RfsTer1; parC_S80I; parE_E460D; rmtC; sul1
562.19821,RESISTANT,RESISTANT,RESISTANT,susceptible,susceptible,acrF; acrR_V29YfsTer44; blaCMY-42; blaEC; blaNDM-7; ble; cirA_S90YfsTer15; ftsI_N337NYRIN; gyrA_D87N; gyrA_S83L; mdtM; parC_S80I; parE_S458A
562.19823,RESISTANT,RESISTANT,RESISTANT,RESISTANT,RESISTANT,aac(3)-IIe; aac(6')-Ib3; acrF; acrR_T5N; ampC_C-42T; aph(3'')-Ib; aph(6)-Id; blaCMY-6; blaEC; blaNDM-1; blaOXA-2; blaTEM-1; ble; catA1; dfrA29; ftsI_N337NYRIN; gyrA_D87N; gyrA_S83L; mdtM; nfsA_Q195Ter; nfsB_F167LfsTer11; ompF_D34RfsTer1; parC_S80I; parE_E460D; rmtC; sul1
562.20499,RESISTANT,RESISTANT,RESISTANT,susceptible,susceptible,acrF; acrR_V29YfsTer44; aph(3'')-Ib; aph(6)-Id; blaCTX-M-15; blaEC; blaNDM-7; blaTEM; blaTEM-1; ble; cirA_S90YfsTer15; erm(B); ftsI_N337NYRIN; gyrA_D87N; gyrA_S83L; mdtM; mph(A); mrx(A); parC_S80I; parE_S458A; qnrS1; sul2; tet(A)
562.22426,RESISTANT,RESISTANT,RESISTANT,susceptible,susceptible,acrF; acrR_V29YfsTer44; aph(3'')-Ib; aph(6)-Id; blaCTX-M-15; blaEC; blaNDM-7; blaTEM; blaTEM-1; ble; cirA_S90YfsTer15; erm(B); ftsI_N337NYRIN; gyrA_D87N; gyrA_S83L; mdtM; mph(A); mrx(A); parC_S80I; parE_S458A; qnrS1; sul2; tet(A)
562.22428,susceptible,susceptible,susceptible,susceptible,,acrF; blaEC; cirA_W338Ter; cyaA_S352T; emrD; ftsI_G363S; marR_S3N
562.22429,RESISTANT,susceptible,RESISTANT,susceptible,,aadA1; acrF; blaEC; blaTEM-1; blaTEMp_C32T; dfrA1; gyrA_D87N; gyrA_S83L; mdtM; parC_S80I; parE_E460K; sat2; tet(A)
562.22430,susceptible,susceptible,susceptible,susceptible,,acrF; blaEC; emrD; marR_S3N
562.22431,RESISTANT,susceptible,RESISTANT,susceptible,,acrF; acrR_E190RfsTer20; aph(3'')-Ib; aph(6)-Id; blaEC; blaTEM-1; catA1; dfrA17; gyrA_D87N; gyrA_S83L; mdtM; parC_S80I; parE_S458A; tet(B)
562.22432,RESISTANT,RESISTANT,RESISTANT,susceptible,,aac(6')-Ib-cr5; aadA5; acrF; arr; blaCTX-M-15; blaEC; blaOXA-1; blaTEM-1; catA1; catB3; dfrA17; emrD; gyrA_D87N; gyrA_S83L; mdtM; mph(A); mrx(A); nfsA_I228NfsTer49; parC_E84V; parC_S80I; parE_I529L; ptsI_V25I; sul1; tet(B); uhpT_E350Q
562.22433,susceptible,susceptible,susceptible,susceptible,,acrF; blaEC; emrD; marR_S3N; mdtM
562.22434,RESISTANT,susceptible,RESISTANT,susceptible,,aadA5; acrF; aph(3'')-Ib; aph(3')-Ia; aph(6)-Id; blaEC; blaTEM-1; cyaA_S352T; dfrA17; emrD; gyrA_D87N; gyrA_S83L; mdtM; mph(A); mrx(A); parC_S80I; parE_L416F; sul1; sul2; tet(B)
562.22435,RESISTANT,susceptible,susceptible,susceptible,,aadA5; acrF; aph(3'')-Ib; aph(6)-Id; blaEC; blaTEM-1; cyaA_S352T; dfrA17; emrD; mdtM; mph(A); mrx(A); sul1; sul2; tet(B)
562.22436,RESISTANT,susceptible,susceptible,susceptible,,acrF; blaEC; blaTEM-1; dfrA1; emrD; mdtM
562.22437,RESISTANT,susceptible,susceptible,susceptible,,aadA1; aadA2; acrF; blaEC; blaTEM-1; cmlA1; dfrA12; emrD; marR_S3N; mdtM; nfsA_W212Ter; sul3; tet(A)
562.22438,susceptible,susceptible,susceptible,susceptible,,acrF; blaEC; emrD; marR_S3N; tet(B)
562.22439,susceptible,susceptible,susceptible,susceptible,,acrF; acrR_Q27Ter; blaEC-5; emrD
562.22440,RESISTANT,susceptible,RESISTANT,susceptible,,aadA5; acrF; blaEC; blaTEM-1; dfrA17; emrD; gyrA_D87N; gyrA_S83L; mdtM; mph(A); mrx(A); parC_E84V; parC_S80I; parE_I529L; ptsI_V25I; sul1; uhpT_E350Q
562.22441,RESISTANT,susceptible,susceptible,susceptible,,acrF; blaEC-5; blaTEM-1; emrD; mdtM; pmrB_V161G; tet(B)
562.22442,RESISTANT,susceptible,RESISTANT,susceptible,,aac(6')-Ib-cr5; aadA5; acrF; acrR_G28R; arr; blaEC; blaOXA-1; catB3; dfrA17; emrD; gyrA_D87N; gyrA_S83L; mdtM; parC_E84V; parC_S80I; parE_I529L; ptsI_V25I; sul1; uhpT_E350Q
562.22443,RESISTANT,susceptible,susceptible,susceptible,,aadA1; acrF; acrR_E11AfsTer26; acrR_T5N; aph(6)-Id; blaEC-5; blaOXA-1; catA1; dfrA14; emrD; pmrB_V161G; sul1; sul2
562.22444,susceptible,susceptible,susceptible,susceptible,,acrF; blaEC-5; cirA_Q42Ter; emrD
562.22445,RESISTANT,susceptible,susceptible,RESISTANT,,aac(3)-IId; acrF; blaEC; blaTEM-1; emrD; gyrA_S83L; mdtM; parE_I529L; ptsI_V25I; uhpT_E350Q
562.22446,susceptible,susceptible,susceptible,susceptible,,acrF; blaEC-5; emrD
562.22447,RESISTANT,susceptible,susceptible,susceptible,,aadA5; acrF; blaEC; blaTEM-1; catA1; dfrA17; emrD; marR_S3N; mdtM; pmrB_V161G; sul1; tet(B)
562.22448,susceptible,susceptible,susceptible,susceptible,,acrF; blaEC; emrD; mdtM
562.22449,susceptible,susceptible,susceptible,susceptible,,acrF; blaEC; cyaA_S352T; gyrA_S83L; mdtM
562.22450,susceptible,susceptible,susceptible,susceptible,,acrF; blaEC; emrD
562.22451,susceptible,susceptible,susceptible,susceptible,,acrF; blaEC; emrD; marR_S3N; mdtM
562.22452,susceptible,susceptible,susceptible,susceptible,,acrF; aph(3'')-Ib; aph(6)-Id; blaEC; cirA_V74CfsTer5; cyaA_S352T; emrD; uhpT_E350Q
562.22453,susceptible,susceptible,susceptible,susceptible,,acrF; blaEC; mdtM
562.22454,RESISTANT,susceptible,susceptible,susceptible,,acrF; aph(3'')-Ib; aph(6)-Id; blaEC; blaTEM; emrD; marR_S3N; mdtM; sul2
562.22455,RESISTANT,susceptible,RESISTANT,RESISTANT,,aac(3)-IId; acrF; aph(3'')-Ib; blaEC; emrD; gyrA_D87N; gyrA_S83L; mdtM; mph(A); mrx(A); parC_E84V; parC_S80I; parE_I529L; ptsI_V25I; sul2; tet(B); uhpT_E350Q
562.22457,RESISTANT,susceptible,RESISTANT,susceptible,,aac(6')-Ib-cr5; aadA5; acrF; arr; blaEC; blaOXA-1; catB3; cyaA_S352T; dfrA17; emrD; gyrA_D87N; gyrA_S83L; mdtM; mph(A); mrx(A); parC_S80I; parE_S458A; sul1
562.22458,susceptible,susceptible,susceptible,susceptible,,acrF; blaEC; mdtM; pmrB_V161G
562.22459,susceptible,susceptible,susceptible,susceptible,,acrF; blaEC; fabI_F203L; mdtM
562.22460,RESISTANT,susceptible,RESISTANT,susceptible,,aadA5; acrF; blaEC; blaTEM-1; catA1; dfrA17; gyrA_D87N; gyrA_S83L; mdtM; parC_S80I
562.22461,RESISTANT,susceptible,susceptible,susceptible,,acrF; aph(3'')-Ib; aph(6)-Id; blaEC; blaTEM-1; cyaA_S352T; dfrA14; emrD; mdtM; mph(A); mrx(A); pmrB_V161G; sul1; sul2; tet(A)
562.22462,RESISTANT,susceptible,susceptible,susceptible,,acrF; aph(3'')-Ib; aph(6)-Id; blaEC; blaTEM-1; gyrA_S83L; mdtM; tet(B)
562.22463,susceptible,susceptible,susceptible,susceptible,,acrF; blaEC; emrD; parE_D475E; pmrB_V161G; rpoB_Q148L
562.22464,RESISTANT,susceptible,susceptible,susceptible,,acrF; blaEC; blaTEM-1; cyaA_S352T; emrD; pmrB_V161G; tet(B)
562.22465,RESISTANT,susceptible,RESISTANT,RESISTANT,,aac(3)-IId; aadA5; acrF; aph(3'')-Ib; aph(6)-Id; blaEC; blaTEM-1; dfrA17; emrD; gyrA_D87N; gyrA_S83L; mdtM; mph(A); mrx(A); parC_E84V; parC_S80I; parE_I529L; pmrB_V161G; ptsI_V25I; sul1; sul2; tet(A); uhpT_E350Q
562.22466,RESISTANT,susceptible,susceptible,susceptible,,aadA5; acrF; aph(3'')-Ib; aph(6)-Id; blaEC; blaTEM-1; cyaA_S352T; dfrA17; emrD; mdtM; mph(A); mrx(A); sul1; sul2
562.22467,RESISTANT,susceptible,susceptible,susceptible,,acrF; blaEC-5; blaTEM-1; emrD; uhpT_E350Q
562.22468,susceptible,susceptible,susceptible,susceptible,,acrF; blaEC-5; emrD
562.22469,RESISTANT,susceptible,,susceptible,,acrF; blaEC-5; blaTEM-1; emrD; gyrA_S83L; mdtM; tet(B)
562.22470,susceptible,susceptible,susceptible,susceptible,,aadA1; acrF; blaEC; dfrA1; mdtM; nfsA_W159Ter; sat2
562.22471,RESISTANT,susceptible,RESISTANT,susceptible,,acrF; aph(3'')-Ib; aph(6)-Id; blaEC; blaTEM-1; cyaA_S352T; dfrA14; emrD; gyrA_D87N; gyrA_S83L; mdtM; mph(A); mrx(A); parC_S80I; parE_E460K; sul2; tet(B)
562.22472,RESISTANT,susceptible,,susceptible,,acrF; blaEC-5; blaTEM-1; emrD; gyrA_S83L; mdtM; tet(B)
562.22473,susceptible,susceptible,susceptible,susceptible,,acrF; blaEC; cyaA_S352T; emrD
562.22474,RESISTANT,susceptible,susceptible,susceptible,,acrF; aph(3'')-Ib; aph(6)-Id; blaEC-5; blaTEM-1; emrD; sul2
562.22476,RESISTANT,susceptible,susceptible,RESISTANT,,aac(3)-IId; aadA5; acrF; aph(3'')-Ib; aph(6)-Id; blaEC; blaTEM-1; catA1; dfrA17; gyrA_D87Y; mdtM; sul2; tet(B)
562.22477,susceptible,susceptible,susceptible,susceptible,,acrF; blaEC; emrD
562.22478,RESISTANT,RESISTANT,RESISTANT,susceptible,,acrF; blaCTX-M-15; blaEC; emrD; gyrA_D87N; gyrA_S83L; mdtM; parC_E84V; parC_S80I; parE_I529L; ptsI_V25I; tet(A); uhpT_E350Q
562.22479,RESISTANT,RESISTANT,RESISTANT,susceptible,,aac(6')-Ib-cr5; aadA5; acrF; blaCTX-M-15; blaEC; blaOXA-1; catB3; dfrA17; emrD; gyrA_D87N; gyrA_S83L; mdtM; mph(A); mrx(A); nfsB_Q29Ter; parC_E84V; parC_S80I; parE_I529L; pmrB_V161G; ptsI_V25I; sul1; sul2; uhpT_E350Q
562.22480,RESISTANT,susceptible,susceptible,susceptible,,aadA1; acrF; aph(3')-Ia; blaEC; blaTEM-35; blaTEMp_G162T; catA1; cirA_P304LfsTer6; dfrA1; gyrA_S83L; mdtM; parC_E84G; sul1
562.22481,RESISTANT,RESISTANT,RESISTANT,susceptible,,aadA5; acrF; aph(3'')-Ib; aph(6)-Id; blaCTX-M-15; blaEC; blaTEM-1; cyaA_S352T; dfrA17; emrD; gyrA_D87N; gyrA_S83L; mdtM; mph(A); mrx(A); parC_S80I; parE_S458A; pmrB_V161G; sul1; sul2; tet(B)
562.22482,susceptible,susceptible,susceptible,susceptible,,acrF; blaEC; cirA_Q56Ter; cyaA_S352T; emrD; mdtM; parE_I355T; uhpT_E350Q
562.22483,susceptible,susceptible,RESISTANT,susceptible,,aadA5; acrF; blaEC; dfrA17; emrD; gyrA_D87N; gyrA_S83L; mdtM; mph(A); mrx(A); parC_E84V; parC_S80I; parE_I529L; ptsI_V25I; sul1; uhpT_E350Q
562.22484,susceptible,susceptible,RESISTANT,susceptible,,aadA5; acrF; blaEC; cyaA_S352T; dfrA17; emrD; gyrA_D87N; gyrA_S83L; mdtM; mph(A); mrx(A); parC_S80I; tet(B)
562.22485,RESISTANT,susceptible,susceptible,susceptible,,aadA5; acrF; aph(3'')-Ib; aph(6)-Id; blaEC; blaTEM-1; catA1; cyaA_S352T; dfrA17; emrD; mph(A); mrx(A); sul1; sul2; tet(B)
562.22486,susceptible,susceptible,susceptible,susceptible,,acrF; blaEC; cyaA_S352T; emrD; mdtM
562.22487,susceptible,susceptible,susceptible,susceptible,,acrF; blaEC; emrD; uhpT_E350Q
562.22488,RESISTANT,RESISTANT,RESISTANT,susceptible,,aadA2; acrF; aph(3')-Ia; blaCTX-M-15; blaEC; dfrA12; emrD; gyrA_D87N; gyrA_S83L; mdtM; mph(A); mrx(A); parC_E84V; parC_S80I; parE_I529L; ptsI_V25I; sul1; tet(A); uhpT_E350Q
562.22489,susceptible,susceptible,susceptible,susceptible,,acrF; blaEC-5; emrD
562.22490,RESISTANT,susceptible,susceptible,susceptible,,acrF; blaEC; blaTEM-1; emrD; marR_S3N; mdtM; pmrB_V161G
562.22491,RESISTANT,RESISTANT,RESISTANT,susceptible,,aac(6')-Ib-cr5; aadA5; acrF; blaCTX-M-15; blaEC; blaOXA-1; catB3; dfrA17; emrD; gyrA_D87N; gyrA_S83L; mdtM; mph(A); mrx(A); parC_E84V; parC_S80I; parE_I529L; ptsI_V25I; sul1; tet(A); uhpT_E350Q
562.22492,susceptible,susceptible,susceptible,susceptible,,acrF; blaEC-5; emrD; gyrA_S83L
562.22493,susceptible,susceptible,susceptible,susceptible,,acrF; blaEC; emrD; parE_D475E; uhpT_E350Q
562.22494,susceptible,susceptible,susceptible,susceptible,,acrF; blaEC; emrD; marR_S3N; mdtM
562.22495,susceptible,susceptible,RESISTANT,susceptible,,aadA2; acrF; blaEC; cyaA_S352T; dfrA12; gyrA_D87N; gyrA_S83L; mdtM; mph(A); mrx(A); parC_S80I; sul1; tet(A)
562.22496,RESISTANT,susceptible,RESISTANT,susceptible,,aadA1; aadA13; acrF; blaEC; blaTEM-1; cyaA_S352T; dfrA1; emrD; estX-3; gyrA_D87G; gyrA_S83L; mdtM; parC_S80I; sul1; tet(A)
562.22497,susceptible,susceptible,susceptible,susceptible,,acrF; blaEC-5; emrD; mdtM; pmrB_V161G
562.22498,susceptible,susceptible,susceptible,susceptible,,acrF; blaEC; mdtM
562.22499,RESISTANT,susceptible,RESISTANT,RESISTANT,,aac(3)-IId; aadA5; acrF; blaEC; blaTEM-30; dfrA17; emrD; gyrA_D87N; gyrA_S83L; mdtM; parC_E84V; parC_S80I; parE_I529L; ptsI_V25I; sul1; uhpT_E350Q
562.22500,RESISTANT,susceptible,susceptible,susceptible,,aadA1; acrF; blaEC-5; blaSHV-1; emrD; sul1; tet(D)
562.22501,RESISTANT,RESISTANT,RESISTANT,susceptible,,aadA1; acrF; ampC_C-42T; aph(3')-Ia; blaEC; blaTEM-1; blaTEMp_G162T; catA1; dfrA1; gyrA_D87N; gyrA_S83L; mdtM; parC_E84K; pmrB_V161G; sul1; tet(A)
562.22502,susceptible,susceptible,susceptible,susceptible,,acrF; blaEC-5; emrD
562.22503,RESISTANT,RESISTANT,RESISTANT,RESISTANT,,aac(3)-IIe; aac(6')-Ib-cr5; acrF; blaCTX-M-15; blaEC; blaOXA-1; blaTEM-1; catB3; cyaA_S352T; emrD; gyrA_D87N; gyrA_S83L; mdtM; nfsA_G126R; parC_S80I; parE_S458A
562.22504,susceptible,susceptible,susceptible,susceptible,,acrF; blaEC-5; emrD; mdtM
562.22505,RESISTANT,susceptible,susceptible,susceptible,,aadA1; acrF; blaEC-5; blaOXA-1; emrD; pmrB_V161G; sul1; tet(A)
562.22506,susceptible,susceptible,susceptible,susceptible,,acrF; blaEC-5; emrD; gyrA_D87G
562.22507,susceptible,susceptible,susceptible,susceptible,,acrF; blaEC; cyaA_S352T; emrD; mdtM
562.22508,RESISTANT,susceptible,susceptible,susceptible,,aadA5; acrF; aph(3'')-Ib; aph(6)-Id; blaEC; blaTEM-1; cyaA_S352T; dfrA17; emrD; mdtM; mph(A); mrx(A); pmrB_V161G; sul1; sul2; tet(B)
562.22509,susceptible,susceptible,susceptible,susceptible,,acrF; blaEC; emrD; marR_S3N; mdtM
562.22510,susceptible,susceptible,susceptible,susceptible,,acrF; blaEC-5; emrD; marR_S3N; uhpT_E350Q
562.22511,susceptible,susceptible,susceptible,susceptible,,acrF; blaEC; mdtM
562.22512,RESISTANT,susceptible,susceptible,susceptible,,acrF; blaEC-5; blaTEM-1; emrD; marR_S3N; pmrB_V161G; sul2; uhpT_E350Q
562.22513,susceptible,susceptible,susceptible,susceptible,,acrF; blaEC-5; emrD; uhpT_E350Q
562.22514,susceptible,susceptible,susceptible,susceptible,,acrF; blaEC; emrD; parE_I529L; ptsI_V25I; uhpT_E350Q
562.22515,RESISTANT,susceptible,susceptible,susceptible,,acrF; blaEC; blaTEM-1; cyaA_S352T; emrD; mdtM
562.22516,RESISTANT,susceptible,susceptible,susceptible,,aadA5; acrF; aph(3'')-Ib; aph(6)-Id; blaEC; blaTEM-1; cyaA_S352T; dfrA17; emrD; mdtM; mph(A); mrx(A); pmrB_V161G; sul1; sul2; tet(B)
562.22517,susceptible,susceptible,susceptible,susceptible,,acrF; blaEC-5; emrD; marR_S3N; uhpT_E350Q
562.22518,RESISTANT,RESISTANT,RESISTANT,susceptible,,aac(6')-Ib-cr5; aadA5; acrF; blaCTX-M-15; blaEC; blaOXA-1; catB3; dfrA17; emrD; gyrA_D87N; gyrA_S83L; mdtM; mph(A); mrx(A); parC_E84V; parC_S80I; parE_I529L; ptsI_V25I; sul1; tet(A); uhpT_E350Q
562.22519,RESISTANT,susceptible,susceptible,susceptible,,acrF; aph(3'')-Ib; aph(6)-Id; blaEC-5; blaTEM-1; catA1; cirA_V114SfsTer8; emrD; sul2; tet(A)
562.22520,RESISTANT,susceptible,susceptible,susceptible,,acrF; aph(3'')-Ib; aph(6)-Id; blaEC; blaTEM-1; cirA_W243Ter; cyaA_S352T; dfrA8; emrD; mdtM; pmrB_V161G; sul2
562.22521,RESISTANT,susceptible,susceptible,susceptible,,aadA5; acrF; aph(3'')-Ib; aph(6)-Id; blaEC; blaTEM-1; dfrA17; dfrA7; emrD; mdtM; qnrB7; sul1; sul2; tet(A); uhpT_E350Q
562.22522,susceptible,susceptible,susceptible,susceptible,,acrF; blaEC; mdtM; uhpT_E350Q
562.22523,susceptible,susceptible,susceptible,,,acrF; blaEC-5; emrD; mdtM
562.22524,RESISTANT,susceptible,susceptible,susceptible,,acrF; blaEC; blaTEM-1; emrD; uhpT_E350Q
562.22525,RESISTANT,susceptible,susceptible,susceptible,,aadA1; acrF; blaEC-5; blaSHV-1; emrD; sul1; tet(D)
562.22526,susceptible,susceptible,susceptible,susceptible,,acrF; blaEC; emrD; marR_S3N
562.22527,RESISTANT,susceptible,RESISTANT,susceptible,,aadA5; acrF; blaEC; blaTEM-1; cyaA_S352T; dfrA17; emrD; gyrA_D87N; gyrA_S83L; mdtM; mph(A); mrx(A); parC_S57T; parC_S80I; parE_L416F; sul1; tet(B); uhpT_E350Q
562.22528,RESISTANT,susceptible,susceptible,susceptible,,aadA1; acrF; blaEC-5; blaSHV-1; emrD; sul1; tet(D)
562.22529,RESISTANT,RESISTANT,susceptible,susceptible,,aadA1; aadA2; acrF; blaEC; blaSHV-12; cmlA1; cyaA_S352T; emrD; estX-3; mdtM; sul3; tet(A)
562.22530,susceptible,susceptible,susceptible,susceptible,,aadA1; acrF; blaEC-5; emrD; sul1
562.22531,RESISTANT,susceptible,RESISTANT,susceptible,,acrF; aph(3'')-Ib; aph(6)-Id; blaEC; blaTEM-1; dfrA5; gyrA_D87N; gyrA_S83L; mdtM; parC_S80I; parE_S458A; sul2; tet(A)
562.22532,susceptible,susceptible,susceptible,susceptible,,acrF; blaEC; emrD; mdtM; uhpT_E350Q
562.22533,susceptible,susceptible,susceptible,susceptible,,acrF; blaEC; emrD; marR_S3N; tet(B)
562.22534,RESISTANT,susceptible,susceptible,susceptible,,acrF; blaEC-5; blaTEM-1; emrD; marR_S3N; sul2; uhpT_E350Q
562.22535,RESISTANT,RESISTANT,susceptible,susceptible,,acrF; aph(3'')-Ib; aph(3')-Ia; aph(6)-Id; blaCTX-M-14; blaEC; blaTEM-1; emrD; mdtM; sul2
562.22536,RESISTANT,RESISTANT,RESISTANT,susceptible,,aac(6')-Ib-cr5; aadA5; acrF; blaCTX-M-15; blaEC; blaOXA-1; catB3; dfrA17; emrD; gyrA_D87N; gyrA_S83L; mdtM; mph(A); mrx(A); parC_E84V; parC_S80I; parE_I529L; pmrB_V161G; ptsI_V25I; sul1; uhpT_E350Q
562.22537,RESISTANT,susceptible,susceptible,susceptible,,acrF; ampC_T-32A; blaEC-5; emrD
562.22538,RESISTANT,susceptible,susceptible,susceptible,,acrF; blaEC; emrD; gyrA_S83L; marR_S3N
562.22539,RESISTANT,susceptible,RESISTANT,susceptible,,aac(6')-Ib-cr5; aadA5; acrF; blaCTX-M-15; blaEC; blaOXA-1; catB3; dfrA17; emrD; gyrA_D87N; gyrA_S83L; mdtM; mph(A); mrx(A); parC_E84V; parC_S80I; parE_I529L; ptsI_V25I; sul1; tet(A); uhpT_E350Q
562.22540,RESISTANT,susceptible,susceptible,susceptible,,acrF; blaEC-5; blaTEM-1; emrD
562.22541,RESISTANT,RESISTANT,RESISTANT,susceptible,,aac(6')-Ib-cr5; aadA5; acrF; blaCTX-M-15; blaEC; blaOXA-1; catB3; dfrA17; emrD; gyrA_D87N; gyrA_S83L; mdtM; mph(A); mrx(A); parC_E84V; parC_S80I; parE_I529L; ptsI_V25I; sul1; tet(A); uhpT_E350Q
562.22542,susceptible,susceptible,susceptible,susceptible,,acrF; blaEC; mdtM; nfsA_A73GfsTer37
562.22543,RESISTANT,RESISTANT,,susceptible,,acrF; blaCMY-2; blaEC; blaTEM-1; emrD; gyrA_S83L; mdtM; parE_I529L; parE_S458A; ptsI_V25I; uhpT_E350Q
562.22544,RESISTANT,susceptible,susceptible,susceptible,,acrF; aph(3'')-Ib; blaEC; blaTEM-1; blaTEMp_C32T; cyaA_S352T; dfrA14; emrD; gyrA_S83L; mdtM; mph(A); mrx(A); sul2
562.22545,RESISTANT,susceptible,susceptible,susceptible,,acrF; blaEC-5; blaTEM-1; emrD; mdtM; pmrB_V161G
562.22546,RESISTANT,susceptible,susceptible,susceptible,,aadA5; acrF; aph(3'')-Ib; aph(6)-Id; blaEC; blaTEM-1; cyaA_S352T; dfrA17; emrD; mdtM; sul1; sul2; tet(B)
562.22547,RESISTANT,RESISTANT,susceptible,susceptible,,aadA5; acrF; blaCTX-M-1; blaEC; cirA_Q56Ter; cyaA_S352T; dfrA17; emrD; mdtM; sul2
562.22548,RESISTANT,susceptible,susceptible,susceptible,,acrF; aph(3')-Ia; blaEC; blaTEM-1; cyaA_S352T; emrD; tet(B)
562.22549,susceptible,susceptible,susceptible,susceptible,,acrF; blaEC; cirA_Q56Ter; cyaA_S352T; emrD; mdtM; parE_I355T; pmrB_V161G; uhpT_E350Q
562.22550,RESISTANT,susceptible,susceptible,susceptible,,acrF; ampC_C-11T; blaEC; emrD; marR_S3N; mdtM
562.22551,RESISTANT,susceptible,RESISTANT,susceptible,,aadA5; acrF; blaEC; blaSHV-12; blaTEM-1; dfrA17; emrD; gyrA_D87N; gyrA_S83L; mdtM; mph(A); mrx(A); parC_E84V; parC_S80I; parE_I529L; ptsI_V25I; sul1; uhpT_E350Q
562.22552,RESISTANT,susceptible,susceptible,susceptible,,aadA1; acrF; aph(6)-Id; blaEC-5; blaOXA-1; catA1; dfrA14; emrD; sul1; sul2
562.22553,susceptible,susceptible,susceptible,susceptible,,acrF; blaEC; emrD; mdtM
562.22554,RESISTANT,susceptible,susceptible,susceptible,,acrF; aph(3'')-Ib; aph(3')-Ia; aph(6)-Id; blaEC; blaTEM-1; dfrA5; mdtM; pmrB_V161G; sul2
562.22555,susceptible,susceptible,susceptible,susceptible,,acrF; blaEC; emrD; parE_I529L; ptsI_V25I; uhpT_E350Q
562.22556,susceptible,susceptible,susceptible,susceptible,,acrF; blaEC; cyaA_S352T; emrD; mdtM; pmrB_V161G; uhpT_E350Q
562.22557,RESISTANT,susceptible,susceptible,susceptible,,acrF; blaEC; blaTEM-1; emrD; marR_S3N; mdtM
562.22558,susceptible,susceptible,susceptible,susceptible,,acrF; blaEC; emrD; marR_S3N; mdtM
562.22559,RESISTANT,susceptible,susceptible,susceptible,,acrF; blaEC; blaTEM-1; cirA_Q56Ter; emrD; marR_S3N; mdtM
562.22560,RESISTANT,susceptible,RESISTANT,susceptible,,acrF; ampC_T-32A; blaEC-5; emrD; gyrA_S83L; mdtM; parC_G78D
562.22561,RESISTANT,susceptible,susceptible,susceptible,,aac(3)-IId; aadA5; acrF; blaEC; blaTEM-1; dfrA17; emrD; gyrA_D87N; gyrA_S83L; mdtM; mph(A); mrx(A); parC_E84V; parC_S80I; parE_I529L; ptsI_V25I; sul1; uhpT_E350Q
562.22562,RESISTANT,susceptible,susceptible,susceptible,,aadA5; acrF; acrR_E190RfsTer20; aph(3'')-Ib; aph(6)-Id; blaEC; blaTEM-1; cyaA_S352T; dfrA17; emrD; mph(A); mrx(A); sul1; sul2; tet(B)
562.22563,susceptible,susceptible,susceptible,susceptible,,acrF; blaEC; emrD; marR_S3N
562.22564,RESISTANT,susceptible,susceptible,susceptible,,acrF; blaEC; blaTEM-1; emrD; marR_S3N
562.22565,RESISTANT,susceptible,RESISTANT,susceptible,,acrF; blaEC; blaTEM-1; emrD; gyrA_D87N; gyrA_S83L; mdtM; parC_E84V; parC_S80I; parE_I529L; ptsI_V25I; tet(A); uhpT_E350Q
562.22566,RESISTANT,susceptible,susceptible,susceptible,,aadA1; acrF; aph(3'')-Ib; aph(6)-Id; blaEC; blaTEM-1; dfrA1; emrD; marR_S3N; sul1; sul2; tet(A)
562.22567,RESISTANT,susceptible,susceptible,susceptible,,aadA1; acrF; blaEC; blaOXA-1; catA1; dfrA1; gyrA_S83L; mdtM; sat2; sul1; tet(B)
562.22568,susceptible,susceptible,susceptible,susceptible,,acrF; blaEC-5; emrD
562.22569,RESISTANT,susceptible,susceptible,susceptible,,acrF; blaEC; blaTEM-34; blaTEMp_C32T; emrD; gyrA_S83L; marR_S3N; tet(B)
562.22570,susceptible,susceptible,susceptible,susceptible,,aadA1; acrF; aph(3'')-Ib; aph(6)-Id; blaEC; cirA_I160SfsTer34; dfrA1; emrD; nfsA_Q94Ter; sat2; sul2; uhpT_E350Q
562.22571,susceptible,susceptible,susceptible,susceptible,,acrF; blaEC-5; emrD; uhpT_E350Q
562.22572,RESISTANT,susceptible,susceptible,susceptible,,acrF; ampC_C-11T; blaEC-5; emrD
562.22573,susceptible,susceptible,susceptible,susceptible,,acrF; blaEC; emrD; marR_S3N; mdtM
562.22574,susceptible,susceptible,susceptible,susceptible,,acrF; blaEC-5; emrD; mdtM; pmrB_V161G
562.22576,susceptible,susceptible,susceptible,susceptible,,acrF; blaEC; emrD; marR_S3N
562.22577,RESISTANT,susceptible,susceptible,susceptible,,aadA1; acrF; blaEC; blaSHV-1; emrD; marR_S3N; pmrB_V161G; sul1
562.22578,susceptible,susceptible,susceptible,susceptible,,acrF; blaEC; cirA_V239RfsTer47; cyaA_S352T; emrD; uhpT_E350Q
562.22579,RESISTANT,susceptible,susceptible,susceptible,,acrF; blaEC-5; blaTEM-1; emrD; mdtM
562.22580,susceptible,susceptible,susceptible,susceptible,,acrF; blaEC; emrD; uhpT_E350Q
562.22581,RESISTANT,susceptible,susceptible,susceptible,,aadA1; acrF; aph(3'')-Ib; aph(6)-Id; blaEC-5; blaTEM-1; blaTEMp_C32T; cirA_I160SfsTer34; dfrA1; emrD; sul1; sul2; tet(B)
562.22582,RESISTANT,susceptible,RESISTANT,RESISTANT,,aac(3)-IId; acrF; blaEC; blaTEM-1; emrD; gyrA_D87N; gyrA_S83L; mdtM; parC_E84V; parC_S80I; parE_I529L; pmrB_V161G; ptsI_V25I; uhpT_E350Q
562.22583,RESISTANT,susceptible,RESISTANT,susceptible,,aadA5; acrF; aph(3'')-Ib; aph(6)-Id; blaEC; blaTEM-1; cyaA_S352T; dfrA17; emrD; gyrA_D87N; gyrA_S83L; mdtM; mph(A); mrx(A); parC_S57T; parC_S80I; parE_L416F; sul1; sul2; tet(B); uhpT_E350Q
562.22584,RESISTANT,susceptible,susceptible,susceptible,,acrF; blaEC; blaTEM-1; emrD; parE_D475E; pmrB_V161G
562.22585,susceptible,susceptible,susceptible,susceptible,,acrF; blaEC; emrD; marR_S3N; mdtM
562.22586,RESISTANT,susceptible,RESISTANT,susceptible,,aadA5; acrF; ampC_T-32A; aph(3'')-Ib; aph(6)-Id; blaEC; blaTEM-1; cyaA_S352T; dfrA17; dfrA8; emrD; gyrA_D87N; gyrA_S83L; mdtM; mph(A); mrx(A); parC_S57T; parC_S80I; parE_L416F; sul1; sul2; uhpT_E350Q
562.22587,RESISTANT,susceptible,susceptible,susceptible,,aadA1; acrF; aph(3'')-Ib; aph(6)-Id; blaEC-5; blaTEM-1; blaTEMp_C32T; dfrA1; emrD; sul1; sul2; tet(B)
562.22588,RESISTANT,RESISTANT,RESISTANT,susceptible,,aac(6')-Ib-cr5; aadA5; acrF; blaCTX-M-15; blaEC; blaOXA-1; catB3; dfrA17; emrD; gyrA_D87N; gyrA_S83L; mdtM; mph(A); mrx(A); parC_E84V; parC_S80I; parE_I529L; ptsI_V25I; sul1; tet(A); uhpT_E350Q
562.22589,susceptible,susceptible,susceptible,susceptible,,acrF; blaEC; emrD; marR_S3N; parE_D475E; pmrB_V161G
562.22590,susceptible,susceptible,susceptible,susceptible,,acrF; blaEC; emrD; uhpT_E350Q
562.22591,susceptible,susceptible,susceptible,susceptible,,acrF; blaEC; mdtM
562.22592,RESISTANT,susceptible,susceptible,susceptible,,aadA1; acrF; blaEC-5; blaSHV; emrD; pmrB_V161G; sul1
562.22593,RESISTANT,susceptible,susceptible,susceptible,,acrF; aph(3'')-Ib; aph(6)-Id; blaEC-5; blaTEM-1; catA1; emrD; sul2
562.22594,susceptible,susceptible,susceptible,susceptible,,aadA1; acrF; blaEC-5; emrD; sul1
562.22595,RESISTANT,susceptible,RESISTANT,susceptible,,aac(6')-Ib-cr5; aadA5; acrF; blaCTX-M-15; blaEC; blaOXA-1; catB3; dfrA17; emrD; gyrA_D87N; gyrA_S83L; mdtM; mph(A); mrx(A); parC_E84V; parC_S80I; parE_I529L; pmrB_V161G; ptsI_V25I; sul1; uhpT_E350Q
562.22596,RESISTANT,susceptible,RESISTANT,RESISTANT,,aac(3)-IId; aadA5; acrF; aph(3'')-Ib; aph(6)-Id; blaEC; blaTEM-1; dfrA17; emrD; gyrA_D87N; gyrA_S83L; mdtM; mph(A); mrx(A); ompC_Q82Ter; parC_E84V; parC_S80I; parE_I529L; ptsI_V25I; sul1; sul2; tet(A); uhpT_E350Q
562.22597,RESISTANT,susceptible,susceptible,susceptible,,acrF; blaEC; blaTEM-1; cirA_W621Ter; emrD; parE_I529L; ptsI_V25I; uhpT_E350Q
562.22598,susceptible,susceptible,susceptible,susceptible,,acrF; blaEC-5; emrD; pmrB_V161G; uhpT_E350Q
562.22599,susceptible,susceptible,susceptible,susceptible,,acrF; blaEC; emrD
562.22600,susceptible,susceptible,susceptible,susceptible,,acrF; blaEC; mdtM; mph(B); rdmCL
562.22601,susceptible,susceptible,RESISTANT,susceptible,,aadA5; acrF; blaEC; dfrA17; emrD; gyrA_D87N; gyrA_S83L; mdtM; mph(A); mrx(A); parC_E84V; parC_S80I; parE_I529L; ptsI_V25I; sul1; uhpT_E350Q
562.22602,susceptible,susceptible,RESISTANT,susceptible,,acrF; blaEC; cyaA_S352T; dfrA14; emrD; gyrA_D87N; gyrA_S83L; mdtM; mph(A); mrx(A); parC_S80I; tet(B)
562.22603,susceptible,susceptible,susceptible,susceptible,,acrF; blaEC-5; emrD; mdtM; pmrB_V161G
562.22604,susceptible,susceptible,susceptible,susceptible,,acrF; blaEC; blaTEM; emrD; marR_S3N; mdtM; pmrB_V161G
562.22605,RESISTANT,susceptible,susceptible,susceptible,,aadA1; acrF; aph(3'')-Ib; aph(6)-Id; blaEC; blaTEM-1; catA1; dfrA1; emrD; mph(B); pmrB_V161G; rdmCL; sul1; sul2; tet(A)
562.22606,susceptible,susceptible,susceptible,susceptible,,acrF; blaEC-5; emrD; pmrB_V161G
562.22607,RESISTANT,susceptible,susceptible,susceptible,,aadA1; acrF; aph(3'')-Ib; aph(6)-Id; blaEC; blaTEM-1; cirA_E450AfsTer30; cyaA_S352T; dfrA1; emrD; gyrA_S83L; mdtM; mph(B); pmrB_V161G; rdmCL; sul1; sul2
562.22608,susceptible,susceptible,susceptible,susceptible,,acrF; blaEC; mdtM
562.22609,susceptible,susceptible,susceptible,susceptible,,acrF; blaEC-5; emrD
562.22610,susceptible,susceptible,susceptible,susceptible,,aac(6')-Ib-cr5; aadA5; acrF; blaCTX-M-15; blaEC; blaOXA-1; catB3; dfrA17; emrD; gyrA_D87N; gyrA_S83L; mdtM; mph(A); mrx(A); parC_E84V; parC_S80I; parE_I529L; pmrB_V161G; ptsI_V25I; sul1; tet(A); uhpT_E350Q
562.22611,RESISTANT,RESISTANT,RESISTANT,susceptible,,aac(6')-Ib-cr5; aadA5; acrF; blaCTX-M-15; blaEC; blaOXA-1; catB3; dfrA17; emrD; gyrA_D87N; gyrA_S83L; mdtM; mph(A); mrx(A); parC_E84V; parC_S80I; parE_I529L; pmrB_V161G; ptsI_V25I; sul1; tet(A); uhpT_E350Q
562.22612,RESISTANT,susceptible,susceptible,susceptible,,acrF; aph(3')-Ia; blaEC; blaTEM-1; emrD; mdtM; parE_I529L; pmrB_V161G; ptsI_V25I; uhpT_E350Q
562.22613,susceptible,susceptible,susceptible,susceptible,,acrF; blaEC-5; emrD
562.22614,susceptible,susceptible,susceptible,susceptible,,acrF; blaEC; mdtM; pmrB_V161G
562.22615,susceptible,susceptible,susceptible,susceptible,,acrF; blaEC-5; emrD; pmrB_V161G
562.22617,susceptible,susceptible,susceptible,susceptible,,acrF; blaEC; emrD; marR_S3N
562.22618,RESISTANT,,susceptible,susceptible,,aadA5; acrF; blaCTX-M-192; blaEC; blaTEM; catA1; cyaA_S352T; dfrA17; emrD; erm(B); mdtM; mph(A); mrx(A); pmrB_V161G; sul1; tet(B); uhpT_E350Q
562.22619,RESISTANT,susceptible,,susceptible,,acrF; aph(3'')-Ib; aph(6)-Id; blaEC; blaTEM-1; cyaA_S352T; dfrA14; emrD; gyrA_S83L; mdtM; mph(A); mrx(A); parC_S80I; pmrB_V161G; sul2
562.22620,RESISTANT,susceptible,RESISTANT,susceptible,,aadA5; acrF; acrR_V29YfsTer60; blaEC; blaTEM-1; dfrA17; emrD; gyrA_D87N; gyrA_S83L; mdtM; mph(A); mrx(A); parC_E84V; parC_S80I; parE_I529L; ptsI_V25I; sul1; uhpT_E350Q
562.22621,susceptible,susceptible,susceptible,susceptible,,acrF; blaEC-5; cirA_W243Ter; emrD
562.22622,susceptible,susceptible,RESISTANT,susceptible,,acrF; blaEC; emrD; gyrA_D87N; gyrA_S83L; mdtM; parC_E84V; parC_S80I; parE_I529L; ptsI_V25I; uhpT_E350Q
562.22623,susceptible,susceptible,susceptible,susceptible,,acrF; blaEC-5; emrD; mdtM
562.22624,susceptible,susceptible,susceptible,susceptible,,aadA1; acrF; blaEC-5; emrD; sul1
562.22625,susceptible,susceptible,susceptible,susceptible,,acrF; blaEC; emrD; uhpT_E350Q
562.22626,RESISTANT,susceptible,RESISTANT,susceptible,,aadA2; acrF; arr; blaCARB-2; blaEC; blaTEM-1; catA1; catB3; emrD; gyrA_D87N; gyrA_S83L; mdtM; parC_E84V; parC_S80I; parE_I529L; ptsI_V25I; sul1; tet(B); uhpT_E350Q
562.22627,susceptible,susceptible,susceptible,susceptible,,acrF; blaEC; cirA_Q598Ter; emrD; uhpT_E350Q
562.22628,susceptible,susceptible,susceptible,susceptible,,acrF; acrR_V29YfsTer44; blaEC; mdtM
562.22629,susceptible,susceptible,susceptible,susceptible,,acrF; blaEC; emrD; marR_S3N; mdtM
562.22630,RESISTANT,susceptible,RESISTANT,susceptible,,acrF; acrR_S33Ter; aph(3'')-Ib; aph(6)-Id; blaEC; blaTEM-1; dfrA8; emrD; gyrA_D87N; gyrA_S83L; mdtM; ompF_S46LfsTer3; parC_E84V; parC_S80I; parE_I529L; ptsI_V25I; sul2; tet(A); uhpT_E350Q
562.22631,susceptible,susceptible,RESISTANT,susceptible,,acrF; acrR_V29YfsTer60; blaEC; emrD; gyrA_D87N; gyrA_S83L; mdtM; parC_E84V; parC_S80I; parE_I529L; ptsI_V25I; uhpT_E350Q
562.22632,RESISTANT,susceptible,susceptible,susceptible,,acrF; blaEC; blaTEM-1; emrD; marR_S3N; mdtM
562.22633,susceptible,susceptible,susceptible,susceptible,,acrF; blaEC; emrD; mdtM
562.22634,RESISTANT,susceptible,susceptible,susceptible,,acrF; acrR_V125insTer26; blaEC-5; emrD
562.22635,RESISTANT,susceptible,susceptible,RESISTANT,,aac(3)-IId; aadA2; acrF; ampC_T-32A; blaCARB-2; blaEC; blaTEM-1; catA1; dfrA12; emrD; ere(B); gyrA_S83L; mph(A); mrx(A); nfsA_Q44Ter; parE_I529L; pmrB_L10P; ptsI_V25I; sul1; tet(B); uhpT_E350Q
562.22636,susceptible,susceptible,RESISTANT,susceptible,,aadA1; aadA2; acrF; blaEC; cmlA1; cyaA_S352T; dfrA12; emrD; gyrA_D87N; gyrA_S83L; mdtM; parC_S80I; parE_S458A; sul3; tet(A)
562.22637,susceptible,susceptible,susceptible,susceptible,,acrF; blaEC; emrD; parE_I529L; ptsI_V25I; uhpT_E350Q
562.22638,RESISTANT,susceptible,susceptible,susceptible,,aadA1; acrF; blaEC-5; blaSHV-1; emrD; sul1
562.22639,RESISTANT,susceptible,susceptible,susceptible,,aadA1; acrF; aph(3'')-Ib; aph(6)-Id; blaEC; blaTEM-1; blaTEMp_C32T; cyaA_S352T; dfrA1; emrD; sul1; sul2; tet(A)
562.22640,RESISTANT,susceptible,susceptible,susceptible,,acrF; aph(3'')-Ib; aph(6)-Id; blaEC; blaTEM-1; dfrA14; mdtM; sul2
562.22641,susceptible,susceptible,susceptible,susceptible,,acrF; acrR_A191KfsTer21; blaEC; emrD; marR_S3N
562.22642,RESISTANT,susceptible,RESISTANT,susceptible,,acrF; blaEC; blaTEM-1; emrD; gyrA_D87N; gyrA_S83L; mdtM; parC_E84V; parC_S80I; parE_I529L; ptsI_V25I; uhpT_E350Q
562.22643,RESISTANT,susceptible,susceptible,susceptible,,acrF; ampC_T-32A; blaEC; emrD; mdtM
562.22644,RESISTANT,susceptible,susceptible,susceptible,,aadA1; acrF; blaEC-5; blaSHV-1; emrD; sul1
562.22645,susceptible,susceptible,susceptible,susceptible,,acrF; blaEC; emrD; marR_S3N; parE_D475E
562.22646,RESISTANT,susceptible,susceptible,susceptible,,aadA5; acrF; aph(3'')-Ib; aph(6)-Id; blaEC; blaTEM-1; dfrA17; emrD; gyrA_S83L; mdtM; mph(A); mrx(A); parE_I529L; ptsI_V25I; sul1; sul2; tet(A); uhpT_E350Q
562.22647,RESISTANT,susceptible,RESISTANT,susceptible,,aadA1; aadA5; acrF; aph(3'')-Ib; aph(6)-Id; blaEC; blaTEM-1; cirA_K212TerfsTer0; dfrA1; dfrA17; emrD; gyrA_D87N; gyrA_S83L; marR_S3N; parC_S80I; sat2; sul2; tet(A)
562.22648,RESISTANT,susceptible,susceptible,susceptible,,acrF; aph(3'')-Ib; aph(6)-Id; blaEC; blaTEM-1; emrD; gyrA_S83L; marR_S3N; mdtM; sul2
562.22649,susceptible,susceptible,susceptible,susceptible,,acrF; blaEC; emrD; marR_S3N; mdtM
562.22650,RESISTANT,susceptible,RESISTANT,RESISTANT,,aac(3)-IId; acrF; aph(3'')-Ib; blaEC; emrD; gyrA_D87N; gyrA_S83L; mdtM; mph(A); mrx(A); parC_E84V; parC_S80I; parE_I529L; pmrB_V161G; ptsI_V25I; sul2; tet(B); uhpT_E350Q
562.22651,RESISTANT,susceptible,RESISTANT,susceptible,,acrF; blaEC; blaTEM-1; catA1; gyrA_D87N; gyrA_S83L; mdtM; parC_S80I; tet(B)
562.22652,RESISTANT,susceptible,susceptible,susceptible,,aadA5; acrF; aph(3'')-Ib; aph(6)-Id; blaEC; blaTEM-1; cyaA_S352T; dfrA17; emrD; mdtM; sul1; sul2; tet(B)
562.22653,RESISTANT,susceptible,susceptible,susceptible,,acrF; blaEC; blaTEM-1; mdtM; tet(A)
562.22654,RESISTANT,susceptible,susceptible,susceptible,,acrF; blaEC; blaTEM-1; emrD; uhpT_E350Q
562.22655,RESISTANT,RESISTANT,RESISTANT,RESISTANT,,aac(3)-IIe; aac(6')-Ib-cr5; aadA5; acrF; blaCTX-M-15; blaEC; blaOXA-1; catB3; dfrA17; emrD; gyrA_D87N; gyrA_S83L; mdtM; mph(A); mrx(A); parC_E84V; parC_S80I; parE_I529L; ptsI_V25I; sul1; tet(A); uhpT_E350Q
562.22656,RESISTANT,susceptible,susceptible,susceptible,,aadA1; acrF; blaEC-5; blaSHV-1; emrD; sul1
562.22657,RESISTANT,susceptible,RESISTANT,susceptible,,aadA5; acrF; aph(3'')-Ib; aph(6)-Id; blaEC; blaTEM-1; emrD; gyrA_D87N; gyrA_S83L; mdtM; mph(A); mrx(A); parC_E84V; parC_S80I; parE_I529L; pmrB_V161G; ptsI_V25I; sul1; sul2; tet(A); uhpT_E350Q
562.22658,RESISTANT,susceptible,susceptible,susceptible,,acrF; blaEC; blaTEM-1; emrD; marR_S3N
562.22659,susceptible,susceptible,susceptible,susceptible,,acrF; blaEC; cirA_Q56Ter; cyaA_S352T; emrD; mdtM; parE_I355T; uhpT_E350Q
562.22660,susceptible,susceptible,susceptible,susceptible,,acrF; blaEC; mdtM
562.22661,RESISTANT,susceptible,susceptible,susceptible,,acrF; blaEC; emrD; marR_S3N; pmrB_V161G
562.22662,RESISTANT,susceptible,susceptible,susceptible,,acrF; aph(3'')-Ib; aph(6)-Id; blaEC; blaTEM-1; cyaA_S352T; emrD; mdtM; pmrB_V161G; sul2; tet(B)
562.22663,susceptible,susceptible,susceptible,susceptible,,acrF; blaEC-5; emrD
562.22664,susceptible,susceptible,susceptible,susceptible,,acrF; blaEC; emrD
562.22665,susceptible,susceptible,susceptible,susceptible,,acrF; blaEC-5; emrD; marR_S3N; mdtM; uhpT_E350Q
562.22666,susceptible,susceptible,susceptible,susceptible,,acrF; blaEC; cyaA_S352T; emrD; mdtM; parE_I355T; uhpT_E350Q
562.22667,RESISTANT,susceptible,susceptible,susceptible,,acrF; ampC_C-11T; blaEC; emrD; parE_D475E; uhpT_E350Q
562.22668,susceptible,susceptible,susceptible,susceptible,,acrF; blaEC; cirA_D147TfsTer1; emrD; gyrA_S83L; marR_S3N; mdtM
562.22669,RESISTANT,RESISTANT,RESISTANT,susceptible,,aac(6')-Ib-cr5; aadA5; acrF; blaCTX-M-15; blaEC; blaOXA-1; catB3; dfrA17; emrD; gyrA_D87N; gyrA_S83L; mdtM; mph(A); mrx(A); ompF_Q88Ter; parC_E84V; parC_S80I; parE_I529L; pmrB_V161G; ptsI_V25I; sul1; tet(A); uhpT_E350Q
562.22670,susceptible,susceptible,susceptible,susceptible,,acrF; blaEC; emrD; parE_I529L; ptsI_V25I; uhpT_E350Q
562.22671,RESISTANT,susceptible,susceptible,susceptible,,acrF; aph(3'')-Ib; aph(3')-Ia; aph(6)-Id; blaEC; blaTEM-1; emrD; gyrA_S83L; marR_S3N; tet(B)
562.22672,RESISTANT,susceptible,RESISTANT,RESISTANT,,aac(3)-IId; aadA5; acrF; aph(3'')-Ib; aph(6)-Id; blaEC; blaTEM-1; cyaA_S352T; dfrA17; emrD; gyrA_D87N; gyrA_S83L; mdtM; mph(A); mrx(A); parC_S80I; pmrB_V161G; sul1; sul2; tet(A)
562.22673,susceptible,susceptible,susceptible,susceptible,,acrF; blaEC; emrD; marR_S3N
562.22674,susceptible,susceptible,susceptible,susceptible,,acrF; blaEC; emrD; marR_S3N; tet(B)
562.22675,susceptible,susceptible,susceptible,susceptible,,acrF; blaEC; emrD; marR_S3N
562.22676,RESISTANT,susceptible,susceptible,susceptible,,aadA5; acrF; blaEC; blaTEM-1; cyaA_S352T; dfrA17; emrD; gyrA_S83A; mdtM; mph(A); mrx(A); pmrB_V161G; sul1
562.22677,RESISTANT,susceptible,RESISTANT,RESISTANT,,aac(3)-IId; aac(6')-Ib-cr5; aadA5; acrF; arr; blaEC; blaOXA-1; blaTEM-1; catA1; catB3; dfrA17; gyrA_D87N; gyrA_S83L; mdtM; mph(A); mrx(A); parC_S80I; parE_S458A; sul1; tet(B)
562.22678,susceptible,susceptible,susceptible,susceptible,,acrF; blaEC; emrD; uhpT_E350Q
562.22679,susceptible,susceptible,susceptible,susceptible,,acrF; blaEC; cyaA_S352T; emrD; mdtM
562.22680,RESISTANT,RESISTANT,RESISTANT,susceptible,,aac(6')-Ib-cr5; aadA5; acrF; blaCTX-M-15; blaEC; blaOXA-1; catB3; dfrA17; emrD; gyrA_D87N; gyrA_S83L; mdtM; mph(A); mrx(A); parC_E84V; parC_S80I; parE_I529L; ptsI_V25I; sul1; uhpT_E350Q
562.22681,RESISTANT,susceptible,susceptible,susceptible,,acrF; blaEC-5; blaTEM-1; emrD; marR_S3N; mdtM; tet(B); uhpT_E350Q
562.22682,RESISTANT,susceptible,susceptible,susceptible,,acrF; aph(3'')-Ib; aph(6)-Id; blaEC-5; blaTEM-1; emrD; pmrB_V161G
562.22683,RESISTANT,susceptible,susceptible,susceptible,,acrF; blaEC-5; blaTEM-1; emrD; sul2
562.22684,RESISTANT,susceptible,susceptible,susceptible,,acrF; blaEC-5; blaTEM-1; emrD; tet(B)
562.22685,RESISTANT,susceptible,,RESISTANT,,aac(3)-IId; aadA5; acrF; aph(3'')-Ib; aph(6)-Id; blaEC; blaTEM-1; dfrA17; emrD; gyrA_S83L; mdtM; mph(A); mrx(A); parE_I529L; parE_S458A; ptsI_V25I; sul1; sul2; tet(A); uhpT_E350Q
562.22686,RESISTANT,susceptible,susceptible,susceptible,,acrF; acrR_E64Ter; blaEC-5; blaTEM-1; emrD; sul2
562.22687,RESISTANT,susceptible,susceptible,susceptible,,acrF; acrR_I70YfsTer2; blaEC; blaTEM-1; mdtM
562.22688,RESISTANT,susceptible,susceptible,susceptible,,aadA5; acrF; aph(3'')-Ib; aph(6)-Id; blaEC; blaTEM-1; cyaA_S352T; dfrA17; emrD; mdtM; mph(A); mrx(A); sul2
562.22689,RESISTANT,susceptible,susceptible,,,aadA1; acrF; ant(2'')-Ia; blaEC; blaOXA-1; catA1; catB3; dfrA19; emrD; gyrA_S83L; sul1; tet(B)
562.22690,susceptible,susceptible,susceptible,susceptible,,acrF; blaEC; mdtM
562.22691,RESISTANT,susceptible,RESISTANT,RESISTANT,,aac(3)-IId; acrF; blaEC; blaTEM-1; emrD; gyrA_D87N; gyrA_S83L; mdtM; parC_S80I; parE_L445H; ptsI_V25I; uhpT_E350Q
562.22692,RESISTANT,susceptible,susceptible,susceptible,,acrF; aph(3'')-Ib; aph(6)-Id; blaEC; blaTEM-1; blaTEMp_C32T; catA1; dfrA14; mdtM; mph(A); mrx(A); sul2
562.22693,RESISTANT,susceptible,susceptible,susceptible,,aadA5; acrF; blaEC; blaTEM-1; cyaA_S352T; dfrA17; emrD; mdtM; sul1
562.22694,RESISTANT,susceptible,RESISTANT,susceptible,,acrF; blaEC; blaTEM-1; emrD; gyrA_D87N; gyrA_S83L; mdtM; mph(A); mrx(A); parC_E84V; parC_S80I; parE_I529L; ptsI_V25I; tet(A); uhpT_E350Q
562.22695,RESISTANT,susceptible,susceptible,susceptible,,acrF; aph(3'')-Ib; aph(6)-Id; blaEC; blaTEM-1; blaTEMp_C32T; cyaA_S352T; dfrA5; emrD; sul1; sul2
562.22696,RESISTANT,RESISTANT,susceptible,susceptible,,acrF; blaCTX-M-14; blaEC; emrD
562.22697,susceptible,susceptible,susceptible,susceptible,,acrF; blaEC-5; emrD; uhpT_E350Q
562.22698,susceptible,susceptible,susceptible,susceptible,,acrF; blaEC-5; emrD; marR_S3N; uhpT_E350Q
562.22699,susceptible,susceptible,susceptible,susceptible,,acrF; blaEC; cirA_A631RfsTer12; emrD; tet(B); uhpT_E350Q
562.22700,RESISTANT,RESISTANT,RESISTANT,RESISTANT,,aac(3)-IIe; aac(6')-Ib-cr5; aadA5; acrF; aph(3'')-Ib; aph(6)-Id; blaCTX-M-15; blaEC; blaOXA-1; catB3; dfrA17; gyrA_D87N; gyrA_S83L; mdtM; mph(A); mrx(A); parC_S80I; parE_S458T; sul1; sul2; tet(B)
562.22701,RESISTANT,susceptible,susceptible,susceptible,,acrF; aph(3'')-Ib; aph(6)-Id; blaEC; blaTEM-1; cyaA_S352T; mdtM; sul2; tet(B)
562.22702,RESISTANT,susceptible,susceptible,susceptible,,acrF; blaEC-5; blaTEM-30; emrD; mdtM
562.22703,RESISTANT,susceptible,susceptible,susceptible,,acrF; aph(3'')-Ib; aph(3')-Ia; aph(6)-Id; blaEC; blaTEM-1; dfrA5; emrD; marR_S3N; pmrB_V161G; sul2
562.22704,susceptible,susceptible,susceptible,susceptible,,acrF; blaEC-5; emrD; mdtM
562.22705,susceptible,susceptible,susceptible,susceptible,,acrF; blaEC; emrD; marR_S3N; mdtM
562.22706,susceptible,susceptible,susceptible,susceptible,,acrF; blaEC-5; dfrA7; emrD; marR_S3N; parE_I355T; sul1; tet(B); uhpT_E350Q
562.22707,RESISTANT,susceptible,susceptible,susceptible,,acrF; aph(3'')-Ib; aph(6)-Id; blaEC; blaTEM-1; dfrA5; mdtM; sul2; tet(A)
562.22708,RESISTANT,susceptible,RESISTANT,RESISTANT,,aac(3)-IIe; acrF; aph(3'')-Ib; aph(6)-Id; blaEC; blaTEM-1; blaTEMp_C32T; catA1; cyaA_S352T; dfrA14; emrD; erm(B); gyrA_D87N; gyrA_S83L; mdtM; mph(A); mrx(A); nfsA_G126R; parC_A108V; parC_S80I; parE_S458A; pmrB_V161G; sul2; tet(B)
562.22709,susceptible,susceptible,susceptible,susceptible,,acrF; blaEC; emrD; marR_S3N; mdtM
562.22710,susceptible,susceptible,susceptible,susceptible,,acrF; blaEC-5; emrD; uhpT_E350Q
562.22711,RESISTANT,susceptible,susceptible,susceptible,,acrF; aph(3'')-Ib; aph(3')-Ia; aph(6)-Id; blaEC; blaTEM-1; dfrA5; emrD; marR_S3N; mdtM; sul2; tet(A)
562.22712,susceptible,susceptible,susceptible,susceptible,,acrF; blaEC-5; emrD; pmrB_V161G
562.22713,RESISTANT,susceptible,susceptible,susceptible,,acrF; blaEC; blaTEM-1; cyaA_S352T; emrD; mdtM
562.22714,RESISTANT,susceptible,susceptible,susceptible,,aadA1; acrF; blaEC-5; blaTEM-1; dfrA1; emrD; mdtM; sat2
562.22715,RESISTANT,susceptible,susceptible,susceptible,,aadA2; acrF; blaCARB-2; blaEC; emrD; marR_S3N; sul1
562.22716,RESISTANT,susceptible,susceptible,susceptible,,acrF; blaEC; blaTEM-1; emrD; tet(A); uhpT_E350Q
562.22717,RESISTANT,RESISTANT,RESISTANT,RESISTANT,,aac(3)-IId; aac(6')-Ib-cr5; acrF; arr; blaCTX-M-15; blaEC; blaOXA-1; blaTEM-1; catB3; emrD; gyrA_D87N; gyrA_S83L; mdtM; mph(A); mrx(A); nfsA_I228NfsTer49; parC_E84V; parC_S80I; parE_I529L; ptsI_V25I; sul1; uhpT_E350Q
562.22718,RESISTANT,susceptible,RESISTANT,susceptible,,aadA5; acrF; aph(3'')-Ib; aph(6)-Id; blaEC; blaTEM-1; dfrA17; emrD; gyrA_D87N; gyrA_S83L; mdtM; mph(A); mrx(A); parC_E84V; parC_S80I; parE_I529L; ptsI_V25I; sul1; sul2; tet(A); uhpT_E350Q
562.22719,susceptible,susceptible,susceptible,susceptible,,acrF; aph(3'')-Ib; aph(6)-Id; blaEC; emrD; sul2; tet(A)
562.22720,susceptible,susceptible,susceptible,susceptible,,acrF; blaEC; mdtM
562.22721,RESISTANT,susceptible,RESISTANT,susceptible,,aadA1; acrF; aph(3'')-Ib; aph(6)-Id; blaEC; blaTEM-1; cirA_D385GfsTer7; dfrA1; emrD; fosA; gyrA_D87N; gyrA_S83L; marR_S3N; parC_S80I; sat2; sul2; tet(A)
562.22722,RESISTANT,susceptible,susceptible,susceptible,,aadA1; acrF; blaEC; blaTEM-1; cirA_Q56Ter; cyaA_S352T; dfrA1; emrD; mdtM; sul1; tet(A)
562.22723,RESISTANT,susceptible,susceptible,susceptible,,acrF; aph(3'')-Ib; aph(6)-Id; blaEC; blaTEM-1; dfrA5; emrD; marR_S3N; mdtM; sul1; sul2; tet(A)
562.22724,RESISTANT,susceptible,RESISTANT,susceptible,,aadA25; acrF; aph(3'')-Ib; aph(6)-Id; blaEC; blaTEM-1; dfrB1; gyrA_D87N; gyrA_S83L; lnu(G); mdtM; parC_S80I; parE_S458A; sul2; tet(A)
562.22725,susceptible,susceptible,susceptible,susceptible,,acrF; blaEC; emrD
562.22726,susceptible,susceptible,susceptible,susceptible,,acrF; blaEC; emrD; marR_S3N; ompC_Q82Ter
562.22727,RESISTANT,susceptible,susceptible,susceptible,,acrF; blaEC; blaTEM-1; emrD; marR_S3N; pmrB_V161G
562.22728,RESISTANT,susceptible,susceptible,susceptible,,acrF; blaEC; blaTEM-1; dfrA5; emrD; marR_S3N; sul1
562.22729,RESISTANT,susceptible,susceptible,susceptible,,acrF; aph(3'')-Ib; aph(6)-Id; blaEC; blaTEM-1; emrD; marR_S3N; mdtM; sul2
562.22730,susceptible,susceptible,susceptible,susceptible,,acrF; blaEC; emrD; gyrA_S83L; marR_S3N; mdtM; tet(B)
562.22731,susceptible,susceptible,susceptible,susceptible,,acrF; blaEC; emrD; gyrA_S83L; marR_S3N; parE_D475E
562.22732,susceptible,susceptible,susceptible,susceptible,,acrF; blaEC; emrD; marR_S3N; mdtM
562.22733,RESISTANT,RESISTANT,RESISTANT,susceptible,,acrF; blaCTX-M-27; blaEC; emrD; gyrA_D87N; gyrA_S83L; mdtM; parC_E84V; parC_S80I; parE_I529L; ptsI_V25I; uhpT_E350Q
562.22734,RESISTANT,susceptible,susceptible,susceptible,,acrF; blaEC; blaTEM-1; catA1; cyaA_S352T; dfrA7; emrD; gyrA_S83L; pmrB_V161G; sul1; tet(D)
562.22735,RESISTANT,susceptible,susceptible,susceptible,,acrF; aph(3'')-Ib; aph(6)-Id; blaEC; blaTEM-1; cyaA_S352T; emrD; gyrA_S83A; mdtM; mph(A); mrx(A); pmrB_V161G; sul2
562.22736,susceptible,susceptible,susceptible,susceptible,,acrF; blaEC; dfrA5; emrD; gyrA_S83L; marR_S3N; mdtM
562.22737,susceptible,susceptible,susceptible,susceptible,,acrF; blaEC; blaTEM; cyaA_S352T; emrD; mdtM
562.22738,susceptible,susceptible,susceptible,susceptible,,acrF; blaEC-5; emrD; mdtM
562.22740,susceptible,susceptible,susceptible,susceptible,,acrF; blaEC; emrD; uhpT_E350Q
562.22741,RESISTANT,susceptible,susceptible,susceptible,,acrF; blaEC; blaTEM-1; cirA_S90YfsTer15; cyaA_S352T; dfrA4; emrD; sul2; tet(B)
562.22742,RESISTANT,susceptible,susceptible,susceptible,,aadA1; acrF; blaEC; blaTEM-1; dfrA1; emrD; sul1; tet(A)
562.22743,RESISTANT,susceptible,susceptible,susceptible,,acrF; blaEC; emrD; marR_Q117Ter
562.22744,RESISTANT,susceptible,susceptible,susceptible,,acrF; blaEC; blaSHV-1; emrD; mdtM
562.22745,RESISTANT,susceptible,susceptible,susceptible,,acrF; blaEC-5; blaTEM-1; blaTEMp_C32T; emrD; mdtM; tet(B)
562.22746,RESISTANT,susceptible,RESISTANT,susceptible,,aac(3)-IId; blaEC; blaTEM-1; cyaA_S352T; gyrA_D87N; gyrA_S83L; mdtM; parC_S80I; parE_S458A
562.22747,RESISTANT,susceptible,susceptible,susceptible,,aadA1; acrF; aph(3'')-Ib; aph(6)-Id; blaEC; blaTEM-1; dfrA1; mdtM; mph(B); rdmCL; sul1; sul2; tet(A)
562.22748,RESISTANT,susceptible,susceptible,susceptible,,aadA4; acrF; aph(3'')-Ib; aph(3')-Ia; aph(6)-Id; blaEC; blaTEM-1; cirA_W243Ter; dfrA21; emrD; marR_S3N; pmrB_V161G; sul2; tet(B)
562.22749,RESISTANT,susceptible,susceptible,susceptible,,acrF; aph(3'')-Ib; aph(6)-Id; blaEC; blaTEM-1; cyaA_S352T; emrD; mdtM; mph(A); mrx(A); sul2; tet(A)
562.22750,RESISTANT,susceptible,susceptible,susceptible,,acrF; aph(3'')-Ib; aph(6)-Id; blaEC; blaTEM-40; blaTEMp_C32T; cyaA_S352T; emrD; gyrA_S83L; nfsA_Q67Ter; pmrB_V161G; sul2; tet(B)
562.22751,RESISTANT,susceptible,susceptible,susceptible,,aadA5; acrF; aph(3'')-Ib; aph(6)-Id; blaEC; blaTEM-1; cyaA_S352T; dfrA17; emrD; mdtM; mph(A); mrx(A); sul1; sul2
562.22752,RESISTANT,susceptible,susceptible,susceptible,,acrF; aph(3'')-Ib; aph(6)-Id; blaEC-5; blaTEM-1; dfrA7; emrD; marR_S3N; sul1; sul2; uhpT_E350Q
562.22753,susceptible,susceptible,susceptible,susceptible,,acrF; blaEC; emrD; marR_S3N
562.22754,RESISTANT,RESISTANT,RESISTANT,RESISTANT,,aac(3)-IIe; aac(6')-Ib-cr5; aadA5; acrF; blaCTX-M-15; blaEC; blaOXA-1; catB3; dfrA17; emrD; gyrA_D87N; gyrA_S83L; mdtM; mph(A); mrx(A); parC_E84V; parC_S80I; parE_I529L; ptsI_V25I; sul1; uhpT_E350Q
562.22755,RESISTANT,susceptible,susceptible,susceptible,,aadA5; acrF; aph(3'')-Ib; aph(6)-Id; blaEC; blaTEM-1; dfrA17; emrD; gyrA_S83L; mdtM; mph(A); mrx(A); parE_I529L; ptsI_V25I; sul1; sul2; tet(A); uhpT_E350Q
562.22756,RESISTANT,susceptible,susceptible,susceptible,,acrF; aph(3'')-Ib; aph(6)-Id; blaEC; blaTEM-1; emrD; marR_S3N; sul2
562.22757,RESISTANT,susceptible,susceptible,susceptible,,acrF; blaEC; blaTEM-1; cirA_Q56Ter; cyaA_S352T; emrD; mdtM; parE_I355T; uhpT_E350Q
562.22758,RESISTANT,susceptible,susceptible,susceptible,,acrF; aph(3'')-Ib; aph(6)-Id; blaEC; blaTEM-1; dfrA5; mdtM; sul2
562.22759,RESISTANT,susceptible,susceptible,susceptible,,aadA1; acrF; blaEC-5; blaSHV-1; emrD; sul1
562.22760,susceptible,susceptible,susceptible,susceptible,,acrF; blaEC; mdtM; tet(B); uhpT_E350Q
562.22761,RESISTANT,susceptible,RESISTANT,susceptible,,acrF; aph(3'')-Ib; aph(3')-Ia; aph(6)-Id; blaEC; blaTEM-1; catA1; emrD; sul2
562.22762,susceptible,susceptible,susceptible,susceptible,,acrF; blaEC; emrD; mdtM; parE_I529L; ptsI_V25I; uhpT_E350Q
562.22763,susceptible,susceptible,susceptible,susceptible,,acrF; blaEC; cyaA_S352T; emrD; mdtM
562.22764,RESISTANT,RESISTANT,susceptible,susceptible,,aadA1; acrF; aph(3'')-Ib; aph(3')-Ia; aph(6)-Id; blaCTX-M-14; blaEC; blaTEM-1; cyaA_S352T; dfrA1; emrD; nfsA_Q113Ter; sat2; sul2; tet(D)
562.22765,RESISTANT,susceptible,RESISTANT,susceptible,,aadA5; acrF; aph(3'')-Ib; aph(6)-Id; blaEC; blaTEM-1; cyaA_S352T; dfrA17; emrD; gyrA_D87N; gyrA_S83L; mdtM; mph(A); mrx(A); parC_S57T; parC_S80I; parE_L416F; sul1; sul2; tet(B); uhpT_E350Q
562.22766,RESISTANT,susceptible,susceptible,RESISTANT,,aac(3)-IId; acrF; aph(3'')-Ib; aph(6)-Id; blaEC; blaTEM-1; dfrA17; emrD; gyrA_S83L; marR_S3N; sul2; tet(A)
562.22767,RESISTANT,susceptible,RESISTANT,susceptible,,aadA1; acrF; aph(3'')-Ib; aph(6)-Id; blaEC; blaTEM-1; cirA_K212TerfsTer0; dfrA1; emrD; gyrA_D87N; gyrA_S83L; marR_S3N; parC_S80I; sat2; sul2; tet(A)
562.22768,RESISTANT,RESISTANT,RESISTANT,susceptible,,aac(6')-Ib-cr5; aadA5; acrF; blaCTX-M-15; blaEC; blaOXA-1; blaTEM-1; catB3; dfrA17; emrD; gyrA_D87N; gyrA_S83L; mdtM; parC_E84V; parC_S80I; parE_I529L; ptsI_V25I; sul1; uhpT_E350Q
562.22769,susceptible,susceptible,susceptible,susceptible,,aadA1; acrF; blaEC-5; dfrA1; emrD; mdtM; sat2
562.22770,RESISTANT,susceptible,RESISTANT,susceptible,,aadA1; aadA2; acrF; blaEC; blaTEM-1; blaTEMp_C32T; cmlA1; estX-3; gyrA_D87N; gyrA_S83L; mdtM; parC_S80I; parE_S458T; sul3
562.22771,RESISTANT,susceptible,susceptible,susceptible,,aadA1; acrF; blaEC; blaTEM-1; dfrA1; emrD; gyrA_S83L; marR_S3N; sat2; tet(B)
562.22772,RESISTANT,susceptible,susceptible,susceptible,,aadA5; acrF; aph(3'')-Ib; aph(6)-Id; blaEC; blaTEM-1; cyaA_S352T; dfrA17; emrD; mdtM; sul2
562.22773,susceptible,susceptible,susceptible,susceptible,,acrF; blaEC; emrD; parE_I529L; ptsI_V25I; uhpT_E350Q
562.22774,RESISTANT,susceptible,susceptible,susceptible,,acrF; blaEC-5; blaTEM-70; emrD; tet(B)
562.22775,RESISTANT,susceptible,susceptible,susceptible,,acrF; aph(3'')-Ib; aph(3')-Ia; aph(6)-Id; blaEC; blaTEM-1; dfrA5; mdtM; pmrB_V161G; sul2; tet(B)
562.22776,susceptible,susceptible,susceptible,susceptible,,acrF; blaEC; emrD; uhpT_E350Q
562.22777,susceptible,susceptible,susceptible,susceptible,,acrF; blaEC; emrD; marR_S3N; pmrB_V161G
562.22778,RESISTANT,susceptible,susceptible,RESISTANT,,aac(3)-IId; acrF; aph(3'')-Ib; aph(6)-Id; blaEC; blaTEM-1; emrD; gyrA_S83L; mdtM; parE_I529L; ptsI_V25I; sul2; tet(A); uhpT_E350Q
562.22779,susceptible,susceptible,susceptible,susceptible,,acrF; blaEC; cyaA_S352T; emrD; mdtM; tet(B)
562.22780,RESISTANT,susceptible,susceptible,susceptible,,aadA1; acrF; blaEC; blaTEM-1; dfrA; mdtM; mph(B); rdmCL; sul1
562.22781,susceptible,susceptible,susceptible,susceptible,,acrF; blaEC; emrD; marR_S3N; pmrB_V161G
562.22782,RESISTANT,susceptible,susceptible,susceptible,,acrF; blaEC-5; blaTEM-1; emrD
562.22783,RESISTANT,RESISTANT,RESISTANT,susceptible,,aac(6')-Ib-cr5; aadA5; acrF; blaCTX-M-15; blaEC; blaOXA-1; catB3; cirA_I91GfsTer11; dfrA17; emrD; gyrA_D87N; gyrA_S83L; mdtM; mph(A); mrx(A); parC_E84V; parC_S80I; parE_I529L; pmrB_V161G; ptsI_V25I; sul1; tet(A); uhpT_E350Q
562.22784,RESISTANT,susceptible,susceptible,susceptible,,acrF; blaEC; blaTEM-1; emrD; parE_I529L; ptsI_V25I; tet(A); uhpT_E350Q
562.22785,RESISTANT,susceptible,susceptible,susceptible,,acrF; aph(3'')-Ib; aph(6)-Id; blaEC; blaTEM-1; cyaA_S352T; emrD; mdtM; pmrB_V161G; sul2
562.22786,RESISTANT,susceptible,susceptible,susceptible,,aadA5; acrF; aph(3'')-Ib; aph(6)-Id; blaEC; blaTEM-1; cyaA_S352T; dfrA17; emrD; mdtM; sul1; sul2
562.22787,RESISTANT,RESISTANT,RESISTANT,susceptible,,acrF; blaEC-5; blaTEM-30; emrD
562.22788,RESISTANT,susceptible,susceptible,susceptible,,acrF; blaEC; emrD; nfsA_E137IfsTer4; nfsB_W94Ter
562.22789,RESISTANT,susceptible,susceptible,susceptible,,acrF; aph(3'')-Ib; aph(6)-Id; blaEC; blaTEM-1; emrD; marR_S3N; mdtM; sul2
562.22790,susceptible,susceptible,susceptible,susceptible,,acrF; blaEC-5; emrD; mdtM
562.22791,susceptible,susceptible,susceptible,susceptible,,acrF; blaEC; emrD; uhpT_E350Q
562.22792,RESISTANT,susceptible,susceptible,susceptible,,aadA1; acrF; aph(3'')-Ib; aph(6)-Id; blaEC; blaTEM-1; catA1; cyaA_S352T; dfrA1; emrD; nfsA_Y128PfsTer6; pmrB_V161G; sat2; sul2; tet(D)
562.22793,RESISTANT,susceptible,susceptible,susceptible,,acrF; ampC_T-14TGT; blaEC; emrD; marR_S3N
562.22794,RESISTANT,susceptible,RESISTANT,RESISTANT,,aac(3)-IId; aadA5; acrF; blaEC-5; blaTEM-1; dfrA17; emrD; gyrA_D87N; gyrA_S83L; marR_S3N; parC_S80I; parE_L416F; sul1; uhpT_E350Q
562.22795,susceptible,susceptible,susceptible,susceptible,,acrF; blaEC; emrD; uhpT_E350Q
562.22796,susceptible,susceptible,susceptible,susceptible,,acrF; blaEC; emrD
562.22797,susceptible,susceptible,RESISTANT,susceptible,,acrF; blaEC; emrD; gyrA_D87N; gyrA_S83L; mdtM; parC_E84V; parC_S80I; parE_I529L; ptsI_V25I; uhpT_E350Q
562.22798,susceptible,susceptible,susceptible,susceptible,,acrF; blaEC-5; emrD; marR_S3N; mdtM; uhpT_E350Q
562.22799,susceptible,susceptible,susceptible,susceptible,,acrF; blaEC-5; emrD; marR_S3N; mdtM; uhpT_E350Q
562.22800,RESISTANT,susceptible,susceptible,susceptible,,acrF; blaEC-5; emrD
562.22801,susceptible,susceptible,susceptible,susceptible,,acrF; blaEC; emrD; marR_S3N; pmrB_V161G
562.22802,RESISTANT,susceptible,susceptible,susceptible,,aadA11; acrF; ampC_C-11T; aph(3'')-Ib; aph(3')-Ia; aph(6)-Id; blaEC; blaTEM-1; dfrA1; gyrA_S83L; mdtM; sul1; sul2; tet(A)
562.22803,susceptible,susceptible,susceptible,susceptible,,acrF; blaEC; emrD; marR_S3N; mdtM
562.22804,susceptible,susceptible,susceptible,susceptible,,acrF; blaEC; emrD; marR_S3N; mdtM
562.22805,RESISTANT,susceptible,susceptible,susceptible,,acrF; blaEC; blaTEM-1; emrD; marR_S3N; mdtM
562.22806,RESISTANT,susceptible,RESISTANT,susceptible,,aac(6')-Ib-cr5; aadA5; acrF; blaEC; blaOXA-1; catB3; dfrA17; emrD; gyrA_D87N; gyrA_S83L; mdtM; mph(A); mrx(A); parC_E84V; parC_S80I; parE_I529L; ptsI_V25I; sul1; tet(A); uhpT_E350Q
562.22807,RESISTANT,susceptible,susceptible,susceptible,,acrF; blaEC; blaTEM-1; cyaA_S352T; emrD; mdtM; pmrB_V161G; tet(A); uhpT_E350Q
562.22808,susceptible,susceptible,susceptible,susceptible,,acrF; blaEC; emrD; marR_S3N; mdtM
562.22809,susceptible,susceptible,susceptible,susceptible,,acrF; blaEC; mdtM
562.22810,susceptible,susceptible,susceptible,susceptible,,acrF; blaEC; mdtM
562.22811,RESISTANT,RESISTANT,RESISTANT,susceptible,,aadA5; acrF; aph(3'')-Ib; aph(6)-Id; blaCTX-M-27; blaEC; dfrA17; emrD; gyrA_D87N; gyrA_S83L; mdtM; mph(A); mrx(A); parC_E84V; parC_S80I; parE_I529L; pmrB_P94Q; ptsI_V25I; sul1; sul2; tet(A); uhpT_E350Q
562.22812,RESISTANT,susceptible,susceptible,susceptible,,acrF; aph(3'')-Ib; aph(6)-Id; blaEC-5; blaTEM-40; emrD; sul2
562.22813,RESISTANT,RESISTANT,RESISTANT,susceptible,,aac(6')-Ib-cr5; aadA5; acrF; blaCTX-M-15; blaEC; blaOXA-1; catB3; dfrA17; emrD; gyrA_D87N; gyrA_S83L; mdtM; mph(A); mrx(A); parC_E84V; parC_S80I; parE_I529L; ptsI_V25I; sul1; uhpT_E350Q
562.22814,susceptible,susceptible,susceptible,susceptible,,aadA5; acrF; blaEC; catA1; dfrA17; emrD; mdtM; mph(A); mrx(A); parE_I529L; ptsI_V25I; sul1; tet(B); uhpT_E350Q
562.22815,RESISTANT,susceptible,susceptible,susceptible,,aadA5; acrF; aph(3'')-Ib; aph(6)-Id; blaEC; blaTEM-1; dfrA17; emrD; gyrA_S83L; mdtM; mph(A); mrx(A); parE_I529L; ptsI_V25I; sul1; sul2; tet(A); uhpT_E350Q
562.22816,RESISTANT,susceptible,susceptible,susceptible,,acrF; blaEC-5; blaTEM-1; emrD; mdtM
562.22817,susceptible,susceptible,susceptible,susceptible,,acrF; blaEC-5; emrD
562.22818,RESISTANT,susceptible,susceptible,susceptible,,acrF; aph(3'')-Ib; aph(6)-Id; blaEC-5; blaTEM-1; emrD; mdtM; pmrB_V161G
562.22819,RESISTANT,susceptible,susceptible,susceptible,,aadA1; acrF; acrR_Q78Ter; blaEC-5; blaSHV-1; emrD; sul1; tet(D)
562.22820,RESISTANT,susceptible,susceptible,susceptible,,acrF; aph(3'')-Ib; aph(6)-Id; blaEC; blaTEM-1; dfrA5; emrD; parE_I529L; ptsI_V25I; sul2; uhpT_E350Q
562.22821,RESISTANT,RESISTANT,RESISTANT,RESISTANT,,aac(3)-IIe; aac(6')-Ib-cr5; aadA5; acrF; blaCTX-M-15; blaEC; blaOXA-1; catB3; dfrA17; emrD; gyrA_D87N; gyrA_S83L; mdtM; mph(A); mrx(A); parC_E84V; parC_S80I; parE_I529L; pmrB_V161G; ptsI_V25I; sul1; tet(A); uhpT_E350Q
562.22822,RESISTANT,RESISTANT,RESISTANT,susceptible,,aadA5; acrF; blaCTX-M-15; blaEC; dfrA17; emrD; gyrA_D87N; gyrA_S83L; mdtM; mph(A); mrx(A); parC_E84V; parC_S80I; parE_I529L; ptsI_V25I; sul1; uhpT_E350Q
562.22823,susceptible,susceptible,susceptible,susceptible,,acrF; blaEC; emrD; uhpT_E350Q
562.22824,susceptible,susceptible,susceptible,susceptible,,acrF; blaEC; emrD; marR_S3N
562.22825,RESISTANT,susceptible,susceptible,susceptible,,acrF; blaEC; blaTEM-1; emrD; uhpT_E350Q
562.22826,RESISTANT,susceptible,susceptible,susceptible,,aadA1; acrF; blaEC; blaSHV-1; emrD; mdtM; sul1
562.22827,susceptible,susceptible,susceptible,susceptible,,acrF; blaEC; emrD
562.22872,RESISTANT,susceptible,susceptible,susceptible,,acrF; aph(3'')-Ib; blaEC; blaTEM-1; emrD; sul2; uhpT_E350Q
562.22873,RESISTANT,susceptible,susceptible,susceptible,,aadA1; acrF; blaEC; blaTEM-1; dfrA1; emrD; nfsA_W159Ter; sul1; tet(B)
562.22874,susceptible,susceptible,susceptible,susceptible,,acrF; aph(3'')-Ib; aph(6)-Id; blaEC; mdtM
562.22875,RESISTANT,susceptible,susceptible,susceptible,,aadA2; acrF; blaEC; blaTEM-1; cirA_I229YfsTer1; dfrA12; mdtM; mph(A); mrx(A); tet(B)
562.22876,RESISTANT,susceptible,susceptible,susceptible,,acrF; blaEC; blaTEM-1; emrD; mdtM; parE_I529L; ptsI_V25I; tet(B); uhpT_E350Q
562.22877,susceptible,susceptible,susceptible,susceptible,,acrF; blaEC-5; emrD
562.22878,susceptible,susceptible,susceptible,susceptible,,acrF; blaEC; emrD; parE_I529L; ptsI_V25I; uhpT_E350Q
562.22879,susceptible,susceptible,RESISTANT,susceptible,,aadA1; acrF; aph(3'')-Ib; aph(3')-Ia; aph(6)-Id; blaEC; cyaA_S352T; dfrA1; emrD; gyrA_D87Y; gyrA_S83L; mdtM; nfsA_M110TerfsTer0; parC_S80I; sat2; sul2; tet(B)
562.22880,RESISTANT,susceptible,,susceptible,,aadA5; acrF; blaEC; blaTEM-1; cyaA_S352T; dfrA17; emrD; gyrA_S83L; mdtM; parC_E84G; sul1; sul2
562.22909,,susceptible,susceptible,susceptible,,acrF; ampC_C-42T; blaEC; mdtM; uhpT_E350Q
562.22910,,susceptible,susceptible,susceptible,,acrF; blaEC; emrD; marR_S3N; mdtM
562.22911,,susceptible,susceptible,susceptible,,acrF; blaEC-5; emrD; mdtM; pmrB_V161G
562.22912,,susceptible,susceptible,susceptible,,acrF; blaEC; cirA_Y390Ter; emrD
562.22913,,susceptible,,susceptible,,acrF; blaEC; cyaA_S352T; emrD; gyrA_S83L; mdtM; parC_S57T; uhpT_E350Q
562.22914,,susceptible,susceptible,susceptible,,aadA1; acrF; aph(3'')-Ib; aph(6)-Id; blaEC-5; blaTEM-1; blaTEMp_C32T; dfrA1; emrD; gyrA_D87G; mdtM; sat2; sul2; tet(B)
562.22915,,susceptible,susceptible,susceptible,,aadA1; acrF; blaEC; blaTEM-1; catA1; emrD; sul1; tet(A)
562.22916,,susceptible,susceptible,susceptible,,acrF; blaEC-5; emrD; tet(B)
562.22917,,susceptible,susceptible,susceptible,,acrF; blaEC; emrD; marR_S3N; pmrB_V161G
562.22918,,susceptible,RESISTANT,RESISTANT,,aadA1; aadA5; acrF; ant(2'')-Ia; blaEC; blaTEM-1; cmlA6; cyaA_S352T; dfrA17; emrD; gyrA_D87N; gyrA_S83L; mdtM; mph(A); mrx(A); parC_E84G; parC_S57T; parC_S80I; sul1; uhpT_E350Q
562.22919,,susceptible,susceptible,susceptible,,acrF; aph(3'')-Ib; aph(6)-Id; blaEC; dfrA14; emrD; marR_S3N; mdtM; sul2
562.22920,,susceptible,RESISTANT,susceptible,,acrF; aph(3'')-Ib; aph(6)-Id; blaEC; blaTEM-1; cyaA_S352T; emrD; gyrA_D87N; gyrA_S83L; mdtM; parC_S57T; parC_S80I; parE_L416F; sul2; tet(B); uhpT_E350Q
562.22921,,susceptible,susceptible,susceptible,,aadA1; acrF; aph(6)-Id; blaEC; dfrA14; mdtM; sul1; sul2; tet(A)
562.22922,,susceptible,susceptible,susceptible,,acrF; acrR_Q183AfsTer3; blaEC-5; emrD
562.22923,,susceptible,RESISTANT,RESISTANT,,aac(3)-IId; acrF; aph(3')-Ia; blaEC; cyaA_S352T; dfrA17; emrD; gyrA_D87N; gyrA_S83L; mdtM; nfsA_E24Ter; parC_E84G; parC_S80I; parE_I355T; tet(B); uhpT_E350Q
562.22924,,susceptible,susceptible,susceptible,,acrF; blaEC-5; emrD
562.22925,,susceptible,susceptible,susceptible,,acrF; blaEC; blaTEM-1; emrD; marR_S3N; mph(B); parE_D475E; rdmCL; tet(A)
562.22926,,susceptible,susceptible,susceptible,,acrF; blaEC; emrD; marR_S3N
562.22927,,susceptible,RESISTANT,susceptible,,aadA1; acrF; blaEC; blaTEM-1; dfrA1; gyrA_D87N; gyrA_S83L; mdtM; nfsA_E75Ter; parC_S80I; sat2; tet(A)
562.22928,,susceptible,susceptible,susceptible,,acrF; blaEC; emrD; mdtM
562.22929,,susceptible,susceptible,susceptible,,acrF; aph(3'')-Ib; aph(3')-Ia; aph(6)-Id; blaEC; blaTEM-1; cyaA_S352T; dfrA5; emrD; mdtM; parC_S57T; pmrB_V161G; sul1; sul2; tet(A)
562.22930,,susceptible,susceptible,susceptible,,acrF; aph(3'')-Ib; aph(3')-Ia; aph(6)-Id; blaEC; blaTEM-1; mdtM; tet(B)
562.22931,,susceptible,susceptible,susceptible,,acrF; blaEC; blaTEM-1; emrD; marR_S3N; nfsA_Q191Ter; tet(A)
562.22932,,susceptible,susceptible,susceptible,,acrF; aph(3'')-Ib; aph(6)-Id; blaEC; blaTEM-1; catA1; cirA_P227RfsTer65; dfrA7; emrD; sul1; sul2; tet(A)
562.22933,,susceptible,RESISTANT,susceptible,,aac(6')-Ib-cr5; aadA5; acrF; acrR_K80NfsTer9; arr; blaEC; blaOXA-1; catB3; cyaA_S352T; dfrA17; emrD; gyrA_D87N; gyrA_S83L; ompF_N57KfsTer11; parC_S80R; pmrB_V161G; sul1; tet(B)
562.22934,,susceptible,susceptible,susceptible,,aadA1; acrF; acrR_Q78Ter; aph(3'')-Ib; aph(6)-Id; blaEC; blaTEM-1; dfrA1; mdtM; sul1; sul2
562.22935,,susceptible,susceptible,susceptible,,acrF; blaEC; emrD
562.22936,,susceptible,susceptible,susceptible,,blaEC; mdtM
562.22937,,susceptible,susceptible,susceptible,,acrF; blaEC; mdtM
562.22938,,susceptible,susceptible,susceptible,,acrF; blaEC; emrD; marR_S3N; mdtM
562.22939,,susceptible,susceptible,susceptible,,aadA1; acrF; blaEC; blaOXA-1; emrD; marR_S3N; mdtM; sul1; tet(B); uhpT_E350Q
562.22940,,susceptible,susceptible,susceptible,,acrF; blaEC-5; emrD
562.22941,,susceptible,susceptible,susceptible,,acrF; ampC_T-32A; aph(3'')-Ib; aph(6)-Id; blaEC-5; blaTEM-1; blaTEMp_C32T; catA1; dfrA14; emrD; mph(A); mrx(A); sul2; tet(B)
562.22942,,susceptible,RESISTANT,susceptible,,aadA5; acrF; acrR_A38RfsTer29; aph(3'')-Ib; aph(6)-Id; blaEC; blaTEM-1; cyaA_S352T; dfrA17; emrD; gyrA_D87N; gyrA_S83L; mdtM; mph(A); mrx(A); parC_S57T; parC_S80I; parE_L416F; sul1; sul2; tet(B); uhpT_E350Q
562.22943,,susceptible,susceptible,susceptible,,acrF; blaEC-5; emrD; mdtM
562.22944,,susceptible,susceptible,susceptible,,acrF; blaEC-5; blaTEM-1; emrD; mdtM; pmrB_V161G
562.22945,,susceptible,susceptible,susceptible,,acrF; blaEC; emrD; uhpT_E350Q
562.22946,,susceptible,susceptible,susceptible,,aadA2; acrF; aph(3'')-Ib; aph(6)-Id; blaCARB-2; blaEC; blaTEM-1; emrD; marR_S3N; pmrB_V161G; sul1; sul2; tet(B)
562.22947,,susceptible,susceptible,susceptible,,acrF; blaEC; cirA_W21Ter; emrD
562.22948,,susceptible,susceptible,susceptible,,acrF; blaEC; emrD; marR_S3N; mdtM
562.22949,,susceptible,susceptible,susceptible,,aadA1; acrF; blaEC-5; blaSHV-1; emrD; sul1; tet(D)
562.22950,,susceptible,susceptible,susceptible,,acrF; blaEC; mdtM; pmrB_V161G
562.22951,,susceptible,susceptible,susceptible,,acrF; blaEC; cirA_Q56Ter; cyaA_S352T; emrD; mdtM; parE_I355T; uhpT_E350Q
562.22952,,susceptible,susceptible,susceptible,,acrF; blaEC; emrD; pmrB_V161G; uhpT_E350Q
562.22953,,susceptible,susceptible,susceptible,,acrF; blaEC; emrD
562.22954,,susceptible,susceptible,susceptible,,acrF; aph(6)-Id; blaEC; cyaA_S352T; emrD; mdtM
562.22955,,susceptible,susceptible,susceptible,,acrF; blaEC; blaTEM-1; cirA_Q56Ter; cyaA_S352T; emrD; mdtM; parE_I355T; uhpT_E350Q
562.22956,,susceptible,susceptible,susceptible,,acrF; blaEC; cyaA_S352T; emrD; mdtM; parE_I355T; uhpT_E350Q
562.22957,,susceptible,susceptible,susceptible,,aadA1; acrF; blaEC-5; blaSHV-1; emrD; sul1; tet(D)
562.22958,,susceptible,susceptible,susceptible,,acrF; blaEC-5; blaTEM-1; catA1; dfrA7; emrD; gyrA_S83L; marR_S3N; sul1; tet(B); uhpT_E350Q
562.22959,,susceptible,susceptible,susceptible,,acrF; blaEC-5; blaTEM-1; emrD; mdtM
562.22960,,susceptible,susceptible,susceptible,,acrF; blaEC; blaTEM-1; blaTEMp_C32T; emrD; parE_I529L; pmrB_V161G; ptsI_V25I; uhpT_E350Q
562.22961,,susceptible,susceptible,susceptible,,acrF; blaEC-5; emrD; pmrB_V161G
562.22962,,susceptible,susceptible,susceptible,,acrF; blaEC; blaTEM-1; mdtM; tet(A)
562.22964,,susceptible,susceptible,susceptible,,acrF; aph(6)-Id; blaEC; blaTEM-1; dfrA14; emrD; sul2; tet(B); uhpT_E350Q
562.22965,,susceptible,susceptible,susceptible,,aadA1; acrF; blaEC-5; blaSHV-1; emrD; sul1; tet(D)
562.22966,,susceptible,susceptible,susceptible,,acrF; aph(3'')-Ib; aph(6)-Id; blaEC; blaTEM-1; catA1; cyaA_S352T; dfrA5; emrD; sul1; sul2; tet(D)
562.22967,,susceptible,susceptible,susceptible,,aadA1; acrF; aph(3'')-Ib; aph(6)-Id; blaEC-5; blaTEM-1; blaTEMp_C32T; dfrA1; emrD; mdtM; sat2; sul2; tet(B)
562.22968,,susceptible,susceptible,susceptible,,aadA1; acrF; blaEC-5; blaSHV-1; emrD; gyrA_S83L; sul1; tet(D)
562.22969,,susceptible,susceptible,susceptible,,acrF; blaEC; emrD; marR_S3N
562.22970,,susceptible,susceptible,susceptible,,acrF; aph(3'')-Ib; aph(6)-Id; blaEC; blaTEM-1; cyaA_S352T; emrD; mdtM; sul2
562.22971,,susceptible,susceptible,susceptible,,acrF; aph(3'')-Ib; aph(6)-Id; blaEC; blaTEM-1; dfrA5; mdtM; sul2
562.22972,,susceptible,susceptible,susceptible,,aadA1; acrF; aph(3')-Ia; blaEC; blaTEM-37; blaTEMp_G162T; catA1; cirA_D258RfsTer5; cyaA_S352T; dfrA1; emrD; gyrA_S83L; mdtM; pmrB_V161G; sul1
562.22973,,susceptible,susceptible,susceptible,,acrF; blaEC-5; blaTEM-1; emrD
562.22974,,susceptible,susceptible,susceptible,,acrF; blaEC-5; emrD
562.22975,,susceptible,susceptible,susceptible,,acrF; blaEC-5; emrD; mdtM
562.22976,,susceptible,susceptible,susceptible,,acrF; aph(3'')-Ib; aph(6)-Id; blaEC; blaTEM-1; dfrA14; mdtM; sul2
562.22977,,susceptible,susceptible,susceptible,,acrF; blaEC; emrD; marR_S3N; mdtM
562.22978,,susceptible,susceptible,susceptible,,acrF; aph(3'')-Ib; aph(6)-Id; blaEC-5; blaTEM-1; dfrA14; emrD; mdtM; sul2
562.22979,,susceptible,susceptible,RESISTANT,,aac(3)-IIg; aac(6')-IIc; aac(6')-Ib3; aadA2; acrF; aph(3'')-Ib; aph(6)-Id; arr; blaEC-5; blaTEM-1; catA2; dfrA19; emrD; ere(A); mcr-9.1; mdtM; qnrA1; sul1; sul2; tet(D)
562.22980,,susceptible,susceptible,susceptible,,acrF; blaEC; emrD; marR_S3N
562.22981,,susceptible,susceptible,susceptible,,acrF; blaEC; emrD; marR_S3N; parE_D475E; pmrB_V161G
562.22982,,susceptible,susceptible,susceptible,,acrF; blaEC; blaTEM-1; mdtM; pmrB_V161G; tet(A)
562.22983,,susceptible,susceptible,susceptible,,acrF; blaEC-5; blaTEM-1; emrD; mdtM; pmrB_V161G
562.22985,,susceptible,susceptible,susceptible,,acrF; aph(3'')-Ib; aph(6)-Id; blaEC; blaTEM-1; catA1; cyaA_S352T; dfrA7; emrD; gyrA_S83L; sul2; tet(D)
562.22986,,susceptible,susceptible,susceptible,,aadA1; acrF; blaEC-5; emrD; pmrB_V161G
562.22987,,susceptible,susceptible,susceptible,,acrF; blaEC; emrD; marR_S3N
562.22988,,susceptible,susceptible,susceptible,,acrF; blaEC
562.22989,,susceptible,susceptible,susceptible,,acrF; acrR_L198Ter; blaEC; cyaA_S352T; emrD; mdtM; parC_S57T
562.22990,,susceptible,susceptible,susceptible,,acrF; blaEC; emrD; uhpT_E350Q
562.22991,,susceptible,susceptible,susceptible,,acrF; blaEC; blaTEM-1; cirA_Q56Ter; cyaA_S352T; emrD; mdtM; parE_I355T; uhpT_E350Q
562.22992,,susceptible,susceptible,susceptible,,acrF; blaEC; blaTEM-1; cyaA_S352T; emrD; mdtM; parE_I355T; uhpT_E350Q
562.22993,,susceptible,susceptible,susceptible,,acrF; blaEC; emrD; marR_S3N; parE_D475E; pmrB_V161G
562.22994,,susceptible,susceptible,susceptible,,acrF; blaEC; emrD; marR_S3N; pmrB_V161G
562.22995,,susceptible,susceptible,susceptible,,acrF; blaEC; emrD; marR_S3N
562.22996,,susceptible,susceptible,susceptible,,acrF; aph(3'')-Ib; aph(6)-Id; blaEC; cyaA_S352T; emrD; mdtM; uhpT_E350Q
562.22997,,susceptible,RESISTANT,RESISTANT,,aac(3)-IId; aadA5; acrF; aph(3'')-Ib; aph(6)-Id; blaEC; blaTEM-1; cyaA_S352T; dfrA17; emrD; gyrA_S83L; mph(A); mrx(A); parC_S80I; sul1; sul2; tet(A)
562.22998,,susceptible,susceptible,susceptible,,acrF; blaEC; emrD; marR_S3N; mdtM; pmrB_V161G
562.22999,,susceptible,susceptible,susceptible,,aadA1; acrF; aph(3'')-Ib; aph(6)-Id; blaEC; blaTEM-1; dfrA1; mdtM; sul1; sul2; tet(A); tet(B)
562.23000,,susceptible,susceptible,susceptible,,acrF; blaEC-5; blaTEM-1; emrD; pmrB_V161G
562.23001,,susceptible,susceptible,susceptible,,acrF; blaEC; blaSHV-1; dfrA1; emrD; mdtM; sat2; sul1
562.23002,,susceptible,susceptible,susceptible,,acrF; aph(3'')-Ib; aph(6)-Id; blaEC; blaTEM-1; emrD; marR_S3N; mdtM; sul2; tet(A)
562.23003,,susceptible,susceptible,susceptible,,acrF; blaEC; emrD; marR_S3N
562.23004,,susceptible,susceptible,susceptible,,acrF; aph(3'')-Ib; aph(3')-Ia; aph(6)-Id; blaEC; blaTEM-1; catA1; cirA_I160SfsTer34; mdtM; sul2; tet(A)
562.23005,,susceptible,susceptible,susceptible,,aadA1; aadA5; acrF; aph(3'')-Ib; aph(6)-Id; blaEC; blaTEM-1; catA1; cyaA_S352T; dfrA17; emrD; estX/sat2; mdtM; mph(A); mrx(A); sul1; sul2; tet(B)
562.23006,,susceptible,susceptible,susceptible,,acrF; blaEC; mdtM; pmrB_V161G
562.23007,,susceptible,susceptible,susceptible,,acrF; blaEC; emrD; marR_S3N; mdtM
562.23008,,susceptible,susceptible,susceptible,,acrF; blaEC; blaTEM-1; blaTEMp_C32T; emrD
562.23009,,susceptible,susceptible,susceptible,,aadA1; acrF; blaEC-5; dfrA1; emrD; mdtM; sat2
562.23010,,susceptible,susceptible,susceptible,,acrF; blaEC-5; blaTEM-1; emrD
562.23012,,susceptible,susceptible,susceptible,,aadA1; acrF; blaEC; blaTEM-1; cirA_V239RfsTer47; cyaA_S352T; dfrA1; emrD; sat2; uhpT_E350Q
562.23013,,susceptible,susceptible,susceptible,,acrF; blaEC; blaTEM-1; cirA_V239RfsTer47; cyaA_S352T; emrD; uhpT_E350Q
562.23014,,susceptible,susceptible,susceptible,,acrF; blaEC; mdtM
562.23015,,susceptible,susceptible,susceptible,,acrF; blaEC; emrD; marR_S3N
562.23016,,susceptible,susceptible,susceptible,,acrF; blaEC-5; emrD; marR_S3N
562.23017,,susceptible,susceptible,susceptible,,aadA1; acrF; blaEC; cirA_V239RfsTer47; cyaA_S352T; dfrA1; emrD; sat2; tet(B); uhpT_E350Q
562.23018,,susceptible,susceptible,susceptible,,aadA5; acrF; blaEC; blaTEM-40; blaTEMp_G162T; cirA_K302Ter; dfrA17; emrD; gyrA_D87N; mdtM; mph(A); mrx(A); parE_I529L; ptsI_V25I; rpoB_V146F; sul1; uhpT_E350Q
562.23019,,susceptible,susceptible,susceptible,,acrF; blaEC; emrD; gyrA_S83L; marR_S3N; parE_D475E
562.23020,,susceptible,susceptible,susceptible,,acrF; blaEC-5; blaTEM-1; emrD; pmrB_V161G
562.23021,,susceptible,susceptible,susceptible,,acrF; blaEC; cirA_V239RfsTer47; cyaA_S352T; emrD; uhpT_E350Q
562.23022,,susceptible,susceptible,susceptible,,acrF; blaEC; emrD; gyrA_D87Y; marR_S3N; mdtM; uhpT_E350Q
562.23023,,susceptible,susceptible,susceptible,,acrF; blaEC; blaTEM-1; emrD; mdtM; parE_I529L; ptsI_V25I; uhpT_E350Q
562.23024,,susceptible,RESISTANT,RESISTANT,,aac(3)-IId; aadA5; acrF; aph(3'')-Ib; aph(6)-Id; blaEC; blaTEM-1; catA1; cyaA_S352T; dfrA17; gyrA_S83L; mdtM; mph(A); mrx(A); parC_S80I; sul1; sul2; tet(B)
562.23025,,susceptible,susceptible,susceptible,,aadA1; acrF; blaEC; blaTEM-1; dfrA1; emrD; mdtM; parE_I529L; ptsI_V25I; sul1; tet(B); uhpT_E350Q
562.23026,,susceptible,susceptible,susceptible,,acrF; blaEC; cirA_E73Ter; emrD
562.23027,,susceptible,susceptible,susceptible,,acrF; blaEC-5; emrD; pmrB_V161G; uhpT_E350Q
562.23028,,susceptible,RESISTANT,susceptible,,acrF; blaEC; blaTEM-1; emrD; gyrA_D87N; gyrA_S83L; mdtM; parC_E84V; parC_S80I; parE_I529L; ptsI_V25I; tet(A); uhpT_E350Q
562.23029,,susceptible,RESISTANT,susceptible,,aadA5; acrF; aph(3'')-Ib; aph(6)-Id; blaEC; blaTEM-1; cyaA_S352T; dfrA17; emrD; gyrA_D87N; gyrA_S83L; mdtM; mph(A); mrx(A); parC_S57T; parC_S80I; parE_L416F; sul1; sul2; tet(B); uhpT_E350Q
562.23030,,susceptible,susceptible,susceptible,,acrF; blaEC; blaTEM-1; cirA_Q598Ter; emrD; uhpT_E350Q
562.23031,,susceptible,susceptible,susceptible,,acrF; blaEC; blaTEM-1; gyrA_S83L; mdtM; pmrB_V161G; sul2; tet(B)
562.23032,,susceptible,susceptible,susceptible,,acrF; aph(3'')-Ib; aph(6)-Id; blaEC; blaTEM-1; catA1; emrD; ptsI_V25I; sul2; tet(B); uhpT_E350Q
562.23033,,susceptible,susceptible,susceptible,,acrF; acrR_Q183AfsTer3; blaEC-5; emrD
562.23034,,susceptible,susceptible,susceptible,,acrF; blaEC-5; emrD; uhpT_E350Q
562.23035,,susceptible,susceptible,susceptible,,acrF; aph(3'')-Ib; aph(6)-Id; blaEC; blaTEM-1; emrD; tet(B)
562.23036,,susceptible,susceptible,susceptible,,acrF; aph(3'')-Ib; aph(6)-Id; blaEC; blaTEM-1; emrD; tet(B)
562.23037,,susceptible,susceptible,susceptible,,acrF; blaEC-5; emrD
562.23038,,susceptible,susceptible,susceptible,,aadA1; acrF; blaEC-5; dfrA1; emrD; mdtM; sat2
562.23039,,susceptible,susceptible,susceptible,,acrF; blaEC; blaSHV-1; dfrA1; emrD; mdtM; sat2; sul1; tet(D)
562.23040,,susceptible,susceptible,susceptible,,acrF; blaEC; blaTEM-1; emrD; tet(B)
562.23041,,susceptible,susceptible,susceptible,,aadA1; acrF; blaEC-5; blaSHV-1; emrD; pmrB_V161G; sul1; tet(D)
562.23042,,susceptible,susceptible,susceptible,,acrF; blaEC; mdtM; pmrB_V161G
562.23043,,susceptible,susceptible,susceptible,,acrF; blaEC; emrD; marR_S3N; ompC_Q70Ter; tet(B)
562.23044,,susceptible,susceptible,susceptible,,acrF; blaEC; mdtM
562.23045,,susceptible,susceptible,susceptible,,acrF; blaEC; emrD; marR_S3N; tet(B)
562.23046,,RESISTANT,susceptible,susceptible,,acrF; blaEC; blaTEM-9; blaTEMp_C32T; dfrA1; mdtM; sat2
562.23047,,RESISTANT,RESISTANT,RESISTANT,,aac(3)-IIe; aac(6')-Ib-cr5; acrF; acrR_V29YfsTer44; aph(3'')-Ib; aph(6)-Id; blaCTX-M-15; blaEC; blaOXA-1; catB3; dfrA1; fosA10; gyrA_D87N; gyrA_S83L; mdtM; mph(A); mrx(A); parC_S80I; parE_S458A; sat2; sul2; tet(A)
562.23048,,susceptible,susceptible,susceptible,,acrF; blaEC; emrD; marR_S3N; mdtM
562.23049,,susceptible,susceptible,susceptible,,acrF; blaEC; cirA_W243Ter; cyaA_S352T; emrD; mdtM; pmrB_V161G
562.23050,,susceptible,susceptible,susceptible,,acrF; blaEC-5; emrD; mdtM; pmrB_V161G
562.23051,,susceptible,susceptible,susceptible,,aadA1; acrF; blaEC; emrD; sul1
562.23052,,susceptible,susceptible,susceptible,,acrF; aph(3'')-Ib; aph(6)-Id; blaEC; blaTEM-1; cyaA_S352T; emrD; pmrB_V161G; sul2; tet(B)
562.23053,,susceptible,RESISTANT,susceptible,,aadA5; acrF; blaEC; blaTEM-1; dfrA17; emrD; gyrA_D87N; gyrA_S83L; mdtM; mph(A); mrx(A); parC_E84V; parC_S80I; parE_I529L; ptsI_V25I; sul1; uhpT_E350Q
562.23054,,susceptible,susceptible,susceptible,,acrF; aph(3'')-Ib; aph(6)-Id; blaEC; blaTEM-1; dfrA5; mdtM; sul2
562.23055,,susceptible,susceptible,susceptible,,acrF; blaEC; cirA_V239RfsTer47; cyaA_S352T; emrD; uhpT_E350Q
562.23056,,susceptible,susceptible,susceptible,,acrF; blaEC-5; emrD
562.23057,,susceptible,susceptible,susceptible,,acrF; blaEC; blaTEM; cyaA_S352T; emrD
562.23058,,susceptible,susceptible,susceptible,,aadA5; acrF; blaEC; blaTEM-1; cyaA_S352T; dfrA17; emrD; mdtM; sul1
562.23059,,susceptible,susceptible,susceptible,,acrF; blaEC; emrD; marR_S3N
562.23060,,susceptible,susceptible,susceptible,,aadA5; acrF; blaEC; blaTEM-1; cyaA_S352T; dfrA17; emrD; mdtM; sul1
562.23061,,susceptible,susceptible,susceptible,,aadA5; acrF; blaEC; blaTEM-1; blaTEMp_G162T; dfrA17; emrD; mdtM; mph(A); mrx(A); parE_I529L; ptsI_V25I; sul1; uhpT_E350Q
562.23062,,susceptible,susceptible,susceptible,,acrF; blaEC; emrD; marR_S3N; mdtM
562.23063,,susceptible,susceptible,susceptible,,aadA1; acrF; aph(3'')-Ib; aph(6)-Id; blaEC; blaTEM-1; catA1; cirA_E450AfsTer30; cyaA_S352T; dfrA1; emrD; mdtM; mph(B); rdmCL; sul1; sul2; tet(A)
562.23064,,susceptible,susceptible,susceptible,,aadA1; acrF; aph(3'')-Ib; aph(6)-Id; blaEC; blaTEM-1; dfrA1; mdtM; sul1; sul2; tet(A)
562.23065,,susceptible,susceptible,susceptible,,aadA5; acrF; blaEC; blaTEM-1; blaTEMp_G162T; dfrA17; emrD; gyrA_S83L; mdtM; mph(A); mrx(A); nfsA_W212Ter; parE_I529L; ptsI_V25I; sul1; uhpT_E350Q
562.23066,,susceptible,RESISTANT,susceptible,,aadA5; acrF; blaEC; blaTEM-1; cirA_W621Ter; dfrA17; emrD; gyrA_D87N; gyrA_S83L; mdtM; mph(A); mrx(A); parC_E84V; parC_S80I; parE_I529L; ptsI_V25I; sul1; uhpT_E350Q
562.23067,,susceptible,susceptible,susceptible,,aadA1; acrF; aph(3'')-Ib; aph(6)-Id; blaEC; blaTEM-1; cirA_W243Ter; cyaA_S352T; dfrA1; emrD; mdtM; sat2; sul2
562.23068,,susceptible,susceptible,susceptible,,acrF; blaEC; emrD; parE_I529L; ptsI_V25I; uhpT_E350Q
562.23069,,susceptible,susceptible,susceptible,,acrF; blaEC-5; emrD
562.23070,,susceptible,susceptible,susceptible,,aadA1; acrF; aph(3'')-Ib; aph(3')-Ia; aph(6)-Id; blaEC; blaTEM-1; dfrA1; emrD; sat2; sul2; uhpT_Q459Ter
562.23071,,susceptible,susceptible,susceptible,,acrF; blaEC-5; emrD
562.23072,,susceptible,susceptible,susceptible,,acrF; blaEC-5; emrD; mdtM
562.23073,,susceptible,susceptible,susceptible,,acrF; aph(3'')-Ib; aph(6)-Id; blaEC; blaTEM-1; dfrA1; emrD; mdtM; sat2; sul1; sul2; tet(D)
562.23074,,susceptible,susceptible,susceptible,,acrF; blaEC; emrD; parE_I529L; pmrB_V161G; ptsI_V25I; uhpT_E350Q
562.23075,,susceptible,susceptible,susceptible,,acrF; blaEC; emrD; marR_S3N; mdtM
562.23076,,RESISTANT,RESISTANT,susceptible,,aadA5; acrF; blaCTX-M-15; blaEC; catA1; cyaA_S352T; dfrA17; emrD; gyrA_D87N; gyrA_S83L; mdtM; mph(A); mrx(A); parC_S80I; parE_S458A; sul1; tet(B)
562.23077,,susceptible,susceptible,susceptible,,acrF; blaEC-5; cirA_Q425Ter; dfrA1; emrD; marR_S3N; pmrB_V161G; sat2; tet(B); uhpT_E350Q
562.23078,,susceptible,RESISTANT,susceptible,,aadA5; acrF; aph(3'')-Ib; aph(6)-Id; blaEC; blaTEM-1; cyaA_S352T; dfrA17; emrD; gyrA_D87N; gyrA_S83L; mdtM; mph(A); mrx(A); nfsA_E28Ter; parC_S57T; parC_S80I; parE_L416F; sul1; sul2; tet(B); uhpT_E350Q
562.23079,,susceptible,RESISTANT,susceptible,,acrF; acrR_E104RfsTer28; aph(3'')-Ib; aph(6)-Id; blaEC; blaTEM-1; cyaA_S352T; emrD; gyrA_D87N; gyrA_S83L; mdtM; parC_S57T; parC_S80I; parE_L416F; pmrB_V161G; sul2; tet(B); uhpT_E350Q
562.23080,,susceptible,,susceptible,,acrF; blaEC-5; blaOXA-2; catA1; emrD; gyrA_S83L; sul1; tet(B)
562.23081,,susceptible,susceptible,susceptible,,acrF; blaEC; emrD; marR_S3N
562.23082,,susceptible,susceptible,susceptible,,acrF; blaEC-5; blaTEM-1; emrD; uhpT_E350Q
562.23083,,susceptible,susceptible,susceptible,,acrF; aph(3'')-Ib; aph(6)-Id; blaEC; blaTEM-1; dfrA14; emrD; marR_S3N; mph(A); mrx(A); pmrB_V161G; sul2
562.23084,,susceptible,susceptible,susceptible,,acrF; blaEC-5; emrD
562.23085,,susceptible,susceptible,susceptible,,acrF; blaEC-5; blaTEM-1; emrD; pmrB_V161G
562.23086,,susceptible,susceptible,susceptible,,acrF; blaEC-5; emrD; mdtM
562.23087,,susceptible,susceptible,susceptible,,acrF; aph(3'')-Ib; blaEC; blaTEM-1; emrD; marR_S3N; mdtM; sul2
562.23088,,susceptible,susceptible,susceptible,,acrF; blaEC; mdtM
562.23089,,susceptible,susceptible,susceptible,,acrF; blaEC-5; emrD; mdtM
562.23090,,susceptible,susceptible,susceptible,,acrF; blaEC-5; emrD
562.23091,,susceptible,susceptible,susceptible,,aadA4; acrF; aph(3'')-Ib; aph(6)-Id; blaEC-5; blaTEM-1; dfrA21; emrD; sul2; tet(B)
562.23092,,susceptible,susceptible,susceptible,,aadA5; acrF; aph(3'')-Ib; aph(6)-Id; blaEC; blaTEM; cyaA_S352T; dfrA17; emrD; mdtM; mph(A); mrx(A); sul1; sul2; tet(B)
562.23093,,susceptible,susceptible,susceptible,,acrF; blaEC-5; emrD; pmrB_V161G
562.23094,,susceptible,susceptible,susceptible,,acrF; blaEC-5; emrD; mdtM
562.23095,,susceptible,RESISTANT,susceptible,,acrF; blaEC; emrD; marR_S3N
562.23096,,susceptible,RESISTANT,RESISTANT,,aadA1; aadA5; acrF; ant(2'')-Ia; blaEC; blaTEM-1; cmlA6; dfrA17; emrD; gyrA_D87N; gyrA_S83L; mdtM; mph(A); mrx(A); parC_E84V; parC_S80I; parE_I529L; ptsI_V25I; sul1; uhpT_E350Q
562.23097,,susceptible,susceptible,susceptible,,aadA1; acrF; blaEC-5; blaSHV-1; emrD; pmrB_V161G; sul1
562.23098,,susceptible,RESISTANT,susceptible,,aadA5; acrF; aph(3'')-Ib; aph(6)-Id; blaEC; blaTEM-1; cyaA_S352T; dfrA17; emrD; gyrA_D87N; gyrA_S83L; mdtM; mph(A); mrx(A); parC_S57T; parC_S80I; parE_L416F; sul1; sul2; tet(B); uhpT_E350Q
562.23099,,susceptible,susceptible,susceptible,,acrF; blaEC; emrD; marR_S3N; mdtM
562.23100,,susceptible,RESISTANT,susceptible,,aadA5; acrF; blaEC; dfrA17; emrD; gyrA_D87N; gyrA_S83L; mdtM; mph(A); mrx(A); parC_E84V; parC_S80I; parE_I529L; ptsI_V25I; sul1; uhpT_E350Q
562.23101,,susceptible,susceptible,susceptible,,acrF; aph(3'')-Ib; aph(6)-Id; blaEC; blaTEM-1; mdtM; sul2
562.23102,,susceptible,susceptible,susceptible,,acrF; acrR_L133Ter; aph(3'')-Ib; aph(6)-Id; blaEC; blaTEM-1; dfrA5; emrD; marR_S3N; sul2
562.23103,,susceptible,susceptible,susceptible,,aadA1; acrF; blaEC-5; blaSHV-1; emrD; sul1
562.23104,,susceptible,susceptible,susceptible,,acrF; blaEC-5; emrD; uhpT_E350Q
562.23105,,susceptible,susceptible,susceptible,,acrF; aph(3'')-Ib; aph(6)-Id; blaEC; blaTEM-1; emrD; mdtM; sul2; uhpT_E350Q
562.23106,,susceptible,susceptible,susceptible,,acrF; blaEC-5; emrD; marR_S3N
562.23107,,susceptible,susceptible,susceptible,,acrF; blaEC-5; emrD
562.23108,,susceptible,RESISTANT,RESISTANT,,aadA1; aadA5; acrF; ant(2'')-Ia; blaEC; blaTEM-1; cmlA6; dfrA17; emrD; gyrA_D87N; gyrA_S83L; mdtM; mph(A); mrx(A); parC_E84V; parC_S80I; parE_I529L; pmrB_V161G; ptsI_V25I; sul1; uhpT_E350Q
562.23109,,susceptible,susceptible,susceptible,,acrF; blaEC-5; emrD; uhpT_E350Q
562.23110,,susceptible,susceptible,susceptible,,acrF; blaEC; emrD; marR_S3N; mdtM
562.23111,,susceptible,susceptible,susceptible,,acrF; blaEC; emrD; marR_S3N; mdtM
562.23112,,susceptible,susceptible,susceptible,,acrF; aph(3'')-Ib; aph(6)-Id; blaEC; blaTEM-1; dfrA14; emrD; gyrA_S83L; parE_I529L; ptsI_V25I; sul2; uhpT_E350Q
562.23113,,susceptible,susceptible,susceptible,,acrF; blaEC-5; emrD
562.23114,,susceptible,susceptible,susceptible,,aadA1; aadA2; acrF; aph(3'')-Ib; aph(6)-Id; blaEC; blaTEM-1; cmlA1; dfrA14; emrD; estX-3; pmrB_V161G; sul2; sul3; tet(A)
562.23115,,susceptible,susceptible,susceptible,,acrF; aph(3'')-Ib; aph(3')-Ia; aph(6)-Id; blaEC-5; blaTEM-1; emrD; marR_S3N; sul2; tet(A)
562.23116,,susceptible,susceptible,susceptible,,acrF; aph(3'')-Ib; blaEC; blaTEM-1; cyaA_S352T; emrD; mdtM; sul2; tet(B)
562.23117,,susceptible,RESISTANT,susceptible,,acrF; blaEC; blaTEM; cyaA_S352T; emrD; gyrA_D87N; gyrA_S83L; mdtM; parC_S57T; parC_S80I; parE_L416F; tet(B); uhpT_E350Q
562.23118,,susceptible,susceptible,susceptible,,acrF; blaEC; emrD; marR_S3N; mdtM
562.23119,,susceptible,susceptible,susceptible,,acrF; blaEC; emrD
562.23120,,susceptible,susceptible,susceptible,,acrF; blaEC-5; emrD; marR_S3N
562.23121,,susceptible,susceptible,susceptible,,acrF; acrR_W50Ter; aph(3'')-Ib; aph(6)-Id; blaEC; blaTEM-1; cirA_Q42Ter; emrD; sul2
562.23122,,susceptible,susceptible,susceptible,,acrF; blaEC; emrD; marR_S3N; mdtM
562.23123,,susceptible,susceptible,susceptible,,acrF; blaEC; emrD; marR_S3N; mdtM
562.23124,,susceptible,susceptible,susceptible,,acrF; blaEC; emrD
562.23125,,susceptible,susceptible,susceptible,,aadA1; aadA2; aadA5; acrF; blaEC; blaTEM-1; cmlA1; cyaA_S352T; dfrA17; emrD; estX-3; mdtM; mph(A); mrx(A); nfsB_K31Ter; pmrB_V161G; sul1; sul3
562.23126,,susceptible,susceptible,susceptible,,acrF; blaEC; cyaA_S352T; emrD; mdtM
562.23127,,susceptible,susceptible,susceptible,,acrF; blaEC; emrD; marR_S3N
562.23128,,susceptible,susceptible,susceptible,,acrF; blaEC; blaTEM-1; emrD; marR_S3N; mdtM
562.23129,,susceptible,RESISTANT,susceptible,,aadA5; acrF; aph(3'')-Ib; aph(6)-Id; blaEC; cyaA_S352T; dfrA17; emrD; gyrA_D87N; gyrA_S83L; mdtM; mph(A); mrx(A); parC_S57T; parC_S80I; parE_L416F; sul1; sul2; tet(B); uhpT_E350Q
562.23130,,susceptible,susceptible,susceptible,,acrF; blaEC; mdtM
562.23131,,RESISTANT,susceptible,susceptible,,acrF; blaEC; blaTEM-9; blaTEMp_C32T; dfrA1; mdtM; sat2
562.23132,,susceptible,susceptible,susceptible,,acrF; aph(3'')-Ib; aph(6)-Id; blaEC; blaTEM-1; catA1; cyaA_S352T; dfrA7; emrD; gyrA_S83L; pmrB_V161G; sul2; tet(D)
562.23133,,susceptible,susceptible,susceptible,,acrF; blaEC; blaTEM-1; catA1; cyaA_S352T; dfrA7; emrD; gyrA_S83L; tet(D)
562.23134,,susceptible,RESISTANT,susceptible,,acrF; aph(3'')-Ib; aph(6)-Id; blaEC; gyrA_D87N; gyrA_S83L; mdtM; parC_S80I; pmrB_V161G
562.23136,,susceptible,susceptible,susceptible,,acrF; blaEC-5; emrD
562.23137,,susceptible,susceptible,susceptible,,acrF; blaEC; blaTEM-1; blaTEMp_C32T; emrD; tet(B)
562.23138,,susceptible,susceptible,susceptible,,acrF; aph(3'')-Ib; aph(6)-Id; blaEC; mdtM; sul2; tet(B)
562.23139,,susceptible,susceptible,susceptible,,acrF; blaEC-5; blaSHV-1; emrD
562.23140,,susceptible,RESISTANT,susceptible,,acrF; blaEC; cyaA_S352T; emrD; gyrA_S83L; mdtM; parC_S57T; parC_S80I; pmrB_V161G; uhpT_E350Q
562.23142,,susceptible,susceptible,susceptible,,acrF; blaEC; blaTEM-1; cirA_I547QfsTer8; emrD; gyrA_S83L; nfsA_L155CfsTer101; tet(A); uhpT_E350Q
562.23143,,susceptible,susceptible,susceptible,,acrF; blaEC; blaTEM-1; emrD; marR_S3N; mdtM
562.23144,,RESISTANT,RESISTANT,susceptible,,aac(6')-Ib-cr5; acrF; blaCTX-M-15; blaEC; blaOXA-1; blaTEM-1; catB3; emrD; gyrA_D87N; gyrA_S83L; mdtM; parC_E84V; parC_S80I; parE_I529L; ptsI_V25I; tet(A); uhpT_E350Q
562.23145,,susceptible,susceptible,susceptible,,acrF; aph(3'')-Ib; aph(6)-Id; blaEC; blaTEM-40; blaTEMp_C32T; cyaA_S352T; emrD; sul2
562.23146,,susceptible,susceptible,susceptible,,acrF; blaEC-5; emrD
562.23147,,susceptible,susceptible,susceptible,,acrF; blaEC-5; emrD
562.23148,,susceptible,susceptible,susceptible,,aadA1; acrF; aph(3'')-Ib; aph(6)-Id; blaEC; blaTEM-1; dfrA1; emrD; gyrA_S83L; marR_S3N; sul1; sul2; tet(A)
562.23149,,susceptible,susceptible,susceptible,,aadA1; acrF; aph(3'')-Ib; aph(6)-Id; blaEC; blaTEM-1; cirA_V239RfsTer47; cyaA_S352T; dfrA1; emrD; sat2; sul2; uhpT_E350Q
562.23150,,susceptible,susceptible,susceptible,,aadA5; acrF; aph(3'')-Ib; aph(6)-Id; blaEC; blaTEM-1; cyaA_S352T; dfrA17; emrD; mdtM; sul1; sul2
562.23151,,susceptible,susceptible,susceptible,,acrF; aph(3'')-Ib; aph(6)-Id; blaEC; blaTEM-1; emrD; mdtM; sul2
562.23152,,RESISTANT,susceptible,susceptible,,aadA22; acrF; acrR_E91Ter; aph(3'')-Ib; aph(6)-Id; blaEC; blaSHV-12; blaTEM-1; dfrA1; emrD; sul1; sul2; uhpT_E350Q
562.23153,,susceptible,susceptible,susceptible,,acrF; blaEC; blaTEM-1; mdtM; tet(A)
562.23154,,susceptible,susceptible,susceptible,,acrF; blaEC; emrD; marR_S3N; mdtM; sul2
562.23155,,susceptible,susceptible,susceptible,,acrF; aph(3'')-Ib; aph(6)-Id; blaEC; blaTEM-1; emrD; marR_S3N; sul2; tet(A)
562.23156,,susceptible,susceptible,susceptible,,acrF; blaEC-5; blaTEM-1; emrD
562.23157,,susceptible,susceptible,susceptible,,acrF; blaEC; cirA_Q56Ter; cyaA_S352T; emrD; mdtM; parE_I355T; pmrB_V161G; uhpT_E350Q
562.23159,,susceptible,RESISTANT,susceptible,,acrF; blaEC; blaTEM-1; emrD; gyrA_D87N; gyrA_S83L; mdtM; parC_E84V; parC_S80I; parE_I529L; ptsI_V25I; uhpT_E350Q
562.23160,,susceptible,susceptible,susceptible,,aadA1; acrF; blaEC-5; blaSHV-1; emrD; sul1
562.23161,,susceptible,susceptible,susceptible,,aadA1; acrF; blaEC-5; blaOXA-1; catA1; emrD; sul1; tet(B)
562.23162,,susceptible,susceptible,susceptible,,acrF; aph(3'')-Ib; aph(6)-Id; blaEC-5; blaTEM-1; emrD; sul2
562.23163,,susceptible,susceptible,susceptible,,aadA1; aadA2; acrF; blaEC; cmlA1; dfrA12; mdtM; sul3; tet(A)
562.23164,,susceptible,susceptible,susceptible,,acrF; blaEC; blaTEM-1; cyaA_S352T; emrD; mdtM; parE_I355T; uhpT_E350Q
562.23165,,susceptible,susceptible,susceptible,,acrF; blaEC; cirA_N303TfsTer7; mdtM
562.23166,,susceptible,susceptible,susceptible,,acrF; aph(3'')-Ib; aph(6)-Id; blaEC; blaTEM-1; dfrA14; mdtM; qnrS1; sul2; tet(A)
562.23167,,susceptible,RESISTANT,susceptible,,acrF; aph(3'')-Ib; aph(6)-Id; blaEC; blaTEM-1; dfrA14; emrD; gyrA_D87N; gyrA_S83L; mdtM; parC_E84V; parC_S80I; parE_I529L; ptsI_V25I; sul2; uhpT_E350Q
562.23168,,susceptible,susceptible,susceptible,,acrF; blaEC; emrD
562.23169,,susceptible,susceptible,susceptible,,acrF; blaEC-5; emrD; marR_S3N; mdtM; uhpT_E350Q
562.23170,,susceptible,RESISTANT,susceptible,,aadA5; acrF; aph(3'')-Ib; aph(6)-Id; blaEC; cyaA_S352T; dfrA17; emrD; gyrA_D87N; gyrA_S83L; mdtM; mph(A); mrx(A); parC_S57T; parC_S80I; parE_L416F; sul1; sul2; tet(B); uhpT_E350Q
562.23171,,susceptible,RESISTANT,susceptible,,aadA5; acrF; blaEC; cyaA_S352T; emrD; gyrA_S83L; mdtM; mph(A); mrx(A); parC_S57T; parC_S80I; sul1; uhpT_E350Q
562.23172,,RESISTANT,susceptible,RESISTANT,,aac(6')-Ib'; aadA1; acrF; blaEC; blaOXA-9; blaSHV-12; blaTEM-1; dfrA5; emrD; ere(A); parE_I529L; pmrB_V161G; ptsI_V25I; sul1; uhpT_E350Q
562.23173,,susceptible,susceptible,susceptible,,acrF; aph(3'')-Ib; aph(6)-Id; blaEC; blaTEM-1; cirA_V239RfsTer47; cyaA_S352T; emrD; pmrB_V161G; sul2; uhpT_E350Q
562.23174,,susceptible,susceptible,susceptible,,acrF; blaEC; catA1; cirA_E453Ter; dfrA7; emrD; sul1
562.23175,,susceptible,susceptible,susceptible,,aadA1; acrF; aph(3'')-Ib; aph(6)-Id; blaEC; blaTEM-1; dfrA1; emrD; sat2; sul2; uhpT_E350Q
562.23176,,susceptible,susceptible,susceptible,,acrF; blaEC; cirA_V239RfsTer47; cyaA_S352T; emrD; uhpT_E350Q
562.23177,,susceptible,susceptible,susceptible,,aadA2; acrF; blaEC; blaTEM-1; cirA_D258RfsTer5; cyaA_S352T; emrD; lnu(F); mdtM; pmrB_V161G; sul1; sul2
562.23178,,susceptible,susceptible,susceptible,,acrF; blaEC; emrD; mdtM; mph(A); mrx(A); uhpT_E350Q
562.23179,,susceptible,susceptible,susceptible,,acrF; blaEC; emrD; marR_S3N
562.23180,,susceptible,susceptible,susceptible,,acrF; aph(6)-Id; blaEC; dfrA14; emrD; gyrA_S83L; marR_S3N; mdtM; pmrB_V161G; sul2
562.23181,,RESISTANT,RESISTANT,susceptible,,acrF; blaCTX-M-15; blaEC; emrD; gyrA_D87N; gyrA_S83L; mdtM; nfsA_Q191Ter; parC_E84V; parC_S80I; parE_I529L; ptsI_V25I; uhpT_E350Q
562.23182,,susceptible,susceptible,susceptible,,acrF; blaEC-5; emrD; pmrB_V161G
562.23183,,susceptible,susceptible,susceptible,,acrF; blaEC-5; blaTEM-1; emrD; mdtM; pmrB_V161G
562.23184,,susceptible,susceptible,susceptible,,aadA1; acrF; aph(3'')-Ib; aph(6)-Id; blaEC; blaTEM-1; catA1; dfrA1; emrD; marR_S3N; pmrB_V161G; sul1; sul2; tet(A); tet(B)
562.23185,,susceptible,susceptible,susceptible,,acrF; blaEC; emrD; marR_S3N; mdtM
562.23186,,susceptible,,susceptible,,acrF; acrR_L86HfsTer4; aph(3'')-Ib; aph(3')-Ia; aph(6)-Id; blaEC; blaTEM-1; cyaA_S352T; dfrA5; emrD; gyrA_S83L; mdtM; parC_S57T; sul2; tet(A)
562.23187,,susceptible,susceptible,susceptible,,acrF; blaEC-5; emrD
562.23188,,susceptible,susceptible,susceptible,,aadA1; acrF; aph(3'')-Ib; aph(3')-Ia; aph(6)-Id; blaEC; blaTEM-1; dfrA1; emrD; pmrB_V161G; sat2; sul2; uhpT_Q459Ter
562.23189,,RESISTANT,RESISTANT,susceptible,,aac(6')-Ib-cr5; aadA5; acrF; blaCTX-M-15; blaEC; blaOXA-1; blaTEM-1; catB3; dfrA17; emrD; gyrA_D87N; gyrA_S83L; mdtM; mph(A); mrx(A); parC_E84V; parC_S80I; parE_I529L; ptsI_V25I; sul1; tet(A); uhpT_E350Q
562.23190,,susceptible,susceptible,susceptible,,acrF; aph(6)-Id; blaEC; blaTEM-1; cyaA_S352T; dfrA14; emrD; sul2
562.23191,,susceptible,RESISTANT,susceptible,,acrF; blaEC; blaTEM-1; emrD; gyrA_D87N; gyrA_S83L; mdtM; parC_E84V; parC_S80I; parE_I529L; ptsI_V25I; uhpT_E350Q
562.23192,,susceptible,susceptible,susceptible,,aadA1; acrF; blaEC; catA1; emrD; marR_S3N; mdtM; nfsA_Q113Ter; sul1; tet(A)
562.23193,,susceptible,susceptible,susceptible,,acrF; blaEC; emrD; marR_S3N; mdtM; pmrB_V161G
562.23194,,RESISTANT,RESISTANT,susceptible,,aac(6')-Ib-cr5; aadA5; acrF; blaCTX-M-15; blaEC; blaOXA-1; blaTEM-1; catB3; dfrA17; emrD; gyrA_D87N; gyrA_S83L; mdtM; mph(A); mrx(A); parC_E84V; parC_S80I; parE_I529L; ptsI_V25I; sul1; tet(A); uhpT_E350Q
562.23195,,RESISTANT,RESISTANT,susceptible,,aac(6')-Ib-cr5; aadA5; acrF; blaCTX-M-15; blaEC; blaOXA-1; blaTEM-1; catB3; dfrA17; emrD; gyrA_D87N; gyrA_S83L; mdtM; mph(A); mrx(A); parC_E84V; parC_S80I; parE_I529L; ptsI_V25I; sul1; tet(A); uhpT_E350Q
562.23196,,susceptible,susceptible,susceptible,,acrF; blaEC-5; emrD
562.23197,,susceptible,susceptible,susceptible,,acrF; blaEC; emrD; marR_Q117Ter; pmrB_V161G
562.23198,,susceptible,susceptible,susceptible,,acrF; aph(3'')-Ib; aph(6)-Id; blaEC; blaTEM-1; emrD; gyrA_D87N; marR_S3N; mdtM; sul2
562.23199,,susceptible,RESISTANT,susceptible,,acrF; blaEC; blaTEM-1; emrD; gyrA_D87N; gyrA_S83L; mdtM; parC_E84V; parC_S80I; parE_I529L; ptsI_V25I; uhpT_E350Q
562.23200,,susceptible,RESISTANT,susceptible,,aac(6')-Ib-cr5; acrF; acrR_V29YfsTer60; aph(3'')-Ib; aph(6)-Id; arr; blaEC; blaOXA-1; blaTEM-1; catB3; emrD; gyrA_D87N; gyrA_S83L; mdtM; parC_E84V; parC_S80I; parE_I529L; pmrB_V161G; ptsI_V25I; sul2; uhpT_E350Q
562.23201,,susceptible,susceptible,susceptible,,acrF; blaEC-5; emrD
562.23202,,susceptible,susceptible,susceptible,,acrF; blaEC; emrD; marR_S3N; mdtM
562.23203,,susceptible,susceptible,susceptible,,acrF; aph(3'')-Ib; aph(6)-Id; blaEC; blaTEM-1; emrD; marR_S3N; mdtM; sul2
562.23204,,susceptible,susceptible,susceptible,,acrF; aph(3'')-Ib; aph(6)-Id; blaEC; blaTEM-1; dfrA14; emrD; marR_S3N; sul2
562.23205,,susceptible,RESISTANT,susceptible,,aadA1; acrF; acrR_K80Ter; aph(3'')-Ib; aph(6)-Id; blaEC; blaTEM-1; cyaA_S352T; dfrA1; emrD; gyrA_D87N; gyrA_S83L; mdtM; nfsA_H148RfsTer20; ompF_A20QfsTer13; parC_E84G; parC_S80I; pmrB_V161G; sat2; sul2
562.23206,,susceptible,susceptible,susceptible,,acrF; blaEC; mdtM; tet(B)
562.23207,,susceptible,susceptible,susceptible,,acrF; blaEC; emrD; uhpT_E350Q
562.23208,,susceptible,susceptible,susceptible,,acrF; blaEC; emrD
562.23209,,susceptible,susceptible,susceptible,,acrF; blaEC-5; blaTEM-1; cirA_A327_Y595del; emrD
562.23210,,susceptible,susceptible,susceptible,,acrF; blaEC; emrD
562.23211,,susceptible,susceptible,susceptible,,acrF; blaEC-5; emrD
562.23212,,RESISTANT,RESISTANT,RESISTANT,,aac(3)-IId; aadA5; acrF; aph(3'')-Ib; aph(6)-Id; blaCTX-M-15; blaEC; blaTEM-1; dfrA17; emrD; gyrA_D87N; gyrA_S83L; mdtM; mph(A); mrx(A); parC_E84V; parC_S80I; parE_I529L; ptsI_V25I; sul1; sul2; tet(A); uhpT_E350Q
562.23213,,susceptible,susceptible,susceptible,,acrF; blaEC-5; emrD
562.23214,,susceptible,susceptible,susceptible,,acrF; blaEC-5; emrD
562.23215,,susceptible,susceptible,susceptible,,aadA1; acrF; blaEC; blaSHV-1; emrD; sul1; uhpT_E350Q
562.23216,,susceptible,susceptible,susceptible,,acrF; blaEC; mdtM; nfsA_L43FfsTer4
562.23217,,susceptible,susceptible,susceptible,,acrF; blaEC; blaTEM-1; blaTEMp_C141G; emrD; marR_S3N; mdtM
562.23218,,susceptible,susceptible,susceptible,,acrF; blaEC-5; blaTEM-1; emrD; mdtM
562.23219,,susceptible,susceptible,susceptible,,acrF; blaEC-5; blaTEM-1; emrD; mdtM; pmrB_V161G
562.23220,,susceptible,susceptible,susceptible,,acrF; blaEC; emrD; marR_S3N
562.23221,,susceptible,susceptible,susceptible,,acrF; blaEC; emrD; mdtM
562.23222,,susceptible,susceptible,susceptible,,acrF; blaEC; blaTEM-1; emrD; marR_S3N; pmrB_V161G
562.23223,,susceptible,susceptible,susceptible,,aadA2; acrF; blaEC; blaTEM-1; emrD; parE_D475E; sul1; uhpT_E350Q
562.23224,,susceptible,susceptible,susceptible,,acrF; blaEC-5; emrD
562.23225,,susceptible,susceptible,susceptible,,acrF; blaEC; emrD; marR_S3N; mdtM
562.23226,,RESISTANT,RESISTANT,RESISTANT,,aac(3)-IIe; aac(6')-Ib-cr5; aadA2; acrF; aph(3')-Ia; blaCTX-M-15; blaEC; blaOXA-1; blaTEM-1; catB3; dfrA12; emrD; gyrA_D87N; gyrA_S83L; mdtM; mph(A); mrx(A); parC_E84V; parC_S80I; parE_I529L; ptsI_V25I; sul1; tet(A); uhpT_E350Q
562.23227,,susceptible,susceptible,susceptible,,acrF; blaEC-5; emrD; pmrB_V161G
562.23228,,susceptible,susceptible,susceptible,,acrF; aph(3'')-Ib; aph(6)-Id; blaEC-5; blaTEM-1; dfrA1; emrD; marR_S3N; sat2; sul2; uhpT_E350Q
562.23229,,RESISTANT,RESISTANT,susceptible,,aac(6')-Ib-cr5; aadA5; acrF; blaCTX-M-15; blaEC; blaOXA-1; catB3; dfrA17; emrD; gyrA_D87N; gyrA_S83L; mdtM; mph(A); mrx(A); parC_E84V; parC_S80I; parE_I529L; ptsI_V25I; sul1; tet(A); uhpT_E350Q
562.23230,,susceptible,susceptible,susceptible,,acrF; blaEC-5; emrD
562.23231,,susceptible,RESISTANT,RESISTANT,,aac(3)-IIe; aac(6')-Ib-cr5; aadA5; acrF; blaEC; blaOXA-1; catB3; dfrA17; emrD; gyrA_D87N; gyrA_S83L; mdtM; mph(A); mrx(A); parC_E84V; parC_S80I; parE_I529L; ptsI_V25I; sul1; tet(A); uhpT_E350Q
562.23232,,susceptible,susceptible,susceptible,,acrF; blaEC; mdtM
562.23233,,susceptible,RESISTANT,susceptible,,aadA5; acrF; aph(3'')-Ib; aph(6)-Id; blaEC; blaTEM-1; cyaA_S352T; dfrA17; emrD; gyrA_D87N; gyrA_S83L; mdtM; mph(A); mrx(A); nfsA_E28Ter; parC_S57T; parC_S80I; parE_L416F; pmrB_V161G; sul1; sul2; tet(B); uhpT_E350Q
562.23234,,susceptible,susceptible,susceptible,,acrF; blaEC-5; emrD; mdtM
562.23235,,susceptible,susceptible,susceptible,,acrF; blaEC; emrD; ptsI_V25I; tet(B); uhpT_E350Q
562.23236,,susceptible,susceptible,susceptible,,acrF; blaEC; emrD; marR_S3N; mdtM
562.23237,,susceptible,susceptible,susceptible,,acrF; ampC_T-32A; blaEC-5; emrD; mdtM; pmrB_V161G
562.23238,,susceptible,susceptible,susceptible,,acrF; blaEC; emrD; marR_S3N; mdtM
562.23239,,susceptible,RESISTANT,RESISTANT,,aadA1; aadA5; acrF; ant(2'')-Ia; blaEC; blaTEM-1; cmlA6; dfrA17; emrD; gyrA_D87N; gyrA_S83L; mdtM; mph(A); mrx(A); parC_E84V; parC_S80I; parE_I529L; ptsI_V25I; sul1; uhpT_E350Q
562.23240,,susceptible,susceptible,RESISTANT,,aac(3)-IIe; aac(6')-Ib-cr5; acrF; blaEC; blaOXA-1; catB3; emrD; gyrA_D87G; marR_S3N; tet(A)
562.23241,,susceptible,susceptible,susceptible,,acrF; blaEC-5; emrD
562.23242,,susceptible,susceptible,susceptible,,acrF; aph(3'')-Ib; aph(6)-Id; blaEC; blaTEM-1; emrD; marR_S3N; mdtM; sul2
562.23243,,susceptible,susceptible,susceptible,,acrF; blaEC-5; emrD
562.23244,,susceptible,susceptible,susceptible,,aadA1; acrF; blaEC-5; emrD; sul1
562.23245,,susceptible,susceptible,susceptible,,aadA5; acrF; aph(3'')-Ib; aph(6)-Id; blaEC; blaTEM-1; cirA_V74CfsTer5; cyaA_S352T; dfrA14; dfrA17; emrD; mph(A); mrx(A); sul1; sul2; uhpT_E350Q
562.23246,,susceptible,susceptible,RESISTANT,,aac(3)-VIa; aadA5; acrF; aph(3'')-Ib; aph(6)-Id; blaEC; blaTEM-1; catA1; cyaA_S352T; dfrA17; emrD; mdtM; mph(A); mrx(A); sul1; sul2; tet(B)
562.23247,,susceptible,susceptible,susceptible,,aadA1; acrF; blaEC-5; emrD; sul1
562.23248,,susceptible,RESISTANT,susceptible,,aadA5; acrF; blaEC; dfrA17; emrD; gyrA_D87N; gyrA_S83L; mdtM; mph(A); mrx(A); parC_E84V; parC_S80I; parE_I529L; ptsI_V25I; sul1; tet(B); uhpT_E350Q
562.23249,,susceptible,susceptible,susceptible,,aadA1; acrF; blaEC-5; blaSHV-1; emrD; sul1; tet(D)
562.23250,,susceptible,susceptible,susceptible,,acrF; aph(3'')-Ib; aph(6)-Id; blaEC; blaTEM-1; cyaA_S352T; dfrA5; emrD; mdtM; sul2
562.23251,,susceptible,susceptible,susceptible,,acrF; blaEC; emrD; marR_S3N; mdtM
562.23252,,susceptible,susceptible,susceptible,,acrF; aph(3'')-Ib; aph(6)-Id; blaEC; blaTEM-1; cirA_Q56Ter; cyaA_S352T; emrD; mdtM; parE_I355T; sul2; uhpT_E350Q
562.23253,,susceptible,susceptible,susceptible,,acrF; blaEC; emrD; uhpT_E350Q
562.23254,,susceptible,susceptible,susceptible,,acrF; aph(3'')-Ib; aph(6)-Id; blaEC; dfrA5; mdtM; sul1; sul2; tet(A)
562.23255,,susceptible,RESISTANT,susceptible,,aac(6')-Ib-cr5; aadA5; acrF; arr; blaEC; blaOXA-1; blaTEM-1; catB3; cyaA_S352T; dfrA17; emrD; gyrA_D87N; gyrA_S83L; mdtM; mph(A); mrx(A); parC_S80I; parE_S458A; sul1
562.23256,,susceptible,susceptible,susceptible,,acrF; blaEC; cirA_V239RfsTer47; cyaA_S352T; emrD; uhpT_E350Q
562.23257,,susceptible,susceptible,susceptible,,acrF; blaEC; emrD; marR_S3N; mdtM
562.23258,,susceptible,susceptible,susceptible,,acrF; aph(3'')-Ib; aph(6)-Id; blaEC; blaTEM-1; dfrA14; mdtM; sul2
562.23259,,susceptible,RESISTANT,susceptible,,acrF; aph(3'')-Ib; aph(6)-Id; blaEC; blaTEM-1; dfrA14; emrD; gyrA_D87N; gyrA_S83L; mdtM; parC_E84V; parC_S80I; parE_I529L; ptsI_V25I; sul2; uhpT_E350Q
562.23260,,susceptible,susceptible,susceptible,,acrF; blaEC; blaTEM-1; mdtM; tet(A)
562.23261,,susceptible,RESISTANT,susceptible,,acrF; aph(3'')-Ib; aph(6)-Id; blaEC; blaTEM-1; emrD; gyrA_D87N; gyrA_S83L; mdtM; parC_E84V; parC_S80I; parE_I529L; ptsI_V25I; sul2; uhpT_E350Q
562.23262,,susceptible,susceptible,susceptible,,acrF; blaEC; emrD; marR_S3N
562.23263,,susceptible,susceptible,susceptible,,acrF; blaEC; emrD; marR_C80Ter; uhpT_E350Q
562.23264,,susceptible,susceptible,susceptible,,acrF; aph(3'')-Ib; aph(6)-Id; blaEC; blaTEM-1; cyaA_S352T; dfrA14; emrD; sul2; tet(A)
562.23265,,susceptible,susceptible,susceptible,,acrF; blaEC; cyaA_S352T; emrD; mdtM
562.23266,,susceptible,susceptible,susceptible,,acrF; blaEC-5; emrD; tet(B)
562.23267,,susceptible,susceptible,susceptible,,acrF; blaEC-5; emrD
562.23268,,susceptible,susceptible,susceptible,,aadA1; acrF; blaEC-5; emrD; sul1
562.23269,,susceptible,susceptible,susceptible,,acrF; blaEC; emrD; parE_I529L; ptsI_V25I; uhpT_E350Q
562.23270,,susceptible,susceptible,susceptible,,acrF; blaEC; blaTEM-1; dfrA5; emrD; marR_S3N; sul1
562.23271,,susceptible,susceptible,susceptible,,acrF; blaEC-5; emrD
562.23272,,susceptible,RESISTANT,susceptible,,acrF; ampC_C-42T; blaEC; gyrA_D87N; gyrA_S83L; mdtM; parC_S80I; tet(B); uhpT_E350Q
562.23273,,RESISTANT,RESISTANT,susceptible,,aac(6')-Ib-cr5; aadA5; acrF; blaCTX-M-15; blaEC; blaOXA-1; blaTEM-1; catB3; dfrA17; emrD; gyrA_D87N; gyrA_S83L; mdtM; mph(A); mrx(A); nfsA_R35VfsTer26; parC_E84V; parC_S80I; parE_I529L; ptsI_V25I; sul1; tet(A); uhpT_E350Q
562.23274,,susceptible,susceptible,susceptible,,aadA1; acrF; blaEC; blaTEM-1; catA1; emrD; marR_S3N; nfsA_Q191Ter; sul1; tet(A)
562.23275,,susceptible,susceptible,susceptible,,aadA1; acrF; aph(3'')-Ib; aph(3')-Ia; blaEC; blaTEM-1; dfrA1; emrD; sat2; sul2; uhpT_Q459Ter
562.23276,,susceptible,susceptible,susceptible,,acrF; blaEC-5; emrD; marR_S3N; nfsA_Q72Ter; uhpT_E350Q
562.23277,,susceptible,susceptible,susceptible,,acrF; blaEC-5; emrD; marR_S3N; pmrB_V161G; uhpT_E350Q
562.23278,,susceptible,susceptible,susceptible,,acrF; aph(3'')-Ib; blaEC; blaTEM-1; cyaA_S352T; emrD; mdtM; sul2
562.23279,,susceptible,susceptible,susceptible,,aadA5; acrF; aph(3'')-Ib; aph(6)-Id; blaEC; blaTEM-1; cyaA_S352T; dfrA17; emrD; mdtM; sul1; sul2; tet(B)
562.23280,,susceptible,susceptible,susceptible,,acrF; blaEC; emrD; marR_S3N; mdtM
562.23281,,susceptible,susceptible,susceptible,,acrF; aph(3')-Ia; blaEC; gyrA_S83L; mdtM; tet(A)
562.23282,,susceptible,RESISTANT,susceptible,,aac(6')-Ib-cr5; acrF; blaEC; blaOXA-1; catB3; emrD; gyrA_D87N; gyrA_S83L; mdtM; parC_E84V; parC_S80I; parE_I529L; ptsI_V25I; tet(A); uhpT_E350Q
562.23283,,susceptible,susceptible,susceptible,,acrF; aph(3'')-Ib; aph(6)-Id; blaEC; cirA_W21Ter; dfrA1; emrD; gyrA_S83L; sat2; sul2; tet(A)
562.23284,,RESISTANT,RESISTANT,RESISTANT,,aac(3)-IId; aac(6')-Ib-cr5; aadA5; acrF; arr; blaCTX-M-15; blaEC; blaOXA-1; blaTEM-1; catA1; catB3; dfrA17; emrD; gyrA_D87N; gyrA_S83L; mdtM; mph(A); mrx(A); nfsA_I228NfsTer49; parC_E84V; parC_S80I; parE_I529L; ptsI_V25I; sul1; tet(B); uhpT_E350Q
562.23285,,susceptible,susceptible,susceptible,,acrF; aph(3'')-Ib; aph(6)-Id; blaEC; blaTEM-1; dfrA7; emrD; parE_I529L; ptsI_V25I; sul1; sul2; uhpT_E350Q
562.23286,,RESISTANT,RESISTANT,RESISTANT,,aac(3)-IId; aac(6')-Ib-cr5; aadA5; acrF; acrR_E190RfsTer20; blaCTX-M-15; blaEC; blaOXA-1; blaTEM-1; catA1; catB3; dfrA17; gyrA_D87N; gyrA_S83L; mdtM; mph(A); mrx(A); parC_S80I; parE_S458A; rpoB_Q148L; sul1; tet(B)
562.23287,,susceptible,RESISTANT,susceptible,,aadA1; acrF; acrR_K80Ter; aph(3'')-Ib; aph(6)-Id; blaEC; blaTEM-1; cyaA_S352T; dfrA1; emrD; gyrA_D87N; gyrA_S83L; mdtM; nfsA_H148RfsTer20; ompF_A20QfsTer13; parC_E84G; parC_S80I; sat2; sul2
562.23288,,susceptible,RESISTANT,susceptible,,acrF; acrR_T5N; aph(3')-Ia; blaEC; blaTEM-1; catA1; cirA_Y648Ter; dfrA14; gyrA_D87Y; gyrA_S83L; mdtM; mph(A); mrx(A); nfsA_Q195Ter; nfsB_F167LfsTer11; ompF_D34RfsTer1; parC_S80I; parE_S458A; tet(A)
562.23289,,susceptible,susceptible,susceptible,,acrF; blaEC; blaTEM-1; emrD; marR_S3N
562.23290,,susceptible,susceptible,susceptible,,acrF; blaEC; mdtM
562.23291,,susceptible,susceptible,susceptible,,aadA1; acrF; blaEC-5; blaSHV; emrD; sul1
562.23292,,susceptible,susceptible,susceptible,,acrF; aph(3'')-Ib; aph(6)-Id; blaEC; blaTEM-1; emrD; marR_S3N; mdtM; sul2
562.23293,,RESISTANT,susceptible,susceptible,,aadA1; acrF; blaEC-5; blaSHV-2; emrD; sul1; tet(D)
562.23294,,RESISTANT,susceptible,susceptible,,aadA1; acrF; blaEC-5; blaSHV-2; emrD; sul1; tet(D)
562.23295,,RESISTANT,susceptible,susceptible,,aadA1; acrF; blaEC-5; blaSHV-2; emrD; sul1; tet(D)
562.23296,,susceptible,susceptible,susceptible,,acrF; aph(3'')-Ib; aph(6)-Id; blaEC; blaTEM-1; emrD; marR_S3N; mdtM; sul2
562.23297,,susceptible,susceptible,susceptible,,acrF; blaEC; blaTEM; blaTEM-1; emrD; parE_I529L; ptsI_V25I; tet(A); uhpT_E350Q
562.23298,,susceptible,susceptible,susceptible,,acrF; blaEC; cirA_W338Ter; fosA7.5; mdtM
562.23299,,susceptible,susceptible,susceptible,,acrF; blaEC; emrD; marR_S3N; nfsA_G154E; tet(D)
562.23300,,susceptible,susceptible,susceptible,,acrF; blaEC-5; emrD
562.23301,,susceptible,susceptible,susceptible,,acrF; blaEC; emrD; gyrA_D87N; marR_S3N; mdtM
562.23302,,susceptible,susceptible,susceptible,,acrF; aph(3'')-Ib; aph(3')-Ia; aph(6)-Id; blaEC; blaTEM-1; mdtM; sul2; tet(B)
562.23303,,susceptible,susceptible,susceptible,,aadA1; acrF; blaEC; blaTEM-1; catA1; emrD; sul1
562.23304,,susceptible,susceptible,susceptible,,acrF; blaEC; emrD; marR_S3N
562.23305,,susceptible,RESISTANT,RESISTANT,,aadA1; aadA5; acrF; acrR_S25LfsTer11; ant(2'')-Ia; aph(3'')-Ib; aph(6)-Id; blaEC; blaTEM-1; cmlA6; dfrA17; emrD; gyrA_D87N; gyrA_S83L; mdtM; mph(A); mrx(A); parC_E84V; parC_S80I; parE_I529L; ptsI_V25I; sul1; sul2; uhpT_E350Q
562.23306,,RESISTANT,RESISTANT,susceptible,,aac(6')-Ib-cr5; aadA5; acrF; blaCTX-M-15; blaEC; blaOXA-1; blaTEM-1; catB3; dfrA17; emrD; gyrA_D87N; gyrA_S83L; mdtM; mph(A); mrx(A); parC_E84V; parC_S80I; parE_I529L; ptsI_V25I; sul1; tet(A); uhpT_E350Q
562.23308,,susceptible,susceptible,susceptible,,acrF; blaEC-5; blaTEM-1; emrD
562.23309,,susceptible,susceptible,susceptible,,aadA1; acrF; blaEC-5; emrD; sul1; tet(D)
562.23310,,susceptible,susceptible,susceptible,,aadA1; acrF; blaEC-5; emrD; sul1
562.23311,,RESISTANT,RESISTANT,RESISTANT,,aac(3)-IIe; aac(6')-Ib-cr5; acrF; blaEC; blaOXA-1; blaTEM-1; catB3; emrD; gyrA_D87N; gyrA_S83L; mdtM; parC_E84V; parC_S80I; parE_I529L; pmrB_V161G; ptsI_V25I; tet(A); uhpT_E350Q
562.23312,,susceptible,susceptible,susceptible,,aadA1; acrF; blaEC-5; emrD; sul1
562.23313,,susceptible,susceptible,susceptible,,acrF; blaEC-5; blaTEM-1; blaTEMp_C32T; emrD; pmrB_V161G
562.23314,,RESISTANT,RESISTANT,RESISTANT,,aac(3)-IIe; aac(6')-Ib-cr5; aadA5; acrF; blaCTX-M-15; blaEC; blaOXA-1; catB3; dfrA17; gyrA_D87N; gyrA_S83L; mdtM; mph(A); mrx(A); nfsB_E175Ter; parC_S80I; parE_S458A; sul1
562.23315,,susceptible,susceptible,susceptible,,aadA1; acrF; blaEC-5; blaTEM-1; dfrA1; emrD; marR_S3N; pmrB_V161G; sat2; tet(B); uhpT_E350Q
562.23316,,susceptible,susceptible,susceptible,,acrF; aph(3'')-Ib; aph(6)-Id; blaEC; blaTEM-1; emrD; marR_S3N; sul2
562.23317,,RESISTANT,RESISTANT,RESISTANT,,aac(3)-IIe; aac(6')-Ib-cr5; aadA5; acrF; blaCTX-M-15; blaEC; blaOXA-1; catB3; dfrA17; gyrA_D87N; gyrA_S83L; mdtM; mph(A); mrx(A); parC_S80I; parE_S458A; sul1; tet(B)
562.23318,,susceptible,susceptible,susceptible,,acrF; blaEC; emrD; uhpT_E350Q
562.23319,,susceptible,susceptible,susceptible,,acrF; blaEC; emrD; marR_S3N; mdtM
562.23320,,susceptible,susceptible,susceptible,,acrF; blaEC; blaTEM-1; emrD; marR_S3N; tet(B)
562.23321,,susceptible,RESISTANT,susceptible,,aadA5; acrF; aph(3'')-Ib; aph(6)-Id; blaEC; blaTEM-1; dfrA17; emrD; gyrA_D87N; gyrA_S83L; mdtM; mph(A); mrx(A); parC_E84V; parC_S80I; parE_I529L; ptsI_V25I; sul1; sul2; tet(A); uhpT_E350Q
562.23322,,susceptible,susceptible,susceptible,,acrF; blaEC; cirA_S15PfsTer9; mdtM; tet(A)
562.23323,,susceptible,susceptible,susceptible,,acrF; blaEC; emrD; marR_S3N; mdtM
562.23324,,susceptible,susceptible,susceptible,,acrF; blaEC; emrD; marR_S3N
562.23325,,susceptible,susceptible,susceptible,,acrF; blaEC-5; blaTEM-1; emrD; uhpT_E350Q
562.23326,,susceptible,susceptible,susceptible,,acrF; blaEC; emrD; parE_I529L; ptsI_V25I; uhpT_E350Q
562.23327,,susceptible,susceptible,susceptible,,aadA5; acrF; blaEC; blaTEM-1; cyaA_S352T; dfrA17; emrD; mdtM; mph(A); mrx(A); sul1
562.23328,,susceptible,susceptible,susceptible,,acrF; aph(3'')-Ib; aph(3')-Ia; aph(6)-Id; blaEC; blaTEM-1; blaTEMp_C32T; dfrA14; emrD; mdtM; mph(A); mrx(A); parE_I529L; ptsI_V25I; sul2; uhpT_E350Q
562.23329,,susceptible,,susceptible,,acrF; aph(3'')-Ib; aph(6)-Id; blaEC; blaTEM-1; dfrA14; emrD; parE_I529L; ptsI_V25I; qnrS1; sul2; tet(A); uhpT_E350Q
562.23330,,RESISTANT,RESISTANT,susceptible,,aadA1; acrF; aph(3'')-Ib; aph(6)-Id; blaEC; blaTEM-1; catA1; cirA_S278RfsTer3; dfrA1; gyrA_D87Y; gyrA_S83L; mdtM; mph(B); nfsA_Q26Ter; parC_S80I; rdmCL; sul1; sul2; tet(A)
562.23331,,susceptible,susceptible,susceptible,,acrF; blaEC; blaTEM-1; emrD; marR_S3N; mdtM
562.23332,,susceptible,susceptible,susceptible,,aadA1; acrF; blaEC; blaTEM-1; cirA_V239RfsTer47; cyaA_S352T; dfrA1; emrD; sat2; uhpT_E350Q
562.23333,,susceptible,susceptible,susceptible,,acrF; blaEC; blaTEM-1; emrD; marR_S3N; mdtM
562.23334,,susceptible,susceptible,susceptible,,acrF; aph(3'')-Ib; aph(6)-Id; blaEC-5; blaTEM-1; dfrA14; emrD; mdtM; pmrB_V161G; sul2
562.23335,,susceptible,susceptible,susceptible,,acrF; blaEC; emrD; marR_S3N; mdtM; tet(A)
562.23336,,susceptible,susceptible,susceptible,,acrF; blaEC; blaTEM-1; emrD; parE_I529L; ptsI_V25I; tet(A); uhpT_E350Q
562.23338,,RESISTANT,RESISTANT,susceptible,,aadA5; acrF; blaCTX-M-15; blaEC; blaTEM-1; dfrA17; emrD; gyrA_D87N; gyrA_S83L; mdtM; mph(A); mrx(A); parC_E84V; parC_S80I; parE_I529L; ptsI_V25I; sul1; uhpT_E350Q
562.23339,,susceptible,susceptible,susceptible,,acrF; blaEC; emrD; marR_S3N; mdtM
562.23340,,susceptible,susceptible,susceptible,,acrF; aph(3'')-Ib; aph(6)-Id; blaEC; blaTEM-1; emrD; marR_S3N; mdtM; sul2
562.23341,,susceptible,susceptible,susceptible,,aadA5; acrF; aph(3'')-Ib; aph(6)-Id; blaEC; blaTEM-1; cyaA_S352T; dfrA17; emrD; mdtM; mph(A); mrx(A); pmrB_V161G; sul1; sul2
562.23342,,susceptible,susceptible,RESISTANT,,aadA1; acrF; ant(2'')-Ia; blaEC; blaOXA-1; catB3; dfrA19; emrD; gyrA_S83L; sul1; tet(B)
562.23343,,susceptible,susceptible,susceptible,,acrF; blaEC-5; blaTEM-1; blaTEMp_G162T; emrD
562.23344,,susceptible,RESISTANT,susceptible,,acrF; blaEC; emrD; uhpT_E350Q
562.23345,,susceptible,,RESISTANT,,aac(3)-VIa; aadA1; acrF; aph(3'')-Ib; aph(6)-Id; blaEC; blaTEM-1; cirA_D179RfsTer3; dfrA1; gyrA_S83L; mdtM; sul1; sul2; tet(A)
562.23346,,susceptible,susceptible,susceptible,,acrF; blaEC; emrD; uhpT_E350Q
562.23347,,susceptible,susceptible,susceptible,,aadA5; acrF; blaEC; blaTEM-1; blaTEMp_G162T; dfrA17; emrD; mdtM; mph(A); mrx(A); parE_I529L; ptsI_V25I; sul1; uhpT_E350Q
562.23348,,susceptible,RESISTANT,susceptible,,acrF; blaEC; blaTEM-1; emrD; gyrA_D87N; gyrA_S83L; mdtM; parC_E84V; parC_S80I; parE_I529L; ptsI_V25I; tet(A); uhpT_E350Q
562.23349,,susceptible,susceptible,susceptible,,aadA1; acrF; aph(3'')-Ib; aph(6)-Id; blaEC; blaTEM-1; dfrA1; emrD; marR_S3N; mdtM; sul1; sul2
562.23350,,susceptible,susceptible,susceptible,,acrF; aph(3'')-Ib; aph(6)-Id; blaEC; blaTEM-1; emrD; marR_S3N; mdtM; pmrB_V161G; sul2
562.23352,,susceptible,susceptible,susceptible,,acrF; blaEC; emrD; marR_S3N; mdtM; pmrB_V161G
562.23353,,susceptible,susceptible,susceptible,,acrF; aph(3'')-Ib; blaEC; blaTEM-1; dfrA5; mdtM; sul2; tet(A)
562.23354,,susceptible,susceptible,susceptible,,aadA1; acrF; blaEC; dfrA1; emrD; sat2
562.23356,,RESISTANT,RESISTANT,RESISTANT,,aadA1; acrF; blaEC; blaTEM-1; cirA_W243Ter; cyaA_S352T; dfrA1; emrD; mdtM; sat2
562.23357,,susceptible,,susceptible,,acrF; aph(3'')-Ib; aph(6)-Id; blaEC; bleO; dfrA17; emrD; gyrA_S83L; marR_S3N; nfsA_G154E; oqxA; oqxB; pmrB_V161G; sul2; tet(D)
562.23358,,susceptible,susceptible,susceptible,,acrF; blaEC-5; emrD
562.23359,,susceptible,RESISTANT,susceptible,,aac(6')-Ib-cr5; acrF; blaEC; blaOXA-1; blaTEM-1; catB3; emrD; gyrA_D87N; gyrA_S83L; mdtM; parC_E84V; parC_S80I; parE_I529L; ptsI_V25I; tet(A); uhpT_E350Q
562.23360,,susceptible,susceptible,susceptible,,acrF; blaEC; emrD; parE_D475E; uhpT_E350Q
562.23361,,susceptible,susceptible,susceptible,,acrF; blaEC; emrD; marR_S3N; tet(B)
562.23362,,susceptible,susceptible,susceptible,,aadA1; acrF; blaEC; blaTEM-1; cirA_E450AfsTer30; cyaA_S352T; dfrA1; emrD; mdtM; pmrB_V161G; sul1; tet(A)
562.23363,,susceptible,susceptible,susceptible,,aadA1; acrF; blaEC; blaTEM-1; emrD; pmrB_V161G; sul1
562.23364,,susceptible,susceptible,susceptible,,acrF; blaEC; cirA_E450AfsTer30; cyaA_S352T; emrD; mdtM; tet(B)
562.23365,,RESISTANT,RESISTANT,susceptible,,aac(6')-Ib-cr5; aadA5; acrF; blaCTX-M-15; blaEC; blaOXA-1; blaTEM-1; catB3; dfrA17; emrD; gyrA_D87N; gyrA_S83L; mdtM; mph(A); mrx(A); nfsA_R35VfsTer26; parC_E84V; parC_S80I; parE_I529L; ptsI_V25I; sul1; tet(A); uhpT_E350Q
562.23366,,susceptible,susceptible,susceptible,,acrF; blaEC; mdtM
562.23367,,susceptible,RESISTANT,RESISTANT,,aac(3)-IId; aadA1; aadA5; acrF; aph(3'')-Ib; aph(3')-Ia; aph(6)-Id; blaEC; blaTEM-1; catA1; cyaA_S352T; dfrA17; emrD; estX/sat2; gyrA_D87N; gyrA_S83L; mdtM; mph(A); mrx(A); parC_E84G; parC_S80I; parE_I355T; sul1; sul2; tet(B); uhpT_E350Q
562.23368,,susceptible,susceptible,susceptible,,acrF; blaEC; cyaA_S352T; emrD; mdtM
562.23369,,RESISTANT,RESISTANT,RESISTANT,,aac(3)-IId; aac(6')-Ib-cr5; aadA5; acrF; acrR_V29YfsTer44; aph(3'')-Ib; aph(6)-Id; arr; blaCMY-2; blaEC; blaOXA-1; catB3; dfrA17; gyrA_D87N; gyrA_S83L; mdtM; mph(A); mrx(A); parC_S80I; parE_S458A; sul1; sul2; tet(B)
562.23370,,susceptible,susceptible,susceptible,,aadA5; acrF; blaEC; catA1; cyaA_S352T; dfrA17; emrD; mdtM; sul1; tet(B)
562.23371,,susceptible,RESISTANT,RESISTANT,,aac(3)-IId; aadA5; acrF; aph(3'')-Ib; aph(6)-Id; blaEC; blaTEM-1; dfrA17; emrD; gyrA_D87N; gyrA_S83L; mdtM; mph(A); mrx(A); parC_E84V; parC_S80I; parE_I529L; ptsI_V25I; sul1; sul2; tet(A); uhpT_E350Q
562.23372,,susceptible,susceptible,susceptible,,acrF; aph(3'')-Ib; aph(6)-Id; blaEC; blaTEM-1; cirA_W243Ter; cyaA_S352T; dfrA8; emrD; mdtM; sul2
562.23373,,susceptible,RESISTANT,susceptible,,aadA5; acrF; aph(3'')-Ib; aph(6)-Id; blaEC; blaTEM-1; cyaA_S352T; dfrA17; emrD; gyrA_D87N; gyrA_S83L; mdtM; mph(A); mrx(A); parC_S57T; parC_S80I; parE_L416F; sul1; sul2; tet(B); uhpT_E350Q
562.23374,,susceptible,susceptible,susceptible,,acrF; blaEC; emrD; marR_S3N; mdtM
562.23375,,RESISTANT,RESISTANT,susceptible,,aac(6')-Ib-cr5; aadA5; acrF; blaCTX-M-15; blaEC; blaOXA-1; catB3; dfrA17; emrD; gyrA_D87N; gyrA_S83L; mdtM; mph(A); mrx(A); parC_E84V; parC_S80I; parE_I529L; ptsI_V25I; sul1; tet(A); uhpT_E350Q
562.23376,,susceptible,susceptible,susceptible,,acrF; aph(3'')-Ib; aph(6)-Id; blaEC; blaTEM-1; dfrA5; emrD; marR_S3N; sul2
562.23377,,RESISTANT,RESISTANT,susceptible,,aac(6')-Ib-cr5; aadA5; acrF; blaCTX-M-15; blaEC; blaOXA-1; catB3; dfrA17; emrD; gyrA_D87N; gyrA_S83L; mdtM; mph(A); mrx(A); parC_E84V; parC_S80I; parE_I529L; ptsI_V25I; sul1; uhpT_E350Q
562.23378,,susceptible,susceptible,susceptible,,acrF; blaEC; emrD; marR_S3N
562.23379,,susceptible,susceptible,susceptible,,acrF; aph(3'')-Ib; aph(6)-Id; blaEC; blaTEM-1; emrD; parE_D475E; pmrB_V161G; sul2
562.23380,,susceptible,susceptible,susceptible,,acrF; blaEC; emrD; marR_S3N
562.23381,,susceptible,susceptible,susceptible,,acrF; blaEC-5; emrD
562.23382,,susceptible,susceptible,susceptible,,aadA1; acrF; blaEC; blaTEM-1; dfrA1; emrD; sat2; sul2; uhpT_E350Q
562.23383,,susceptible,susceptible,susceptible,,acrF; blaEC; mdtM
562.23384,,susceptible,RESISTANT,susceptible,,aac(6')-Ib-cr5; aadA5; acrF; arr; blaEC; blaOXA-1; catB3; cyaA_S352T; dfrA17; emrD; gyrA_D87N; gyrA_S83L; mdtM; mph(A); mrx(A); parC_S80I; parE_S458A; sul1; tet(B)
562.23385,,susceptible,RESISTANT,susceptible,,acrF; aph(3'')-Ib; aph(3')-Ia; aph(6)-Id; blaEC; blaTEM-1; blaTEMp_C32T; dfrA14; gyrA_D87N; gyrA_S83L; mdtM; mph(A); mrx(A); parC_S80I; parE_L416F; sul2; tet(B)
562.23386,,susceptible,susceptible,susceptible,,acrF; blaEC-5; blaTEM-1; emrD; uhpT_E350Q
562.23387,,susceptible,RESISTANT,susceptible,,aadA5; acrF; aph(3'')-Ib; aph(6)-Id; blaEC; blaTEM-1; cyaA_S352T; dfrA17; emrD; gyrA_D87N; gyrA_S83L; mdtM; mph(A); mrx(A); parC_S57T; parC_S80I; parE_L416F; sul1; sul2; tet(B); uhpT_E350Q
562.23388,,susceptible,susceptible,susceptible,,acrF; blaEC-5; emrD; pmrB_V161G; tet(A)
562.23389,,susceptible,,RESISTANT,,aac(3)-IId; aadA1; aadA5; acrF; aph(3'')-Ib; aph(6)-Id; blaEC; blaTEM-1; cirA_V239RfsTer47; cyaA_S352T; dfrA1; dfrA17; emrD; gyrA_S83L; mph(A); mrx(A); nfsA_R35VfsTer26; sat2; sul1; sul2; tet(A); uhpT_E350Q
562.23390,,susceptible,susceptible,susceptible,,acrF; blaEC; cyaA_S352T; emrD; mdtM; parC_S57T
562.23391,,RESISTANT,RESISTANT,RESISTANT,,aac(3)-IIe; aac(6')-Ib-cr5; aadA5; acrF; acrR_K80NfsTer9; blaCTX-M-15; blaEC; blaOXA-1; catB3; cyaA_S352T; dfrA17; emrD; gyrA_D87N; gyrA_S83L; ompF_N57KfsTer11; parC_E84K; parE_E460D; sul1; tet(B)
562.23392,,susceptible,susceptible,susceptible,,aadA1; acrF; aph(3'')-Ib; aph(3')-Ia; aph(6)-Id; blaEC; blaTEM-1; dfrA1; emrD; pmrB_V161G; sat2; sul2; tet(B)
562.23393,,susceptible,RESISTANT,RESISTANT,,aac(3)-IId; aadA5; acrF; aph(3'')-Ib; aph(6)-Id; blaEC; blaTEM-1; dfrA17; emrD; gyrA_D87N; gyrA_S83L; mdtM; mph(A); mrx(A); parC_E84V; parC_S80I; parE_I529L; ptsI_V25I; sul1; sul2; tet(A); uhpT_E350Q
562.23394,,susceptible,susceptible,susceptible,,aadA1; acrF; blaEC; cyaA_S352T; dfrA1; emrD; marR_S3N; sat2; soxR_G121D
562.23395,,RESISTANT,RESISTANT,RESISTANT,,aadA1; aadA5; acrF; ant(2'')-Ia; blaCTX-M-15; blaEC; blaOXA; catB3; cmlA6; dfrA17; emrD; gyrA_D87N; gyrA_S83L; mdtM; mph(A); mrx(A); nfsA_Y128PfsTer6; parC_E84V; parC_S80I; parE_I529L; ptsI_V25I; sul1; tet(A); uhpT_E350Q
562.23396,,RESISTANT,RESISTANT,susceptible,,aac(6')-Ib-cr5; aadA2; acrF; aph(3')-Ia; blaCTX-M-15; blaEC; blaOXA-1; blaTEM-1; catB3; dfrA12; emrD; gyrA_D87N; gyrA_S83L; mdtM; mph(A); mrx(A); parC_E84V; parC_S80I; parE_I529L; ptsI_V25I; sul1; tet(A); uhpT_E350Q
562.23398,,RESISTANT,RESISTANT,RESISTANT,,aac(3)-IIe; aac(6')-Ib-cr5; aadA1; acrF; acrR_Q7Ter; blaCTX-M-15; blaEC; blaOXA-1; blaTEM-1; catB3; dfrA1; emrD; gyrA_D87N; gyrA_S83L; mdtM; parC_E84V; parC_S80I; parE_I529L; pmrB_V161G; ptsI_V25I; sat2; uhpT_E350Q
562.23399,,susceptible,RESISTANT,susceptible,,acrF; acrR_Q27HfsTer59; aph(3'')-Ib; aph(6)-Id; blaEC; blaTEM-1; dfrA14; emrD; gyrA_D87N; gyrA_S83L; mdtM; parC_E84V; parC_S80I; parE_I529L; ptsI_V25I; sul2; uhpT_E350Q
562.23400,,susceptible,susceptible,susceptible,,acrF; blaEC; mdtM
562.23401,,susceptible,susceptible,susceptible,,acrF; blaEC; emrD; gyrA_D87N; parE_I529L; ptsI_V25I; uhpT_E350Q
562.23402,,susceptible,susceptible,susceptible,,acrF; aph(3'')-Ib; aph(6)-Id; blaEC; blaTEM-34; cyaA_S352T; dfrA5; emrD; sul1; sul2
562.23403,,RESISTANT,RESISTANT,RESISTANT,,aac(3)-IId; aac(6')-Ib-cr5; aadA5; acrF; aph(3'')-Ib; aph(6)-Id; arr; blaCTX-M-15; blaEC; blaOXA-1; blaTEM-1; catA1; catB3; dfrA17; emrD; gyrA_D87N; gyrA_S83L; mdtM; mph(A); mrx(A); nfsA_I228NfsTer49; nfsB_Q101Ter; parC_E84V; parC_S80I; parE_I529L; ptsI_V25I; sul1; sul2; tet(B); uhpT_E350Q
562.23406,,susceptible,susceptible,susceptible,,acrF; blaEC; emrD; mdtM; uhpT_E350Q
562.23407,,susceptible,susceptible,susceptible,,acrF; blaEC; emrD; uhpT_E350Q
562.23408,,susceptible,susceptible,susceptible,,acrF; aph(3'')-Ib; aph(6)-Id; blaEC; blaTEM-1; emrD; mdtM; sul2
562.23409,,susceptible,susceptible,susceptible,,acrF; blaEC; emrD; marR_S3N; pmrB_V161G; tet(B)
562.23410,,susceptible,RESISTANT,susceptible,,acrF; aph(3'')-Ib; aph(6)-Id; blaEC; blaTEM-1; dfrA5; emrD; gyrA_D87N; gyrA_S83L; mdtM; mph(A); mrx(A); parC_E84V; parC_S80I; parE_I529L; ptsI_V25I; sul1; sul2; uhpT_E350Q
562.23411,,susceptible,susceptible,susceptible,,acrF; blaEC-5; emrD; mdtM
562.23412,,susceptible,susceptible,susceptible,,aadA1; aadA2; acrF; blaEC; blaTEM-1; cmlA1; dfrA12; emrD; marR_S3N; sul3
562.23413,,RESISTANT,RESISTANT,RESISTANT,,aac(3)-IIe; aac(6')-Ib-cr5; aadA5; acrF; blaCTX-M-15; blaEC; blaOXA-1; catB3; dfrA17; emrD; gyrA_D87N; gyrA_S83L; mdtM; mph(A); mrx(A); parC_E84V; parC_S80I; parE_I529L; ptsI_V25I; sul1; tet(A); uhpT_E350Q
562.23414,,susceptible,susceptible,susceptible,,acrF; blaEC; cirA_I160NfsTer22; emrD; marR_S3N; mdtM; tet(B)
562.23415,,susceptible,susceptible,susceptible,,acrF; aph(3'')-Ib; aph(6)-Id; blaEC; blaTEM-1; catA1; cyaA_S352T; dfrA7; emrD; gyrA_S83L; sul2; tet(D)
562.23416,,susceptible,susceptible,susceptible,,acrF; blaEC; emrD
562.23417,,susceptible,susceptible,susceptible,,acrF; blaEC; emrD; marR_S3N
562.23418,,susceptible,susceptible,susceptible,,aadA1; acrF; aph(6)-Id; blaEC-5; blaOXA-1; catA1; dfrA14; emrD; sul1; sul2
562.23419,,susceptible,susceptible,susceptible,,acrF; blaEC; cirA_Q598Ter; emrD; uhpT_E350Q
562.23420,,susceptible,susceptible,susceptible,,aadA5; acrF; aph(3'')-Ib; aph(6)-Id; blaEC; blaTEM-1; cyaA_S352T; dfrA17; emrD; mdtM; pmrB_V161G; sul1; sul2
562.23421,,susceptible,susceptible,susceptible,,acrF; blaEC-5; emrD; mdtM
562.23422,,susceptible,susceptible,susceptible,,acrF; blaEC-5; emrD; mdtM; pmrB_V161G
562.23423,,susceptible,susceptible,susceptible,,acrF; blaEC-5; emrD
562.23424,,susceptible,susceptible,susceptible,,acrF; blaEC; emrD; pmrB_V161G; uhpT_E350Q
562.23425,,susceptible,susceptible,susceptible,,aadA1; acrF; aph(3'')-Ib; aph(6)-Id; blaEC-5; blaOXA-1; catA1; emrD; marR_S3N; nfsA_E223RfsTer54; sul2; tet(B); uhpT_E350Q
562.23426,,susceptible,susceptible,susceptible,,acrF; blaEC-5; emrD; mdtM; pmrB_V161G
562.23427,,susceptible,susceptible,susceptible,,acrF; blaEC; emrD; marR_S3N; pmrB_V161G; uhpT_E350Q
562.23428,,RESISTANT,RESISTANT,susceptible,,aac(6')-Ib-cr5; aadA5; acrF; blaCTX-M-15; blaEC; blaOXA-1; catB3; dfrA17; emrD; gyrA_D87N; gyrA_S83L; mdtM; mph(A); mrx(A); parC_E84V; parC_S80I; parE_I529L; ptsI_V25I; sul1; uhpT_E350Q
562.23429,,susceptible,susceptible,susceptible,,acrF; blaEC; mdtM; sul2; uhpT_E350Q
562.23430,,susceptible,susceptible,susceptible,,acrF; blaEC; blaTEM-1; blaTEMp_C32T; emrD; pmrB_V161G; tet(B)
562.23431,,susceptible,susceptible,RESISTANT,,aac(3)-IVa; acrF; aph(4)-Ia; blaEC; blaTEM-35; emrD
562.23432,,susceptible,susceptible,susceptible,,acrF; aph(3'')-Ib; aph(6)-Id; blaEC; cyaA_S352T; mdtM; tet(B)
562.23433,,susceptible,susceptible,susceptible,,acrF; aph(3'')-Ib; aph(6)-Id; blaEC; catA1; cirA_Y184Ter; dfrA17; marR_Q23Ter; mdtM; nfsA_Q88Ter; sul2
562.23435,,susceptible,RESISTANT,susceptible,,aac(6')-Ib-cr5; aadA1; aadA5; acrF; acrR_K80NfsTer9; aph(3'')-Ib; aph(6)-Id; arr; blaEC; blaOXA-1; blaTEM-1; catB3; cyaA_S352T; dfrA1; dfrA17; emrD; gyrA_D87N; gyrA_S83L; ompF_N57KfsTer11; parC_S80R; sul1; tet(A); tet(B)
562.23436,,susceptible,susceptible,susceptible,,acrF; blaEC; blaTEM-1; cyaA_S352T; emrD; mdtM
562.23437,,susceptible,susceptible,susceptible,,acrF; aph(3'')-Ib; aph(6)-Id; blaEC; blaTEM-1; catA1; mdtM; sul2
562.23438,,susceptible,susceptible,susceptible,,acrF; blaEC; mdtM
562.23439,,susceptible,susceptible,susceptible,,acrF; blaEC; emrD
562.23440,,susceptible,susceptible,susceptible,,aadA2; acrF; aph(3'')-Ib; aph(3')-Ia; blaEC; blaTEM-1; cyaA_S352T; emrD; lnu(F); pmrB_V161G; sul2; tet(A)
562.23441,,susceptible,susceptible,susceptible,,acrF; blaEC; blaOXA-1; catA1; cyaA_S352T; dfrA1; emrD; mdtM; sat2; tet(B)
562.23442,,susceptible,susceptible,susceptible,,acrF; blaEC-5; emrD
562.23443,,susceptible,susceptible,susceptible,,acrF; blaEC; mdtM
562.23444,,susceptible,susceptible,susceptible,,acrF; blaEC; emrD; marR_S3N; mdtM
562.23445,,susceptible,susceptible,susceptible,,acrF; aph(3'')-Ib; aph(6)-Id; blaEC; blaTEM-1; emrD; marR_S3N; mdtM; sul2
562.23446,,susceptible,susceptible,susceptible,,acrF; blaEC-5; emrD; pmrB_V161G; uhpT_E350Q
562.23447,,susceptible,susceptible,susceptible,,acrF; blaEC; cirA_Q56Ter; cyaA_S352T; emrD; gyrA_S83L; mdtM; pmrB_V161G; tet(A)
562.23448,,susceptible,susceptible,susceptible,,acrF; aph(3'')-Ib; aph(6)-Id; blaEC; blaTEM-1; catA1; cyaA_S352T; dfrA5; emrD; sul1; sul2; tet(D)
562.23449,,susceptible,susceptible,susceptible,,acrF; blaEC; emrD; marR_S3N; pmrB_V161G
562.23450,,susceptible,susceptible,susceptible,,acrF; aph(3'')-Ib; aph(6)-Id; blaEC; blaTEM-1; cirA_W243Ter; cyaA_S352T; dfrA8; emrD; mdtM; sul2
562.23451,,RESISTANT,RESISTANT,susceptible,,aac(6')-Ib-cr5; aadA5; acrF; blaCTX-M-15; blaEC; blaOXA-1; catB3; dfrA17; emrD; gyrA_D87N; gyrA_S83L; mdtM; mph(A); mrx(A); parC_E84V; parC_S80I; parE_I529L; pmrB_V161G; ptsI_V25I; sul1; tet(A); uhpT_E350Q
562.23452,,susceptible,RESISTANT,susceptible,,aadA1; aadA5; acrF; aph(3'')-Ib; aph(3')-Ia; aph(6)-Id; blaEC; blaTEM-1; catA1; dfrA1; dfrA17; gyrA_D87N; gyrA_S83L; mdtM; mph(A); mrx(A); parC_A108V; parC_S80I; sat2; sul1; tet(B)
562.23453,,susceptible,susceptible,susceptible,,acrF; blaEC; mdtM
562.23454,,RESISTANT,RESISTANT,susceptible,,aac(6')-Ib-cr5; aadA5; acrF; blaCTX-M-15; blaEC; blaOXA-1; catB3; dfrA17; emrD; gyrA_D87N; gyrA_S83L; mdtM; mph(A); mrx(A); parC_E84V; parC_S80I; parE_I529L; pmrB_V161G; ptsI_V25I; sul1; tet(A); uhpT_E350Q
562.23455,,susceptible,susceptible,susceptible,,aadA1; acrF; blaEC; blaTEM-1; blaTEMp_C32T; dfrA1; emrD; marR_S3N; sat2
562.23456,,susceptible,susceptible,susceptible,,acrF; blaEC; emrD; mdtM; parE_I529L; ptsI_V25I; uhpT_E350Q
562.23457,,RESISTANT,RESISTANT,RESISTANT,,aac(3)-IIe; aac(6')-Ib-cr5; aadA5; acrF; blaCTX-M-15; blaEC; blaOXA-1; catB3; dfrA17; emrD; gyrA_D87N; gyrA_S83L; mdtM; parC_E84V; parC_S80I; parE_I529L; ptsI_V25I; sul1; tet(A); uhpT_E350Q
562.23458,,RESISTANT,RESISTANT,susceptible,,aac(6')-Ib-cr5; aadA5; acrF; blaCTX-M-15; blaEC; blaOXA-1; catB3; dfrA17; emrD; gyrA_D87N; gyrA_S83L; mdtM; mph(A); mrx(A); parC_E84V; parC_S80I; parE_I529L; ptsI_V25I; sul1; tet(A); uhpT_E350Q
562.23459,,susceptible,susceptible,RESISTANT,,aadA1; aadA5; acrF; acrR_G71VfsTer18; ant(2'')-Ia; blaEC-5; blaTEM-1; cmlA6; dfrA17; emrD; mdtM; sul1
562.23460,,susceptible,susceptible,susceptible,,acrF; blaEC; emrD; marR_S3N; mdtM
562.23461,,RESISTANT,RESISTANT,susceptible,,aac(6')-Ib-cr5; aadA5; acrF; blaCTX-M-15; blaEC; blaOXA-1; blaTEM-1; catB3; dfrA17; emrD; gyrA_D87N; gyrA_S83L; mdtM; mph(A); mrx(A); parC_E84V; parC_S80I; parE_I529L; pmrB_V161G; ptsI_V25I; sul1; tet(A); uhpT_E350Q
562.23462,,susceptible,RESISTANT,RESISTANT,,aac(3)-IId; acrF; aph(3'')-Ib; aph(6)-Id; blaEC; blaTEM-1; cirA_L468KfsTer6; cyaA_S352T; dfrA17; emrD; gyrA_D87N; gyrA_S83L; mdtM; parC_S57T; parC_S80I; parE_L416F; sul2; uhpT_E350Q
562.23463,,RESISTANT,RESISTANT,susceptible,,aac(6')-Ib-cr5; aadA5; acrF; blaCTX-M-15; blaEC; blaOXA-1; blaTEM-1; catB3; dfrA17; emrD; gyrA_D87N; gyrA_S83L; mdtM; mph(A); mrx(A); nfsA_R35VfsTer26; parC_E84V; parC_S80I; parE_I529L; ptsI_V25I; sul1; tet(A); uhpT_E350Q
562.23464,,susceptible,susceptible,susceptible,,acrF; aph(3'')-Ib; aph(6)-Id; blaEC-5; blaTEM-1; emrD; mdtM; sul2
562.23465,,susceptible,susceptible,susceptible,,acrF; blaEC; blaTEM-1; mdtM; sul2; tet(A)
562.23467,,susceptible,susceptible,susceptible,,aadA5; acrF; aph(3'')-Ib; aph(6)-Id; blaEC; blaTEM-1; cyaA_S352T; dfrA17; emrD; mdtM; mph(A); mrx(A); sul1; sul2
562.23468,,susceptible,susceptible,susceptible,,acrF; blaEC; mdtM; sul2
562.23469,,susceptible,susceptible,susceptible,,acrF; aph(3'')-Ib; aph(6)-Id; blaEC; dfrA1; emrD; gyrA_S83L; sat2; sul2; tet(B)
562.23470,,susceptible,RESISTANT,susceptible,,aadA5; acrF; aph(3'')-Ib; aph(6)-Id; blaCTX-M-191; blaEC; cyaA_S352T; dfrA17; emrD; gyrA_D87N; gyrA_S83L; parC_A108V; parC_S80I; sul1; sul2; tet(A)
562.23471,,susceptible,susceptible,susceptible,,acrF; blaEC-5; blaTEM-1; emrD; tet(B)
562.23472,,susceptible,susceptible,susceptible,,acrF; aph(3'')-Ib; aph(6)-Id; blaEC; blaTEM-1; dfrA14; mdtM; sul2
562.23473,,susceptible,susceptible,susceptible,,aadA5; acrF; aph(3'')-Ib; aph(6)-Id; blaEC; blaTEM-1; catA1; cyaA_S352T; dfrA17; emrD; mdtM; sul1; sul2; tet(B)
562.23474,,susceptible,RESISTANT,susceptible,,aadA5; acrF; blaEC; blaTEM-1; dfrA17; emrD; gyrA_D87N; gyrA_S83L; mdtM; mph(A); mrx(A); parC_E84V; parC_S80I; parE_I529L; ptsI_V25I; sul1; uhpT_E350Q
562.23475,,susceptible,susceptible,susceptible,,aadA1; acrF; acrR_Y138Ter; blaEC; blaSHV; emrD; mdtM; sul1; tet(D)
562.23476,,susceptible,susceptible,susceptible,,acrF; aph(3'')-Ib; aph(6)-Id; blaEC; blaTEM-1; mdtM; tet(A)
562.23477,,susceptible,susceptible,susceptible,,acrF; blaEC; blaTEM-1; mdtM
562.23478,,susceptible,RESISTANT,RESISTANT,,aadA1; aadA5; acrF; ant(2'')-Ia; blaEC; blaTEM-1; cmlA6; dfrA17; emrD; gyrA_D87N; gyrA_S83L; mdtM; mph(A); mrx(A); parC_E84V; parC_S80I; parE_I529L; ptsI_V25I; sul1; uhpT_E350Q
562.23479,,susceptible,susceptible,susceptible,,acrF; aph(3'')-Ib; aph(6)-Id; blaEC; blaTEM-1; emrD; marR_S3N; mdtM; sul2
562.23480,,susceptible,RESISTANT,RESISTANT,,aadA1; aadA5; acrF; ant(2'')-Ia; blaEC; cmlA6; dfrA17; emrD; gyrA_D87N; gyrA_S83L; mdtM; mph(A); mrx(A); parC_E84V; parC_S80I; parE_I529L; ptsI_V25I; sul1; uhpT_E350Q
562.23481,,susceptible,RESISTANT,susceptible,,aadA1; acrF; blaEC; cyaA_S352T; dfrA1; emrD; gyrA_D87N; gyrA_S83L; mdtM; nfsA_G126R; parC_S80I; parE_S458A; sat2
562.23482,,susceptible,susceptible,susceptible,,acrF; blaEC; emrD
562.23483,,susceptible,susceptible,susceptible,,acrF; aph(3'')-Ib; aph(6)-Id; blaEC; blaTEM-1; blaTEMp_C32T; catA1; emrD; parE_I529L; ptsI_V25I; sul2; uhpT_E350Q
562.23484,,susceptible,susceptible,susceptible,,aadA5; acrF; blaEC; blaTEM-1; cyaA_S352T; dfrA17; emrD; mdtM; sul1
562.23485,,susceptible,susceptible,susceptible,,acrF; aph(3'')-Ib; aph(6)-Id; blaEC; blaTEM-1; emrD; sul2; tet(B)
562.23486,,susceptible,RESISTANT,RESISTANT,,aac(3)-IId; acrF; aph(3'')-Ib; aph(3')-Ia; aph(6)-Id; blaEC; blaTEM-1; catA1; cyaA_S352T; emrD; gyrA_D87N; gyrA_S83L; mdtM; mph(A); mrx(A); parC_S57T; parC_S80I; parE_I464F; qepA1; sul2; tet(B); uhpT_E350Q
562.23487,,RESISTANT,RESISTANT,susceptible,,aac(6')-Ib-cr5; aadA5; acrF; blaCTX-M-15; blaEC; blaOXA-1; catB3; dfrA17; emrD; gyrA_D87N; gyrA_S83L; mdtM; mph(A); mrx(A); parC_E84V; parC_S80I; parE_I529L; pmrB_V161G; ptsI_V25I; sul1; uhpT_E350Q
562.23488,,RESISTANT,RESISTANT,RESISTANT,,aac(3)-IIe; aac(6')-Ib-cr5; aadA2; acrF; aph(3')-Ia; blaCTX-M-15; blaEC; blaOXA-1; blaTEM-1; catB3; dfrA12; emrD; gyrA_D87N; gyrA_S83L; mdtM; mph(A); mrx(A); parC_E84V; parC_S80I; parE_I529L; pmrB_V161G; ptsI_V25I; sul1; tet(A); uhpT_E350Q
562.23489,,susceptible,susceptible,susceptible,,acrF; blaEC-5; emrD
562.23490,,susceptible,susceptible,susceptible,,acrF; blaEC; mdtM
562.23491,,susceptible,susceptible,susceptible,,acrF; blaEC; mdtM
562.23492,,susceptible,susceptible,susceptible,,acrF; blaEC; blaTEM-1; emrD; marR_S3N; mdtM; pmrB_V161G
562.23493,,susceptible,susceptible,susceptible,,acrF; blaEC; emrD; parE_I529L; ptsI_V25I; uhpT_E350Q
562.23494,,RESISTANT,RESISTANT,RESISTANT,,aac(3)-IIe; aac(6')-Ib-cr5; aadA5; acrF; acrR_K80NfsTer9; aph(3'')-Ib; aph(3')-Ia; aph(6)-Id; blaCTX-M-15; blaEC; blaOXA-1; blaTEM; catA1; catB3; cyaA_S352T; dfrA17; emrD; gyrA_D87N; gyrA_S83L; mph(A); mrx(A); ompF_N57KfsTer11; parC_E84V; parC_S57T; parC_S80I; sul1; sul2; tet(B)
562.23495,,susceptible,susceptible,susceptible,,acrF; aph(3'')-Ib; aph(6)-Id; blaEC-5; dfrA7; emrD; marR_S3N; parE_I355T; sul1; sul2; tet(B); uhpT_E350Q
562.23496,,susceptible,susceptible,susceptible,,acrF; blaEC; blaTEM-1; emrD; marR_S3N; pmrB_V161G
562.23497,,susceptible,susceptible,susceptible,,acrF; blaEC; cyaA_S352T; emrD; mdtM
562.23498,,susceptible,susceptible,susceptible,,acrF; aph(3'')-Ib; aph(6)-Id; blaEC-5; blaTEM-1; dfrA14; emrD; sul2
562.23499,,susceptible,RESISTANT,susceptible,,acrF; blaEC; cyaA_S352T; emrD; gyrA_D87N; gyrA_S83L; mdtM; nfsA_G126R; parC_A108V; parC_S80I; parE_S458A
562.23500,,susceptible,susceptible,susceptible,,acrF; aph(3'')-Ib; aph(6)-Id; blaEC-5; blaTEM-1; emrD; marR_S3N; sul2; uhpT_E350Q
562.23501,,RESISTANT,RESISTANT,susceptible,,aac(6')-Ib-cr5; aadA5; acrF; blaCTX-M-15; blaEC; blaOXA-1; catB3; dfrA17; emrD; gyrA_D87N; gyrA_S83L; mdtM; mph(A); mrx(A); parC_E84V; parC_S80I; parE_I529L; ptsI_V25I; sul1; tet(A); uhpT_E350Q
562.23502,,susceptible,susceptible,susceptible,,acrF; blaEC-5; emrD; pmrB_V161G
562.23503,,susceptible,susceptible,susceptible,,aadA5; acrF; blaEC; blaTEM-1; catA1; cyaA_S352T; dfrA17; emrD; mdtM; mph(A); mrx(A); sul1; sul2
562.23504,,susceptible,susceptible,susceptible,,acrF; blaEC; blaTEM-1; cyaA_S352T; emrD; mdtM; nfsA_W212Ter; parE_I355T; uhpT_E350Q
562.23505,,RESISTANT,RESISTANT,susceptible,,aac(6')-Ib-cr5; aadA5; acrF; blaCTX-M-15; blaEC; blaOXA-1; catB3; dfrA17; emrD; gyrA_D87N; gyrA_S83L; mdtM; mph(A); mrx(A); parC_E84V; parC_S80I; parE_I529L; ptsI_V25I; sul1; uhpT_E350Q
562.23506,,susceptible,susceptible,susceptible,,acrF; blaEC; blaTEM-1; emrD; marR_S3N; mdtM
562.23507,,RESISTANT,RESISTANT,susceptible,,aadA5; acrF; aph(3'')-Ib; aph(6)-Id; blaEC; blaTEM-15; blaTEM-17; cyaA_S352T; dfrA17; emrD; gyrA_D87N; gyrA_S83L; mdtM; mph(A); mrx(A); parC_S57T; parC_S80I; parE_L416F; sul1; sul2; tet(B); uhpT_E350Q
562.23508,,RESISTANT,RESISTANT,susceptible,,aadA5; acrF; blaCTX-M-15; blaEC; blaTEM-1; dfrA17; emrD; gyrA_D87N; gyrA_S83L; mdtM; mph(A); mrx(A); parC_E84V; parC_S80I; parE_I529L; ptsI_V25I; sul1; uhpT_E350Q
562.23509,,susceptible,susceptible,susceptible,,acrF; blaEC; emrD; mdtM; parE_I529L; ptsI_V25I; uhpT_E350Q
562.23510,,susceptible,susceptible,susceptible,,acrF; blaEC; mdtM
562.23511,,susceptible,susceptible,susceptible,,acrF; blaEC; mdtM
562.23512,,susceptible,susceptible,susceptible,,acrF; blaEC; emrD; marR_S3N; mdtM
562.23513,,susceptible,susceptible,susceptible,,acrF; blaEC-5; blaTEM-1; emrD
562.23514,,susceptible,susceptible,susceptible,,aadA12; acrF; blaEC; blaTEM-1; cyaA_S352T; mdtM; sul1; tet(A)
562.23515,,susceptible,susceptible,susceptible,,acrF; blaEC; mdtM; pmrB_V161G
562.23516,,susceptible,susceptible,susceptible,,acrF; blaEC; emrD; marR_S3N; mdtM
562.23517,,susceptible,susceptible,susceptible,,acrF; blaEC; emrD; marR_S3N; mdtM
562.23518,,susceptible,susceptible,susceptible,,acrF; blaEC; emrD; marR_S3N; mdtM; pmrB_V161G
562.23519,,susceptible,susceptible,susceptible,,acrF; blaEC; emrD; marR_S3N; mdtM
562.23520,,susceptible,susceptible,susceptible,,acrF; blaEC; cyaA_S352T; emrD; mdtM; uhpT_E350Q
562.23521,,susceptible,susceptible,susceptible,,acrF; aph(3'')-Ib; aph(3')-Ia; aph(6)-Id; blaEC; blaTEM-1; cyaA_S352T; emrD; mdtM; parC_S57T; sul2; tet(B)
562.23522,,susceptible,susceptible,susceptible,,acrF; blaEC; emrD; marR_S3N; parE_D475E; pmrB_V161G
562.23523,,susceptible,susceptible,susceptible,,aadA1; acrF; blaEC-5; blaTEM-1; dfrA1; emrD; mdtM; sat2
562.23524,,susceptible,susceptible,susceptible,,aadA1; acrF; blaEC; blaTEM-1; mdtM; sul1
562.23525,,susceptible,susceptible,susceptible,,aadA5; acrF; aph(3'')-Ib; aph(6)-Id; blaEC; blaTEM-1; cyaA_S352T; dfrA17; emrD; mdtM; mph(A); mrx(A); sul1; sul2
562.23526,,susceptible,susceptible,susceptible,,aadA1; acrF; aph(3'')-Ib; aph(6)-Id; blaEC-5; blaTEM-30; blaTEMp_C32T; dfrA1; emrD; sul1; sul2; tet(B)
562.23527,,susceptible,susceptible,susceptible,,acrF; blaEC; emrD; marR_S3N; mdtM
562.23528,,susceptible,susceptible,susceptible,,acrF; blaEC; blaTEM-1; cyaA_S352T; dfrA1; emrD; gyrA_S83L; mdtM; pmrB_V161G; sul2
562.23529,,susceptible,susceptible,susceptible,,acrF; aph(3'')-Ib; aph(6)-Id; blaEC; blaTEM-1; dfrA5; gyrA_S83L; mdtM; sul2; tet(A)
562.23530,,susceptible,RESISTANT,susceptible,,aadA5; acrF; aph(3'')-Ib; aph(6)-Id; blaEC; blaTEM-1; cyaA_S352T; dfrA17; emrD; gyrA_D87N; gyrA_S83L; mdtM; mph(A); mrx(A); parC_S57T; parC_S80I; parE_L416F; sul1; sul2; tet(B); uhpT_E350Q
562.23531,,susceptible,susceptible,susceptible,,acrF; blaEC; mdtM; pmrB_V161G; uhpT_E350Q
562.23532,,susceptible,RESISTANT,susceptible,,aac(6')-Ib-cr5; aadA5; acrF; arr; blaEC; blaOXA-1; blaTEM-1; catB3; dfrA17; emrD; gyrA_D87N; gyrA_S83L; mdtM; mph(A); mrx(A); parC_E84V; parC_S80I; parE_I529L; ptsI_V25I; sul1; uhpT_E350Q
562.23533,,susceptible,susceptible,susceptible,,aadA1; acrF; blaEC-5; blaTEM-1; emrD; sul1
562.23534,,susceptible,susceptible,susceptible,,aadA1; acrF; blaEC-5; blaSHV-1; emrD; sul1; tet(D)
562.23535,,RESISTANT,susceptible,susceptible,,aadA5; acrF; aph(3'')-Ib; aph(6)-Id; blaEC; blaTEM-1; cyaA_S352T; dfrA17; emrD; gyrA_D87N; gyrA_S83L; mdtM; mph(A); mrx(A); parC_S57T; parC_S80I; parE_L416F; sul1; sul2; tet(B); uhpT_E350Q
562.23536,,susceptible,susceptible,RESISTANT,,aadA1; acrF; ant(2'')-Ia; aph(3'')-Ib; aph(3')-Ia; aph(6)-Id; blaEC; blaTEM-30; blaTEMp_C32T; cyaA_S352T; dfrA36; emrD; floR; nfsA_L43FfsTer4; sul1; sul2; tet(B)
562.23537,,susceptible,susceptible,susceptible,,acrF; blaEC; emrD; marR_S3N
562.23538,,susceptible,susceptible,susceptible,,acrF; aph(3'')-Ib; aph(6)-Id; blaEC; blaTEM-1; cyaA_S352T; dfrA7; emrD; pmrB_V161G; sul1; sul2; tet(A)
562.23539,,susceptible,RESISTANT,susceptible,,acrF; blaEC; blaTEM-1; emrD; gyrA_D87N; gyrA_S83L; mdtM; parC_E84V; parC_S80I; parE_I529L; ptsI_V25I; uhpT_E350Q
562.23540,,susceptible,susceptible,susceptible,,acrF; ampC_T-32A; blaEC; blaTEM; emrD
562.23541,,susceptible,,susceptible,,acrF; blaEC; cirA_V239RfsTer47; cyaA_S352T; dfrA1; emrD; gyrA_S83L; parC_S80I; sat2; tet(B); uhpT_E350Q
562.23542,,susceptible,RESISTANT,susceptible,,aadA5; acrF; blaEC; blaTEM-1; dfrA17; emrD; gyrA_D87N; gyrA_S83L; mdtM; mph(A); mrx(A); parC_E84V; parC_S80I; parE_I529L; ptsI_V25I; sul1; tet(A); uhpT_E350Q
562.23543,,susceptible,susceptible,susceptible,,acrF; aph(3'')-Ib; aph(6)-Id; blaEC; blaTEM-1; catA1; cyaA_S352T; dfrA7; emrD; gyrA_S83L; pmrB_V161G; sul2; tet(D)
562.23544,,susceptible,susceptible,susceptible,,acrF; aph(3'')-Ib; aph(6)-Id; blaEC; blaTEM-1; dfrA7; emrD; sul1; sul2; tet(B)
562.23545,,susceptible,susceptible,susceptible,,aadA1; acrF; aph(3'')-Ib; aph(3')-Ia; aph(6)-Id; blaEC; blaTEM-1; dfrA1; emrD; sat2; sul2; uhpT_Q459Ter
562.23546,,susceptible,susceptible,susceptible,,acrF; blaEC-5; emrD; mdtM
562.23547,,susceptible,susceptible,susceptible,,aadA1; acrF; aph(3'')-Ib; aph(6)-Id; blaEC; blaTEM-1; dfrA1; emrD; sat2; sul2; uhpT_E350Q
562.23548,,susceptible,RESISTANT,susceptible,,acrF; blaEC-5; blaTEM-1; blaTEMp_C32T; emrD; gyrA_G81D; mdtM; parC_S80R; tet(B)
562.23549,,susceptible,susceptible,susceptible,,acrF; blaEC; emrD; marR_S3N
562.23550,,susceptible,susceptible,susceptible,,aadA1; acrF; aph(3'')-Ib; aph(6)-Id; blaEC; blaTEM-1; cirA_W243Ter; cyaA_S352T; dfrA1; emrD; mdtM; sul1; sul2; tet(A)
562.23551,,susceptible,RESISTANT,susceptible,,aac(6')-Ib-cr5; acrF; blaEC; blaOXA-1; catB3; emrD; gyrA_D87N; gyrA_S83L; mdtM; parC_E84V; parC_S80I; parE_I529L; ptsI_V25I; tet(A); uhpT_E350Q
562.23552,,susceptible,susceptible,susceptible,,acrF; blaEC; emrD; marR_S3N
562.23553,,susceptible,RESISTANT,susceptible,,aadA5; acrF; blaEC; cirA_E450AfsTer23; cyaA_S352T; dfrA17; emrD; gyrA_D87N; gyrA_S83L; mdtM; mph(A); mrx(A); parC_E84V; parC_S57T; parC_S80I; sul1; tet(B); uhpT_E350Q
562.23554,,susceptible,susceptible,susceptible,,acrF; blaEC; blaTEM-1; mdtM; sul2
562.23555,,susceptible,susceptible,susceptible,,acrF; blaEC; mdtM
562.23556,,susceptible,susceptible,susceptible,,aadA1; acrF; blaEC-5; blaSHV-1; emrD; sul1
562.23557,,susceptible,susceptible,susceptible,,acrF; blaEC; emrD; parE_D475E; uhpT_E350Q
562.23558,,RESISTANT,RESISTANT,RESISTANT,,aac(3)-IIe; aac(6')-Ib-cr5; aadA2; acrF; blaCTX-M-15; blaEC; blaOXA-1; blaTEM-1; catB3; dfrA12; emrD; gyrA_D87N; gyrA_S83L; mdtM; mph(A); mrx(A); parC_E84V; parC_S80I; parE_I529L; ptsI_V25I; sul1; uhpT_E350Q
562.23559,,susceptible,susceptible,susceptible,,acrF; blaEC; blaTEM-1; cirA_V239RfsTer47; cyaA_S352T; emrD; uhpT_E350Q
562.23560,,susceptible,susceptible,susceptible,,acrF; blaEC-5; emrD
562.23561,,susceptible,susceptible,susceptible,,acrF; blaEC-5; emrD; mdtM
562.23562,,susceptible,susceptible,susceptible,,aadA1; acrF; blaEC; cyaA_S352T; dfrA1; emrD; mdtM; parC_S57T; sul1; tet(A); uhpT_E350Q
562.23563,,susceptible,susceptible,susceptible,,acrF; blaEC-5; blaTEM-1; emrD; mdtM
562.23564,,susceptible,susceptible,susceptible,,acrF; blaEC; cirA_G192Ter; dfrA5; emrD; gyrA_S83L; marR_S3N; nfsA_G154E; sul1
562.23565,,susceptible,susceptible,RESISTANT,,aac(3)-IId; acrF; blaEC; blaTEM-30; emrD; gyrA_S83A; mph(A); mrx(A); parE_I529L; ptsI_V25I; uhpT_E350Q
562.23566,,RESISTANT,RESISTANT,susceptible,,aadA5; acrF; aph(3'')-Ib; aph(6)-Id; blaCTX-M-15; blaEC; blaTEM-1; dfrA17; emrD; gyrA_D87N; gyrA_S83L; mdtM; mph(A); mrx(A); nfsA_I228NfsTer49; nfsB_Q101Ter; parC_E84V; parC_S80I; parE_I529L; ptsI_V25I; sul1; sul2; uhpT_E350Q
562.23567,,susceptible,susceptible,RESISTANT,,aac(3)-IId; acrF; blaEC; blaTEM-30; emrD; gyrA_S83A; mph(A); mrx(A); parE_I529L; pmrB_V161G; ptsI_V25I; uhpT_E350Q
562.23568,,susceptible,susceptible,susceptible,,aadA1; acrF; aph(3'')-Ib; aph(6)-Id; blaEC; blaTEM-1; catA1; cirA_Y460LfsTer4; dfrA1; mdtM; nfsA_R15C; parE_I355T; sat2; sul2
562.23569,,susceptible,susceptible,susceptible,,acrF; aph(3'')-Ib; aph(3')-Ia; aph(6)-Id; blaEC; blaTEM-1; cyaA_S352T; dfrA5; emrD; mdtM; sul2
562.23570,,susceptible,susceptible,susceptible,,acrF; blaEC-5; emrD
562.23571,,susceptible,RESISTANT,susceptible,,acrF; blaEC; emrD; gyrA_D87N; gyrA_S83L; mdtM; parC_E84V; parC_S80I; parE_I529L; ptsI_V25I; uhpT_E350Q
562.23572,,susceptible,susceptible,susceptible,,acrF; blaEC; emrD; parE_I529L; ptsI_V25I; uhpT_E350Q
562.23573,,susceptible,susceptible,susceptible,,aadA5; acrF; aph(3'')-Ib; aph(6)-Id; blaEC; blaTEM-1; cyaA_S352T; dfrA17; emrD; mdtM; sul1; sul2
562.23574,,RESISTANT,RESISTANT,RESISTANT,,aac(3)-IIe; aac(6')-Ib-cr5; aadA1; acrF; acrR_Q7Ter; blaCTX-M-15; blaEC; blaOXA-1; blaTEM-1; catB3; dfrA1; emrD; gyrA_D87N; gyrA_S83L; mdtM; parC_E84V; parC_S80I; parE_I529L; pmrB_V161G; ptsI_V25I; sat2; uhpT_E350Q
562.23575,,susceptible,susceptible,susceptible,,acrF; blaEC; emrD; marR_S3N
562.23576,,susceptible,susceptible,susceptible,,acrF; ampC_C-11T; blaEC-5; emrD; parE_D475E
562.23577,,susceptible,susceptible,susceptible,,acrF; blaEC-5; blaTEM-1; emrD; uhpT_E350Q
562.23578,,susceptible,susceptible,susceptible,,acrF; blaEC-5; emrD; mdtM
562.23579,,susceptible,susceptible,susceptible,,acrF; blaEC; emrD; parE_D475E
562.23580,,susceptible,RESISTANT,susceptible,,acrF; acrR_V88IfsTer9; aph(3'')-Ib; aph(6)-Id; blaEC; blaTEM-1; cyaA_S352T; dfrA7; emrD; gyrA_S83L; ompF_I200YfsTer31; sul2
562.23581,,susceptible,susceptible,susceptible,,acrF; blaEC; cyaA_S352T; emrD; mdtM; pmrB_V161G
562.23582,,susceptible,susceptible,susceptible,,aadA5; acrF; aph(3'')-Ib; aph(6)-Id; blaEC; blaTEM-1; cyaA_S352T; dfrA17; emrD; sul1; sul2
562.23583,,susceptible,susceptible,susceptible,,acrF; blaEC; mdtM
562.23584,,susceptible,susceptible,susceptible,,aadA1; acrF; blaEC-5; emrD; sul1
562.23585,,susceptible,susceptible,susceptible,,aadA1; acrF; blaEC-5; blaSHV-1; emrD; sul1
562.23586,,susceptible,susceptible,susceptible,,acrF; blaEC; emrD; marR_S3N; tet(B)
562.23587,,susceptible,susceptible,susceptible,,acrF; aph(3'')-Ib; aph(6)-Id; blaEC; blaTEM-1; blaTEMp_C32T; cirA_R61Ter; dfrA8; emrD; mdtM; sul2; uhpT_E350Q
562.23588,,susceptible,susceptible,susceptible,,acrF; blaEC; blaTEM-1; blaTEMp_C32T; emrD
562.23589,,susceptible,susceptible,susceptible,,acrF; aph(3'')-Ib; aph(6)-Id; blaEC; cyaA_S352T; emrD; mdtM; sul2
562.23590,,susceptible,susceptible,susceptible,,aadA1; blaEC-5; dfrA1; emrD; marR_S3N; sat2; tet(B); uhpT_E350Q
562.23591,,susceptible,susceptible,susceptible,,aadA1; acrF; aph(3'')-Ib; aph(6)-Id; blaEC; blaTEM-1; mdtM; sul1; tet(A)
562.23592,,susceptible,susceptible,susceptible,,aadA1; acrF; aph(3'')-Ib; aph(6)-Id; blaEC; blaTEM-1; catA1; dfrA1; sul1; sul2; tet(B)
562.23593,,susceptible,RESISTANT,RESISTANT,,aadA1; aadA5; acrF; ant(2'')-Ia; blaEC; cmlA6; dfrA17; emrD; gyrA_D87N; gyrA_S83L; mdtM; mph(A); mrx(A); parC_E84V; parC_S80I; parE_I529L; ptsI_V25I; sul1; uhpT_E350Q
562.23594,,RESISTANT,RESISTANT,RESISTANT,,aac(3)-IIe; aac(6')-Ib-cr5; aadA1; acrF; aph(3'')-Ib; aph(6)-Id; blaCTX-M-15; blaEC; blaOXA-1; catB3; cyaA_S352T; dfrA1; emrD; gyrA_D87Y; gyrA_S83V; parC_S80I; sat2; sul2
562.23595,,susceptible,susceptible,susceptible,,aadA1; acrF; aph(3'')-Ib; aph(6)-Id; blaEC; blaTEM-1; blaTEMp_G162T; cirA_W243Ter; cyaA_S352T; dfrA1; emrD; mdtM; pmrB_V161G; sat2; sul2
562.23596,,susceptible,susceptible,susceptible,,acrF; blaEC; emrD; marR_S3N
562.23597,,susceptible,susceptible,susceptible,,aadA1; acrF; blaEC-5; emrD; pmrB_V161G; sul1
562.23598,,susceptible,susceptible,susceptible,,acrF; blaEC-5; blaTEM-40; blaTEMp_C32T; emrD; mdtM; tet(B)
562.23599,,susceptible,susceptible,susceptible,,aadA1; acrF; aph(3'')-Ib; aph(6)-Id; blaEC-5; blaTEM-1; blaTEMp_C32T; dfrA1; emrD; sul1; sul2
562.23600,,susceptible,susceptible,susceptible,,acrF; blaEC; blaTEM-1; cyaA_S352T; emrD; mdtM; mph(A); mrx(A); sul1
562.23601,,susceptible,susceptible,susceptible,,acrF; aph(3'')-Ib; aph(6)-Id; blaEC; blaTEM-1; cirA_W243Ter; cyaA_S352T; dfrA14; dfrA5; emrD; mdtM; pmrB_V161G; sul2; tet(B)
562.23602,,susceptible,susceptible,susceptible,,acrF; blaEC-5; emrD
562.23603,,susceptible,susceptible,susceptible,,acrF; blaEC; mdtM
562.23604,,susceptible,susceptible,susceptible,,acrF; blaEC-5; blaTEM-1; emrD; uhpT_E350Q
562.23605,,susceptible,susceptible,susceptible,,acrF; blaEC; blaTEM-1; emrD; marR_S3N; mdtM
562.23606,,susceptible,susceptible,susceptible,,acrF; blaEC; mdtM
562.23607,,susceptible,susceptible,susceptible,,acrF; blaEC; mdtM; pmrB_V161G; tet(A)
562.23608,,RESISTANT,susceptible,susceptible,,aadA1; aadA2; acrF; aph(3')-Ia; blaCMY-111; blaEC; blaTEM-1; cmlA1; dfrA12; estX-3; fosA4; mdtM; mph(A); mrx(A); pmrB_V161G; sul3; tet(A)
562.23609,,susceptible,susceptible,susceptible,,aadA1; acrF; blaEC-5; blaSHV-1; emrD; sul1
562.23610,,susceptible,RESISTANT,susceptible,,acrF; blaEC; blaTEM-1; cirA_G88AfsTer1; dfrA14; emrD; gyrA_D87N; gyrA_S83L; mdtM; parC_E84V; parC_S80I; parE_I529L; pmrB_V161G; ptsI_V25I; uhpT_E350Q
562.23611,,susceptible,susceptible,susceptible,,acrF; blaEC; blaTEM-1; cirA_Q56Ter; cyaA_S352T; emrD; mdtM; parE_I355T; uhpT_E350Q
562.23612,,susceptible,susceptible,susceptible,,acrF; blaEC; cyaA_S352T; dfrA17; emrD; mdtM; mph(A); mrx(A); tet(B)
562.23613,,susceptible,susceptible,susceptible,,acrF; blaEC; emrD; marR_S3N; pmrB_V161G
562.23614,,susceptible,susceptible,susceptible,,acrF; blaEC; emrD; uhpT_E350Q
562.23615,,RESISTANT,RESISTANT,susceptible,,aac(6')-Ib-cr5; aadA5; acrF; blaCTX-M-15; blaEC; blaOXA-1; blaTEM-1; catB3; dfrA17; emrD; gyrA_D87N; gyrA_S83L; mdtM; mph(A); mrx(A); parC_E84V; parC_S80I; parE_I529L; ptsI_V25I; sul1; uhpT_E350Q
562.23616,,susceptible,susceptible,susceptible,,aadA1; acrF; blaEC; blaTEM-1; cyaA_S352T; dfrA1; emrD; mdtM; sat2
562.23617,,susceptible,susceptible,susceptible,,aadA5; acrF; blaEC; blaTEM-1; blaTEMp_G162T; dfrA17; emrD; gyrA_S83L; mdtM; mph(A); mrx(A); parE_I529L; ptsI_V25I; sul1; uhpT_E350Q
562.23618,,susceptible,susceptible,susceptible,,aadA1; acrF; blaEC; blaSHV-1; cyaA_S352T; emrD; mdtM; sul1
562.23619,,susceptible,susceptible,susceptible,,acrF; blaEC; emrD; gyrA_S83L; tet(B)
562.23620,,susceptible,susceptible,susceptible,,acrF; blaEC; emrD; marR_S3N; mdtM
562.23621,,susceptible,susceptible,susceptible,,aadA5; acrF; aph(3'')-Ib; aph(6)-Id; blaEC; blaTEM-1; cyaA_S352T; dfrA17; emrD; mdtM; mph(A); mrx(A); sul1; sul2; tet(B)
562.23622,,susceptible,susceptible,susceptible,,acrF; aph(3'')-Ib; aph(6)-Id; blaEC-5; blaTEM-1; emrD; nfsA_E120Ter; sul2; uhpT_E350Q
562.23623,,RESISTANT,RESISTANT,susceptible,,aac(6')-Ib-cr5; aadA5; acrF; arr; blaCTX-M-15; blaEC; blaOXA-1; blaTEM-1; catA1; catB3; dfrA17; emrD; gyrA_D87N; gyrA_S83L; mdtM; nfsA_I228NfsTer49; parC_E84V; parC_S80I; parE_I529L; ptsI_V25I; sul1; tet(B); uhpT_E350Q
562.23624,,susceptible,susceptible,susceptible,,acrF; aph(3'')-Ib; aph(6)-Id; blaEC; blaTEM-1; cirA_Q56Ter; cyaA_S352T; dfrA14; emrD; mdtM; sul2
562.23625,,susceptible,susceptible,susceptible,,acrF; blaEC; emrD; marR_S3N; tet(B)
562.23626,,susceptible,susceptible,susceptible,,acrF; aph(3'')-Ib; aph(6)-Id; blaEC; blaTEM-1; cyaA_S352T; dfrA5; emrD; sul2; tet(A)
562.23627,,susceptible,susceptible,susceptible,,aadA1; acrF; blaEC; blaSHV; emrD; sul1; tet(D)
562.23628,,susceptible,susceptible,susceptible,,acrF; blaEC-5; emrD; mdtM; pmrB_V161G
562.23629,,susceptible,,susceptible,,aadA1; acrF; aph(3'')-Ib; aph(3')-Ia; aph(6)-Id; blaEC; blaTEM-1; dfrA1; emrD; gyrA_S83L; sat2; sul2; tet(B)
562.23630,,susceptible,susceptible,susceptible,,aadA2; acrF; blaEC; blaTEM-1; cirA_Q56Ter; cyaA_S352T; emrD; lnu(F); mdtM; sul1; sul2; tet(A)
562.23631,,susceptible,susceptible,susceptible,,aadA1; acrF; blaEC; dfrA1; emrD; parE_I529L; ptsI_V25I; sat2; uhpT_E350Q
562.23632,,susceptible,susceptible,susceptible,,acrF; blaEC; blaTEM-1; blaTEMp_C32T; dfrA1; emrD; sat2; sul1
562.23633,,susceptible,,susceptible,,aadA5; acrF; blaEC; blaTEM-40; blaTEMp_G162T; dfrA17; emrD; gyrA_S83L; mdtM; mph(A); mrx(A); parC_S80I; ptsI_V25I; sul1; uhpT_E350Q
562.23634,,susceptible,susceptible,susceptible,,acrF; blaEC; cirA_Y390Ter; emrD
562.23635,,susceptible,susceptible,susceptible,,acrF; blaEC; blaTEM-1; emrD; pmrB_V161G; uhpT_E350Q
562.23636,,susceptible,susceptible,susceptible,,acrF; blaEC; dfrA5; mdtM
562.23637,,susceptible,susceptible,susceptible,,acrF; blaEC-5; emrD
562.23638,,susceptible,susceptible,susceptible,,acrF; blaEC; emrD; marR_S3N; pmrB_V161G
562.23639,,susceptible,susceptible,susceptible,,aadA5; acrF; aph(3'')-Ib; aph(6)-Id; blaEC; blaTEM-1; cyaA_S352T; dfrA17; emrD; mdtM; mph(A); mrx(A); pmrB_V161G; sul1; sul2
562.23640,,RESISTANT,RESISTANT,RESISTANT,,aac(3)-IIe; aac(6')-Ib-cr5; aadA5; acrF; blaCTX-M-15; blaEC; blaOXA-1; catB3; dfrA17; gyrA_D87N; gyrA_S83L; mdtM; mph(A); mrx(A); nfsB_E175Ter; ompF_Y112Ter; parC_S80I; parE_S458A; sul1
562.23641,,susceptible,susceptible,susceptible,,acrF; blaEC; cirA_Q56Ter; cyaA_S352T; emrD; mdtM; parE_I355T; uhpT_E350Q
562.23642,,susceptible,RESISTANT,RESISTANT,,aac(3)-IId; aadA5; acrF; aph(3'')-Ib; aph(6)-Id; blaEC; blaTEM-1; dfrA17; emrD; gyrA_D87N; gyrA_S83L; mdtM; mph(A); mrx(A); parC_E84V; parC_S80I; parE_I529L; ptsI_V25I; sul1; sul2; tet(A); uhpT_E350Q
562.23643,,susceptible,susceptible,susceptible,,acrF; ampC_T-32A; blaEC-5; emrD; parC_S57T
562.23644,,susceptible,susceptible,susceptible,,acrF; blaEC; emrD; parE_I529L; ptsI_V25I; uhpT_E350Q
562.23645,,susceptible,RESISTANT,RESISTANT,,aac(3)-IId; acrF; aph(3'')-Ib; aph(6)-Id; blaEC; blaTEM-1; cirA_L468KfsTer6; cyaA_S352T; dfrA17; emrD; gyrA_D87N; gyrA_S83L; mdtM; mph(A); mrx(A); parC_S57T; parC_S80I; parE_L416F; sul2; tet(B); uhpT_E350Q
562.23646,,RESISTANT,RESISTANT,susceptible,,aac(6')-Ib-cr5; aadA5; acrF; blaCTX-M-15; blaEC; blaOXA-1; catB3; dfrA17; emrD; gyrA_D87N; gyrA_S83L; mdtM; mph(A); mrx(A); parC_E84V; parC_S80I; parE_I529L; ptsI_V25I; sul1; uhpT_E350Q
562.23647,,susceptible,susceptible,susceptible,,aadA1; acrF; aph(3'')-Ib; aph(6)-Id; blaEC; blaTEM-30; blaTEMp_C32T; dfrA1; emrD; marR_S3N; pmrB_V161G; sat2; sul2; tet(A)
562.23648,,susceptible,susceptible,susceptible,,acrF; blaEC; cyaA_S352T; dfrA7; emrD; sul1; tet(A)
562.23649,,susceptible,susceptible,susceptible,,acrF; blaEC; cirA_Q56Ter; cyaA_S352T; emrD; mdtM; parE_I355T; pmrB_V161G; uhpT_E350Q
562.23650,,susceptible,susceptible,susceptible,,acrF; blaEC; emrD; marR_S3N; pmrB_V161G
562.23651,,susceptible,susceptible,susceptible,,acrF; blaEC-5; emrD; marR_S3N; uhpT_E350Q
562.23652,,susceptible,susceptible,susceptible,,acrF; blaEC; cirA_Q56Ter; cyaA_S352T; emrD; mdtM; parE_I355T; uhpT_E350Q
562.23653,,susceptible,RESISTANT,susceptible,,acrF; aph(3'')-Ib; aph(6)-Id; blaEC; blaTEM-1; dfrA14; emrD; gyrA_D87N; gyrA_S83L; mdtM; parC_E84V; parC_S80I; parE_I529L; ptsI_V25I; sul2; tet(B); uhpT_E350Q
562.23654,,susceptible,susceptible,susceptible,,aadA1; acrF; blaEC-5; dfrA1; emrD; marR_S3N; sat2; uhpT_E350Q
562.23655,,susceptible,susceptible,susceptible,,acrF; blaEC-5; emrD; ompC_W273Ter
562.23656,,susceptible,susceptible,susceptible,,acrF; blaEC; emrD; mdtM; tet(B)
562.23657,,susceptible,susceptible,susceptible,,acrF; aph(3'')-Ib; aph(6)-Id; blaEC; blaTEM-1; dfrA7; emrD; sul1; sul2; tet(B)
562.23658,,susceptible,susceptible,susceptible,,aadA1; acrF; blaEC; cyaA_S352T; dfrA1; emrD; sat2
562.23790,RESISTANT,susceptible,susceptible,susceptible,,acrF; blaEC; blaTEM-1; mdtM; tet(A)
562.23791,RESISTANT,susceptible,RESISTANT,susceptible,,acrF; blaEC; blaTEM-1; emrD; gyrA_D87N; gyrA_S83L; mdtM; parC_E84V; parC_S80I; parE_I529L; ptsI_V25I; uhpT_E350Q
562.23792,RESISTANT,RESISTANT,RESISTANT,susceptible,,acrF; acrR_E8Ter; ampC_T-32A; blaEC; emrD; gyrA_D87N; gyrA_S83L; mdtM; parC_E84V; parC_S80I; parE_I529L; ptsI_V25I; uhpT_E350Q
562.23854,RESISTANT,susceptible,susceptible,susceptible,,aadA5; acrF; aph(3'')-Ib; aph(6)-Id; blaEC; blaTEM-1; cyaA_S352T; dfrA17; emrD; mdtM; mph(A); mrx(A); sul1; sul2
562.23866,RESISTANT,susceptible,susceptible,susceptible,,aadA5; acrF; aph(3'')-Ib; aph(6)-Id; blaEC; blaTEM-1; cyaA_S352T; dfrA17; emrD; mdtM; mph(A); mrx(A); ompC_Q104Ter; sul1; sul2
562.23867,RESISTANT,susceptible,susceptible,susceptible,,acrF; aph(3'')-Ib; aph(6)-Id; blaEC; blaTEM-1; dfrA5; emrD; marR_S3N; mdtM; sul2
562.28131,RESISTANT,RESISTANT,RESISTANT,RESISTANT,RESISTANT,aac(3)-IId; aac(3)-IVa; aac(6')-Ib-cr5; aadA16; aadA2; aadA5; acrF; acrR_Q14Ter; aph(3'')-Ib; aph(3')-Ia; aph(4)-Ia; aph(6)-Id; arr-3; blaCTX-M-55; blaEC; blaNDM-1; blaTEM-1; ble; bleO; catA1; catB3; cirA_D261EfsTer10; dfrA12; dfrA17; dfrA27; floR; fosA3; ftsI_I336IPYRI; gyrA_D87Y; gyrA_S83V; mcr-1.1; mdtM; mph(A); mrx(A); parC_S80I; qepA1; rmtB1; soxS_A12S; sul1; sul2; tet(A)
562.28132,RESISTANT,RESISTANT,RESISTANT,RESISTANT,RESISTANT,aac(3)-IId; aac(3)-IIe; aac(6')-Ib-cr5; aadA2; aadA5; acrF; acrR_V29YfsTer44; aph(3'')-Ib; aph(6)-Id; blaCTX-M-15; blaEC; blaNDM-5; blaOXA-1; blaTEM-1; ble; bleO; catB3; dfrA12; dfrA17; floR; ftsI_N337NYRIN; gyrA_D87N; gyrA_S83L; mcr-1.1; mdtM; mph(A); mrx(A); oqxA; oqxB; parC_S80I; parE_S458A; sul1; sul2; tet(A)
562.28389,susceptible,susceptible,susceptible,susceptible,susceptible,acrF; blaEC; cyaA_S352T; emrD; mdtM
562.28434,RESISTANT,RESISTANT,RESISTANT,RESISTANT,RESISTANT,aac(3)-IIe; aac(6')-Ib-cr5; aadA5; acrF; acrR_K80NfsTer9; blaCTX-M-15; blaEC; blaOXA-1; catB3; cyaA_S352T; dfrA17; emrD; ftsI_I336IKYRI; gyrA_D87N; gyrA_S83L; mph(A); mrx(A); parC_S80I; parE_S458A; sul1; tet(B)
562.28435,RESISTANT,RESISTANT,susceptible,RESISTANT,RESISTANT,aac(3)-IIe; aac(6')-Ib-cr5; aadA1; acrF; blaCTX-M-15; blaEC; blaOXA-1; blaTEM-1; catA3; catB3; dfrA8; estX/sat2; mdtM; sul3
562.28563,RESISTANT,RESISTANT,RESISTANT,susceptible,RESISTANT,aac(6')-Ib4; acrF; blaCMY-2; blaEC; blaTEM-1; catA1; catB3; dfrA1; gyrA_D87N; gyrA_S83L; mdtM; parC_E84G; parC_S80I; soxS_A12S; sul1; tet(B)
562.28565,RESISTANT,susceptible,susceptible,susceptible,RESISTANT,acrF; aph(3'')-Ib; aph(6)-Id; blaEC; blaTEM-1; cyaA_S352T; dfrA8; emrD; mdtM; nfsA_Q67Ter; sul2
562.28566,RESISTANT,RESISTANT,RESISTANT,susceptible,RESISTANT,aadA1; acrF; blaCMY-42; blaEC; blaOXA-1; catA1; dfrA1; ftsI_N337NYRIN; gyrA_D87N; gyrA_S83L; mdtM; parC_S80I; parE_S458A; sat2; tet(B)
562.28567,RESISTANT,RESISTANT,RESISTANT,susceptible,susceptible,aac(6')-Ib-cr5; acrF; blaCTX-M-15; blaEC; blaOXA-1; catB3; emrD; gyrA_D87N; gyrA_S83L; mdtM; ompF_L131AfsTer5; parC_E84V; parC_S80I; parE_I529L; ptsI_V25I; tet(A); uhpT_E350Q
562.28805,RESISTANT,RESISTANT,RESISTANT,RESISTANT,RESISTANT,aac(3)-IId; aac(6')-Ib3; acrF; blaEC; blaVEB-5; dfrA4; gyrA_D87N; gyrA_S83L; mdtM; parC_S80I; parE_S458A; sul1; tet(A); tet(B)
562.28838,RESISTANT,,RESISTANT,RESISTANT,RESISTANT,aac(3)-IIe; aac(6')-Ib-cr5; aadA5; acrF; acrR_V29YfsTer60; aph(3'')-Ib; aph(6)-Id; blaCTX-M-15; blaEC; blaOXA-1; catB3; dfrA17; emrD; gyrA_D87N; gyrA_S83L; mdtM; mph(A); mrx(A); parC_E84V; parC_S80I; parE_I529L; ptsI_V25I; sul1; sul2; tet(A); uhpT_E350Q
562.28839,RESISTANT,,RESISTANT,RESISTANT,RESISTANT,aac(3)-IId; aac(3)-IIe; aac(6')-Ib-cr5; aadA1; aadA5; acrF; ant(2'')-Ia; aph(3'')-Ib; aph(6)-Id; blaCTX-M-15; blaEC; blaOXA-1; blaTEM-1; catB3; cmlA6; dfrA17; emrD; gyrA_D87N; gyrA_S83L; mdtM; mph(A); mrx(A); parC_E84V; parC_S80I; parE_I529L; ptsI_V25I; sul1; sul2; tet(A); uhpT_E350Q
562.28840,RESISTANT,,RESISTANT,susceptible,RESISTANT,aac(6')-Ib-cr5; acrF; acrR_E190RfsTer20; aph(3'')-Ib; aph(6)-Id; blaEC; blaOXA-1; blaTEM-1; catB3; dfrA14; gyrA_D87N; gyrA_S83L; mdtM; parC_S80I; parE_S458A; sul2; tet(A)
562.28841,susceptible,,susceptible,susceptible,RESISTANT,acrF; aph(3'')-Ib; aph(6)-Id; blaEC; dfrA14; mdtM; sul2; tet(A)
562.28844,RESISTANT,,RESISTANT,susceptible,RESISTANT,aac(6')-Ib-cr5; aadA5; acrF; blaCTX-M-15; blaEC; blaOXA-1; catB3; dfrA17; dfrF; emrD; gyrA_D87N; gyrA_S83L; mdtM; mph(A); mrx(A); parC_E84V; parC_S80I; parE_I529L; ptsI_V25I; sul1; tet(A); uhpT_E350Q
562.28845,RESISTANT,,RESISTANT,RESISTANT,RESISTANT,aac(3)-IIe; aac(6')-Ib-cr5; aadA5; acrF; aph(3'')-Ib; aph(6)-Id; blaCTX-M-15; blaEC; blaOXA-1; catB3; dfrA17; emrD; gyrA_D87N; gyrA_S83L; mdtM; mph(A); mrx(A); parC_E84V; parC_S80I; parE_I529L; ptsI_V25I; sul1; sul2; tet(A); uhpT_E350Q
562.28846,RESISTANT,,RESISTANT,susceptible,RESISTANT,aac(6')-Ib-cr5; aadA5; acrF; blaCTX-M-15; blaEC; blaOXA-1; catB3; dfrA17; emrD; gyrA_D87N; gyrA_S83L; mdtM; mph(A); mrx(A); parC_E84V; parC_S80I; parE_I529L; ptsI_V25I; sul1; tet(A); uhpT_E350Q
562.29003,susceptible,susceptible,RESISTANT,susceptible,RESISTANT,aadA5; acrF; blaEC; dfrA17; emrD; gyrA_D87N; gyrA_S83L; mdtM; mph(A); mrx(A); parC_E84V; parC_S80I; parE_I529L; ptsI_V25I; sul1; tet(A); uhpT_E350Q
562.29006,RESISTANT,RESISTANT,RESISTANT,susceptible,RESISTANT,aac(6')-Ib4; acrF; blaCMY-2; blaEC; blaTEM-1; catA1; catB3; dfrA1; gyrA_D87N; gyrA_S83L; mdtM; parC_E84G; parC_S80I; soxS_A12S; sul1; tet(B)
562.29007,RESISTANT,RESISTANT,RESISTANT,RESISTANT,RESISTANT,aac(6')-Ib; aadA1; aadA2; aadA5; acrF; acrR_V29YfsTer44; aph(3'')-Ib; aph(6)-Id; armA; blaCMY-42; blaEC; blaNDM-1; blaOXA-9; blaSHV-12; blaTEM-1; ble; cirA_S90YfsTer15; dfrA12; ftsI_N337NYRIN; gyrA_D87N; gyrA_S83L; mdtM; mph(A); mph(E); mrx(A); msr(E); parC_S80I; parE_S458A; sul1; sul2; tet(A)
562.29008,RESISTANT,RESISTANT,RESISTANT,susceptible,RESISTANT,aac(6')-Ib-cr5; acrF; blaCTX-M-15; blaEC; blaOXA-1; catB3; dfrA8; ftsI_I336IKYRI; gyrA_D87N; gyrA_S83L; mdtM; mph(A); mrx(A); parC_S80I; parE_S458A; tet(A)
562.29139,RESISTANT,RESISTANT,RESISTANT,susceptible,susceptible,acrF; blaCMY-2; blaEC; blaTEM-1; emrD; gyrA_D87N; gyrA_S83L; mdtM; parC_E84V; parC_S80I; parE_I529L; ptsI_V25I; uhpT_E350Q
562.30349,RESISTANT,RESISTANT,RESISTANT,susceptible,RESISTANT,aac(6')-Ib-cr5; aadA5; acrF; aph(3'')-Ib; aph(6)-Id; blaCMY-6; blaCTX-M-15; blaEC; blaNDM-7; blaOXA-1; ble; cyaA_S352T; dfrA17; emrD; erm(B); ftsI_N337NYRIN; gyrA_D87N; gyrA_S83L; mdtM; mph(A); mrx(A); nfsA_G126R; parC_A108V; parC_S80I; parE_S458A; sul1; tet(B)
562.30362,RESISTANT,RESISTANT,RESISTANT,susceptible,RESISTANT,aadA1; acrR_E91KfsTer6; aph(3'')-Ib; aph(6)-Id; blaCMY-2; blaEC; cirA_Y362Ter; dfrA1; floR; gyrA_D87N; gyrA_S83L; mdtM; nfsA_G125AfsTer14; ompF_Q88Ter; parC_E84G; parC_S80I; sat2; sul2; tet(A); tet(B)
562.30434,RESISTANT,RESISTANT,RESISTANT,susceptible,RESISTANT,aadA2; acrF; blaEC; blaNDM-5; blaTEM-1; ble; dfrA12; gyrA_D87N; gyrA_S83L; mdtM; mph(A); mrx(A); parC_E84G; parC_S80I; qepA9; soxS_A12S; sul1; tet(B)
562.30435,RESISTANT,RESISTANT,RESISTANT,,RESISTANT,aac(6')-Ib'; aadA1; acrF; blaEC; blaKPC-3; blaOXA-9; blaTEM-1; dfrA14; emrD; gyrA_D87N; gyrA_S83L; mdtM; parC_E84V; parC_S80I; parE_I529L; ptsI_V25I; qnrS1; uhpT_E350Q
562.31449,RESISTANT,,RESISTANT,RESISTANT,RESISTANT,aac(3)-IIe; aac(6')-Ib-cr5; aadA5; acrF; aph(3'')-Ib; aph(6)-Id; blaCTX-M-15; blaEC; blaOXA-1; catB3; dfrA17; gyrA_D87N; gyrA_S83L; mdtM; mph(A); mrx(A); nfsA_G126R; parC_S80I; parE_S458A; sul1; sul2; tet(B)
562.31450,RESISTANT,,RESISTANT,susceptible,RESISTANT,aac(6')-Ib-cr5; aadA5; acrF; aph(3'')-Ib; aph(6)-Id; blaCTX-M-15; blaEC; blaOXA-1; catB3; dfrA17; gyrA_D87N; gyrA_S83L; mdtM; mph(A); mrx(A); parC_S80I; sul1; sul2; tet(A)
562.31451,RESISTANT,,RESISTANT,RESISTANT,RESISTANT,aac(3)-IIe; aac(6')-Ib-cr5; aadA5; acrF; aph(3'')-Ib; aph(6)-Id; blaCTX-M-15; blaEC; blaOXA-1; catB3; dfrA17; gyrA_D87N; gyrA_S83L; mdtM; mph(A); mrx(A); nfsA_G126R; parC_S80I; parE_S458A; sul1; sul2; tet(B)
562.31452,RESISTANT,,RESISTANT,RESISTANT,RESISTANT,aac(3)-IId; aadA2; acrF; acrR_E190RfsTer20; blaCTX-M-15; blaEC; blaTEM-1; catA1; dfrA12; gyrA_D87N; gyrA_S83L; mdtM; mph(A); mrx(A); parC_S80I; parE_S458A; qepA4; qnrD1; qnrS1; sul1; tet(A)
562.31454,susceptible,,susceptible,susceptible,RESISTANT,acrF; aph(3'')-Ib; aph(6)-Id; blaEC; dfrA14; mdtM; sul2; tet(A)
562.31457,RESISTANT,,RESISTANT,susceptible,susceptible,aac(6')-Ib-cr5; acrF; acrR_T5N; aph(3'')-Ib; aph(6)-Id; blaCTX-M-15; blaEC; blaOXA-1; catB3; gyrA_D87N; gyrA_S83L; mdtM; nfsA_G126R; parC_S80I; parE_S458A; sul2; tet(B)
562.31458,RESISTANT,,susceptible,susceptible,RESISTANT,aac(3)-IIe; aac(6')-Ib-cr5; aadA1; acrF; aph(3'')-Ib; aph(6)-Id; blaCTX-M-15; blaEC; blaOXA-1; blaTEM-1; catA1; catB3; dfrA14; mdtM; qnrB1; sul2; tet(A)
562.31459,susceptible,,susceptible,susceptible,RESISTANT,blaEC; cirA_Q501Ter; dfrA5; emrD; gyrA_S83L; marR_S3N; sul1; sul2
562.31460,RESISTANT,,RESISTANT,susceptible,RESISTANT,aac(6')-Ib-cr5; aadA5; acrF; blaCTX-M-15; blaEC; blaOXA-1; catB3; dfrA17; gyrA_D87N; gyrA_S83L; mdtM; mph(A); mrx(A); parC_S80I; parE_S458A; sul1; tet(A); uhpT_E350Q
562.31462,susceptible,,susceptible,susceptible,susceptible,acrF; blaEC; emrD; parE_D475E
562.31463,RESISTANT,,RESISTANT,susceptible,susceptible,aac(6')-Ib-cr5; acrF; blaEC; blaOXA-1; catB3; gyrA_D87N; gyrA_S83L; mdtM; parC_S80I; parE_S458A; tet(A)
562.31464,RESISTANT,,susceptible,susceptible,RESISTANT,acrF; aph(3'')-Ib; aph(6)-Id; blaEC; blaTEM-1; dfrA14; mdtM; nfsA_Q235Ter; sul2
562.31465,susceptible,,susceptible,susceptible,susceptible,acrF; blaEC; emrD
562.31466,susceptible,,susceptible,susceptible,susceptible,acrF; blaEC; mdtM
562.33280,RESISTANT,RESISTANT,susceptible,susceptible,susceptible,acrF; blaCMY; blaCMY-2; blaEC; cyaA_S352T; emrD; ompF_N174insTer18
562.33281,RESISTANT,RESISTANT,RESISTANT,susceptible,RESISTANT,aadA1; acrF; blaCMY-42; blaEC; blaOXA-1; catA1; dfrA1; ftsI_N337NYRIN; gyrA_D87N; gyrA_S83L; mdtM; parC_S80I; parE_S458A; sat2; tet(B)
562.34085,RESISTANT,RESISTANT,RESISTANT,RESISTANT,RESISTANT,aac(3)-IId; aadA5; acrF; aph(3'')-Ib; aph(6)-Id; blaCTX-M-14; blaEC; blaTEM-1; dfrA17; emrD; gyrA_D87N; gyrA_S83L; mdtM; mph(A); mrx(A); parC_E84V; parC_S80I; parE_I529L; ptsI_V25I; sul1; sul2; tet(A); uhpT_E350Q
562.34086,RESISTANT,RESISTANT,susceptible,RESISTANT,RESISTANT,aac(3)-IId; aadA2; acrF; blaCTX-M-14; blaEC; blaTEM-1; catA1; cirA_V239RfsTer47; cyaA_S352T; dfrA12; emrD; gyrA_S83L; mph(A); mrx(A); sul1; tet(A); uhpT_E350Q
562.34088,RESISTANT,,RESISTANT,susceptible,susceptible,acrF; ampC_T-32A; blaEC; blaTEM-1; cyaA_S352T; emrD; gyrA_D87N; gyrA_S83L; ompF_Q277Ter; parC_E84A; parC_S80I
562.34089,RESISTANT,RESISTANT,susceptible,susceptible,susceptible,acrF; aph(3'')-Ib; aph(3')-Ia; aph(6)-Id; blaCMY-2; blaEC; cirA_P421TfsTer1; emrD; ptsI_V25I; sul2; tet(B); uhpT_E350Q
562.37106,RESISTANT,,susceptible,susceptible,susceptible,acrF; aph(3'')-Ib; aph(6)-Id; blaEC-5; blaTEM-1; dfrA7; emrD; sul1; sul2
562.37108,RESISTANT,,RESISTANT,RESISTANT,RESISTANT,aac(3)-IIe; aac(6')-Ib-cr5; aadA5; acrF; blaCTX-M-15; blaEC; blaOXA-1; catB3; cyaA_S352T; dfrA17; emrD; gyrA_D87N; gyrA_S83L; mph(A); mrx(A); ompF_Y253EfsTer3; parC_S80I; parE_S458A; sul1; tet(B)
562.37109,susceptible,,susceptible,susceptible,susceptible,acrF; blaEC; emrD; mdtM
562.37111,susceptible,,susceptible,susceptible,susceptible,acrF; blaEC; emrD; mdtM
562.37112,RESISTANT,,RESISTANT,susceptible,RESISTANT,aadA2; acrF; aph(3'')-Ib; aph(6)-Id; blaEC; blaTEM-1; dfrA12; gyrA_D87N; gyrA_S83L; mdtM; mph(A); mrx(A); parC_S80I; parE_L416F; sat4; soxS_A12S; sul1; sul2; tet(A); tet(B); vanZ-A
562.42634,RESISTANT,,RESISTANT,RESISTANT,RESISTANT,aac(3)-IId; acrF; blaEC; blaTEM-12; dfrA25; emrD; gyrA_D87N; gyrA_S83L; mdtM; parC_E84V; parC_S80I; parE_I529L; ptsI_V25I; qnrB2; sul1; tet(A); uhpT_E350Q
562.42635,RESISTANT,susceptible,,susceptible,RESISTANT,aac(6')-Ib-cr5; aadA5; acrF; blaCTX-M-15; blaEC; blaOXA-1; blaTEM-1; catB3; dfrA17; emrD; gyrA_D87N; gyrA_S83L; mdtM; parC_E84V; parC_S80I; parE_I529L; ptsI_V25I; sul1; uhpT_E350Q
562.42636,RESISTANT,,RESISTANT,susceptible,susceptible,acrF; blaCTX-M-27; blaEC-5; emrD; gyrA_D87N; gyrA_S83L; marR_S3N; parC_S80I; parE_L416F; uhpT_E350Q
562.42637,RESISTANT,,RESISTANT,susceptible,susceptible,acrF; blaCTX-M-27; blaEC; emrD; gyrA_D87N; gyrA_S83L; mdtM; parC_E84V; parC_S80I; parE_I529L; ptsI_V25I; uhpT_E350Q
562.42638,RESISTANT,,RESISTANT,susceptible,RESISTANT,aadA5; acrF; aph(3'')-Ib; aph(6)-Id; blaCTX-M-27; blaEC; dfrA17; emrD; gyrA_D87N; gyrA_S83L; mdtM; mph(A); mrx(A); parC_E84V; parC_S80I; parE_I529L; ptsI_V25I; sul1; sul2; tet(A); uhpT_E350Q
562.42639,RESISTANT,,RESISTANT,susceptible,RESISTANT,aadA1; acrF; aph(3'')-Ib; aph(6)-Id; blaCTX-M-15; blaEC; dfrA1; floR; gyrA_D87N; gyrA_S83L; mdtM; parC_S80I; sat2; sul2; tet(A)
562.42640,RESISTANT,,RESISTANT,susceptible,susceptible,aadA5; acrF; aph(3'')-Ib; aph(6)-Id; blaCTX-M-27; blaEC; dfrA17; emrD; gyrA_D87N; gyrA_S83L; mdtM; mph(A); mrx(A); parC_E84V; parC_S80I; parE_I529L; ptsI_V25I; sul1; sul2; tet(A); uhpT_E350Q
562.42641,RESISTANT,,RESISTANT,susceptible,RESISTANT,aac(3)-IIe; acrF; aph(3'')-Ib; aph(3')-Ia; aph(6)-Id; blaCTX-M-15; blaEC; blaTEM-1; catA1; dfrA14; gyrA_D87N; gyrA_S83L; mdtM; mph(A); mrx(A); parC_A56T; parC_S80I; sul2; tet(B)
562.42642,RESISTANT,,susceptible,susceptible,susceptible,acrF; aph(3'')-Ib; aph(6)-Id; blaCMY-2; blaEC; mdtM; sul2; tet(A)
562.42643,RESISTANT,,RESISTANT,susceptible,susceptible,acrF; blaCTX-M-55; blaEC; blaTEM; emrD
562.42644,RESISTANT,,RESISTANT,susceptible,RESISTANT,aadA5; acrF; blaCTX-M-15; blaEC; dfrA17; emrD; gyrA_D87N; gyrA_S83L; mdtM; mph(A); mrx(A); parC_E84V; parC_S80I; parE_I529L; ptsI_V25I; sul1; tet(A); uhpT_E350Q
562.42645,RESISTANT,,RESISTANT,susceptible,RESISTANT,aadA5; acrF; aph(3'')-Ib; aph(6)-Id; blaCTX-M-27; blaEC; dfrA17; emrD; gyrA_D87N; gyrA_S83L; mdtM; mph(A); mrx(A); parC_E84V; parC_S80I; parE_I529L; ptsI_V25I; sul1; sul2; tet(A); uhpT_E350Q
562.42646,RESISTANT,,RESISTANT,susceptible,susceptible,acrF; blaEC; blaSHV-12; cirA_Q65Ter; gyrA_D87N; gyrA_S83L; mdtM; mph(A); mrx(A); parC_S80I; parE_S458A
562.42647,RESISTANT,,RESISTANT,RESISTANT,RESISTANT,aac(3)-IIe; aac(6')-Ib-cr5; acrF; aph(3'')-Ib; aph(3')-Ia; aph(6)-Id; blaCTX-M-15; blaEC; blaOXA-1; blaTEM-1; blaTEMp_C32T; catA1; catB3; dfrA14; gyrA_D87N; gyrA_S83L; mdtM; mph(A); mrx(A); parC_S80I; parE_S458A; sul2; tet(B)
562.42648,RESISTANT,,RESISTANT,susceptible,RESISTANT,acrF; blaCTX-M-15; blaEC-5; dfrA14; emrD; gyrA_D87N; gyrA_S83L; marR_S3N; mph(A); mrx(A); parC_S80I; parE_L416F; qnrS1; uhpT_E350Q
562.42649,RESISTANT,,RESISTANT,susceptible,RESISTANT,aac(3)-IId; aac(3)-IIe; aac(6')-Ib-cr5; aadA5; acrF; aph(3'')-Ib; aph(6)-Id; blaCTX-M-15; blaEC; blaOXA-1; blaTEM-1; catB3; dfrA14; dfrA17; gyrA_D87N; gyrA_S83L; mdtM; mph(A); mrx(A); parC_S80I; parE_S458T; qnrS1; soxR_R20H; sul1; sul2
562.42650,RESISTANT,,RESISTANT,susceptible,RESISTANT,aadA5; acrF; aph(3'')-Ib; aph(6)-Id; blaCTX-M-15; blaEC; blaTEM-1; dfrA14; dfrA17; emrD; gyrA_S83L; mdtM; mph(A); mrx(A); parE_I529L; ptsI_V25I; qnrS1; sul1; sul2; tet(A); uhpT_E350Q
562.42651,RESISTANT,,RESISTANT,susceptible,RESISTANT,aadA5; acrF; aph(3'')-Ib; aph(6)-Id; blaCTX-M-15; blaEC; cyaA_S352T; dfrA17; emrD; gyrA_D87N; gyrA_S83L; mph(A); mrx(A); parC_S80I; parE_S458A; sul1; sul2; tet(A)
562.42652,RESISTANT,,RESISTANT,susceptible,RESISTANT,aadA5; acrF; aph(3'')-Ib; aph(6)-Id; blaCTX-M-15; blaEC; dfrA17; emrD; gyrA_D87N; gyrA_S83L; mdtM; mph(A); mrx(A); parC_E84V; parC_S80I; parE_I529L; ptsI_V25I; sul1; sul2; uhpT_E350Q
562.42653,RESISTANT,,RESISTANT,RESISTANT,RESISTANT,aac(3)-IIe; aac(6')-Ib-cr5; aadA5; acrF; blaCTX-M-15; blaEC; blaOXA-1; catB3; dfrA17; emrD; erm(B); gyrA_D87N; gyrA_S83L; mdtM; mph(A); mrx(A); parC_E84V; parC_S80I; parE_I529L; ptsI_V25I; sul1; tet(A); uhpT_E350Q
562.42654,RESISTANT,,RESISTANT,susceptible,RESISTANT,aadA1; acrF; aph(3'')-Ib; aph(6)-Id; blaCMY-42; blaEC; blaTEM-190; blaTEMp_C32T; dfrA1; gyrA_D87N; gyrA_S83L; mdtM; mph(A); mrx(A); parC_E84G; parC_S80I; sat2; sul2; tet(B)
562.42655,RESISTANT,,RESISTANT,susceptible,RESISTANT,aac(6')-Ib4; acrF; blaCTX-M-15; blaEC; blaTEM-1; catA1; catB3; dfrA1; gyrA_D87N; gyrA_S83L; mdtM; parC_E84K; parE_L416F; soxS_A12S; sul1; tet(B)
562.42656,RESISTANT,,susceptible,susceptible,susceptible,acrF; blaCMY; blaEC; mdtM; ompC_W77CfsTer26; uhpT_E350Q
562.42657,RESISTANT,,RESISTANT,susceptible,RESISTANT,aac(6')-Ib4; acrF; blaCTX-M-15; blaEC; blaTEM-1; catA1; catB3; dfrA1; gyrA_D87N; gyrA_S83L; mdtM; parC_E84K; parE_L416F; soxS_A12S; sul1; tet(B)
562.42658,RESISTANT,,RESISTANT,susceptible,RESISTANT,acrF; aph(3'')-Ib; aph(6)-Id; blaCTX-M-55; blaEC; blaTEM-1; dfrA14; gyrA_D87N; gyrA_S83L; mdtM; parC_S80I; parE_S458A; sul2; tet(A)
562.42659,RESISTANT,,RESISTANT,susceptible,RESISTANT,aadA5; acrF; aph(3'')-Ib; aph(6)-Id; blaCTX-M-27; blaEC; dfrA17; dfrA25; emrD; gyrA_D87N; gyrA_S83L; mdtM; mph(A); mrx(A); nfsA_W212Ter; parC_E84V; parC_S80I; parE_I529L; ptsI_V25I; sul1; sul2; tet(A); uhpT_E350Q
562.42660,RESISTANT,,RESISTANT,RESISTANT,RESISTANT,aac(3)-IId; aac(6')-Ib-cr5; aadA16; acrF; acrR_T5N; aph(3'')-Ib; aph(3')-Ia; aph(6)-Id; arr-3; blaEC; blaNDM-5; blaTEM-1; ble; catA1; dfrA14; dfrA27; floR; ftsI_N337NYRIN; gyrA_D87N; gyrA_S83L; mdtM; mph(A); mrx(A); nfsA_Q195Ter; nfsB_F167LfsTer11; ompF_D34RfsTer1; parC_S80I; parE_S458A; rmtB1; sul1; sul2; tet(A)
562.42661,RESISTANT,,RESISTANT,RESISTANT,susceptible,aac(3)-IId; acrF; blaCTX-M-15; blaEC; blaTEM-1; emrD; gyrA_D87N; gyrA_S83L; mdtM; parC_E84V; parC_S80I; parE_I529L; ptsI_V25I; uhpT_E350Q
562.42663,RESISTANT,,RESISTANT,RESISTANT,RESISTANT,aac(3)-IIe; aac(6')-Ib-cr; aadA5; acrF; aph(3'')-Ib; aph(6)-Id; blaCTX-M-15; blaEC; blaOXA-1; catB3; dfrA17; emrD; gyrA_D87N; gyrA_S83L; mdtM; mph(A); mrx(A); parC_E84V; parC_S80I; parE_I529L; ptsI_V25I; sul1; sul2; tet(A); uhpT_E350Q
562.42664,RESISTANT,,RESISTANT,susceptible,RESISTANT,aac(6')-Ib-cr5; acrF; aph(6)-Id; blaCTX-M-15; blaEC; blaOXA-1; blaTEM-1; catB3; cyaA_S352T; dfrA17; emrD; gyrA_D87N; gyrA_S83L; mdtM; nfsA_G126R; parC_S80I; parE_S458A; tet(B)
562.42665,RESISTANT,,RESISTANT,RESISTANT,RESISTANT,aac(6')-Ib-cr5; acrF; aph(3'')-Ib; aph(3')-Ia; aph(3')-VI; aph(6)-Id; arr-2; blaCMY-6; blaCTX-M-15; blaEC; blaNDM-1; blaOXA-1; blaTEM-1; ble; catB3; cmlA5; dfrA14; gyrA_D87N; gyrA_S83L; mdtM; parC_S80I; parE_S458A; qnrB1; rmtC; sul1; sul2
562.42667,RESISTANT,,RESISTANT,RESISTANT,susceptible,aac(3)-IIe; aac(6')-Ib-cr5; acrF; blaCTX-M-15; blaEC; blaOXA-1; catB3; emrD; gyrA_D87N; gyrA_S83L; mdtM; parC_E84V; parC_S80I; parE_I529L; ptsI_V25I; tet(A); uhpT_E350Q
562.42668,RESISTANT,,susceptible,susceptible,RESISTANT,aadA1; acrF; aph(3'')-Ib; aph(6)-Id; blaCTX-M-15; blaEC; blaOXA-1; catA1; dfrA1; mdtM; qnrS1; sat2; sul2; tet(B)
562.42669,RESISTANT,,RESISTANT,susceptible,susceptible,acrF; aph(3'')-Ib; aph(3')-Ia; aph(6)-Id; blaCMY-2; blaEC; blaTEM-1; cyaA_S352T; emrD; sul2; tet(B)
562.42670,RESISTANT,,RESISTANT,RESISTANT,susceptible,aac(3)-IIe; aac(6')-Ib-cr5; acrF; blaCTX-M-15; blaEC; blaOXA-1; catB3; emrD; gyrA_D87N; gyrA_S83L; mdtM; parC_E84V; parC_S80I; parE_I529L; ptsI_V25I; uhpT_E350Q
562.42671,RESISTANT,,RESISTANT,RESISTANT,susceptible,aadA5; acrF; aph(3'')-Ib; aph(6)-Id; blaCTX-M-27; blaEC; dfrA17; emrD; gyrA_D87N; gyrA_S83L; mdtM; mph(A); mrx(A); parC_E84V; parC_S80I; parE_I529L; ptsI_V25I; sul1; sul2; tet(A); uhpT_E350Q
562.42672,RESISTANT,,RESISTANT,susceptible,susceptible,aac(3)-IIe; aac(6')-Ib-cr5; acrF; blaCTX-M-15; blaEC; blaOXA-1; catB3; emrD; gyrA_D87N; gyrA_S83L; mdtM; parC_E84V; parC_S80I; parE_I529L; ptsI_V25I; uhpT_E350Q
562.42673,RESISTANT,,RESISTANT,susceptible,RESISTANT,aac(6')-Ib-cr5; aadA5; acrF; blaCTX-M-15; blaEC; blaOXA-1; catB3; dfrA17; gyrA_D87N; gyrA_S83L; mdtM; mph(A); mrx(A); parC_S80I; parE_S458A; sul1; tet(B)
562.42674,RESISTANT,,susceptible,susceptible,susceptible,acrF; blaCMY-2; blaEC; mdtM; uhpT_E350Q
562.42675,RESISTANT,,RESISTANT,RESISTANT,susceptible,aac(3)-IIe; aac(6')-Ib-cr5; acrF; blaCTX-M; blaEC; blaOXA-1; catB3; emrD; gyrA_D87N; gyrA_S83L; mdtM; parC_E84V; parC_S80I; parE_I529L; ptsI_V25I; uhpT_E350Q
562.42676,RESISTANT,,susceptible,RESISTANT,RESISTANT,aac(3)-IId; aadA2; acrF; blaEC; blaTEM-1; dfrA12; emrD; mdtM; mph(A); mrx(A); parE_I529L; ptsI_V25I; sul1; tet(A); uhpT_E350Q
562.42677,RESISTANT,,RESISTANT,RESISTANT,susceptible,aac(6')-Ib-cr5; aadA2; acrF; acrR_V29YfsTer44; blaCMY-2; blaCTX-M-15; blaEC; blaNDM-5; blaOXA-1; blaTEM-1; ble; catB3; dfrA12; ftsI_I336IKYRI; gyrA_D87N; gyrA_S83L; mdtM; parC_S80I; parE_S458A; rmtB1; sul1
562.42678,RESISTANT,,RESISTANT,RESISTANT,RESISTANT,aac(3)-IId; aac(6')-Ib-cr5; aadA5; acrF; blaCTX-M-15; blaEC; blaOXA-1; blaTEM-1; catB3; cyaA_S352T; dfrA17; emrD; ftsI_I336IKYRI; gyrA_D87N; gyrA_S83L; ompF_Y253EfsTer3; parC_S80I; parE_S458A; sul1; tet(B)
562.42679,RESISTANT,,RESISTANT,RESISTANT,RESISTANT,aac(3)-IId; aac(6')-Ib-cr5; aadA2; aadA5; acrF; blaCTX-M-15; blaEC; blaNDM-5; blaOXA-1; blaTEM-1; ble; catB3; cyaA_S352T; dfrA12; dfrA17; emrD; erm(B); ftsI_I336IKYRI; gyrA_D87N; gyrA_S83L; mph(A); mrx(A); ompF_Y253EfsTer3; parC_S80I; parE_S458A; qnrS1; sul1; tet(B)
562.42680,RESISTANT,,RESISTANT,RESISTANT,susceptible,aac(3)-IIe; aac(6')-Ib-cr5; acrF; blaCMY-2; blaCTX-M-15; blaEC; blaOXA-1; catB3; gyrA_D87N; gyrA_S83L; mdtM; ompF_N328TfsTer20; parC_S80I; parE_S458A
562.42681,RESISTANT,,susceptible,susceptible,RESISTANT,aadA5; acrF; blaCTX-M-15; blaEC; dfrA17; emrD; erm(B); gyrA_S83L; mdtM; mph(A); mrx(A); parE_I529L; ptsI_V25I; sul1; uhpT_E350Q
562.42682,RESISTANT,,susceptible,susceptible,susceptible,acrF; blaCTX-M-27; blaEC; blaTEM-1; emrD; gyrA_S83L; mdtM; parE_I529L; ptsI_V25I; uhpT_E350Q
562.42683,RESISTANT,,RESISTANT,susceptible,susceptible,acrF; blaCTX-M-15; blaEC; blaTEM-1; emrD; gyrA_D87N; gyrA_S83L; mdtM; parC_E84V; parC_S80I; parE_I529L; ptsI_V25I; uhpT_E350Q
562.42684,RESISTANT,,susceptible,susceptible,susceptible,aac(3)-IIe; aac(6')-Ib-cr5; aadA5; acrF; aph(3'')-Ib; aph(6)-Id; blaCMY-2; blaCTX-M-15; blaEC; blaOXA-1; blaTEM-1; catB3; cirA_E388Ter; cirA_K320NfsTer5; dfrA17; emrD; gyrA_D87N; gyrA_S83L; marR_S3N; mdtM; mph(A); mrx(A); nfsA_G126R; parC_S80I; parE_S458A; sul1; sul2; tet(A); tet(B)
562.42685,RESISTANT,,RESISTANT,RESISTANT,RESISTANT,aac(3)-IIe; aac(6')-Ib-cr5; aadA2; aadA5; acrF; aph(3'')-Ib; aph(6)-Id; blaCTX-M-15; blaEC; blaOXA-1; blaTEM-1; catB3; cirA_E388Ter; dfrA12; dfrA17; gyrA_D87N; gyrA_S83L; mdtM; mph(A); mrx(A); nfsA_G126R; parC_S80I; parE_S458A; sul1; sul2; tet(A); tet(B); tet(D)
562.42686,RESISTANT,RESISTANT,RESISTANT,RESISTANT,RESISTANT,aac(3)-IId; aadA5; acrF; acrR_V29YfsTer44; aph(3'')-Ib; aph(6)-Id; blaCTX-M; blaEC; blaOXA-181; blaTEM; blaTEMp_G162T; cirA_S90YfsTer15; dfrA17; ftsI_N337NYRIN; gyrA_D87N; gyrA_S83L; mdtM; mph(A); mrx(A); parC_S80I; parE_S458A; qnrS1; sul1; sul2; tet(A)
562.42687,RESISTANT,,RESISTANT,susceptible,RESISTANT,aadA5; acrF; acrR_E190RfsTer20; aph(3'')-Ib; aph(3')-Ia; aph(6)-Id; blaCTX-M-15; blaEC; blaLAP-2; blaTEM; catA1; dfrA14; dfrA17; gyrA_D87N; gyrA_S83L; mdtM; parC_S80I; parE_S458A; qnrS1; sul2; tet(A); tet(B)
562.42688,RESISTANT,,susceptible,RESISTANT,susceptible,aac(3)-IIe; aac(3)-VIa; aadA1; acrF; blaCTX-M-55; blaEC; cyaA_S352T; estX-3; mdtM; sul1; sul3; tet(A)
562.42689,RESISTANT,,susceptible,RESISTANT,RESISTANT,aac(3)-IIe; aac(6')-Ib-cr5; aadA5; acrF; blaCTX-M-15; blaEC; blaOXA-1; catB3; cyaA_S352T; dfrA17; emrD; gyrA_D87N; gyrA_S83L; mdtM; parC_S80I; parE_S458A; sul1
562.42690,RESISTANT,,susceptible,RESISTANT,RESISTANT,acrF; aph(3'')-Ib; aph(6)-Id; blaCMY-4; blaEC; blaTEM-1; catA2; dfrA14; gyrA_D87N; gyrA_S83L; mdtM; parC_S80I; parE_S458A; soxR_G121D; sul2; tet(B); uhpT_E350Q
562.42691,RESISTANT,,susceptible,susceptible,RESISTANT,acrF; aph(3'')-Ib; aph(6)-Id; blaCTX-M-15; blaEC; blaTEM-1; cyaA_S352T; dfrA14; emrD; qnrS1; sul2; tet(A)
562.42692,RESISTANT,,susceptible,susceptible,susceptible,aadA1; acrF; aph(3')-Ia; blaCTX-M-14; blaDHA-1; blaEC; blaTEM-1; cirA_Q260Ter; cyaA_S352T; dfrA1; emrD; mph(A); mrx(A); nfsA_Q113Ter; qnrB4; sat2; sul1; tet(D)
562.42693,RESISTANT,,RESISTANT,RESISTANT,susceptible,aac(3)-IIe; aac(6')-Ib-cr5; acrF; blaCTX-M-15; blaEC; blaOXA-1; catB3; emrD; gyrA_D87N; gyrA_S83L; mdtM; ompF_Q284HfsTer16; parC_E84V; parC_S80I; parE_I529L; pmrB_T156M; ptsI_V25I; uhpT_E350Q
562.42694,RESISTANT,,RESISTANT,susceptible,RESISTANT,aadA5; acrF; aph(3'')-Ib; aph(6)-Id; blaCMY-2; blaEC; blaTEM-1; dfrA17; emrD; gyrA_D87N; gyrA_S83L; mdtM; mph(A); mrx(A); parC_E84V; parC_S80I; parE_I529L; ptsI_V25I; sul1; sul2; tet(A); uhpT_E350Q
562.42695,RESISTANT,,RESISTANT,susceptible,susceptible,acrF; blaCTX-M-27; blaEC; emrD; gyrA_D87N; gyrA_S83L; mdtM; parC_E84V; parC_S80I; parE_I529L; ptsI_V25I; uhpT_E350Q
562.42696,RESISTANT,,RESISTANT,susceptible,susceptible,aac(6')-Ib-cr5; acrF; blaCTX-M-15; blaEC; blaOXA-1; catB3; emrD; gyrA_D87N; gyrA_S83L; mdtM; parC_E84V; parC_S80I; parE_I529L; ptsI_V25I; tet(A); uhpT_E350Q
562.42698,RESISTANT,,RESISTANT,susceptible,RESISTANT,aac(6')-Ib-cr5; aadA5; acrF; blaCTX-M-15; blaEC; blaOXA-1; catB3; dfrA17; emrD; gyrA_D87N; gyrA_S83L; mdtM; mph(A); mrx(A); parC_E84V; parC_S80I; parE_I529L; ptsI_V25I; sul1; tet(A); uhpT_E350Q
562.42699,RESISTANT,,RESISTANT,susceptible,susceptible,acrF; blaEC; cyaA_S352T; emrD; floR; gyrA_D87N; gyrA_S83L; mdtM; parC_S80I; parE_S458A; tet(A)
562.42700,RESISTANT,,RESISTANT,susceptible,RESISTANT,aadA5; acrF; blaCTX-M-15; blaEC; catA1; cyaA_S352T; dfrA17; emrD; gyrA_D87N; gyrA_S83L; mdtM; mph(A); mrx(A); parC_S80I; parE_S458A; sul1; tet(B)
562.42701,RESISTANT,,RESISTANT,susceptible,susceptible,acrF; aph(3'')-Ib; aph(6)-Id; blaCTX-M-14; blaEC; cyaA_S352T; emrD; gyrA_D87N; gyrA_S83L; mph(A); mrx(A); ompF_Y253EfsTer3; parC_S80I; parE_S458A; sul2; tet(A)
562.42702,RESISTANT,,RESISTANT,RESISTANT,susceptible,aac(3)-IIe; aac(6')-Ib-cr5; acrF; blaCTX-M-15; blaEC; blaOXA-1; blaTEM-1; catB3; dfrA14; emrD; gyrA_D87N; gyrA_S83L; mdtM; parC_E84V; parC_S80I; parE_I529L; ptsI_V25I; qnrS1; uhpT_E350Q
562.42703,RESISTANT,,susceptible,susceptible,RESISTANT,acrF; aph(3'')-Ib; aph(6)-Id; blaCTX-M-15; blaEC; blaTEM-1; cyaA_S352T; dfrA14; emrD; floR; mdtM; qnrS1; sul2; tet(A)
562.42704,RESISTANT,,susceptible,susceptible,RESISTANT,aadA5; acrF; aph(3'')-Ib; aph(6)-Id; blaCTX-M-27; blaEC; dfrA17; emrD; mdtM; mph(A); mrx(A); parE_I529L; ptsI_V25I; sul1; sul2; tet(A); uhpT_E350Q
562.42705,RESISTANT,,susceptible,RESISTANT,RESISTANT,aac(3)-IId; aadA5; acrF; aph(3'')-Ib; aph(6)-Id; blaCTX-M-14; blaEC; blaTEM-1; catA1; cyaA_S352T; dfrA17; emrD; gyrA_S83L; mph(A); mrx(A); parC_S80I; sul1; sul2; tet(D)
562.42706,RESISTANT,,RESISTANT,susceptible,RESISTANT,aac(6')-Ib-cr5; aadA5; acrF; blaCTX-M-15; blaEC; blaOXA-1; catB3; dfrA17; emrD; gyrA_D87N; gyrA_S83L; mdtM; mph(A); mrx(A); parC_E84V; parC_S80I; parE_I529L; ptsI_V25I; sul1; tet(A); uhpT_E350Q
562.42707,RESISTANT,,susceptible,susceptible,susceptible,acrF; blaCTX-M-15; blaEC; mdtM
562.42708,RESISTANT,,susceptible,susceptible,susceptible,aadA1; acrF; ampC_T-32A; blaEC-5; emrD; gyrA_S83L; sul1
562.42709,RESISTANT,,susceptible,susceptible,susceptible,acrF; blaCTX-M-15; blaEC; blaOKP-B-1; blaTEM-1; blaTEMp_C32T; dfrA14; emrD; fosA; kdeA; mdtM; mph(A); mrx(A); oqxA; oqxB; parE_I529L; ptsI_V25I; uhpT_E350Q
562.42710,RESISTANT,,RESISTANT,susceptible,RESISTANT,acrF; aph(3'')-Ib; aph(6)-Id; blaCMY-42; blaCTX-M-27; blaEC; blaTEM-1; dfrA8; ftsI_I336IKYRI; gyrA_D87N; gyrA_S83L; mdtM; mph(A); mrx(A); parC_S80I; parE_S458A; sul2; tet(A); tet(B)
562.42711,RESISTANT,,RESISTANT,RESISTANT,RESISTANT,aac(3)-IIe; aac(6')-Ib-cr5; aadA5; acrF; blaCTX-M-15; blaEC; blaOXA-1; catB3; cyaA_S352T; dfrA17; emrD; gyrA_D87N; gyrA_S83L; mph(A); mrx(A); ompF_Y253EfsTer3; parC_S80I; parE_S458A; sul1; tet(B)
562.42712,RESISTANT,,RESISTANT,susceptible,RESISTANT,aadA5; acrF; aph(3'')-Ib; aph(6)-Id; blaCTX-M-27; blaEC; dfrA17; emrD; gyrA_D87N; gyrA_S83L; mdtM; mph(A); mrx(A); parC_E84V; parC_S80I; parE_I529L; ptsI_V25I; sul1; sul2; tet(A); uhpT_E350Q
562.42713,RESISTANT,,RESISTANT,RESISTANT,RESISTANT,aac(3)-IIe; aac(6')-Ib-cr5; aadA5; acrF; aph(3'')-Ib; aph(6)-Id; blaCTX-M-15; blaEC; blaOXA-1; blaTEM-1; catB3; cyaA_S352T; dfrA14; dfrA17; emrD; floR; gyrA_D87N; gyrA_S83L; mdtM; mph(A); mrx(A); nfsA_L43FfsTer3; parC_S80I; parE_S458A; sul1; sul2; tet(A); tet(D)
562.42714,RESISTANT,,RESISTANT,RESISTANT,RESISTANT,aac(3)-IIe; aac(6')-Ib-cr5; aadA1; acrF; blaCTX-M; blaCTX-M-15; blaEC; blaOXA-1; catB3; cyaA_S352T; dfrA1; emrD; gyrA_D87N; gyrA_S83L; nfsA_Q26Ter; parC_S57T; parC_S80I; parE_S458A; sat2; sul2; tet(A)
562.42715,RESISTANT,,susceptible,susceptible,susceptible,acrF; blaCTX-M-1; blaEC; emrD; ptsI_V25I; sul2; tet(A); uhpT_E350Q
562.42716,RESISTANT,,susceptible,susceptible,RESISTANT,aadA1; acrF; aph(3'')-Ib; aph(6)-Id; blaCTX-M-15; blaEC; blaTEM-1; dfrA1; emrD; erm(B); gyrA_S83L; mdtM; mph(A); mrx(A); sat2; sul2; tet(B)
562.42718,RESISTANT,,RESISTANT,RESISTANT,susceptible,aac(3)-IIe; aac(6')-Ib-cr5; acrF; blaCTX-M-15; blaEC; blaOXA-1; blaTEM-1; catB3; dfrA14; emrD; gyrA_D87N; gyrA_S83L; mdtM; mph(A); mrx(A); parC_E84V; parC_S80I; parE_I529L; ptsI_V25I; tet(B); uhpT_E350Q
562.42719,RESISTANT,,RESISTANT,susceptible,RESISTANT,aadA5; acrF; aph(3'')-Ib; aph(6)-Id; blaCTX-M-27; blaEC; dfrA14; dfrA17; emrD; gyrA_D87N; gyrA_S83L; mdtM; mph(A); mrx(A); parC_E84V; parC_S80I; parE_I529L; ptsI_V25I; sul1; sul2; tet(A); uhpT_E350Q
562.42720,RESISTANT,,RESISTANT,RESISTANT,susceptible,aac(3)-IIe; aac(6')-Ib-cr5; acrF; blaCTX-M-15; blaEC; blaOXA-1; catB3; emrD; gyrA_D87N; gyrA_S83L; mdtM; parC_E84V; parC_S80I; parE_I529L; ptsI_V25I; uhpT_E350Q
562.42721,RESISTANT,,susceptible,susceptible,susceptible,acrF; aph(3'')-Ib; aph(6)-Id; blaCMY-2; blaEC; emrD; mdtM; sul2; tet(A); uhpT_E350Q
562.42722,RESISTANT,,RESISTANT,susceptible,RESISTANT,aadA5; acrF; aph(3'')-Ib; aph(6)-Id; blaCTX-M-15; blaEC; cyaA_S352T; dfrA17; emrD; gyrA_D87N; gyrA_S83L; mph(A); mrx(A); parC_S80I; parE_S458A; sul1; sul2; tet(A)
562.42723,RESISTANT,,RESISTANT,susceptible,susceptible,acrF; acrR_L89TerfsTer0; blaCTX-M-15; blaEC; emrD; gyrA_D87N; gyrA_S83L; mdtM; parC_E84V; parC_S80I; parE_I529L; ptsI_V25I; tet(A); uhpT_E350Q
562.42724,RESISTANT,,susceptible,susceptible,RESISTANT,aadA1; acrF; blaCTX-M-15; blaEC; blaTEM; dfrA1; mdtM; qnrS1; sul2
562.42725,RESISTANT,,RESISTANT,susceptible,RESISTANT,aadA5; acrF; aph(3'')-Ib; aph(6)-Id; blaCTX-M-27; blaEC; dfrA17; emrD; gyrA_D87N; gyrA_S83L; mdtM; mph(A); mrx(A); parC_E84V; parC_S80I; parE_I529L; ptsI_V25I; sul1; sul2; tet(A); uhpT_E350Q
562.42726,RESISTANT,,RESISTANT,susceptible,RESISTANT,aadA5; acrF; aph(3'')-Ib; aph(6)-Id; blaCTX-M-27; blaEC; dfrA17; emrD; gyrA_D87N; gyrA_S83L; mdtM; mph(A); mrx(A); parC_E84V; parC_S80I; parE_I529L; ptsI_V25I; sul1; sul2; tet(A); uhpT_E350Q
562.42727,RESISTANT,,RESISTANT,susceptible,RESISTANT,aadA5; acrF; aph(3'')-Ib; aph(6)-Id; blaCTX-M-27; blaEC; dfrA17; emrD; gyrA_D87N; gyrA_S83L; mdtM; mph(A); mrx(A); parC_E84V; parC_S80I; parE_I529L; ptsI_V25I; sul1; sul2; tet(A); uhpT_E350Q
562.42728,RESISTANT,,susceptible,susceptible,susceptible,acrF; blaCMY-2; blaEC; mdtM; tet(B)
562.42729,RESISTANT,,RESISTANT,RESISTANT,RESISTANT,aac(3)-IIe; aac(6')-Ib-cr5; aadA5; blaCTX-M-15; blaEC; blaOXA-1; dfrA17; gyrA_D87N; gyrA_S83L; mdtM; mph(A); mrx(A); parC_S80I; parE_L416F; sul1; sul2; tet(B)
562.42730,RESISTANT,,susceptible,susceptible,RESISTANT,aadA1; acrF; aph(3'')-Ib; aph(6)-Id; blaCTX-M-15; blaEC; blaTEM-1; dfrA1; emrD; gyrA_S83L; mdtM; sat2; sul2; tet(B)
562.42731,RESISTANT,,RESISTANT,RESISTANT,susceptible,aac(3)-IIe; aac(6')-Ib-cr5; acrF; blaCTX-M-15; blaEC; blaOXA-1; catB3; emrD; gyrA_D87N; gyrA_S83L; mdtM; parC_E84V; parC_S80I; parE_I529L; ptsI_V25I; uhpT_E350Q
562.42732,RESISTANT,,susceptible,susceptible,susceptible,acrF; blaCTX-M-8; blaEC; mdtM
562.42733,RESISTANT,,RESISTANT,susceptible,susceptible,acrF; blaCTX-M-65; blaEC; blaTEM-1; floR; gyrA_S83L; mdtM; parC_S80I; qnrS2
562.42734,RESISTANT,,RESISTANT,susceptible,susceptible,aac(6')-Ib-cr5; acrF; blaCTX-M-15; blaEC; blaOXA-1; blaTEM; catB3; emrD; gyrA_D87N; gyrA_S83L; mdtM; parC_E84V; parC_S80I; parE_I529L; ptsI_V25I; uhpT_E350Q
562.42735,RESISTANT,,RESISTANT,susceptible,RESISTANT,aadA5; acrF; aph(3'')-Ib; aph(6)-Id; blaCTX-M-27; blaEC; dfrA17; emrD; gyrA_D87N; gyrA_S83L; mdtM; mph(A); mrx(A); parC_E84V; parC_S80I; parE_I529L; ptsI_V25I; sul1; sul2; tet(A); uhpT_E350Q
562.42736,RESISTANT,,RESISTANT,susceptible,susceptible,acrF; blaCTX-M-55; blaEC-5; emrD; gyrA_D87N; gyrA_S83L; marR_S3N; parC_S80I; parE_L416F; uhpT_E350Q
562.42737,RESISTANT,,RESISTANT,susceptible,susceptible,acrF; blaCTX-M-14; blaEC; cyaA_S352T; emrD; gyrA_D87N; gyrA_S83L; mdtM; parC_S80I; parE_S458A
562.42738,RESISTANT,,RESISTANT,susceptible,susceptible,aac(6')-Ib-cr5; acrF; acrR_G46VfsTer43; blaCTX-M-15; blaEC; blaOXA-1; blaTEM; catB3; emrD; gyrA_D87N; gyrA_S83L; mdtM; parC_E84V; parC_S80I; parE_I529L; ptsI_V25I; uhpT_E350Q
562.42740,RESISTANT,,RESISTANT,susceptible,susceptible,acrF; blaCTX-M-15; blaEC; cyaA_S352T; emrD; gyrA_D87N; gyrA_S83L; mdtM; parC_S80I; parE_S458A; tet(B)
562.42741,RESISTANT,,RESISTANT,susceptible,RESISTANT,aac(6')-Ib-cr5; acrF; aph(3'')-Ib; aph(6)-Id; arr-3; blaDHA-1; blaEC-5; blaOXA-1; catB3; dfrA17; emrD; gyrA_D87N; gyrA_S83L; marR_S3N; mph(A); mrx(A); parC_S80I; parE_L416F; qnrB4; sul1; sul2; tet(B); uhpT_E350Q
562.42742,RESISTANT,,RESISTANT,susceptible,susceptible,aadA2; acrF; acrR_L109YfsTer28; blaCTX-M-15; blaEC; catA1; cyaA_S352T; dfrA12; emrD; erm(B); gyrA_D87N; gyrA_S83L; mdtM; mph(A); mrx(A); ompF_I200AfsTer12; parC_S80I; sul1
562.42743,RESISTANT,,susceptible,susceptible,susceptible,acrF; blaCMY-2; blaEC; cyaA_S352T; emrD
562.42744,RESISTANT,,RESISTANT,susceptible,RESISTANT,aadA5; acrF; aph(3'')-Ib; aph(6)-Id; blaCTX-M-27; blaEC; dfrA17; emrD; gyrA_D87N; gyrA_S83L; mdtM; mph(A); mrx(A); parC_S80I; parE_E460D; ptsI_V25I; sul1; sul2; tet(A); uhpT_E350Q
562.42746,RESISTANT,,susceptible,susceptible,RESISTANT,aadA5; acrF; blaCTX-M-15; blaEC; dfrA17; emrD; erm(B); gyrA_S83L; mdtM; mph(A); mrx(A); parE_I529L; ptsI_V25I; sul1; uhpT_E350Q
562.42747,RESISTANT,,RESISTANT,susceptible,RESISTANT,aac(6')-Ib-cr5; aadA5; acrF; blaCTX-M-15; blaEC; blaOXA-1; catB3; dfrA17; emrD; gyrA_D87N; gyrA_S83L; mdtM; mph(A); mrx(A); parC_E84V; parC_S80I; parE_I529L; ptsI_V25I; sul1; tet(A); uhpT_E350Q
562.42748,RESISTANT,,susceptible,susceptible,susceptible,acrF; blaCMY-2; blaEC; cyaA_S352T; emrD; mdtM
562.42749,RESISTANT,,RESISTANT,susceptible,RESISTANT,aac(6')-Ib-cr5; aadA5; acrF; blaCTX-M-15; blaEC; blaOXA-1; catB3; dfrA17; emrD; gyrA_D87N; gyrA_S83L; mdtM; mph(A); mrx(A); parC_E84V; parC_S80I; parE_I529L; ptsI_V25I; sul1; uhpT_E350Q
562.42750,RESISTANT,,RESISTANT,RESISTANT,susceptible,aac(3)-IIe; aac(6')-Ib-cr5; acrF; blaCTX-M-15; blaEC; blaOXA-1; catB3; emrD; gyrA_D87N; gyrA_S83L; mdtM; parC_E84V; parC_S80I; parE_I529L; ptsI_V25I; uhpT_E350Q
562.42751,RESISTANT,,RESISTANT,susceptible,RESISTANT,aac(6')-Ib-cr5; acrF; blaCTX-M-15; blaEC; blaOXA-1; dfrA17; emrD; gyrA_D87N; gyrA_S83L; mdtM; ompF_E84Ter; parC_E84V; parC_S80I; parE_I529L; ptsI_V25I; tet(A); tet(B); uhpT_E350Q
562.42752,RESISTANT,,susceptible,susceptible,RESISTANT,aadA5; acrF; aph(3'')-Ib; aph(6)-Id; blaEC; blaTEM-1; cyaA_S352T; dfrA17; emrD; erm(B); gyrA_S83L; mdtM; mph(A); mrx(A); sul1; sul2
562.42753,RESISTANT,,RESISTANT,susceptible,RESISTANT,aadA5; acrF; blaEC; blaTEM-1; dfrA17; emrD; gyrA_D87N; gyrA_S83L; mdtM; parC_E84V; parC_S80I; parE_I529L; ptsI_V25I; sul1; uhpT_E350Q
562.42754,RESISTANT,,susceptible,susceptible,susceptible,acrF; blaEC; blaTEM-1; blaTEMp_C32T; catA1; cyaA_S352T; emrD
562.42755,,,RESISTANT,susceptible,RESISTANT,aac(6')-Ib-cr5; acrF; blaCTX-M-15; blaEC; blaOXA-1; dfrA17; emrD; gyrA_D87N; gyrA_S83L; mdtM; ompF_N252EfsTer3; parC_E84V; parC_S80I; parE_I529L; ptsI_V25I; tet(A); tet(B); uhpT_E350Q
562.42756,RESISTANT,,RESISTANT,susceptible,RESISTANT,aadA5; acrF; aph(3'')-Ib; aph(6)-Id; blaCTX-M-15; blaEC; dfrA17; emrD; gyrA_D87N; gyrA_S83L; mdtM; mph(A); mrx(A); parC_E84V; parC_S80I; parE_I529L; ptsI_V25I; sul1; sul2; uhpT_E350Q
562.42757,RESISTANT,,susceptible,RESISTANT,RESISTANT,aac(3)-IId; aadA1; aadA2; acrF; aph(3'')-Ib; aph(3')-Ia; aph(6)-Id; blaCMY-2; blaEC; blaTEM-1; catA1; cmlA1; dfrA12; estX-3; mdtM; qnrS1; sul2; sul3; tet(B)
562.42758,RESISTANT,,RESISTANT,susceptible,susceptible,acrF; blaCTX-M-27; blaEC; emrD; gyrA_D87N; gyrA_S83L; mdtM; parC_E84V; parC_S80I; parE_I529L; ptsI_V25I; uhpT_E350Q
562.42761,RESISTANT,susceptible,RESISTANT,susceptible,susceptible,acrF; blaEC; emrD; gyrA_D87N; gyrA_S83L; mdtM; mrdA_T331P; parC_E84V; parC_S80I; parE_I529L; ptsI_V25I; uhpT_E350Q
562.42762,RESISTANT,susceptible,RESISTANT,susceptible,RESISTANT,aadA5; acrF; acrR_D84SfsTer13; blaEC; blaTEM-12; dfrA17; emrD; gyrA_D87N; gyrA_S83L; mdtM; mrdA_M574I; parC_E84V; parC_S80I; parE_I529L; ptsI_V25I; sul1; uhpT_E350Q
562.42763,RESISTANT,,RESISTANT,RESISTANT,RESISTANT,aac(3)-IIe; aadA1; acrF; aph(3')-Ia; blaCTX-M-55; blaEC; blaTEM-1; dfrA14; estX-3; floR; mdtM; qnrS1; sul3
562.42764,RESISTANT,,RESISTANT,RESISTANT,RESISTANT,aac(3)-IIe; aadA1; aadA5; acrF; aph(3'')-Ib; aph(3')-Ia; aph(6)-Id; blaCTX-M-55; blaEC; blaTEM-1; catA1; dfrA14; dfrA17; estX-3; floR; gyrA_D87N; gyrA_S83L; mdtM; mph(A); mrx(A); parC_A56T; parC_S80I; sul1; sul2; sul3; tet(B)
562.42765,RESISTANT,,RESISTANT,RESISTANT,RESISTANT,aac(3)-IIe; aac(6')-Ib-cr5; aadA5; acrF; aph(3'')-Ib; blaCTX-M-15; blaEC; blaOXA-1; catB3; dfrA17; emrD; gyrA_D87N; gyrA_S83L; mdtM; mph(A); mrx(A); parC_E84V; parC_S80I; parE_I529L; ptsI_V25I; sul1; sul2; tet(A); uhpT_E350Q
562.42766,RESISTANT,,RESISTANT,susceptible,RESISTANT,aac(3)-IIe; aadA1; aadA5; acrF; aph(3'')-Ib; aph(3')-Ia; aph(6)-Id; blaCTX-M-55; blaEC; blaTEM-1; catA1; dfrA14; dfrA17; estX-3; floR; gyrA_D87N; gyrA_S83L; mdtM; mph(A); mrx(A); parC_A56T; parC_S80I; sul1; sul2; sul3; tet(B)
562.42767,RESISTANT,,RESISTANT,RESISTANT,susceptible,aac(3)-IIe; aac(6')-Ib-cr5; acrF; blaCTX-M-15; blaEC; blaOXA-1; catB3; emrD; gyrA_D87N; gyrA_S83L; mdtM; parC_E84V; parC_S80I; parE_I529L; ptsI_V25I; tet(A); uhpT_E350Q
562.42768,RESISTANT,,RESISTANT,RESISTANT,RESISTANT,aac(3)-IIe; aac(6')-Ib-cr5; aadA5; acrF; aph(3'')-Ib; blaCTX-M-15; blaEC; blaOXA-1; blaTEM-1; blaTEMp_G162T; catB3; dfrA17; emrD; gyrA_D87N; gyrA_S83L; mdtM; mph(A); mrx(A); parC_E84V; parC_S80I; parE_I529L; ptsI_V25I; sul1; sul2; tet(A); uhpT_E350Q
562.42769,RESISTANT,,RESISTANT,RESISTANT,RESISTANT,aac(3)-IIe; aadA1; aadA5; acrF; aph(3'')-Ib; aph(3')-Ia; aph(6)-Id; blaCTX-M-55; blaEC; blaTEM-1; catA1; dfrA14; dfrA17; estX-3; floR; gyrA_D87N; gyrA_S83L; mdtM; mph(A); mrx(A); parC_A56T; parC_S80I; sul1; sul2; sul3; tet(B)
562.42770,RESISTANT,,RESISTANT,RESISTANT,RESISTANT,aac(6')-Ib-cr5; aadA1; aadA5; aph(3'')-Ib; aph(6)-Id; blaCTX-M-15; blaEC; blaOXA-1; blaTEM-1; catB3; dfrA14; dfrA17; gyrA_D87N; gyrA_S83L; mdtM; mph(A); mrx(A); parC_S80I; parE_L416F; sul1; sul2; tet(A); tet(B)
562.42771,RESISTANT,,RESISTANT,susceptible,RESISTANT,aadA1; aadA5; acrF; aph(3'')-Ib; aph(6)-Id; blaCTX-M-55; blaEC; blaTEM-1; catA1; dfrA14; dfrA17; estX-3; floR; gyrA_D87N; gyrA_S83L; mdtM; mph(A); mrx(A); parC_A56T; parC_S80I; sul1; sul2; sul3; tet(B)
562.42772,RESISTANT,,susceptible,RESISTANT,RESISTANT,aac(3)-IId; aadA2; aadA5; acrF; aph(3'')-Ib; aph(6)-Id; blaCTX-M-15; blaEC; blaTEM-1; dfrA12; dfrA17; emrD; gyrA_S83L; mph(A); mrx(A); parC_S80R; parE_I529L; ptsI_V25I; sul1; sul2; tet(A); uhpT_E350Q
562.42773,RESISTANT,,RESISTANT,RESISTANT,RESISTANT,aac(3)-IIe; aac(6')-Ib-cr5; aadA5; acrF; acrR_C205Ter; aph(3'')-Ib; aph(6)-Id; blaCTX-M-15; blaEC; blaOXA-1; catB3; dfrA17; emrD; gyrA_D87N; gyrA_S83L; mdtM; mrx(A); parC_E84V; parC_S80I; parE_I529L; ptsI_V25I; sul1; sul2; tet(A); uhpT_E350Q
562.42774,RESISTANT,,RESISTANT,RESISTANT,RESISTANT,aac(3)-IIe; aadA1; aadA5; acrF; aph(3'')-Ib; aph(3')-Ia; aph(6)-Id; blaCTX-M-55; blaEC; blaTEM-1; catA1; dfrA14; dfrA17; estX-3; floR; gyrA_D87N; gyrA_S83L; mdtM; mph(A); mrx(A); parC_A56T; parC_S80I; sul1; sul2; sul3; tet(B)
562.42775,RESISTANT,,RESISTANT,RESISTANT,RESISTANT,aac(3)-IIe; aadA1; aadA5; acrF; aph(3'')-Ib; aph(3')-Ia; aph(6)-Id; blaCTX-M-55; blaEC; blaTEM-1; catA1; dfrA14; dfrA17; estX-3; floR; gyrA_D87N; gyrA_S83L; mdtM; mph(A); mrx(A); parC_A56T; parC_S80I; sul1; sul2; sul3; tet(B)
562.42776,RESISTANT,,RESISTANT,susceptible,RESISTANT,aadA5; acrF; aph(3'')-Ib; aph(6)-Id; blaCTX-M-27; blaEC; dfrA17; emrD; gyrA_D87N; gyrA_S83L; mdtM; mph(A); mrx(A); parC_E84V; parC_S80I; parE_I529L; ptsI_V25I; sul1; sul2; tet(A); uhpT_E350Q
562.42777,RESISTANT,,RESISTANT,susceptible,RESISTANT,aadA5; acrF; acrR_V43GfsTer11; aph(3'')-Ib; aph(6)-Id; blaCTX-M-27; blaEC; dfrA17; emrD; gyrA_D87N; gyrA_S83L; mdtM; mph(A); mrx(A); parC_E84V; parC_S80I; parE_I529L; ptsI_V25I; sul1; sul2; tet(A); uhpT_E350Q
562.42778,RESISTANT,,susceptible,RESISTANT,RESISTANT,aac(3)-IId; aadA2; aadA5; acrF; aph(3'')-Ib; aph(6)-Id; blaCTX-M-15; blaEC; blaTEM-1; dfrA12; dfrA17; emrD; gyrA_S83L; mph(A); mrx(A); parC_S80R; parE_I529L; ptsI_V25I; sul1; sul2; tet(A); tet(B); uhpT_E350Q
562.42779,RESISTANT,,RESISTANT,susceptible,RESISTANT,aac(6')-Ib-cr5; aadA2; acrF; blaCTX-M-15; blaEC; blaOXA-1; catB3; dfrA12; emrD; gyrA_D87N; gyrA_S83L; mdtM; mph(A); mrx(A); parC_E84V; parC_S80I; parE_I529L; ptsI_V25I; sul1; uhpT_E350Q
562.42780,RESISTANT,,RESISTANT,susceptible,susceptible,acrF; blaCTX-M-14; blaEC; emrD; gyrA_D87N; gyrA_S83L; mdtM; parC_E84V; parC_S80I; parE_I529L; ptsI_V25I; uhpT_E350Q
562.42781,RESISTANT,,RESISTANT,susceptible,susceptible,acrF; blaCTX-M-15; blaEC; blaTEM-1; emrD; gyrA_D87N; gyrA_S83L; mdtM; parC_E84V; parC_S80I; parE_I529L; ptsI_V25I; uhpT_E350Q
562.42782,RESISTANT,,RESISTANT,susceptible,susceptible,acrF; blaCTX-M; blaEC; emrD; gyrA_D87N; gyrA_S83L; mdtM; nfsA_L43CfsTer18; parC_E84V; parC_S80I; parE_I529L; ptsI_V25I; uhpT_E350Q
562.42783,RESISTANT,,RESISTANT,RESISTANT,RESISTANT,aac(3)-IIe; aac(6')-Ib-cr5; aadA5; acrF; aph(3'')-Ib; aph(6)-Id; blaCTX-M-15; blaEC; blaOXA-1; catB3; dfrA17; gyrA_D87N; gyrA_S83L; mdtM; mph(A); mrx(A); nfsA_G126R; parC_S80I; parE_S458A; sul1; sul2; tet(B)
562.42784,RESISTANT,,RESISTANT,RESISTANT,susceptible,aac(3)-IIe; aac(6')-Ib-cr5; acrF; blaCTX-M-15; blaEC; blaOXA-1; catB3; emrD; gyrA_D87N; gyrA_S83L; mdtM; parC_E84V; parC_S80I; parE_I529L; ptsI_V25I; tet(A); uhpT_E350Q
562.42785,RESISTANT,,susceptible,susceptible,susceptible,acrF; blaCMY-2; blaEC; emrD; ptsI_V25I; uhpT_E350Q
562.42786,RESISTANT,,RESISTANT,susceptible,susceptible,aac(6')-Ib-cr5; acrF; blaCTX-M-15; blaEC; blaOXA-1; catB3; cyaA_S352T; emrD; gyrA_D87N; gyrA_S83L; mph(A); mrx(A); ompF_Y253EfsTer3; parC_S80I; parE_S458A; tet(B)
562.42787,RESISTANT,,RESISTANT,susceptible,RESISTANT,aac(6')-Ib-cr5; aadA5; acrF; blaCTX-M-15; blaEC; blaOXA-1; catB3; dfrA17; emrD; gyrA_D87N; gyrA_S83L; mdtM; mph(A); mrx(A); parC_E84V; parC_S80I; parE_I529L; ptsI_V25I; sul1; uhpT_E350Q
562.42788,RESISTANT,,RESISTANT,RESISTANT,RESISTANT,aac(3)-IIe; aac(6')-Ib-cr5; aadA5; acrF; aph(3'')-Ib; blaCTX-M-15; blaEC; blaOXA-1; catB3; dfrA17; emrD; gyrA_D87N; gyrA_S83L; mdtM; mph(A); mrx(A); parC_E84V; parC_S80I; parE_I529L; ptsI_V25I; sul1; sul2; tet(A); uhpT_E350Q
562.42789,RESISTANT,,RESISTANT,RESISTANT,RESISTANT,aac(3)-IIe; aac(6')-Ib-cr5; aadA5; acrF; aph(3'')-Ib; blaCTX-M-15; blaEC; blaOXA-1; catB3; dfrA17; emrD; gyrA_D87N; gyrA_S83L; mdtM; mph(A); mrx(A); parC_E84V; parC_S80I; parE_I529L; ptsI_V25I; sul1; sul2; tet(A); uhpT_E350Q
562.42790,susceptible,,RESISTANT,susceptible,susceptible,acrF; blaEC; emrD; gyrA_D87N; gyrA_S83L; mdtM; parC_E84V; parC_S80I; parE_I529L; ptsI_V25I; uhpT_E350Q
562.42791,RESISTANT,,RESISTANT,RESISTANT,RESISTANT,aac(3)-IIe; aac(6')-Ib-cr5; aadA5; acrF; aph(3'')-Ib; blaCTX-M-15; blaEC; blaOXA-1; catB3; dfrA17; emrD; gyrA_D87N; gyrA_S83L; mdtM; mph(A); mrx(A); parC_E84V; parC_S80I; parE_I529L; ptsI_V25I; sul1; sul2; tet(A); uhpT_E350Q
562.42792,RESISTANT,,RESISTANT,RESISTANT,RESISTANT,aac(3)-IIe; aac(6')-Ib-cr5; aadA5; acrF; aph(3'')-Ib; blaCTX-M-15; blaEC; blaOXA-1; catB3; dfrA17; emrD; gyrA_D87N; gyrA_S83L; mdtM; mph(A); mrx(A); parC_E84V; parC_S80I; parE_I529L; ptsI_V25I; sul1; sul2; tet(A); uhpT_E350Q
562.42794,RESISTANT,,RESISTANT,susceptible,susceptible,acrF; blaCTX-M-55; blaEC; blaTEM; dfrA1; floR; fosA; gyrA_D87N; gyrA_S83L; mdtM; parC_S80I; tet(A)
562.42796,RESISTANT,,susceptible,susceptible,susceptible,acrF; blaCMY-2; blaEC; emrD; ptsI_V25I; uhpT_E350Q
562.42797,RESISTANT,,RESISTANT,RESISTANT,RESISTANT,aac(3)-IIe; aac(6')-Ib-cr5; aadA5; acrF; aph(3'')-Ib; blaCTX-M-15; blaEC; blaOXA-1; catB3; dfrA17; emrD; gyrA_D87N; gyrA_S83L; mdtM; mph(A); mrx(A); parC_E84V; parC_S80I; parE_I529L; ptsI_V25I; sul1; sul2; tet(A); uhpT_E350Q
562.42799,RESISTANT,,RESISTANT,susceptible,RESISTANT,aac(6')-Ib-cr5; aadA5; acrF; blaCTX-M-15; blaEC; blaOXA-1; catB3; dfrA17; emrD; gyrA_D87N; gyrA_S83L; mdtM; mph(A); mrx(A); parC_E84V; parC_S80I; parE_I529L; ptsI_V25I; sul1; uhpT_E350Q
562.42800,RESISTANT,,RESISTANT,RESISTANT,RESISTANT,aac(3)-IIe; aac(6')-Ib-cr5; aadA5; acrF; aph(3'')-Ib; blaCTX-M-15; blaEC; blaOXA-1; catB3; dfrA17; emrD; gyrA_D87N; gyrA_S83L; mdtM; mph(A); mrx(A); parC_E84V; parC_S80I; parE_I529L; ptsI_V25I; sul1; sul2; tet(A); uhpT_E350Q
562.42801,RESISTANT,,RESISTANT,RESISTANT,RESISTANT,aac(3)-IIe; aac(6')-Ib-cr5; aadA5; acrF; aph(3'')-Ib; blaCTX-M-15; blaEC; blaOXA-1; catB3; dfrA17; emrD; gyrA_D87N; gyrA_S83L; mdtM; mph(A); mrx(A); parC_E84V; parC_S80I; parE_I529L; ptsI_V25I; sul1; sul2; tet(A); uhpT_E350Q
562.42802,RESISTANT,,RESISTANT,RESISTANT,RESISTANT,aac(3)-IIe; aac(6')-Ib-cr5; aadA5; acrF; aph(3'')-Ib; blaCTX-M-15; blaEC; blaOXA-1; catB3; dfrA17; emrD; gyrA_D87N; gyrA_S83L; mdtM; mph(A); mrx(A); parC_E84V; parC_S80I; parE_I529L; ptsI_V25I; sul1; sul2; tet(A); uhpT_E350Q
562.42803,RESISTANT,,RESISTANT,RESISTANT,RESISTANT,aac(3)-IIe; aac(6')-Ib-cr5; acrF; blaCTX-M-15; blaEC; blaOXA-1; catB3; emrD; gyrA_D87N; gyrA_S83L; mdtM; parC_E84V; parC_S80I; parE_I529L; ptsI_V25I; tet(A); uhpT_E350Q
562.42804,RESISTANT,,RESISTANT,RESISTANT,RESISTANT,aac(3)-IIe; aac(6')-Ib-cr5; aadA5; acrF; aph(3'')-Ib; blaCTX-M-15; blaEC; blaOXA-1; catB3; dfrA17; emrD; gyrA_D87N; gyrA_S83L; mdtM; mph(A); mrx(A); parC_E84V; parC_S80I; parE_I529L; ptsI_V25I; sul1; sul2; tet(A); uhpT_E350Q
562.42805,RESISTANT,,RESISTANT,RESISTANT,RESISTANT,aac(3)-IIe; aac(6')-Ib-cr5; aadA5; acrF; aph(3'')-Ib; blaCTX-M-15; blaEC; blaOXA-1; catB3; dfrA17; emrD; gyrA_D87N; gyrA_S83L; mdtM; mph(A); mrx(A); parC_E84V; parC_S80I; parE_I529L; ptsI_V25I; sul1; sul2; tet(A); uhpT_E350Q
562.42806,RESISTANT,,RESISTANT,RESISTANT,RESISTANT,aac(3)-IIe; aac(6')-Ib-cr5; aadA5; acrF; aph(3'')-Ib; blaCTX-M-15; blaEC; blaOXA-1; catB3; dfrA17; emrD; gyrA_D87N; gyrA_S83L; mdtM; mph(A); mrx(A); parC_E84V; parC_S80I; parE_I529L; ptsI_V25I; sul1; sul2; tet(A); uhpT_E350Q
562.42807,RESISTANT,,RESISTANT,RESISTANT,RESISTANT,acrF; blaEC; emrD; gyrA_D87N; gyrA_S83L; mdtM; parC_E84V; parC_S80I; parE_I529L; ptsI_V25I; uhpT_E350Q
562.42808,RESISTANT,,RESISTANT,RESISTANT,RESISTANT,aac(3)-IIe; aac(6')-Ib-cr5; aadA5; acrF; aph(3'')-Ib; aph(6)-Id; blaCTX-M-15; blaEC; blaOXA-1; catB3; dfrA17; emrD; gyrA_D87N; gyrA_S83L; mdtM; mph(A); mrx(A); parC_E84V; parC_S80I; parE_I529L; ptsI_V25I; sul1; sul2; tet(A); uhpT_E350Q
562.42809,RESISTANT,,RESISTANT,RESISTANT,susceptible,aac(3)-IIe; aac(6')-Ib-cr5; acrF; blaCTX-M-15; blaEC; blaOXA-1; catB3; emrD; gyrA_D87N; gyrA_S83L; mdtM; parC_E84V; parC_S80I; parE_I529L; ptsI_V25I; uhpT_E350Q
562.42810,RESISTANT,,RESISTANT,RESISTANT,RESISTANT,aac(3)-IIe; aac(6')-Ib-cr5; aadA5; acrF; aph(3'')-Ib; aph(6)-Id; blaCTX-M-15; blaEC; blaOXA-1; catB3; dfrA17; emrD; gyrA_D87N; gyrA_S83L; mdtM; mph(A); mrx(A); parC_E84V; parC_S80I; parE_I529L; ptsI_V25I; sul1; sul2; tet(A); uhpT_E350Q
562.42811,RESISTANT,,susceptible,susceptible,susceptible,acrF; blaCMY-2; blaEC; cyaA_S352T; emrD; gyrA_S83L; mdtM; parE_I355T
562.42812,RESISTANT,,RESISTANT,RESISTANT,RESISTANT,aac(3)-IIe; aac(6')-Ib-cr5; aadA5; acrF; aph(3'')-Ib; blaCTX-M-15; blaEC; blaOXA-1; catB3; dfrA17; emrD; gyrA_D87N; gyrA_S83L; mdtM; mph(A); mrx(A); parC_E84V; parC_S80I; parE_I529L; ptsI_V25I; sul1; sul2; tet(A); uhpT_E350Q
562.42813,RESISTANT,,RESISTANT,RESISTANT,RESISTANT,aac(3)-IIe; aac(6')-Ib-cr5; aadA5; acrF; aph(3'')-Ib; aph(6)-Id; blaCTX-M-15; blaEC; blaOXA-1; catB3; dfrA17; emrD; gyrA_D87N; gyrA_S83L; mdtM; mph(A); mrx(A); parC_E84V; parC_S80I; parE_I529L; ptsI_V25I; sul1; sul2; tet(A); uhpT_E350Q
562.42814,RESISTANT,,RESISTANT,RESISTANT,susceptible,aac(3)-IIe; aac(6')-Ib-cr5; acrF; aph(3'')-Ib; aph(6)-Id; blaCTX-M-15; blaEC; blaOXA-1; catB3; emrD; gyrA_D87N; gyrA_S83L; mdtM; mph(A); mrx(A); parC_E84V; parC_S80I; parE_I529L; ptsI_V25I; sul2; tet(A); uhpT_E350Q
562.42815,RESISTANT,,susceptible,susceptible,susceptible,acrF; blaCMY-2; blaEC; cyaA_S352T; emrD; gyrA_S83L; mdtM; parE_I355T
562.42816,RESISTANT,,RESISTANT,susceptible,RESISTANT,aac(6')-Ib-cr5; aadA5; aph(3'')-Ib; aph(6)-Id; blaCTX-M-15; blaEC; blaOXA-1; blaTEM-1; catB3; dfrA14; dfrA17; gyrA_D87N; gyrA_S83L; mdtM; mph(A); mrx(A); parC_S80I; parE_L416F; sul1; sul2; tet(A); tet(B)
562.42817,RESISTANT,,RESISTANT,RESISTANT,RESISTANT,aac(3)-IIe; aac(6')-Ib-cr5; aadA5; acrF; aph(3'')-Ib; blaCTX-M-15; blaEC; blaOXA-1; catB3; dfrA17; emrD; gyrA_D87N; gyrA_S83L; mdtM; mph(A); mrx(A); parC_E84V; parC_S80I; parE_I529L; ptsI_V25I; sul1; sul2; tet(A); uhpT_E350Q
562.42818,RESISTANT,,RESISTANT,RESISTANT,RESISTANT,blaCMY-82; qnrB; uhpT_E350Q
562.42819,RESISTANT,,RESISTANT,RESISTANT,RESISTANT,aac(3)-IIe; aadA1; aadA5; acrF; aph(3'')-Ib; aph(3')-Ia; aph(6)-Id; blaCTX-M-55; blaEC; blaTEM-1; catA1; dfrA14; dfrA17; estX-3; floR; gyrA_D87N; gyrA_S83L; mdtM; mph(A); mrx(A); parC_A56T; parC_S80I; sul1; sul2; sul3; tet(B)
562.42820,RESISTANT,RESISTANT,RESISTANT,susceptible,RESISTANT,aadA5; acrF; acrR_H95SfsTer3; blaCTX-M-15; blaEC; blaTEM-1; dfrA17; emrD; gyrA_D87N; gyrA_S83L; mdtM; mph(A); mrx(A); ompC_Q171Ter; ompF_A251EfsTer3; parC_E84V; parC_S80I; parE_I529L; ptsI_V25I; sul1; uhpT_E350Q
562.42821,RESISTANT,RESISTANT,RESISTANT,RESISTANT,RESISTANT,aac(3)-IId; acrF; aph(3'')-Ib; aph(3')-Ia; aph(6)-Id; blaCMY-2; blaEC; blaTEM-1; cyaA_S352T; dfrA17; emrD; gyrA_D87N; gyrA_S83L; mdtM; parC_E84G; parC_S80I; parE_I355T; sul2; uhpT_E350Q
562.42822,RESISTANT,RESISTANT,RESISTANT,susceptible,RESISTANT,aac(6')-Ib-cr5; aadA5; acrF; blaCTX-M-15; blaEC; blaOXA-1; catB3; dfrA17; gyrA_D87N; gyrA_S83L; mdtM; mph(A); mrx(A); ompC_Q104Ter; ompF_S294RfsTer12; parC_S80I; parE_S458A; sul1; tet(A)
562.42823,RESISTANT,RESISTANT,RESISTANT,susceptible,RESISTANT,aac(6')-Ib-cr5; aadA5; acrF; blaCTX-M-15; blaEC; blaOXA-1; blaTEM-1; catA1; catB3; dfrA17; emrD; gyrA_D87N; gyrA_S83L; mdtM; mph(A); mrx(A); nfsA_G154E; parC_E84V; parC_S80I; parE_I529L; ptsI_V25I; sul1; uhpT_E350Q
562.42824,RESISTANT,RESISTANT,RESISTANT,RESISTANT,RESISTANT,aadA1; acrF; ant(2'')-Ia; blaCTX-M-15; blaEC; blaTEM-135; dfrA36; floR; gyrA_D87N; gyrA_S83L; mdtM; parC_S80I; parE_S458A; soxR_G121D; sul1; sul2; tet(A)
562.42825,RESISTANT,RESISTANT,RESISTANT,susceptible,susceptible,acrF; aph(3')-Ia; blaCMY-2; blaEC; gyrA_D87N; gyrA_S83L; mdtM; ompC_W124Ter; parC_S80I; parE_S458A; tet(A)
562.42826,RESISTANT,RESISTANT,RESISTANT,,susceptible,aac(6')-Ib'; aadA1; acrF; acrR_T32HfsTer4; aph(3'')-Ib; aph(6)-Id; blaEC; blaKPC-3; blaOXA-9; blaSHV-12; blaTEM; emrD; gyrA_D87N; gyrA_S83L; mdtM; parC_E84V; parC_S80I; parE_I529L; ptsI_V25I; sul2; uhpT_E350Q
562.42827,RESISTANT,RESISTANT,RESISTANT,susceptible,susceptible,aac(6')-Ib; acrF; acrR_T5N; blaEC; blaKPC-3; emrD; gyrA_D87N; gyrA_S83L; mdtM; nfsA_N134IfsTer94; parC_E84V; parC_S80I; parE_I529L; ptsI_V25I; uhpT_E350Q
562.42828,RESISTANT,RESISTANT,RESISTANT,,susceptible,aac(6')-Ib; aadA1; acrF; ant(2'')-Ia; aph(3'')-Ib; aph(6)-Id; blaEC; blaKPC-3; blaOXA-1; cmlA6; gyrA_D87N; gyrA_S83L; nfsA_G126R; parC_S80I; parE_S458A; sul1; sul2; tet(B)
562.42829,RESISTANT,RESISTANT,RESISTANT,susceptible,susceptible,acrF; blaEC; blaKPC-2; emrD; gyrA_D87N; gyrA_S83L; mdtM; parC_E84V; parC_S80I; parE_I529L; ptsI_V25I; uhpT_E350Q
562.42830,RESISTANT,RESISTANT,RESISTANT,,susceptible,aac(6')-Ib; aadA1; acrF; blaCTX-M-15; blaEC; blaKPC-3; blaOXA-9; blaTEM; gyrA_D87N; gyrA_S83L; mdtM; nfsA_R203C; nfsB_A170PfsTer8; parC_S80I; parE_S458A
562.42831,RESISTANT,RESISTANT,RESISTANT,susceptible,RESISTANT,aadA5; acrF; aph(3'')-Ib; aph(6)-Id; blaEC; blaKPC-3; blaTEM-1; dfrA17; emrD; gyrA_D87N; gyrA_S83L; mdtM; mph(A); mrx(A); parC_E84V; parC_S80I; parE_I529L; ptsI_V25I; sul1; sul2; tet(A); uhpT_E350Q
562.42832,RESISTANT,RESISTANT,RESISTANT,susceptible,RESISTANT,acrF; aph(3'')-Ib; aph(6)-Id; blaEC; blaKPC-2; blaTEM-1; blaTEMp_C32T; dfrA14; dfrA8; emrD; gyrA_D87N; gyrA_S83L; mdtM; parC_E84V; parC_S80I; parE_I529L; ptsI_V25I; sul2; tet(B); uhpT_E350Q
562.42833,RESISTANT,RESISTANT,RESISTANT,susceptible,RESISTANT,acrF; acrR_F52SfsTer3; blaCTX-M-14; blaEC; dfrA25; emrD; gyrA_D87N; gyrA_S83L; mdtM; ompC_Q104Ter; parC_E84V; parC_S80I; parE_I529L; ptsI_V25I; sul1; tet(A); uhpT_E350Q
562.42834,RESISTANT,RESISTANT,RESISTANT,RESISTANT,RESISTANT,aac(3)-IId; aadA5; acrF; aph(3'')-Ib; aph(6)-Id; blaCTX-M-14; blaEC; blaTEM-1; dfrA17; emrD; gyrA_D87N; gyrA_S83L; mdtM; mph(A); mrx(A); parC_E84V; parC_S80I; parE_I529L; ptsI_V25I; sul1; sul2; tet(A); uhpT_E350Q
562.42835,RESISTANT,RESISTANT,susceptible,susceptible,susceptible,acrF; blaCMY-2; blaEC; mdtM
562.42836,RESISTANT,susceptible,susceptible,RESISTANT,RESISTANT,aac(3)-IId; aadA5; acrF; aph(3'')-Ib; aph(6)-Id; blaEC; blaTEM-1; dfrA17; emrD; gyrA_S83L; mdtM; mph(A); mrx(A); parE_I529L; ptsI_V25I; sul1; sul2; tet(A); uhpT_E350Q
562.42837,susceptible,susceptible,RESISTANT,susceptible,susceptible,acrF; blaEC; emrD; gyrA_D87N; gyrA_S83L; mdtM; parC_E84V; parC_S80I; parE_I529L; ptsI_V25I; uhpT_E350Q
562.42838,RESISTANT,susceptible,susceptible,susceptible,susceptible,acrF; blaEC; blaTEM-1; emrD; marR_S3N
562.42839,RESISTANT,susceptible,RESISTANT,susceptible,susceptible,acrF; blaEC; blaTEM-1; emrD; gyrA_D87N; gyrA_S83L; mdtM; parC_E84V; parC_S80I; parE_I529L; ptsI_V25I; uhpT_E350Q
562.42840,RESISTANT,RESISTANT,RESISTANT,RESISTANT,susceptible,aac(3)-IId; acrF; blaCTX-M-15; blaEC; blaTEM-1; emrD; gyrA_D87N; gyrA_S83L; mdtM; nfsA_Q113Ter; parC_E84V; parC_S80I; parE_I529L; ptsI_V25I; uhpT_E350Q
562.42841,RESISTANT,RESISTANT,RESISTANT,RESISTANT,RESISTANT,aac(3)-IId; aac(6')-Ib-cr5; aadA5; acrF; aph(3'')-Ib; aph(6)-Id; arr; blaCTX-M-15; blaEC; blaOXA-1; blaTEM-1; catA1; catB3; dfrA17; emrD; gyrA_D87N; gyrA_S83L; mdtM; nfsA_I228NfsTer49; parC_E84V; parC_S80I; parE_I529L; ptsI_V25I; sul2; tet(B); uhpT_E350Q
562.42842,RESISTANT,RESISTANT,susceptible,susceptible,susceptible,acrF; blaCMY-2; blaEC; blaTEM-1; mdtM
562.42843,RESISTANT,RESISTANT,RESISTANT,susceptible,RESISTANT,aac(6')-Ib; aadA5; acrF; blaCTX-M-15; blaEC; blaKPC-3; blaOXA-1; blaTEM-1; catB3; dfrA17; gyrA_D87N; gyrA_S83L; mdtM; mph(A); mrx(A); parC_S80I; parE_S458A; sul1; tet(A)
562.42844,susceptible,susceptible,susceptible,susceptible,susceptible,acrF; blaEC; cyaA_S352T; emrD
562.42845,susceptible,susceptible,susceptible,susceptible,susceptible,acrF; blaEC; emrD
562.42846,RESISTANT,RESISTANT,susceptible,susceptible,susceptible,acrF; blaCMY-2; blaEC; cyaA_S352T; mdtM
562.42847,RESISTANT,susceptible,susceptible,RESISTANT,RESISTANT,aac(3)-IId; aadA2; acrF; blaEC; blaTEM-1; dfrA12; emrD; gyrA_S83L; parC_S80R; parE_I529L; ptsI_V25I; sul1; uhpT_E350Q
562.42848,RESISTANT,susceptible,RESISTANT,susceptible,RESISTANT,acrF; aph(3'')-Ib; aph(6)-Id; blaEC-5; blaTEM-1; dfrA17; emrD; gyrA_D87N; gyrA_S83L; marR_S3N; parC_S80I; parE_L416F; sul2; tet(B); uhpT_E350Q
562.42849,RESISTANT,RESISTANT,RESISTANT,RESISTANT,RESISTANT,aac(3)-IIe; aac(6')-Ib-cr5; acrF; aph(3'')-Ib; aph(6)-Id; blaCTX-M-15; blaEC; blaOXA-1; blaTEM-1; catB3; dfrA14; emrD; gyrA_D87N; gyrA_S83L; mdtM; nfsA_H11Y; parC_E84V; parC_S80I; parE_I529L; ptsI_V25I; sul2; tet(A); uhpT_E350Q
562.42850,RESISTANT,RESISTANT,RESISTANT,susceptible,RESISTANT,aac(6')-Ib-cr5; aadA5; acrF; aph(3'')-Ib; aph(6)-Id; blaCTX-M-15; blaEC; blaOXA-1; catB3; dfrA17; gyrA_D87N; gyrA_S83L; mdtM; mph(A); mrx(A); parC_S80I; parE_S458A; sul1; sul2; tet(A)
562.42851,RESISTANT,RESISTANT,susceptible,susceptible,susceptible,acrF; aph(3'')-Ib; aph(3')-Ia; aph(6)-Id; blaCMY-2; blaEC; cirA_Q56Ter; emrD; marR_S3N; sul2; tet(B)
562.42852,RESISTANT,RESISTANT,RESISTANT,susceptible,RESISTANT,aadA5; acrF; aph(3'')-Ib; aph(6)-Id; blaCTX-M-27; blaEC; dfrA17; emrD; gyrA_D87N; gyrA_S83L; mdtM; mph(A); mrx(A); parC_E84V; parC_S80I; parE_I529L; ptsI_V25I; sul1; sul2; tet(A); uhpT_E350Q
562.42853,RESISTANT,RESISTANT,RESISTANT,RESISTANT,RESISTANT,aac(3)-Ib; acrF; ant(2'')-Ia; aph(3')-Ia; blaEC; blaKPC-4; blaSHV-7; blaTEM-1; dfrA14; emrD; gyrA_D87N; gyrA_S83L; mdtM; parC_E84V; parC_S80I; parE_I529L; ptsI_V25I; sul1; uhpT_E350Q
562.42854,RESISTANT,RESISTANT,RESISTANT,RESISTANT,susceptible,aac(3)-IIe; aac(6')-Ib-cr5; acrF; blaCTX-M-15; blaEC; blaOXA-1; catB3; ftsI_I336IKYRI; gyrA_D87N; gyrA_S83L; mdtM; mph(A); mrx(A); nfsB_E137Ter; parC_S80I; parE_S458A; tet(A)
562.42855,RESISTANT,RESISTANT,RESISTANT,susceptible,RESISTANT,aadA5; acrF; blaCTX-M-15; blaEC; dfrA17; emrD; gyrA_D87N; gyrA_S83L; mdtM; mph(A); mrx(A); parC_E84V; parC_S80I; parE_I529L; ptsI_V25I; sul1; tet(A); uhpT_E350Q
562.42856,RESISTANT,RESISTANT,susceptible,susceptible,susceptible,acrF; aph(3'')-Ib; aph(3')-Ia; aph(6)-Id; blaCMY-2; blaEC; cirA_P421TfsTer1; emrD; ptsI_V25I; sul2; tet(B); uhpT_E350Q
562.42857,RESISTANT,,susceptible,susceptible,susceptible,ampC_Kaer-1; emrD; fabI_G93S; fosA; kdeA; oqxA; oqxB; uhpT_E350Q
562.42858,RESISTANT,susceptible,RESISTANT,susceptible,RESISTANT,aadA5; acrF; acrR_D84SfsTer13; blaEC; blaTEM-12; dfrA17; emrD; gyrA_D87N; gyrA_S83L; mdtM; mrdA_M574I; parC_E84V; parC_S80I; parE_I529L; ptsI_V25I; sul1; uhpT_E350Q
562.42859,RESISTANT,RESISTANT,RESISTANT,susceptible,susceptible,acrF; blaCMY-2; blaEC; blaTEM-1; emrD; gyrA_D87N; gyrA_S83L; mdtM; parC_E84V; parC_S80I; parE_I529L; ptsI_V25I; uhpT_E350Q
562.42860,RESISTANT,RESISTANT,susceptible,susceptible,susceptible,acrF; blaCMY-2; blaEC; emrD; mdtM; uhpT_E350Q
562.42861,RESISTANT,RESISTANT,RESISTANT,susceptible,susceptible,aac(6')-Ib-cr5; acrF; blaCTX-M-15; blaEC; blaOXA-1; catB3; emrD; gyrA_D87N; gyrA_S83L; mdtM; mph(A); mrx(A); parC_E84V; parC_S80I; parE_I529L; ptsI_V25I; tet(A); uhpT_E350Q
562.42862,RESISTANT,RESISTANT,RESISTANT,susceptible,RESISTANT,aadA5; acrF; aph(3'')-Ib; blaCTX-M-15; blaEC; blaSHV-12; dfrA17; emrD; gyrA_D87N; gyrA_S83L; mdtM; mph(A); mrx(A); parC_E84V; parC_S80I; parE_I529L; ptsI_V25I; sul1; sul2; uhpT_E350Q
562.42863,RESISTANT,RESISTANT,RESISTANT,susceptible,RESISTANT,aac(6')-Ib-cr5; aadA5; acrF; blaCTX-M-15; blaEC; blaOXA-1; catB3; dfrA17; emrD; gyrA_D87N; gyrA_S83L; mdtM; mph(A); mrx(A); ompC_Y254Ter; parC_E84V; parC_S80I; parE_I529L; ptsI_V25I; sul1; tet(A); uhpT_E350Q
562.42864,RESISTANT,susceptible,RESISTANT,susceptible,RESISTANT,aadA1; aadA5; acrF; acrR_L109YfsTer28; ampC_T-32A; aph(3'')-Ib; aph(6)-Id; blaEC; blaTEM-1; cyaA_S352T; dfrA1; dfrA17; emrD; gyrA_D87N; gyrA_S83L; mdtM; mph(A); mrx(A); parC_S80I; sat2; sul1; sul2; tet(A); tet(B)
562.42865,RESISTANT,RESISTANT,susceptible,susceptible,RESISTANT,aadA5; acrF; aph(3'')-Ib; aph(6)-Id; blaCMY-2; blaEC; blaTEM-1; dfrA17; emrD; gyrA_S83L; mdtM; mph(A); mrx(A); parE_I529L; ptsI_V25I; sul1; sul2; tet(A); uhpT_E350Q
562.42866,RESISTANT,RESISTANT,RESISTANT,RESISTANT,susceptible,aac(3)-IId; acrF; blaCMY-2; blaEC; blaTEM-1; cyaA_S352T; emrD; gyrA_D87N; gyrA_S83L; parC_S80I
562.42867,RESISTANT,RESISTANT,RESISTANT,susceptible,RESISTANT,aac(6')-Ib; aadA1; aadA2; aadA5; acrF; blaEC; blaKPC-2; blaOXA; blaTEM-1; cmlA1; dfrA17; emrD; estX-3; gyrA_D87N; gyrA_S83L; mdtM; mph(A); mrx(A); parC_E84V; parC_S80I; parE_I529L; ptsI_V25I; sul1; sul3; uhpT_E350Q
562.42868,RESISTANT,RESISTANT,RESISTANT,susceptible,RESISTANT,aac(6')-Ib-cr5; aadA2; aadA5; acrF; aph(3'')-Ib; aph(6)-Id; blaCTX-M-15; blaEC; blaOXA-1; catB3; dfrA12; dfrA17; fosA7.5; gyrA_D87N; gyrA_S83L; mdtM; mph(A); mrx(A); ompC_Q82Ter; ompF_F67LfsTer10; parC_S80I; parE_S458T; sul1; sul2; tet(A); tet(B)
562.42869,RESISTANT,RESISTANT,RESISTANT,susceptible,RESISTANT,aadA1; aph(3'')-Ib; aph(6)-Id; blaCMY-2; blaEC; cirA_Y362Ter; dfrA1; floR; gyrA_D87N; gyrA_S83L; mdtM; nfsA_G125AfsTer14; ompF_Q88Ter; parC_E84G; parC_S80I; sat2; sul2; tet(A); tet(B)
562.42870,RESISTANT,RESISTANT,susceptible,susceptible,RESISTANT,acrF; aph(3'')-Ib; aph(6)-Id; blaEC; blaKPC-3; blaTEM-1; catA1; cyaA_S352T; dfrA7; emrD; gyrA_S83L; sul2; tet(D)
562.42871,RESISTANT,RESISTANT,susceptible,susceptible,susceptible,acrF; aph(3'')-Ib; aph(3')-Ia; aph(6)-Id; blaCMY-2; blaEC; cirA_Q56Ter; emrD; marR_S3N; sul2; tet(B)
562.42872,RESISTANT,RESISTANT,RESISTANT,RESISTANT,RESISTANT,aac(3)-IId; acrF; aph(3'')-Ib; aph(6)-Id; blaEC; blaKPC-3; blaTEM-1; cyaA_S352T; dfrA17; emrD; gyrA_D87N; gyrA_S83L; mdtM; parC_E84G; parC_S80I; parE_I355T; sul2; tet(B); uhpT_E350Q
562.42873,RESISTANT,RESISTANT,RESISTANT,RESISTANT,RESISTANT,aac(3)-IIe; aac(6')-Ib; aadA5; acrF; blaCTX-M-15; blaEC; blaKPC-3; blaOXA-1; catB3; dfrA17; emrD; gyrA_D87N; gyrA_S83L; mdtM; mph(A); mrx(A); parC_E84V; parC_S80I; parE_I529L; ptsI_V25I; sul1; uhpT_E350Q
562.45394,RESISTANT,,RESISTANT,RESISTANT,RESISTANT,aadA5; acrF; aph(3'')-Ib; aph(6)-Id; blaEC; blaTEM-1; catA1; dfrA17; gyrA_D87N; gyrA_S83L; mdtM; parC_S80I; sul1; sul2; tet(B)
562.45396,RESISTANT,,RESISTANT,RESISTANT,RESISTANT,aadA1; aadA2; acrF; aph(3'')-Ib; aph(6)-Id; blaEC; blaTEM-1; cmlA1; dfrA12; dfrA8; floR; gyrA_D87N; gyrA_S83L; mdtM; nfsA_Q44Ter; parC_S80I; parE_S458A; sul2; sul3; tet(A)
562.45398,susceptible,,RESISTANT,susceptible,susceptible,acrF; blaEC-5; emrD; gyrA_D87N; gyrA_S83L; marR_S3N; parC_S80I; parE_L416F; uhpT_E350Q
562.45399,RESISTANT,,RESISTANT,susceptible,susceptible,acrF; aph(3'')-Ib; aph(6)-Id; blaEC; blaTEM-1; gyrA_D87N; gyrA_S83L; mdtM; parC_S80I; tet(B)
562.45400,RESISTANT,,RESISTANT,RESISTANT,RESISTANT,aadA1; aadA2; acrF; blaEC; blaTEM-1; cmlA1; dfrA12; gyrA_D87N; gyrA_S83L; mdtM; parC_S80I; parE_S458A; sul3; tet(A); tet(M); uhpT_E350Q
562.45401,RESISTANT,,RESISTANT,susceptible,RESISTANT,aadA2; acrF; blaCTX-M-15; blaEC; blaTEM-1; dfrA8; floR; gyrA_D87N; gyrA_S83L; lnu(F); mdtM; nfsA_G126R; ompF_D96WfsTer1; parC_S80I; parE_S458A; tet(A)
562.45404,RESISTANT,,RESISTANT,RESISTANT,RESISTANT,acrF; blaEC; blaTEM-1; emrD; gyrA_D87N; gyrA_S83L; mdtM; parC_E84V; parC_S80I; parE_I529L; ptsI_V25I; uhpT_E350Q
562.45585,RESISTANT,,RESISTANT,susceptible,RESISTANT,aac(3)-VIa; aadA1; acrF; aph(3'')-Ib; aph(3')-Ia; aph(6)-Id; blaEC; blaTEM-1; cirA_D236IfsTer8; dfrA1; dfrA14; gyrA_D87G; gyrA_S83L; mdtM; mph(B); nfsA_W159Ter; nfsB_C85Ter; parC_S80I; rdmCL; sat2; sul1; sul2; tet(A); tet(B)
562.45587,RESISTANT,,RESISTANT,susceptible,RESISTANT,aadA2; acrF; aph(3'')-Ib; aph(3')-Ia; aph(6)-Id; blaEC; blaTEM-1; cirA_E534Ter; dfrA12; gyrA_D87N; gyrA_S83L; mcr-1.1; mdtM; parC_S80I; sul1; sul2; tet(A)
562.45588,RESISTANT,,RESISTANT,susceptible,RESISTANT,aadA2; acrF; aph(3')-Ia; blaCTX-M-15; blaEC; blaTEM-1; dfrA12; gyrA_D87N; gyrA_S83L; mdtM; mph(A); mrx(A); parC_S80I; parE_S458A; sul1; tet(A); uhpT_E350Q
562.45589,RESISTANT,,RESISTANT,susceptible,RESISTANT,aadA2; acrF; aph(3'')-Ib; aph(3')-Ia; aph(6)-Id; blaEC; blaTEM-1; cirA_E534Ter; dfrA12; gyrA_D87N; gyrA_S83L; mcr-1.1; mdtM; parC_S80I; sul1; sul2; tet(A)
562.45591,RESISTANT,,RESISTANT,susceptible,RESISTANT,aadA1; aadA2; acrF; aph(3'')-Ib; aph(6)-Id; blaCARB-2; blaEC; blaTEM-1; cmlA1; dfrA16; gyrA_D87N; gyrA_S83L; mdtM; parC_S80I; sul3; tet(A)
562.45593,RESISTANT,,RESISTANT,susceptible,susceptible,aadA1; acrF; aph(3'')-Ib; aph(3')-Ia; aph(6)-Id; blaEC; blaTEM-1; dfrA1; floR; gyrA_D87N; gyrA_S83L; mdtM; parC_S80I; qnrS1; tet(A)
562.45594,RESISTANT,,RESISTANT,susceptible,RESISTANT,aadA1; aadA2; acrF; aph(3'')-Ib; aph(6)-Id; blaEC; blaTEM-135; cmlA1; dfrA1; dfrA15; estX-3; gyrA_S83L; mdtM; qnrS13; sul3; tet(A)
562.45595,RESISTANT,,RESISTANT,susceptible,RESISTANT,aadA1; aadA2; acrF; aph(3'')-Ib; aph(6)-Id; blaEC; blaTEM-1; cmlA1; dfrA12; floR; gyrA_D87N; gyrA_S83L; mcr-1.1; mdtM; nfsA_E75Ter; parC_S80I; sul2; sul3; tet(A)
562.45596,RESISTANT,,RESISTANT,susceptible,RESISTANT,aadA1; aadA2; acrF; aph(3'')-Ib; aph(3')-Ia; aph(6)-Id; blaEC; blaTEM; cmlA1; dfrA15; estX-3; floR; gyrA_S83L; mdtM; nfsA_W212Ter; qnrS13; sul2; sul3; tet(A); tet(M)
562.45597,RESISTANT,,RESISTANT,susceptible,RESISTANT,acrF; aph(3'')-Ib; aph(6)-Id; blaEC; blaTEM-1; dfrA14; emrD; floR; gyrA_D87N; gyrA_S83L; mdtM; parC_S80I; sul2; tet(A)
562.45598,susceptible,,RESISTANT,susceptible,RESISTANT,aadA1; aadA2; acrF; aph(3'')-Ib; aph(3')-Ia; aph(6)-Id; blaEC; cirA_W455Ter; cmlA1; dfrA17; emrD; estX-3; floR; gyrA_D87N; gyrA_S83L; mdtM; parC_S80I; sul2; sul3; tet(A)
562.45599,RESISTANT,,RESISTANT,susceptible,RESISTANT,aadA2; acrF; aph(3'')-Ib; aph(6)-Id; blaEC; blaTEM-1; catA1; dfrA12; gyrA_D87N; gyrA_S83L; mdtM; parC_S80I; sul1; sul2; tet(A)
562.45601,RESISTANT,,RESISTANT,susceptible,RESISTANT,acrF; aph(3'')-Ib; aph(6)-Id; blaEC; blaTEM-1; cirA_E176Ter; dfrA14; gyrA_D87N; gyrA_S83L; mdtM; parC_S80I; sul2; tet(A)
562.45602,RESISTANT,,RESISTANT,susceptible,RESISTANT,acrF; aph(3'')-Ib; aph(3')-Ia; aph(6)-Id; blaEC; blaTEM; cirA_T190PfsTer4; floR; gyrA_D87N; gyrA_S83L; mdtM; nfsB_Q26Ter; parC_S80I; sul2; tet(A)
562.45603,susceptible,,RESISTANT,susceptible,RESISTANT,aadA1; aadA2; aadA5; acrF; aph(3'')-Ib; aph(6)-Id; blaEC; cmlA1; dfrA17; estX-3; floR; gyrA_D87N; gyrA_S83L; mdtM; parC_S80I; sul2; sul3; tet(A)
562.45605,RESISTANT,,RESISTANT,RESISTANT,RESISTANT,aac(3)-IIe; acrF; aph(3'')-Ib; aph(3')-Ia; aph(6)-Id; blaCTX-M-15; blaEC; blaTEM-1; dfrA14; floR; gyrA_S83L; mdtM; nfsA_R203VfsTer53; parC_S80I; qnrS1; sul2; tet(A)
562.45606,RESISTANT,,RESISTANT,susceptible,RESISTANT,aadA1; aadA2; aadA5; acrF; aph(3'')-Ib; aph(3')-IIa; aph(6)-Ic; aph(6)-Id; blaCARB-2; blaEC; ble; catA1; cmlA1; dfrA16; dfrA17; floR; gyrA_D87N; gyrA_S83L; mdtM; mef(B); nfsA_W159Ter; parC_S80I; sul1; sul2; sul3; tet(A)
562.45607,RESISTANT,,RESISTANT,susceptible,susceptible,acrF; blaCTX-M-15; blaEC; floR; gyrA_S83L; mdtM; qnrS1; tet(A)
562.45608,susceptible,,RESISTANT,susceptible,RESISTANT,aadA1; aadA2; acrF; aph(3'')-Ib; aph(3')-Ia; aph(6)-Id; blaEC; cirA_W455Ter; cmlA1; dfrA17; emrD; estX-3; floR; gyrA_D87N; gyrA_S83L; mdtM; parC_S80I; sul2; sul3; tet(A)
562.45609,RESISTANT,,RESISTANT,susceptible,RESISTANT,aadA2; acrF; aph(3')-Ia; aph(6)-Id; blaEC; blaTEM-1; cirA_Q247Ter; dfrA12; floR; gyrA_D87N; gyrA_S83L; mdtM; parC_S80I; sul1; sul2; tet(A)
562.45611,RESISTANT,,RESISTANT,susceptible,susceptible,aadA1; acrF; aph(3'')-Ib; aph(6)-Id; blaEC; blaTEM-1; cirA_G413AfsTer34; dfrA1; gyrA_D87N; gyrA_S83L; mdtM; mph(B); parC_S80I; rdmCL; sul1; sul2; tet(A)
562.45612,RESISTANT,,susceptible,susceptible,RESISTANT,acrF; aph(3'')-Ib; aph(6)-Id; blaEC; blaTEM-1; dfrA14; gyrA_S83L; mdtM; sul2; tet(A)
562.45614,RESISTANT,,RESISTANT,susceptible,RESISTANT,aadA2; acrF; aph(3'')-Ib; aph(6)-Id; blaEC; blaTEM-1; cirA_T380DfsTer12; dfrA12; floR; gyrA_D87N; gyrA_S83L; mdtM; parC_S80I; sul1; sul2; tet(A)
562.45615,RESISTANT,,RESISTANT,susceptible,RESISTANT,acrF; aph(3')-Ia; aph(6)-Id; blaCTX-M-15; blaEC; blaTEM-1; cirA_T190PfsTer4; floR; gyrA_D87N; gyrA_S83L; mdtM; nfsB_Q26Ter; parC_S80I; qnrS1; sul2; tet(A)
562.45616,RESISTANT,,RESISTANT,susceptible,susceptible,acrF; aph(3'')-Ib; aph(3')-Ia; aph(6)-Id; blaEC; blaTEM-1; cirA_T190PfsTer4; gyrA_D87N; gyrA_S83L; mdtM; nfsB_Q26Ter; parC_S80I; tet(A)
562.45617,susceptible,,RESISTANT,susceptible,susceptible,acrF; blaEC; gyrA_D87N; gyrA_S83L; mdtM; parC_S80I; parE_S458A
562.45618,RESISTANT,,RESISTANT,susceptible,RESISTANT,aadA2; acrF; aph(3'')-Ib; aph(3')-Ia; aph(6)-Id; blaCTX-M-15; blaEC; blaTEM-1; dfrA12; gyrA_D87N; gyrA_S83L; mdtM; parC_S80I; sul1; sul2; tet(A)
562.45619,RESISTANT,,RESISTANT,susceptible,RESISTANT,acrF; aph(3'')-Ib; aph(6)-Id; blaEC; blaTEM-1; dfrA14; floR; gyrA_D87N; gyrA_S83L; mdtM; parC_S80I; sul2; tet(A)
562.45620,RESISTANT,,susceptible,susceptible,susceptible,acrF; aph(3'')-Ib; aph(6)-Id; blaCTX-M-1; blaEC; emrD; floR; gyrA_S83L; ptsI_V25I; sul2; tet(A); uhpT_E350Q
562.45622,susceptible,,RESISTANT,RESISTANT,RESISTANT,aac(3)-VIa; aadA1; aadA2; acrF; blaEC; catA1; catA2; cirA_R479VfsTer3; dfrA12; emrD; gyrA_D87N; gyrA_S83L; mdtM; nfsA_W77Ter; parC_S80R; sul1; sul2; tet(A)
562.45623,RESISTANT,,RESISTANT,susceptible,susceptible,acrF; aph(3'')-Ib; aph(3')-Ia; aph(6)-Id; blaEC; blaTEM-1; cirA_T190PfsTer4; gyrA_D87N; gyrA_S83L; mdtM; nfsB_Q26Ter; parC_S80I; tet(A)
562.45624,RESISTANT,,RESISTANT,susceptible,RESISTANT,acrF; aph(3'')-Ib; aph(3')-Ia; aph(6)-Id; blaEC; blaTEM-1; cirA_D46MfsTer21; dfrA14; gyrA_S83L; mdtM; mph(A); mrx(A); nfsA_G65AfsTer6; parC_S80R; sul2; tet(B)
562.45625,RESISTANT,,RESISTANT,susceptible,RESISTANT,aadA2; acrF; aph(6)-Id; blaEC; blaTEM-1; dfrA12; floR; gyrA_D87N; gyrA_S83L; mdtM; ompF_A233LfsTer7; parC_S80I; sul1; sul2; tet(A)
562.45626,RESISTANT,,RESISTANT,susceptible,susceptible,acrF; blaCTX-M-15; blaEC; cirA_T221PfsTer71; emrD; gyrA_D87N; gyrA_S83L; mcr-1.1; mdtM; parC_S80I
562.45627,susceptible,,susceptible,susceptible,susceptible,acrF; aph(3'')-Ib; aph(6)-Id; blaEC; mdtM
562.45628,RESISTANT,,RESISTANT,susceptible,susceptible,acrF; blaEC; blaTEM-1; dfrA14; gyrA_D87N; gyrA_S83L; mdtM; parC_S80I; parE_S458A; qnrS1; tet(A)
562.45629,RESISTANT,,RESISTANT,susceptible,RESISTANT,acrF; aph(3'')-Ib; aph(3')-Ia; aph(6)-Id; blaEC; blaTEM-1; cyaA_S352T; emrD; gyrA_D87N; gyrA_S83L; mdtM; nfsA_H11Y; parC_E84G; parC_S80I; parE_I355T; sul2; tet(A); uhpT_E350Q
562.45630,RESISTANT,,RESISTANT,susceptible,RESISTANT,acrF; aph(3'')-Ib; aph(6)-Id; blaEC; blaTEM-1; cirA_T221PfsTer71; dfrA14; emrD; floR; gyrA_D87N; gyrA_S83L; mcr-1.1; mdtM; parC_S80I; sul2; tet(A)
562.45631,RESISTANT,,RESISTANT,susceptible,RESISTANT,aadA1; aadA2; acrF; blaEC; blaTEM; cmlA1; dfrA12; estX-3; gyrA_D87G; gyrA_S83L; mdtM; mph(A); mrx(A); nfsA_R218Ter; parC_S80I; sul1; sul3; tet(A)
562.45632,RESISTANT,,RESISTANT,susceptible,RESISTANT,aadA1; acrF; aph(3'')-Ib; aph(6)-Id; blaCTX-M-15; blaEC; cirA_D258RfsTer5; cyaA_S352T; dfrA1; emrD; gyrA_D87Y; gyrA_S83L; mcr-1.1; mdtM; nfsA_W77Ter; nfsB_W46Ter; parC_S80R; qnrS1; sul1; sul2; tet(A)
562.45633,RESISTANT,,susceptible,susceptible,susceptible,aadA1; aadA2; acrF; aph(3'')-Ib; aph(6)-Id; blaEC; blaTEM-1; cmlA1; estX-3; gyrA_S83L; mdtM; sul3; tet(M)
562.45634,RESISTANT,,RESISTANT,susceptible,RESISTANT,aadA1; aadA2; acrF; aph(3'')-Ib; aph(6)-Id; blaEC; blaTEM-1; cmlA1; dfrA12; floR; gyrA_D87N; gyrA_S83L; mcr-1.1; mdtM; nfsA_E75Ter; parC_S80I; sul2; sul3; tet(A)
562.45635,RESISTANT,,RESISTANT,RESISTANT,RESISTANT,aac(3)-IId; aadA5; acrF; aph(3'')-Ib; aph(6)-Id; blaEC; blaTEM-1; catA1; cyaA_S352T; dfrA17; gyrA_D87N; gyrA_S83L; mdtM; mph(A); mrx(A); nfsA_E59Ter; parC_S80I; sul1; sul2; tet(B)
562.45636,RESISTANT,,RESISTANT,susceptible,susceptible,acrF; blaEC; blaTEM-1; gyrA_D87N; gyrA_S83L; mdtM; parC_S80I; tet(A)
562.45637,susceptible,,RESISTANT,susceptible,susceptible,acrF; aph(3'')-Ib; aph(6)-Id; blaEC; cirA_W243Ter; floR; gyrA_D87N; gyrA_S83L; mdtM; parC_S80I; sul2; tet(A)
562.45639,RESISTANT,,RESISTANT,susceptible,RESISTANT,aadA1; acrF; aph(3'')-Ib; aph(6)-Id; blaEC; blaTEM-1; cirA_W243Ter; dfrA1; floR; gyrA_S83L; mdtM; mph(B); nfsB_Q26Ter; rdmCL; sul1; sul2
562.45640,RESISTANT,,susceptible,susceptible,RESISTANT,acrF; aph(3'')-Ib; aph(6)-Id; blaEC; blaTEM-1; dfrA14; gyrA_S83L; mcr-1.1; mdtM; nfsA_S40AfsTer3; sul2; tet(A)
562.45641,susceptible,,susceptible,susceptible,susceptible,acrF; blaEC; mdtM
562.45642,RESISTANT,,RESISTANT,susceptible,RESISTANT,aadA2; acrF; aph(3'')-Ib; blaEC; blaTEM-1; dfrA12; floR; gyrA_D87N; gyrA_S83L; mdtM; ompF_A233LfsTer7; parC_S80I; sul1; sul2; tet(A)
562.45643,RESISTANT,,susceptible,susceptible,RESISTANT,aadA5; acrF; aph(3'')-Ib; aph(6)-Id; blaEC; blaTEM-1; catA1; cirA_E450AfsTer30; cyaA_S352T; dfrA17; emrD; gyrA_S83L; mdtM; sul1; sul2; tet(B)
562.45644,RESISTANT,,RESISTANT,susceptible,RESISTANT,aac(6')-Ib4; aadA2; acrF; aph(3'')-Ib; aph(3')-Ia; aph(6)-Id; blaCMY-2; blaEC; blaTEM-1; catA1; catB3; dfrA1; dfrA10; estX-3; gyrA_D87N; gyrA_S83L; mdtM; parC_E84A; parC_S80I; pmrB_V161G; soxS_A12S; sul1; tet(B)
562.45646,RESISTANT,,RESISTANT,susceptible,susceptible,acrF; blaEC; blaTEM-1; gyrA_D87N; gyrA_S83L; mdtM; nfsA_Q100Ter; parC_S80I; tet(A)
562.45648,susceptible,,susceptible,susceptible,susceptible,acrF; blaEC; mdtM
562.45649,RESISTANT,,susceptible,susceptible,susceptible,aadA1; aadA2; acrF; aph(6)-Id; blaEC; blaTEM-1; cmlA1; dfrA12; mdtM; mef(B); qnrS1; sul3; tet(A)
562.45650,RESISTANT,,RESISTANT,susceptible,RESISTANT,aadA2; acrF; aph(3'')-Ib; aph(6)-Id; blaEC; blaTEM-1; dfrA12; gyrA_D87N; gyrA_S83L; mdtM; parC_S80I; sul1; sul2; tet(A)
562.45651,susceptible,,RESISTANT,susceptible,susceptible,acrF; blaEC; gyrA_D87N; gyrA_S83L; mdtM; parC_S80I
562.45652,susceptible,,RESISTANT,susceptible,susceptible,acrF; aph(3'')-Ib; aph(6)-Id; blaEC; gyrA_D87G; gyrA_S83L; mcr-1.1; mdtM; nfsA_W159Ter; parC_S80I; tet(A)
562.45653,RESISTANT,,RESISTANT,RESISTANT,RESISTANT,aac(3)-IVa; aadA1; aadA2; aph(3'')-Ib; aph(4)-Ia; aph(6)-Id; blaEC; blaTEM-1; cmlA1; dfrA1; estX-3; gyrA_D87Y; gyrA_S83L; mcr-1.1; mdtM; nfsA_R15C; parC_S80I; sat2; sul3; tet(A)
562.45654,RESISTANT,,susceptible,susceptible,RESISTANT,acrF; aph(3'')-Ib; aph(6)-Id; blaEC; blaTEM-1; cirA_G166YfsTer15; cyaA_S352T; dfrA14; emrD; floR; gyrA_S83L; mdtM; nfsA_H11Y; sul2; tet(A)
562.45655,RESISTANT,,RESISTANT,susceptible,RESISTANT,acrF; aph(3'')-Ib; aph(6)-Id; blaEC; blaTEM-1; dfrA14; gyrA_D87N; gyrA_S83L; mdtM; parC_S80I; sul2; tet(A)
562.45656,RESISTANT,,susceptible,susceptible,susceptible,aadA5; acrF; aph(3'')-Ib; aph(6)-Id; blaEC; blaTEM-1; catA1; cirA_E450AfsTer30; cyaA_S352T; dfrA17; emrD; gyrA_S83L; mdtM; sul1; sul2; tet(B)
562.45657,RESISTANT,,RESISTANT,susceptible,RESISTANT,aadA1; aadA2; acrF; aph(3'')-Ib; aph(6)-Id; blaEC; blaTEM-1; cmlA1; dfrA12; floR; gyrA_D87N; gyrA_S83L; mcr-1.1; mdtM; nfsA_E75Ter; parC_S80I; sul2; sul3; tet(A)
562.45658,RESISTANT,,RESISTANT,susceptible,RESISTANT,aadA1; aadA2; acrF; aph(3'')-Ib; aph(3')-Ia; aph(6)-Id; blaEC; blaTEM-1; cmlA1; dfrA12; gyrA_S83L; mdtM; mef(B); qnrS1; sul3; tet(A)
562.45659,RESISTANT,,RESISTANT,RESISTANT,RESISTANT,aac(3)-IId; aadA1; aadA2; aadA5; acrF; aph(3'')-Ib; aph(6)-Id; blaCTX-M-15; blaEC; blaTEM-1; cirA_Q65Ter; cmlA1; dfrA17; emrD; estX-3; gyrA_D87N; gyrA_S83L; mcr-1.1; mdtM; mph(A); mrx(A); parC_S80I; sul1; sul3; tet(A)
562.45660,RESISTANT,,RESISTANT,susceptible,susceptible,acrF; blaEC; blaTEM-1; dfrA14; gyrA_D87N; gyrA_S83L; mdtM; parC_S80I; parE_S458A; qnrS1; tet(A)
562.45662,RESISTANT,,RESISTANT,susceptible,RESISTANT,aadA1; aadA2; acrF; blaEC; blaTEM; cmlA1; dfrA12; estX-3; gyrA_D87G; gyrA_S83L; mdtM; mph(A); mrx(A); nfsA_R218Ter; parC_S80I; sul1; sul3; tet(A)
562.45663,RESISTANT,,RESISTANT,RESISTANT,RESISTANT,aac(3)-IId; aadA5; acrF; aph(3'')-Ib; aph(6)-Id; blaEC; blaTEM-1; catA1; cyaA_S352T; dfrA17; gyrA_D87N; gyrA_S83L; mdtM; mph(A); mrx(A); nfsA_E59Ter; parC_S80I; sul1; sul2; tet(B)
562.45664,RESISTANT,,susceptible,susceptible,RESISTANT,acrF; aph(3'')-Ib; aph(6)-Id; blaEC; blaTEM-1; cirA_G166YfsTer15; cyaA_S352T; dfrA14; emrD; gyrA_S83L; mdtM; nfsA_H11Y; sul2
562.45665,RESISTANT,,susceptible,susceptible,susceptible,acrF; aph(3'')-Ib; aph(6)-Id; blaEC; blaLAP-2; blaTEM-1; mdtM; qnrS1; sul2
562.45666,RESISTANT,,susceptible,RESISTANT,susceptible,aac(3)-IId; aac(3)-VIa; aadA1; acrF; blaEC; blaTEM-1; cirA_W370Ter; cyaA_S352T; emrD; mdtM; sul1
562.45667,RESISTANT,,RESISTANT,susceptible,RESISTANT,aadA5; acrF; aph(3'')-Ib; aph(6)-Id; blaEC; blaTEM-1; cyaA_S352T; dfrA17; floR; gyrA_D87N; gyrA_S83L; mdtM; nfsA_E59Ter; parC_S80I; sul1; tet(A); tet(B)
562.45668,RESISTANT,,RESISTANT,susceptible,RESISTANT,acrF; aph(3'')-Ib; aph(6)-Id; blaEC; blaTEM-1; cirA_E176Ter; dfrA14; gyrA_D87N; gyrA_S83L; mdtM; parC_S80I; sul2; tet(A)
562.45669,susceptible,,RESISTANT,susceptible,susceptible,acrF; blaEC; gyrA_D87N; gyrA_S83L; mdtM; parC_S80I; parE_S458A
562.45670,RESISTANT,,susceptible,susceptible,RESISTANT,acrF; blaEC; blaTEM-1; gyrA_D87N; gyrA_S83L; mdtM; parC_S80I; tet(A)
562.45671,susceptible,,RESISTANT,susceptible,susceptible,acrF; blaEC; gyrA_D87N; gyrA_S83L; mdtM; parC_S80I; parE_S458A
562.45672,susceptible,,susceptible,susceptible,susceptible,acrF; blaEC; mdtM; tet(A)
562.45673,RESISTANT,,RESISTANT,susceptible,RESISTANT,aadA2; acrF; aph(3')-Ia; aph(6)-Id; blaCTX-M-15; blaEC; blaTEM-1; dfrA12; gyrA_D87N; gyrA_S83L; mdtM; parC_S80I; sul1; sul2; tet(A)
562.45674,susceptible,,RESISTANT,RESISTANT,RESISTANT,aac(3)-VIa; aadA1; aadA2; acrF; blaEC; catA1; catA2; cirA_R479VfsTer3; dfrA12; emrD; gyrA_D87N; gyrA_S83L; mdtM; nfsA_W77Ter; parC_S80R; sul1; sul2; tet(A)
562.45675,RESISTANT,,RESISTANT,susceptible,susceptible,aadA1; acrF; aph(3'')-Ib; aph(3')-Ia; aph(6)-Id; blaEC; blaTEM-1; dfrA1; floR; gyrA_D87N; gyrA_S83L; mdtM; parC_S80I; qnrS1; tet(A)
562.45676,susceptible,,RESISTANT,susceptible,susceptible,acrF; aph(3'')-Ib; aph(6)-Id; blaEC; floR; gyrA_D87N; gyrA_S83L; mdtM; nfsB_Q26Ter; parC_S80I; sul2; tet(A)
562.45677,RESISTANT,,RESISTANT,susceptible,susceptible,aadA1; aadA2; acrF; aph(3'')-Ib; aph(3')-Ia; aph(6)-Id; blaCTX-M-15; blaEC; blaTEM-1; cirA_T190PfsTer4; cmlA1; estX-3; gyrA_D87N; gyrA_S83L; mdtM; nfsB_Q26Ter; parC_S80I; sul3; tet(A)
562.45845,RESISTANT,,RESISTANT,RESISTANT,RESISTANT,aac(3)-IId; aac(6')-Ib-cr5; aadA5; acrF; blaCTX-M-15; blaEC; blaOXA-1; blaTEM-1; catB3; cyaA_S352T; dfrA17; emrD; ftsI_I336IKYRI; gyrA_D87N; gyrA_S83L; ompF_Y253EfsTer3; parC_S80I; parE_S458A; sul1; tet(B)
562.52722,susceptible,susceptible,susceptible,susceptible,susceptible,acrF; blaEC; mdtM
562.53932,susceptible,susceptible,susceptible,susceptible,susceptible,acrF; blaEC; emrD; mdtM
562.57076,RESISTANT,RESISTANT,RESISTANT,RESISTANT,,aac(3)-IIe; aac(6')-Ib-cr5; aadA5; acrF; blaCTX-M-15; blaEC; blaOXA-1; catB3; cyaA_S352T; dfrA17; emrD; gyrA_D87N; gyrA_S83L; mph(A); mrx(A); ompF_Y253EfsTer3; parC_S80I; parE_S458A; sul1; tet(B)
562.57077,RESISTANT,RESISTANT,RESISTANT,susceptible,,aac(6')-Ib-cr5; aadA5; acrF; aph(3'')-Ib; aph(6)-Id; blaCTX-M-15; blaEC; blaOXA-1; catB3; dfrA17; emrD; gyrA_D87N; gyrA_S83L; mdtM; mph(A); mrx(A); parC_E84V; parC_S80I; parE_I529L; ptsI_V25I; sul1; sul2; tet(A); uhpT_E350Q
562.57078,RESISTANT,RESISTANT,RESISTANT,susceptible,,aac(6')-Ib-cr5; aadA5; acrF; blaCTX-M-15; blaEC; blaOXA-1; catB3; dfrA17; emrD; gyrA_D87N; gyrA_S83L; mdtM; mph(A); mrx(A); parC_E84V; parC_S80I; parE_I529L; ptsI_V25I; sul1; tet(A); uhpT_E350Q
562.57079,RESISTANT,RESISTANT,susceptible,susceptible,,acrF; aph(3'')-Ib; aph(6)-Id; blaCTX-M-1; blaEC; blaTEM-1; emrD; marR_S3N; mdtM; mph(A); mrx(A); sul2
562.57080,RESISTANT,RESISTANT,susceptible,RESISTANT,,aac(3)-IIe; aac(6')-Ib-cr5; aadA5; acrF; blaCTX-M-15; blaEC; blaOXA-1; blaTEM-1; blaTEMp_G162T; catB3; dfrA17; emrD; mdtM; mph(A); mrx(A); parE_I529L; ptsI_V25I; sul1; uhpT_E350Q
562.57081,RESISTANT,RESISTANT,susceptible,RESISTANT,,aac(3)-IId; aac(3)-IIe; aac(6')-Ib-cr5; aadA5; acrF; blaCTX-M-15; blaEC; blaOXA-1; blaTEM-1; catB3; dfrA12; dfrA17; gyrA_S83L; mdtM; mph(A); mrx(A); soxS_A12S; sul1; tet(B)
562.57082,RESISTANT,susceptible,susceptible,RESISTANT,,aac(3)-IId; aac(3)-IIg; aac(6')-IIc; acrF; aph(3'')-Ib; aph(3')-Ia; aph(6)-Id; arr; blaEC; blaSHV-12; blaTEM-1; catA1; catA2; dfrA19; emrD; ere(A); mcr-9.1; parE_I529L; ptsI_V25I; sul1; tet(D); uhpT_E350Q
562.57083,RESISTANT,RESISTANT,RESISTANT,RESISTANT,,aac(3)-IId; aac(6')-Ib-cr; acrF; acrR_T5N; aph(3'')-Ib; aph(6)-Id; blaCTX-M-3; blaEC; blaTEM-1; fosA3; gyrA_D87N; gyrA_S83L; mdtM; nfsA_L43CfsTer18; parC_S80I; parE_S458T; sul2
562.57084,RESISTANT,RESISTANT,susceptible,RESISTANT,,aac(3)-IId; aadA5; acrF; blaCTX-M-14; blaEC; blaTEM-1; cyaA_S352T; dfrA17; emrD; gyrA_S83L; mph(A); mrx(A); sul1
562.57085,RESISTANT,RESISTANT,RESISTANT,susceptible,,aac(6')-Ib3; acrF; aph(3'')-Ib; aph(6)-Id; blaCTX-M-14; blaEC; blaTEM-1; cmlA1; cyaA_S352T; emrD; gyrA_D87N; gyrA_S83L; ompF_Y253EfsTer3; parC_S80I; parE_S458A; sul2; tet(A)
562.57086,RESISTANT,RESISTANT,susceptible,RESISTANT,,aac(3)-IIe; acrF; aph(3'')-Ib; aph(6)-Id; blaCTX-M-15; blaEC; blaTEM-1; dfrA14; emrD; mph(A); mrx(A); sul2
562.57087,RESISTANT,RESISTANT,RESISTANT,susceptible,,aadA5; acrF; blaCTX-M-15; blaEC; dfrA17; emrD; gyrA_D87N; gyrA_S83L; mdtM; mph(A); mrx(A); parC_E84V; parC_S80I; parE_I529L; ptsI_V25I; sul1; uhpT_E350Q
562.57088,RESISTANT,RESISTANT,RESISTANT,susceptible,,aadA5; acrF; aph(3'')-Ib; aph(6)-Id; blaCTX-M-15; blaEC; dfrA17; emrD; gyrA_D87N; gyrA_S83L; mdtM; mph(A); mrx(A); nfsB_T88NfsTer12; parC_E84V; parC_S80I; parE_I529L; ptsI_V25I; sul1; sul2; tet(A); uhpT_E350Q
562.57089,RESISTANT,RESISTANT,susceptible,susceptible,,aadA1; acrF; blaCTX-M-2; blaEC; blaTEM-1; dfrA1; emrD; parE_I529L; ptsI_V25I; sul1; tet(A); uhpT_E350Q
562.57090,RESISTANT,RESISTANT,RESISTANT,RESISTANT,,aac(6')-Ib-cr5; aadA5; acrF; aph(3'')-Ib; aph(6)-Id; arr; blaCMY-2; blaEC; blaOXA-1; blaTEM-1; catB3; cyaA_S352T; dfrA17; emrD; gyrA_D87N; gyrA_S83L; mdtM; mph(A); mrx(A); parC_S80I; parE_S458A; sul1; sul2
562.57091,RESISTANT,RESISTANT,RESISTANT,susceptible,,aac(6')-Ib-cr5; aadA5; acrF; blaCTX-M-15; blaEC; blaOXA-1; catB3; dfrA17; emrD; gyrA_D87N; gyrA_S83L; mdtM; mph(A); mrx(A); parC_E84V; parC_S80I; parE_I529L; ptsI_V25I; sul1; tet(A); uhpT_E350Q
562.57092,RESISTANT,susceptible,susceptible,susceptible,,acrF; blaEC; emrD; marR_S3N
562.57093,RESISTANT,susceptible,susceptible,susceptible,,acrF; blaEC
562.57094,RESISTANT,RESISTANT,susceptible,susceptible,,acrF; blaCTX-M-14; blaEC; cyaA_S352T; emrD; gyrA_S83L; mdtM
562.57095,RESISTANT,susceptible,susceptible,susceptible,,acrF; blaEC; mdtM
562.57096,RESISTANT,susceptible,susceptible,susceptible,,acrF; blaEC; cirA_G93XfsTer32; mdtM
562.57097,RESISTANT,susceptible,susceptible,susceptible,,acrF; blaEC; cirA_K298XfsTer34; marR_L64XfsTer19; mdtM
562.57098,susceptible,susceptible,susceptible,susceptible,,acrF; blaEC; emrD; marR_S3N
562.57099,RESISTANT,susceptible,susceptible,susceptible,,acrF; blaEC; mdtM
562.57100,RESISTANT,susceptible,susceptible,susceptible,,acrF; blaEC; mdtM
562.57101,susceptible,susceptible,susceptible,susceptible,,acrF; blaEC; emrD; marR_S3N
562.57102,susceptible,susceptible,susceptible,susceptible,,acrF; blaEC
562.57103,RESISTANT,susceptible,susceptible,susceptible,,acrF; blaEC; cyaA_S352T; mdtM
562.57104,RESISTANT,RESISTANT,susceptible,susceptible,,acrF; aph(3'')-Ib; aph(6)-Id; blaEC; blaTEM-1; cyaA_S352T; dfrA7; emrD; sul1; sul2; tet(A)
562.57105,RESISTANT,susceptible,susceptible,susceptible,,aadA1; aadA2; acrF; blaEC; cmlA1; dfrA12; mdtM; sul3; tet(A); uhpT_E350Q
562.57106,RESISTANT,susceptible,susceptible,susceptible,,acrF; aph(3'')-Ib; aph(6)-Id; blaEC; blaTEM-1; dfrA8; mdtM; sul2; tet(B)
562.57107,RESISTANT,susceptible,susceptible,susceptible,,acrF; blaEC-5; emrD
562.57108,RESISTANT,susceptible,susceptible,susceptible,,acrF; aph(3'')-Ib; aph(6)-Id; blaEC; blaTEM-1; dfrA14; emrD; mdtM; sul2; tet(A)
562.57109,RESISTANT,susceptible,susceptible,RESISTANT,,acrF; blaEC; mdtM
562.57110,RESISTANT,susceptible,susceptible,susceptible,,acrF; blaEC; cyaA_S352T; emrD; mdtM
562.57111,RESISTANT,susceptible,susceptible,susceptible,,acrF; blaEC; cyaA_S352T; mdtM
562.57112,RESISTANT,susceptible,susceptible,susceptible,,aadA1; acrF; aph(3'')-Ib; aph(6)-Id; blaEC; cyaA_S352T; dfrA1; emrD; mph(B); rdmCL; sul1; sul2; tet(A)
562.57113,RESISTANT,susceptible,susceptible,susceptible,,acrF; blaEC; emrD; mdtM; ompF_G125VfsTer30
562.57114,RESISTANT,susceptible,RESISTANT,susceptible,,blaEC; gyrA_D87N; gyrA_S83L; mdtM; parC_S80I; parE_L416F
562.57115,susceptible,susceptible,susceptible,susceptible,,acrF; blaEC; mdtM
562.57116,RESISTANT,susceptible,susceptible,susceptible,,acrF; blaEC; mdtM
562.57117,RESISTANT,susceptible,susceptible,susceptible,,acrF; blaEC; blaTEM-1; catA1; cyaA_S352T; emrD; gyrA_S83L; mdtM; parC_E84G; sul2; tet(B)
562.57118,RESISTANT,RESISTANT,susceptible,RESISTANT,,acrF; blaEC; mdtM
562.57119,RESISTANT,RESISTANT,RESISTANT,susceptible,,aac(6')-Ib-cr5; aadA5; acrF; arr; blaCTX-M-15; blaEC; blaOXA-1; catB3; cyaA_S352T; dfrA17; emrD; gyrA_D87N; gyrA_S83L; mdtM; mph(A); mrx(A); parC_S80I; parE_S458A; sul1; tet(B)
562.57120,RESISTANT,RESISTANT,RESISTANT,RESISTANT,,aac(3)-IIe; aac(6')-Ib-cr5; aadA5; acrF; blaCTX-M-15; blaEC; blaOXA-1; catB3; dfrA17; emrD; gyrA_D87N; gyrA_S83L; mdtM; parC_E84V; parC_S80I; parE_I529L; ptsI_V25I; tet(A); uhpT_E350Q
562.57121,RESISTANT,susceptible,susceptible,susceptible,,acrF; aph(3'')-Ib; aph(3')-Ia; aph(6)-Id; blaEC; blaTEM-1; catA1; cyaA_S352T; mdtM; sul2; tet(A); uhpT_E350Q
562.57122,RESISTANT,susceptible,susceptible,susceptible,,aadA1; acrF; blaEC; blaTEM-1; dfrA1; estX/sat2; mdtM; sul3; tet(A)
562.57123,susceptible,susceptible,susceptible,susceptible,,acrF; blaEC-5; emrD; uhpT_E350Q
562.57124,RESISTANT,RESISTANT,RESISTANT,susceptible,,acrF; blaCTX-M-15; blaEC; cyaA_S352T; emrD; gyrA_D87N; gyrA_S83L; mdtM; parC_S80I; parE_S458A; sul2
562.57125,RESISTANT,susceptible,susceptible,susceptible,,acrF; blaEC; mdtM
562.57126,RESISTANT,susceptible,susceptible,susceptible,,acrF; blaEC-5; emrD; tet(B)
562.57127,RESISTANT,susceptible,susceptible,susceptible,,acrF; blaEC; blaTEM-1; cyaA_S352T; emrD; gyrA_S83L; mdtM
562.57128,RESISTANT,susceptible,susceptible,RESISTANT,,aac(3)-IId; acrF; blaEC; blaTEM-1; mdtM
562.57129,RESISTANT,RESISTANT,susceptible,susceptible,,acrF; blaCTX-M-15; blaEC; blaTEM-1; cirA_Q56Ter; cyaA_S352T; emrD; mdtM; parE_I355T; uhpT_E350Q
562.57130,RESISTANT,RESISTANT,susceptible,RESISTANT,,aac(3)-IId; acrF; aph(3'')-Ib; aph(6)-Id; blaCTX-M-15; blaEC; blaTEM-1; dfrA7; gyrA_S83A; mdtM; sul1; sul2; tet(A)
562.57131,RESISTANT,RESISTANT,RESISTANT,RESISTANT,,aac(3)-IId; acrF; aph(3'')-Ib; aph(3')-Ia; aph(6)-Id; blaCTX-M-14; blaEC; blaTEM-1; cyaA_S352T; dfrA17; emrD; gyrA_D87N; gyrA_S83L; mdtM; parC_E84G; parC_S80I; parE_I355T; sul2; tet(B); uhpT_E350Q
562.57132,susceptible,susceptible,susceptible,susceptible,,acrF; blaEC; cirA_W243Ter; emrD; mdtM; uhpT_E350Q
562.57133,RESISTANT,RESISTANT,RESISTANT,RESISTANT,,aac(3)-IIe; aac(6')-Ib-cr5; aadA5; acrF; blaCTX-M-15; blaEC; blaOXA-1; catB3; dfrA17; emrD; gyrA_D87N; gyrA_S83L; mdtM; parC_E84V; parC_S80I; parE_I529L; ptsI_V25I; tet(A); uhpT_E350Q
562.57134,susceptible,susceptible,susceptible,RESISTANT,,acrF; blaEC; gyrA_S83L; mdtM
562.57135,susceptible,susceptible,susceptible,susceptible,,acrF; blaEC; mdtM
562.57136,susceptible,susceptible,susceptible,susceptible,,aadA1; acrF; blaEC; mdtM; sul1; tet(A)
562.57137,RESISTANT,susceptible,susceptible,susceptible,,aadA1; acrF; ampC_C-42T; aph(3'')-Ib; aph(6)-Id; blaEC; blaTEM-1; catA1; cirA_F232IfsTer6; dfrA1; gyrA_D87Y; mdtM; sul1; tet(A)
562.57138,RESISTANT,susceptible,susceptible,susceptible,,acrF; blaEC; mdtM
562.57139,RESISTANT,susceptible,susceptible,susceptible,,acrF; blaEC; cyaA_S352T; emrD; mdtM; parC_S57T
562.57140,RESISTANT,susceptible,susceptible,susceptible,,aadA1; acrF; blaEC; catA1; emrD; sul1; tet(A)
562.57141,susceptible,susceptible,susceptible,susceptible,,acrF; blaEC; mdtM
562.57142,RESISTANT,susceptible,susceptible,susceptible,,acrF; blaEC; emrD; marR_S3N
562.57143,susceptible,susceptible,susceptible,susceptible,,acrF; blaEC; emrD; marR_S3N; tet(B)
562.57144,RESISTANT,susceptible,susceptible,susceptible,,acrF; blaEC; mdtM
562.57145,RESISTANT,susceptible,susceptible,susceptible,,acrF; blaEC; mdtM
562.57146,RESISTANT,susceptible,susceptible,susceptible,,acrF; blaEC; emrD; mdtM
562.57147,susceptible,susceptible,susceptible,susceptible,,acrF; blaEC; mdtM
562.57148,RESISTANT,susceptible,susceptible,susceptible,,acrF; blaEC; blaTEM-1; cyaA_S352T; emrD; mdtM
562.57149,RESISTANT,susceptible,susceptible,susceptible,,acrF; blaEC; emrD
562.57150,susceptible,susceptible,susceptible,susceptible,,acrF; blaEC; mdtM
562.57151,RESISTANT,susceptible,susceptible,susceptible,,acrF; aph(3'')-Ib; aph(3')-IIa; aph(6)-Ic; aph(6)-Id; blaEC; blaTEM-1; ble; emrD; marR_S3N; tet(A)
562.57152,susceptible,susceptible,susceptible,susceptible,,acrF; blaEC; mdtM; ompC_Q82Ter
562.57153,RESISTANT,susceptible,susceptible,susceptible,,acrF; blaEC; cirA_W164Ter; emrD; gyrA_S83L; mdtM; parE_I529L; ptsI_V25I; tet(B); uhpT_E350Q
562.57154,RESISTANT,susceptible,susceptible,susceptible,,acrF; blaEC; emrD; mdtM
562.57155,susceptible,susceptible,susceptible,susceptible,,acrF; blaEC; emrD; marR_S3N; mdtM
562.57156,susceptible,susceptible,susceptible,susceptible,,acrF; blaEC; mdtM
562.57157,susceptible,susceptible,susceptible,susceptible,,acrF; blaEC; mdtM
562.57158,susceptible,susceptible,susceptible,susceptible,,acrF; blaEC; mdtM
562.57159,RESISTANT,RESISTANT,RESISTANT,RESISTANT,,acrF; blaEC; mdtM
562.57160,susceptible,susceptible,susceptible,susceptible,,aadA1; acrF; blaEC; cyaA_S352T; dfrA1; mdtM; sat2; sul2; tet(B)
562.57161,susceptible,susceptible,susceptible,susceptible,,acrF; blaEC; mdtM; rpsL_K43R
562.57162,susceptible,susceptible,susceptible,susceptible,,acrF; blaEC; mdtM
562.57163,RESISTANT,susceptible,susceptible,susceptible,,acrF; blaEC; catA1; cirA_M384YfsTer4; tet(A)
562.57164,susceptible,susceptible,susceptible,susceptible,,acrF; blaEC; emrD; mdtM
562.57165,RESISTANT,susceptible,susceptible,susceptible,,acrF; blaEC; mdtM
562.57166,RESISTANT,RESISTANT,RESISTANT,RESISTANT,,aac(3)-IIe; aac(6')-Ib-cr5; aadA2; acrF; blaCMY; blaCTX-M-15; blaEC; blaOXA-1; catB3; dfrA12; erm(B); ftsI_N337NYRIN; gyrA_D87N; gyrA_S83L; mdtM; mph(A); mrx(A); nfsA_G126R; parC_S80I; parE_S458A; sul1; tet(A); tet(B)
562.57167,susceptible,susceptible,susceptible,susceptible,,acrF; blaEC; emrD; mdtM
562.57168,RESISTANT,RESISTANT,RESISTANT,RESISTANT,,aac(3)-IId; aac(6')-Ib4; aadA5; acrF; acrR_V29YfsTer44; blaEC; blaIMP-1; blaTEM-1; catA1; dfrA1; dfrA17; gyrA_D87N; gyrA_S83L; mdtM; mph(A); mrx(A); ompF_D96LfsTer76; parC_S80I; parE_S458T; sat2; sul1; tet(B)
562.57169,RESISTANT,RESISTANT,susceptible,RESISTANT,,acrF; aph(3'')-Ib; aph(6)-Id; blaEC; emrD; mdtM; sul2; tet(B)
562.57170,RESISTANT,susceptible,susceptible,susceptible,,acrF; blaEC; mdtM
562.57171,RESISTANT,susceptible,susceptible,susceptible,,acrF; blaEC; mdtM
562.57172,RESISTANT,susceptible,susceptible,susceptible,,acrF; blaEC-5; blaTEM-1; emrD
562.57173,RESISTANT,susceptible,susceptible,susceptible,,acrF; aph(6)-Id; blaEC; blaOXA-48; blaTEM-1; dfrA14; erm(B); mdtM; sul2
562.57174,susceptible,susceptible,susceptible,susceptible,,acrF; blaEC; mdtM
562.57175,RESISTANT,susceptible,susceptible,RESISTANT,,acrF; aph(3'')-Ib; aph(6)-Id; blaEC; mdtM; sul2; tet(A); uhpT_E350Q
562.57176,RESISTANT,susceptible,susceptible,susceptible,,aadA1; acrF; blaEC; catA1; cirA_I229YfsTer1; dfrA1; mdtM; qnrB19; sul1
562.57177,RESISTANT,susceptible,susceptible,susceptible,,acrF; aph(3'')-Ib; aph(6)-Id; blaEC; blaTEM-1; dfrA14; emrD; sul2
562.57178,RESISTANT,RESISTANT,RESISTANT,RESISTANT,,acrF; blaEC; emrD; marR_S3N
562.57179,RESISTANT,susceptible,susceptible,susceptible,,acrF; blaEC; emrD; mdtM
562.57180,RESISTANT,susceptible,susceptible,susceptible,,acrF; blaEC; mdtM
562.57181,RESISTANT,susceptible,RESISTANT,susceptible,,acrF; acrR_Q127Ter; ampC_T-32A; blaEC-5; emrD; gyrA_S83L; marR_A70HfsTer1
562.57182,RESISTANT,susceptible,susceptible,susceptible,,aadA1; acrF; aph(3'')-Ib; aph(3')-Ia; aph(6)-Id; blaEC; blaTEM-1; cyaA_S352T; dfrA1; emrD; nfsA_L43FfsTer4; sul2; tet(B)
562.57183,RESISTANT,RESISTANT,RESISTANT,susceptible,,aac(6')-Ib-cr5; aadA5; acrF; blaCTX-M-15; blaEC; blaOXA-1; catB3; dfrA17; emrD; gyrA_D87N; gyrA_S83L; mdtM; mph(A); mrx(A); parC_E84V; parC_S80I; parE_I529L; ptsI_V25I; sul1; tet(A); uhpT_E350Q
562.57184,RESISTANT,RESISTANT,RESISTANT,RESISTANT,,acrF; blaEC; fosA7; mdtM
562.57185,RESISTANT,susceptible,susceptible,susceptible,,aadA1; acrF; blaEC; catA1; mdtM; sul1; tet(A)
562.57186,susceptible,susceptible,susceptible,susceptible,,acrF; blaEC; mdtM
562.57187,RESISTANT,RESISTANT,RESISTANT,susceptible,,aac(6')-Ib-cr5; aadA5; acrF; blaCTX-M-15; blaEC; blaOXA-1; catB3; dfrA17; emrD; gyrA_D87N; gyrA_S83L; mdtM; parC_E84V; parC_S80I; parE_I529L; ptsI_V25I; sul1; tet(A); uhpT_E350Q
562.57188,RESISTANT,susceptible,susceptible,susceptible,,acrF; emrD; marR_S3N; parE_I355T; uhpT_E350Q
562.57189,RESISTANT,susceptible,susceptible,susceptible,,acrF; aph(3'')-Ib; aph(6)-Id; blaEC; emrD; mdtM; sul2; uhpT_E350Q
562.57190,susceptible,susceptible,susceptible,susceptible,,acrF; blaEC; cirA_W124Ter
562.57191,RESISTANT,susceptible,susceptible,susceptible,,acrF; blaEC; emrD; mdtM
562.57192,RESISTANT,RESISTANT,susceptible,RESISTANT,,acrF; blaEC; cirA_W394Ter; mdtM; parE_I355T
562.57193,susceptible,susceptible,susceptible,susceptible,,aadA1; acrF; blaEC; cirA_Q56Ter; cyaA_S352T; dfrA1; emrD; mdtM; parE_I355T; sul1; tet(A); uhpT_E350Q
562.57194,RESISTANT,susceptible,susceptible,susceptible,,acrF; aph(3'')-Ib; aph(6)-Id; blaEC; emrD; mdtM; sul2; uhpT_E350Q
562.57195,RESISTANT,susceptible,susceptible,RESISTANT,,aph(3'')-Ib; aph(6)-Id; blaEC; mdtM; nfsA_W212Ter; tet(A)
562.57196,RESISTANT,RESISTANT,susceptible,RESISTANT,,acrF; blaEC; emrD; mdtM
562.57197,RESISTANT,RESISTANT,RESISTANT,RESISTANT,,aac(3)-IId; aac(6')-Ib-cr5; aadA5; acrF; aph(3'')-Ib; aph(6)-Id; arr; blaCTX-M-15; blaEC; blaOXA-1; blaTEM-1; catA1; catB3; dfrA17; emrD; gyrA_D87N; gyrA_S83L; mdtM; mph(A); mrx(A); nfsA_I228NfsTer49; parC_E84V; parC_S80I; parE_I529L; ptsI_V25I; sul1; sul2; tet(B); uhpT_E350Q
562.57198,RESISTANT,susceptible,susceptible,susceptible,,acrF; blaEC; mdtM; nfsA_Q100Ter; tet(B)
562.57199,RESISTANT,RESISTANT,susceptible,RESISTANT,,aac(6')-Ib; aadA8; acrF; aph(3'')-Ib; aph(6)-Id; blaCTX-M-9; blaEC; blaTEM-1; catA1; catB8; cyaA_S352T; dfrA12; emrD; gyrA_S83L; mph(A); mrx(A); sul1; sul2; tet(D)
562.57200,RESISTANT,susceptible,susceptible,susceptible,,acrF; blaEC; cirA_Q56Ter; cyaA_S352T; emrD; mdtM; parE_I355T; uhpT_E350Q
562.57201,RESISTANT,RESISTANT,susceptible,RESISTANT,,acrF; blaEC; cirA_R132VfsTer20; mdtM; tet(B)
562.57202,RESISTANT,susceptible,susceptible,susceptible,,acrF; blaEC; cirA_Q56Ter; cyaA_S352T; emrD; mdtM; parE_I355T; uhpT_E350Q
562.57203,RESISTANT,susceptible,susceptible,RESISTANT,,aac(3)-IId; aadA5; acrF; aph(3'')-Ib; aph(6)-Id; blaEC; blaTEM-1; dfrA17; emrD; gyrA_S83L; mdtM; mph(A); mrx(A); parE_I529L; ptsI_V25I; sul1; sul2; tet(A); uhpT_E350Q
562.57205,RESISTANT,susceptible,susceptible,RESISTANT,,aac(6')-Im; acrF; aph(2'')-IIa; aph(3'')-Ib; aph(3')-Ia; aph(6)-Id; blaEC; blaMOX-2; blaSHV-5; blaTEM-1; blaTEMp_C32T; catA1; emrD; parE_I529L; ptsI_V25I; sul2; uhpT_E350Q
562.57206,RESISTANT,susceptible,susceptible,susceptible,,aadA1; acrF; blaEC-5; dfrA1; emrD; sat2; tet(C)
562.57207,RESISTANT,susceptible,susceptible,susceptible,,aadA5; acrF; blaEC; blaTEM-1; catA1; cyaA_S352T; dfrA17; emrD; mdtM; mph(A); mrx(A); sul1; tet(B)
562.57208,RESISTANT,RESISTANT,susceptible,RESISTANT,,aac(3)-VIa; aadA1; acrF; blaCTX-M-2; blaEC; catA1; cirA_Q361Ter; dfrA1; mdtM; sul1; tet(A)
562.57209,RESISTANT,susceptible,susceptible,susceptible,,acrF; blaEC; mdtM
562.57210,susceptible,susceptible,susceptible,susceptible,,acrF; blaEC; emrD; marR_S3N
562.57211,susceptible,susceptible,susceptible,susceptible,,acrF; blaEC; cyaA_S352T; emrD; gyrA_S83L; mdtM; tet(B)
562.57212,RESISTANT,susceptible,susceptible,susceptible,,acrF; blaEC; mdtM
562.57213,RESISTANT,susceptible,susceptible,susceptible,,acrF; blaEC; mdtM
562.57214,RESISTANT,susceptible,susceptible,susceptible,,acrF; blaEC; emrD; marR_S3N
562.57215,RESISTANT,susceptible,susceptible,susceptible,,acrF; blaEC; emrD
562.57216,RESISTANT,susceptible,susceptible,susceptible,,acrF; blaEC; mdtM
562.57217,RESISTANT,susceptible,susceptible,susceptible,,aadA5; acrF; blaEC; cyaA_S352T; emrD; gyrA_S83L; mdtM; sul1; tet(B)
562.57218,RESISTANT,RESISTANT,RESISTANT,susceptible,,aadA5; acrF; aph(3'')-Ib; aph(6)-Id; blaCTX-M-27; blaEC; dfrA17; emrD; gyrA_D87N; gyrA_S83L; mdtM; mph(A); mrx(A); parC_E84V; parC_S80I; parE_I529L; ptsI_V25I; sul1; sul2; tet(A); uhpT_E350Q
562.57219,RESISTANT,susceptible,RESISTANT,susceptible,,acrF; blaEC; cyaA_S352T; emrD; gyrA_D87N; gyrA_S83L; mdtM; parC_E84G; parC_S80I; parE_I355T; tet(B)
562.57220,susceptible,susceptible,susceptible,susceptible,,acrF; blaEC; cirA_Q162Ter; emrD; mdtM
562.57221,susceptible,susceptible,RESISTANT,susceptible,,acrF; blaEC; cyaA_S352T; emrD; gyrA_D87N; gyrA_S83L; mdtM; parC_E84G; parC_S80I; parE_I355T; tet(B)
562.57222,susceptible,susceptible,susceptible,susceptible,,acrF; blaEC; cyaA_S352T; emrD; gyrA_S83L; mdtM; tet(B)
562.57223,susceptible,susceptible,susceptible,susceptible,,acrF; blaEC; cirA_Q56Ter; cyaA_S352T; emrD; mdtM
562.57224,RESISTANT,susceptible,susceptible,susceptible,,aadA5; acrF; aph(3'')-Ib; aph(6)-Id; blaEC; blaTEM-1; dfrA17; mdtM; sul1; sul2; tet(A)
562.57225,RESISTANT,RESISTANT,RESISTANT,susceptible,,aadA5; acrF; aph(3'')-Ib; aph(6)-Id; blaCTX-M-27; blaEC; dfrA17; emrD; gyrA_D87N; gyrA_S83L; mdtM; mph(A); mrx(A); parC_E84V; parC_S80I; parE_I529L; ptsI_V25I; sul1; sul2; tet(A); uhpT_E350Q
562.57226,susceptible,susceptible,susceptible,susceptible,,aadA1; acrF; blaEC-5; emrD; sul1
562.57227,RESISTANT,susceptible,susceptible,susceptible,,acrF; blaEC; emrD; mdtM
562.57228,RESISTANT,susceptible,susceptible,susceptible,,aadA1; acrF; blaEC-5; emrD; sul1
562.57229,RESISTANT,susceptible,RESISTANT,susceptible,,acrF; blaEC; cyaA_S352T; emrD; gyrA_D87N; gyrA_S83L; mdtM; parC_E84G; parC_S80I; parE_I355T; tet(B)
562.57230,RESISTANT,susceptible,susceptible,susceptible,,aadA5; acrF; aph(3'')-Ib; aph(6)-Id; blaEC; blaTEM-1; cyaA_S352T; emrD; gyrA_S83L; mdtM; mph(A); mrx(A); sul1; sul2; tet(B)
562.57231,susceptible,susceptible,susceptible,susceptible,,acrF; blaEC; emrD
562.57232,RESISTANT,susceptible,susceptible,susceptible,,acrF; blaEC; mdtM
562.57233,susceptible,susceptible,susceptible,susceptible,,acrF; blaEC; mdtM
562.57234,RESISTANT,susceptible,RESISTANT,susceptible,,aadA1; acrF; blaEC; blaOXA-1; catA1; dfrA36; floR; gyrA_D87N; gyrA_S83L; mdtM; ompF_W83VfsTer92; parC_S80I; parE_S458A; sul1; sul2; tet(B)
562.57235,RESISTANT,RESISTANT,RESISTANT,susceptible,,aadA5; acrF; aph(3'')-Ib; aph(6)-Id; blaCTX-M-27; blaEC; dfrA17; emrD; gyrA_D87N; gyrA_S83L; mdtM; mph(A); mrx(A); parC_E84V; parC_S80I; parE_I529L; ptsI_V25I; sul1; sul2; tet(A); uhpT_E350Q
562.57236,RESISTANT,susceptible,susceptible,susceptible,,aadA5; acrF; aph(3'')-Ib; aph(6)-Id; blaEC; blaTEM-1; cyaA_S352T; emrD; gyrA_S83L; mdtM; mph(A); mrx(A); sul1; sul2; tet(B)
562.57237,RESISTANT,susceptible,susceptible,susceptible,,aadA1; acrF; blaEC; blaTEM-1; cirA_V239RfsTer47; cyaA_S352T; dfrA1; emrD; gyrA_S83L; sat2; tet(A); uhpT_E350Q
562.57238,RESISTANT,RESISTANT,susceptible,susceptible,,aadA1; acrF; blaCTX-M-14; blaEC; blaTEM-1; blaTEMp_C32T; catA1; emrD; marR_S3N; sul1; tet(A)
562.57239,susceptible,susceptible,susceptible,susceptible,,acrF; blaEC; mdtM
562.57240,RESISTANT,susceptible,susceptible,susceptible,,acrF; aph(3'')-Ib; aph(6)-Id; blaEC; blaTEM-1; dfrA14; mdtM; sul2; tet(A); uhpT_E350Q
562.57241,RESISTANT,RESISTANT,susceptible,susceptible,,acrF; aph(3'')-Ib; aph(6)-Id; blaCTX-M-15; blaEC; blaTEM-1; dfrA14; mdtM; qnrS1; sul2; tet(A)
562.57242,susceptible,susceptible,susceptible,susceptible,,acrF; blaEC; mdtM
562.57243,susceptible,susceptible,susceptible,susceptible,,acrF; blaEC; mdtM
562.57244,RESISTANT,susceptible,susceptible,susceptible,,acrF; aph(3'')-Ib; aph(6)-Id; blaEC; blaTEM-1; cyaA_S352T; dfrA14; emrD; mdtM; mph(A); mrx(A); sul2; tet(B)
562.57245,RESISTANT,susceptible,susceptible,susceptible,,acrF; blaEC; blaTEM-1; cyaA_S352T; emrD; mdtM
562.57246,RESISTANT,susceptible,susceptible,susceptible,,acrF; blaEC; cyaA_S352T; emrD; mdtM; parC_S57T; uhpT_E350Q
562.57247,RESISTANT,RESISTANT,susceptible,RESISTANT,,aac(3)-IId; aadA5; acrF; blaCTX-M-14; blaEC; blaTEM-1; cyaA_S352T; dfrA17; emrD; gyrA_S83L; mph(A); mrx(A); sul1
562.57248,RESISTANT,RESISTANT,RESISTANT,susceptible,,aac(6')-Ib-cr5; aadA5; acrF; blaCTX-M-15; blaEC; blaOXA-1; catB3; dfrA17; emrD; gyrA_D87N; gyrA_S83L; mdtM; mph(A); mrx(A); parC_E84V; parC_S80I; parE_I529L; ptsI_V25I; sul1; tet(A); uhpT_E350Q
562.57249,RESISTANT,RESISTANT,RESISTANT,RESISTANT,,aac(3)-IId; aadA1; acrF; blaCTX-M-15; blaEC; blaTEM-1; dfrA1; gyrA_D87N; gyrA_S83L; mdtM; nfsA_L43Ter; parC_S57T; parC_S80I; parE_S458A; sat2; tet(B)
562.57250,RESISTANT,RESISTANT,RESISTANT,susceptible,,aadA5; acrF; aph(3'')-Ib; aph(6)-Id; blaCTX-M-27; blaEC; dfrA17; emrD; gyrA_D87N; gyrA_S83L; mdtM; mph(A); mrx(A); parC_E84V; parC_S80I; parE_I529L; ptsI_V25I; sul1; sul2; tet(A); uhpT_E350Q
562.57251,RESISTANT,susceptible,susceptible,susceptible,,aadA1; acrF; blaEC; blaTEM-1; cirA_V239RfsTer47; cyaA_S352T; dfrA1; emrD; gyrA_S83L; sat2; tet(A); uhpT_E350Q
562.57252,RESISTANT,RESISTANT,RESISTANT,RESISTANT,,aac(3)-IId; aadA5; acrF; aph(3'')-Ib; aph(3')-Ia; aph(6)-Id; blaCTX-M-1; blaEC; catA1; dfrA17; gyrA_D87N; gyrA_S83L; mdtM; mph(A); mrx(A); parC_S80I; parE_S458A; sul1; sul2; tet(B); uhpT_E350Q
562.57253,RESISTANT,RESISTANT,RESISTANT,RESISTANT,,aac(3)-IIe; aadA5; acrF; blaCTX-M-15; blaEC; cyaA_S352T; dfrA17; emrD; erm(B); gyrA_D87N; gyrA_S83L; mdtM; mph(A); mrx(A); parC_S80I; parE_S458A; sul1; tet(B)
562.57254,RESISTANT,RESISTANT,susceptible,RESISTANT,,aac(3)-IId; aadA5; acrF; aph(3'')-Ib; aph(6)-Id; blaCTX-M-14; blaEC; blaTEM-1; dfrA17; emrD; mdtM; mph(A); mrx(A); parE_I529L; ptsI_V25I; sul1; sul2; tet(A); uhpT_E350Q
562.57255,RESISTANT,RESISTANT,susceptible,susceptible,,aadA1; acrF; aph(3'')-Ib; aph(6)-Id; blaCTX-M-1; blaEC; blaTEM-1; dfrA1; dfrA5; mdtM; sat2; sul2; tet(A)
562.57256,RESISTANT,RESISTANT,RESISTANT,RESISTANT,,aac(6')-Ib-cr5; aadA5; acrF; blaCTX-M-15; blaEC; blaOXA-1; catB3; dfrA17; emrD; gyrA_D87N; gyrA_S83L; mdtM; mph(A); mrx(A); parC_E84V; parC_S80I; parE_I529L; ptsI_V25I; sul1; tet(A); uhpT_E350Q
562.57257,RESISTANT,RESISTANT,susceptible,RESISTANT,,aac(3)-IIe; aadA5; acrF; blaCTX-M-15; blaEC; blaTEM-1; blaTEMp_G162T; dfrA17; emrD; mph(A); mrx(A); sul1
562.57258,RESISTANT,RESISTANT,susceptible,susceptible,,aadA1; acrF; aph(3'')-Ib; aph(6)-Id; blaCTX-M-15; blaEC; blaTEM-1; catA1; cyaA_S352T; dfrA1; emrD; gyrA_S83V; nfsA_G131D; sat2; sul2; tet(D)
562.57259,RESISTANT,RESISTANT,RESISTANT,RESISTANT,,aac(3)-IIe; aac(6')-Ib-cr5; acrF; blaCTX-M-15; blaEC; blaOXA-1; catB3; cyaA_S352T; emrD; gyrA_D87N; gyrA_S83L; mdtM; nfsA_L43FfsTer3; parC_S80I; parE_S458A; tet(A)
562.57260,RESISTANT,RESISTANT,susceptible,RESISTANT,,acrF; blaCTX-M-15; blaEC; blaTEM-1; emrD; mdtM
562.57261,RESISTANT,RESISTANT,susceptible,susceptible,,aadA5; acrF; aph(3'')-Ib; aph(6)-Id; blaCTX-M-1; blaEC; blaTEM-1; dfrA17; dfrA5; mdtM; sul2; tet(A)
562.57262,RESISTANT,RESISTANT,RESISTANT,susceptible,,aac(6')-Ib-cr5; aadA5; acrF; blaCTX-M-15; blaEC; blaOXA-1; catB3; dfrA17; dfrA5; gyrA_D87N; gyrA_S83L; mdtM; mph(A); mrx(A); parC_S80I; sul1; tet(A)
562.57263,RESISTANT,RESISTANT,RESISTANT,RESISTANT,,aac(3)-IId; aadA1; aadA2; acrF; aph(3'')-Ib; aph(6)-Id; blaCTX-M-15; blaEC; blaOXA-1; blaTEM-1; catA1; dfrA1; dfrA12; gyrA_D87N; gyrA_S83L; mdtM; mph(A); mrx(A); nfsA_K144NfsTer112; parC_S80I; sat2; sul1; sul2; tet(B)
562.57264,RESISTANT,RESISTANT,susceptible,susceptible,,acrF; aph(3'')-Ib; aph(3')-Ia; aph(6)-Id; blaCTX-M-14; blaEC; blaTEM; catA1; cyaA_S352T; dfrA14; dfrA7; emrD; mdtM; mph(A); mrx(A); sul1; sul2; uhpT_E350Q
562.57265,RESISTANT,RESISTANT,RESISTANT,RESISTANT,,aac(3)-IId; aac(3)-IIe; aadA5; acrF; aph(3'')-Ib; aph(6)-Id; blaCTX-M-14; blaEC; blaTEM-1; catA1; cyaA_S352T; dfrA17; emrD; floR; gyrA_D87N; gyrA_S83L; mdtM; mph(A); mrx(A); parC_S80I; parE_S458A; sul1; sul2; tet(B)
562.57266,RESISTANT,RESISTANT,RESISTANT,susceptible,,aadA1; aadA2; acrF; blaEC; blaSHV-12; blaTEM-1; cmlA1; dfrA1; emrD; estX-3; gyrA_D87N; gyrA_S83L; mdtM; parC_S80I; sat2; sul3
562.57267,RESISTANT,RESISTANT,RESISTANT,RESISTANT,,aac(3)-IIe; aadA5; acrF; blaCTX-M-15; blaEC; cyaA_S352T; dfrA17; emrD; erm(B); gyrA_D87N; gyrA_S83L; mdtM; mph(A); mrx(A); parC_S80I; parE_S458A; sul1; tet(B)
562.57268,RESISTANT,RESISTANT,RESISTANT,RESISTANT,,aac(3)-IIe; aac(6')-Ib-cr5; aadA1; acrF; aph(3'')-Ib; aph(6)-Id; blaCTX-M-15; blaEC; blaOXA-1; catB3; cyaA_S352T; dfrA1; emrD; gyrA_D87N; gyrA_S83L; nfsA_Q26Ter; parC_S57T; parC_S80I; parE_S458A; sat2; sul2; tet(A)
562.57269,RESISTANT,susceptible,susceptible,susceptible,,aadA1; aadA5; acrF; blaEC-5; blaSHV-1; dfrA17; emrD; sul1
562.57270,RESISTANT,RESISTANT,susceptible,susceptible,,acrF; blaCTX-M-14; blaEC; cyaA_S352T; emrD; gyrA_S83L; mdtM
562.57271,RESISTANT,RESISTANT,RESISTANT,RESISTANT,,aac(3)-IId; aac(3)-IIe; aac(6')-Ib-cr5; aadA5; acrF; aph(3'')-Ib; aph(3')-Ia; aph(6)-Id; blaCTX-M-15; blaEC; blaOXA; blaTEM-1; catB3; cyaA_S352T; dfrA17; emrD; gyrA_D87N; gyrA_S83L; mdtM; mph(A); mrx(A); parC_S80I; parE_L416F; sul1; sul2; tet(A); tet(B)
562.57273,RESISTANT,RESISTANT,RESISTANT,susceptible,,aac(6')-Ib-cr5; aadA5; acrF; blaCTX-M-15; blaEC; blaOXA-1; catB3; dfrA17; emrD; gyrA_D87N; gyrA_S83L; mdtM; mph(A); mrx(A); parC_E84V; parC_S80I; parE_I529L; ptsI_V25I; sul1; tet(A); uhpT_E350Q
562.57274,RESISTANT,RESISTANT,RESISTANT,susceptible,,aac(6')-Ib-cr5; acrF; aph(3'')-Ib; aph(6)-Id; blaCTX-M-15; blaEC; blaOXA-1; blaTEM-1; catB3; emrD; gyrA_D87N; gyrA_S83L; mdtM; parC_E84V; parC_S80I; parE_I529L; ptsI_V25I; sul2; uhpT_E350Q
562.57275,RESISTANT,RESISTANT,RESISTANT,RESISTANT,,aac(3)-IId; aac(6')-Ib-cr5; aadA5; acrF; blaCTX-M-15; blaEC; blaOXA-1; blaTEM-1; catA1; catB3; dfrA17; gyrA_D87N; gyrA_S83L; mdtM; mph(A); mrx(A); nfsA_G126R; parC_S80I; parE_S458A; sul1
562.57276,RESISTANT,RESISTANT,RESISTANT,susceptible,,aadA1; blaCMY-2; blaCTX-M-15; blaEC; blaTEM; cirA_F120XfsTer37; dfrA1; gyrA_D87N; gyrA_S83L; marR_V66XfsTer40; mdtM; parC_S80I; sat2
562.57277,RESISTANT,RESISTANT,RESISTANT,susceptible,,aac(6')-Ib-cr5; aadA5; acrF; blaCTX-M-15; blaEC; blaOXA-1; catB3; dfrA17; emrD; gyrA_D87N; gyrA_S83L; mdtM; mph(A); mrx(A); parC_E84V; parC_S80I; parE_I529L; ptsI_V25I; sul1; tet(A); uhpT_E350Q
562.57278,RESISTANT,RESISTANT,RESISTANT,susceptible,,acrF; aph(3'')-Ib; aph(6)-Id; blaCTX-M-14; blaEC; catA1; emrD; gyrA_D87N; gyrA_S83L; mdtM; parC_E84V; parC_S80I; parE_I529L; ptsI_V25I; sul2; uhpT_E350Q
562.57279,RESISTANT,RESISTANT,RESISTANT,susceptible,,aac(6')-Ib-cr; aadA5; acrF; aph(3'')-Ib; aph(6)-Id; blaCTX-M-27; blaEC; catB3; dfrA17; emrD; gyrA_D87N; gyrA_S83L; mdtM; mph(A); mrx(A); parC_E84V; parC_S80I; parE_I529L; ptsI_V25I; sul1; sul2; tet(A); uhpT_E350Q
562.57280,RESISTANT,RESISTANT,susceptible,susceptible,,acrF; blaCTX-M-14; blaEC; blaTEM-1; cyaA_S352T; dfrA5; emrD; gyrA_S83L; sul1
562.57281,RESISTANT,RESISTANT,RESISTANT,susceptible,,aadA5; acrF; aph(3'')-Ib; aph(6)-Id; blaCTX-M-14; blaEC; blaTEM-1; cyaA_S352T; dfrA17; emrD; gyrA_D87Y; gyrA_S83L; mdtM; parC_E84G; parC_S80I; parE_I355T; sul2; tet(A); uhpT_E350Q
562.57282,RESISTANT,RESISTANT,RESISTANT,RESISTANT,,aac(3)-IIe; aac(6')-Ib-cr5; aadA2; acrF; blaCTX-M-15; blaEC; blaOXA-1; blaTEM-1; catA1; catB3; dfrA12; gyrA_D87N; gyrA_S83L; mdtM; mph(A); mrx(A); parC_S80I; parE_S458A; sul1; tet(A); tet(B)
562.57283,RESISTANT,RESISTANT,RESISTANT,RESISTANT,,aac(6')-Ib-cr5; aadA5; acrF; blaCTX-M-15; blaEC; blaOXA-1; catB3; dfrA17; emrD; gyrA_D87N; gyrA_S83L; mdtM; mph(A); mrx(A); parC_E84V; parC_S80I; parE_I529L; ptsI_V25I; sul1; uhpT_E350Q
562.57284,RESISTANT,RESISTANT,susceptible,susceptible,,acrF; aph(3'')-Ib; aph(6)-Id; blaCTX-M-1; blaEC; blaTEM-33; catA1; dfrA14; emrD; gyrA_S83L; mdtM; mph(A); mrx(A); parE_I529L; ptsI_V25I; sul2; tet(B); uhpT_E350Q
562.57285,RESISTANT,RESISTANT,RESISTANT,susceptible,,aadA5; acrF; aph(3'')-Ib; aph(6)-Id; blaCTX-M-27; blaEC; cyaA_S352T; dfrA17; emrD; gyrA_D87N; gyrA_S83L; mph(A); mrx(A); ompF_Y253EfsTer3; parC_S80I; parE_S458A; sul1; sul2; tet(A)
562.57286,RESISTANT,RESISTANT,RESISTANT,RESISTANT,,aac(3)-IIe; aac(6')-Ib-cr5; aadA1; acrF; aph(3'')-Ib; aph(6)-Id; blaCTX-M-15; blaEC; blaOXA-1; blaTEM-1; catB3; dfrA1; gyrA_D87N; gyrA_S83L; mdtM; nfsA_L43Ter; parC_S57T; parC_S80I; parE_S458A; sat2; sul2; tet(A); tet(B)
562.57287,RESISTANT,RESISTANT,susceptible,susceptible,,aadA5; acrF; blaCTX-M-15; blaEC; blaTEM-1; blaTEMp_G162T; dfrA17; emrD; mdtM; mph(A); mrx(A); parE_I529L; ptsI_V25I; sul1; uhpT_E350Q
562.57288,RESISTANT,RESISTANT,susceptible,RESISTANT,,aac(3)-IId; aadA5; acrF; aph(3'')-Ib; aph(6)-Id; blaCTX-M-14; blaEC; blaTEM-1; catA1; cyaA_S352T; dfrA17; emrD; gyrA_S83L; mph(A); mrx(A); parC_S80I; sul1; sul2; tet(D)
562.57289,RESISTANT,RESISTANT,susceptible,RESISTANT,,aac(3)-IId; aadA5; acrF; aph(3'')-Ib; aph(6)-Id; blaCTX-M-15; blaEC; blaTEM-1; catA1; cyaA_S352T; dfrA14; dfrA17; emrD; gyrA_S83L; mph(A); mrx(A); sul1; sul2; tet(B); tet(D)
562.57290,RESISTANT,RESISTANT,RESISTANT,RESISTANT,,aac(3)-IIe; aac(6')-Ib-cr5; aadA5; acrF; aph(3'')-Ib; aph(6)-Id; blaCTX-M-15; blaEC; blaOXA-1; catB3; dfrA17; dfrA5; gyrA_D87N; gyrA_S83L; mdtM; mph(A); mrx(A); nfsA_G126R; parC_S80I; parE_S458A; sul1; sul2; tet(B)
562.57291,RESISTANT,RESISTANT,susceptible,susceptible,,acrF; blaCTX-M-15; blaEC; gyrA_S83A; mdtM; nfsA_Q67Ter; tet(B)
562.57292,RESISTANT,RESISTANT,RESISTANT,RESISTANT,,aac(3)-IIe; aac(6')-Ib-cr5; aadA5; acrF; blaCMY-42; blaCTX-M-15; blaEC; blaOXA-1; catB3; dfrA17; ftsI_N337NYRIN; gyrA_D87N; gyrA_S83L; mdtM; mph(A); mrx(A); nfsA_G126R; parC_S80I; parE_S458A; sul1; tet(B)
562.57293,RESISTANT,RESISTANT,susceptible,RESISTANT,,aac(3)-IIe; aadA1; acrF; blaCTX-M-15; blaEC; blaTEM-1; catB3; dfrA1; emrD; gyrA_S83L; sat2
562.57294,RESISTANT,RESISTANT,RESISTANT,susceptible,,aadA5; acrF; aph(3'')-Ib; aph(6)-Id; blaCTX-M-14; blaEC; blaTEM-1; cyaA_S352T; dfrA17; emrD; gyrA_D87N; gyrA_S83L; mdtM; mph(A); mrx(A); parC_S80I; parE_S458A; sul1; sul2; tet(B)
562.57295,RESISTANT,RESISTANT,RESISTANT,susceptible,,acrF; aph(3'')-Ib; aph(6)-Id; blaEC; blaSHV-12; gyrA_D87Y; gyrA_S83L; mdtM; mph(A); mrx(A); nfsA_S121Ter; parC_S57T; parC_S80I; parE_S458A; sul2; tet(A)
562.57296,RESISTANT,RESISTANT,susceptible,RESISTANT,,aac(3)-IIe; acrF; blaCTX-M-15; blaEC; cyaA_S352T; dfrA14; emrD; gyrA_S83L; mdtM; mph(A); mrx(A); tet(B)
562.57297,RESISTANT,susceptible,susceptible,susceptible,,acrF; blaEC; emrD; nfsA_W159Ter
562.57298,RESISTANT,RESISTANT,RESISTANT,susceptible,,aadA5; acrF; aph(3'')-Ib; aph(6)-Id; blaCTX-M-15; blaEC; blaTEM-1; cyaA_S352T; dfrA17; emrD; gyrA_D87N; gyrA_S83L; mdtM; mph(A); mrx(A); parC_S57T; parC_S80I; parE_L416F; sul1; sul2; tet(B); uhpT_E350Q
562.57299,RESISTANT,susceptible,susceptible,susceptible,,acrF; blaEC; mdtM
562.57300,RESISTANT,susceptible,susceptible,susceptible,,acrF; blaEC; cyaA_S352T; emrD; mdtM; uhpT_E350Q
562.57301,RESISTANT,susceptible,susceptible,susceptible,,acrF; blaEC; cyaA_S352T; emrD; mdtM; uhpT_E350Q
562.57302,RESISTANT,susceptible,susceptible,susceptible,,acrF; blaEC; mdtM
562.57303,RESISTANT,RESISTANT,susceptible,susceptible,,acrF; blaEC; mdtM
562.57304,RESISTANT,susceptible,susceptible,susceptible,,acrF; blaEC; emrD; parE_D475E
562.57305,RESISTANT,susceptible,susceptible,susceptible,,acrF; blaEC; mdtM
562.57306,RESISTANT,RESISTANT,susceptible,susceptible,,acrF; blaEC; mdtM
562.57307,RESISTANT,susceptible,susceptible,susceptible,,acrF; aph(3'')-Ib; aph(6)-Id; blaEC; emrD; marR_S3N; sul2
562.57308,susceptible,susceptible,susceptible,susceptible,,acrF; blaEC; mdtM
562.57309,RESISTANT,susceptible,susceptible,susceptible,,acrF; blaEC; emrD
562.57310,RESISTANT,susceptible,susceptible,susceptible,,acrF; blaEC; cyaA_S352T; emrD; mdtM; tet(B)
562.57311,RESISTANT,susceptible,susceptible,susceptible,,acrF; aph(3'')-Ib; aph(6)-Id; blaEC-5; blaTEM-1; blaTEMp_C32T; catA1; emrD; gyrA_S83L; sul2; tet(B)
562.57312,RESISTANT,susceptible,susceptible,susceptible,,acrF; aph(3'')-Ib; aph(6)-Id; blaEC; blaTEM-1; emrD; gyrA_S83L; marR_S3N; sul2
562.57313,susceptible,susceptible,susceptible,susceptible,,acrF; blaEC; mdtM
562.57314,susceptible,susceptible,susceptible,susceptible,,acrF; blaEC; mdtM
562.57315,RESISTANT,susceptible,susceptible,susceptible,,acrF; blaEC; blaTEM-1; emrD; parC_S57T; parE_I355T; uhpT_E350Q
562.57316,RESISTANT,susceptible,susceptible,RESISTANT,,acrF; blaEC; emrD; parE_I529L; ptsI_V25I; uhpT_E350Q
562.57317,RESISTANT,susceptible,susceptible,susceptible,,acrF; aph(3'')-Ib; aph(6)-Id; blaEC; blaTEM-1; catA1; cirA_I229YfsTer1; dfrA7; gyrA_S83L; mdtM; sul1; sul2; tet(A)
562.57318,RESISTANT,susceptible,susceptible,susceptible,,acrF; blaEC; mdtM
562.57319,susceptible,susceptible,susceptible,susceptible,,acrF; blaEC; mdtM
562.57320,susceptible,susceptible,susceptible,susceptible,,acrF; blaEC; mdtM
562.57321,RESISTANT,susceptible,susceptible,susceptible,,acrF; ampC_C-42T; blaEC; fosA7.5; mdtM
562.57322,RESISTANT,RESISTANT,susceptible,susceptible,,acrF; blaEC-5; emrD; marR_S3N; mdtM; uhpT_E350Q
562.57323,RESISTANT,RESISTANT,susceptible,susceptible,,acrF; blaEC; cyaA_S352T; emrD; mdtM; parC_S57T
562.57324,RESISTANT,susceptible,susceptible,susceptible,,acrF; blaEC; mdtM
562.57325,RESISTANT,susceptible,susceptible,susceptible,,acrF; blaEC; emrD; marR_S3N; mdtM
562.57326,RESISTANT,susceptible,susceptible,RESISTANT,,blaEC; mdtM
562.57327,RESISTANT,susceptible,susceptible,susceptible,,acrF; blaEC; mdtM
562.57328,RESISTANT,susceptible,susceptible,susceptible,,acrF; blaEC; mdtM
562.57329,susceptible,susceptible,susceptible,susceptible,,acrF; blaEC; mdtM
562.57330,RESISTANT,susceptible,susceptible,susceptible,,acrF; blaEC; mdtM
562.57331,RESISTANT,susceptible,susceptible,susceptible,,acrF; blaEC-5; emrD
562.57363,RESISTANT,RESISTANT,susceptible,RESISTANT,,aac(3)-IId; acrF; aph(3'')-Ib; aph(6)-Id; blaCTX-M-27; blaEC; blaTEM-1; catA1; cyaA_S352T; dfrA7; emrD; gyrA_S83L; sul2; tet(D)
562.57364,RESISTANT,RESISTANT,susceptible,RESISTANT,,aac(3)-IId; acrF; aph(3'')-Ib; aph(6)-Id; blaCTX-M-15; blaEC; blaTEM-1; emrD; fosA5; marR_S3N; qnrS1; tet(B)
562.57365,RESISTANT,RESISTANT,RESISTANT,RESISTANT,,aac(3)-IIe; aac(6')-Ib-cr5; aadA5; acrF; blaCTX-M-15; blaEC; blaOXA-1; catB3; cyaA_S352T; dfrA17; emrD; gyrA_D87N; gyrA_S83L; mph(A); mrx(A); ompF_Y253EfsTer3; parC_S80I; parE_S458A; sul1; tet(B)
562.57366,RESISTANT,RESISTANT,susceptible,susceptible,,aadA5; acrF; aph(3'')-Ib; aph(6)-Id; blaCTX-M-15; blaCTX-M-27; blaEC; blaTEM; cyaA_S352T; dfrA17; emrD; mdtM; mph(A); mrx(A); nfsA_Q67Ter; sul1; sul2; tet(A)
562.57367,RESISTANT,RESISTANT,RESISTANT,RESISTANT,,aac(3)-IIe; aadA5; acrF; acrR_L109YfsTer28; aph(3'')-Ib; aph(3')-IIa; aph(6)-Id; blaCTX-M-55; blaEC; blaTEM; ble; cyaA_S352T; dfrA14; dfrA17; emrD; erm(B); floR; gyrA_D87N; gyrA_S83L; mdtM; mph(A); mrx(A); ompF_P12SfsTer11; parC_S80I; sul1; sul2; tet(A)
562.57368,RESISTANT,RESISTANT,RESISTANT,RESISTANT,,aac(3)-IIe; aph(3')-Ia; blaCTX-M-55; blaEC; dfrA14; floR; gyrA_D87N; gyrA_S83L; mdtM; parC_S80I; parE_L416F; qnrS1; tet(A); tet(M)
562.57369,RESISTANT,RESISTANT,RESISTANT,RESISTANT,,aac(3)-IId; aadA5; acrF; aph(3'')-Ib; aph(6)-Id; blaCTX-M-14; blaEC; blaTEM-1; dfrA17; emrD; gyrA_D87N; gyrA_S83L; mdtM; mph(A); mrx(A); parC_E84V; parC_S80I; parE_I529L; ptsI_V25I; sul1; sul2; tet(A); uhpT_E350Q
562.57370,RESISTANT,RESISTANT,RESISTANT,RESISTANT,,aac(3)-IId; acrF; blaCTX-M-55; blaEC; cirA_Q78Ter; gyrA_S83L; mdtM; parC_S80I; qnrS1; tet(A)
562.57371,RESISTANT,RESISTANT,RESISTANT,RESISTANT,,aac(3)-IId; acrF; acrR_R45C; aph(3'')-Ib; aph(6)-Id; blaCTX-M-14; blaEC; blaTEM-1; emrD; gyrA_D87N; gyrA_S83L; mdtM; parC_E84V; parC_S80I; parE_I529L; ptsI_V25I; sul2; tet(A); uhpT_E350Q
562.57372,RESISTANT,RESISTANT,RESISTANT,RESISTANT,,aac(3)-IIe; aac(6')-Ib-cr5; aadA5; acrF; blaCTX-M-15; blaEC; blaOXA-1; blaTEM-1; catB3; cirA_N548QfsTer4; cyaA_S352T; dfrA17; emrD; erm(B); gyrA_D87N; gyrA_S83L; mdtM; mph(A); mrx(A); nfsA_G126R; parC_S80I; parE_S458A; sul1
562.57373,RESISTANT,RESISTANT,RESISTANT,RESISTANT,,aac(3)-IId; aadA2; acrF; blaCTX-M-55; blaEC; blaTEM-1; cyaA_S352T; dfrA12; emrD; floR; gyrA_D87N; gyrA_S83L; mdtM; nfsA_H11Y; parC_E84G; parC_S80I; parE_I355T; sul2; sul3; tet(A); tet(M); uhpT_E350Q
562.57374,RESISTANT,RESISTANT,RESISTANT,RESISTANT,,aac(3)-IIe; aac(6')-Ib-cr5; aadA5; acrF; blaCTX-M-15; blaEC; blaOXA-1; catB3; dfrA17; gyrA_D87N; gyrA_S83L; mdtM; mph(A); mrx(A); parC_S80I; parE_S458T; sul1; tet(B)
562.57375,RESISTANT,RESISTANT,RESISTANT,RESISTANT,,aac(3)-IId; aadA5; acrF; aph(3'')-Ib; aph(6)-Id; blaCTX-M-14; blaEC; blaTEM-1; dfrA17; emrD; gyrA_D87N; gyrA_S83L; mdtM; mph(A); mrx(A); parC_E84V; parC_S80I; parE_I529L; ptsI_V25I; sul1; sul2; tet(A); uhpT_E350Q
562.57376,RESISTANT,RESISTANT,susceptible,RESISTANT,,aac(3)-IId; aadA1; aadA2; acrF; blaCTX-M-55; blaEC; blaTEM-1; cirA_D104TfsTer18; cmlA1; dfrA12; fosA7.5; mdtM; nfsA_E137Ter; nfsB_Q44Ter; sul3; tet(A); tet(M)
562.57377,RESISTANT,RESISTANT,susceptible,RESISTANT,,aac(3)-IId; aadA2; aph(3'')-Ib; aph(6)-Id; blaCTX-M-55; blaEC; blaTEM-1; catA2; lnu(F); mdtM; nfsA_R133S; qnrS1; sul2; tet(A)
562.57379,RESISTANT,RESISTANT,susceptible,RESISTANT,,aac(3)-IId; acrF; aph(3'')-Ib; aph(6)-Id; blaCTX-M-55; blaEC; blaTEM-1; cyaA_S352T; dfrA14; emrD; mdtM; qnrS1; sul2; tet(A); uhpT_E350Q
562.57380,RESISTANT,RESISTANT,RESISTANT,RESISTANT,,aac(3)-IId; aadA5; acrF; aph(3'')-Ib; aph(6)-Id; blaCTX-M; blaEC; blaTEM-1; cirA_W243Ter; dfrA17; emrD; gyrA_D87N; gyrA_S83L; mdtM; mph(A); mrx(A); parC_E84V; parC_S80I; parE_I529L; ptsI_V25I; sul1; sul2; tet(A); uhpT_E350Q
562.57381,RESISTANT,RESISTANT,susceptible,susceptible,,aac(3)-IId; aadA5; acrF; aph(3'')-Ib; aph(6)-Id; blaCTX-M-27; blaEC; blaTEM-1; dfrA17; emrD; gyrA_S83L; mdtM; mph(A); mrx(A); parE_I529L; ptsI_V25I; sul1; sul2; tet(A); uhpT_E350Q
562.57382,RESISTANT,RESISTANT,RESISTANT,RESISTANT,,aac(3)-IId; aadA5; acrF; aph(3'')-Ib; aph(6)-Id; blaCTX-M-15; blaEC-5; blaTEM-1; dfrA17; emrD; gyrA_D87N; gyrA_S83L; marR_S3N; mph(A); mrx(A); parC_S80I; parE_L416F; sul1; sul2; tet(A); uhpT_E350Q
562.57383,RESISTANT,RESISTANT,susceptible,RESISTANT,,aac(3)-IId; aadA25; acrF; aph(3'')-Ib; aph(6)-Id; blaCTX-M-55; blaEC; blaTEM-1; dfrA12; floR; mdtM; mef(B); qnrS1; sul2; sul3; tet(A); tet(M)
562.57384,RESISTANT,RESISTANT,RESISTANT,RESISTANT,,aac(3)-IIe; aadA1; aadA2; acrF; aph(3'')-Ib; aph(3')-Ia; aph(6)-Id; blaCTX-M-55; blaEC; blaTEM-1; cirA_G352EfsTer26; cmlA1; cyaA_S352T; dfrA14; emrD; estX-3; floR; gyrA_D87N; gyrA_S83L; mdtM; nfsA_H11Y; parC_E84G; parC_S80I; parE_I355T; sul2; sul3; tet(A); uhpT_E350Q
562.57385,RESISTANT,RESISTANT,susceptible,RESISTANT,,aac(3)-IId; aadA25; acrF; blaCTX-M-55; blaEC; blaTEM-1; dfrA12; floR; mdtM; mef(B); qnrS1; sul2; sul3; tet(B); tet(M)
562.57386,RESISTANT,RESISTANT,susceptible,RESISTANT,,aac(3)-IIe; acrF; blaCTX-M-14; blaEC; cyaA_S352T; dfrA14; floR; mdtM; qnrD; qnrS1; sul2; sul3; tet(A)
562.57388,RESISTANT,RESISTANT,RESISTANT,RESISTANT,,aac(3)-IId; aadA2; aadA22; acrF; blaCMY-2; blaCTX-M-14; blaEC; blaTEM-1; dfrA12; erm(42); erm(B); floR; gyrA_D87N; gyrA_S83L; mdtM; mph(A); mrx(A); parC_S80I; sul1; tet(A); tet(M)
562.57389,RESISTANT,RESISTANT,susceptible,RESISTANT,,aac(3)-IId; acrF; blaCTX-M-14; blaEC; erm(B); mdtM; mph(A); mrx(A); qnrS1; tet(B)
562.57390,RESISTANT,RESISTANT,RESISTANT,RESISTANT,,aac(3)-IIe; aadA5; acrF; acrR_L109YfsTer28; aph(3'')-Ib; aph(3')-IIa; aph(6)-Id; blaCTX-M-55; blaEC; blaTEM; ble; cyaA_S352T; dfrA14; dfrA17; emrD; erm(B); floR; gyrA_D87N; gyrA_S83L; mdtM; mph(A); mrx(A); ompF_P12SfsTer11; parC_S80I; sul1; sul2; tet(A)
562.57391,RESISTANT,RESISTANT,susceptible,RESISTANT,,aac(3)-VIa; aadA22; acrF; blaCTX-M-14; blaEC; blaTEM-1; estX; floR; mdtM; nfsA_R218Ter; qnrS1; tet(A); tet(M)
562.57392,RESISTANT,RESISTANT,susceptible,RESISTANT,,aac(3)-IId; aadA25; acrF; aph(3'')-Ib; aph(6)-Id; blaCTX-M-55; blaEC; blaTEM-1; dfrA12; floR; mdtM; mef(B); qnrS1; sul2; sul3; tet(A); tet(B); tet(M)
562.57393,RESISTANT,RESISTANT,RESISTANT,susceptible,,aadA1; aadA2; acrF; blaCTX-M-14; blaEC; cmlA1; dfrA12; gyrA_S83L; mdtM; mef(B); parC_A56T; qnrS1; sul3; tet(A); tet(M)
562.57394,RESISTANT,RESISTANT,RESISTANT,RESISTANT,,aac(3)-IId; aadA1; acrF; blaCTX-M-14; blaEC; blaTEM-1; cmlA1; dfrA10; erm(B); floR; gyrA_D87N; gyrA_S83L; mdtM; mph(A); mrx(A); nfsA_R15C; parC_S80I; sul2; sul3; tet(A)
562.57396,RESISTANT,RESISTANT,RESISTANT,RESISTANT,,aac(3)-IId; aadA1; aadA2; acrF; blaCTX-M-14; blaEC; blaTEM-1; cmlA1; dfrA12; dfrA14; erm(B); floR; gyrA_S83L; mdtM; mph(A); mrx(A); nfsA_W212Ter; nfsB_W46Ter; qnrS1; sul3; tet(A); tet(M)
562.57398,RESISTANT,RESISTANT,RESISTANT,susceptible,,aadA5; acrF; aph(3'')-Ib; aph(6)-Id; blaCTX-M-15; blaEC; dfrA17; gyrA_D87N; gyrA_S83L; mdtM; mph(A); mrx(A); parC_S80I; parE_S458T; sul1; sul2; tet(B)
562.57399,RESISTANT,RESISTANT,RESISTANT,RESISTANT,,aac(3)-IId; aadA5; acrF; blaCTX-M-14; blaEC; cyaA_S352T; dfrA17; emrD; gyrA_D87N; gyrA_S83L; mph(A); mrx(A); ompF_Y253EfsTer3; parC_S80I; parE_S458A; sul1; tet(B)
562.57400,RESISTANT,RESISTANT,susceptible,susceptible,,acrF; blaCTX-M-15; blaEC; cyaA_S352T; emrD; mdtM; qnrS1; tet(A)
562.57401,RESISTANT,RESISTANT,susceptible,RESISTANT,,aac(3)-IId; acrF; blaCTX-M-14; blaEC; cyaA_S352T; emrD; floR; mdtM; qnrS1; sul2; tet(A); tet(M)
562.57402,RESISTANT,RESISTANT,susceptible,RESISTANT,,aac(3)-IId; aadA1; aadA2; acrF; blaCTX-M-14; blaEC; blaTEM-1; cmlA1; dfrA12; mdtM; qnrS1; tet(A); tet(M)
562.57403,RESISTANT,RESISTANT,RESISTANT,susceptible,,aadA5; acrF; aph(3'')-Ib; aph(6)-Id; blaCTX-M-27; blaEC; cirA_E57KfsTer10; dfrA17; emrD; gyrA_D87N; gyrA_S83L; mdtM; mph(A); mrx(A); parC_E84V; parC_S80I; parE_I529L; ptsI_V25I; sul1; sul2; tet(A); uhpT_E350Q
562.57404,RESISTANT,RESISTANT,RESISTANT,RESISTANT,,aac(3)-IId; acrF; blaCTX-M-55; blaEC; blaTEM-1; estX; floR; gyrA_S83L; mdtM; mph(A); mrx(A); qnrS1; tet(B); tet(M)
562.57405,RESISTANT,RESISTANT,RESISTANT,RESISTANT,,aac(3)-IId; aadA5; acrF; aph(3'')-Ib; aph(6)-Id; blaCTX-M-14; blaEC; blaTEM-1; dfrA17; emrD; gyrA_D87N; gyrA_S83L; mdtM; mph(A); mrx(A); parC_E84V; parC_S80I; parE_I529L; ptsI_V25I; sul1; sul2; tet(A); uhpT_E350Q
562.57406,RESISTANT,RESISTANT,RESISTANT,susceptible,,aadA1; acrF; aph(3')-Ia; blaCTX-M-55; blaEC; dfrA14; estX-3; gyrA_D87N; gyrA_S83L; mdtM; parC_S80I; parE_S458A; sul3; tet(A)
562.57407,RESISTANT,RESISTANT,susceptible,RESISTANT,,aac(3)-IId; aadA1; aadA2; acrF; aph(3')-Ia; blaCTX-M-55; blaEC; blaTEM-1; catA2; cmlA1; dfrA12; estX; mdtM; sul3; tet(B); tet(M)
562.57409,RESISTANT,RESISTANT,RESISTANT,RESISTANT,,aac(3)-IId; aadA1; aadA2; acrF; aph(6)-Id; blaCTX-M-14; blaEC; cmlA1; dfrA12; erm(B); estX; floR; gyrA_D87N; gyrA_S83L; mdtM; mph(A); mrx(A); nfsA_R15C; parC_S80I; qnrS1; sul2; sul3; tet(A)
562.57410,RESISTANT,RESISTANT,RESISTANT,RESISTANT,,aac(3)-IId; aadA1; aadA2; acrF; aph(6)-Id; blaCTX-M-55; blaEC; blaTEM-215; catA2; erm(42); floR; gyrA_D87N; gyrA_S83L; lnu(F); mdtM; nfsA_W159Ter; parC_A56T; parC_S80I; parE_S458A; tet(A); tet(X4)
562.57411,RESISTANT,RESISTANT,susceptible,RESISTANT,,aac(3)-IId; aadA1; acrF; arr-2; blaCTX-M-55; blaEC; blaOXA-10; blaTEM-1; cmlA5; dfrA14; mdtM; qnrS2; sul2; tet(A); uhpT_E350Q
562.57412,RESISTANT,RESISTANT,RESISTANT,susceptible,,aac(6')-Ib-cr5; aadA5; acrF; aph(3'')-Ib; aph(6)-Id; blaCTX-M-15; blaEC; blaOXA-1; catB3; dfrA17; estX; floR; gyrA_D87N; gyrA_S83L; mdtM; mph(A); mrx(A); parC_S80I; parE_S458A; sul1; sul2; tet(A)
562.57413,RESISTANT,RESISTANT,susceptible,RESISTANT,,aac(3)-IId; acrF; blaCTX-M-55; blaEC; blaTEM-1; fosA4; mdtM; qnrS1; tet(A); tet(M)
562.57414,RESISTANT,RESISTANT,susceptible,RESISTANT,,aac(3)-IIe; aadA1; aadA2; acrF; blaCTX-M-14; blaEC; blaTEM; cmlA1; dfrA12; erm(B); mdtM; mph(A); mrx(A); nfsA_Q235Ter; sul2; sul3; tet(A); tet(M)
562.57415,RESISTANT,RESISTANT,susceptible,susceptible,,acrF; blaCTX-M-15; blaEC; cyaA_S352T; emrD; mdtM; qnrS1; tet(A)
562.57416,RESISTANT,RESISTANT,susceptible,RESISTANT,,aac(3)-IId; acrF; blaCTX-M-55; blaEC; catA2; floR; mdtM; qnrS1; tet(A)
562.57417,RESISTANT,RESISTANT,RESISTANT,RESISTANT,,aac(3)-IId; aadA25; acrF; blaCTX-M-55; blaEC; blaTEM-1; dfrA12; estX; floR; gyrA_S83L; mdtM; mef(B); nfsA_L132PfsTer3; qnrS1; sul2; sul3; tet(A); tet(M)
562.57418,RESISTANT,RESISTANT,susceptible,RESISTANT,,aac(3)-IId; aadA1; aadA2; acrF; acrR_Q128Ter; aph(3'')-Ib; aph(3')-Ia; aph(6)-Id; blaCTX-M-14; blaEC; blaTEM-215; bleO; catA2; cmlA1; dfrA12; erm(B); estX; floR; mcr-1.1; mcr-3.1; mdtM; mph(A); mrx(A); qnrS1; sul3; tet(A); tet(M)
562.57419,RESISTANT,RESISTANT,RESISTANT,RESISTANT,,aac(3)-IId; aadA1; aadA2; acrF; aph(3'')-Ib; aph(6)-Id; blaCTX-M-14; blaCTX-M-55; blaEC; blaTEM-1; cmlA1; dfrA12; estX; floR; gyrA_S83L; mdtM; mef(B); nfsA_K68Ter; qnrS1; sul2; sul3; tet(A); tet(B); tet(M)
562.57420,RESISTANT,RESISTANT,susceptible,RESISTANT,,aac(3)-IId; aadA5; acrF; blaCTX-M-14; blaEC; blaTEM-1; dfrA17; mdtM; mph(A); mrx(A); qnrS1; sul1
562.57421,RESISTANT,RESISTANT,susceptible,RESISTANT,,aac(3)-IId; aadA1; aadA2; acrF; aph(3'')-Ib; aph(3')-Ia; aph(6)-Id; blaCTX-M-55; blaEC; catA2; cmlA1; dfrA12; mdtM; sul3; tet(A); tet(M); uhpT_E350Q
562.57422,RESISTANT,RESISTANT,susceptible,susceptible,,acrF; blaCTX-M-55; blaEC; catA2; mdtM; uhpT_E350Q
562.57424,RESISTANT,RESISTANT,susceptible,RESISTANT,,aac(3)-IId; aadA25; acrF; blaCTX-M-55; blaEC; dfrA12; floR; mdtM; mef(B); nfsA_E75LfsTer8; qnrS1; sul2; sul3; tet(A); tet(M)
562.57425,RESISTANT,RESISTANT,susceptible,susceptible,,aac(3)-IId; aadA1; aadA2; acrF; aph(3'')-Ib; aph(6)-Id; blaCTX-M-14; blaCTX-M-55; blaEC; blaTEM-1; cmlA1; dfrA12; estX; floR; mdtM; mef(B); nfsA_Q26Ter; qnrS1; sul2; sul3; tet(A); tet(B); tet(M)
562.57426,RESISTANT,RESISTANT,susceptible,RESISTANT,,aac(3)-IId; aacA16; aadA5; acrF; aph(3'')-Ib; blaCTX-M-14; blaEC; blaSHV-12; blaTEM-1; dfrA17; dfrA5; emrD; mph(A); mrx(A); parE_D475E; qnrS1; sul1; tet(A); uhpT_E350Q
562.57427,RESISTANT,RESISTANT,RESISTANT,RESISTANT,,aac(3)-IId; acrF; aph(3')-Ia; blaCTX-M-14; blaCTX-M-55; blaEC; blaTEM-1; catA2; erm(B); floR; gyrA_S83L; mdtM; mef(B); mph(A); mrx(A); parC_S80I; qnrS1; sul2; sul3; tet(A); tet(M)
562.57428,RESISTANT,RESISTANT,RESISTANT,RESISTANT,,aac(3)-IId; acrF; aph(3')-Ia; blaCTX-M-14; blaEC; blaTEM-1; erm(B); floR; gyrA_S83L; mdtM; mef(B); mph(A); mrx(A); parC_S80I; qnrS1; sul2; sul3; tet(A); tet(M)
562.57429,RESISTANT,RESISTANT,RESISTANT,susceptible,,aadA1; acrF; aph(3'')-Ib; aph(6)-Id; blaCTX-M-27; blaEC; dfrA1; gyrA_D87N; gyrA_S83L; mdtM; mph(A); mrx(A); parC_E84G; parC_S80I; qepA; sat2; sul2; tet(A)
562.57430,RESISTANT,RESISTANT,susceptible,susceptible,,acrF; aph(3')-Ia; blaCTX-M-55; blaEC; blaTEM-1; catA2; emrD; mdtM; qnrS1; tet(A); tet(M); uhpT_E350Q
562.57431,RESISTANT,RESISTANT,susceptible,RESISTANT,,aac(3)-IId; acrF; aph(3'')-Ib; aph(6)-Id; blaCTX-M-14; blaEC; blaTEM-1; erm(B); floR; mdtM; mph(A); qnrS1; sul2; tet(A); tet(M); uhpT_E350Q
562.57432,RESISTANT,RESISTANT,RESISTANT,RESISTANT,,aac(3)-VIa; aadA22; acrF; aph(3')-Ia; blaCTX-M-14; blaEC; blaTEM-1; cirA_Q425Ter; floR; gyrA_S83L; mdtM; qnrS1; sul2; tet(A); tet(M)
562.57433,RESISTANT,RESISTANT,susceptible,RESISTANT,,aac(3)-IId; acrF; blaCTX-M-55; blaEC; blaTEM; dfrA14; mdtM; qnrS1; sul2; tet(A); tet(X4)
562.57434,RESISTANT,RESISTANT,susceptible,susceptible,,acrF; blaCTX-M-15; blaEC; emrD; mdtM; qnrS1; tet(B); uhpT_E350Q
562.57435,RESISTANT,RESISTANT,susceptible,RESISTANT,,aac(3)-IId; aadA2; acrF; aph(3'')-Ib; aph(3')-Ia; aph(6)-Id; blaCTX-M-55; blaEC; blaTEM-1; catA2; dfrA12; fosA7.5; mdtM; mph(A); mrx(A); nfsA_I49FfsTer12; sul1; tet(A); tet(M)
562.57436,RESISTANT,RESISTANT,RESISTANT,susceptible,,acrF; blaCTX-M-55; blaEC; blaTEM-1; gyrA_D87N; gyrA_S83L; mdtM; parC_S80I; parE_S458A; qnrS4; tet(A); tet(B); uhpT_E350Q
562.57437,RESISTANT,RESISTANT,susceptible,RESISTANT,,aac(3)-IId; aadA1; aadA2; acrF; blaCTX-M-55; blaEC; blaTEM-1; catA2; cmlA1; dfrA12; erm(42); erm(B); floR; mdtM; mph(A); mrx(A); qnrS1; sul2; sul3; tet(A); tet(M); tet(X4); uhpT_E350Q
562.57438,RESISTANT,RESISTANT,susceptible,RESISTANT,,aac(3)-VIa; aadA22; acrF; blaCTX-M-14; blaEC; blaTEM-1; floR; gyrA_S83L; mdtM; qnrS; tet(M)
562.57439,RESISTANT,RESISTANT,susceptible,susceptible,,acrF; blaCTX-M-14; blaEC; floR; mdtM; qnrS1
562.57440,RESISTANT,RESISTANT,RESISTANT,RESISTANT,,aac(3)-IId; aadA2; acrF; aph(3'')-Ib; aph(6)-Id; blaCTX-M-65; blaEC; dfrA12; floR; gyrA_D87N; gyrA_S83L; mdtM; nfsA_E120Ter; parC_S80I; sul1; sul2; tet(A)
562.57441,RESISTANT,RESISTANT,RESISTANT,RESISTANT,,aac(3)-IId; aadA1; aadA2; acrF; acrR_S172PfsTer2; blaCTX-M-55; blaEC; blaLAP-2; cmlA1; dfrA12; floR; gyrA_D87N; gyrA_S83L; mdtM; parC_S80I; qnrS; sul2; tet(A); tet(M)
562.57442,RESISTANT,RESISTANT,susceptible,RESISTANT,,aac(3)-IId; aadA1; aadA2; acrF; aph(3'')-Ib; aph(6)-Id; blaCTX-M-14; blaEC; cmlA1; dfrA12; erm(B); mcr-3.5; mdtM; mef(B); mph(A); mrx(A); nfsA_W212Ter; qnrS1; sul3; tet(A); tet(M)
562.57443,RESISTANT,RESISTANT,susceptible,RESISTANT,,aac(3)-IId; aadA1; aadA2; acrF; aph(3'')-Ib; aph(6)-Id; blaCTX-M-55; blaEC; catA2; cmlA1; estX-3; mcr-3.1; mdtM; nfsA_Q113Ter; qnrS1; sul3; tet(A); tet(M)
562.57444,RESISTANT,RESISTANT,RESISTANT,RESISTANT,,aac(3)-IIe; aac(6')-Ib-cr5; aadA5; acrF; blaCTX-M-15; blaEC; blaOXA-1; catB3; cyaA_S352T; dfrA17; emrD; gyrA_D87N; gyrA_S83L; mph(A); mrx(A); ompF_Y253EfsTer3; parC_S80I; parE_S458A; sul1; tet(B)
562.57446,RESISTANT,RESISTANT,RESISTANT,RESISTANT,,aac(3)-IId; aadA1; aadA2; acrF; blaCTX-M-55; blaEC; blaTEM-1; catA2; cirA_Q60SfsTer7; cmlA1; dfrA12; gyrA_S83L; mcr-3.1; mdtM; nfsA_Q113RfsTer3; qnrS1; sul3; tet(A)
562.57447,RESISTANT,RESISTANT,RESISTANT,RESISTANT,,aac(3)-IId; aadA1; aadA2; acrF; blaCTX-M-55; blaEC; blaTEM-1; cmlA1; cyaA_S352T; dfrA12; emrD; floR; gyrA_D87Y; gyrA_S83L; mdtM; mph(A); mrx(A); parC_S80I; parE_S458A; sul3; tet(A); tet(M); uhpT_E350Q
562.57448,RESISTANT,RESISTANT,RESISTANT,RESISTANT,,aac(3)-IId; aadA2; acrF; aph(3')-IIa; blaEC; blaSHV-12; blaTEM-1; ble; dfrA12; estX; floR; gyrA_S83L; lnu(F); mdtM; qnrS1; sul3; tet(A)
562.57449,RESISTANT,RESISTANT,RESISTANT,RESISTANT,,aac(3)-VIa; aadA1; aadA2; acrF; acrR_Y49CfsTer6; blaCMY-2; blaCTX-M-55; blaEC; blaTEM-135; catA2; cirA_D258RfsTer5; cmlA1; cyaA_S352T; dfrA12; emrD; floR; gyrA_S83L; mdtM; mph(A); mrx(A); qnrS1; sul1; sul2; sul3; tet(A)
562.57450,RESISTANT,RESISTANT,RESISTANT,RESISTANT,,aadA2; acrF; acrR_S68TerfsTer0; blaCTX-M-15; blaEC; blaNDM-5; blaTEM-1; ble; dfrA12; erm(B); ftsI_N337NYRIN; gyrA_D87N; gyrA_S83L; mdtM; mph(A); mrx(A); parC_S57T; parC_S80I; rmtB1; sul1
562.57451,RESISTANT,RESISTANT,RESISTANT,RESISTANT,,aac(3)-IIe; aadA5; acrF; acrR_L109YfsTer28; aph(3'')-Ib; aph(3')-IIa; aph(6)-Id; blaCTX-M-55; blaEC; blaTEM; ble; cyaA_S352T; dfrA14; dfrA17; emrD; erm(B); floR; gyrA_D87N; gyrA_S83L; mdtM; mph(A); mrx(A); ompF_P12SfsTer11; parC_S80I; sul1; sul2; tet(A)
562.57452,RESISTANT,RESISTANT,RESISTANT,susceptible,,aadA5; acrF; aph(3'')-Ib; aph(6)-Id; blaCTX-M-27; blaEC; cirA_Q56Ter; dfrA17; emrD; gyrA_D87N; gyrA_S83L; mdtM; mph(A); mrx(A); parC_E84V; parC_S80I; parE_I529L; ptsI_V25I; sul1; sul2; tet(A); uhpT_E350Q
562.57453,RESISTANT,RESISTANT,RESISTANT,RESISTANT,,aac(3)-IIe; acrF; blaCTX-M-55; blaEC; cirA_G192Ter; erm(B); gyrA_D87N; gyrA_S83L; mdtM; mph(A); mrx(A); parC_S80I; parE_S458A
562.57454,RESISTANT,RESISTANT,susceptible,RESISTANT,,aac(3)-IId; aadA5; acrF; aph(3'')-Ib; aph(6)-Id; blaCTX-M-27; blaEC; blaTEM-1; dfrA17; emrD; gyrA_S83L; mdtM; mph(A); mrx(A); parE_I529L; ptsI_V25I; sul1; sul2; tet(A); uhpT_E350Q
562.57455,RESISTANT,RESISTANT,RESISTANT,RESISTANT,,aac(3)-IId; aadA1; aadA2; acrF; aph(3')-Ia; blaCTX-M-55; blaEC; blaTEM; catA1; catA2; cmlA1; dfrA12; erm(B); floR; gyrA_D87N; gyrA_S83L; mdtM; mef(B); mph(A); mrx(A); parC_A56T; parC_S80I; sul2; sul3; tet(B)
562.57456,RESISTANT,RESISTANT,RESISTANT,RESISTANT,,aac(3)-IId; aadA25; acrF; aph(3'')-Ib; aph(6)-Id; blaCTX-M-55; blaEC; catA2; dfrA12; erm(B); floR; gyrA_D87N; gyrA_S83L; mdtM; mef(B); mph(A); mrx(A); nfsA_E75LfsTer8; parC_S80I; qnrS1; sul2; sul3; tet(B)
562.57457,RESISTANT,RESISTANT,RESISTANT,RESISTANT,,aac(3)-IId; aadA5; acrF; aph(3'')-Ib; aph(6)-Id; blaCTX-M-27; blaCTX-M-55; blaEC; blaTEM-1; catA2; dfrA17; emrD; gyrA_S83L; mdtM; mph(A); mrx(A); parE_I529L; ptsI_V25I; qnrS1; sul1; sul2; tet(A); uhpT_E350Q
562.57458,RESISTANT,RESISTANT,RESISTANT,susceptible,,acrF; aph(3'')-Ib; aph(6)-Id; blaCTX-M-55; blaEC; blaTEM-1; dfrA14; gyrA_D87N; gyrA_S83L; mdtM; parC_S80I; parE_S458A; qnrS1; sul2; tet(A)
562.57459,RESISTANT,RESISTANT,RESISTANT,RESISTANT,,aac(3)-IIe; acrF; blaCTX-M-55; blaEC; cirA_G192Ter; erm(B); gyrA_D87N; gyrA_S83L; mdtM; mph(A); mrx(A); parC_S80I; parE_S458A
562.57460,RESISTANT,RESISTANT,susceptible,RESISTANT,,aac(3)-IId; acrF; blaCTX-M-55; blaEC; catA2; emrD; erm(B); marR_S3N; mcr-3.4; mph(A); qnrS1
562.57462,RESISTANT,RESISTANT,RESISTANT,RESISTANT,,aac(3)-IId; acrF; aph(3'')-Ib; aph(3')-Ia; aph(6)-Id; blaCTX-M-55; blaEC; blaTEM-1; cyaA_S352T; emrD; floR; gyrA_D87Y; gyrA_S83L; mdtM; mph(A); mrx(A); parC_S80I; parE_S458A; sul2; uhpT_E350Q
562.57463,RESISTANT,RESISTANT,RESISTANT,RESISTANT,,aac(3)-IIe; aadA1; aadA2; acrF; aph(3'')-Ib; aph(3')-Ia; aph(6)-Id; blaCTX-M-55; blaEC; blaTEM-1; cirA_G352EfsTer26; cmlA1; cyaA_S352T; dfrA14; emrD; estX-3; floR; gyrA_D87N; gyrA_S83L; mdtM; nfsA_H11Y; parC_E84G; parC_S80I; parE_I355T; sul2; sul3; tet(A); uhpT_E350Q
562.57464,RESISTANT,RESISTANT,RESISTANT,RESISTANT,,aac(3)-IIe; aadA5; acrF; aph(3'')-Ib; aph(6)-Id; blaCTX-M-14; blaEC; cyaA_S352T; dfrA17; emrD; erm(B); floR; gyrA_D87N; gyrA_S83L; mph(A); mrx(A); parC_E84G; parC_S80I; sul1; sul2; tet(A); tet(B)
562.57465,RESISTANT,RESISTANT,RESISTANT,RESISTANT,,aac(3)-IId; aac(6')-Ib-cr5; aadA2; acrF; blaCTX-M-15; blaEC; blaOXA-1; blaTEM; catB3; gyrA_D87N; gyrA_S83L; lnu(F); mdtM; parC_S80I; parE_S458A; qnrS1; tet(A)
562.57466,RESISTANT,RESISTANT,susceptible,RESISTANT,,aac(3)-IId; aadA5; acrF; aph(3'')-Ib; aph(6)-Id; blaCTX-M-27; blaEC; blaTEM-1; dfrA17; emrD; gyrA_S83L; marR_S3N; mdtM; sul1; sul2; tet(B)
562.57467,RESISTANT,RESISTANT,susceptible,RESISTANT,,aac(3)-IId; acrF; aph(3'')-Ib; aph(6)-Id; blaCTX-M-14; blaEC; blaTEM-1; cirA_Q56Ter; erm(B); mdtM; mph(A); mrx(A); qnrS1; tet(A)
562.57468,RESISTANT,RESISTANT,susceptible,susceptible,,aacA16; acrF; aph(3'')-Ib; blaEC; blaSHV-12; blaTEM-135; emrD; qnrS1; tet(A); uhpT_E350Q
562.57469,RESISTANT,RESISTANT,RESISTANT,RESISTANT,,aac(3)-IIe; aadA5; acrF; blaCTX-M-55; blaEC; blaTEM-1; catA2; cyaA_S352T; dfrA17; emrD; gyrA_S83L; mdtM; mph(A); mrx(A); qnrS1; sul1; tet(A)
562.57470,RESISTANT,RESISTANT,RESISTANT,susceptible,,aac(6')-Ib-cr5; acrF; aph(3'')-Ib; aph(6)-Id; blaCTX-M-15; blaEC; blaOXA-1; blaTEM-1; catB3; cyaA_S352T; dfrA14; emrD; floR; gyrA_D87N; gyrA_S83L; ompF_Y253EfsTer3; parC_S80I; parE_S458A; qnrB1; sul2; tet(A); tet(B)
562.57471,RESISTANT,RESISTANT,RESISTANT,susceptible,,acrF; aph(3'')-Ib; aph(6)-Id; blaCTX-M-14; blaEC; blaTEM-1; dfrA14; gyrA_S83L; mdtM; nfsA_G131D; qnrS1; tet(A); tet(M)
562.57472,RESISTANT,RESISTANT,RESISTANT,RESISTANT,,aac(3)-IIe; aadA1; aadA2; acrF; blaCTX-M-55; blaEC; catA2; cmlA1; cyaA_S352T; dfrA12; emrD; erm(B); floR; gyrA_D87Y; gyrA_S83L; mcr-1.1; mdtM; mph(A); mrx(A); parC_S80I; parE_S458A; tet(A); tet(M); uhpT_E350Q
562.57473,RESISTANT,RESISTANT,RESISTANT,susceptible,,aadA5; acrF; aph(3'')-Ib; aph(6)-Id; blaCTX-M-27; blaEC; dfrA17; emrD; gyrA_D87N; gyrA_S83L; mdtM; mph(A); mrx(A); parC_E84V; parC_S80I; parE_I529L; ptsI_V25I; sul1; sul2; tet(A); uhpT_E350Q
562.57474,RESISTANT,RESISTANT,RESISTANT,susceptible,,acrF; blaCTX-M-15; blaEC; blaTEM-1; emrD; gyrA_D87N; gyrA_S83L; mdtM; ompF_Y332TerfsTer0; parC_E84V; parC_S80I; parE_I529L; ptsI_V25I; tet(A); uhpT_E350Q
562.57475,RESISTANT,RESISTANT,RESISTANT,RESISTANT,,aac(3)-IId; acrF; acrR_R45C; aph(3'')-Ib; aph(6)-Id; blaCTX-M-14; blaEC; blaTEM-1; emrD; gyrA_D87N; gyrA_S83L; mdtM; parC_E84V; parC_S80I; parE_I529L; ptsI_V25I; sul2; tet(A); uhpT_E350Q
562.57478,RESISTANT,RESISTANT,RESISTANT,RESISTANT,,aac(3)-IId; aadA5; acrF; aph(3'')-Ib; aph(6)-Id; blaCTX-M-24; blaEC; blaTEM-1; cyaA_S352T; dfrA17; emrD; erm(B); gyrA_D87N; gyrA_S83L; mdtM; mph(A); mrx(A); parC_E84G; parC_S80I; parE_I355T; qepA8; sul1; sul2; tet(B); uhpT_E350Q
562.57479,RESISTANT,RESISTANT,RESISTANT,RESISTANT,,aac(3)-IIe; aadA5; acrF; acrR_L109YfsTer28; aph(3'')-Ib; aph(3')-IIa; aph(6)-Id; blaCTX-M-55; blaEC; blaTEM; ble; cyaA_S352T; dfrA14; dfrA17; emrD; floR; gyrA_D87N; gyrA_S83L; mdtM; mph(A); mrx(A); ompF_P12SfsTer11; parC_S80I; sul1; sul2; tet(A)
562.57480,RESISTANT,RESISTANT,RESISTANT,susceptible,,aac(6')-Ib-cr5; acrF; aph(3'')-Ib; aph(6)-Id; blaCTX-M-15; blaEC; blaOXA-1; blaTEM-1; catB3; cyaA_S352T; dfrA14; emrD; floR; gyrA_D87N; gyrA_S83L; ompF_Y253EfsTer3; parC_S80I; parE_S458A; qnrB1; sul2; tet(A); tet(B)
562.57481,RESISTANT,RESISTANT,RESISTANT,RESISTANT,,aac(3)-IId; acrF; acrR_R45C; aph(3'')-Ib; aph(6)-Id; blaCTX-M-14; blaEC; blaTEM-1; emrD; gyrA_D87N; gyrA_S83L; mdtM; parC_E84V; parC_S80I; parE_I529L; ptsI_V25I; sul2; tet(A); uhpT_E350Q
562.57482,RESISTANT,RESISTANT,susceptible,susceptible,,aadA5; acrF; aph(3'')-Ib; aph(6)-Id; blaCTX-M-27; blaEC; blaTEM-1; cyaA_S352T; dfrA17; dfrA8; emrD; mdtM; mph(A); mrx(A); nfsA_Q67Ter; sul1; sul2; tet(A)
562.57483,RESISTANT,RESISTANT,RESISTANT,RESISTANT,,acrF; blaCMY-42; blaCTX-M-55; blaEC; catA2; cyaA_S352T; emrD; ftsI_I336IKYRI; gyrA_D87N; gyrA_S83L; ompF_Y253EfsTer3; parC_S80I; parE_S458A; tet(A)
562.57484,RESISTANT,RESISTANT,RESISTANT,RESISTANT,,aac(3)-IIe; aac(6')-Ib-cr5; aadA5; acrF; blaCTX-M-15; blaEC; blaOXA-1; catB3; cyaA_S352T; dfrA17; emrD; gyrA_D87N; gyrA_S83L; mph(A); mrx(A); ompF_Y253EfsTer3; parC_S80I; parE_S458A; sul1; tet(B)
562.57485,RESISTANT,RESISTANT,RESISTANT,RESISTANT,,aac(3)-IId; acrF; acrR_R45C; aph(3'')-Ib; aph(6)-Id; blaCTX-M-14; blaEC; blaTEM-1; emrD; gyrA_D87N; gyrA_S83L; mdtM; parC_E84V; parC_S80I; parE_I529L; ptsI_V25I; sul2; tet(A); uhpT_E350Q
562.57486,RESISTANT,RESISTANT,RESISTANT,RESISTANT,,aac(3)-IId; aadA5; acrF; acrR_L109YfsTer28; aph(3'')-Ib; aph(6)-Id; blaCTX-M-27; blaEC; blaTEM-1; cyaA_S352T; dfrA17; emrD; gyrA_D87N; gyrA_S83L; mdtM; mph(A); mrx(A); parC_S80I; sul1; sul2; tet(A)
562.57487,RESISTANT,RESISTANT,RESISTANT,RESISTANT,,aac(3)-IId; aadA1; aadA2; acrF; blaCTX-M-55; blaEC; cmlA1; dfrA12; gyrA_D87N; gyrA_S83L; lnu(F); mdtM; parC_S80I; parE_S458A; sul3; tet(A); tet(M)
562.57489,RESISTANT,RESISTANT,RESISTANT,susceptible,,acrF; aph(3'')-Ib; aph(6)-Id; blaCTX-M-27; blaEC; cirA_E57KfsTer10; emrD; gyrA_D87N; gyrA_S83L; mdtM; parC_E84V; parC_S80I; parE_I529L; ptsI_V25I; rpoB_V146F; sul2; tet(A); uhpT_E350Q
562.57490,RESISTANT,RESISTANT,susceptible,susceptible,,acrF; blaCTX-M-15; blaEC; cyaA_S352T; emrD; mdtM; qnrS1; tet(A)
562.57491,RESISTANT,RESISTANT,RESISTANT,RESISTANT,,aac(3)-IIe; aac(6')-Ib-cr5; aadA5; acrF; blaCTX-M-15; blaEC; blaOXA-1; catB3; cyaA_S352T; dfrA17; emrD; ftsI_I336IKYRI; gyrA_D87N; gyrA_S83L; mph(A); mrx(A); ompF_Y253EfsTer3; parC_S80I; parE_S458A; sul1; tet(B)
562.57492,RESISTANT,RESISTANT,RESISTANT,RESISTANT,,aac(3)-IId; aadA5; acrF; aph(3'')-Ib; aph(6)-Id; blaCTX-M-14; blaEC; blaTEM-1; dfrA17; emrD; gyrA_D87N; gyrA_S83L; mdtM; mph(A); mrx(A); parC_E84V; parC_S80I; parE_I529L; ptsI_V25I; sul1; sul2; tet(A); uhpT_E350Q
562.57493,RESISTANT,RESISTANT,RESISTANT,RESISTANT,,aac(3)-IId; aadA5; acrF; aph(3'')-Ib; aph(6)-Id; blaCTX-M-14; blaEC; blaTEM-1; dfrA17; emrD; gyrA_D87N; gyrA_S83L; mdtM; mph(A); mrx(A); parC_E84V; parC_S80I; parE_I529L; ptsI_V25I; sul1; sul2; tet(A); uhpT_E350Q
562.57494,RESISTANT,RESISTANT,RESISTANT,RESISTANT,,aac(3)-IId; aadA5; acrF; aph(3'')-Ib; aph(6)-Id; blaCTX-M; blaEC; blaTEM-1; cirA_W243Ter; dfrA17; emrD; gyrA_D87N; gyrA_S83L; mdtM; mph(A); mrx(A); parC_E84V; parC_S80I; parE_I529L; ptsI_V25I; sul1; sul2; tet(A); uhpT_E350Q
562.57495,RESISTANT,RESISTANT,RESISTANT,RESISTANT,,aac(3)-IId; aac(6')-Ib-cr5; acrF; blaCMY-2; blaCTX-M-15; blaEC; blaOXA-1; blaTEM-1; catB3; ftsI_N337NYRIN; gyrA_D87N; gyrA_S83L; mdtM; ompC_R195L; parC_S80I; parE_S458A; tet(B)
562.57496,RESISTANT,RESISTANT,RESISTANT,susceptible,,aadA5; blaCTX-M-182; blaEC; blaTEM-1; catA1; dfrA17; gyrA_D87N; gyrA_S83L; mdtM; parC_S80I; parE_S458A; sul2; tet(B)
562.57497,RESISTANT,RESISTANT,RESISTANT,susceptible,,acrF; blaCTX-M-27; blaEC; emrD; gyrA_D87N; gyrA_S83L; mdtM; parC_E84V; parC_S80I; parE_I529L; ptsI_V25I; uhpT_E350Q
562.57498,RESISTANT,RESISTANT,RESISTANT,RESISTANT,,aac(3)-IId; aadA5; acrF; aph(3'')-Ib; aph(6)-Id; blaCTX-M; blaEC; blaTEM-1; dfrA17; emrD; gyrA_D87N; gyrA_S83L; mdtM; mph(A); mrx(A); parC_E84V; parC_S80I; parE_I529L; ptsI_V25I; sul1; sul2; tet(A); uhpT_E350Q
562.57499,RESISTANT,RESISTANT,RESISTANT,RESISTANT,,aac(3)-IId; aadA1; aadA2; acrF; aph(3')-Ia; blaCTX-M-55; blaEC; cmlA1; cyaA_S352T; dfrA12; emrD; floR; gyrA_D87Y; gyrA_S83L; mdtM; mph(A); mrx(A); parC_S80I; parE_S458A; sul3; tet(A); tet(M); uhpT_E350Q
562.57500,RESISTANT,RESISTANT,RESISTANT,RESISTANT,,aac(3)-IId; aadA5; acrF; aph(3'')-Ib; aph(6)-Id; blaCTX-M-14; blaEC; blaTEM-1; dfrA17; emrD; gyrA_D87N; gyrA_S83L; mdtM; mph(A); mrx(A); parC_E84V; parC_S80I; parE_I529L; ptsI_V25I; sul1; sul2; tet(A); uhpT_E350Q
562.57502,RESISTANT,RESISTANT,RESISTANT,susceptible,,acrF; blaCTX-M-27; blaEC; emrD; erm(B); gyrA_D87N; gyrA_S83L; mdtM; mph(A); mrx(A); parC_E84V; parC_S80I; parE_I529L; ptsI_V25I; uhpT_E350Q
562.57503,RESISTANT,RESISTANT,susceptible,RESISTANT,,aac(3)-IId; aadA5; acrF; aph(3'')-Ib; aph(6)-Id; blaCTX-M-27; blaEC; blaTEM-1; dfrA17; emrD; gyrA_S83L; mdtM; mph(A); mrx(A); parE_I529L; ptsI_V25I; sul1; sul2; tet(A); uhpT_E350Q
562.57504,RESISTANT,RESISTANT,RESISTANT,RESISTANT,,aac(3)-IIe; aadA5; acrF; acrR_L109YfsTer28; aph(3'')-Ib; aph(3')-IIa; aph(6)-Id; blaCTX-M-55; blaEC; blaTEM; ble; cyaA_S352T; dfrA14; dfrA17; emrD; erm(B); floR; gyrA_D87N; gyrA_S83L; mdtM; mph(A); mrx(A); ompF_P12SfsTer11; parC_S80I; sul1; sul2; tet(A)
562.57505,RESISTANT,RESISTANT,RESISTANT,susceptible,,aadA5; acrF; aph(3'')-Ib; aph(6)-Id; blaCTX-M-27; blaEC; dfrA17; emrD; gyrA_D87N; gyrA_S83L; mdtM; mph(A); mrx(A); parC_E84V; parC_S80I; parE_I529L; ptsI_V25I; sul1; sul2; tet(A); uhpT_E350Q
562.57506,RESISTANT,RESISTANT,RESISTANT,RESISTANT,,aac(3)-IId; aadA1; aadA2; acrF; blaCTX-M-55; blaEC; blaTEM-1; cirA_Q56Ter; cmlA1; dfrA12; gyrA_S83L; lnu(F); mdtM; mef(B); nfsA_W212Ter; parC_S80R; qnrS1; sul3; tet(A)
562.57507,RESISTANT,RESISTANT,RESISTANT,RESISTANT,,aac(3)-IIe; aadA1; aadA2; acrF; aph(3'')-Ib; aph(3')-Ia; aph(6)-Id; blaCTX-M-55; blaEC; blaTEM-1; cirA_G352EfsTer26; cmlA1; cyaA_S352T; dfrA14; emrD; estX-3; floR; gyrA_D87N; gyrA_S83L; mdtM; nfsA_H11Y; parC_E84G; parC_S80I; parE_I355T; sul2; sul3; tet(A); uhpT_E350Q
562.57508,RESISTANT,RESISTANT,RESISTANT,RESISTANT,,aac(3)-IId; aadA5; acrF; aph(3'')-Ib; aph(6)-Id; blaCTX-M-14; blaEC; blaTEM-1; dfrA17; emrD; gyrA_D87N; gyrA_S83L; mdtM; mph(A); mrx(A); parC_E84V; parC_S80I; parE_I529L; ptsI_V25I; sul1; sul2; tet(A); uhpT_E350Q
562.57509,RESISTANT,RESISTANT,RESISTANT,susceptible,,acrF; aph(3'')-Ib; aph(3')-Ia; aph(6)-Id; blaCTX-M-55; blaEC; blaNDM-1; blaTEM-1; ble; dfrA14; floR; gyrA_D87N; gyrA_S83L; mdtM; parC_S80I; parE_S458T; qnrS1; sul2; tet(A)
562.57510,RESISTANT,RESISTANT,RESISTANT,RESISTANT,,aac(3)-IId; acrF; acrR_R45C; blaCTX-M-55; blaEC; catA2; dfrA14; erm(B); floR; gyrA_S83L; mdtM; mph(A); mrx(A); qnrS1; tet(A)
562.58621,RESISTANT,,susceptible,susceptible,RESISTANT,aadA1; aadD1; acrF; ant(6)-Ia; ant(9)-Ia; aph(3'')-Ib; aph(3')-IIIa; aph(6)-Id; blaEC; blaOXA-1; blaTEM-190; blaTEMp_C32T; bleO; catA1; dfrA1; mdtM; mph(A); mrx(A); sat2; sat4; sul2; tet(B)
562.58622,RESISTANT,,RESISTANT,susceptible,RESISTANT,aac(6')-Ib-cr5; aadA5; acrF; aph(3'')-Ib; aph(6)-Id; blaCTX-M-15; blaEC; blaOXA-1; catB3; dfrA17; emrD; gyrA_D87N; gyrA_S83L; mdtM; mph(A); mrx(A); parC_E84V; parC_S80I; parE_I529L; ptsI_V25I; sul1; sul2; tet(A); uhpT_E350Q
562.58623,RESISTANT,,susceptible,RESISTANT,RESISTANT,aac(3)-IId; aadA1; aadA2; aadA5; acrF; aph(3'')-Ib; aph(3')-Ia; aph(6)-Id; blaEC; blaTEM-1; cirA_S38LfsTer29; cmlA1; cyaA_S352T; dfrA17; emrD; estX-3; gyrA_S83L; mdtM; mph(A); mrx(A); sul1; sul2; sul3; tet(A)
562.58624,RESISTANT,,RESISTANT,susceptible,susceptible,acrF; aph(3'')-Ib; aph(6)-Id; blaCMY-42; blaEC; blaTEM-190; blaTEMp_C32T; cyaA_S352T; emrD; ftsI_I336IKYRI; gyrA_D87N; gyrA_S83L; mph(A); mrx(A); ompF_Y253EfsTer3; parC_S80I; parE_S458A; sul2; tet(A)
562.58625,RESISTANT,,RESISTANT,RESISTANT,RESISTANT,aac(3)-IIe; aac(6')-Ib-cr5; aadA5; acrF; blaCTX-M-15; blaEC; blaOXA-1; blaTEM-1; catA1; catB3; cyaA_S352T; dfrA17; emrD; gyrA_D87N; gyrA_S83L; mdtM; mph(A); mrx(A); nfsA_G126R; parC_S80I; parE_S458A; sul1; tet(B)
562.58626,RESISTANT,,RESISTANT,RESISTANT,susceptible,aac(3)-IIe; aac(6')-Ib-cr5; acrF; aph(3'')-Ib; aph(6)-Id; blaCTX-M-15; blaEC; blaOXA-1; catB3; gyrA_D87N; gyrA_S83L; mdtM; nfsA_G126R; parC_S80I; parE_S458A; qnrS1; sul2; tet(B)
562.58627,RESISTANT,,RESISTANT,RESISTANT,RESISTANT,aac(3)-IId; aac(6')-Ib-cr5; aadA5; acrF; aph(3'')-Ib; aph(6)-Id; blaCTX-M-15; blaEC; blaOXA-1; blaTEM-1; catB3; dfrA17; emrD; gyrA_D87N; gyrA_S83L; mdtM; mph(A); mrx(A); parC_E84V; parC_S80I; parE_I529L; ptsI_V25I; sul1; sul2; tet(A); uhpT_E350Q
562.58628,RESISTANT,,susceptible,susceptible,susceptible,acrF; blaCTX-M-15; blaEC; fosA7.5; mdtM; qnrS1
562.58630,RESISTANT,,RESISTANT,RESISTANT,RESISTANT,aac(3)-IIe; aac(6')-Ib-cr5; aadA5; acrF; blaCMY-42; blaCTX-M-15; blaEC; blaOXA-1; catB3; cirA_W338Ter; dfrA17; ftsI_N337NYRIN; gyrA_D87N; gyrA_S83L; mdtM; mph(A); mrx(A); nfsA_G126R; parC_S80I; parE_S458A; sul1; tet(B)
562.58631,RESISTANT,,RESISTANT,RESISTANT,RESISTANT,aac(3)-IIe; aac(6')-Ib-cr5; aadA5; acrF; blaCTX-M-15; blaEC; blaOXA-1; catB3; cirA_S142CfsTer10; dfrA17; emrD; gyrA_D87N; gyrA_S83L; mdtM; mph(A); mrx(A); parC_E84V; parC_S80I; parE_I529L; ptsI_V25I; qnrD1; sul1; tet(A); uhpT_E350Q
562.58632,RESISTANT,,RESISTANT,susceptible,RESISTANT,aac(6')-Ib-cr5; aadA5; ant(9)-Ia; blaCTX-M-15; blaEC; blaOXA-1; catA1; catB3; dfrA17; emrD; erm(A); gyrA_D87N; gyrA_S83L; mdtM; mph(A); mrx(A); parC_E84V; parC_S80I; parE_I529L; ptsI_V25I; sul1; uhpT_E350Q
562.58633,RESISTANT,,RESISTANT,susceptible,susceptible,aadA5; acrF; aph(3'')-Ib; aph(6)-Id; blaCTX-M-15; blaEC; dfrA17; emrD; gyrA_D87N; gyrA_S83L; mdtM; mph(A); mrx(A); nfsA_N134IfsTer94; parC_E84V; parC_S80I; parE_I529L; ptsI_V25I; sul1; sul2; tet(A); uhpT_E350Q
562.58634,RESISTANT,,RESISTANT,RESISTANT,RESISTANT,aac(3)-IIe; aac(6')-Ib-cr5; aadA2; acrF; acrR_T5N; ampC_C-42T; aph(3'')-Ib; aph(6)-Id; blaCMY-4; blaCTX-M-15; blaEC; blaOXA-1; blaOXA-2; blaTEM-1; blaTEMp_C32T; catA1; catB3; dfrA12; dfrA29; ftsI_N337NYRIN; gyrA_D87N; gyrA_S83L; mdtM; nfsA_Q195Ter; nfsB_F167LfsTer11; ompF_D34RfsTer1; parC_S80I; parE_E460D; sul1; tet(A)
562.58635,RESISTANT,,RESISTANT,RESISTANT,RESISTANT,aac(3)-IIe; aac(6')-Ib-cr5; aadA5; acrF; ant(9)-Ia; blaCTX-M-15; blaEC; blaOXA-1; catB3; dfrA17; emrD; gyrA_D87N; gyrA_S83L; mdtM; mph(A); mrx(A); parC_E84V; parC_S80I; parE_I529L; ptsI_V25I; sul1; uhpT_E350Q
562.58636,RESISTANT,,susceptible,susceptible,RESISTANT,aph(3'')-Ib; aph(6)-Id; blaEC; blaTEM-1; dfrA1; gyrA_S83L; mdtM; mph(A); mrx(A); sul2; tet(A)
562.58637,RESISTANT,,RESISTANT,susceptible,RESISTANT,aadA5; acrF; ant(9)-Ia; aph(3'')-Ib; aph(6)-Id; blaCTX-M-27; blaEC; blaTEM-1; blaTEMp_C32T; dfrA17; emrD; mdtM; mph(A); mrx(A); parC_E84V; parC_S80I; ptsI_V25I; sul1; sul2; tet(A)
562.58638,RESISTANT,,RESISTANT,susceptible,susceptible,aadA5; acrF; ant(9)-Ia; aph(3'')-Ib; aph(6)-Id; blaCTX-M-27; blaEC; blaTEM-1; blaTEMp_C32T; dfrA17; emrD; mdtM; mph(A); mrx(A); parC_E84V; parC_S80I; ptsI_V25I; sul1; sul2; tet(A)
562.58640,RESISTANT,,susceptible,susceptible,RESISTANT,acrF; acrR_W50Ter; aph(3'')-Ib; aph(6)-Id; blaEC; blaTEM-1; dfrA5; emrD; gyrA_S83L; marR_S3N; sul2; tet(A)
562.58641,RESISTANT,,RESISTANT,susceptible,RESISTANT,aadA5; acrF; ant(9)-Ia; aph(3'')-Ib; aph(6)-Id; blaCTX-M-27; blaEC; dfrA17; emrD; gyrA_D87N; gyrA_S83L; mdtM; mph(A); mrx(A); parC_E84V; parC_S80I; parE_I529L; ptsI_V25I; sul1; sul2; tet(A); uhpT_E350Q
562.58642,RESISTANT,,susceptible,susceptible,RESISTANT,acrF; aph(3'')-Ib; aph(6)-Id; blaEC; blaTEM-1; catA1; cyaA_S352T; dfrA7; emrD; gyrA_S83L; sul2; tet(D)
562.58643,RESISTANT,,RESISTANT,RESISTANT,RESISTANT,aac(3)-IId; aadA2; acrF; ant(9)-Ia; aph(3'')-Ib; aph(6)-Id; blaCTX-M-15; blaEC; blaTEM-1; dfrA12; gyrA_D87N; gyrA_S83L; mdtM; mph(A); mrx(A); nfsA_G126R; parC_S80I; parE_S458A; qepA; sul1; sul2; tet(B)
562.58644,RESISTANT,,susceptible,susceptible,RESISTANT,acrF; aph(3'')-Ib; aph(6)-Id; blaEC; blaTEM-1; catA1; cyaA_S352T; dfrA7; emrD; gyrA_S83L; sul2; tet(D)
562.58645,RESISTANT,,RESISTANT,susceptible,susceptible,aadD1; acrF; ampC_G-15GG; ant(9)-Ia; blaEC; blaTEM-1; bleO; emrD; erm(A); gyrA_D87N; gyrA_S83L; mdtM; parC_E84V; parC_S80I; parE_I529L; ptsI_V25I; uhpT_E350Q
562.58646,susceptible,,susceptible,susceptible,susceptible,acrF; blaEC; emrD; marR_S3N; mdtM; pmrB_T92P
562.58647,RESISTANT,,susceptible,susceptible,susceptible,acrF; ampC_C-11T; ampC_T-32A; blaEC-5; emrD
562.58649,RESISTANT,,RESISTANT,RESISTANT,RESISTANT,aac(3)-IIe; aac(6')-Ib-cr5; aadA5; acrF; aph(3'')-Ib; aph(6)-Id; blaCTX-M-15; blaEC; blaOXA-1; catB3; dfrA17; emrD; gyrA_D87N; gyrA_S83L; mdtM; mph(A); mrx(A); ompC_Q104Ter; ompF_Y85LfsTer1; parC_E84V; parC_S80I; parE_I529L; ptsI_V25I; sul1; tet(B); uhpT_E350Q
562.58650,RESISTANT,,susceptible,susceptible,RESISTANT,aadA1; acrF; aph(3'')-Ib; aph(6)-Id; blaEC; blaTEM-190; blaTEMp_C32T; catA1; dfrA1; mdtM; mph(A); mrx(A); sat2; sul2; tet(B)
562.58651,RESISTANT,,RESISTANT,susceptible,susceptible,acrF; aph(3'')-Ib; aph(6)-Id; blaEC-5; blaTEM-1; emrD; gyrA_D87N; gyrA_S83L; marR_S3N; mph(A); mrx(A); parC_S80I; parE_L416F; sul2; uhpT_E350Q
562.58703,RESISTANT,susceptible,RESISTANT,susceptible,,aadA1; acrF; aph(3'')-Ib; aph(6)-Id; blaCMY; blaEC; blaTEM-1; cirA_Q56Ter; dfrA1; dfrA14; gyrA_S83L; mcr-1.1; mdtM; qnrB38; sul1; sul2; tet(A); uhpT_E350Q
562.58704,RESISTANT,susceptible,susceptible,RESISTANT,,aac(3)-IIe; aadA1; aadA2; acrF; aph(3'')-Ib; aph(6)-Id; blaEC; blaTEM; catA1; cmlA1; dfrA1; dfrA8; emrD; estX-3; mcr-1.1; mdtM; sul1; sul2; sul3; tet(A)
562.58705,RESISTANT,susceptible,RESISTANT,susceptible,,aac(6')-Ib4; acrF; blaEC; blaTEM-1; catA1; catB3; dfrA1; gyrA_D87N; gyrA_S83L; mcr-1.1; mdtM; parC_S80I; soxS_A12S; sul1; tet(B)
562.58706,RESISTANT,RESISTANT,RESISTANT,susceptible,,aadA1; acrF; blaEC; blaTEM-52; blaTEMp_C32T; dfrA1; gyrA_D87N; gyrA_S83L; mcr-1.1; mdtM; parC_S80I; sat2; tet(A)
562.58707,RESISTANT,susceptible,RESISTANT,susceptible,,aadA5; acrF; blaEC; blaTEM-1; dfrA17; gyrA_S83L; mcr-1.1; mdtM; parC_S80R; sul2; tet(A)
562.58708,susceptible,susceptible,susceptible,susceptible,,acrF; blaEC; cyaA_S352T; emrD; mcr-1.2; mdtM; parC_S57T; uhpT_E350Q
562.58709,RESISTANT,RESISTANT,RESISTANT,susceptible,,aadA1; aadA2; acrF; aph(3'')-Ib; aph(6)-Id; blaEC; blaTEM-52; blaTEMp_C32T; catA1; cirA_H393RfsTer7; cmlA1; dfrA1; estX-3; gyrA_D87N; gyrA_S83L; mcr-1.2; mdtM; parC_S80I; sat2; sul1; sul3; tet(A)
562.58710,RESISTANT,RESISTANT,RESISTANT,susceptible,,aadA1; aadA2; acrF; aph(3'')-Ib; aph(3')-Ia; aph(6)-Id; blaEC; blaSHV-12; cmlA1; estX-3; gyrA_D87N; gyrA_S83L; mcr-1.1; mdtM; parC_S80I; parE_S458A; sul2; sul3
562.58711,RESISTANT,susceptible,RESISTANT,susceptible,,acrF; blaEC; blaTEM-1; dfrA14; gyrA_S83L; mcr-1.1; mdtM; mph(A); mrx(A); nfsA_Q195Ter; nfsB_F167LfsTer11; parC_S80R; pmrB_L14R; tet(A)
562.58712,RESISTANT,RESISTANT,RESISTANT,susceptible,,aadA5; acrF; aph(3'')-Ib; aph(3')-Ia; aph(6)-Id; blaCTX-M-1; blaEC; blaTEM-1; catA1; dfrA17; gyrA_D87N; gyrA_S83L; mcr-1.1; mdtM; mph(A); mrx(A); parC_A56T; parC_S80I; sul1; sul2; tet(B)
562.58713,RESISTANT,susceptible,susceptible,susceptible,,aadA1; acrF; blaEC; blaTEM-1; cirA_K293NfsTer17; dfrA1; emrD; mcr-1.1; mdtM; mph(B); rdmCL; sul1; tet(A)
562.58714,RESISTANT,RESISTANT,RESISTANT,susceptible,,acrF; blaCTX-M-1; blaEC; catA1; gyrA_D87N; gyrA_S83L; mcr-1.2; mdtM; parC_A56T; parC_S80I; tet(B)
562.58715,RESISTANT,susceptible,RESISTANT,susceptible,,acrF; aph(3'')-Ib; aph(6)-Id; blaEC; blaTEM-1; cirA_F257LfsTer30; cyaA_S352T; dfrA14; emrD; gyrA_S83L; mcr-1.1; mdtM; parC_S80I; sul2; tet(A); tet(B)
562.58716,RESISTANT,RESISTANT,RESISTANT,susceptible,,aac(6')-Ib4; aadA1; aadA2; acrF; blaEC; blaSHV-12; blaTEM-1; catA1; catB3; cmlA1; dfrA1; emrD; estX-3; gyrA_D87N; gyrA_S83L; mcr-1.1; mdtM; parC_E84G; parC_S80I; soxS_A12S; sul1; sul3; tet(B)
562.58717,RESISTANT,susceptible,susceptible,RESISTANT,,aac(3)-IVa; acrF; aph(3'')-Ib; aph(3')-Ia; aph(4)-Ia; aph(6)-Id; blaEC; blaTEM-1; emrD; mcr-1.1; mph(B); ptsI_V25I; rdmCL; tet(A); tet(B); tet(M); uhpT_E350Q
562.58718,RESISTANT,susceptible,susceptible,RESISTANT,,aac(3)-IIe; aadA1; aadA2; acrF; aph(3'')-Ib; aph(6)-Id; blaEC; blaTEM-1; catA1; cirA_Q260Ter; cmlA1; dfrA1; dfrA5; estX-3; fosA7.5; mcr-1.2; mdtM; sul1; sul2; sul3; tet(A)
562.58719,RESISTANT,RESISTANT,RESISTANT,susceptible,,acrF; aph(3'')-Ib; aph(6)-Id; blaEC; blaSHV-12; blaTEM-1; dfrA5; gyrA_D87N; gyrA_S83L; mcr-1.1; mdtM; parC_S80I; parE_S458A; sul2; tet(A)
562.58720,RESISTANT,RESISTANT,RESISTANT,RESISTANT,,aac(3)-IIe; aadA1; aadA2; acrF; aph(3'')-Ib; aph(6)-Id; blaEC; blaSHV-12; blaTEM-1; catA1; cmlA1; cyaA_S352T; dfrA1; emrD; estX; gyrA_S83L; mcr-1; mdtM; mph(A); mrx(A); qnrS1; sul1; sul2; sul3; tet(A)
562.58721,RESISTANT,susceptible,RESISTANT,RESISTANT,,aac(3)-IIe; aadA1; aadA2; acrF; aph(3'')-Ib; aph(6)-Id; blaEC; blaTEM-1; catA1; cirA_W21CfsTer3; cmlA1; dfrA1; estX-3; gyrA_D87Y; gyrA_S83A; mcr-1.1; mdtM; parC_S80I; soxS_A12S; sul1; sul2; sul3; tet(A)
562.58722,RESISTANT,RESISTANT,RESISTANT,susceptible,,aadA1; aadA2; acrF; blaEC; blaSHV-12; blaTEM-1; cmlA1; dfrA14; estX-3; gyrA_S83L; mcr-1.1; mdtM; mph(A); mrx(A); nfsA_Q195Ter; nfsB_F167LfsTer11; parC_S80R; pmrB_L14R; sul3; tet(A)
562.58723,RESISTANT,susceptible,RESISTANT,susceptible,,aac(6')-Ib4; acrF; aph(3'')-Ib; aph(3')-Ia; aph(6)-Id; blaEC; blaTEM-1; catA1; catB3; dfrA1; gyrA_D87N; gyrA_S83L; mcr-1.2; mdtM; parC_S80I; soxS_A12S; sul1; sul2; tet(B)
562.58724,RESISTANT,RESISTANT,RESISTANT,RESISTANT,,aac(3)-IId; aadA1; aadA2; acrF; blaCTX-M-55; blaEC; bleO; catA1; cmlA1; estX-3; floR; gyrA_D87N; gyrA_S83L; mcr-3.2; mdtM; parC_S80I; sul3; tet(A); tet(M)
562.58725,RESISTANT,susceptible,RESISTANT,RESISTANT,,aac(3)-IId; acrF; aph(3'')-Ib; aph(3')-Ia; aph(6)-Id; blaEC; blaTEM-1; cirA_G352EfsTer26; cyaA_S352T; dfrA17; emrD; gyrA_D87N; gyrA_S83L; mcr-1.2; mdtM; nfsA_H11Y; parC_E84G; parC_S80I; parE_I355T; sul2; tet(B); uhpT_E350Q
562.58726,RESISTANT,RESISTANT,RESISTANT,susceptible,,acrF; aph(3'')-Ib; aph(3')-Ia; aph(6)-Id; blaCTX-M-1; blaEC; catA1; gyrA_D87N; gyrA_S83L; mcr-1.1; mdtM; mph(A); mrx(A); parC_A56T; parC_S80I; sul2; tet(B)
562.58727,RESISTANT,susceptible,RESISTANT,RESISTANT,,aadA1; acrF; blaEC; blaTEM-1; catA1; cirA_L323Ter; dfrA1; mcr-1.2; mdtM; qnrB19; sul3; tet(A)
562.58728,RESISTANT,susceptible,RESISTANT,susceptible,,aadA5; acrF; aph(3')-Ia; blaEC; blaTEM-1; catA1; dfrA17; gyrA_D87N; gyrA_S83L; mcr-1.2; mdtM; mef(B); nfsA_Q72Ter; parC_S80I; sul1; sul3; tet(A)
562.58729,RESISTANT,susceptible,RESISTANT,RESISTANT,,aac(3)-IId; aadA1; acrF; aph(3'')-Ib; aph(6)-Id; blaEC; blaTEM-1; dfrA1; gyrA_D87N; gyrA_S83L; mcr-1.1; mdtM; mph(B); parC_S80I; rdmCL; sul2; tet(A)
562.58730,RESISTANT,RESISTANT,RESISTANT,susceptible,,acrF; aph(3'')-Ib; aph(6)-Id; blaCTX-M-14; blaEC; blaTEM-1; cyaA_S352T; dfrA14; emrD; gyrA_D87N; gyrA_S83L; mcr-1.32; mdtM; mph(A); mrx(A); parC_S80I; sul2; tet(B)
562.58731,RESISTANT,susceptible,RESISTANT,susceptible,,aadA1; acrF; aph(3'')-Ib; aph(6)-Id; blaEC; blaTEM-1; catA1; dfrA1; gyrA_D87N; gyrA_S83L; mcr-1.1; mdtM; parC_S80I; parE_S458A; sul1; tet(A); uhpT_E350Q
562.58732,RESISTANT,RESISTANT,RESISTANT,RESISTANT,,aac(3)-IIe; aadA1; acrF; aph(3'')-Ib; aph(3')-Ia; aph(6)-Id; blaCTX-M-15; blaEC; blaTEM; dfrA1; floR; gyrA_S83L; mcr-1.1; mdtM; sat2; sul3; tet(A); tet(M)
562.58733,RESISTANT,susceptible,RESISTANT,RESISTANT,,aac(3)-IIe; aadA1; aph(3'')-Ib; aph(3')-Ia; aph(6)-Id; blaEC; blaTEM-1; catA1; dfrA1; gyrA_S83L; mcr-4.6; mdtM; nfsA_V127YfsTer12; sul1; sul2; tet(B)
562.58734,RESISTANT,RESISTANT,RESISTANT,RESISTANT,,aac(3)-IId; aadA2; aadA5; acrF; blaCTX-M-55; blaEC; blaTEM-1; bleO; dfrA12; floR; gyrA_D87N; gyrA_S83L; mcr-1.1; mcr-3.2; mdtM; mph(A); mrx(A); parC_A56T; parC_S80I; sul1; sul3; tet(B); tet(M)
562.58735,RESISTANT,RESISTANT,RESISTANT,RESISTANT,,aac(3)-IVa; acrF; aph(3'')-Ib; aph(4)-Ia; aph(6)-Id; blaCTX-M-55; blaEC; blaTEM-1; cirA_L12CfsTer12; floR; gyrA_D87N; gyrA_S83L; mcr-1.1; mdtM; nfsA_E24Ter; parC_S80I; tet(C)
562.58736,RESISTANT,RESISTANT,RESISTANT,RESISTANT,,aac(3)-IId; aac(3)-IIe; aadA1; aadA2; acrF; ant(2'')-Ia; aph(3'')-Ib; aph(6)-Id; blaCTX-M-1; blaEC; blaTEM-1; catA1; dfrA1; dfrA36; floR; gyrA_S83L; lnu(F); mcr-1.1; mdtM; mph(B); qnrS1; rdmCL; sul1; sul2; tet(A)
562.58737,RESISTANT,RESISTANT,RESISTANT,RESISTANT,,aadA1; acrF; ant(2'')-Ia; aph(3'')-Ib; aph(3')-Ia; aph(6)-Id; blaCTX-M-1; blaEC; dfrA36; floR; gyrA_D87N; gyrA_S83L; lnu(G); mcr-4.2; mdtM; mph(A); mrx(A); parC_S80I; parE_S458A; sul1; sul2; tet(B)
562.58738,RESISTANT,RESISTANT,susceptible,RESISTANT,,aac(3)-IId; aadA2; acrF; blaCTX-M-55; blaEC; bleO; dfrA12; floR; mcr-3.2; mdtM; sul3; tet(A); tet(M)
562.58739,RESISTANT,RESISTANT,RESISTANT,RESISTANT,,aac(3)-IId; aadA1; aadA2; acrF; acrR_Q26Ter; blaCTX-M-55; blaEC; blaTEM-1; bleO; cmlA1; dfrA12; floR; gyrA_S83L; mcr-3.2; mdtM; sul3; tet(A); tet(M)
562.58740,RESISTANT,RESISTANT,RESISTANT,susceptible,,aadA5; acrF; aph(3'')-Ib; aph(3')-Ia; aph(6)-Id; blaCTX-M-1; blaEC; blaTEM-1; cirA_Q56Ter; cyaA_S352T; dfrA17; dfrA5; emrD; gyrA_S83L; mcr-1.1; mdtM; sul2
562.58741,RESISTANT,susceptible,susceptible,susceptible,RESISTANT,aadA1; acrF; aph(3'')-Ib; aph(6)-Id; blaEC; blaTEM-1; catA1; dfrA1; mdtM; mph(B); rdmCL; sul1; sul2; tet(A)
562.58742,RESISTANT,susceptible,susceptible,susceptible,RESISTANT,acrF; aph(3'')-Ib; aph(6)-Id; blaEC; blaTEM-1; dfrA14; mdtM; sul2; tet(D)
562.58743,RESISTANT,RESISTANT,susceptible,susceptible,RESISTANT,aadA5; acrF; blaCTX-M-1; blaEC; dfrA17; mdtM; sul1; sul2; tet(A)
562.58745,RESISTANT,RESISTANT,susceptible,susceptible,RESISTANT,aadA5; acrF; blaCTX-M-1; blaEC; dfrA17; mdtM; sul1; sul2; tet(A)
562.58746,RESISTANT,susceptible,susceptible,susceptible,RESISTANT,aadA1; acrF; aph(3'')-Ib; aph(6)-Id; blaTEM-1; dfrA1; emrD; sul1; sul2; tet(A); uhpT_E350Q
562.58748,RESISTANT,susceptible,RESISTANT,RESISTANT,susceptible,aac(3)-IIe; acrF; blaEC; blaTEM-1; catA1; cirA_W243Ter; gyrA_D87N; gyrA_S83L; marR_E85GfsTer11; mdtM; parC_S80I; soxS_A12S; tet(B)
562.58749,RESISTANT,susceptible,RESISTANT,susceptible,RESISTANT,aadA2; acrF; aph(3'')-Ib; aph(6)-Id; blaEC; blaTEM-1; dfrA12; gyrA_D87N; gyrA_S83L; mdtM; parC_S80I; sul1; sul2; tet(B); tet(D)
562.58751,RESISTANT,RESISTANT,susceptible,susceptible,RESISTANT,aadA5; acrF; aph(3'')-Ib; aph(3')-Ia; aph(6)-Id; blaCTX-M-1; blaEC; catA1; dfrA14; dfrA17; mdtM; mph(A); mrx(A); sul2
562.58752,RESISTANT,RESISTANT,susceptible,susceptible,susceptible,aadA5; acrF; blaCTX-M-1; blaEC; mdtM; sul2
562.58753,RESISTANT,susceptible,susceptible,susceptible,RESISTANT,aadA5; acrF; aph(3'')-Ib; aph(6)-Id; blaEC; blaTEM-1; cyaA_S352T; dfrA17; emrD; mph(A); mrx(A); pmrB_V161G; sul1; sul2; tet(B)
562.58754,RESISTANT,susceptible,susceptible,susceptible,RESISTANT,aadA5; acrF; aph(3'')-Ib; aph(6)-Id; blaEC; blaTEM-1; cyaA_S352T; dfrA17; emrD; mdtM; mph(A); mrx(A); sul1; sul2; tet(B)
562.58755,RESISTANT,susceptible,susceptible,susceptible,RESISTANT,aadA1; acrF; aph(3'')-Ib; aph(6)-Id; blaEC; blaTEM-1; catA1; dfrA1; gyrA_S83L; mdtM; nfsA_Q191Ter; sat2; sul1; sul2; tet(A)
562.58757,RESISTANT,susceptible,susceptible,susceptible,RESISTANT,acrF; aph(3'')-Ib; aph(6)-Id; blaEC; blaTEM-1; dfrA7; mdtM; sul1; sul2; tet(A)
562.58758,RESISTANT,susceptible,susceptible,susceptible,susceptible,acrF; ampC_C-42T; blaEC; mdtM; pmrB_V161G
562.58759,RESISTANT,susceptible,RESISTANT,susceptible,RESISTANT,aadA5; acrF; blaEC; blaTEM-1; cyaA_S352T; dfrA17; emrD; gyrA_D87N; gyrA_S83L; marR_A70GfsTer11; mdtM; mph(A); mrx(A); parC_S57T; parC_S80I; parE_L416F; sul1; tet(B); uhpT_E350Q
562.58760,RESISTANT,susceptible,susceptible,susceptible,RESISTANT,acrF; aph(3'')-Ib; aph(6)-Id; blaEC; blaTEM-1; catA1; dfrA7; mdtM; sul1; sul2; tet(A); tet(B)
562.58761,RESISTANT,susceptible,RESISTANT,RESISTANT,RESISTANT,aadA1; aadA5; acrF; ant(2'')-Ia; blaEC; blaTEM-1; cmlA6; dfrA17; emrD; gyrA_D87N; gyrA_S83L; mdtM; mph(A); mrx(A); parC_E84V; parC_S80I; parE_I529L; ptsI_V25I; sul1; uhpT_E350Q
562.58762,RESISTANT,susceptible,susceptible,susceptible,RESISTANT,aadA5; acrF; aph(3'')-Ib; aph(3')-Ia; aph(6)-Id; blaEC; blaTEM-1; dfrA17; mdtM; mph(A); mrx(A); sul1; sul2; tet(A)
562.58763,RESISTANT,RESISTANT,RESISTANT,RESISTANT,RESISTANT,aac(3)-IId; aadA5; acrF; aph(3'')-Ib; aph(6)-Id; blaCMY; blaEC; blaTEM-1; catA1; dfrA17; gyrA_D87N; gyrA_S83L; mdtM; mph(A); mrx(A); parC_S80I; sul1; sul2; tet(B)
562.58765,RESISTANT,susceptible,susceptible,RESISTANT,susceptible,aac(3)-IVa; aadA1; aadA2; acrF; aph(3'')-Ib; aph(3')-Ia; aph(4)-Ia; aph(6)-Id; blaEC; blaTEM-1; cmlA1; emrD; estX-3; mdtM; sul2; sul3; tet(A)
562.58766,RESISTANT,RESISTANT,RESISTANT,RESISTANT,RESISTANT,aac(3)-IId; aadA5; acrF; aph(3'')-Ib; aph(6)-Id; blaCMY; blaEC; blaTEM-1; dfrA17; gyrA_D87N; gyrA_S83L; mdtM; mph(A); mrx(A); parC_S80I; sul1; sul2
562.58767,RESISTANT,RESISTANT,susceptible,susceptible,susceptible,aadA1; acrF; ampC_C-42T; blaEC; blaTEM-1; catA1; mdtM; sul1; tet(A)
562.58768,RESISTANT,RESISTANT,susceptible,susceptible,susceptible,aadA1; acrF; blaEC-5; blaSHV; emrD; sul1
562.58769,susceptible,susceptible,susceptible,susceptible,susceptible,acrF; aph(3'')-Ib; aph(3')-IIa; aph(6)-Id; blaEC; ble; bleO; gyrA_S83L; mdtM; nfsA_G131D; sul2; tet(A)
562.58770,RESISTANT,susceptible,susceptible,susceptible,susceptible,aadA1; acrF; aph(3')-Ia; blaEC; blaTEM-176; estX-3; floR; fosA4; mcr-1.1; mdtM; parE_D476N; qnrS1; sul3; tet(A)
562.58771,RESISTANT,susceptible,susceptible,susceptible,RESISTANT,aac(6')-Ib-cr5; aadA1; aadA16; acrF; aph(3'')-Ib; aph(3')-Ia; aph(6)-Id; arr-3; blaEC; blaTEM-1; dfrA27; estX-3; floR; mdtM; nfsA_L43CfsTer18; qnrB6; sul1; sul2; sul3; tet(A)
562.58772,RESISTANT,susceptible,susceptible,susceptible,susceptible,acrF; aph(3')-Ia; blaEC; blaTEM-176; floR; mcr-1.1; mdtM; qnrS1; tet(A)
562.58773,RESISTANT,susceptible,susceptible,susceptible,RESISTANT,aadA1; acrF; aph(3')-Ia; blaEC; blaTEM-176; dfrA5; estX-3; floR; mcr-5.1; mdtM; qnrS1; sul3; tet(A); tet(M)
562.58774,,susceptible,susceptible,susceptible,,acrF; blaEC; blaLAP-2; blaTEM-1; dfrA14; mdtM; qnrS1; tet(A)
562.58775,RESISTANT,RESISTANT,,RESISTANT,RESISTANT,aadA1; acrF; aph(3'')-Ib; aph(6)-Id; blaEC; blaTEM-1; catA1; dfrA1; mdtM; mph(B); rdmCL; sul1; sul2; tet(A)
562.58776,RESISTANT,susceptible,susceptible,susceptible,susceptible,acrF; aph(3'')-Ib; aph(3')-Ia; aph(6)-Id; blaEC; blaTEM-176; gyrA_S83L; mdtM; qnrS1; tet(B)
562.58777,RESISTANT,RESISTANT,susceptible,susceptible,RESISTANT,aadA1; aadA2; acrF; blaEC; blaSHV-12; blaTEM-1; dfrA15; estX-3; floR; mdtM; qnrS1; sul3; tet(A); tet(B)
562.58778,,susceptible,susceptible,susceptible,susceptible,acrF; blaEC; mdtM
562.58779,,susceptible,susceptible,susceptible,susceptible,acrF; blaEC; mdtM
562.58780,,susceptible,susceptible,susceptible,susceptible,acrF; blaEC; mdtM
562.58781,susceptible,susceptible,susceptible,susceptible,susceptible,aadA1; aadA2; acrF; blaEC; cmlA1; estX-3; mdtM; sul3
562.58782,susceptible,susceptible,susceptible,susceptible,susceptible,aadA1; aadA2; acrF; blaEC; cmlA1; estX-3; mdtM; sul3
562.58783,susceptible,susceptible,susceptible,susceptible,susceptible,acrF; blaEC; dfrA14; mdtM; qnrS1; tet(A); tet(C)
562.58784,RESISTANT,susceptible,susceptible,susceptible,susceptible,acrF; aph(3')-Ia; blaEC; blaTEM-176; cirA_W21Ter; dfrA14; floR; mdtM; qnrS1; tet(A)
562.58785,,susceptible,susceptible,susceptible,susceptible,acrF; blaEC; mdtM; uhpT_E350Q
562.58786,RESISTANT,susceptible,susceptible,susceptible,susceptible,acrF; blaEC; mdtM; tet(B)
562.58787,susceptible,susceptible,susceptible,susceptible,RESISTANT,aadA5; acrF; blaEC; dfrA17; mdtM; sul2; tet(A)
562.58788,susceptible,susceptible,susceptible,susceptible,RESISTANT,aadA5; acrF; blaEC; dfrA17; mdtM; sul2; tet(A)
562.58789,susceptible,susceptible,susceptible,susceptible,susceptible,acrF; blaEC; emrD; marR_S3N; tet(B)
562.58790,susceptible,susceptible,,susceptible,RESISTANT,acrF; aph(3')-Ia; blaEC; dfrA14; mdtM; qnrS1; tet(A)
562.58791,RESISTANT,susceptible,RESISTANT,susceptible,RESISTANT,aadA1; acrF; aph(3'')-Ib; aph(3')-Ia; aph(6)-Id; blaEC; blaTEM-1; dfrA14; estX-3; floR; gyrA_D87N; gyrA_S83L; mdtM; parC_S80I; sul2; sul3; tet(A)
562.58792,,susceptible,susceptible,susceptible,susceptible,acrF; blaEC; mdtM
562.65780,RESISTANT,susceptible,RESISTANT,susceptible,RESISTANT,aadA1; acrF; aph(3'')-Ib; aph(6)-Id; blaEC; blaTEM-30; blaTEMp_C32T; dfrA1; floR; gyrA_D87N; gyrA_S83L; mdtM; nfsA_C80SfsTer31; ompF_S199FfsTer18; parC_E84K; sat2; sul2; tet(B)
562.65781,RESISTANT,susceptible,RESISTANT,RESISTANT,RESISTANT,aadA1; acrF; ant(2'')-Ia; aph(3'')-Ib; aph(3')-Ia; aph(6)-Id; blaEC; blaTEM; blaTEMp_G162T; catA1; dfrA1; dfrA36; floR; gyrA_D87N; gyrA_S83L; mdtM; parC_S80I; parE_L416F; sat2; sul1; sul2; tet(B)
562.65782,RESISTANT,susceptible,RESISTANT,RESISTANT,RESISTANT,acrF; blaEC; catA1; dfrA36; gyrA_D87G; gyrA_S83L; mdtM; nfsA_Q44Ter; parC_S80W
562.65783,RESISTANT,susceptible,RESISTANT,RESISTANT,RESISTANT,aadA1; acrF; ant(2'')-Ia; aph(3'')-Ib; aph(3')-Ia; aph(6)-Id; blaEC; blaTEM-40; blaTEMp_G162T; catA1; cyaA_S352T; dfrA1; dfrA36; emrD; floR; gyrA_D87Y; gyrA_S83L; mdtM; ompF_G157RfsTer6; parC_S80I; sul1; sul2; tet(B)
562.65784,RESISTANT,susceptible,RESISTANT,susceptible,RESISTANT,acrF; ampC_C-42T; aph(3'')-Ib; aph(6)-Id; blaEC; blaTEM-30; blaTEMp_G162T; catA1; dfrA36; gyrA_D87N; gyrA_S83L; mdtM; parC_E84K
562.65785,RESISTANT,susceptible,RESISTANT,RESISTANT,RESISTANT,aadA1; acrF; ant(2'')-Ia; aph(3')-Ia; blaEC; blaTEM; blaTEMp_G162T; catA1; dfrA1; dfrA36; floR; gyrA_D87N; gyrA_S83L; mdtM; parC_S80I; parE_L416F; sat2; sul1; sul2; tet(B)
562.65786,RESISTANT,RESISTANT,RESISTANT,RESISTANT,RESISTANT,aadA1; acrF; ant(2'')-Ia; blaCMY-2; blaEC; dfrA36; floR; gyrA_D87N; gyrA_S83L; mdtM; parC_S80I; sul1; sul2; tet(B)
562.65787,RESISTANT,susceptible,RESISTANT,susceptible,susceptible,aadA1; acrF; blaEC; blaTEM-30; blaTEMp_C32T; dfrA1; gyrA_D87N; gyrA_S83L; mdtM; ompF_N274TfsTer7; parC_S80I; sat2; tet(B)
562.65788,RESISTANT,susceptible,RESISTANT,susceptible,RESISTANT,aadA5; acrF; aph(3'')-Ib; aph(3')-Ia; aph(6)-Id; blaEC; blaTEM-1; catA1; dfrA17; gyrA_D87N; gyrA_S83L; mdtM; mrx(A); parC_A56T; parC_S80I; sul1; sul2; tet(A); tet(B)
562.65789,RESISTANT,susceptible,RESISTANT,RESISTANT,RESISTANT,aac(3)-IVa; aadA1; aadA2; acrF; aph(3'')-Ib; aph(4)-Ia; aph(6)-Id; blaEC; blaTEM-1; dfrA1; dfrA10; dfrA12; dfrA36; gyrA_D87N; gyrA_S83L; mdtM; mph(B); parC_S80I; parE_L416F; rdmCL; sat2; sul1; sul2; tet(B)
562.65790,RESISTANT,susceptible,RESISTANT,RESISTANT,RESISTANT,aac(3)-IVa; aadA1; aadA2; acrF; aph(3'')-Ib; aph(4)-Ia; aph(6)-Id; blaEC; blaTEM-1; dfrA1; dfrA10; dfrA12; dfrA36; gyrA_D87N; gyrA_S83L; mdtM; mph(B); parC_S80I; parE_L416F; rdmCL; sat2; sul1; sul2; tet(B)
562.65791,RESISTANT,susceptible,RESISTANT,susceptible,RESISTANT,aadA5; acrF; aph(3'')-Ib; aph(3')-Ia; aph(6)-Id; blaEC; blaTEM-1; catA1; dfrA17; gyrA_D87N; gyrA_S83L; mdtM; parC_A56T; parC_S80I; sul1; sul2; tet(B)
562.65793,RESISTANT,RESISTANT,RESISTANT,RESISTANT,,aac(3)-IVa; aadA1; aadA5; acrF; ant(2'')-Ia; aph(3'')-Ib; aph(4)-Ia; aph(6)-Id; blaCTX-M-15; blaEC; blaTEM-32; blaTEMp_C32T; dfrA17; dfrA36; floR; gyrA_D87N; gyrA_S83L; mdtM; mph(A); mrx(A); parC_S80I; parE_S458A; sul1; sul2; tet(A)
562.65794,RESISTANT,RESISTANT,RESISTANT,RESISTANT,,aadA1; aadA5; acrF; ant(2'')-Ia; blaCTX-M-15; blaEC; dfrA17; dfrA36; floR; gyrA_D87N; gyrA_S83L; mdtM; mph(A); mrx(A); parC_S80I; parE_S458A; sul1; sul2; tet(A); tet(B)
562.65795,RESISTANT,RESISTANT,RESISTANT,RESISTANT,,aadA1; aadA5; acrF; ant(2'')-Ia; blaCTX-M-15; blaEC; dfrA17; dfrA36; floR; gyrA_D87N; gyrA_S83L; mdtM; mph(A); mrx(A); parC_S80I; parE_S458A; sul1; sul2; tet(A)
562.65796,RESISTANT,RESISTANT,RESISTANT,RESISTANT,,aadA1; aadA5; acrF; ant(2'')-Ia; blaCTX-M-15; blaEC; dfrA17; dfrA36; floR; gyrA_D87N; gyrA_S83L; mdtM; mph(A); mrx(A); parC_S80I; parE_S458A; sul1; sul2
562.65798,RESISTANT,RESISTANT,RESISTANT,susceptible,,aadA1; aadA2; acrF; blaCTX-M-15; blaEC; blaTEM-52; dfrA1; gyrA_D87N; gyrA_S83L; lnu(F); mdtM; parC_S80I; parE_S458A; sul1; tet(A)
562.65799,RESISTANT,RESISTANT,RESISTANT,susceptible,,aadA1; aadA2; acrF; blaCTX-M-15; blaEC; blaTEM-1; dfrA1; dfrA12; gyrA_D87N; gyrA_S83L; lnu(F); mdtM; mph(A); mrx(A); parC_S80I; parE_S458A; sul1; tet(A)
562.65800,RESISTANT,RESISTANT,RESISTANT,RESISTANT,,aac(3)-IIe; aadA1; aadA5; acrF; ant(2'')-Ia; blaCTX-M-15; blaEC; catA1; dfrA17; floR; gyrA_D87N; gyrA_S83L; mdtM; mph(A); mrx(A); parC_S80I; parE_S458A; sul1; tet(A)
562.65801,RESISTANT,RESISTANT,RESISTANT,susceptible,,aadA5; acrF; aph(3'')-Ib; aph(6)-Id; blaCTX-M-15; blaEC; dfrA17; gyrA_D87N; gyrA_S83L; mdtM; mph(A); mrx(A); parC_S80I; parE_S458A; sul1; sul2
562.65802,RESISTANT,RESISTANT,RESISTANT,RESISTANT,,aac(3)-IIe; aadA1; aadA5; acrF; ant(2'')-Ia; blaCTX-M-15; blaEC; catA1; dfrA17; floR; gyrA_D87N; gyrA_S83L; mdtM; mph(A); mrx(A); parC_S80I; parE_S458A; sul1; tet(A)
562.65803,RESISTANT,RESISTANT,RESISTANT,susceptible,,aadA2; acrF; blaCTX-M-15; blaEC; dfrA12; gyrA_D87N; gyrA_S83L; mdtM; parC_S80I; parE_S458A; sul1; tet(A)
562.65804,RESISTANT,RESISTANT,RESISTANT,susceptible,,acrF; blaCTX-M-15; blaEC; gyrA_D87N; gyrA_S83L; mdtM; parC_S80I; parE_S458A; tet(A)
562.65805,RESISTANT,RESISTANT,RESISTANT,RESISTANT,,aadA1; aadA5; acrF; ant(2'')-Ia; blaCTX-M-15; blaEC; catA1; dfrA17; floR; gyrA_D87N; gyrA_S83L; mdtM; mph(A); mrx(A); parC_S80I; parE_S458A; sul1; tet(A)
562.65806,RESISTANT,RESISTANT,RESISTANT,RESISTANT,,aadA1; aadA5; acrF; ant(2'')-Ia; blaCTX-M-15; blaEC; dfrA17; dfrA36; floR; gyrA_D87N; gyrA_S83L; mdtM; mph(A); mrx(A); parC_S80I; parE_S458A; sul1; sul2; tet(A)
562.65807,RESISTANT,RESISTANT,RESISTANT,RESISTANT,,aadA1; acrF; ant(2'')-Ia; blaCTX-M-15; blaEC; dfrA36; floR; gyrA_D87N; gyrA_S83L; mdtM; parC_S80I; parE_S458A; sul1; sul2
562.65808,RESISTANT,RESISTANT,RESISTANT,RESISTANT,,aadA1; acrF; ant(2'')-Ia; blaCTX-M-15; blaEC; dfrA36; floR; gyrA_D87N; gyrA_S83L; mdtM; parC_S80I; parE_S458A; sul1; sul2
562.65809,RESISTANT,RESISTANT,RESISTANT,RESISTANT,,aadA1; aadA5; acrF; ant(2'')-Ia; blaCTX-M-15; blaEC; dfrA17; dfrA36; floR; gyrA_D87N; gyrA_S83L; mdtM; mph(A); mrx(A); parC_S80I; parE_S458A; sul1; sul2; tet(A)
562.65810,RESISTANT,RESISTANT,RESISTANT,RESISTANT,,aac(3)-IIe; aadA5; acrF; acrR_V29YfsTer44; blaCTX-M-15; blaEC; dfrA17; gyrA_D87N; gyrA_S83L; mdtM; mph(A); mrx(A); parC_S80I; parE_S458A; sul1; tet(A)
562.65811,RESISTANT,RESISTANT,RESISTANT,RESISTANT,,aac(3)-IIe; aac(6')-Ib-cr5; aadA5; acrF; blaCTX-M-15; blaEC; blaOXA-1; catB3; dfrA17; gyrA_D87N; gyrA_S83L; mdtM; mph(A); mrx(A); parC_S80I; parE_S458A; sul1; tet(B)
562.65812,RESISTANT,RESISTANT,RESISTANT,RESISTANT,,aac(6')-Ib-cr5; aadA1; aadA5; acrF; ant(2'')-Ia; aph(3'')-Ib; aph(3')-Ia; aph(6)-Id; blaCTX-M-15; blaEC; blaOXA-1; catB3; dfrA17; dfrA36; floR; gyrA_D87N; gyrA_S83L; mdtM; mph(A); mrx(A); parC_S80I; parE_S458A; sul1; sul2; tet(A); tet(B)
562.65813,RESISTANT,RESISTANT,RESISTANT,susceptible,,aadA1; aadA5; acrF; ant(2'')-Ia; blaCTX-M-15; blaEC; dfrA17; dfrA36; floR; gyrA_D87N; gyrA_S83L; mdtM; mph(A); mrx(A); parC_S80I; parE_S458A; sul1; sul2; tet(A)
562.65814,RESISTANT,RESISTANT,RESISTANT,susceptible,,aadA5; acrF; blaCTX-M-15; blaEC; dfrA17; gyrA_D87N; gyrA_S83L; mdtM; mph(A); mrx(A); parC_S80I; parE_S458A; sul1; tet(A)
562.65815,RESISTANT,RESISTANT,RESISTANT,RESISTANT,,aadA1; aadA5; acrF; ant(2'')-Ia; blaCTX-M-15; blaEC; dfrA17; dfrA36; floR; gyrA_D87N; gyrA_S83L; mdtM; mph(A); mrx(A); parC_S80I; parE_S458A; sul1; sul2; tet(A)
562.65816,RESISTANT,RESISTANT,RESISTANT,RESISTANT,,aac(3)-IIe; aac(6')-Ib-cr5; acrF; aph(3'')-Ib; aph(6)-Id; blaCTX-M-15; blaEC; blaOXA-1; blaTEM-30; blaTEMp_C32T; catB3; dfrA14; gyrA_D87N; gyrA_S83L; mdtM; mph(A); mrx(A); parC_S80I; parE_S458A; sul2; tet(A)
562.65817,RESISTANT,RESISTANT,RESISTANT,susceptible,,aadA2; acrF; blaCTX-M-15; blaEC; dfrA12; gyrA_D87N; gyrA_S83L; mdtM; mph(A); mrx(A); parC_S80I; parE_S458A; sul1; tet(A)
562.65818,RESISTANT,RESISTANT,RESISTANT,RESISTANT,,aac(3)-IIe; aac(6')-Ib-cr5; aadA5; acrF; blaCTX-M-15; blaEC; blaOXA-1; catB3; dfrA17; gyrA_D87N; gyrA_S83L; mdtM; mph(A); mrx(A); parC_S80I; parE_S458A; sul1; tet(B)
562.65819,RESISTANT,RESISTANT,RESISTANT,susceptible,,aac(3)-IIe; aac(6')-Ib-cr5; acrF; aph(3'')-Ib; aph(6)-Id; blaCTX-M-15; blaEC; blaOXA-1; blaTEM-30; blaTEMp_C32T; catB3; dfrA14; gyrA_D87N; gyrA_S83L; mdtM; mph(A); mrx(A); parC_S80I; parE_S458A; sul2; tet(A)
562.73346,susceptible,susceptible,susceptible,,RESISTANT,aadA5; acrF; armA; blaEC; dfrA1; gyrA_S83L; mdtM; mph(E); msr(E); ompF_W83Ter; qnrA1; sul1; tet(A)
562.73347,susceptible,susceptible,susceptible,,RESISTANT,aac(6')-Ib3; aadA5; acrF; armA; blaEC; dfrA1; mcr-9.2; mdtM; mph(E); msr(E); qnrA1; sul1; tet(A)
562.73349,RESISTANT,RESISTANT,RESISTANT,,RESISTANT,acrF; aph(3'')-Ib; aph(3')-Ia; aph(6)-Id; blaCMY-2; blaEC; blaTEM-84; dfrA14; gyrA_D87N; gyrA_S83L; mdtM; parC_S80I; parE_S458A; qepA1; rmtB1; sul2; tet(B); uhpT_E350Q
562.73350,susceptible,susceptible,susceptible,,RESISTANT,aac(6')-Ib3; aadA2; aadA5; acrF; aph(3')-Ia; armA; blaEC; dfrA1; mcr-9.2; mdtM; mph(E); msr(E); qnrA1; sul1; tet(A)
562.73351,susceptible,susceptible,susceptible,,RESISTANT,aac(6')-Ib3; aadA2; aadA5; acrF; aph(3')-Ia; armA; blaEC; dfrA1; mcr-9.2; mph(E); msr(E); qnrA1; sul1; tet(A)
562.73352,susceptible,susceptible,susceptible,,RESISTANT,aac(6')-Ib3; aadA2; aadA5; acrF; aph(3')-Ia; armA; blaEC; dfrA1; mcr-9.2; mdtM; mph(E); msr(E); qnrA1; sul1; tet(A)
562.73353,RESISTANT,RESISTANT,RESISTANT,,RESISTANT,aac(3)-IId; aadA2; aadA5; acrF; aph(3'')-Ib; aph(6)-Id; blaCTX-M-55; blaEC; blaTEM; dfrA12; dfrA17; gyrA_D87N; gyrA_S83L; mcr-1.1; mdtM; mph(A); mrx(A); parC_S80I; parE_S458A; rmtB1; sul1; uhpT_E350Q
562.73354,susceptible,susceptible,susceptible,,RESISTANT,aac(6')-Ib3; aadA5; acrF; armA; blaEC; dfrA1; mcr-9.2; mdtM; mph(E); msr(E); qnrA1; sul1; tet(A)
562.73355,susceptible,susceptible,RESISTANT,,RESISTANT,aadA1; aadA2; acrF; aph(3')-Ia; armA; blaEC; cmlA1; dfrA12; gyrA_D87N; gyrA_S83L; mcr-9.1; mdtM; mph(E); msr(E); parC_S80I; parE_S458A; sul1; sul3; uhpT_E350Q
562.73356,RESISTANT,RESISTANT,RESISTANT,,RESISTANT,aac(3)-IId; aadA1; aadA2; aadA5; acrF; aph(3'')-Ib; aph(6)-Id; blaCTX-M-55; blaEC; blaTEM; cmlA1; dfrA12; dfrA17; floR; gyrA_D87N; gyrA_S83L; mcr-1.1; mdtM; mph(A); mrx(A); parC_S80I; parE_S458A; rmtB1; sul1; sul3; tet(A); uhpT_E350Q
562.73357,susceptible,susceptible,susceptible,,RESISTANT,aac(6')-Ib3; aadA2; aadA5; acrF; aph(3')-Ia; armA; blaEC; dfrA1; mcr-9.2; mdtM; mph(E); msr(E); qnrA1; sul1; tet(A)
562.73358,susceptible,susceptible,susceptible,,RESISTANT,aac(6')-Ib3; aadA2; aadA5; acrF; armA; blaEC; dfrA1; mcr-9.2; mdtM; mph(E); msr(E); qnrA1; sul1; tet(A)
562.73359,RESISTANT,susceptible,RESISTANT,,RESISTANT,acrF; aph(3'')-Ib; aph(3')-Ia; aph(6)-Id; blaCMY-2; blaEC; blaTEM-1; dfrA14; gyrA_D87N; gyrA_S83L; mdtM; parC_S80I; parE_S458A; qepA1; rmtB1; sul2; tet(B); uhpT_E350Q
562.73360,RESISTANT,RESISTANT,RESISTANT,,RESISTANT,aac(3)-IId; aadA1; aadA2; aadA5; acrF; aph(3'')-Ib; aph(6)-Id; blaCTX-M-55; blaEC; blaTEM; cmlA1; dfrA12; dfrA17; floR; gyrA_D87N; gyrA_S83L; mdtM; mph(A); mrx(A); parC_S80I; parE_S458A; rmtB1; sul1; sul3; tet(A); uhpT_E350Q
562.73363,RESISTANT,RESISTANT,RESISTANT,,RESISTANT,aac(3)-IId; aadA5; acrF; blaCTX-M-55; blaEC; blaTEM; dfrA17; gyrA_D87N; gyrA_S83L; mcr-1.1; mdtM; mph(A); mrx(A); parC_S80I; parE_S458A; rmtB1; sul1; uhpT_E350Q
562.73365,RESISTANT,RESISTANT,RESISTANT,,RESISTANT,aadA2; acrF; aph(3'')-Ib; aph(6)-Id; blaCTX-M-55; blaEC; blaTEM; dfrA12; gyrA_D87N; gyrA_S83L; mcr-1.1; mdtM; parC_S80I; parE_S458A; rmtB1; sul1; uhpT_E350Q
562.73366,RESISTANT,RESISTANT,RESISTANT,,RESISTANT,aac(3)-IId; aadA1; aadA2; aadA5; acrF; aph(3'')-Ib; aph(6)-Id; blaCTX-M-55; blaEC; blaTEM; cmlA1; dfrA12; dfrA17; floR; gyrA_D87N; gyrA_S83L; mcr-1.1; mdtM; mph(A); mrx(A); parC_S80I; parE_S458A; rmtB1; sul1; sul3; tet(A); uhpT_E350Q
562.73368,RESISTANT,RESISTANT,RESISTANT,,RESISTANT,aac(3)-IId; aadA5; acrF; blaCTX-M-55; blaEC; blaTEM; dfrA17; gyrA_D87N; gyrA_S83L; mcr-1.1; mdtM; mph(A); mrx(A); parC_S80I; parE_S458A; rmtB1; sul1; uhpT_E350Q
562.73369,RESISTANT,susceptible,RESISTANT,,RESISTANT,aac(3)-IId; aadA5; acrF; aph(3')-Ia; armA; blaEC; blaTEM; dfrA17; gyrA_D87N; gyrA_S83L; mdtM; mph(A); mrx(A); parC_S80I; parE_S458A; sul1; tet(A)
562.73370,RESISTANT,RESISTANT,RESISTANT,,RESISTANT,acrF; aph(3'')-Ib; aph(3')-Ia; aph(6)-Id; blaCMY-2; blaEC; blaTEM-1; blaTEM-35; blaTEMp_G162T; dfrA14; gyrA_D87N; gyrA_S83L; mdtM; parC_S80I; parE_S458A; qepA1; rmtB1; sul2; tet(B); uhpT_E350Q
562.73372,RESISTANT,RESISTANT,RESISTANT,,RESISTANT,acrF; aph(3'')-Ib; aph(3')-Ia; aph(6)-Id; blaCMY-2; blaEC; blaTEM-84; blaTEMp_G162T; dfrA14; gyrA_D87N; gyrA_S83L; mdtM; parC_S80I; parE_S458A; qepA1; rmtB1; sul2; tet(B); uhpT_E350Q
562.73374,RESISTANT,RESISTANT,RESISTANT,,RESISTANT,aac(3)-IId; aadA2; aadA5; acrF; aph(3'')-Ib; aph(6)-Id; blaCTX-M-55; blaEC; blaTEM; dfrA12; dfrA17; gyrA_D87N; gyrA_S83L; mcr-1.1; mdtM; mph(A); mrx(A); parC_S80I; parE_S458A; rmtB1; sul1; uhpT_E350Q
562.73376,RESISTANT,RESISTANT,RESISTANT,,RESISTANT,aac(3)-IId; aadA1; aadA2; aadA5; acrF; aph(3'')-Ib; aph(6)-Id; blaCTX-M-55; blaEC; blaTEM; cmlA1; dfrA12; dfrA17; floR; gyrA_D87N; gyrA_S83L; mcr-1.1; mdtM; mph(A); mrx(A); parC_S80I; parE_S458A; rmtB1; sul1; sul3; tet(A); uhpT_E350Q
562.73377,RESISTANT,RESISTANT,RESISTANT,,RESISTANT,aac(3)-IId; aadA1; aadA2; aadA5; acrF; aph(3'')-Ib; aph(6)-Id; blaCTX-M-55; blaEC; blaTEM; cmlA1; dfrA12; dfrA17; floR; gyrA_D87N; gyrA_S83L; mcr-1.1; mdtM; mph(A); mrx(A); parC_S80I; parE_S458A; rmtB1; sul1; sul3; tet(A); uhpT_E350Q
562.73378,RESISTANT,RESISTANT,RESISTANT,,RESISTANT,aac(3)-IId; aadA2; aadA5; acrF; aph(3'')-Ib; aph(6)-Id; blaCTX-M-55; blaEC; blaTEM; dfrA12; dfrA17; gyrA_D87N; gyrA_S83L; mcr-1.1; mdtM; mph(A); mrx(A); parC_S80I; parE_S458A; rmtB1; sul1; uhpT_E350Q
562.73379,RESISTANT,RESISTANT,RESISTANT,,RESISTANT,aac(3)-IId; aadA5; acrF; blaCTX-M-55; blaEC; blaTEM; dfrA17; gyrA_D87N; gyrA_S83L; mcr-1.1; mdtM; mph(A); mrx(A); parC_S80I; parE_S458A; rmtB1; sul1; uhpT_E350Q
562.73380,susceptible,susceptible,RESISTANT,,RESISTANT,aadA1; aadA2; acrF; aph(3')-Ia; armA; blaEC; cmlA1; dfrA12; gyrA_D87N; gyrA_S83L; mcr-9.1; mdtM; mph(E); msr(E); parC_S80I; parE_S458A; sul1; sul3; uhpT_E350Q
562.73382,RESISTANT,RESISTANT,RESISTANT,,RESISTANT,aac(3)-IId; aadA1; aadA2; aadA5; acrF; aph(3'')-Ib; aph(6)-Id; blaCTX-M-55; blaEC; blaTEM; cmlA1; dfrA12; dfrA17; floR; gyrA_D87N; gyrA_S83L; mcr-1.1; mdtM; mph(A); mrx(A); parC_S80I; parE_S458A; rmtB1; sul1; sul3; tet(A); uhpT_E350Q
562.73383,susceptible,susceptible,RESISTANT,,RESISTANT,aac(6')-Ib3; aadA2; aadA5; acrF; aph(3')-Ia; armA; blaEC; dfrA1; gyrA_S83L; mcr-9.2; mdtM; mph(E); msr(E); ompF_A17QfsTer16; qnrA1; sul1; tet(A)
562.73385,RESISTANT,RESISTANT,RESISTANT,,RESISTANT,acrF; aph(3'')-Ib; aph(3')-Ia; aph(6)-Id; blaCMY-2; blaEC; blaTEM-35; blaTEMp_G162T; dfrA14; gyrA_D87N; gyrA_S83L; mdtM; parC_S80I; parE_S458A; qepA1; rmtB1; sul2; tet(B); uhpT_E350Q
562.73386,RESISTANT,RESISTANT,RESISTANT,,RESISTANT,aac(3)-IId; aadA1; aadA2; aadA5; acrF; aph(3'')-Ib; aph(6)-Id; blaCTX-M-55; blaEC; blaTEM; cmlA1; dfrA12; dfrA17; floR; gyrA_D87N; gyrA_S83L; mcr-1.1; mdtM; mph(A); mrx(A); parC_S80I; parE_S458A; rmtB1; sul1; sul3; tet(A); uhpT_E350Q
562.73387,RESISTANT,RESISTANT,RESISTANT,,RESISTANT,aac(3)-IId; aadA1; aadA2; aadA5; acrF; aph(3'')-Ib; aph(6)-Id; blaCTX-M-55; blaEC; blaTEM; cmlA1; dfrA12; dfrA17; floR; gyrA_D87N; gyrA_S83L; mcr-1.1; mdtM; mph(A); mrx(A); parC_S80I; parE_S458A; rmtB1; sul1; sul3; tet(A); uhpT_E350Q
562.73390,RESISTANT,RESISTANT,RESISTANT,,RESISTANT,aac(3)-IId; aadA2; aadA5; acrF; aph(3'')-Ib; aph(6)-Id; blaCTX-M-55; blaEC; blaTEM; dfrA12; dfrA17; gyrA_D87N; gyrA_S83L; mcr-1.1; mdtM; mph(A); mrx(A); parC_S80I; parE_S458A; rmtB1; sul1; uhpT_E350Q
562.73392,susceptible,susceptible,RESISTANT,,susceptible,aac(6')-Ib3; aadA2; aadA5; acrF; aph(3'')-Ib; aph(3')-Ia; aph(6)-Id; armA; blaEC; dfrA1; gyrA_S83L; mcr-9.2; mdtM; mph(E); msr(E); parC_E84K; qnrA1; sul1; tet(A)
562.73393,susceptible,susceptible,susceptible,,RESISTANT,aac(6')-Ib3; aadA2; aadA5; acrF; aph(3')-Ia; armA; blaEC; dfrA1; mcr-9.2; mdtM; mph(E); msr(E); qnrA1; sul1; tet(A)
562.73397,RESISTANT,susceptible,RESISTANT,,RESISTANT,aac(3)-IId; aac(3)-IIe; aadA1; aadA2; aadA31; aadA5; acrF; aph(3'')-Ib; aph(3')-Ia; aph(6)-Id; armA; blaEC; blaTEM-1; blaTEMp_C32T; dfrA1; dfrA12; dfrA17; dfrA36; erm(B); estX; floR; gyrA_D87N; gyrA_S83L; lnu(F); lnu(G); mdtM; parC_S80I; sul1; sul2; sul3; tet(A); tet(M)
562.73398,RESISTANT,RESISTANT,RESISTANT,,RESISTANT,aac(3)-IId; aadA1; aadA2; aadA5; acrF; aph(3'')-Ib; aph(6)-Id; blaCTX-M-55; blaEC; blaTEM; blaTEM-1; cmlA1; dfrA12; dfrA17; floR; gyrA_D87N; gyrA_S83L; mcr-1.1; mdtM; mph(A); mrx(A); parC_S80I; parE_S458A; sul1; sul3; tet(A); uhpT_E350Q
562.7565,RESISTANT,,susceptible,susceptible,RESISTANT,acrF; aph(3'')-Ib; aph(6)-Id; blaEC; blaTEM-1; dfrA14; emrD; mdtM; sul2; tet(A)
562.7566,RESISTANT,,susceptible,susceptible,RESISTANT,acrF; aph(3'')-Ib; aph(6)-Id; blaEC; blaTEM-1; dfrA8; mdtM; sul2; tet(A)
562.7567,RESISTANT,,susceptible,susceptible,RESISTANT,acrF; aph(3'')-Ib; aph(6)-Id; blaEC; blaTEM-1; cirA_R284AfsTer13; dfrA8; emrD; mdtM; sul2; tet(B)
562.7568,susceptible,,susceptible,susceptible,susceptible,acrF; blaEC; mdtM
562.7569,RESISTANT,,susceptible,susceptible,RESISTANT,acrF; aph(3'')-Ib; aph(6)-Id; blaEC; blaTEM-1; dfrA14; emrD; mdtM; sul2; tet(A)
562.7570,RESISTANT,,susceptible,susceptible,susceptible,acrF; blaEC; blaTEM-1; mdtM; tet(A)
562.7571,RESISTANT,,susceptible,susceptible,RESISTANT,acrF; aph(3'')-Ib; aph(6)-Id; blaEC; blaTEM-1; dfrA7; emrD; mdtM; sul1; sul2; tet(A)
562.7572,RESISTANT,,RESISTANT,susceptible,susceptible,aadA1; acrF; blaEC; blaOXA-1; catA1; dfrA1; gyrA_D87N; gyrA_S83L; mdtM; parC_S80I; sat2; tet(B)
562.7573,RESISTANT,,RESISTANT,RESISTANT,RESISTANT,aac(3)-IId; aadA2; acrF; blaEC; blaTEM-1; catA1; dfrA12; emrD; gyrA_D87N; gyrA_S83L; mdtM; mph(A); mrx(A); parC_S80I; parE_L416F; qepA4; sul1; tet(B)
562.7575,RESISTANT,,susceptible,susceptible,RESISTANT,acrF; aph(3'')-Ib; aph(6)-Id; blaEC; blaTEM-1; cyaA_S352T; dfrA14; mdtM; sul2; tet(A)
562.7576,RESISTANT,,susceptible,susceptible,RESISTANT,acrF; aph(3'')-Ib; aph(6)-Id; blaEC; blaTEM-1; dfrA14; emrD; mdtM; sul2; tet(A)
562.7577,RESISTANT,,susceptible,susceptible,RESISTANT,acrF; aph(3'')-Ib; aph(6)-Id; blaEC; blaTEM-1; dfrA8; mdtM; sul2; tet(B)
562.7578,RESISTANT,,susceptible,susceptible,susceptible,acrF; blaEC; blaTEM-1; emrD; erm(B); gyrA_S83L; mdtM; mph(A); mrx(A); tet(B); uhpT_E350Q
562.7579,susceptible,,susceptible,susceptible,susceptible,acrF; blaEC; mdtM
562.7580,susceptible,,susceptible,susceptible,susceptible,aadA5; acrF; blaEC; blaTEM-1; dfrA17; emrD; gyrA_S83L; mdtM; mph(A); mrx(A); parE_I355T; sul1; uhpT_E350Q
562.7581,RESISTANT,,susceptible,susceptible,RESISTANT,acrF; aph(3'')-Ib; aph(6)-Id; blaEC; blaTEM-1; dfrA7; emrD; sul1; sul2; tet(A); uhpT_E350Q
562.7582,RESISTANT,,susceptible,susceptible,RESISTANT,acrF; aph(3'')-Ib; aph(6)-Id; blaEC; blaTEM-1; dfrA8; mdtM; sul2; tet(A)
562.7583,RESISTANT,,susceptible,susceptible,RESISTANT,aadA1; acrF; aph(3'')-Ib; aph(6)-Id; blaEC; blaTEM-1; dfrA1; mdtM; sul1; sul2; tet(A)
562.7584,RESISTANT,,susceptible,susceptible,RESISTANT,acrF; aph(3'')-Ib; aph(6)-Id; blaEC; blaTEM-1; dfrA7; emrD; sul1; sul2; tet(A)
562.7617,RESISTANT,,susceptible,susceptible,RESISTANT,acrF; aph(3'')-Ib; aph(6)-Id; blaEC; blaTEM-1; dfrA8; emrD; mdtM; sul2; tet(B)
562.7618,susceptible,,susceptible,susceptible,susceptible,acrF; blaEC; mdtM; tet(A)
562.7619,susceptible,,susceptible,susceptible,susceptible,acrF; blaEC; mdtM
562.7621,RESISTANT,,susceptible,susceptible,RESISTANT,acrF; blaEC; emrD; uhpT_E350Q
562.7623,susceptible,,susceptible,susceptible,susceptible,acrF; blaEC; mdtM
562.7624,RESISTANT,,susceptible,susceptible,RESISTANT,acrF; aph(3'')-Ib; aph(6)-Id; blaEC; blaTEM-1; dfrA8; mdtM; sul2
562.7625,RESISTANT,,susceptible,susceptible,RESISTANT,acrF; blaEC; catA1; dfrA1; mdtM; sul1
562.7626,RESISTANT,,susceptible,susceptible,RESISTANT,acrF; blaEC; blaTEM-1; dfrA5; gyrA_S83L; mdtM; sul1
562.7627,susceptible,,susceptible,susceptible,RESISTANT,acrF; blaEC
562.7628,RESISTANT,,susceptible,susceptible,RESISTANT,acrF; blaEC; blaTEM-1; dfrA7; mdtM; sul1
562.7629,susceptible,,susceptible,susceptible,susceptible,acrF; blaEC; emrD; mdtM
562.7631,susceptible,,susceptible,susceptible,susceptible,acrF; blaEC; emrD; mdtM
562.7632,RESISTANT,,susceptible,susceptible,RESISTANT,acrF; aph(3'')-Ib; aph(6)-Id; blaEC; blaTEM-1; dfrA7; gyrA_S83L; mdtM; pmrB_V161G; sul2; tet(B)
562.7633,RESISTANT,,susceptible,susceptible,RESISTANT,acrF; aph(3'')-Ib; aph(6)-Id; blaEC; blaTEM-1; dfrA5; mdtM; sul2; tet(A)
562.7634,RESISTANT,,susceptible,susceptible,RESISTANT,acrF; aph(3'')-Ib; aph(6)-Id; blaEC; blaTEM-1; dfrA8; mdtM; sul2; tet(B)
562.7635,susceptible,,susceptible,susceptible,RESISTANT,acrF; blaEC; blaTEM-1; mdtM
562.7636,susceptible,,susceptible,susceptible,susceptible,acrF; blaEC; mdtM; tet(B)
562.7637,RESISTANT,,susceptible,susceptible,RESISTANT,acrF; aph(3'')-Ib; aph(6)-Id; blaEC; blaTEM-1; dfrA8; mdtM; sul2; tet(B)
562.7638,RESISTANT,,susceptible,susceptible,susceptible,aadA1; acrF; blaEC; dfrA1; gyrA_S83L; mdtM; sat2
562.7639,RESISTANT,,susceptible,susceptible,susceptible,acrF; blaEC; blaTEM-1; emrD; erm(B); gyrA_S83L; mdtM; mph(A); mrx(A)
562.7640,RESISTANT,,susceptible,susceptible,susceptible,acrF; blaEC; blaTEM-1; emrD; gyrA_S83L; mdtM
562.7642,RESISTANT,,susceptible,susceptible,susceptible,acrF; blaEC; mdtM
562.7643,RESISTANT,,susceptible,susceptible,RESISTANT,acrF; aph(3'')-Ib; aph(6)-Id; blaEC; blaTEM-1; dfrA8; mdtM; sul2; tet(A)
562.7644,RESISTANT,,susceptible,susceptible,RESISTANT,acrF; aph(3'')-Ib; aph(6)-Id; blaEC; blaTEM-1; dfrA7; mdtM; sul1; sul2; tet(A)
562.7645,RESISTANT,,susceptible,susceptible,RESISTANT,acrF; aph(3'')-Ib; aph(6)-Id; blaEC; blaTEM-1; dfrA7; mdtM; sul1; sul2; tet(A)
562.7646,susceptible,,susceptible,susceptible,susceptible,acrF; blaEC; mdtM
562.7647,RESISTANT,,susceptible,susceptible,susceptible,acrF; blaEC; blaTEM-1; mdtM
562.7648,RESISTANT,,susceptible,susceptible,RESISTANT,acrF; aph(3'')-Ib; blaEC; blaTEM-1; dfrA14; mdtM; sul2; tet(A)
562.7649,RESISTANT,,susceptible,susceptible,RESISTANT,acrF; aph(3'')-Ib; aph(6)-Id; blaEC; blaTEM-1; dfrA8; mdtM; sul2; tet(A)
562.7650,susceptible,,susceptible,susceptible,susceptible,acrF; blaEC; emrD; mdtM
562.7652,RESISTANT,,susceptible,susceptible,susceptible,acrF; aph(3'')-Ib; aph(6)-Id; blaEC-5; blaTEM-1; dfrA7; emrD; gyrA_S83L; sul1; sul2; tet(B); uhpT_E350Q
562.7653,RESISTANT,,susceptible,susceptible,RESISTANT,acrF; blaEC; emrD; marR_S3N; tet(A)
562.7654,RESISTANT,,susceptible,susceptible,RESISTANT,blaEC
562.7655,RESISTANT,,susceptible,susceptible,RESISTANT,acrF; aph(3'')-Ib; aph(6)-Id; blaEC; blaTEM-1; dfrA14; emrD; mdtM; mph(A); mrx(A); sul2
562.7656,RESISTANT,,susceptible,susceptible,susceptible,acrF; blaEC; blaTEM-1; mdtM
562.7657,RESISTANT,,susceptible,susceptible,RESISTANT,acrF; aph(3'')-Ib; aph(6)-Id; blaEC; blaTEM-1; dfrA8; mdtM; sul2; tet(A)
562.7658,susceptible,,susceptible,susceptible,susceptible,acrF; blaEC; emrD; mdtM
562.7659,susceptible,,susceptible,susceptible,susceptible,acrF; blaEC; emrD; marR_S3N; uhpT_E350Q
562.7660,RESISTANT,,RESISTANT,RESISTANT,susceptible,aac(3)-IId; acrF; blaEC; blaTEM-1; emrD; gyrA_D87N; gyrA_S83L; mdtM; parC_S80I; parE_L416F
562.7661,RESISTANT,,susceptible,susceptible,RESISTANT,acrF; aph(3'')-Ib; aph(6)-Id; blaEC; blaTEM-1; dfrA7; mdtM; sul1; sul2; tet(A)
562.7662,RESISTANT,,susceptible,susceptible,RESISTANT,aadA1; acrF; aph(6)-Id; blaEC; blaOXA-1; catA1; dfrA14; mdtM; sul2
562.7663,RESISTANT,,susceptible,susceptible,RESISTANT,acrF; aph(3'')-Ib; aph(6)-Id; blaEC; blaTEM-1; dfrA8; mdtM; sul2; tet(B)
562.7664,RESISTANT,,susceptible,susceptible,RESISTANT,acrF; aph(3'')-Ib; aph(6)-Id; blaEC; blaTEM-1; dfrA8; mdtM; sul2; tet(B)
562.7665,RESISTANT,,susceptible,susceptible,RESISTANT,acrF; aph(3'')-Ib; aph(6)-Id; blaEC; blaTEM-1; dfrA8; emrD; mdtM; sul2; tet(B); uhpT_E350Q
562.7666,RESISTANT,,susceptible,susceptible,RESISTANT,aadA1; acrF; blaEC; blaTEM-1; dfrA1; mdtM; qnrS1; sul2; tet(A)
562.7667,RESISTANT,,susceptible,susceptible,RESISTANT,emrD; mdtM
562.7668,RESISTANT,,susceptible,susceptible,RESISTANT,acrF; blaEC; blaTEM-1; dfrA7; mdtM; sul1
562.7669,RESISTANT,,susceptible,susceptible,susceptible,acrF; blaEC; blaTEM-1; cyaA_S352T; mdtM; tet(A)
562.7670,RESISTANT,,susceptible,susceptible,RESISTANT,acrF; aph(3'')-Ib; aph(6)-Id; blaEC; blaTEM-1; dfrA14; emrD; mdtM; sul2; tet(A)
562.7671,RESISTANT,,susceptible,susceptible,RESISTANT,acrF; blaEC; mdtM
562.7672,susceptible,,susceptible,susceptible,RESISTANT,acrF; aph(3'')-Ib; aph(6)-Id; blaEC; dfrA14; mdtM; sul2
562.7673,RESISTANT,,susceptible,susceptible,RESISTANT,acrF; blaEC; blaTEM-1; dfrA7; emrD; mdtM; sul2; tet(B)
562.7674,RESISTANT,,susceptible,susceptible,RESISTANT,acrF; aph(3'')-Ib; aph(6)-Id; blaCTX-M-15; blaEC-5; blaTEM-1; dfrA7; emrD; gyrA_S83L; sul1; sul2; tet(B); uhpT_E350Q
562.7677,susceptible,,susceptible,susceptible,susceptible,acrF; blaEC; emrD; mdtM
562.7678,RESISTANT,,susceptible,susceptible,RESISTANT,aadA1; acrF; aph(3'')-Ib; aph(6)-Id; blaEC; blaOXA-1; catA1; dfrA1; mdtM; sat2; sul2; tet(B)
562.7679,RESISTANT,,susceptible,susceptible,RESISTANT,acrF; aph(3'')-Ib; aph(6)-Id; blaEC; blaTEM-1; dfrA7; emrD; marR_S3N; sul1; sul2; tet(A)
562.7680,RESISTANT,,susceptible,susceptible,susceptible,acrF; blaEC; mdtM; nfsA_W212Ter
562.7681,susceptible,,susceptible,susceptible,RESISTANT,acrF; aph(3'')-Ib; aph(6)-Id; blaEC; dfrA14; mdtM; sul2; tet(B)
562.7682,susceptible,,susceptible,susceptible,RESISTANT,acrF; aph(3'')-Ib; aph(6)-Id; blaEC; dfrA14; mdtM; sul2
562.7683,susceptible,,susceptible,susceptible,RESISTANT,acrF; blaEC; catA1; dfrA1; mdtM; sul1
562.7684,susceptible,,susceptible,susceptible,susceptible,acrF; blaEC; mdtM
562.7685,susceptible,,susceptible,susceptible,RESISTANT,aph(3'')-Ib; aph(6)-Id; blaEC; dfrA14; mdtM; sul2; tet(B)
562.7686,RESISTANT,,susceptible,susceptible,RESISTANT,acrF; aph(3'')-Ib; aph(6)-Id; blaEC; blaTEM-1; dfrA14; mdtM; qnrS1; sul2
562.7687,susceptible,,susceptible,susceptible,susceptible,acrF; blaEC; emrD; mdtM
562.7688,RESISTANT,,susceptible,susceptible,RESISTANT,acrF; aph(3'')-Ib; aph(6)-Id; blaEC; blaTEM-1; dfrA8; mdtM; sul2; tet(A)
562.7689,RESISTANT,,susceptible,susceptible,RESISTANT,aadA1; acrF; aph(6)-Id; blaEC; blaOXA-1; catA1; dfrA14; mdtM; sul2; tet(B)
562.7690,susceptible,,susceptible,susceptible,susceptible,acrF; blaEC; mdtM
562.7691,RESISTANT,,susceptible,susceptible,RESISTANT,acrF; aph(3'')-Ib; aph(6)-Id; blaCMY-4; blaEC-5; blaTEM-1; dfrA7; emrD; gyrA_S83L; sul1; sul2; tet(B); uhpT_E350Q
562.7693,susceptible,,RESISTANT,susceptible,RESISTANT,aadA2; acrF; blaEC; catA1; dfrA12; emrD; gyrA_D87N; gyrA_S83L; mdtM; mph(A); mrx(A); parC_S80I; parE_L416F; qepA4; sul1; tet(B)
562.7694,RESISTANT,,susceptible,susceptible,RESISTANT,blaEC
562.7695,RESISTANT,,susceptible,susceptible,susceptible,aadA1; acrF; blaCTX-M-15; blaEC; blaOXA-1; catA1; emrD; gyrA_S83L; mdtM; tet(B)
562.7696,RESISTANT,,susceptible,susceptible,RESISTANT,aadA1; acrF; blaEC-5; blaTEM; dfrA1; emrD; qnrS1; sul2; uhpT_E350Q
562.7697,RESISTANT,,susceptible,susceptible,RESISTANT,acrF; aph(3'')-Ib; aph(6)-Id; blaEC; blaTEM-1; dfrA7; emrD; sul1; sul2; tet(A); uhpT_E350Q
562.7698,RESISTANT,,susceptible,susceptible,susceptible,acrF; blaCTX-M-15; blaEC; gyrA_S83L; mdtM; nfsA_S121Ter
562.7700,RESISTANT,,susceptible,susceptible,RESISTANT,acrF; aph(3'')-Ib; aph(6)-Id; blaEC; blaTEM-1; dfrA7; mdtM; sul1; sul2; tet(A)
562.7701,RESISTANT,,susceptible,susceptible,RESISTANT,acrF; aph(3'')-Ib; aph(6)-Id; blaEC; blaTEM-1; catA2; dfrA7; emrD; mdtM; sul1; sul2; tet(A)
562.7702,susceptible,,susceptible,susceptible,susceptible,acrF; aph(3'')-Ib; aph(6)-Id; blaEC; emrD; mdtM; sul2; tet(A)
562.7703,RESISTANT,,RESISTANT,RESISTANT,RESISTANT,aac(3)-IId; aadA2; acrF; blaEC; blaTEM-1; catA1; dfrA12; emrD; gyrA_D87N; gyrA_S83L; mdtM; mph(A); mrx(A); parC_S80I; parE_L416F; qepA4; sul1; tet(B)
562.7704,RESISTANT,,susceptible,susceptible,RESISTANT,acrF; blaEC; mdtM
562.7705,susceptible,,susceptible,susceptible,RESISTANT,acrF; aph(3'')-Ib; aph(6)-Id; blaEC; dfrA1; mdtM; sul2; tet(B)
562.7706,susceptible,,susceptible,susceptible,susceptible,aadA1; acrF; aph(3'')-Ib; aph(6)-Id; blaEC; blaOXA-1; blaTEM-1; catA1; dfrA1; gyrA_S83A; mdtM; mph(A); mrx(A); nfsA_Q195Ter; sat2; sul2; tet(B)
562.7707,RESISTANT,,susceptible,susceptible,RESISTANT,acrF; aph(3'')-Ib; aph(6)-Id; blaEC; blaTEM-1; dfrA14; emrD; mdtM; sul2; tet(A)
562.7708,susceptible,,susceptible,susceptible,susceptible,
562.7709,susceptible,,susceptible,susceptible,susceptible,acrF; blaEC; gyrA_S83L; mdtM; nfsA_S121Ter; pmrB_V161G
562.7710,RESISTANT,,susceptible,susceptible,RESISTANT,acrF; blaEC; mdtM
562.7712,RESISTANT,,susceptible,susceptible,RESISTANT,aadA1; acrF; aph(3'')-Ib; aph(6)-Id; blaEC; blaOXA-1; catA1; dfrA1; mdtM; sat2; sul2; tet(B)
562.7713,susceptible,,susceptible,susceptible,susceptible,acrF; blaEC; mdtM
562.7714,RESISTANT,,susceptible,susceptible,RESISTANT,acrF; aph(3'')-Ib; aph(6)-Id; blaEC; blaTEM-1; dfrA7; mdtM; sul1; sul2
562.7717,RESISTANT,,susceptible,susceptible,RESISTANT,acrF; aph(3'')-Ib; aph(6)-Id; blaEC; blaTEM-1; dfrA8; emrD; gyrA_S83L; marR_S3N; sul2; tet(B)
562.7718,susceptible,,susceptible,susceptible,susceptible,acrF; aph(3'')-Ib; aph(6)-Id; blaEC; emrD; mdtM; sul2; tet(A)
562.7719,susceptible,,susceptible,susceptible,susceptible,acrF; blaEC; mdtM
562.7720,RESISTANT,,susceptible,susceptible,RESISTANT,acrF; aph(3'')-Ib; aph(6)-Id; blaEC; blaTEM-1; dfrA14; emrD; mdtM; sul2; tet(A); uhpT_E350Q
562.7721,RESISTANT,,susceptible,susceptible,RESISTANT,acrF; aph(3'')-Ib; aph(6)-Id; blaEC; blaTEM-1; dfrA14; emrD; mdtM; sul2; tet(A)
562.7722,susceptible,,susceptible,susceptible,RESISTANT,acrF; aph(3'')-Ib; aph(6)-Id; blaEC; dfrA14; gyrA_S83L; mdtM; sul2
562.7723,RESISTANT,,susceptible,susceptible,RESISTANT,acrF; aph(3'')-Ib; aph(6)-Id; blaEC; blaTEM-1; dfrA5; mdtM; sul2; tet(A)
562.7724,susceptible,,susceptible,susceptible,RESISTANT,aadA1; acrF; aph(3'')-Ib; aph(6)-Id; blaEC; dfrA1; gyrA_S83L; mdtM; sat2; sul2; tet(A)
562.7725,RESISTANT,,susceptible,susceptible,RESISTANT,acrF; aph(3'')-Ib; aph(6)-Id; blaEC; blaTEM-1; dfrA14; emrD; mdtM; sul2; tet(A)
562.7726,RESISTANT,,susceptible,susceptible,RESISTANT,acrF; aph(3'')-Ib; aph(6)-Id; blaEC; blaTEM-1; dfrA14; emrD; mdtM; sul2; tet(A)
562.7727,RESISTANT,,susceptible,susceptible,RESISTANT,acrF; aph(3'')-Ib; aph(6)-Id; blaEC; blaTEM-1; dfrA8; mdtM; sul2; tet(A)
562.7728,susceptible,,susceptible,susceptible,susceptible,acrF; blaEC; mdtM
562.7729,susceptible,,susceptible,susceptible,susceptible,acrF; mdtM
562.7730,RESISTANT,,susceptible,susceptible,RESISTANT,acrF; aph(3'')-Ib; aph(6)-Id; blaEC; blaTEM-1; dfrA8; emrD; mdtM; sul2; tet(B)
562.7731,RESISTANT,,susceptible,susceptible,RESISTANT,acrF; aph(3'')-Ib; blaEC; blaTEM-1; dfrA14; mdtM; sul2; tet(A)
562.7732,susceptible,,susceptible,susceptible,susceptible,acrF; blaEC; mdtM
562.7733,RESISTANT,,susceptible,susceptible,RESISTANT,acrF; aph(3'')-Ib; aph(6)-Id; blaEC; blaTEM-1; catA1; dfrA7; mdtM; sul1; sul2; tet(A)
562.7734,susceptible,,susceptible,susceptible,RESISTANT,acrF; aph(3'')-Ib; aph(6)-Id; blaEC; dfrA14; mdtM; sul2
562.7735,RESISTANT,,susceptible,susceptible,RESISTANT,acrF; aph(3'')-Ib; aph(6)-Id; blaEC; blaTEM-1; dfrA7; emrD; mdtM; sul1; sul2; tet(A)
562.7737,RESISTANT,,susceptible,susceptible,RESISTANT,acrF; aph(3'')-Ib; aph(6)-Id; blaEC; blaTEM-1; dfrA7; emrD; mdtM; sul1; sul2; tet(A)
562.7738,susceptible,,susceptible,susceptible,susceptible,acrF; blaEC; mdtM
562.7739,RESISTANT,,susceptible,susceptible,RESISTANT,acrF; mdtM
562.7740,RESISTANT,,susceptible,susceptible,RESISTANT,aadA5; acrF; blaEC; blaTEM-1; dfrA17; emrD; gyrA_S83L; mdtM; mph(A); mrx(A); sul1; tet(B); uhpT_E350Q
562.7741,RESISTANT,,susceptible,susceptible,susceptible,acrF; blaEC; blaTEM-1; dfrA8; mdtM; tet(A)
562.7742,susceptible,,susceptible,susceptible,susceptible,acrF; blaEC; emrD; gyrA_S83L; nfsA_W77Ter; uhpT_E350Q
562.7743,RESISTANT,,susceptible,susceptible,RESISTANT,acrF; aph(3'')-Ib; aph(6)-Id; blaEC; blaTEM-1; dfrA5; mdtM; sul2; tet(A)
562.7744,RESISTANT,,susceptible,susceptible,RESISTANT,acrF; aph(3'')-Ib; aph(6)-Id; blaEC; blaTEM-1; dfrA14; emrD; mdtM; sul2; tet(A)
562.7745,RESISTANT,,susceptible,susceptible,RESISTANT,acrF; aph(3'')-Ib; aph(6)-Id; blaEC; blaTEM-1; dfrA7; emrD; sul1; sul2; tet(A); uhpT_E350Q
562.7746,RESISTANT,,susceptible,susceptible,RESISTANT,acrF; blaEC; blaTEM-1; cirA_R284AfsTer13; emrD; mdtM; mph(A); mrx(A)
562.7747,RESISTANT,,susceptible,susceptible,susceptible,acrF; blaCTX-M-15; blaEC; blaTEM-1; emrD; mdtM
562.7749,susceptible,,susceptible,susceptible,RESISTANT,acrF; blaEC; catA1; dfrA1; mdtM; sul1
562.7750,RESISTANT,,susceptible,susceptible,RESISTANT,acrF; aph(3'')-Ib; aph(6)-Id; blaEC; blaTEM-1; dfrA7; mdtM; sul1; sul2; tet(A)
562.7752,RESISTANT,,susceptible,susceptible,RESISTANT,acrF; aph(3'')-Ib; aph(6)-Id; blaEC; blaTEM-1; dfrA7; emrD; sul1; sul2; tet(A)
562.7753,RESISTANT,,susceptible,susceptible,RESISTANT,aadA1; acrF; aph(3'')-Ib; aph(6)-Id; blaEC; blaOXA-1; catA1; dfrA1; gyrA_S83L; mdtM; sat2; sul2; tet(B)
562.7754,susceptible,,susceptible,susceptible,RESISTANT,acrF; aph(3'')-Ib; aph(6)-Id; blaEC; dfrA1; mdtM; sul2; tet(B)
562.7755,RESISTANT,,susceptible,susceptible,susceptible,acrF; blaEC; dfrA14; mdtM; uhpT_Q249Ter
562.7757,RESISTANT,,susceptible,susceptible,RESISTANT,aadA5; acrF; aph(3'')-Ib; aph(6)-Id; blaEC; blaTEM-1; dfrA17; mph(A); mrx(A); sul1; sul2; tet(A)
562.7758,susceptible,,susceptible,susceptible,RESISTANT,acrF; aph(3'')-Ib; aph(6)-Id; blaEC; dfrA14; mdtM; pmrB_V161G; sul2
562.7759,susceptible,,susceptible,susceptible,susceptible,acrF; blaEC; emrD; gyrA_S83L; mdtM; pmrB_V161G
562.7760,RESISTANT,,susceptible,susceptible,RESISTANT,acrF; aph(3'')-Ib; aph(6)-Id; blaEC; blaTEM-1; dfrA7; emrD; sul1; sul2; tet(A); uhpT_E350Q
562.7761,susceptible,,susceptible,susceptible,susceptible,acrF; blaEC; emrD; mdtM; ptsI_V25I; uhpT_E350Q
562.7762,susceptible,,susceptible,susceptible,susceptible,acrF; blaEC; emrD; mdtM
562.7763,susceptible,,susceptible,susceptible,RESISTANT,acrF; dfrA1; emrD; mdtM; sat2
562.7765,susceptible,,susceptible,susceptible,susceptible,acrF; blaEC; emrD; mdtM
562.7766,susceptible,,susceptible,susceptible,susceptible,acrF; blaEC; mdtM
562.7767,RESISTANT,,susceptible,susceptible,RESISTANT,aadA1; acrF; aph(3'')-Ib; aph(6)-Id; blaEC; blaOXA-1; blaTEM-1; catA1; dfrA1; gyrA_S83L; mdtM; mph(A); mrx(A); sat2; sul2; tet(B)
562.7769,RESISTANT,,susceptible,susceptible,RESISTANT,acrF; aph(3'')-Ib; aph(6)-Id; blaEC; blaTEM-1; dfrA8; mdtM; sul2; tet(B)
562.7770,RESISTANT,,susceptible,susceptible,RESISTANT,aadA1; acrF; aph(3'')-Ib; aph(6)-Id; blaEC; blaOXA-1; catA1; dfrA1; mdtM; sat2; sul2; tet(B)
562.7771,RESISTANT,,RESISTANT,RESISTANT,susceptible,aac(3)-IId; acrF; blaEC; blaTEM-1; emrD; gyrA_D87N; gyrA_S83L; mdtM; parC_S80I; parE_L416F
562.7772,susceptible,,susceptible,susceptible,susceptible,acrF; aph(3'')-Ib; aph(6)-Id; blaEC; blaTEM-1; cyaA_S352T; dfrA7; mdtM; sul1; sul2; tet(B)
562.7774,susceptible,,susceptible,susceptible,RESISTANT,acrF; blaEC; catA1; dfrA1; mdtM; sul1
562.7775,RESISTANT,,RESISTANT,susceptible,RESISTANT,aadA1; acrF; aph(3'')-Ib; aph(6)-Id; blaEC; blaOXA-1; blaTEM-1; catA1; dfrA1; gyrA_D87N; gyrA_S83L; mdtM; mph(A); mrx(A); parC_S80I; sat2; sul2; tet(B)
562.7776,RESISTANT,,susceptible,susceptible,RESISTANT,acrF; blaEC; emrD; marR_S3N; uhpT_E350Q
562.7777,RESISTANT,,susceptible,susceptible,RESISTANT,acrF; aph(3'')-Ib; aph(6)-Id; blaEC; blaTEM-1; dfrA8; mdtM; sul2; tet(B)
562.7778,RESISTANT,,susceptible,susceptible,RESISTANT,acrF; aph(3'')-Ib; aph(6)-Id; blaEC; blaTEM-1; dfrA8; mdtM; sul2; tet(B)
562.7779,susceptible,,susceptible,susceptible,RESISTANT,acrF; aph(3'')-Ib; aph(6)-Id; blaEC; dfrA14; mdtM; sul2
562.7780,susceptible,,susceptible,susceptible,RESISTANT,acrF; aph(3'')-Ib; aph(6)-Id; blaEC; dfrA14; mdtM; sul2
562.7781,susceptible,,susceptible,susceptible,susceptible,acrF; aph(3'')-Ib; aph(6)-Id; blaEC; emrD; mdtM; sul2; tet(A)
562.7782,RESISTANT,,susceptible,susceptible,RESISTANT,aadA1; acrF; aph(3'')-Ib; aph(6)-Id; blaCMY; blaEC; blaOXA-1; catA1; dfrA1; gyrA_S83L; mdtM; sat2; sul2; tet(A); tet(B)
562.7783,susceptible,,susceptible,susceptible,susceptible,acrF; blaEC-5; emrD; uhpT_E350Q
562.7784,RESISTANT,,susceptible,susceptible,RESISTANT,acrF; blaEC-5; emrD; uhpT_E350Q
562.7785,susceptible,,susceptible,susceptible,susceptible,acrF; blaEC; mdtM
562.7786,susceptible,,susceptible,susceptible,RESISTANT,acrF; aph(3'')-Ib; aph(6)-Id; blaEC; dfrA14; mdtM; sul2
562.7788,susceptible,,susceptible,susceptible,susceptible,acrF; blaEC; emrD; mdtM
562.7789,susceptible,,susceptible,susceptible,susceptible,acrF; blaEC; emrD
562.7790,RESISTANT,,susceptible,susceptible,RESISTANT,acrF; aph(3'')-Ib; aph(6)-Id; blaEC; cirA_R284AfsTer13; dfrA8; emrD; mdtM; sul2; tet(B)
562.7791,RESISTANT,,susceptible,susceptible,RESISTANT,acrF; aph(3'')-Ib; aph(6)-Id; blaEC; blaTEM-1; dfrA14; emrD; mdtM; sul2; tet(A)
562.7792,RESISTANT,,susceptible,susceptible,RESISTANT,acrF; aph(3'')-Ib; aph(6)-Id; blaEC; blaTEM-1; dfrA14; emrD; marR_S3N; sul2; uhpT_E350Q
562.7793,susceptible,,susceptible,susceptible,susceptible,acrF; blaEC; blaTEM; mdtM
562.97749,susceptible,,susceptible,susceptible,susceptible,acrF; blaEC; emrD; marR_S3N
562.97750,susceptible,,susceptible,susceptible,susceptible,acrF; blaEC; emrD
562.97751,RESISTANT,,susceptible,susceptible,RESISTANT,acrF; blaEC; blaTEM-1; blaTEMp_C32T; catA1; dfrA7; emrD; mdtM; parE_I529L; ptsI_V25I; sul1; tet(B); uhpT_E350Q
562.97752,susceptible,,susceptible,susceptible,susceptible,acrF; blaEC-5; emrD; tet(B)
562.97753,RESISTANT,,susceptible,susceptible,susceptible,acrF; aph(3'')-Ib; aph(6)-Id; blaEC; blaTEM-1; mdtM; sul2
562.97754,susceptible,,susceptible,susceptible,susceptible,acrF; blaEC; mdtM
562.97755,susceptible,,susceptible,susceptible,susceptible,acrF; blaEC; emrD; marR_S3N; mdtM
562.97756,RESISTANT,,susceptible,susceptible,RESISTANT,acrF; aph(3'')-Ib; aph(6)-Id; blaEC; blaTEM-1; dfrA5; mdtM; sul2; tet(A)
562.97757,RESISTANT,,susceptible,susceptible,RESISTANT,acrF; aph(3'')-Ib; aph(3')-Ia; aph(6)-Id; blaEC; blaTEM-1; dfrA5; emrD; marR_S3N; mdtM; sul2
562.97758,susceptible,,susceptible,susceptible,susceptible,acrF; blaEC; mdtM
562.97759,susceptible,,susceptible,susceptible,susceptible,acrF; blaEC; catA2; emrD; marR_S3N; nfsA_G154E; tet(D)
562.97760,RESISTANT,,susceptible,susceptible,RESISTANT,aadA1; acrF; blaEC; blaSHV-1; dfrA1; emrD; mdtM; sat2; sul1; tet(D)
562.97761,susceptible,,susceptible,susceptible,susceptible,acrF; blaEC; emrD; marR_S3N
562.97762,susceptible,,susceptible,susceptible,susceptible,acrF; aph(3'')-Ib; aph(6)-Id; blaEC; cyaA_S352T; emrD; mdtM; mph(A); mrx(A); sul2; tet(B)
562.97763,susceptible,,susceptible,susceptible,susceptible,acrF; blaEC; emrD; parE_I529L; ptsI_V25I; uhpT_E350Q
562.97764,susceptible,,susceptible,susceptible,susceptible,acrF; aph(3'')-Ib; aph(6)-Id; blaEC; cirA_V239RfsTer47; cyaA_S352T; emrD; uhpT_E350Q
562.97765,susceptible,,susceptible,susceptible,RESISTANT,acrF; blaEC; emrD; marR_S3N
562.97766,susceptible,,susceptible,susceptible,susceptible,acrF; blaEC-5; emrD; uhpT_E350Q
562.97767,susceptible,,susceptible,susceptible,susceptible,acrF; blaEC; cyaA_S352T; emrD
562.97768,susceptible,,susceptible,susceptible,susceptible,acrF; aph(3'')-Ib; aph(6)-Id; blaEC; emrD; marR_S3N; sul2; tet(B)
562.97769,RESISTANT,,RESISTANT,RESISTANT,RESISTANT,aac(3)-IId; acrF; aph(3'')-Ib; aph(3')-Ia; aph(6)-Id; blaCTX-M-15; blaEC; blaTEM-1; catA1; cyaA_S352T; dfrA5; emrD; gyrA_D87Y; gyrA_S83L; mdtM; mph(A); mrx(A); nfsA_L63KfsTer3; parC_S80I; parE_S458A; sul1; sul2; tet(B); uhpT_E350Q
562.97770,susceptible,,susceptible,susceptible,susceptible,acrF; aph(3'')-Ib; aph(6)-Id; blaEC; cirA_Q56Ter; cyaA_S352T; emrD; mdtM; parE_I355T; uhpT_E350Q
562.97771,susceptible,,susceptible,susceptible,RESISTANT,aadA1; acrF; aph(3'')-Ib; aph(6)-Id; blaEC; blaTEM; dfrA1; emrD; mph(B); rdmCL; sul1; sul2
562.97772,susceptible,,susceptible,susceptible,susceptible,acrF; blaEC; emrD; marR_S3N; mdtM
562.97773,susceptible,,susceptible,susceptible,susceptible,acrF; blaEC-5; emrD; marR_S3N
562.97774,RESISTANT,,susceptible,susceptible,susceptible,acrF; blaEC-5; emrD
562.97775,RESISTANT,,susceptible,susceptible,susceptible,acrF; ampC_T-14TGT; blaEC; emrD; uhpT_E350Q
562.97777,RESISTANT,,susceptible,susceptible,RESISTANT,aadA1; acrF; aph(3'')-Ib; aph(6)-Id; blaEC; blaTEM-1; cirA_W243Ter; cyaA_S352T; dfrA1; emrD; mdtM; sat2; sul2
562.97778,susceptible,,susceptible,susceptible,susceptible,acrF; blaEC; emrD; marR_S3N; mdtM
562.97779,susceptible,,susceptible,susceptible,susceptible,acrF; blaEC; mdtM; soxR_G121D
562.97780,RESISTANT,,susceptible,susceptible,RESISTANT,aadA1; acrF; aph(3'')-Ib; aph(6)-Id; blaEC; blaTEM-1; cyaA_S352T; dfrA1; emrD; mdtM; sul1; sul2; tet(B)
562.97781,RESISTANT,,susceptible,susceptible,RESISTANT,aadA1; acrF; blaEC; blaTEM-1; dfrA1; emrD; sat2; sul1
562.97782,susceptible,,susceptible,susceptible,susceptible,acrF; blaEC; mdtM; ompC_Q104Ter
562.97783,RESISTANT,,susceptible,susceptible,susceptible,acrF; blaEC; blaTEM-1; emrD; marR_S3N; mdtM; tet(A)
562.97784,susceptible,,susceptible,susceptible,susceptible,acrF; blaEC; cirA_Q56Ter; cyaA_S352T; emrD; mdtM; parE_I355T; uhpT_E350Q
562.97786,susceptible,,susceptible,susceptible,susceptible,acrF; blaEC-5; emrD; gyrA_S83L; mdtM
562.97787,RESISTANT,,susceptible,susceptible,RESISTANT,acrF; aph(3'')-Ib; aph(3')-Ia; aph(6)-Id; blaEC; blaTEM-1; blaTEMp_C32T; catA1; cyaA_S352T; dfrA14; emrD; mph(A); mrx(A); sul2; tet(A)
562.97788,susceptible,,susceptible,susceptible,susceptible,acrF; blaEC-5; emrD
562.97789,susceptible,,susceptible,susceptible,susceptible,acrF; blaEC; cyaA_S352T; emrD; mdtM
562.97790,susceptible,,susceptible,susceptible,susceptible,acrF; blaEC; emrD; marR_S3N; mdtM
562.97791,susceptible,,susceptible,susceptible,susceptible,acrF; blaEC; emrD; uhpT_E350Q
562.97793,RESISTANT,,susceptible,susceptible,RESISTANT,aadA1; acrF; acrR_E64NfsTer9; aph(3'')-Ib; aph(6)-Id; blaEC; blaTEM-1; dfrA1; mdtM; sat2; sul2
562.97794,susceptible,,susceptible,susceptible,susceptible,acrF; aph(3'')-Ib; aph(6)-Id; blaEC; mdtM
562.97795,susceptible,,susceptible,susceptible,susceptible,acrF; acrR_E190RfsTer20; blaEC; emrD; marR_S3N; mdtM
562.97796,susceptible,,susceptible,susceptible,susceptible,acrF; blaEC; mdtM
562.97797,susceptible,,susceptible,susceptible,susceptible,acrF; blaEC; cirA_Q598Ter; emrD; uhpT_E350Q
562.97798,susceptible,,susceptible,susceptible,susceptible,acrF; blaEC-5; emrD
562.97799,RESISTANT,,RESISTANT,susceptible,RESISTANT,aadA1; acrF; aph(3'')-Ib; aph(6)-Id; blaEC; blaTEM-1; dfrA1; gyrA_D87N; gyrA_S83L; mdtM; parC_S80I; sul1; sul2; tet(A)
562.97800,RESISTANT,,susceptible,susceptible,susceptible,acrF; acrR_E64Ter; blaEC-5; blaTEM-1; emrD; gyrA_S83L; marR_S3N; mdtM; uhpT_E350Q
562.97801,susceptible,,susceptible,susceptible,susceptible,acrF; blaEC; cirA_Y390Ter; emrD
562.97802,RESISTANT,,susceptible,susceptible,susceptible,acrF; blaEC-5; emrD; mdtM
562.97803,susceptible,,susceptible,susceptible,susceptible,acrF; blaEC-5; emrD; uhpT_E350Q
562.97804,susceptible,,susceptible,susceptible,susceptible,acrF; blaEC-5; emrD
562.97805,RESISTANT,,susceptible,susceptible,susceptible,aadA5; acrF; blaEC; blaTEM-1; cyaA_S352T; dfrA17; emrD; mdtM; sul1; tet(B)
562.97806,susceptible,,susceptible,susceptible,susceptible,acrF; blaEC; cyaA_S352T; emrD; mdtM; parC_S57T
562.97807,susceptible,,susceptible,susceptible,susceptible,acrF; blaEC; emrD; marR_S3N; mdtM
562.97809,susceptible,,susceptible,susceptible,susceptible,acrF; blaEC; cirA_E450AfsTer30; cyaA_S352T; emrD; mdtM
562.97810,RESISTANT,,susceptible,susceptible,RESISTANT,acrF; aph(3'')-Ib; aph(3')-Ia; aph(6)-Id; blaEC; blaTEM-1; dfrA5; emrD; sul2
562.97811,susceptible,,susceptible,susceptible,susceptible,acrF; blaEC; emrD; mdtM
562.97812,RESISTANT,,susceptible,susceptible,susceptible,acrF; blaEC-5; blaTEM-1; emrD; marR_S3N; mdtM; uhpT_E350Q
562.97813,susceptible,,susceptible,susceptible,susceptible,acrF; blaEC-5; emrD
562.97814,susceptible,,susceptible,susceptible,susceptible,acrF; blaEC; mdtM
562.97815,RESISTANT,,susceptible,susceptible,RESISTANT,aadA1; acrF; aph(3'')-Ib; aph(6)-Id; blaEC; blaTEM-1; dfrA1; mdtM; sul1; sul2; tet(A)
562.97816,susceptible,,susceptible,susceptible,susceptible,acrF; blaEC-5; emrD
562.97817,susceptible,,susceptible,susceptible,susceptible,acrF; blaEC-5; emrD
562.97818,susceptible,,susceptible,susceptible,susceptible,acrF; blaEC-5; emrD
562.97819,susceptible,,susceptible,susceptible,susceptible,acrF; blaEC-5; emrD; mdtM
562.97820,susceptible,,susceptible,susceptible,susceptible,acrF; blaEC; cirA_Q56Ter; cyaA_S352T; emrD; mdtM; parE_I355T; uhpT_E350Q
562.97821,susceptible,,susceptible,susceptible,susceptible,acrF; aph(3'')-Ib; aph(6)-Id; blaEC; mdtM; nfsA_Q195Ter; tet(B)
562.97822,susceptible,,susceptible,susceptible,susceptible,acrF; blaEC; emrD; marR_S3N
562.97823,susceptible,,susceptible,susceptible,susceptible,acrF; blaEC; emrD; marR_S3N
562.97824,RESISTANT,,RESISTANT,susceptible,RESISTANT,acrF; blaEC; blaTEM-1; cirA_Y184IfsTer10; gyrA_D87N; gyrA_S83L; mdtM; parC_E84G; parC_S80I; tet(A)
562.97825,susceptible,,susceptible,susceptible,susceptible,acrF; blaEC-5; emrD
562.97826,susceptible,,susceptible,susceptible,susceptible,acrF; blaEC; emrD; mdtM
562.97827,susceptible,,susceptible,susceptible,susceptible,acrF; blaEC; mdtM
562.97828,RESISTANT,,susceptible,susceptible,susceptible,aadA1; acrF; blaEC-5; blaSHV-1; emrD; sul1
562.97829,susceptible,,susceptible,susceptible,susceptible,acrF; blaEC; emrD; parE_I355T
562.97830,susceptible,,susceptible,susceptible,RESISTANT,aadA5; acrF; aph(3'')-Ib; aph(6)-Id; blaEC; cyaA_S352T; dfrA17; emrD; mdtM; sul1; sul2; tet(B)
562.97831,susceptible,,susceptible,susceptible,susceptible,acrF; blaEC; emrD; marR_S3N
562.97832,susceptible,,susceptible,susceptible,susceptible,acrF; blaEC; emrD; marR_S3N; mdtM
562.97833,susceptible,,susceptible,susceptible,susceptible,acrF; blaEC; emrD; uhpT_E350Q
562.97834,RESISTANT,,susceptible,susceptible,RESISTANT,aadA5; acrF; aph(3'')-Ib; aph(6)-Id; blaEC; blaTEM-1; cyaA_S352T; dfrA17; emrD; mdtM; sul1; sul2
562.97835,RESISTANT,,susceptible,susceptible,RESISTANT,acrF; aph(3'')-Ib; aph(6)-Id; blaEC; blaTEM-1; dfrA5; emrD; sul2
562.97836,susceptible,,susceptible,susceptible,susceptible,acrF; blaEC; cyaA_S352T; emrD; mdtM; parC_S57T
562.97837,susceptible,,susceptible,susceptible,susceptible,acrF; blaEC; emrD; marR_S3N; mdtM
562.97838,susceptible,,susceptible,susceptible,susceptible,acrF; blaEC-5; emrD
562.97839,susceptible,,susceptible,susceptible,susceptible,acrF; aph(3'')-Ib; aph(6)-Id; blaEC; mdtM
562.97840,susceptible,,susceptible,susceptible,RESISTANT,acrF; blaEC-5; blaOXA; catA1; dfrA7; emrD; marR_S3N; parE_I355T; sul1; tet(B); uhpT_E350Q
562.97841,RESISTANT,,susceptible,susceptible,susceptible,acrF; blaEC; blaTEM-1; cyaA_S352T; emrD; tet(A)
562.97842,susceptible,,susceptible,susceptible,susceptible,acrF; blaEC-5; emrD; uhpT_E350Q
562.97843,susceptible,,susceptible,susceptible,susceptible,acrF; blaEC; emrD; marR_S3N; mdtM
562.97844,susceptible,,susceptible,susceptible,susceptible,acrF; blaEC; emrD
562.97845,susceptible,,susceptible,susceptible,susceptible,acrF; blaEC; emrD; marR_S3N; mdtM
562.97846,RESISTANT,,RESISTANT,RESISTANT,susceptible,aac(3)-IId; acrF; acrR_K80NfsTer9; blaEC; blaTEM-1; cyaA_S352T; emrD; gyrA_D87N; gyrA_S83L; ompF_Q222Ter; parC_S80I; parE_S458A; tet(B)
562.97847,susceptible,,susceptible,susceptible,RESISTANT,aadA1; acrF; aph(3'')-Ib; aph(6)-Id; blaEC-5; dfrA1; emrD; sul1; tet(B)
562.97849,susceptible,,susceptible,susceptible,susceptible,acrF; blaEC; emrD; mdtM; nfsA_E198Ter; nfsB_Q35Ter; uhpT_E350Q
562.97850,susceptible,,susceptible,susceptible,susceptible,acrF; blaEC; emrD; parE_I529L; ptsI_V25I; uhpT_E350Q
562.97851,susceptible,,susceptible,susceptible,susceptible,acrF; blaEC; emrD; marR_S3N; mdtM
562.97852,RESISTANT,,susceptible,susceptible,susceptible,acrF; blaEC; blaTEM-1; emrD; parE_I529L; ptsI_V25I; tet(A); uhpT_E350Q
562.97853,susceptible,,susceptible,susceptible,susceptible,acrF; blaEC; mdtM
562.97854,susceptible,,susceptible,susceptible,susceptible,acrF; blaEC-5; emrD; tet(B)
562.97855,susceptible,,susceptible,susceptible,susceptible,acrF; blaEC; emrD; parE_D475E
562.97856,susceptible,,susceptible,susceptible,susceptible,acrF; blaEC; cirA_Q56Ter; cyaA_S352T; emrD; mdtM; parE_I355T; uhpT_E350Q
562.97857,susceptible,,susceptible,susceptible,susceptible,acrF; blaEC; emrD; marR_S3N
562.97858,susceptible,,susceptible,susceptible,susceptible,acrF; blaEC; emrD; marR_S3N; mdtM
562.97859,RESISTANT,,susceptible,susceptible,susceptible,acrF; aph(3'')-Ib; aph(6)-Id; blaEC; blaTEM-1; catA1; cirA_W243Ter; cyaA_S352T; emrD; mdtM; sul2; tet(A)
562.97860,susceptible,,susceptible,susceptible,susceptible,acrF; blaEC; mdtM
562.97861,susceptible,,susceptible,susceptible,susceptible,acrF; blaEC; emrD; marR_S3N
562.97862,susceptible,,susceptible,susceptible,susceptible,acrF; blaEC; emrD; marR_S3N; mdtM
562.97863,RESISTANT,,susceptible,susceptible,susceptible,acrF; blaEC; blaTEM-1; blaTEMp_G162T; emrD; marR_S3N; mdtM; tet(A)
562.97864,susceptible,,susceptible,susceptible,susceptible,acrF; blaEC-5; emrD
562.97865,susceptible,,susceptible,susceptible,RESISTANT,aadA1; acrF; blaEC; dfrA1; emrD; parE_I529L; ptsI_V25I; sul1; tet(A); uhpT_E350Q
562.97866,RESISTANT,,susceptible,susceptible,RESISTANT,aadA5; acrF; aph(3'')-Ib; aph(6)-Id; blaEC; blaTEM-1; catA1; cyaA_S352T; dfrA17; emrD; mdtM; mph(A); mrx(A); sul1; sul2; tet(B)
562.97867,susceptible,,susceptible,susceptible,susceptible,acrF; blaEC; fosA7.5; mdtM
562.97868,susceptible,,susceptible,susceptible,susceptible,acrF; blaEC; cirA_Q56Ter; cyaA_S352T; emrD; mdtM; parE_I355T; uhpT_E350Q
562.97869,susceptible,,susceptible,susceptible,susceptible,acrF; blaEC; emrD
562.97870,susceptible,,susceptible,susceptible,susceptible,acrF; blaEC-5; emrD; mdtM
562.97871,susceptible,,susceptible,susceptible,susceptible,acrF; blaEC; emrD; marR_S3N
562.97872,susceptible,,susceptible,susceptible,susceptible,acrF; blaEC; cyaA_S352T; emrD; mdtM
562.97873,RESISTANT,,susceptible,susceptible,RESISTANT,aadA5; acrF; aph(3'')-Ib; aph(6)-Id; blaEC; blaTEM-1; catA1; cyaA_S352T; dfrA17; emrD; mdtM; mph(A); mrx(A); sul1; sul2; tet(B)
562.97874,RESISTANT,,susceptible,susceptible,susceptible,aadA1; acrF; aph(3'')-Ib; aph(6)-Id; blaEC; blaOXA-1; catA1; mdtM; sul1; sul2; tet(B)
562.97875,susceptible,,susceptible,susceptible,susceptible,acrF; blaEC-5; emrD
562.97877,susceptible,,susceptible,susceptible,susceptible,acrF; blaEC; cyaA_S352T; emrD; mdtM
562.97878,susceptible,,susceptible,susceptible,susceptible,acrF; blaEC-5; emrD; uhpT_E350Q
562.97879,susceptible,,susceptible,susceptible,susceptible,acrF; blaEC; emrD; marR_S3N; mdtM
562.97880,RESISTANT,,susceptible,susceptible,susceptible,aadA1; acrF; blaEC; blaOXA-1; catA1; mdtM; sul1; tet(B)
562.97881,susceptible,,susceptible,susceptible,susceptible,acrF; blaEC; emrD; marR_S3N
562.97882,susceptible,,susceptible,susceptible,susceptible,acrF; blaEC-5; emrD
562.97883,susceptible,,susceptible,susceptible,susceptible,acrF; aph(3'')-Ib; aph(6)-Id; blaEC; cyaA_S352T; dfrA17; emrD; mdtM; sul2; tet(B)
562.97884,susceptible,,susceptible,susceptible,RESISTANT,acrF; aph(3'')-Ib; aph(6)-Id; blaEC; cyaA_S352T; dfrA5; emrD; mdtM; sul2; tet(A)
562.97885,susceptible,,susceptible,susceptible,susceptible,acrF; blaEC; cirA_T405PfsTer3; emrD; marR_S3N
562.97886,susceptible,,susceptible,susceptible,susceptible,acrF; blaEC; emrD; uhpT_E350Q
562.97887,susceptible,,susceptible,susceptible,susceptible,acrF; blaEC-5; emrD
562.97888,susceptible,,susceptible,susceptible,susceptible,acrF; blaEC; mdtM; parC_A56T
562.97889,susceptible,,susceptible,susceptible,susceptible,acrF; blaEC; emrD; marR_S3N; mdtM
562.97890,susceptible,,susceptible,susceptible,susceptible,acrF; blaEC; emrD; marR_S3N
562.97891,susceptible,,susceptible,susceptible,susceptible,acrF; blaEC; mdtM; nfsA_L103_L201del
562.97892,susceptible,,susceptible,susceptible,susceptible,acrF; blaEC; cirA_Q56Ter; cyaA_S352T; emrD; mdtM; parE_I355T; uhpT_E350Q
562.97893,RESISTANT,,susceptible,susceptible,susceptible,acrF; blaEC; blaTEM-1; emrD; uhpT_E350Q
562.97894,susceptible,,susceptible,susceptible,RESISTANT,aadA1; acrF; blaEC; dfrA1; emrD; marR_S3N; mdtM; sat2; sul2
562.97895,susceptible,,susceptible,susceptible,susceptible,acrF; blaEC-5; emrD; marR_S3N; uhpT_E350Q
562.97896,susceptible,,susceptible,susceptible,susceptible,acrF; blaEC; mdtM
562.97897,susceptible,,susceptible,susceptible,susceptible,acrF; blaEC; emrD
562.97898,RESISTANT,,susceptible,susceptible,RESISTANT,aadA5; acrF; aph(3'')-Ib; aph(6)-Id; blaEC; blaTEM-1; cyaA_S352T; dfrA17; emrD; mph(A); mrx(A); sul1; sul2; tet(B)
562.97899,susceptible,,susceptible,susceptible,susceptible,aadA1; acrF; blaEC-5; emrD; sul1
562.97900,susceptible,,susceptible,susceptible,susceptible,acrF; blaEC; mdtM
562.97901,susceptible,,susceptible,susceptible,susceptible,acrF; acrR_W50Ter; blaEC; cirA_G88AfsTer1; emrD; uhpT_E350Q
562.97902,susceptible,,susceptible,susceptible,susceptible,acrF; blaEC-5; emrD; marR_S3N; uhpT_E350Q
562.97903,susceptible,,susceptible,susceptible,RESISTANT,acrF; aph(3'')-Ib; aph(6)-Id; blaEC; cirA_P304RfsTer24; mdtM; sul2
562.97904,RESISTANT,,susceptible,susceptible,susceptible,acrF; aph(3'')-Ib; aph(6)-Id; blaEC; blaTEM-1; emrD; marR_S3N; sul2
562.97905,susceptible,,susceptible,susceptible,susceptible,acrF; blaEC; emrD; marR_S3N
562.97906,susceptible,,susceptible,susceptible,susceptible,acrF; blaEC-5; emrD
562.97907,RESISTANT,,susceptible,susceptible,susceptible,acrF; aph(3'')-Ib; aph(6)-Id; blaEC; blaTEM-1; mdtM; sul2
562.97908,susceptible,,susceptible,susceptible,susceptible,acrF; blaEC; emrD; parE_I529L; ptsI_V25I; uhpT_E350Q
562.97909,susceptible,,susceptible,susceptible,susceptible,aadA1; acrF; aph(3'')-Ib; aph(6)-Id; blaEC; dfrA1; emrD; sat2
562.97910,RESISTANT,,susceptible,susceptible,susceptible,acrF; blaEC; blaTEM-1; dfrA5; mdtM; tet(A)
562.97911,RESISTANT,,susceptible,susceptible,susceptible,aadA1; acrF; aph(3'')-Ib; aph(6)-Id; blaEC; blaOXA-1; catA1; mdtM; sul1; sul2; tet(B)
562.97912,susceptible,,susceptible,susceptible,susceptible,acrF; blaEC; cyaA_S352T; emrD; mdtM
562.97913,susceptible,,susceptible,susceptible,susceptible,acrF; blaEC-5; emrD
562.97914,RESISTANT,,susceptible,susceptible,RESISTANT,aadA1; acrF; aph(3'')-Ib; aph(6)-Id; blaEC; blaTEM-1; cyaA_S352T; dfrA1; emrD; sat2; sul2; tet(B)
562.97915,RESISTANT,,susceptible,susceptible,susceptible,acrF; aph(3'')-Ib; aph(6)-Id; blaEC; blaTEM-1; dfrA5; emrD; marR_S3N; sul2
562.97916,RESISTANT,,susceptible,susceptible,susceptible,acrF; aph(3'')-Ib; aph(6)-Id; blaEC; blaTEM-1; emrD; marR_S3N; sul2
562.97917,susceptible,,susceptible,susceptible,susceptible,acrF; blaEC-5; emrD
562.97918,RESISTANT,,susceptible,susceptible,susceptible,aadA2; acrF; blaCARB-2; blaEC; emrD; sul1
562.97919,susceptible,,susceptible,susceptible,susceptible,acrF; blaEC-5; emrD
562.97920,susceptible,,susceptible,susceptible,susceptible,acrF; blaEC; cyaA_S352T; emrD; mdtM
562.97921,susceptible,,susceptible,susceptible,susceptible,aadA1; acrF; blaEC-5; emrD; sul1
562.97922,susceptible,,susceptible,susceptible,susceptible,acrF; blaEC; cirA_Q56Ter; cyaA_S352T; emrD; mdtM; parE_I355T; uhpT_E350Q
562.97923,susceptible,,susceptible,susceptible,susceptible,acrF; blaEC-5; emrD
562.97924,susceptible,,susceptible,susceptible,susceptible,acrF; blaEC; emrD
562.97925,susceptible,,susceptible,susceptible,susceptible,acrF; blaEC; emrD; marR_S3N; mdtM
562.97926,susceptible,,susceptible,susceptible,susceptible,acrF; blaEC; emrD; marR_S3N
562.97927,RESISTANT,,susceptible,susceptible,susceptible,acrF; blaEC; emrD; gyrA_S83L; marR_S3N; parE_D475E
562.97928,susceptible,,susceptible,susceptible,susceptible,acrF; blaEC; emrD; marR_S3N; mdtM
562.97929,RESISTANT,,susceptible,susceptible,RESISTANT,acrF; aph(3'')-Ib; aph(6)-Id; blaEC-5; blaTEM-1; dfrA14; emrD; sul2
562.97930,RESISTANT,,susceptible,susceptible,susceptible,acrF; aph(3'')-Ib; aph(6)-Id; blaEC-5; blaTEM-1; cirA_Y520LfsTer17; emrD; sul2
562.97931,RESISTANT,,RESISTANT,susceptible,RESISTANT,aadA5; acrF; aph(3'')-Ib; aph(6)-Id; blaEC; blaTEM-1; cyaA_S352T; dfrA17; emrD; gyrA_D87N; gyrA_S83L; mdtM; mph(A); mrx(A); parC_S57T; parC_S80I; parE_L416F; sul1; sul2; tet(B); uhpT_E350Q
562.97932,susceptible,,susceptible,susceptible,susceptible,acrF; blaEC-5; emrD; marR_S3N; mdtM; uhpT_E350Q
562.97933,RESISTANT,,susceptible,susceptible,RESISTANT,aadA5; acrF; aph(3'')-Ib; aph(6)-Id; blaEC; blaTEM-1; cyaA_S352T; dfrA17; emrD; mdtM; sul1; sul2; tet(B)
562.97934,susceptible,,susceptible,susceptible,susceptible,acrF; blaEC; emrD; gyrA_S83L; soxR_S128del; uhpT_E350Q
562.97935,susceptible,,susceptible,susceptible,susceptible,acrF; aph(3'')-Ib; aph(6)-Id; blaEC; mdtM; sul2; tet(B)
562.97936,RESISTANT,,susceptible,susceptible,susceptible,acrF; blaEC; blaTEM-1; catA1; emrD; nfsA_W159Ter; tet(B)
562.97937,susceptible,,susceptible,susceptible,RESISTANT,aadA1; acrF; aph(3'')-Ib; aph(6)-Id; blaEC; cyaA_S352T; dfrA1; emrD; mdtM; sul1; sul2
562.97938,susceptible,susceptible,susceptible,susceptible,susceptible,acrF; blaEC; mdtM
562.97939,susceptible,susceptible,susceptible,susceptible,RESISTANT,aadA1; aadA2; acrF; blaEC; cmlA1; cyaA_S352T; dfrA1; dfrA8; emrD; estX-3; mdtM; sul1; sul3; tet(A); uhpT_E350Q
562.97940,susceptible,susceptible,susceptible,susceptible,susceptible,acrF; blaEC; emrD
562.97941,susceptible,susceptible,susceptible,susceptible,susceptible,acrF; blaEC; mdtM
562.97942,susceptible,susceptible,susceptible,susceptible,susceptible,acrF; aph(3'')-Ib; aph(6)-Id; blaEC; mdtM; sul2; tet(A)
562.97943,susceptible,susceptible,susceptible,susceptible,susceptible,aadA5; acrF; aph(3'')-Ib; aph(6)-Id; blaEC; blaTEM-1; catA1; cyaA_S352T; dfrA17; emrD; mdtM; mph(A); mrx(A); sul1; sul2; tet(B)
562.97944,susceptible,susceptible,susceptible,susceptible,susceptible,acrF; blaEC; cyaA_S352T; emrD; mdtM; parC_S57T
562.97945,RESISTANT,susceptible,susceptible,susceptible,susceptible,acrF; aph(3'')-Ib; aph(6)-Id; blaEC-5; emrD; sul2
562.97946,susceptible,susceptible,susceptible,susceptible,susceptible,acrF; blaEC; emrD; marR_S3N
562.97947,susceptible,susceptible,susceptible,susceptible,susceptible,acrF; blaEC-5; emrD; marR_S3N; mdtM; uhpT_E350Q
562.97948,RESISTANT,susceptible,susceptible,susceptible,susceptible,acrF; blaEC; blaTEM-1; cyaA_S352T; emrD; mdtM; parC_S57T; uhpT_E350Q
562.97949,susceptible,susceptible,susceptible,susceptible,susceptible,acrF; blaEC; mdtM
562.97950,susceptible,susceptible,susceptible,susceptible,susceptible,aadA2; acrF; aph(3'')-Ib; aph(6)-Id; blaEC; cirA_V239RfsTer47; cyaA_S352T; dfrA12; emrD; mph(A); mrx(A); sul1; sul2; tet(B); uhpT_E350Q
562.97951,susceptible,susceptible,susceptible,susceptible,susceptible,acrF; blaEC; emrD; marR_S3N
562.97952,RESISTANT,susceptible,susceptible,susceptible,susceptible,acrF; aph(3'')-Ib; aph(6)-Id; blaEC; blaTEM-1; emrD; parE_I529L; ptsI_V25I; tet(A); uhpT_E350Q
562.97953,susceptible,susceptible,susceptible,susceptible,susceptible,acrF; blaEC-5; emrD
562.97954,susceptible,,susceptible,susceptible,susceptible,acrF; blaEC-5; emrD
562.97955,susceptible,,susceptible,susceptible,susceptible,acrF; blaEC; cyaA_S352T; emrD; mdtM
562.97956,susceptible,,susceptible,susceptible,susceptible,acrF; blaEC; cyaA_S352T; emrD; mdtM
562.97957,susceptible,,susceptible,susceptible,susceptible,acrF; blaEC; emrD; marR_S3N; mdtM
562.97958,susceptible,,susceptible,susceptible,susceptible,acrF; blaEC; emrD; marR_S3N; mdtM
562.97959,susceptible,,susceptible,susceptible,susceptible,acrF; acrR_E91Ter; blaEC-5; emrD
562.97960,susceptible,,susceptible,susceptible,RESISTANT,acrF; blaEC; emrD; mdtM
562.97962,RESISTANT,,susceptible,susceptible,susceptible,aadA1; acrF; blaEC-5; blaSHV-1; emrD; sul1
562.97963,susceptible,,susceptible,susceptible,susceptible,acrF; blaEC; emrD; marR_S3N
562.97964,RESISTANT,,susceptible,susceptible,susceptible,acrF; blaEC; blaTEM-1; cyaA_S352T; emrD; mdtM; parC_S57T; tet(A)
562.97965,RESISTANT,,susceptible,susceptible,RESISTANT,acrF; blaEC; blaTEM-1; dfrA5; emrD; gyrA_S83L; marR_S3N; nfsA_G154E; sul2; tet(D)
562.97966,susceptible,susceptible,susceptible,susceptible,susceptible,acrF; blaEC-5; emrD
562.97967,susceptible,,susceptible,susceptible,RESISTANT,acrF; aph(3'')-Ib; aph(6)-Id; blaEC; dfrA14; emrD; marR_S3N; sul2
562.97968,RESISTANT,,susceptible,susceptible,susceptible,acrF; blaEC; blaTEM-1; mdtM
562.97969,RESISTANT,,susceptible,susceptible,susceptible,acrF; aph(3'')-Ib; aph(6)-Id; blaEC; emrD; marR_S3N; sul2; tet(B)
562.97970,RESISTANT,susceptible,susceptible,susceptible,susceptible,acrF; aph(3'')-Ib; aph(6)-Id; blaEC; blaTEM-1; cyaA_S352T; emrD; tet(B)
562.97971,RESISTANT,susceptible,susceptible,susceptible,susceptible,acrF; blaEC; blaTEM-1; emrD
562.97972,susceptible,susceptible,susceptible,susceptible,susceptible,acrF; blaEC; emrD
562.97973,susceptible,susceptible,susceptible,susceptible,susceptible,acrF; blaEC; catA1; emrD; nfsA_W159Ter; tet(B)
562.97974,susceptible,susceptible,susceptible,susceptible,susceptible,acrF; blaEC; mdtM
562.97975,susceptible,susceptible,susceptible,susceptible,susceptible,acrF; blaEC-5; emrD; uhpT_E350Q
562.97976,susceptible,susceptible,susceptible,susceptible,susceptible,acrF; blaEC; emrD; marR_N30KfsTer30; mdtM
562.97977,susceptible,susceptible,susceptible,susceptible,susceptible,acrF; blaEC; emrD; marR_S3N
562.97978,RESISTANT,susceptible,susceptible,susceptible,RESISTANT,aadA1; acrF; blaEC; blaTEM-1; dfrA1; emrD; mdtM; parE_I355T; sul2; tet(A); uhpT_E350Q
562.97979,RESISTANT,susceptible,susceptible,susceptible,RESISTANT,acrF; blaEC; blaTEM-1; dfrA5; emrD; marR_S3N; sul1
562.97980,RESISTANT,susceptible,,susceptible,susceptible,acrF; acrR_S33LfsTer3; blaEC-5; emrD; gyrA_S83L
562.97981,RESISTANT,susceptible,susceptible,susceptible,RESISTANT,aadA5; acrF; aph(3'')-Ib; aph(6)-Id; blaEC; blaTEM-1; cyaA_S352T; dfrA17; emrD; mdtM; mph(A); mrx(A); sul1; sul2
562.97982,susceptible,susceptible,susceptible,susceptible,susceptible,acrF; blaEC-5; emrD
562.97983,RESISTANT,susceptible,,susceptible,RESISTANT,aadA2; acrF; blaEC; blaLAP-2; blaTEM-1; dfrA12; emrD; marR_S3N; qnrS1; sul1; tet(A)
562.97984,RESISTANT,susceptible,susceptible,susceptible,susceptible,acrF; blaEC-5; blaTEM-1; emrD; tet(B)
562.97985,RESISTANT,susceptible,susceptible,susceptible,susceptible,acrF; blaEC; blaTEM-1; emrD; mdtM; parE_I529L; ptsI_V25I; uhpT_E350Q
562.97986,susceptible,susceptible,susceptible,susceptible,susceptible,acrF; blaEC; emrD; marR_S3N; nfsA_L43CfsTer18
562.97987,susceptible,susceptible,susceptible,susceptible,susceptible,acrF; blaEC; cyaA_S352T; emrD; mdtM; uhpT_E350Q
562.97988,RESISTANT,susceptible,susceptible,susceptible,RESISTANT,aadA1; acrF; blaEC; blaTEM-1; cyaA_S352T; dfrA1; emrD; mdtM; mph(A); mrx(A); sat2; sul2
562.97989,susceptible,susceptible,susceptible,susceptible,susceptible,acrF; blaEC; emrD; marR_S3N; nfsA_R203C; tet(B)
562.97990,RESISTANT,susceptible,susceptible,susceptible,susceptible,aadA1; acrF; blaEC; blaTEM-1; catA1; cirA_I195TfsTer4; emrD; marR_S3N; mdtM; nfsA_W212Ter; sul1
562.97991,susceptible,susceptible,susceptible,susceptible,susceptible,acrF; blaEC; emrD; uhpT_E350Q
562.97992,susceptible,susceptible,susceptible,susceptible,susceptible,acrF; blaEC; cyaA_S352T; emrD; mdtM
562.97993,susceptible,susceptible,susceptible,susceptible,susceptible,acrF; blaEC; mdtM
562.97994,RESISTANT,susceptible,RESISTANT,RESISTANT,susceptible,aac(3)-IId; acrF; blaEC; blaTEM-1; emrD; gyrA_D87N; gyrA_S83L; mdtM; parC_E84V; parC_S80I; parE_I529L; ptsI_V25I; uhpT_E350Q
562.97995,susceptible,susceptible,susceptible,susceptible,susceptible,acrF; blaEC-5; emrD; mdtM
562.97996,RESISTANT,susceptible,susceptible,susceptible,susceptible,acrF; blaEC; emrD; marR_S3N; mdtM
562.97997,susceptible,susceptible,susceptible,susceptible,RESISTANT,aadA5; acrF; blaEC; dfrA17; mdtM; sul2; tet(A)
562.97998,RESISTANT,susceptible,susceptible,susceptible,susceptible,acrF; blaEC; blaTEM-1; blaTEMp_G162T; emrD; mdtM; parE_I529L; ptsI_V25I; uhpT_E350Q
562.97999,RESISTANT,susceptible,susceptible,susceptible,susceptible,acrF; aph(3'')-Ib; aph(6)-Id; blaEC; blaTEM-1; emrD; marR_S3N; sul2
562.98000,susceptible,susceptible,susceptible,susceptible,susceptible,acrF; blaEC-5; emrD
562.98001,susceptible,susceptible,susceptible,susceptible,RESISTANT,aadA1; acrF; aph(3'')-Ib; blaEC; cyaA_S352T; dfrA1; mdtM; sul1; sul2
562.98002,susceptible,susceptible,susceptible,susceptible,susceptible,acrF; blaEC; mdtM; tet(B)
562.98003,susceptible,susceptible,susceptible,susceptible,susceptible,acrF; blaEC; emrD
562.98004,susceptible,susceptible,susceptible,susceptible,susceptible,acrF; blaEC; mdtM
562.98005,susceptible,susceptible,susceptible,susceptible,susceptible,acrF; blaEC-5; emrD
562.98006,susceptible,susceptible,susceptible,susceptible,susceptible,acrF; blaEC; emrD
562.98007,susceptible,susceptible,susceptible,susceptible,susceptible,acrF; blaEC; emrD; marR_S3N
562.98008,RESISTANT,susceptible,susceptible,susceptible,susceptible,acrF; blaEC; blaTEM-1; cyaA_S352T; emrD; mdtM; parC_S57T; uhpT_E350Q
562.98009,RESISTANT,susceptible,susceptible,susceptible,RESISTANT,aadA5; acrF; aph(3'')-Ib; aph(6)-Id; blaEC; blaTEM-1; catA1; cyaA_S352T; dfrA17; emrD; mdtM; mph(A); mrx(A); sul1; sul2; tet(B)
562.98010,RESISTANT,susceptible,susceptible,susceptible,RESISTANT,aadA5; acrF; aph(3'')-Ib; aph(6)-Id; blaEC; blaTEM-52; blaTEMp_G162T; catA1; cyaA_S352T; dfrA17; emrD; mdtM; mph(A); mrx(A); sul1; sul2; tet(B)
562.98011,susceptible,susceptible,susceptible,susceptible,susceptible,acrF; aph(3'')-Ib; aph(6)-Id; blaEC; blaTEM-1; cyaA_S352T; dfrA5; emrD; sul1; sul2; tet(A)
562.98012,susceptible,susceptible,susceptible,susceptible,susceptible,acrF; blaEC; cirA_Q56Ter; cyaA_S352T; emrD; mdtM; parE_I355T; uhpT_E350Q
562.98013,susceptible,susceptible,susceptible,susceptible,susceptible,acrF; blaEC; emrD; marR_S3N
562.98014,susceptible,susceptible,susceptible,susceptible,susceptible,acrF; blaEC; mdtM
562.98015,susceptible,susceptible,susceptible,susceptible,susceptible,acrF; blaEC; cirA_Q598Ter; emrD; uhpT_E350Q
562.98016,RESISTANT,susceptible,susceptible,susceptible,susceptible,acrF; aph(3'')-Ib; aph(6)-Id; blaEC; blaTEM-1; emrD; marR_S3N; sul2
562.98017,susceptible,susceptible,susceptible,susceptible,susceptible,acrF; blaEC; emrD; ptsI_V25I; uhpT_E350Q
562.98018,susceptible,susceptible,susceptible,susceptible,susceptible,acrF; blaEC-5; emrD
562.98019,susceptible,susceptible,susceptible,susceptible,susceptible,acrF; blaEC; emrD; mdtM; uhpT_E350Q
562.98020,susceptible,susceptible,susceptible,susceptible,susceptible,acrF; blaEC; emrD; marR_S3N; mdtM
562.98021,RESISTANT,susceptible,susceptible,susceptible,RESISTANT,acrF; blaEC; blaTEM-1; blaTEMp_C32T; cyaA_S352T; dfrA5; emrD; sul1
562.98022,susceptible,susceptible,susceptible,susceptible,susceptible,acrF; blaEC; emrD
562.98023,RESISTANT,susceptible,susceptible,susceptible,RESISTANT,aadA1; acrF; blaEC; blaTEM-1; dfrA1; emrD; sat2; sul1
562.98024,RESISTANT,susceptible,susceptible,susceptible,susceptible,acrF; blaEC-5; blaTEM-1; emrD; mdtM
562.98025,susceptible,susceptible,susceptible,susceptible,susceptible,acrF; blaEC-5; emrD; mdtM
562.98026,susceptible,susceptible,susceptible,susceptible,susceptible,acrF; blaEC-5; emrD; uhpT_E350Q
562.98027,susceptible,susceptible,susceptible,susceptible,susceptible,acrF; blaEC; cirA_Q598Ter; emrD; uhpT_E350Q
562.98028,susceptible,susceptible,susceptible,susceptible,susceptible,acrF; blaEC-5; emrD; mdtM
562.98029,susceptible,susceptible,susceptible,susceptible,susceptible,acrF; blaEC; emrD; gyrA_D87G; uhpT_E350Q
562.98030,susceptible,susceptible,susceptible,susceptible,susceptible,acrF; blaEC; emrD; marR_S3N; nfsA_L43CfsTer18
562.98031,susceptible,susceptible,susceptible,susceptible,susceptible,acrF; blaEC-5; emrD; mdtM
562.98032,susceptible,susceptible,susceptible,susceptible,susceptible,acrF; blaEC-5; emrD
562.98033,susceptible,susceptible,susceptible,susceptible,susceptible,acrF; blaEC; emrD; uhpT_E350Q
562.98034,susceptible,susceptible,susceptible,susceptible,susceptible,acrF; blaEC; cyaA_S352T; emrD; mdtM; parC_S57T; uhpT_E350Q
562.98035,susceptible,susceptible,susceptible,susceptible,susceptible,acrF; blaEC-5; emrD; tet(B)
562.98036,RESISTANT,susceptible,susceptible,susceptible,RESISTANT,aadA1; acrF; aph(3'')-Ib; aph(6)-Id; blaEC; blaTEM-1; catA1; cirA_S519TerfsTer0; dfrA1; emrD; gyrA_S83L; marR_S3N; mph(B); nfsA_G154E; rdmCL; sul1; sul2; tet(A)
562.98037,susceptible,susceptible,susceptible,susceptible,susceptible,acrF; blaEC-5; emrD
562.98038,susceptible,susceptible,susceptible,susceptible,susceptible,acrF; blaEC-5; blaTEM; emrD
562.98039,RESISTANT,susceptible,susceptible,susceptible,RESISTANT,aadA5; acrF; aph(3'')-Ib; aph(6)-Id; blaEC; blaTEM-1; cyaA_S352T; dfrA17; emrD; mdtM; sul1; sul2
562.98040,susceptible,susceptible,susceptible,susceptible,susceptible,aadA1; acrF; blaEC; emrD; marR_S3N; sul1
562.98041,RESISTANT,susceptible,susceptible,susceptible,RESISTANT,acrF; aph(3'')-Ib; aph(3')-Ia; aph(6)-Id; blaEC; blaTEM-1; dfrA5; mdtM; sul2; tet(A)
562.98042,susceptible,susceptible,susceptible,susceptible,susceptible,acrF; blaEC; emrD; parE_D475E; uhpT_E350Q
562.98043,susceptible,susceptible,susceptible,susceptible,susceptible,acrF; blaEC; mdtM
562.98044,RESISTANT,susceptible,susceptible,susceptible,susceptible,acrF; blaEC; blaTEM-1; emrD; marR_S3N; mdtM; tet(A)
562.98045,RESISTANT,susceptible,susceptible,susceptible,RESISTANT,acrF; blaEC; blaTEM-1; dfrA17; mdtM; tet(A)
562.98046,susceptible,susceptible,susceptible,susceptible,susceptible,acrF; blaEC; emrD
562.98047,RESISTANT,susceptible,susceptible,susceptible,RESISTANT,acrF; aph(3'')-Ib; aph(6)-Id; blaEC; blaTEM-1; dfrA8; emrD; marR_S3N; sul2; tet(B)
562.98048,RESISTANT,susceptible,susceptible,susceptible,susceptible,acrF; aph(3'')-Ib; aph(6)-Id; blaEC; blaTEM-1; emrD; parE_D475E; sul2; tet(B)
562.98049,RESISTANT,susceptible,susceptible,susceptible,susceptible,acrF; blaEC; blaTEM-1; blaTEMp_C32T; emrD
562.98050,susceptible,susceptible,susceptible,susceptible,susceptible,acrF; blaEC; emrD; marR_S3N; mdtM
562.98051,RESISTANT,susceptible,susceptible,susceptible,RESISTANT,acrF; aph(3'')-Ib; aph(6)-Id; blaEC; blaTEM-1; cyaA_S352T; dfrA7; emrD; sul1; sul2
562.98052,susceptible,susceptible,susceptible,susceptible,susceptible,acrF; blaEC; emrD; marR_S3N; mdtM
562.98053,susceptible,susceptible,susceptible,susceptible,susceptible,acrF; blaEC-5; emrD; uhpT_E350Q
562.98054,susceptible,susceptible,susceptible,susceptible,RESISTANT,aadA5; acrF; blaEC; catA1; cyaA_S352T; dfrA17; emrD; mdtM; mph(A); mrx(A); sul1; tet(B)
562.98055,susceptible,susceptible,susceptible,susceptible,susceptible,acrF; aph(3'')-Ib; aph(6)-Id; blaEC; mdtM; sul2
562.98056,susceptible,susceptible,susceptible,susceptible,susceptible,acrF; blaEC; emrD
562.98057,susceptible,susceptible,susceptible,susceptible,susceptible,acrF; blaEC-5; emrD
562.98058,susceptible,susceptible,susceptible,susceptible,susceptible,acrF; blaEC; cirA_Q56Ter; cyaA_S352T; emrD; mdtM; parE_I355T; uhpT_E350Q
562.98059,susceptible,susceptible,susceptible,susceptible,susceptible,acrF; blaEC; mdtM
562.98060,susceptible,susceptible,susceptible,susceptible,susceptible,acrF; blaEC-5; emrD
562.98061,susceptible,susceptible,susceptible,susceptible,susceptible,acrF; blaEC-5; emrD; uhpT_E350Q
562.98062,susceptible,susceptible,susceptible,susceptible,susceptible,acrF; blaEC; emrD; marR_S3N; mdtM
562.98063,RESISTANT,susceptible,susceptible,susceptible,RESISTANT,aadA2; acrF; aph(3'')-Ib; aph(3')-Ia; aph(6)-Id; blaEC; blaTEM-1; blaTEMp_G162T; dfrA12; mdtM; mph(A); mrx(A); sul1; sul2; tet(A)
562.98064,susceptible,susceptible,susceptible,susceptible,susceptible,acrF; blaEC; emrD; parE_I529L; ptsI_V25I; uhpT_E350Q
562.98065,susceptible,susceptible,susceptible,susceptible,susceptible,aadA1; acrF; blaEC-5; emrD; sul1
562.98066,RESISTANT,RESISTANT,susceptible,RESISTANT,susceptible,aac(3)-VIa; aadA1; acrF; blaCTX-M-14; blaEC; cyaA_S352T; emrD; mdtM; parC_S57T; sul1; tet(A); uhpT_E350Q
562.98067,susceptible,susceptible,susceptible,susceptible,susceptible,acrF; blaEC; emrD
562.98068,susceptible,susceptible,susceptible,susceptible,susceptible,acrF; blaEC; cyaA_S352T; emrD; mdtM
562.98069,susceptible,susceptible,susceptible,susceptible,susceptible,acrF; blaEC; emrD; uhpT_E350Q
562.98070,RESISTANT,susceptible,susceptible,susceptible,susceptible,aadA1; acrF; blaEC; blaSHV-1; emrD; sul1
562.98071,susceptible,susceptible,susceptible,susceptible,susceptible,acrF; blaEC-5; emrD; mdtM
562.98072,RESISTANT,susceptible,susceptible,susceptible,RESISTANT,aadA5; acrF; aph(3'')-Ib; aph(6)-Id; blaEC; blaTEM-1; catA1; dfrA17; emrD; sul2; tet(B)
562.98073,susceptible,susceptible,susceptible,susceptible,susceptible,acrF; blaEC; cyaA_S352T; mdtM
562.98074,susceptible,susceptible,susceptible,susceptible,susceptible,acrF; blaEC; mdtM
562.98075,susceptible,susceptible,susceptible,susceptible,susceptible,acrF; blaEC; mdtM
562.98076,susceptible,susceptible,susceptible,susceptible,susceptible,acrF; blaEC; emrD; marR_S3N; ompC_G73NfsTer1
562.98077,susceptible,susceptible,susceptible,susceptible,susceptible,acrF; blaEC; emrD; marR_S3N
562.98078,RESISTANT,susceptible,susceptible,susceptible,RESISTANT,acrF; aph(3'')-Ib; aph(6)-Id; blaEC; blaTEM-1; cirA_Y390Ter; dfrA5; emrD; sul2
562.98079,RESISTANT,susceptible,susceptible,susceptible,RESISTANT,aadA5; acrF; aph(3'')-Ib; aph(6)-Id; blaEC; blaTEM-1; catA1; cyaA_S352T; dfrA17; emrD; mdtM; sul1; sul2; tet(B)
562.98080,susceptible,susceptible,susceptible,susceptible,susceptible,acrF; blaEC; emrD; marR_S3N; mdtM
562.98081,susceptible,susceptible,susceptible,susceptible,susceptible,acrF; blaEC; emrD; mdtM
562.98082,susceptible,susceptible,susceptible,susceptible,susceptible,acrF; blaEC-5; emrD; mdtM
562.98083,susceptible,susceptible,susceptible,susceptible,susceptible,acrF; blaEC; mdtM
562.98084,susceptible,susceptible,susceptible,susceptible,susceptible,acrF; blaEC-5; emrD; uhpT_E350Q
562.98085,susceptible,susceptible,susceptible,susceptible,susceptible,acrF; blaEC; emrD; marR_S3N; mdtM
562.98086,susceptible,susceptible,susceptible,susceptible,susceptible,acrF; blaEC; mdtM
562.98087,RESISTANT,susceptible,RESISTANT,susceptible,RESISTANT,aadA5; acrF; aph(3'')-Ib; aph(6)-Id; blaEC; blaTEM-1; cyaA_S352T; dfrA17; emrD; gyrA_D87N; gyrA_S83L; mdtM; mph(A); mrx(A); parC_S57T; parC_S80I; parE_L416F; sul1; sul2; tet(B); uhpT_E350Q
562.98088,RESISTANT,susceptible,susceptible,susceptible,susceptible,aadA1; acrF; blaEC; blaSHV-1; emrD; fabI_F203L; marR_S3N; sul1; tet(D)
562.98089,susceptible,susceptible,susceptible,susceptible,RESISTANT,acrF; blaEC; emrD; marR_S3N
562.98090,susceptible,susceptible,susceptible,susceptible,susceptible,acrF; acrR_E190RfsTer20; blaEC; cirA_Q56Ter; cyaA_S352T; emrD; mdtM; parE_I355T; uhpT_E350Q
562.98091,RESISTANT,susceptible,susceptible,susceptible,RESISTANT,acrF; aph(3'')-Ib; aph(6)-Id; blaEC; blaTEM-1; dfrA5; emrD; marR_S3N; nfsA_W212Ter; sul2
562.98092,RESISTANT,susceptible,susceptible,susceptible,RESISTANT,aadA5; acrF; aph(3'')-Ib; aph(6)-Id; blaEC; blaTEM-1; cyaA_S352T; dfrA17; emrD; mdtM; mph(A); mrx(A); sul1; sul2; tet(B)
562.98093,susceptible,susceptible,susceptible,susceptible,susceptible,acrF; acrR_E190RfsTer20; blaEC; cirA_Q56Ter; cyaA_S352T; emrD; mdtM; parE_I355T; uhpT_E350Q
562.98094,susceptible,susceptible,susceptible,susceptible,susceptible,acrF; blaEC; emrD; marR_S3N
562.98095,susceptible,susceptible,susceptible,susceptible,susceptible,acrF; blaEC; emrD; mdtM
562.98096,susceptible,susceptible,susceptible,susceptible,susceptible,acrF; blaEC-5; emrD; marR_S3N; uhpT_E350Q
562.98097,susceptible,susceptible,susceptible,susceptible,susceptible,acrF; blaEC-5; emrD
562.98098,susceptible,susceptible,susceptible,susceptible,susceptible,acrF; acrR_E190Ter; blaEC-5; emrD; sul1
562.98099,susceptible,susceptible,susceptible,susceptible,susceptible,acrF; blaEC; cirA_Q56Ter; cyaA_S352T; emrD; mdtM; parE_I355T; uhpT_E350Q
562.98100,susceptible,susceptible,susceptible,susceptible,susceptible,acrF; aph(3'')-Ib; aph(6)-Id; blaEC; emrD; marR_S3N
562.98101,susceptible,susceptible,susceptible,susceptible,susceptible,acrF; blaEC; mdtM
562.98102,RESISTANT,susceptible,susceptible,susceptible,susceptible,acrF; aph(3'')-Ib; blaEC; blaTEM-1; emrD; mdtM; sul2; uhpT_E350Q
562.98103,susceptible,susceptible,susceptible,susceptible,susceptible,acrF; blaEC; catA2; cirA_S519TerfsTer0; emrD; gyrA_S83L; marR_S3N; nfsA_G154E
562.98104,RESISTANT,susceptible,RESISTANT,susceptible,RESISTANT,aadA5; acrF; acrR_D157IfsTer1; blaEC; blaTEM-1; catA1; cyaA_S352T; dfrA17; emrD; gyrA_D87N; gyrA_S83L; mdtM; nfsA_Q26Ter; parC_S57T; parC_S80I; parE_S458A; sul1; uhpT_E350Q
562.98105,susceptible,susceptible,susceptible,susceptible,susceptible,acrF; blaEC; emrD; marR_S3N; mdtM
562.98106,susceptible,susceptible,susceptible,susceptible,susceptible,acrF; blaEC; emrD; marR_S3N; nfsA_L43CfsTer18
562.98107,susceptible,susceptible,susceptible,susceptible,RESISTANT,aadA1; acrF; blaEC; dfrA1; mdtM; sul1; tet(A)
562.98108,susceptible,susceptible,susceptible,susceptible,susceptible,acrF; blaEC; cirA_Q56Ter; cyaA_S352T; emrD; mdtM; parE_I355T; uhpT_E350Q
562.98109,RESISTANT,susceptible,susceptible,susceptible,RESISTANT,aadA5; acrF; aph(3'')-Ib; aph(6)-Id; blaEC; blaTEM-1; catA1; cyaA_S352T; dfrA17; emrD; mdtM; sul1; sul2; tet(B)
562.98110,RESISTANT,susceptible,susceptible,susceptible,susceptible,acrF; blaEC; blaTEM-1; mdtM; tet(A)
562.98111,susceptible,susceptible,susceptible,susceptible,susceptible,acrF; blaEC; cirA_W21Ter; emrD; marR_Q42Ter; mdtM
562.98112,RESISTANT,susceptible,susceptible,susceptible,susceptible,acrF; blaEC-5; blaTEM-1; emrD
562.98113,susceptible,susceptible,susceptible,susceptible,susceptible,acrF; blaEC-5; emrD
562.98114,RESISTANT,susceptible,susceptible,susceptible,susceptible,acrF; blaEC; blaTEM-1; emrD; marR_S3N
562.98115,susceptible,susceptible,susceptible,susceptible,susceptible,acrF; blaEC; emrD; uhpT_E350Q
562.98116,susceptible,susceptible,susceptible,susceptible,susceptible,acrF; blaEC-5; emrD; parE_D475E
562.98117,RESISTANT,susceptible,RESISTANT,susceptible,susceptible,acrF; aph(3'')-Ib; aph(6)-Id; blaEC; blaTEM-1; cirA_E450AfsTer23; cyaA_S352T; emrD; gyrA_D87N; gyrA_S83L; mdtM; nfsA_G187DfsTer65; parC_E84V; parC_S57T; parC_S80I; sul2; uhpT_E350Q
562.98118,susceptible,susceptible,susceptible,susceptible,susceptible,acrF; blaEC; emrD; marR_S3N
562.98119,susceptible,susceptible,susceptible,susceptible,susceptible,acrF; blaEC-5; emrD
562.98120,susceptible,susceptible,susceptible,susceptible,susceptible,acrF; aph(3'')-Ib; aph(6)-Id; blaEC; mdtM; sul2; tet(A)
562.98121,susceptible,susceptible,susceptible,susceptible,susceptible,acrF; blaEC; emrD; marR_S3N; mdtM
562.98122,susceptible,susceptible,susceptible,susceptible,susceptible,acrF; blaEC; mdtM
562.98123,susceptible,susceptible,susceptible,susceptible,susceptible,acrF; blaEC; mdtM
562.98124,susceptible,susceptible,susceptible,susceptible,susceptible,acrF; blaEC-5; emrD; uhpT_E350Q
562.98125,susceptible,susceptible,susceptible,susceptible,susceptible,acrF; blaEC; emrD; marR_S3N; parE_D475E
562.98126,susceptible,susceptible,susceptible,susceptible,susceptible,acrF; blaEC; emrD; mdtM; uhpT_E350Q
562.98127,susceptible,susceptible,susceptible,susceptible,susceptible,acrF; blaEC; emrD
562.98128,susceptible,susceptible,susceptible,susceptible,susceptible,acrF; blaEC; emrD; marR_S3N; mdtM
562.98129,susceptible,susceptible,susceptible,susceptible,susceptible,acrF; blaEC; emrD; mdtM; uhpT_E350Q
562.98130,susceptible,susceptible,susceptible,susceptible,susceptible,acrF; blaEC-5; emrD; uhpT_E350Q
562.98131,susceptible,susceptible,susceptible,susceptible,susceptible,acrF; blaEC-5; emrD
562.98132,RESISTANT,susceptible,susceptible,susceptible,susceptible,acrF; aph(3'')-Ib; aph(6)-Id; blaEC; blaTEM-1; emrD; parE_D475E; sul2; uhpT_E350Q
562.98133,susceptible,susceptible,susceptible,susceptible,susceptible,acrF; blaEC; emrD; parE_I529L; ptsI_V25I; uhpT_E350Q
562.98134,susceptible,susceptible,susceptible,susceptible,susceptible,aadA1; acrF; blaEC; cyaA_S352T; emrD; mdtM; parE_I355T; sat2; uhpT_E350Q
562.98135,susceptible,susceptible,susceptible,susceptible,susceptible,acrF; blaEC; emrD; marR_S3N; mdtM
562.98136,RESISTANT,susceptible,susceptible,susceptible,susceptible,aadA1; acrF; blaEC; blaTEM-1; emrD; gyrA_S83L; sul1; tet(A)
562.98137,RESISTANT,susceptible,susceptible,susceptible,susceptible,acrF; aph(3'')-Ib; aph(6)-Id; blaEC; blaTEM-1; emrD; marR_S3N; mdtM; sul2
562.98138,susceptible,susceptible,susceptible,susceptible,susceptible,acrF; blaEC; mdtM
562.98139,susceptible,susceptible,susceptible,susceptible,susceptible,acrF; blaEC-5; emrD; marR_S3N; uhpT_E350Q
562.98140,RESISTANT,susceptible,susceptible,susceptible,susceptible,acrF; aph(3'')-Ib; aph(6)-Id; blaEC; blaTEM-1; cyaA_S352T; emrD; mdtM; sul2; tet(B); uhpT_E350Q
562.98141,RESISTANT,susceptible,susceptible,susceptible,susceptible,acrF; blaEC-5; blaTEM-1; emrD; marR_S3N; mdtM; tet(B); uhpT_E350Q
562.98142,susceptible,susceptible,susceptible,susceptible,susceptible,acrF; blaEC; emrD; mdtM
562.98143,RESISTANT,susceptible,susceptible,susceptible,RESISTANT,acrF; blaEC; blaTEM-12; cyaA_S352T; dfrA5; emrD; sul1
562.98144,susceptible,susceptible,susceptible,susceptible,susceptible,acrF; blaEC; emrD; marR_S3N; mdtM
562.98145,RESISTANT,susceptible,susceptible,susceptible,RESISTANT,acrF; aph(3'')-Ib; aph(6)-Id; blaEC; blaTEM-1; cyaA_S352T; dfrA5; emrD; sul2
562.98146,susceptible,susceptible,susceptible,susceptible,susceptible,acrF; aph(3'')-Ib; aph(6)-Id; blaEC; cirA_Q56Ter; cyaA_S352T; emrD; mdtM; parE_I355T; uhpT_E350Q
562.98147,RESISTANT,susceptible,RESISTANT,susceptible,RESISTANT,acrF; aph(3'')-Ib; aph(6)-Id; blaEC; blaTEM-1; cyaA_S352T; dfrA14; emrD; gyrA_D87G; gyrA_S83L; mdtM; mph(A); mrx(A); parC_S80I; sul2; tet(B)
562.98148,susceptible,susceptible,susceptible,susceptible,susceptible,acrF; blaEC; cyaA_S352T; emrD; mdtM; parE_I355T; uhpT_E350Q
562.98149,RESISTANT,susceptible,susceptible,susceptible,susceptible,acrF; blaEC-5; emrD; marR_S3N; mdtM; uhpT_E350Q
562.98150,susceptible,susceptible,susceptible,susceptible,susceptible,acrF; blaEC-5; emrD
562.98151,susceptible,susceptible,susceptible,susceptible,susceptible,acrF; blaEC-5; emrD; mdtM
562.98152,RESISTANT,susceptible,susceptible,susceptible,RESISTANT,aadA22; acrF; aph(3'')-Ib; aph(3')-Ia; aph(6)-Id; blaEC; blaTEM-1; emrD; mdtM; sul2; tet(A)
562.98153,susceptible,susceptible,susceptible,susceptible,susceptible,acrF; blaEC; cyaA_S352T; emrD; mdtM
562.98154,RESISTANT,susceptible,susceptible,susceptible,susceptible,acrF; aph(3'')-Ib; aph(6)-Id; blaEC; blaTEM-1; emrD; marR_S3N; mdtM; sul2
562.98155,susceptible,susceptible,susceptible,susceptible,susceptible,acrF; blaEC; emrD; marR_S3N
562.98156,susceptible,susceptible,susceptible,susceptible,susceptible,acrF; aph(3'')-Ib; aph(6)-Id; blaEC; emrD; marR_S3N
562.98157,susceptible,susceptible,susceptible,susceptible,susceptible,acrF; blaEC-5; emrD
562.98158,RESISTANT,susceptible,susceptible,susceptible,susceptible,acrF; blaEC; blaTEM-1; emrD; parE_I529L; ptsI_V25I; tet(A); uhpT_E350Q
562.98159,susceptible,susceptible,susceptible,susceptible,susceptible,acrF; blaEC-5; emrD
562.98160,susceptible,susceptible,susceptible,susceptible,susceptible,acrF; blaEC-5; emrD; mdtM
562.98161,RESISTANT,susceptible,susceptible,susceptible,susceptible,acrF; blaEC; blaTEM-1; emrD; parE_I529L; ptsI_V25I; tet(A); uhpT_E350Q
562.98162,RESISTANT,susceptible,susceptible,susceptible,RESISTANT,aadA1; acrF; aph(3'')-Ib; aph(6)-Id; blaEC; blaTEM-1; cirA_Q56Ter; dfrA1; mdtM; sat2; sul2; tet(B)
562.98163,susceptible,susceptible,susceptible,susceptible,susceptible,acrF; blaEC-5; emrD
562.98164,susceptible,susceptible,susceptible,susceptible,susceptible,acrF; blaEC; mdtM
562.98165,RESISTANT,,RESISTANT,susceptible,susceptible,acrF; blaEC-5; emrD; gyrA_S83L
562.98166,susceptible,susceptible,susceptible,susceptible,susceptible,acrF; blaEC; emrD; marR_S3N; mdtM
562.98167,RESISTANT,susceptible,susceptible,susceptible,susceptible,acrF; blaEC; emrD; marR_S3N; mdtM
562.98168,RESISTANT,susceptible,susceptible,susceptible,susceptible,acrF; aph(3'')-Ib; aph(6)-Id; blaEC; blaTEM-1; emrD; marR_S3N; mdtM; sul2
562.98169,RESISTANT,susceptible,susceptible,susceptible,susceptible,aadA1; acrF; aph(3')-Ia; blaEC-5; blaTEM-1; emrD; mdtM; sul1
562.98170,susceptible,susceptible,susceptible,susceptible,susceptible,acrF; blaEC-5; emrD
562.98171,susceptible,susceptible,susceptible,susceptible,susceptible,acrF; blaEC; cyaA_S352T; emrD
562.98172,susceptible,susceptible,susceptible,susceptible,susceptible,acrF; blaEC; emrD; marR_S3N
562.98173,susceptible,susceptible,susceptible,susceptible,susceptible,acrF; blaEC; emrD; ptsI_V25I; tet(B); uhpT_E350Q
562.98174,RESISTANT,susceptible,susceptible,susceptible,susceptible,acrF; aph(3'')-Ib; aph(6)-Id; blaEC; blaTEM-1; emrD; marR_S3N; mdtM; sul2
562.98175,susceptible,susceptible,susceptible,susceptible,susceptible,acrF; blaEC; emrD; marR_S3N; mdtM
562.98176,susceptible,susceptible,susceptible,susceptible,susceptible,acrF; blaEC; cirA_P396AfsTer6; emrD; ompF_D186HfsTer5; parE_I529L; ptsI_V25I; uhpT_E350Q
562.98177,susceptible,susceptible,susceptible,susceptible,susceptible,acrF; blaEC-5; emrD
562.98178,susceptible,susceptible,susceptible,susceptible,susceptible,acrF; blaEC; mdtM
562.98179,susceptible,susceptible,susceptible,susceptible,susceptible,acrF; blaEC-5; emrD
562.98180,susceptible,susceptible,susceptible,susceptible,susceptible,acrF; blaEC; emrD; mdtM; uhpT_E350Q
562.98181,RESISTANT,susceptible,susceptible,susceptible,RESISTANT,aadA1; acrF; aph(3'')-Ib; aph(6)-Id; blaEC; blaTEM-1; dfrA1; emrD; marR_S3N; sul1; sul2; tet(A)
562.98182,susceptible,susceptible,susceptible,susceptible,susceptible,acrF; blaEC-5; emrD; tet(B)
562.98183,RESISTANT,susceptible,RESISTANT,RESISTANT,RESISTANT,aac(3)-IVa; aadA1; acrF; aph(3'')-Ib; aph(4)-Ia; aph(6)-Id; blaEC; blaTEM-1; blaTEMp_C32T; catA1; cirA_V279PfsTer14; dfrA1; gyrA_D87N; gyrA_S83L; mdtM; mph(B); parC_S80I; rdmCL; sat2; sul1; sul2; tet(B)
562.98184,susceptible,susceptible,susceptible,susceptible,susceptible,acrF; blaEC-5; emrD
562.98185,RESISTANT,susceptible,RESISTANT,susceptible,susceptible,acrF; aph(3'')-Ib; aph(6)-Id; blaEC; blaTEM-1; cyaA_S352T; emrD; gyrA_D87N; gyrA_S83L; nfsA_S38VfsTer1; parC_S80I; sul2; tet(A)
562.98186,susceptible,susceptible,susceptible,susceptible,susceptible,acrF; blaEC; emrD; marR_S3N
562.98187,susceptible,susceptible,susceptible,susceptible,susceptible,acrF; blaEC; emrD; marR_S3N; mdtM
562.98188,susceptible,susceptible,susceptible,susceptible,susceptible,acrF; blaEC-5; emrD
562.98189,susceptible,susceptible,susceptible,susceptible,susceptible,acrF; blaEC; emrD; mdtM
562.98190,susceptible,susceptible,susceptible,susceptible,susceptible,acrF; blaEC; cyaA_S352T; emrD; mdtM
562.98191,susceptible,susceptible,susceptible,susceptible,susceptible,acrF; blaEC-5; emrD
562.98192,susceptible,susceptible,susceptible,susceptible,susceptible,acrF; blaEC; emrD; parE_I529L; ptsI_V25I; uhpT_E350Q
562.98193,susceptible,susceptible,susceptible,susceptible,susceptible,acrF; blaEC; emrD; marR_S3N; mdtM
562.98194,susceptible,susceptible,susceptible,susceptible,susceptible,acrF; blaEC-5; emrD
562.98195,susceptible,susceptible,susceptible,susceptible,susceptible,acrF; blaEC; mdtM
562.98196,susceptible,susceptible,susceptible,susceptible,susceptible,acrF; blaEC; mdtM; tet(A)
562.98197,susceptible,susceptible,susceptible,susceptible,susceptible,acrF; blaEC; emrD; marR_S3N; mdtM
562.98198,susceptible,susceptible,susceptible,susceptible,susceptible,acrF; blaEC; mdtM
562.98199,RESISTANT,susceptible,susceptible,susceptible,susceptible,acrF; blaEC; cyaA_S352T; emrD; mdtM; parC_S57T; uhpT_E350Q
562.98200,RESISTANT,susceptible,susceptible,RESISTANT,RESISTANT,aac(3)-IIe; aadA5; acrF; blaEC; blaTEM-1; cyaA_S352T; dfrA17; emrD; gyrA_S83L; mdtM; mph(A); mrx(A); sul1; tet(A)
562.98201,susceptible,susceptible,susceptible,susceptible,susceptible,acrF; blaEC; emrD; marR_S3N
562.98202,RESISTANT,susceptible,susceptible,susceptible,susceptible,acrF; aph(3'')-Ib; aph(6)-Id; blaEC; blaTEM-1; emrD; marR_S3N; sul2
562.98203,susceptible,susceptible,susceptible,susceptible,susceptible,acrF; blaEC; emrD; marR_S3N; mdtM
562.98204,susceptible,susceptible,susceptible,susceptible,susceptible,acrF; blaEC-5; emrD; marR_S3N; uhpT_E350Q
562.98205,RESISTANT,susceptible,susceptible,susceptible,RESISTANT,aadA1; acrF; aph(3'')-Ib; aph(6)-Id; blaEC; blaTEM-1; dfrA1; emrD; mdtM; mph(A); mrx(A); sat2; sul2; tet(B)
562.98206,susceptible,susceptible,susceptible,susceptible,susceptible,acrF; blaEC-5; emrD
562.98207,susceptible,susceptible,susceptible,susceptible,susceptible,acrF; blaEC; emrD; marR_S3N; mdtM
562.98208,susceptible,susceptible,susceptible,susceptible,susceptible,acrF; blaEC; emrD; marR_S3N; mdtM
562.98209,susceptible,susceptible,susceptible,susceptible,susceptible,acrF; blaEC; mdtM; nfsA_W159Ter
562.98210,susceptible,susceptible,susceptible,susceptible,susceptible,acrF; blaEC; emrD; marR_S3N
562.98211,susceptible,susceptible,susceptible,susceptible,susceptible,acrF; blaEC; emrD; parE_D475E; uhpT_E350Q
562.98212,RESISTANT,susceptible,RESISTANT,susceptible,RESISTANT,aadA1; acrF; aph(3'')-Ib; aph(6)-Id; blaEC; blaTEM-1; cirA_E82Ter; dfrA1; gyrA_D87N; gyrA_S83L; mdtM; nfsA_W159Ter; parC_E84K; sul1; sul2; tet(A)
562.98213,susceptible,susceptible,susceptible,susceptible,susceptible,acrF; blaEC-5; emrD
562.98214,susceptible,susceptible,susceptible,susceptible,susceptible,aadA1; acrF; blaEC; emrD; mdtM; ompF_Q88Ter; sul1
562.98215,susceptible,susceptible,susceptible,susceptible,susceptible,aadA1; acrF; blaEC-5; emrD; sul1
562.98216,RESISTANT,susceptible,susceptible,susceptible,susceptible,aadA1; acrF; blaEC; blaTEM-1; blaTEMp_C32T; dfrA1; emrD; marR_S3N; sat2
562.98217,susceptible,susceptible,susceptible,susceptible,susceptible,acrF; blaEC; emrD; marR_S3N; tet(B)
562.98218,RESISTANT,susceptible,susceptible,susceptible,RESISTANT,acrF; aph(3'')-Ib; aph(6)-Id; blaEC; blaTEM-1; dfrA5; mdtM; sul2
562.98219,RESISTANT,susceptible,RESISTANT,susceptible,RESISTANT,aadA5; acrF; acrR_Q27Ter; blaEC; blaTEM-1; cyaA_S352T; dfrA17; emrD; gyrA_D87N; gyrA_S83L; mdtM; mph(A); mrx(A); parC_S57T; parC_S80I; parE_L416F; sul1; tet(B); uhpT_E350Q
562.98220,susceptible,susceptible,susceptible,susceptible,susceptible,acrF; blaEC; cirA_Y390Ter; emrD
562.98221,susceptible,susceptible,susceptible,susceptible,susceptible,acrF; blaEC; emrD
562.98222,RESISTANT,susceptible,RESISTANT,susceptible,RESISTANT,aadA5; acrF; aph(3'')-Ib; aph(3')-Ia; aph(6)-Id; blaEC; blaTEM-1; catA1; dfrA17; gyrA_D87N; gyrA_S83L; mdtM; mph(A); mrx(A); parC_S57T; parC_S80I; sul1; sul2; tet(B)
562.98223,RESISTANT,susceptible,susceptible,susceptible,RESISTANT,aadA1; acrF; aph(3'')-Ib; aph(6)-Id; blaEC-5; blaTEM-1; blaTEMp_C32T; dfrA1; emrD; sul1; sul2; tet(B)
562.98224,susceptible,susceptible,susceptible,susceptible,susceptible,acrF; blaEC; emrD; marR_S3N; mdtM
562.98225,susceptible,susceptible,susceptible,susceptible,susceptible,acrF; blaEC; emrD; uhpT_E350Q
562.98226,susceptible,susceptible,susceptible,susceptible,susceptible,acrF; blaEC; cirA_E450AfsTer30; emrD
562.98227,susceptible,susceptible,susceptible,susceptible,susceptible,acrF; blaEC-5; emrD; mdtM
562.98228,susceptible,susceptible,susceptible,susceptible,susceptible,acrF; blaEC-5; emrD
562.98229,RESISTANT,susceptible,susceptible,susceptible,susceptible,acrF; blaEC; blaTEM-1; blaTEMp_C32T; mdtM; tet(A); uhpT_E350Q
562.98230,susceptible,susceptible,susceptible,susceptible,susceptible,acrF; blaEC; emrD; parE_I529L; ptsI_V25I; uhpT_E350Q
562.98231,susceptible,susceptible,susceptible,susceptible,susceptible,acrF; blaEC; emrD; parE_D475E; uhpT_E350Q
562.98232,susceptible,susceptible,susceptible,susceptible,RESISTANT,aadA1; acrF; blaEC-5; dfrA1; emrD; sul1
562.98233,susceptible,susceptible,susceptible,susceptible,susceptible,acrF; blaEC; emrD
562.98234,RESISTANT,susceptible,susceptible,susceptible,RESISTANT,acrF; aph(3'')-Ib; aph(6)-Id; blaEC; blaTEM-1; mdtM; sul2
562.98235,RESISTANT,susceptible,RESISTANT,RESISTANT,RESISTANT,aac(3)-IId; aadA5; acrF; aph(3'')-Ib; aph(6)-Id; blaEC; blaTEM-1; dfrA17; emrD; gyrA_D87N; gyrA_S83L; mdtM; mph(A); mrx(A); parC_E84V; parC_S80I; parE_I529L; ptsI_V25I; sul1; sul2; tet(A); uhpT_E350Q
562.98236,RESISTANT,susceptible,susceptible,susceptible,RESISTANT,aadA1; acrF; blaEC; blaTEM-1; dfrA1; emrD; sat2; sul1
562.98237,susceptible,susceptible,susceptible,susceptible,susceptible,acrF; blaEC; mdtM
562.98238,RESISTANT,susceptible,susceptible,susceptible,RESISTANT,acrF; aph(3'')-Ib; aph(3')-Ia; aph(6)-Id; blaEC; blaTEM-1; dfrA5; mdtM; sul2
562.98239,RESISTANT,susceptible,susceptible,susceptible,susceptible,acrF; blaEC-5; blaTEM-1; emrD; marR_S3N; sul2; uhpT_E350Q
562.98240,susceptible,susceptible,susceptible,susceptible,susceptible,acrF; blaEC; emrD
562.98241,RESISTANT,susceptible,susceptible,susceptible,RESISTANT,acrF; aph(3'')-Ib; aph(3')-Ia; aph(6)-Id; blaEC; blaTEM-1; dfrA5; emrD; parE_D475E; sul2; uhpT_E350Q
562.98242,RESISTANT,susceptible,susceptible,susceptible,RESISTANT,acrF; aph(3'')-Ib; aph(6)-Id; blaEC; blaTEM-1; cirA_I229YfsTer1; dfrA7; mdtM; sul1; sul2; tet(A)
562.98243,susceptible,susceptible,susceptible,susceptible,susceptible,acrF; blaEC; emrD; marR_S3N; mdtM
562.98244,RESISTANT,susceptible,RESISTANT,susceptible,susceptible,acrF; aph(3'')-Ib; aph(6)-Id; blaEC; blaTEM-1; cyaA_S352T; emrD; gyrA_D87N; gyrA_S83L; mdtM; parC_S57T; parC_S80I; parE_L416F; sul2; tet(B); uhpT_E350Q
562.98245,susceptible,susceptible,susceptible,susceptible,susceptible,acrF; blaEC; emrD; marR_S3N
562.98246,susceptible,susceptible,susceptible,susceptible,susceptible,acrF; blaEC; emrD; marR_S3N; mdtM
562.98247,susceptible,susceptible,susceptible,susceptible,susceptible,acrF; blaEC; emrD
562.98248,susceptible,susceptible,susceptible,susceptible,susceptible,acrF; blaEC; emrD; marR_S3N
562.98249,RESISTANT,susceptible,susceptible,susceptible,RESISTANT,aadA5; acrF; aph(3'')-Ib; aph(6)-Id; blaEC; blaTEM-1; cyaA_S352T; dfrA17; emrD; mdtM; sul1; sul2; tet(B)
562.98250,susceptible,susceptible,susceptible,susceptible,susceptible,acrF; blaEC; emrD; marR_S3N; mdtM
562.98251,susceptible,susceptible,susceptible,susceptible,susceptible,acrF; blaEC; emrD; parE_I529L; ptsI_V25I; uhpT_E350Q
562.98252,RESISTANT,susceptible,susceptible,susceptible,susceptible,acrF; blaEC-5; blaTEM-1; emrD; uhpT_E350Q
562.98253,susceptible,susceptible,susceptible,susceptible,susceptible,acrF; blaEC; cirA_Q56Ter; cyaA_S352T; emrD; mdtM; parE_I355T; uhpT_E350Q
562.98254,RESISTANT,susceptible,susceptible,susceptible,RESISTANT,aadA5; acrF; aph(3'')-Ib; aph(6)-Id; blaEC; blaTEM-1; dfrA17; emrD; parE_D475E; sul2; tet(A); uhpT_E350Q
562.98255,susceptible,susceptible,susceptible,susceptible,susceptible,acrF; blaEC-5; emrD
562.98256,susceptible,susceptible,susceptible,susceptible,susceptible,acrF; aph(3'')-Ib; aph(6)-Id; blaEC; emrD; marR_S3N
562.98257,susceptible,susceptible,susceptible,susceptible,susceptible,acrF; blaEC; emrD; parE_D475E
562.98258,susceptible,susceptible,susceptible,susceptible,susceptible,aadA1; acrF; blaEC-5; emrD; sul1
562.98259,susceptible,susceptible,susceptible,susceptible,susceptible,acrF; blaEC; emrD; marR_S3N; mdtM
562.98260,susceptible,susceptible,susceptible,susceptible,RESISTANT,aadA5; acrF; aph(3'')-Ib; aph(6)-Id; blaEC; dfrA17; emrD; mdtM; mph(A); mrx(A); parE_I529L; ptsI_V25I; sul1; sul2; tet(A); uhpT_E350Q
562.98261,susceptible,susceptible,susceptible,susceptible,susceptible,acrF; blaEC-5; emrD; marR_S3N; mdtM; uhpT_E350Q
562.98262,susceptible,susceptible,susceptible,susceptible,susceptible,aadA1; aadA2; acrF; blaEC; bleO; cirA_Q216Ter; cmlA1; estX-3; mdtM; sul3; tet(A); tet(B)
562.98263,susceptible,susceptible,susceptible,susceptible,RESISTANT,aadA1; acrF; blaEC-5; emrD; sul1
562.98264,susceptible,susceptible,susceptible,susceptible,susceptible,acrF; aph(3'')-Ib; aph(6)-Id; blaEC; emrD; marR_S3N
562.98265,susceptible,susceptible,susceptible,susceptible,susceptible,acrF; blaEC; emrD; marR_S3N; tet(B)
562.98266,susceptible,susceptible,susceptible,susceptible,susceptible,acrF; blaEC-5; emrD; mdtM
562.98267,RESISTANT,,susceptible,RESISTANT,susceptible,acrF; aph(3'')-Ib; aph(6)-Id; blaEC-5; blaTEM-1; blaTEMp_C32T; emrD; marR_S3N; sul2; uhpT_E350Q
562.98268,susceptible,susceptible,susceptible,susceptible,susceptible,acrF; aph(3'')-Ib; aph(6)-Id; blaEC; emrD; marR_S3N
562.98269,RESISTANT,susceptible,susceptible,susceptible,susceptible,acrF; aph(3'')-Ib; aph(6)-Id; blaEC; blaTEM-1; emrD; marR_S3N; mdtM; sul2
562.98270,susceptible,susceptible,susceptible,susceptible,susceptible,acrF; blaEC-5; emrD; marR_S3N; mdtM; uhpT_E350Q
562.98271,susceptible,susceptible,susceptible,susceptible,RESISTANT,acrF; aph(3'')-Ib; aph(6)-Id; blaEC; dfrA14; emrD; marR_S3N; sul2
562.98272,susceptible,susceptible,susceptible,susceptible,susceptible,acrF; blaEC; emrD; parE_D475E
562.98273,susceptible,susceptible,susceptible,susceptible,susceptible,acrF; blaEC-5; emrD
562.98274,susceptible,susceptible,susceptible,susceptible,susceptible,acrF; blaEC; emrD; marR_S3N; nfsA_R203C; tet(B)
562.98275,susceptible,susceptible,susceptible,susceptible,susceptible,acrF; blaEC-5; emrD; marR_S3N; tet(C)
562.98276,susceptible,susceptible,susceptible,susceptible,susceptible,acrF; blaEC; emrD; marR_S3N
562.98277,RESISTANT,susceptible,susceptible,susceptible,susceptible,aadA1; acrF; blaEC; blaTEM-1; catA1; emrD; marR_S3N; nfsA_Q191Ter; sul1; tet(A)
562.98278,RESISTANT,susceptible,susceptible,susceptible,susceptible,acrF; ampC_C-42T; blaEC; emrD; mdtM
562.98279,RESISTANT,susceptible,RESISTANT,susceptible,RESISTANT,aadA5; acrF; aph(3'')-Ib; aph(6)-Id; blaEC; blaTEM-1; cyaA_S352T; dfrA17; emrD; gyrA_D87N; gyrA_S83L; mdtM; mph(A); mrx(A); parC_S57T; parC_S80I; parE_L416F; sul1; sul2; tet(B); uhpT_E350Q
562.98280,RESISTANT,susceptible,susceptible,susceptible,susceptible,acrF; aph(3'')-Ib; aph(6)-Id; blaEC-5; blaTEM-1; emrD; mdtM; sul2
562.98281,susceptible,susceptible,susceptible,susceptible,susceptible,acrF; blaEC; emrD; marR_S3N; mdtM
562.98282,susceptible,susceptible,susceptible,susceptible,,aadA1; acrF; blaEC-5; emrD; sul1
562.98283,susceptible,susceptible,susceptible,susceptible,susceptible,acrF; blaEC; emrD; parE_I529L; ptsI_V25I; uhpT_E350Q
562.98284,susceptible,susceptible,susceptible,susceptible,susceptible,acrF; blaEC-5; emrD
562.98285,RESISTANT,susceptible,susceptible,susceptible,RESISTANT,aadA5; acrF; blaEC; blaTEM-1; dfrA17; emrD; marR_S3N; sul1
562.98286,susceptible,susceptible,susceptible,susceptible,susceptible,acrF; blaEC-5; emrD; marR_S3N; mdtM; uhpT_E350Q
562.98287,susceptible,susceptible,susceptible,susceptible,susceptible,acrF; blaEC; cirA_Q56Ter; cyaA_S352T; emrD; mdtM; parE_I355T; uhpT_E350Q
562.98288,susceptible,susceptible,susceptible,susceptible,susceptible,acrF; blaEC; emrD; marR_S3N; mdtM; tet(B)
562.98289,RESISTANT,susceptible,RESISTANT,susceptible,RESISTANT,aadA5; acrF; aph(3'')-Ib; aph(6)-Id; blaEC; blaTEM-1; cyaA_S352T; dfrA17; emrD; gyrA_D87N; gyrA_S83L; mdtM; mph(A); mrx(A); parC_S57T; parC_S80I; parE_L416F; sul1; sul2; tet(B); uhpT_E350Q
562.98290,RESISTANT,susceptible,,susceptible,RESISTANT,aadA5; acrF; aph(3'')-Ib; aph(6)-Id; blaEC; blaTEM-1; catA1; dfrA17; emrD; gyrA_S83L; mdtM; mph(A); mrx(A); parE_I529L; ptsI_V25I; sul1; sul2; tet(B); uhpT_E350Q
562.98291,RESISTANT,susceptible,susceptible,susceptible,RESISTANT,aadA1; acrF; blaEC; blaTEM-1; dfrA1; emrD; sat2; sul1
562.98292,RESISTANT,susceptible,susceptible,susceptible,RESISTANT,aadA5; acrF; blaEC; blaTEM-1; dfrA17; emrD; marR_S3N; sul1
562.98293,susceptible,susceptible,susceptible,susceptible,susceptible,acrF; blaEC; emrD; marR_S3N; mdtM
562.98294,susceptible,susceptible,susceptible,susceptible,susceptible,aadA5; acrF; blaEC; cyaA_S352T; emrD; mdtM; sul1; tet(B)
562.98295,susceptible,susceptible,susceptible,susceptible,susceptible,acrF; blaEC-5; blaTEM; emrD
562.98296,susceptible,susceptible,susceptible,susceptible,susceptible,acrF; blaEC; emrD; marR_S3N
562.98297,susceptible,susceptible,susceptible,susceptible,susceptible,acrF; blaEC-5; emrD; mdtM
562.98298,susceptible,susceptible,susceptible,susceptible,susceptible,acrF; blaEC-5; emrD; tet(B)
562.98299,susceptible,susceptible,susceptible,susceptible,susceptible,acrF; blaEC; emrD; marR_S3N
562.98300,RESISTANT,susceptible,susceptible,susceptible,RESISTANT,acrF; aph(3'')-Ib; aph(6)-Id; blaEC; blaTEM-1; catA1; dfrA17; emrD; mdtM; parE_I529L; ptsI_V25I; sul2; tet(B); uhpT_E350Q
562.98301,susceptible,susceptible,susceptible,susceptible,susceptible,acrF; blaEC; mdtM
562.98302,RESISTANT,RESISTANT,susceptible,susceptible,RESISTANT,aadA1; aadA2; acrF; aph(3'')-Ib; aph(6)-Id; blaEC; blaSHV-12; blaTEM-1; catA1; cmlA1; dfrA1; estX-3; gyrA_S83L; mdtM; mph(B); nfsA_Y45Ter; parC_S80I; rdmCL; sul1; sul2; sul3; tet(A)
562.98303,susceptible,susceptible,susceptible,susceptible,susceptible,acrF; blaEC; cirA_Q56Ter; cyaA_S352T; emrD; mdtM; parE_I355T; uhpT_E350Q
562.98304,RESISTANT,susceptible,susceptible,susceptible,RESISTANT,acrF; aph(3'')-Ib; aph(6)-Id; blaEC; blaTEM-1; dfrA5; emrD; marR_S3N; mdtM; sul2
562.98305,RESISTANT,susceptible,susceptible,susceptible,susceptible,acrF; blaEC; emrD; marR_S3N
562.98306,susceptible,susceptible,susceptible,susceptible,susceptible,acrF; blaEC; cirA_Q56Ter; cyaA_S352T; emrD; mdtM; parE_I355T; uhpT_E350Q
562.98307,susceptible,susceptible,susceptible,susceptible,susceptible,acrF; blaEC; emrD; uhpT_E350Q
562.98308,susceptible,susceptible,susceptible,susceptible,susceptible,acrF; blaEC-5; cirA_E211KfsTer2; emrD
562.98309,susceptible,susceptible,susceptible,susceptible,RESISTANT,aadA1; acrF; blaEC-5; catA1; dfrA1; emrD; sul1; tet(B)
562.98310,susceptible,susceptible,susceptible,susceptible,susceptible,acrF; blaEC; cyaA_S352T; emrD; mdtM
562.98311,RESISTANT,susceptible,RESISTANT,susceptible,RESISTANT,aadA5; acrF; blaEC; cyaA_S352T; dfrA17; emrD; gyrA_D87N; gyrA_S83L; mdtM; mph(A); mrx(A); parC_S57T; parC_S80I; parE_L416F; sul1; tet(B); uhpT_E350Q
562.98312,susceptible,susceptible,susceptible,susceptible,susceptible,acrF; blaEC; emrD; mdtM
562.98313,susceptible,susceptible,susceptible,susceptible,susceptible,acrF; blaEC-5; emrD
562.98314,susceptible,susceptible,susceptible,susceptible,susceptible,acrF; blaEC; emrD; mdtM
562.98315,susceptible,susceptible,susceptible,susceptible,susceptible,acrF; blaEC-5; emrD
562.98316,RESISTANT,susceptible,susceptible,susceptible,susceptible,acrF; ampC_C-11T; blaEC-5; emrD
562.98317,susceptible,susceptible,susceptible,susceptible,susceptible,acrF; blaEC; cirA_V239RfsTer47; cyaA_S352T; emrD; uhpT_E350Q
562.98318,susceptible,susceptible,susceptible,susceptible,susceptible,acrF; blaEC; emrD; parE_I529L; ptsI_V25I; uhpT_E350Q
562.98319,susceptible,susceptible,susceptible,susceptible,susceptible,acrF; blaEC; emrD; marR_S3N; mdtM
562.98320,susceptible,susceptible,susceptible,susceptible,susceptible,acrF; blaEC-5; emrD
562.98321,RESISTANT,susceptible,susceptible,susceptible,susceptible,acrF; blaEC; blaTEM-1; blaTEMp_C32T; emrD; mdtM; tet(B)
562.98322,susceptible,susceptible,susceptible,susceptible,susceptible,acrF; blaEC; cirA_Q56Ter; cyaA_S352T; emrD; mdtM; parE_I355T; uhpT_E350Q
562.98323,susceptible,susceptible,susceptible,susceptible,susceptible,aadA1; acrF; blaEC; cyaA_S352T; dfrA1; emrD; mdtM; sat2
562.98324,RESISTANT,susceptible,RESISTANT,susceptible,RESISTANT,aadA1; acrF; aph(3'')-Ib; aph(6)-Id; blaEC; blaTEM-1; cyaA_S352T; dfrA1; emrD; gyrA_D87N; gyrA_S83L; mdtM; mph(B); nfsA_D230GfsTer47; parC_S80I; rdmCL; sul1; sul2; uhpT_E350Q
562.98325,RESISTANT,susceptible,susceptible,susceptible,RESISTANT,aadA1; acrF; blaEC; blaTEM-1; dfrA1; emrD; nfsA_W159Ter; sul1
562.98326,RESISTANT,susceptible,susceptible,susceptible,RESISTANT,aadA5; acrF; aph(3'')-Ib; aph(6)-Id; blaEC; blaTEM-1; catA1; cyaA_S352T; dfrA17; emrD; mdtM; mph(A); mrx(A); sul1; sul2; tet(B)
562.98327,susceptible,susceptible,susceptible,susceptible,susceptible,acrF; blaEC; emrD; marR_S3N; mdtM
562.98328,susceptible,susceptible,susceptible,susceptible,susceptible,acrF; blaEC; emrD; marR_S3N
562.98329,susceptible,susceptible,susceptible,susceptible,susceptible,acrF; blaEC; cyaA_S352T; emrD; mdtM
562.98330,RESISTANT,susceptible,susceptible,susceptible,susceptible,acrF; blaEC-5; blaTEM-1; emrD; mdtM
562.98331,susceptible,susceptible,susceptible,susceptible,susceptible,acrF; blaEC; emrD
562.98332,RESISTANT,susceptible,susceptible,susceptible,RESISTANT,aadA1; acrF; aph(3'')-Ib; aph(6)-Id; blaEC; blaTEM-1; cirA_V239RfsTer47; cyaA_S352T; dfrA1; emrD; sat2; sul2; tet(A); uhpT_E350Q
562.98333,RESISTANT,susceptible,susceptible,susceptible,susceptible,acrF; aph(3'')-Ib; aph(6)-Id; blaEC; blaTEM-1; mdtM; tet(B)
562.98334,RESISTANT,susceptible,susceptible,susceptible,RESISTANT,aadA1; acrF; aph(6)-Id; blaEC; blaTEM-1; dfrA1; emrD; sul1; tet(A); uhpT_E350Q
562.98335,susceptible,susceptible,susceptible,susceptible,susceptible,acrF; blaEC; emrD; marR_S3N; mdtM
562.98336,RESISTANT,susceptible,susceptible,susceptible,susceptible,acrF; blaEC; cirA_W243Ter; cyaA_S352T; emrD; mdtM
562.98337,susceptible,susceptible,susceptible,susceptible,susceptible,acrF; blaEC-5; emrD; mdtM
562.98338,susceptible,susceptible,susceptible,susceptible,susceptible,acrF; blaEC; mdtM
562.98339,susceptible,susceptible,susceptible,susceptible,susceptible,acrF; blaEC; emrD; marR_S3N; mdtM
562.98340,susceptible,susceptible,susceptible,susceptible,susceptible,acrF; blaEC; mdtM
562.98341,susceptible,susceptible,susceptible,susceptible,susceptible,acrF; blaEC; mdtM
562.98342,susceptible,susceptible,susceptible,susceptible,susceptible,acrF; blaEC-5; emrD; marR_S3N; uhpT_E350Q
562.98343,susceptible,susceptible,susceptible,susceptible,susceptible,acrF; blaEC; emrD; marR_S3N; mdtM
562.98344,RESISTANT,RESISTANT,susceptible,RESISTANT,susceptible,aac(3)-IId; acrF; blaCTX-M-3; blaEC; blaTEM-1; mdtM
562.98345,susceptible,susceptible,susceptible,susceptible,susceptible,acrF; blaEC; emrD
562.98346,RESISTANT,susceptible,susceptible,,RESISTANT,aac(3)-IId; aadA2; acrF; blaEC; blaTEM-1; catA1; dfrA12; emrD; gyrA_S83L; mph(A); mrx(A); parE_I529L; ptsI_V25I; sul1; uhpT_E350Q
562.98347,susceptible,susceptible,susceptible,susceptible,susceptible,acrF; blaEC; emrD; marR_S3N
562.98348,RESISTANT,susceptible,,RESISTANT,RESISTANT,aac(3)-IIe; aadA5; acrF; aph(3'')-Ib; aph(3')-Ia; aph(6)-Id; blaEC; blaTEM-1; dfrA17; gyrA_S83L; mdtM; mph(A); mrx(A); nfsA_Q113Ter; parC_S80R; sul1; sul2; tet(B)
562.98349,RESISTANT,susceptible,susceptible,susceptible,susceptible,acrF; aph(3'')-Ib; aph(3')-Ia; aph(6)-Id; blaEC-5; blaTEM-1; blaTEMp_C32T; emrD
562.98350,RESISTANT,susceptible,susceptible,susceptible,susceptible,acrF; blaEC; emrD; marR_S3N
562.98351,RESISTANT,susceptible,susceptible,susceptible,RESISTANT,acrF; aph(3'')-Ib; aph(3')-Ia; aph(6)-Id; blaEC; blaTEM-1; blaTEMp_C32T; catA1; cyaA_S352T; dfrA14; emrD; mph(A); mrx(A); sul2
562.98352,RESISTANT,susceptible,RESISTANT,susceptible,susceptible,aac(6')-Ib-cr5; acrF; blaEC; blaOXA-1; catB3; emrD; gyrA_D87N; gyrA_S83L; mdtM; parC_E84V; parC_S80I; parE_I529L; ptsI_V25I; uhpT_E350Q
562.98353,RESISTANT,susceptible,susceptible,susceptible,RESISTANT,aadA1; acrF; aph(3'')-Ib; aph(6)-Id; blaEC-5; blaTEM-1; blaTEMp_C32T; dfrA1; emrD; sul1; sul2
562.98354,susceptible,susceptible,susceptible,susceptible,susceptible,acrF; blaEC; emrD; marR_S3N; mdtM
562.98355,susceptible,susceptible,susceptible,susceptible,susceptible,acrF; blaEC; emrD; marR_S3N
562.98356,susceptible,susceptible,susceptible,susceptible,susceptible,acrF; blaEC-5; emrD; mdtM
562.98357,RESISTANT,susceptible,susceptible,susceptible,susceptible,aadA2; acrF; blaCARB-2; blaEC; emrD; gyrA_S83L; sul1
562.98358,susceptible,susceptible,susceptible,susceptible,susceptible,acrF; blaEC; emrD
562.98359,RESISTANT,susceptible,susceptible,susceptible,RESISTANT,aadA5; acrF; aph(3'')-Ib; aph(6)-Id; blaEC; blaTEM-1; cirA_Q425PfsTer1; dfrA17; emrD; gyrA_D87Y; marR_S3N; tet(A)
562.98360,susceptible,susceptible,susceptible,susceptible,RESISTANT,aadA1; acrF; blaEC-5; blaOXA-1; dfrA1; emrD; sat2; sul1; tet(B)
562.98361,susceptible,susceptible,susceptible,susceptible,susceptible,acrF; blaEC; emrD; marR_S3N
562.98362,RESISTANT,RESISTANT,susceptible,susceptible,susceptible,acrF; ampC_C-42T; blaEC; mdtM
562.98363,susceptible,susceptible,susceptible,susceptible,susceptible,acrF; blaEC; emrD; marR_S3N
562.98364,susceptible,susceptible,susceptible,susceptible,susceptible,acrF; blaEC-5; emrD; mdtM
562.98365,susceptible,susceptible,susceptible,susceptible,susceptible,acrF; acrR_D186LfsTer57; blaEC-5; emrD; folP_P64S
562.98366,susceptible,susceptible,susceptible,susceptible,susceptible,acrF; blaEC; emrD; mdtM
562.98367,RESISTANT,susceptible,susceptible,susceptible,susceptible,aadA1; acrF; blaEC-5; blaSHV-1; emrD; sul1
562.98368,susceptible,susceptible,susceptible,susceptible,susceptible,acrF; blaEC; emrD; uhpT_E350Q
562.98369,susceptible,susceptible,susceptible,susceptible,susceptible,acrF; blaEC-5; emrD
562.98370,RESISTANT,susceptible,susceptible,susceptible,RESISTANT,acrF; aph(3'')-Ib; aph(3')-Ia; aph(6)-Id; blaEC; blaTEM-1; dfrA5; mdtM; sul2
562.98371,susceptible,susceptible,susceptible,susceptible,susceptible,acrF; blaEC-5; emrD; uhpT_E350Q
562.98372,RESISTANT,RESISTANT,RESISTANT,susceptible,susceptible,aac(6')-Ib-cr5; acrF; blaCTX-M-15; blaEC; blaOXA-1; blaTEM-1; catB3; emrD; gyrA_D87N; gyrA_S83L; mdtM; parC_E84V; parC_S80I; parE_I529L; ptsI_V25I; tet(A); uhpT_E350Q
562.98373,susceptible,susceptible,susceptible,susceptible,susceptible,acrF; aph(3'')-Ib; aph(6)-Id; blaEC; emrD
562.98374,susceptible,susceptible,susceptible,susceptible,susceptible,acrF; blaEC; emrD; nfsA_E120Ter; sul2; tet(A)
562.98375,susceptible,susceptible,susceptible,susceptible,susceptible,acrF; blaEC; emrD; marR_S3N; mdtM
562.98376,RESISTANT,susceptible,RESISTANT,susceptible,RESISTANT,aadA5; acrF; aph(3'')-Ib; aph(6)-Id; blaEC; blaTEM-1; catA1; dfrA17; gyrA_D87N; gyrA_S83L; mdtM; nfsA_Q67Ter; parC_A108V; parC_S80I; sul1; sul2; tet(B)
562.98377,RESISTANT,susceptible,susceptible,susceptible,susceptible,acrF; aph(3')-Ia; blaEC; blaTEM-1; emrD; gyrA_S83L; mdtM; parE_I529L; ptsI_V25I; tet(B); uhpT_E350Q
562.98378,RESISTANT,susceptible,susceptible,susceptible,susceptible,acrF; blaEC; emrD; marR_S3N
562.98379,RESISTANT,susceptible,susceptible,susceptible,susceptible,acrF; ampC_C-42T; blaEC; mdtM
562.98380,RESISTANT,susceptible,susceptible,susceptible,RESISTANT,acrF; aph(3'')-Ib; aph(6)-Id; blaEC; blaTEM-1; cyaA_S352T; dfrA5; emrD; sul2
562.98381,RESISTANT,susceptible,susceptible,susceptible,susceptible,aadA1; acrF; blaEC; blaTEM-1; mdtM; sul1
562.98382,susceptible,susceptible,susceptible,susceptible,susceptible,acrF; blaEC; mdtM
562.98383,RESISTANT,susceptible,susceptible,susceptible,RESISTANT,aadA5; acrF; aph(3'')-Ib; aph(6)-Id; blaEC; blaTEM-1; cyaA_S352T; dfrA17; emrD; gyrA_S83L; mdtM; mph(A); mrx(A); sul1; sul2
562.98384,susceptible,susceptible,susceptible,susceptible,susceptible,aadA1; acrF; blaEC; estX; mdtM; sat2
562.98385,susceptible,susceptible,susceptible,susceptible,susceptible,acrF; aph(3'')-Ib; aph(6)-Id; blaEC; cyaA_S352T; emrD; mdtM; parC_S57T; sul2; tet(B)
562.98386,susceptible,susceptible,susceptible,susceptible,RESISTANT,aadA1; acrF; blaEC-5; emrD; sul1
562.98387,RESISTANT,susceptible,susceptible,susceptible,RESISTANT,aadA1; acrF; blaEC; blaTEM-1; dfrA1; emrD; gyrA_S83L; mdtM; sat2; tet(B)
562.98388,susceptible,susceptible,susceptible,susceptible,susceptible,acrF; blaEC; emrD; parE_D475E
562.98389,susceptible,susceptible,susceptible,susceptible,susceptible,acrF; aph(3'')-Ib; aph(6)-Id; blaEC; catA1; cyaA_S352T; emrD; mdtM; sul2; tet(B)
562.98390,susceptible,susceptible,susceptible,susceptible,susceptible,acrF; blaEC; emrD; marR_S3N
562.98391,susceptible,susceptible,susceptible,susceptible,susceptible,acrF; blaEC; mdtM
562.98392,susceptible,susceptible,susceptible,susceptible,susceptible,acrF; blaEC; emrD; marR_S3N
562.98393,susceptible,susceptible,susceptible,susceptible,susceptible,acrF; blaEC-5; emrD; marR_S3N; mdtM; uhpT_E350Q
562.98394,susceptible,susceptible,susceptible,susceptible,susceptible,acrF; blaEC-5; emrD
562.98395,susceptible,susceptible,susceptible,susceptible,susceptible,acrF; blaEC; mdtM
562.98396,susceptible,susceptible,susceptible,susceptible,susceptible,acrF; blaEC; emrD; marR_S3N
562.98397,RESISTANT,susceptible,RESISTANT,RESISTANT,RESISTANT,aac(3)-IId; aadA2; acrF; aph(3'')-Ib; aph(6)-Id; blaEC; blaTEM-1; dfrA12; emrD; gyrA_S83L; parC_S80R; parE_I529L; ptsI_V25I; sul1; sul2; uhpT_E350Q
562.98398,susceptible,susceptible,susceptible,susceptible,susceptible,acrF; blaEC; mdtM
562.98399,RESISTANT,susceptible,susceptible,susceptible,RESISTANT,aadA5; acrF; aph(3'')-Ib; aph(6)-Id; blaEC; blaTEM-1; cyaA_S352T; dfrA17; emrD; sul1; sul2
562.98400,RESISTANT,susceptible,susceptible,RESISTANT,RESISTANT,aac(3)-IIe; aadA5; acrF; blaEC; blaTEM-1; cyaA_S352T; dfrA17; emrD; gyrA_S83L; mdtM; mph(A); mrx(A); sul1; tet(A)
562.98401,RESISTANT,,susceptible,susceptible,RESISTANT,acrF; ampC_C-42T; aph(3'')-Ib; aph(6)-Id; blaEC; blaTEM-1; catA1; dfrA7; mdtM; sul1; sul2; tet(A)
562.98402,susceptible,susceptible,susceptible,susceptible,susceptible,acrF; blaEC-5; emrD
562.98403,RESISTANT,susceptible,susceptible,susceptible,susceptible,acrF; blaEC-5; blaTEM-1; emrD; mdtM; tet(B)
562.98404,susceptible,susceptible,susceptible,susceptible,susceptible,acrF; blaEC; cirA_Q56Ter; emrD; mdtM; parC_S57T
562.98405,,susceptible,RESISTANT,susceptible,RESISTANT,aadA5; acrF; acrR_E190RfsTer20; blaEC; catA1; cyaA_S352T; dfrA17; emrD; gyrA_D87N; gyrA_S83L; ompF_Q222Ter; parC_S80R; sul1; tet(B)
562.98406,RESISTANT,susceptible,RESISTANT,susceptible,RESISTANT,aadA5; acrF; blaEC; blaTEM-1; cyaA_S352T; dfrA17; emrD; gyrA_D87N; gyrA_S83L; mdtM; mph(A); mrx(A); parC_S57T; parC_S80I; parE_L416F; sul1; tet(B); uhpT_E350Q
562.98407,RESISTANT,susceptible,susceptible,susceptible,susceptible,acrF; blaEC; mdtM; sul2; tet(C)
562.98408,susceptible,susceptible,susceptible,susceptible,susceptible,acrF; aph(3'')-Ib; aph(6)-Id; blaEC; emrD; marR_S3N
562.98409,susceptible,susceptible,susceptible,susceptible,susceptible,acrF; blaEC; cirA_V103CfsTer3; emrD; marR_S3N; mdtM
562.98410,susceptible,susceptible,susceptible,susceptible,susceptible,acrF; blaEC; cyaA_S352T; emrD
562.98411,susceptible,susceptible,susceptible,susceptible,susceptible,acrF; blaEC; emrD; marR_S3N; mdtM
562.98412,RESISTANT,susceptible,susceptible,susceptible,RESISTANT,aadA1; acrF; blaEC; blaTEM-1; dfrA1; emrD; sat2; sul1
562.98413,susceptible,susceptible,susceptible,susceptible,susceptible,acrF; blaEC; cirA_Q598Ter; emrD; uhpT_E350Q
562.98414,susceptible,susceptible,susceptible,susceptible,susceptible,acrF; blaEC; cirA_T405PfsTer3; emrD; marR_S3N
562.98415,susceptible,susceptible,susceptible,susceptible,susceptible,acrF; blaEC-5; emrD
562.98416,RESISTANT,susceptible,susceptible,susceptible,susceptible,acrF; aph(3'')-Ib; aph(6)-Id; blaEC; blaTEM-1; emrD; marR_S3N; mdtM; sul2
562.98417,RESISTANT,susceptible,RESISTANT,RESISTANT,RESISTANT,aac(3)-IId; aadA1; acrF; aph(3'')-Ib; aph(6)-Id; blaEC; blaTEM-1; catA2; dfrA14; gyrA_D87Y; gyrA_S83L; mdtM; parC_S80I; sul2; tet(A); tet(M)
562.98418,susceptible,susceptible,susceptible,susceptible,susceptible,acrF; blaEC; emrD; marR_S3N
562.98419,RESISTANT,susceptible,susceptible,susceptible,RESISTANT,acrF; aph(3'')-Ib; aph(3')-Ia; aph(6)-Id; blaEC; blaTEM-1; dfrA5; mdtM; sul2
562.98420,susceptible,susceptible,susceptible,susceptible,susceptible,acrF; blaEC; emrD
562.98421,susceptible,susceptible,susceptible,susceptible,susceptible,acrF; blaEC-5; emrD; marR_S3N; uhpT_E350Q
562.98422,susceptible,susceptible,susceptible,susceptible,susceptible,acrF; blaEC; emrD; marR_S3N; mdtM
562.98423,susceptible,susceptible,susceptible,susceptible,RESISTANT,aadA1; acrF; aph(3'')-Ib; aph(6)-Id; blaEC; dfrA1; emrD; mph(B); rdmCL; sul1; sul2; tet(A)
562.98424,susceptible,susceptible,susceptible,susceptible,susceptible,aadA1; acrF; blaEC; dfrA1; mdtM; sat2
562.98425,susceptible,susceptible,susceptible,susceptible,susceptible,acrF; blaEC; emrD; marR_S3N
562.98426,susceptible,susceptible,susceptible,susceptible,susceptible,acrF; blaEC; emrD; marR_S3N
562.98427,RESISTANT,susceptible,susceptible,susceptible,RESISTANT,aadA5; acrF; aph(3'')-Ib; aph(6)-Id; blaEC; blaTEM-1; cyaA_S352T; dfrA17; emrD; mdtM; sul1; sul2
562.98428,susceptible,susceptible,susceptible,susceptible,susceptible,acrF; blaEC; emrD; marR_S3N
562.98429,susceptible,susceptible,susceptible,susceptible,susceptible,acrF; blaEC; cirA_Q598Ter; emrD; uhpT_E350Q
562.98430,susceptible,susceptible,susceptible,susceptible,susceptible,acrF; blaEC; emrD; marR_S3N
562.98431,susceptible,susceptible,susceptible,susceptible,susceptible,acrF; blaEC; emrD; marR_S3N
562.98432,susceptible,susceptible,susceptible,susceptible,susceptible,acrF; blaEC; emrD; marR_S3N; mdtM
562.98433,susceptible,susceptible,susceptible,susceptible,susceptible,aadA1; acrF; blaEC-5; emrD
562.98434,susceptible,susceptible,susceptible,susceptible,susceptible,acrF; blaEC-5; emrD
562.98435,susceptible,susceptible,susceptible,susceptible,susceptible,acrF; blaEC; emrD; marR_S3N; tet(C)
562.98436,susceptible,susceptible,susceptible,susceptible,susceptible,acrF; blaEC-5; emrD; marR_S3N; uhpT_E350Q
562.98437,RESISTANT,susceptible,RESISTANT,RESISTANT,RESISTANT,aac(3)-IId; aadA5; acrF; aph(3'')-Ib; aph(6)-Id; blaEC; blaTEM-1; dfrA17; emrD; gyrA_D87N; gyrA_S83L; mdtM; mph(A); mrx(A); parC_E84V; parC_S80I; parE_I529L; ptsI_V25I; sul1; sul2; tet(A); uhpT_E350Q
562.98438,RESISTANT,susceptible,susceptible,susceptible,susceptible,acrF; aph(3'')-Ib; aph(6)-Id; blaEC; blaTEM-1; catA1; cyaA_S352T; dfrA7; emrD; gyrA_S83L; sul2; tet(D)
562.98439,susceptible,susceptible,susceptible,susceptible,susceptible,acrF; blaEC-5; emrD
562.98440,RESISTANT,susceptible,susceptible,susceptible,susceptible,acrF; blaEC; blaTEM-1; emrD; uhpT_E350Q
562.98441,RESISTANT,susceptible,susceptible,susceptible,RESISTANT,aadA1; acrF; aph(3'')-Ib; aph(6)-Id; blaEC; blaTEM; cmlA1; dfrA1; mdtM; nfsA_A55RfsTer6; sat2; sul2; sul3; tet(B)
562.98442,susceptible,susceptible,susceptible,susceptible,susceptible,acrF; blaEC; mdtM
562.98443,susceptible,susceptible,susceptible,susceptible,,aadA1; acrF; blaEC-5; emrD; sul1
562.98444,susceptible,susceptible,susceptible,susceptible,susceptible,acrF; acrR_Q78Ter; blaEC-5; emrD; marR_S3N; mdtM; uhpT_E350Q
562.98445,susceptible,susceptible,susceptible,susceptible,susceptible,acrF; blaEC; cyaA_S352T; emrD; mdtM
562.98446,RESISTANT,susceptible,susceptible,susceptible,susceptible,acrF; blaEC-5; blaTEM-1; emrD; mdtM; tet(B)
562.98447,susceptible,susceptible,susceptible,susceptible,susceptible,acrF; blaEC; cirA_E450AfsTer30; cyaA_S352T; emrD; mdtM
562.98448,susceptible,susceptible,susceptible,susceptible,susceptible,acrF; blaEC-5; emrD
562.98449,RESISTANT,susceptible,susceptible,susceptible,susceptible,acrF; aph(3'')-Ib; aph(6)-Id; blaEC; blaTEM-1; emrD; marR_S3N
562.98450,susceptible,susceptible,susceptible,susceptible,susceptible,acrF; blaEC; emrD; marR_S3N; mdtM
562.98451,RESISTANT,susceptible,susceptible,susceptible,susceptible,acrF; blaEC; cirA_S432RfsTer15; mdtM
562.98452,susceptible,susceptible,susceptible,susceptible,susceptible,acrF; blaEC; emrD; marR_S3N
562.98453,RESISTANT,susceptible,susceptible,susceptible,RESISTANT,aadA5; acrF; aph(3'')-Ib; aph(6)-Id; blaEC; blaTEM-1; cyaA_S352T; dfrA17; emrD; mdtM; mph(A); mrx(A); sul1; sul2
562.98454,susceptible,susceptible,susceptible,susceptible,susceptible,acrF; blaEC; mdtM
562.98455,susceptible,susceptible,susceptible,susceptible,susceptible,acrF; blaEC; emrD; marR_S3N; mdtM
562.98456,RESISTANT,susceptible,susceptible,susceptible,susceptible,acrF; blaEC; blaTEM-1; cyaA_S352T; emrD; mdtM; tet(A)
562.98457,RESISTANT,susceptible,susceptible,susceptible,susceptible,aadA1; acrF; blaEC-5; blaSHV-1; emrD
562.98458,susceptible,susceptible,susceptible,susceptible,susceptible,acrF; blaEC; emrD; mdtM
562.98459,RESISTANT,susceptible,susceptible,susceptible,RESISTANT,acrF; acrR_V29GfsTer7; aph(3'')-Ib; aph(6)-Id; blaEC; emrD; gyrA_D87G; mdtM
562.98460,RESISTANT,susceptible,susceptible,susceptible,susceptible,acrF; aph(3'')-Ib; aph(6)-Id; blaEC; blaTEM-1; blaTEMp_C32T; emrD; sul2; uhpT_E350Q
562.98461,susceptible,susceptible,susceptible,susceptible,RESISTANT,aadA1; acrF; aph(3'')-Ib; aph(6)-Id; blaEC; dfrA1; emrD; marR_S3N; mdtM; sat2; sul2; tet(A)
562.98462,susceptible,susceptible,susceptible,susceptible,susceptible,acrF; blaEC; emrD; gyrA_S83L; marR_S3N
562.98463,RESISTANT,susceptible,susceptible,susceptible,RESISTANT,aadA8; acrF; aph(3'')-Ib; aph(6)-Id; blaEC; blaTEM-1; catA1; cyaA_S352T; dfrA12; emrD; gyrA_D87N; mph(A); mrx(A); sul1; sul2; tet(D)
562.98464,susceptible,susceptible,susceptible,susceptible,susceptible,acrF; blaEC; mdtM
562.98465,susceptible,susceptible,susceptible,susceptible,susceptible,acrF; blaEC-5; emrD
562.98466,susceptible,susceptible,susceptible,susceptible,susceptible,acrF; blaEC-5; emrD
562.98467,susceptible,susceptible,susceptible,susceptible,susceptible,acrF; blaEC-5; emrD
562.98468,susceptible,susceptible,susceptible,susceptible,susceptible,acrF; blaEC; emrD; marR_S3N
562.98469,RESISTANT,susceptible,susceptible,susceptible,RESISTANT,aadA1; acrF; aph(3'')-Ib; aph(6)-Id; blaEC; blaTEM-1; dfrA1; emrD; parE_I529L; ptsI_V25I; sul1; sul2; tet(A); uhpT_E350Q
562.98470,RESISTANT,susceptible,susceptible,susceptible,RESISTANT,aadA1; acrF; ampC_T-32A; blaEC; blaTEM-1; blaTEMp_C32T; dfrA1; emrD; sat2; sul1
562.98471,susceptible,susceptible,susceptible,susceptible,susceptible,acrF; blaEC; cirA_Q56Ter; cyaA_S352T; emrD; mdtM; parE_I355T; uhpT_E350Q
562.98472,susceptible,susceptible,susceptible,susceptible,susceptible,acrF; blaEC; cirA_Q216Ter; mdtM
562.98473,RESISTANT,susceptible,susceptible,susceptible,susceptible,acrF; aph(3'')-Ib; aph(6)-Id; blaEC; blaTEM-1; emrD; sul2; uhpT_E350Q
562.98474,susceptible,susceptible,susceptible,susceptible,susceptible,acrF; blaEC; emrD; marR_S3N; mdtM
562.98475,susceptible,susceptible,susceptible,susceptible,susceptible,acrF; blaEC; mdtM
562.98476,susceptible,susceptible,susceptible,susceptible,susceptible,acrF; blaEC-5; emrD
562.98477,susceptible,susceptible,susceptible,susceptible,susceptible,acrF; blaEC; emrD; mdtM; uhpT_E350Q
562.98478,susceptible,susceptible,susceptible,susceptible,susceptible,acrF; blaEC; mdtM
562.98479,susceptible,susceptible,susceptible,susceptible,susceptible,acrF; blaEC; cirA_Q56Ter; cyaA_S352T; emrD; mdtM; parE_I355T; uhpT_E350Q
562.98480,RESISTANT,susceptible,susceptible,susceptible,RESISTANT,acrF; aph(3'')-Ib; aph(6)-Id; blaEC; blaTEM-1; dfrA5; mdtM; sul2
562.98481,susceptible,susceptible,susceptible,susceptible,susceptible,acrF; blaEC; mdtM; ompF_N86LfsTer3
562.98482,susceptible,susceptible,susceptible,susceptible,susceptible,acrF; blaEC; emrD; marR_S3N; mdtM
562.98483,RESISTANT,RESISTANT,RESISTANT,RESISTANT,RESISTANT,aac(3)-IIe; aac(6')-Ib-cr5; aadA5; acrF; blaCTX-M-15; blaEC; blaOXA-1; catA1; catB3; dfrA17; emrD; gyrA_D87N; gyrA_S83L; mdtM; mph(A); mrx(A); parC_E84V; parC_S80I; parE_I529L; ptsI_V25I; sul1; tet(B); uhpT_E350Q
562.98484,susceptible,susceptible,susceptible,susceptible,susceptible,acrF; blaEC; cyaA_S352T; emrD; mdtM; parC_S57T
562.98485,susceptible,susceptible,susceptible,susceptible,susceptible,acrF; blaEC; emrD; marR_S3N
562.98486,susceptible,susceptible,susceptible,susceptible,susceptible,acrF; blaEC-5; emrD; mdtM
562.98487,susceptible,susceptible,susceptible,susceptible,susceptible,acrF; blaEC; emrD; marR_S3N
562.98488,RESISTANT,susceptible,susceptible,susceptible,RESISTANT,acrF; aph(3'')-Ib; aph(6)-Id; blaEC; blaTEM-1; catA1; dfrA17; emrD; mdtM; parE_I529L; ptsI_V25I; sul2; tet(B); uhpT_E350Q
562.98489,susceptible,susceptible,susceptible,susceptible,susceptible,acrF; aph(3'')-Ib; aph(6)-Id; blaEC-5; emrD; sul2
562.98490,susceptible,susceptible,susceptible,susceptible,susceptible,acrF; blaEC; cyaA_S352T; emrD; mdtM; parC_S57T; uhpT_E350Q
562.98491,susceptible,susceptible,susceptible,susceptible,susceptible,acrF; blaEC-5; emrD; uhpT_E350Q
562.98492,RESISTANT,susceptible,susceptible,,RESISTANT,aac(3)-IId; aadA5; acrF; blaEC; blaTEM-1; dfrA17; emrD; mph(A); mrx(A); nfsA_E194Ter; sul1
562.98493,susceptible,susceptible,susceptible,susceptible,susceptible,acrF; blaEC; emrD; marR_S3N
562.98494,susceptible,susceptible,susceptible,susceptible,susceptible,acrF; blaEC; cirA_Q598Ter; emrD; uhpT_E350Q
562.98495,susceptible,susceptible,susceptible,susceptible,susceptible,acrF; blaEC; emrD; marR_S3N; ompC_Q82Ter
562.98496,susceptible,susceptible,susceptible,susceptible,susceptible,acrF; blaEC; emrD; parE_D475E; uhpT_E350Q
562.98497,susceptible,susceptible,susceptible,susceptible,susceptible,acrF; blaEC-5; emrD
562.98498,susceptible,susceptible,susceptible,susceptible,susceptible,acrF; blaEC-5; emrD
562.98499,susceptible,susceptible,susceptible,susceptible,susceptible,acrF; blaEC-5; emrD; mdtM
562.98500,RESISTANT,susceptible,susceptible,susceptible,susceptible,aadA1; acrF; blaEC-5; blaSHV-1; emrD; sul1
562.98501,susceptible,susceptible,susceptible,susceptible,susceptible,acrF; blaEC; emrD
562.98502,susceptible,susceptible,susceptible,susceptible,susceptible,acrF; blaEC-5; emrD; uhpT_E350Q
562.98503,susceptible,susceptible,susceptible,susceptible,susceptible,acrF; blaEC; emrD; marR_S3N
562.98504,RESISTANT,susceptible,RESISTANT,susceptible,RESISTANT,acrF; blaEC; emrD; uhpT_E350Q
562.98505,susceptible,susceptible,susceptible,susceptible,susceptible,acrF; blaEC-5; emrD
562.98506,susceptible,susceptible,susceptible,susceptible,susceptible,acrF; blaEC; cyaA_S352T; emrD; mdtM; parC_S57T; uhpT_E350Q
562.98507,RESISTANT,susceptible,susceptible,susceptible,susceptible,acrF; blaEC; blaTEM-1; catA1; emrD; marR_S3N; sul2; tet(B)
562.98508,susceptible,susceptible,susceptible,susceptible,susceptible,acrF; blaEC-5; emrD; marR_S3N; mdtM; uhpT_E350Q
562.98509,susceptible,susceptible,susceptible,susceptible,susceptible,acrF; blaEC; emrD; marR_S3N; mdtM
562.98510,RESISTANT,susceptible,susceptible,susceptible,susceptible,acrF; blaEC-5; emrD
562.98511,RESISTANT,susceptible,,susceptible,RESISTANT,acrF; aph(3'')-Ib; aph(6)-Id; blaEC; blaTEM-1; cyaA_S352T; dfrA14; emrD; gyrA_S83L; mdtM; mph(A); mrx(A); parC_S80I; sul2; tet(B)
562.98512,susceptible,susceptible,susceptible,susceptible,susceptible,acrF; blaEC; emrD; marR_S3N
562.98513,susceptible,susceptible,susceptible,susceptible,susceptible,acrF; acrR_K116Ter; blaEC; emrD; marR_S3N
562.98514,RESISTANT,susceptible,susceptible,susceptible,RESISTANT,aadA1; acrF; aph(3'')-Ib; aph(6)-Id; blaEC; blaTEM-1; blaTEMp_C32T; dfrA1; emrD; mph(B); rdmCL; sul1; sul2; tet(A)
562.98515,susceptible,susceptible,susceptible,susceptible,susceptible,acrF; blaEC; cirA_V74CfsTer5; cyaA_S352T; emrD; uhpT_E350Q
562.98516,RESISTANT,susceptible,susceptible,susceptible,susceptible,acrF; blaEC; blaTEM-1; mdtM; sul2
562.98517,susceptible,susceptible,susceptible,susceptible,susceptible,acrF; blaEC; mdtM
562.98518,RESISTANT,susceptible,susceptible,susceptible,susceptible,acrF; aph(3'')-Ib; aph(6)-Id; blaEC; blaTEM-1; emrD; marR_S3N; mdtM; sul2
562.98519,RESISTANT,susceptible,susceptible,susceptible,RESISTANT,aadA1; acrF; aph(3'')-Ib; aph(6)-Id; blaEC-5; blaTEM-1; dfrA1; emrD; marR_S3N; mdtM; sat2; sul2; uhpT_E350Q
562.98520,susceptible,susceptible,susceptible,susceptible,susceptible,acrF; blaEC; emrD; marR_S3N
562.98521,RESISTANT,susceptible,RESISTANT,susceptible,RESISTANT,aadA5; acrF; aph(3'')-Ib; aph(6)-Id; blaEC; blaTEM-1; dfrA17; emrD; gyrA_D87N; gyrA_S83L; mdtM; mph(A); mrx(A); parC_E84V; parC_S80I; parE_I529L; ptsI_V25I; sul1; sul2; tet(A); uhpT_E350Q
562.98522,susceptible,susceptible,susceptible,susceptible,susceptible,acrF; blaEC; emrD; marR_S3N; mdtM
562.98523,RESISTANT,susceptible,susceptible,susceptible,RESISTANT,acrF; aph(3'')-Ib; aph(6)-Id; blaEC; blaTEM-1; dfrA5; emrD; marR_S3N; sul2; tet(A)
562.98524,susceptible,susceptible,susceptible,susceptible,susceptible,acrF; blaEC-5; emrD
562.98525,RESISTANT,susceptible,RESISTANT,RESISTANT,RESISTANT,aac(3)-IIe; aadA1; acrF; aph(3'')-Ib; aph(6)-Id; blaEC; blaOXA-2; blaTEM-1; cyaA_S352T; dfrA1; emrD; gyrA_D87N; gyrA_S83L; mdtM; parC_S80I; parE_S458A; sat2; sul1; sul2; tet(B)
562.98526,RESISTANT,susceptible,RESISTANT,susceptible,RESISTANT,aadA5; acrF; acrR_V29YfsTer44; aph(3'')-Ib; aph(6)-Id; blaEC; blaTEM-1; catA1; dfrA17; gyrA_D87N; gyrA_S83L; mdtM; parC_A108V; parC_S80I; sul1; sul2; tet(B)
562.98527,susceptible,susceptible,susceptible,susceptible,susceptible,acrF; blaEC; emrD; marR_S3N
562.98528,RESISTANT,susceptible,susceptible,susceptible,susceptible,acrF; aph(3'')-Ib; aph(6)-Id; blaEC-5; blaTEM-1; emrD; uhpT_E350Q
562.98529,susceptible,susceptible,susceptible,susceptible,susceptible,acrF; blaEC-5; emrD; marR_S3N; uhpT_E350Q
562.98530,susceptible,susceptible,susceptible,susceptible,susceptible,acrF; blaEC-5; emrD
562.98531,susceptible,susceptible,susceptible,susceptible,susceptible,acrF; blaEC; cirA_S432RfsTer15; mdtM
562.98532,susceptible,susceptible,susceptible,susceptible,susceptible,acrF; blaEC-5; emrD; mdtM
562.98533,susceptible,susceptible,susceptible,susceptible,susceptible,acrF; blaEC; emrD; uhpT_E350Q
562.98534,susceptible,susceptible,susceptible,susceptible,RESISTANT,acrF; aph(6)-Id; blaEC; cirA_P304LfsTer6; dfrA8; emrD; mdtM; tet(B)
562.98535,susceptible,susceptible,susceptible,susceptible,susceptible,acrF; acrR_Q14Ter; blaEC; emrD; marR_S3N; parE_D475E
562.98536,susceptible,susceptible,susceptible,susceptible,susceptible,acrF; blaEC; cyaA_S352T; emrD; mdtM
562.98537,RESISTANT,susceptible,susceptible,susceptible,susceptible,acrF; blaEC-5; blaTEM-1; emrD
562.98538,susceptible,susceptible,susceptible,susceptible,RESISTANT,acrF; blaEC; dfrA5; emrD; marR_S3N; sul1
562.98539,RESISTANT,susceptible,susceptible,susceptible,RESISTANT,acrF; aph(3'')-Ib; aph(6)-Id; blaEC; blaTEM-1; dfrA14; emrD; marR_S3N; sul2
562.98540,RESISTANT,susceptible,susceptible,susceptible,RESISTANT,acrF; aph(3'')-Ib; aph(6)-Id; blaEC; blaTEM-1; dfrA8; mdtM; sul2
562.98541,susceptible,susceptible,susceptible,susceptible,susceptible,acrF; blaEC-5; emrD
562.98542,RESISTANT,susceptible,RESISTANT,RESISTANT,RESISTANT,aac(3)-IId; aadA5; acrF; aph(3'')-Ib; aph(6)-Id; blaEC; blaTEM-1; dfrA17; emrD; gyrA_D87N; gyrA_S83L; mdtM; mph(A); mrx(A); parC_S80I; parE_L445H; ptsI_V25I; sul1; sul2; tet(A); uhpT_E350Q
562.98543,susceptible,susceptible,susceptible,susceptible,susceptible,acrF; blaEC; mdtM
562.98544,susceptible,susceptible,susceptible,susceptible,susceptible,acrF; blaEC-5; emrD; marR_S3N; mdtM; uhpT_E350Q
562.98545,RESISTANT,susceptible,RESISTANT,RESISTANT,susceptible,aac(3)-IId; acrF; aph(3'')-Ib; aph(6)-Id; blaEC; blaTEM-1; emrD; gyrA_D87N; gyrA_S83L; mdtM; parC_E84V; parC_S80I; parE_I529L; ptsI_V25I; sul2; uhpT_E350Q
562.98546,susceptible,susceptible,susceptible,susceptible,susceptible,acrF; blaEC; mdtM
562.98547,susceptible,susceptible,susceptible,susceptible,susceptible,acrF; blaEC; emrD
562.98548,susceptible,susceptible,susceptible,susceptible,susceptible,acrF; blaEC; marR_S3N
562.98549,RESISTANT,susceptible,susceptible,susceptible,susceptible,acrF; acrR_Q10Ter; blaEC; emrD; marR_S3N; marR_W83Ter
562.98550,susceptible,susceptible,susceptible,susceptible,susceptible,acrF; blaEC-5; emrD
562.98551,susceptible,susceptible,susceptible,susceptible,susceptible,acrF; blaEC; mdtM
562.98552,susceptible,susceptible,susceptible,susceptible,susceptible,acrF; blaEC-5; emrD
562.98553,susceptible,susceptible,susceptible,susceptible,susceptible,acrF; blaEC; mdtM; parC_A56T
562.98554,RESISTANT,susceptible,susceptible,susceptible,susceptible,acrF; blaEC; blaTEM-1; emrD; marR_S3N
562.98555,susceptible,susceptible,susceptible,susceptible,susceptible,acrF; blaEC; cyaA_S352T; emrD; mdtM
562.98556,RESISTANT,susceptible,susceptible,susceptible,RESISTANT,aadA1; acrF; aph(3'')-Ib; aph(6)-Id; blaEC-5; blaTEM-1; catA1; dfrA1; emrD; sul1; sul2; tet(B)
562.98557,susceptible,susceptible,susceptible,susceptible,susceptible,blaEC; cyaA_S352T; mdtM; tet(A)
562.98558,susceptible,susceptible,susceptible,susceptible,RESISTANT,aadA1; acrF; blaEC; cirA_Q56Ter; cyaA_S352T; dfrA1; emrD; mdtM; parE_I355T; sat2; uhpT_E350Q
562.98559,susceptible,susceptible,susceptible,susceptible,susceptible,acrF; blaEC-5; emrD; mdtM
562.98560,RESISTANT,susceptible,RESISTANT,susceptible,RESISTANT,aadA5; acrF; aph(3'')-Ib; aph(6)-Id; blaEC; blaTEM-1; catA1; dfrA17; gyrA_D87N; gyrA_S83L; mdtM; parC_A108V; parC_S80I; sul1; sul2; tet(B)
562.98561,RESISTANT,RESISTANT,RESISTANT,susceptible,susceptible,aac(6')-Ib-cr5; acrF; acrR_T5N; blaCTX-M-15; blaEC; blaOXA-1; blaTEM-1; catB3; emrD; gyrA_D87N; gyrA_S83L; marR_K25GfsTer3; mdtM; parC_E84V; parC_S80I; parE_I529L; ptsI_V25I; tet(A); uhpT_E350Q
562.98562,susceptible,susceptible,susceptible,susceptible,susceptible,acrF; blaEC-5; emrD; nfsA_Q67Ter
562.98563,susceptible,susceptible,susceptible,susceptible,,acrF; aph(3'')-Ib; aph(6)-Id; blaEC-5; emrD; mdtM; sul2
562.98564,susceptible,susceptible,susceptible,susceptible,susceptible,acrF; blaEC; emrD; mdtM
562.98565,RESISTANT,susceptible,susceptible,susceptible,,acrF; aph(3'')-Ib; aph(6)-Id; blaEC; blaTEM-1; mdtM; sul2
562.98566,RESISTANT,susceptible,susceptible,susceptible,susceptible,acrF; blaEC; cyaA_S352T; emrD; mdtM
562.98567,susceptible,susceptible,susceptible,susceptible,susceptible,acrF; blaEC; emrD; uhpT_E350Q
562.98568,susceptible,susceptible,susceptible,susceptible,susceptible,acrF; blaEC; emrD; marR_S3N
562.98569,susceptible,susceptible,susceptible,susceptible,susceptible,acrF; blaEC-5; emrD; marR_S3N; mdtM; uhpT_E350Q
562.98570,susceptible,susceptible,susceptible,susceptible,susceptible,acrF; blaEC; emrD; marR_S3N; mdtM
562.98571,susceptible,susceptible,susceptible,susceptible,susceptible,acrF; blaEC; emrD; mdtM
562.98572,susceptible,susceptible,susceptible,susceptible,susceptible,acrF; blaEC-5; emrD
562.98573,RESISTANT,susceptible,susceptible,susceptible,susceptible,acrF; blaEC-5; blaTEM; emrD
562.98574,RESISTANT,susceptible,RESISTANT,susceptible,RESISTANT,aadA5; acrF; aph(3'')-Ib; aph(3')-Ia; aph(6)-Id; blaEC; blaTEM-1; catA1; dfrA17; gyrA_D87N; gyrA_S83L; mdtM; parC_E84G; parC_S80I; sul2; tet(B)
562.98575,RESISTANT,susceptible,RESISTANT,susceptible,RESISTANT,aadA5; acrF; aph(3'')-Ib; aph(6)-Id; blaEC; blaTEM-1; cyaA_S352T; dfrA17; emrD; gyrA_D87N; gyrA_S83L; mdtM; mph(A); mrx(A); parC_S57T; parC_S80I; parE_L416F; sul1; sul2; tet(B); uhpT_E350Q
562.98576,RESISTANT,susceptible,susceptible,susceptible,susceptible,acrF; aph(3'')-Ib; aph(6)-Id; blaEC; blaTEM-1; emrD; marR_S3N; mdtM; sul2
562.98577,susceptible,susceptible,susceptible,susceptible,susceptible,acrF; blaEC-5; emrD; marR_S3N; mdtM; uhpT_E350Q
562.98578,susceptible,susceptible,susceptible,susceptible,susceptible,acrF; blaEC; cyaA_S352T; emrD; mdtM
562.98579,susceptible,susceptible,susceptible,susceptible,susceptible,acrF; blaEC; emrD
562.98580,susceptible,susceptible,susceptible,susceptible,susceptible,acrF; blaEC; emrD; marR_S3N
562.98581,susceptible,susceptible,susceptible,susceptible,susceptible,acrF; aph(3'')-Ib; aph(6)-Id; blaEC; emrD
562.98582,RESISTANT,susceptible,susceptible,susceptible,RESISTANT,acrF; aph(3'')-Ib; aph(3')-Ia; aph(6)-Id; blaEC; blaTEM-1; dfrA5; mdtM; sul2; tet(A)
562.98583,RESISTANT,susceptible,susceptible,susceptible,RESISTANT,acrF; aph(3'')-Ib; aph(6)-Id; blaEC; blaTEM-1; cirA_W243Ter; cyaA_S352T; dfrA8; emrD; mdtM; sul2
562.98584,RESISTANT,susceptible,susceptible,susceptible,susceptible,acrF; blaEC; blaTEM-1; emrD; marR_S3N
562.98585,susceptible,susceptible,susceptible,susceptible,susceptible,acrF; blaEC-5; emrD; gyrA_S83L; tet(B)
562.98586,susceptible,susceptible,susceptible,susceptible,susceptible,acrF; blaEC; emrD; marR_S3N
562.98587,susceptible,susceptible,susceptible,susceptible,susceptible,acrF; blaEC; cirA_R61Ter; dfrA8; mdtM; tet(A)
562.98588,RESISTANT,susceptible,susceptible,susceptible,susceptible,aadA1; acrF; blaEC; blaOXA-1; catA1; mdtM; sul1; tet(B)
562.98589,susceptible,susceptible,susceptible,susceptible,susceptible,acrF; blaEC; mdtM; tet(A)
562.98590,susceptible,susceptible,susceptible,susceptible,susceptible,acrF; blaEC; emrD
562.98591,susceptible,susceptible,susceptible,susceptible,susceptible,acrF; blaEC-5; emrD
562.98592,susceptible,susceptible,susceptible,susceptible,susceptible,acrF; blaEC; emrD; mdtM
562.98593,susceptible,susceptible,susceptible,susceptible,susceptible,acrF; blaEC; bleO; cirA_Y255Ter; emrD; gyrA_D87N; uhpT_E350Q
562.98594,susceptible,susceptible,susceptible,susceptible,susceptible,acrF; blaEC; emrD; marR_S3N
562.98595,RESISTANT,susceptible,susceptible,susceptible,susceptible,acrF; blaEC-5; blaTEM-1; emrD; uhpT_E350Q
562.98596,susceptible,susceptible,susceptible,susceptible,susceptible,acrF; blaEC; emrD; parE_I529L; ptsI_V25I; uhpT_E350Q
562.98597,RESISTANT,susceptible,susceptible,susceptible,RESISTANT,acrF; aph(3'')-Ib; aph(6)-Id; blaEC; blaTEM-1; cyaA_S352T; dfrA14; emrD; gyrA_S83L; mdtM; mph(A); mrx(A); parC_S80I; sul2; tet(B)
562.98598,RESISTANT,susceptible,RESISTANT,susceptible,RESISTANT,aadA5; acrF; aph(3'')-Ib; aph(6)-Id; blaEC; blaTEM-1; cyaA_S352T; dfrA17; emrD; gyrA_D87N; gyrA_S83L; mdtM; mph(A); mrx(A); parC_S57T; parC_S80I; parE_L416F; sul1; sul2; tet(B); uhpT_E350Q
562.98599,susceptible,susceptible,susceptible,susceptible,susceptible,acrF; blaEC-5; emrD
562.98600,susceptible,susceptible,susceptible,susceptible,susceptible,acrF; blaEC-5; emrD
562.98601,susceptible,susceptible,susceptible,susceptible,susceptible,acrF; blaEC; emrD; marR_S3N; mdtM
562.98602,RESISTANT,susceptible,susceptible,susceptible,susceptible,aadA1; acrF; blaEC-5; blaSHV-1; emrD; sul1
562.98603,susceptible,susceptible,susceptible,susceptible,susceptible,acrF; blaEC; cyaA_S352T; emrD; mdtM
562.98604,RESISTANT,susceptible,susceptible,susceptible,RESISTANT,aadA1; acrF; aph(3'')-Ib; aph(6)-Id; blaEC; blaTEM-1; dfrA1; dfrA5; mdtM; sat2; sul2; tet(A)
562.98605,susceptible,susceptible,susceptible,susceptible,susceptible,acrF; blaEC; cirA_Q598Ter; emrD; uhpT_E350Q
562.98606,RESISTANT,susceptible,susceptible,susceptible,susceptible,aadA1; acrF; blaEC-5; blaOXA-1; emrD; marR_S3N; sul1; tet(B); uhpT_E350Q
562.98607,susceptible,susceptible,susceptible,susceptible,susceptible,acrF; blaEC; emrD
562.98608,susceptible,susceptible,susceptible,susceptible,susceptible,acrF; blaEC; emrD; marR_S3N; tet(B)
562.98609,susceptible,susceptible,susceptible,susceptible,susceptible,acrF; aph(3'')-Ib; aph(6)-Id; blaEC; mdtM
562.98610,susceptible,susceptible,susceptible,susceptible,susceptible,acrF; aph(3'')-Ib; aph(6)-Id; blaEC-5; emrD; uhpT_E350Q
562.98611,RESISTANT,susceptible,RESISTANT,RESISTANT,susceptible,aac(3)-IId; acrF; acrR_L109YfsTer28; blaEC; blaTEM-1; cyaA_S352T; emrD; gyrA_D87N; gyrA_S83L; mdtM; parC_S80I; parE_L445H
562.98612,RESISTANT,susceptible,susceptible,susceptible,susceptible,acrF; blaEC-5; blaTEM-1; emrD; sul2; uhpT_E350Q
562.98613,susceptible,susceptible,susceptible,susceptible,susceptible,acrF; blaEC; emrD; marR_S3N; mdtM
562.98614,RESISTANT,susceptible,susceptible,susceptible,susceptible,acrF; ampC_T-32A; blaEC; emrD; marR_S3N
562.98615,susceptible,susceptible,susceptible,susceptible,susceptible,acrF; blaEC; mdtM
562.98616,RESISTANT,susceptible,susceptible,susceptible,RESISTANT,aadA5; acrF; aph(3'')-Ib; aph(6)-Id; blaEC; blaTEM-1; cyaA_S352T; dfrA17; emrD; mdtM; mph(A); mrx(A); sul1; sul2; tet(B)
562.98617,susceptible,susceptible,susceptible,susceptible,susceptible,acrF; blaEC; emrD; marR_S3N
562.98618,RESISTANT,RESISTANT,susceptible,susceptible,RESISTANT,aadA1; acrF; blaCTX-M-15; blaEC; blaOXA-1; blaTEM-1; catA1; cyaA_S352T; dfrA7; emrD; gyrA_S83L; mdtM; nfsA_S121Ter; parC_S57T; sul1; tet(B); uhpT_E350Q
562.98619,susceptible,susceptible,susceptible,susceptible,RESISTANT,aadA1; acrF; blaEC-5; cirA_I160SfsTer34; dfrA1; emrD; tet(B)
562.98620,RESISTANT,susceptible,susceptible,susceptible,susceptible,acrF; blaEC; emrD; marR_S3N; mdtM
562.98621,susceptible,susceptible,susceptible,susceptible,susceptible,acrF; blaEC; emrD
562.98622,susceptible,susceptible,susceptible,susceptible,susceptible,acrF; blaEC; emrD; marR_S3N; tet(B)
562.98623,susceptible,susceptible,susceptible,susceptible,susceptible,acrF; blaEC-5; emrD; uhpT_E350Q
562.98624,susceptible,susceptible,susceptible,susceptible,susceptible,acrF; blaEC-5; emrD
562.98625,RESISTANT,susceptible,susceptible,susceptible,susceptible,acrF; blaEC; blaTEM-33; blaTEMp_G162T; mdtM
562.98626,RESISTANT,susceptible,susceptible,susceptible,susceptible,acrF; blaEC; blaTEM-1; cyaA_S352T; emrD; tet(A)
562.98627,susceptible,susceptible,susceptible,susceptible,susceptible,acrF; blaEC; cirA_Q260PfsTer3; emrD; marR_S3N
562.98628,RESISTANT,susceptible,susceptible,susceptible,susceptible,acrF; blaEC-5; blaTEM-1; emrD; marR_S3N; uhpT_E350Q
562.98629,RESISTANT,susceptible,susceptible,susceptible,susceptible,acrF; ampC_T-32A; blaEC-5; blaTEM-1; emrD; mdtM
562.98630,susceptible,susceptible,susceptible,susceptible,susceptible,acrF; blaEC; emrD; marR_S3N; mdtM
562.98631,susceptible,susceptible,susceptible,susceptible,susceptible,acrF; blaEC; cirA_Q56Ter; cyaA_S352T; emrD; mdtM; parE_I355T; uhpT_E350Q
562.98632,susceptible,susceptible,susceptible,susceptible,susceptible,acrF; blaEC-5; emrD
562.98633,RESISTANT,susceptible,susceptible,susceptible,susceptible,acrF; blaEC-5; blaTEM-1; emrD
562.98634,RESISTANT,susceptible,RESISTANT,susceptible,RESISTANT,aadA5; acrF; aph(3'')-Ib; aph(6)-Id; blaEC; blaTEM-1; cyaA_S352T; dfrA17; emrD; gyrA_D87N; gyrA_S83L; mdtM; mph(A); mrx(A); parC_S57T; parC_S80I; parE_L416F; sul1; sul2; tet(B); uhpT_E350Q
562.98635,susceptible,susceptible,susceptible,susceptible,susceptible,acrF; blaEC-5; emrD
562.98636,susceptible,susceptible,susceptible,susceptible,susceptible,acrF; blaEC; emrD; marR_S3N; mdtM
562.98637,susceptible,susceptible,susceptible,susceptible,susceptible,acrF; blaEC; emrD; mdtM
562.98638,RESISTANT,susceptible,susceptible,susceptible,RESISTANT,acrF; blaEC; blaTEM-1; catA1; dfrA17; emrD; mdtM; mph(A); mrx(A); parE_I529L; ptsI_V25I; tet(B); uhpT_E350Q
562.98639,susceptible,susceptible,susceptible,susceptible,susceptible,acrF; blaEC; cyaA_S352T; emrD; mdtM; parC_S57T
562.98640,susceptible,susceptible,susceptible,susceptible,RESISTANT,aadA1; acrF; acrR_E190RfsTer20; blaEC; blaTEM; catA1; emrD; gyrA_G81D; nfsA_W237Ter; sul1
562.98641,susceptible,susceptible,susceptible,susceptible,RESISTANT,acrF; aph(3'')-Ib; aph(6)-Id; blaEC-5; dfrA1; emrD; nfsA_Q26Ter; sul2
562.98642,susceptible,susceptible,susceptible,susceptible,susceptible,acrF; blaEC; emrD; uhpT_E350Q
562.98643,susceptible,susceptible,susceptible,susceptible,susceptible,acrF; blaEC; emrD; marR_S3N
562.98644,RESISTANT,susceptible,susceptible,susceptible,RESISTANT,acrF; aph(3'')-Ib; aph(3')-Ia; aph(6)-Id; blaEC; blaTEM-1; dfrA5; mdtM; sul2; tet(A)
562.98645,susceptible,susceptible,susceptible,susceptible,susceptible,acrF; blaEC-5; emrD
562.98646,susceptible,susceptible,susceptible,susceptible,susceptible,acrF; blaEC; emrD; marR_S3N; mdtM
562.98647,susceptible,susceptible,susceptible,susceptible,susceptible,acrF; blaEC; emrD; marR_S3N
562.98648,susceptible,susceptible,susceptible,susceptible,susceptible,acrF; blaEC; emrD; mdtM
562.98649,susceptible,susceptible,susceptible,susceptible,susceptible,acrF; blaEC-5; emrD
562.98650,susceptible,susceptible,susceptible,susceptible,susceptible,acrF; blaEC-5; emrD
562.98651,susceptible,susceptible,susceptible,susceptible,susceptible,acrF; blaEC-5; emrD
562.98652,susceptible,susceptible,susceptible,susceptible,susceptible,acrF; aph(3'')-Ib; aph(6)-Id; blaEC; mdtM; tet(B)
562.98653,susceptible,susceptible,susceptible,susceptible,susceptible,acrF; blaEC; emrD; marR_S3N
562.98654,susceptible,susceptible,susceptible,susceptible,susceptible,acrF; blaEC; emrD; marR_S3N
562.98655,RESISTANT,susceptible,susceptible,susceptible,RESISTANT,aadA1; acrF; blaEC-5; blaTEM-1; blaTEMp_C32T; dfrA1; emrD; mdtM; sat2; tet(B)
562.98656,RESISTANT,susceptible,susceptible,susceptible,susceptible,acrF; aph(3'')-Ib; aph(6)-Id; blaEC; blaTEM-1; mdtM; sul2
562.98657,susceptible,susceptible,susceptible,susceptible,susceptible,acrF; blaEC; mdtM
562.98658,susceptible,susceptible,susceptible,susceptible,susceptible,acrF; blaEC; emrD
562.98659,susceptible,susceptible,susceptible,susceptible,susceptible,acrF; blaEC; emrD; gyrA_S83L
562.98660,susceptible,susceptible,susceptible,susceptible,susceptible,acrF; blaEC; emrD; parE_D475E
562.98661,susceptible,susceptible,susceptible,susceptible,susceptible,acrF; blaEC; emrD; marR_S3N; mdtM
562.98662,RESISTANT,susceptible,susceptible,susceptible,RESISTANT,acrF; aph(3'')-Ib; aph(6)-Id; blaEC; blaTEM-1; cyaA_S352T; dfrA14; emrD; sul2; tet(A)
562.98663,susceptible,susceptible,susceptible,susceptible,susceptible,acrF; blaEC; emrD; marR_S3N
562.98664,RESISTANT,susceptible,susceptible,susceptible,susceptible,aadA1; acrF; blaEC-5; blaOXA-1; catA1; emrD; sul1; tet(B)
562.98665,susceptible,susceptible,susceptible,susceptible,susceptible,acrF; blaEC; emrD
562.98666,RESISTANT,susceptible,susceptible,susceptible,RESISTANT,aadA5; acrF; aph(3'')-Ib; aph(6)-Id; blaEC; blaTEM-1; cyaA_S352T; dfrA17; emrD; mdtM; sul1; sul2
562.98667,RESISTANT,susceptible,susceptible,susceptible,susceptible,acrF; aph(3'')-Ib; aph(6)-Id; blaEC-5; blaTEM-1; emrD; sul2; tet(B); uhpT_E350Q
562.98668,RESISTANT,susceptible,susceptible,susceptible,susceptible,acrF; blaEC; blaTEM-1; emrD; marR_S3N; tet(A)
562.98669,susceptible,susceptible,susceptible,susceptible,susceptible,acrF; blaEC; emrD; gyrA_D87N; marR_S3N
562.98670,susceptible,susceptible,susceptible,susceptible,susceptible,acrF; blaEC; emrD; marR_S3N; mdtM
562.98671,susceptible,susceptible,susceptible,susceptible,susceptible,acrF; blaEC-5; emrD
562.98672,susceptible,susceptible,susceptible,susceptible,susceptible,acrF; blaEC; emrD; marR_S3N
562.98673,susceptible,susceptible,susceptible,susceptible,susceptible,acrF; blaEC; cirA_Y390Ter; emrD
562.98674,susceptible,susceptible,RESISTANT,,RESISTANT,aac(3)-VIa; aadA1; aadA2; acrF; blaEC; cmlA1; dfrA12; gyrA_D87N; gyrA_S83L; mdtM; parC_S80I; parE_S458A; sul1; sul3; tet(A); uhpT_E350Q
562.98675,susceptible,susceptible,susceptible,susceptible,susceptible,acrF; blaEC; emrD; parE_D475E
562.98676,susceptible,susceptible,susceptible,susceptible,susceptible,acrF; blaEC; blaTEM-12; cirA_Q598Ter; emrD; uhpT_E350Q
562.98677,susceptible,susceptible,susceptible,susceptible,susceptible,acrF; blaEC; cirA_T405PfsTer3; emrD; marR_S3N
562.98678,RESISTANT,susceptible,susceptible,susceptible,susceptible,acrF; blaEC-5; blaSHV-1; emrD
562.98679,RESISTANT,susceptible,susceptible,susceptible,susceptible,acrF; aph(3'')-Ib; aph(6)-Id; blaEC; blaTEM-1; cyaA_S352T; emrD; mdtM; sul2
562.98680,susceptible,susceptible,RESISTANT,susceptible,susceptible,acrF; aph(3'')-Ib; aph(6)-Id; blaEC; gyrA_D87N; gyrA_S83L; mdtM; nfsA_Q67Ter; parC_A108V; parC_S80I; sul2
562.98681,susceptible,susceptible,susceptible,susceptible,susceptible,acrF; blaEC-5; emrD; mdtM
562.98682,,susceptible,RESISTANT,susceptible,RESISTANT,aadA5; acrF; acrR_K80NfsTer9; aph(3'')-Ib; aph(6)-Id; blaEC; cyaA_S352T; dfrA17; emrD; gyrA_D87N; gyrA_S83L; mph(A); mrx(A); ompF_N57KfsTer11; parC_E84V; parC_S57T; parC_S80I; sul1; sul2; tet(A); tet(B)
562.98683,susceptible,susceptible,susceptible,susceptible,susceptible,acrF; blaEC; emrD; uhpT_E350Q
562.98684,susceptible,susceptible,susceptible,susceptible,RESISTANT,acrF; blaEC; dfrA17; gyrA_S83L; mdtM; tet(A)
562.98685,susceptible,susceptible,susceptible,susceptible,susceptible,aadA1; acrF; blaEC-5; emrD; sul1
562.98686,susceptible,susceptible,susceptible,susceptible,susceptible,acrF; blaEC; cirA_D258RfsTer5; cyaA_S352T; emrD; mdtM; sul2
562.98687,susceptible,susceptible,susceptible,susceptible,susceptible,acrF; blaEC; emrD; parE_I529L; ptsI_V25I; uhpT_E350Q
562.98688,susceptible,susceptible,susceptible,susceptible,susceptible,acrF; blaEC; emrD; parE_D475E; uhpT_E350Q
562.98689,susceptible,susceptible,susceptible,susceptible,susceptible,acrF; blaEC; emrD; marR_S3N; tet(B)
562.98690,susceptible,susceptible,susceptible,susceptible,susceptible,acrF; blaEC; emrD; marR_S3N
562.98691,susceptible,susceptible,susceptible,susceptible,susceptible,acrF; blaEC; cyaA_S352T; emrD; mdtM
562.98692,susceptible,susceptible,susceptible,susceptible,RESISTANT,acrF; aph(3'')-Ib; aph(6)-Id; blaEC; cyaA_S352T; dfrA17; emrD; mdtM; mph(A); mrx(A); sul2; tet(B)
562.98693,susceptible,susceptible,susceptible,susceptible,susceptible,acrF; blaEC; emrD; marR_S3N; tet(B)
562.98694,RESISTANT,susceptible,susceptible,susceptible,RESISTANT,aadA1; acrF; aph(3'')-Ib; aph(6)-Id; blaEC-5; blaTEM-1; blaTEMp_C32T; dfrA1; emrD; sul1; sul2
562.98695,susceptible,susceptible,susceptible,susceptible,susceptible,acrF; blaEC; emrD
562.98696,susceptible,susceptible,susceptible,susceptible,susceptible,acrF; blaEC-5; emrD
562.98697,susceptible,susceptible,susceptible,susceptible,RESISTANT,acrF; acrR_Q127Ter; blaEC; dfrA5; emrD; marR_S3N; nfsA_G154E; nfsB_T23PfsTer72; tet(D)
562.98698,susceptible,susceptible,susceptible,susceptible,susceptible,acrF; blaEC; catA1; dfrA1; emrD; nfsA_W159Ter
562.98700,susceptible,susceptible,susceptible,susceptible,susceptible,acrF; blaEC; emrD; marR_S3N; mdtM
562.98701,RESISTANT,susceptible,susceptible,susceptible,RESISTANT,acrF; aph(3'')-Ib; aph(6)-Id; blaEC; blaTEM-1; blaTEMp_C141G; catA1; cyaA_S352T; dfrA7; emrD; sul1; sul2; tet(D)
562.98702,susceptible,susceptible,susceptible,susceptible,susceptible,acrF; blaEC; cyaA_S352T; emrD; mdtM
562.98703,RESISTANT,susceptible,susceptible,susceptible,RESISTANT,acrF; blaEC; blaTEM-1; cyaA_S352T; dfrA8; emrD; mdtM
562.98704,RESISTANT,susceptible,susceptible,susceptible,RESISTANT,acrF; aph(3'')-Ib; aph(6)-Id; blaEC; blaTEM-1; dfrA5; mdtM; sul2
562.98705,susceptible,susceptible,susceptible,susceptible,susceptible,acrF; blaEC; emrD
562.98706,RESISTANT,susceptible,susceptible,susceptible,RESISTANT,acrF; aph(3'')-Ib; aph(6)-Id; blaEC; blaTEM-1; cirA_Q56Ter; cyaA_S352T; dfrA14; dfrA7; emrD; mdtM; parE_I355T; sul1; sul2; tet(B); uhpT_E350Q
562.98707,susceptible,susceptible,susceptible,susceptible,susceptible,acrF; blaEC; emrD; marR_S3N; mdtM
562.98708,susceptible,susceptible,susceptible,susceptible,susceptible,acrF; blaEC; mdtM; uhpT_E350Q
562.98709,susceptible,susceptible,susceptible,susceptible,susceptible,acrF; blaEC-5; emrD
562.98710,susceptible,susceptible,susceptible,susceptible,,acrF; blaEC; dfrA5; emrD; marR_S3N
562.98711,RESISTANT,susceptible,susceptible,susceptible,RESISTANT,aadA5; acrF; aph(3'')-Ib; aph(6)-Id; blaEC; blaTEM-1; catA1; cyaA_S352T; dfrA17; emrD; mdtM; mph(A); mrx(A); sul1; sul2; tet(B)
562.98712,susceptible,susceptible,susceptible,susceptible,susceptible,acrF; blaEC-5; emrD
562.98713,RESISTANT,susceptible,susceptible,susceptible,susceptible,acrF; aph(3'')-Ib; aph(6)-Id; blaEC; blaTEM-1; cirA_Q598Ter; emrD; sul2; tet(B); uhpT_E350Q
562.98714,susceptible,susceptible,susceptible,susceptible,susceptible,acrF; blaEC; emrD; marR_S3N
562.98715,RESISTANT,susceptible,RESISTANT,susceptible,susceptible,aac(6')-Ib-cr5; acrF; blaEC; blaOXA-1; catB3; emrD; gyrA_D87N; gyrA_S83L; mdtM; parC_E84V; parC_S80I; parE_I529L; ptsI_V25I; uhpT_E350Q
562.98716,susceptible,susceptible,susceptible,susceptible,susceptible,acrF; blaEC; cirA_W243Ter; cyaA_S352T; emrD; mdtM
562.98717,RESISTANT,RESISTANT,RESISTANT,RESISTANT,RESISTANT,aac(3)-IIe; aac(6')-Ib-cr5; aadA1; acrF; aph(3'')-Ib; aph(6)-Id; blaCTX-M-15; blaEC; blaOXA-1; blaTEM-1; catA1; catB3; cyaA_S352T; dfrA1; emrD; gyrA_D87N; gyrA_S83L; nfsA_Y128PfsTer6; parC_S57T; parC_S80I; parE_S458A; sat2; sul2; tet(D)
562.98718,susceptible,susceptible,susceptible,susceptible,RESISTANT,aadA1; acrF; blaEC-5; cirA_I160SfsTer34; dfrA1; emrD; sul1; tet(B)
562.98719,susceptible,susceptible,susceptible,susceptible,susceptible,acrF; blaEC; cyaA_S352T; emrD; mdtM; uhpT_E350Q
562.98720,susceptible,susceptible,susceptible,susceptible,susceptible,acrF; blaEC; emrD; gyrA_S83L; marR_S3N
562.98721,susceptible,susceptible,susceptible,susceptible,susceptible,acrF; blaEC; emrD; parE_D475E
562.98722,susceptible,susceptible,susceptible,susceptible,susceptible,acrF; blaEC-5; emrD
562.98723,susceptible,susceptible,susceptible,susceptible,susceptible,acrF; blaEC; cirA_Q56Ter; cyaA_S352T; emrD; mdtM; parE_I355T; uhpT_E350Q
562.98724,susceptible,susceptible,susceptible,susceptible,susceptible,acrF; blaEC-5; emrD
562.98725,susceptible,susceptible,susceptible,RESISTANT,RESISTANT,aac(3)-IId; aadA5; acrF; aph(3'')-Ib; aph(6)-Id; blaEC; dfrA17; emrD; gyrA_S83L; marR_S3N; mdtM; sul1; sul2; tet(B)
562.98726,susceptible,susceptible,susceptible,susceptible,susceptible,acrF; blaEC-5; emrD; marR_S3N; uhpT_E350Q
562.98727,,susceptible,RESISTANT,susceptible,susceptible,acrF; blaEC; cyaA_S352T; emrD; gyrA_D87N; gyrA_S83L; mdtM; parC_S80I; parE_S458A
562.98728,susceptible,susceptible,susceptible,susceptible,susceptible,aadA1; acrF; blaEC; emrD; mdtM; sul1
562.98729,RESISTANT,susceptible,susceptible,susceptible,RESISTANT,acrF; aph(3'')-Ib; aph(6)-Id; blaEC; blaTEM-1; cirA_V239RfsTer47; cyaA_S352T; dfrA7; emrD; sul1; sul2; uhpT_E350Q
562.98730,susceptible,susceptible,susceptible,susceptible,susceptible,acrF; blaEC; emrD; marR_S3N; mdtM
562.98731,RESISTANT,susceptible,susceptible,susceptible,susceptible,acrF; blaEC-5; blaTEM-1; emrD
562.98732,RESISTANT,susceptible,susceptible,susceptible,susceptible,acrF; blaEC; blaTEM-1; cyaA_S352T; emrD; mdtM
562.98733,RESISTANT,susceptible,susceptible,susceptible,susceptible,acrF; blaEC-5; blaTEM-1; emrD; mdtM
562.98734,susceptible,susceptible,susceptible,susceptible,susceptible,acrF; blaEC; emrD; marR_S3N; tet(B)
562.98735,susceptible,susceptible,susceptible,susceptible,susceptible,acrF; blaEC-5; emrD
562.98736,RESISTANT,susceptible,susceptible,susceptible,susceptible,acrF; aph(3'')-Ib; aph(6)-Id; blaEC; blaTEM-1; emrD; parE_I529L; ptsI_V25I; tet(A); uhpT_E350Q
562.98737,RESISTANT,susceptible,susceptible,susceptible,RESISTANT,aadA1; acrF; aph(3'')-Ib; aph(6)-Id; blaEC; blaTEM-1; cyaA_S352T; dfrA1; emrD; mph(B); rdmCL; sul1; sul2; tet(A)
562.98738,susceptible,susceptible,susceptible,susceptible,susceptible,acrF; blaEC-5; emrD
562.98739,susceptible,susceptible,susceptible,susceptible,susceptible,acrF; blaEC-5; emrD; marR_S3N; tet(B); uhpT_E350Q
562.98740,susceptible,susceptible,susceptible,susceptible,susceptible,aadA1; acrF; blaEC; emrD; mdtM; parE_I529L; ptsI_V25I; sul1; uhpT_E350Q
562.98741,susceptible,susceptible,susceptible,susceptible,,aadA1; acrF; blaEC-5; emrD; sul1
562.98742,RESISTANT,susceptible,susceptible,susceptible,RESISTANT,acrF; aph(3'')-Ib; aph(6)-Id; blaEC; blaTEM-1; cyaA_S352T; dfrA5; emrD; mdtM; sul2
562.98743,RESISTANT,RESISTANT,RESISTANT,RESISTANT,RESISTANT,aac(3)-IIe; aac(6')-Ib-cr5; aadA5; acrF; acrR_K80NfsTer9; aph(3'')-Ib; aph(6)-Id; blaCTX-M-15; blaEC; blaOXA-1; catB3; cyaA_S352T; dfrA17; emrD; gyrA_D87N; gyrA_S83L; mph(A); mrx(A); ompF_N57KfsTer11; parC_E84V; parC_S57T; parC_S80I; sul1; sul2; tet(A); tet(B)
562.98744,RESISTANT,susceptible,susceptible,susceptible,RESISTANT,aadA1; acrF; aph(3'')-Ib; aph(6)-Id; blaEC-5; blaTEM-34; blaTEMp_C32T; dfrA1; emrD; sul1; sul2
562.98745,RESISTANT,susceptible,susceptible,susceptible,susceptible,acrF; blaEC-5; blaTEM-1; emrD
562.98746,RESISTANT,susceptible,susceptible,susceptible,susceptible,acrF; blaEC; blaTEM-1; emrD; parE_I529L; ptsI_V25I; tet(A); uhpT_E350Q
562.98747,RESISTANT,susceptible,RESISTANT,susceptible,susceptible,acrF; blaEC; blaTEM-1; cyaA_S352T; emrD; gyrA_D87N; gyrA_S83L; mdtM; parC_S57T; parC_S80I; parE_L416F; tet(B); uhpT_E350Q
562.98748,susceptible,susceptible,susceptible,susceptible,susceptible,acrF; blaEC; emrD; marR_S3N; mdtM
562.98749,susceptible,susceptible,susceptible,susceptible,susceptible,acrF; blaEC-5; emrD; marR_S3N; mdtM; uhpT_E350Q
562.98750,susceptible,susceptible,susceptible,susceptible,susceptible,acrF; blaEC-5; emrD; marR_S3N; uhpT_E350Q
562.98751,RESISTANT,susceptible,susceptible,susceptible,susceptible,acrF; aph(3'')-Ib; aph(6)-Id; blaEC; blaTEM-1; emrD; marR_S3N; mdtM; sul2
562.98752,susceptible,susceptible,susceptible,susceptible,susceptible,acrF; blaEC; cirA_Y390Ter; emrD
562.98753,susceptible,susceptible,susceptible,susceptible,susceptible,acrF; blaEC; emrD; marR_S3N; mdtM
562.98754,susceptible,susceptible,susceptible,susceptible,susceptible,acrF; blaEC-5; emrD
562.98755,susceptible,susceptible,susceptible,susceptible,susceptible,acrF; blaEC; mdtM; nfsA_K167Ter
562.98756,susceptible,susceptible,susceptible,susceptible,susceptible,acrF; blaEC-5; emrD
562.98757,RESISTANT,susceptible,susceptible,susceptible,susceptible,acrF; blaEC; blaTEM-1; mdtM
562.98758,susceptible,susceptible,susceptible,susceptible,susceptible,acrF; blaEC-5; emrD; mdtM
562.98759,susceptible,susceptible,susceptible,susceptible,susceptible,acrF; blaEC; emrD; parE_I529L; ptsI_V25I; uhpT_E350Q
562.98760,RESISTANT,susceptible,RESISTANT,RESISTANT,RESISTANT,aac(3)-IId; aadA5; acrF; aph(3'')-Ib; aph(6)-Id; blaEC; dfrA17; emrD; gyrA_D87N; gyrA_S83L; mdtM; mph(A); mrx(A); parC_E84V; parC_S80I; parE_I529L; ptsI_V25I; sul1; sul2; tet(A); uhpT_E350Q
562.98761,susceptible,susceptible,susceptible,susceptible,susceptible,acrF; blaEC; emrD; marR_S3N; mdtM
562.98762,RESISTANT,susceptible,susceptible,susceptible,susceptible,acrF; blaEC-5; blaTEM-1; emrD; marR_S3N; uhpT_E350Q
562.98763,RESISTANT,susceptible,susceptible,susceptible,susceptible,acrF; blaEC; blaTEM-1; catA1; emrD; tet(A); uhpT_E350Q
562.98764,susceptible,susceptible,susceptible,susceptible,susceptible,acrF; blaEC-5; emrD
562.98765,RESISTANT,susceptible,susceptible,susceptible,susceptible,acrF; acrR_F52LfsTer21; blaEC; blaTEM-1; cyaA_S352T; mdtM; tet(A)
562.98766,RESISTANT,susceptible,susceptible,susceptible,RESISTANT,acrF; blaEC; blaTEM-1; dfrA7; emrD; parE_I529L; ptsI_V25I; sul1; uhpT_E350Q
562.98767,susceptible,susceptible,susceptible,susceptible,susceptible,acrF; blaEC; cirA_Q56Ter; cyaA_S352T; emrD; mdtM; parE_I355T; tet(A); uhpT_E350Q
562.98768,susceptible,susceptible,susceptible,susceptible,susceptible,acrF; blaEC; cirA_E450AfsTer30; emrD
562.98769,susceptible,susceptible,susceptible,susceptible,susceptible,acrF; blaEC; emrD; marR_S3N; mdtM
562.98770,susceptible,susceptible,susceptible,susceptible,,acrF; blaEC; dfrA5; emrD; marR_S3N; mdtM
562.98771,susceptible,susceptible,susceptible,susceptible,susceptible,acrF; blaEC-5; emrD; mdtM
562.98772,RESISTANT,susceptible,susceptible,susceptible,susceptible,acrF; aph(3')-Ia; blaEC; blaTEM-1; emrD; mdtM; parE_I529L; ptsI_V25I; uhpT_E350Q
562.98773,RESISTANT,susceptible,RESISTANT,susceptible,RESISTANT,aadA5; acrF; aph(3'')-Ib; aph(6)-Id; blaEC; blaTEM-1; dfrA17; emrD; gyrA_D87N; gyrA_S83L; mdtM; mph(A); mrx(A); parC_E84V; parC_S80I; parE_I529L; ptsI_V25I; sul1; sul2; tet(A); uhpT_E350Q
562.98774,RESISTANT,susceptible,susceptible,susceptible,susceptible,acrF; blaEC; emrD; parE_I529L; ptsI_V25I; uhpT_E350Q
562.98775,susceptible,susceptible,susceptible,susceptible,susceptible,acrF; blaEC-5; emrD; gyrA_S83L
562.98776,susceptible,susceptible,susceptible,susceptible,susceptible,acrF; blaEC; mdtM
562.98777,susceptible,susceptible,susceptible,susceptible,susceptible,acrF; blaEC; emrD
562.98778,susceptible,susceptible,susceptible,susceptible,susceptible,acrF; blaEC; emrD; uhpT_E350Q
562.98779,susceptible,susceptible,susceptible,susceptible,susceptible,acrF; blaEC-5; emrD
562.98780,susceptible,susceptible,susceptible,susceptible,susceptible,acrF; blaEC-5; emrD; mdtM
562.98781,susceptible,susceptible,susceptible,susceptible,RESISTANT,aadA1; acrF; blaEC; dfrA1; emrD; marR_S3N; sat2; sul2; tet(B)
562.98782,RESISTANT,susceptible,RESISTANT,RESISTANT,susceptible,aac(3)-IId; acrF; blaEC; blaTEM-19; emrD; gyrA_D87N; gyrA_S83L; mdtM; parC_E84V; parC_S80I; parE_I529L; ptsI_V25I; uhpT_E350Q
562.98783,susceptible,susceptible,susceptible,susceptible,susceptible,acrF; blaEC; emrD; nfsA_W159Ter; tet(B)
562.98784,susceptible,susceptible,susceptible,susceptible,susceptible,acrF; blaEC; emrD; parE_I529L; ptsI_V25I; uhpT_E350Q
562.98785,susceptible,susceptible,susceptible,susceptible,susceptible,acrF; aph(3')-Ia; blaEC; dfrA5; mdtM
562.98786,susceptible,susceptible,susceptible,susceptible,susceptible,acrF; blaEC; emrD
562.98787,RESISTANT,susceptible,susceptible,susceptible,RESISTANT,aadA5; acrF; aph(3'')-Ib; aph(6)-Id; blaEC; blaTEM-1; cyaA_S352T; dfrA17; emrD; mdtM; mph(A); mrx(A); sul1; sul2
562.98788,susceptible,susceptible,susceptible,susceptible,susceptible,acrF; blaEC-5; emrD; nfsB_G192VfsTer22
562.98789,susceptible,susceptible,susceptible,susceptible,susceptible,acrF; blaEC-5; emrD
562.98790,susceptible,susceptible,susceptible,susceptible,susceptible,acrF; aph(3'')-Ib; aph(6)-Id; blaEC; mdtM
562.98791,susceptible,susceptible,susceptible,susceptible,susceptible,acrF; blaEC; emrD
562.98792,RESISTANT,susceptible,susceptible,susceptible,susceptible,acrF; blaEC; blaTEM-1; catA1; cyaA_S352T; emrD; gyrA_S83L; mdtM; parC_E84G; sul2; tet(B)
562.98793,susceptible,susceptible,susceptible,susceptible,susceptible,acrF; blaEC; mdtM
562.98794,susceptible,susceptible,RESISTANT,susceptible,RESISTANT,aadA5; acrF; aph(3'')-Ib; aph(6)-Id; blaEC; dfrA17; emrD; gyrA_D87N; gyrA_S83L; mdtM; mph(A); mrx(A); parC_E84V; parC_S80I; parE_I529L; ptsI_V25I; sul1; sul2; tet(A); uhpT_E350Q
562.98795,RESISTANT,susceptible,susceptible,susceptible,RESISTANT,acrF; aph(3'')-Ib; aph(6)-Id; blaEC-5; blaTEM-1; catA1; dfrA7; emrD; sul1; sul2; tet(A)
562.98796,RESISTANT,RESISTANT,RESISTANT,RESISTANT,susceptible,aac(3)-IIe; aac(6')-Ib-cr5; acrF; blaCTX-M-15; blaEC; blaOXA-1; blaTEM-1; catB3; cyaA_S352T; emrD; gyrA_D87N; gyrA_S83L; mdtM; nfsA_G126R; parC_S80I; parE_S458A
562.98797,susceptible,susceptible,susceptible,susceptible,susceptible,aadA1; acrF; blaEC-5; emrD; sul1
562.98798,susceptible,susceptible,susceptible,susceptible,susceptible,aadA1; acrF; blaEC-5; emrD; sul1
562.98799,susceptible,susceptible,susceptible,susceptible,susceptible,acrF; blaEC-5; emrD
562.98800,RESISTANT,susceptible,susceptible,susceptible,RESISTANT,aadA5; acrF; aph(3'')-Ib; aph(6)-Id; blaEC; blaTEM-1; cyaA_S352T; dfrA17; emrD; mdtM; mph(A); mrx(A); sul1; sul2; tet(B)
562.98801,RESISTANT,susceptible,susceptible,susceptible,RESISTANT,acrF; aph(3'')-Ib; aph(3')-Ia; aph(6)-Id; blaEC; blaTEM-1; emrD; sul2
562.98802,susceptible,susceptible,susceptible,susceptible,,aadA1; acrF; blaEC-5; dfrA1; emrD; mdtM; sat2
562.98803,susceptible,susceptible,susceptible,susceptible,RESISTANT,acrF; blaEC; mdtM
562.98804,susceptible,susceptible,susceptible,susceptible,susceptible,acrF; blaEC; emrD; marR_S3N
562.98805,RESISTANT,,susceptible,susceptible,susceptible,acrF; ampC_T-32A; blaEC-5; blaTEM-1; emrD; mdtM
562.98806,RESISTANT,susceptible,susceptible,susceptible,susceptible,acrF; aph(3'')-Ib; aph(6)-Id; blaEC; blaTEM-1; cyaA_S352T; emrD; floR; mdtM; sul2; tet(B)
562.98807,RESISTANT,,RESISTANT,susceptible,RESISTANT,aac(6')-Ib-cr5; aadA5; acrF; blaCTX-M-15; blaEC; blaOXA-1; catB3; dfrA17; emrD; gyrA_D87N; gyrA_S83L; mdtM; mph(A); mrx(A); parC_E84V; parC_S80I; parE_I529L; ptsI_V25I; sul1; tet(A); uhpT_E350Q
562.98808,RESISTANT,susceptible,susceptible,susceptible,susceptible,acrF; aph(3'')-Ib; aph(6)-Id; blaEC-5; blaTEM-1; emrD; marR_S3N; sul2; uhpT_E350Q
562.98809,susceptible,susceptible,susceptible,susceptible,susceptible,acrF; blaEC-5; emrD
562.98810,susceptible,susceptible,susceptible,susceptible,susceptible,acrF; blaEC; emrD; mdtM
562.98811,RESISTANT,susceptible,susceptible,susceptible,susceptible,acrF; blaEC; blaTEM-1; mdtM; tet(A)
562.98812,susceptible,susceptible,susceptible,susceptible,RESISTANT,acrF; aph(3'')-Ib; aph(6)-Id; blaEC; cyaA_S352T; dfrA14; emrD; sul2
562.98813,RESISTANT,susceptible,susceptible,susceptible,susceptible,acrF; blaEC; cyaA_S352T; emrD; marR_S3N; pmrB_V161G
562.98814,susceptible,susceptible,susceptible,susceptible,susceptible,acrF; blaEC; mdtM; ompC_D33AfsTer3
562.98815,RESISTANT,susceptible,susceptible,susceptible,susceptible,acrF; blaEC; blaTEM-1; mdtM
562.98816,susceptible,susceptible,susceptible,susceptible,susceptible,acrF; blaEC; emrD; mdtM; uhpT_E350Q
562.98817,RESISTANT,RESISTANT,susceptible,susceptible,RESISTANT,aadA1; acrF; aph(3'')-Ib; aph(6)-Id; blaCTX-M-14; blaEC; blaTEM-1; cyaA_S352T; dfrA1; emrD; nfsA_Q113Ter; sat2; sul2
562.98818,susceptible,susceptible,susceptible,susceptible,susceptible,acrF; blaEC-5; emrD; marR_S3N; mdtM; uhpT_E350Q
562.98819,susceptible,susceptible,susceptible,susceptible,susceptible,acrF; blaEC; emrD; gyrA_S83L; marR_S3N; mdtM
562.98820,susceptible,susceptible,susceptible,susceptible,susceptible,acrF; blaEC; mdtM
562.98821,susceptible,susceptible,susceptible,susceptible,susceptible,acrF; blaEC-5; emrD
562.98822,RESISTANT,susceptible,susceptible,susceptible,susceptible,acrF; aph(3'')-Ib; aph(6)-Id; blaEC; blaTEM-1; emrD; marR_S3N; mdtM; sul2
562.98823,RESISTANT,susceptible,susceptible,susceptible,RESISTANT,aadA1; acrF; aph(3'')-Ib; aph(6)-Id; blaEC; blaTEM-1; dfrA1; mdtM; sat2; sul2; tet(A)
562.98824,susceptible,susceptible,susceptible,susceptible,susceptible,acrF; blaEC; mdtM
562.98825,RESISTANT,susceptible,RESISTANT,susceptible,RESISTANT,aadA5; acrF; aph(3'')-Ib; aph(6)-Id; blaEC; blaTEM-1; cyaA_S352T; dfrA17; emrD; gyrA_D87N; gyrA_S83L; mdtM; mph(A); mrx(A); ompF_Y124Ter; parC_S57T; parC_S80I; parE_L416F; sul1; sul2; uhpT_E350Q
562.98826,RESISTANT,susceptible,RESISTANT,RESISTANT,susceptible,aac(3)-IId; acrF; aph(3'')-Ib; aph(6)-Id; blaEC; blaTEM-1; emrD; gyrA_D87N; gyrA_S83L; mdtM; parC_E84V; parC_S80I; parE_I529L; ptsI_V25I; sul2; tet(A); uhpT_E350Q
562.98827,susceptible,susceptible,susceptible,susceptible,susceptible,acrF; blaEC-5; emrD
562.98828,RESISTANT,susceptible,susceptible,susceptible,RESISTANT,acrF; aph(3'')-Ib; aph(6)-Id; blaEC; blaTEM-1; dfrA14; mdtM; sul2
562.98829,susceptible,susceptible,susceptible,susceptible,susceptible,acrF; blaEC; emrD; marR_S3N; mdtM
562.98830,RESISTANT,susceptible,susceptible,susceptible,susceptible,acrF; aph(3'')-Ib; aph(6)-Id; blaEC; blaTEM-1; emrD; marR_S3N; mdtM; sul2
562.98831,RESISTANT,susceptible,susceptible,susceptible,susceptible,aadA1; acrF; blaEC-5; blaSHV-1; emrD; sul1
562.98832,RESISTANT,susceptible,RESISTANT,susceptible,RESISTANT,aadA1; acrF; aph(3'')-Ib; aph(6)-Id; blaEC; blaTEM-1; blaTEMp_C32T; dfrA1; gyrA_D87N; gyrA_S83L; mdtM; ompF_E84NfsTer89; parC_S80I; parE_L416F; sat2; sul2; tet(B)
562.98833,susceptible,susceptible,susceptible,susceptible,RESISTANT,aadA1; acrF; blaEC-5; dfrA1; emrD; sat2
562.98834,RESISTANT,susceptible,susceptible,susceptible,susceptible,acrF; aph(3'')-Ib; aph(6)-Id; blaEC; blaTEM-1; emrD; marR_S3N; mdtM; sul2
562.98835,RESISTANT,susceptible,susceptible,,RESISTANT,aac(3)-VIa; aadA1; acrF; aph(3'')-Ib; aph(6)-Id; blaEC; blaTEM-1; cirA_Y287Ter; cyaA_S352T; dfrA1; emrD; gyrA_S83L; mdtM; sul1; sul2
562.98836,susceptible,susceptible,susceptible,susceptible,susceptible,acrF; blaEC; emrD; marR_S3N; mdtM
562.98837,RESISTANT,susceptible,susceptible,susceptible,susceptible,acrF; blaEC; blaTEM-1; emrD; marR_S3N; tet(B)
562.98838,RESISTANT,susceptible,susceptible,susceptible,susceptible,acrF; aph(3'')-Ib; aph(6)-Id; blaEC; blaTEM-1; emrD; tet(B)
562.98839,RESISTANT,susceptible,RESISTANT,susceptible,RESISTANT,aadA1; acrF; aph(3'')-Ib; aph(6)-Id; blaEC; blaTEM-1; dfrA1; emrD; gyrA_D87N; gyrA_S83L; mdtM; nfsA_G131D; parC_S80I; sul1; sul2; tet(A)
562.98840,susceptible,susceptible,susceptible,susceptible,susceptible,acrF; blaEC; emrD; marR_S3N
562.98841,RESISTANT,susceptible,susceptible,susceptible,susceptible,acrF; blaEC; blaTEM-1; emrD; marR_S3N; tet(B)
562.98842,susceptible,susceptible,susceptible,susceptible,susceptible,acrF; blaEC; cyaA_S352T; emrD; mdtM; parC_S57T
562.98843,susceptible,susceptible,susceptible,susceptible,susceptible,acrF; blaEC; emrD; parE_D475E
562.98844,susceptible,susceptible,susceptible,susceptible,susceptible,acrF; blaEC; emrD; marR_S3N
562.98845,RESISTANT,susceptible,RESISTANT,susceptible,RESISTANT,aadA1; acrF; aph(3'')-Ib; aph(6)-Id; blaEC; blaTEM-1; blaTEMp_C32T; dfrA1; gyrA_D87N; gyrA_S83L; mdtM; ompF_E84NfsTer89; parC_S80I; parE_L416F; sat2; sul2; tet(B)
562.98846,susceptible,susceptible,susceptible,susceptible,susceptible,acrF; blaEC; emrD; mdtM; parE_I529L; ptsI_V25I; uhpT_E350Q
562.98847,RESISTANT,susceptible,susceptible,susceptible,RESISTANT,aadA1; acrF; blaEC; blaTEM-1; dfrA1; emrD; gyrA_S83L; sat2; uhpT_E350Q
562.98848,RESISTANT,susceptible,susceptible,susceptible,RESISTANT,acrF; aph(3'')-Ib; aph(6)-Id; blaEC; blaTEM-1; dfrA5; emrD; marR_S3N; sul2
562.98849,RESISTANT,susceptible,susceptible,susceptible,RESISTANT,aadA5; acrF; aph(3'')-Ib; aph(6)-Id; blaEC; blaTEM-1; cyaA_S352T; dfrA17; emrD; mdtM; mph(A); mrx(A); sul1; sul2
562.98850,RESISTANT,susceptible,susceptible,susceptible,susceptible,acrF; aph(3'')-Ib; aph(6)-Id; blaEC; blaTEM-1; emrD; marR_S3N; sul2
562.98851,RESISTANT,susceptible,susceptible,susceptible,susceptible,aadA1; acrF; blaEC; blaTEM-1; blaTEMp_C32T; catA1; emrD; marR_S3N; sul1; tet(A)
562.98852,susceptible,susceptible,susceptible,susceptible,susceptible,acrF; aph(3'')-Ib; aph(6)-Id; blaEC-5; emrD; uhpT_E350Q
562.98853,RESISTANT,susceptible,susceptible,susceptible,susceptible,acrF; blaEC; blaTEM-1; emrD; uhpT_E350Q
562.98854,RESISTANT,susceptible,susceptible,susceptible,RESISTANT,aadA5; acrF; aph(3'')-Ib; aph(6)-Id; blaEC; blaTEM-1; catA1; cyaA_S352T; dfrA14; dfrA17; emrD; gyrA_D87G; mdtM; sul1; sul2
562.98855,susceptible,susceptible,susceptible,susceptible,susceptible,acrF; blaEC; emrD
562.98856,RESISTANT,susceptible,susceptible,susceptible,RESISTANT,aadA1; acrF; blaEC; blaTEM-1; cirA_W455Ter; dfrA1; emrD; sul1; tet(B)
562.98857,susceptible,susceptible,susceptible,susceptible,susceptible,acrF; acrR_A47IfsTer22; blaEC; cirA_Q56Ter; emrD; gyrA_S83L; marR_S3N; tet(B)
562.98858,susceptible,susceptible,susceptible,susceptible,susceptible,acrF; blaEC-5; emrD
562.98859,susceptible,susceptible,susceptible,susceptible,RESISTANT,acrF; aph(3'')-Ib; aph(6)-Id; blaEC; cirA_Q56Ter; cyaA_S352T; dfrA14; emrD; mdtM; parE_I355T; sul2; uhpT_E350Q
562.98860,RESISTANT,susceptible,susceptible,susceptible,RESISTANT,aadA2; acrF; aph(3')-Ia; blaEC-5; blaTEM-1; catA1; dfrA12; emrD; mph(A); mrx(A); sul1; tet(B)
562.98861,RESISTANT,RESISTANT,RESISTANT,susceptible,RESISTANT,aadA5; acrF; acrR_W63Ter; aph(3'')-Ib; aph(6)-Id; blaCTX-M-27; blaEC; blaTEM-1; cyaA_S352T; dfrA17; dfrA8; emrD; erm(B); gyrA_D87N; gyrA_S83L; mdtM; mph(A); mrx(A); parC_S57T; parC_S80I; parE_L416F; sul1; sul2; tet(A); uhpT_E350Q
562.98862,RESISTANT,susceptible,susceptible,susceptible,RESISTANT,acrF; aph(3'')-Ib; aph(6)-Id; blaEC; blaTEM-1; catA1; cyaA_S352T; dfrA5; emrD; sul2; tet(D)
562.98863,susceptible,susceptible,susceptible,susceptible,susceptible,acrF; blaEC-5; blaTEM-12; emrD
562.98864,susceptible,susceptible,susceptible,susceptible,susceptible,acrF; blaEC; emrD; mdtM; uhpT_E350Q
562.98865,susceptible,susceptible,susceptible,susceptible,RESISTANT,aadA1; acrF; blaEC; cyaA_S352T; dfrA1; emrD; sul1
562.98866,susceptible,susceptible,susceptible,susceptible,susceptible,acrF; blaEC; emrD; marR_S3N; mdtM
562.98867,RESISTANT,susceptible,susceptible,susceptible,susceptible,acrF; blaEC-5; blaTEM-12; emrD
562.98868,RESISTANT,susceptible,susceptible,susceptible,susceptible,acrF; ampC_C-11T; blaEC; emrD; marR_S3N; mdtM
562.98869,susceptible,susceptible,susceptible,susceptible,susceptible,acrF; blaEC; emrD; marR_S3N
562.98870,susceptible,susceptible,susceptible,susceptible,RESISTANT,aadA1; acrF; blaEC; dfrA1; emrD; sat2; sul1
562.98871,RESISTANT,susceptible,susceptible,susceptible,,acrF; aph(3'')-Ib; aph(6)-Id; blaEC; blaTEM-1; emrD; marR_S3N; mdtM; sul2
562.98872,RESISTANT,susceptible,susceptible,susceptible,susceptible,aadA1; acrF; blaEC-5; blaSHV-1; emrD
562.98873,susceptible,susceptible,susceptible,susceptible,susceptible,acrF; ampC_C-11T; blaEC-5; emrD; uhpT_E350Q
562.98874,susceptible,susceptible,susceptible,susceptible,susceptible,acrF; blaEC-5; emrD; pmrB_V161G; uhpT_E350Q
562.98875,susceptible,susceptible,susceptible,susceptible,susceptible,acrF; aph(3'')-Ib; aph(6)-Id; blaEC; cyaA_S352T; emrD; mdtM; nfsA_Y45Ter; ompF_A233LfsTer7; sul2
562.98876,susceptible,susceptible,susceptible,susceptible,susceptible,acrF; blaEC; cirA_Q598Ter; emrD; uhpT_E350Q
562.98877,RESISTANT,susceptible,susceptible,susceptible,RESISTANT,acrF; aph(3'')-Ib; aph(6)-Id; blaEC; blaTEM-1; dfrA5; emrD; marR_S3N; mdtM; sul2
562.98878,susceptible,susceptible,susceptible,susceptible,susceptible,acrF; blaEC-5; emrD
562.98879,RESISTANT,susceptible,susceptible,susceptible,RESISTANT,acrF; aph(3'')-Ib; aph(6)-Id; blaEC; blaTEM-1; dfrA5; emrD; marR_S3N; mdtM; sul2
562.98880,susceptible,susceptible,susceptible,susceptible,susceptible,acrF; blaEC; emrD; uhpT_E350Q
562.98881,susceptible,susceptible,susceptible,susceptible,susceptible,acrF; blaEC; blaTEM-1; cirA_L400AfsTer6; emrD
562.98882,susceptible,susceptible,susceptible,susceptible,susceptible,acrF; blaEC; cyaA_S352T; emrD; mdtM; parE_I355T; uhpT_E350Q
562.98883,susceptible,susceptible,susceptible,susceptible,susceptible,acrF; blaEC; emrD; marR_S3N
562.98884,susceptible,susceptible,susceptible,susceptible,susceptible,acrF; blaEC; emrD; uhpT_E350Q
562.98885,susceptible,susceptible,susceptible,susceptible,susceptible,acrF; blaEC; emrD; marR_S3N; mdtM
562.98886,RESISTANT,susceptible,susceptible,susceptible,RESISTANT,acrF; aph(3'')-Ib; aph(6)-Id; blaEC-5; blaTEM-1; emrD; sul2
562.98887,susceptible,susceptible,susceptible,susceptible,susceptible,acrF; blaEC; emrD; parE_D475E; uhpT_E350Q
562.98888,susceptible,susceptible,susceptible,susceptible,susceptible,acrF; blaEC-5; emrD
562.98889,RESISTANT,susceptible,susceptible,susceptible,RESISTANT,aadA5; acrF; aph(3'')-Ib; aph(6)-Id; blaEC; blaTEM-1; catA1; dfrA17; emrD; mdtM; mph(A); mrx(A); parE_I529L; pmrB_V161G; ptsI_V25I; sul1; sul2; tet(B); uhpT_E350Q
562.98890,susceptible,susceptible,susceptible,susceptible,susceptible,acrF; blaEC; emrD; marR_S3N
562.98891,susceptible,susceptible,susceptible,susceptible,susceptible,acrF; blaEC; emrD; marR_S3N; mdtM
562.98892,RESISTANT,RESISTANT,susceptible,RESISTANT,RESISTANT,aac(3)-IIe; aadA5; acrF; blaCTX-M-14; blaEC; blaTEM-1; cyaA_S352T; dfrA17; emrD; gyrA_S83L; mdtM; mph(A); mrx(A); sul1; tet(A)
562.98893,RESISTANT,RESISTANT,susceptible,RESISTANT,RESISTANT,aac(3)-IIe; aadA5; acrF; blaCTX-M-14; blaEC; blaTEM-1; cyaA_S352T; dfrA17; emrD; gyrA_S83L; mdtM; mph(A); mrx(A); sul1; tet(A)
562.98894,susceptible,susceptible,susceptible,susceptible,susceptible,acrF; blaEC; cyaA_S352T; emrD
562.98895,susceptible,susceptible,susceptible,susceptible,susceptible,acrF; blaEC; mdtM
562.98896,RESISTANT,susceptible,susceptible,susceptible,susceptible,aadA1; acrF; blaEC-5; emrD; sul1
562.98897,susceptible,susceptible,susceptible,susceptible,susceptible,acrF; blaEC-5; emrD
562.98898,susceptible,susceptible,susceptible,susceptible,susceptible,acrF; blaEC; emrD; marR_S3N
562.98899,susceptible,susceptible,susceptible,susceptible,susceptible,acrF; blaEC; emrD
562.98900,susceptible,susceptible,susceptible,susceptible,susceptible,acrF; blaEC; emrD; marR_S3N
562.98901,susceptible,susceptible,susceptible,susceptible,susceptible,acrF; blaEC-5; emrD
562.98902,susceptible,susceptible,susceptible,susceptible,susceptible,acrF; blaEC; emrD; marR_S3N; mdtM
562.98903,susceptible,susceptible,susceptible,susceptible,susceptible,acrF; blaEC; mdtM
562.98904,susceptible,susceptible,susceptible,susceptible,susceptible,acrF; blaEC; emrD; ompC_Q82Ter; uhpT_E350Q
562.98905,susceptible,susceptible,susceptible,susceptible,susceptible,acrF; blaEC-5; emrD
562.98906,susceptible,susceptible,susceptible,susceptible,susceptible,acrF; blaEC; emrD; marR_S3N
562.98907,RESISTANT,susceptible,susceptible,susceptible,RESISTANT,acrF; aph(3'')-Ib; aph(6)-Id; blaEC; blaTEM; emrD; gyrA_S83L; marR_S3N; sul2; tet(B)
562.98908,susceptible,susceptible,susceptible,susceptible,susceptible,aadA1; acrF; blaEC; emrD; marR_S3N; sul1; tet(A)
562.98909,susceptible,susceptible,susceptible,susceptible,susceptible,acrF; blaEC-5; emrD; uhpT_E350Q
562.98910,RESISTANT,susceptible,susceptible,susceptible,RESISTANT,aadA1; acrF; blaEC-5; blaTEM-1; dfrA1; emrD; mdtM; sat2
562.98911,susceptible,susceptible,susceptible,susceptible,susceptible,acrF; blaEC-5; emrD
562.98912,RESISTANT,susceptible,susceptible,susceptible,RESISTANT,aadA1; acrF; aph(3'')-Ib; aph(6)-Id; blaEC; blaTEM-1; dfrA1; mdtM; sat2; sul2
562.98913,susceptible,susceptible,susceptible,susceptible,susceptible,acrF; blaEC; emrD; uhpT_E350Q
562.98914,RESISTANT,susceptible,RESISTANT,RESISTANT,RESISTANT,aac(3)-IId; aadA5; acrF; aph(3'')-Ib; aph(6)-Id; blaEC; blaTEM-1; cirA_E450AfsTer30; dfrA17; emrD; gyrA_D87N; gyrA_S83L; mdtM; mph(A); mrx(A); parC_E84V; parC_S80I; parE_I529L; ptsI_V25I; sul1; sul2; tet(A); uhpT_E350Q
562.98915,susceptible,susceptible,susceptible,susceptible,susceptible,acrF; blaEC; emrD; uhpT_E350Q
562.98916,susceptible,susceptible,susceptible,susceptible,susceptible,acrF; blaEC; emrD; marR_S3N
562.98917,susceptible,susceptible,susceptible,susceptible,susceptible,acrF; blaEC; emrD; uhpT_E350Q
562.98918,RESISTANT,susceptible,susceptible,susceptible,susceptible,acrF; aph(3'')-Ib; aph(6)-Id; blaEC; blaTEM-1; emrD; marR_S3N; mdtM; sul2
562.98919,susceptible,susceptible,susceptible,susceptible,susceptible,acrF; blaEC-5; emrD
562.98920,RESISTANT,susceptible,susceptible,susceptible,RESISTANT,aadA1; acrF; aph(3'')-Ib; aph(6)-Id; blaEC; blaTEM-1; dfrA1; emrD; sat2; sul2; tet(B)
562.98921,susceptible,susceptible,susceptible,susceptible,susceptible,acrF; blaEC; mdtM
562.98922,susceptible,susceptible,susceptible,susceptible,susceptible,acrF; blaEC; emrD
562.98923,RESISTANT,susceptible,susceptible,susceptible,,aadA1; acrF; blaEC-5; blaSHV-1; emrD; sul1; tet(D)
562.98924,susceptible,susceptible,susceptible,susceptible,susceptible,acrF; blaEC; emrD
562.98925,susceptible,susceptible,susceptible,susceptible,susceptible,acrF; blaEC; emrD; marR_S3N; mdtM
562.98926,RESISTANT,susceptible,susceptible,susceptible,susceptible,acrF; blaEC-5; blaTEM-1; emrD
562.98927,susceptible,susceptible,susceptible,susceptible,susceptible,acrF; blaEC; emrD
562.98928,susceptible,susceptible,susceptible,susceptible,susceptible,acrF; blaEC; mdtM
562.98929,susceptible,susceptible,susceptible,susceptible,susceptible,acrF; blaEC; emrD; marR_S3N
562.98930,susceptible,susceptible,susceptible,susceptible,susceptible,acrF; blaEC-5; emrD; mdtM
562.98931,RESISTANT,RESISTANT,RESISTANT,RESISTANT,RESISTANT,aac(3)-IId; aac(6')-Ib-cr5; aadA5; acrF; aph(3'')-Ib; aph(6)-Id; blaCTX-M-15; blaEC; blaOXA-1; blaTEM-1; catB3; cyaA_S352T; dfrA17; emrD; gyrA_D87N; gyrA_S83L; mph(A); mrx(A); ompF_Y253EfsTer3; parC_S80I; parE_S458A; sul1; sul2; tet(B)
562.98932,susceptible,susceptible,RESISTANT,susceptible,susceptible,acrF; blaEC; emrD; gyrA_D87N; gyrA_S83L; mdtM; parC_E84V; parC_S80I; parE_I529L; ptsI_V25I; uhpT_E350Q
562.98933,susceptible,susceptible,susceptible,susceptible,susceptible,acrF; blaEC; emrD; marR_S3N
562.98934,RESISTANT,susceptible,susceptible,susceptible,RESISTANT,acrF; blaEC; cirA_W370Ter; cyaA_S352T; emrD; mdtM; sul2
562.98935,susceptible,susceptible,susceptible,susceptible,susceptible,acrF; blaEC; emrD; marR_S3N; tet(B)
562.98936,RESISTANT,susceptible,susceptible,susceptible,susceptible,acrF; aph(3'')-Ib; aph(6)-Id; blaEC; blaTEM-1; cirA_S18LfsTer6; emrD; marR_S3N; mdtM; qnrS1; sul2
562.98937,susceptible,susceptible,susceptible,susceptible,susceptible,acrF; blaEC; emrD
562.98938,susceptible,susceptible,susceptible,susceptible,,acrF; blaEC; emrD; uhpT_E350Q
562.98939,RESISTANT,susceptible,susceptible,susceptible,susceptible,aadA1; acrF; blaEC-5; blaSHV-1; emrD; sul1
562.98940,susceptible,susceptible,susceptible,susceptible,susceptible,acrF; blaEC-5; emrD
562.98941,susceptible,susceptible,susceptible,susceptible,susceptible,acrF; blaEC; cirA_Q56Ter; cyaA_S352T; emrD; mdtM; parE_I355T; uhpT_E350Q
562.98942,susceptible,susceptible,susceptible,susceptible,susceptible,acrF; blaEC; cyaA_S352T; emrD; mdtM; parE_I355T; uhpT_E350Q
562.98943,RESISTANT,susceptible,susceptible,susceptible,RESISTANT,aadA2; acrF; aph(3'')-Ib; aph(3')-Ia; aph(6)-Id; blaEC; blaTEM-1; dfrA12; gyrA_S83L; mdtM; mph(A); mrx(A); parC_S80R; sul1; sul2; tet(A)
562.98944,susceptible,susceptible,susceptible,susceptible,susceptible,acrF; blaEC-5; emrD; mdtM
562.98945,susceptible,susceptible,susceptible,susceptible,susceptible,acrF; blaEC; emrD; marR_S3N
562.98946,susceptible,susceptible,susceptible,susceptible,susceptible,acrF; blaEC; emrD; parE_D475E; uhpT_E350Q
562.98947,susceptible,susceptible,susceptible,susceptible,susceptible,acrF; blaEC; emrD; marR_S3N
562.98948,RESISTANT,susceptible,susceptible,susceptible,RESISTANT,aadA1; acrF; aph(3'')-Ib; aph(6)-Id; blaEC; blaTEM-1; dfrA1; emrD; sat2; sul2; tet(B)
562.98949,susceptible,susceptible,susceptible,susceptible,susceptible,acrF; blaEC; emrD; parE_I529L; ptsI_V25I; uhpT_E350Q
562.98950,susceptible,susceptible,susceptible,susceptible,susceptible,acrF; blaEC-5; emrD; marR_S3N; mdtM; uhpT_E350Q
562.98951,susceptible,susceptible,susceptible,susceptible,susceptible,acrF; blaEC; cirA_Q56Ter; cyaA_S352T; emrD; mdtM; parE_I355T; uhpT_E350Q
562.98952,susceptible,susceptible,susceptible,susceptible,RESISTANT,aadA2; acrF; blaEC; catA1; dfrA12; emrD; gyrA_S83L; mph(A); mrx(A); parE_I529L; ptsI_V25I; sul1; uhpT_E350Q
562.98953,RESISTANT,susceptible,susceptible,susceptible,susceptible,acrF; blaEC-5; blaTEM-1; emrD; mdtM
562.98954,susceptible,susceptible,susceptible,susceptible,susceptible,acrF; blaEC; cirA_D258RfsTer5; cyaA_S352T; emrD; mdtM; sul2
562.98955,susceptible,susceptible,susceptible,susceptible,susceptible,acrF; blaEC-5; emrD
562.98956,susceptible,susceptible,susceptible,susceptible,susceptible,acrF; blaEC; emrD; parE_I529L; ptsI_V25I; uhpT_E350Q
562.98957,susceptible,susceptible,susceptible,susceptible,susceptible,acrF; aph(3'')-Ib; aph(6)-Id; blaEC; mdtM; sul2; tet(B)
562.98958,susceptible,susceptible,susceptible,susceptible,susceptible,acrF; blaEC; emrD
562.98959,susceptible,susceptible,susceptible,susceptible,susceptible,acrF; blaEC; mdtM
562.98960,RESISTANT,susceptible,susceptible,susceptible,RESISTANT,aadA1; acrF; blaEC; blaSHV-1; dfrA1; emrD; mdtM; sat2; sul1
562.98961,RESISTANT,susceptible,RESISTANT,RESISTANT,susceptible,aac(3)-IId; acrF; blaEC; blaTEM-1; emrD; gyrA_D87N; gyrA_S83L; mdtM; parC_E84V; parC_S80I; parE_I529L; ptsI_V25I; uhpT_E350Q
562.98962,susceptible,susceptible,susceptible,susceptible,susceptible,acrF; blaEC-5; emrD; marR_S3N; mdtM; ompC_R195L; uhpT_E350Q
562.98963,susceptible,susceptible,susceptible,susceptible,susceptible,acrF; blaEC; cyaA_S352T; emrD; mdtM
562.98964,susceptible,susceptible,susceptible,susceptible,susceptible,acrF; blaEC; emrD; marR_S3N
562.98965,susceptible,susceptible,susceptible,susceptible,susceptible,acrF; blaEC; cirA_I160SfsTer34; emrD; marR_S3N; mdtM
562.98966,RESISTANT,susceptible,susceptible,susceptible,RESISTANT,acrF; aph(3'')-Ib; aph(6)-Id; blaEC; blaTEM-1; emrD; marR_S3N; mdtM; sul2
562.98967,RESISTANT,susceptible,susceptible,susceptible,RESISTANT,acrF; blaEC; blaTEM-1; dfrA7; emrD; parE_I529L; ptsI_V25I; sul1; uhpT_E350Q
562.98968,susceptible,susceptible,susceptible,susceptible,RESISTANT,aadA1; acrF; blaEC; cirA_Q56Ter; cyaA_S352T; dfrA1; emrD; mdtM; parE_I355T; sat2; sul2; tet(B); uhpT_E350Q
562.98969,RESISTANT,susceptible,susceptible,susceptible,RESISTANT,acrF; aph(3'')-Ib; aph(3')-Ia; aph(6)-Id; blaEC; blaTEM-1; dfrA5; mdtM; sul2
562.98970,susceptible,susceptible,susceptible,susceptible,susceptible,acrF; blaEC; emrD; gyrA_S83L; marR_S3N
562.98971,susceptible,susceptible,susceptible,susceptible,susceptible,acrF; blaEC-5; emrD
562.98972,susceptible,susceptible,susceptible,susceptible,susceptible,acrF; blaEC; emrD; marR_S3N
562.98973,RESISTANT,susceptible,susceptible,,RESISTANT,aadA1; acrF; ant(2'')-Ia; blaEC; blaOXA-1; catA1; catB3; cyaA_S352T; dfrA19; emrD; mdtM; sul1; tet(B)
562.98974,susceptible,susceptible,susceptible,susceptible,susceptible,acrF; blaEC; cyaA_S352T; emrD; marR_S3N
562.98975,RESISTANT,susceptible,susceptible,susceptible,RESISTANT,aadA5; acrF; aph(3'')-Ib; aph(6)-Id; blaEC; blaTEM-1; cyaA_S352T; dfrA17; emrD; mdtM; sul1; sul2; tet(B)
562.98976,susceptible,susceptible,susceptible,susceptible,susceptible,acrF; blaEC; emrD; mdtM; uhpT_E350Q
562.98977,susceptible,susceptible,susceptible,susceptible,susceptible,acrF; blaEC-5; emrD
562.98978,RESISTANT,RESISTANT,susceptible,susceptible,susceptible,acrF; blaEC; emrD; gyrA_D87G; marR_S3N; mdtM
562.98979,RESISTANT,susceptible,susceptible,susceptible,RESISTANT,aadA5; acrF; aph(3'')-Ib; aph(6)-Id; blaEC; blaTEM-1; cyaA_S352T; dfrA17; emrD; mdtM; mph(A); mrx(A); sul1; sul2
562.98980,susceptible,susceptible,susceptible,susceptible,susceptible,acrF; blaEC-5; emrD
562.98981,susceptible,susceptible,susceptible,susceptible,susceptible,acrF; blaEC; emrD; marR_S3N; mdtM
562.98982,RESISTANT,susceptible,susceptible,susceptible,RESISTANT,aadA5; acrF; aph(3'')-Ib; aph(6)-Id; blaEC; blaTEM-1; cyaA_S352T; dfrA17; emrD; mdtM; mph(A); mrx(A); sul1; sul2
562.98983,susceptible,susceptible,susceptible,susceptible,susceptible,acrF; blaEC-5; cirA_I160SfsTer34; emrD; tet(B)
562.98984,susceptible,susceptible,susceptible,susceptible,susceptible,acrF; blaEC; emrD; uhpT_E350Q
562.98985,susceptible,susceptible,susceptible,susceptible,susceptible,acrF; blaEC; emrD
562.98986,RESISTANT,susceptible,susceptible,susceptible,susceptible,acrF; aph(3'')-Ib; aph(6)-Id; blaEC; blaTEM-1; emrD; marR_S3N; mdtM; sul2
562.98987,susceptible,susceptible,susceptible,susceptible,susceptible,acrF; blaEC; emrD; marR_S3N
562.98988,RESISTANT,susceptible,susceptible,susceptible,RESISTANT,aadA1; acrF; blaEC; blaTEM-1; dfrA1; emrD; sat2; sul1
562.98989,susceptible,susceptible,susceptible,susceptible,,acrF; blaEC; emrD; marR_S3N; mdtM
562.98990,RESISTANT,susceptible,susceptible,susceptible,RESISTANT,acrF; aph(3'')-Ib; aph(6)-Id; blaEC; blaTEM-1; dfrA5; mdtM; sul2
562.98991,susceptible,susceptible,susceptible,susceptible,susceptible,acrF; blaEC; emrD; marR_S3N
562.98992,RESISTANT,susceptible,susceptible,susceptible,susceptible,acrF; blaEC; blaTEM; blaTEMp_C32T; cyaA_S352T; emrD; gyrA_S83L
562.98993,susceptible,susceptible,susceptible,susceptible,susceptible,acrF; blaEC-5; emrD
562.98994,susceptible,susceptible,susceptible,susceptible,susceptible,acrF; blaEC; emrD; marR_S3N; mdtM
562.98996,susceptible,susceptible,susceptible,susceptible,susceptible,acrF; blaEC; mdtM
562.98997,susceptible,susceptible,susceptible,susceptible,susceptible,acrF; blaEC; emrD; marR_S3N
562.98998,susceptible,susceptible,susceptible,susceptible,susceptible,acrF; blaEC; emrD; marR_S3N
562.98999,RESISTANT,susceptible,susceptible,susceptible,susceptible,acrF; blaEC; blaTEM; blaTEMp_C32T; cyaA_S352T; emrD; gyrA_S83L
562.99000,RESISTANT,susceptible,susceptible,susceptible,RESISTANT,acrF; aph(3'')-Ib; aph(3')-Ia; aph(6)-Id; blaEC; blaTEM-1; cyaA_S352T; dfrA5; emrD; mdtM; sul2; tet(A)
562.99001,RESISTANT,susceptible,susceptible,susceptible,susceptible,acrF; aph(3'')-Ib; aph(6)-Id; blaEC; blaTEM-1; emrD; marR_S3N; mdtM; sul2
562.99002,susceptible,susceptible,susceptible,susceptible,susceptible,acrF; blaEC; emrD
562.99003,susceptible,susceptible,susceptible,susceptible,susceptible,acrF; blaEC; mdtM
562.99004,RESISTANT,susceptible,susceptible,RESISTANT,susceptible,aac(3)-IId; aadA5; acrF; aph(3'')-Ib; aph(6)-Id; blaEC; blaTEM-1; cyaA_S352T; dfrA17; emrD; mdtM; mph(A); mrx(A); sul1; sul2; tet(A)
562.99005,susceptible,susceptible,susceptible,susceptible,susceptible,acrF; blaEC-5; emrD; marR_S3N; uhpT_E350Q
562.99006,RESISTANT,susceptible,susceptible,susceptible,susceptible,acrF; aph(3')-Ia; blaEC; blaTEM-1; emrD; gyrA_S83L; mdtM; parE_I529L; ptsI_V25I; tet(B); uhpT_E350Q
562.99007,susceptible,susceptible,susceptible,susceptible,susceptible,acrF; blaEC; emrD
562.99008,RESISTANT,susceptible,RESISTANT,RESISTANT,RESISTANT,aac(3)-IId; aadA5; acrF; blaEC; blaTEM-1; dfrA17; emrD; gyrA_D87N; gyrA_S83L; mdtM; parC_E84V; parC_S80I; parE_I529L; ptsI_V25I; sul1; uhpT_E350Q
562.99009,susceptible,susceptible,susceptible,susceptible,susceptible,acrF; blaEC-5; emrD
562.99010,RESISTANT,susceptible,susceptible,RESISTANT,RESISTANT,aac(3)-IVa; acrF; aph(3'')-Ib; aph(4)-Ia; aph(6)-Id; blaEC; blaTEM-1; catA1; dfrA17; emrD; mdtM; parE_I529L; ptsI_V25I; sul2; tet(B); uhpT_E350Q
562.99011,susceptible,susceptible,susceptible,susceptible,susceptible,acrF; aph(3'')-Ib; aph(6)-Id; blaEC; mdtM; sul2
562.99012,susceptible,susceptible,susceptible,susceptible,susceptible,acrF; blaEC; emrD; marR_S3N; mdtM
562.99013,susceptible,susceptible,susceptible,susceptible,susceptible,acrF; blaEC-5; emrD; uhpT_E350Q
562.99014,RESISTANT,susceptible,susceptible,susceptible,RESISTANT,acrF; aph(3'')-Ib; aph(6)-Id; blaEC; blaTEM-1; dfrA5; emrD; marR_S3N; sul2
562.99015,susceptible,susceptible,susceptible,susceptible,RESISTANT,aadA1; acrF; aph(3'')-Ib; aph(6)-Id; blaEC-5; dfrA1; emrD; sul1; sul2; tet(B)
562.99016,susceptible,susceptible,susceptible,susceptible,susceptible,acrF; blaEC-5; emrD; nfsA_W159Ter
562.99017,RESISTANT,susceptible,susceptible,susceptible,susceptible,aadA1; acrF; blaEC-5; blaSHV-1; emrD; sul1; tet(D)
562.99018,susceptible,susceptible,susceptible,susceptible,,aadA1; acrF; blaEC-5; dfrA1; emrD; marR_S3N; sat2; uhpT_E350Q
562.99019,susceptible,susceptible,susceptible,susceptible,susceptible,acrF; blaEC; emrD; marR_S3N; tet(B)
562.99020,susceptible,susceptible,susceptible,susceptible,susceptible,acrF; blaEC; mdtM
562.99021,RESISTANT,susceptible,susceptible,susceptible,susceptible,acrF; blaEC; blaTEM-1; mdtM; tet(A)
562.99022,susceptible,susceptible,susceptible,susceptible,susceptible,acrF; blaEC-5; emrD
562.99023,susceptible,susceptible,susceptible,,RESISTANT,aadA5; acrF; aph(3'')-Ib; aph(6)-Id; blaEC; blaTEM-1; cyaA_S352T; dfrA17; emrD; mdtM; mph(A); mrx(A); sul1; sul2
562.99024,susceptible,,susceptible,susceptible,susceptible,acrF; blaEC-5; emrD
562.99025,RESISTANT,susceptible,,RESISTANT,RESISTANT,acrF; blaEC; blaTEM-1; emrD; marR_S3N; mdtM; tet(A)
562.99026,susceptible,susceptible,susceptible,susceptible,susceptible,acrF; blaEC-5; emrD
562.99027,susceptible,susceptible,susceptible,susceptible,susceptible,acrF; blaEC-5; emrD; marR_S3N
562.99028,susceptible,susceptible,susceptible,susceptible,susceptible,acrF; blaEC; emrD; marR_S3N; parE_D475E
562.99029,susceptible,susceptible,susceptible,susceptible,susceptible,acrF; blaEC-5; emrD; marR_S3N; tet(A)
562.99030,susceptible,susceptible,susceptible,susceptible,susceptible,acrF; blaEC-5; emrD
562.99031,RESISTANT,susceptible,susceptible,susceptible,RESISTANT,acrF; aph(3'')-Ib; aph(6)-Id; blaEC; blaTEM-1; cyaA_S352T; dfrA5; emrD; sul2
562.99032,RESISTANT,susceptible,susceptible,susceptible,RESISTANT,aadA1; aadA2; acrF; blaEC; blaTEM-1; cmlA1; dfrA12; emrD; marR_S3N; sul3
562.99033,RESISTANT,susceptible,susceptible,susceptible,susceptible,acrF; blaEC; blaTEM-1; emrD; mdtM; parE_I529L; pmrB_V161G; ptsI_V25I; uhpT_E350Q
562.99034,susceptible,susceptible,susceptible,susceptible,susceptible,acrF; blaEC; cirA_Q56Ter; cyaA_S352T; emrD; mdtM; parE_I355T; uhpT_E350Q
562.99035,susceptible,susceptible,susceptible,susceptible,susceptible,acrF; blaEC; emrD
562.99036,RESISTANT,susceptible,susceptible,susceptible,RESISTANT,acrF; aph(3'')-Ib; aph(6)-Id; blaEC; blaTEM-1; catA1; dfrA7; emrD; marR_S3N; mdtM; sul1; sul2
562.99037,RESISTANT,RESISTANT,RESISTANT,susceptible,susceptible,acrF; blaCTX-M-15; blaEC; blaTEM-1; bleO; catA1; dfrA17; gyrA_D87N; gyrA_S83L; mdtM; oqxA; oqxB; parC_S80I; parE_S458A; tet(B)
562.99038,RESISTANT,susceptible,,susceptible,RESISTANT,acrF; aph(3'')-Ib; aph(6)-Id; blaEC; blaTEM-1; cyaA_S352T; dfrA14; emrD; gyrA_S83L; mdtM; mph(A); mrx(A); sul2; tet(B)
562.99039,susceptible,susceptible,susceptible,susceptible,susceptible,acrF; blaEC; mdtM
562.99040,susceptible,susceptible,susceptible,susceptible,susceptible,acrF; blaEC; emrD; parE_I529L; ptsI_V25I; uhpT_E350Q
562.99041,susceptible,susceptible,susceptible,susceptible,susceptible,acrF; blaEC; cirA_Q598Ter; emrD; uhpT_E350Q
562.99042,susceptible,susceptible,susceptible,susceptible,susceptible,acrF; blaEC; emrD; marR_S3N; mdtM
562.99043,susceptible,susceptible,susceptible,susceptible,susceptible,acrF; blaEC; cyaA_S352T; emrD; mdtM; uhpT_E350Q
562.99044,susceptible,susceptible,susceptible,susceptible,susceptible,acrF; blaEC; emrD; parE_I529L; ptsI_V25I; uhpT_E350Q
562.99045,susceptible,susceptible,susceptible,susceptible,susceptible,acrF; blaEC; emrD; marR_S3N
562.99046,susceptible,susceptible,susceptible,susceptible,susceptible,acrF; blaEC-5; emrD; uhpT_E350Q
562.99047,susceptible,susceptible,susceptible,susceptible,susceptible,acrF; aph(3'')-Ib; aph(6)-Id; blaEC-5; emrD; marR_S3N; uhpT_E350Q
562.99048,RESISTANT,RESISTANT,RESISTANT,susceptible,RESISTANT,acrF; aph(3'')-Ib; aph(3')-Ia; aph(6)-Id; blaCTX-M-15; blaEC; dfrA14; gyrA_D87N; gyrA_S83L; mdtM; mph(A); mrx(A); parC_S80I; parE_L416F; sul2; tet(B)
562.99049,susceptible,susceptible,susceptible,susceptible,susceptible,acrF; blaEC; emrD; marR_S3N; mdtM
562.99050,RESISTANT,susceptible,susceptible,susceptible,RESISTANT,aadA1; acrF; aph(3'')-Ib; aph(6)-Id; blaEC-5; blaTEM-1; dfrA1; emrD; sul1; sul2
562.99051,susceptible,susceptible,susceptible,susceptible,susceptible,acrF; blaEC; emrD; marR_S3N; mdtM
562.99052,RESISTANT,susceptible,susceptible,susceptible,RESISTANT,aadA1; acrF; aph(3'')-Ib; aph(6)-Id; blaEC; blaTEM-1; catA2; dfrA14; emrD; estX-3; marR_S3N; sul2; sul3
562.99053,RESISTANT,susceptible,susceptible,susceptible,susceptible,acrF; aph(3'')-Ib; aph(6)-Id; blaEC; blaTEM-1; emrD; marR_S3N; mdtM; sul2
562.99054,RESISTANT,susceptible,susceptible,susceptible,susceptible,aadA1; acrF; blaEC-5; blaSHV-1; emrD; sul1
562.99055,susceptible,susceptible,susceptible,susceptible,susceptible,acrF; blaEC; mdtM
562.99056,susceptible,susceptible,susceptible,susceptible,susceptible,acrF; blaEC; emrD; uhpT_E350Q
562.99057,susceptible,susceptible,susceptible,susceptible,susceptible,acrF; blaEC; emrD; marR_S3N; mdtM
562.99058,RESISTANT,susceptible,susceptible,susceptible,susceptible,aadA1; acrF; blaEC-5; blaSHV-1; emrD; sul1
562.99059,RESISTANT,susceptible,susceptible,susceptible,susceptible,acrF; blaEC-5; blaTEM-1; catA1; dfrA7; emrD; tet(B)
562.99060,RESISTANT,susceptible,susceptible,susceptible,RESISTANT,aadA5; acrF; aph(3'')-Ib; aph(6)-Id; blaEC; blaTEM-1; cyaA_S352T; dfrA17; emrD; mph(A); mrx(A); sul1; sul2; tet(B)
562.99061,susceptible,susceptible,susceptible,susceptible,susceptible,acrF; blaEC; cyaA_S352T; emrD; mdtM
562.99062,susceptible,susceptible,susceptible,susceptible,susceptible,acrF; blaEC; emrD; marR_S3N; mdtM
562.99063,RESISTANT,susceptible,susceptible,susceptible,susceptible,acrF; blaEC; blaTEM-1; cyaA_S352T; emrD; gyrA_S83L; mdtM
562.99064,susceptible,susceptible,susceptible,susceptible,susceptible,acrF; blaEC-5; emrD
562.99065,susceptible,susceptible,susceptible,susceptible,susceptible,acrF; blaEC; emrD; marR_S3N; mdtM
562.99066,RESISTANT,susceptible,susceptible,susceptible,RESISTANT,aadA5; acrF; aph(3'')-Ib; aph(6)-Id; blaEC; blaTEM-1; cyaA_S352T; dfrA17; emrD; mdtM; mph(A); mrx(A); sul1; sul2
562.99067,susceptible,susceptible,susceptible,susceptible,susceptible,acrF; blaEC; emrD; marR_S3N; ompC_K302TerfsTer0
562.99068,RESISTANT,susceptible,RESISTANT,susceptible,susceptible,acrF; blaEC; blaTEM-1; gyrA_D87N; gyrA_S83L; mdtM; parC_E84K; tet(B)
562.99069,susceptible,susceptible,susceptible,susceptible,susceptible,acrF; blaEC; mdtM
562.99070,RESISTANT,susceptible,susceptible,susceptible,susceptible,acrF; blaEC; blaTEM-1; emrD; marR_S3N
562.99071,susceptible,susceptible,susceptible,susceptible,susceptible,acrF; blaEC; emrD
562.99072,susceptible,susceptible,susceptible,susceptible,susceptible,acrF; blaEC; emrD; marR_S3N; mdtM
562.99073,RESISTANT,susceptible,susceptible,susceptible,susceptible,acrF; blaEC; emrD; marR_S3N
562.99074,susceptible,susceptible,susceptible,susceptible,susceptible,acrF; blaEC; cyaA_S352T; emrD
562.99075,susceptible,susceptible,susceptible,susceptible,RESISTANT,aadA1; acrF; blaEC; dfrA1; emrD; mdtM; sat2; sul1
562.99076,susceptible,susceptible,susceptible,susceptible,susceptible,acrF; blaEC; emrD; uhpT_E350Q
562.99077,susceptible,susceptible,susceptible,susceptible,susceptible,acrF; blaEC; emrD; marR_S3N
562.99078,susceptible,susceptible,susceptible,susceptible,susceptible,acrF; blaEC; fosA7.5; mdtM
562.99079,susceptible,susceptible,susceptible,susceptible,susceptible,acrF; blaEC-5; emrD; marR_S3N; uhpT_E350Q
562.99080,susceptible,susceptible,susceptible,susceptible,susceptible,acrF; blaEC; emrD; marR_S3N
562.99081,RESISTANT,susceptible,susceptible,susceptible,susceptible,acrF; blaEC-5; blaTEM-1; emrD; mdtM
562.99082,susceptible,susceptible,susceptible,susceptible,susceptible,acrF; blaEC-5; emrD
562.99083,susceptible,susceptible,susceptible,susceptible,susceptible,acrF; blaEC-5; emrD
562.99084,RESISTANT,RESISTANT,RESISTANT,susceptible,RESISTANT,aadA5; acrF; aph(3'')-Ib; aph(6)-Id; blaCTX-M-27; blaEC; dfrA17; emrD; gyrA_D87N; gyrA_S83L; mdtM; mph(A); mrx(A); parC_E84V; parC_S80I; parE_I529L; ptsI_V25I; sul1; sul2; tet(A); uhpT_E350Q
562.99085,RESISTANT,susceptible,susceptible,susceptible,susceptible,aadA5; acrF; blaEC; blaTEM-1; cyaA_S352T; emrD; gyrA_S83L; mdtM; mph(A); mrx(A); sul1
562.99086,susceptible,susceptible,susceptible,susceptible,susceptible,acrF; blaEC; cirA_Y390Ter; emrD; ompF_L35RfsTer5
562.99087,RESISTANT,susceptible,susceptible,susceptible,susceptible,acrF; aph(3'')-Ib; aph(6)-Id; blaEC; blaTEM-1; emrD; marR_S3N; mdtM; sul2
562.99088,susceptible,susceptible,RESISTANT,susceptible,RESISTANT,aadA5; acrF; aph(3'')-Ib; aph(6)-Id; blaEC; cyaA_S352T; dfrA17; emrD; gyrA_D87N; gyrA_S83L; mdtM; mph(A); mrx(A); parC_S57T; parC_S80I; parE_L416F; sul1; sul2; uhpT_E350Q
562.99089,susceptible,susceptible,susceptible,susceptible,susceptible,acrF; blaEC; emrD; marR_S3N
562.99090,susceptible,susceptible,susceptible,susceptible,susceptible,acrF; blaEC-5; emrD; mdtM
562.99091,RESISTANT,susceptible,RESISTANT,susceptible,RESISTANT,aadA1; acrF; aph(3'')-Ib; aph(6)-Id; blaEC; blaTEM-1; catA1; cirA_E450AfsTer30; cyaA_S352T; emrD; gyrA_D87Y; gyrA_S83L; mdtM; ompF_A130DfsTer3; parC_S80I; sul1; sul2; tet(A)
562.99092,susceptible,susceptible,susceptible,susceptible,susceptible,acrF; blaEC; emrD; marR_S3N; mdtM
562.99093,RESISTANT,susceptible,susceptible,susceptible,RESISTANT,aadA2; acrF; aph(3'')-Ib; aph(6)-Id; blaEC; blaTEM-1; dfrA12; emrD; mph(A); mrx(A); sul1; sul2; tet(A); uhpT_E350Q
562.99094,susceptible,susceptible,susceptible,susceptible,susceptible,acrF; blaEC; emrD; parE_I529L; ptsI_V25I; uhpT_E350Q
562.99095,RESISTANT,susceptible,susceptible,susceptible,susceptible,acrF; blaEC; cyaA_S352T; emrD; mdtM
562.99096,susceptible,susceptible,susceptible,susceptible,susceptible,acrF; blaEC-5; emrD; uhpT_E350Q
562.99097,RESISTANT,susceptible,susceptible,susceptible,susceptible,acrF; blaEC; blaTEM-1; emrD; marR_S3N; mdtM
562.99098,RESISTANT,susceptible,susceptible,susceptible,susceptible,acrF; blaEC; blaTEM-1; emrD; tet(A)
562.99099,susceptible,susceptible,susceptible,susceptible,susceptible,acrF; blaEC-5; emrD; gyrA_G81D; mdtM; uhpT_E350Q
562.99100,RESISTANT,susceptible,susceptible,susceptible,susceptible,acrF; aph(3'')-Ib; aph(6)-Id; blaEC; blaTEM-1; catA1; emrD; marR_S3N; sul2; tet(A)
562.99101,susceptible,susceptible,susceptible,susceptible,susceptible,acrF; blaEC-5; emrD
562.99102,susceptible,susceptible,susceptible,susceptible,susceptible,acrF; blaEC; emrD; marR_S3N; mdtM
562.99103,susceptible,susceptible,susceptible,susceptible,susceptible,acrF; blaEC; emrD; marR_S3N; mdtM
562.99104,susceptible,susceptible,susceptible,susceptible,susceptible,acrF; blaEC-5; emrD
562.99105,RESISTANT,susceptible,susceptible,susceptible,RESISTANT,aadA5; acrF; blaEC; blaTEM-1; cyaA_S352T; dfrA17; emrD; mdtM; sul1
562.99106,susceptible,susceptible,susceptible,susceptible,susceptible,acrF; blaEC; emrD
562.99107,susceptible,susceptible,susceptible,susceptible,susceptible,acrF; blaEC; emrD; marR_S3N; mdtM
562.99108,RESISTANT,susceptible,RESISTANT,susceptible,RESISTANT,aadA5; acrF; aph(3'')-Ib; aph(6)-Id; blaEC; blaTEM-1; cyaA_S352T; dfrA17; emrD; gyrA_D87N; gyrA_S83L; mdtM; mph(A); mrx(A); parC_E84G; parC_S57T; parC_S80I; sul1; sul2; uhpT_E350Q
562.99109,susceptible,susceptible,susceptible,susceptible,susceptible,acrF; blaEC; cyaA_S352T; emrD; mdtM
562.99110,RESISTANT,susceptible,susceptible,susceptible,susceptible,aadA1; acrF; blaEC-5; blaSHV-1; emrD; sul1
562.99111,susceptible,susceptible,susceptible,susceptible,susceptible,acrF; blaEC; emrD; marR_S3N; mdtM; sul2
562.99112,susceptible,susceptible,susceptible,susceptible,susceptible,acrF; blaEC; emrD; parE_D475E; uhpT_E350Q
562.99113,susceptible,susceptible,susceptible,susceptible,susceptible,acrF; blaEC-5; emrD; marR_S3N; uhpT_E350Q
562.99114,susceptible,susceptible,susceptible,susceptible,susceptible,acrF; blaEC; emrD; marR_S3N; mdtM
562.99115,susceptible,susceptible,susceptible,susceptible,susceptible,acrF; blaEC-5; emrD; uhpT_E350Q
562.99116,RESISTANT,susceptible,susceptible,susceptible,susceptible,aadA1; acrF; blaEC-5; blaTEM-1; emrD
562.99117,RESISTANT,susceptible,susceptible,susceptible,susceptible,acrF; aph(3'')-Ib; aph(6)-Id; blaEC; blaTEM-1; cirA_V239RfsTer47; cyaA_S352T; emrD; sul2; uhpT_E350Q
562.99118,RESISTANT,susceptible,susceptible,susceptible,RESISTANT,acrF; aph(3'')-Ib; aph(6)-Id; blaEC; blaTEM-1; dfrA5; mdtM; sul2; tet(A)
562.99119,susceptible,susceptible,susceptible,susceptible,susceptible,acrF; blaEC; cyaA_S352T; emrD; mdtM; parC_S57T; uhpT_E350Q
562.99120,susceptible,susceptible,susceptible,susceptible,susceptible,acrF; blaEC-5; emrD
562.99121,susceptible,susceptible,susceptible,susceptible,RESISTANT,aadA5; acrF; blaEC; cyaA_S352T; dfrA17; emrD; mdtM; mph(A); mrx(A); sul1
562.99122,RESISTANT,RESISTANT,RESISTANT,RESISTANT,RESISTANT,aac(3)-IIe; aac(6')-Ib-cr5; aadA1; acrF; aph(3'')-Ib; aph(6)-Id; blaCTX-M-15; blaEC; blaOXA-1; blaTEM-1; catB3; dfrA1; gyrA_D87N; gyrA_S83L; mdtM; nfsA_L43Ter; parC_S57T; parC_S80I; parE_S458A; sat2; sul2; tet(A); tet(B)
562.99123,RESISTANT,susceptible,susceptible,susceptible,susceptible,acrF; aph(3'')-Ib; aph(6)-Id; blaEC; blaTEM-1; cirA_Y390LfsTer11; emrD; marR_S3N; sul2
562.99124,RESISTANT,susceptible,susceptible,susceptible,RESISTANT,acrF; aph(3'')-Ib; aph(6)-Id; blaEC; blaTEM-1; blaTEMp_C32T; dfrA5; emrD; mph(A); mrx(A); sul1; sul2
562.99125,susceptible,susceptible,susceptible,susceptible,susceptible,acrF; blaEC; emrD; mdtM
562.99126,RESISTANT,RESISTANT,RESISTANT,susceptible,RESISTANT,aadA1; aadA2; acrF; aph(3'')-Ib; aph(6)-Id; blaCTX-M-55; blaEC; blaTEM-1; catA2; cmlA1; cyaA_S352T; dfrA12; emrD; gyrA_D87N; gyrA_S83L; mdtM; parC_S80I; parE_S458A; sul3; tet(A); tet(M)
562.99127,RESISTANT,RESISTANT,RESISTANT,susceptible,susceptible,acrF; blaCTX-M-14; blaEC; emrD; gyrA_D87N; gyrA_S83L; mdtM; parC_E84V; parC_S80I; parE_I529L; ptsI_V25I; uhpT_E350Q
562.99128,RESISTANT,susceptible,susceptible,susceptible,susceptible,aadA1; acrF; blaEC-5; blaTEM-1; emrD
562.99129,RESISTANT,susceptible,RESISTANT,susceptible,RESISTANT,aadA5; acrF; aph(3'')-Ib; aph(6)-Id; blaEC; blaTEM-1; cyaA_S352T; dfrA17; emrD; gyrA_D87N; gyrA_S83L; mdtM; mph(A); mrx(A); parC_S57T; parC_S80I; parE_L416F; sul1; sul2; tet(B); uhpT_E350Q
562.99130,susceptible,susceptible,susceptible,susceptible,susceptible,acrF; blaEC; emrD; marR_S3N
562.99131,RESISTANT,susceptible,susceptible,susceptible,RESISTANT,aadA1; acrF; aph(3'')-Ib; aph(6)-Id; blaEC-5; blaTEM-1; blaTEMp_C32T; dfrA1; emrD; sul1; sul2
562.99132,RESISTANT,susceptible,RESISTANT,susceptible,RESISTANT,aac(6')-Ib-cr5; acrF; aph(3'')-Ib; aph(6)-Id; arr; blaEC; blaOXA-1; blaTEM-1; catB3; emrD; gyrA_D87N; gyrA_S83L; marR_R73VfsTer25; mdtM; nfsA_L95PfsTer12; parC_E84V; parC_S80I; parE_I529L; ptsI_V25I; sul2; uhpT_E350Q
562.99133,RESISTANT,susceptible,susceptible,susceptible,RESISTANT,acrF; aph(3'')-Ib; aph(6)-Id; blaEC; blaTEM-1; dfrA5; emrD; marR_S3N; mdtM; sul2
562.99134,susceptible,susceptible,susceptible,susceptible,susceptible,acrF; blaEC; emrD; uhpT_E350Q
562.99135,susceptible,susceptible,,susceptible,RESISTANT,acrF; blaEC; cyaA_S352T; dfrA14; emrD; gyrA_S83L; mdtM; mph(A); mrx(A); parC_S80I; tet(B)
562.99136,RESISTANT,susceptible,susceptible,susceptible,RESISTANT,aadA1; acrF; aph(3'')-Ib; aph(6)-Id; blaEC; blaTEM-1; catA1; cyaA_S352T; dfrA1; emrD; mdtM; nfsA_Q191Ter; nfsB_Q29Ter; parC_S57T; sul1; sul2; tet(B)
562.99137,susceptible,susceptible,susceptible,susceptible,susceptible,acrF; blaEC; mdtM; ompC_N47SfsTer27
562.99138,RESISTANT,susceptible,susceptible,susceptible,RESISTANT,acrF; blaEC-5; blaTEM-1; dfrA1; emrD; marR_S3N; sat2; tet(B); uhpT_E350Q
562.99139,susceptible,susceptible,susceptible,susceptible,susceptible,acrF; blaEC-5; emrD
562.99140,RESISTANT,RESISTANT,RESISTANT,susceptible,RESISTANT,aadA5; acrF; aph(3'')-Ib; aph(6)-Id; blaCTX-M-15; blaEC; blaTEM-1; dfrA17; emrD; gyrA_D87N; gyrA_S83L; mdtM; nfsA_Q94Ter; parC_E84V; parC_S80I; parE_I529L; ptsI_V25I; sul1; sul2; uhpT_E350Q
562.99141,susceptible,susceptible,susceptible,susceptible,susceptible,acrF; blaEC-5; emrD; mdtM
562.99142,susceptible,susceptible,susceptible,susceptible,susceptible,acrF; blaEC; emrD; marR_S3N; mdtM
562.99143,susceptible,susceptible,susceptible,susceptible,susceptible,acrF; blaEC; cirA_W430Ter; cyaA_S352T; emrD; mdtM
562.99144,RESISTANT,susceptible,RESISTANT,susceptible,RESISTANT,aadA5; acrF; aph(3'')-Ib; aph(6)-Id; blaEC; blaTEM-1; cyaA_S352T; dfrA17; emrD; gyrA_D87N; gyrA_S83L; mdtM; mph(A); mrx(A); parC_S57T; parC_S80I; parE_L416F; sul1; sul2; tet(B); uhpT_E350Q
562.99145,susceptible,susceptible,susceptible,susceptible,RESISTANT,acrF; aph(3'')-Ib; aph(6)-Id; blaEC; dfrA14; emrD; parE_D475E; sul2; uhpT_E350Q
562.99146,RESISTANT,susceptible,susceptible,susceptible,RESISTANT,acrF; aph(3'')-Ib; aph(6)-Id; blaEC; blaTEM-1; cyaA_S352T; dfrA7; emrD; sul1; sul2; tet(D)
562.99147,RESISTANT,susceptible,susceptible,susceptible,susceptible,acrF; blaEC-5; blaTEM-1; emrD
562.99148,susceptible,susceptible,susceptible,susceptible,susceptible,acrF; blaEC; emrD; marR_S3N
562.99149,susceptible,susceptible,susceptible,susceptible,susceptible,acrF; blaEC-5; emrD
562.99150,RESISTANT,susceptible,susceptible,susceptible,RESISTANT,aadA5; acrF; aph(3'')-Ib; aph(6)-Id; blaEC; blaTEM-1; cyaA_S352T; dfrA17; emrD; mdtM; sul1; sul2
562.99151,RESISTANT,susceptible,susceptible,susceptible,susceptible,acrF; aph(3'')-Ib; aph(6)-Id; blaEC; blaTEM-1; emrD; sul2
562.99152,RESISTANT,susceptible,RESISTANT,RESISTANT,susceptible,aac(3)-IId; acrF; blaEC; blaTEM-1; cyaA_S352T; emrD; gyrA_D87G; gyrA_S83L; mdtM; parC_S80I
562.99153,susceptible,susceptible,susceptible,susceptible,susceptible,acrF; blaEC; cirA_Q56Ter; cyaA_S352T; emrD; mdtM; parE_I355T; uhpT_E350Q
562.99154,susceptible,susceptible,susceptible,susceptible,,acrF; blaEC; cirA_N66IfsTer1; dfrA5; fosA7.5; mdtM
562.99155,RESISTANT,susceptible,susceptible,susceptible,susceptible,acrF; blaEC-5; blaTEM-1; emrD
562.99156,susceptible,susceptible,RESISTANT,susceptible,susceptible,acrF; blaEC; mdtM
562.99157,susceptible,susceptible,susceptible,susceptible,susceptible,acrF; blaEC; emrD; marR_S3N; mdtM
562.99158,RESISTANT,susceptible,susceptible,susceptible,susceptible,acrF; aph(3'')-Ib; aph(6)-Id; blaEC; blaTEM-1; emrD; marR_S3N; mdtM
562.99159,susceptible,susceptible,susceptible,susceptible,susceptible,acrF; blaEC; emrD; parC_S57T; ptsI_V25I; uhpT_E350Q
562.99160,susceptible,susceptible,susceptible,susceptible,susceptible,acrF; blaEC-5; emrD
562.99161,susceptible,susceptible,susceptible,susceptible,susceptible,acrF; blaEC; emrD; marR_S3N; mdtM
562.99162,susceptible,susceptible,susceptible,susceptible,susceptible,acrF; blaEC; emrD; mdtM
562.99163,RESISTANT,susceptible,susceptible,susceptible,RESISTANT,aadA5; acrF; blaEC-5; blaTEM-1; catB3; dfrA1; emrD; sul1; uhpT_E350Q
562.99164,RESISTANT,susceptible,susceptible,susceptible,susceptible,acrF; blaEC-5; blaTEM-1; emrD; marR_S3N; uhpT_E350Q
562.99165,susceptible,susceptible,susceptible,susceptible,susceptible,acrF; blaEC; mdtM
562.99166,susceptible,susceptible,susceptible,susceptible,susceptible,acrF; blaEC; emrD
562.99167,susceptible,susceptible,susceptible,susceptible,susceptible,acrF; blaEC; emrD; uhpT_E350Q
562.99168,susceptible,susceptible,susceptible,susceptible,susceptible,acrF; blaEC; emrD; uhpT_E350Q
562.99169,RESISTANT,susceptible,RESISTANT,susceptible,RESISTANT,aadA5; acrF; aph(3'')-Ib; aph(6)-Id; blaEC; blaTEM-1; dfrA17; emrD; gyrA_D87N; gyrA_S83L; mdtM; mph(A); mrx(A); parC_E84V; parC_S80I; parE_I529L; ptsI_V25I; sul1; sul2; uhpT_E350Q
562.99170,susceptible,susceptible,susceptible,susceptible,susceptible,acrF; blaEC; emrD
562.99171,RESISTANT,RESISTANT,RESISTANT,RESISTANT,RESISTANT,aac(3)-IId; aadA5; acrF; aph(3'')-Ib; aph(6)-Id; blaCTX-M-14; blaEC; blaTEM-1; dfrA17; emrD; gyrA_D87N; gyrA_S83L; mdtM; mph(A); mrx(A); nfsA_Q195Ter; parC_E84V; parC_S80I; parE_I529L; ptsI_V25I; sul1; sul2; tet(A); uhpT_E350Q
562.99172,susceptible,susceptible,susceptible,susceptible,susceptible,acrF; blaEC-5; emrD; mdtM
562.99173,RESISTANT,susceptible,susceptible,susceptible,RESISTANT,acrF; aph(3'')-Ib; aph(6)-Id; blaEC; blaTEM-1; catA1; dfrA17; emrD; mdtM; parE_I529L; ptsI_V25I; sul2; tet(B); uhpT_E350Q
562.99174,susceptible,susceptible,susceptible,susceptible,susceptible,acrF; blaEC-5; emrD; mdtM
562.99175,susceptible,susceptible,susceptible,susceptible,susceptible,acrF; blaEC; cyaA_S352T; emrD; mdtM; parC_S57T; uhpT_E350Q
562.99176,susceptible,susceptible,susceptible,susceptible,susceptible,acrF; blaEC; emrD; marR_S3N; mdtM
562.99177,RESISTANT,susceptible,susceptible,susceptible,susceptible,acrF; blaEC; blaTEM-1; cirA_V40AfsTer6; mdtM; tet(A)
562.99178,RESISTANT,susceptible,susceptible,susceptible,susceptible,aadA1; acrF; blaEC-5; blaTEM-1; blaTEMp_C32T; emrD
562.99179,susceptible,susceptible,susceptible,susceptible,susceptible,acrF; blaEC-5; emrD
562.99180,susceptible,susceptible,susceptible,susceptible,RESISTANT,acrF; blaEC-5; emrD
562.99181,susceptible,susceptible,susceptible,susceptible,susceptible,acrF; blaEC-5; emrD
562.99182,RESISTANT,susceptible,susceptible,susceptible,RESISTANT,aadA1; acrF; blaEC; blaTEM-1; cirA_V239RfsTer47; cyaA_S352T; dfrA1; emrD; sat2; uhpT_E350Q
562.99183,RESISTANT,susceptible,,RESISTANT,RESISTANT,aadA1; acrF; acrR_E72Ter; ant(2'')-Ia; aph(3'')-Ib; aph(3')-Ia; aph(6)-Id; blaEC; blaTEM-1; catA1; cirA_I160KfsTer35; dfrA36; floR; gyrA_S83L; mdtM; nfsA_R203C; nfsB_Q101Ter; sul1; sul2
562.99184,susceptible,susceptible,susceptible,susceptible,susceptible,acrF; blaEC; cirA_T405PfsTer3; emrD; marR_S3N
562.99185,susceptible,susceptible,susceptible,susceptible,susceptible,acrF; blaEC-5; emrD
562.99186,RESISTANT,susceptible,susceptible,susceptible,susceptible,acrF; blaEC-5; blaTEM-1; catA1; dfrA7; emrD; tet(B)
562.99187,RESISTANT,susceptible,susceptible,susceptible,susceptible,acrF; blaEC; blaTEM-1; blaTEMp_C32T; emrD; marR_S3N; mdtM; tet(B)
562.99188,RESISTANT,susceptible,susceptible,susceptible,RESISTANT,aadA1; aadA5; acrF; aph(3'')-Ib; aph(6)-Id; blaEC; blaTEM-1; cyaA_S352T; dfrA1; dfrA17; emrD; mdtM; sul1; sul2; tet(B)
562.99189,RESISTANT,susceptible,susceptible,susceptible,RESISTANT,acrF; blaEC; blaTEM-1; dfrA7; emrD; parE_I529L; ptsI_V25I; sul1; uhpT_E350Q
562.99190,susceptible,susceptible,susceptible,susceptible,susceptible,acrF; blaEC; emrD; uhpT_E350Q
562.99191,susceptible,susceptible,susceptible,susceptible,susceptible,acrF; blaEC; emrD
562.99192,RESISTANT,susceptible,susceptible,susceptible,RESISTANT,aadA5; acrF; aph(3'')-Ib; aph(6)-Id; blaEC; blaTEM-1; cyaA_S352T; dfrA17; emrD; mdtM; mph(A); mrx(A); sul1; sul2
562.99193,susceptible,susceptible,susceptible,susceptible,susceptible,acrF; blaEC-5; emrD
562.99194,RESISTANT,susceptible,susceptible,susceptible,susceptible,aadA1; acrF; blaEC; blaOXA-1; catA1; mdtM; sul1; tet(B)
562.99195,susceptible,susceptible,susceptible,susceptible,susceptible,acrF; blaEC-5; emrD
562.99196,RESISTANT,susceptible,susceptible,susceptible,RESISTANT,aadA5; acrF; blaEC; blaTEM-1; cyaA_S352T; dfrA17; emrD; mdtM; sul1
562.99197,RESISTANT,susceptible,susceptible,susceptible,RESISTANT,aadA1; acrF; aph(3'')-Ib; aph(6)-Id; blaEC; blaTEM-1; cirA_Q56Ter; dfrA1; sat2; sul2; tet(B)
562.99198,susceptible,susceptible,susceptible,susceptible,susceptible,acrF; blaEC; emrD; marR_S3N
562.99199,RESISTANT,susceptible,susceptible,susceptible,RESISTANT,acrF; aph(3'')-Ib; aph(6)-Id; blaEC; blaTEM-1; cyaA_S352T; dfrA8; emrD; mdtM; parE_I355T; sul2; uhpT_E350Q
562.99200,RESISTANT,susceptible,susceptible,susceptible,susceptible,acrF; ampC_C-42T; blaEC; mdtM; nfsA_Q44Ter
562.99201,RESISTANT,susceptible,susceptible,susceptible,RESISTANT,aadA1; acrF; aph(3'')-Ib; aph(6)-Id; blaEC; blaTEM-1; blaTEMp_C32T; catA1; cyaA_S352T; dfrA1; emrD; nfsA_Q113Ter; sat2; sul2; tet(D)
562.99202,RESISTANT,susceptible,susceptible,susceptible,RESISTANT,aadA1; acrF; aph(3'')-Ib; aph(6)-Id; blaEC-5; blaTEM-1; blaTEMp_C32T; catA1; dfrA1; emrD; sul1; sul2; tet(B)
562.99203,RESISTANT,susceptible,susceptible,susceptible,susceptible,acrF; aph(3'')-Ib; aph(6)-Id; blaEC; blaTEM-1; emrD; marR_S3N; mdtM; sul2
562.99204,susceptible,susceptible,susceptible,susceptible,susceptible,acrF; blaEC; emrD; marR_S3N
562.99205,susceptible,susceptible,susceptible,susceptible,susceptible,acrF; blaEC; emrD
562.99206,susceptible,susceptible,RESISTANT,susceptible,susceptible,acrF; blaEC; emrD; gyrA_D87N; gyrA_S83L; mdtM; parC_E84V; parC_S80I; parE_I529L; ptsI_V25I; uhpT_E350Q
562.99207,RESISTANT,susceptible,susceptible,susceptible,RESISTANT,acrF; aph(3'')-Ib; aph(6)-Id; blaEC; blaTEM-1; dfrA8; emrD; marR_S3N; sul2; tet(B)
562.99208,susceptible,susceptible,susceptible,susceptible,susceptible,acrF; blaEC; emrD
562.99209,RESISTANT,susceptible,RESISTANT,,susceptible,aac(3)-IIe; acrF; blaEC; blaTEM-1; cyaA_S352T; emrD; gyrA_D87N; gyrA_S83L; mdtM; parC_S80I; parE_S458A
562.99210,susceptible,susceptible,susceptible,susceptible,susceptible,acrF; blaEC; emrD; marR_S3N; mdtM
562.99211,susceptible,susceptible,susceptible,susceptible,susceptible,acrF; blaEC-5; emrD; mdtM
562.99212,susceptible,susceptible,susceptible,susceptible,RESISTANT,acrF; blaEC; mdtM
562.99213,susceptible,susceptible,susceptible,susceptible,susceptible,acrF; blaEC; emrD; uhpT_E350Q
562.99214,RESISTANT,susceptible,susceptible,susceptible,RESISTANT,aadA1; aadA2; acrF; aph(3'')-Ib; aph(6)-Id; blaEC; blaTEM-1; dfrA1; dfrA12; mdtM; mph(A); mrx(A); sat2; sul1; sul2; tet(A)
562.99215,RESISTANT,susceptible,susceptible,susceptible,RESISTANT,acrF; blaEC-5; emrD
562.99216,RESISTANT,susceptible,susceptible,susceptible,RESISTANT,aadA1; acrF; aph(3'')-Ib; aph(3')-Ia; aph(6)-Id; blaEC; blaTEM-1; catA1; dfrA1; emrD; gyrA_S83L; marR_S3N; sat2; sul2; tet(A)
562.99217,susceptible,susceptible,susceptible,susceptible,susceptible,aadA1; acrF; blaEC-5; emrD; sul1
562.99218,susceptible,susceptible,susceptible,susceptible,RESISTANT,acrF; aph(3'')-Ib; aph(6)-Id; blaEC; cyaA_S352T; dfrA17; emrD; mdtM; mph(A); mrx(A); sul2; tet(B)
562.99219,RESISTANT,susceptible,susceptible,susceptible,susceptible,acrF; blaEC-5; emrD; mdtM
562.99220,susceptible,susceptible,susceptible,susceptible,susceptible,acrF; aph(3'')-Ib; aph(6)-Id; blaEC; cirA_G254Ter; mdtM
562.99221,susceptible,susceptible,susceptible,susceptible,susceptible,acrF; blaEC-5; emrD
562.99223,susceptible,susceptible,susceptible,susceptible,susceptible,acrF; blaEC-5; emrD; marR_S3N; uhpT_E350Q
562.99224,susceptible,susceptible,susceptible,susceptible,susceptible,acrF; blaEC-5; emrD; marR_S3N; uhpT_E350Q
562.99225,susceptible,susceptible,susceptible,susceptible,susceptible,acrF; blaEC; emrD; marR_S3N; mdtM
562.99226,susceptible,susceptible,susceptible,susceptible,susceptible,acrF; blaEC; emrD; marR_S3N
562.99227,susceptible,susceptible,susceptible,susceptible,susceptible,aadA1; aadA2; acrF; blaEC; cmlA1; emrD; estX-3; mdtM; sul3; tet(A)
562.99228,susceptible,susceptible,,susceptible,susceptible,acrF; acrR_R161DfsTer26; blaEC; emrD; gyrA_S83L
562.99229,susceptible,susceptible,susceptible,susceptible,RESISTANT,aadA5; acrF; blaEC; cyaA_S352T; dfrA17; emrD; mdtM; mph(A); mrx(A); sul1; tet(B)
562.99230,susceptible,susceptible,susceptible,susceptible,susceptible,acrF; blaEC; emrD; marR_S3N
562.99231,RESISTANT,susceptible,susceptible,susceptible,susceptible,acrF; aph(3'')-Ib; aph(6)-Id; blaEC; cyaA_S352T; emrD; mdtM; sul2
562.99232,RESISTANT,susceptible,susceptible,susceptible,RESISTANT,acrF; aph(3'')-Ib; aph(6)-Id; blaEC; blaTEM-1; cyaA_S352T; dfrA7; emrD; mdtM; sul1; sul2; tet(A)
562.99233,RESISTANT,susceptible,susceptible,susceptible,susceptible,acrF; aph(3'')-Ib; aph(6)-Id; blaEC; blaTEM-1; mdtM; sul2
562.99234,susceptible,susceptible,susceptible,susceptible,susceptible,acrF; blaEC; cirA_Q598Ter; emrD; uhpT_E350Q
562.99235,RESISTANT,susceptible,susceptible,susceptible,RESISTANT,acrF; blaEC-5; blaTEM-1; catA1; dfrA7; emrD; tet(B)
562.99236,susceptible,susceptible,susceptible,susceptible,susceptible,acrF; blaEC; mdtM
562.99237,RESISTANT,susceptible,RESISTANT,RESISTANT,RESISTANT,aac(3)-IId; aadA2; aadA5; acrF; aph(3'')-Ib; aph(3')-IIa; aph(3')-Ia; aph(6)-Id; blaEC; blaTEM-1; ble; catA1; cyaA_S352T; dfrA17; emrD; floR; fosA4; gyrA_D87N; gyrA_S83L; lnu(F); mdtM; mph(A); mrx(A); parC_S80I; parE_S458A; sul1; sul2
562.99238,susceptible,susceptible,susceptible,susceptible,susceptible,aac(3)-IId; acrF; aph(3'')-Ib; aph(6)-Id; blaCTX-M-15; blaEC; blaTEM-1; cyaA_S352T; dfrA7; emrD; sul1; sul2; tet(A)
562.99239,RESISTANT,susceptible,susceptible,,RESISTANT,aadA5; acrF; aph(3'')-Ib; aph(6)-Id; blaEC; blaTEM-1; cyaA_S352T; dfrA17; emrD; mdtM; mph(A); mrx(A); sul1; sul2
562.99240,susceptible,susceptible,susceptible,susceptible,susceptible,acrF; blaEC-5; emrD
562.99241,susceptible,susceptible,susceptible,susceptible,susceptible,aadA5; acrB_R717L; acrF; aph(3'')-Ib; aph(6)-Id; blaEC; blaTEM-1; cyaA_S352T; dfrA17; emrD; sul1; sul2
562.99242,RESISTANT,susceptible,RESISTANT,RESISTANT,RESISTANT,aac(3)-IId; aadA5; acrF; aph(3'')-Ib; aph(6)-Id; blaEC-5; blaTEM-1; dfrA17; emrD; gyrA_D87N; gyrA_S83L; marR_S3N; mph(A); mrx(A); parC_S80I; parE_L416F; sul1; sul2; tet(A); uhpT_E350Q
562.99243,susceptible,susceptible,susceptible,,susceptible,acrF; blaEC; emrD
562.99244,susceptible,susceptible,susceptible,,susceptible,acrF; blaEC; emrD; uhpT_E350Q
562.99245,susceptible,susceptible,susceptible,,RESISTANT,aadA1; aadA2; acrF; blaEC; blaTEM-1; cmlA1; dfrA12; emrD; gyrA_S83L; mcr-1.1; parE_I529L; ptsI_V25I; sul3; tet(A); uhpT_E350Q
562.99246,susceptible,susceptible,susceptible,susceptible,susceptible,acrF; aph(3'')-Ib; aph(6)-Id; blaEC; blaTEM-1; emrD; marR_S3N; mdtM; sul2
562.99247,RESISTANT,susceptible,susceptible,susceptible,susceptible,acrF; blaEC-5; blaTEM-1; emrD; mdtM
562.99248,RESISTANT,susceptible,susceptible,susceptible,susceptible,acrF; aph(3'')-Ib; aph(6)-Id; blaEC-5; blaTEM-1; blaTEMp_C32T; catA1; emrD; mph(A); mrx(A); sul2; tet(B); uhpT_E350Q
562.99249,susceptible,susceptible,susceptible,susceptible,susceptible,acrF; blaEC; emrD; gyrA_S83L; mdtM; parE_I529L; ptsI_V25I; uhpT_E350Q
562.99250,susceptible,susceptible,,susceptible,susceptible,acrF; blaEC; mdtM
562.99251,susceptible,susceptible,susceptible,susceptible,susceptible,acrF; blaEC; mdtM
562.99252,susceptible,susceptible,susceptible,susceptible,susceptible,acrF; blaEC; emrD; mdtM
562.99253,RESISTANT,susceptible,susceptible,RESISTANT,RESISTANT,aac(3)-IId; aadA5; acrF; blaEC-5; blaTEM-1; dfrA17; emrD; mph(A); mrx(A); sul1; tet(B)
562.99256,susceptible,susceptible,susceptible,,RESISTANT,acrF; blaEC; dfrA5; emrD; marR_S3N; tet(A)
562.99257,susceptible,susceptible,susceptible,susceptible,susceptible,acrF; blaEC; emrD
562.99258,susceptible,susceptible,susceptible,,susceptible,acrF; blaEC; emrD; marR_S3N; mdtM
562.99259,susceptible,susceptible,susceptible,,susceptible,acrF; blaEC-5; emrD; mdtM
562.99260,susceptible,susceptible,susceptible,,susceptible,acrF; aph(3'')-Ib; aph(6)-Id; blaEC; emrD; sul2; uhpT_E350Q
562.99261,susceptible,susceptible,susceptible,,susceptible,acrF; aph(3'')-Ib; aph(6)-Id; blaEC-5; emrD; mdtM; sul2
562.99262,susceptible,susceptible,susceptible,susceptible,susceptible,acrF; blaEC; mdtM; tet(B)
562.99263,susceptible,susceptible,susceptible,,susceptible,acrF; blaEC-5; emrD; gyrA_G81D
562.99264,RESISTANT,,susceptible,susceptible,RESISTANT,aadA5; acrF; aph(3'')-Ib; aph(6)-Id; blaEC; blaTEM-1; cyaA_S352T; dfrA17; emrD; mdtM; sul1; sul2
562.99265,RESISTANT,susceptible,susceptible,,RESISTANT,acrF; aph(3'')-Ib; aph(3')-Ia; aph(6)-Id; blaEC; blaTEM-1; cyaA_S352T; dfrA5; emrD; gyrA_S83L; mdtM; sul2; tet(A)
562.99266,susceptible,susceptible,susceptible,,susceptible,acrF; blaEC; mdtM
562.99267,RESISTANT,susceptible,susceptible,,RESISTANT,acrF; aph(3'')-Ib; aph(6)-Id; blaEC; blaTEM-1; blaTEMp_C32T; catA1; cirA_I229YfsTer1; dfrA7; mdtM; mph(A); mrx(A); sul1; sul2
562.99268,RESISTANT,susceptible,susceptible,,susceptible,acrF; blaEC; blaTEM-1; cyaA_S352T; emrD; mdtM
562.99270,susceptible,susceptible,susceptible,,susceptible,acrF; blaEC; emrD; marR_S3N; mdtM
562.99271,RESISTANT,RESISTANT,RESISTANT,,susceptible,acrF; blaCTX-M; blaEC; blaSHV-12; gyrA_D87N; gyrA_S83L; mdtM; ompC_E89Ter; parC_S80I; parE_S458A
562.99272,RESISTANT,RESISTANT,RESISTANT,,RESISTANT,aac(6')-Ib-cr5; aadA5; acrF; blaCTX-M-15; blaEC; blaOXA-1; catB3; dfrA17; emrD; gyrA_D87N; gyrA_S83L; mdtM; mph(A); mrx(A); parC_E84V; parC_S80I; parE_I529L; ptsI_V25I; sul1; tet(A); uhpT_E350Q
562.99273,susceptible,susceptible,susceptible,,susceptible,acrF; blaEC-5; emrD; parC_S57T
562.99274,susceptible,,susceptible,susceptible,susceptible,acrF; blaEC; emrD; marR_S3N
562.99275,susceptible,susceptible,susceptible,susceptible,susceptible,acrF; blaEC-5; emrD; marR_S3N; mdtM; uhpT_E350Q
562.99276,RESISTANT,susceptible,susceptible,,susceptible,acrF; blaEC-5; blaTEM-1; emrD; marR_S3N; mdtM; uhpT_E350Q
562.99277,susceptible,susceptible,susceptible,,susceptible,acrF; blaEC-5; emrD
562.99278,susceptible,susceptible,susceptible,susceptible,susceptible,acrF; blaEC-5; catA1; emrD; tet(A); uhpT_E350Q
562.99279,susceptible,susceptible,susceptible,,susceptible,acrF; blaEC-5; emrD
562.99280,susceptible,susceptible,susceptible,susceptible,susceptible,acrF; blaEC-5; emrD
562.99281,susceptible,susceptible,susceptible,,susceptible,acrF; blaEC; mdtM
562.99283,susceptible,susceptible,susceptible,susceptible,RESISTANT,aadA1; acrF; blaEC; dfrA1; emrD; sat2; sul1
562.99284,susceptible,susceptible,susceptible,,susceptible,acrF; blaEC; mdtM
562.99285,susceptible,susceptible,susceptible,susceptible,susceptible,acrF; aph(3')-Ia; blaEC; catA1; emrD; mdtM; parE_I529L; ptsI_V25I; uhpT_E350Q
562.99286,susceptible,susceptible,susceptible,,susceptible,acrF; blaEC; emrD; mdtM
562.99287,susceptible,susceptible,susceptible,,susceptible,acrF; blaEC; mdtM
562.99289,susceptible,susceptible,susceptible,,susceptible,acrF; blaEC; emrD; gyrA_S83L; marR_S3N; nfsA_G154E; tet(D)
562.99290,susceptible,susceptible,susceptible,,susceptible,acrF; blaEC; emrD; marR_S3N; mdtM
562.99291,susceptible,susceptible,susceptible,,susceptible,acrF; blaEC; emrD; marR_S3N; mdtM
562.99292,susceptible,susceptible,susceptible,,susceptible,acrF; blaEC; mdtM
562.99293,susceptible,susceptible,susceptible,,susceptible,acrF; blaEC; dfrA5; emrD; marR_S3N
562.99294,susceptible,susceptible,susceptible,susceptible,susceptible,acrF; blaEC-5; emrD
562.99295,susceptible,susceptible,RESISTANT,susceptible,susceptible,acrF; aph(3'')-Ib; aph(6)-Id; blaEC; gyrA_D87N; gyrA_S83L; mdtM; mph(A); mrx(A); parC_S80I; parE_S458T; sul2; tet(B)
562.99296,susceptible,susceptible,susceptible,,susceptible,acrF; blaEC; cyaA_S352T; emrD; mdtM; parE_I355T; uhpT_E350Q
562.99297,susceptible,susceptible,susceptible,susceptible,susceptible,acrF; acrR_C117Ter; blaEC; emrD; marR_S3N; mdtM; sul2
562.99298,susceptible,susceptible,susceptible,,susceptible,acrF; blaEC; cirA_G88AfsTer1; emrD; uhpT_E350Q
562.99299,RESISTANT,susceptible,susceptible,susceptible,susceptible,acrF; aph(3'')-Ib; aph(6)-Id; blaEC; blaTEM-1; cyaA_S352T; emrD; mdtM; sul2; tet(B)
562.99300,susceptible,susceptible,susceptible,,susceptible,acrF; blaEC; emrD; marR_S3N; mdtM
562.99301,RESISTANT,susceptible,susceptible,susceptible,susceptible,acrF; aph(3'')-Ib; aph(6)-Id; blaEC; blaTEM-1; cyaA_S352T; emrD; mdtM; sul2
562.99302,susceptible,susceptible,susceptible,susceptible,susceptible,acrF; blaEC; emrD; marR_S3N
562.99303,susceptible,susceptible,susceptible,susceptible,susceptible,acrF; blaEC; emrD; marR_S3N; ompC_E64Ter; parE_D475E
562.99304,susceptible,susceptible,susceptible,susceptible,susceptible,acrF; blaEC; cirA_Y390Ter; emrD
562.99305,susceptible,susceptible,susceptible,,susceptible,acrF; blaEC; emrD; marR_S3N
562.99306,susceptible,susceptible,susceptible,susceptible,susceptible,acrF; blaEC; mdtM
562.99307,RESISTANT,susceptible,susceptible,,susceptible,aadA1; acrF; blaEC-5; blaOXA-1; catA1; emrD; marR_S3N; sul1; tet(B); uhpT_E350Q
562.99308,RESISTANT,susceptible,susceptible,susceptible,susceptible,aadA1; acrF; blaEC; blaTEM-1; emrD; marR_S3N; mdtM; nfsA_K68NfsTer2; sul1
562.99309,susceptible,susceptible,susceptible,susceptible,susceptible,acrF; blaEC; emrD; uhpT_E350Q
562.99310,susceptible,susceptible,susceptible,,susceptible,acrF; blaEC; emrD; marR_S3N
562.99311,susceptible,susceptible,susceptible,,susceptible,acrF; blaEC; cyaA_S352T; emrD; mdtM
562.99312,susceptible,susceptible,susceptible,susceptible,susceptible,acrF; blaEC; emrD; marR_S3N
562.99313,susceptible,susceptible,susceptible,susceptible,,acrF; blaEC; mdtM
562.99314,susceptible,susceptible,susceptible,susceptible,susceptible,aadA1; acrF; blaEC; emrD; sul1
562.99315,susceptible,susceptible,susceptible,,susceptible,acrF; blaEC-5; emrD
562.99316,RESISTANT,susceptible,susceptible,susceptible,RESISTANT,acrF; blaEC-5; blaTEM-1; emrD; tet(B)
562.99317,susceptible,susceptible,susceptible,susceptible,susceptible,acrF; blaEC; mdtM
562.99318,RESISTANT,susceptible,susceptible,susceptible,RESISTANT,acrF; aph(3'')-Ib; aph(3')-Ia; aph(6)-Id; blaEC; blaTEM-1; cyaA_S352T; dfrA5; emrD; mdtM; sul2; tet(A); uhpT_E350Q
562.99319,susceptible,susceptible,susceptible,susceptible,susceptible,aadA1; acrF; blaEC; cyaA_S352T; emrD; mdtM; ompF_N229Ter; sat2
562.99320,RESISTANT,susceptible,RESISTANT,susceptible,RESISTANT,aadA5; acrF; aph(3'')-Ib; aph(6)-Id; blaEC; blaTEM-1; cyaA_S352T; dfrA17; emrD; gyrA_D87N; gyrA_S83L; mdtM; mph(A); mrx(A); parC_S57T; parC_S80I; parE_L416F; sul1; sul2; tet(B); uhpT_E350Q
562.99321,RESISTANT,,susceptible,susceptible,RESISTANT,acrF; blaEC; blaTEM-1; catA1; cyaA_S352T; dfrA7; emrD; gyrA_S83L; sul1; tet(D)
562.99322,RESISTANT,susceptible,susceptible,RESISTANT,RESISTANT,aac(3)-IId; aadA5; acrF; aph(3'')-Ib; aph(6)-Id; blaEC-5; blaTEM-1; dfrA17; emrD; mph(A); mrx(A); sul1; sul2; tet(B)
562.99323,RESISTANT,susceptible,susceptible,susceptible,RESISTANT,acrF; aph(3'')-Ib; aph(3')-Ia; aph(6)-Id; blaEC; blaTEM-1; blaTEMp_C32T; catA1; dfrA14; emrD; mdtM; mph(A); mrx(A); parE_I529L; ptsI_V25I; sul2; tet(B); uhpT_E350Q
562.99324,susceptible,susceptible,susceptible,susceptible,susceptible,acrF; blaEC; emrD; parE_I529L; ptsI_V25I; uhpT_E350Q
562.99325,susceptible,susceptible,susceptible,susceptible,susceptible,acrF; blaEC; emrD; marR_S3N; mdtM
562.99326,susceptible,susceptible,susceptible,,susceptible,acrF; blaEC; mdtM
562.99327,susceptible,susceptible,susceptible,susceptible,susceptible,acrF; blaEC-5; emrD; uhpT_E350Q
562.99328,susceptible,,susceptible,susceptible,susceptible,acrF; blaEC; emrD; marR_S3N
562.99329,susceptible,susceptible,susceptible,susceptible,susceptible,acrF; blaEC; mdtM; uhpT_E350Q
562.99330,susceptible,susceptible,susceptible,susceptible,susceptible,acrF; blaEC-5; emrD; mdtM
562.99331,susceptible,susceptible,susceptible,susceptible,susceptible,acrF; blaEC; mdtM
562.99332,RESISTANT,susceptible,RESISTANT,RESISTANT,RESISTANT,aac(3)-IIe; aac(6')-Ib-cr5; aadA5; acrF; aph(3'')-Ib; aph(6)-Id; blaEC; blaOXA-1; blaTEM-1; catB3; dfrA17; emrD; gyrA_D87N; gyrA_S83L; mdtM; mph(A); mrx(A); parC_E84V; parC_S80I; parE_I529L; ptsI_V25I; sul1; sul2; tet(A); uhpT_E350Q
562.99333,RESISTANT,susceptible,susceptible,susceptible,RESISTANT,acrF; aph(3'')-Ib; aph(6)-Id; blaEC; blaTEM-1; cyaA_S352T; emrD; gyrA_S83L; mdtM; mph(A); mrx(A); parC_S80I; sul2; tet(B)
562.99334,susceptible,susceptible,susceptible,susceptible,susceptible,acrF; blaEC; emrD; marR_S3N; mdtM
562.99335,susceptible,susceptible,susceptible,susceptible,susceptible,acrF; blaEC; cirA_E450AfsTer30; emrD; marR_S3N; mdtM; pmrB_V161G
562.99336,RESISTANT,,RESISTANT,susceptible,RESISTANT,aadA5; acrF; aph(3'')-Ib; aph(3')-Ia; aph(6)-Id; blaEC; blaTEM-1; cirA_E450AfsTer23; cyaA_S352T; dfrA17; emrD; gyrA_D87N; gyrA_S83L; mdtM; mph(A); mrx(A); parC_E84V; parC_S57T; parC_S80I; sul1; sul2; tet(B); uhpT_E350Q
562.99337,susceptible,susceptible,susceptible,susceptible,susceptible,aadA1; acrF; blaEC-5; emrD; mdtM; tet(A)
562.99338,RESISTANT,susceptible,RESISTANT,susceptible,RESISTANT,aadA5; acrF; aph(3'')-Ib; aph(6)-Id; blaEC; blaTEM-1; blaTEMp_C32T; cyaA_S352T; dfrA17; emrD; gyrA_D87N; gyrA_S83L; mdtM; mph(A); mrx(A); parC_S57T; parC_S80I; parE_L416F; sul1; sul2; tet(B); uhpT_E350Q
562.99339,RESISTANT,susceptible,susceptible,susceptible,RESISTANT,acrF; aph(3'')-Ib; aph(6)-Id; blaEC; blaTEM-1; cyaA_S352T; dfrA5; emrD; sul2; tet(A)
562.99340,susceptible,,susceptible,susceptible,susceptible,acrF; blaEC; mdtM; uhpT_E350Q
562.99341,susceptible,susceptible,susceptible,susceptible,,aadA1; aadA2; acrF; blaEC; cmlA1; estX-3; mdtM; sul3; tet(A)
562.99342,RESISTANT,susceptible,susceptible,RESISTANT,susceptible,aac(3)-IId; acrF; blaEC; blaTEM-1; emrD; gyrA_S83L; mdtM; parE_I529L; ptsI_V25I; uhpT_E350Q
562.99343,RESISTANT,susceptible,RESISTANT,susceptible,RESISTANT,aadA1; acrF; blaEC; blaTEM-1; cirA_T550YfsTer6; cyaA_S352T; dfrA1; emrD; gyrA_D87Y; gyrA_S83L; mdtM; nfsA_M110TerfsTer0; parC_S80I; sat2; tet(A)
562.99344,RESISTANT,susceptible,susceptible,susceptible,RESISTANT,acrF; aph(3'')-Ib; aph(3')-Ia; aph(6)-Id; blaEC; blaTEM-1; cyaA_S352T; dfrA5; emrD; mdtM; sul2; tet(A); uhpT_E350Q
562.99345,RESISTANT,susceptible,RESISTANT,RESISTANT,susceptible,aac(3)-IId; acrF; blaEC; blaTEM-1; emrD; gyrA_D87N; gyrA_S83L; mdtM; parC_S80I; parE_L445H; ptsI_V25I; uhpT_E350Q
562.99346,RESISTANT,susceptible,susceptible,RESISTANT,RESISTANT,aac(3)-IId; aadA5; acrF; aph(3'')-Ib; aph(6)-Id; blaEC; blaTEM-1; dfrA17; emrD; gyrA_S83L; mdtM; mph(A); mrx(A); parE_I529L; ptsI_V25I; sul1; sul2; tet(A); uhpT_E350Q
562.99347,RESISTANT,susceptible,susceptible,susceptible,susceptible,acrF; blaEC; blaTEM-34; emrD; mdtM; parE_I529L; ptsI_V25I; uhpT_E350Q
562.99348,RESISTANT,susceptible,susceptible,susceptible,RESISTANT,aadA5; acrF; blaEC; blaTEM-40; blaTEMp_G162T; dfrA17; emrD; mdtM; mph(A); mrx(A); parE_I529L; ptsI_V25I; sul1; uhpT_E350Q
562.99349,susceptible,susceptible,susceptible,susceptible,susceptible,acrF; blaEC; cyaA_S352T; emrD; mdtM
562.99350,RESISTANT,susceptible,susceptible,susceptible,susceptible,acrF; blaEC; blaTEM-1; emrD; marR_S3N; mdtM
562.99351,susceptible,susceptible,susceptible,susceptible,susceptible,acrF; blaEC-5; emrD; marR_S3N; uhpT_E350Q
562.99352,RESISTANT,,susceptible,susceptible,RESISTANT,aadA5; acrF; aph(3'')-Ib; aph(6)-Id; blaEC; blaTEM-1; cyaA_S352T; dfrA17; emrD; mph(A); mrx(A); sul1; sul2
562.99353,RESISTANT,susceptible,susceptible,susceptible,RESISTANT,aadA1; acrF; aph(3'')-Ib; aph(6)-Id; blaEC; blaTEM-1; blaTEMp_C32T; dfrA1; emrD; sul2
562.99354,RESISTANT,susceptible,susceptible,susceptible,RESISTANT,acrB_R717L; acrF; aph(3'')-Ib; aph(6)-Id; blaEC; blaTEM-1; cyaA_S352T; dfrA14; emrD; mdtM; sul2; tet(B)
562.99355,susceptible,,susceptible,susceptible,susceptible,acrF; blaEC; emrD; uhpT_E350Q
562.99356,susceptible,susceptible,susceptible,susceptible,susceptible,acrF; blaEC; cirA_Q56Ter; cyaA_S352T; emrD; mdtM; parE_I355T; uhpT_E350Q
562.99357,RESISTANT,susceptible,susceptible,susceptible,RESISTANT,acrF; aph(3'')-Ib; aph(6)-Id; blaEC; blaTEM-1; cyaA_S352T; dfrA5; emrD; mdtM; sul2; tet(A)
562.99358,susceptible,susceptible,susceptible,susceptible,susceptible,acrF; blaEC-5; emrD; marR_S3N
562.99359,RESISTANT,susceptible,susceptible,susceptible,RESISTANT,aadA1; acrF; aph(3'')-Ib; aph(6)-Id; blaEC-5; blaTEM-1; dfrA1; emrD; gyrA_S83L; marR_S3N; sul1; sul2; uhpT_E350Q
562.99360,susceptible,susceptible,susceptible,susceptible,RESISTANT,aadA5; acrF; blaEC; cyaA_S352T; dfrA17; emrD; mdtM; sul1; tet(B)
562.99361,susceptible,susceptible,susceptible,susceptible,susceptible,acrF; blaEC; emrD; marR_S3N
562.99362,RESISTANT,susceptible,susceptible,susceptible,RESISTANT,acrF; aph(3'')-Ib; aph(6)-Id; blaEC; blaTEM-1; cyaA_S352T; dfrA5; emrD; sul2
562.99363,susceptible,susceptible,susceptible,susceptible,susceptible,acrF; blaEC; emrD; marR_S3N; mdtM
562.99364,RESISTANT,susceptible,susceptible,susceptible,RESISTANT,acrF; blaEC; blaTEM-1; emrD; marR_S3N
562.99365,susceptible,susceptible,susceptible,susceptible,susceptible,acrF; blaEC; emrD; marR_S3N; mdtM
562.99366,RESISTANT,susceptible,susceptible,susceptible,RESISTANT,aadA5; acrF; aph(3'')-Ib; aph(6)-Id; blaEC; blaTEM-1; cyaA_S352T; dfrA17; emrD; mdtM; sul1; sul2
562.99368,susceptible,susceptible,susceptible,susceptible,susceptible,acrF; blaEC-5; emrD
562.99370,RESISTANT,susceptible,susceptible,susceptible,,acrF; aph(3'')-Ib; aph(6)-Id; blaEC; blaTEM-1; emrD; sul2; tet(A)
562.99371,susceptible,,susceptible,susceptible,susceptible,acrF; blaEC; emrD; mdtM
562.99372,susceptible,susceptible,susceptible,susceptible,susceptible,acrF; blaEC; cyaA_S352T; emrD; mdtM
562.99373,susceptible,susceptible,susceptible,susceptible,susceptible,acrF; blaEC; mdtM
562.99374,susceptible,susceptible,susceptible,susceptible,susceptible,acrF; blaEC; emrD; marR_S3N; mdtM
562.99375,RESISTANT,susceptible,RESISTANT,RESISTANT,RESISTANT,aac(3)-IId; aadA5; acrF; blaEC; blaTEM-1; dfrA17; emrD; gyrA_D87N; gyrA_S83L; mdtM; parC_E84V; parC_S80I; parE_I529L; ptsI_V25I; sul1; uhpT_E350Q
562.99376,susceptible,susceptible,susceptible,susceptible,susceptible,acrF; blaEC; emrD; marR_S3N; mdtM
562.99377,susceptible,susceptible,susceptible,susceptible,susceptible,acrF; blaEC; cyaA_S352T; emrD; marR_S3N
562.99379,RESISTANT,susceptible,susceptible,susceptible,susceptible,acrF; blaEC; blaTEM-1; mdtM
562.99380,susceptible,susceptible,susceptible,susceptible,susceptible,acrF; blaEC-5; emrD
562.99381,susceptible,,susceptible,susceptible,susceptible,acrF; blaEC; mdtM
562.99382,susceptible,susceptible,susceptible,susceptible,susceptible,acrF; blaEC-5; emrD; mdtM
562.99383,RESISTANT,RESISTANT,RESISTANT,susceptible,RESISTANT,aac(6')-Ib-cr5; aadA5; acrF; blaCTX-M-15; blaEC; blaOXA-1; catB3; dfrA17; emrD; gyrA_D87N; gyrA_S83L; mdtM; mph(A); mrx(A); nfsA_Q72Ter; parC_E84V; parC_S80I; parE_I529L; ptsI_V25I; sul1; uhpT_E350Q
562.99384,susceptible,susceptible,susceptible,susceptible,susceptible,acrF; blaEC-5; emrD
562.99385,susceptible,susceptible,susceptible,susceptible,susceptible,acrF; blaEC; emrD; marR_S3N
562.99386,susceptible,susceptible,susceptible,susceptible,susceptible,acrF; blaEC; cirA_Q56Ter; cyaA_S352T; emrD; mdtM; parE_I355T; uhpT_E350Q
562.99387,RESISTANT,susceptible,susceptible,susceptible,,aadA1; acrF; blaEC-5; blaSHV-1; emrD; sul1; tet(D)
562.99388,RESISTANT,susceptible,susceptible,susceptible,,aadA1; acrF; aph(3'')-Ib; aph(6)-Id; blaEC; blaTEM-1; catA1; emrD; sul1; tet(A)
562.99389,RESISTANT,susceptible,susceptible,susceptible,RESISTANT,acrF; aph(3'')-Ib; aph(6)-Id; blaEC; blaTEM-1; cirA_L12CfsTer12; dfrA14; emrD; marR_S3N; sul2; tet(A)
562.99390,RESISTANT,susceptible,susceptible,susceptible,RESISTANT,aadA1; acrF; aph(3'')-Ib; aph(6)-Id; blaEC-5; blaTEM-1; dfrA1; emrD; gyrA_S83L; marR_S3N; sul1; sul2; uhpT_E350Q
562.99391,RESISTANT,susceptible,RESISTANT,susceptible,RESISTANT,aadA5; acrF; aph(3'')-Ib; aph(6)-Id; blaEC; blaTEM-1; cyaA_S352T; dfrA17; emrD; gyrA_D87N; gyrA_S83L; mdtM; mph(A); mrx(A); parC_E84G; parC_S57T; parC_S80I; sul1; sul2; tet(B); uhpT_E350Q
562.99392,susceptible,susceptible,susceptible,susceptible,susceptible,acrF; blaEC; emrD; marR_S3N
562.99393,susceptible,susceptible,susceptible,susceptible,susceptible,acrF; blaEC; emrD; marR_S3N; mdtM; tet(A)
562.99394,RESISTANT,susceptible,susceptible,susceptible,RESISTANT,acrF; acrR_G28R; aph(3'')-Ib; aph(6)-Id; blaEC; blaTEM-1; catA1; cyaA_S352T; dfrA7; emrD; mdtM; sul1; sul2; tet(A)
562.99395,RESISTANT,susceptible,susceptible,susceptible,,acrF; aph(3'')-Ib; aph(6)-Id; blaEC; blaTEM-1; emrD; sul2; uhpT_E350Q
562.99396,susceptible,susceptible,susceptible,susceptible,susceptible,acrF; blaEC; emrD; marR_S3N
562.99397,RESISTANT,susceptible,susceptible,susceptible,RESISTANT,aadA5; acrF; aph(3'')-Ib; aph(6)-Id; blaEC; blaTEM-1; cyaA_S352T; dfrA17; emrD; mdtM; sul1; sul2; tet(B)
562.99398,susceptible,susceptible,susceptible,susceptible,susceptible,acrF; blaEC-5; emrD
562.99399,RESISTANT,susceptible,susceptible,susceptible,susceptible,acrF; blaEC; blaTEM-1; emrD; uhpT_E350Q
562.99402,susceptible,susceptible,susceptible,susceptible,susceptible,acrF; blaEC-5; emrD; mdtM
562.99403,susceptible,susceptible,susceptible,,susceptible,acrF; blaEC; cirA_D258RfsTer5; cyaA_S352T; emrD; gyrA_S83L; mdtM; tet(B)
562.99404,susceptible,susceptible,susceptible,susceptible,RESISTANT,acrF; aph(3'')-Ib; aph(6)-Id; blaEC; emrD; marR_S3N; sul2; tet(B)
562.99405,susceptible,susceptible,susceptible,,susceptible,acrF; blaEC; emrD; uhpT_E350Q
562.99407,susceptible,susceptible,susceptible,susceptible,susceptible,acrF; blaEC; cirA_V239RfsTer47; cyaA_S352T; emrD; uhpT_E350Q
562.99408,susceptible,susceptible,susceptible,susceptible,susceptible,acrF; blaEC; emrD; marR_S3N
562.99409,susceptible,susceptible,susceptible,susceptible,,acrF; blaEC; mdtM
562.99411,susceptible,susceptible,susceptible,,susceptible,acrF; aph(3'')-Ib; aph(6)-Id; blaEC-5; emrD
562.99412,susceptible,susceptible,susceptible,,susceptible,acrF; blaEC; emrD; marR_S3N; mdtM
562.99413,RESISTANT,susceptible,susceptible,susceptible,RESISTANT,acrF; aph(3'')-Ib; aph(3')-Ia; aph(6)-Id; blaEC; blaTEM-1; blaTEMp_C32T; dfrA14; emrD; mdtM; mph(A); mrx(A); parE_I529L; ptsI_V25I; sul2; uhpT_E350Q
562.99414,susceptible,susceptible,susceptible,,susceptible,acrF; blaEC; cyaA_S352T; emrD; mdtM; parE_I355T; uhpT_E350Q
562.99415,susceptible,susceptible,susceptible,,susceptible,acrF; blaEC-5; emrD; marR_S3N; mdtM; uhpT_E350Q
562.99416,susceptible,susceptible,susceptible,susceptible,susceptible,acrF; blaEC; emrD; marR_S3N
562.99417,RESISTANT,susceptible,susceptible,susceptible,RESISTANT,aadA5; acrF; aph(3'')-Ib; aph(6)-Id; blaEC; blaTEM-1; cyaA_S352T; dfrA17; emrD; mdtM; mph(A); mrx(A); sul1; sul2
562.99418,susceptible,susceptible,susceptible,susceptible,RESISTANT,aadA5; acrF; blaEC; blaTEM-1; blaTEMp_G162T; dfrA17; emrD; mdtM; mph(A); mrx(A); parE_I529L; ptsI_V25I; sul1; uhpT_E350Q
562.99419,susceptible,susceptible,susceptible,,RESISTANT,aadA1; acrF; blaEC; dfrA1; emrD; mdtM; sat2
562.99420,RESISTANT,susceptible,susceptible,susceptible,RESISTANT,aadA1; acrF; aph(3'')-Ib; aph(6)-Id; blaEC; blaTEM-1; catA1; dfrA1; mdtM; mph(B); rdmCL; sul1; sul2; tet(A)
562.99421,susceptible,susceptible,susceptible,susceptible,susceptible,acrF; blaEC; cirA_E450AfsTer30; emrD; uhpT_E350Q
562.99422,RESISTANT,,susceptible,susceptible,susceptible,acrF; ampC_T-32A; blaEC-5; emrD
562.99423,RESISTANT,susceptible,RESISTANT,RESISTANT,RESISTANT,aac(3)-VIa; aadA1; acrF; aph(3'')-Ib; aph(6)-Id; blaEC; blaTEM-1; cirA_Q175Ter; cyaA_S352T; dfrA14; emrD; gyrA_D87N; gyrA_S83L; mdtM; parC_S80I; parE_I355T; sul1; sul2; uhpT_E350Q
562.99424,susceptible,susceptible,susceptible,susceptible,susceptible,acrF; blaEC; emrD; marR_S3N; tet(B)
562.99425,susceptible,susceptible,susceptible,,susceptible,acrF; blaEC-5; emrD
562.99426,susceptible,susceptible,susceptible,susceptible,susceptible,acrF; blaEC; emrD
562.99427,susceptible,susceptible,susceptible,,susceptible,acrF; blaEC; mdtM
562.99429,susceptible,susceptible,susceptible,,susceptible,acrF; blaEC; cyaA_S352T; emrD; mdtM; parC_S57T; uhpT_E350Q
562.99430,susceptible,susceptible,susceptible,,susceptible,acrF; blaEC-5; emrD; uhpT_E350Q
562.99431,susceptible,susceptible,susceptible,susceptible,susceptible,acrF; blaEC-5; emrD
562.99433,RESISTANT,RESISTANT,susceptible,,RESISTANT,aadA5; acrF; aph(3'')-Ib; aph(6)-Id; blaCTX-M-1; blaEC; blaTEM-1; dfrA17; emrD; gyrA_S83L; mdtM; mph(A); mrx(A); parE_I529L; ptsI_V25I; sul1; sul2; tet(A); uhpT_E350Q
562.99434,susceptible,susceptible,susceptible,,susceptible,acrF; blaEC; emrD; marR_S3N
562.99435,RESISTANT,RESISTANT,RESISTANT,,RESISTANT,aadA5; acrF; aph(3'')-Ib; aph(6)-Id; blaCTX-M-27; blaEC; dfrA17; emrD; gyrA_D87N; gyrA_S83L; mdtM; mph(A); mrx(A); parC_E84V; parC_S80I; parE_I529L; ptsI_V25I; sul1; sul2; tet(A); uhpT_E350Q
562.99436,susceptible,susceptible,susceptible,,susceptible,aadA1; acrF; blaEC-5; emrD
562.99437,susceptible,susceptible,susceptible,susceptible,susceptible,acrF; blaEC-5; emrD; parC_S57T
562.99438,RESISTANT,susceptible,susceptible,,susceptible,acrF; aph(3'')-Ib; aph(6)-Id; blaEC; blaTEM-1; emrD; marR_S3N; mdtM; sul2
562.99439,susceptible,susceptible,susceptible,,susceptible,acrF; blaEC; cirA_S141Ter; emrD; uhpT_E350Q
562.99440,RESISTANT,susceptible,susceptible,susceptible,susceptible,acrF; aph(3'')-Ib; aph(6)-Id; blaEC; blaTEM-1; emrD; marR_S3N; mdtM; sul2
562.99441,susceptible,susceptible,susceptible,,susceptible,acrF; blaEC; emrD; marR_S3N
562.99442,susceptible,susceptible,susceptible,,susceptible,acrF; blaEC-5; emrD
562.99443,susceptible,susceptible,susceptible,susceptible,susceptible,acrF; blaEC; emrD; marR_S3N; mdtM
562.99444,susceptible,susceptible,susceptible,,susceptible,acrF; blaEC; emrD; marR_S3N; mdtM
562.99445,susceptible,susceptible,susceptible,,susceptible,acrF; aph(3'')-Ib; aph(6)-Id; blaEC; emrD; sul2
562.99446,susceptible,susceptible,susceptible,,susceptible,acrF; blaEC-5; emrD
562.99447,susceptible,susceptible,susceptible,,susceptible,acrF; blaEC; emrD; uhpT_E350Q
562.99448,susceptible,susceptible,susceptible,,susceptible,acrF; blaEC; emrD; parE_I529L; ptsI_V25I; uhpT_E350Q
562.99449,RESISTANT,susceptible,susceptible,,susceptible,acrF; blaEC; blaTEM-1; cyaA_S352T; emrD
562.99450,susceptible,susceptible,susceptible,susceptible,susceptible,acrF; blaEC; emrD; parE_D475E
562.99451,RESISTANT,RESISTANT,RESISTANT,RESISTANT,RESISTANT,aac(3)-IId; aadA5; acrF; aph(3'')-Ib; aph(6)-Id; blaCTX-M-15; blaEC; blaTEM-1; cyaA_S352T; dfrA17; emrD; gyrA_D87N; gyrA_S83L; mph(A); mrx(A); ompF_Y253EfsTer3; parC_S80I; parE_S458A; sul1; sul2; tet(A)
562.99452,susceptible,susceptible,susceptible,,susceptible,acrF; blaEC; emrD
562.99453,susceptible,susceptible,susceptible,,susceptible,acrF; blaEC; emrD; marR_S3N; mdtM
562.99454,susceptible,susceptible,susceptible,,susceptible,acrF; blaEC; cirA_W455Ter; emrD
562.99455,susceptible,susceptible,susceptible,,susceptible,acrF; blaEC; emrD
562.99456,susceptible,susceptible,susceptible,,susceptible,acrF; blaEC-5; emrD
562.99457,RESISTANT,susceptible,susceptible,,susceptible,acrF; aph(3'')-Ib; aph(6)-Id; blaEC; blaTEM-1; emrD; marR_S3N; mdtM; sul2
562.99458,susceptible,susceptible,susceptible,,susceptible,acrF; blaEC-5; emrD; mdtM
562.99460,RESISTANT,RESISTANT,RESISTANT,susceptible,RESISTANT,aadA5; acrF; blaCTX-M-15; blaEC; blaTEM-1; dfrA17; erm(B); gyrA_D87N; gyrA_S83L; mdtM; mph(A); mrx(A); parC_S80I; parE_S458A; sul1; tet(B)
562.99463,RESISTANT,,susceptible,susceptible,susceptible,acrF; ampC_C-42T; blaEC; mdtM
562.99464,RESISTANT,RESISTANT,susceptible,susceptible,RESISTANT,aadA1; acrF; blaEC-5; blaOXA-1; catA1; dfrA7; emrD; marR_S3N; parE_I355T; sul1; tet(B); uhpT_E350Q
562.99465,susceptible,susceptible,susceptible,,susceptible,acrF; blaEC; emrD; marR_S3N
562.99467,RESISTANT,susceptible,susceptible,susceptible,susceptible,acrF; blaEC; blaTEM-1; emrD; marR_S3N; mdtM; sul2
562.99468,RESISTANT,susceptible,susceptible,susceptible,susceptible,acrF; aph(3'')-Ib; aph(6)-Id; blaEC; blaTEM-1; mdtM; sul2
562.99470,susceptible,susceptible,susceptible,susceptible,susceptible,acrF; blaEC-5; emrD; mdtM
562.99471,RESISTANT,susceptible,susceptible,susceptible,RESISTANT,acrF; aph(3'')-Ib; aph(6)-Id; blaEC; blaTEM-1; dfrA5; emrD; marR_S3N; sul2
562.99472,RESISTANT,,susceptible,susceptible,RESISTANT,aadA1; acrF; aph(3'')-Ib; aph(6)-Id; blaEC-5; blaTEM-1; blaTEMp_C32T; dfrA1; emrD; sul1; sul2
562.99473,RESISTANT,susceptible,susceptible,susceptible,RESISTANT,acrF; aph(3'')-Ib; aph(6)-Id; blaEC-5; blaTEM-1; blaTEMp_C32T; catA1; dfrA7; emrD; sul1; sul2; tet(A)
562.99474,RESISTANT,RESISTANT,RESISTANT,susceptible,RESISTANT,aac(6')-Ib-cr5; aadA5; acrF; blaCTX-M-15; blaEC; blaOXA-1; catB3; dfrA17; emrD; gyrA_D87N; gyrA_S83L; mdtM; mph(A); mrx(A); parC_E84V; parC_S80I; parE_I529L; ptsI_V25I; sul1; tet(A); uhpT_E350Q
562.99475,RESISTANT,susceptible,susceptible,susceptible,RESISTANT,acrF; aph(3'')-Ib; aph(6)-Id; blaEC; blaTEM-1; dfrA5; emrD; marR_S3N; sul2
562.99476,susceptible,susceptible,susceptible,susceptible,susceptible,acrF; blaEC-5; emrD; uhpT_E350Q
562.99477,susceptible,susceptible,susceptible,susceptible,susceptible,acrF; blaEC
562.99478,susceptible,susceptible,susceptible,susceptible,susceptible,acrF; blaEC; cirA_Q56Ter; cyaA_S352T; emrD; mdtM; parE_I355T; uhpT_E350Q
562.99479,RESISTANT,susceptible,susceptible,susceptible,RESISTANT,aadA1; acrF; acrR_W178Ter; blaEC-5; blaSHV-1; emrD; pmrB_V161G; sul1
562.99480,RESISTANT,susceptible,susceptible,RESISTANT,RESISTANT,aadA1; acrF; ant(2'')-Ia; aph(3'')-Ib; aph(6)-Id; blaEC; blaTEM-1; catA1; dfrA36; emrD; floR; sul1; sul2; tet(A)
562.99481,susceptible,susceptible,susceptible,susceptible,susceptible,acrF; blaEC; emrD; marR_S3N
562.99482,susceptible,susceptible,susceptible,susceptible,susceptible,aadA1; acrF; blaEC-5; emrD; sul1
562.99483,RESISTANT,susceptible,susceptible,susceptible,RESISTANT,aadA5; acrF; blaEC; blaTEM-1; cyaA_S352T; dfrA17; emrD; gyrA_S83L; mdtM; sul1; tet(B)
562.99484,RESISTANT,susceptible,susceptible,susceptible,susceptible,acrF; aph(3'')-Ib; aph(6)-Id; blaEC-5; blaTEM-1; emrD; sul2; uhpT_E350Q
562.99485,RESISTANT,,susceptible,susceptible,RESISTANT,aadA1; acrF; blaEC-5; blaSHV-1; emrD; sul1; tet(D)
562.99486,susceptible,susceptible,susceptible,susceptible,susceptible,acrF; blaEC; emrD; parE_D475E; uhpT_E350Q
562.99487,RESISTANT,susceptible,susceptible,susceptible,RESISTANT,aadA5; acrF; aph(3'')-Ib; aph(6)-Id; blaEC; blaTEM-1; cyaA_S352T; dfrA17; emrD; gyrA_S83L; mdtM; sul1; sul2
562.99488,susceptible,susceptible,susceptible,susceptible,susceptible,acrF; blaEC-5; emrD; marR_S3N
562.99489,susceptible,susceptible,susceptible,susceptible,susceptible,acrF; blaEC; mdtM; uhpT_E350Q
562.99490,susceptible,susceptible,susceptible,susceptible,susceptible,acrF; blaEC; cyaA_S352T; emrD
562.99491,RESISTANT,susceptible,susceptible,susceptible,susceptible,acrF; aph(3'')-Ib; aph(6)-Id; blaEC; blaTEM-1; emrD; marR_S3N; mdtM; sul2
562.99492,RESISTANT,susceptible,RESISTANT,susceptible,susceptible,acrF; blaEC; blaTEM-1; emrD; gyrA_D87N; gyrA_S83L; mdtM; parC_E84V; parC_S80I; parE_I529L; ptsI_V25I; uhpT_E350Q
562.99493,RESISTANT,susceptible,susceptible,RESISTANT,RESISTANT,aac(3)-IIe; aadA1; acrF; acrR_A164DfsTer20; aph(3'')-Ib; aph(6)-Id; blaEC; blaTEM-1; catA1; dfrA1; dfrA36; emrD; estX-3; floR; gyrA_S83L; mdtM; parC_S80R; sat2; sul1; sul2; tet(B); tet(M)
562.99494,RESISTANT,susceptible,susceptible,susceptible,susceptible,acrF; blaEC; blaTEM-1; cyaA_S352T; emrD; mdtM
562.99495,susceptible,susceptible,susceptible,susceptible,susceptible,acrF; blaEC; emrD; marR_S3N
562.99496,susceptible,susceptible,susceptible,susceptible,susceptible,aadA5; acrF; blaEC; cyaA_S352T; emrD; gyrA_S83L; mdtM; sul1; tet(B)
562.99498,susceptible,susceptible,susceptible,,susceptible,acrF; blaEC; emrD; marR_S3N; mdtM
562.99499,RESISTANT,RESISTANT,susceptible,susceptible,RESISTANT,aadA5; acrF; aph(3'')-Ib; aph(6)-Id; blaEC; blaTEM-1; cyaA_S352T; dfrA17; emrD; mdtM; mph(A); mrx(A); sul1; sul2; tet(B)
562.99500,susceptible,susceptible,susceptible,susceptible,susceptible,acrF; blaEC; cyaA_S352T; emrD; mdtM; uhpT_E350Q
562.99501,RESISTANT,RESISTANT,RESISTANT,RESISTANT,RESISTANT,aac(3)-IIe; aac(6')-Ib-cr5; aadA5; acrF; aph(3'')-Ib; aph(6)-Id; blaCTX-M-15; blaEC; blaOXA-1; catB3; dfrA17; emrD; gyrA_D87N; gyrA_S83L; mdtM; mph(A); mrx(A); parC_E84V; parC_S80I; parE_I529L; ptsI_V25I; sul1; sul2; tet(A); uhpT_E350Q
562.99502,susceptible,susceptible,susceptible,susceptible,susceptible,acrF; blaEC; emrD; marR_S3N
562.99503,susceptible,susceptible,susceptible,susceptible,susceptible,acrF; blaEC; emrD; marR_S3N
562.99504,RESISTANT,susceptible,RESISTANT,susceptible,RESISTANT,acrF; aph(3'')-Ib; aph(6)-Id; blaEC-5; blaTEM-1; catA1; dfrA14; emrD; gyrA_D87N; gyrA_S83L; marR_S3N; parC_S80I; parE_L416F; sul2; tet(B); uhpT_E350Q
562.99507,RESISTANT,susceptible,RESISTANT,RESISTANT,RESISTANT,aac(3)-IId; aadA5; acrF; aph(3'')-Ib; aph(6)-Id; blaEC; blaTEM-1; blaTEMp_C32T; dfrA17; emrD; gyrA_D87N; gyrA_S83L; mdtM; mph(A); mrx(A); parC_E84V; parC_S80I; parE_I529L; ptsI_V25I; sul1; sul2; tet(A); uhpT_E350Q
562.99508,susceptible,susceptible,susceptible,susceptible,susceptible,acrF; blaEC-5; emrD; marR_S3N; mdtM; uhpT_E350Q
562.99509,susceptible,susceptible,susceptible,susceptible,susceptible,acrF; blaEC; emrD; marR_S3N; mdtM
562.99510,RESISTANT,susceptible,susceptible,susceptible,susceptible,acrF; aph(3'')-Ib; aph(6)-Id; blaEC; blaTEM-1; emrD; marR_S3N; mdtM; sul2
562.99511,RESISTANT,susceptible,susceptible,susceptible,susceptible,acrF; blaEC; cyaA_S352T; emrD; mdtM; parC_S57T
562.99512,susceptible,susceptible,susceptible,susceptible,susceptible,acrF; blaEC; emrD; marR_S3N; mdtM
562.99513,RESISTANT,susceptible,susceptible,susceptible,RESISTANT,aadA1; acrF; aph(3'')-Ib; aph(6)-Id; blaEC-5; blaTEM-1; blaTEMp_C32T; dfrA1; emrD; sul1; sul2
562.99514,RESISTANT,susceptible,susceptible,susceptible,RESISTANT,aadA5; acrF; aph(3'')-Ib; aph(6)-Id; blaEC; blaTEM-1; cyaA_S352T; dfrA17; emrD; mdtM; sul1; sul2; tet(B)
562.99515,susceptible,susceptible,susceptible,susceptible,susceptible,acrF; blaEC; emrD; marR_S3N; mdtM
562.99516,susceptible,susceptible,susceptible,susceptible,susceptible,aadA1; acrF; blaEC-5; emrD; sul1
562.99517,susceptible,susceptible,susceptible,susceptible,susceptible,acrF; blaEC; emrD; mdtM
562.99518,susceptible,susceptible,susceptible,susceptible,susceptible,acrF; blaEC; cyaA_S352T; emrD; gyrA_S83L; mdtM; tet(A); tet(B)
562.99519,susceptible,susceptible,susceptible,susceptible,susceptible,acrF; blaEC; cirA_Q56Ter; gyrA_S83L; mdtM
562.99520,RESISTANT,susceptible,RESISTANT,susceptible,RESISTANT,acrF; aph(3'')-Ib; aph(6)-Id; blaEC; blaTEM-1; dfrA14; emrD; gyrA_D87N; gyrA_S83L; mdtM; nfsA_G66KfsTer3; parC_E84V; parC_S80I; parE_I529L; ptsI_V25I; sul2; tet(D); uhpT_E350Q
562.99521,susceptible,susceptible,susceptible,susceptible,susceptible,acrF; blaEC; emrD; marR_S3N
562.99522,RESISTANT,susceptible,susceptible,susceptible,susceptible,acrF; blaEC; blaTEM-1; emrD; mdtM; parE_I529L; ptsI_V25I; uhpT_E350Q
562.99523,RESISTANT,susceptible,susceptible,susceptible,susceptible,acrF; blaEC; blaTEM-1; emrD; mdtM; parE_I529L; ptsI_V25I; uhpT_E350Q
562.99524,susceptible,susceptible,susceptible,susceptible,susceptible,acrF; blaEC; cyaA_S352T; emrD; mdtM
562.99525,susceptible,susceptible,RESISTANT,susceptible,susceptible,acrF; blaEC; cyaA_S352T; emrD; gyrA_D87N; gyrA_S83L; ompF_Y253EfsTer3; parC_S80I; parE_S458A
562.99526,susceptible,susceptible,susceptible,susceptible,susceptible,acrF; blaEC-5; emrD; marR_S3N; uhpT_E350Q
562.99527,RESISTANT,susceptible,susceptible,susceptible,RESISTANT,acrF; aph(3'')-Ib; aph(6)-Id; blaEC; blaTEM-1; catA1; dfrA17; emrD; erm(G); mdtM; parE_I529L; ptsI_V25I; sul2; tet(B); uhpT_E350Q
562.99528,susceptible,susceptible,susceptible,susceptible,susceptible,acrF; blaEC; mdtM
562.99529,susceptible,susceptible,susceptible,susceptible,susceptible,acrF; blaEC; emrD; marR_S3N
562.99530,susceptible,susceptible,susceptible,susceptible,susceptible,acrF; blaEC; emrD; marR_S3N; mdtM
562.99531,RESISTANT,susceptible,susceptible,susceptible,susceptible,acrF; blaEC; blaTEM-1; cyaA_S352T; emrD; tet(A)
562.99532,susceptible,susceptible,susceptible,susceptible,susceptible,acrF; blaEC-5; emrD
562.99533,susceptible,susceptible,susceptible,susceptible,susceptible,acrF; blaEC-5; emrD; marR_S3N; mdtM; uhpT_E350Q
562.99534,susceptible,susceptible,susceptible,susceptible,susceptible,acrF; blaEC; mdtM
562.99535,susceptible,susceptible,susceptible,susceptible,susceptible,acrF; blaEC; emrD; marR_S3N; mdtM
562.99536,susceptible,susceptible,susceptible,susceptible,susceptible,acrF; blaEC; emrD
562.99537,susceptible,susceptible,susceptible,susceptible,susceptible,acrF; blaEC; mdtM
562.99538,RESISTANT,susceptible,susceptible,,susceptible,aadA1; acrF; ant(2'')-Ia; blaEC; blaTEM-1; cmlA6; emrD; parE_I529L; ptsI_V25I; sul1; uhpT_E350Q
562.99539,susceptible,susceptible,susceptible,susceptible,susceptible,acrF; blaEC; cirA_Q56Ter; cyaA_S352T; emrD; mdtM; parE_I355T; uhpT_E350Q
562.99540,susceptible,susceptible,susceptible,susceptible,susceptible,acrF; blaEC; mdtM
562.99541,RESISTANT,susceptible,susceptible,susceptible,susceptible,acrF; acrR_G71VfsTer18; blaEC-5; blaTEM-1; emrD; mdtM
562.99542,RESISTANT,susceptible,RESISTANT,susceptible,susceptible,acrF; blaEC; blaTEM-1; emrD; gyrA_D87N; gyrA_S83L; mdtM; parC_E84V; parC_S80I; parE_I529L; ptsI_V25I; uhpT_E350Q
562.99543,RESISTANT,susceptible,susceptible,susceptible,RESISTANT,aadA5; acrF; blaEC; blaTEM-1; catA1; cyaA_S352T; dfrA17; emrD; mdtM; sul1; tet(B)
562.99544,susceptible,susceptible,susceptible,susceptible,susceptible,acrF; blaEC; dfrA5; mdtM; tet(A)
562.99545,susceptible,susceptible,susceptible,susceptible,susceptible,acrF; blaEC-5; emrD
562.99546,susceptible,susceptible,susceptible,susceptible,susceptible,acrF; blaEC; emrD
562.99547,susceptible,susceptible,susceptible,susceptible,RESISTANT,aadA1; acrF; blaEC-5; dfrA1; emrD; marR_S3N; pmrB_V161G; sat2; uhpT_E350Q
562.99549,RESISTANT,susceptible,susceptible,RESISTANT,RESISTANT,aac(3)-IIe; aadA5; acrF; aph(3'')-Ib; aph(3')-Ia; aph(6)-Id; blaEC; blaTEM; catA1; dfrA17; emrD; sul2; tet(B)
562.99550,RESISTANT,susceptible,susceptible,susceptible,RESISTANT,acrF; aph(3'')-Ib; aph(6)-Id; blaEC; blaTEM-1; dfrA14; mdtM; sul2; tet(A)
562.99551,susceptible,susceptible,susceptible,susceptible,susceptible,acrF; blaEC; cyaA_S352T; emrD; mdtM
562.99552,RESISTANT,susceptible,susceptible,susceptible,RESISTANT,aac(3)-IId; aadA5; acrF; aph(3'')-Ib; aph(6)-Id; blaEC; blaTEM; dfrA17; emrD; marR_S3N; mdtM; mph(A); mrx(A); sul1; sul2; tet(A)
562.99553,susceptible,susceptible,susceptible,susceptible,susceptible,acrF; blaEC-5; emrD; marR_S3N; mdtM; uhpT_E350Q
562.99554,RESISTANT,susceptible,susceptible,susceptible,RESISTANT,acrF; aph(3'')-Ib; aph(6)-Id; blaEC; blaTEM-1; cyaA_S352T; dfrA5; emrD; mdtM; sul2
562.99555,susceptible,susceptible,susceptible,susceptible,susceptible,acrF; blaEC; emrD; parE_I529L; ptsI_V25I; uhpT_E350Q
562.99556,susceptible,susceptible,susceptible,susceptible,RESISTANT,acrF; aph(3'')-Ib; aph(6)-Id; blaEC; dfrA14; emrD; marR_S3N; mdtM; sul2
562.99557,susceptible,susceptible,susceptible,susceptible,susceptible,acrF; blaEC-5; emrD
562.99558,RESISTANT,RESISTANT,susceptible,susceptible,susceptible,acrF; blaCTX-M-14; blaEC; blaTEM-1; cyaA_S352T; emrD; mdtM
562.99559,RESISTANT,susceptible,RESISTANT,susceptible,RESISTANT,aadA5; acrF; aph(3'')-Ib; aph(6)-Id; blaEC; blaTEM-1; catA1; dfrA17; gyrA_D87N; gyrA_S83L; mdtM; parC_S80I; sul2; tet(B)
562.99560,RESISTANT,susceptible,susceptible,susceptible,susceptible,acrF; aph(3'')-Ib; aph(6)-Id; blaEC; blaTEM-1; emrD; mdtM; parE_I529L; ptsI_V25I; sul2; uhpT_E350Q
562.99561,susceptible,susceptible,susceptible,susceptible,susceptible,acrF; blaEC; cyaA_S352T; emrD; mdtM
562.99562,susceptible,susceptible,susceptible,susceptible,susceptible,acrF; blaEC; emrD; marR_S3N
562.99563,susceptible,susceptible,susceptible,susceptible,susceptible,acrF; blaEC; mdtM
562.99564,susceptible,susceptible,susceptible,susceptible,susceptible,acrF; blaEC; cirA_Q56Ter; emrD; gyrA_S83L; marR_S3N; mdtM
562.99565,RESISTANT,susceptible,susceptible,susceptible,susceptible,aadA1; acrF; aph(3')-Ia; blaEC-5; blaTEM-1; dfrA1; emrD; sat2
562.99566,susceptible,susceptible,susceptible,susceptible,susceptible,acrF; blaEC; emrD; marR_S3N
562.99567,RESISTANT,susceptible,susceptible,susceptible,susceptible,acrF; blaEC; blaTEM-1; blaTEMp_C32T; emrD
562.99568,susceptible,susceptible,susceptible,susceptible,susceptible,acrF; blaEC-5; emrD; marR_S3N; mdtM; uhpT_E350Q
562.99569,susceptible,susceptible,susceptible,susceptible,susceptible,acrF; blaEC; emrD; marR_S3N
562.99570,RESISTANT,susceptible,susceptible,susceptible,susceptible,acrF; blaEC; blaTEM-1; blaTEMp_C32T; emrD
562.99571,susceptible,susceptible,susceptible,susceptible,susceptible,acrF; blaEC; emrD; marR_S3N; mdtM; uhpT_E350Q
562.99572,RESISTANT,susceptible,susceptible,susceptible,RESISTANT,acrF; aph(3'')-Ib; aph(3')-Ia; aph(6)-Id; blaEC; blaTEM-1; blaTEMp_C32T; dfrA14; emrD; mdtM; mph(A); mrx(A); parE_I529L; ptsI_V25I; sul2; uhpT_E350Q
562.99573,RESISTANT,susceptible,RESISTANT,RESISTANT,RESISTANT,aac(3)-IId; aadA5; acrF; aph(3'')-Ib; aph(6)-Id; blaEC; blaTEM-1; dfrA17; gyrA_D87N; gyrA_S83L; mdtM; mph(A); mrx(A); parC_S80I; sul1; sul2
562.99574,RESISTANT,susceptible,susceptible,susceptible,susceptible,acrF; blaEC; blaTEM-1; emrD; marR_S3N; parE_D475E; tet(B)
562.99575,susceptible,susceptible,susceptible,susceptible,susceptible,acrF; aph(3'')-Ib; aph(6)-Id; blaEC; cyaA_S352T; emrD; mdtM; sul2
562.99576,susceptible,susceptible,susceptible,susceptible,susceptible,acrF; blaEC; emrD; uhpT_E350Q
562.99577,susceptible,susceptible,susceptible,susceptible,susceptible,acrF; blaEC-5; emrD; uhpT_E350Q
562.99578,RESISTANT,susceptible,susceptible,susceptible,RESISTANT,aadA5; acrF; aph(3'')-Ib; aph(6)-Id; blaEC; blaTEM-1; cyaA_S352T; dfrA17; emrD; mph(A); mrx(A); sul1; sul2; tet(A)
562.99579,RESISTANT,susceptible,RESISTANT,susceptible,susceptible,acrF; aph(3'')-Ib; aph(6)-Id; blaEC; blaTEM-1; emrD; gyrA_S83L; mdtM; parE_I529L; ptsI_V25I; sul2; uhpT_E350Q
562.99580,RESISTANT,susceptible,susceptible,susceptible,,acrF; blaEC; blaTEM-1; cyaA_S352T; dfrA14; emrD; mdtM; mph(A); mrx(A)
562.99581,susceptible,susceptible,susceptible,susceptible,susceptible,acrF; aph(3'')-Ib; aph(6)-Id; blaEC; blaTEM-1; fosA7.5; mdtM; ompC_L128_V321del; sul2
562.99582,RESISTANT,susceptible,susceptible,susceptible,RESISTANT,acrF; aph(3'')-Ib; aph(3')-Ia; aph(6)-Id; blaEC; blaTEM-1; catA1; dfrA8; mdtM; sul2; tet(A)
562.99583,RESISTANT,susceptible,susceptible,susceptible,RESISTANT,aadA5; acrF; blaEC; blaTEM-1; cyaA_S352T; dfrA17; emrD; mdtM; sul1
562.99584,RESISTANT,susceptible,susceptible,susceptible,RESISTANT,aadA1; acrF; aph(3'')-Ib; aph(6)-Id; blaEC; blaTEM-1; cyaA_S352T; dfrA1; emrD; mdtM; mph(B); rdmCL; sul1; sul2; tet(A); uhpT_E350Q
562.99585,susceptible,susceptible,susceptible,susceptible,susceptible,acrF; blaEC; emrD; uhpT_E350Q
562.99586,susceptible,susceptible,susceptible,susceptible,susceptible,acrF; blaEC; cirA_E450AfsTer30; cyaA_S352T; emrD; mdtM
562.99587,susceptible,susceptible,susceptible,susceptible,susceptible,acrF; blaEC; emrD; mdtM
562.99588,susceptible,susceptible,susceptible,susceptible,susceptible,acrF; blaEC-5; emrD; uhpT_E350Q
562.99589,RESISTANT,susceptible,susceptible,susceptible,susceptible,aadA5; acrF; aph(3'')-Ib; aph(6)-Id; blaEC; blaTEM-1; cyaA_S352T; dfrA17; emrD; mdtM; mph(A); mrx(A); sul1; sul2; tet(B)
562.99590,susceptible,susceptible,susceptible,susceptible,susceptible,acrF; blaEC-5; emrD; marR_S3N; mdtM; uhpT_E350Q
562.99591,susceptible,susceptible,susceptible,susceptible,susceptible,acrF; blaEC-5; emrD
562.99592,susceptible,susceptible,susceptible,susceptible,susceptible,acrF; blaEC; emrD; marR_S3N
562.99593,susceptible,susceptible,susceptible,susceptible,susceptible,acrF; blaEC; emrD; marR_S3N
562.99594,susceptible,susceptible,susceptible,susceptible,susceptible,acrF; blaEC-5; emrD
562.99595,susceptible,susceptible,susceptible,susceptible,susceptible,acrF; blaEC; cirA_Q56Ter; cyaA_S352T; emrD; mdtM; parE_I355T; uhpT_E350Q
562.99596,susceptible,susceptible,susceptible,susceptible,susceptible,acrF; blaEC; emrD; marR_S3N; mdtM
562.99597,RESISTANT,RESISTANT,RESISTANT,RESISTANT,RESISTANT,aac(3)-IId; aac(6')-Ib-cr5; aadA5; acrF; aph(3'')-Ib; aph(6)-Id; arr; blaCTX-M-15; blaEC; blaOXA-1; blaTEM-1; catA1; catB3; dfrA17; emrD; gyrA_D87N; gyrA_S83L; mdtM; mph(A); mrx(A); nfsA_I228NfsTer49; parC_E84V; parC_S80I; parE_I529L; ptsI_V25I; sul1; sul2; tet(B); uhpT_E350Q
562.99598,susceptible,susceptible,susceptible,susceptible,susceptible,acrF; blaEC-5; emrD
562.99599,RESISTANT,susceptible,susceptible,susceptible,RESISTANT,aadA1; aadA2; acrF; aph(3'')-Ib; aph(6)-Id; blaEC; blaTEM-1; cmlA1; dfrA12; floR; mdtM; sul1; sul3; tet(A); tet(M)
562.99600,RESISTANT,susceptible,RESISTANT,susceptible,susceptible,aac(6')-Ib-cr5; acrF; blaEC; blaOXA-1; catB3; emrD; gyrA_S83L; parE_D475E
562.99601,RESISTANT,susceptible,,RESISTANT,RESISTANT,aac(3)-IIe; aadA5; acrF; blaEC; blaTEM-1; cyaA_S352T; dfrA17; emrD; gyrA_S83L; mdtM; mph(A); mrx(A); parC_S80I; sul1; tet(A)
562.99602,RESISTANT,susceptible,susceptible,susceptible,RESISTANT,acrF; aph(3'')-Ib; aph(6)-Id; blaEC; blaTEM-1; dfrA5; emrD; marR_S3N; sul2
562.99603,susceptible,susceptible,susceptible,susceptible,susceptible,acrF; blaEC; mdtM
562.99604,susceptible,susceptible,susceptible,susceptible,susceptible,acrF; blaEC; emrD; marR_S3N; mdtM
562.99605,RESISTANT,RESISTANT,RESISTANT,RESISTANT,RESISTANT,aac(3)-IId; aac(6')-Ib-cr5; aadA5; acrF; aph(3'')-Ib; aph(6)-Id; arr; blaCMY-42; blaEC; blaOXA-1; blaTEM-1; catA1; catB3; dfrA17; gyrA_D87N; gyrA_S83L; mdtM; mph(A); mrx(A); nfsA_R203C; parC_S80I; parE_S458A; sul1; sul2; tet(B)
562.99606,susceptible,susceptible,susceptible,susceptible,susceptible,acrF; blaEC; emrD; marR_S3N; mdtM
562.99607,susceptible,susceptible,susceptible,susceptible,susceptible,acrF; blaEC; emrD; marR_S3N; mdtM
562.99608,susceptible,susceptible,susceptible,susceptible,susceptible,acrF; blaEC-5; emrD
562.99609,susceptible,susceptible,susceptible,susceptible,susceptible,acrF; blaEC; mdtM
562.99610,RESISTANT,susceptible,susceptible,susceptible,RESISTANT,acrF; aph(3'')-Ib; aph(6)-Id; blaEC; blaTEM-1; catA1; dfrA7; emrD; marR_S3N; sul1; sul2; uhpT_E350Q
562.99611,susceptible,susceptible,susceptible,susceptible,susceptible,acrF; blaEC-5; emrD; marR_S3N; uhpT_E350Q
562.99612,susceptible,susceptible,susceptible,susceptible,susceptible,acrF; blaEC; mdtM
562.99613,susceptible,susceptible,susceptible,susceptible,susceptible,acrF; blaEC; emrD; parE_D475E; uhpT_E350Q
562.99614,susceptible,susceptible,susceptible,susceptible,RESISTANT,aadA5; acrF; blaEC; cyaA_S352T; dfrA17; emrD; gyrA_S83L; mdtM; mph(A); mrx(A); sul1; tet(B)
562.99615,susceptible,susceptible,susceptible,susceptible,susceptible,acrF; blaEC; emrD; marR_S3N; mdtM
562.99616,susceptible,susceptible,susceptible,susceptible,susceptible,acrF; blaEC; emrD; marR_S3N
562.99617,susceptible,susceptible,susceptible,susceptible,susceptible,acrF; blaEC; mdtM
562.99618,RESISTANT,susceptible,susceptible,susceptible,RESISTANT,acrF; aph(3'')-Ib; aph(6)-Id; blaEC; blaTEM-1; dfrA5; emrD; marR_S3N; sul2
562.99619,RESISTANT,susceptible,susceptible,susceptible,RESISTANT,aadA5; acrF; aph(3'')-Ib; aph(6)-Id; blaEC; blaTEM-1; cyaA_S352T; dfrA17; emrD; mdtM; sul1; sul2
562.99620,susceptible,susceptible,susceptible,susceptible,susceptible,acrF; blaEC; emrD; marR_S3N
562.99621,RESISTANT,susceptible,susceptible,susceptible,RESISTANT,acrF; aph(3'')-Ib; aph(6)-Id; blaEC; blaTEM-1; catA1; cyaA_S352T; dfrA7; emrD; sul1; sul2; tet(D)
562.99622,RESISTANT,susceptible,susceptible,susceptible,susceptible,acrF; aph(3'')-Ib; aph(6)-Id; blaEC; blaTEM-1; emrD; marR_S3N; mdtM; nfsA_Q195Ter
562.99623,susceptible,susceptible,susceptible,susceptible,susceptible,acrF; blaEC; emrD; marR_S3N
562.99624,susceptible,susceptible,susceptible,susceptible,susceptible,acrF; blaEC; fosA7.5; mdtM
562.99625,susceptible,susceptible,susceptible,susceptible,susceptible,acrF; blaEC; mdtM
562.99626,susceptible,susceptible,susceptible,susceptible,susceptible,acrF; blaEC; emrD; marR_S3N; mdtM
562.99627,RESISTANT,susceptible,susceptible,susceptible,RESISTANT,aadA8; acrF; blaEC; blaTEM-1; dfrA12; mdtM; sul3; tet(A)
562.99628,susceptible,susceptible,susceptible,susceptible,susceptible,acrF; blaEC; cyaA_S352T; emrD; mdtM
562.99629,susceptible,susceptible,susceptible,susceptible,susceptible,acrF; blaEC; emrD; parE_I529L; ptsI_V25I; uhpT_E350Q
562.99630,RESISTANT,susceptible,RESISTANT,susceptible,susceptible,aac(6')-Ib-cr5; acrF; blaEC; blaOXA-1; catB3; emrD; gyrA_D87N; gyrA_S83L; mdtM; parC_E84V; parC_S80I; parE_I529L; ptsI_V25I; uhpT_E350Q
562.99631,RESISTANT,RESISTANT,RESISTANT,RESISTANT,susceptible,aac(3)-IIe; acrF; acrR_L109YfsTer28; aph(3'')-Ib; aph(3')-IIa; aph(6)-Id; blaCTX-M-55; blaEC; blaTEM; ble; cyaA_S352T; emrD; gyrA_D87N; gyrA_S83L; mdtM; ompF_P12SfsTer11; parC_S80I; sul2; tet(A)
562.99632,RESISTANT,RESISTANT,RESISTANT,susceptible,RESISTANT,aac(6')-Ib-cr5; aadA5; acrF; blaCTX-M-15; blaEC; blaOXA-1; blaTEM-1; catA1; catB3; cyaA_S352T; dfrA17; emrD; gyrA_D87N; gyrA_S83L; mdtM; mph(A); mrx(A); nfsA_G126R; parC_S80I; parE_S458A; sul1; tet(B)
562.99633,RESISTANT,RESISTANT,RESISTANT,RESISTANT,susceptible,aac(3)-IIe; aac(6')-Ib-cr5; aadA1; acrF; ant(2'')-Ia; aph(3'')-Ib; aph(6)-Id; blaCMY-4; blaCTX-M-15; blaEC; blaOXA-1; catB3; cmlA6; emrD; gyrA_D87N; gyrA_S83L; mdtM; mph(A); mrx(A); nfsB_W46Ter; parC_E84V; parC_S80I; parE_I529L; ptsI_V25I; sul1; sul2; tet(A); uhpT_E350Q
562.99634,susceptible,susceptible,susceptible,susceptible,susceptible,acrF; blaEC; emrD; mdtM; parE_I529L; ptsI_V25I; tet(B); uhpT_E350Q
562.99635,susceptible,susceptible,susceptible,susceptible,susceptible,acrF; blaEC; cyaA_S352T; emrD; mdtM
562.99636,RESISTANT,susceptible,susceptible,susceptible,RESISTANT,acrF; aph(3'')-Ib; aph(6)-Id; blaEC; blaTEM-1; dfrA5; mdtM; sul2
562.99637,RESISTANT,susceptible,RESISTANT,susceptible,RESISTANT,acrF; aph(3'')-Ib; aph(6)-Id; blaEC-5; blaTEM-1; dfrA17; emrD; gyrA_D87N; gyrA_S83L; marR_S3N; mph(A); mrx(A); parC_S80I; parE_L416F; sul2; tet(B); uhpT_E350Q
562.99638,RESISTANT,susceptible,RESISTANT,susceptible,RESISTANT,acrF; acrR_N210Ter; aph(3'')-Ib; aph(6)-Id; blaEC; blaTEM-1; cyaA_S352T; dfrA14; emrD; gyrA_D87N; gyrA_S83L; mdtM; mph(A); mrx(A); nfsA_C9VfsTer52; nfsB_D92AfsTer3; ompC_T72RfsTer12; parC_S80I; parE_E460K; sul2; tet(B)
562.99639,susceptible,susceptible,susceptible,susceptible,susceptible,acrF; blaEC; cyaA_S352T; emrD; mdtM; uhpT_E350Q
562.99640,susceptible,susceptible,susceptible,susceptible,susceptible,acrF; blaEC; emrD; mdtM
562.99641,RESISTANT,susceptible,susceptible,susceptible,RESISTANT,aadA1; acrF; aph(3'')-Ib; aph(6)-Id; blaEC; blaTEM-1; dfrA1; emrD; sul1; sul2; tet(B)
562.99642,RESISTANT,RESISTANT,,susceptible,RESISTANT,aadA1; acrF; aph(3'')-Ib; aph(6)-Id; blaCTX-M-15; blaEC; cyaA_S352T; dfrA1; emrD; gyrA_S83L; nfsA_W77Ter; sat2; sul2
562.99643,susceptible,susceptible,susceptible,susceptible,susceptible,acrF; blaEC-5; emrD
562.99644,RESISTANT,susceptible,RESISTANT,susceptible,RESISTANT,aadA5; acrF; aph(3'')-Ib; aph(6)-Id; blaEC; dfrA17; emrD; gyrA_S83L; mdtM; mph(A); mrx(A); parE_I529L; ptsI_V25I; sul1; sul2; tet(A); uhpT_E350Q
562.99645,susceptible,susceptible,RESISTANT,susceptible,RESISTANT,aadA5; acrF; aph(3'')-Ib; aph(6)-Id; blaEC; dfrA17; emrD; gyrA_D87N; gyrA_S83L; mdtM; mph(A); mrx(A); parC_E84V; parC_S80I; parE_I529L; ptsI_V25I; sul1; sul2; tet(A); uhpT_E350Q
562.99646,RESISTANT,susceptible,RESISTANT,susceptible,RESISTANT,acrF; aph(3'')-Ib; aph(6)-Id; blaEC; blaTEM-1; dfrA7; gyrA_D87N; gyrA_S83L; mdtM; parC_S80I; sul1; sul2; tet(A)
562.99647,susceptible,susceptible,susceptible,susceptible,RESISTANT,aadA1; acrF; aph(3'')-Ib; aph(6)-Id; blaEC; cirA_N66IfsTer1; dfrA1; fosA7.5; mdtM; sul1; sul2; tet(A)
562.99648,RESISTANT,susceptible,susceptible,susceptible,susceptible,acrF; blaEC-5; blaTEM-1; emrD; marR_S3N; uhpT_E350Q
562.99649,susceptible,susceptible,susceptible,susceptible,susceptible,acrF; blaEC; emrD; mdtM
562.99650,susceptible,susceptible,susceptible,susceptible,susceptible,acrF; blaEC; cyaA_S352T; emrD; mdtM
562.99651,susceptible,susceptible,susceptible,susceptible,RESISTANT,aadA5; acrF; blaEC; dfrA17; mdtM; sul2; tet(A)
562.99652,susceptible,susceptible,susceptible,susceptible,susceptible,acrF; blaEC; mdtM
562.99653,susceptible,susceptible,susceptible,susceptible,susceptible,acrF; blaEC; emrD; marR_S3N; mdtM
562.99654,susceptible,susceptible,susceptible,susceptible,susceptible,acrF; blaEC; cirA_G138CfsTer12; mdtM
562.99656,susceptible,susceptible,susceptible,susceptible,susceptible,acrF; blaEC-5; emrD; mdtM
562.99657,susceptible,susceptible,susceptible,susceptible,susceptible,acrF; blaEC; emrD; mdtM; parE_I529L; ptsI_V25I; uhpT_E350Q
562.99658,susceptible,susceptible,susceptible,susceptible,susceptible,acrF; blaEC; cyaA_S352T; emrD; mdtM
562.99659,RESISTANT,susceptible,susceptible,susceptible,susceptible,acrF; blaEC; blaTEM-1; emrD; uhpT_E350Q
562.99660,susceptible,susceptible,susceptible,susceptible,RESISTANT,aadA1; acrF; aph(3'')-Ib; aph(6)-Id; blaEC-5; blaTEM; dfrA1; emrD; marR_S3N; sat2; sul2; uhpT_E350Q
562.99661,RESISTANT,susceptible,susceptible,susceptible,RESISTANT,aadA1; acrF; blaEC; blaTEM-1; cirA_V239RfsTer47; cyaA_S352T; dfrA1; emrD; gyrA_S83L; sat2; tet(A); uhpT_E350Q
562.99662,RESISTANT,susceptible,susceptible,susceptible,RESISTANT,acrF; aph(3'')-Ib; aph(6)-Id; blaEC-5; blaTEM-1; blaTEMp_C32T; catA1; dfrA7; emrD; sul1; sul2; tet(A)
562.99663,RESISTANT,susceptible,susceptible,susceptible,susceptible,aadA5; acrF; aph(3'')-Ib; aph(6)-Id; blaEC; blaTEM-1; cyaA_S352T; emrD; gyrA_S83L; mdtM; mph(A); mrx(A); sul1; sul2; tet(B)
562.99664,susceptible,susceptible,susceptible,susceptible,susceptible,acrF; blaEC; emrD; marR_S3N; nfsA_W212Ter
562.99665,susceptible,susceptible,susceptible,susceptible,susceptible,acrF; blaEC; mdtM; tet(B)
562.99666,susceptible,susceptible,susceptible,susceptible,susceptible,acrF; blaEC-5; emrD; marR_S3N; uhpT_E350Q
562.99667,susceptible,susceptible,susceptible,susceptible,susceptible,acrF; acrR_Q130Ter; blaEC-5; emrD; mdtM
562.99669,susceptible,susceptible,susceptible,susceptible,susceptible,acrF; blaEC-5; emrD
562.99670,RESISTANT,susceptible,susceptible,susceptible,RESISTANT,acrF; blaEC; blaTEM-1; cirA_E450AfsTer30; cyaA_S352T; dfrA1; emrD; gyrA_S83L; mdtM; sul2
562.99671,RESISTANT,susceptible,susceptible,susceptible,susceptible,acrF; aph(3'')-Ib; aph(6)-Id; blaEC; blaTEM-1; emrD; sul2
562.99672,susceptible,susceptible,susceptible,susceptible,susceptible,acrF; blaEC; cirA_V239RfsTer47; cyaA_S352T; emrD; uhpT_E350Q
562.99673,RESISTANT,susceptible,RESISTANT,susceptible,RESISTANT,acrF; blaEC; blaTEM-1; dfrA1; gyrA_D87N; gyrA_S83L; mdtM; parC_S80I; parE_S458A; sul2; tet(A); uhpT_E350Q
562.99674,RESISTANT,susceptible,susceptible,susceptible,susceptible,acrF; blaEC-5; blaTEM-1; emrD; marR_S3N; uhpT_E350Q
562.99675,susceptible,susceptible,susceptible,susceptible,susceptible,acrF; blaEC; emrD; marR_S3N; mdtM
562.99676,susceptible,susceptible,susceptible,susceptible,susceptible,acrF; blaEC; cirA_D258RfsTer5; cyaA_S352T; emrD; mdtM; sul2
562.99677,susceptible,susceptible,susceptible,susceptible,susceptible,acrF; blaEC-5; emrD
562.99678,RESISTANT,susceptible,RESISTANT,susceptible,RESISTANT,acrF; blaEC; blaTEM-1; dfrA14; gyrA_D87N; gyrA_S83L; mdtM; parC_S80I; qnrS1; sul2; tet(A)
562.99679,susceptible,susceptible,susceptible,susceptible,susceptible,acrF; blaEC; emrD; uhpT_E350Q
562.99680,susceptible,susceptible,RESISTANT,,susceptible,acrF; blaEC; emrD; marR_S3N; mdtM
562.99681,RESISTANT,RESISTANT,RESISTANT,susceptible,susceptible,acrF; blaCTX-M-14; blaEC; blaTEM-1; emrD; gyrA_D87N; gyrA_S83L; mdtM; parC_E84V; parC_S80I; parE_I529L; ptsI_V25I; uhpT_E350Q
562.99682,RESISTANT,susceptible,susceptible,susceptible,RESISTANT,aadA1; acrF; blaEC; blaTEM-1; dfrA1; mdtM; sul1; sul2
562.99683,susceptible,susceptible,susceptible,susceptible,susceptible,acrF; blaEC-5; emrD
562.99684,RESISTANT,susceptible,,susceptible,RESISTANT,aadA5; acrF; aph(3'')-Ib; aph(6)-Id; blaEC; blaTEM-1; dfrA17; emrD; gyrA_S83L; mdtM; mph(A); mrx(A); parE_I529L; ptsI_V25I; sul1; sul2; uhpT_E350Q
562.99685,susceptible,susceptible,susceptible,susceptible,susceptible,acrF; blaEC; emrD
562.99686,RESISTANT,susceptible,RESISTANT,susceptible,RESISTANT,acrF; acrR_E190RfsTer20; aph(3'')-Ib; aph(6)-Id; blaEC; blaTEM-1; cirA_I160SfsTer34; dfrA14; gyrA_D87N; gyrA_S83L; mdtM; parC_S80I; parE_S458A; sul2; tet(B)
562.99687,RESISTANT,susceptible,susceptible,susceptible,RESISTANT,acrF; aph(3'')-Ib; aph(6)-Id; blaEC; blaTEM-1; dfrA5; emrD; parE_I529L; ptsI_V25I; sul2; uhpT_E350Q
562.99688,susceptible,susceptible,susceptible,susceptible,susceptible,acrF; blaEC; emrD; marR_S3N; mdtM
562.99689,susceptible,susceptible,susceptible,susceptible,susceptible,acrF; blaEC; emrD; marR_S3N; mdtM
562.99690,susceptible,susceptible,susceptible,susceptible,susceptible,acrF; aph(3'')-Ib; aph(6)-Id; blaEC-5; emrD; sul2
562.99691,susceptible,susceptible,susceptible,susceptible,susceptible,acrF; blaEC; mdtM
562.99692,RESISTANT,RESISTANT,RESISTANT,susceptible,susceptible,acrF; blaCTX-M-19; blaEC; emrD; gyrA_D87N; gyrA_S83L; mdtM; parC_E84V; parC_S80I; parE_I529L; ptsI_V25I; uhpT_E350Q
562.99693,RESISTANT,RESISTANT,,RESISTANT,RESISTANT,aac(3)-IId; aac(3)-IVa; acrF; aph(3'')-Ib; aph(4)-Ia; aph(6)-Id; blaCTX-M-15; blaEC; blaTEM-1; dfrA5; gyrA_S83L; mdtM; sul2; tet(31); tet(A)
562.99694,susceptible,susceptible,susceptible,susceptible,susceptible,acrF; blaEC-5; emrD
562.99695,RESISTANT,susceptible,susceptible,susceptible,RESISTANT,acrF; aph(3'')-Ib; aph(6)-Id; blaEC; blaTEM-1; dfrA4; mdtM; ompC_Q82Ter; sul2; tet(A)
562.99696,susceptible,susceptible,susceptible,susceptible,susceptible,acrF; blaEC-5; emrD
562.99697,susceptible,susceptible,susceptible,susceptible,susceptible,aadA1; acrF; blaEC-5; emrD; sul1
562.99698,susceptible,susceptible,susceptible,susceptible,susceptible,acrF; blaEC; emrD; parE_I529L; ptsI_V25I; uhpT_E350Q
562.99699,susceptible,susceptible,susceptible,susceptible,susceptible,acrF; blaEC; cyaA_S352T; emrD; mdtM; uhpT_E350Q
562.99700,RESISTANT,susceptible,susceptible,susceptible,susceptible,acrF; blaEC; blaTEM-1; cirA_Q56Ter; cyaA_S352T; emrD; mdtM; parE_I355T; uhpT_E350Q
562.99701,RESISTANT,RESISTANT,RESISTANT,susceptible,RESISTANT,aac(6')-Ib-cr5; aadA5; acrF; blaCTX-M-15; blaEC; blaOXA-1; catB3; dfrA17; emrD; gyrA_D87N; gyrA_S83L; mdtM; mph(A); mrx(A); parC_E84V; parC_S80I; parE_I529L; ptsI_V25I; sul1; tet(A); uhpT_E350Q
562.99702,susceptible,susceptible,RESISTANT,susceptible,RESISTANT,aadA5; acrF; blaEC; dfrA17; emrD; gyrA_D87N; gyrA_S83L; mdtM; mph(A); mrx(A); parC_E84V; parC_S80I; parE_I529L; ptsI_V25I; sul1; tet(A); uhpT_E350Q
562.99703,RESISTANT,susceptible,susceptible,susceptible,susceptible,acrF; blaEC; blaTEM-1; cyaA_S352T; emrD; mdtM; parE_I355T; uhpT_E350Q
562.99704,RESISTANT,susceptible,susceptible,susceptible,susceptible,acrF; aph(3'')-Ib; aph(6)-Id; blaEC; blaTEM-1; emrD; sul2
562.99705,susceptible,susceptible,susceptible,susceptible,susceptible,acrF; blaEC; mdtM
562.99706,RESISTANT,susceptible,susceptible,susceptible,RESISTANT,aadA1; acrF; aph(3'')-Ib; aph(6)-Id; blaEC; blaTEM-1; blaTEMp_C32T; catA1; cyaA_S352T; dfrA1; emrD; sat2; sul2; tet(D)
562.99707,RESISTANT,RESISTANT,RESISTANT,RESISTANT,susceptible,aac(3)-IIe; acrF; aph(3'')-Ib; aph(6)-Id; blaCTX-M-15; blaEC; blaTEM-1; cyaA_S352T; emrD; erm(B); gyrA_D87N; gyrA_S83L; mdtM; parC_S80I; parE_S458A; tet(B)
562.99708,susceptible,susceptible,susceptible,susceptible,susceptible,acrF; blaEC-5; emrD
562.99709,susceptible,susceptible,susceptible,susceptible,susceptible,acrF; blaEC-5; emrD
562.99710,RESISTANT,susceptible,susceptible,susceptible,RESISTANT,aadA5; acrF; aph(3'')-Ib; aph(6)-Id; blaEC; blaTEM-1; cyaA_S352T; dfrA17; emrD; mdtM; mph(A); mrx(A); sul1; sul2
562.99711,RESISTANT,susceptible,susceptible,susceptible,susceptible,acrF; blaEC; blaTEM-1; emrD; marR_S3N; mdtM
562.99712,susceptible,susceptible,susceptible,susceptible,susceptible,acrF; blaEC-5; emrD
562.99713,susceptible,susceptible,susceptible,susceptible,susceptible,acrF; blaEC; emrD; parE_I529L; ptsI_V25I; uhpT_E350Q
562.99714,RESISTANT,RESISTANT,RESISTANT,susceptible,RESISTANT,aac(6')-Ib-cr5; aadA5; acrF; blaCTX-M-15; blaEC; blaOXA-1; catB3; dfrA17; emrD; gyrA_D87N; gyrA_S83L; mdtM; mph(A); mrx(A); parC_E84V; parC_S80I; parE_I529L; ptsI_V25I; sul1; tet(A); uhpT_E350Q
562.99715,RESISTANT,susceptible,RESISTANT,RESISTANT,susceptible,aac(3)-IId; acrF; blaEC; blaTEM-1; emrD; gyrA_D87N; gyrA_S83L; mdtM; parC_E84V; parC_S80I; parE_I529L; ptsI_V25I; uhpT_E350Q
562.99716,susceptible,susceptible,susceptible,susceptible,susceptible,acrF; blaEC-5; emrD; gyrA_D87N
562.99717,susceptible,susceptible,susceptible,susceptible,susceptible,acrF; blaEC; emrD; uhpT_E350Q
562.99718,RESISTANT,susceptible,RESISTANT,susceptible,RESISTANT,aadA1; acrF; aph(3'')-Ib; aph(6)-Id; blaEC; blaTEM-1; catA1; dfrA1; emrD; gyrA_D87N; gyrA_S83L; mdtM; parC_S80I; sul1; sul2
562.99719,susceptible,susceptible,susceptible,susceptible,susceptible,acrF; blaEC; emrD; marR_S3N
562.99720,RESISTANT,susceptible,RESISTANT,susceptible,RESISTANT,aadA5; acrF; aph(3'')-Ib; aph(6)-Id; blaEC; blaTEM-1; cyaA_S352T; dfrA17; emrD; gyrA_D87N; gyrA_S83L; mdtM; mph(A); mrx(A); parC_S57T; parC_S80I; parE_L416F; sul1; sul2; tet(B); uhpT_E350Q
562.99721,RESISTANT,RESISTANT,RESISTANT,RESISTANT,susceptible,aac(3)-IIe; aac(6')-Ib-cr5; acrF; blaCTX-M-15; blaEC; blaOXA-1; catB3; cirA_S142CfsTer10; emrD; gyrA_D87N; gyrA_S83L; mdtM; parC_E84V; parC_S80I; parE_I529L; ptsI_V25I; tet(A); uhpT_E350Q
562.99722,RESISTANT,susceptible,susceptible,susceptible,susceptible,acrF; blaEC-5; blaTEM-1; emrD; uhpT_E350Q
562.99723,susceptible,susceptible,susceptible,susceptible,susceptible,acrF; blaEC; mdtM; uhpT_E350Q
562.99724,RESISTANT,RESISTANT,susceptible,susceptible,RESISTANT,aadA1; acrF; aph(3'')-Ib; aph(6)-Id; blaCTX-M-15; blaEC; cyaA_S352T; dfrA1; emrD; nfsA_Q113Ter; sat2; sul2
562.99725,susceptible,susceptible,susceptible,susceptible,susceptible,acrF; blaEC; cyaA_S352T; emrD; gyrA_D87N; gyrA_S83L; mdtM; parC_S80I; parE_S458A
562.99726,RESISTANT,susceptible,RESISTANT,RESISTANT,susceptible,aac(3)-IIe; acrF; blaEC; blaTEM-1; cyaA_S352T; emrD; gyrA_D87N; gyrA_S83L; mdtM; parC_S80I; parE_S458A
562.99727,RESISTANT,RESISTANT,RESISTANT,RESISTANT,RESISTANT,aac(3)-IIe; aadA5; acrF; aph(3'')-Ib; aph(6)-Id; blaCTX-M-14; blaEC; dfrA17; emrD; gyrA_D87N; gyrA_S83L; mdtM; mph(A); mrx(A); parC_S80I; parE_L445H; ptsI_V25I; sul1; sul2; tet(A); uhpT_E350Q
562.99728,RESISTANT,susceptible,susceptible,susceptible,susceptible,acrF; blaEC; emrD
562.99729,RESISTANT,RESISTANT,susceptible,susceptible,RESISTANT,acrF; acrR_L109YfsTer28; blaEC; blaTEM-1; cyaA_S352T; emrD; gyrA_D87N; gyrA_S83L; mdtM; parC_S80I
562.99730,susceptible,susceptible,susceptible,susceptible,RESISTANT,acrF; blaEC; fosA7.5; mdtM
562.99731,susceptible,,susceptible,susceptible,susceptible,aadA5; acrF; aph(3'')-Ib; aph(6)-Id; blaEC; cyaA_S352T; dfrA17; emrD; mdtM; mph(A); mrx(A); sul1; sul2
562.99732,susceptible,susceptible,susceptible,susceptible,susceptible,acrF; blaEC; emrD; mdtM
562.99733,susceptible,,susceptible,susceptible,susceptible,aac(6')-Ib-cr5; aadA5; acrF; aph(3'')-Ib; aph(6)-Id; arr; blaCTX-M-27; blaEC; blaOXA-1; catB3; cyaA_S352T; dfrA17; emrD; erm(B); gyrA_D87N; gyrA_S83L; mdtM; mph(A); mrx(A); parC_S80I; parE_S458A; sul1; sul2; tet(A)
562.99734,susceptible,susceptible,susceptible,susceptible,susceptible,acrF; blaEC-5; emrD
562.99735,RESISTANT,susceptible,susceptible,,RESISTANT,acrF; blaEC; emrD; marR_S3N; tet(B)
562.99736,susceptible,susceptible,susceptible,susceptible,susceptible,acrF; aph(3'')-Ib; aph(6)-Id; blaEC; blaTEM-1; emrD; sul2
562.99737,RESISTANT,susceptible,susceptible,susceptible,RESISTANT,aadA5; acrF; blaEC; blaTEM; catA1; cyaA_S352T; dfrA17; emrD; mdtM; sul1; tet(A)
562.99738,susceptible,susceptible,susceptible,susceptible,susceptible,acrF; blaEC; emrD; uhpT_E350Q
562.99739,susceptible,susceptible,susceptible,susceptible,susceptible,acrF; aph(3'')-Ib; aph(6)-Id; blaCTX-M-27; blaEC; emrD; gyrA_D87N; gyrA_S83L; mdtM; mph(A); mrx(A); nfsA_W159Ter; parC_E84V; parC_S80I; parE_I529L; ptsI_V25I; sul2; tet(A); uhpT_E350Q
562.99740,RESISTANT,susceptible,susceptible,,RESISTANT,acrF; blaEC; emrD
562.99741,susceptible,susceptible,susceptible,susceptible,susceptible,acrF; blaEC; emrD; gyrA_S83L; marR_S3N
562.99742,RESISTANT,susceptible,RESISTANT,susceptible,susceptible,acrF; blaCTX-M; blaEC; emrD; gyrA_D87N; gyrA_S83L; mdtM; parC_E84V; parC_S80I; parE_I529L; ptsI_V25I; uhpT_E350Q
562.99743,RESISTANT,RESISTANT,,RESISTANT,RESISTANT,aac(3)-IId; aadA5; acrF; aph(3'')-Ib; aph(6)-Id; blaCTX-M-27; blaEC; blaTEM-1; dfrA17; emrD; gyrA_S83L; mdtM; mph(A); mrx(A); parE_I529L; ptsI_V25I; sul1; sul2; tet(A); uhpT_E350Q
562.99744,susceptible,susceptible,susceptible,susceptible,susceptible,acrF; blaEC; emrD; marR_S3N; mdtM
562.99745,susceptible,susceptible,susceptible,susceptible,susceptible,acrF; blaEC; mdtM
562.99746,RESISTANT,susceptible,,susceptible,RESISTANT,acrF; aph(3'')-Ib; aph(6)-Id; blaEC-5; blaTEM-1; dfrA7; emrD; gyrA_S83L; sul1; sul2; tet(A)
562.99747,RESISTANT,susceptible,susceptible,susceptible,RESISTANT,aadA5; acrF; aph(3'')-Ib; aph(6)-Id; blaEC; blaTEM-1; cyaA_S352T; dfrA17; emrD; mdtM; sul1; sul2; tet(A)
562.99748,susceptible,susceptible,susceptible,susceptible,susceptible,acrF; blaEC-5; emrD
562.99749,RESISTANT,susceptible,susceptible,susceptible,RESISTANT,acrF; aph(3'')-Ib; aph(6)-Id; blaEC; blaTEM-1; dfrA5; mdtM; sul2
562.99750,susceptible,susceptible,susceptible,susceptible,RESISTANT,aadA1; acrF; aph(3'')-Ib; aph(6)-Id; blaEC; cirA_E450AfsTer30; cyaA_S352T; dfrA1; emrD; mdtM; mph(B); rdmCL; sul1; sul2; tet(A)
562.99751,RESISTANT,RESISTANT,RESISTANT,susceptible,susceptible,acrF; blaCTX-M-27; blaEC; emrD; gyrA_D87N; gyrA_S83L; mdtM; parC_E84V; parC_S80I; parE_I529L; ptsI_V25I; uhpT_E350Q
562.99752,susceptible,susceptible,susceptible,susceptible,susceptible,acrF; blaEC; emrD; marR_S3N; mdtM
562.99753,RESISTANT,susceptible,RESISTANT,susceptible,susceptible,acrF; blaCTX-M; blaEC; emrD; gyrA_D87N; gyrA_S83L; mdtM; parC_E84V; parC_S80I; parE_I529L; ptsI_V25I; uhpT_E350Q
562.99754,RESISTANT,RESISTANT,RESISTANT,RESISTANT,RESISTANT,aac(3)-IIe; aac(6')-Ib-cr5; aadA1; acrF; aph(3'')-Ib; aph(6)-Id; blaCTX-M-15; blaEC; blaOXA-1; catB3; cyaA_S352T; dfrA1; emrD; gyrA_D87Y; gyrA_S83V; ompF_Y85SfsTer24; parC_S80I; sat2; sul2
562.99755,RESISTANT,susceptible,RESISTANT,susceptible,susceptible,acrF; aph(3'')-Ib; aph(6)-Id; blaEC-5; blaTEM-1; emrD; gyrA_D87N; gyrA_S83L; marR_S3N; parC_S80I; parE_L416F; sul2; uhpT_E350Q
562.99756,susceptible,susceptible,susceptible,RESISTANT,susceptible,acrF; blaEC; mdtM
562.99757,susceptible,susceptible,susceptible,susceptible,susceptible,aadA1; acrF; blaEC; emrD; marR_S3N; sul1
562.99758,RESISTANT,susceptible,susceptible,susceptible,susceptible,acrF; aph(3'')-Ib; aph(6)-Id; blaEC; blaTEM-1; cirA_I229RfsTer65; cyaA_S352T; emrD; mdtM; sul2
562.99759,RESISTANT,susceptible,susceptible,susceptible,RESISTANT,acrF; aph(3'')-Ib; aph(6)-Id; blaEC-5; blaTEM-1; catA2; dfrA14; emrD; marR_S3N; qnrS1; sul2; tet(D); uhpT_E350Q
562.99760,RESISTANT,,susceptible,susceptible,susceptible,acrF; blaEC; emrD; marR_S3N; mdtM
562.99761,susceptible,susceptible,susceptible,susceptible,susceptible,acrF; blaEC; emrD; marR_S3N; mdtM
562.99762,RESISTANT,susceptible,susceptible,susceptible,susceptible,acrF; blaEC-5; emrD
562.99763,susceptible,susceptible,susceptible,susceptible,susceptible,acrF; blaEC; cirA_V239RfsTer47; cyaA_S352T; emrD; uhpT_E350Q
562.99764,RESISTANT,susceptible,RESISTANT,susceptible,susceptible,acrF; blaEC-5; blaTEM-1; emrD; gyrA_D87N; gyrA_S83L; marR_S3N; parC_S80I; parE_L416F; uhpT_E350Q
562.99765,RESISTANT,susceptible,susceptible,RESISTANT,RESISTANT,aac(3)-IIe; aadA5; acrF; blaEC; blaTEM-1; cyaA_S352T; dfrA17; emrD; gyrA_S83L; mdtM; mph(A); mrx(A); sul1; tet(A)
562.99766,susceptible,susceptible,susceptible,susceptible,susceptible,acrF; blaEC; cirA_Q598Ter; emrD; uhpT_E350Q
562.99767,susceptible,susceptible,susceptible,susceptible,susceptible,acrF; blaEC; emrD; marR_S3N; mdtM
562.99768,susceptible,susceptible,susceptible,susceptible,susceptible,acrF; blaEC; mdtM
562.99769,susceptible,susceptible,susceptible,,susceptible,acrF; blaEC; emrD; marR_S3N; mdtM
562.99770,susceptible,susceptible,susceptible,susceptible,susceptible,acrF; blaEC; emrD; marR_S3N; mdtM
562.99771,RESISTANT,susceptible,susceptible,susceptible,RESISTANT,acrF; aph(3'')-Ib; aph(6)-Id; blaEC; blaTEM-1; dfrA5; mdtM; sul2
562.99772,susceptible,susceptible,susceptible,RESISTANT,susceptible,acrF; blaEC; emrD
562.99773,susceptible,susceptible,susceptible,susceptible,susceptible,acrF; blaEC-5; cirA_Y399TfsTer9; emrD; uhpT_E350Q
562.99774,susceptible,susceptible,susceptible,susceptible,susceptible,acrF; blaEC; emrD; marR_S3N; mdtM
562.99775,susceptible,susceptible,susceptible,susceptible,susceptible,acrF; blaEC; emrD; marR_S3N; mdtM
562.99776,RESISTANT,susceptible,susceptible,susceptible,RESISTANT,aadA5; acrF; aph(3'')-Ib; aph(6)-Id; blaEC; blaTEM-1; catA1; dfrA17; emrD; marR_S3N; sul1; sul2; tet(B)
562.99777,susceptible,susceptible,susceptible,susceptible,susceptible,acrF; blaEC; mdtM
562.99778,susceptible,susceptible,susceptible,susceptible,RESISTANT,aadA1; acrF; blaEC-5; dfrA1; emrD; sul1; tet(B)
562.99779,susceptible,susceptible,susceptible,susceptible,susceptible,acrF; blaEC; cyaA_S352T; emrD
562.99780,RESISTANT,susceptible,RESISTANT,RESISTANT,RESISTANT,aac(3)-IIe; aadA5; acrF; blaEC; blaTEM-1; cyaA_S352T; dfrA17; emrD; gyrA_S83L; mdtM; mph(A); mrx(A); parC_S80I; sul1; tet(A)
562.99781,RESISTANT,susceptible,susceptible,susceptible,RESISTANT,acrF; aph(3'')-Ib; aph(6)-Id; blaEC; blaTEM-1; catA1; dfrA17; emrD; mdtM; parE_I529L; ptsI_V25I; sul2; tet(B); uhpT_E350Q
562.99782,susceptible,susceptible,susceptible,susceptible,susceptible,acrF; blaEC-5; emrD; marR_S3N; mdtM; ompC_S270PfsTer50; uhpT_E350Q
562.99783,RESISTANT,susceptible,susceptible,susceptible,RESISTANT,aadA1; acrF; aph(3'')-Ib; aph(6)-Id; blaEC; blaTEM-1; dfrA1; emrD; sul1; sul2; tet(B)
562.99784,RESISTANT,susceptible,susceptible,susceptible,RESISTANT,aadA1; acrF; blaEC-5; blaTEM-1; dfrA1; emrD; mdtM; sat2
562.99785,susceptible,susceptible,susceptible,susceptible,susceptible,acrF; blaEC; emrD; mdtM; uhpT_E350Q
562.99786,RESISTANT,susceptible,susceptible,susceptible,RESISTANT,aadA1; acrF; blaEC; cirA_R61Ter; dfrA1; mdtM; nfsA_S33R; sat2
562.99787,RESISTANT,susceptible,susceptible,susceptible,RESISTANT,acrF; aph(3'')-Ib; aph(6)-Id; blaEC; blaTEM-1; dfrA5; mdtM; sul2
562.99788,susceptible,susceptible,susceptible,susceptible,susceptible,acrF; blaEC; emrD; uhpT_E350Q
562.99789,susceptible,susceptible,susceptible,susceptible,susceptible,acrF; blaEC; emrD; marR_S3N; mdtM
562.99790,RESISTANT,susceptible,susceptible,,susceptible,acrF; aph(3'')-Ib; aph(6)-Id; blaEC; blaTEM-1; emrD; marR_S3N; mdtM; sul2
562.99791,susceptible,susceptible,susceptible,susceptible,susceptible,acrF; blaEC; cirA_E450AfsTer30; cyaA_S352T; emrD; mdtM
562.99792,susceptible,susceptible,susceptible,susceptible,susceptible,acrF; blaEC-5; emrD
562.99793,RESISTANT,susceptible,susceptible,susceptible,susceptible,acrF; ampC_T-32A; blaEC-5; emrD
562.99794,susceptible,susceptible,susceptible,susceptible,susceptible,acrF; blaEC-5; emrD
562.99795,RESISTANT,RESISTANT,,susceptible,RESISTANT,aadA5; acrF; aph(3'')-Ib; aph(6)-Id; blaCTX-M-15; blaEC; blaTEM-1; dfrA17; emrD; gyrA_S83L; mdtM; mph(A); mrx(A); parE_I529L; ptsI_V25I; sul1; sul2; tet(A); uhpT_E350Q
562.99796,RESISTANT,susceptible,RESISTANT,susceptible,RESISTANT,aadA5; acrF; acrR_L109YfsTer28; aph(3'')-Ib; aph(6)-Id; blaEC; blaTEM-1; cyaA_S352T; dfrA17; emrD; gyrA_D87N; gyrA_S83L; mdtM; mph(A); mrx(A); parC_S80I; sul1; sul2; tet(A)
562.99797,susceptible,susceptible,susceptible,susceptible,susceptible,acrF; blaEC; emrD; uhpT_E350Q
562.99798,susceptible,susceptible,susceptible,susceptible,susceptible,acrF; blaEC-5; emrD
562.99799,susceptible,susceptible,susceptible,susceptible,susceptible,acrF; blaEC-5; emrD; mdtM
562.99800,RESISTANT,RESISTANT,susceptible,RESISTANT,RESISTANT,aac(3)-IId; aadA5; acrF; aph(3'')-Ib; aph(6)-Id; blaCTX-M-15; blaEC; blaTEM-1; dfrA17; emrD; gyrA_S83L; mdtM; mph(A); mrx(A); parE_I529L; ptsI_V25I; sul1; sul2; tet(A); uhpT_E350Q
562.99801,RESISTANT,susceptible,RESISTANT,RESISTANT,RESISTANT,aac(3)-IId; aadA5; acrF; aph(3'')-Ib; aph(6)-Id; blaEC-5; blaTEM-1; dfrA17; emrD; gyrA_D87N; gyrA_S83L; marR_S3N; mph(A); mrx(A); parC_S80I; parE_L416F; sul1; sul2; tet(A); uhpT_E350Q
562.99802,susceptible,susceptible,susceptible,susceptible,susceptible,acrF; blaEC; emrD; parE_I529L; ptsI_V25I; uhpT_E350Q
562.99803,susceptible,susceptible,susceptible,susceptible,susceptible,acrF; blaEC-5; emrD
562.99804,susceptible,susceptible,susceptible,susceptible,susceptible,acrF; blaEC; emrD; marR_S3N
562.99805,susceptible,susceptible,susceptible,susceptible,susceptible,acrF; blaEC; emrD; marR_S3N
562.99806,RESISTANT,susceptible,RESISTANT,susceptible,RESISTANT,aadA5; acrF; acrR_K80Ter; aph(3'')-Ib; aph(6)-Id; blaEC; blaTEM-1; cyaA_S352T; dfrA17; emrD; gyrA_D87N; gyrA_S83L; mdtM; parC_S57T; parC_S80I; parE_L416F; sul1; sul2; tet(B); uhpT_E350Q
562.99807,susceptible,susceptible,susceptible,susceptible,susceptible,acrF; blaEC; mdtM
562.99808,susceptible,susceptible,susceptible,susceptible,susceptible,acrF; blaEC-5; emrD; marR_S3N; uhpT_E350Q
562.99809,susceptible,susceptible,susceptible,susceptible,susceptible,acrF; blaEC; emrD; marR_S3N
562.99810,susceptible,susceptible,susceptible,susceptible,susceptible,acrF; blaEC-5; emrD
562.99811,susceptible,susceptible,susceptible,susceptible,susceptible,acrF; blaEC; emrD; marR_S3N
562.99812,susceptible,susceptible,susceptible,susceptible,susceptible,acrF; blaEC-5; emrD
562.99813,RESISTANT,susceptible,susceptible,susceptible,susceptible,acrF; aph(3'')-Ib; aph(6)-Id; blaEC; blaTEM-1; emrD; marR_S3N; mdtM; sul2
562.99814,susceptible,susceptible,susceptible,susceptible,susceptible,acrF; blaEC-5; emrD
562.99815,susceptible,susceptible,susceptible,susceptible,susceptible,acrF; blaEC; cyaA_S352T; emrD; mdtM
562.99816,susceptible,susceptible,susceptible,susceptible,susceptible,acrF; blaEC; emrD; uhpT_E350Q
562.99817,susceptible,susceptible,susceptible,susceptible,susceptible,acrF; blaEC; emrD; marR_S3N; mdtM
562.99818,susceptible,susceptible,RESISTANT,susceptible,susceptible,blaEC; gyrA_D87N; gyrA_S83L; mdtM; parC_S80I; parE_L416F; sul2; tet(B)
562.99819,susceptible,susceptible,susceptible,susceptible,susceptible,acrF; blaEC; emrD; rpsJ_V57L
562.99820,susceptible,susceptible,susceptible,susceptible,susceptible,acrF; aph(3'')-Ib; aph(6)-Id; blaEC; emrD
562.99821,susceptible,susceptible,susceptible,susceptible,,aadA1; acrF; blaEC; cirA_Q187insTer26; dfrA1; gyrA_D87N; gyrA_S83L; mdtM; nfsA_Q147Ter; sat2
562.99822,susceptible,susceptible,susceptible,susceptible,susceptible,acrF; blaEC; emrD; uhpT_E350Q
562.99823,susceptible,susceptible,susceptible,susceptible,susceptible,acrF; blaEC; emrD; marR_S3N
562.99824,susceptible,susceptible,susceptible,susceptible,susceptible,acrF; blaEC; emrD; marR_S3N
562.99825,RESISTANT,susceptible,RESISTANT,susceptible,susceptible,acrF; blaEC-5; blaTEM-1; emrD; gyrA_D87N; gyrA_S83L; marR_S3N; mph(A); mrx(A); parC_S80I; parE_L416F; uhpT_E350Q
562.99826,RESISTANT,susceptible,susceptible,susceptible,susceptible,acrF; blaEC-5; blaTEM-1; emrD; mdtM
562.99827,susceptible,susceptible,susceptible,susceptible,susceptible,acrF; blaEC; emrD; uhpT_E350Q
562.99828,susceptible,susceptible,susceptible,susceptible,susceptible,acrF; blaEC; emrD; marR_S3N
562.99829,susceptible,susceptible,susceptible,susceptible,susceptible,acrF; blaEC; emrD; mdtM; parE_I529L; ptsI_V25I; uhpT_E350Q
562.99830,RESISTANT,RESISTANT,RESISTANT,susceptible,RESISTANT,aadA1; acrF; blaCMY-2; blaEC; cyaA_S352T; dfrA15; emrD; gyrA_D87N; gyrA_S83L; mdtM; parC_E84G; parC_S80I; parE_I355T; sul1; tet(A); uhpT_E350Q
562.99831,RESISTANT,susceptible,susceptible,susceptible,RESISTANT,acrF; aph(3'')-Ib; aph(6)-Id; blaEC; blaTEM-1; dfrA14; emrD; mdtM; sul2; uhpT_E350Q
562.99832,susceptible,susceptible,susceptible,susceptible,susceptible,acrF; blaEC; emrD; marR_S3N; mdtM
562.99833,RESISTANT,susceptible,susceptible,susceptible,RESISTANT,aadA1; acrF; blaEC; blaOXA-1; dfrA19; emrD; gyrA_S83L; sul1; tet(B)
562.99834,RESISTANT,RESISTANT,RESISTANT,RESISTANT,RESISTANT,aac(3)-IIe; aac(6')-Ib-cr5; aadA5; acrF; aph(3'')-Ib; aph(6)-Id; blaCTX-M-15; blaEC; blaOXA-1; catB3; cyaA_S352T; dfrA17; emrD; gyrA_D87N; gyrA_S83L; mph(A); mrx(A); parC_S80I; sul1; sul2; tet(A)
562.99835,susceptible,susceptible,susceptible,susceptible,susceptible,acrF; aph(3'')-Ib; aph(3')-Ia; aph(6)-Id; blaEC; emrD; mdtM; parE_I529L; ptsI_V25I; sul2; uhpT_E350Q
562.99836,susceptible,susceptible,susceptible,susceptible,susceptible,acrF; blaEC; emrD; marR_S3N
562.99837,susceptible,susceptible,susceptible,susceptible,susceptible,acrF; blaEC; mdtM
562.99838,susceptible,susceptible,susceptible,susceptible,susceptible,acrF; blaEC; mdtM; uhpT_E350Q
562.99839,RESISTANT,RESISTANT,RESISTANT,susceptible,RESISTANT,acrF; aph(3'')-Ib; aph(6)-Id; blaCTX-M-55; blaEC; blaTEM-1; dfrA5; emrD; gyrA_S83L; marR_S3N; nfsA_G126AfsTer9; sul2; tet(A)
562.99840,susceptible,susceptible,susceptible,susceptible,susceptible,acrF; blaEC-5; emrD; mdtM
562.99841,RESISTANT,susceptible,RESISTANT,susceptible,RESISTANT,aadA5; acrF; aph(3'')-Ib; aph(3')-Ia; aph(6)-Id; blaEC; blaTEM-1; catA1; dfrA17; gyrA_D87N; gyrA_S83L; mdtM; parC_S80I; sul2; tet(B)
562.99842,RESISTANT,RESISTANT,RESISTANT,susceptible,susceptible,acrF; blaCTX-M-27; blaEC; emrD; gyrA_D87N; gyrA_S83L; mdtM; parC_E84V; parC_S80I; parE_I529L; ptsI_V25I; tet(A); uhpT_E350Q
562.99843,susceptible,susceptible,susceptible,susceptible,susceptible,acrF; blaEC-5; emrD; mdtM
562.99844,susceptible,susceptible,susceptible,susceptible,susceptible,acrF; blaEC; emrD; parE_I529L; ptsI_V25I; uhpT_E350Q
562.99845,susceptible,susceptible,susceptible,susceptible,susceptible,acrF; blaEC-5; emrD; uhpT_E350Q
562.99846,RESISTANT,susceptible,susceptible,susceptible,susceptible,acrF; aph(3'')-Ib; aph(6)-Id; blaEC; blaTEM-1; mdtM; tet(B); uhpT_E350Q
562.99847,RESISTANT,susceptible,RESISTANT,susceptible,RESISTANT,aadA5; acrF; aph(3'')-Ib; aph(6)-Id; blaEC; blaTEM-1; cyaA_S352T; dfrA17; emrD; gyrA_D87N; gyrA_S83L; mdtM; mph(A); mrx(A); parC_S57T; parC_S80I; parE_L416F; sul1; sul2; uhpT_E350Q
562.99848,susceptible,susceptible,susceptible,susceptible,susceptible,acrF; blaEC; cyaA_S352T; emrD; mdtM
562.99849,RESISTANT,susceptible,susceptible,susceptible,RESISTANT,aadA1; acrF; blaEC; blaTEM-1; blaTEMp_G162T; cyaA_S352T; dfrA15; emrD; mdtM; sul1; tet(A)
562.99850,susceptible,susceptible,susceptible,susceptible,susceptible,acrF; blaEC; emrD
562.99851,susceptible,susceptible,susceptible,susceptible,susceptible,acrF; blaEC; emrD; marR_S3N; tet(B)
562.99852,susceptible,susceptible,susceptible,susceptible,susceptible,acrF; blaEC; cyaA_S352T; emrD; mdtM
562.99853,RESISTANT,susceptible,susceptible,susceptible,RESISTANT,aadA5; acrF; aph(3'')-Ib; aph(6)-Id; blaEC; blaTEM-1; cyaA_S352T; dfrA17; emrD; mdtM; sul1; sul2
562.99854,RESISTANT,susceptible,susceptible,susceptible,susceptible,aadA1; acrF; blaEC-5; blaSHV-1; emrD
562.99855,susceptible,susceptible,susceptible,susceptible,susceptible,acrF; blaEC; emrD; parE_D475E
562.99856,RESISTANT,susceptible,,susceptible,susceptible,acrF; aph(3'')-Ib; aph(6)-Id; blaEC; blaTEM-1; cirA_E313Ter; emrD; floR; gyrA_S83L; marR_S3N; mdtM; sul2
562.99857,susceptible,susceptible,susceptible,susceptible,susceptible,acrF; blaEC-5; emrD; marR_S3N; tet(B); uhpT_E350Q
562.99858,RESISTANT,susceptible,susceptible,susceptible,susceptible,acrF; aph(3'')-Ib; aph(6)-Id; blaEC; blaTEM-1; emrD; sul2
562.99859,RESISTANT,susceptible,RESISTANT,RESISTANT,RESISTANT,aac(3)-IId; aadA5; acrF; aph(3'')-Ib; aph(6)-Id; blaEC; blaTEM-1; dfrA17; emrD; gyrA_D87N; gyrA_S83L; mdtM; mph(A); mrx(A); parC_E84V; parC_S80I; parE_I529L; ptsI_V25I; sul1; sul2; tet(A); uhpT_E350Q
562.99860,RESISTANT,susceptible,susceptible,susceptible,RESISTANT,aadA1; acrF; aph(3'')-Ib; aph(6)-Id; blaEC; blaTEM-1; catA1; dfrA1; mdtM; sul1; sul2; tet(A)
562.99861,RESISTANT,susceptible,susceptible,susceptible,susceptible,acrF; blaEC; blaTEM-1; cyaA_S352T; emrD
562.99862,RESISTANT,RESISTANT,RESISTANT,RESISTANT,RESISTANT,aac(3)-IIe; aac(6')-Ib-cr5; aadA5; acrF; acrR_D139TfsTer2; blaCTX-M-15; blaEC; blaOXA-1; catB3; dfrA17; emrD; gyrA_D87N; gyrA_S83L; mdtM; mph(A); mrx(A); parC_E84V; parC_S80I; parE_I529L; ptsI_V25I; sul1; tet(A); uhpT_E350Q
562.99863,susceptible,susceptible,susceptible,susceptible,susceptible,acrF; blaEC; mdtM
562.99864,susceptible,susceptible,susceptible,susceptible,susceptible,acrF; blaEC; emrD; marR_S3N; mdtM
562.99865,susceptible,susceptible,susceptible,susceptible,susceptible,acrF; blaEC; emrD; mdtM
562.99866,RESISTANT,susceptible,,susceptible,susceptible,acrF; blaEC-5; emrD
562.99867,susceptible,susceptible,susceptible,susceptible,susceptible,acrF; blaEC; emrD; mdtM
562.99868,susceptible,susceptible,susceptible,susceptible,susceptible,acrF; blaEC; emrD; marR_S3N; mdtM
562.99869,susceptible,susceptible,susceptible,susceptible,susceptible,acrF; blaEC; emrD; marR_S3N; tet(B)
562.99870,RESISTANT,susceptible,susceptible,RESISTANT,susceptible,aac(3)-IId; acrF; blaEC-5; blaTEM-1; emrD; mdtM
562.99871,RESISTANT,susceptible,RESISTANT,susceptible,RESISTANT,acrF; blaEC; emrD; uhpT_E350Q
562.99872,RESISTANT,susceptible,susceptible,susceptible,susceptible,acrF; aph(3'')-Ib; aph(6)-Id; blaEC; blaTEM-33; blaTEMp_C32T; cyaA_S352T; emrD; mdtM; parC_S57T; sul2; uhpT_E350Q
562.99873,susceptible,susceptible,susceptible,susceptible,susceptible,acrF; blaEC; mdtM; uhpT_E350Q
562.99874,susceptible,susceptible,susceptible,susceptible,susceptible,acrF; blaEC; emrD; parE_D475E
562.99875,RESISTANT,susceptible,susceptible,susceptible,RESISTANT,acrF; aph(3'')-Ib; aph(6)-Id; blaEC-5; blaTEM-1; catA2; dfrA14; emrD; marR_S3N; qnrS1; sul2; tet(D); uhpT_E350Q
562.99876,susceptible,susceptible,susceptible,susceptible,susceptible,acrF; blaEC; cirA_W243Ter; cyaA_S352T; emrD; mdtM
562.99877,susceptible,susceptible,susceptible,susceptible,susceptible,acrF; blaEC; emrD; marR_S3N; mdtM
562.99878,susceptible,susceptible,susceptible,susceptible,susceptible,aadA1; acrF; blaEC; mdtM; sul1; tet(A)
562.99879,susceptible,susceptible,susceptible,susceptible,susceptible,acrF; blaEC; mdtM
562.99880,susceptible,susceptible,susceptible,susceptible,susceptible,acrF; blaEC-5; emrD
562.99881,RESISTANT,susceptible,susceptible,susceptible,RESISTANT,acrF; aph(3'')-Ib; aph(6)-Id; blaEC; blaTEM-1; dfrA14; gyrA_S83L; mdtM; sul2
562.99882,RESISTANT,susceptible,RESISTANT,susceptible,RESISTANT,aadA5; acrF; aph(3'')-Ib; aph(6)-Id; blaEC; blaTEM-1; dfrA17; emrD; gyrA_S83L; mdtM; mph(A); mrx(A); parE_I529L; ptsI_V25I; sul1; sul2; tet(A); uhpT_E350Q
562.99883,susceptible,susceptible,susceptible,susceptible,susceptible,acrF; blaEC-5; emrD
562.99884,RESISTANT,susceptible,susceptible,susceptible,susceptible,acrF; blaEC; blaTEM-1; emrD; gyrA_S83L; mdtM; parE_I529L; ptsI_V25I; uhpT_E350Q
562.99885,susceptible,susceptible,RESISTANT,susceptible,susceptible,acrF; blaEC; gyrA_D87N; gyrA_S83L; mdtM; parC_S80I; parE_S458A
562.99886,susceptible,susceptible,susceptible,susceptible,susceptible,acrF; blaEC; emrD; parE_D475E
562.99887,RESISTANT,susceptible,susceptible,susceptible,susceptible,aadA1; acrF; aph(3'')-Ib; aph(6)-Id; blaEC; blaTEM-1; catA1; emrD; sul1; tet(A)
562.99888,susceptible,susceptible,susceptible,susceptible,susceptible,acrF; blaEC; cirA_Q56Ter; cyaA_S352T; emrD; mdtM; parE_I355T; uhpT_E350Q
562.99889,susceptible,susceptible,susceptible,susceptible,susceptible,acrF; blaEC; emrD
562.99890,RESISTANT,susceptible,susceptible,susceptible,susceptible,acrF; aph(3'')-Ib; aph(6)-Id; blaEC; blaTEM-1; catA1; emrD; marR_S3N; sul2
562.99891,susceptible,susceptible,susceptible,susceptible,susceptible,acrF; blaEC; cyaA_S352T; emrD; mdtM
562.99892,RESISTANT,susceptible,RESISTANT,RESISTANT,RESISTANT,aac(3)-IId; aph(3'')-Ib; aph(6)-Id; blaEC; blaTEM-1; catA1; cyaA_S352T; dfrA17; gyrA_D87N; gyrA_S83L; mdtM; parC_S80I; parE_S458A; sul2; tet(B)
562.99893,susceptible,susceptible,susceptible,susceptible,susceptible,acrF; blaEC; emrD; marR_S3N
562.99894,RESISTANT,susceptible,susceptible,susceptible,susceptible,acrF; blaEC; blaTEM-1; catA1; cyaA_S352T; emrD; gyrA_S83L; mdtM; parC_E84G; sul2; tet(B)
562.99895,susceptible,susceptible,susceptible,susceptible,susceptible,acrF; blaEC; emrD; marR_S3N; mdtM
562.99896,RESISTANT,susceptible,susceptible,susceptible,susceptible,aadA5; acrF; aph(3'')-Ib; aph(6)-Id; blaEC; blaTEM-1; cyaA_S352T; dfrA17; emrD; gyrA_D87N; gyrA_S83L; mdtM; mph(A); mrx(A); parC_S57T; parC_S80I; parE_L416F; sul1; sul2; tet(B); uhpT_E350Q
562.99897,RESISTANT,susceptible,susceptible,susceptible,RESISTANT,acrF; aph(3'')-Ib; aph(6)-Id; blaEC; blaTEM-1; dfrA5; emrD; marR_S3N; sul2
562.99898,RESISTANT,susceptible,susceptible,susceptible,susceptible,aadA1; acrF; blaEC; blaSHV-1; emrD; sul1
562.99899,RESISTANT,susceptible,susceptible,susceptible,RESISTANT,aadA1; acrF; acrR_Q10Ter; blaEC-5; blaTEM-1; dfrA1; emrD; sul1; tet(B)
562.99900,susceptible,susceptible,susceptible,susceptible,susceptible,acrF; blaEC-5; emrD
562.99901,susceptible,susceptible,susceptible,susceptible,susceptible,acrF; blaEC; dfrA5; emrD; marR_S3N
562.99902,RESISTANT,susceptible,susceptible,susceptible,susceptible,acrF; aph(3'')-Ib; aph(6)-Id; blaEC; blaTEM-1; emrD; marR_S3N; sul2
562.99903,susceptible,susceptible,susceptible,susceptible,susceptible,acrF; blaEC-5; emrD
562.99904,RESISTANT,susceptible,,RESISTANT,susceptible,aac(3)-IId; acrF; blaEC; blaTEM-1; emrD; gyrA_S83L; mdtM; parE_I529L; parE_S458A; ptsI_V25I; uhpT_E350Q
562.99905,susceptible,susceptible,susceptible,susceptible,susceptible,acrF; blaEC; cyaA_S352T; emrD; mdtM; tet(B)
562.99906,RESISTANT,susceptible,susceptible,susceptible,RESISTANT,aadA2; acrF; aph(3'')-Ib; aph(6)-Id; blaEC-5; blaTEM-1; dfrA12; emrD; mph(A); mrx(A); sul1; sul2; tet(B)
562.99907,susceptible,susceptible,susceptible,susceptible,susceptible,acrF; blaEC; cyaA_S352T; emrD; mdtM
562.99908,susceptible,susceptible,susceptible,susceptible,susceptible,acrF; blaEC; emrD; uhpT_E350Q
562.99909,susceptible,susceptible,susceptible,susceptible,susceptible,acrF; blaEC-5; emrD; marR_S3N; uhpT_E350Q
562.99910,susceptible,susceptible,susceptible,susceptible,susceptible,acrF; blaEC-5; emrD
562.99911,RESISTANT,susceptible,susceptible,susceptible,RESISTANT,acrF; aph(3'')-Ib; aph(6)-Id; blaEC; blaTEM-1; dfrA5; emrD; marR_S3N; mdtM; sul2
562.99912,RESISTANT,susceptible,susceptible,susceptible,susceptible,acrF; aph(3'')-Ib; aph(6)-Id; blaEC; blaTEM-1; emrD; sul2
562.99913,RESISTANT,RESISTANT,susceptible,susceptible,susceptible,acrF; blaCTX-M-14; blaEC; emrD
562.99914,susceptible,susceptible,susceptible,susceptible,susceptible,acrF; blaEC-5; emrD; marR_S3N; mdtM; uhpT_E350Q
562.99915,susceptible,susceptible,susceptible,susceptible,susceptible,acrF; acrR_G28R; ampC_C-11T; blaEC-5; emrD
562.99916,susceptible,susceptible,susceptible,susceptible,susceptible,acrF; blaEC; emrD; marR_S3N; mdtM
562.99917,susceptible,susceptible,susceptible,susceptible,susceptible,acrF; blaEC; emrD; parE_I529L; ptsI_V25I; uhpT_E350Q
562.99918,susceptible,susceptible,susceptible,susceptible,susceptible,blaEC-5; emrD; mdtM
562.99919,susceptible,susceptible,susceptible,susceptible,susceptible,acrF; blaEC; mdtM
562.99920,RESISTANT,susceptible,susceptible,susceptible,RESISTANT,acrF; aph(3'')-Ib; aph(6)-Id; blaEC; blaTEM-1; dfrA5; mdtM; sul2; tet(A)
562.99921,susceptible,susceptible,susceptible,susceptible,susceptible,acrF; blaEC; mdtM
562.99922,susceptible,susceptible,susceptible,susceptible,susceptible,aadA1; acrF; blaEC-5; emrD; sul1
562.99923,susceptible,susceptible,susceptible,susceptible,susceptible,acrF; blaEC; cyaA_S352T; emrD
562.99924,susceptible,susceptible,susceptible,susceptible,susceptible,acrF; blaEC; emrD; marR_S3N; mdtM
562.99925,susceptible,susceptible,susceptible,susceptible,susceptible,acrF; aph(3'')-Ib; aph(6)-Id; blaEC; emrD
562.99926,susceptible,susceptible,susceptible,susceptible,susceptible,acrF; blaEC; cyaA_S352T; emrD; mdtM
562.99927,RESISTANT,susceptible,RESISTANT,RESISTANT,susceptible,aac(3)-IId; acrF; blaEC; blaTEM-1; emrD; gyrA_D87N; gyrA_S83L; mdtM; parC_E84V; parC_S80I; parE_I529L; ptsI_V25I; uhpT_E350Q
562.99928,RESISTANT,susceptible,susceptible,susceptible,RESISTANT,aac(6')-Ib-cr5; acrF; aph(3'')-Ib; aph(6)-Id; blaEC; blaOXA-1; blaTEM-1; catB3; cyaA_S352T; dfrA14; emrD; mdtM; mph(A); mrx(A); sul2
562.99929,RESISTANT,susceptible,RESISTANT,susceptible,susceptible,acrF; blaEC-5; blaTEM-1; emrD; gyrA_D87N; gyrA_S83L; marR_S3N; parC_S80I; parE_L416F; uhpT_E350Q
562.99930,susceptible,susceptible,susceptible,susceptible,susceptible,acrF; blaEC; emrD; marR_S3N; mdtM
562.99931,RESISTANT,RESISTANT,RESISTANT,RESISTANT,susceptible,aac(3)-IId; aac(6')-Ib-cr5; aadA5; acrF; arr; blaCMY-42; blaEC; blaOXA-1; blaTEM-1; catA1; catB3; dfrA17; gyrA_D87N; gyrA_S83L; mdtM; mph(A); mrx(A); nfsA_R203C; parC_S80I; parE_S458A; sul1; tet(B)
562.99932,susceptible,susceptible,susceptible,susceptible,RESISTANT,aadA1; acrF; aph(3'')-Ib; aph(6)-Id; blaEC-5; dfrA1; emrD; mph(B); rdmCL; sul1; sul2; uhpT_E350Q
562.99933,susceptible,susceptible,susceptible,susceptible,susceptible,acrF; blaEC; emrD; marR_S3N; mdtM
562.99934,susceptible,susceptible,susceptible,susceptible,susceptible,acrF; blaEC-5; emrD
562.99935,RESISTANT,susceptible,susceptible,susceptible,susceptible,acrF; blaEC; blaTEM-1; emrD; marR_S3N
562.99936,RESISTANT,susceptible,RESISTANT,susceptible,susceptible,acrF; blaEC; blaTEM-1; emrD; gyrA_D87N; gyrA_S83L; mdtM; parC_E84V; parC_S80I; parE_I529L; ptsI_V25I; uhpT_E350Q
562.99937,RESISTANT,susceptible,susceptible,susceptible,susceptible,acrF; aph(3'')-Ib; aph(6)-Id; blaEC-5; blaTEM-1; emrD; sul2
562.99938,RESISTANT,susceptible,RESISTANT,RESISTANT,RESISTANT,aac(3)-IId; aadA5; acrF; aph(3'')-Ib; aph(6)-Id; blaEC; blaTEM-1; dfrA17; emrD; gyrA_D87N; gyrA_S83L; mdtM; mph(A); mrx(A); parC_E84V; parC_S80I; parE_I529L; ptsI_V25I; sul1; sul2; tet(A); uhpT_E350Q
562.99939,susceptible,susceptible,RESISTANT,susceptible,susceptible,aadA5; blaEC; blaTEM; cyaA_S352T; dfrA17; gyrA_D87N; gyrA_S83L; mdtM; mph(A); mrx(A); parC_S80I; parE_S458A; tet(A)
562.99940,RESISTANT,susceptible,susceptible,susceptible,RESISTANT,aadA1; acrF; blaEC; blaTEM-1; catA1; dfrA1; emrD; nfsA_W159Ter; sul1; tet(B)
562.99941,susceptible,susceptible,susceptible,susceptible,susceptible,acrF; blaEC; cyaA_S352T; emrD; mdtM
562.99942,susceptible,susceptible,susceptible,susceptible,susceptible,acrF; blaEC; cyaA_S352T; emrD; mdtM
562.99943,susceptible,susceptible,susceptible,susceptible,susceptible,acrF; blaEC-5; emrD
562.99944,susceptible,susceptible,susceptible,susceptible,susceptible,acrF; blaEC; mdtM
562.99945,RESISTANT,RESISTANT,RESISTANT,susceptible,RESISTANT,aac(6')-Ib-cr5; aadA5; acrF; blaCTX-M-15; blaEC; blaOXA-1; catB3; dfrA17; emrD; gyrA_D87N; gyrA_S83L; mdtM; mph(A); mrx(A); nfsA_Q72Ter; parC_E84V; parC_S80I; parE_I529L; ptsI_V25I; sul1; uhpT_E350Q
562.99946,RESISTANT,RESISTANT,RESISTANT,susceptible,susceptible,aac(6')-Ib-cr5; aadA5; acrF; blaCTX-M-15; blaEC; blaOXA-1; catB3; dfrA17; emrD; gyrA_D87N; gyrA_S83L; mdtM; parC_E84V; parC_S80I; parE_I529L; ptsI_V25I; tet(A); uhpT_E350Q
562.99947,susceptible,susceptible,susceptible,susceptible,susceptible,acrF; blaEC; cyaA_S352T; emrD; mdtM
562.99948,RESISTANT,RESISTANT,RESISTANT,RESISTANT,RESISTANT,aac(3)-IIe; aac(6')-Ib-cr5; aadA5; acrF; aph(3'')-Ib; aph(6)-Id; blaCTX-M-15; blaEC; blaOXA-1; catB3; dfrA17; emrD; gyrA_D87N; gyrA_S83L; mdtM; mph(A); mrx(A); parC_E84V; parC_S80I; parE_I529L; ptsI_V25I; sul1; sul2; tet(A); uhpT_E350Q
562.99949,susceptible,susceptible,susceptible,susceptible,susceptible,acrF; blaEC; cyaA_S352T; emrD; mdtM
562.99950,RESISTANT,susceptible,susceptible,susceptible,RESISTANT,acrF; aph(3'')-Ib; aph(6)-Id; blaEC; blaTEM-1; cirA_E464Ter; dfrA5; emrD; marR_S3N; sul2
562.99951,RESISTANT,susceptible,susceptible,susceptible,RESISTANT,aadA2; acrF; aph(3'')-Ib; aph(6)-Id; blaEC; blaTEM-1; dfrA12; emrD; mdtM; mph(A); mrx(A); sul1; sul2; tet(B)
562.99952,susceptible,susceptible,susceptible,susceptible,susceptible,acrF; blaEC; emrD; marR_S3N; mdtM
562.99953,susceptible,susceptible,susceptible,susceptible,susceptible,acrF; blaEC-5; emrD
562.99954,susceptible,susceptible,susceptible,susceptible,susceptible,acrF; blaEC; emrD; marR_S3N
562.99955,RESISTANT,susceptible,susceptible,susceptible,RESISTANT,acrF; aph(3'')-Ib; aph(6)-Id; blaEC; blaTEM-1; dfrA5; emrD; parE_I529L; ptsI_V25I; sul2; uhpT_E350Q
562.99956,RESISTANT,susceptible,susceptible,susceptible,susceptible,acrF; blaEC; blaTEM-1; cyaA_S352T; emrD; gyrA_S83L; tet(D)
562.99957,susceptible,susceptible,susceptible,susceptible,susceptible,acrF; blaEC; cirA_S519TerfsTer0; emrD; gyrA_S83L; marR_S3N; nfsA_G154E; tet(D)
562.99958,RESISTANT,RESISTANT,susceptible,susceptible,susceptible,acrF; blaCMY-2; blaEC; mdtM
562.99959,RESISTANT,susceptible,susceptible,susceptible,susceptible,acrF; blaEC-5; blaTEM-1; emrD
562.99960,susceptible,susceptible,susceptible,susceptible,susceptible,acrF; blaEC; mdtM
562.99961,susceptible,susceptible,susceptible,susceptible,susceptible,acrF; blaEC; emrD; marR_S3N; mdtM
562.99962,susceptible,susceptible,RESISTANT,susceptible,susceptible,acrF; blaEC; emrD; marR_S3N
562.99963,susceptible,susceptible,susceptible,susceptible,susceptible,acrF; blaEC; emrD; marR_S3N; mdtM
562.99964,RESISTANT,susceptible,susceptible,susceptible,susceptible,acrF; blaEC-5; blaTEM-1; emrD; mdtM
562.99965,susceptible,susceptible,susceptible,susceptible,susceptible,acrF; blaEC; emrD
562.99966,susceptible,susceptible,susceptible,susceptible,susceptible,acrF; blaEC; emrD; parE_D475E
562.99967,susceptible,susceptible,susceptible,susceptible,susceptible,acrF; blaEC; emrD; marR_S3N; mdtM
562.99968,RESISTANT,,susceptible,susceptible,susceptible,acrF; ampC_C-42T; blaEC; mdtM; uhpT_E350Q
562.99969,susceptible,susceptible,susceptible,susceptible,susceptible,aadA1; acrF; blaEC-5; blaTEM-1; dfrA1; emrD; mdtM; sat2
562.99970,RESISTANT,RESISTANT,,RESISTANT,RESISTANT,aadA1; acrF; ant(2'')-Ia; aph(3'')-Ib; aph(6)-Id; blaEC-5; blaTEM-1; blaTEMp_C32T; catA1; cmlA6; emrD; gyrA_S83L; marR_S3N; mph(A); mrx(A); sul1; uhpT_E350Q
562.99971,RESISTANT,susceptible,susceptible,susceptible,RESISTANT,aadA5; acrF; aph(3'')-Ib; aph(6)-Id; blaEC; blaTEM-1; cyaA_S352T; dfrA17; emrD; gyrA_D87G; gyrA_S83A; mdtM; mph(A); mrx(A); parC_S80R; sul1; sul2
562.99972,susceptible,susceptible,susceptible,susceptible,susceptible,acrF; aph(3'')-Ib; aph(6)-Id; blaEC; blaTEM-1; cirA_V471GfsTer1; emrD; sul2; tet(A)
562.99973,RESISTANT,susceptible,susceptible,,RESISTANT,aadA1; acrF; blaEC-5; blaTEM-1; dfrA1; emrD; mdtM; sat2
562.99974,RESISTANT,susceptible,susceptible,susceptible,RESISTANT,acrF; blaEC-5; emrD
562.99975,susceptible,susceptible,susceptible,susceptible,susceptible,acrF; blaEC; cirA_Q56Ter; cyaA_S352T; emrD; mdtM; parE_I355T; uhpT_E350Q
562.99976,RESISTANT,susceptible,RESISTANT,susceptible,susceptible,aadA5; acrF; aph(3'')-Ib; aph(6)-Id; blaEC; blaTEM-1; dfrA17; emrD; gyrA_S83L; mdtM; mph(A); mrx(A); parE_I529L; ptsI_V25I; sul1; sul2; tet(A); uhpT_E350Q
562.99977,RESISTANT,susceptible,susceptible,susceptible,susceptible,acrF; aph(3'')-Ib; aph(6)-Id; blaEC; blaTEM-1; dfrA5; mdtM; sul2
562.99978,RESISTANT,susceptible,RESISTANT,susceptible,RESISTANT,acrF; aph(3'')-Ib; aph(6)-Id; blaEC; blaTEM-1; catA1; dfrA7; emrD; marR_S3N; sul1; sul2; uhpT_E350Q
562.99979,RESISTANT,,susceptible,susceptible,RESISTANT,aadA1; aadA2; acrF; blaEC; blaTEM-1; cirA_D46MfsTer21; cmlA1; estX-3; mdtM; sul3; tet(A)
562.99980,RESISTANT,susceptible,susceptible,susceptible,RESISTANT,acrF; blaEC; cirA_Q56Ter; cyaA_S352T; emrD; mdtM; parE_I355T; uhpT_E350Q
562.99981,susceptible,susceptible,susceptible,susceptible,susceptible,aadA5; acrF; blaEC; cyaA_S352T; dfrA17; emrD; gyrA_D87N; gyrA_S83L; mph(A); mrx(A); parC_S80I; sul1; tet(A)
562.99982,RESISTANT,susceptible,susceptible,susceptible,susceptible,acrF; aph(3'')-Ib; aph(6)-Id; blaEC; blaTEM-1; emrD; marR_S3N; mdtM; sul2
562.99983,susceptible,susceptible,susceptible,,susceptible,acrF; aph(3'')-Ib; aph(6)-Id; blaEC-5; blaTEM-1; catA1; dfrA7; emrD; nfsA_Q72Ter; sul1; sul2
562.99984,susceptible,susceptible,susceptible,susceptible,susceptible,aadA1; acrF; aph(3'')-Ib; aph(6)-Id; blaEC-5; blaTEM-1; blaTEMp_C32T; catA1; dfrA1; emrD; sul1; sul2; tet(B)
562.99985,RESISTANT,RESISTANT,RESISTANT,susceptible,RESISTANT,aadA1; acrF; blaEC; cyaA_S352T; dfrA1; emrD
562.99986,susceptible,susceptible,susceptible,susceptible,susceptible,acrF; blaEC; cyaA_S352T; emrD; mdtM
562.99987,susceptible,susceptible,susceptible,,susceptible,acrF; blaEC; emrD
562.99988,susceptible,susceptible,susceptible,susceptible,susceptible,acrF; aph(3'')-Ib; aph(6)-Id; blaEC-5; blaTEM-1; emrD; mdtM; tet(B)
562.99989,susceptible,susceptible,susceptible,susceptible,susceptible,acrF; blaEC-5; blaTEM-1; emrD; mdtM
562.99990,susceptible,susceptible,susceptible,susceptible,susceptible,acrF; blaEC; mdtM
562.99991,susceptible,susceptible,susceptible,susceptible,susceptible,aadA1; acrF; blaEC-5; blaTEM-1; dfrA1; emrD; mdtM; sat2
562.99992,susceptible,susceptible,susceptible,susceptible,susceptible,acrF; blaEC; cyaA_S352T; dfrA5; emrD; mdtM; sul1
562.99993,RESISTANT,susceptible,,susceptible,RESISTANT,acrF; blaEC-5; emrD; marR_S3N; uhpT_E350Q
562.99994,RESISTANT,susceptible,susceptible,susceptible,RESISTANT,acrF; blaEC; emrD; parE_D475E
562.99995,susceptible,susceptible,susceptible,,susceptible,aac(3)-IIe; aadA5; acrF; acrR_R192IfsTer51; aph(3'')-Ib; aph(6)-Id; blaEC; blaTEM-1; cyaA_S352T; dfrA17; emrD; gyrA_S83L; mdtM; mph(A); mrx(A); sul1; sul2; tet(A)
562.99996,RESISTANT,susceptible,susceptible,susceptible,susceptible,aac(3)-IIe; aadA5; acrF; blaEC; cyaA_S352T; dfrA17; emrD; gyrA_S83L; mdtM; mph(A); mrx(A); sul1
562.99997,susceptible,susceptible,susceptible,susceptible,susceptible,acrF; blaEC-5; emrD; uhpT_E350Q
562.99998,RESISTANT,susceptible,RESISTANT,susceptible,RESISTANT,aadA1; acrF; blaEC; blaTEM-1; blaTEMp_C32T; dfrA1; emrD; sat2; sul1
562.99999,RESISTANT,susceptible,susceptible,RESISTANT,RESISTANT,acrF; blaEC; emrD
