genome_id,size_mb,contigs,n50,ST,dist_to_ecoli,qc_reason,qc_pass
562.100000,5.09,69,336054,131,0.0174879,,True
562.100001,5.08,41,379164,998,0.0,,True
562.100002,5.15,107,133154,141,0.00501979,,True
562.100003,5.12,128,246032,131,0.0175408,,True
562.100004,4.84,117,134396,58,0.033399,,True
562.100005,4.86,87,186474,101,0.0330213,,True
562.100006,5.05,97,262619,127,0.0114597,,True
562.100007,5.26,145,150617,69,0.0327227,,True
562.100008,5.35,206,176741,95,0.0119383,,True
562.100009,4.9,110,161478,34,0.0336389,,True
562.100010,5.0,65,578732,127,0.0113307,,True
562.100011,5.14,110,206160,73,0.0119018,,True
562.100012,5.11,113,206174,73,0.0117655,,True
562.100013,5.05,87,359965,95,0.0129246,,True
562.100014,4.74,71,281354,4598,0.0327758,,True
562.100015,5.23,206,202435,73,0.0132962,,True
562.100016,4.96,169,154180,2328,0.0339473,,True
562.100017,4.88,68,342474,1861,0.0125217,,True
562.100018,5.36,116,204587,131,0.0170399,,True
562.100019,5.37,80,357947,95,0.014318,,True
562.100020,5.02,56,286223,95,0.0127862,,True
562.100021,4.55,50,327664,1304,0.0321244,,True
562.100022,5.05,127,118533,69,0.0323853,,True
562.100023,5.27,131,259892,131,0.0178312,,True
562.100024,5.07,104,262451,127,0.0116075,,True
562.100025,4.91,149,205228,88,0.0331179,,True
562.100026,5.06,64,358472,372,0.0121956,,True
562.100027,5.03,98,185271,1723,0.0341695,,True
562.100028,5.12,90,262387,127,0.0119155,,True
562.100029,4.86,57,471119,636,0.0115134,,True
562.100030,5.12,93,251009,80,0.0121679,,True
562.100031,5.02,97,244415,69,0.0323643,,True
562.100032,5.28,130,311471,95,0.0125076,,True
562.100033,4.83,105,134333,58,0.0333339,,True
562.100034,5.2,152,155069,69,0.0323224,,True
562.100035,4.88,45,311865,357,0.0152031,,True
562.100036,5.08,91,270729,390,0.012131,,True
562.100037,5.14,84,285752,131,0.0160586,,True
562.100038,5.16,129,184571,38,0.0310244,,True
562.100039,4.79,113,154071,10,0.032312,,True
562.100040,5.22,82,357868,95,0.0132621,,True
562.100041,5.15,100,286895,127,0.0120482,,True
562.100042,5.26,147,234336,73,0.0126441,,True
562.100043,5.3,125,166502,69,0.0330535,,True
562.100044,5.2,128,216903,131,0.0174996,,True
562.100045,5.27,101,210669,69,0.0328716,,True
562.100046,5.09,138,162010,67,0.033628,,True
562.100047,5.22,69,319576,131,0.017167,,True
562.100048,5.21,111,154642,69,0.0326803,,True
562.100049,5.62,208,152829,69,0.0344048,,True
562.100050,5.17,172,89838,405,0.0318556,,True
562.100051,5.03,73,379722,73,0.0119063,,True
562.100052,4.93,237,99909,10,0.0337597,,True
562.100053,5.02,107,287338,73,0.0125452,,True
562.100054,5.05,95,268980,141,0.00512897,,True
562.100055,5.08,102,174499,10273,0.0252411,,True
562.100056,5.15,167,226953,144,0.0123208,,True
562.100057,4.95,64,345107,73,0.0124187,,True
562.100058,5.34,109,190751,131,0.0173181,,True
562.100059,5.39,138,182642,69,0.0323643,,True
562.100060,5.15,112,234024,73,0.0118471,,True
562.100061,5.06,88,301235,90,0.0332689,,True
562.100062,5.13,101,305048,12,0.01192,,True
562.100063,4.7,72,198692,2067,0.0329464,,True
562.100064,5.17,94,362167,73,0.012358,,True
562.100065,4.75,73,279978,154,0.0335078,,True
562.100066,5.05,95,361449,12,0.0112599,,True
562.100067,4.61,102,124684,8867,0.0322285,,True
562.100068,5.11,94,362155,73,0.0117383,,True
562.100069,4.9,170,97145,2531,0.0342925,,True
562.100070,5.01,98,329435,131,0.0166967,,True
562.100071,5.19,83,255915,95,0.0134085,,True
562.100072,5.01,105,264436,69,0.0319277,,True
562.100073,5.06,129,303005,23,0.0330106,,True
562.100074,5.33,166,267156,14,0.0144768,,True
562.100075,5.04,120,170355,69,0.0311847,,True
562.100076,5.04,124,177720,607,0.033903,,True
562.100077,5.12,87,222972,69,0.0320104,,True
562.100078,4.96,49,455542,95,0.012428,,True
562.100079,5.02,85,342888,73,0.0128243,,True
562.100080,5.08,92,319754,12,0.0117881,,True
562.100081,5.05,96,307220,73,0.0110007,,True
562.100082,5.39,247,86549,1652,0.0324693,,True
562.100083,5.02,143,129014,617,0.0345287,,True
562.100084,5.18,90,206902,131,0.0170802,,True
562.100085,5.39,92,234743,131,0.0170514,,True
562.100086,5.2,194,99597,405,0.0321036,,True
562.100087,5.12,80,241349,10293,0.0121863,,True
562.100088,5.11,106,334140,88,0.0332365,,True
562.100089,5.19,155,206171,73,0.0121632,,True
562.100090,5.36,82,480048,10269,0.0340138,,True
562.100091,4.92,67,501643,135,0.0103605,,True
562.100092,5.21,119,245126,12,0.0132184,,True
562.100093,5.1,82,268255,95,0.0109746,,True
562.100094,4.89,76,254798,83,0.0150232,,True
562.100095,4.87,74,266792,349,0.0314065,,True
562.100096,5.1,112,362929,1331,0.0117293,,True
562.100097,5.06,67,281995,95,0.0129006,,True
562.100098,5.06,91,206321,602,0.0345175,,True
562.100099,5.07,74,361219,28,0.0147093,,True
562.100100,5.27,158,202436,73,0.0122465,,True
562.100101,4.91,76,345283,1618,0.011639,,True
562.100102,4.9,68,226300,91,0.015076,,True
562.100103,4.97,88,364399,127,0.0111189,,True
562.100104,5.1,96,207078,38,0.0322076,,True
562.100105,5.36,114,268249,95,0.0129868,,True
562.100106,4.77,36,721966,135,0.00947089,,True
562.100107,5.02,87,243201,69,0.0323434,,True
562.100108,4.75,66,270466,348,0.0324798,,True
562.100109,4.88,107,116627,155,0.0339251,,True
562.100110,5.04,95,219521,88,0.033323,,True
562.100111,5.13,98,326959,141,0.00558889,,True
562.100112,5.05,140,192505,117,0.0249606,,True
562.100113,5.12,88,225714,929,0.0117428,,True
562.100114,5.29,149,211027,131,0.0168505,,True
562.100115,4.9,126,192250,10286,0.0335514,,True
562.100116,5.12,126,175622,131,0.0170341,,True
562.100117,5.15,130,237085,1193,0.01441,,True
562.100118,4.6,141,84331,746,0.0328077,,True
562.100119,5.08,128,238489,131,0.0176767,,True
562.100120,5.01,95,314146,12,0.0120941,,True
562.100121,5.11,117,186112,131,0.0170226,,True
562.100122,5.33,185,114775,8915,0.028306,,True
562.100123,5.04,94,269207,162,0.0335405,,True
562.100124,5.16,104,293610,95,0.0135755,,True
562.100125,5.15,131,195526,73,0.0121263,,True
562.100126,5.11,128,236830,95,0.0132524,,True
562.100127,4.74,37,732314,135,0.00969473,,True
562.100128,4.84,54,594057,104,0.0113885,,True
562.100129,5.16,181,182758,73,0.0119109,,True
562.100130,4.97,91,321221,1859,0.0131506,,True
562.100131,5.05,85,303269,421,0.0129102,,True
562.100132,5.06,94,247293,73,0.0119611,,True
562.100133,4.96,72,277824,127,0.0116841,,True
562.100134,5.03,60,574602,95,0.012915,,True
562.100135,5.15,110,287632,73,0.0119063,,True
562.100136,5.22,126,196099,14,0.0136645,,True
562.100137,5.17,150,206171,73,0.0121448,,True
562.100138,4.97,149,134332,58,0.0335405,,True
562.100139,5.27,149,239652,73,0.0130734,,True
562.100140,5.03,73,393906,127,0.0121494,,True
562.100141,5.19,120,268250,95,0.013112,,True
562.100142,5.19,94,288194,959,0.0120619,,True
562.100143,5.15,91,217124,5705,0.0335624,,True
562.100144,4.84,130,130834,58,0.0330857,,True
562.100145,5.12,103,233666,10285,0.0116616,,True
562.100146,4.93,95,343110,73,0.0126819,,True
562.100147,5.02,122,249136,131,0.0171207,,True
562.100148,4.99,90,233087,95,0.0125828,,True
562.100149,4.78,81,227199,10238,0.0329999,,True
562.100150,5.22,166,192865,73,0.0127008,,True
562.100151,5.35,145,182709,1057,0.0134967,,True
562.100152,5.3,108,323916,372,0.0130782,,True
562.100153,5.14,116,265867,12,0.0132864,,True
562.100154,5.18,126,136661,69,0.0329036,,True
562.100155,5.19,155,189516,73,0.0122836,,True
562.100156,4.89,90,260234,201,0.0331395,,True
562.100157,5.08,86,269561,95,0.0131313,,True
562.100158,5.12,218,63953,59,0.0281527,,True
562.100159,4.97,108,218637,73,0.0121217,,True
562.100160,5.28,126,185099,58,0.0339473,,True
562.100161,4.99,164,246012,131,0.0170053,,True
562.100162,5.18,153,287338,73,0.0120757,,True
562.100163,5.36,190,206172,73,0.0130975,,True
562.100164,5.18,121,362294,73,0.0120069,,True
562.100165,5.14,108,287101,73,0.0119018,,True
562.100166,5.03,42,456921,95,0.0129485,,True
562.100167,4.75,114,91940,155,0.0336937,,True
562.100168,5.16,73,333910,106,0.0328823,,True
562.100169,5.51,220,132598,69,0.0332257,,True
562.100170,5.27,137,244415,69,0.0324272,,True
562.100171,5.25,86,268808,141,0.00501338,,True
562.100172,5.08,112,245119,73,0.0117247,,True
562.100173,5.4,146,162077,354,0.0286429,,True
562.100174,5.12,93,232831,69,0.0318762,,True
562.100175,5.16,76,363345,2619,0.0133352,,True
562.100176,5.19,183,226698,73,0.0122882,,True
562.100177,5.2,160,278411,127,0.0119977,,True
562.100178,4.89,67,187877,973,0.0313964,,True
562.100179,5.24,167,108725,69,0.0328183,,True
562.100180,4.97,152,108076,48,0.0337267,,True
562.100181,4.94,88,286894,127,0.0114107,,True
562.100182,5.17,111,343417,12,0.0103689,,True
562.100183,5.29,138,202565,131,0.0169077,,True
562.100184,5.26,156,206172,73,0.0128005,,True
562.100185,5.08,137,210627,69,0.0318968,,True
562.100186,5.09,56,740855,131,0.0159211,,True
562.100187,5.04,185,339039,144,0.0119246,,True
562.100188,4.75,60,720152,1159,0.0065761,,True
562.100189,5.26,192,114774,8915,0.0280808,,True
562.100190,5.13,80,359849,95,0.013006,,True
562.100191,5.06,106,245126,12,0.0125217,,True
562.100192,5.2,157,190808,131,0.0176707,,True
562.100193,5.11,106,216245,12,0.0117474,,True
562.100194,5.28,111,233139,127,0.0126064,,True
562.100195,5.01,103,270915,12,0.0125076,,True
562.100196,4.88,210,64157,59,0.0274863,,True
562.100197,5.08,105,267776,95,0.0129485,,True
562.100198,5.2,160,172156,10278,0.0121263,,True
562.100199,5.05,95,202436,73,0.0118063,,True
562.100200,5.16,138,312346,73,0.0125452,,True
562.100201,5.31,198,148125,69,0.0324693,,True
562.100202,5.36,278,58078,59,0.0294989,,True
562.100203,5.15,81,323441,372,0.0116616,,True
562.100204,4.57,156,81305,1316,0.0336608,,True
562.100205,5.05,130,193588,131,0.017167,,True
562.100206,5.28,128,191571,131,0.0167934,,True
562.100207,5.13,187,195609,73,0.0133987,,True
562.100208,5.45,215,150107,69,0.0328716,,True
562.100209,5.15,80,240088,131,0.0172599,,True
562.100210,5.14,188,219550,73,0.0120344,,True
562.100211,5.11,246,62979,59,0.0277243,,True
562.100212,5.22,144,142072,69,0.0329464,,True
562.100213,5.01,145,202436,73,0.0122836,,True
562.100214,5.01,74,273783,73,0.0123068,,True
562.100215,5.14,107,362833,73,0.0127056,,True
562.100216,5.18,112,202436,10413,0.0125217,,True
562.100217,5.22,127,202418,73,0.0126536,,True
562.100218,5.28,111,222174,131,0.0167934,,True
562.100219,5.11,86,190800,131,0.0161084,,True
562.100220,5.19,128,206175,73,0.0126488,,True
562.100221,4.97,74,286952,127,0.011657,,True
562.100222,5.42,283,123885,405,0.0321036,,True
562.100223,4.81,127,140245,6701,0.0347783,,True
562.100224,4.79,60,313960,2015,0.0100707,,True
562.100225,4.92,81,361981,10264,0.0123766,,True
562.100226,5.2,130,169030,73,0.0126111,,True
562.100227,4.79,62,313960,2015,0.0100748,,True
562.100228,5.31,142,250820,141,0.00622063,,True
562.100229,4.81,97,190251,7303,0.0326168,,True
562.100230,5.07,117,196356,155,0.0345853,,True
562.100231,5.13,55,319575,131,0.0158116,,True
562.100232,5.29,206,116754,405,0.0321764,,True
562.100233,5.07,204,130347,10243,0.0329892,,True
562.100234,5.16,112,146586,69,0.0324693,,True
562.100235,4.99,84,283607,550,0.0128005,,True
562.100236,5.3,126,279018,131,0.0173707,,True
562.100237,5.3,131,281859,95,0.0138785,,True
562.100238,4.89,36,408761,355,0.0106931,,True
562.100239,4.97,82,309085,10279,0.0121033,,True
562.100240,5.1,129,316942,144,0.0128768,,True
562.100241,4.96,48,455542,95,0.0124561,,True
562.100242,5.07,225,102476,62,0.0273375,,True
562.100243,5.12,140,244572,73,0.0120023,,True
562.100244,4.89,46,312489,357,0.015465,,True
562.100245,5.11,98,267741,69,0.0324167,,True
562.100246,4.94,84,233500,421,0.0126819,,True
562.100247,5.22,119,202418,73,0.0125969,,True
562.100248,5.12,93,359851,95,0.0130879,,True
562.100249,5.04,90,198444,162,0.0338699,,True
562.100250,5.08,105,232481,421,0.0131506,,True
562.100251,5.04,67,365393,73,0.0122558,,True
562.100252,5.32,158,147631,38,0.0313661,,True
562.100253,5.01,95,356252,88,0.0328183,,True
562.100254,4.91,36,440531,538,0.0162081,,True
562.100255,5.15,106,361134,73,0.0114597,,True
562.100256,5.21,135,317242,12,0.0136496,,True
562.100257,4.97,103,268980,141,0.00529723,,True
562.100258,4.89,55,238923,10263,0.0126819,,True
562.100259,5.09,121,256982,144,0.0118653,,True
562.100260,5.09,95,185283,38,0.0309446,,True
562.100261,5.17,114,287429,12,0.0131555,,True
562.100262,5.02,77,209184,131,0.0167535,,True
562.100263,4.98,183,96673,44,0.034036,,True
562.100264,5.13,132,234336,73,0.012228,,True
562.100265,5.22,136,179573,224,0.0339251,,True
562.100266,5.43,116,135272,69,0.0331502,,True
562.100267,5.11,131,268774,141,0.00541137,,True
562.100268,4.8,57,356638,372,0.0124561,,True
562.100269,5.35,131,210988,394,0.0325113,,True
562.100270,5.19,169,234542,95,0.0114508,,True
562.100271,5.1,67,352480,95,0.0130012,,True
562.100272,5.16,150,213892,73,0.0120895,,True
562.100273,5.03,163,193197,58,0.033486,,True
562.100274,4.95,72,302241,567,0.0118972,,True
562.100275,5.26,109,174401,131,0.0171322,,True
562.100276,4.97,80,286894,127,0.011657,,True
562.100277,5.0,118,363140,10260,0.0113618,,True
562.100278,5.39,119,190808,131,0.0172308,,True
562.100279,5.06,72,352400,95,0.0129198,,True
562.100280,5.05,54,286908,126,0.0109484,,True
562.100281,5.1,84,217518,131,0.0170514,,True
562.100282,5.17,107,325826,73,0.0119794,,True
562.100283,4.99,93,171942,131,0.0163642,,True
562.100284,5.12,109,339978,95,0.0118699,,True
562.100285,5.0,147,158717,117,0.0246515,,True
562.100286,5.25,127,180655,69,0.0322285,,True
562.100287,5.15,100,339083,12,0.0121863,,True
562.100288,5.12,97,234684,421,0.0131313,,True
562.100289,4.81,74,266793,349,0.031245,,True
562.100290,5.16,123,304097,73,0.0119611,,True
562.100291,4.66,46,621623,569,0.0100207,,True
562.100292,4.94,125,228243,636,0.0135706,,True
562.100293,5.21,149,181143,10407,0.034416,,True
562.100294,5.04,127,359123,73,0.0113885,,True
562.100295,5.04,119,203642,80,0.0120482,,True
562.100296,5.43,198,190808,131,0.0174116,,True
562.100297,4.95,62,292881,83,0.0160035,,True
562.100298,4.88,72,316597,136,0.0128053,,True
562.100299,5.11,69,352472,95,0.0130927,,True
562.100300,5.04,106,150366,69,0.0311245,,True
562.100301,5.11,113,304396,131,0.0169881,,True
562.100302,4.83,51,321601,978,0.012772,,True
562.100303,4.95,68,361630,428,0.0155026,,True
562.100304,5.21,100,170277,38,0.0320933,,True
562.100305,5.24,159,179738,14,0.0136595,,True
562.100306,5.06,77,269108,141,0.0035958,,True
562.100307,5.07,86,350956,141,0.00562857,,True
562.100308,5.08,28,595971,83,0.016782,,True
562.100309,4.83,80,193199,58,0.0328077,,True
562.100310,5.02,90,325762,95,0.0128863,,True
562.100311,5.03,118,255716,95,0.0128148,,True
562.100312,5.15,99,323345,372,0.0116255,,True
562.100313,5.11,108,244415,69,0.0324272,,True
562.100314,5.22,79,425751,95,0.0123022,,True
562.100315,4.94,55,392964,12,0.0111277,,True
562.100316,5.2,221,64159,59,0.028036,,True
562.100317,5.29,182,155066,69,0.0328823,,True
562.100318,5.12,90,520258,372,0.0111277,,True
562.100319,5.11,140,324938,968,0.0119337,,True
562.100320,5.18,130,250556,12,0.0122187,,True
562.100321,5.13,102,166529,69,0.0315894,,True
562.100322,5.17,117,216413,12,0.0135066,,True
562.100323,5.12,128,139249,69,0.0315487,,True
562.100324,4.55,117,96437,685,0.0327546,,True
562.100325,5.08,78,345213,73,0.0117927,,True
562.100326,5.08,108,351409,141,0.00511287,,True
562.100327,5.29,161,109784,69,0.0321972,,True
562.100328,5.0,123,144862,117,0.0243851,,True
562.100329,5.01,113,260085,144,0.012428,,True
562.100330,5.2,136,159664,69,0.0327227,,True
562.100331,5.24,112,204587,131,0.0168676,,True
562.100332,5.0,80,259743,567,0.0119383,,True
562.100333,5.01,103,268980,141,0.00517412,,True
562.100334,5.29,165,221535,69,0.0324062,,True
562.100335,5.3,156,163949,69,0.0313762,,True
562.100336,5.29,159,203098,12,0.0126111,,True
562.100337,4.87,94,151870,10,0.0336718,,True
562.100338,5.17,150,284013,537,0.0127767,,True
562.100339,5.13,108,287653,73,0.0117247,,True
562.100340,5.21,108,201842,69,0.0314775,,True
562.100341,5.08,99,325762,95,0.0130638,,True
562.100342,5.11,115,262443,127,0.0118063,,True
562.100343,5.03,80,276424,131,0.01602,,True
562.100344,5.01,112,224191,224,0.0335187,,True
562.100345,5.32,253,58078,59,0.0289098,,True
562.100346,5.21,155,206045,73,0.0123347,,True
562.100347,5.23,117,428592,1170,0.0168734,,True
562.100348,5.36,147,226207,69,0.032893,,True
562.100349,4.9,80,200156,362,0.0326591,,True
562.100351,5.13,147,359975,95,0.0131506,,True
562.100352,5.02,145,122874,10287,0.0339251,,True
562.100354,4.97,119,217176,117,0.0247621,,True
562.100355,4.7,68,270232,101,0.0328183,,True
562.100356,5.22,190,111168,62,0.0276889,,True
562.100357,4.97,134,131642,641,0.0343037,,True
562.100358,5.25,136,149914,131,0.0168219,,True
562.100359,5.09,83,229308,12,0.0117021,,True
562.100360,4.99,94,221822,1193,0.0137041,,True
562.100361,5.26,88,205897,131,0.017167,,True
562.100362,4.98,99,245907,131,0.0167649,,True
562.100363,4.95,53,342015,357,0.0155026,,True
562.100364,5.28,156,244414,69,0.0322493,,True
562.100365,4.99,122,265588,95,0.0128243,,True
562.100366,5.05,114,362222,73,0.0114152,,True
562.100367,5.17,64,358035,95,0.0131603,,True
562.100368,5.19,141,252550,73,0.0124748,,True
562.100369,5.33,127,197550,69,0.0325535,,True
562.100370,5.01,68,387745,28,0.015251,,True
562.100371,5.17,116,229506,73,0.0122697,,True
562.100372,5.02,121,191061,131,0.0170456,,True
562.100373,5.15,135,227266,73,0.0119337,,True
562.100374,5.25,127,210955,1684,0.0343261,,True
562.100375,5.16,86,199062,131,0.0170456,,True
562.100376,5.22,115,190172,646,0.0109964,,True
562.100377,4.94,87,305723,421,0.0126725,,True
562.100378,5.07,119,303997,141,0.00523233,,True
562.100379,5.0,76,369422,73,0.0115761,,True
562.100380,4.87,151,252105,1441,0.0122048,,True
562.100381,5.02,116,351409,141,0.00513219,,True
562.100382,5.22,161,231966,73,0.0120298,,True
562.100383,5.07,133,278595,127,0.0115044,,True
562.100384,5.24,150,182701,69,0.032218,,True
562.100385,5.17,153,106575,69,0.0321036,,True
562.100386,5.17,141,245907,131,0.0177182,,True
562.100387,5.24,153,212289,73,0.0126488,,True
562.100388,5.05,181,224235,131,0.0171265,,True
562.100389,4.82,62,314020,538,0.015828,,True
562.100390,4.6,173,77970,3203,0.0329036,,True
562.100391,5.19,72,281989,95,0.0133742,,True
562.100392,4.85,74,269308,1444,0.0115223,,True
562.100393,5.13,123,204145,69,0.0315792,,True
562.100394,4.72,79,252334,88,0.0324693,,True
562.100395,5.38,161,146716,69,0.0325324,,True
562.100396,5.06,76,285752,131,0.0156647,,True
562.100397,5.19,104,163183,69,0.0324062,,True
562.100398,5.06,108,205150,73,0.0122929,,True
562.100399,4.97,57,307934,131,0.0155188,,True
562.100400,4.86,85,258061,10234,0.0314369,,True
562.100401,5.08,62,300972,131,0.0170802,,True
562.100402,4.78,21,738752,7627,0.0122511,,True
562.100403,4.81,41,478030,1170,0.0151395,,True
562.100404,5.09,115,287590,73,0.0117474,,True
562.100405,5.02,71,216494,131,0.016482,,True
562.100406,5.1,78,341969,12,0.0118835,,True
562.100407,5.14,152,195581,73,0.0118335,,True
562.100408,4.97,67,206842,998,0.000933857,,True
562.100409,4.83,63,231383,162,0.0332906,,True
562.100410,5.18,125,245027,12,0.0129629,,True
562.100411,5.01,97,178316,1086,0.0325746,,True
562.100412,5.12,253,118352,10,0.0334533,,True
562.100413,5.19,80,360021,95,0.0131797,,True
562.100414,5.15,118,287333,73,0.0119291,,True
562.100415,5.15,138,202435,73,0.0121863,,True
562.100416,5.12,128,111118,69,0.0318351,,True
562.100417,5.11,120,205155,73,0.0126961,,True
562.100418,5.08,94,253835,12,0.0133938,,True
562.100419,5.17,84,359967,95,0.0130541,,True
562.100420,5.06,82,250196,131,0.0167365,,True
562.100421,5.04,98,238315,421,0.0129437,,True
562.100422,4.76,58,289560,372,0.0120803,,True
562.100423,5.09,113,174833,404,0.013719,,True
562.100424,4.87,69,319161,69,0.0317324,,True
562.100425,5.0,75,544221,1236,0.016136,,True
562.100426,4.98,46,567948,95,0.0127625,,True
562.100427,5.25,151,204587,131,0.0167535,,True
562.100428,4.98,94,318373,996,0.0111673,,True
562.100429,5.05,76,190808,131,0.0169766,,True
562.100430,4.71,97,153159,218,0.0332689,,True
562.100431,5.09,118,224750,73,0.0103351,,True
562.100432,5.22,125,210618,69,0.032114,,True
562.100433,5.34,183,92484,69,0.0319484,,True
562.100434,5.12,91,281990,95,0.013112,,True
562.100435,5.29,220,75616,405,0.031356,,True
562.100436,5.01,67,339543,919,0.013233,,True
562.100437,5.03,104,244803,10,0.0334316,,True
562.100438,5.13,109,222972,69,0.0318865,,True
562.100439,5.14,118,154609,1115,0.034416,,True
562.100440,4.96,94,428596,88,0.0333881,,True
562.100441,5.25,84,274482,141,0.00414504,,True
562.100442,5.14,133,172898,69,0.031794,,True
562.100443,4.96,62,440532,538,0.0160311,,True
562.100444,5.21,132,177408,69,0.0324587,,True
562.100445,4.95,79,221822,1193,0.0135755,,True
562.100446,4.91,118,125790,58,0.0336499,,True
562.100447,5.0,105,263647,127,0.0113174,,True
562.100448,5.12,54,373265,83,0.0157408,,True
562.100449,5.13,112,190808,131,0.0170053,,True
562.100450,5.14,116,287335,73,0.0118972,,True
562.100451,5.03,71,384999,141,0.00529723,,True
562.100452,5.26,144,145790,405,0.0315385,,True
562.100453,5.07,117,284575,783,0.0330964,,True
562.100454,5.04,100,309839,12,0.0112599,,True
562.100455,5.22,129,202418,73,0.0126252,,True
562.100456,5.26,157,217633,73,0.0122697,,True
562.100457,5.21,111,324841,141,0.00424287,,True
562.100458,5.07,102,311939,73,0.0117021,,True
562.100459,5.07,119,320793,141,0.00500059,,True
562.100460,5.01,68,384300,12,0.0114865,,True
562.100461,5.2,102,359850,95,0.0133742,,True
562.100462,4.79,125,93836,409,0.034203,,True
562.100463,5.11,131,202436,73,0.0117836,,True
562.100464,5.12,75,357876,95,0.013199,,True
562.100465,5.22,156,204544,73,0.0120665,,True
562.100466,4.92,77,266447,28,0.0145902,,True
562.100467,5.03,86,345283,73,0.011657,,True
562.100468,4.99,95,190808,131,0.0165948,,True
562.100469,5.22,143,223253,372,0.0130541,,True
562.100470,5.17,114,325408,80,0.0126772,,True
562.100471,5.08,73,351544,141,0.00511609,,True
562.100472,4.98,121,317383,88,0.0326063,,True
562.100473,5.26,130,203644,80,0.012915,,True
562.100474,5.33,131,185103,69,0.0331395,,True
562.100475,5.19,99,222183,131,0.0172134,,True
562.100476,5.13,108,203755,95,0.0129389,,True
562.100477,5.22,128,268225,95,0.0138935,,True
562.100478,4.97,177,118768,10,0.0335842,,True
562.100479,5.13,140,210626,69,0.0321972,,True
562.100480,5.2,115,229676,73,0.0121033,,True
562.100481,4.67,169,98196,4358,0.0329357,,True
562.100482,4.95,63,285266,101,0.0331825,,True
562.100483,5.22,105,285784,131,0.0164708,,True
562.100484,5.15,57,696953,3057,0.0406962,,True
562.100485,5.09,188,112175,62,0.0273375,,True
562.100486,4.98,85,283621,1193,0.0137637,,True
562.100487,5.11,66,357915,2619,0.013141,,True
562.100488,4.91,81,279585,131,0.016902,,True
562.100489,4.66,67,190086,1706,0.0320933,,True
562.100490,5.01,135,134332,58,0.0335405,,True
562.100491,5.15,85,308748,12,0.01192,,True
562.100492,5.01,208,117877,23,0.0324167,,True
562.100493,4.93,64,328853,2673,0.033161,,True
562.100494,5.26,147,203741,95,0.0133693,,True
562.100495,5.17,157,128213,69,0.0320829,,True
562.100496,5.16,168,202436,73,0.0120941,,True
562.100497,5.05,121,183462,131,0.0168448,,True
562.100498,5.24,196,212440,144,0.0129341,,True
562.100499,5.14,137,226203,73,0.0122141,,True
562.100500,5.08,101,222769,73,0.0116435,,True
562.100501,5.04,139,236149,131,0.0170687,,True
562.100502,5.12,151,107410,69,0.0315588,,True
562.100503,5.02,147,187425,117,0.0251526,,True
562.100504,5.42,179,150098,38,0.0326168,,True
562.100505,5.03,93,330971,95,0.0127103,,True
562.100506,5.16,95,261809,393,0.0327333,,True
562.100507,5.27,133,122279,69,0.0328077,,True
562.100508,5.16,71,252915,362,0.0322389,,True
562.100509,4.96,106,134332,58,0.0335296,,True
562.100510,5.13,99,173576,131,0.0171496,,True
562.100511,4.71,100,111247,1147,0.0322598,,True
562.100512,5.16,181,202435,73,0.0129437,,True
562.100513,5.11,128,234990,95,0.0134085,,True
562.100514,5.02,141,186955,117,0.0251687,,True
562.100515,4.96,97,237466,69,0.0317017,,True
562.100516,5.15,147,170531,362,0.0315487,,True
562.100517,5.19,101,270175,372,0.0129629,,True
562.100518,5.17,131,282045,95,0.0133449,,True
562.100519,5.2,114,341413,537,0.0126536,,True
562.100520,4.99,109,274528,127,0.0113352,,True
562.100521,4.98,144,134221,58,0.0338478,,True
562.100522,5.16,120,286895,10414,0.011879,,True
562.100523,5.18,175,139198,38,0.0312651,,True
562.100524,5.22,85,288040,95,0.0132184,,True
562.100525,5.07,96,198246,162,0.0342142,,True
562.100526,5.39,158,172816,131,0.0172832,,True
562.100527,5.09,110,361630,428,0.0161804,,True
562.100528,5.08,109,252895,550,0.013233,,True
562.100529,5.07,141,280834,428,0.0163531,,True
562.100530,5.04,101,170355,69,0.0311044,,True
562.100531,5.16,150,114756,69,0.0318968,,True
562.100532,4.64,311,35646,10257,0.0347783,,True
562.100533,5.27,116,172618,131,0.0171322,,True
562.100534,4.78,93,222114,6994,0.032861,,True
562.100535,5.03,84,318367,127,0.0121448,,True
562.100536,4.8,31,532687,538,0.0150707,,True
562.100537,5.02,90,316636,136,0.0131216,,True
562.100538,4.91,35,549202,538,0.0154113,,True
562.100539,5.21,118,213892,73,0.0124842,,True
562.100540,4.97,95,228216,224,0.032861,,True
562.100541,5.14,105,235257,131,0.01602,,True
562.100542,5.23,135,220638,12,0.0134329,,True
562.100543,5.09,147,151498,10,0.0329036,,True
562.100544,4.99,104,210743,69,0.0317529,,True
562.100545,5.15,196,108333,62,0.0272678,,True
562.100546,5.29,168,106575,69,0.0321972,,True
562.100547,5.08,141,149730,10,0.0342142,,True
562.100548,5.15,97,268250,95,0.0128195,,True
562.100549,5.17,169,191084,131,0.0176175,,True
562.100550,5.09,122,202464,73,0.0117202,,True
562.100551,5.05,106,209361,73,0.0124607,,True
562.100552,5.03,101,219918,550,0.0129964,,True
562.100553,5.01,98,221823,1193,0.0138935,,True
562.100554,5.19,110,191350,131,0.0168505,,True
562.100555,5.22,131,173575,131,0.0173941,,True
562.100556,4.8,65,270546,2178,0.0324482,,True
562.100557,5.01,57,255406,126,0.0110051,,True
562.100558,5.15,150,168165,69,0.0318453,,True
562.100559,4.98,63,345718,88,0.0334533,,True
562.100560,5.1,82,237085,1193,0.0141756,,True
562.100561,5.04,112,170355,69,0.0311144,,True
562.100562,5.06,101,322859,73,0.0126064,,True
562.100563,5.08,81,237085,1193,0.0144152,,True
562.100564,4.91,79,682332,88,0.0335405,,True
562.100565,5.17,145,186954,131,0.0179508,,True
562.100566,5.19,64,268367,91,0.0163754,,True
562.100567,5.32,170,137376,10290,0.0327758,,True
562.100568,5.02,179,174500,117,0.0248016,,True
562.100569,4.96,102,217459,73,0.0122836,,True
562.100570,5.17,162,121491,69,0.0320725,,True
562.100571,5.03,88,400823,428,0.015987,,True
562.100572,4.92,45,299082,355,0.0109876,,True
562.100573,5.0,124,252760,73,0.0111277,,True
562.100574,5.16,97,182640,69,0.0324062,,True
562.100575,5.08,84,406125,73,0.0116435,,True
562.100576,5.34,172,231810,14,0.0142467,,True
562.100577,5.05,139,316942,144,0.0126961,,True
562.100578,5.03,94,208446,421,0.0129198,,True
562.100579,5.13,137,266598,95,0.0135508,,True
562.100580,5.23,166,168337,12,0.0124467,,True
562.100581,5.05,141,255424,127,0.0114241,,True
562.100582,5.0,89,270586,421,0.0128148,,True
562.100583,5.06,88,173689,131,0.0169651,,True
562.100584,5.03,128,236829,95,0.0129341,,True
562.100585,5.25,116,249535,14,0.0141604,,True
562.100586,5.39,110,281989,14,0.0147874,,True
562.100587,5.25,104,161702,131,0.0162749,,True
562.100588,4.96,46,311087,12,0.0124046,,True
562.100589,5.17,209,90072,504,0.0137986,,True
562.100590,5.21,115,298579,12,0.0132427,,True
562.100591,5.16,55,382224,126,0.0122141,,True
562.100592,5.26,144,199510,648,0.0288636,,True
562.100593,4.95,77,252105,1441,0.0125734,,True
562.100594,4.69,59,333871,919,0.0120941,,True
562.100595,5.08,68,425877,95,0.0130253,,True
562.100596,4.99,91,325762,95,0.0127198,,True
562.100597,5.08,120,413506,73,0.01177,,True
562.100598,4.93,61,307631,127,0.011639,,True
562.100599,4.91,69,536820,127,0.0110226,,True
562.100600,5.11,110,306087,95,0.0132573,,True
562.100601,4.95,96,347059,141,0.00509357,,True
562.100602,5.08,79,385101,141,0.00522262,,True
562.100603,4.94,173,108947,58,0.0337377,,True
562.100604,5.24,86,218528,95,0.0132281,,True
562.100605,5.14,89,245923,131,0.0170514,,True
562.100606,5.15,106,238194,95,0.0134085,,True
562.100607,5.14,165,236830,95,0.0132719,,True
562.100608,5.15,139,361965,73,0.0118699,,True
562.100609,5.21,122,268225,95,0.0139235,,True
562.100610,5.28,122,366155,10409,0.0131071,,True
562.100611,4.72,80,316022,491,0.0121448,,True
562.100612,4.73,68,162533,10256,0.034036,,True
562.100613,5.12,178,91338,405,0.0322702,,True
562.100614,4.87,74,178494,641,0.0337267,,True
562.100615,5.26,120,244415,69,0.0325113,,True
562.100616,5.24,226,63222,59,0.0283694,,True
562.100617,4.97,49,440532,538,0.0160145,,True
562.100618,5.03,69,297469,362,0.0324062,,True
562.100619,5.34,176,170959,14,0.0144306,,True
562.100620,4.9,67,225658,91,0.0151342,,True
562.100621,4.97,64,281995,2619,0.0125593,,True
562.100622,4.99,107,254616,131,0.0165665,,True
562.100623,5.16,97,287357,73,0.0128624,,True
562.100624,5.03,82,281988,95,0.0128529,,True
562.100625,5.44,144,111118,69,0.0332797,,True
562.100626,4.77,106,133845,10,0.0329999,,True
562.100627,5.14,140,213904,73,0.012265,,True
562.100628,5.27,141,214782,69,0.0324798,,True
562.100629,4.91,57,388071,12,0.0110663,,True
562.100630,5.35,120,294731,10268,0.031356,,True
562.100631,5.03,39,758640,131,0.015465,,True
562.100632,5.12,89,191291,131,0.0170514,,True
562.100633,4.73,48,340698,5644,0.0112599,,True
562.100634,5.14,112,279877,10212,0.0122233,,True
562.100635,5.12,135,173914,12,0.0118608,,True
562.100636,5.02,111,267271,-,0.0140089,,True
562.100637,5.0,41,322713,127,0.0123394,,True
562.100638,5.02,60,317432,131,0.0154811,,True
562.100639,5.23,162,250118,1057,0.0127245,,True
562.100640,5.02,97,215880,1193,0.0139586,,True
562.100641,5.11,132,234337,73,0.0119657,,True
562.100642,5.23,83,316820,95,0.0134722,,True
562.100643,4.96,89,173019,448,0.033161,,True
562.100644,5.21,168,204360,69,0.032564,,True
562.100645,5.13,105,270075,421,0.0134624,,True
562.100646,5.2,152,166822,69,0.0327015,,True
562.100647,5.15,105,343303,12,0.0103562,,True
562.100648,5.15,68,352423,95,0.0132719,,True
562.100649,4.99,68,719799,10218,0.00761458,,True
562.100650,5.22,114,210627,69,0.0322702,,True
562.100651,4.83,80,235923,348,0.0328396,,True
562.100652,5.24,152,227840,73,0.0121079,,True
562.100653,5.23,128,208000,131,0.0175526,,True
562.100654,4.97,121,176731,144,0.0119703,,True
562.100655,5.15,120,157761,69,0.0325219,,True
562.100656,4.65,66,265585,101,0.032564,,True
562.100657,5.2,106,268250,95,0.0124046,,True
562.100658,5.08,102,174805,95,0.011984,,True
562.100659,5.07,65,358228,357,0.0162026,,True
562.100660,4.98,112,268212,95,0.0127388,,True
562.100661,5.16,160,96490,69,0.0320933,,True
562.100662,5.28,230,118745,10258,0.0317837,,True
562.100663,5.06,95,188228,88,0.0321036,,True
562.100664,5.06,177,217182,117,0.0248254,,True
562.100665,5.05,71,209197,131,0.0165835,,True
562.100666,5.13,90,209197,10405,0.0169766,,True
562.100667,5.33,178,184903,73,0.013199,,True
562.100668,5.17,157,173353,1057,0.0125123,,True
562.100669,4.93,114,207624,394,0.0319794,,True
562.100670,5.19,122,280697,73,0.0119657,,True
562.100671,5.04,96,293197,90,0.0331179,,True
562.100672,5.29,160,206282,69,0.0322911,,True
562.100673,5.02,81,284062,537,0.0126441,,True
562.100674,4.7,100,113355,58,0.0327439,,True
562.100675,5.02,50,307596,10217,0.0322389,,True
562.100676,5.11,86,179526,131,0.016136,,True
562.100677,5.21,133,206172,73,0.0128005,,True
562.100678,5.05,105,234964,131,0.0168276,,True
562.100679,5.21,155,147621,38,0.0313357,,True
562.100680,5.06,90,247744,131,0.0166457,,True
562.100681,5.34,207,139241,69,0.0324062,,True
562.100682,5.19,223,131630,10,0.0335952,,True
562.100683,5.26,140,166690,38,0.0313661,,True
562.100684,5.15,185,166691,73,0.0128148,,True
562.100685,5.01,97,346933,141,0.00487629,,True
562.100686,4.76,143,95975,450,0.0330964,,True
562.100687,5.17,123,192109,95,0.0122836,,True
562.100688,5.11,161,190808,131,0.0168505,,True
562.100689,4.65,57,218159,2712,0.02416,,True
562.100690,4.86,128,96436,685,0.033628,,True
562.100691,5.13,157,202436,73,0.012791,,True
562.100692,4.71,28,484791,10214,0.0147509,,True
562.100693,5.15,114,182641,69,0.0318659,,True
562.100694,5.01,128,185000,58,0.0328077,,True
562.100695,5.29,157,142575,69,0.0329677,,True
562.100696,5.15,82,397189,95,0.0122697,,True
562.100697,5.16,137,167860,69,0.0318453,,True
562.100698,4.73,128,295964,10,0.032829,,True
562.100699,5.06,71,367489,127,0.0123953,,True
562.100700,4.8,79,221081,38,0.0309048,,True
562.100701,5.0,136,163590,73,0.0122141,,True
562.100702,5.06,61,352417,95,0.012915,,True
562.100703,4.92,106,166530,398,0.0334207,,True
562.100704,5.07,96,210287,1193,0.0136298,,True
562.100705,5.08,107,177757,69,0.0315996,,True
562.100706,5.26,77,254998,350,0.0331825,,True
562.100707,5.3,205,246019,131,0.0181131,,True
562.100708,5.21,161,174958,14,0.0141249,,True
562.100709,5.03,86,349964,681,0.0139837,,True
562.100710,5.01,47,374784,998,0.00348094,,True
562.100711,4.86,54,436359,357,0.0148605,,True
562.100712,4.62,27,657381,372,0.0113396,,True
562.100713,4.92,92,206870,162,0.0337817,,True
562.100714,5.22,209,153689,117,0.0255084,,True
562.100715,5.06,89,237085,1193,0.0140542,,True
562.100716,5.15,116,205149,73,0.0125969,,True
562.100717,5.25,165,202436,73,0.0117021,,True
562.100718,5.02,48,710771,95,0.0121079,,True
562.100719,5.04,62,336035,131,0.0168905,,True
562.100720,4.84,135,134391,10221,0.0334316,,True
562.100721,5.35,139,253959,648,0.0293763,,True
562.100722,5.08,123,343251,73,0.0129006,,True
562.100723,5.31,205,250811,141,0.00627198,,True
562.100724,5.06,121,167900,3765,0.0341584,,True
562.100725,4.97,68,238317,12,0.0118471,,True
562.100726,5.26,176,286218,95,0.0137091,,True
562.100727,5.02,106,262450,127,0.011282,,True
562.100728,5.09,96,183236,38,0.0310844,,True
562.100729,4.87,84,313901,538,0.016009,,True
562.100730,5.17,86,314145,12,0.0121448,,True
562.100731,5.13,99,196099,1193,0.0144408,,True
562.100732,5.07,100,226809,10253,0.01177,,True
562.100733,5.05,142,200741,12,0.0114508,,True
562.100734,5.16,109,210619,69,0.0319897,,True
562.100735,5.0,88,278595,127,0.0113796,,True
562.100736,5.06,68,352467,95,0.0128959,,True
562.100737,5.01,99,341447,491,0.013083,,True
562.100738,4.8,65,319164,1567,0.0305785,,True
562.100739,5.18,121,304094,73,0.0121494,,True
562.100740,5.1,146,169030,73,0.0123813,,True
562.100741,5.17,146,198519,95,0.0134182,,True
562.100742,5.27,146,158754,131,0.0166344,,True
562.100743,4.99,86,196099,14,0.0131071,,True
562.100744,5.08,125,244415,69,0.0308055,,True
562.100745,4.94,55,353485,1170,0.0155565,,True
562.100746,4.92,87,476055,9962,0.025419,,True
562.100747,5.03,185,191750,1982,0.0170572,,True
562.100748,5.13,105,206160,73,0.0118017,,True
562.100749,4.96,53,370487,12,0.0108876,,True
562.100750,5.4,147,107402,69,0.0323538,,True
562.100751,5.4,170,190808,131,0.017289,,True
562.100752,5.1,124,154276,38,0.0310544,,True
562.100753,5.17,61,286223,95,0.0132621,,True
562.100754,5.06,79,319753,10252,0.0115044,,True
562.100755,5.19,159,190808,131,0.0172366,,True
562.100756,5.03,113,183009,14,0.0128529,,True
562.100757,5.19,123,294533,95,0.0135164,,True
562.100758,4.78,64,279913,1727,0.0327439,,True
562.100759,4.88,66,362072,372,0.0123161,,True
562.100760,5.21,86,306305,73,0.0124701,,True
562.100761,5.07,87,208538,131,0.0167081,,True
562.100762,4.83,75,192405,348,0.0328396,,True
562.100763,5.03,87,355163,10281,0.0128672,,True
562.100764,4.93,45,347185,10215,0.0156539,,True
562.100765,5.1,93,231557,12,0.0117609,,True
562.100766,4.95,36,752278,131,0.0152138,,True
562.100767,5.15,134,216608,73,0.0125217,,True
562.100768,5.24,129,173823,349,0.0319794,,True
562.100769,5.28,122,262812,6767,0.0128911,,True
562.100770,5.22,107,239657,73,0.0127056,,True
562.100771,5.15,115,287632,73,0.0119063,,True
562.100772,4.9,153,110438,744,0.0345287,,True
562.100773,5.24,152,222972,69,0.0324062,,True
562.100774,5.13,177,126223,69,0.0322493,,True
562.100775,5.4,263,85930,62,0.0284785,,True
562.100776,4.85,58,720013,1159,0.00722837,,True
562.100777,4.77,45,528880,569,0.0106073,,True
562.100778,5.12,122,204145,69,0.0316098,,True
562.100779,5.35,189,213893,73,0.0131458,,True
562.100780,5.09,55,283695,10240,0.00463651,,True
562.100781,5.14,98,262451,127,0.0121402,,True
562.100782,4.96,62,323397,1159,0.00753377,,True
562.100783,4.85,89,178619,424,0.0342589,,True
562.100784,5.27,202,141431,14,0.0138785,,True
562.100785,4.97,81,381784,141,0.00486359,,True
562.100786,5.13,179,190134,117,0.0258032,,True
562.100787,5.04,106,326120,73,0.0114018,,True
562.100788,4.97,74,363226,73,0.0122929,,True
562.100789,5.15,114,326120,73,0.0119565,,True
562.100790,5.16,234,63220,59,0.0282789,,True
562.100791,4.99,85,237085,1193,0.0137637,,True
562.100792,5.17,206,191909,73,0.0120482,,True
562.100793,5.03,54,342593,357,0.0163195,,True
562.100794,4.89,38,342593,357,0.0152244,,True
562.100795,5.19,170,150656,117,0.0252815,,True
562.100796,5.05,87,205155,73,0.0130205,,True
562.100797,5.17,88,399447,372,0.0117655,,True
562.100798,5.22,199,202435,73,0.0132864,,True
562.100799,5.19,214,202436,73,0.0121494,,True
562.100800,5.48,163,134980,624,0.02948,,True
562.100801,4.91,46,257774,91,0.0151342,,True
562.100802,5.24,137,198289,131,0.016623,,True
562.100803,5.15,93,190808,131,0.0174468,,True
562.100804,5.1,105,345229,73,0.0118972,,True
562.100805,4.88,76,224041,538,0.0157571,,True
562.100806,4.96,98,280056,69,0.0316813,,True
562.100807,4.93,49,239057,357,0.0153363,,True
562.100808,5.18,136,317792,73,0.0120757,,True
562.100809,4.86,129,135510,58,0.0333881,,True
562.100810,5.14,104,163484,131,0.0172018,,True
562.100811,5.11,125,189086,69,0.0315792,,True
562.100812,4.95,75,333861,919,0.0127151,,True
562.100813,4.96,94,325945,12,0.0112025,,True
562.100814,5.05,118,365614,144,0.0121125,,True
562.100815,5.19,103,203753,95,0.0123254,,True
562.100816,4.77,53,566612,569,0.0107664,,True
562.100817,5.17,149,187134,69,0.0320104,,True
562.100818,5.27,151,203984,394,0.0315588,,True
562.100819,4.85,123,113074,58,0.0333014,,True
562.100820,5.38,194,181716,14,0.0147301,,True
562.100821,5.12,271,49776,59,0.0281617,,True
562.100822,4.96,87,274939,131,0.0164933,,True
562.100823,5.05,66,283621,1193,0.0141604,,True
562.100824,5.15,97,287335,73,0.0118972,,True
562.100825,4.97,93,279585,131,0.0169766,,True
562.100826,4.86,62,300943,714,0.0314268,,True
562.100827,4.91,53,400997,104,0.0116841,,True
562.100828,5.11,178,252210,73,0.0118927,,True
562.100829,5.26,166,235243,12,0.0137687,,True
562.100830,5.04,105,287335,73,0.0114597,,True
562.100831,5.35,163,180643,69,0.0327758,,True
562.100832,5.07,144,229594,73,0.0118653,,True
562.100833,5.11,101,210769,10236,0.0116796,,True
562.100834,5.01,53,354104,131,0.0143589,,True
562.100835,5.11,136,295101,73,0.0119977,,True
562.100836,5.14,157,134000,69,0.0318865,,True
562.100837,5.11,162,98792,405,0.0316404,,True
562.100838,5.26,123,162945,131,0.0167308,,True
562.100839,5.15,118,262452,127,0.0119291,,True
562.100840,5.07,135,244415,69,0.0319381,,True
562.100841,5.05,90,278411,127,0.0116075,,True
562.100842,5.15,143,222972,69,0.0325429,,True
562.100843,5.03,111,190949,131,0.0171438,,True
562.100844,4.72,83,193193,162,0.0324482,,True
562.100845,4.95,78,235850,83,0.0150127,,True
562.100846,5.17,129,201852,69,0.0317632,,True
562.100847,5.22,111,193971,95,0.0132962,,True
562.100848,4.79,112,191497,10,0.0320829,,True
562.100849,5.19,218,177611,144,0.0128053,,True
562.100850,5.11,111,362155,73,0.0117474,,True
562.100851,5.0,60,594048,104,0.0122419,,True
562.100852,4.79,124,105191,453,0.0328716,,True
562.100853,5.35,144,223254,372,0.0135755,,True
562.100854,5.07,55,456772,95,0.0126488,,True
562.100855,5.1,115,199462,131,0.0164989,,True
562.100856,4.69,60,237797,3520,0.0326486,,True
562.100857,5.36,182,139296,69,0.0324693,,True
562.100858,4.72,111,125421,2211,0.0325324,,True
562.100859,4.69,118,118746,2211,0.0324587,,True
562.100860,5.14,107,229594,550,0.0135016,,True
562.100861,5.25,175,166030,38,0.031712,,True
562.100862,5.3,176,190175,14,0.0144306,,True
562.100863,5.24,107,209200,131,0.0172657,,True
562.100864,4.88,110,103630,93,0.0323958,,True
562.100865,5.19,147,219549,73,0.0122419,,True
562.100866,5.18,135,292507,73,0.0121586,,True
562.100867,5.16,91,280718,95,0.0123347,,True
562.100868,4.75,100,158719,641,0.0326909,,True
562.100869,5.24,142,174680,95,0.0136645,,True
562.100870,4.95,74,235852,83,0.0150074,,True
562.100871,4.94,73,221822,1193,0.0133157,,True
562.100872,4.99,68,514076,648,0.0276094,,True
562.100873,5.06,91,242088,3699,0.014029,,True
562.100874,4.87,78,316576,136,0.0128053,,True
562.100875,5.11,132,196511,127,0.0126252,,True
562.100876,5.36,133,153067,3246,0.0333664,,True
562.100877,4.71,69,351194,10227,0.0323853,,True
562.100878,5.17,129,293618,95,0.0135952,,True
562.100879,4.95,73,278008,127,0.0116075,,True
562.100880,5.25,170,119431,69,0.0323329,,True
562.100881,4.72,34,576223,10211,0.0144716,,True
562.100882,5.03,87,205669,1193,0.0139235,,True
562.100883,5.05,80,346799,73,0.0120115,,True
562.100884,5.0,101,187865,973,0.0313964,,True
562.100885,5.13,148,233938,95,0.0132476,,True
562.100886,5.26,226,269713,131,0.0182888,,True
562.100887,5.06,68,352475,2619,0.0129293,,True
562.100888,5.11,134,254539,73,0.0121632,,True
562.100889,4.96,86,209770,69,0.0313257,,True
562.100890,5.33,115,270048,12,0.0136298,,True
562.100891,5.18,171,189858,73,0.0124935,,True
562.100892,5.02,79,210776,4038,0.0342589,,True
562.100893,4.71,120,176920,58,0.0327546,,True
562.100894,4.87,62,720153,1159,0.00714559,,True
562.100895,5.0,166,140125,127,0.0122233,,True
562.100896,5.12,105,304097,73,0.0117791,,True
562.100897,5.1,150,156171,73,0.0124093,,True
562.100898,4.91,122,150602,226,0.0339362,,True
562.100899,4.86,133,120021,10,0.0337157,,True
562.100900,5.18,85,357858,95,0.0133352,,True
562.100901,5.04,78,357209,95,0.0128672,,True
562.100902,5.24,99,287094,393,0.0325746,,True
562.100903,5.04,119,317859,1643,0.013233,,True
562.100904,4.89,73,177167,696,0.0330857,,True
562.100905,5.1,101,346920,141,0.00535584,,True
562.100906,5.13,67,378964,95,0.0131555,,True
562.100907,5.0,123,149828,88,0.0336718,,True
562.100908,5.07,69,326044,95,0.0130782,,True
562.100909,5.12,129,197552,69,0.0316302,,True
562.100910,4.82,69,284754,23,0.0330427,,True
562.100911,5.21,122,185790,404,0.0142823,,True
562.100912,4.92,134,100226,58,0.0339583,,True
562.100913,4.91,190,90795,409,0.0341584,,True
562.100914,5.02,113,252158,-,0.0140039,,True
562.100915,5.18,130,286889,127,0.0120298,,True
562.100916,4.63,68,225272,345,0.0326697,,True
562.100917,5.05,114,269713,131,0.0170976,,True
562.100918,5.01,87,289489,1161,0.0110226,,True
562.100919,5.17,97,351544,141,0.00571484,,True
562.100920,4.79,60,243135,111,0.0323643,,True
562.100921,5.16,93,311692,131,0.0168905,,True
562.100922,5.12,82,415560,141,0.00513219,,True
562.100923,5.08,115,241223,12,0.0125593,,True
562.100924,5.25,156,211110,69,0.0321972,,True
562.100925,5.13,78,309102,2279,0.016691,,True
562.100926,4.82,87,325743,162,0.0330749,,True
562.100927,5.0,114,268774,141,0.00497183,,True
562.100928,5.27,124,256421,69,0.0331718,,True
562.100929,5.14,169,180619,69,0.0322389,,True
562.100930,5.11,108,351409,141,0.00544084,,True
562.100931,5.15,135,234639,73,0.0119291,,True
562.100932,5.09,118,304093,73,0.0121448,,True
562.100933,5.04,141,301649,127,0.0119383,,True
562.100934,5.03,115,205689,14,0.0128291,,True
562.100935,5.13,97,203754,95,0.0131797,,True
562.100936,5.03,122,236814,95,0.012663,,True
562.100937,5.19,127,170567,69,0.0326697,,True
562.100938,5.11,92,214602,73,0.0126536,,True
562.100939,5.27,112,268225,95,0.0140895,,True
562.100940,5.03,97,263038,127,0.0115402,,True
562.100941,5.15,101,311692,131,0.0167535,,True
562.100942,5.11,69,388080,12,0.0116976,,True
562.100943,5.18,127,176811,12,0.0122326,,True
562.100944,4.92,95,200850,2425,0.0337487,,True
562.100945,4.91,62,413406,73,0.0112776,,True
562.100946,5.04,103,235603,69,0.0323853,,True
562.100947,4.91,105,193851,155,0.0340249,,True
562.100948,4.91,95,246032,131,0.0165665,,True
562.100949,5.1,57,318994,95,0.0131216,,True
562.100950,5.07,101,287336,73,0.0123953,,True
562.100951,5.13,85,313818,3057,0.0397669,,True
562.100952,5.08,77,265439,131,0.015954,,True
562.100953,4.76,135,123907,181,0.0330535,,True
562.100954,5.24,148,224396,73,0.012428,,True
562.100955,5.27,92,319818,416,0.012915,,True
562.100956,5.23,153,179364,14,0.014024,,True
562.100957,4.88,156,100129,2531,0.0340693,,True
562.100958,5.15,160,366300,12,0.0117609,,True
562.100959,4.83,155,96665,155,0.0334533,,True
562.100960,5.28,181,243438,404,0.014029,,True
562.100961,5.29,181,170789,38,0.0315894,,True
562.100962,5.09,141,210928,69,0.0321868,,True
562.100963,4.94,117,129653,58,0.0336937,,True
562.100964,5.06,98,252292,95,0.0127767,,True
562.100965,5.22,220,319571,131,0.0166457,,True
562.11346,5.15,95,366146,357,0.0161804,,True
562.11347,5.17,135,128110,410,0.0337597,,True
562.11349,5.38,181,174969,88,0.033323,,True
562.11557,5.45,239,129471,602,0.034881,,True
562.12959,5.47,4,4466630,131,0.0181131,,True
562.12960,5.35,10,4952051,101,0.0341695,,True
562.12961,5.27,30,753501,-,0.186761,not E. coli (Mash distance > 0.05),False
562.12962,5.39,35,369542,-,0.17663,not E. coli (Mash distance > 0.05),False
562.13502,5.31,238,83916,10,0.0343037,,True
562.135559,4.91,259,45854,167,0.0342813,,True
562.135560,4.76,136,88305,2689,0.034036,,True
562.135561,4.78,127,115937,-,0.0333339,,True
562.135562,5.22,259,96597,-,0.0329677,,True
562.135563,5.3,157,156184,131,0.0170918,,True
562.135564,5.33,263,61944,405,0.0327971,,True
562.135565,5.12,304,54142,167,0.0348468,,True
562.135567,5.04,256,49408,167,0.0347555,,True
562.135568,5.07,223,57889,8346,0.0345627,,True
562.135569,5.01,221,62210,2083,0.033892,,True
562.135570,5.28,323,53035,405,0.0328716,,True
562.135571,5.12,160,110489,8346,0.0346306,,True
562.135572,4.88,120,161001,156,0.0336499,,True
562.135573,5.05,144,136717,167,0.0346873,,True
562.135574,5.39,180,142822,648,0.0298127,,True
562.135575,5.02,171,104164,167,0.0339694,,True
562.135576,5.19,230,87591,448,0.0349268,,True
562.135577,4.87,335,34844,2450,0.0347442,,True
562.135578,5.12,230,54193,8346,0.034676,,True
562.135579,5.31,188,119131,167,0.0340693,,True
562.135580,4.85,126,136367,167,0.0338588,,True
562.135581,5.06,263,64872,2083,0.0339694,,True
562.135582,5.05,289,71584,2083,0.0340027,,True
562.135583,5.24,265,48513,405,0.0328396,,True
562.135584,5.22,387,31030,405,0.0327652,,True
562.135585,5.26,329,40717,405,0.0330106,,True
562.135586,4.98,124,129006,167,0.0344723,,True
562.135587,5.13,243,124112,167,0.0348582,,True
562.135588,5.31,155,175057,131,0.0171207,,True
562.135589,5.24,274,90831,-,0.0329143,,True
562.135590,5.03,185,124946,-,0.0329571,,True
562.135591,5.07,160,106426,410,0.0344273,,True
562.135592,4.82,128,130622,410,0.0330749,,True
562.135593,5.18,171,122309,167,0.0336061,,True
562.135594,5.27,167,89747,405,0.0326486,,True
562.13671,4.83,98,137355,6393,0.0336608,,True
562.140824,5.28,148,219348,131,0.0167137,,True
562.140825,5.28,126,184225,131,0.0167194,,True
562.140826,5.27,149,207581,131,0.0166797,,True
562.140827,5.27,138,158935,131,0.0167422,,True
562.140828,5.26,96,179854,131,0.016674,,True
562.140829,5.29,128,219345,131,0.0167308,,True
562.140830,5.06,86,202842,131,0.016691,,True
562.140831,5.08,123,190808,131,0.016674,,True
562.140832,5.07,112,190808,131,0.01664,,True
562.140833,4.92,157,261005,131,0.016674,,True
562.140834,4.91,163,246032,131,0.0166627,,True
562.140835,4.91,159,260711,131,0.0166627,,True
562.140836,4.91,170,238261,131,0.0166683,,True
562.140837,4.91,165,246032,131,0.0166683,,True
562.140838,4.91,164,238261,131,0.0166683,,True
562.140839,4.91,152,246032,131,0.016657,,True
562.140840,4.91,160,246032,131,0.0166967,,True
562.140841,4.92,158,269713,131,0.0166627,,True
562.140842,4.91,166,246032,131,0.0166683,,True
562.140843,4.91,161,246032,131,0.0166797,,True
562.140844,4.91,161,261005,131,0.0166627,,True
562.140845,4.91,169,246032,131,0.0166683,,True
562.140846,4.92,159,261005,131,0.0166627,,True
562.140847,4.91,166,246032,131,0.016674,,True
562.140848,4.86,83,321292,131,0.0164595,,True
562.140849,5.28,153,165470,131,0.0167194,,True
562.140850,4.9,119,245888,131,0.0166627,,True
562.140851,5.29,128,219345,131,0.0167194,,True
562.140852,5.05,90,173575,131,0.0167649,,True
562.140853,5.29,128,193130,131,0.0167251,,True
562.140854,5.06,102,190808,131,0.0167592,,True
562.140855,5.07,104,222183,131,0.0167649,,True
562.140856,5.05,100,222243,131,0.0166854,,True
562.140857,5.04,153,78231,131,0.0167592,,True
562.140858,5.02,190,47988,131,0.0168162,,True
562.140859,5.07,100,210094,131,0.0167763,,True
562.140860,5.03,190,48587,-,0.0169364,,True
562.140861,5.03,106,165453,131,0.0166683,,True
562.140862,5.31,109,158995,131,0.0175467,,True
562.140863,5.07,117,173576,131,0.0167877,,True
562.140864,5.24,126,176984,131,0.017138,,True
562.140865,5.24,134,190808,131,0.0171322,,True
562.140866,5.24,131,190808,131,0.0171612,,True
562.140867,5.22,119,165098,131,0.0170341,,True
562.140868,5.21,120,147351,131,0.0170168,,True
562.140869,5.22,117,158935,131,0.0170341,,True
562.140870,5.24,148,190808,131,0.0171265,,True
562.140871,5.34,148,190808,131,0.0175939,,True
562.140872,5.33,129,190745,131,0.0175467,,True
562.140873,5.22,136,190808,131,0.0169996,,True
562.140874,5.17,77,187723,131,0.0172308,,True
562.140875,5.23,143,159672,131,0.0170976,,True
562.140876,5.16,135,128853,131,0.017289,,True
562.140877,5.31,235,104066,405,0.0324587,,True
562.140878,5.15,119,151415,131,0.0172192,,True
562.140879,5.19,110,207908,131,0.0173473,,True
562.140880,5.18,141,180849,131,0.0172715,,True
562.140881,5.23,103,194827,131,0.0170745,,True
562.140882,5.24,123,190808,131,0.0171207,,True
562.140883,5.22,121,158935,131,0.0170976,,True
562.140884,5.24,137,208976,131,0.0171438,,True
562.140885,5.24,138,165545,131,0.0171438,,True
562.140886,5.23,107,159525,131,0.0171265,,True
562.140887,5.25,126,190808,131,0.0171265,,True
562.140888,5.24,153,161466,131,0.0171322,,True
562.140889,5.23,142,146403,131,0.0171149,,True
562.140890,5.25,148,170446,131,0.0168448,,True
562.140891,5.25,145,161224,131,0.0168276,,True
562.140892,5.25,153,157295,131,0.0167877,,True
562.140893,5.24,154,159050,131,0.0167934,,True
562.140894,5.22,101,192700,131,0.0167024,,True
562.140895,5.24,103,194791,131,0.0168162,,True
562.140896,5.26,132,202565,131,0.0168334,,True
562.140897,5.25,137,173576,131,0.0168276,,True
562.140898,5.19,129,136481,69,0.0325851,,True
562.140899,5.24,185,110468,131,0.0168905,,True
562.140900,5.0,207,43568,131,0.0167194,,True
562.140901,5.29,166,106219,405,0.0322285,,True
562.140902,5.17,238,50120,405,0.0322702,,True
562.140903,5.03,95,175489,131,0.0167081,,True
562.140904,5.1,119,221626,12,0.0119977,,True
562.140905,5.01,101,134503,131,0.0166004,,True
562.140906,5.07,109,188267,131,0.0167649,,True
562.140907,5.26,178,98640,405,0.0321868,,True
562.140908,5.27,221,104573,405,0.0323643,,True
562.140909,5.28,239,104573,405,0.0323853,,True
562.140910,5.25,142,189599,131,0.0168276,,True
562.140911,5.21,124,207908,131,0.0172134,,True
562.140912,5.21,132,194184,131,0.0172018,,True
562.140913,5.2,141,190886,131,0.0171786,,True
562.140914,5.2,128,202873,131,0.0171786,,True
562.140915,5.21,132,194184,131,0.0172018,,True
562.140918,5.17,123,183446,131,0.0171265,,True
562.140919,5.21,144,111929,10491,0.0322598,,True
562.140964,5.02,142,63865,12,0.0119611,,True
562.144150,5.0,118,193171,162,0.0338809,,True
562.144151,4.98,72,234159,7236,0.0810057,not E. coli (Mash distance > 0.05),False
562.144155,4.78,105,125657,10,0.0335405,,True
562.144156,4.87,80,193998,295,0.0338809,,True
562.144157,5.29,212,150677,38,0.0316608,,True
562.144158,4.87,165,93402,4093,0.0334207,,True
562.144160,5.12,178,131438,38,0.0308253,,True
562.144161,4.96,137,119021,1702,0.0339141,,True
562.144162,5.12,127,216903,131,0.0171844,,True
562.144163,5.4,133,200930,131,0.017867,,True
562.144164,4.85,119,155945,410,0.0329571,,True
562.144165,5.09,160,216129,127,0.0118881,,True
562.144166,5.09,141,123980,38,0.0310844,,True
562.144167,4.92,83,205274,1722,0.0285514,,True
562.144168,5.31,174,158701,131,0.0177716,,True
562.144171,5.12,98,210928,7401,0.0322806,,True
562.144172,5.34,149,133002,69,0.0327864,,True
562.144173,5.3,187,193161,7400,0.0348353,,True
562.144174,5.08,100,287653,12,0.0105006,,True
562.144175,4.77,106,254846,155,0.0335405,,True
562.144177,4.7,100,261694,1727,0.0321868,,True
562.144178,4.93,97,282573,131,0.0165271,,True
562.144182,5.03,196,94350,401,0.03471,,True
562.144183,4.84,45,444613,135,0.010706,,True
562.144185,4.78,35,1195666,1236,0.0151554,,True
562.144186,4.93,102,185000,1049,0.033892,,True
562.144187,4.82,69,217877,973,0.031356,,True
562.144188,4.86,70,287686,3056,0.0308353,,True
562.144190,5.31,166,210768,12,0.0126111,,True
562.144191,5.01,76,340466,1442,0.0133059,,True
562.144193,4.97,88,276121,131,0.0169077,,True
562.144194,4.99,171,111751,58,0.0346873,,True
562.144195,5.41,243,111420,216,0.0359522,,True
562.144196,5.24,90,233496,2015,0.012154,,True
562.144198,4.97,131,185000,58,0.0341138,,True
562.144199,5.12,125,338250,6958,0.0318453,,True
562.144200,4.74,150,109932,10,0.0335187,,True
562.144202,4.79,134,104542,46,0.0336608,,True
562.144204,5.12,149,154993,38,0.0312249,,True
562.144205,5.01,57,471387,357,0.0159815,,True
562.144206,5.26,104,290480,141,0.00506787,,True
562.144209,5.26,143,187765,131,0.0167649,,True
562.144211,5.38,200,147598,38,0.0318351,,True
562.144212,5.07,152,147238,617,0.0344611,,True
562.144213,5.1,123,191061,131,0.0175703,,True
562.144214,5.02,94,147466,5778,0.03162,,True
562.144215,4.98,104,241870,69,0.0318968,,True
562.144216,4.87,47,590349,1170,0.0153257,,True
562.144217,4.99,152,168020,542,0.0344949,,True
562.144218,5.09,160,134876,2083,0.0347555,,True
562.144219,5.27,93,187471,131,0.0178849,,True
562.144221,4.63,54,222566,8819,0.0820096,not E. coli (Mash distance > 0.05),False
562.144222,5.21,59,743069,648,0.0281437,,True
562.144223,5.07,93,258060,349,0.0325219,,True
562.144224,5.08,74,360135,38,0.0319484,,True
562.144225,5.29,91,190251,1727,0.0344273,,True
562.144227,4.92,76,317527,3018,0.0338037,,True
562.144228,4.95,183,88286,399,0.0341138,,True
562.144230,4.96,97,356434,5317,0.0151978,,True
562.144231,4.78,138,86014,1316,0.0339916,,True
562.144232,5.05,89,309173,372,0.0112599,,True
562.144233,4.76,117,112593,10,0.0335296,,True
562.144234,5.0,191,85449,401,0.0353187,,True
562.144235,4.93,206,82651,401,0.0355986,,True
562.144236,5.38,149,190808,131,0.017138,,True
562.144237,5.07,99,338083,6958,0.0321868,,True
562.144238,5.05,133,193198,155,0.0345287,,True
562.144239,5.14,145,119022,167,0.0344611,,True
562.144240,4.96,123,149435,23,0.0334098,,True
562.144241,5.08,124,121044,405,0.0311345,,True
562.144242,5.05,106,222766,73,0.0124373,,True
562.144243,5.53,94,278589,131,0.017861,,True
562.144244,4.93,81,205823,410,0.0335842,,True
562.144246,4.96,83,216353,636,0.0131555,,True
562.144247,5.16,179,93836,409,0.0353187,,True
562.144248,5.01,79,243045,95,0.0129102,,True
562.144249,5.3,178,146828,38,0.031794,,True
562.144250,5.28,150,174236,38,0.0311545,,True
562.144252,4.7,89,198800,10,0.032925,,True
562.144253,5.1,151,106299,940,0.0337047,,True
562.144254,4.79,101,121670,744,0.0340915,,True
562.144255,5.1,154,192300,354,0.0277775,,True
562.144256,4.85,114,185241,2599,0.0333556,,True
562.144257,5.08,76,351728,1485,0.0280539,,True
562.144259,5.12,71,262451,127,0.0117881,,True
562.144260,4.77,90,268519,2622,0.0117293,,True
562.144263,5.3,120,170098,131,0.0167024,,True
562.144265,4.92,95,191011,410,0.033486,,True
562.144268,5.06,216,118616,10,0.0331287,,True
562.144269,4.95,106,155169,10,0.0342589,,True
562.144273,5.0,251,49101,120,0.0362262,,True
562.144274,5.37,126,170098,131,0.017196,,True
562.144278,5.51,239,217274,127,0.0130589,,True
562.144281,5.38,129,255621,12,0.0136051,,True
562.144282,5.17,153,166667,73,0.013141,,True
562.144283,5.34,102,184244,131,0.0177597,,True
562.144284,5.22,118,352471,95,0.0134574,,True
562.144286,4.98,92,301508,636,0.0130445,,True
562.144287,5.35,122,152632,88,0.0343823,,True
562.144288,4.76,135,90452,4959,0.0339583,,True
562.144289,5.37,125,177619,131,0.0172076,,True
562.144290,4.99,78,215881,1193,0.0139586,,True
562.144291,5.31,179,92815,167,0.0359404,,True
562.144294,5.05,142,135552,10,0.0345853,,True
562.144295,5.28,157,150098,38,0.0311646,,True
562.144296,5.1,107,206733,38,0.0311445,,True
562.144297,5.03,106,177089,410,0.0345853,,True
562.144298,5.12,145,169974,1079,0.0340471,,True
562.144299,5.15,91,269436,131,0.0176707,,True
562.144300,4.96,75,222178,131,0.0169593,,True
562.144301,5.12,248,90522,401,0.0355752,,True
562.144302,4.93,166,110358,940,0.0344949,,True
562.144303,4.91,64,363531,501,0.0315894,,True
562.144304,5.47,257,88235,405,0.0325429,,True
562.144305,4.96,147,177817,167,0.0339251,,True
562.144306,5.14,98,156032,38,0.0316608,,True
562.144307,4.93,106,174116,3221,0.0337817,,True
562.144308,5.36,182,229568,12,0.0128243,,True
562.144310,4.88,121,131542,10,0.0327227,,True
562.144311,5.06,116,134557,167,0.0349268,,True
562.144314,4.73,122,131925,540,0.033892,,True
562.144315,4.88,73,301909,28,0.0142162,,True
562.144316,4.72,83,235923,348,0.0324482,,True
562.144318,4.92,156,147238,617,0.0335952,,True
562.144319,4.77,142,110801,940,0.0336061,,True
562.144320,5.42,166,111247,38,0.0323958,,True
562.144321,5.14,138,184059,88,0.0336499,,True
562.144322,4.93,132,108992,58,0.033617,,True
562.144324,5.29,229,112410,4981,0.0351336,,True
562.144325,5.28,153,174236,38,0.0311545,,True
562.144326,4.88,86,205823,410,0.0333556,,True
562.144328,5.37,132,178381,131,0.0171902,,True
562.144329,4.97,126,110358,410,0.0333556,,True
562.144330,5.45,186,134461,38,0.0322806,,True
562.144331,5.05,99,235722,69,0.0317734,,True
562.144332,4.89,127,119021,167,0.0343598,,True
562.144333,5.01,133,113146,361,0.0347214,,True
562.144911,4.76,136,88305,2689,0.034036,,True
562.144912,4.91,259,45854,167,0.0342813,,True
562.144913,5.22,259,96597,-,0.0329571,,True
562.144914,5.3,157,156184,131,0.0170918,,True
562.144915,4.78,127,115937,-,0.0333339,,True
562.144916,5.12,304,54142,167,0.0348468,,True
562.144917,5.33,263,61944,405,0.0327971,,True
562.144918,5.07,223,57889,8346,0.0345513,,True
562.144919,5.04,256,49408,167,0.0347555,,True
562.144920,5.01,221,62210,2083,0.033903,,True
562.144921,5.28,323,53035,405,0.0328716,,True
562.144922,5.12,160,110489,8346,0.0346533,,True
562.144923,4.88,120,161001,156,0.0336499,,True
562.144924,5.02,171,104164,167,0.0339805,,True
562.144925,5.05,144,136717,167,0.0346873,,True
562.144926,5.39,180,142822,648,0.0298127,,True
562.144927,4.87,335,34844,2450,0.0347442,,True
562.144928,5.12,230,54193,8346,0.034676,,True
562.144929,5.31,188,119131,167,0.0340693,,True
562.144930,4.85,126,136367,167,0.0338588,,True
562.144931,5.06,263,64872,2083,0.0339694,,True
562.144932,5.05,289,71584,2083,0.0340027,,True
562.144933,5.24,265,48513,405,0.0328396,,True
562.144934,5.22,387,31030,405,0.0327652,,True
562.144935,5.26,329,40717,405,0.0330213,,True
562.144936,5.13,243,124112,167,0.0348582,,True
562.144937,4.98,124,129006,167,0.0344723,,True
562.144938,5.31,155,175057,131,0.0171207,,True
562.144939,5.24,274,90831,-,0.0329036,,True
562.144940,4.82,128,130622,410,0.0330749,,True
562.144941,5.27,167,89747,405,0.0326486,,True
562.144942,5.07,160,106426,410,0.0344385,,True
562.144943,5.18,171,122309,167,0.0336061,,True
562.144944,4.9,163,102512,2178,0.0332149,,True
562.144945,5.15,191,220854,2951,0.0399695,,True
562.144946,5.65,322,87735,442,0.0361664,,True
562.144947,5.07,231,87203,300,0.0341918,,True
562.144948,5.15,345,47055,332,0.0343486,,True
562.144949,5.09,223,87015,300,0.0343037,,True
562.144950,4.92,143,149195,40,0.0339362,,True
562.144951,5.59,344,75996,738,0.0279644,,True
562.144952,5.31,281,82804,10,0.0351683,,True
562.144953,4.95,132,142503,34,0.0332149,,True
562.144954,5.53,280,101267,442,0.0356455,,True
562.144955,5.1,158,137540,443,0.0337267,,True
562.144956,4.96,79,166365,162,0.0338257,,True
562.144957,5.55,338,65263,738,0.0278663,,True
562.144958,5.67,324,81517,1819,0.0358575,,True
562.144959,4.97,157,105332,2521,0.0335296,,True
562.144960,4.89,252,72349,590,0.0340249,,True
562.144961,5.16,245,115158,655,0.0342589,,True
562.144962,5.5,394,74214,753,0.0357631,,True
562.144963,4.56,112,110858,10,0.0325219,,True
562.144964,4.87,162,85292,109,0.0331287,,True
562.144965,5.41,2057,5073,-,0.0390879,over 500 contigs (too fragmented),False
562.144966,4.72,306,45860,10,0.0339916,,True
562.144967,5.62,405,41178,738,0.0280898,,True
562.144968,5.09,121,187608,718,0.0337157,,True
562.144969,4.93,135,136035,677,0.0329677,,True
562.144970,5.79,590,40724,13588,0.0364304,over 500 contigs (too fragmented),False
562.144971,4.69,72,248836,583,0.0135755,,True
562.144972,5.33,471,47160,13587,0.034881,,True
562.144973,4.92,276,70301,793,0.0335514,,True
562.144974,5.49,352,50606,738,0.0277863,,True
562.144975,5.71,405,76474,-,0.0353768,,True
562.144976,5.53,281,82210,442,0.0356925,,True
562.144977,5.19,302,59100,718,0.0340915,,True
562.144978,5.42,374,62345,753,0.0355167,,True
562.144979,5.83,357,71078,13,0.0359878,,True
562.144980,4.98,191,116502,328,0.0337817,,True
562.144981,5.14,330,67517,137,0.034676,,True
562.144982,5.31,283,90789,11,0.0365149,,True
562.144983,5.6,364,45988,-,0.0355167,,True
562.144984,5.67,333,97413,13,0.0352029,,True
562.144985,5.01,268,65287,793,0.0340582,,True
562.144986,5.39,448,52344,21,0.0343823,,True
562.144987,5.1,257,103454,655,0.0339694,,True
562.144988,4.97,213,85274,328,0.0343486,,True
562.144989,5.53,290,72656,738,0.0277331,,True
562.144990,5.11,183,140029,216,0.0346079,,True
562.144991,4.94,143,114302,69,0.0318556,,True
562.144992,4.53,126,85244,10,0.0324062,,True
562.144993,5.05,278,67307,655,0.0339583,,True
562.144994,5.06,209,100811,328,0.0340582,,True
562.144995,4.99,174,106104,443,0.0335733,,True
562.144996,5.09,243,108006,20,0.0338588,,True
562.144997,5.55,351,58983,442,0.0357631,,True
562.144998,5.33,197,146919,3101,0.0340027,,True
562.144999,4.77,185,57014,540,0.0332689,,True
562.145000,5.68,392,61940,13,0.035226,,True
562.145001,5.59,437,39515,-,0.0349841,,True
562.145002,5.53,344,63732,738,0.028027,,True
562.145003,5.74,371,64085,13,0.0355635,,True
562.145004,5.44,355,80813,753,0.0355401,,True
562.145005,4.6,95,127125,10,0.032829,,True
562.145006,5.19,343,37172,10,0.0345175,,True
562.145007,5.02,177,99913,101,0.0339251,,True
562.145008,8.82,1523,19942,-,0.04339,size outside 4.5-6.0 Mb,False
562.145009,5.08,230,79774,446,0.0338257,,True
562.145010,5.31,309,72338,10,0.0351798,,True
562.145011,5.48,318,58132,442,0.0353885,,True
562.145012,5.41,463,56925,17,0.0354001,,True
562.145013,5.03,203,75396,13586,0.0336608,,True
562.145014,4.98,267,48488,-,0.0334751,,True
562.145015,5.08,249,91781,20,0.0339141,,True
562.145016,5.51,407,38740,-,0.0283513,,True
562.145017,5.37,348,43155,25,0.0350415,,True
562.145018,5.25,349,56122,10,0.0349841,,True
562.145019,5.19,254,92057,11,0.0360829,,True
562.145020,4.72,94,134802,86,0.0329464,,True
562.145021,5.04,273,89497,327,0.0348011,,True
562.145022,4.91,218,76602,590,0.0341138,,True
562.145023,4.9,268,47751,3546,0.0341807,,True
562.145024,4.84,76,228591,1011,0.032893,,True
562.145025,5.0,157,131781,13581,0.0338257,,True
562.145026,4.83,130,124783,642,0.0332797,,True
562.145027,5.41,382,66896,-,0.0353536,,True
562.145028,4.87,199,98929,590,0.0339473,,True
562.145029,5.57,379,60857,-,0.0279019,,True
562.145030,5.61,376,61748,13,0.0349612,,True
562.145031,5.08,254,96028,20,0.0338368,,True
562.145032,4.61,94,149911,2086,0.0174527,,True
562.145033,5.58,344,87001,13,0.0349497,,True
562.145034,5.48,374,50690,442,0.0355869,,True
562.145035,5.44,427,32780,13548,0.0354583,,True
562.145036,4.72,85,226666,2559,0.0822757,not E. coli (Mash distance > 0.05),False
562.145037,5.08,404,35997,793,0.0340915,,True
562.145038,5.58,366,71190,13,0.0354001,,True
562.145039,4.84,199,100605,642,0.0335514,,True
562.145040,5.55,387,61766,738,0.027813,,True
562.145041,5.34,400,58191,29,0.0338147,,True
562.145042,4.84,132,149719,10,0.0337377,,True
562.145043,4.98,229,52732,446,0.033628,,True
562.145044,4.79,99,155136,388,0.032638,,True
562.145045,4.56,195,51361,641,0.0325851,,True
562.145046,5.04,184,112156,641,0.0338147,,True
562.145047,5.0,126,127016,677,0.0335733,,True
562.145048,5.72,332,103692,13,0.0354117,,True
562.145049,4.91,209,87994,590,0.0340471,,True
562.145050,5.52,350,61146,442,0.0357513,,True
562.145051,4.98,203,100349,297,0.033617,,True
562.145052,5.28,277,59182,442,0.0347214,,True
562.145053,4.75,107,132232,10,0.032861,,True
562.145054,5.58,301,91715,442,0.0359167,,True
562.145055,4.81,204,98135,40,0.0338809,,True
562.145056,5.33,460,54380,13538,0.0336718,,True
562.145057,5.23,380,72944,29,0.0334316,,True
562.145058,4.9,1231,8058,-,0.0345853,over 500 contigs (too fragmented),False
562.145059,4.92,176,93864,306,0.034036,,True
562.145060,4.75,140,132509,788,0.0183071,,True
562.145061,5.23,296,65297,40,0.0359878,,True
562.145062,9.39,634,28289,-,0.0489202,size outside 4.5-6.0 Mb,False
562.145063,5.17,308,63801,11,0.0363462,,True
562.145064,5.52,457,37405,20,0.035716,,True
562.145065,5.36,346,91786,21,0.0341695,,True
562.145066,5.15,351,65050,123,0.0149811,,True
562.145067,4.92,198,94999,590,0.0340804,,True
562.145068,5.48,314,87388,442,0.0356572,,True
562.145069,5.12,172,121500,13537,0.033617,,True
562.145070,5.28,275,46296,302,0.034574,,True
562.145071,5.21,247,107301,10,0.0339583,,True
562.145072,5.68,476,75223,812,0.0165158,,True
562.145073,5.5,307,64309,442,0.035505,,True
562.145074,5.03,179,95623,641,0.0337707,,True
562.145075,4.82,170,90114,1114,0.0331502,,True
562.145076,5.33,140,105511,1011,0.0348125,,True
562.145077,4.75,134,118130,10,0.0335952,,True
562.145078,5.03,207,76646,13549,0.0321036,,True
562.145079,5.06,219,85969,300,0.0342925,,True
562.145080,5.19,281,112023,11,0.0362741,,True
562.145081,4.95,241,86465,12514,0.0341695,,True
562.145372,5.19,230,87602,448,0.0349268,,True
562.145373,5.03,185,124946,-,0.0329571,,True
562.145378,5.02,98,182807,155,0.0349039,,True
562.145379,5.02,83,193182,155,0.0349039,,True
562.145380,4.88,100,269426,362,0.0310444,,True
562.145381,5.01,96,182807,155,0.0349039,,True
562.145383,5.37,198,123412,38,0.0334642,,True
562.145384,5.02,78,193182,155,0.034881,,True
562.145385,5.02,101,182807,155,0.0349039,,True
562.145386,5.51,206,138770,38,0.0339916,,True
562.145387,5.37,201,140046,38,0.0334424,,True
562.145388,5.47,194,125334,350,0.0339916,,True
562.145389,5.01,110,135606,155,0.0349268,,True
562.145390,5.1,123,133277,155,0.0349153,,True
562.145391,5.16,124,185000,155,0.0352492,,True
562.145392,5.1,112,185008,155,0.0349497,,True
562.145393,5.37,182,150097,38,0.0334751,,True
562.145394,4.98,114,133277,155,0.0350071,,True
562.145395,5.0,111,117633,155,0.0348582,,True
562.145396,5.37,190,140042,38,0.033486,,True
562.145397,5.05,99,182807,155,0.0350415,,True
562.145398,5.28,169,135610,1640,0.0341138,,True
562.145399,5.32,116,162611,2171,0.028433,,True
562.145400,5.43,189,124884,38,0.0336499,,True
562.145401,4.87,116,146803,362,0.0310244,,True
562.145402,5.44,190,140068,38,0.0337817,,True
562.145403,5.23,190,91932,453,0.0330857,,True
562.145404,5.43,222,82560,57,0.0351683,,True
562.145405,5.37,202,123436,38,0.0334642,,True
562.145406,5.1,103,155251,155,0.0353187,,True
562.145407,5.43,190,79765,57,0.0350875,,True
562.145408,5.42,207,82753,57,0.0350991,,True
562.145409,4.97,104,254505,101,0.0336389,,True
562.145410,5.1,144,94316,155,0.0353187,,True
562.145411,5.01,104,147817,155,0.034881,,True
562.145412,5.11,97,181369,155,0.0353652,,True
562.145413,5.42,203,92278,38,0.0336718,,True
562.145414,5.06,114,134816,155,0.0352492,,True
562.145415,5.02,101,181368,155,0.0348925,,True
562.145416,5.38,191,123436,38,0.0335405,,True
562.145417,5.37,199,123436,38,0.0334533,,True
562.145418,5.21,159,166582,2852,0.0342142,,True
562.145419,5.37,212,106780,38,0.0334642,,True
562.145420,5.01,101,181506,155,0.0348696,,True
562.145421,5.02,98,182807,155,0.0349039,,True
562.145422,4.76,109,134619,154,0.0338147,,True
562.145423,5.43,190,140067,38,0.0336608,,True
562.145424,5.01,94,168191,155,0.034881,,True
562.145425,5.36,182,123436,38,0.033399,,True
562.145426,5.39,204,140042,38,0.0335514,,True
562.145427,5.21,163,139412,117,0.0257703,,True
562.145428,5.09,107,113280,155,0.0352492,,True
562.145429,5.05,110,177271,155,0.03503,,True
562.145430,5.15,123,177262,155,0.035435,,True
562.145431,5.16,145,94316,155,0.0354817,,True
562.145432,4.92,114,213531,362,0.0312551,,True
562.145433,5.21,163,161990,117,0.0257621,,True
562.145434,5.17,275,50167,117,0.0263524,,True
562.145435,5.42,224,101916,38,0.0336718,,True
562.145436,5.01,106,133277,155,0.0348696,,True
562.145437,5.09,372,40509,117,0.0252573,,True
562.145439,5.18,107,325762,95,0.013615,,True
562.145440,5.44,190,94250,141,0.00688878,,True
562.145441,5.26,158,169838,10756,0.0129677,,True
562.145442,5.32,192,136661,69,0.0325535,,True
562.145443,5.22,224,106956,10,0.0334316,,True
562.145812,4.99,134,204520,117,0.0249686,,True
562.145816,5.05,85,259055,131,0.0160973,,True
562.145817,5.13,92,166633,963,0.0304902,,True
562.145818,4.95,112,152662,10754,0.0334424,,True
562.145819,5.02,63,281859,95,0.012791,,True
562.145820,5.23,140,129945,69,0.0319174,,True
562.145821,5.31,150,153417,404,0.0142619,,True
562.145822,5.29,146,158088,69,0.0323224,,True
562.16324,5.37,4,5018461,101,0.0343486,,True
562.16325,4.73,3,4595238,1408,0.032638,,True
562.16326,4.83,3,4658583,1809,0.0331933,,True
562.16327,5.26,4,4992088,131,0.0176352,,True
562.16466,5.26,3,5041366,617,0.0344611,,True
562.17359,5.15,2,5012084,131,0.0167535,,True
562.17620,5.02,4,4786118,617,0.0336937,,True
562.17621,5.08,4,4864149,167,0.0337267,,True
562.17721,5.09,4,4746578,1284,0.0345175,,True
562.17722,5.51,4,5141314,131,0.0181494,,True
562.19090,5.11,495,23643,533,0.0342254,,True
562.19151,4.92,78,193770,162,0.0337707,,True
562.19631,4.96,3,4862952,167,0.0332365,,True
562.19632,5.1,2,4940441,131,0.0169134,,True
562.19633,5.44,4,5029162,101,0.0345513,,True
562.19821,4.92,3,4830167,167,0.0331502,,True
562.19823,5.32,4,4967401,101,0.0342254,,True
562.20499,5.06,5,4810234,167,0.0343374,,True
562.22426,5.06,5,4810234,167,0.0343374,,True
562.22428,4.74,37,297125,135,0.00971931,,True
562.22429,4.66,92,112456,10,0.0330106,,True
562.22430,5.02,85,217498,127,0.0114285,,True
562.22431,4.76,120,91933,10,0.0338699,,True
562.22432,5.33,131,159218,131,0.0181615,,True
562.22433,5.0,62,189395,95,0.0128959,,True
562.22434,5.13,101,133606,648,0.0292636,,True
562.22435,5.29,128,137182,69,0.0324377,,True
562.22436,5.03,89,153420,5375,0.0320518,,True
562.22437,5.07,95,185985,95,0.0131603,,True
562.22438,4.93,94,160986,127,0.0110663,,True
562.22439,5.05,89,179148,5561,0.012428,,True
562.22440,5.01,72,178565,131,0.0166287,,True
562.22441,5.15,113,163811,73,0.0131651,,True
562.22442,5.09,133,173799,131,0.0170976,,True
562.22443,4.98,108,168517,73,0.0123813,,True
562.22444,5.0,88,192376,5546,0.0100915,,True
562.22445,4.96,93,182135,131,0.0167422,,True
562.22446,5.06,111,202446,73,0.0119428,,True
562.22447,5.14,76,185897,95,0.0133157,,True
562.22448,4.97,76,180605,12,0.0124935,,True
562.22449,4.87,131,79807,93,0.032861,,True
562.22450,5.02,87,201995,12,0.0114687,,True
562.22451,5.09,63,189331,95,0.013006,,True
562.22452,5.25,182,76183,62,0.0284148,,True
562.22453,4.93,171,69544,635,0.0344723,,True
562.22454,5.21,94,186372,95,0.0139436,,True
562.22455,5.11,102,159845,131,0.0171902,,True
562.22457,5.19,109,179577,648,0.028433,,True
562.22458,4.99,105,131990,88,0.0324062,,True
562.22459,4.56,174,50623,5338,0.0336718,,True
562.22460,4.96,124,107272,453,0.0317529,,True
562.22461,5.31,127,134216,69,0.0332149,,True
562.22462,4.78,72,184094,23,0.0326803,,True
562.22463,4.85,45,242521,136,0.0127862,,True
562.22464,5.25,147,119418,405,0.0322285,,True
562.22465,5.1,89,160044,131,0.0174175,,True
562.22466,5.24,137,132424,69,0.0324167,,True
562.22467,5.15,105,191549,80,0.0123627,,True
562.22468,5.03,103,185952,73,0.0126347,,True
562.22469,5.03,121,113103,73,0.013233,,True
562.22470,4.78,53,196518,1148,0.0326803,,True
562.22471,5.36,176,124607,69,0.0330749,,True
562.22472,5.03,122,113103,73,0.0132039,,True
562.22473,4.8,76,175934,69,0.0316915,,True
562.22474,5.01,111,174145,73,0.0124654,,True
562.22476,4.87,114,111973,453,0.0325219,,True
562.22477,4.98,62,185290,2015,0.0124327,,True
562.22478,5.03,75,180424,131,0.0169077,,True
562.22479,5.44,226,173802,131,0.0182463,,True
562.22480,5.09,123,145605,88,0.0332906,,True
562.22481,5.24,113,163568,648,0.0281707,,True
562.22482,5.09,191,58217,59,0.0279287,,True
562.22483,5.25,103,180474,131,0.0178789,,True
562.22484,5.19,129,146464,69,0.0322493,,True
562.22485,5.38,156,94771,69,0.0329677,,True
562.22486,4.88,48,207021,1485,0.0274074,,True
562.22487,4.89,41,299368,357,0.015113,,True
562.22488,5.21,107,182006,131,0.0177241,,True
562.22489,5.13,102,202448,73,0.0130493,,True
562.22490,5.11,73,223566,95,0.0134133,,True
562.22491,5.11,125,159114,131,0.0172308,,True
562.22492,5.01,96,169141,73,0.0119611,,True
562.22493,4.74,44,252744,538,0.0148814,,True
562.22494,5.06,102,175921,95,0.013141,,True
562.22495,5.4,209,117051,1594,0.0349153,,True
562.22496,5.61,215,91562,115,0.0333664,,True
562.22497,5.11,112,140197,73,0.0134378,,True
562.22498,4.51,123,79519,46,0.0325219,,True
562.22499,5.04,104,173229,131,0.016657,,True
562.22500,5.11,107,185580,73,0.0118699,,True
562.22501,5.15,166,130837,88,0.0340471,,True
562.22502,4.97,71,221365,73,0.0115537,,True
562.22503,5.16,109,164660,648,0.0279823,,True
562.22504,4.98,92,185841,73,0.0122836,,True
562.22505,4.96,49,202447,73,0.0119886,,True
562.22506,4.97,79,193192,73,0.0124748,,True
562.22507,5.27,156,75542,405,0.0315283,,True
562.22508,5.17,152,119309,69,0.0324903,,True
562.22509,5.1,96,189254,95,0.01317,,True
562.22510,5.22,111,175045,14,0.0137588,,True
562.22511,4.96,93,147443,10,0.0332041,,True
562.22512,5.18,109,144839,404,0.0141047,,True
562.22513,5.06,108,166969,80,0.0120665,,True
562.22514,5.18,86,177730,131,0.0172541,,True
562.22515,5.14,142,129092,69,0.0325429,,True
562.22516,5.11,154,106895,69,0.0321556,,True
562.22517,5.11,109,160690,14,0.0138285,,True
562.22518,5.08,116,165297,131,0.0169938,,True
562.22519,5.11,100,182538,73,0.0119291,,True
562.22520,5.26,203,104287,405,0.0320311,,True
562.22521,4.93,97,140232,349,0.032,,True
562.22522,4.72,37,278352,2773,0.0327758,,True
562.22523,5.11,121,174017,73,0.0129198,,True
562.22524,5.13,111,172833,144,0.01281,,True
562.22525,5.12,109,179250,73,0.0120069,,True
562.22526,4.99,72,196354,127,0.0118517,,True
562.22527,5.11,97,166690,393,0.0321348,,True
562.22528,5.12,108,182538,73,0.0119474,,True
562.22529,5.13,118,125156,963,0.0310344,,True
562.22530,5.12,105,182511,73,0.0119611,,True
562.22531,4.9,98,148743,1431,0.0327015,,True
562.22532,5.08,111,189581,144,0.0128434,,True
562.22533,5.13,98,174726,127,0.0120436,,True
562.22534,5.19,115,143296,404,0.0140089,,True
562.22535,5.14,95,189802,12,0.0137787,,True
562.22536,5.25,109,173802,131,0.0178789,,True
562.22537,4.93,78,186509,73,0.0119246,,True
562.22538,5.02,89,172718,95,0.0129533,,True
562.22539,5.11,111,159842,131,0.0172366,,True
562.22540,5.07,78,186497,104,0.0125311,,True
562.22541,5.07,123,173037,131,0.0169708,,True
562.22542,4.81,103,150536,101,0.0331825,,True
562.22543,4.96,95,180463,131,0.0167308,,True
562.22544,5.23,126,162654,69,0.0325429,,True
562.22545,5.11,99,179396,73,0.0128911,,True
562.22546,5.4,154,110776,69,0.0333447,,True
562.22547,5.12,125,155729,117,0.0254434,,True
562.22548,5.36,167,116814,69,0.033323,,True
562.22549,4.99,190,58217,59,0.0273812,,True
562.22550,5.16,78,180004,95,0.0134574,,True
562.22551,5.11,92,178792,131,0.0172832,,True
562.22552,4.99,99,174352,73,0.0123301,,True
562.22553,5.08,80,191125,12,0.0126583,,True
562.22554,4.88,96,128699,10,0.0332906,,True
562.22555,5.12,80,174423,131,0.0162248,,True
562.22556,4.83,53,202871,5663,0.0313661,,True
562.22557,5.07,74,189510,95,0.0130589,,True
562.22558,5.09,96,192225,5484,0.0132621,,True
562.22559,5.19,109,173947,95,0.0136348,,True
562.22560,4.92,79,202448,73,0.0124046,,True
562.22561,5.1,129,166801,131,0.0171033,,True
562.22562,5.21,168,94738,405,0.0322598,,True
562.22563,5.17,120,139682,95,0.0125546,,True
562.22564,5.02,101,172388,95,0.0128768,,True
562.22565,5.1,88,174244,131,0.0171438,,True
562.22566,5.3,115,172655,95,0.0138335,,True
562.22567,5.0,151,96361,5606,0.0330857,,True
562.22568,5.07,88,202447,73,0.0125687,,True
562.22569,5.01,80,175503,127,0.0118153,,True
562.22570,5.1,129,192774,144,0.0119246,,True
562.22571,5.07,102,203755,80,0.012039,,True
562.22572,5.04,89,186575,73,0.0122326,,True
562.22573,5.04,61,203770,95,0.0129246,,True
562.22574,5.15,131,140195,73,0.0125922,,True
562.22576,5.21,80,181584,390,0.0130205,,True
562.22577,5.12,101,196399,127,0.0119109,,True
562.22578,5.22,166,105614,62,0.0281437,,True
562.22579,5.04,100,179149,5253,0.0127625,,True
562.22580,5.03,45,273500,357,0.0156647,,True
562.22581,5.18,135,154374,73,0.0126961,,True
562.22582,5.04,95,169457,5387,0.0167365,,True
562.22583,5.1,91,158185,393,0.0321244,,True
562.22584,5.1,129,174379,625,0.01177,,True
562.22585,4.93,93,173655,95,0.0125828,,True
562.22586,5.05,92,134250,393,0.0324167,,True
562.22587,5.14,118,148535,73,0.0125076,,True
562.22588,5.12,109,165175,131,0.0173298,,True
562.22589,4.87,57,266790,569,0.0112113,,True
562.22590,4.83,53,237597,428,0.0156322,,True
562.22591,4.59,70,167534,2067,0.0323853,,True
562.22592,5.0,91,202475,73,0.0119383,,True
562.22593,5.15,123,162927,80,0.0125781,,True
562.22594,5.16,110,173819,73,0.0121448,,True
562.22595,5.16,131,159114,131,0.0172657,,True
562.22596,5.09,110,142889,131,0.0169364,,True
562.22597,5.14,117,178677,131,0.0162471,,True
562.22598,4.85,58,220601,5430,0.0114865,,True
562.22599,4.85,43,241995,5629,0.0110313,,True
562.22600,4.88,91,184055,88,0.0326063,,True
562.22601,5.24,105,159104,131,0.017873,,True
562.22602,5.18,137,129615,69,0.0326274,,True
562.22603,5.04,110,174234,73,0.0125781,,True
562.22604,5.13,87,175991,95,0.0133645,,True
562.22605,5.28,91,200408,372,0.0137289,,True
562.22606,4.94,76,203809,73,0.0123627,,True
562.22607,5.02,122,131784,117,0.0251848,,True
562.22608,4.8,82,164496,5576,0.0332041,,True
562.22609,5.0,96,185841,73,0.0111365,,True
562.22610,5.13,117,180448,131,0.01664,,True
562.22611,5.14,117,178678,131,0.016657,,True
562.22612,4.91,97,186348,131,0.0165102,,True
562.22613,5.14,111,182538,73,0.0122372,,True
562.22614,4.68,71,182962,223,0.0326486,,True
562.22615,5.06,104,186575,73,0.0120482,,True
562.22617,5.07,96,172606,95,0.013141,,True
562.22618,4.99,76,159223,1722,0.028036,,True
562.22619,5.18,121,132488,69,0.032166,,True
562.22620,5.21,124,174417,131,0.0176293,,True
562.22621,4.89,63,202447,1618,0.0116435,,True
562.22622,5.14,86,181680,131,0.0174703,,True
562.22623,4.97,94,186519,73,0.0123254,,True
562.22624,5.12,112,179357,73,0.01192,,True
562.22625,4.83,40,264762,357,0.0149759,,True
562.22626,5.15,103,143076,131,0.0172541,,True
562.22627,5.09,134,174143,144,0.0121125,,True
562.22628,4.97,157,81888,2967,0.034881,,True
562.22629,4.99,82,185986,421,0.0127435,,True
562.22630,5.3,138,123836,131,0.0177895,,True
562.22631,5.02,99,181658,131,0.0165102,,True
562.22632,5.13,139,189323,95,0.0133938,,True
562.22633,4.76,89,128538,5308,0.0331825,,True
562.22634,4.98,77,214005,73,0.0116075,,True
562.22635,5.1,116,114683,131,0.0156214,,True
562.22636,5.15,111,158050,69,0.0323538,,True
562.22637,5.12,63,208123,131,0.0159266,,True
562.22638,5.11,105,185463,73,0.0119155,,True
562.22639,5.19,147,113878,38,0.0315588,,True
562.22640,4.96,150,110404,10,0.0332689,,True
562.22641,5.1,88,179070,127,0.0118562,,True
562.22642,5.13,142,159492,131,0.0172424,,True
562.22643,4.78,65,187104,753,0.033032,,True
562.22644,5.17,111,179415,73,0.0123906,,True
562.22645,4.73,48,249643,420,0.0105645,,True
562.22646,4.96,98,169883,131,0.0170111,,True
562.22647,5.12,114,154102,95,0.0130301,,True
562.22648,5.19,82,202706,5678,0.0136942,,True
562.22649,5.02,101,185986,95,0.0129533,,True
562.22650,5.19,110,166923,131,0.0173356,,True
562.22651,5.0,132,92287,453,0.0323643,,True
562.22652,5.22,168,95116,69,0.0319174,,True
562.22653,5.01,114,86114,46,0.0338588,,True
562.22654,4.92,70,248416,357,0.015235,,True
562.22655,5.14,83,178679,131,0.0172134,,True
562.22656,5.12,107,186697,73,0.0120115,,True
562.22657,5.09,89,171954,131,0.0169651,,True
562.22658,4.97,51,269064,141,0.00431967,,True
562.22659,5.24,210,51656,59,0.0288728,,True
562.22660,4.79,84,154751,442,0.0328396,,True
562.22661,5.01,68,194327,5328,0.0130493,,True
562.22662,5.35,141,130758,69,0.033032,,True
562.22663,5.06,109,186575,73,0.0116075,,True
562.22664,5.04,93,134396,646,0.011384,,True
562.22665,5.01,111,157602,550,0.0136397,,True
562.22666,5.02,132,97096,59,0.0273026,,True
562.22667,5.07,80,231256,538,0.0160586,,True
562.22668,5.09,104,173681,95,0.0134085,,True
562.22669,5.08,135,165175,131,0.0170226,,True
562.22670,5.06,71,180446,131,0.015976,,True
562.22671,5.42,114,162585,95,0.0142467,,True
562.22672,5.15,132,106873,69,0.0323643,,True
562.22673,5.03,85,172756,95,0.0123533,,True
562.22674,5.13,102,196397,127,0.0124701,,True
562.22675,4.9,58,192305,5585,0.0118063,,True
562.22676,5.26,124,134217,69,0.0331179,,True
562.22677,4.87,117,92935,361,0.0342701,,True
562.22678,4.92,57,193255,357,0.0154542,,True
562.22679,5.09,128,92265,963,0.0307659,,True
562.22680,5.22,106,167915,131,0.0177716,,True
562.22681,5.04,97,152516,550,0.0130782,,True
562.22682,5.17,104,179396,73,0.0125875,,True
562.22683,5.23,125,182622,73,0.0126488,,True
562.22684,5.11,117,179598,73,0.0121171,,True
562.22685,5.06,133,181870,131,0.0171786,,True
562.22686,5.1,107,179415,73,0.0125828,,True
562.22687,5.15,141,119300,10,0.0334098,,True
562.22688,5.38,146,97989,69,0.032893,,True
562.22689,5.36,119,183013,12,0.0129725,,True
562.22690,4.81,109,130354,976,0.0326803,,True
562.22691,4.81,81,186427,131,0.0162638,,True
562.22692,4.76,116,119541,10,0.0332906,,True
562.22693,5.11,118,126257,69,0.0325324,,True
562.22694,5.04,92,180449,131,0.0170168,,True
562.22695,5.18,131,152514,38,0.0314674,,True
562.22696,5.04,86,190875,4702,0.0119657,,True
562.22697,5.01,92,151330,28,0.0151872,,True
562.22698,4.88,88,143143,14,0.0133011,,True
562.22699,5.15,132,221686,428,0.0168676,,True
562.22700,4.78,127,95786,44,0.0336937,,True
562.22701,5.04,144,92864,93,0.0328716,,True
562.22702,5.09,131,121439,73,0.0126725,,True
562.22703,5.11,95,181812,95,0.0123673,,True
562.22704,5.09,100,185486,73,0.0133889,,True
562.22705,4.94,100,176141,95,0.0125875,,True
562.22706,5.16,125,172276,14,0.0140946,,True
562.22707,4.94,111,130904,540,0.0343261,,True
562.22708,5.26,125,170089,648,0.0291328,,True
562.22709,4.99,101,189204,95,0.0127672,,True
562.22710,5.05,104,189450,5351,0.0119703,,True
562.22711,5.11,98,203861,95,0.0130975,,True
562.22712,4.95,87,185497,73,0.0123906,,True
562.22713,5.06,104,157291,38,0.0321556,,True
562.22714,5.07,92,181524,1979,0.0125734,,True
562.22715,5.11,67,215149,998,0.00388479,,True
562.22716,4.98,87,223112,428,0.0159101,,True
562.22717,5.22,128,159742,131,0.0177004,,True
562.22718,5.28,97,173826,5640,0.0181011,,True
562.22719,5.01,73,150860,567,0.012265,,True
562.22720,4.62,116,81414,5589,0.0329999,,True
562.22721,5.13,115,136587,95,0.0130108,,True
562.22722,5.28,196,79634,5593,0.0327864,,True
562.22723,5.19,67,253550,95,0.0136843,,True
562.22724,5.0,85,154556,1431,0.0334533,,True
562.22725,5.06,94,156093,12,0.0119246,,True
562.22726,4.87,58,188169,390,0.0120298,,True
562.22727,5.1,103,159678,95,0.0132719,,True
562.22728,5.21,138,150981,95,0.0136843,,True
562.22729,5.19,91,185897,95,0.0134427,,True
562.22730,5.24,102,173996,95,0.0136397,,True
562.22731,4.81,58,201854,569,0.0109964,,True
562.22732,5.07,61,203769,95,0.0131023,,True
562.22733,5.04,90,173928,131,0.0167137,,True
562.22734,5.26,155,105606,38,0.0309845,,True
562.22735,5.22,119,118931,69,0.0330427,,True
562.22736,5.01,84,189437,95,0.0126677,,True
562.22737,5.31,174,92194,405,0.031508,,True
562.22738,5.09,108,179230,73,0.012791,,True
562.22740,4.93,44,245794,357,0.0153845,,True
562.22741,5.33,149,128175,38,0.0320933,,True
562.22742,5.22,107,179429,5389,0.013199,,True
562.22743,4.88,73,234809,547,0.0121956,,True
562.22744,5.13,91,203089,12,0.0130638,,True
562.22745,5.17,133,114162,73,0.013233,,True
562.22746,4.82,180,67760,773,0.0320621,,True
562.22747,4.92,125,111816,58,0.0336718,,True
562.22748,4.97,125,113098,127,0.0115626,,True
562.22749,5.21,132,117639,5520,0.0324272,,True
562.22750,5.13,119,154390,38,0.0312954,,True
562.22751,5.36,187,102709,69,0.0327864,,True
562.22752,5.21,110,124961,14,0.0136942,,True
562.22753,5.2,104,186106,95,0.0125452,,True
562.22754,5.31,123,161428,131,0.0170802,,True
562.22755,5.1,126,171480,5494,0.0173531,,True
562.22756,4.98,169,69632,127,0.0119109,,True
562.22757,5.1,208,55007,59,0.0278841,,True
562.22758,4.81,96,153053,58,0.0327758,,True
562.22759,5.12,112,185580,73,0.0119337,,True
562.22760,4.72,47,256239,2526,0.0321348,,True
562.22761,5.11,104,186578,12,0.0118835,,True
562.22762,4.92,100,180448,131,0.0167137,,True
562.22763,4.72,57,152802,973,0.0309645,,True
562.22764,5.24,144,124277,38,0.03162,,True
562.22765,5.09,93,134250,393,0.0321556,,True
562.22766,5.19,127,178191,95,0.0131651,,True
562.22767,5.21,117,162928,95,0.0134085,,True
562.22768,5.17,99,182783,131,0.0171496,,True
562.22769,5.19,166,121222,73,0.0131071,,True
562.22770,4.91,85,120225,448,0.0334642,,True
562.22771,5.13,91,198576,998,0.00371142,,True
562.22772,5.21,154,88421,69,0.0321244,,True
562.22773,5.09,80,175086,131,0.016136,,True
562.22774,5.08,126,174035,73,0.0119748,,True
562.22775,4.87,121,97830,58,0.0332581,,True
562.22776,4.91,74,194131,91,0.0152883,,True
562.22777,4.96,87,177749,127,0.0115582,,True
562.22778,4.99,108,181461,131,0.0169421,,True
562.22779,5.32,144,88421,69,0.0327439,,True
562.22780,4.85,104,143552,155,0.0338809,,True
562.22781,5.03,106,192477,127,0.0115986,,True
562.22782,5.11,113,185303,73,0.0122882,,True
562.22783,5.07,128,159114,131,0.0169192,,True
562.22784,5.13,77,198134,131,0.0160311,,True
562.22785,5.23,117,131775,69,0.0328503,,True
562.22786,5.22,138,130077,69,0.0329036,,True
562.22787,5.21,128,179286,73,0.0125922,,True
562.22788,5.06,95,156093,12,0.0119291,,True
562.22789,5.23,74,203862,95,0.013384,,True
562.22790,5.02,105,202446,73,0.0130349,,True
562.22791,4.88,64,196211,1170,0.0155889,,True
562.22792,5.15,116,150221,38,0.0312551,,True
562.22793,5.09,62,176415,95,0.0121632,,True
562.22794,4.94,90,189436,1193,0.0135459,,True
562.22795,4.76,46,209623,357,0.0151183,,True
562.22796,4.66,45,226338,2802,0.0123115,,True
562.22797,5.11,94,163754,131,0.0170572,,True
562.22798,5.11,108,157602,550,0.0136892,,True
562.22799,4.96,91,139504,550,0.0125499,,True
562.22800,5.01,99,169140,73,0.0120344,,True
562.22801,4.96,93,172828,95,0.0117519,,True
562.22802,5.18,125,145730,23,0.0320829,,True
562.22803,5.07,74,185898,95,0.0130349,,True
562.22804,5.03,62,189194,95,0.0129246,,True
562.22805,5.07,64,189395,95,0.0129102,,True
562.22806,5.13,101,159741,131,0.0172482,,True
562.22807,4.98,79,188063,457,0.0276271,,True
562.22808,5.24,82,189968,95,0.0138385,,True
562.22809,5.0,119,89281,10,0.0339694,,True
562.22810,4.96,75,191121,129,0.0329999,,True
562.22811,5.12,119,159842,131,0.0166061,,True
562.22812,5.23,122,179415,73,0.0128148,,True
562.22813,5.21,130,144251,131,0.0176175,,True
562.22814,4.98,91,180627,131,0.0168105,,True
562.22815,4.93,85,186427,131,0.0167308,,True
562.22816,5.08,111,202447,73,0.0123953,,True
562.22817,4.91,76,185665,73,0.0116931,,True
562.22818,5.17,117,178752,73,0.0127151,,True
562.22819,5.15,112,179250,73,0.0121263,,True
562.22820,5.05,69,192157,131,0.0159156,,True
562.22821,5.18,104,163962,131,0.017359,,True
562.22822,5.33,119,165377,131,0.017138,,True
562.22823,4.85,41,245312,357,0.0153096,,True
562.22824,4.93,82,196399,5364,0.0114687,,True
562.22825,5.08,146,147574,144,0.0126064,,True
562.22826,5.18,92,204705,12,0.0132378,,True
562.22827,4.97,69,240433,12,0.0112997,,True
562.22872,5.11,120,172372,144,0.012191,,True
562.22873,5.21,125,180607,12,0.0125311,,True
562.22874,4.57,185,51727,1494,0.0334207,,True
562.22875,5.15,148,88709,10,0.0336389,,True
562.22876,4.9,126,153685,5432,0.0165891,,True
562.22877,5.08,86,199227,73,0.0122372,,True
562.22878,5.1,79,161700,131,0.0162304,,True
562.22879,5.08,94,131811,624,0.0272417,,True
562.22880,5.27,138,106895,69,0.0326591,,True
562.22909,4.68,50,195922,5082,0.0327652,,True
562.22910,5.18,66,203757,95,0.0137289,,True
562.22911,5.02,104,185303,73,0.0130253,,True
562.22912,4.97,85,192548,12,0.0111365,,True
562.22913,4.96,87,157473,393,0.0319381,,True
562.22914,5.15,98,185952,73,0.0130445,,True
562.22915,5.11,93,201104,12,0.0119246,,True
562.22916,5.06,131,173723,73,0.0119383,,True
562.22917,5.12,95,162750,95,0.012265,,True
562.22918,5.16,106,158185,5476,0.0324482,,True
562.22919,5.2,147,162519,95,0.0138235,,True
562.22920,5.02,86,136599,393,0.0322076,,True
562.22921,4.7,85,129293,10,0.032861,,True
562.22922,5.15,107,182538,73,0.0125076,,True
562.22923,5.13,87,192538,354,0.0280539,,True
562.22924,5.16,124,186697,73,0.0126064,,True
562.22925,5.16,71,274679,363,0.013141,,True
562.22926,5.14,96,202913,95,0.0124795,,True
562.22927,5.03,149,131774,641,0.0332149,,True
562.22928,5.11,90,130870,12,0.0138335,,True
562.22929,5.07,100,153312,106,0.0327652,,True
562.22930,4.79,95,148890,711,0.0334207,,True
562.22931,5.21,145,172965,95,0.012228,,True
562.22932,5.23,104,191038,12,0.0127435,,True
562.22933,5.27,149,83851,405,0.0325008,,True
562.22934,5.13,126,130602,88,0.0330535,,True
562.22935,4.98,75,268457,12,0.0113352,,True
562.22936,5.07,148,78312,399,0.034881,,True
562.22937,4.62,71,160354,5519,0.0328716,,True
562.22938,4.86,33,345280,95,0.012131,,True
562.22939,5.15,124,152516,550,0.0138235,,True
562.22940,5.03,111,182538,73,0.0120206,,True
562.22941,5.15,121,185947,73,0.0126866,,True
562.22942,5.17,104,134250,393,0.0324482,,True
562.22943,5.0,102,202447,73,0.0128911,,True
562.22944,5.06,106,179396,73,0.0126441,,True
562.22945,4.97,76,259882,357,0.0157953,,True
562.22946,5.21,99,151256,127,0.0127388,,True
562.22947,5.15,182,103272,452,0.0148553,,True
562.22948,5.13,80,189310,5461,0.0132767,,True
562.22949,5.12,114,185580,73,0.011952,,True
562.22950,4.97,149,89674,5363,0.0325324,,True
562.22951,5.09,221,51627,59,0.0279465,,True
562.22952,5.08,76,198955,91,0.01602,,True
562.22953,5.09,66,200823,372,0.0124187,,True
562.22954,5.07,108,137349,963,0.0304119,,True
562.22955,5.05,216,51200,59,0.0277154,,True
562.22956,5.13,124,107304,59,0.027539,,True
562.22957,5.09,97,254855,73,0.0118199,,True
562.22958,5.09,110,157969,14,0.0136348,,True
562.22959,5.01,98,175160,73,0.0124935,,True
562.22960,5.2,90,180445,5630,0.0164708,,True
562.22961,5.13,120,179416,73,0.0124467,,True
562.22962,4.95,118,77704,366,0.0343261,,True
562.22964,5.03,90,158484,83,0.0160973,,True
562.22965,5.12,108,182622,73,0.0119977,,True
562.22966,5.15,139,123218,38,0.0313661,,True
562.22967,5.16,108,185952,73,0.0128815,,True
562.22968,5.14,118,186498,73,0.0120528,,True
562.22969,4.98,107,174310,79,0.0131603,,True
562.22970,5.11,124,110769,618,0.0284876,,True
562.22971,4.87,87,171284,88,0.032925,,True
562.22972,5.06,102,149215,117,0.0252895,,True
562.22973,5.08,89,186517,73,0.0119018,,True
562.22974,4.98,107,186519,73,0.0121356,,True
562.22975,4.97,91,185841,73,0.0123115,,True
562.22976,4.99,124,129482,58,0.0333339,,True
562.22977,5.09,103,186027,95,0.0134869,,True
562.22978,5.11,103,185567,73,0.0128624,,True
562.22979,5.32,119,186496,73,0.0134085,,True
562.22980,4.89,74,187370,141,0.00497183,,True
562.22981,4.81,56,266790,420,0.0110838,,True
562.22982,5.26,108,150704,88,0.0334207,,True
562.22983,4.99,86,195604,73,0.0129341,,True
562.22985,5.26,156,130210,38,0.0312349,,True
562.22986,5.12,99,179352,73,0.0119428,,True
562.22987,5.04,88,198576,141,0.00526151,,True
562.22988,4.69,105,131938,1001,0.0325957,,True
562.22989,5.03,85,114307,106,0.0327758,,True
562.22990,4.95,75,242699,1155,0.016544,,True
562.22991,5.12,199,58217,59,0.0280898,,True
562.22992,5.18,170,72382,59,0.0282067,,True
562.22993,4.73,50,266790,420,0.0105432,,True
562.22994,4.93,53,198576,141,0.00393593,,True
562.22995,5.01,83,239138,127,0.0115178,,True
562.22996,4.92,65,201679,691,0.0320518,,True
562.22997,5.28,147,90142,405,0.0323853,,True
562.22998,5.13,66,189509,95,0.0132524,,True
562.22999,5.21,125,138236,369,0.0334533,,True
562.23000,5.01,118,179496,73,0.0119977,,True
562.23001,5.17,97,204705,12,0.012982,,True
562.23002,5.13,116,185986,95,0.0136892,,True
562.23003,5.01,79,185584,141,0.00572482,,True
562.23004,5.06,163,105998,10,0.033323,,True
562.23005,5.43,151,119297,69,0.0326274,,True
562.23006,4.77,104,130795,48,0.0333556,,True
562.23007,5.16,73,189195,95,0.0133645,,True
562.23008,5.07,89,189623,12,0.0117745,,True
562.23009,5.05,157,118644,73,0.0124748,,True
562.23010,5.11,95,202447,73,0.0122604,,True
562.23012,5.2,159,105596,62,0.0277066,,True
562.23013,5.15,142,110931,62,0.0281437,,True
562.23014,4.84,88,130974,10,0.0327333,,True
562.23015,5.14,83,189453,95,0.0122141,,True
562.23016,5.09,102,194046,537,0.012791,,True
562.23017,5.15,170,86224,62,0.0277331,,True
562.23018,5.13,99,181785,131,0.0177004,,True
562.23019,5.02,76,251298,363,0.0116075,,True
562.23020,5.19,139,162085,73,0.0127815,,True
562.23021,5.05,163,108932,62,0.0272243,,True
562.23022,5.01,80,187008,4260,0.0137389,,True
562.23023,4.77,70,181969,131,0.0158937,,True
562.23024,4.81,156,72924,2253,0.0319174,,True
562.23025,4.84,90,178653,131,0.0163531,,True
562.23026,4.92,88,296657,2494,0.0122929,,True
562.23027,5.16,116,165660,80,0.0125452,,True
562.23028,5.13,109,165175,131,0.0172948,,True
562.23029,5.01,81,147148,1394,0.0321036,,True
562.23030,5.26,116,182417,144,0.0128815,,True
562.23031,5.1,128,132658,369,0.0332365,,True
562.23032,5.05,97,130065,131,0.016674,,True
562.23033,4.93,90,202447,73,0.012131,,True
562.23034,5.06,100,165660,80,0.0121171,,True
562.23035,4.81,82,151914,491,0.012428,,True
562.23036,4.8,86,151914,491,0.0124327,,True
562.23037,4.99,108,179298,73,0.0119748,,True
562.23038,5.15,143,170020,73,0.0130975,,True
562.23039,5.15,97,204696,12,0.0130397,,True
562.23040,5.14,110,131005,12,0.0122604,,True
562.23041,5.12,98,214432,73,0.0119931,,True
562.23042,4.59,59,183088,5552,0.0324693,,True
562.23043,5.04,102,118646,127,0.0114955,,True
562.23044,4.67,96,96050,685,0.0333664,,True
562.23045,5.03,66,189090,141,0.00361649,,True
562.23046,5.0,107,146231,2230,0.0327652,,True
562.23047,4.95,137,97972,167,0.0342701,,True
562.23048,5.2,78,192384,95,0.0135262,,True
562.23049,5.21,176,68835,405,0.031508,,True
562.23050,5.01,105,179496,73,0.0123906,,True
562.23051,5.17,109,203107,12,0.0122836,,True
562.23052,5.35,153,87698,405,0.032893,,True
562.23053,5.09,98,178680,131,0.0166117,,True
562.23054,4.84,139,119735,58,0.0333881,,True
562.23055,5.02,127,117949,1810,0.027742,,True
562.23056,4.75,43,259321,2567,0.0111497,,True
562.23057,5.07,110,123215,38,0.0310644,,True
562.23058,5.21,115,153484,69,0.0323643,,True
562.23059,5.01,93,168580,127,0.0114955,,True
562.23060,5.21,116,146489,69,0.0323224,,True
562.23061,5.14,78,181738,131,0.0172076,,True
562.23062,5.1,85,203864,95,0.0131603,,True
562.23063,5.05,100,181712,117,0.0254434,,True
562.23064,5.21,138,127647,5440,0.0332906,,True
562.23065,5.16,89,180447,131,0.0172657,,True
562.23066,5.14,78,181766,131,0.0173123,,True
562.23067,5.38,189,63363,405,0.0319381,,True
562.23068,5.12,71,173539,131,0.0161748,,True
562.23069,5.01,95,169140,73,0.0117791,,True
562.23070,5.17,114,203109,12,0.0122419,,True
562.23071,5.08,101,186697,73,0.0118063,,True
562.23072,5.02,98,185303,73,0.0129868,,True
562.23073,5.27,97,203107,12,0.0134378,,True
562.23074,5.14,90,175086,131,0.0162415,,True
562.23075,5.08,75,189448,95,0.0132039,,True
562.23076,5.43,141,170763,648,0.0294706,,True
562.23077,5.18,114,164111,14,0.0137886,,True
562.23078,5.06,92,136722,393,0.0322598,,True
562.23079,5.07,91,158185,393,0.0319897,,True
562.23080,5.19,120,179469,73,0.0127151,,True
562.23081,5.09,82,196399,127,0.0117428,,True
562.23082,5.28,135,140174,80,0.0129006,,True
562.23083,5.22,144,134576,127,0.0123022,,True
562.23084,4.98,81,199224,73,0.0122511,,True
562.23085,5.19,117,179415,73,0.0124467,,True
562.23086,5.03,77,185485,73,0.0134133,,True
562.23087,5.21,77,189254,95,0.0135804,,True
562.23088,4.77,63,148107,10,0.0327546,,True
562.23089,5.09,104,182622,73,0.0127198,,True
562.23090,4.92,71,202458,73,0.01163,,True
562.23091,5.08,114,179415,73,0.0125358,,True
562.23092,5.37,150,120164,69,0.0328183,,True
562.23093,5.0,72,272408,73,0.0121217,,True
562.23094,5.09,118,161586,73,0.0129006,,True
562.23095,5.03,76,196399,127,0.0115716,,True
562.23096,5.15,102,178792,131,0.0173356,,True
562.23097,5.13,105,182622,73,0.0120252,,True
562.23098,5.17,93,147221,393,0.0324903,,True
562.23099,4.81,62,203862,95,0.0121356,,True
562.23100,5.04,78,173799,131,0.0169134,,True
562.23101,5.1,165,105766,10,0.0329785,,True
562.23102,5.09,94,153026,127,0.0125264,,True
562.23103,5.13,110,179348,73,0.011984,,True
562.23104,5.22,160,152517,5609,0.0128863,,True
562.23105,5.13,126,177979,144,0.0129677,,True
562.23106,5.08,101,196200,537,0.0126205,,True
562.23107,5.02,109,186677,73,0.0117745,,True
562.23108,5.08,99,178679,131,0.0169823,,True
562.23109,5.46,146,137863,80,0.0122975,,True
562.23110,5.21,160,135473,95,0.0139185,,True
562.23111,5.16,65,189194,95,0.0131942,,True
562.23112,5.3,78,172908,131,0.0169536,,True
562.23113,5.18,127,173022,73,0.0125076,,True
562.23114,4.98,88,159555,567,0.0120252,,True
562.23115,5.14,90,159332,1604,0.0140593,,True
562.23116,5.34,164,106896,69,0.0327439,,True
562.23117,5.03,86,146383,393,0.0316098,,True
562.23118,5.14,104,186082,95,0.013724,,True
562.23119,5.14,84,186542,73,0.0127056,,True
562.23120,5.11,126,196210,537,0.0127245,,True
562.23121,5.08,87,203118,12,0.0118881,,True
562.23122,5.07,56,253555,95,0.0129581,,True
562.23123,5.0,95,197472,95,0.0127862,,True
562.23124,4.88,70,238836,961,0.0115358,,True
562.23125,5.37,188,95116,69,0.0326063,,True
562.23126,5.06,111,106895,69,0.0317837,,True
562.23127,4.88,72,221005,141,0.0047781,,True
562.23128,5.09,101,185986,95,0.0132039,,True
562.23129,5.19,93,157491,393,0.032564,,True
562.23130,5.04,162,65655,10,0.0327652,,True
562.23131,5.01,105,140686,2230,0.0327971,,True
562.23132,5.22,154,130210,38,0.0310544,,True
562.23133,5.21,144,130210,38,0.0309845,,True
562.23134,5.05,123,106375,167,0.0342589,,True
562.23136,5.18,117,169140,73,0.0125452,,True
562.23137,5.14,112,120047,12,0.0123115,,True
562.23138,4.81,98,125305,1486,0.0321348,,True
562.23139,5.11,107,185580,73,0.01192,,True
562.23140,5.03,88,134250,393,0.0316813,,True
562.23142,5.14,91,189589,428,0.0166344,,True
562.23143,5.16,73,185986,95,0.01334,,True
562.23144,5.1,96,178679,131,0.0171322,,True
562.23145,5.25,125,129850,38,0.0318659,,True
562.23146,5.2,124,182622,73,0.0126441,,True
562.23147,5.14,116,179313,73,0.012228,,True
562.23148,5.14,119,192143,79,0.0138235,,True
562.23149,5.31,156,108306,62,0.0283604,,True
562.23150,5.13,147,96447,69,0.0320311,,True
562.23151,5.12,88,203107,12,0.013482,,True
562.23152,5.27,146,179199,144,0.0131603,,True
562.23153,4.88,126,135620,58,0.0333447,,True
562.23154,4.87,65,189273,95,0.0126819,,True
562.23155,5.12,114,159684,79,0.0136447,,True
562.23156,5.13,105,206117,73,0.0119383,,True
562.23157,5.15,200,58085,59,0.0281167,,True
562.23159,5.04,83,172754,131,0.0169077,,True
562.23160,5.11,105,185580,73,0.011879,,True
562.23161,5.28,128,179415,73,0.0129293,,True
562.23162,5.08,118,202448,73,0.0127862,,True
562.23163,4.96,129,84468,48,0.0335952,,True
562.23164,5.2,129,91095,2617,0.0280181,,True
562.23165,5.04,113,158389,974,0.0331825,,True
562.23166,4.89,98,182790,1431,0.0331287,,True
562.23167,5.22,105,181968,131,0.0173707,,True
562.23168,4.74,57,159555,567,0.0117428,,True
562.23169,4.89,73,191259,550,0.013083,,True
562.23170,5.19,95,158185,393,0.0325113,,True
562.23171,5.02,84,136903,393,0.032,,True
562.23172,5.14,109,175469,131,0.0163531,,True
562.23173,5.31,171,94801,62,0.0283876,,True
562.23174,5.09,116,170105,12,0.0130349,,True
562.23175,5.21,138,172832,144,0.012791,,True
562.23176,4.98,160,77677,62,0.0274687,,True
562.23177,5.14,145,124084,117,0.0250724,,True
562.23178,4.89,63,197221,349,0.030677,,True
562.23179,4.95,87,198582,141,0.00521614,,True
562.23180,4.98,77,185986,421,0.0127435,,True
562.23181,5.03,74,173799,131,0.0167991,,True
562.23182,5.08,94,186687,73,0.0119931,,True
562.23183,5.11,156,140193,73,0.0128053,,True
562.23184,5.0,91,227059,1946,0.0123161,,True
562.23185,5.07,60,192288,95,0.0129389,,True
562.23186,5.16,84,176560,106,0.0331179,,True
562.23187,5.04,106,186519,73,0.0116706,,True
562.23188,5.17,112,238933,12,0.0122094,,True
562.23189,5.12,112,165175,131,0.0172192,,True
562.23190,4.95,59,194588,706,0.0124561,,True
562.23191,5.1,107,159218,131,0.0171322,,True
562.23192,5.1,100,185986,95,0.0133352,,True
562.23193,5.13,70,203758,95,0.0132378,,True
562.23194,5.12,107,173037,131,0.0172134,,True
562.23195,5.4,287,141943,131,0.0170226,,True
562.23196,5.05,103,182510,73,0.0121217,,True
562.23197,4.91,59,209562,491,0.0127056,,True
562.23198,5.01,81,203858,421,0.0130879,,True
562.23199,5.08,88,180532,131,0.0170399,,True
562.23200,5.1,83,173799,131,0.0172482,,True
562.23201,5.23,127,173887,73,0.0127198,,True
562.23202,5.17,79,189193,95,0.0134967,,True
562.23203,5.09,73,180215,95,0.0134574,,True
562.23204,5.09,74,192662,141,0.00465846,,True
562.23205,5.32,134,134388,38,0.0318351,,True
562.23206,5.04,110,191651,23,0.0332797,,True
562.23207,5.06,107,187583,144,0.0124888,,True
562.23208,4.59,42,226338,2802,0.0117021,,True
562.23209,5.07,115,181143,73,0.0119155,,True
562.23210,5.25,94,191900,372,0.0120573,,True
562.23211,5.22,115,179305,73,0.0126064,,True
562.23212,5.16,101,178678,131,0.0172832,,True
562.23213,4.94,76,254799,73,0.0123394,,True
562.23214,4.93,76,202448,73,0.0118927,,True
562.23215,5.06,80,240475,83,0.0155242,,True
562.23216,4.83,112,110883,652,0.0327971,,True
562.23217,5.11,69,189274,95,0.0132427,,True
562.23218,5.0,101,186498,73,0.0128243,,True
562.23219,5.07,96,172251,73,0.0126961,,True
562.23220,5.03,75,203190,1231,0.0110138,,True
562.23221,4.91,75,177616,5597,0.0333773,,True
562.23222,5.13,114,172718,95,0.0133938,,True
562.23223,5.03,89,229449,538,0.0162193,,True
562.23224,5.06,91,199059,73,0.0121817,,True
562.23225,5.09,90,185986,95,0.0133938,,True
562.23226,5.09,79,180447,131,0.017138,,True
562.23227,5.02,84,202448,73,0.0125875,,True
562.23228,5.23,146,164442,14,0.0138185,,True
562.23229,5.29,102,162133,131,0.0180589,,True
562.23230,5.15,109,175419,73,0.0126866,,True
562.23231,5.25,120,170471,131,0.0176885,,True
562.23232,4.78,78,138704,295,0.033161,,True
562.23233,5.06,92,147216,393,0.0322702,,True
562.23234,5.02,103,170907,73,0.0130493,,True
562.23235,5.08,47,213998,131,0.0158116,,True
562.23236,5.05,61,189331,95,0.0128911,,True
562.23237,4.88,77,196850,73,0.0123394,,True
562.23238,5.04,69,189408,95,0.012915,,True
562.23239,5.08,99,180448,131,0.0169938,,True
562.23240,5.26,114,172477,95,0.0133352,,True
562.23241,4.99,66,272406,73,0.0120619,,True
562.23242,5.13,99,185897,95,0.013267,,True
562.23243,5.05,98,182597,73,0.0119565,,True
562.23244,5.08,101,182622,73,0.011829,,True
562.23245,5.27,188,105614,62,0.0285971,,True
562.23246,5.31,150,97849,69,0.0326063,,True
562.23247,5.11,105,185580,73,0.0118335,,True
562.23248,5.28,110,171989,131,0.0180649,,True
562.23249,5.08,90,202475,73,0.01177,,True
562.23250,5.02,87,158059,69,0.0320414,,True
562.23251,4.97,102,185986,95,0.0130975,,True
562.23252,5.27,183,58068,59,0.0284603,,True
562.23253,5.02,73,186389,91,0.0158171,,True
562.23254,5.08,78,188042,88,0.0332365,,True
562.23255,5.32,110,163569,648,0.0292262,,True
562.23256,5.13,166,108806,62,0.0274863,,True
562.23257,5.13,66,185897,95,0.013267,,True
562.23258,4.99,126,129480,58,0.0331072,,True
562.23259,5.07,99,180449,131,0.0167763,,True
562.23260,4.98,89,139762,2272,0.0326697,,True
562.23261,5.14,101,180478,131,0.0170283,,True
562.23262,4.98,63,198083,127,0.0120482,,True
562.23263,4.89,38,301407,357,0.015267,,True
562.23264,5.07,83,171655,69,0.0325851,,True
562.23265,5.14,100,176072,69,0.0332365,,True
562.23266,5.09,131,174032,73,0.012131,,True
562.23267,4.95,73,206576,73,0.0124888,,True
562.23268,5.13,96,214001,73,0.0115268,,True
562.23269,5.12,72,197622,131,0.0162805,,True
562.23270,5.12,95,174791,95,0.0133987,,True
562.23271,5.04,106,186498,73,0.011657,,True
562.23272,4.86,81,161175,533,0.0330535,,True
562.23273,5.21,112,159218,131,0.0177895,,True
562.23274,5.14,115,189254,95,0.0118017,,True
562.23275,5.24,122,189803,12,0.0124888,,True
562.23276,5.3,143,143815,1057,0.0131893,,True
562.23277,5.22,93,183679,14,0.0137438,,True
562.23278,5.18,128,116253,69,0.0320933,,True
562.23279,5.13,126,141012,69,0.0320621,,True
562.23280,4.97,99,185987,95,0.0126725,,True
562.23281,4.98,89,158637,23,0.0334316,,True
562.23282,5.3,130,159842,131,0.0180288,,True
562.23283,5.09,170,97812,452,0.0148553,,True
562.23284,5.22,122,161417,131,0.0177597,,True
562.23285,5.2,109,127970,131,0.016674,,True
562.23286,4.91,143,82646,10,0.0342589,,True
562.23287,5.32,130,130743,38,0.0317427,,True
562.23288,4.9,111,111794,5648,0.033323,,True
562.23289,5.11,92,189394,95,0.0124654,,True
562.23290,4.89,104,160891,5628,0.0335624,,True
562.23291,5.1,107,182622,73,0.0118426,,True
562.23292,5.23,92,173795,95,0.013615,,True
562.23293,5.03,98,182511,73,0.011612,,True
562.23294,5.03,105,182538,73,0.01163,,True
562.23295,5.03,100,182538,73,0.0115806,,True
562.23296,5.13,101,186574,95,0.0136645,,True
562.23297,5.04,70,190918,131,0.0158335,,True
562.23298,4.88,83,135012,847,0.0336061,,True
562.23299,4.94,109,172695,95,0.0126961,,True
562.23300,4.8,45,331507,104,0.0116435,,True
562.23301,4.99,99,186097,95,0.0127198,,True
562.23302,4.76,135,99497,48,0.0334316,,True
562.23303,4.9,52,251933,372,0.0119155,,True
562.23304,5.2,99,196399,127,0.0121771,,True
562.23305,5.17,118,180449,131,0.0173707,,True
562.23306,5.14,107,165175,131,0.0173707,,True
562.23308,5.12,111,173031,73,0.0120757,,True
562.23309,5.11,107,186495,73,0.0118517,,True
562.23310,5.12,104,185580,73,0.0119063,,True
562.23311,5.22,101,167131,131,0.0177538,,True
562.23312,5.17,107,185841,73,0.0117021,,True
562.23313,4.91,85,185839,73,0.0122419,,True
562.23314,4.77,94,127878,5491,0.0339362,,True
562.23315,5.18,115,152516,14,0.0137389,,True
562.23316,5.12,103,141120,127,0.0119063,,True
562.23317,4.81,90,127878,410,0.0341695,,True
562.23318,5.0,53,207838,357,0.0157789,,True
562.23319,5.05,66,189336,95,0.0129102,,True
562.23320,5.04,128,119812,127,0.0116661,,True
562.23321,5.08,107,166801,131,0.0172715,,True
562.23322,4.85,106,126032,58,0.0333664,,True
562.23323,5.27,119,154370,95,0.0141756,,True
562.23324,5.09,80,188033,5425,0.011097,,True
562.23325,5.16,128,163031,5384,0.0126347,,True
562.23326,4.69,63,187045,131,0.0157082,,True
562.23327,5.15,119,137127,69,0.0325008,,True
562.23328,5.0,110,165406,131,0.0170918,,True
562.23329,5.14,100,178529,131,0.016482,,True
562.23330,5.36,108,100203,57,0.0349726,,True
562.23331,5.25,98,235558,95,0.0140794,,True
562.23332,5.32,163,109858,62,0.0283785,,True
562.23333,5.05,75,189192,95,0.013199,,True
562.23334,5.1,86,179396,73,0.0127056,,True
562.23335,5.08,83,185986,95,0.0130541,,True
562.23336,5.08,71,224196,131,0.0158827,,True
562.23338,5.08,72,190750,131,0.0169996,,True
562.23339,4.94,75,185981,95,0.0128672,,True
562.23340,5.09,74,173906,95,0.0131845,,True
562.23341,5.23,143,120346,69,0.0327546,,True
562.23342,5.12,117,174431,12,0.0120849,,True
562.23343,5.08,106,186474,73,0.0121771,,True
562.23344,4.93,42,245312,357,0.0149234,,True
562.23345,5.06,92,132215,101,0.0335405,,True
562.23346,4.78,53,256441,429,0.0149443,,True
562.23347,5.36,111,166801,131,0.0180348,,True
562.23348,5.22,120,159842,131,0.0177835,,True
562.23349,5.1,79,186702,95,0.0132476,,True
562.23350,5.18,72,189246,95,0.013482,,True
562.23352,5.07,61,203771,95,0.0129581,,True
562.23353,4.96,123,111526,58,0.0336828,,True
562.23354,4.73,49,235265,372,0.0120895,,True
562.23356,5.31,197,63414,405,0.032,,True
562.23357,5.11,148,129172,95,0.013482,,True
562.23358,5.03,122,148620,73,0.0118335,,True
562.23359,5.1,113,166801,131,0.0172076,,True
562.23360,4.87,51,240249,538,0.015535,,True
562.23361,4.88,62,198583,141,0.00340479,,True
562.23362,5.13,131,170043,117,0.0254596,,True
562.23363,5.04,52,287995,12,0.0114063,,True
562.23364,4.97,108,131752,117,0.0248572,,True
562.23365,5.22,117,149826,131,0.0177063,,True
562.23366,4.73,75,162829,1972,0.0328077,,True
562.23367,5.22,83,192538,354,0.027893,,True
562.23368,4.84,71,130157,5662,0.0310244,,True
562.23369,4.82,114,117711,167,0.0337927,,True
562.23370,5.18,127,106895,69,0.0320725,,True
562.23371,5.16,98,173926,131,0.0174527,,True
562.23372,5.29,172,104287,405,0.0317427,,True
562.23373,5.04,85,145563,393,0.0323015,,True
562.23374,5.11,65,203869,5360,0.0133498,,True
562.23375,5.12,108,173037,131,0.0174175,,True
562.23376,5.08,117,172452,95,0.013233,,True
562.23377,5.17,106,159842,131,0.0174585,,True
562.23378,5.08,79,202889,95,0.0120619,,True
562.23379,4.98,57,226973,681,0.0134427,,True
562.23380,5.07,122,168629,127,0.0116075,,True
562.23381,5.06,86,199059,73,0.0121632,,True
562.23382,4.95,64,198453,83,0.015299,,True
562.23383,4.96,103,148040,23,0.0331825,,True
562.23384,5.27,120,163569,648,0.0291141,,True
562.23385,5.12,129,121728,443,0.03454,,True
562.23386,5.16,113,152390,80,0.0125875,,True
562.23387,5.28,123,126099,393,0.0325851,,True
562.23388,5.09,104,186697,1262,0.012154,,True
562.23389,5.22,180,102897,62,0.0276624,,True
562.23390,4.91,73,165226,106,0.0320311,,True
562.23391,5.22,152,90249,405,0.0323538,,True
562.23392,5.13,122,197164,12,0.0120665,,True
562.23393,5.11,92,165175,131,0.0172018,,True
562.23394,5.2,95,239096,141,0.00583497,,True
562.23395,5.21,141,178678,131,0.0167934,,True
562.23396,5.17,104,178679,131,0.0174527,,True
562.23398,5.16,114,173801,131,0.017086,,True
562.23399,5.14,113,178534,131,0.0170456,,True
562.23400,4.62,104,82029,540,0.0334098,,True
562.23401,5.11,70,186440,131,0.0162861,,True
562.23402,5.02,117,131016,38,0.0306671,,True
562.23403,5.25,159,159842,131,0.0177182,,True
562.23406,4.92,73,140244,349,0.0317222,,True
562.23407,4.99,56,225402,357,0.0153738,,True
562.23408,5.26,109,184226,12,0.0134722,,True
562.23409,5.16,111,170060,127,0.0121771,,True
562.23410,5.36,150,159842,131,0.0181554,,True
562.23411,5.1,134,138180,73,0.0128863,,True
562.23412,5.28,119,162612,95,0.0136595,,True
562.23413,5.28,120,159843,131,0.0170976,,True
562.23414,5.08,95,178015,421,0.0130782,,True
562.23415,5.3,172,128178,5383,0.031356,,True
562.23416,4.73,35,439297,978,0.0117383,,True
562.23417,5.08,81,194287,5425,0.0111057,,True
562.23418,4.98,103,149822,73,0.0123533,,True
562.23419,5.05,125,174144,144,0.0121033,,True
562.23420,5.15,120,129074,69,0.032638,,True
562.23421,5.06,124,140195,73,0.0121863,,True
562.23422,5.0,90,185580,73,0.0120252,,True
562.23423,5.05,102,186599,73,0.0111849,,True
562.23424,4.97,42,322834,357,0.0155296,,True
562.23425,5.24,136,113062,14,0.0140139,,True
562.23426,5.09,132,138180,73,0.0128624,,True
562.23427,5.08,66,195885,1858,0.0126111,,True
562.23428,5.21,103,186426,131,0.0177241,,True
562.23429,4.74,52,187334,1081,0.0326063,,True
562.23430,5.07,113,118633,12,0.0122465,,True
562.23431,5.02,71,251439,372,0.0110794,,True
562.23432,4.86,141,93862,93,0.0327015,,True
562.23433,4.9,110,133428,767,0.0332689,,True
562.23435,5.47,216,74072,405,0.0331395,,True
562.23436,5.31,122,130349,69,0.0325957,,True
562.23437,5.01,142,116269,10,0.032893,,True
562.23438,5.0,153,91556,5363,0.0328823,,True
562.23439,4.94,50,243220,1459,0.0127958,,True
562.23440,5.12,96,163962,69,0.0328183,,True
562.23441,5.26,137,138434,394,0.0315181,,True
562.23442,5.04,103,185580,73,0.0119428,,True
562.23443,4.86,127,97550,641,0.0333014,,True
562.23444,4.96,92,189249,95,0.0126299,,True
562.23445,5.19,105,185986,95,0.0137637,,True
562.23446,5.14,113,166994,80,0.0122511,,True
562.23447,5.45,120,138726,648,0.0300046,,True
562.23448,5.14,129,133886,38,0.0314877,,True
562.23449,5.03,102,186013,416,0.0122141,,True
562.23450,5.21,171,104287,405,0.0314572,,True
562.23451,5.07,86,178670,131,0.0170456,,True
562.23452,4.87,92,125472,10,0.0335078,,True
562.23453,4.7,67,192897,5614,0.0318248,,True
562.23454,5.07,90,173037,131,0.0170687,,True
562.23455,5.12,58,221916,998,0.000651194,,True
562.23456,4.67,73,180446,131,0.0156268,,True
562.23457,5.14,87,180590,131,0.0175762,,True
562.23458,5.06,87,180797,131,0.0169364,,True
562.23459,5.25,130,141429,73,0.0134133,,True
562.23460,5.0,57,235582,95,0.0125029,,True
562.23461,5.18,126,141943,131,0.0174879,,True
562.23462,5.12,105,158175,393,0.0319897,,True
562.23463,5.22,111,159114,131,0.0177241,,True
562.23464,5.08,108,186735,73,0.0124748,,True
562.23465,5.09,121,130984,88,0.0332797,,True
562.23467,5.15,115,135386,69,0.0326909,,True
562.23468,5.08,97,188336,367,0.0334207,,True
562.23469,5.33,132,164812,12,0.0143691,,True
562.23470,5.17,163,86771,964,0.0331287,,True
562.23471,5.15,125,184447,73,0.0122882,,True
562.23472,5.1,141,130357,10,0.0333122,,True
562.23473,5.3,142,102865,69,0.0322285,,True
562.23474,5.1,92,178679,131,0.0170918,,True
562.23475,5.02,73,204706,12,0.0130541,,True
562.23476,5.11,169,93029,10,0.0344836,,True
562.23477,4.66,86,119299,10,0.0324272,,True
562.23478,5.21,91,165717,131,0.017653,,True
562.23479,5.16,78,189386,95,0.0133791,,True
562.23480,5.07,103,173799,131,0.0169708,,True
562.23481,5.48,126,131243,648,0.0293763,,True
562.23482,5.0,72,238971,12,0.0114285,,True
562.23483,5.18,79,180628,131,0.0165722,,True
562.23484,5.19,127,106895,69,0.0322389,,True
562.23485,5.15,127,166724,12,0.0124187,,True
562.23486,5.19,113,134250,393,0.0322285,,True
562.23487,5.21,108,181806,131,0.017736,,True
562.23488,5.09,84,178679,131,0.017138,,True
562.23489,5.02,100,202447,73,0.0115806,,True
562.23490,4.74,66,167680,348,0.0330749,,True
562.23491,5.07,122,144052,88,0.0326486,,True
562.23492,5.03,64,173784,5360,0.0127482,,True
562.23493,5.12,71,175524,131,0.0161804,,True
562.23494,5.29,151,84792,405,0.0322076,,True
562.23495,5.22,150,123964,14,0.0146937,,True
562.23496,5.13,121,166896,95,0.01334,,True
562.23497,5.0,104,107793,115,0.0326063,,True
562.23498,5.09,90,221737,73,0.0128386,,True
562.23499,4.99,92,170099,648,0.0280987,,True
562.23500,5.11,126,162004,14,0.0133303,,True
562.23501,5.13,109,165175,131,0.0173415,,True
562.23502,5.01,92,141405,73,0.0120757,,True
562.23503,5.11,129,121585,69,0.0321036,,True
562.23504,5.2,176,94727,59,0.0282157,,True
562.23505,5.15,117,165297,131,0.0173941,,True
562.23506,5.11,72,189217,95,0.0132864,,True
562.23507,5.09,90,151941,393,0.0317222,,True
562.23508,5.08,71,189607,131,0.0169938,,True
562.23509,4.69,68,137788,131,0.016009,,True
562.23510,4.98,125,124217,10,0.0333339,,True
562.23511,4.72,87,119187,10,0.0335624,,True
562.23512,4.95,101,185986,95,0.0125875,,True
562.23513,5.06,95,221546,73,0.012772,,True
562.23514,4.86,140,83908,93,0.0332257,,True
562.23515,4.65,74,186590,5470,0.0327652,,True
562.23516,5.07,73,189396,95,0.0130541,,True
562.23517,4.96,110,185986,95,0.0126488,,True
562.23518,4.96,79,186027,421,0.0126725,,True
562.23519,5.02,60,194301,95,0.0127815,,True
562.23520,5.01,107,120607,362,0.0320829,,True
562.23521,5.06,88,159011,106,0.0323329,,True
562.23522,4.61,43,266790,569,0.0100582,,True
562.23523,5.12,92,202447,73,0.0124795,,True
562.23524,4.85,107,123328,58,0.0332041,,True
562.23525,5.22,132,146580,69,0.0329892,,True
562.23526,5.17,144,145960,73,0.0127958,,True
562.23527,4.95,81,185986,95,0.0126536,,True
562.23528,5.19,74,195795,648,0.028588,,True
562.23529,4.84,117,186429,88,0.0330427,,True
562.23530,5.42,106,134250,393,0.0334424,,True
562.23531,4.77,66,183354,124,0.0328183,,True
562.23532,5.3,117,178573,131,0.0179687,,True
562.23533,5.14,101,185580,73,0.0119886,,True
562.23534,5.03,94,254477,73,0.0120757,,True
562.23535,5.12,102,147243,393,0.0320414,,True
562.23536,5.14,113,123303,973,0.0310344,,True
562.23537,4.99,93,198572,141,0.0049846,,True
562.23538,5.01,116,136219,69,0.0324167,,True
562.23539,5.08,98,158966,131,0.0173006,,True
562.23540,5.12,69,228573,5604,0.0117881,,True
562.23541,5.28,172,77208,62,0.0282518,,True
562.23542,5.14,114,173037,131,0.0174351,,True
562.23543,5.24,169,128287,38,0.0312651,,True
562.23544,5.32,146,142500,12,0.0130686,,True
562.23545,5.24,126,203109,12,0.0125029,,True
562.23546,5.02,102,186498,73,0.0130205,,True
562.23547,5.06,107,149130,144,0.0119565,,True
562.23548,5.13,130,186498,73,0.0124373,,True
562.23549,4.92,82,196399,127,0.011491,,True
562.23550,5.28,160,108834,405,0.0316915,,True
562.23551,5.13,99,178688,131,0.0174116,,True
562.23552,5.1,90,189334,1231,0.0113174,,True
562.23553,5.14,99,136722,393,0.032638,,True
562.23554,5.03,91,197044,23,0.0330213,,True
562.23555,5.05,195,59938,10,0.0331502,,True
562.23556,5.04,96,202469,73,0.0121079,,True
562.23557,4.87,43,252654,538,0.0156973,,True
562.23558,5.28,113,173531,131,0.0179328,,True
562.23559,5.29,187,74415,62,0.0285058,,True
562.23560,5.04,92,186697,73,0.0120665,,True
562.23561,5.02,95,185486,73,0.0124327,,True
562.23562,5.13,93,157480,393,0.0323434,,True
562.23563,4.91,77,186497,73,0.0125875,,True
562.23564,5.07,75,185979,95,0.0128386,,True
562.23565,5.09,112,158682,131,0.0163754,,True
562.23566,5.32,130,170471,131,0.018089,,True
562.23567,5.09,108,158682,131,0.0163754,,True
562.23568,4.82,119,97642,86,0.0327546,,True
562.23569,5.09,85,194079,648,0.0282067,,True
562.23570,4.92,82,186498,73,0.0121632,,True
562.23571,5.16,103,165068,131,0.0174527,,True
562.23572,5.18,84,172908,131,0.0163531,,True
562.23573,5.21,116,102865,5639,0.0321452,,True
562.23574,5.16,111,173801,131,0.0170745,,True
562.23575,5.14,114,160029,127,0.0122882,,True
562.23576,4.98,74,167459,929,0.0122141,,True
562.23577,5.12,119,138859,80,0.0122836,,True
562.23578,4.88,81,186695,73,0.0124935,,True
562.23579,5.04,60,351118,352,0.0117745,,True
562.23580,5.28,141,130210,38,0.0314572,,True
562.23581,5.14,53,207044,648,0.0288451,,True
562.23582,5.2,147,92597,2020,0.0323853,,True
562.23583,4.97,185,68275,409,0.0349497,,True
562.23584,5.12,106,182622,73,0.0119246,,True
562.23585,5.15,106,185868,73,0.0116931,,True
562.23586,5.03,103,160986,127,0.0111409,,True
562.23587,5.24,129,177979,144,0.0137339,,True
562.23588,5.03,88,189828,12,0.0116165,,True
562.23589,4.97,98,174941,657,0.025419,,True
562.23590,5.14,107,172261,14,0.0136942,,True
562.23591,4.83,122,95840,540,0.0326591,,True
562.23592,4.63,92,117574,540,0.0328396,,True
562.23593,5.14,82,186349,131,0.0173648,,True
562.23594,5.31,129,133969,38,0.0317324,,True
562.23595,5.32,189,63412,405,0.0316915,,True
562.23596,4.91,81,196398,127,0.01104,,True
562.23597,5.06,86,215877,73,0.012386,,True
562.23598,5.08,127,186697,73,0.012772,,True
562.23599,5.14,122,168513,73,0.0125593,,True
562.23600,5.24,132,111160,69,0.0324062,,True
562.23601,5.36,193,77711,405,0.0321348,,True
562.23602,5.01,91,182622,73,0.0119291,,True
562.23603,5.17,155,130523,88,0.0328716,,True
562.23604,5.15,118,185358,80,0.0126725,,True
562.23605,5.17,67,189395,95,0.0132233,,True
562.23606,4.74,78,149498,162,0.0329571,,True
562.23607,5.09,176,97763,10,0.0331718,,True
562.23608,5.4,143,155026,88,0.0329892,,True
562.23609,5.13,111,186498,73,0.011984,,True
562.23610,5.16,82,166692,131,0.0174585,,True
562.23611,5.09,178,62479,59,0.027893,,True
562.23612,5.29,149,120652,69,0.0328396,,True
562.23613,4.91,54,276000,5328,0.0125734,,True
562.23614,4.69,54,231210,676,0.015331,,True
562.23615,5.12,110,166801,131,0.0171902,,True
562.23616,5.22,135,141037,394,0.0315181,,True
562.23617,5.03,86,173799,131,0.0172308,,True
562.23618,5.19,123,135441,69,0.0328823,,True
562.23619,5.08,99,165766,12,0.0124935,,True
562.23620,4.99,82,185244,95,0.0129581,,True
562.23621,5.2,123,164372,69,0.0326591,,True
562.23622,5.2,110,152296,80,0.0126064,,True
562.23623,5.11,100,165176,131,0.0174058,,True
562.23624,4.91,90,174903,117,0.0243228,,True
562.23625,5.03,92,173023,141,0.00347214,,True
562.23626,5.03,94,158267,69,0.0327227,,True
562.23627,5.16,100,201013,12,0.0122002,,True
562.23628,5.02,105,170907,73,0.0130349,,True
562.23629,5.22,121,180607,12,0.0124,,True
562.23630,4.92,93,176333,117,0.0248016,,True
562.23631,5.06,123,142036,131,0.0166627,,True
562.23632,5.1,79,225255,12,0.0115134,,True
562.23633,5.2,107,178687,131,0.0176234,,True
562.23634,5.13,123,171616,12,0.0119886,,True
562.23635,5.1,146,174272,144,0.0120941,,True
562.23636,4.9,110,116584,58,0.0335514,,True
562.23637,5.04,104,214003,73,0.0116796,,True
562.23638,5.04,85,268937,141,0.0051,,True
562.23639,5.34,158,128366,69,0.032861,,True
562.23640,4.74,88,127878,5491,0.0337487,,True
562.23641,5.17,219,51895,415,0.0284876,,True
562.23642,5.06,101,181764,131,0.0169536,,True
562.23643,5.1,94,202447,73,0.0121263,,True
562.23644,5.02,63,190918,131,0.0156376,,True
562.23645,5.06,106,167057,393,0.0317017,,True
562.23646,5.14,120,178679,131,0.0173065,,True
562.23647,4.93,92,173281,95,0.012228,,True
562.23648,5.0,93,146580,69,0.0324272,,True
562.23649,5.0,194,48551,59,0.0274337,,True
562.23650,5.1,75,184260,141,0.00478758,,True
562.23651,5.17,95,174945,14,0.0140492,,True
562.23652,5.18,209,56180,415,0.0283785,,True
562.23653,5.27,157,145795,131,0.0176648,,True
562.23654,5.23,120,162945,404,0.0143589,,True
562.23655,4.93,60,213931,104,0.0120711,,True
562.23656,4.88,73,194530,12,0.0128863,,True
562.23657,5.12,126,116589,12,0.0132281,,True
562.23658,4.96,93,153579,38,0.0302172,,True
562.23790,4.96,95,145719,88,0.0329677,,True
562.23791,4.96,72,173928,131,0.0166287,,True
562.23792,5.03,81,178774,131,0.0170053,,True
562.23854,5.27,135,107525,69,0.032638,,True
562.23866,5.42,164,102413,69,0.0334533,,True
562.23867,4.99,107,167325,421,0.0136645,,True
562.28131,5.46,5,4942719,156,0.0348696,,True
562.28132,5.26,6,4877335,167,0.0343823,,True
562.28389,5.08,2,4987160,1276,0.0273637,,True
562.28434,5.49,6,5211570,405,0.031969,,True
562.28435,4.92,6,4625479,8150,0.0333014,,True
562.28563,5.02,4,4877957,156,0.0332041,,True
562.28565,5.31,7,5135754,38,0.0314978,,True
562.28566,4.85,7,4773279,167,0.0326909,,True
562.28567,5.17,2,5060371,131,0.0169249,,True
562.28805,4.79,2,4695904,410,0.033032,,True
562.28838,5.38,178,193809,131,0.0178969,,True
562.28839,5.28,183,198323,131,0.0168276,,True
562.28840,4.76,190,107519,10,0.033399,,True
562.28841,4.89,141,146477,10,0.0343486,,True
562.28844,5.34,478,178750,-,0.0179088,,True
562.28845,5.44,255,191062,131,0.0181131,,True
562.28846,5.18,135,178652,131,0.0173707,,True
562.29003,5.5,7,5284180,131,0.01773,,True
562.29006,5.03,4,4875835,156,0.0332473,,True
562.29007,5.33,9,4831922,167,0.0353536,,True
562.29008,4.95,6,4688906,410,0.0342142,,True
562.29139,5.3,4,5022408,131,0.0179867,,True
562.30349,5.24,7,5074278,648,0.0296601,,True
562.30362,5.57,4,5213052,4,0.0343598,,True
562.30434,4.96,4,4818472,156,0.0326697,,True
562.30435,5.17,8,4989783,131,0.0173531,,True
562.31449,5.08,192,123883,617,0.0337597,,True
562.31450,4.9,172,120832,167,0.0335624,,True
562.31451,5.08,177,126451,617,0.0336937,,True
562.31452,4.83,133,106529,167,0.0334751,,True
562.31454,4.75,111,283153,942,0.0327439,,True
562.31457,5.06,518,89047,1284,0.0342254,over 500 contigs (too fragmented),False
562.31458,4.92,198,114638,361,0.03454,,True
562.31459,5.2,311,90588,504,0.0143027,,True
562.31460,4.98,200,281970,224,0.032925,,True
562.31462,4.82,88,300228,355,0.0112731,,True
562.31463,4.79,186,128178,410,0.0325008,,True
562.31464,5.12,240,162807,2332,0.0335296,,True
562.31465,4.64,42,690002,372,0.0113751,,True
562.31466,4.76,248,73471,4959,0.0336828,,True
562.33280,5.09,3,4925960,973,0.0309845,,True
562.33281,4.83,6,4761984,167,0.0326697,,True
562.34085,5.29,3,5107215,131,0.0174175,,True
562.34086,5.48,2,5410835,62,0.0282067,,True
562.34088,5.46,5,5119553,405,0.0325113,,True
562.34089,5.25,3,4988092,131,0.016482,,True
562.37106,5.1,252,256096,73,0.0123254,,True
562.37108,5.18,194,144075,405,0.0322076,,True
562.37109,4.72,281,51536,226,0.0337927,,True
562.37111,4.73,330,49655,226,0.0338699,,True
562.37112,5.09,366,113360,156,0.0332797,,True
562.42634,5.05,121,217208,131,0.0173765,,True
562.42635,5.29,256,199413,131,0.0171786,,True
562.42636,4.96,123,169856,1193,0.0136892,,True
562.42637,5.08,198,229896,131,0.0166004,,True
562.42638,4.88,115,229896,131,0.0166797,,True
562.42639,5.18,223,127657,205,0.0333556,,True
562.42640,5.09,174,226495,131,0.0166967,,True
562.42641,4.71,128,148156,744,0.033617,,True
562.42642,5.15,313,113696,58,0.0339583,,True
562.42643,4.93,183,347997,491,0.0129389,,True
562.42644,5.19,160,229841,131,0.0174527,,True
562.42645,5.11,119,209444,131,0.0167763,,True
562.42646,5.29,263,106380,10,0.0339141,,True
562.42647,5.03,94,191657,410,0.0324062,,True
562.42648,5.17,132,323423,6480,0.0144562,,True
562.42649,4.93,210,97256,44,0.0335952,,True
562.42650,5.18,188,367001,131,0.017529,,True
562.42651,5.35,246,106492,405,0.0315487,,True
562.42652,5.35,170,201311,131,0.0168848,,True
562.42653,5.43,181,178862,131,0.0171265,,True
562.42654,4.86,142,143492,167,0.0327439,,True
562.42655,4.78,93,219593,156,0.0327121,,True
562.42656,4.8,62,282073,2772,0.0325957,,True
562.42657,4.78,91,236179,156,0.0326803,,True
562.42658,4.97,129,125887,361,0.0340804,,True
562.42659,5.26,163,174042,131,0.0174351,,True
562.42660,5.34,179,148205,101,0.0339141,,True
562.42661,5.25,166,228983,131,0.0163251,,True
562.42663,5.25,155,222531,131,0.0168391,,True
562.42664,5.47,173,160486,648,0.0291234,,True
562.42665,5.26,95,304097,90,0.0344048,,True
562.42667,5.44,152,174045,131,0.0172482,,True
562.42668,5.06,251,99718,6690,0.033032,,True
562.42669,5.43,143,233835,69,0.0326591,,True
562.42670,5.36,147,222568,131,0.0170226,,True
562.42671,5.1,104,217687,131,0.0168505,,True
562.42672,5.36,151,191792,131,0.0170283,,True
562.42673,4.97,185,137062,1488,0.0332797,,True
562.42674,4.79,62,425435,2772,0.0325851,,True
562.42675,5.38,262,98330,131,0.0170226,,True
562.42676,5.14,116,229953,131,0.0165835,,True
562.42677,5.1,162,128709,167,0.0340249,,True
562.42678,5.26,153,120577,405,0.0324062,,True
562.42679,5.36,202,108141,405,0.0326697,,True
562.42680,4.94,157,128100,410,0.0330964,,True
562.42681,5.0,105,222567,131,0.0168848,,True
562.42682,5.1,106,279970,131,0.0169996,,True
562.42683,5.23,199,191227,131,0.0167706,,True
562.42684,9.87,3465,14576,-,0.020056,size outside 4.5-6.0 Mb,False
562.42685,5.22,285,97398,617,0.0335624,,True
562.42686,5.05,238,137977,167,0.0343261,,True
562.42687,5.04,341,56729,167,0.0340693,,True
562.42688,4.91,95,209496,3107,0.0336828,,True
562.42689,5.39,178,243469,648,0.0284239,,True
562.42690,5.07,126,241925,224,0.0329357,,True
562.42691,5.2,152,280310,69,0.0325219,,True
562.42692,5.59,306,148332,38,0.0322702,,True
562.42693,5.36,155,193325,131,0.0170226,,True
562.42694,5.22,199,239103,131,0.0174116,,True
562.42695,5.22,166,188843,131,0.0170226,,True
562.42696,5.43,135,193585,131,0.017861,,True
562.42698,5.25,168,191780,131,0.0178491,,True
562.42699,5.13,98,242959,69,0.0323434,,True
562.42700,5.3,215,240528,648,0.0280987,,True
562.42701,5.47,231,106020,405,0.0330642,,True
562.42702,5.14,117,229896,131,0.0169881,,True
562.42703,5.08,122,189588,38,0.0318145,,True
562.42704,4.98,120,294529,131,0.0170168,,True
562.42705,5.18,126,207161,38,0.0311044,,True
562.42706,5.43,145,222496,131,0.0179328,,True
562.42707,4.74,90,218969,58,0.0321348,,True
562.42708,5.18,122,348151,73,0.011879,,True
562.42709,10.64,357,191252,131,0.0364666,size outside 4.5-6.0 Mb,False
562.42710,5.0,135,184922,410,0.0341584,,True
562.42711,5.18,169,118965,405,0.0318042,,True
562.42712,5.1,131,128334,131,0.0168219,,True
562.42713,5.65,236,158984,648,0.0294612,,True
562.42714,5.53,305,141741,38,0.0332689,,True
562.42715,5.13,89,250630,131,0.0160586,,True
562.42716,5.06,121,265507,636,0.0130927,,True
562.42718,5.35,124,201100,131,0.0178193,,True
562.42719,5.23,156,230010,131,0.0173415,,True
562.42720,5.27,143,220833,131,0.016902,,True
562.42721,5.16,124,201310,68,0.0322598,,True
562.42722,5.37,307,88490,405,0.0315588,,True
562.42723,5.42,158,229901,131,0.0171612,,True
562.42724,4.99,116,174293,162,0.0334098,,True
562.42725,5.03,120,216213,131,0.0165271,,True
562.42726,5.24,214,200334,131,0.0173065,,True
562.42727,5.04,115,197551,131,0.0169708,,True
562.42728,4.76,76,318784,6178,0.0326909,,True
562.42729,4.8,136,222899,10,0.0338588,,True
562.42730,4.93,145,171599,636,0.0129341,,True
562.42731,5.35,139,222531,131,0.0169536,,True
562.42732,4.98,141,166856,7094,0.032829,,True
562.42733,4.98,97,252719,2179,0.0333014,,True
562.42734,5.12,304,56023,131,0.0171786,,True
562.42735,5.03,109,140834,131,0.0165045,,True
562.42736,5.13,149,143890,1193,0.0140492,,True
562.42737,5.09,156,139647,648,0.028027,,True
562.42738,5.16,162,229802,131,0.0173123,,True
562.42740,5.25,145,147289,648,0.0285058,,True
562.42741,5.3,137,384348,1193,0.0148135,,True
562.42742,5.25,134,147082,38,0.0314775,,True
562.42743,4.83,145,179349,38,0.030608,,True
562.42744,5.07,147,199838,131,0.0175526,,True
562.42746,5.04,106,268827,131,0.0170456,,True
562.42747,5.37,173,204841,131,0.0176352,,True
562.42748,4.89,77,209039,7581,0.0312853,,True
562.42749,5.3,118,260156,131,0.0175408,,True
562.42750,5.29,167,229891,131,0.0176471,,True
562.42751,5.23,88,308281,131,0.0175644,,True
562.42752,5.49,208,217855,69,0.0325746,,True
562.42753,5.13,108,172514,131,0.0170976,,True
562.42754,5.4,282,115043,38,0.0317324,,True
562.42755,5.25,153,242939,131,0.017588,,True
562.42756,5.33,211,191227,131,0.0167365,,True
562.42757,5.27,256,130102,297,0.0341361,,True
562.42758,5.03,131,197623,131,0.0165214,,True
562.42761,5.09,97,242809,131,0.0171207,,True
562.42762,5.15,60,392019,131,0.0171554,,True
562.42763,4.82,176,119082,3856,0.0336061,,True
562.42764,4.76,135,153588,744,0.0335842,,True
562.42765,5.23,137,224949,131,0.0174761,,True
562.42766,4.76,134,153246,744,0.0335842,,True
562.42767,5.23,246,222498,131,0.0173999,,True
562.42768,5.26,321,222722,131,0.0177538,,True
562.42769,4.76,145,155970,744,0.0335733,,True
562.42770,5.06,233,137062,10,0.0343823,,True
562.42771,4.75,163,127922,744,0.0335624,,True
562.42772,5.35,223,150436,131,0.0170341,,True
562.42773,5.26,170,200285,131,0.0168048,,True
562.42774,4.76,142,172508,744,0.0335952,,True
562.42775,4.76,149,119275,744,0.0335733,,True
562.42776,5.12,112,218307,131,0.0168391,,True
562.42777,5.17,129,243764,131,0.0172599,,True
562.42778,5.34,265,145551,131,0.0168505,,True
562.42779,5.37,103,280384,131,0.0169536,,True
562.42780,5.04,87,209459,131,0.0164427,,True
562.42781,5.25,79,342515,131,0.0172599,,True
562.42782,5.35,211,222532,131,0.0169077,,True
562.42783,4.87,161,119276,617,0.0335078,,True
562.42784,5.24,231,222498,131,0.0173999,,True
562.42785,5.0,66,255508,131,0.0158554,,True
562.42786,5.33,162,107493,405,0.0323329,,True
562.42787,5.3,133,217253,131,0.0177716,,True
562.42788,5.23,132,237099,131,0.0174761,,True
562.42789,5.26,225,225030,131,0.0174996,,True
562.42790,5.18,98,237099,131,0.0173298,,True
562.42791,5.26,206,237099,131,0.0175114,,True
562.42792,5.21,211,225988,131,0.0177657,,True
562.42794,5.2,123,256853,155,0.035226,,True
562.42796,5.0,65,383195,131,0.0158554,,True
562.42797,5.29,225,173832,131,0.0175644,,True
562.42799,5.31,129,269523,131,0.0177895,,True
562.42800,5.23,126,225513,131,0.0174761,,True
562.42801,5.23,142,225030,131,0.0174703,,True
562.42802,5.26,216,225862,131,0.0174996,,True
562.42803,5.26,149,215760,131,0.0176411,,True
562.42804,5.21,213,237099,131,0.0177479,,True
562.42805,5.26,219,225927,131,0.0174996,,True
562.42806,5.26,212,225862,131,0.0174996,,True
562.42807,5.1,183,228618,131,0.0167706,,True
562.42808,5.33,134,237099,131,0.0177954,,True
562.42809,5.18,174,224361,131,0.0172308,,True
562.42810,5.24,161,221708,131,0.0174703,,True
562.42811,5.1,105,202164,485,0.0407517,,True
562.42812,5.19,131,224531,131,0.0173648,,True
562.42813,5.32,146,224949,131,0.0177479,,True
562.42814,5.31,138,237099,131,0.0177182,,True
562.42815,5.1,79,183794,485,0.0407656,,True
562.42816,4.95,146,223052,10,0.0341249,,True
562.42817,5.24,190,228077,131,0.0174351,,True
562.42818,5.14,69,314336,-,0.161274,not E. coli (Mash distance > 0.05),False
562.42819,4.76,147,148017,744,0.0335733,,True
562.42820,5.24,87,408398,131,0.0174761,,True
562.42821,5.16,125,193015,354,0.0285971,,True
562.42822,4.92,138,187310,410,0.0329036,,True
562.42823,5.33,196,110756,131,0.0174996,,True
562.42824,4.86,109,132403,361,0.0335842,,True
562.42825,4.93,101,134105,410,0.0339805,,True
562.42826,5.24,130,182789,131,0.0176175,,True
562.42827,5.27,118,273949,131,0.017873,,True
562.42828,4.93,177,92397,617,0.0335078,,True
562.42829,5.19,82,280422,131,0.0172366,,True
562.42830,4.82,103,206074,410,0.032638,,True
562.42831,5.16,105,222847,131,0.0174058,,True
562.42832,5.26,114,197377,131,0.017653,,True
562.42833,5.21,123,209517,131,0.0172366,,True
562.42834,5.25,279,182468,131,0.0174585,,True
562.42835,5.28,165,182924,297,0.0311847,,True
562.42836,4.97,91,379843,131,0.0171091,,True
562.42837,5.0,76,218580,131,0.016482,,True
562.42838,4.92,92,296890,2554,0.0105091,,True
562.42839,5.28,198,244397,131,0.0177063,,True
562.42840,5.16,82,297787,131,0.0172832,,True
562.42841,5.31,188,258211,131,0.0177895,,True
562.42842,5.18,110,392169,1844,0.0330427,,True
562.42843,5.1,136,133912,410,0.0337377,,True
562.42844,4.92,74,368931,706,0.0124561,,True
562.42845,5.17,111,333168,12,0.01192,,True
562.42846,4.86,151,132997,93,0.0341027,,True
562.42847,5.11,128,154897,131,0.0162582,,True
562.42848,5.12,103,376689,1193,0.0142874,,True
562.42849,5.34,137,209669,131,0.017138,,True
562.42850,5.14,142,245257,410,0.0321556,,True
562.42851,5.25,135,199223,1386,0.0142365,,True
562.42852,5.1,100,229598,131,0.0167877,,True
562.42853,5.09,104,209431,131,0.0167081,,True
562.42854,4.95,121,186932,410,0.0344048,,True
562.42855,5.05,87,176334,131,0.0171033,,True
562.42856,5.22,74,594962,131,0.0165778,,True
562.42857,5.42,71,421861,-,0.178567,not E. coli (Mash distance > 0.05),False
562.42858,5.15,60,392019,131,0.0171554,,True
562.42859,5.25,208,159638,131,0.0181252,,True
562.42860,5.4,123,235574,68,0.0329464,,True
562.42861,5.08,83,340966,131,0.0170687,,True
562.42862,5.31,121,226152,131,0.017736,,True
562.42863,5.26,133,330806,131,0.0176471,,True
562.42864,5.63,326,147081,38,0.0322389,,True
562.42865,5.22,141,363354,131,0.017861,,True
562.42866,5.51,334,100420,405,0.0329677,,True
562.42867,5.28,100,326380,131,0.0175703,,True
562.42868,5.03,220,106447,44,0.0343037,,True
562.42869,5.5,283,103214,4,0.0343823,,True
562.42870,5.09,178,131569,38,0.0305294,,True
562.42871,5.25,125,199223,1386,0.0142263,,True
562.42872,5.16,118,202151,354,0.028433,,True
562.42873,5.23,160,235308,131,0.0172018,,True
562.45394,5.04,1,5038603,2179,0.0331287,,True
562.45396,5.09,6,5058724,2509,0.0339694,,True
562.45398,5.11,1,5110451,1193,0.0139386,,True
562.45399,4.96,4,4818513,641,0.0341027,,True
562.45400,5.01,14,4807613,224,0.0332149,,True
562.45401,4.85,3,4838618,617,0.0330535,,True
562.45404,5.16,3,5122458,131,0.0172482,,True
562.45585,5.75,181,177330,-,0.0352029,,True
562.45587,5.16,90,158895,155,0.0342477,,True
562.45588,5.19,135,184457,224,0.0333881,,True
562.45589,5.16,84,177075,155,0.0342589,,True
562.45591,4.84,159,71924,48,0.0328503,,True
562.45593,5.08,146,127468,155,0.0345513,,True
562.45594,4.9,165,108150,6812,0.0337377,,True
562.45595,4.91,108,182686,1324,0.0330106,,True
562.45596,5.03,174,88838,48,0.0344836,,True
562.45597,4.93,77,222445,1011,0.0331825,,True
562.45598,5.13,83,209516,2847,0.0338257,,True
562.45599,5.01,106,180788,2973,0.0337267,,True
562.45601,4.96,76,193325,162,0.0334316,,True
562.45602,5.13,129,156598,11412,0.0341027,,True
562.45603,5.28,94,157480,155,0.0356925,,True
562.45605,5.16,138,106443,101,0.0339694,,True
562.45606,5.27,139,135543,10,0.0357278,,True
562.45607,5.22,138,129775,453,0.0336828,,True
562.45608,5.12,97,207694,2847,0.0338478,,True
562.45609,5.12,119,177073,155,0.03471,,True
562.45611,4.85,75,177075,13232,0.0340027,,True
562.45612,5.08,206,92533,212,0.033892,,True
562.45614,5.04,142,159612,155,0.0342925,,True
562.45615,5.15,110,162953,11412,0.0341027,,True
562.45616,5.05,144,151196,11404,0.0341249,,True
562.45617,4.71,74,148178,6743,0.0320104,,True
562.45618,5.1,135,154511,155,0.0344611,,True
562.45619,4.72,66,194743,13234,0.0333556,,True
562.45620,5.22,75,236950,131,0.0168619,,True
562.45622,5.71,168,126306,350,0.0351914,,True
562.45623,5.19,77,189880,23,0.0339583,,True
562.45624,4.95,158,108822,3856,0.0340915,,True
562.45625,5.01,160,103016,48,0.0338147,,True
562.45626,5.4,185,110441,2847,0.0347555,,True
562.45627,4.68,81,147831,9512,0.0322076,,True
562.45628,5.0,86,192498,2852,0.0336937,,True
562.45629,5.14,161,122389,354,0.0278663,,True
562.45630,5.32,144,165650,2847,0.0343935,,True
562.45631,4.94,190,87465,746,0.0343598,,True
562.45632,5.16,131,180978,117,0.0254434,,True
562.45633,5.21,99,154574,1724,0.0341249,,True
562.45634,4.91,121,147874,1324,0.0330106,,True
562.45635,4.9,127,114102,93,0.0327015,,True
562.45636,4.91,91,123682,155,0.0339916,,True
562.45637,5.06,133,161262,155,0.0348468,,True
562.45639,4.86,187,71116,710,0.0340471,,True
562.45640,4.89,164,89476,155,0.0341361,,True
562.45641,4.79,87,193354,155,0.0341027,,True
562.45642,5.02,147,122322,48,0.0338257,,True
562.45643,5.08,177,116661,117,0.0254434,,True
562.45644,5.19,186,110525,156,0.0340138,,True
562.45646,5.31,125,180792,2973,0.0346533,,True
562.45648,4.79,85,201332,155,0.0341027,,True
562.45649,4.94,170,79105,10,0.0334533,,True
562.45650,4.92,98,181597,155,0.033903,,True
562.45651,4.75,71,209894,-,0.0332581,,True
562.45652,5.03,170,86744,-,0.0347783,,True
562.45653,5.03,103,191444,4516,0.0337267,,True
562.45654,4.94,129,123591,117,0.0254922,,True
562.45655,4.97,272,40577,155,0.0342142,,True
562.45656,5.1,145,166971,117,0.0254434,,True
562.45657,4.91,119,147696,1324,0.0330213,,True
562.45658,5.07,177,89231,10,0.0345966,,True
562.45659,5.63,142,135464,1011,0.0349612,,True
562.45660,5.0,119,99766,2852,0.0336828,,True
562.45662,4.94,182,87617,746,0.0343935,,True
562.45663,4.9,174,89655,93,0.032638,,True
562.45664,4.98,133,108979,117,0.0251848,,True
562.45665,4.69,135,86606,7187,0.0328396,,True
562.45666,5.19,137,194589,117,0.026302,,True
562.45667,4.95,147,94460,93,0.032564,,True
562.45668,4.96,74,193325,162,0.0334316,,True
562.45669,4.71,50,346380,6743,0.0320414,,True
562.45670,4.85,83,167412,13234,0.0335733,,True
562.45671,4.71,52,327543,6743,0.0320311,,True
562.45672,4.81,138,133359,10,0.0336937,,True
562.45673,5.1,160,108048,155,0.0344498,,True
562.45674,5.71,175,144285,350,0.0351798,,True
562.45675,4.96,123,111616,155,0.0345513,,True
562.45676,5.18,116,123953,10011,0.0342589,,True
562.45677,5.05,115,166430,11404,0.0342365,,True
562.45845,5.33,3,5162123,405,0.0324062,,True
562.52722,5.77,4,5570476,29,0.0342589,,True
562.53932,5.65,2,5553138,11,0.0366481,,True
562.57076,5.15,114,132243,405,0.032114,,True
562.57077,5.31,61,340471,131,0.0177004,,True
562.57078,5.21,72,225806,131,0.0174351,,True
562.57079,5.27,61,306793,95,0.0140441,,True
562.57080,5.27,100,321241,131,0.0174292,,True
562.57081,4.99,78,230808,156,0.0337377,,True
562.57082,5.67,254,127491,131,0.0177122,,True
562.57083,4.65,99,126208,209,0.0338257,,True
562.57084,5.22,263,234586,38,0.0310044,,True
562.57085,5.26,129,108146,405,0.0323538,,True
562.57086,5.23,140,203959,12,0.0138735,,True
562.57087,5.19,70,311503,131,0.0172366,,True
562.57088,5.09,55,276927,131,0.0170976,,True
562.57089,5.34,51,245261,131,0.0169823,,True
562.57090,5.35,88,309912,648,0.0284148,,True
562.57091,5.21,90,183035,131,0.0172599,,True
562.57092,4.75,31,711203,135,0.00962528,,True
562.57093,4.85,149,95358,1973,0.0338478,,True
562.57094,5.52,123,187147,69,0.0334207,,True
562.57095,5.02,222,83774,216,0.034416,,True
562.57096,5.49,1557,32684,-,0.0328183,over 500 contigs (too fragmented),False
562.57097,5.22,1403,82093,-,0.0306868,over 500 contigs (too fragmented),False
562.57098,4.86,52,249716,127,0.0116435,,True
562.57099,4.59,155,292969,10,0.0325219,,True
562.57100,4.7,132,219004,2351,0.032861,,True
562.57101,5.37,724,189148,-,0.00608779,over 500 contigs (too fragmented),False
562.57102,4.99,385,88307,1973,0.0339362,,True
562.57103,4.92,77,175327,337,0.0330749,,True
562.57104,5.11,60,308406,69,0.0320207,,True
562.57105,4.9,72,676679,224,0.0326803,,True
562.57106,4.85,103,154919,43,0.0329143,,True
562.57107,4.98,56,481311,73,0.0113263,,True
562.57108,5.17,95,202393,4598,0.0343486,,True
562.57109,4.63,42,219451,297,0.0323853,,True
562.57110,4.91,81,242919,38,0.0311545,,True
562.57111,4.82,135,130724,93,0.0328183,,True
562.57112,5.28,373,180959,69,0.0325113,,True
562.57113,5.6,569,252765,8852,0.0355284,over 500 contigs (too fragmented),False
562.57114,4.7,65,176722,10,0.0335624,,True
562.57115,5.09,112,118181,399,0.0340138,,True
562.57116,5.24,504,90991,-,0.0341361,over 500 contigs (too fragmented),False
562.57117,5.23,75,224308,69,0.0322285,,True
562.57118,4.7,39,414329,23,0.0326803,,True
562.57119,5.39,75,252648,648,0.0292824,,True
562.57120,5.22,57,259105,131,0.0172948,,True
562.57121,5.12,74,283735,362,0.0312954,,True
562.57122,4.95,87,134976,398,0.0335078,,True
562.57123,5.01,42,379740,121,0.0146885,,True
562.57124,5.4,408,173233,-,0.0287622,,True
562.57125,4.68,57,214939,2350,0.0320414,,True
562.57126,5.28,97,234071,73,0.0125781,,True
562.57127,5.25,100,104114,69,0.032114,,True
562.57128,4.79,60,187048,58,0.0331933,,True
562.57129,5.22,163,72955,59,0.0279109,,True
562.57130,5.28,111,149728,678,0.0337817,,True
562.57131,5.03,64,287092,354,0.0274162,,True
562.57132,5.33,72,189380,68,0.0326274,,True
562.57133,5.21,74,222636,131,0.017289,,True
562.57134,5.31,286,70425,635,0.0355518,,True
562.57135,5.01,138,87798,399,0.0342254,,True
562.57136,5.25,85,153202,10,0.0343037,,True
562.57137,5.44,133,166637,88,0.0333447,,True
562.57138,4.83,57,167220,641,0.0337927,,True
562.57139,5.08,35,736600,130,0.032829,,True
562.57140,5.31,54,420574,372,0.0122141,,True
562.57141,4.82,121,76994,8858,0.0346306,,True
562.57142,5.44,357,159598,1619,0.0139637,,True
562.57143,5.07,53,267022,141,0.00363721,,True
562.57144,4.77,65,198665,297,0.0329571,,True
562.57145,5.13,553,54236,409,0.0347214,over 500 contigs (too fragmented),False
562.57146,5.27,77,251088,5825,0.0351106,,True
562.57147,5.15,137,131418,607,0.0344611,,True
562.57148,5.31,66,416020,394,0.0331287,,True
562.57149,5.16,61,399588,12,0.0118608,,True
562.57150,5.04,52,280704,7100,0.0333014,,True
562.57151,5.13,78,363647,127,0.0117564,,True
562.57152,5.05,81,195897,1665,0.0337157,,True
562.57153,4.78,44,282933,131,0.0161028,,True
562.57154,5.2,59,285147,12,0.0130397,,True
562.57155,4.99,29,418715,95,0.0129389,,True
562.57156,4.69,71,141179,3021,0.0321348,,True
562.57157,4.84,323,38105,6271,0.0338588,,True
562.57158,5.37,70,220014,3381,0.0349726,,True
562.57159,4.69,74,140751,3021,0.0321556,,True
562.57160,4.88,101,106547,93,0.0324587,,True
562.57161,4.47,67,178392,10,0.0326168,size outside 4.5-6.0 Mb,False
562.57162,4.73,90,154379,48,0.0323643,,True
562.57163,5.46,132,208114,100,0.0353071,,True
562.57164,5.04,20,741826,8863,0.0332257,,True
562.57165,5.3,172,122997,3,0.03503,,True
562.57166,4.96,183,136235,617,0.0340582,,True
562.57167,5.4,131,160703,11,0.0365996,,True
562.57168,5.08,106,158935,448,0.0343374,,True
562.57169,5.25,90,322064,12,0.0136002,,True
562.57170,4.74,74,176609,10,0.0328183,,True
562.57171,4.93,156,97868,590,0.033903,,True
562.57172,5.2,76,365682,73,0.0120115,,True
562.57173,4.86,113,251830,10,0.0337927,,True
562.57174,4.85,58,210574,10,0.0330213,,True
562.57175,4.76,347,33766,4627,0.035076,,True
562.57176,5.14,156,123441,10,0.0333447,,True
562.57177,5.28,57,363611,12,0.012372,,True
562.57178,5.0,70,317967,127,0.011657,,True
562.57179,5.09,151,106266,660,0.0351106,,True
562.57180,4.93,156,88949,590,0.033892,,True
562.57181,5.08,46,398764,73,0.0112466,,True
562.57182,5.26,78,179365,973,0.0313357,,True
562.57183,5.34,84,219115,131,0.017855,,True
562.57184,4.81,83,171730,8862,0.0330964,,True
562.57185,5.33,218,83609,3,0.0351683,,True
562.57186,5.09,99,186099,1679,0.0337487,,True
562.57187,5.31,155,219110,131,0.0177063,,True
562.57188,4.74,43,367467,5268,0.0833583,not E. coli (Mash distance > 0.05),False
562.57189,5.09,36,448341,70,0.0307362,,True
562.57190,4.69,241,60782,10,0.0333664,,True
562.57191,5.18,62,325664,599,0.013233,,True
562.57192,5.34,139,131918,10,0.0337707,,True
562.57193,5.38,169,87548,59,0.0282337,,True
562.57194,5.09,39,362409,70,0.0307362,,True
562.57195,4.71,97,126459,10,0.0331933,,True
562.57196,5.13,60,262763,12,0.0130782,,True
562.57197,5.27,85,226276,131,0.0176648,,True
562.57198,5.24,137,204405,443,0.0348582,,True
562.57199,5.27,86,276417,38,0.031794,,True
562.57200,5.13,163,66178,59,0.0275478,,True
562.57201,5.09,169,88157,34,0.0336718,,True
562.57202,5.16,197,64455,59,0.0275478,,True
562.57203,4.96,59,381258,131,0.0166627,,True
562.57205,5.33,51,338359,8861,0.0170629,,True
562.57206,5.37,121,165524,73,0.0135903,,True
562.57207,5.31,67,285274,597,0.0320311,,True
562.57208,5.24,51,242902,1724,0.034036,,True
562.57209,4.97,150,95475,409,0.0338809,,True
562.57210,5.14,29,598962,127,0.0125687,,True
562.57211,5.12,69,168708,69,0.031671,,True
562.57212,4.9,57,175863,2320,0.0328183,,True
562.57213,4.9,54,179624,2320,0.0327864,,True
562.57214,5.08,40,352568,390,0.01192,,True
562.57215,5.06,50,397128,12,0.0114464,,True
562.57216,5.08,129,155322,6152,0.0343149,,True
562.57217,5.12,78,189872,69,0.0315792,,True
562.57218,5.09,61,229966,131,0.0167592,,True
562.57219,5.05,194,209008,354,0.0281887,,True
562.57220,5.39,134,182296,543,0.0341249,,True
562.57221,5.03,154,273138,354,0.0282067,,True
562.57222,5.12,70,170859,69,0.0316813,,True
562.57223,5.21,306,178368,117,0.0248175,,True
562.57224,5.19,1263,94317,48,0.0348353,over 500 contigs (too fragmented),False
562.57225,5.14,214,203848,131,0.0169766,,True
562.57226,5.14,55,429803,73,0.0118881,,True
562.57227,5.23,42,448132,8853,0.0342701,,True
562.57228,5.14,55,358087,73,0.0118835,,True
562.57229,5.05,224,160359,-,0.0280808,,True
562.57230,5.19,82,149732,69,0.0317837,,True
562.57231,5.0,207,401888,547,0.0124654,,True
562.57232,4.9,68,186270,2320,0.0328183,,True
562.57233,4.68,58,168872,1146,0.0329571,,True
562.57234,5.32,82,235416,88,0.0333773,,True
562.57235,5.09,73,229861,131,0.0168219,,True
562.57236,5.36,530,152910,69,0.0317222,over 500 contigs (too fragmented),False
562.57237,5.13,136,108202,62,0.0274687,,True
562.57238,5.14,88,218565,127,0.0120573,,True
562.57239,4.84,495,50274,710,0.0342365,,True
562.57240,5.05,77,488583,9781,0.0335514,,True
562.57241,5.03,256,185349,155,0.0336828,,True
562.57242,4.68,260,203550,10,0.032564,,True
562.57243,4.62,180,121043,10,0.0323853,,True
562.57244,5.23,95,141619,69,0.0324167,,True
562.57245,5.26,138,147897,405,0.0311044,,True
562.57246,4.92,80,253470,720,0.0312853,,True
562.57247,5.15,118,253296,38,0.0309147,,True
562.57248,5.24,81,194096,131,0.0174938,,True
562.57249,5.11,262,196138,-,0.0337157,,True
562.57250,5.11,75,279344,131,0.0168963,,True
562.57251,5.26,138,105785,62,0.0277154,,True
562.57252,5.27,73,240490,224,0.0343598,,True
562.57253,5.34,64,299315,648,0.0286979,,True
562.57254,5.06,103,295296,131,0.0168276,,True
562.57255,5.11,88,134286,453,0.0330106,,True
562.57256,5.59,1221,160116,-,0.0177004,over 500 contigs (too fragmented),False
562.57257,4.95,77,502793,1444,0.0116345,,True
562.57258,5.23,96,245046,38,0.0320207,,True
562.57259,5.32,76,231167,648,0.0285332,,True
562.57260,5.31,84,265095,12,0.0139085,,True
562.57261,4.99,101,119126,58,0.0337157,,True
562.57262,4.98,109,150699,167,0.034036,,True
562.57263,5.04,84,182291,5024,0.0328823,,True
562.57264,5.49,166,113610,2141,0.0290211,,True
562.57265,5.24,94,138955,69,0.0327333,,True
562.57266,4.78,78,150562,1140,0.032564,,True
562.57267,5.34,63,326490,648,0.0286979,,True
562.57268,5.42,193,154052,38,0.0325957,,True
562.57269,5.29,174,449180,73,0.0123533,,True
562.57270,5.12,83,286323,69,0.031969,,True
562.57271,5.05,73,205602,648,0.0284876,,True
562.57273,5.28,193,203447,131,0.0176293,,True
562.57274,5.29,118,272639,131,0.0177479,,True
562.57275,5.02,105,154705,617,0.0341807,,True
562.57276,5.35,1174,48078,-,0.0335187,over 500 contigs (too fragmented),False
562.57277,5.2,96,203307,131,0.0173006,,True
562.57278,5.17,67,253848,131,0.0175467,,True
562.57279,5.26,156,329827,131,0.0175349,,True
562.57280,5.19,82,275480,38,0.0311646,,True
562.57281,5.0,55,289417,457,0.0274951,,True
562.57282,4.82,98,106386,694,0.0338809,,True
562.57283,5.19,89,254395,131,0.0172773,,True
562.57284,5.05,78,275914,131,0.0170341,,True
562.57285,5.24,112,113511,405,0.0326063,,True
562.57286,4.92,76,217798,43,0.032925,,True
562.57287,5.26,92,281551,131,0.0173941,,True
562.57288,5.15,70,271662,38,0.0309446,,True
562.57289,5.15,67,258746,38,0.0313863,,True
562.57290,4.97,107,138624,617,0.0341807,,True
562.57291,4.85,135,96917,48,0.0332473,,True
562.57292,4.91,96,162701,1284,0.0341918,,True
562.57293,4.86,34,444362,372,0.0123813,,True
562.57294,5.52,80,263310,648,0.0299757,,True
562.57295,5.01,113,144452,10,0.033628,,True
562.57296,5.34,436,242351,69,0.0322702,,True
562.57297,5.11,118,221784,12,0.0117428,,True
562.57298,5.16,55,311617,393,0.0323748,,True
562.57299,5.01,160,106306,641,0.033628,,True
562.57300,4.79,35,359354,362,0.0312752,,True
562.57301,5.18,92,166405,586,0.0327864,,True
562.57302,4.88,55,204496,8855,0.0338147,,True
562.57303,5.38,1116,87898,1434,0.0343823,over 500 contigs (too fragmented),False
562.57304,5.09,51,363681,136,0.013724,,True
562.57305,5.31,189,76740,635,0.0355986,,True
562.57306,4.72,59,186588,1141,0.0333664,,True
562.57307,5.34,66,370324,141,0.00601327,,True
562.57308,5.3,229,134731,399,0.0352376,,True
562.57309,4.73,29,473876,636,0.0112422,,True
562.57310,4.96,95,144505,405,0.0306868,,True
562.57311,5.22,98,204338,73,0.0124561,,True
562.57312,5.1,66,323000,1231,0.0117157,,True
562.57313,4.99,139,96052,409,0.0339251,,True
562.57314,5.03,88,227300,607,0.0337707,,True
562.57315,4.64,208,412254,8865,0.0652511,not E. coli (Mash distance > 0.05),False
562.57316,5.05,49,286716,131,0.0152297,,True
562.57317,5.21,172,114069,10,0.0338257,,True
562.57318,4.64,166,140344,6237,0.0327652,,True
562.57319,4.83,360,96431,1823,0.0328077,,True
562.57320,5.36,1226,99387,6701,0.0347328,over 500 contigs (too fragmented),False
562.57321,4.67,68,335648,1727,0.0320829,,True
562.57322,4.98,269,318067,550,0.0132864,,True
562.57323,5.19,98,315582,69,0.0331825,,True
562.57324,4.73,55,236553,5064,0.0324272,,True
562.57325,5.15,117,300642,95,0.0131023,,True
562.57326,4.98,116,103272,399,0.0342589,,True
562.57327,4.58,46,229179,10,0.0331072,,True
562.57328,4.75,66,180931,58,0.033617,,True
562.57329,4.54,43,295475,10,0.0322076,,True
562.57330,4.64,38,285342,10,0.0322285,,True
562.57331,5.16,72,363089,73,0.0117836,,True
562.57363,5.31,195,128287,38,0.0311847,,True
562.57364,5.47,181,162680,95,0.0137687,,True
562.57365,5.11,169,93256,405,0.0322493,,True
562.57366,5.41,275,111013,38,0.0325324,,True
562.57367,5.28,165,123840,2003,0.0317734,,True
562.57368,4.8,99,180587,10,0.0339694,,True
562.57369,5.23,145,166923,131,0.0164876,,True
562.57370,5.03,111,182556,2179,0.0336608,,True
562.57371,5.25,138,173691,131,0.0165948,,True
562.57372,5.35,160,150103,648,0.0290396,,True
562.57373,5.09,149,137637,354,0.0287346,,True
562.57374,5.02,202,87602,44,0.0340915,,True
562.57375,5.09,124,160939,131,0.0164203,,True
562.57376,5.26,232,122307,75,0.0334098,,True
562.57377,4.97,230,123412,10,0.0344385,,True
562.57379,5.15,85,207299,457,0.0278841,,True
562.57380,5.32,160,136133,131,0.0171496,,True
562.57381,5.12,147,190916,131,0.0162805,,True
562.57382,5.22,110,210287,1193,0.0146522,,True
562.57383,4.96,196,68319,542,0.0343935,,True
562.57384,5.04,102,170094,354,0.0276006,,True
562.57385,4.92,150,97424,6622,0.0337927,,True
562.57386,5.0,214,75217,93,0.0332041,,True
562.57388,4.82,213,67361,206,0.034676,,True
562.57389,4.78,119,99145,218,0.033399,,True
562.57390,5.2,163,134692,2003,0.0314572,,True
562.57391,4.79,128,121427,101,0.0326909,,True
562.57392,5.23,216,127608,58,0.0343935,,True
562.57393,4.61,162,75575,5943,0.033323,,True
562.57394,4.72,174,83091,641,0.033892,,True
562.57396,4.81,206,55669,48,0.03454,,True
562.57398,4.84,166,87722,44,0.033903,,True
562.57399,5.33,189,89406,405,0.033032,,True
562.57400,4.92,103,174793,38,0.0311245,,True
562.57401,5.27,116,162865,3268,0.034036,,True
562.57402,4.64,126,79203,398,0.0336061,,True
562.57403,5.11,133,148396,131,0.0174351,,True
562.57404,4.77,180,62750,48,0.0338037,,True
562.57405,5.22,141,159160,131,0.0163531,,True
562.57406,4.84,139,127686,410,0.0329571,,True
562.57407,4.9,217,72423,10,0.0341584,,True
562.57409,4.9,181,94099,5950,0.0338588,,True
562.57410,5.14,184,97498,5946,0.0353652,,True
562.57411,4.89,103,159821,2165,0.0334424,,True
562.57412,4.91,117,161363,410,0.0330106,,True
562.57413,4.88,117,183010,1001,0.0333339,,True
562.57414,5.12,162,163480,196,0.0339583,,True
562.57415,4.92,95,174793,38,0.0311044,,True
562.57416,4.89,147,86171,10,0.0333339,,True
562.57417,4.73,187,79407,5944,0.0337267,,True
562.57418,4.92,151,131565,5951,0.0341361,,True
562.57419,5.13,362,56061,746,0.0348468,,True
562.57420,5.0,182,72927,1295,0.0333773,,True
562.57421,4.85,124,155329,191,0.0334969,,True
562.57422,4.9,55,288097,1642,0.0333556,,True
562.57424,4.71,130,95984,5945,0.0331287,,True
562.57425,4.98,319,55702,48,0.0338257,,True
562.57426,5.05,96,215053,538,0.0166174,,True
562.57427,5.42,324,53138,-,0.0333773,,True
562.57428,4.7,156,92418,10,0.0330106,,True
562.57429,4.97,139,155239,205,0.0337927,,True
562.57430,4.85,54,249828,5558,0.0321348,,True
562.57431,5.27,174,148772,654,0.03454,,True
562.57432,5.34,140,209054,88,0.0338368,,True
562.57433,4.76,112,117313,165,0.0323853,,True
562.57434,4.92,113,163485,3045,0.0316915,,True
562.57435,5.38,203,148900,847,0.035053,,True
562.57436,4.93,72,224047,1196,0.0333773,,True
562.57437,4.93,112,154440,1056,0.0337047,,True
562.57438,4.88,134,131320,345,0.0338478,,True
562.57439,4.78,128,89021,716,0.0324587,,True
562.57440,4.74,90,179897,345,0.032829,,True
562.57441,4.78,211,84121,5947,0.0336937,,True
562.57442,4.79,187,71371,5948,0.0344723,,True
562.57443,5.58,304,68804,20,0.035076,,True
562.57444,5.11,164,95520,405,0.032312,,True
562.57446,5.28,142,179197,88,0.0336718,,True
562.57447,5.15,134,150825,457,0.028027,,True
562.57448,4.76,159,89472,48,0.0337157,,True
562.57449,5.4,190,174570,5940,0.0266909,,True
562.57450,4.68,157,86550,46,0.0327652,,True
562.57451,5.31,156,123933,2003,0.0318042,,True
562.57452,5.11,117,186370,131,0.0168619,,True
562.57453,4.86,144,134851,410,0.0334098,,True
562.57454,5.13,147,186895,131,0.0162805,,True
562.57455,5.09,206,113301,744,0.0345287,,True
562.57456,4.81,159,95048,5942,0.033399,,True
562.57457,5.17,212,190918,131,0.0164595,,True
562.57458,4.93,104,173743,410,0.0330213,,True
562.57459,4.86,150,132617,410,0.0334424,,True
562.57460,5.11,102,301815,127,0.0117067,,True
562.57462,5.07,103,183941,457,0.0276094,,True
562.57463,5.19,156,141846,354,0.0282157,,True
562.57464,5.35,139,196539,648,0.0284603,,True
562.57465,5.01,147,115299,410,0.0333447,,True
562.57466,5.25,212,174809,421,0.0137886,,True
562.57467,5.31,193,80064,442,0.0348125,,True
562.57468,5.13,231,93250,428,0.0170053,,True
562.57469,5.33,168,137127,69,0.0326697,,True
562.57470,5.23,162,90096,405,0.0326591,,True
562.57471,4.95,95,200938,34,0.0339583,,True
562.57472,5.27,187,121732,457,0.0282789,,True
562.57473,5.1,128,169107,131,0.016623,,True
562.57474,5.11,111,164943,131,0.0170918,,True
562.57475,5.25,142,159218,131,0.0165835,,True
562.57478,5.28,145,178143,354,0.0286245,,True
562.57479,5.2,165,123988,2003,0.0314572,,True
562.57480,5.23,158,90096,405,0.0326591,,True
562.57481,5.25,142,147223,131,0.0165891,,True
562.57482,5.4,222,151215,38,0.0325324,,True
562.57483,5.28,194,88347,405,0.0324062,,True
562.57484,5.12,159,101627,405,0.0322076,,True
562.57485,5.26,145,165297,131,0.0166004,,True
562.57486,5.22,204,104351,38,0.0317017,,True
562.57487,4.89,149,115324,410,0.0332365,,True
562.57489,5.02,99,160750,5941,0.0168734,,True
562.57490,4.93,85,174793,38,0.0310644,,True
562.57491,5.15,163,91288,405,0.0323643,,True
562.57492,5.2,145,166923,131,0.016657,,True
562.57493,5.21,137,163095,131,0.0161859,,True
562.57494,5.3,161,137587,131,0.0172948,,True
562.57495,4.85,113,132792,410,0.0332581,,True
562.57496,4.8,90,147484,10,0.0333122,,True
562.57497,4.84,88,173639,131,0.0165778,,True
562.57498,5.22,157,136133,131,0.0169249,,True
562.57499,5.16,163,124513,457,0.0279644,,True
562.57500,5.1,125,160939,131,0.0164146,,True
562.57502,4.93,88,180950,131,0.0166061,,True
562.57503,5.11,140,186332,131,0.0161804,,True
562.57504,5.15,137,124984,2003,0.0313762,,True
562.57505,5.15,130,159218,131,0.0169192,,True
562.57506,5.09,194,126480,58,0.0342365,,True
562.57507,5.09,143,178143,354,0.0277863,,True
562.57508,5.23,142,166923,131,0.0164652,,True
562.57509,5.07,177,88733,44,0.034036,,True
562.57510,4.91,159,99023,1602,0.0340693,,True
562.58621,6.07,1119,36900,940,0.0391011,size outside 4.5-6.0 Mb,False
562.58622,5.28,465,34443,131,0.0185641,,True
562.58623,5.22,261,86437,69,0.033323,,True
562.58624,5.01,509,23199,405,0.0325429,over 500 contigs (too fragmented),False
562.58625,5.28,246,103733,648,0.0288267,,True
562.58626,4.09,270,38076,-,0.0381034,size outside 4.5-6.0 Mb,False
562.58627,5.17,179,159218,131,0.0166854,,True
562.58628,4.66,97,167100,1727,0.0323748,,True
562.58630,4.73,237,63520,617,0.0342589,,True
562.58631,5.12,258,62006,131,0.0179328,,True
562.58632,4.86,307,53965,131,0.0205925,,True
562.58633,5.01,209,97722,131,0.0171207,,True
562.58634,4.81,282,38695,101,0.033486,,True
562.58635,5.01,253,65335,131,0.017736,,True
562.58636,4.71,303,58524,10,0.0340471,,True
562.58637,5.61,2752,7794,131,0.0191244,over 500 contigs (too fragmented),False
562.58638,5.6,2165,10629,131,0.0190867,over 500 contigs (too fragmented),False
562.58640,5.03,134,108455,998,0.00496225,,True
562.58641,5.1,315,60309,131,0.017167,,True
562.58642,5.06,348,42723,38,0.0310744,,True
562.58643,4.76,296,37946,617,0.0335078,,True
562.58644,5.0,451,29610,38,0.0306277,,True
562.58645,5.98,622,70516,131,0.0208551,over 500 contigs (too fragmented),False
562.58646,5.04,189,108538,95,0.0130975,,True
562.58647,4.87,146,179085,73,0.0113352,,True
562.58649,5.23,239,109221,131,0.0180288,,True
562.58650,4.62,265,40252,940,0.0328077,,True
562.58651,4.88,189,80768,1193,0.0140341,,True
562.58703,10.61,1601,20853,155,0.051511,size outside 4.5-6.0 Mb,False
562.58704,5.48,153,131298,1266,0.0357042,,True
562.58705,5.2,235,94878,156,0.033628,,True
562.58706,5.37,161,139430,-,0.0351452,,True
562.58707,4.87,116,185405,345,0.0335952,,True
562.58708,5.61,369,47500,-,0.0335078,,True
562.58709,5.64,209,119537,155,0.0364424,,True
562.58710,5.15,113,184315,410,0.0342813,,True
562.58711,5.2,203,108631,101,0.034371,,True
562.58712,4.95,102,147694,744,0.0343374,,True
562.58713,5.36,197,112060,371,0.0341027,,True
562.58714,4.68,93,123538,744,0.0336828,,True
562.58715,5.6,325,81692,6875,0.0298701,,True
562.58716,5.32,242,125564,-,0.0344048,,True
562.58717,5.16,63,268739,131,0.0169536,,True
562.58718,5.37,142,137078,1086,0.03471,,True
562.58719,5.12,163,135991,-,0.0337267,,True
562.58720,5.67,191,131640,-,0.0344498,,True
562.58721,5.44,200,140101,156,0.0342477,,True
562.58722,5.28,163,119394,-,0.0347328,,True
562.58723,5.25,176,122333,156,0.0341584,,True
562.58724,5.05,332,49210,398,0.0347783,,True
562.58725,5.15,128,192417,354,0.0276182,,True
562.58726,4.9,102,147694,-,0.0344723,,True
562.58727,4.86,142,134742,-,0.034676,,True
562.58728,5.13,182,111296,359,0.0338147,,True
562.58729,5.17,146,124478,155,0.0346646,,True
562.58730,5.1,144,96469,69,0.0322285,,True
562.58731,5.35,105,209830,224,0.0337707,,True
562.58732,5.12,110,194241,4096,0.0336389,,True
562.58733,5.32,377,63248,-,0.0352029,,True
562.58734,4.9,134,126454,744,0.0343261,,True
562.58735,5.03,153,122357,4682,0.0332906,,True
562.58736,5.12,147,119574,10,0.0329464,,True
562.58737,5.03,154,93774,410,0.0329571,,True
562.58738,4.56,174,69767,5708,0.033161,,True
562.58739,4.87,118,149554,1602,0.0339694,,True
562.58740,5.18,150,127688,117,0.0252653,,True
562.58741,4.96,133,166668,3714,0.034203,,True
562.58742,4.96,155,124418,216,0.0340471,,True
562.58743,5.31,200,89056,6331,0.0339473,,True
562.58745,5.28,231,103561,6331,0.0339583,,True
562.58746,1.68,97,58027,-,0.0551687,size outside 4.5-6.0 Mb,False
562.58748,5.12,156,112275,156,0.0335405,,True
562.58749,4.77,209,59493,609,0.0340582,,True
562.58751,5.49,297,91445,1640,0.0349497,,True
562.58752,4.93,128,157426,2144,0.0333014,,True
562.58753,4.42,214,81719,-,0.0383337,size outside 4.5-6.0 Mb,False
562.58754,5.18,181,106939,7842,0.0319174,,True
562.58755,4.99,195,67489,6438,0.0341361,,True
562.58757,4.86,135,151655,1326,0.032925,,True
562.58758,5.17,353,50286,40,0.0354583,,True
562.58759,4.72,113,126528,-,0.033892,,True
562.58760,4.95,120,184664,88,0.0335733,,True
562.58761,5.27,95,198453,131,0.0177597,,True
562.58762,5.01,129,147112,165,0.0337157,,True
562.58763,5.18,245,111773,167,0.0346987,,True
562.58765,4.97,101,156366,-,0.0339694,,True
562.58766,5.1,161,118913,167,0.0343374,,True
562.58767,4.97,105,148633,192,0.0335733,,True
562.58768,4.39,103,165035,-,0.0149234,size outside 4.5-6.0 Mb,False
562.58769,4.71,121,111621,641,0.0330427,,True
562.58770,4.96,91,217653,212,0.0336389,,True
562.58771,4.85,109,140589,202,0.0329892,,True
562.58772,4.78,74,191039,3998,0.0333447,,True
562.58773,4.73,175,72751,8361,0.0339805,,True
562.58774,4.79,88,225867,155,0.0335405,,True
562.58775,4.9,72,197978,23,0.0325429,,True
562.58776,5.01,95,161088,8363,0.0335187,,True
562.58777,4.85,100,150843,8360,0.0336499,,True
562.58778,4.94,124,172194,1611,0.0344949,,True
562.58779,4.69,78,208993,212,0.0323538,,True
562.58780,4.95,114,172194,1611,0.0345853,,True
562.58781,4.87,100,202214,10,0.0337817,,True
562.58782,4.87,100,202214,10,0.0337707,,True
562.58783,4.96,127,109802,48,0.0344949,,True
562.58784,4.96,96,159577,155,0.0338809,,True
562.58785,5.01,99,232208,7210,0.0339583,,True
562.58786,4.77,138,107205,193,0.0333881,,True
562.58787,4.81,63,196792,1146,0.033323,,True
562.58788,4.81,68,212466,1146,0.033323,,True
562.58789,5.15,90,179038,127,0.0122141,,True
562.58790,4.79,68,180328,2160,0.0328077,,True
562.58791,4.81,103,131343,8362,0.0338588,,True
562.58792,4.68,60,195127,8097,0.0324062,,True
562.65780,4.79,150,93059,10,0.0333773,,True
562.65781,4.83,172,125453,10,0.0334316,,True
562.65782,4.73,520,15521,-,0.0339805,over 500 contigs (too fragmented),False
562.65783,5.27,203,147418,6901,0.032564,,True
562.65784,5.06,454,24383,88,0.0342142,,True
562.65785,4.82,182,125453,10,0.033486,,True
562.65786,5.0,147,255452,90,0.0334098,,True
562.65787,4.67,117,109871,10,0.0329999,,True
562.65788,4.76,117,113188,744,0.0339916,,True
562.65789,5.17,193,88266,540,0.0348011,,True
562.65790,5.13,220,71733,540,0.0347783,,True
562.65791,4.69,173,63530,744,0.0337157,,True
562.65793,4.89,151,167463,410,0.0339583,,True
562.65794,4.84,134,191011,410,0.0336828,,True
562.65795,4.91,145,183831,410,0.0336499,,True
562.65796,4.82,117,183831,410,0.0333339,,True
562.65798,4.81,102,173559,410,0.0329892,,True
562.65799,4.91,116,163642,410,0.0332041,,True
562.65800,4.92,119,159762,410,0.0340027,,True
562.65801,4.81,122,187057,410,0.0326591,,True
562.65802,4.92,132,159762,410,0.0339916,,True
562.65803,4.76,90,148820,410,0.0329999,,True
562.65804,4.76,90,163642,410,0.0330535,,True
562.65805,4.91,120,173559,410,0.0340138,,True
562.65806,4.82,116,191011,410,0.033486,,True
562.65807,4.74,92,183831,410,0.0334098,,True
562.65808,4.72,100,183831,410,0.0333014,,True
562.65809,4.85,124,183831,410,0.0336061,,True
562.65810,4.72,102,194698,410,0.0335514,,True
562.65811,4.8,129,173559,410,0.0328077,,True
562.65812,4.96,139,162147,410,0.032638,,True
562.65813,4.79,120,173559,410,0.0335842,,True
562.65814,4.74,107,194698,410,0.0336389,,True
562.65815,4.79,119,173559,410,0.033617,,True
562.65816,4.87,166,173559,6332,0.0340138,,True
562.65817,4.84,90,181392,410,0.0332365,,True
562.65818,4.78,113,205822,410,0.0326063,,True
562.65819,4.87,187,156785,6332,0.0340582,,True
562.73346,5.02,182,100642,5359,0.0347214,,True
562.73347,5.5,195,177850,607,0.0356455,,True
562.73349,5.13,99,281903,224,0.033617,,True
562.73350,5.5,194,173907,607,0.0356455,,True
562.73351,5.45,192,173907,607,0.0356338,,True
562.73352,5.68,182,174074,607,0.0366117,,True
562.73353,5.25,120,268155,1196,0.0337157,,True
562.73354,5.5,187,158878,607,0.0356455,,True
562.73355,5.45,200,238609,224,0.0349841,,True
562.73356,5.28,169,338814,1196,0.0338588,,True
562.73357,5.38,133,225891,607,0.0349956,,True
562.73358,5.65,193,162971,607,0.0364424,,True
562.73359,5.48,98,307470,224,0.035053,,True
562.73360,5.21,127,338814,1196,0.0335733,,True
562.73363,5.2,115,268155,1196,0.0336499,,True
562.73365,5.25,160,269911,1196,0.0337487,,True
562.73366,5.4,106,254925,1196,0.0341472,,True
562.73368,5.33,129,241901,1196,0.034371,,True
562.73369,4.81,181,89644,615,0.0331395,,True
562.73370,5.09,6,4902556,224,0.033161,,True
562.73372,5.13,97,316880,224,0.033617,,True
562.73374,5.38,131,241901,1196,0.0344498,,True
562.73376,5.35,138,268155,1196,0.0341138,,True
562.73377,5.27,152,338814,1196,0.0338037,,True
562.73378,5.25,149,338814,1196,0.0337377,,True
562.73379,5.25,156,268923,1196,0.0337377,,True
562.73380,5.45,200,227007,224,0.0349841,,True
562.73382,5.25,105,347758,1196,0.0338257,,True
562.73383,5.5,300,70943,635,0.0365996,,True
562.73385,5.13,98,281910,224,0.033617,,True
562.73386,5.28,124,338814,1196,0.0337927,,True
562.73387,5.29,143,268155,1196,0.0339362,,True
562.73390,5.49,137,244216,1196,0.0348011,,True
562.73392,5.48,5,5005783,5359,0.0353071,,True
562.73393,5.47,4,3769026,607,0.0349956,,True
562.73397,5.46,18,4907897,5229,0.0346873,,True
562.73398,5.33,14,4834393,1196,0.0338037,,True
562.7565,5.05,180,147150,517,0.0338478,,True
562.7566,4.74,85,205023,10,0.0333122,,True
562.7567,5.51,158,153195,5488,0.0354817,,True
562.7568,4.63,69,175744,5339,0.0327015,,True
562.7569,5.02,168,167744,517,0.0337817,,True
562.7570,4.93,146,147727,40,0.0338368,,True
562.7571,4.99,152,167755,517,0.0340582,,True
562.7572,5.16,199,84731,301,0.034574,,True
562.7573,5.27,122,120235,443,0.0348925,,True
562.7575,4.99,111,183148,337,0.0331072,,True
562.7576,5.21,170,135474,5241,0.0341361,,True
562.7577,5.16,219,102611,301,0.0341138,,True
562.7578,5.12,188,101736,382,0.0326591,,True
562.7579,5.11,140,99516,5426,0.0338478,,True
562.7580,5.09,277,61871,4424,0.035435,,True
562.7581,5.2,159,163532,121,0.015315,,True
562.7582,4.74,94,191035,10,0.0333122,,True
562.7583,4.82,65,210422,10,0.0334969,,True
562.7584,5.01,128,234953,583,0.0152563,,True
562.7617,5.13,144,193640,517,0.0340027,,True
562.7618,4.77,89,132620,10,0.0335733,,True
562.7619,5.67,249,117016,29,0.0353536,,True
562.7621,3.55,20,210436,-,0.0202335,size outside 4.5-6.0 Mb,False
562.7623,5.05,176,135989,328,0.0339916,,True
562.7624,5.05,118,118949,328,0.0341695,,True
562.7625,4.92,272,56232,378,0.035076,,True
562.7626,5.02,218,75111,378,0.0349039,,True
562.7627,1.3,2,661558,-,0.052474,size outside 4.5-6.0 Mb,False
562.7628,5.09,121,159375,328,0.0342589,,True
562.7629,5.1,225,122058,517,0.033892,,True
562.7631,5.09,195,148737,517,0.0338699,,True
562.7632,5.22,259,69564,5234,0.0338257,,True
562.7633,5.05,84,148265,40,0.0341472,,True
562.7634,5.23,232,118525,301,0.0342701,,True
562.7635,5.1,135,177282,328,0.0341249,,True
562.7636,5.22,143,139796,328,0.0343598,,True
562.7637,5.15,213,102731,301,0.0342142,,True
562.7638,5.23,242,73372,378,0.035226,,True
562.7639,4.95,99,210003,517,0.0340693,,True
562.7640,5.06,104,135212,517,0.0343149,,True
562.7642,5.05,226,57564,4550,0.0336389,,True
562.7643,4.74,101,147488,10,0.0333447,,True
562.7644,4.93,104,143030,40,0.0339694,,True
562.7645,4.87,163,83727,34,0.0338588,,True
562.7646,5.1,154,97718,5426,0.0339916,,True
562.7647,5.15,143,154605,328,0.0342254,,True
562.7648,5.32,274,73176,29,0.0338478,,True
562.7649,4.86,102,150401,5353,0.0337157,,True
562.7650,5.09,219,127256,517,0.0338257,,True
562.7652,5.27,120,160397,121,0.015828,,True
562.7653,4.68,33,281913,589,0.0146782,,True
562.7654,2.44,10,227517,-,0.0324062,size outside 4.5-6.0 Mb,False
562.7655,4.89,122,167731,517,0.0340249,,True
562.7656,5.11,187,136039,5618,0.0342254,,True
562.7657,4.78,107,147628,5353,0.033399,,True
562.7658,5.13,145,154523,517,0.0341807,,True
562.7659,4.86,74,417490,4554,0.0158992,,True
562.7660,5.32,127,120179,443,0.0351914,,True
562.7661,5.17,159,116220,328,0.0344836,,True
562.7662,5.04,180,80297,301,0.0346987,,True
562.7663,5.07,220,97583,301,0.0340804,,True
562.7664,5.19,123,166203,328,0.0342925,,True
562.7665,4.97,134,103125,382,0.0325957,,True
562.7666,5.18,128,153646,328,0.034416,,True
562.7667,1.52,6,233712,-,0.068817,size outside 4.5-6.0 Mb,False
562.7668,4.07,29,179004,328,0.0368186,size outside 4.5-6.0 Mb,False
562.7669,5.0,77,283986,337,0.0335514,,True
562.7670,5.1,162,123203,517,0.0342813,,True
562.7671,5.19,175,148264,40,0.0344611,,True
562.7672,4.86,89,159312,5508,0.0332797,,True
562.7673,5.12,171,141339,5553,0.0333664,,True
562.7674,5.42,121,154108,121,0.0162526,,True
562.7677,5.09,177,148651,517,0.033892,,True
562.7678,5.09,262,72304,378,0.0348925,,True
562.7679,4.81,96,211425,589,0.0150022,,True
562.7680,5.11,199,65453,4550,0.033617,,True
562.7681,5.13,122,150297,328,0.0342365,,True
562.7682,4.75,57,179824,10,0.0333339,,True
562.7683,4.93,294,54100,378,0.0351106,,True
562.7684,5.21,167,125155,17,0.0341695,,True
562.7685,5.09,327,61627,29,0.0343261,,True
562.7686,5.22,271,115613,381,0.0342701,,True
562.7687,5.41,151,146462,302,0.0350875,,True
562.7688,4.78,102,125697,5353,0.033399,,True
562.7689,5.21,271,69114,378,0.0352839,,True
562.7690,4.79,103,234045,2144,0.0323958,,True
562.7691,5.28,114,127659,121,0.0158663,,True
562.7693,5.14,126,143125,443,0.0340915,,True
562.7694,1.33,5,247941,-,0.0685975,size outside 4.5-6.0 Mb,False
562.7695,5.02,138,97132,2089,0.0336389,,True
562.7696,4.8,57,302404,803,0.0133108,,True
562.7697,5.2,130,184711,121,0.0152404,,True
562.7698,5.14,131,120274,328,0.0341361,,True
562.7700,4.96,183,70867,34,0.0342365,,True
562.7701,5.43,181,149004,335,0.0355284,,True
562.7702,4.93,141,95268,2089,0.0329143,,True
562.7703,5.27,115,113801,443,0.0348696,,True
562.7704,4.64,39,184737,10,0.0329143,,True
562.7705,5.14,256,64759,29,0.0340693,,True
562.7706,5.22,259,94921,29,0.0331287,,True
562.7707,5.2,134,135102,5241,0.0341138,,True
562.7708,1.81,8,201716,-,0.0582312,size outside 4.5-6.0 Mb,False
562.7709,5.1,108,138531,328,0.0342142,,True
562.7710,5.17,130,122505,3,0.0344498,,True
562.7712,4.97,202,85670,4590,0.0341584,,True
562.7713,4.99,86,148322,40,0.0341807,,True
562.7714,5.22,111,169715,328,0.0345627,,True
562.7717,4.89,140,137107,2346,0.0186998,,True
562.7718,4.93,128,86700,2089,0.0329143,,True
562.7719,4.83,74,210557,442,0.0328077,,True
562.7720,4.93,152,103097,382,0.0324798,,True
562.7721,5.1,179,123127,517,0.0342813,,True
562.7722,5.15,224,83586,29,0.0334969,,True
562.7723,4.84,89,159661,10,0.0337927,,True
562.7724,5.26,221,91145,5406,0.0344723,,True
562.7725,5.19,140,151832,5241,0.0341027,,True
562.7726,5.08,215,120903,517,0.0344611,,True
562.7727,4.84,136,137961,10,0.0335514,,True
562.7728,4.96,111,169200,40,0.0337157,,True
562.7729,1.73,5,344809,-,0.0623675,size outside 4.5-6.0 Mb,False
562.7730,5.06,166,167752,5485,0.0341138,,True
562.7731,5.41,274,73653,29,0.0342701,,True
562.7732,4.94,97,147669,40,0.0335514,,True
562.7733,5.07,331,53247,5330,0.0350185,,True
562.7734,5.3,200,132809,381,0.0345287,,True
562.7735,4.96,156,135225,517,0.0340915,,True
562.7737,5.0,147,167755,517,0.0340471,,True
562.7738,4.79,74,191425,328,0.0332689,,True
562.7739,2.91,14,225993,-,0.0457593,size outside 4.5-6.0 Mb,False
562.7740,5.21,183,100616,382,0.0332906,,True
562.7741,4.8,110,125346,5353,0.033323,,True
562.7742,5.1,84,218792,5381,0.0150127,,True
562.7743,5.05,116,148281,40,0.0341361,,True
562.7744,5.07,150,137896,5241,0.0337047,,True
562.7745,5.23,138,125256,121,0.0154059,,True
562.7746,5.46,204,114667,335,0.03547,,True
562.7747,5.03,166,148973,517,0.0335405,,True
562.7749,4.92,263,54057,378,0.035076,,True
562.7750,4.86,188,76387,34,0.0339583,,True
562.7752,5.02,106,182834,583,0.0153203,,True
562.7753,5.25,282,78267,29,0.0331072,,True
562.7754,5.14,272,61727,29,0.0341027,,True
562.7755,5.08,213,55173,4550,0.033628,,True
562.7757,4.89,208,68643,34,0.0337597,,True
562.7758,5.19,194,126385,29,0.0338368,,True
562.7759,5.24,205,167746,517,0.0347669,,True
562.7760,5.24,153,151922,121,0.0153845,,True
562.7761,5.07,93,326320,5582,0.0334098,,True
562.7762,5.1,225,121908,517,0.033892,,True
562.7763,3.48,16,256817,-,0.0412986,size outside 4.5-6.0 Mb,False
562.7765,5.12,163,154539,517,0.0341807,,True
562.7766,4.78,82,210338,442,0.0327546,,True
562.7767,5.27,281,83582,29,0.0330857,,True
562.7769,5.09,176,121354,301,0.0341807,,True
562.7770,5.17,304,91487,29,0.0331395,,True
562.7771,5.33,116,134203,443,0.0351914,,True
562.7772,5.03,83,233965,337,0.0333447,,True
562.7774,4.92,338,53837,378,0.035076,,True
562.7775,5.12,205,81561,301,0.0346533,,True
562.7776,2.97,9,409819,4554,0.0247621,size outside 4.5-6.0 Mb,False
562.7777,5.09,151,140141,328,0.0342365,,True
562.7778,5.09,219,115109,301,0.0341249,,True
562.7779,5.16,229,91364,5251,0.0338037,,True
562.7780,5.22,278,79944,29,0.0334969,,True
562.7781,4.95,119,95282,2089,0.032925,,True
562.7782,5.23,281,85319,29,0.033161,,True
562.7783,4.79,28,445773,5445,0.0137787,,True
562.7784,4.78,44,235722,2678,0.0131845,,True
562.7785,5.17,270,58617,5480,0.0340915,,True
562.7786,5.21,200,91811,5251,0.0337817,,True
562.7788,5.04,122,209991,517,0.0340249,,True
562.7789,4.79,49,308962,123,0.0129341,,True
562.7790,5.47,223,141977,335,0.0353652,,True
562.7791,5.22,167,150671,5241,0.0342365,,True
562.7792,4.88,79,193214,4554,0.0159101,,True
562.7793,5.01,131,211200,40,0.0337047,,True
562.97749,5.21,151,270238,127,0.012372,,True
562.97750,5.03,92,273840,12,0.0114642,,True
562.97751,5.06,129,158542,131,0.0170745,,True
562.97752,5.07,147,234228,73,0.0118017,,True
562.97753,4.93,68,263405,162,0.0332473,,True
562.97754,4.47,84,180350,10,0.033323,size outside 4.5-6.0 Mb,False
562.97755,5.13,72,282013,95,0.0132039,,True
562.97756,5.0,117,251046,10,0.0337927,,True
562.97757,5.09,75,281994,95,0.0130205,,True
562.97758,4.49,88,180350,10,0.0331718,size outside 4.5-6.0 Mb,False
562.97759,4.78,121,203754,95,0.0120711,,True
562.97760,5.29,109,261932,12,0.0130541,,True
562.97761,4.9,48,579310,141,0.00355448,,True
562.97762,5.25,123,144008,69,0.0323434,,True
562.97763,5.2,60,328271,131,0.016482,,True
562.97764,5.33,232,109747,62,0.0284421,,True
562.97765,5.03,123,278595,127,0.0114419,,True
562.97766,5.08,78,273539,80,0.0120298,,True
562.97767,5.01,92,314996,706,0.0132039,,True
562.97768,5.04,97,286895,127,0.0114241,,True
562.97769,5.57,243,118564,2141,0.029784,,True
562.97770,5.31,269,76789,59,0.0281077,,True
562.97771,5.1,90,275352,372,0.0122419,,True
562.97772,5.09,55,549408,95,0.0129389,,True
562.97773,5.04,97,283948,537,0.0130734,,True
562.97774,5.09,126,348438,73,0.0120206,,True
562.97775,4.83,34,769396,999,0.0145643,,True
562.97777,5.46,310,80386,405,0.0320104,,True
562.97778,5.19,109,216547,421,0.0136892,,True
562.97779,4.68,80,161567,6161,0.0326168,,True
562.97780,5.08,87,222972,69,0.0323434,,True
562.97781,4.72,55,245252,372,0.0125358,,True
562.97782,4.9,102,198335,58,0.0337707,,True
562.97783,5.13,146,293598,95,0.0133303,,True
562.97784,5.07,212,64161,59,0.0280629,,True
562.97786,5.14,99,227222,73,0.0128291,,True
562.97787,5.1,136,132596,405,0.0317427,,True
562.97788,5.19,164,225719,73,0.012428,,True
562.97789,5.25,91,244415,69,0.0322076,,True
562.97790,4.95,86,296409,95,0.0125922,,True
562.97791,4.76,67,200587,640,0.0153631,,True
562.97793,5.16,216,125520,10,0.0326803,,True
562.97794,4.92,173,166524,398,0.0330857,,True
562.97795,4.76,64,481373,95,0.0120711,,True
562.97796,5.06,90,148494,392,0.0333122,,True
562.97797,5.18,170,235171,144,0.0125123,,True
562.97798,4.97,91,225711,73,0.0120619,,True
562.97799,5.01,99,264482,155,0.0342813,,True
562.97800,5.09,116,175254,550,0.0129293,,True
562.97801,5.04,84,314146,12,0.0111189,,True
562.97802,5.12,109,307066,73,0.012663,,True
562.97803,5.22,145,174824,80,0.0126488,,True
562.97804,5.06,126,202436,73,0.0119931,,True
562.97805,5.27,113,137308,69,0.0325535,,True
562.97806,5.14,140,133212,106,0.0331072,,True
562.97807,5.09,63,355530,95,0.0130879,,True
562.97809,5.04,132,237494,117,0.0250245,,True
562.97810,4.91,48,388080,12,0.0117202,,True
562.97811,5.13,126,279039,12,0.0128243,,True
562.97812,5.14,124,233325,550,0.0137936,,True
562.97813,5.0,123,324798,73,0.012191,,True
562.97814,5.27,177,194176,88,0.0333773,,True
562.97815,5.08,124,188226,88,0.0327971,,True
562.97816,5.15,146,232335,73,0.0120023,,True
562.97817,5.08,124,213895,73,0.0120206,,True
562.97818,5.11,123,372846,73,0.0118335,,True
562.97819,5.05,101,362045,73,0.0124701,,True
562.97820,5.17,181,88404,59,0.0278307,,True
562.97821,4.9,95,174875,58,0.0328183,,True
562.97822,5.13,97,384195,141,0.00489854,,True
562.97823,5.06,80,318437,127,0.0116435,,True
562.97824,4.92,92,188589,23,0.0324482,,True
562.97825,5.06,136,213895,73,0.0119886,,True
562.97826,5.16,92,203098,10299,0.0132816,,True
562.97827,4.86,187,100794,10219,0.0347442,,True
562.97828,5.19,139,202426,73,0.0130397,,True
562.97829,4.86,39,430508,3290,0.0133352,,True
562.97830,5.26,114,252497,69,0.0321868,,True
562.97831,5.01,57,342720,127,0.0116525,,True
562.97832,5.15,99,201141,95,0.0133596,,True
562.97833,4.66,52,288076,1851,0.0146885,,True
562.97834,5.25,112,184588,69,0.0322598,,True
562.97835,5.31,157,360712,372,0.0130253,,True
562.97836,5.09,53,340078,106,0.0328716,,True
562.97837,5.09,73,360027,95,0.0129054,,True
562.97838,5.19,141,222967,73,0.0123813,,True
562.97839,5.07,119,166404,446,0.0344498,,True
562.97840,5.3,214,181245,14,0.0143896,,True
562.97841,5.08,112,241870,69,0.0320207,,True
562.97842,5.33,162,194381,14,0.0141806,,True
562.97843,5.15,114,202616,95,0.0133742,,True
562.97844,5.12,93,339443,372,0.011639,,True
562.97845,5.1,77,281859,95,0.0129725,,True
562.97846,5.16,114,130165,405,0.0318968,,True
562.97847,5.08,124,349218,73,0.0123347,,True
562.97849,5.15,87,229155,70,0.0316506,,True
562.97850,5.14,80,278010,131,0.0162081,,True
562.97851,5.16,66,455542,95,0.0132524,,True
562.97852,5.24,102,235257,10220,0.016623,,True
562.97853,5.08,232,88072,409,0.0347214,,True
562.97854,5.0,117,254974,73,0.0118471,,True
562.97855,4.98,122,261509,625,0.0110707,,True
562.97856,5.22,214,87224,10247,0.0278396,,True
562.97857,5.09,103,268248,95,0.0127388,,True
562.97858,5.08,81,358047,95,0.0130349,,True
562.97859,5.33,242,131196,405,0.0315792,,True
562.97860,4.78,60,235805,8579,0.0330535,,True
562.97861,5.05,90,286956,127,0.0115806,,True
562.97862,4.94,84,305724,421,0.0126441,,True
562.97863,5.25,124,203752,95,0.0139135,,True
562.97864,5.07,114,326410,73,0.0119474,,True
562.97865,5.13,88,222216,131,0.015998,,True
562.97866,5.23,104,143580,69,0.0321036,,True
562.97867,4.72,79,164768,9135,0.0327546,,True
562.97868,5.34,324,55178,59,0.0288821,,True
562.97869,4.88,86,352586,547,0.0122141,,True
562.97870,5.1,132,237461,73,0.0131797,,True
562.97871,5.04,95,320819,95,0.0128434,,True
562.97872,5.12,110,211110,69,0.0321764,,True
562.97873,5.26,123,210617,69,0.0323538,,True
562.97874,4.91,124,182140,88,0.0323958,,True
562.97875,5.07,76,363219,73,0.012753,,True
562.97877,4.94,84,226305,973,0.0318351,,True
562.97878,5.11,47,322096,5261,0.0129533,,True
562.97879,5.12,87,281994,95,0.0130012,,True
562.97880,4.89,129,141012,88,0.0323958,,True
562.97881,5.02,65,344531,141,0.00474969,,True
562.97882,4.96,89,228894,73,0.0115134,,True
562.97883,5.27,105,222972,69,0.0322076,,True
562.97884,5.23,102,256423,69,0.0328077,,True
562.97885,5.29,102,367818,95,0.0136002,,True
562.97886,5.18,176,223105,144,0.012753,,True
562.97887,5.12,92,229676,73,0.0117247,,True
562.97888,4.5,107,89213,3288,0.0326486,,True
562.97889,5.11,73,357900,95,0.0129485,,True
562.97890,5.15,79,334645,127,0.01192,,True
562.97891,4.54,171,68755,746,0.0332149,,True
562.97892,5.04,215,64161,59,0.0274687,,True
562.97893,5.16,142,203645,80,0.0120803,,True
562.97894,5.24,64,358298,95,0.0134427,,True
562.97895,5.35,158,222492,14,0.0141806,,True
562.97896,4.92,108,181721,1125,0.0339583,,True
562.97897,5.06,129,214825,12,0.0115716,,True
562.97898,5.3,204,125419,405,0.0322076,,True
562.97899,5.19,130,232952,73,0.011639,,True
562.97900,4.81,84,201787,348,0.0329892,,True
562.97901,5.03,105,339030,144,0.011648,,True
562.97902,5.31,135,210391,14,0.0139185,,True
562.97903,5.39,259,98367,10,0.0337267,,True
562.97904,5.23,114,262619,127,0.0117745,,True
562.97905,5.15,93,288531,95,0.0111585,,True
562.97906,5.04,87,406148,73,0.0114464,,True
562.97907,5.02,70,345706,88,0.0329464,,True
562.97908,5.09,113,276933,131,0.0159046,,True
562.97909,5.23,68,294577,372,0.0127577,,True
562.97910,4.72,67,287407,101,0.032893,,True
562.97911,4.88,121,188225,88,0.0323329,,True
562.97912,5.33,113,210617,69,0.0325535,,True
562.97913,5.06,104,324850,10250,0.0124982,,True
562.97914,5.41,264,112252,405,0.0325008,,True
562.97915,5.16,147,268774,141,0.00570154,,True
562.97916,5.09,93,295979,390,0.012131,,True
562.97917,5.15,113,202311,73,0.0124046,,True
562.97918,5.16,109,192808,12,0.0118017,,True
562.97919,5.18,180,173163,968,0.0122558,,True
562.97920,4.87,102,242018,10297,0.0318453,,True
562.97921,5.15,123,287356,73,0.0119383,,True
562.97922,5.19,227,64159,59,0.0283241,,True
562.97923,5.14,92,406094,73,0.0119063,,True
562.97924,5.04,67,388080,12,0.0115313,,True
562.97925,4.95,55,449259,95,0.012564,,True
562.97926,5.11,70,328673,95,0.0111717,,True
562.97927,5.03,85,218637,420,0.0110488,,True
562.97928,5.12,72,286272,95,0.0130734,,True
562.97929,5.2,152,218300,73,0.0122048,,True
562.97930,5.18,109,301292,73,0.0124982,,True
562.97931,5.13,90,301603,393,0.032114,,True
562.97932,5.11,114,196109,550,0.0137091,,True
562.97933,5.25,167,242660,69,0.0320725,,True
562.97934,4.91,66,313355,8184,0.0152883,,True
562.97935,5.26,172,133294,949,0.0344498,,True
562.97936,5.12,118,241217,12,0.0124561,,True
562.97937,5.15,94,180061,69,0.0323434,,True
562.97938,4.58,72,222309,43,0.0323853,,True
562.97939,5.2,109,185230,362,0.0314167,,True
562.97940,5.07,98,167075,12,0.0116616,,True
562.97941,4.49,102,117883,10,0.0327015,size outside 4.5-6.0 Mb,False
562.97942,4.85,45,453355,10270,0.0330964,,True
562.97943,5.23,131,168034,69,0.0322076,,True
562.97944,4.93,50,267658,106,0.0320414,,True
562.97945,5.12,152,220665,73,0.0121217,,True
562.97946,5.01,75,308553,95,0.0115537,,True
562.97947,5.07,92,264952,550,0.0137389,,True
562.97948,5.18,84,291577,393,0.031969,,True
562.97949,4.49,105,117883,10,0.0327015,size outside 4.5-6.0 Mb,False
562.97950,5.13,190,110783,10401,0.0276094,,True
562.97951,5.22,133,261799,95,0.0125123,,True
562.97952,5.19,53,319578,131,0.016381,,True
562.97953,5.13,156,322940,73,0.0126536,,True
562.97954,4.94,65,364306,73,0.0121632,,True
562.97955,5.06,91,244415,69,0.0317837,,True
562.97956,4.84,86,188532,963,0.0298222,,True
562.97957,5.12,86,359852,95,0.0130975,,True
562.97958,5.03,109,268267,95,0.0132621,,True
562.97959,5.0,101,287468,73,0.0119611,,True
562.97960,5.03,112,330169,12,0.012428,,True
562.97962,5.16,106,362155,73,0.0119886,,True
562.97963,5.02,107,381784,141,0.004889,,True
562.97964,5.29,123,149588,106,0.0324798,,True
562.97965,5.15,122,187111,95,0.0134869,,True
562.97966,5.13,130,300909,73,0.0122465,,True
562.97967,5.04,150,203754,79,0.0131168,,True
562.97968,4.94,95,142549,641,0.0341361,,True
562.97969,5.08,164,308680,127,0.0119018,,True
562.97970,4.97,97,170463,973,0.0314065,,True
562.97971,4.71,46,520476,978,0.0120023,,True
562.97972,5.03,93,336564,10412,0.0111893,,True
562.97973,5.2,134,211882,12,0.0123533,,True
562.97974,4.83,89,195678,994,0.0329785,,True
562.97975,5.07,137,275336,80,0.0120206,,True
562.97976,5.04,79,368069,12,0.0127293,,True
562.97977,5.15,104,331537,141,0.00553611,,True
562.97978,5.17,49,726087,10282,0.0338147,,True
562.97979,5.15,163,267683,127,0.01192,,True
562.97980,5.1,140,175565,73,0.0118426,,True
562.97981,5.29,124,160999,69,0.0320829,,True
562.97982,5.2,129,272326,73,0.0124795,,True
562.97983,4.82,67,280755,1441,0.0120757,,True
562.97984,5.14,169,206174,73,0.012016,,True
562.97985,5.02,80,321985,131,0.0168848,,True
562.97986,5.07,75,301155,95,0.0119428,,True
562.97987,4.85,46,299448,1567,0.0303533,,True
562.97988,5.35,117,178886,394,0.0325008,,True
562.97989,5.01,94,282039,10222,0.0113263,,True
562.97990,5.07,117,320566,95,0.0130541,,True
562.97991,4.9,30,716770,357,0.0150971,,True
562.97992,4.94,74,348626,69,0.0321556,,True
562.97993,4.78,127,195113,442,0.0325324,,True
562.97994,5.04,84,216375,131,0.0169077,,True
562.97995,5.05,110,361967,73,0.0124093,,True
562.97996,4.98,79,354639,421,0.01281,,True
562.97997,4.94,96,237540,155,0.0340693,,True
562.97998,5.23,103,218575,131,0.0175762,,True
562.97999,5.21,80,470397,416,0.0127198,,True
562.98000,5.12,168,287638,968,0.0120115,,True
562.98001,4.74,103,111534,93,0.0321556,,True
562.98002,4.73,93,167071,5322,0.0326063,,True
562.98003,4.97,54,231911,12,0.0119246,,True
562.98004,4.86,103,203848,218,0.0337157,,True
562.98005,4.96,85,345261,73,0.0118562,,True
562.98006,4.91,65,259744,567,0.011657,,True
562.98007,5.0,90,278595,127,0.011384,,True
562.98008,5.13,98,210845,393,0.0316302,,True
562.98009,5.27,133,201375,69,0.032312,,True
562.98010,5.43,122,182641,69,0.0328183,,True
562.98011,5.06,91,241911,69,0.0318865,,True
562.98012,5.09,234,62992,59,0.0280539,,True
562.98013,5.01,95,286895,127,0.011384,,True
562.98014,4.83,79,217056,297,0.032925,,True
562.98015,5.12,180,202481,144,0.0123068,,True
562.98016,5.06,98,278595,127,0.0115761,,True
562.98017,4.78,25,779569,131,0.0145643,,True
562.98018,5.26,124,206505,73,0.0127862,,True
562.98019,5.08,108,231031,68,0.0316404,,True
562.98020,5.07,65,358094,95,0.0129629,,True
562.98021,5.22,145,152082,38,0.0312954,,True
562.98022,4.98,77,313744,12,0.0111057,,True
562.98023,4.75,56,223617,372,0.0124701,,True
562.98024,5.2,128,197274,73,0.0130686,,True
562.98025,5.01,108,361969,73,0.0122465,,True
562.98026,5.08,86,210651,80,0.0122419,,True
562.98027,5.18,110,226953,144,0.0126772,,True
562.98028,5.09,143,205093,73,0.0126394,,True
562.98029,5.03,109,193824,144,0.012191,,True
562.98030,5.1,52,297936,95,0.0121771,,True
562.98031,5.12,134,202436,73,0.0128005,,True
562.98032,5.07,123,341185,73,0.0121079,,True
562.98033,4.74,33,382375,1170,0.0143486,,True
562.98034,5.17,71,303916,393,0.0321764,,True
562.98035,5.18,189,204846,73,0.0119018,,True
562.98036,4.98,125,203754,95,0.0127862,,True
562.98037,4.87,69,513602,104,0.011952,,True
562.98038,5.13,106,206178,73,0.0117247,,True
562.98039,5.34,125,148271,69,0.0323853,,True
562.98040,5.06,108,339984,95,0.0109528,,True
562.98041,5.06,112,254896,88,0.0330213,,True
562.98042,4.84,77,284971,538,0.0153043,,True
562.98043,4.84,105,108151,10,0.032893,,True
562.98044,5.13,59,357873,95,0.013006,,True
562.98045,4.82,111,123749,453,0.0330427,,True
562.98046,5.17,125,208990,372,0.0117067,,True
562.98047,5.11,152,196502,127,0.0117338,,True
562.98048,5.27,126,288686,3672,0.0149969,,True
562.98049,5.04,84,363450,12,0.0120115,,True
562.98050,5.13,72,357872,95,0.0130493,,True
562.98051,4.98,72,244415,69,0.0320414,,True
562.98052,5.11,125,268249,95,0.0132621,,True
562.98053,5.11,107,210119,80,0.012131,,True
562.98054,5.29,184,140268,69,0.0323853,,True
562.98055,4.83,115,171561,155,0.0337597,,True
562.98056,5.15,83,230516,12,0.0117972,,True
562.98057,5.18,113,202432,73,0.0125687,,True
562.98058,5.02,226,64161,59,0.0274775,,True
562.98059,4.84,82,231402,162,0.033032,,True
562.98060,5.15,183,252551,73,0.0122326,,True
562.98061,5.12,129,273391,80,0.0124233,,True
562.98062,5.13,90,359949,95,0.0132039,,True
562.98063,4.94,106,187447,683,0.0337817,,True
562.98064,5.1,92,285751,131,0.0158937,,True
562.98065,5.03,81,234204,73,0.0118063,,True
562.98066,5.32,149,157471,31,0.0332365,,True
562.98067,5.05,152,263882,73,0.0121079,,True
562.98068,5.04,111,186057,963,0.0305982,,True
562.98069,4.89,36,342594,357,0.0145385,,True
562.98070,5.21,102,298567,12,0.0132136,,True
562.98071,5.12,127,206905,73,0.0127672,,True
562.98072,5.22,104,355564,372,0.0113218,,True
562.98073,4.59,97,129300,93,0.0320518,,True
562.98074,4.88,210,87884,409,0.0344385,,True
562.98075,4.84,97,166676,607,0.0326274,,True
562.98076,5.0,86,382278,141,0.00570154,,True
562.98077,4.85,49,574713,141,0.0030061,,True
562.98078,5.19,118,284668,12,0.0119109,,True
562.98079,5.25,102,239948,69,0.0322493,,True
562.98080,5.23,152,191870,95,0.0136051,,True
562.98081,5.19,136,203095,12,0.0139737,,True
562.98082,4.98,102,331308,73,0.0121956,,True
562.98083,4.89,221,72857,635,0.0340138,,True
562.98084,4.8,90,307682,2678,0.0134722,,True
562.98085,5.19,68,295841,95,0.0135706,,True
562.98086,4.92,76,204644,602,0.0339694,,True
562.98087,5.13,80,315384,393,0.0318659,,True
562.98088,5.21,81,325630,998,0.00408417,,True
562.98089,5.11,106,261834,95,0.0110007,,True
562.98090,5.03,237,55030,59,0.0280181,,True
562.98091,5.14,134,262451,127,0.0118744,,True
562.98092,5.32,194,122421,69,0.0325324,,True
562.98093,5.02,224,56194,59,0.0279465,,True
562.98094,4.91,84,286785,127,0.0112466,,True
562.98095,4.91,35,321841,1643,0.0126583,,True
562.98096,5.25,132,283613,14,0.0141959,,True
562.98097,5.23,90,377326,73,0.0131313,,True
562.98098,5.33,120,202436,968,0.0131071,,True
562.98099,5.12,218,70938,59,0.0277863,,True
562.98100,5.07,70,300795,141,0.00459894,,True
562.98101,4.74,88,198025,155,0.0335187,,True
562.98102,5.26,113,316942,144,0.0134771,,True
562.98103,5.0,111,193246,95,0.0130782,,True
562.98104,5.33,234,119117,501,0.0339473,,True
562.98105,5.08,65,358020,95,0.0128863,,True
562.98106,5.12,71,268208,95,0.0122326,,True
562.98107,4.96,124,196884,10,0.0336499,,True
562.98108,5.2,294,58615,59,0.0282247,,True
562.98109,5.21,108,203669,69,0.0324062,,True
562.98110,4.98,93,187228,1167,0.0340582,,True
562.98111,5.09,117,129037,1882,0.0322076,,True
562.98112,5.23,154,231966,73,0.0123115,,True
562.98113,5.04,91,301228,73,0.0122836,,True
562.98114,5.31,108,227287,95,0.0135558,,True
562.98115,5.01,37,509224,357,0.0154166,,True
562.98116,5.08,87,235673,929,0.011612,,True
562.98117,5.17,110,273442,393,0.0322598,,True
562.98118,5.24,119,270273,95,0.0131361,,True
562.98119,5.06,129,232335,73,0.0119794,,True
562.98120,5.34,259,78111,10,0.0342589,,True
562.98121,5.1,91,357599,95,0.0134378,,True
562.98122,4.7,81,135836,58,0.0332257,,True
562.98123,4.99,174,87724,399,0.0347214,,True
562.98124,5.16,163,203644,80,0.0123394,,True
562.98125,4.73,47,497499,420,0.0103943,,True
562.98126,5.18,183,220408,703,0.0133059,,True
562.98127,5.04,71,380877,12,0.0115089,,True
562.98128,5.2,69,281988,95,0.0134673,,True
562.98129,5.06,98,239157,349,0.0321556,,True
562.98130,4.92,57,317113,10216,0.0141654,,True
562.98131,5.03,112,286832,73,0.0120895,,True
562.98132,5.08,102,299077,538,0.0163754,,True
562.98133,5.13,70,270139,131,0.0160752,,True
562.98134,5.09,183,96861,2617,0.0276006,,True
562.98135,5.1,92,281747,95,0.0130879,,True
562.98136,5.21,104,362860,12,0.0120941,,True
562.98137,5.3,144,286221,95,0.0136991,,True
562.98138,5.01,191,100900,5363,0.032564,,True
562.98139,5.25,136,232104,14,0.0142009,,True
562.98140,5.22,116,214730,362,0.0326063,,True
562.98141,5.13,115,196110,550,0.0138285,,True
562.98142,5.05,152,200455,12,0.0121448,,True
562.98143,5.33,202,124052,38,0.0321764,,True
562.98144,5.19,188,247962,95,0.0137687,,True
562.98145,5.14,106,235623,69,0.033032,,True
562.98146,5.31,265,77050,59,0.0281167,,True
562.98147,5.23,201,175951,69,0.0325113,,True
562.98148,5.4,257,100257,59,0.0290025,,True
562.98149,5.01,110,172093,550,0.0136496,,True
562.98150,5.13,111,235261,73,0.0121217,,True
562.98151,5.02,108,343142,73,0.0128291,,True
562.98152,5.23,108,292048,10280,0.0347555,,True
562.98153,4.71,118,186491,117,0.0248334,,True
562.98154,5.24,124,294543,95,0.0139335,,True
562.98155,5.0,97,278195,127,0.0113662,,True
562.98156,5.11,96,262619,127,0.0117927,,True
562.98157,5.09,98,363012,73,0.0120344,,True
562.98158,5.16,66,285785,131,0.0159595,,True
562.98159,5.13,176,213895,73,0.011984,,True
562.98160,5.0,98,342998,73,0.0127815,,True
562.98161,5.18,99,263574,131,0.0163084,,True
562.98162,4.96,181,102316,5824,0.0330427,,True
562.98163,4.84,55,441805,104,0.0114553,,True
562.98164,4.97,263,131970,327,0.0339583,,True
562.98165,4.97,112,213893,73,0.012386,,True
562.98166,5.08,65,358100,95,0.0129198,,True
562.98167,5.11,72,352449,95,0.0130205,,True
562.98168,5.18,69,424513,95,0.0132719,,True
562.98169,5.18,159,201987,10408,0.0131748,,True
562.98170,5.18,129,287375,73,0.0116886,,True
562.98171,4.97,51,354007,706,0.0127198,,True
562.98172,5.03,115,278595,127,0.0113707,,True
562.98173,4.98,43,319663,131,0.015235,,True
562.98174,5.05,64,345246,95,0.012791,,True
562.98175,5.07,60,456795,95,0.0129006,,True
562.98176,5.11,81,319576,131,0.0160863,,True
562.98177,5.11,99,307230,73,0.0123673,,True
562.98178,4.89,160,111016,399,0.0337487,,True
562.98179,5.17,163,202436,73,0.0114285,,True
562.98180,4.82,119,192319,349,0.0312249,,True
562.98181,5.15,102,346919,141,0.00572482,,True
562.98182,5.29,168,233863,73,0.0127482,,True
562.98183,4.77,100,148145,10,0.0332689,,True
562.98184,5.13,125,294979,73,0.0119337,,True
562.98185,5.15,142,116711,405,0.0319587,,True
562.98186,4.93,80,278595,127,0.0114107,,True
562.98187,5.0,76,357923,95,0.0125452,,True
562.98188,5.14,139,234336,73,0.0121263,,True
562.98189,4.91,47,367262,126,0.0118699,,True
562.98190,5.32,119,222972,69,0.030756,,True
562.98191,5.09,121,251984,73,0.0119063,,True
562.98192,5.09,65,283976,131,0.0160366,,True
562.98193,5.16,109,236807,95,0.0133205,,True
562.98194,4.93,65,441802,104,0.011648,,True
562.98195,5.19,229,106462,10232,0.0330964,,True
562.98196,4.87,151,171567,155,0.0339362,,True
562.98197,5.01,146,203751,421,0.012915,,True
562.98198,4.7,60,225656,101,0.0320829,,True
562.98199,4.99,68,315381,393,0.0314775,,True
562.98200,5.3,160,210232,69,0.0322076,,True
562.98201,5.17,91,331531,141,0.00550649,,True
562.98202,5.19,121,278595,127,0.0119794,,True
562.98203,5.03,72,357864,95,0.0127577,,True
562.98204,5.22,138,231811,14,0.0136249,,True
562.98205,5.07,111,301531,636,0.0132184,,True
562.98206,5.15,138,314369,73,0.0119383,,True
562.98207,5.08,66,357873,95,0.0128911,,True
562.98208,5.06,77,357921,95,0.0128815,,True
562.98209,4.78,106,111752,10,0.0338147,,True
562.98210,5.15,71,355500,95,0.0129581,,True
562.98211,4.89,27,489722,321,0.0114597,,True
562.98212,5.27,159,229179,88,0.0333881,,True
562.98213,4.83,57,734922,104,0.0114152,,True
562.98214,5.16,105,203096,12,0.0129868,,True
562.98215,5.16,117,227065,73,0.0115178,,True
562.98216,5.2,82,298412,95,0.0120665,,True
562.98217,4.95,103,217158,127,0.0110313,,True
562.98218,4.95,90,203943,10,0.0337047,,True
562.98219,5.24,82,301603,393,0.0325113,,True
562.98220,5.08,75,300071,12,0.0114553,,True
562.98221,5.07,89,351896,961,0.0106802,,True
562.98222,4.6,125,116943,46,0.0323434,,True
562.98223,5.23,189,201360,73,0.0126725,,True
562.98224,5.09,64,355400,95,0.013112,,True
562.98225,5.23,116,217776,83,0.0173882,,True
562.98226,5.09,100,272558,646,0.0111321,,True
562.98227,5.07,147,202436,73,0.0120528,,True
562.98228,5.04,111,326245,73,0.0120252,,True
562.98229,4.98,108,204844,1084,0.0329357,,True
562.98230,4.99,65,266949,131,0.0158007,,True
562.98231,4.85,31,630867,538,0.0154327,,True
562.98232,5.27,192,185113,73,0.0127245,,True
562.98233,5.02,71,319727,12,0.0115716,,True
562.98234,4.98,74,317397,88,0.0327333,,True
562.98235,5.06,99,190851,131,0.0170283,,True
562.98236,4.86,54,550849,372,0.012982,,True
562.98237,4.8,85,267284,88,0.0317837,,True
562.98238,5.02,136,188215,88,0.0329785,,True
562.98239,5.22,101,210616,404,0.0141098,,True
562.98240,5.01,125,241211,12,0.0114865,,True
562.98241,4.98,64,232805,538,0.0159815,,True
562.98242,5.2,220,114494,10,0.0334424,,True
562.98243,4.95,81,351502,95,0.0125734,,True
562.98244,5.22,107,218021,393,0.0323538,,True
562.98245,5.16,125,221997,95,0.0131942,,True
562.98246,5.15,60,357921,2619,0.0133254,,True
562.98247,5.06,71,384303,12,0.0113396,,True
562.98248,4.92,94,262452,127,0.0114597,,True
562.98249,5.17,122,159449,69,0.0319071,,True
562.98250,5.07,166,173781,95,0.0131168,,True
562.98251,5.16,72,299512,131,0.0164315,,True
562.98252,5.21,94,280658,80,0.0123394,,True
562.98253,5.09,227,64161,59,0.0276271,,True
562.98254,5.21,124,234952,538,0.0168048,,True
562.98255,5.1,103,287378,73,0.0119109,,True
562.98256,5.12,100,262619,127,0.0117791,,True
562.98257,4.99,100,265657,681,0.0129581,,True
562.98258,5.21,120,225664,73,0.0117112,,True
562.98259,5.06,63,456648,95,0.0129054,,True
562.98260,4.99,93,308861,131,0.0167479,,True
562.98261,5.08,163,196110,550,0.0138036,,True
562.98262,5.16,172,129743,10,0.034371,,True
562.98263,5.19,118,222769,73,0.0121263,,True
562.98264,5.21,113,262451,127,0.0122836,,True
562.98265,5.05,100,328371,141,0.00360171,,True
562.98266,5.11,134,222574,73,0.012772,,True
562.98267,5.47,194,182717,1057,0.0132573,,True
562.98268,5.11,99,262619,127,0.0117972,,True
562.98269,5.19,81,281747,2619,0.0134574,,True
562.98270,5.08,127,186161,550,0.0138085,,True
562.98271,5.33,133,203741,95,0.013719,,True
562.98272,5.0,93,276166,681,0.0129581,,True
562.98273,5.1,124,187365,73,0.0123115,,True
562.98274,5.02,91,262619,10222,0.0113707,,True
562.98275,5.23,188,234974,537,0.0125781,,True
562.98276,4.88,70,286894,127,0.011251,,True
562.98277,5.14,169,265296,95,0.0121263,,True
562.98278,4.9,94,146162,1882,0.0310144,,True
562.98279,5.14,89,290057,393,0.0321244,,True
562.98280,5.13,127,237839,73,0.0132864,,True
562.98281,5.09,131,236830,95,0.0132184,,True
562.98282,5.05,86,304097,73,0.0119931,,True
562.98283,5.13,89,190808,131,0.0161416,,True
562.98284,5.21,187,125400,73,0.0122187,,True
562.98285,5.26,190,203752,95,0.0134624,,True
562.98286,5.07,117,196110,550,0.013541,,True
562.98287,5.24,272,58077,59,0.0283513,,True
562.98288,5.1,56,327484,95,0.0131361,,True
562.98289,5.12,86,259528,393,0.0320207,,True
562.98290,5.05,102,279585,131,0.0170283,,True
562.98291,4.82,62,248692,372,0.012428,,True
562.98292,5.17,208,171534,95,0.0129772,,True
562.98293,4.94,49,456771,95,0.0124654,,True
562.98294,5.19,133,159831,69,0.0320104,,True
562.98295,5.17,151,184900,73,0.0120573,,True
562.98296,5.09,112,262872,95,0.0130445,,True
562.98297,5.07,108,209366,73,0.0123906,,True
562.98298,5.01,104,219439,73,0.012372,,True
562.98299,5.0,85,278420,127,0.0111805,,True
562.98300,4.97,103,269713,131,0.0168448,,True
562.98301,5.17,224,85014,10,0.0330427,,True
562.98302,5.0,94,198064,58,0.0341361,,True
562.98303,5.17,246,63220,59,0.0281257,,True
562.98304,5.08,76,268248,95,0.0131797,,True
562.98305,5.05,101,354694,141,0.00514186,,True
562.98306,5.11,229,64161,59,0.0276977,,True
562.98307,4.97,70,311396,83,0.0150496,,True
562.98308,5.09,110,345282,73,0.0119291,,True
562.98309,5.05,98,255623,73,0.0125217,,True
562.98310,5.21,90,198077,69,0.0326168,,True
562.98311,5.1,76,293523,393,0.0320414,,True
562.98312,4.93,62,318732,2585,0.0317017,,True
562.98313,5.02,100,362161,73,0.0114241,,True
562.98314,5.08,124,294777,12,0.0134182,,True
562.98315,4.92,59,345286,73,0.0115134,,True
562.98316,5.21,174,185037,73,0.0123394,,True
562.98317,5.21,235,105486,62,0.0279287,,True
562.98318,4.94,66,354104,131,0.0157462,,True
562.98319,5.17,67,549355,95,0.0133547,,True
562.98320,5.08,103,234380,73,0.0120619,,True
562.98321,5.01,59,373418,10231,0.0137438,,True
562.98322,5.04,228,63192,59,0.0278218,,True
562.98323,5.21,168,112534,405,0.0299757,,True
562.98324,5.38,194,177304,362,0.032893,,True
562.98325,5.07,97,276465,12,0.0121171,,True
562.98326,5.28,180,172834,10406,0.0322389,,True
562.98327,5.08,70,456780,95,0.0130541,,True
562.98328,5.06,111,278594,127,0.0114241,,True
562.98329,4.66,62,189289,973,0.031356,,True
562.98330,5.15,121,217760,73,0.0126299,,True
562.98331,4.98,66,313744,12,0.0111014,,True
562.98332,5.11,152,115084,62,0.027233,,True
562.98333,4.61,98,137687,10,0.0332041,,True
562.98334,4.82,57,437970,1236,0.0151501,,True
562.98335,5.2,128,286928,95,0.0137538,,True
562.98336,5.26,219,129778,405,0.0313156,,True
562.98337,5.04,110,227324,10267,0.0122882,,True
562.98338,5.28,139,177211,602,0.0347669,,True
562.98339,5.12,87,281988,95,0.013083,,True
562.98340,4.8,59,227591,23,0.0328077,,True
562.98341,4.99,193,88079,409,0.0344611,,True
562.98342,5.26,139,242675,14,0.0142823,,True
562.98343,5.01,107,236830,95,0.0127672,,True
562.98344,4.66,101,137516,10,0.0329677,,True
562.98345,4.97,67,384366,12,0.0113041,,True
562.98346,5.17,115,319934,131,0.0167649,,True
562.98347,4.91,74,286895,127,0.0111761,,True
562.98348,4.62,95,155837,10,0.0333447,,True
562.98349,5.12,157,202436,73,0.012131,,True
562.98350,4.72,51,243663,135,0.00932572,,True
562.98351,5.25,233,96758,405,0.0320414,,True
562.98352,5.07,111,218880,131,0.0169192,,True
562.98353,5.34,201,213893,73,0.0128911,,True
562.98354,5.0,117,265588,95,0.0127008,,True
562.98355,5.16,119,270115,95,0.0128959,,True
562.98356,5.09,107,234336,73,0.0124093,,True
562.98357,5.11,132,167074,12,0.0119246,,True
562.98358,4.86,48,589787,978,0.0129677,,True
562.98359,5.18,134,234817,10245,0.0133498,,True
562.98360,5.21,104,207168,73,0.0124093,,True
562.98361,4.8,35,381582,127,0.0117202,,True
562.98362,5.08,116,209182,88,0.0322598,,True
562.98363,5.02,108,320784,141,0.00495906,,True
562.98364,5.08,128,205155,73,0.0125593,,True
562.98365,5.08,111,234202,73,0.0111761,,True
562.98366,5.12,102,192320,12,0.0130879,,True
562.98367,5.18,114,326119,73,0.0120711,,True
562.98368,4.92,76,310071,83,0.015166,,True
562.98369,5.14,135,252559,73,0.0122419,,True
562.98370,5.01,119,134878,167,0.0340915,,True
562.98371,4.94,190,201896,121,0.0144357,,True
562.98372,5.15,77,341820,131,0.0172424,,True
562.98373,5.11,144,300910,73,0.0129389,,True
562.98374,5.25,100,292633,10252,0.0127245,,True
562.98375,5.11,82,456746,95,0.0131265,,True
562.98376,4.81,102,147301,10,0.0333773,,True
562.98377,4.95,97,235004,131,0.0167991,,True
562.98378,5.09,100,351739,95,0.0129916,,True
562.98379,4.86,70,277527,4623,0.0334207,,True
562.98380,5.07,126,235628,69,0.0323748,,True
562.98381,4.95,54,352006,10296,0.0325324,,True
562.98382,4.9,121,128891,10,0.0321972,,True
562.98383,5.14,94,147064,69,0.0329036,,True
562.98384,4.69,107,96304,10244,0.0335624,,True
562.98385,5.16,95,222971,106,0.0327439,,True
562.98386,5.19,111,304094,73,0.0120803,,True
562.98387,4.86,91,327597,636,0.0126961,,True
562.98388,4.9,54,380093,136,0.0129725,,True
562.98389,5.22,102,210410,69,0.0320518,,True
562.98390,5.06,98,278594,127,0.0109571,,True
562.98391,4.99,141,192332,642,0.0334424,,True
562.98392,5.02,87,351410,141,0.00496863,,True
562.98393,5.08,91,262448,550,0.0134673,,True
562.98394,5.18,136,161487,73,0.0123347,,True
562.98395,4.72,72,187040,3604,0.0324798,,True
562.98396,5.02,101,351409,141,0.00494949,,True
562.98397,5.26,122,159258,131,0.0173123,,True
562.98398,4.57,120,97600,46,0.0323434,,True
562.98399,5.45,215,120573,2020,0.0327227,,True
562.98400,5.21,141,210627,69,0.0320621,,True
562.98401,5.15,89,366087,10225,0.0338368,,True
562.98402,5.13,102,221045,73,0.0118744,,True
562.98403,5.13,143,207058,73,0.0127577,,True
562.98404,5.13,90,193540,3246,0.0323958,,True
562.98405,5.14,181,145404,964,0.0318248,,True
562.98406,5.12,89,218021,393,0.0320725,,True
562.98407,4.8,126,126399,10228,0.0339805,,True
562.98408,5.09,82,286627,10224,0.0116345,,True
562.98409,5.0,97,276778,421,0.0128195,,True
562.98410,4.85,80,281147,69,0.0315283,,True
562.98411,5.02,133,261191,421,0.0128624,,True
562.98412,4.88,75,232023,372,0.0133011,,True
562.98413,5.14,166,187575,144,0.0123347,,True
562.98414,5.25,84,368233,95,0.0134722,,True
562.98415,5.02,100,303825,73,0.0118699,,True
562.98416,5.17,139,268225,95,0.0136645,,True
562.98417,5.03,110,136490,101,0.0318865,,True
562.98418,5.07,113,262451,127,0.0115806,,True
562.98419,4.97,123,173015,10,0.0335952,,True
562.98420,5.01,76,373897,12,0.0114018,,True
562.98421,4.92,69,270787,1057,0.0127008,,True
562.98422,5.06,68,352441,2619,0.012915,,True
562.98423,5.3,116,319754,12,0.0121725,,True
562.98424,5.12,210,118819,10,0.0325008,,True
562.98425,5.22,61,339366,998,0.00484139,,True
562.98426,5.23,117,268250,95,0.0125264,,True
562.98427,5.2,131,174710,69,0.0325429,,True
562.98428,4.94,81,301083,127,0.0111145,,True
562.98429,5.14,203,174842,144,0.0124701,,True
562.98430,5.08,83,286895,127,0.011491,,True
562.98431,4.83,45,342717,127,0.0111189,,True
562.98432,5.1,85,281995,95,0.0129389,,True
562.98433,5.24,160,237428,73,0.0124514,,True
562.98434,5.11,148,287469,73,0.0121679,,True
562.98435,5.22,130,224743,95,0.0116345,,True
562.98436,5.23,116,211577,1057,0.0130493,,True
562.98437,5.12,88,260735,131,0.0170745,,True
562.98438,5.32,187,150098,38,0.0311245,,True
562.98439,5.16,111,247181,73,0.0127245,,True
562.98440,5.15,133,275324,80,0.0120252,,True
562.98441,4.92,127,100470,10242,0.0336718,,True
562.98442,4.97,90,173620,10,0.0327439,,True
562.98443,5.05,90,341341,73,0.0115896,,True
562.98444,5.12,145,181221,550,0.0130205,,True
562.98445,5.3,199,121183,2020,0.0323958,,True
562.98446,5.18,135,156357,73,0.0134427,,True
562.98447,5.01,177,192745,117,0.0247304,,True
562.98448,5.23,217,222669,73,0.0128768,,True
562.98449,5.25,131,268768,127,0.012358,,True
562.98450,5.01,118,236830,95,0.012772,,True
562.98451,4.84,64,317401,88,0.0325324,,True
562.98452,5.17,91,240431,95,0.0114107,,True
562.98453,5.18,112,210617,69,0.0319897,,True
562.98454,4.76,71,173889,641,0.0323748,,True
562.98455,5.13,57,281995,95,0.0131555,,True
562.98456,5.14,126,214842,69,0.0324798,,True
562.98457,5.06,88,362291,73,0.0120344,,True
562.98458,5.09,83,322109,12,0.0129437,,True
562.98459,5.2,134,211940,12,0.0131361,,True
562.98460,5.19,190,172863,144,0.0129341,,True
562.98461,5.13,178,230156,421,0.013112,,True
562.98462,5.12,76,607301,141,0.00501659,,True
562.98463,5.34,133,233729,38,0.0312954,,True
562.98464,4.61,80,236086,2389,0.0323434,,True
562.98465,5.05,109,206174,73,0.0119657,,True
562.98466,5.02,51,574855,104,0.012517,,True
562.98467,4.92,97,365322,73,0.0119657,,True
562.98468,5.04,94,267969,127,0.01192,,True
562.98469,5.3,97,279476,131,0.0166627,,True
562.98470,4.76,55,343603,372,0.0121125,,True
562.98471,5.06,235,63222,59,0.0276182,,True
562.98472,5.37,234,134154,52,0.0333014,,True
562.98473,5.08,66,444805,357,0.0160752,,True
562.98474,5.1,108,456694,2619,0.0130686,,True
562.98475,4.8,78,233840,129,0.033486,,True
562.98476,5.07,108,225971,73,0.0120298,,True
562.98477,5.03,124,300484,144,0.0126158,,True
562.98478,4.83,91,155343,101,0.0326486,,True
562.98479,5.11,209,63275,59,0.0279376,,True
562.98480,5.17,169,99547,88,0.0338147,,True
562.98481,4.59,98,108756,993,0.0330964,,True
562.98482,5.06,124,279082,95,0.0130253,,True
562.98483,5.36,131,190808,131,0.0181857,,True
562.98484,4.88,55,283371,106,0.0317427,,True
562.98485,4.64,56,717719,135,0.0096661,,True
562.98486,5.06,114,206902,73,0.0125781,,True
562.98487,5.09,145,268250,95,0.0117791,,True
562.98488,4.91,98,239678,131,0.0165496,,True
562.98489,5.03,106,248553,73,0.0118881,,True
562.98490,5.75,215,224878,130,0.0359522,,True
562.98491,5.15,74,536923,80,0.0121632,,True
562.98492,5.07,116,193354,12,0.0130012,,True
562.98493,5.11,118,262443,127,0.0117927,,True
562.98494,5.17,119,222678,144,0.0124467,,True
562.98495,5.08,107,376390,141,0.00558228,,True
562.98496,5.04,60,326455,538,0.0163531,,True
562.98497,5.08,125,216805,73,0.0118335,,True
562.98498,5.07,124,206183,73,0.0118153,,True
562.98499,5.06,118,182276,73,0.0125828,,True
562.98500,5.16,109,362155,73,0.0119657,,True
562.98501,5.1,135,231566,12,0.0115806,,True
562.98502,5.05,100,277610,80,0.012154,,True
562.98503,5.08,93,273485,95,0.0108876,,True
562.98504,4.96,62,347421,1155,0.0166344,,True
562.98505,5.12,114,304048,73,0.0124093,,True
562.98506,5.04,77,284336,393,0.0317734,,True
562.98507,5.22,123,268250,95,0.0137588,,True
562.98508,5.1,92,229627,550,0.0132427,,True
562.98509,5.06,61,358165,95,0.0128959,,True
562.98510,5.1,94,307093,73,0.0125311,,True
562.98511,5.2,125,210394,69,0.0324482,,True
562.98512,5.06,116,262451,127,0.0115896,,True
562.98513,5.01,74,394241,127,0.0113974,,True
562.98514,5.27,183,291297,12,0.0135755,,True
562.98515,5.18,236,94560,62,0.0276359,,True
562.98516,4.85,178,75994,48,0.0335405,,True
562.98517,4.92,71,280045,1001,0.0332689,,True
562.98518,5.2,59,357921,95,0.013482,,True
562.98519,5.23,124,153615,550,0.0140694,,True
562.98520,4.94,143,211923,79,0.0127198,,True
562.98521,5.06,73,336036,131,0.0170168,,True
562.98522,5.06,68,358031,95,0.0129198,,True
562.98523,4.96,90,268268,95,0.0125311,,True
562.98524,5.12,119,287338,73,0.0125076,,True
562.98525,5.42,228,211099,394,0.0320621,,True
562.98526,4.88,123,118775,10261,0.0332906,,True
562.98527,4.98,59,398056,127,0.0118335,,True
562.98528,5.17,110,273279,80,0.0125687,,True
562.98529,5.41,184,199468,14,0.0146419,,True
562.98530,5.0,100,360785,73,0.0114508,,True
562.98531,4.89,78,337850,88,0.0322285,,True
562.98532,5.15,150,307144,73,0.0133596,,True
562.98533,4.9,33,783500,428,0.0155026,,True
562.98534,5.34,154,203096,12,0.0144152,,True
562.98535,4.59,38,684421,420,0.00978498,,True
562.98536,5.13,124,210627,69,0.0314978,,True
562.98537,5.11,161,219537,73,0.011984,,True
562.98538,5.08,137,213353,79,0.0134869,,True
562.98539,5.3,119,313437,141,0.00612176,,True
562.98540,4.95,108,134414,10,0.0329464,,True
562.98541,5.02,101,286604,73,0.012131,,True
562.98542,4.83,90,235271,131,0.0163028,,True
562.98543,4.75,174,80288,540,0.0340471,,True
562.98544,5.08,126,196110,550,0.0136298,,True
562.98545,5.19,117,209280,131,0.0172424,,True
562.98546,4.85,69,300260,3721,0.0329464,,True
562.98547,4.86,62,585022,978,0.0129102,,True
562.98548,5.04,167,196511,127,0.0119383,,True
562.98549,5.0,37,797651,998,0.0024194,,True
562.98550,5.13,128,232255,73,0.0117202,,True
562.98551,5.0,87,186238,101,0.0321244,,True
562.98552,5.13,126,188533,73,0.0121448,,True
562.98553,4.62,100,128207,206,0.0329036,,True
562.98554,5.15,112,278595,127,0.0118562,,True
562.98555,5.0,98,156541,963,0.0302366,,True
562.98556,5.09,151,202436,73,0.0124561,,True
562.98557,4.85,104,148938,93,0.0323958,,True
562.98558,5.28,231,72477,59,0.027355,,True
562.98559,4.9,91,205154,73,0.0124748,,True
562.98560,4.73,109,128557,10,0.0329999,,True
562.98561,5.14,76,276425,131,0.0172134,,True
562.98562,5.09,91,342125,968,0.0121125,,True
562.98563,5.23,116,184899,73,0.0136051,,True
562.98564,5.02,75,715373,1819,0.0335296,,True
562.98565,4.94,78,197589,1656,0.0329143,,True
562.98566,5.29,202,109682,405,0.0313257,,True
562.98567,5.1,81,181527,640,0.0167649,,True
562.98568,4.95,57,262602,141,0.00383979,,True
562.98569,5.23,147,172093,550,0.0144614,,True
562.98570,5.08,76,355653,10259,0.0129629,,True
562.98571,5.25,143,293906,12,0.0128863,,True
562.98572,5.06,100,273628,73,0.0125593,,True
562.98573,5.15,178,225074,73,0.0120528,,True
562.98574,4.73,130,141755,10,0.0336937,,True
562.98575,5.16,78,320746,393,0.0321036,,True
562.98576,5.15,76,355532,95,0.0132719,,True
562.98577,5.02,89,196110,550,0.0135755,,True
562.98578,5.04,71,269832,117,0.0254759,,True
562.98579,4.93,78,333081,10262,0.0126914,,True
562.98580,5.12,88,276255,127,0.012279,,True
562.98581,5.1,76,348503,372,0.0122929,,True
562.98582,5.0,136,146914,58,0.0337707,,True
562.98583,5.44,214,111663,10276,0.031969,,True
562.98584,5.09,99,364228,127,0.0117112,,True
562.98585,5.1,134,220085,73,0.0122002,,True
562.98586,5.1,122,336439,141,0.00547035,,True
562.98587,5.19,166,188228,88,0.0325113,,True
562.98588,4.94,155,165185,88,0.032638,,True
562.98589,4.85,97,184526,4360,0.0336499,,True
562.98590,5.01,47,382797,12,0.0113174,,True
562.98591,5.06,199,157224,73,0.0121494,,True
562.98592,4.87,54,300805,714,0.0312651,,True
562.98593,4.87,65,726914,4456,0.0151236,,True
562.98594,5.03,111,322234,141,0.004924,,True
562.98595,5.25,129,303372,80,0.0127862,,True
562.98596,5.09,72,190908,131,0.0161804,,True
562.98597,5.19,127,114488,69,0.0323224,,True
562.98598,5.2,81,315383,393,0.0315385,,True
562.98599,5.24,130,206211,73,0.0117881,,True
562.98600,5.03,81,365351,73,0.0118426,,True
562.98601,5.09,77,386994,95,0.0131942,,True
562.98602,5.37,178,206082,73,0.0130927,,True
562.98603,4.95,95,164235,115,0.0324062,,True
562.98604,5.12,119,114718,453,0.033617,,True
562.98605,5.24,193,171821,144,0.0126914,,True
562.98606,5.37,191,182719,1057,0.0129772,,True
562.98607,5.12,106,181917,12,0.0118017,,True
562.98608,4.98,117,216238,127,0.0112157,,True
562.98609,5.01,112,222566,10,0.0336061,,True
562.98610,5.14,78,415667,80,0.0123906,,True
562.98611,5.31,241,134970,38,0.0309845,,True
562.98612,5.36,165,266633,80,0.0133693,,True
562.98613,4.98,47,456912,95,0.0126017,,True
562.98614,5.17,64,572732,141,0.00474969,,True
562.98615,4.84,150,94445,409,0.0341472,,True
562.98616,5.25,143,116022,69,0.0322598,,True
562.98617,5.15,93,268250,95,0.0133645,,True
562.98618,5.17,80,188733,449,0.0322806,,True
562.98619,5.24,179,224983,73,0.0125499,,True
562.98620,5.06,100,268243,5484,0.0129772,,True
562.98621,5.06,82,297605,961,0.011097,,True
562.98622,4.93,97,286303,127,0.01104,,True
562.98623,5.22,69,221225,5261,0.0131797,,True
562.98624,5.18,179,169030,73,0.0121356,,True
562.98625,4.6,93,150514,540,0.0332581,,True
562.98626,5.16,114,247227,69,0.0319381,,True
562.98627,5.03,79,550323,141,0.00435665,,True
562.98628,5.27,152,196106,404,0.014446,,True
562.98629,5.21,106,214347,73,0.0132524,,True
562.98630,5.09,59,357865,95,0.013083,,True
562.98631,5.3,250,58079,59,0.0285697,,True
562.98632,5.02,92,365071,73,0.0121863,,True
562.98633,5.19,124,221047,10402,0.0119977,,True
562.98634,5.12,83,284243,393,0.0321036,,True
562.98635,5.01,78,273785,73,0.0122141,,True
562.98636,5.13,146,292622,95,0.0134624,,True
562.98637,4.99,64,387504,12,0.0135755,,True
562.98638,4.97,106,246032,131,0.0167592,,True
562.98639,5.05,70,219367,6664,0.032893,,True
562.98640,5.07,113,203099,12,0.0118063,,True
562.98641,5.15,89,340718,73,0.0121263,,True
562.98642,5.17,46,362221,7092,0.0166797,,True
562.98643,5.24,95,409153,416,0.0128148,,True
562.98644,4.95,118,134531,58,0.0336718,,True
562.98645,5.1,125,287469,73,0.0120573,,True
562.98646,4.9,75,305784,421,0.0125264,,True
562.98647,4.99,107,351409,141,0.00507429,,True
562.98648,4.72,70,345848,8318,0.0323748,,True
562.98649,5.16,127,232339,73,0.0120436,,True
562.98650,5.01,72,365460,73,0.0122372,,True
562.98651,5.13,152,213771,73,0.0120619,,True
562.98652,4.81,81,201042,101,0.0333014,,True
562.98653,5.18,91,469721,95,0.0124327,,True
562.98654,5.09,119,286958,127,0.0120023,,True
562.98655,5.23,194,202436,73,0.0125687,,True
562.98656,5.01,87,287923,10272,0.0331287,,True
562.98657,4.64,143,93811,409,0.0343935,,True
562.98658,4.72,55,534470,5644,0.0109789,,True
562.98659,5.09,83,370488,12,0.0118517,,True
562.98660,4.95,69,316317,681,0.0129198,,True
562.98661,5.06,185,266699,95,0.01334,,True
562.98662,5.12,110,258200,69,0.0324062,,True
562.98663,5.14,89,294241,95,0.0111541,,True
562.98664,5.3,159,185042,73,0.0127245,,True
562.98665,5.03,71,373929,12,0.0111014,,True
562.98666,5.31,125,175345,69,0.0322806,,True
562.98667,5.16,83,232579,80,0.0133547,,True
562.98668,5.12,103,213290,95,0.0131071,,True
562.98669,5.04,113,256071,95,0.0128911,,True
562.98670,5.0,54,410460,2619,0.0128195,,True
562.98671,5.02,105,206174,73,0.0119383,,True
562.98672,5.03,122,336439,141,0.0049049,,True
562.98673,5.05,88,347303,12,0.0112776,,True
562.98674,5.22,111,220245,224,0.0335514,,True
562.98675,4.91,66,341737,136,0.0130349,,True
562.98676,5.33,189,222676,144,0.0131603,,True
562.98677,5.25,93,265859,95,0.0134476,,True
562.98678,5.16,116,222770,73,0.011952,,True
562.98679,5.14,75,230166,69,0.0320725,,True
562.98680,4.78,106,137717,10,0.0333556,,True
562.98681,5.08,160,287264,73,0.0130493,,True
562.98682,5.31,150,112402,405,0.0323958,,True
562.98683,4.88,78,480483,428,0.0157245,,True
562.98684,4.8,126,111631,453,0.0329143,,True
562.98685,5.12,106,331069,73,0.011491,,True
562.98686,5.08,198,117015,117,0.0247858,,True
562.98687,4.94,42,319593,131,0.0157898,,True
562.98688,4.98,30,1262096,-,0.0123533,,True
562.98689,4.98,106,217047,127,0.0112466,,True
562.98690,5.0,99,522464,141,0.00523557,,True
562.98691,5.06,86,214021,38,0.0319071,,True
562.98692,5.39,173,127431,69,0.0323958,,True
562.98693,5.04,109,213810,141,0.00358398,,True
562.98694,5.23,164,224907,73,0.0125499,,True
562.98695,5.06,69,319727,12,0.0117745,,True
562.98696,5.07,91,225971,73,0.0119886,,True
562.98697,5.04,126,203754,95,0.0129868,,True
562.98698,5.29,156,227343,12,0.0128481,,True
562.98700,5.01,117,236830,95,0.0127435,,True
562.98701,5.27,164,155814,38,0.0313357,,True
562.98702,4.99,58,239283,69,0.0316915,,True
562.98703,5.39,196,195470,394,0.0337377,,True
562.98704,4.99,123,135510,58,0.0335078,,True
562.98705,4.73,41,695306,5644,0.0109833,,True
562.98706,5.22,245,63193,59,0.0283332,,True
562.98707,5.01,58,456704,95,0.0128053,,True
562.98708,4.7,40,433767,756,0.0315487,,True
562.98709,5.08,77,220929,73,0.0115896,,True
562.98710,5.28,109,203753,95,0.0128529,,True
562.98711,5.31,131,165975,69,0.0323538,,True
562.98712,4.97,94,307389,73,0.0119155,,True
562.98713,5.25,187,140131,144,0.0128815,,True
562.98714,5.25,152,203753,95,0.0124888,,True
562.98715,5.07,81,267563,131,0.0168219,,True
562.98716,5.31,216,99112,405,0.0318145,,True
562.98717,5.17,163,150812,38,0.0318351,,True
562.98718,5.01,121,202436,73,0.0125546,,True
562.98719,5.06,80,281831,362,0.0314572,,True
562.98720,5.02,63,268249,1828,0.012564,,True
562.98721,4.85,69,210524,681,0.0139035,,True
562.98722,5.11,144,270930,73,0.0121356,,True
562.98723,5.12,199,58080,59,0.027813,,True
562.98724,4.89,91,175085,73,0.0114553,,True
562.98725,5.23,111,254838,421,0.0136744,,True
562.98726,4.74,27,679679,1858,0.0115402,,True
562.98727,5.14,137,282545,648,0.0281707,,True
562.98728,5.19,118,245126,12,0.01334,,True
562.98729,5.3,210,105020,62,0.0282428,,True
562.98730,5.01,111,265588,95,0.012753,,True
562.98731,5.18,169,225972,73,0.0121171,,True
562.98732,5.24,124,166924,69,0.0326274,,True
562.98733,5.04,104,209361,73,0.012358,,True
562.98734,5.02,148,331623,127,0.0118426,,True
562.98735,5.13,147,202451,73,0.0125734,,True
562.98736,5.3,183,169214,131,0.0168676,,True
562.98737,5.14,131,199617,69,0.0327227,,True
562.98738,5.02,115,186514,73,0.0120069,,True
562.98739,5.35,197,151001,1057,0.0131603,,True
562.98740,5.01,89,221526,131,0.0168562,,True
562.98741,5.12,104,339811,73,0.0115402,,True
562.98742,5.07,117,222972,69,0.0321764,,True
562.98743,5.32,179,104015,405,0.0323643,,True
562.98744,5.25,192,206173,73,0.0129629,,True
562.98745,5.17,132,287338,73,0.0123953,,True
562.98746,5.13,73,285785,131,0.0160531,,True
562.98747,5.29,114,284236,393,0.032925,,True
562.98748,5.06,64,358087,2619,0.012915,,True
562.98749,5.08,105,208050,550,0.0136051,,True
562.98750,5.25,126,205515,14,0.014206,,True
562.98751,5.05,63,456790,10241,0.0127625,,True
562.98752,5.13,87,274564,12,0.0115941,,True
562.98753,4.91,56,358095,95,0.0124046,,True
562.98754,5.2,133,202436,73,0.0120436,,True
562.98755,5.06,203,133561,800,0.0339916,,True
562.98756,5.08,113,365468,73,0.0124795,,True
562.98757,5.12,156,182697,88,0.0328503,,True
562.98758,5.06,93,361891,73,0.0133303,,True
562.98759,5.14,88,190809,131,0.0161416,,True
562.98760,5.08,77,276205,131,0.0166004,,True
562.98761,5.18,96,359744,95,0.0134574,,True
562.98762,5.12,99,196076,14,0.0136002,,True
562.98763,4.95,116,320286,428,0.0159375,,True
562.98764,5.11,149,202436,73,0.0119246,,True
562.98765,4.84,116,101442,93,0.0321452,,True
562.98766,5.05,76,283916,131,0.0165045,,True
562.98767,5.43,229,87226,59,0.0287254,,True
562.98768,4.95,64,272507,646,0.0107146,,True
562.98769,5.06,54,358108,95,0.0128959,,True
562.98770,5.09,66,456647,95,0.0130108,,True
562.98771,5.05,99,370070,73,0.0124701,,True
562.98772,4.94,83,222182,131,0.0165045,,True
562.98773,5.13,124,191103,131,0.0174703,,True
562.98774,5.08,87,307934,131,0.0156431,,True
562.98775,5.05,112,202464,73,0.0114865,,True
562.98776,4.87,137,93163,409,0.0340138,,True
562.98777,4.95,83,275494,372,0.011229,,True
562.98778,5.04,95,365585,144,0.012016,,True
562.98779,5.04,138,345282,73,0.0119155,,True
562.98780,5.05,104,307236,73,0.0122419,,True
562.98781,5.0,91,269628,95,0.0125922,,True
562.98782,5.12,112,209199,131,0.0168448,,True
562.98783,5.18,147,333651,12,0.0122511,,True
562.98784,4.97,48,313953,10229,0.0157517,,True
562.98785,5.05,120,188059,10,0.0339583,,True
562.98786,5.07,48,387304,12,0.0118199,,True
562.98787,5.3,133,147283,69,0.032312,,True
562.98788,5.12,116,226946,73,0.0115537,,True
562.98789,5.16,181,206171,73,0.0120711,,True
562.98790,4.95,231,108034,399,0.0337707,,True
562.98791,5.17,85,358401,372,0.0118108,,True
562.98792,5.16,103,182641,69,0.0319897,,True
562.98793,4.9,140,105861,401,0.0345627,,True
562.98794,5.22,93,215787,131,0.0175349,,True
562.98795,5.16,134,206173,73,0.0123813,,True
562.98796,5.11,142,205583,648,0.028652,,True
562.98797,5.17,133,279888,73,0.0120115,,True
562.98798,5.29,209,213892,73,0.0126299,,True
562.98799,5.09,99,206082,73,0.0121402,,True
562.98800,5.28,124,137676,69,0.0322389,,True
562.98801,5.18,109,231566,12,0.0104028,,True
562.98802,5.19,166,202435,73,0.013083,,True
562.98803,4.85,102,135030,154,0.0340138,,True
562.98804,5.08,89,336648,141,0.00527124,,True
562.98805,5.13,99,253353,73,0.0127815,,True
562.98806,5.3,135,176684,69,0.032312,,True
562.98807,5.3,132,209196,131,0.0177063,,True
562.98808,5.16,96,175325,404,0.0138685,,True
562.98809,5.21,117,250026,73,0.0124842,,True
562.98810,5.02,101,254124,12,0.0123208,,True
562.98811,5.12,118,183688,88,0.0330642,,True
562.98812,5.22,149,258236,38,0.0317222,,True
562.98813,5.08,60,269052,135,0.0110313,,True
562.98814,4.77,74,191771,10,0.0326803,,True
562.98815,5.04,149,171600,10,0.0328823,,True
562.98816,4.73,63,266583,349,0.0302852,,True
562.98817,5.39,139,233729,38,0.0321972,,True
562.98818,4.98,110,183825,550,0.0133059,,True
562.98819,5.17,141,268250,95,0.0134085,,True
562.98820,4.86,105,143254,1665,0.0332473,,True
562.98821,5.2,111,365022,73,0.0124748,,True
562.98822,5.14,78,352468,95,0.013267,,True
562.98823,5.03,113,137505,10,0.0335624,,True
562.98824,4.84,89,202876,23,0.0325851,,True
562.98825,5.16,98,284279,393,0.0325957,,True
562.98826,5.1,94,215959,131,0.0169766,,True
562.98827,5.11,146,202436,73,0.0119246,,True
562.98828,5.16,146,172788,10,0.0332041,,True
562.98829,5.11,79,352422,95,0.0130975,,True
562.98830,5.25,94,203660,95,0.0135361,,True
562.98831,5.11,104,361971,73,0.0117247,,True
562.98832,4.66,96,128686,10,0.0323329,,True
562.98833,5.16,75,345229,73,0.0119428,,True
562.98834,5.03,71,231981,95,0.0127862,,True
562.98835,4.94,80,209909,117,0.0252411,,True
562.98836,4.97,65,358090,95,0.012564,,True
562.98837,5.09,84,262451,127,0.0120206,,True
562.98838,5.29,92,594312,372,0.0119063,,True
562.98839,4.91,108,222016,1011,0.0340138,,True
562.98840,5.33,130,324841,141,0.00480339,,True
562.98841,5.09,86,262451,127,0.0120206,,True
562.98842,5.0,75,222971,106,0.0324482,,True
562.98843,4.88,51,337000,681,0.0130782,,True
562.98844,4.99,52,722036,135,0.0105945,,True
562.98845,4.67,97,125657,10,0.0323329,,True
562.98846,4.83,113,220370,131,0.0162638,,True
562.98847,4.94,105,295414,91,0.0151766,,True
562.98848,5.19,115,288368,95,0.0124373,,True
562.98849,5.2,96,153201,69,0.0326168,,True
562.98850,5.09,91,294526,95,0.0125311,,True
562.98851,5.12,123,262451,127,0.0117927,,True
562.98852,5.18,120,250810,80,0.0124373,,True
562.98853,4.92,51,197839,357,0.015768,,True
562.98854,5.36,138,121668,69,0.0319484,,True
562.98855,4.91,61,233496,2015,0.0109615,,True
562.98856,5.2,106,259329,12,0.0125029,,True
562.98857,5.25,105,203752,95,0.0133742,,True
562.98858,4.95,88,314493,73,0.0111277,,True
562.98859,5.44,252,80246,59,0.0288913,,True
562.98860,5.16,174,191071,73,0.0130782,,True
562.98861,5.18,114,218030,393,0.032312,,True
562.98862,5.26,183,150098,38,0.0315181,,True
562.98863,5.08,116,345278,73,0.01177,,True
562.98864,4.76,46,348263,5451,0.0304217,,True
562.98865,5.14,92,241870,69,0.0328716,,True
562.98866,5.05,70,425893,95,0.012982,,True
562.98867,5.18,143,231966,73,0.0120803,,True
562.98868,5.06,62,415349,2619,0.0129198,,True
562.98869,4.93,61,393905,127,0.0117293,,True
562.98870,4.81,63,247378,372,0.0124327,,True
562.98871,5.04,59,355403,95,0.0127815,,True
562.98872,5.16,126,287333,73,0.0119428,,True
562.98873,5.02,88,402715,80,0.0115089,,True
562.98874,4.95,58,337970,80,0.0114508,,True
562.98875,5.29,139,132897,69,0.0324377,,True
562.98876,5.39,190,164006,144,0.0133742,,True
562.98877,5.08,96,325762,95,0.0131361,,True
562.98878,5.22,153,234396,73,0.0125217,,True
562.98879,5.07,96,325762,95,0.013083,,True
562.98880,5.12,109,393942,144,0.012372,,True
562.98881,4.8,64,310058,10249,0.0119474,,True
562.98882,5.12,137,109613,59,0.0278041,,True
562.98883,5.07,70,383845,390,0.0120987,,True
562.98884,4.93,39,436359,357,0.0153043,,True
562.98885,5.1,66,344986,95,0.0130879,,True
562.98886,5.22,155,202436,73,0.0128911,,True
562.98887,4.7,45,437941,538,0.0147874,,True
562.98888,5.05,87,406027,73,0.0114285,,True
562.98889,5.06,161,246032,131,0.0171496,,True
562.98890,5.3,135,270114,95,0.0133889,,True
562.98891,4.95,78,318410,421,0.012663,,True
562.98892,5.21,136,189087,69,0.0321036,,True
562.98893,5.29,145,210582,69,0.0324062,,True
562.98894,5.07,73,243800,69,0.032,,True
562.98895,5.0,232,143716,327,0.0338478,,True
562.98896,5.12,109,232951,73,0.01177,,True
562.98897,4.99,103,206081,73,0.0114687,,True
562.98898,5.0,86,286895,127,0.0117021,,True
562.98899,5.3,138,199321,491,0.0141199,,True
562.98900,5.17,73,357856,95,0.0131893,,True
562.98901,5.13,165,202436,73,0.0119703,,True
562.98902,5.0,116,232415,95,0.0127245,,True
562.98903,4.61,106,102954,685,0.0323853,,True
562.98904,4.96,74,402257,428,0.0161139,,True
562.98905,5.12,130,307230,73,0.0122836,,True
562.98906,5.18,110,286895,127,0.0122002,,True
562.98907,5.3,91,288373,95,0.0136942,,True
562.98908,5.14,61,636728,390,0.0131361,,True
562.98909,4.68,44,474775,28,0.0138835,,True
562.98910,5.28,210,195523,73,0.0129293,,True
562.98911,5.01,102,304148,73,0.0120528,,True
562.98912,5.13,157,89108,88,0.0333773,,True
562.98913,4.76,48,300604,357,0.0148396,,True
562.98914,5.29,135,208538,131,0.017588,,True
562.98915,4.68,47,264602,640,0.015267,,True
562.98916,5.01,87,354692,141,0.0049846,,True
562.98917,5.07,117,237889,144,0.0119383,,True
562.98918,5.09,56,357873,95,0.0128529,,True
562.98919,5.07,142,219522,73,0.0116976,,True
562.98920,5.26,143,181347,10271,0.012279,,True
562.98921,4.78,87,246924,162,0.0332581,,True
562.98922,5.08,69,273632,12,0.0116075,,True
562.98923,5.13,124,222769,73,0.0117972,,True
562.98924,5.11,58,267676,126,0.0110488,,True
562.98925,5.04,119,203751,95,0.0127958,,True
562.98926,5.09,95,348446,73,0.0127672,,True
562.98927,4.71,50,466513,5644,0.0110838,,True
562.98928,4.76,89,218808,2539,0.0332581,,True
562.98929,4.93,88,286955,127,0.0110269,,True
562.98930,5.12,141,195246,73,0.0118471,,True
562.98931,5.11,192,95026,405,0.0323015,,True
562.98932,5.11,99,216903,131,0.0169881,,True
562.98933,4.93,97,298803,127,0.0109658,,True
562.98934,5.11,130,209888,117,0.0254678,,True
562.98935,5.18,147,138256,127,0.012517,,True
562.98936,5.26,121,268247,95,0.0138985,,True
562.98937,5.03,91,333260,491,0.013112,,True
562.98938,4.97,77,263196,357,0.0154972,,True
562.98939,5.09,138,185411,73,0.0122697,,True
562.98940,5.04,85,406070,73,0.0115268,,True
562.98941,5.21,286,63219,59,0.028297,,True
562.98942,5.12,160,101841,10226,0.0275126,,True
562.98943,4.82,102,223343,23,0.0329357,,True
562.98944,5.11,102,233122,73,0.0127815,,True
562.98945,5.15,99,278594,127,0.0119155,,True
562.98946,4.92,58,431810,538,0.0157571,,True
562.98947,5.09,89,268973,141,0.004924,,True
562.98948,5.25,157,173914,10271,0.0122929,,True
562.98949,5.19,76,213173,131,0.0164708,,True
562.98950,4.89,66,186208,550,0.0130493,,True
562.98951,5.1,201,63222,59,0.0275742,,True
562.98952,5.08,85,244581,131,0.0158772,,True
562.98953,5.06,115,202436,73,0.0125076,,True
562.98954,5.15,201,117135,117,0.0251687,,True
562.98955,5.11,132,205988,73,0.0122465,,True
562.98956,5.05,79,296883,131,0.0157245,,True
562.98957,5.19,201,109913,10274,0.033628,,True
562.98958,5.02,92,321421,372,0.0105133,,True
562.98959,4.84,149,231585,783,0.0323434,,True
562.98960,5.18,119,365607,544,0.012982,,True
562.98961,5.1,94,159383,131,0.0174585,,True
562.98962,4.88,92,186149,550,0.0132864,,True
562.98963,4.91,67,187877,973,0.0324482,,True
562.98964,5.06,128,346919,141,0.00507429,,True
562.98965,5.11,79,268515,95,0.013267,,True
562.98966,5.2,82,295841,95,0.0134673,,True
562.98967,5.12,103,220724,131,0.0169478,,True
562.98968,5.24,253,63220,59,0.0284057,,True
562.98969,4.95,153,177149,58,0.0334316,,True
562.98970,5.22,90,380440,141,0.00536563,,True
562.98971,5.08,126,206171,73,0.0117881,,True
562.98972,4.93,97,286895,127,0.0114196,,True
562.98973,5.12,95,210627,69,0.0319484,,True
562.98974,4.75,43,727015,135,0.0101836,,True
562.98975,5.3,167,137442,69,0.0324377,,True
562.98976,4.85,67,350981,5451,0.0308154,,True
562.98977,5.14,98,362157,73,0.0122558,,True
562.98978,5.06,64,358116,95,0.0128959,,True
562.98979,5.23,133,179887,7842,0.0323015,,True
562.98980,5.15,108,324910,73,0.0120573,,True
562.98981,5.15,71,281995,95,0.0133205,,True
562.98982,5.28,113,169325,69,0.0325851,,True
562.98983,5.23,195,188775,73,0.0125828,,True
562.98984,5.18,155,235167,144,0.0128529,,True
562.98985,4.75,47,468546,978,0.0122419,,True
562.98986,5.09,80,286217,95,0.0129246,,True
562.98987,5.1,98,268774,141,0.00560872,,True
562.98988,4.84,60,363240,372,0.0127482,,True
562.98989,5.09,62,456898,95,0.0129533,,True
562.98990,4.84,104,134332,58,0.0332149,,True
562.98991,5.17,84,246150,95,0.0136545,,True
562.98992,5.14,110,198596,38,0.0312048,,True
562.98993,5.08,103,294321,73,0.0124327,,True
562.98994,5.14,79,417813,95,0.0132621,,True
562.98996,4.74,59,344265,10404,0.032925,,True
562.98997,5.09,112,262973,95,0.0130157,,True
562.98998,5.19,111,268980,141,0.00546707,,True
562.98999,5.14,106,244232,38,0.0312048,,True
562.99000,5.2,158,222972,69,0.0322389,,True
562.99001,5.15,80,352177,95,0.0132719,,True
562.99002,4.9,66,347050,567,0.0117021,,True
562.99003,5.02,80,346555,88,0.0327971,,True
562.99004,5.28,165,183554,69,0.0322911,,True
562.99005,5.06,92,274052,14,0.0136397,,True
562.99006,4.95,125,321985,131,0.0165891,,True
562.99007,4.85,48,384302,12,0.0112113,,True
562.99008,5.05,89,190808,131,0.0167081,,True
562.99009,5.1,110,307230,73,0.0123208,,True
562.99010,5.02,99,246032,131,0.0168562,,True
562.99011,4.96,92,228733,3564,0.0326168,,True
562.99012,4.95,78,355413,421,0.0126583,,True
562.99013,4.98,120,258716,28,0.0146471,,True
562.99014,5.16,104,278415,127,0.012154,,True
562.99015,5.23,189,219283,73,0.01281,,True
562.99016,5.08,102,326672,73,0.0118108,,True
562.99017,5.24,130,227065,10251,0.0117609,,True
562.99018,5.25,132,245383,404,0.0143078,,True
562.99019,5.03,158,262030,127,0.0118927,,True
562.99020,4.87,72,195186,3090,0.0333664,,True
562.99021,4.84,88,194329,345,0.0332906,,True
562.99022,5.11,143,202436,73,0.0119246,,True
562.99023,5.19,149,164356,69,0.0329785,,True
562.99024,5.06,144,213895,73,0.0120298,,True
562.99025,5.05,97,268258,95,0.012872,,True
562.99026,5.15,147,220941,73,0.012016,,True
562.99027,5.2,93,292510,537,0.0128148,,True
562.99028,4.64,32,497500,569,0.0100165,,True
562.99029,5.23,96,293111,537,0.01317,,True
562.99030,5.02,111,287228,73,0.012228,,True
562.99031,5.11,113,244415,69,0.0324062,,True
562.99032,5.21,114,293290,95,0.0130301,,True
562.99033,4.9,137,162324,131,0.0166344,,True
562.99034,5.13,254,63043,59,0.0281347,,True
562.99035,4.95,76,420134,12,0.0118244,,True
562.99036,5.14,140,274108,95,0.0130927,,True
562.99037,5.0,127,138167,410,0.0330642,,True
562.99038,5.15,150,168776,69,0.0317427,,True
562.99039,4.9,108,168742,1125,0.0333447,,True
562.99040,5.12,74,293919,131,0.015998,,True
562.99041,5.0,144,164023,144,0.0117293,,True
562.99042,5.14,94,281989,95,0.0133011,,True
562.99043,4.76,59,450855,7427,0.0303046,,True
562.99044,5.12,70,198301,131,0.0160145,,True
562.99045,5.04,47,461839,95,0.0118608,,True
562.99046,4.9,51,360271,28,0.0141959,,True
562.99047,5.39,217,179784,14,0.0143742,,True
562.99048,5.16,143,130970,443,0.034574,,True
562.99049,5.06,70,411698,95,0.0129102,,True
562.99050,5.08,137,218179,73,0.0124327,,True
562.99051,4.93,107,265790,95,0.012517,,True
562.99052,5.31,82,388764,95,0.0137538,,True
562.99053,5.14,63,357923,95,0.0130975,,True
562.99054,5.13,84,326120,73,0.0123068,,True
562.99055,4.92,85,275278,1727,0.0332365,,True
562.99056,5.06,45,342604,357,0.015987,,True
562.99057,5.02,111,236830,95,0.0127958,,True
562.99058,5.33,164,202436,73,0.0125452,,True
562.99059,5.11,119,378982,73,0.0123673,,True
562.99060,5.19,212,121057,405,0.0320933,,True
562.99061,5.28,115,190520,69,0.0323853,,True
562.99062,5.09,87,221278,95,0.0129964,,True
562.99063,5.14,142,119058,69,0.0318145,,True
562.99064,5.1,122,206170,73,0.0112201,,True
562.99065,5.06,64,357941,95,0.012982,,True
562.99066,5.35,199,118289,69,0.0323748,,True
562.99067,4.86,57,339160,135,0.0102172,,True
562.99068,4.8,102,134683,453,0.0326063,,True
562.99069,4.74,156,74055,48,0.0323224,,True
562.99070,5.21,150,239978,127,0.0119657,,True
562.99071,4.85,59,352588,547,0.0120757,,True
562.99072,5.06,67,345956,95,0.0130782,,True
562.99073,5.18,77,309985,416,0.012564,,True
562.99074,5.06,93,244409,69,0.0322598,,True
562.99075,5.13,113,245027,12,0.0129102,,True
562.99076,4.8,34,663011,357,0.0147249,,True
562.99077,5.17,70,203752,95,0.0130253,,True
562.99078,4.93,58,292729,847,0.0335733,,True
562.99079,4.99,68,283616,6530,0.0126111,,True
562.99080,4.87,62,303530,1441,0.0121863,,True
562.99081,5.08,99,202436,73,0.0125311,,True
562.99082,5.03,84,362849,73,0.0114955,,True
562.99083,4.75,37,383811,10288,0.0115671,,True
562.99084,5.11,87,215959,131,0.0170053,,True
562.99085,5.1,119,192744,69,0.0325324,,True
562.99086,5.02,100,314145,12,0.0111893,,True
562.99087,5.21,78,396103,95,0.0135459,,True
562.99088,5.09,85,218021,393,0.0319794,,True
562.99089,5.16,97,612506,141,0.00524853,,True
562.99090,4.97,91,330878,73,0.0120987,,True
562.99091,5.12,88,365711,117,0.0253218,,True
562.99092,5.06,148,263235,421,0.0128577,,True
562.99093,5.08,101,377353,429,0.0155403,,True
562.99094,5.13,73,286944,131,0.0161637,,True
562.99095,4.93,55,266232,108,0.0316608,,True
562.99096,5.16,99,365983,80,0.0121494,,True
562.99097,5.25,116,268274,95,0.0139185,,True
562.99098,5.12,112,319703,12,0.0115851,,True
562.99099,4.98,95,184743,550,0.0135066,,True
562.99100,5.14,104,262450,127,0.0117202,,True
562.99101,4.9,77,371234,1154,0.0114152,,True
562.99102,5.02,68,355588,95,0.0127958,,True
562.99103,5.02,109,268249,95,0.0127672,,True
562.99104,5.09,148,234702,73,0.0124233,,True
562.99105,5.21,130,210928,69,0.0319381,,True
562.99106,4.88,47,592980,10237,0.0119337,,True
562.99107,5.17,69,358133,95,0.0132281,,True
562.99108,5.08,102,252718,393,0.031969,,True
562.99109,5.1,114,103921,69,0.0316813,,True
562.99110,5.16,111,287632,73,0.0119474,,True
562.99111,5.01,85,325526,95,0.0127958,,True
562.99112,5.0,79,440607,538,0.015998,,True
562.99113,5.09,67,226670,1858,0.0122233,,True
562.99114,5.12,75,456869,95,0.0131313,,True
562.99115,5.08,102,266633,80,0.0123022,,True
562.99116,5.1,126,303929,73,0.0117474,,True
562.99117,5.27,185,117792,8915,0.0281527,,True
562.99118,4.98,124,111565,58,0.0335842,,True
562.99119,5.12,79,301602,393,0.0320621,,True
562.99120,5.12,109,219805,73,0.0117881,,True
562.99121,5.28,179,111893,69,0.0323853,,True
562.99122,4.76,94,159679,43,0.0323224,,True
562.99123,5.19,114,211292,140,0.0129964,,True
562.99124,5.16,111,191731,12,0.0119611,,True
562.99125,5.04,44,383897,1643,0.0132427,,True
562.99126,5.21,162,222971,69,0.0326063,,True
562.99127,4.94,55,276425,131,0.016657,,True
562.99128,5.15,171,303903,73,0.0118835,,True
562.99129,5.26,88,218021,393,0.0324693,,True
562.99130,5.07,64,318295,10410,0.0121632,,True
562.99131,5.26,200,202436,73,0.012915,,True
562.99132,5.03,73,194737,131,0.0167934,,True
562.99133,5.02,93,323708,95,0.0128624,,True
562.99134,5.07,83,330601,1155,0.0169536,,True
562.99135,5.25,152,170567,69,0.0325113,,True
562.99136,5.15,125,222972,69,0.0315996,,True
562.99137,4.84,75,193210,155,0.0337817,,True
562.99138,5.19,134,179924,14,0.0136348,,True
562.99139,4.73,34,716305,10288,0.0116976,,True
562.99140,5.14,153,186776,131,0.0173531,,True
562.99141,5.12,157,177820,73,0.0122558,,True
562.99142,5.06,56,358092,2619,0.0129341,,True
562.99143,5.15,113,174156,117,0.0255084,,True
562.99144,5.26,102,196484,393,0.0324693,,True
562.99145,4.91,48,274153,538,0.0157299,,True
562.99146,5.37,209,152090,38,0.031794,,True
562.99147,5.21,128,226111,73,0.0122372,,True
562.99148,5.1,102,278595,127,0.0117338,,True
562.99149,5.16,115,226792,73,0.0109615,,True
562.99150,5.17,126,127636,69,0.032114,,True
562.99151,5.2,83,314145,12,0.0121171,,True
562.99152,5.3,180,148581,38,0.0314877,,True
562.99153,5.13,226,63220,59,0.0280002,,True
562.99154,5.13,139,126767,75,0.0324482,,True
562.99155,5.08,85,361880,73,0.0117247,,True
562.99156,4.84,168,183960,23,0.033399,,True
562.99157,5.09,66,415395,2619,0.0131361,,True
562.99158,5.06,127,268225,95,0.0131603,,True
562.99159,5.11,96,238237,131,0.0169134,,True
562.99160,5.15,164,358823,968,0.0119931,,True
562.99161,4.94,81,305719,421,0.0126205,,True
562.99162,4.85,52,239004,1718,0.0333664,,True
562.99163,5.24,118,289358,80,0.0124467,,True
562.99164,5.18,185,196075,14,0.0140794,,True
562.99165,4.79,181,81315,409,0.0341695,,True
562.99166,4.89,61,258807,14252,0.0124327,,True
562.99167,4.94,74,226300,91,0.0153417,,True
562.99168,4.88,68,265743,91,0.0150074,,True
562.99169,5.15,113,173690,131,0.0172366,,True
562.99170,5.16,144,173913,12,0.0122094,,True
562.99171,5.08,130,156310,131,0.0168791,,True
562.99172,5.0,104,361967,73,0.0122187,,True
562.99173,4.91,98,269713,131,0.0165327,,True
562.99174,4.93,95,199821,73,0.0125076,,True
562.99175,5.11,96,210720,393,0.0320621,,True
562.99176,4.99,73,325842,95,0.0126111,,True
562.99177,4.95,108,192574,23,0.033323,,True
562.99178,5.18,105,241457,73,0.0129102,,True
562.99179,5.19,119,213894,73,0.0124467,,True
562.99180,5.06,133,250626,73,0.01177,,True
562.99181,4.96,66,413466,73,0.0115402,,True
562.99182,5.16,184,115148,62,0.0272504,,True
562.99183,5.16,104,210220,10277,0.032893,,True
562.99184,5.26,94,293967,95,0.0133303,,True
562.99185,4.92,56,370708,104,0.0117474,,True
562.99186,5.11,124,234339,73,0.0123906,,True
562.99187,5.09,79,281747,95,0.0129916,,True
562.99188,5.37,223,110779,69,0.0330642,,True
562.99189,5.18,84,277571,131,0.0168048,,True
562.99190,4.83,64,188218,640,0.0156702,,True
562.99191,4.75,74,350069,5644,0.0114553,,True
562.99192,5.29,150,136661,69,0.0324167,,True
562.99193,5.04,84,352698,73,0.012386,,True
562.99194,4.97,136,136550,88,0.0332906,,True
562.99195,5.12,128,252551,73,0.0120941,,True
562.99196,5.23,132,136753,69,0.032829,,True
562.99197,5.11,225,90066,5824,0.0330106,,True
562.99198,4.68,42,733997,135,0.00945066,,True
562.99199,5.22,186,166676,59,0.0278574,,True
562.99200,4.94,92,267810,88,0.0324272,,True
562.99201,5.34,158,168898,38,0.031569,,True
562.99202,5.23,186,206173,73,0.0125687,,True
562.99203,5.25,103,282045,95,0.0137389,,True
562.99204,4.7,79,288650,2086,0.0178371,,True
562.99205,5.12,79,384270,12,0.0126158,,True
562.99206,5.07,73,209197,6086,0.016691,,True
562.99207,5.1,55,339451,998,0.00385777,,True
562.99208,4.81,77,278835,978,0.0126536,,True
562.99209,5.3,119,278034,648,0.0287254,,True
562.99210,5.07,62,352448,95,0.0128959,,True
562.99211,5.13,144,218770,73,0.0119657,,True
562.99212,4.71,67,220039,5539,0.0321452,,True
562.99213,4.97,111,220847,91,0.0155026,,True
562.99214,4.87,132,117956,540,0.0329999,,True
562.99215,5.08,97,362155,73,0.0115986,,True
562.99216,5.21,100,262450,127,0.0118744,,True
562.99217,5.15,146,185412,73,0.0122048,,True
562.99218,5.42,194,140066,69,0.0324693,,True
562.99219,5.02,101,307132,73,0.0128195,,True
562.99220,4.93,133,108475,23,0.0323434,,True
562.99221,5.05,80,413498,73,0.0113573,,True
562.99223,5.17,125,212559,404,0.0141705,,True
562.99224,5.27,167,227713,1057,0.0127435,,True
562.99225,5.02,106,360032,95,0.0125969,,True
562.99226,5.1,163,285301,141,0.00527124,,True
562.99227,4.84,77,431859,1629,0.0330535,,True
562.99228,5.11,65,373143,12,0.0116841,,True
562.99229,5.35,140,221610,69,0.0327015,,True
562.99230,5.13,93,286900,127,0.0117383,,True
562.99231,5.15,133,143849,69,0.031969,,True
562.99232,4.94,68,207623,394,0.0323748,,True
562.99233,5.19,165,133273,10254,0.0329036,,True
562.99234,5.43,198,155102,144,0.0136397,,True
562.99235,5.2,155,206182,73,0.0122743,,True
562.99236,4.95,75,209652,155,0.0345062,,True
562.99237,5.32,172,211545,69,0.0332041,,True
562.99238,5.16,138,219240,69,0.0325324,,True
562.99239,5.26,125,153374,69,0.0327121,,True
562.99240,5.13,106,406097,73,0.011879,,True
562.99241,5.16,124,125921,405,0.0319277,,True
562.99242,5.04,118,215880,1193,0.0138835,,True
562.99243,5.02,54,287519,355,0.0113573,,True
562.99244,4.95,88,225658,91,0.0153096,,True
562.99245,5.19,76,319575,131,0.0166797,,True
562.99246,5.24,113,268225,95,0.0137836,,True
562.99247,5.16,111,205155,10415,0.0128481,,True
562.99248,5.16,118,348590,80,0.0127198,,True
562.99249,4.95,86,279585,131,0.0164595,,True
562.99250,4.85,74,193037,297,0.0331933,,True
562.99251,4.86,100,142033,58,0.0342254,,True
562.99252,4.93,140,234731,517,0.0338809,,True
562.99253,5.17,160,133926,73,0.0130205,,True
562.99256,5.03,156,268268,95,0.0126205,,True
562.99257,4.9,101,170182,491,0.0125922,,True
562.99258,5.0,74,305723,421,0.0127151,,True
562.99259,5.14,155,197185,73,0.0124,,True
562.99260,5.13,260,178196,144,0.0125969,,True
562.99261,5.16,105,213261,73,0.0126536,,True
562.99262,4.61,88,147311,10,0.0332473,,True
562.99263,5.1,128,209651,73,0.0120298,,True
562.99264,5.24,131,138567,69,0.0326274,,True
562.99265,5.24,149,198993,69,0.0323853,,True
562.99266,5.03,77,211127,205,0.0338809,,True
562.99267,5.21,195,118154,10,0.033399,,True
562.99268,5.31,236,102942,69,0.0324693,,True
562.99270,5.11,88,359798,95,0.0131555,,True
562.99271,4.76,70,300845,90,0.0327333,,True
562.99272,5.14,122,297712,131,0.017196,,True
562.99273,4.95,65,547809,73,0.0122048,,True
562.99274,4.92,57,320905,1441,0.0124467,,True
562.99275,5.16,98,229627,550,0.013615,,True
562.99276,5.11,140,237115,550,0.01334,,True
562.99277,5.08,101,232952,73,0.0108182,,True
562.99278,5.25,171,203645,80,0.0127008,,True
562.99279,5.07,125,222745,73,0.0112113,,True
562.99280,5.14,139,202436,73,0.011829,,True
562.99281,4.67,128,124686,10,0.0327864,,True
562.99283,4.8,62,245766,372,0.0124187,,True
562.99284,5.01,141,197981,88,0.0333122,,True
562.99285,4.96,92,242155,131,0.0166287,,True
562.99286,4.86,104,135632,5308,0.033617,,True
562.99287,5.11,113,192483,345,0.0336608,,True
562.99289,4.95,126,174682,95,0.0127767,,True
562.99290,5.14,70,357952,95,0.0132719,,True
562.99291,5.03,86,328394,95,0.0132767,,True
562.99292,4.75,99,194132,297,0.032861,,True
562.99293,5.39,115,268774,141,0.00667391,,True
562.99294,5.05,96,312619,10213,0.0121079,,True
562.99295,4.94,134,106193,44,0.0340471,,True
562.99296,5.09,199,99202,59,0.0279644,,True
562.99297,5.1,56,456948,95,0.0131603,,True
562.99298,5.09,120,339027,144,0.011984,,True
562.99299,5.29,194,140267,69,0.0323748,,True
562.99300,5.08,95,357918,95,0.012872,,True
562.99301,5.16,130,181289,69,0.0318556,,True
562.99302,5.18,108,215967,141,0.0059155,,True
562.99303,4.77,45,525892,420,0.0105945,,True
562.99304,5.27,90,300968,12,0.012358,,True
562.99305,5.04,97,268980,141,0.00531349,,True
562.99306,4.97,117,139713,13,0.0343598,,True
562.99307,5.34,177,196075,1057,0.0131071,,True
562.99308,4.84,65,334001,10246,0.0122465,,True
562.99309,4.68,37,473096,676,0.0153203,,True
562.99310,4.89,72,579499,141,0.00416029,,True
562.99311,5.02,130,214814,69,0.0321452,,True
562.99312,5.08,77,362163,127,0.0124561,,True
562.99313,5.04,287,80960,399,0.0344385,,True
562.99314,5.17,101,265708,12,0.0130638,,True
562.99315,5.25,218,202436,73,0.012442,,True
562.99316,5.28,191,182197,73,0.0129725,,True
562.99317,4.8,166,94288,409,0.0341361,,True
562.99318,5.14,71,211154,457,0.0274863,,True
562.99319,4.91,213,67826,405,0.0301978,,True
562.99320,5.1,88,315440,393,0.0320621,,True
562.99321,5.29,168,150098,38,0.0311445,,True
562.99322,5.2,148,160508,73,0.0129102,,True
562.99323,5.14,121,193482,131,0.0175703,,True
562.99324,4.97,50,307940,131,0.0142314,,True
562.99325,5.08,78,359856,95,0.012872,,True
562.99326,4.73,134,91248,1434,0.0338147,,True
562.99327,5.05,81,266633,80,0.0120573,,True
562.99328,4.81,68,531965,3723,0.00969064,,True
562.99329,4.67,49,318320,5702,0.0323538,,True
562.99330,5.06,101,287236,73,0.0129725,,True
562.99331,4.62,95,195417,10248,0.0328503,,True
562.99332,5.17,159,188603,131,0.0172541,,True
562.99333,5.36,131,170567,69,0.0325429,,True
562.99334,5.03,98,354558,421,0.0130157,,True
562.99335,5.14,80,358047,95,0.0132913,,True
562.99336,5.14,87,284243,393,0.0321868,,True
562.99337,5.07,89,323419,73,0.0125264,,True
562.99338,5.25,90,241193,393,0.0326168,,True
562.99339,5.09,138,199773,69,0.0323015,,True
562.99340,4.91,95,330213,1081,0.0334751,,True
562.99341,4.76,116,125695,58,0.0329785,,True
562.99342,4.99,99,269713,131,0.0168619,,True
562.99343,5.18,122,159936,624,0.028306,,True
562.99344,5.14,82,209276,457,0.0274775,,True
562.99345,5.04,113,246032,131,0.0170572,,True
562.99346,4.96,96,246032,131,0.0168276,,True
562.99347,4.81,87,199381,131,0.0162137,,True
562.99348,5.12,81,319574,131,0.0171033,,True
562.99349,5.1,133,170355,69,0.0314978,,True
562.99350,5.18,126,286487,95,0.0136348,,True
562.99351,5.07,111,143649,14,0.0137339,,True
562.99352,5.15,190,113110,405,0.0317222,,True
562.99353,5.2,110,339235,372,0.0114419,,True
562.99354,5.31,185,114494,69,0.0323958,,True
562.99355,4.79,76,265101,91,0.0149864,,True
562.99356,5.15,269,70939,59,0.0280898,,True
562.99357,4.99,111,244415,69,0.0322806,,True
562.99358,4.99,134,283920,537,0.0128959,,True
562.99359,5.44,185,196076,1057,0.0138485,,True
562.99360,5.2,140,162663,69,0.0320104,,True
562.99361,5.02,90,278594,127,0.0112334,,True
562.99362,5.08,114,231203,69,0.0324798,,True
562.99363,4.99,146,236688,95,0.0126158,,True
562.99364,4.95,149,252106,1441,0.0124982,,True
562.99365,5.04,107,228919,95,0.0129677,,True
562.99366,5.22,187,140267,69,0.0321244,,True
562.99368,5.05,85,362142,73,0.0119931,,True
562.99370,5.13,109,229308,12,0.0120619,,True
562.99371,4.95,30,434754,10233,0.0332041,,True
562.99372,5.05,93,206286,108,0.0321036,,True
562.99373,4.98,76,387578,88,0.0337157,,True
562.99374,5.2,75,357866,95,0.0135706,,True
562.99375,5.1,112,209199,131,0.0167535,,True
562.99376,5.18,121,270306,95,0.0136694,,True
562.99377,4.92,46,389116,135,0.0102929,,True
562.99379,4.98,231,123438,10,0.032638,,True
562.99380,5.54,211,206170,73,0.013615,,True
562.99381,4.69,206,69874,399,0.0345853,,True
562.99382,5.14,114,287336,73,0.0125687,,True
562.99383,5.28,166,198333,131,0.0177716,,True
562.99384,5.18,103,307014,10403,0.0124093,,True
562.99385,5.43,223,203754,95,0.0138036,,True
562.99386,5.24,224,86177,59,0.0278485,,True
562.99387,5.16,128,226704,73,0.0119748,,True
562.99388,5.29,207,196449,372,0.0132816,,True
562.99389,5.18,122,268248,95,0.0130879,,True
562.99390,5.34,191,181241,1057,0.0134574,,True
562.99391,5.11,116,218021,393,0.0320621,,True
562.99392,5.08,95,278595,127,0.011952,,True
562.99393,5.33,151,268225,95,0.0144819,,True
562.99394,5.34,165,200064,69,0.0328396,,True
562.99395,4.88,43,342593,357,0.0152138,,True
562.99396,4.81,65,274570,10298,0.010054,,True
562.99397,5.27,139,201379,69,0.0323224,,True
562.99398,4.95,90,331870,73,0.011621,,True
562.99399,5.1,128,353966,144,0.012191,,True
562.99402,5.11,122,225784,73,0.0127767,,True
562.99403,4.95,124,196098,117,0.0253623,,True
562.99404,5.04,125,239737,127,0.011838,,True
562.99405,4.97,72,245625,83,0.0162638,,True
562.99407,5.31,216,109272,62,0.0283967,,True
562.99408,5.02,71,367490,127,0.0121125,,True
562.99409,4.54,87,110438,155,0.0330642,,True
562.99411,4.96,135,128251,73,0.0124795,,True
562.99412,5.06,115,265588,95,0.012915,,True
562.99413,5.14,139,175517,131,0.0174879,,True
562.99414,4.93,42,329517,10284,0.0333881,,True
562.99415,5.16,105,219918,550,0.0136051,,True
562.99416,5.03,101,385101,141,0.00493674,,True
562.99417,5.29,105,169383,69,0.0328716,,True
562.99418,5.38,155,215891,131,0.0175114,,True
562.99419,5.07,99,334385,12,0.0124327,,True
562.99420,5.07,131,182920,101,0.0329357,,True
562.99421,4.89,110,190179,144,0.0116661,,True
562.99422,5.01,120,345282,73,0.0121817,,True
562.99423,5.28,108,184179,354,0.0290118,,True
562.99424,5.14,106,204460,127,0.0122048,,True
562.99425,5.02,97,287335,73,0.0122326,,True
562.99426,5.01,94,357029,12,0.0110182,,True
562.99427,4.56,75,172013,10,0.0325746,,True
562.99429,4.97,59,292091,501,0.031969,,True
562.99430,5.15,82,331851,80,0.0125029,,True
562.99431,5.18,117,206174,73,0.0124561,,True
562.99433,5.17,140,246031,131,0.0176767,,True
562.99434,4.81,69,280612,135,0.0100332,,True
562.99435,5.08,85,215959,131,0.0168391,,True
562.99436,5.04,99,326119,73,0.012358,,True
562.99437,5.17,102,372374,73,0.0127293,,True
562.99438,5.25,91,359954,95,0.0135607,,True
562.99439,5.08,106,737768,357,0.015998,,True
562.99440,5.18,109,355443,95,0.0134378,,True
562.99441,4.99,100,286895,127,0.0112776,,True
562.99442,5.05,125,232335,73,0.011952,,True
562.99443,5.11,68,357918,2619,0.013141,,True
562.99444,5.06,72,194787,95,0.0128815,,True
562.99445,5.4,125,242526,126,0.0123068,,True
562.99446,4.94,80,304097,73,0.0115223,,True
562.99447,4.91,44,359864,91,0.0151024,,True
562.99448,5.03,56,247741,131,0.0158226,,True
562.99449,5.07,136,204300,69,0.0315283,,True
562.99450,4.87,36,376212,355,0.0105432,,True
562.99451,5.16,131,131468,405,0.0318968,,True
562.99452,4.9,65,302603,2015,0.0102256,,True
562.99453,5.15,52,358118,95,0.0132913,,True
562.99454,5.01,82,253073,491,0.0128911,,True
562.99455,5.17,109,226565,491,0.0136545,,True
562.99456,5.18,110,285749,73,0.0123347,,True
562.99457,5.14,77,352329,95,0.013267,,True
562.99458,5.01,99,307132,73,0.0128291,,True
562.99460,4.82,108,140197,8346,0.0332689,,True
562.99463,4.98,101,185010,58,0.0339141,,True
562.99464,5.28,148,190673,14,0.014446,,True
562.99465,5.1,97,268250,95,0.0118744,,True
562.99467,5.14,77,281995,95,0.0132913,,True
562.99468,5.3,249,95420,761,0.0350415,,True
562.99470,5.17,124,253354,73,0.0130782,,True
562.99471,4.91,68,274570,135,0.010125,,True
562.99472,5.09,140,206164,73,0.0123394,,True
562.99473,5.21,132,182475,73,0.0134231,,True
562.99474,5.15,146,190808,131,0.0172424,,True
562.99475,4.92,54,344691,135,0.0101166,,True
562.99476,4.93,61,314497,28,0.0149443,,True
562.99477,4.81,136,70756,355,0.0115134,,True
562.99478,5.21,233,54763,59,0.0286795,,True
562.99479,5.14,124,222769,73,0.011984,,True
562.99480,5.32,185,177932,372,0.0133693,,True
562.99481,4.73,34,595785,135,0.00959675,,True
562.99482,5.09,112,233173,73,0.0117202,,True
562.99483,5.3,180,182640,69,0.0326274,,True
562.99484,5.08,150,207958,80,0.0125264,,True
562.99485,5.16,125,222768,73,0.0119428,,True
562.99486,4.8,40,500549,538,0.0152616,,True
562.99487,5.32,151,136606,69,0.0327439,,True
562.99488,5.12,92,293108,537,0.0125875,,True
562.99489,4.96,88,196626,124,0.033617,,True
562.99490,5.09,87,314432,69,0.0325429,,True
562.99491,5.15,75,363345,95,0.0132621,,True
562.99492,5.2,77,267974,131,0.0172018,,True
562.99493,5.39,178,153221,219,0.0341472,,True
562.99494,5.36,157,129594,69,0.0327864,,True
562.99495,4.97,79,286953,127,0.0116661,,True
562.99496,5.14,97,163182,69,0.0314978,,True
562.99498,4.95,76,232481,421,0.012734,,True
562.99499,5.29,193,132322,69,0.0325324,,True
562.99500,5.0,83,309114,362,0.0323538,,True
562.99501,5.33,117,190808,131,0.0178789,,True
562.99502,5.18,78,425751,95,0.0120757,,True
562.99503,5.17,115,240376,95,0.0112466,,True
562.99504,5.16,88,226645,1193,0.0144511,,True
562.99507,5.03,102,317576,131,0.0170341,,True
562.99508,5.17,98,252895,550,0.0138085,,True
562.99509,5.09,68,281995,95,0.0129677,,True
562.99510,5.22,82,358043,95,0.0134231,,True
562.99511,5.46,151,361625,130,0.0335187,,True
562.99512,5.13,88,417814,95,0.0132281,,True
562.99513,5.22,194,213893,73,0.0125358,,True
562.99514,5.36,170,180285,69,0.0324903,,True
562.99515,5.01,102,265587,95,0.0127482,,True
562.99516,5.16,123,363012,73,0.0122372,,True
562.99517,4.83,63,300942,714,0.030756,,True
562.99518,5.3,121,189087,69,0.0324693,,True
562.99519,5.1,177,136166,10,0.0331179,,True
562.99520,5.03,63,319574,131,0.0170918,,True
562.99521,5.11,99,268980,141,0.00522909,,True
562.99522,4.82,78,257826,131,0.016125,,True
562.99523,5.01,84,255659,131,0.0168734,,True
562.99524,5.12,101,170355,69,0.0315181,,True
562.99525,4.94,133,113102,405,0.0319277,,True
562.99526,5.25,124,252461,14,0.0140845,,True
562.99527,5.0,108,269363,131,0.0169192,,True
562.99528,4.77,81,218500,1324,0.0335187,,True
562.99529,5.12,101,352350,135,0.0111321,,True
562.99530,5.12,70,456869,95,0.0131797,,True
562.99531,5.06,132,221326,69,0.0311245,,True
562.99532,5.14,116,273773,73,0.0123347,,True
562.99533,5.16,154,196110,550,0.0138485,,True
562.99534,4.89,183,72533,409,0.0335187,,True
562.99535,5.05,51,568910,95,0.0129916,,True
562.99536,5.08,97,383825,12,0.0118153,,True
562.99537,4.83,94,188589,23,0.0326168,,True
562.99538,5.15,90,214645,131,0.0169364,,True
562.99539,5.21,203,63244,59,0.0284512,,True
562.99540,4.7,73,236232,10,0.0333014,,True
562.99541,5.26,100,242582,73,0.0132864,,True
562.99542,5.2,66,245025,131,0.0172018,,True
562.99543,5.2,147,136661,69,0.0321764,,True
562.99544,4.96,125,125431,58,0.0331502,,True
562.99545,5.16,147,252551,73,0.0122929,,True
562.99546,4.99,73,336541,12,0.0111805,,True
562.99547,5.28,201,236471,404,0.0143537,,True
562.99549,5.29,122,229307,12,0.0124233,,True
562.99550,5.12,140,185010,58,0.0330857,,True
562.99551,5.09,113,110978,10265,0.0318762,,True
562.99552,5.18,81,313577,95,0.013384,,True
562.99553,5.04,95,219918,550,0.0130157,,True
562.99554,5.13,89,300257,10255,0.0282699,,True
562.99555,5.15,73,314714,131,0.0161637,,True
562.99556,5.06,89,271222,95,0.0130927,,True
562.99557,5.16,132,315659,73,0.0122836,,True
562.99558,5.26,146,210627,69,0.031794,,True
562.99559,4.9,132,120645,453,0.0319484,,True
562.99560,4.89,89,269713,131,0.0163866,,True
562.99561,4.99,134,130418,4624,0.0318968,,True
562.99562,5.05,62,467805,95,0.0119977,,True
562.99563,4.64,65,235199,10,0.0323434,,True
562.99564,5.19,172,268258,95,0.0134329,,True
562.99565,5.15,129,199178,73,0.012265,,True
562.99566,5.13,98,240491,95,0.0114018,,True
562.99567,5.05,90,271399,12,0.0115313,,True
562.99568,5.07,99,219918,550,0.0131458,,True
562.99569,5.24,119,320442,95,0.0130975,,True
562.99570,4.97,88,305048,12,0.011639,,True
562.99571,5.05,98,242121,10291,0.0139536,,True
562.99572,5.08,159,190833,131,0.0171496,,True
562.99573,5.06,158,119021,167,0.0337597,,True
562.99574,4.78,52,566723,569,0.0108009,,True
562.99575,5.33,107,162276,69,0.0332581,,True
562.99576,4.72,31,726339,999,0.0142365,,True
562.99577,5.24,114,205330,80,0.0115896,,True
562.99578,5.11,112,244415,69,0.0318556,,True
562.99579,5.01,99,248101,131,0.0168505,,True
562.99580,5.29,222,122560,69,0.0324482,,True
562.99581,5.03,102,165603,847,0.0340138,,True
562.99582,5.15,116,206617,410,0.0316404,,True
562.99583,5.27,163,134550,69,0.0326909,,True
562.99584,5.02,74,254987,457,0.0273288,,True
562.99585,4.84,47,290312,676,0.0160035,,True
562.99586,5.01,109,268761,117,0.0247858,,True
562.99587,4.94,73,268791,1850,0.0332906,,True
562.99588,4.96,76,307753,28,0.0143384,,True
562.99589,5.24,121,222972,69,0.0322389,,True
562.99590,4.92,84,196110,10294,0.013199,,True
562.99591,4.92,83,324504,73,0.0117655,,True
562.99592,5.1,81,240431,95,0.0110532,,True
562.99593,5.1,109,286953,127,0.0117836,,True
562.99594,5.0,62,391313,73,0.0120436,,True
562.99595,5.11,252,63220,59,0.0279912,,True
562.99596,5.0,121,265586,95,0.0128053,,True
562.99597,5.22,142,258124,131,0.0176116,,True
562.99598,5.06,140,202436,73,0.0119886,,True
562.99599,4.69,118,175767,10230,0.0327971,,True
562.99600,5.02,84,316636,136,0.013541,,True
562.99601,5.3,156,222972,69,0.0325113,,True
562.99602,5.22,118,268293,95,0.0125593,,True
562.99603,4.97,86,141031,453,0.0330857,,True
562.99604,5.13,125,232962,95,0.0133303,,True
562.99605,4.72,102,205823,410,0.0334316,,True
562.99606,5.11,91,352474,2619,0.0136348,,True
562.99607,5.19,98,163940,95,0.0134574,,True
562.99608,5.09,115,202436,73,0.0120941,,True
562.99609,4.86,149,90436,399,0.034036,,True
562.99610,5.18,145,179512,14,0.0138885,,True
562.99611,5.36,210,182718,1057,0.0130734,,True
562.99612,4.64,92,126719,10,0.0325219,,True
562.99613,4.93,59,361692,538,0.0158062,,True
562.99614,5.28,214,114951,69,0.0321972,,True
562.99615,5.07,110,294525,95,0.0134574,,True
562.99616,5.04,88,278594,127,0.0113707,,True
562.99617,4.89,186,101227,10289,0.0331718,,True
562.99618,5.08,164,159294,95,0.0132233,,True
562.99619,5.4,140,157815,69,0.0334751,,True
562.99620,5.08,44,384149,998,0.00356038,,True
562.99621,5.1,123,193974,38,0.030875,,True
562.99622,5.08,184,268225,95,0.0132719,,True
562.99623,5.0,119,327767,141,0.00546707,,True
562.99624,5.1,168,135282,10239,0.0339473,,True
562.99625,4.87,59,380963,88,0.0330964,,True
562.99626,5.11,88,360027,95,0.013006,,True
562.99627,5.06,140,115162,453,0.0328503,,True
562.99628,5.1,69,246138,1406,0.0314877,,True
562.99629,5.13,129,283900,131,0.0161139,,True
562.99630,5.19,100,313133,131,0.0174527,,True
562.99631,5.34,154,155899,2003,0.0320104,,True
562.99632,5.26,128,209816,648,0.0290118,,True
562.99633,5.32,113,209185,131,0.0165778,,True
562.99634,4.91,102,269713,131,0.0165383,,True
562.99635,5.14,133,201833,69,0.0315792,,True
562.99636,4.92,147,108947,58,0.0343486,,True
562.99637,5.03,96,237085,1193,0.0140039,,True
562.99638,5.17,93,177619,69,0.032861,,True
562.99639,4.92,61,244063,1228,0.0316098,,True
562.99640,5.02,66,371124,1643,0.0130205,,True
562.99641,5.22,178,213894,73,0.0126205,,True
562.99642,5.06,164,168934,38,0.0306573,,True
562.99643,4.97,111,345229,73,0.0117655,,True
562.99644,5.09,138,170021,131,0.0172948,,True
562.99645,5.14,91,211897,131,0.0173181,,True
562.99646,4.86,128,133292,155,0.034371,,True
562.99647,5.19,236,136682,75,0.0328077,,True
562.99648,5.33,169,196076,14,0.0141199,,True
562.99649,5.07,123,264184,73,0.0132378,,True
562.99650,5.02,76,276180,991,0.0321972,,True
562.99651,4.98,144,154159,58,0.0339583,,True
562.99652,4.92,114,192450,297,0.0335405,,True
562.99653,5.1,76,357941,95,0.0130975,,True
562.99654,4.74,81,165550,10,0.0337377,,True
562.99656,5.14,111,287448,10295,0.0133742,,True
562.99657,4.8,79,184854,131,0.0157626,,True
562.99658,5.02,96,221305,108,0.0320104,,True
562.99659,5.12,90,292989,429,0.0165214,,True
562.99660,5.28,238,196106,404,0.0143793,,True
562.99661,5.24,194,105486,62,0.0279465,,True
562.99662,5.05,132,206172,73,0.0115178,,True
562.99663,5.07,82,170618,69,0.0313156,,True
562.99664,5.03,40,625565,141,0.00427662,,True
562.99665,4.69,69,226254,10,0.0325219,,True
562.99666,5.11,115,215629,14,0.0138735,,True
562.99667,4.96,87,361394,73,0.0125593,,True
562.99669,4.93,56,521148,104,0.0116345,,True
562.99670,5.14,198,149082,117,0.0256636,,True
562.99671,5.24,120,175636,12,0.0122604,,True
562.99672,5.24,194,113023,62,0.0280181,,True
562.99673,5.3,80,250351,224,0.0343486,,True
562.99674,5.3,168,218070,14,0.0139586,,True
562.99675,5.06,107,333974,95,0.0129389,,True
562.99676,5.05,86,261807,117,0.02477,,True
562.99677,4.75,35,716063,104,0.0113751,,True
562.99678,5.15,161,111798,453,0.032564,,True
562.99679,4.73,69,188329,676,0.0154811,,True
562.99680,5.01,125,265790,95,0.0127577,,True
562.99681,5.06,114,156310,131,0.016623,,True
562.99682,4.8,84,162826,2522,0.0327121,,True
562.99683,5.13,119,362166,73,0.0121402,,True
562.99684,5.07,109,246006,131,0.0173999,,True
562.99685,4.95,131,271947,1333,0.0127245,,True
562.99686,4.97,185,96213,10292,0.0341249,,True
562.99687,5.28,129,253986,131,0.0163028,,True
562.99688,5.07,65,358047,95,0.0128386,,True
562.99689,5.03,56,455542,95,0.0127245,,True
562.99690,5.15,162,222967,73,0.0122697,,True
562.99691,4.69,89,195285,388,0.0323224,,True
562.99692,5.05,95,233957,131,0.0168048,,True
562.99693,5.13,92,210068,10235,0.0340693,,True
562.99694,5.08,121,225971,73,0.0120069,,True
562.99695,5.0,248,72215,10,0.0326697,,True
562.99696,5.02,116,227152,73,0.0118108,,True
562.99697,5.18,122,222769,73,0.0117157,,True
562.99698,5.0,43,313675,131,0.0155997,,True
562.99699,4.95,145,125084,10266,0.0319277,,True
562.99700,5.12,269,59841,59,0.027742,,True
562.99701,5.43,131,209199,131,0.0182039,,True
562.99702,5.22,173,163484,131,0.0175349,,True
562.99703,5.14,174,96863,59,0.0279109,,True
562.99704,5.31,97,314145,12,0.0111849,,True
562.99705,4.63,78,173617,398,0.0313661,,True
562.99706,5.25,125,161946,38,0.0315385,,True
562.99707,5.35,126,298900,648,0.0289376,,True
562.99708,5.03,128,222767,73,0.0115851,,True
562.99709,5.16,104,361378,73,0.0123953,,True
562.99710,5.24,125,152770,69,0.0327333,,True
562.99711,5.16,142,268274,95,0.013541,,True
562.99712,5.05,81,345289,73,0.0124561,,True
562.99713,5.12,69,317608,131,0.0161915,,True
562.99714,5.27,127,198631,131,0.0176648,,True
562.99715,5.05,95,208537,131,0.0164259,,True
562.99716,5.11,106,339637,73,0.0119383,,True
562.99717,4.93,47,738098,357,0.0153684,,True
562.99718,5.12,81,405604,1011,0.0340804,,True
562.99719,5.09,110,278595,127,0.0115447,,True
562.99720,5.25,81,315384,393,0.0323643,,True
562.99721,5.3,126,206729,131,0.0169249,,True
562.99722,5.02,92,331890,80,0.0122743,,True
562.99723,4.56,80,155180,4038,0.0323434,,True
562.99724,5.38,146,150098,38,0.0323434,,True
562.99725,5.41,121,209815,648,0.0294423,,True
562.99726,5.3,111,213249,648,0.0286612,,True
562.99727,4.94,92,246032,131,0.0166457,,True
562.99728,4.69,53,379679,5644,0.0110051,,True
562.99729,5.21,147,155541,38,0.031508,,True
562.99730,4.86,103,170369,1086,0.0327121,,True
562.99731,5.31,149,153213,69,0.0318351,,True
562.99732,5.01,121,110682,1882,0.0317734,,True
562.99733,5.43,125,208746,648,0.0295462,,True
562.99734,5.12,123,232335,73,0.0122141,,True
562.99735,5.2,135,198104,1993,0.00480339,,True
562.99736,5.13,92,245485,12,0.0118244,,True
562.99737,5.5,136,136661,69,0.0333556,,True
562.99738,4.68,25,570160,1236,0.0147353,,True
562.99739,5.03,87,192795,131,0.0165722,,True
562.99740,5.19,100,275260,372,0.01192,,True
562.99741,4.84,72,357860,95,0.0118744,,True
562.99742,4.99,82,215959,131,0.0164371,,True
562.99743,5.08,108,230316,131,0.0170918,,True
562.99744,5.12,85,456736,95,0.0131458,,True
562.99745,4.9,131,89263,399,0.0347669,,True
562.99746,5.08,140,234046,73,0.0119063,,True
562.99747,5.35,149,110151,69,0.0331502,,True
562.99748,4.96,66,345112,73,0.0120482,,True
562.99749,4.85,113,134449,58,0.0334098,,True
562.99750,5.07,114,174500,117,0.0251767,,True
562.99751,4.99,69,240088,131,0.0164259,,True
562.99752,5.12,81,456745,95,0.0131458,,True
562.99753,4.99,73,240088,131,0.0164315,,True
562.99754,5.17,121,181985,38,0.0310244,,True
562.99755,5.02,81,237085,1193,0.0139235,,True
562.99756,4.64,78,235920,1432,0.0326591,,True
562.99757,5.2,134,278420,127,0.0120573,,True
562.99758,5.36,127,131572,69,0.0331718,,True
562.99759,5.29,172,221388,14,0.0144408,,True
562.99760,5.15,92,359841,95,0.0132087,,True
562.99761,5.11,124,274113,95,0.0130157,,True
562.99762,4.89,73,234690,73,0.0124607,,True
562.99763,5.21,180,109569,62,0.0276359,,True
562.99764,5.07,87,222053,1193,0.0140492,,True
562.99765,5.22,159,170142,69,0.0320829,,True
562.99766,5.21,163,196942,10275,0.0126205,,True
562.99767,5.06,65,314171,2619,0.0129102,,True
562.99768,4.85,78,189386,1146,0.0337927,,True
562.99769,5.12,115,281995,95,0.0131023,,True
562.99770,5.12,81,357920,95,0.0130445,,True
562.99771,4.84,113,134333,58,0.0334207,,True
562.99772,5.07,100,284852,959,0.0115941,,True
562.99773,5.18,90,266633,80,0.012228,,True
562.99774,5.14,136,295953,95,0.0130879,,True
562.99775,5.12,67,355546,95,0.013006,,True
562.99776,5.1,111,286895,127,0.01177,,True
562.99777,4.74,141,83651,216,0.033399,,True
562.99778,5.13,149,206173,73,0.0125499,,True
562.99779,5.12,85,314432,69,0.0329785,,True
562.99780,5.13,123,197314,69,0.0320104,,True
562.99781,4.91,96,294729,131,0.0165665,,True
562.99782,5.0,77,244213,550,0.0128291,,True
562.99783,5.2,178,202436,73,0.0125264,,True
562.99784,5.23,206,170033,73,0.0132767,,True
562.99785,4.85,80,199254,349,0.0306573,,True
562.99786,5.05,143,126626,295,0.033486,,True
562.99787,4.92,97,114326,58,0.0335514,,True
562.99788,4.92,91,393420,428,0.0159266,,True
562.99789,5.06,128,213302,421,0.0130734,,True
562.99790,5.15,80,358107,95,0.013267,,True
562.99791,5.21,148,156811,117,0.025217,,True
562.99792,5.13,98,225972,73,0.0123022,,True
562.99793,5.09,68,366896,104,0.0124701,,True
562.99794,5.16,117,288044,73,0.0124514,,True
562.99795,5.08,92,269713,131,0.0175526,,True
562.99796,5.21,136,176493,38,0.0315894,,True
562.99797,5.14,43,346251,83,0.0170629,,True
562.99798,5.09,151,190162,73,0.0122233,,True
562.99799,5.05,128,206904,73,0.012414,,True
562.99800,5.17,150,246032,131,0.0176589,,True
562.99801,5.0,83,227666,1193,0.0137986,,True
562.99802,5.24,70,317608,131,0.0162693,,True
562.99803,5.12,98,345284,73,0.0118199,,True
562.99804,5.14,97,278595,127,0.0118471,,True
562.99805,5.06,76,309893,127,0.0120711,,True
562.99806,5.16,86,315384,393,0.031794,,True
562.99807,5.06,190,119896,10,0.0330535,,True
562.99808,5.31,134,239955,404,0.0148291,,True
562.99809,5.1,134,336426,141,0.00561864,,True
562.99810,5.06,125,206164,73,0.0117927,,True
562.99811,5.12,94,268694,141,0.00562195,,True
562.99812,5.11,156,169153,73,0.0124561,,True
562.99813,5.12,68,456745,95,0.0131458,,True
562.99814,5.06,79,365448,73,0.0125781,,True
562.99815,5.09,96,216620,69,0.03162,,True
562.99816,5.16,93,254797,83,0.0162861,,True
562.99817,5.12,86,281989,95,0.013199,,True
562.99818,4.76,101,232757,10,0.0339141,,True
562.99819,5.02,71,314154,12,0.0115402,,True
562.99820,4.95,57,252188,2015,0.0112113,,True
562.99821,5.13,122,172690,101,0.0319381,,True
562.99822,4.75,56,750339,428,0.0148553,,True
562.99823,4.8,50,733838,135,0.00987563,,True
562.99824,5.04,92,268255,95,0.010918,,True
562.99825,5.18,89,221822,1193,0.0145747,,True
562.99826,5.25,147,205155,73,0.0134133,,True
562.99827,4.75,30,738106,357,0.0149076,,True
562.99828,4.97,91,278595,127,0.0111365,,True
562.99829,4.89,83,320998,131,0.0164764,,True
562.99830,5.31,88,197697,354,0.028524,,True
562.99831,4.76,64,188428,676,0.0160531,,True
562.99832,5.11,86,357873,95,0.013112,,True
562.99833,5.32,206,202954,12,0.0127435,,True
562.99834,5.32,181,105951,405,0.0321244,,True
562.99835,5.09,158,239718,131,0.017225,,True
562.99836,5.13,61,354950,95,0.0129198,,True
562.99837,4.6,81,134255,361,0.0328823,,True
562.99838,4.74,48,356360,2766,0.0327652,,True
562.99839,5.4,78,323257,95,0.0140039,,True
562.99840,5.02,109,239955,73,0.0122882,,True
562.99841,4.93,88,166483,162,0.0332365,,True
562.99842,5.02,83,214978,131,0.0165271,,True
562.99843,5.16,126,212575,73,0.0126914,,True
562.99844,5.13,76,245760,131,0.0162749,,True
562.99845,5.32,195,203644,80,0.0130734,,True
562.99846,4.85,39,557504,1642,0.0330427,,True
562.99847,5.07,73,315390,393,0.0318659,,True
562.99848,5.08,100,204145,69,0.0313964,,True
562.99849,5.04,164,104651,10223,0.0326274,,True
562.99850,4.79,52,589786,978,0.012663,,True
562.99851,5.08,119,232651,127,0.0119931,,True
562.99852,5.04,112,203061,69,0.0311044,,True
562.99853,5.22,124,180654,69,0.0325113,,True
562.99854,5.12,116,362155,73,0.0117927,,True
562.99855,4.83,66,316874,136,0.0127625,,True
562.99856,5.2,122,192319,95,0.0136348,,True
562.99857,5.11,194,230096,14,0.0150022,,True
562.99858,5.06,89,310895,12,0.011657,,True
562.99859,5.23,106,190808,131,0.0164652,,True
562.99860,4.88,114,137751,10,0.0337597,,True
562.99861,5.01,92,247066,69,0.0306474,,True
562.99862,5.27,114,204590,131,0.0167991,,True
562.99863,5.13,208,91345,10,0.033161,,True
562.99864,5.09,99,268225,95,0.0133449,,True
562.99865,5.09,85,237304,12,0.0129341,,True
562.99866,5.14,135,234333,73,0.0120436,,True
562.99867,5.22,117,214685,2308,0.03471,,True
562.99868,5.07,96,252509,95,0.0129916,,True
562.99869,5.23,200,168047,127,0.0127245,,True
562.99870,5.19,123,213261,73,0.012734,,True
562.99871,4.99,65,330807,1155,0.0166004,,True
562.99872,5.29,126,159897,31,0.0327971,,True
562.99873,4.89,63,380415,109,0.0330964,,True
562.99874,5.01,82,342941,352,0.011657,,True
562.99875,5.36,234,221388,14,0.0147145,,True
562.99876,5.33,239,133835,405,0.0314877,,True
562.99877,4.91,46,357873,95,0.0123906,,True
562.99878,4.93,118,160400,410,0.0333881,,True
562.99879,4.81,161,82490,1316,0.0338809,,True
562.99880,5.1,103,349063,73,0.0118881,,True
562.99881,4.94,144,104634,453,0.0329143,,True
562.99882,5.01,102,169604,131,0.0171033,,True
562.99883,5.28,160,209654,73,0.0128577,,True
562.99884,5.04,112,249126,131,0.0170745,,True
562.99885,4.94,73,320474,4566,0.0330964,,True
562.99886,4.87,72,316874,136,0.0128005,,True
562.99887,5.14,96,268912,372,0.0128338,,True
562.99888,5.23,268,63220,59,0.0283694,,True
562.99889,5.25,109,339538,12,0.01177,,True
562.99890,5.15,80,311761,127,0.0119657,,True
562.99891,5.26,233,106184,2020,0.032312,,True
562.99892,4.81,191,78175,773,0.031671,,True
562.99893,5.25,115,332963,95,0.012791,,True
562.99894,5.19,117,156225,69,0.0320933,,True
562.99895,5.09,67,357760,95,0.0130301,,True
562.99896,5.16,82,287853,393,0.0317734,,True
562.99897,5.1,114,203754,95,0.0130686,,True
562.99898,5.16,131,277572,73,0.0119474,,True
562.99899,5.24,203,202436,73,0.0125358,,True
562.99900,4.98,104,345283,73,0.0113796,,True
562.99901,5.08,83,235128,390,0.012265,,True
562.99902,5.14,90,278596,127,0.0115806,,True
562.99903,5.08,121,345229,73,0.0117791,,True
562.99904,5.05,158,239678,131,0.0169192,,True
562.99905,4.98,149,121021,405,0.0303826,,True
562.99906,4.97,108,247874,73,0.0120987,,True
562.99907,5.13,118,146115,69,0.0315181,,True
562.99908,4.96,90,329596,91,0.0153898,,True
562.99909,5.07,120,232116,14,0.0136397,,True
562.99910,5.1,124,221440,73,0.0124093,,True
562.99911,4.98,88,358036,95,0.0126914,,True
562.99912,5.05,115,370410,12,0.011612,,True
562.99913,5.28,93,385561,372,0.0115089,,True
562.99914,5.07,126,283624,550,0.0131506,,True
562.99915,5.12,135,252570,73,0.0120941,,True
562.99916,5.14,64,424538,95,0.0131265,,True
562.99917,5.24,121,190807,131,0.0171554,,True
562.99918,5.02,85,315380,73,0.0124373,,True
562.99919,5.05,104,194907,5614,0.033486,,True
562.99920,4.97,127,293352,88,0.0328823,,True
562.99921,4.95,76,235952,297,0.0337487,,True
562.99922,5.16,125,287632,73,0.01192,,True
562.99923,4.86,51,352185,706,0.0129054,,True
562.99924,5.1,65,281995,10411,0.013199,,True
562.99925,5.04,80,314043,12,0.0113707,,True
562.99926,5.19,142,125295,405,0.0311445,,True
562.99927,5.05,81,276425,131,0.0167649,,True
562.99928,5.3,147,162663,69,0.0329143,,True
562.99929,5.05,92,221822,1193,0.0138435,,True
562.99930,5.18,69,281746,95,0.0132281,,True
562.99931,4.84,126,205823,410,0.0341138,,True
562.99932,5.38,162,266623,-,0.0133449,,True
562.99933,5.04,134,268250,95,0.0128481,,True
562.99934,5.07,142,206174,73,0.0119977,,True
562.99935,5.16,83,351409,141,0.00554599,,True
562.99936,5.09,97,173576,131,0.0167991,,True
562.99937,4.94,72,593100,104,0.0118108,,True
562.99938,5.14,83,241286,131,0.0173181,,True
562.99939,4.97,183,89029,773,0.0323853,,True
562.99940,5.21,140,241231,12,0.012279,,True
562.99941,5.07,141,201846,69,0.0312249,,True
562.99942,4.83,86,339778,38,0.0312954,,True
562.99943,4.96,63,593945,104,0.0117881,,True
562.99944,4.83,120,151654,10,0.0332581,,True
562.99945,5.3,137,191148,131,0.0178133,,True
562.99946,5.24,150,190808,131,0.0176057,,True
562.99947,5.13,121,206593,69,0.0315996,,True
562.99948,5.17,101,202822,131,0.0171496,,True
562.99949,4.87,56,255008,1674,0.0279733,,True
562.99950,5.22,68,406511,998,0.00461459,,True
562.99951,5.2,101,243712,12,0.0135311,,True
562.99952,5.05,80,359976,95,0.0128672,,True
562.99953,5.29,163,234843,73,0.0126441,,True
562.99954,4.99,119,262619,127,0.0114152,,True
562.99955,5.08,93,263374,131,0.0158499,,True
562.99956,5.19,111,152751,38,0.0314572,,True
562.99957,4.89,118,194615,95,0.0126111,,True
562.99958,4.94,150,158313,10283,0.0340471,,True
562.99959,5.1,158,285794,73,0.0118608,,True
562.99960,4.89,188,80849,409,0.0335296,,True
562.99961,4.99,103,213122,421,0.0127245,,True
562.99962,5.09,82,357774,141,0.0049049,,True
562.99963,5.13,88,358043,95,0.0130397,,True
562.99964,5.08,104,245703,73,0.0123906,,True
562.99965,5.04,101,284786,961,0.0113707,,True
562.99966,4.89,57,338604,136,0.0133596,,True
562.99967,5.04,68,352394,95,0.0128624,,True
562.99968,4.88,73,300712,109,0.0333773,,True
562.99969,5.31,201,169910,73,0.013719,,True
562.99970,5.08,97,181241,14,0.0133303,,True
562.99971,5.28,128,152162,69,0.0334642,,True
562.99972,4.98,87,350240,12,0.0113751,,True
562.99973,5.22,202,169910,73,0.0133108,,True
562.99974,5.1,113,362768,73,0.0118108,,True
562.99975,5.04,221,64161,59,0.027539,,True
562.99976,5.04,104,239678,131,0.0170456,,True
562.99977,4.84,111,134333,58,0.0334098,,True
562.99978,5.24,162,179796,14,0.0140441,,True
562.99979,5.44,172,126646,57,0.0344048,,True
562.99980,5.12,235,63219,59,0.0279644,,True
562.99981,5.37,178,99499,405,0.0323224,,True
562.99982,5.21,96,286218,95,0.0135115,,True
562.99983,5.25,154,182199,73,0.0122743,,True
562.99984,5.18,156,218064,73,0.0125828,,True
562.99985,5.09,134,220981,69,0.032166,,True
562.99986,5.15,84,241062,69,0.0320104,,True
562.99987,4.73,89,330757,28,0.0133205,,True
562.99988,5.25,137,172867,73,0.0133645,,True
562.99989,4.99,87,202436,73,0.0122604,,True
562.99990,4.74,89,127426,218,0.0330535,,True
562.99991,5.23,203,202435,73,0.0132816,,True
562.99992,5.12,102,204145,69,0.0315283,,True
562.99993,5.25,125,256157,14,0.0142162,,True
562.99994,4.99,86,338589,136,0.0124888,,True
562.99995,5.19,141,156069,69,0.0319071,,True
562.99996,5.2,149,170142,69,0.0321556,,True
562.99997,5.17,107,203644,80,0.013267,,True
562.99998,4.81,57,265982,372,0.0123627,,True
562.99999,4.99,44,601547,10237,0.0117112,,True
562.104196,5.12,174,130990,131,0.017138,,True
562.104197,5.09,165,130974,131,0.0172192,,True
562.104199,5.42,245,123707,131,0.0175349,,True
562.104200,5.01,202,128249,131,0.0168276,,True
562.104201,5.02,364,77146,617,0.0342589,,True
562.104202,4.99,160,115843,131,0.0164539,,True
562.104203,5.09,179,138935,131,0.0167934,,True
562.104204,5.24,292,125043,131,0.0170687,,True
562.104205,5.46,353,99928,38,0.0321868,,True
562.104206,5.1,160,124330,131,0.0172715,,True
562.104207,5.16,215,110567,131,0.0172599,,True
562.104208,5.09,214,124330,131,0.0171033,,True
562.104209,5.16,174,128738,131,0.0171728,,True
562.104210,5.02,213,131350,38,0.0303826,,True
562.104211,5.2,215,123738,131,0.0177063,,True
562.104212,4.98,240,83322,58,0.0336499,,True
562.104213,4.83,278,86101,1488,0.0326803,,True
562.104214,4.89,197,101586,10,0.0328823,,True
562.104215,5.13,199,113572,1193,0.0143998,,True
562.104216,5.37,220,138936,131,0.0172541,,True
562.104217,5.31,227,117505,131,0.017086,,True
562.104218,5.14,172,124332,131,0.0174292,,True
562.104219,4.92,178,187993,589,0.0154972,,True
562.104220,5.04,155,130986,131,0.016657,,True
562.104221,5.57,399,111029,38,0.0331718,,True
562.104222,4.95,142,126163,131,0.0166117,,True
562.104223,5.12,162,115729,131,0.0173473,,True
562.104224,5.3,211,124328,131,0.0177895,,True
562.104225,5.01,149,138917,1193,0.013714,,True
562.104226,5.14,167,124332,131,0.0174468,,True
562.104227,5.17,216,115872,648,0.0287346,,True
562.104228,5.11,177,123667,131,0.0170053,,True
562.104229,4.91,213,126717,131,0.0172308,,True
562.104230,5.13,178,115843,131,0.0174585,,True
562.104231,5.31,284,124983,2003,0.0318351,,True
562.10576,5.21,84,208790,457,0.0290396,,True
562.140680,4.7,203,60545,10,0.033486,,True
562.140682,5.07,134,177142,648,0.0281167,,True
562.140683,4.96,213,49002,2064,0.035893,,True
562.140684,4.99,296,53234,167,0.0340693,,True
562.140685,5.16,184,88087,101,0.0329357,,True
562.140686,4.67,129,103417,10,0.033486,,True
562.140687,4.49,74,117663,9417,0.0819654,size outside 4.5-6.0 Mb,False
562.140688,5.06,195,73846,69,0.031671,,True
562.140689,4.85,153,92608,542,0.0332906,,True
562.140690,5.34,194,168066,1485,0.029414,,True
562.140691,5.1,105,217423,131,0.016197,,True
562.140692,5.19,225,49780,155,0.0349841,,True
562.140710,5.19,178,177491,73,0.0122929,,True
562.140711,5.14,120,185983,69,0.0322076,,True
562.140712,5.22,180,128138,69,0.0327121,,True
562.140713,5.15,161,172815,131,0.0173006,,True
562.140714,5.12,217,118690,10,0.0336389,,True
562.140715,5.08,74,307803,131,0.015954,,True
562.140716,5.2,130,229931,73,0.0125734,,True
562.140717,4.75,106,124351,155,0.0331395,,True
562.140718,4.75,109,124536,155,0.0331395,,True
562.140719,4.92,93,207644,38,0.0317017,,True
562.140720,5.25,234,169030,73,0.012734,,True
562.140721,5.21,181,184508,73,0.0125311,,True
562.140722,5.0,180,81879,1638,0.0345513,,True
562.140723,5.04,136,143940,349,0.0314674,,True
562.140724,4.96,273,77335,378,0.03454,,True
562.140725,4.72,202,60495,216,0.0335405,,True
562.140726,4.8,92,182807,58,0.0326803,,True
562.140727,5.05,143,296253,80,0.0119063,,True
562.140728,4.91,207,63220,59,0.0280718,,True
562.140729,5.21,145,360065,95,0.013541,,True
562.140730,5.18,130,244173,69,0.0321348,,True
562.140731,5.19,133,201156,648,0.0286062,,True
562.140732,5.17,184,197892,69,0.0323643,,True
562.140733,5.27,139,235841,404,0.0144562,,True
562.140734,5.25,153,242691,80,0.0130589,,True
562.140735,5.21,152,161224,131,0.0175585,,True
562.140736,5.12,220,155655,131,0.0174233,,True
562.140737,5.29,154,166802,362,0.0322389,,True
562.140738,4.5,106,88638,8158,0.0820981,not E. coli (Mash distance > 0.05),False
562.140739,5.06,142,141735,10,0.0341138,,True
562.140740,5.04,166,190911,648,0.0287254,,True
562.140741,5.11,88,286675,127,0.0117157,,True
562.140742,5.2,224,111156,10,0.0329143,,True
562.140743,4.97,177,184569,131,0.0178431,,True
562.140744,5.0,95,180325,69,0.0325746,,True
562.140745,4.87,86,154230,1308,0.0332041,,True
562.140746,4.72,109,143182,744,0.0333122,,True
562.140747,5.14,92,357949,95,0.0133303,,True
562.140748,5.27,125,186251,69,0.0329143,,True
562.140749,4.96,104,282256,428,0.0160752,,True
562.140750,4.76,146,95813,216,0.0340582,,True
562.140751,4.8,168,140625,-,0.0327333,,True
562.140752,4.68,90,187104,847,0.0325957,,True
562.140753,5.2,154,106575,69,0.0326486,,True
562.140754,5.12,162,93907,69,0.0319897,,True
562.140755,5.07,80,255088,69,0.0308849,,True
562.140756,5.13,100,365615,127,0.0125311,,True
562.140757,4.93,120,238835,141,0.00501979,,True
562.140758,4.47,115,127600,10898,0.066471,size outside 4.5-6.0 Mb,False
562.140759,4.92,62,324688,104,0.0116706,,True
562.140760,4.76,183,76167,773,0.0319587,,True
562.140761,5.07,158,206584,73,0.0128053,,True
562.140762,5.08,71,282591,1193,0.0140492,,True
562.140763,5.08,161,130546,117,0.0250965,,True
562.140764,5.07,138,272808,73,0.0120573,,True
562.140765,5.05,119,154643,58,0.0327971,,True
562.140766,5.11,210,152109,69,0.0322806,,True
562.140767,4.81,109,193252,1193,0.0146626,,True
562.140768,4.97,65,301842,567,0.0119063,,True
562.140769,5.23,257,136606,69,0.0327121,,True
562.140770,5.06,81,230411,73,0.012517,,True
562.140771,5.08,108,215960,131,0.0169708,,True
562.140772,5.19,146,223195,73,0.0128529,,True
562.140773,5.14,94,262450,127,0.0112025,,True
562.140774,4.77,130,151419,448,0.0331502,,True
562.140775,5.23,150,155558,69,0.032861,,True
562.140776,4.92,103,366686,73,0.0116345,,True
562.140777,4.67,125,103096,1429,0.0330857,,True
562.140779,4.73,170,72082,10,0.0332906,,True
562.140780,4.81,138,93613,1434,0.0339694,,True
562.140781,5.06,204,166123,795,0.0341472,,True
562.140782,5.08,140,225797,73,0.0125687,,True
562.140783,5.15,167,169549,73,0.0122326,,True
562.140784,5.19,243,112691,405,0.0322389,,True
562.140785,4.91,142,150097,38,0.0315181,,True
562.140786,5.16,163,231731,73,0.0127672,,True
562.140787,4.93,71,277688,538,0.0160476,,True
562.140788,4.99,156,165877,38,0.0305098,,True
562.140789,5.02,102,225566,131,0.0170976,,True
562.140790,4.92,111,198859,91,0.0153257,,True
562.140791,4.63,86,206524,683,0.0334424,,True
562.140792,5.04,113,346920,141,0.00509679,,True
562.140793,5.03,118,286894,2013,0.0115941,,True
562.140794,4.86,95,227915,88,0.0331179,,True
562.140795,5.29,117,231194,393,0.0326168,,True
562.140796,4.88,66,411463,95,0.0118199,,True
562.140797,5.07,101,190808,131,0.0167194,,True
562.140798,5.35,170,202436,73,0.0131458,,True
562.140799,5.07,125,185790,95,0.0131361,,True
562.140800,4.82,191,103778,761,0.0329464,,True
562.140801,5.01,92,504559,357,0.0158444,,True
562.140802,5.07,103,199828,70,0.0314471,,True
562.140803,5.1,136,387962,83,0.0155673,,True
562.140804,5.2,139,204229,131,0.0174116,,True
562.140805,5.28,296,79127,33,0.0353071,,True
562.140806,5.04,135,207843,69,0.0318556,,True
562.140807,5.08,114,307149,73,0.0122094,,True
562.140808,5.13,116,265907,1828,0.0125687,,True
562.140809,4.76,78,205722,973,0.0315181,,True
562.140810,5.29,191,133234,69,0.0324062,,True
562.140811,4.76,80,275189,180,0.0333014,,True
562.140812,5.06,174,176305,648,0.0280002,,True
562.140813,5.36,219,110244,405,0.0317632,,True
562.140814,5.21,199,196076,14,0.0144665,,True
562.140815,5.18,226,167075,12,0.0121632,,True
562.140816,5.23,184,134676,448,0.03454,,True
562.140817,5.11,144,178023,968,0.012228,,True
562.140818,5.15,123,216901,131,0.0172832,,True
562.140819,5.03,139,182108,12,0.0124093,,True
562.140820,5.1,66,355361,95,0.0130397,,True
562.140821,5.11,119,174174,73,0.0135213,,True
562.140822,5.05,89,322834,141,0.00376504,,True
562.140823,4.85,99,245783,-,0.0119703,,True
562.140916,4.85,133,136345,1284,0.0337817,,True
562.140917,5.12,141,107491,453,0.0332041,,True
562.140920,5.14,142,163718,131,0.0172832,,True
562.140921,4.7,107,183831,410,0.0332689,,True
562.140922,4.66,93,183831,410,0.0333014,,True
562.140923,5.05,139,169864,88,0.0335624,,True
562.140924,5.13,170,121756,131,0.0172832,,True
562.140925,5.03,145,156524,88,0.0335733,,True
562.140926,4.96,165,116352,10,0.0332797,,True
562.140927,5.25,175,192301,354,0.0278841,,True
562.140928,5.25,182,173175,354,0.0278841,,True
562.140929,5.08,164,131468,405,0.0318762,,True
562.140930,4.86,112,177161,10,0.0337707,,True
562.140931,5.32,151,195116,131,0.0171033,,True
562.140932,4.92,123,131541,10,0.0336389,,True
562.140933,5.18,218,136987,167,0.034574,,True
562.140934,5.15,110,229815,131,0.0172599,,True
562.140935,4.98,101,193171,162,0.0336937,,True
562.140936,5.06,163,91370,361,0.0348696,,True
562.140937,4.96,92,262158,162,0.0335733,,True
562.140938,5.08,114,285126,648,0.0286154,,True
562.140939,4.93,131,136405,1284,0.0342254,,True
562.140940,4.93,159,136948,617,0.0339251,,True
562.140941,5.26,133,228139,648,0.0281437,,True
562.140942,4.98,133,198111,224,0.0330427,,True
562.140943,5.15,167,154209,1056,0.0334424,,True
562.140944,5.1,94,258217,38,0.031794,,True
562.140945,4.73,107,144889,746,0.0322702,,True
562.140946,5.09,123,287481,648,0.0286245,,True
562.140947,4.73,82,139869,10,0.0329143,,True
562.140948,5.13,199,136805,167,0.0343486,,True
562.140949,4.91,144,120827,361,0.0340804,,True
562.140950,5.09,112,352968,648,0.0286062,,True
562.140951,5.37,292,46394,1177,0.0322806,,True
562.140952,4.91,225,58373,10,0.0344385,,True
562.140953,5.04,96,259950,131,0.0169421,,True
562.140954,5.26,277,46567,68,0.0323329,,True
562.140955,5.12,526,18086,68,0.0324272,over 500 contigs (too fragmented),False
562.140956,5.15,275,36502,131,0.0176648,,True
562.140957,5.0,368,25886,131,0.0172773,,True
562.140958,4.99,535,15576,354,0.0288451,over 500 contigs (too fragmented),False
562.140959,4.84,745,9832,-,0.0183254,over 500 contigs (too fragmented),False
562.140960,5.38,300,41506,405,0.0328823,,True
562.140961,5.21,145,225500,131,0.0164933,,True
562.140962,4.91,134,129557,3024,0.0328716,,True
562.140963,4.96,95,140757,131,0.0167763,,True
562.140965,5.37,298,40614,1177,0.0323958,,True
562.140966,4.92,154,127634,410,0.0324903,,True
562.140967,5.03,192,78267,602,0.0338037,,True
562.140968,5.15,323,35155,131,0.0176116,,True
562.140969,5.05,315,44979,10,0.0341249,,True
562.140970,5.15,319,30235,131,0.0177835,,True
562.140971,4.24,1136,5088,-,0.0365875,size outside 4.5-6.0 Mb,False
562.140972,5.08,265,113792,56,0.0335842,,True
562.140973,5.07,139,214351,23,0.0341695,,True
562.140974,5.11,175,109502,405,0.032166,,True
562.140975,5.04,120,129800,131,0.0170514,,True
562.140976,5.14,126,293276,88,0.0337487,,True
562.140977,5.08,207,149786,38,0.0312148,,True
562.140978,4.97,301,71920,10,0.033399,,True
562.140979,4.94,208,46333,131,0.0172482,,True
562.140980,5.07,136,99693,131,0.0171033,,True
562.140981,5.1,219,43171,131,0.0172715,,True
562.140982,5.09,259,144304,56,0.0335842,,True
562.140983,4.64,88,149145,9028,0.0322285,,True
562.140984,4.98,310,29420,-,0.0169651,,True
562.140985,5.0,95,135903,354,0.0279912,,True
562.140986,5.21,108,209196,131,0.0173531,,True
562.140987,5.1,124,138727,131,0.0169134,,True
562.140988,5.17,125,161146,131,0.0174879,,True
562.140989,4.9,177,62842,58,0.0335624,,True
562.140990,4.92,135,104407,23,0.0338037,,True
562.140991,5.17,149,123597,131,0.0175114,,True
562.140992,5.03,377,24696,2003,0.0313257,,True
562.140993,4.94,365,29755,381,0.0338588,,True
562.140994,5.1,178,89694,7358,0.0320207,,True
562.140995,5.2,170,239602,131,0.0178073,,True
562.140996,5.09,110,180665,131,0.0176648,,True
562.140997,5.07,152,111697,58,0.0335187,,True
562.140998,5.2,603,14782,648,0.0289006,over 500 contigs (too fragmented),False
562.140999,3.77,1468,2932,-,0.0362382,size outside 4.5-6.0 Mb,False
562.141000,5.04,195,111752,58,0.0333014,,True
562.141001,5.55,287,59991,7470,0.0348239,,True
562.141002,5.05,513,17344,131,0.0181071,over 500 contigs (too fragmented),False
562.141003,4.96,123,159680,135,0.0122975,,True
562.141004,5.15,122,103622,354,0.0276359,,True
562.141005,4.9,589,14317,354,0.0289098,over 500 contigs (too fragmented),False
562.141006,5.14,154,154653,135,0.0113707,,True
562.141007,4.95,144,113009,58,0.0342254,,True
562.141008,5.1,146,147235,73,0.0117655,,True
562.141009,5.12,319,34701,69,0.0325324,,True
562.141010,5.24,138,180156,141,0.00646494,,True
562.141011,4.73,138,86554,410,0.0336828,,True
562.141012,5.12,162,76902,131,0.0173298,,True
562.141013,5.01,253,51366,648,0.0275566,,True
562.141014,4.8,188,73675,58,0.0333556,,True
562.141015,4.77,152,102653,48,0.0334316,,True
562.141016,5.22,207,74972,73,0.0132184,,True
562.141017,4.64,115,98211,48,0.0329677,,True
562.141018,4.92,148,97976,410,0.0325219,,True
562.141019,4.94,70,240621,2509,0.033617,,True
562.141020,5.38,163,91573,131,0.0174116,,True
562.141021,5.28,198,59673,69,0.0328183,,True
562.141022,5.25,143,121555,131,0.0178133,,True
562.141023,5.21,381,28367,11393,0.0291421,,True
562.141024,5.37,320,39044,405,0.0329892,,True
562.141025,5.23,144,132823,443,0.0348468,,True
562.141026,5.2,121,116552,131,0.0169938,,True
562.141027,4.95,124,293271,88,0.0335187,,True
562.141028,5.3,388,31352,405,0.0325324,,True
562.141029,4.78,271,31949,44,0.0338588,,True
562.141030,5.27,376,29854,88,0.0337377,,True
562.141031,4.96,184,54857,23,0.0330535,,True
562.141032,4.73,290,35851,44,0.0343149,,True
562.141033,4.9,243,40602,648,0.0290862,,True
562.141034,5.51,409,26938,7470,0.0348582,,True
562.141035,5.31,307,86111,1480,0.0340693,,True
562.141036,5.55,276,91220,2141,0.0295936,,True
562.141037,4.98,317,27965,131,0.0167763,,True
562.141038,4.89,103,149506,162,0.0330427,,True
562.141039,4.08,1311,3833,-,0.0341138,size outside 4.5-6.0 Mb,False
562.141040,5.06,197,150357,131,0.016674,,True
562.141041,5.14,793,9623,7470,0.0348696,over 500 contigs (too fragmented),False
562.141042,4.69,534,14237,-,0.0346646,over 500 contigs (too fragmented),False
562.141043,5.05,163,115807,131,0.0169593,,True
562.141044,5.09,229,51368,131,0.0175762,,True
562.141045,5.26,195,109466,131,0.0178969,,True
562.141046,5.04,340,41891,10,0.0327121,,True
562.141047,4.91,178,55875,131,0.0171902,,True
562.141048,4.98,83,300331,224,0.0332797,,True
562.141049,5.01,151,110393,410,0.0336608,,True
562.141050,5.12,331,40977,131,0.0170226,,True
562.141051,4.82,306,39611,167,0.034036,,True
562.141052,5.14,162,130850,131,0.0175408,,True
562.141053,4.94,183,88119,744,0.0346646,,True
562.141054,4.85,351,23557,744,0.034676,,True
562.141055,4.95,174,91569,8954,0.0337047,,True
562.141056,4.69,113,102505,10,0.0321348,,True
562.141057,4.63,190,48967,10,0.0337597,,True
562.141058,5.2,461,21243,69,0.0317427,,True
562.141059,5.16,112,259651,131,0.0177063,,True
562.141060,5.1,177,87610,453,0.0328716,,True
562.141061,4.94,245,40616,448,0.0344385,,True
562.141062,5.03,165,86264,7468,0.0328183,,True
562.141063,4.65,189,69725,46,0.0329571,,True
562.141064,5.15,510,17203,69,0.0327971,over 500 contigs (too fragmented),False
562.141065,5.06,589,15254,69,0.0319794,over 500 contigs (too fragmented),False
562.141066,4.62,231,40182,46,0.0329464,,True
562.141067,5.14,164,102234,131,0.016314,,True
562.141068,4.76,133,95240,361,0.0335078,,True
562.141069,4.99,81,321742,224,0.0333014,,True
562.141070,4.67,487,17291,617,0.0337817,,True
562.141071,4.81,543,14100,131,0.0172308,over 500 contigs (too fragmented),False
562.141072,4.65,180,66386,46,0.0329357,,True
562.141073,4.94,557,15101,69,0.0313762,over 500 contigs (too fragmented),False
562.141074,4.87,180,121917,131,0.0167251,,True
562.141075,4.97,209,46245,131,0.0173765,,True
562.141076,4.63,180,47675,46,0.0329677,,True
562.141077,4.92,613,12772,131,0.0181978,over 500 contigs (too fragmented),False
562.141078,4.46,233,36969,7469,0.0337267,size outside 4.5-6.0 Mb,False
562.141079,4.85,319,30717,90,0.0332041,,True
562.141080,4.99,72,321742,224,0.0333014,,True
562.141081,4.99,424,20453,88,0.0331933,,True
562.141082,4.84,282,34253,155,0.0343149,,True
562.141083,4.78,177,56164,361,0.0335405,,True
562.141084,4.59,132,100450,744,0.0328823,,True
562.141085,5.04,341,28485,10,0.0337047,,True
562.141086,4.78,168,101719,683,0.033399,,True
562.141087,4.97,246,39517,131,0.0179807,,True
562.141088,5.2,287,36283,648,0.0289469,,True
562.141090,4.85,110,185018,155,0.0336061,,True
562.141091,5.01,74,197022,131,0.0167592,,True
562.141092,4.84,73,300552,224,0.0326591,,True
562.141093,5.03,91,237383,131,0.0168562,,True
562.141094,4.99,127,173576,131,0.0165552,,True
562.141095,5.35,184,147480,131,0.017138,,True
562.141096,5.32,129,132463,3564,0.033032,,True
562.141097,5.19,204,116995,648,0.0286245,,True
562.141098,5.25,140,190833,131,0.0183071,,True
562.141099,4.86,178,106193,167,0.0340582,,True
562.141100,4.81,106,106254,1284,0.0342477,,True
562.141101,5.14,108,207383,131,0.017167,,True
562.141102,5.13,128,202822,131,0.0171786,,True
562.141103,4.86,116,162668,10,0.033892,,True
562.141104,5.14,246,50338,59,0.0278574,,True
562.141105,5.1,358,29971,59,0.0276535,,True
562.141106,5.22,117,231179,224,0.0338699,,True
562.141107,5.27,146,159800,131,0.0182767,,True
562.141108,5.07,188,202609,131,0.0170802,,True
562.141109,4.92,122,126902,10,0.032861,,True
562.141110,4.95,692,11068,648,0.029273,over 500 contigs (too fragmented),False
562.141111,5.09,124,186996,648,0.0281347,,True
562.141112,4.91,148,154400,10,0.0337267,,True
562.141113,4.88,138,133406,167,0.0333339,,True
562.141114,5.1,112,168836,131,0.0171265,,True
562.141115,5.06,225,49838,131,0.0169593,,True
562.141116,4.97,215,65991,227,0.0332689,,True
562.141117,5.03,187,57548,131,0.0170629,,True
562.141118,4.82,218,88119,44,0.0337817,,True
562.141119,4.9,157,132263,167,0.0334424,,True
562.141120,5.18,118,190643,131,0.017167,,True
562.141121,5.05,135,104069,744,0.0351452,,True
562.141122,4.79,284,32649,44,0.0340582,,True
562.141123,4.68,188,102651,10,0.0344949,,True
562.141124,4.99,84,300331,224,0.0332906,,True
562.141125,5.13,141,120377,88,0.0327971,,True
562.141126,5.17,206,111485,58,0.0339473,,True
562.141127,5.06,321,28939,131,0.017359,,True
562.141128,5.0,413,22932,11395,0.0341695,,True
562.141129,5.05,208,97720,2025,0.0327758,,True
562.141130,4.75,79,176906,10,0.0334316,,True
562.141131,5.18,77,365947,357,0.0163642,,True
562.141132,4.67,173,84402,2496,0.0329785,,True
562.141133,4.96,65,228091,73,0.0132476,,True
562.141134,5.12,165,124212,131,0.0172366,,True
562.141135,4.96,102,130406,10,0.0346873,,True
562.141136,5.08,185,163615,9030,0.0339251,,True
562.141137,5.0,89,183112,131,0.0164259,,True
562.141138,4.94,291,28689,131,0.0170341,,True
562.141139,5.0,94,181333,3873,0.0331718,,True
562.141140,5.0,102,168984,131,0.0166457,,True
562.141141,4.97,137,135510,58,0.0338588,,True
562.141142,4.66,215,72422,1421,0.0333773,,True
562.141143,4.99,82,321742,224,0.0333122,,True
562.141144,4.82,114,122711,227,0.0338809,,True
562.141145,5.01,105,193171,162,0.0336389,,True
562.141146,4.66,97,152169,48,0.0327864,,True
562.141147,5.0,137,118733,9029,0.0334098,,True
562.141148,4.68,105,136456,48,0.032564,,True
562.141149,4.98,231,39116,3873,0.0333339,,True
562.141150,4.97,135,117929,410,0.0327864,,True
562.141151,5.19,219,151408,448,0.0352376,,True
562.141152,5.07,153,257886,10,0.0339583,,True
562.141153,4.75,117,126140,744,0.0340915,,True
562.141154,5.37,183,138420,131,0.0173648,,True
562.141155,5.0,143,112361,453,0.0325219,,True
562.141156,4.96,157,117971,56,0.0338147,,True
562.141157,4.69,34,431994,-,0.181421,not E. coli (Mash distance > 0.05),False
562.141158,4.82,103,152513,641,0.0338037,,True
562.141159,5.04,95,229656,131,0.017196,,True
562.141160,5.66,234,136450,362,0.0339694,,True
562.141161,4.74,114,125422,167,0.033032,,True
562.141162,5.26,299,79879,93,0.0340804,,True
562.141163,5.04,91,222183,131,0.0166457,,True
562.141164,5.07,141,107132,453,0.0329357,,True
562.141165,4.86,143,102838,44,0.0337267,,True
562.141166,5.7,305,37218,-,0.177011,not E. coli (Mash distance > 0.05),False
562.141167,4.95,217,111811,11430,0.0323958,,True
562.141168,5.03,53,497338,1851,0.0160311,,True
562.141169,4.87,120,125665,744,0.0339362,,True
562.141170,4.94,160,111291,542,0.0332149,,True
562.141171,4.94,143,124560,617,0.0334424,,True
562.141172,5.05,215,103552,10,0.0338699,,True
562.141173,4.97,150,119022,617,0.0336061,,True
562.141174,4.86,62,387747,4119,0.014206,,True
562.141175,4.94,146,124560,617,0.0334424,,True
562.141176,4.97,152,119022,617,0.0336061,,True
562.141177,4.94,149,124560,617,0.0334424,,True
562.141178,5.02,91,229651,131,0.0164876,,True
562.141179,4.92,144,111757,453,0.0322702,,True
562.141180,5.21,130,136842,69,0.0323329,,True
562.141181,4.68,227,76547,877,0.0341584,,True
562.141182,4.68,116,125521,744,0.0339251,,True
562.141183,5.29,125,200561,131,0.0169306,,True
562.141184,5.06,171,105518,533,0.033161,,True
562.141185,5.28,131,190808,131,0.016902,,True
562.141186,5.27,116,303588,131,0.0177716,,True
562.141187,5.09,226,137432,131,0.0175173,,True
562.141188,5.23,178,239678,131,0.0180108,,True
562.141189,4.78,159,105922,93,0.0331825,,True
562.141190,4.96,130,195632,6241,0.0335514,,True
562.141191,4.87,146,98668,1434,0.0341249,,True
562.141192,5.09,138,222425,117,0.0253704,,True
562.141193,6.19,1052,16316,155,0.0295179,size outside 4.5-6.0 Mb,False
562.141194,4.9,196,105175,410,0.0329999,,True
562.141195,4.91,141,168099,410,0.0330106,,True
562.141196,4.91,139,127709,410,0.0329892,,True
562.141197,4.88,113,173559,410,0.0334424,,True
562.141198,5.29,150,239746,131,0.0177776,,True
562.141199,4.88,125,161873,410,0.0334207,,True
562.141200,4.88,94,259345,1723,0.0337157,,True
562.141201,4.87,99,230820,1723,0.0337047,,True
562.141202,5.38,149,154305,38,0.0320414,,True
562.141203,5.29,155,239176,131,0.0177954,,True
562.141204,5.25,167,239678,131,0.018089,,True
562.141205,4.95,152,201606,10,0.0334207,,True
562.141206,5.05,111,228400,224,0.0335514,,True
562.141207,4.91,131,125664,744,0.0345175,,True
562.141208,5.12,120,301920,90,0.0332581,,True
562.141209,4.9,154,96224,410,0.0332257,,True
562.141210,5.25,133,168437,69,0.0323643,,True
562.141211,4.91,116,163642,410,0.0332149,,True
562.141212,4.86,116,163642,410,0.0332365,,True
562.141213,4.79,106,168952,410,0.032925,,True
562.141214,5.25,192,174422,88,0.033323,,True
562.141215,4.77,93,173559,410,0.0327652,,True
562.141216,4.82,106,163642,410,0.0329892,,True
562.141217,4.8,93,163464,410,0.0329677,,True
562.141218,5.28,123,209196,131,0.01773,,True
562.141219,4.81,102,173559,410,0.0329785,,True
562.141220,5.1,105,215959,131,0.0169651,,True
562.141221,4.79,101,163642,410,0.032925,,True
562.141222,4.88,136,124475,410,0.0332473,,True
562.141223,5.01,143,120827,361,0.0344836,,True
562.141224,4.86,131,163642,410,0.0330427,,True
562.141225,4.97,236,111465,58,0.0335405,,True
562.141226,5.2,158,182628,69,0.0322806,,True
562.141227,5.19,147,244415,69,0.0322076,,True
562.141228,4.64,124,107323,542,0.0327227,,True
562.141229,4.78,128,92165,871,0.0334316,,True
562.141230,4.78,128,92372,871,0.0334424,,True
562.141231,5.23,155,144906,69,0.0319381,,True
562.141232,5.28,136,209197,131,0.0177063,,True
562.141233,5.43,157,190129,393,0.0331179,,True
562.141234,5.4,163,215958,131,0.0178193,,True
562.141235,5.34,173,173587,648,0.0289747,,True
562.141236,5.43,165,218030,393,0.0331072,,True
562.141237,5.18,187,95825,453,0.0329785,,True
562.141238,5.37,129,209197,131,0.0182645,,True
562.141239,4.82,191,88616,44,0.0338257,,True
562.141240,6.22,1750,7168,-,0.0264366,size outside 4.5-6.0 Mb,False
562.141241,4.76,90,147985,410,0.0329999,,True
562.141242,5.18,84,276425,131,0.0172308,,True
562.141243,5.21,174,197388,117,0.0260847,,True
562.141244,5.14,177,104812,405,0.0320621,,True
562.141245,4.91,120,173559,410,0.0340027,,True
562.141246,4.76,90,163642,410,0.0330427,,True
562.141247,4.92,119,159762,410,0.0340027,,True
562.141248,4.72,100,183831,410,0.0332906,,True
562.141249,4.82,117,183831,410,0.0333339,,True
562.141250,4.74,92,183831,410,0.033399,,True
562.141251,4.81,122,187057,410,0.0326591,,True
562.141252,4.82,116,191011,410,0.033486,,True
562.141253,4.94,116,276065,88,0.0335624,,True
562.141254,5.13,120,179304,131,0.017529,,True
562.141255,4.81,132,246861,10,0.0339805,,True
562.141256,4.96,124,165659,641,0.0335296,,True
562.141257,5.25,216,229641,131,0.0175703,,True
562.141258,4.91,121,192597,101,0.0335842,,True
562.141259,4.97,94,269713,131,0.0167649,,True
562.141260,5.06,118,197186,349,0.0325113,,True
562.141261,4.94,151,187291,10,0.0344048,,True
562.141262,4.71,73,166381,156,0.0322076,,True
562.141263,5.1,135,253074,491,0.0137737,,True
562.141264,4.97,128,196202,410,0.0335514,,True
562.141265,5.12,96,165895,354,0.0284239,,True
562.141266,4.86,124,129939,10,0.0336061,,True
562.141267,4.67,134,94393,6589,0.0337047,,True
562.141268,5.32,117,227688,131,0.0176057,,True
562.141269,4.78,76,152309,11433,0.0332257,,True
562.141270,5.09,104,157396,11394,0.035226,,True
562.141271,4.83,93,203371,448,0.0334424,,True
562.141272,5.19,208,113009,58,0.0338037,,True
562.141273,5.03,80,321741,224,0.033399,,True
562.141274,5.06,111,265345,393,0.0324482,,True
562.141275,4.73,128,125422,10,0.0339473,,True
562.141276,4.7,84,191011,410,0.0331825,,True
562.141277,4.78,147,113195,167,0.0334316,,True
562.141278,4.74,107,194698,410,0.0336389,,True
562.141279,4.95,120,253325,90,0.0332797,,True
562.141280,5.35,165,157212,88,0.0336937,,True
562.141281,5.17,114,198914,500,0.0331718,,True
562.141282,5.3,159,203643,80,0.0127293,,True
562.141283,4.89,106,120944,2671,0.0344498,,True
562.141284,4.75,102,147302,744,0.033628,,True
562.141285,5.28,153,112569,1480,0.0330749,,True
562.141286,4.87,187,156785,6332,0.0340582,,True
562.141287,4.88,124,119255,10,0.0329677,,True
562.141288,4.82,191,94365,10,0.0330535,,True
562.141289,4.9,105,142975,2671,0.0344385,,True
562.141291,5.02,121,139808,345,0.034036,,True
562.141292,5.03,157,138092,617,0.0342254,,True
562.141293,5.13,147,131570,641,0.0333447,,True
562.141294,4.84,90,181392,410,0.0332365,,True
562.141295,4.9,149,120827,361,0.0340471,,True
562.141296,4.83,125,207364,10,0.0338588,,True
562.141297,4.71,119,116516,2035,0.0337597,,True
562.141298,4.98,101,207488,533,0.0334316,,True
562.141299,4.92,96,161276,448,0.0337817,,True
562.141300,5.12,119,181951,224,0.0332689,,True
562.141301,5.18,190,113598,1291,0.0344611,,True
562.141302,5.17,185,115791,1291,0.0343935,,True
562.141303,5.3,206,94943,635,0.0356338,,True
562.141304,4.87,166,173559,6332,0.0340027,,True
562.141305,5.04,169,113598,10,0.0335514,,True
562.141306,5.19,100,196399,372,0.0112908,,True
562.141307,5.07,139,167489,4980,0.0341918,,True
562.141308,5.49,181,130784,57,0.0353071,,True
562.141309,5.1,151,135099,48,0.0342254,,True
562.141310,5.24,186,93442,1944,0.0343037,,True
562.141311,5.59,425,90304,10,0.0354467,,True
562.141312,4.98,137,122758,7611,0.0346646,,True
562.141313,5.24,189,202436,73,0.012442,,True
562.141314,4.92,132,159762,410,0.0339916,,True
562.141315,5.4,284,104392,155,0.0358457,,True
562.141316,5.39,278,97765,155,0.0357513,,True
562.141317,5.09,167,101631,295,0.0342925,,True
562.141318,4.74,142,115365,10,0.0329143,,True
562.141319,5.37,252,108518,155,0.035622,,True
562.141320,4.41,1271,4440,-,0.0203128,size outside 4.5-6.0 Mb,False
562.141321,5.49,189,126384,57,0.0353071,,True
562.141322,5.2,136,213992,429,0.0160366,,True
562.141323,5.23,161,149513,57,0.0343037,,True
562.141324,5.19,106,293988,131,0.0167137,,True
562.141325,4.86,111,132834,7613,0.033892,,True
562.141326,5.09,209,154422,1706,0.034203,,True
562.141327,5.21,138,264487,429,0.0160918,,True
562.141328,5.2,128,213992,429,0.0160642,,True
562.141329,5.07,150,154950,4980,0.0341807,,True
562.141330,5.07,145,168304,4980,0.0341918,,True
562.141331,5.07,140,168304,4980,0.0341807,,True
562.141332,5.07,146,150769,4980,0.0341807,,True
562.141333,5.23,130,276903,429,0.0161416,,True
562.141334,5.07,154,157994,4980,0.0341807,,True
562.141335,5.07,131,176334,4980,0.0341807,,True
562.141336,5.07,141,168304,4980,0.0341918,,True
562.141337,4.97,208,91416,7612,0.0340693,,True
562.141338,5.07,143,168304,4980,0.0341918,,True
562.141339,5.23,136,257818,429,0.016125,,True
562.141340,5.05,147,153223,1144,0.0334969,,True
562.141341,5.07,150,144562,4980,0.0341807,,True
562.141342,5.21,109,270045,429,0.0161915,,True
562.141343,4.94,146,193849,1463,0.0333881,,True
562.141344,5.11,150,144562,4980,0.0343037,,True
562.141345,4.89,234,115783,515,0.0354001,,True
562.141346,5.31,205,92167,57,0.0347214,,True
562.141347,5.34,210,124928,38,0.033161,,True
562.141348,5.07,209,108937,212,0.0341472,,True
562.141349,5.13,154,140777,665,0.033628,,True
562.141350,5.46,250,130784,57,0.0352608,,True
562.141351,5.43,275,85889,57,0.0352492,,True
562.141352,5.01,189,135611,155,0.0340471,,True
562.141353,5.23,141,233150,429,0.0161416,,True
562.141354,5.07,136,152985,4980,0.034203,,True
562.141355,5.28,194,165221,117,0.0265465,,True
562.141356,5.07,149,152985,4980,0.0341918,,True
562.141357,5.23,134,275036,429,0.0162026,,True
562.141358,5.16,200,108478,155,0.0352376,,True
562.141359,5.18,116,251567,1011,0.0340471,,True
562.141360,5.14,240,108935,212,0.0347555,,True
562.141361,4.75,174,75513,2701,0.0343598,,True
562.141362,5.22,163,146360,429,0.0161028,,True
562.141363,5.23,129,280159,429,0.0161748,,True
562.141364,5.21,145,168054,429,0.0161139,,True
562.141365,5.1,175,132330,355,0.0111497,,True
562.141366,4.51,505,15093,-,0.0348125,over 500 contigs (too fragmented),False
562.141367,5.14,168,128204,1286,0.034416,,True
562.141368,5.24,152,185967,4663,0.0341138,,True
562.141369,5.4,319,89248,155,0.0358575,,True
562.141370,5.43,297,74066,57,0.0352955,,True
562.141371,5.16,410,26507,-,0.0345853,,True
562.141372,5.07,130,176334,4980,0.0341695,,True
562.141373,5.22,215,113194,4663,0.0341138,,True
562.141374,5.02,218,86268,1286,0.033892,,True
562.141375,5.16,156,144094,2722,0.0338699,,True
562.141376,5.62,279,78558,115,0.0343598,,True
562.141377,5.26,188,97485,10,0.0348239,,True
562.141378,5.17,207,133743,4663,0.0341027,,True
562.141379,5.19,156,156431,4663,0.0340804,,True
562.141380,5.02,129,170239,1850,0.0331933,,True
562.141381,5.09,179,126039,1286,0.0342365,,True
562.141382,5.62,265,73962,115,0.0335405,,True
562.141383,5.21,151,187302,4663,0.0340249,,True
562.141384,5.23,182,139624,4663,0.0343598,,True
562.141385,5.14,137,184864,718,0.03454,,True
562.141386,4.94,157,103966,2040,0.033628,,True
562.141387,5.26,144,187304,4663,0.0343598,,True
562.141388,4.98,111,194263,4663,0.0334207,,True
562.141389,5.4,307,97765,155,0.0359048,,True
562.141390,5.18,141,97873,429,0.0162081,,True
562.141391,5.28,218,187302,4663,0.0344048,,True
562.141392,5.26,232,98088,4663,0.0343935,,True
562.141393,5.23,141,269582,429,0.0161915,,True
562.141394,5.07,125,168304,4980,0.0341918,,True
562.141395,5.23,141,189474,429,0.016197,,True
562.141396,5.41,271,103159,155,0.0358575,,True
562.141397,5.21,134,126837,295,0.0349841,,True
562.141398,5.01,98,135016,1056,0.0335187,,True
562.141399,5.01,180,115649,7614,0.0331825,,True
562.141400,4.9,75,178323,23,0.0337817,,True
562.141401,5.21,189,103396,162,0.0344048,,True
562.141402,5.52,219,178201,1640,0.03454,,True
562.141403,5.09,172,109401,58,0.033617,,True
562.141404,5.2,462,18303,371,0.0347442,,True
562.141405,5.01,158,102707,58,0.0334642,,True
562.141406,4.93,150,115914,359,0.0337157,,True
562.141407,4.86,97,203187,1286,0.0337707,,True
562.141408,5.01,143,87349,12808,0.0341361,,True
562.141409,4.93,159,108373,359,0.0337157,,True
562.141410,5.0,97,143188,846,0.0343374,,True
562.141411,4.79,145,82569,910,0.032893,,True
562.141412,4.89,108,129663,1101,0.0333773,,True
562.141413,5.07,168,102382,58,0.0337817,,True
562.141414,5.05,80,307937,131,0.0156647,,True
562.141415,4.72,113,115616,744,0.0330964,,True
562.141416,5.39,150,195344,88,0.0330535,,True
562.141417,5.18,146,219781,117,0.0258197,,True
562.141418,4.86,125,174494,117,0.024518,,True
562.141419,4.91,102,152675,101,0.0333447,,True
562.141420,4.99,125,237559,117,0.0250324,,True
562.141421,4.72,97,210300,10,0.0326591,,True
562.141422,5.07,177,114793,9405,0.0322598,,True
562.141423,4.67,96,123233,744,0.0334969,,True
562.141424,4.7,120,104805,48,0.0332473,,True
562.141425,5.1,84,274509,131,0.0158608,,True
562.141426,5.0,136,111325,58,0.033628,,True
562.141427,4.9,121,136261,767,0.0327546,,True
562.141428,5.14,136,123604,4379,0.0338478,,True
562.141429,4.71,98,127305,398,0.0328396,,True
562.141430,4.68,93,127672,744,0.033628,,True
562.141431,4.68,104,130577,744,0.0333773,,True
562.141432,5.0,98,170404,12804,0.0325851,,True
562.141433,4.7,108,123232,744,0.0333339,,True
562.141434,4.77,109,123232,744,0.0336937,,True
562.141435,4.81,147,101098,542,0.0334207,,True
562.141436,4.93,117,134126,10,0.0332473,,True
562.141437,4.86,151,101827,10,0.0337707,,True
562.141438,4.82,91,149506,162,0.0331933,,True
562.141439,4.94,111,105020,101,0.0340027,,True
562.141440,5.12,109,193171,162,0.0338699,,True
562.141441,5.12,107,182384,162,0.0338588,,True
562.141442,4.98,99,178455,38,0.0317529,,True
562.141443,4.98,98,204626,38,0.0317529,,True
562.141444,4.94,150,104228,617,0.0340138,,True
562.141445,4.98,83,192188,1056,0.0339583,,True
562.141446,5.04,160,176260,117,0.0253947,,True
562.141447,4.88,192,88853,10,0.0336828,,True
562.141448,4.9,175,123264,10,0.0338037,,True
562.141449,5.08,147,166358,162,0.0341249,,True
562.141450,4.93,103,179531,117,0.0255247,,True
562.141451,4.93,103,284490,6517,0.0336061,,True
562.141452,4.71,91,121670,744,0.0338699,,True
562.141453,4.52,142,93300,6730,0.0329571,,True
562.141454,5.01,115,130954,1431,0.0334969,,True
562.141455,5.26,125,335525,12793,0.0344385,,True
562.141456,4.83,120,139359,744,0.0341138,,True
562.141457,5.01,70,267759,4175,0.0340915,,True
562.141458,5.02,280,101367,993,0.0349153,,True
562.141459,5.14,104,298924,4541,0.0263692,,True
562.141460,4.94,143,103923,58,0.0335733,,True
562.141461,4.94,145,108947,58,0.0335733,,True
562.141462,4.81,122,108947,58,0.032893,,True
562.141463,4.99,119,205412,69,0.0311746,,True
562.141464,4.81,121,111249,58,0.0328823,,True
562.141465,4.72,94,147284,2325,0.0330857,,True
562.141466,4.91,144,119854,359,0.0336828,,True
562.141467,4.92,153,79500,12792,0.0732837,not E. coli (Mash distance > 0.05),False
562.141468,4.9,185,86453,10,0.0337157,,True
562.141469,5.15,275,100829,10,0.0344949,,True
562.141470,4.96,217,72429,12549,0.0335296,,True
562.141471,4.99,155,143411,3205,0.0339141,,True
562.141472,5.05,117,131640,641,0.0337707,,True
562.141473,5.04,137,141579,88,0.0337157,,True
562.141474,4.94,143,108223,58,0.0335733,,True
562.141475,4.81,118,147221,227,0.0328183,,True
562.141476,4.95,155,122901,58,0.0340582,,True
562.141477,4.95,144,111808,58,0.0340582,,True
562.141478,4.95,148,129597,58,0.0340582,,True
562.141479,5.23,147,207638,88,0.0329571,,True
562.141480,4.89,142,109866,641,0.0340582,,True
562.141481,4.99,91,123120,5771,0.0320518,,True
562.141482,4.99,141,196097,5236,0.0329785,,True
562.141483,4.96,128,218063,117,0.0248969,,True
562.141484,4.92,135,113189,744,0.034371,,True
562.141485,4.89,145,93989,641,0.0342365,,True
562.141486,5.22,178,134666,88,0.0323329,,True
562.141487,5.05,168,185439,156,0.0339583,,True
562.141488,5.05,153,185438,156,0.0339694,,True
562.141489,5.3,85,479709,4175,0.0352955,,True
562.141490,4.98,93,221997,162,0.0331287,,True
562.141493,4.9,54,276829,357,0.0156485,,True
562.141495,4.97,107,223280,131,0.0167763,,True
562.141503,4.95,97,106373,73,0.0124935,,True
562.141506,5.01,366,38418,73,0.0129246,,True
562.141507,5.28,162,138727,131,0.0169536,,True
562.141508,5.05,135,146449,131,0.0173298,,True
562.141511,5.06,120,144402,1193,0.0141148,,True
562.141513,4.76,178,88119,744,0.0338699,,True
562.141514,5.08,144,190889,131,0.0168219,,True
562.141515,5.1,122,209222,131,0.0174292,,True
562.141516,5.23,189,106055,405,0.0318865,,True
562.141517,4.94,99,159383,131,0.016657,,True
562.141518,5.24,165,109986,155,0.0357042,,True
562.141519,5.3,267,108987,131,0.0174938,,True
562.141520,5.6,172,135909,219,0.035076,,True
562.141521,5.04,145,147111,131,0.01664,,True
562.141522,4.93,91,182793,131,0.0167365,,True
562.141523,5.23,122,139793,131,0.0169881,,True
562.141524,4.81,87,161405,73,0.0121079,,True
562.141525,5.01,120,156232,1193,0.0140039,,True
562.141526,5.0,360,32315,2003,0.0308452,,True
562.141527,4.92,155,108082,10,0.0330106,,True
562.141528,5.01,141,139845,131,0.0165383,,True
562.141529,5.05,124,138727,131,0.0167081,,True
562.141530,5.31,153,158936,131,0.0170918,,True
562.141531,5.14,139,183505,131,0.017086,,True
562.141532,5.12,125,162075,131,0.0172192,,True
562.141533,5.14,151,158975,131,0.0170976,,True
562.141534,4.53,171,61106,2608,0.0332906,,True
562.141535,4.88,132,131457,38,0.0300817,,True
562.141536,5.18,225,152138,648,0.0284785,,True
562.141537,4.78,86,182920,5229,0.0332689,,True
562.141538,5.12,164,123597,131,0.0178193,,True
562.141539,5.22,218,201239,648,0.0287622,,True
562.141540,5.39,155,144469,95,0.014024,,True
562.141541,5.02,114,172703,1193,0.0139285,,True
562.141542,5.14,123,158936,131,0.0171786,,True
562.141543,5.17,239,104333,648,0.0284785,,True
562.141544,5.1,188,164618,131,0.0171612,,True
562.141545,5.11,137,181909,131,0.0170687,,True
562.141546,5.06,108,158975,131,0.0167763,,True
562.141547,5.21,179,135642,648,0.0284967,,True
562.141548,4.92,157,92842,10,0.0334207,,True
562.141550,4.95,121,152476,131,0.0166344,,True
562.141552,5.17,179,225757,131,0.0165327,,True
562.141561,5.05,180,322861,73,0.0126064,,True
562.141562,5.01,103,172703,1193,0.0139235,,True
562.141563,5.09,92,299587,73,0.0126866,,True
562.141564,5.11,137,203096,12,0.0116345,,True
562.141565,5.01,112,267583,131,0.0169651,,True
562.141566,5.26,158,149511,131,0.0174409,,True
562.141567,5.16,117,205669,1193,0.0143589,,True
562.141568,4.85,120,174192,38,0.030451,,True
562.141569,5.0,117,190808,131,0.0166117,,True
562.141570,4.99,141,115534,550,0.0135952,,True
562.141572,4.95,113,99745,457,0.0275126,,True
562.141573,4.89,162,101377,550,0.0139586,,True
562.141574,5.05,181,91806,550,0.0139035,,True
562.141575,4.94,242,65791,550,0.0138285,,True
562.141576,5.08,168,112828,550,0.0139135,,True
562.141579,4.99,133,112828,550,0.01361,,True
562.141580,5.06,163,124467,550,0.0138885,,True
562.141583,5.18,302,71595,131,0.0167365,,True
562.141587,5.07,117,215185,14544,0.0174351,,True
562.141588,4.9,204,64227,550,0.0141452,,True
562.141589,5.04,130,124466,550,0.0138185,,True
562.141590,5.05,163,112828,550,0.0138585,,True
562.141591,5.01,150,110407,550,0.0140593,,True
562.141592,5.24,182,158700,131,0.0170572,,True
562.141593,5.05,172,83039,550,0.0138185,,True
562.141594,5.0,106,166755,131,0.0165496,,True
562.141595,5.07,197,196938,73,0.0124327,,True
562.141596,5.0,80,129954,7878,0.0286337,,True
562.141597,5.05,120,188570,1193,0.0141806,,True
562.141598,5.11,188,158924,131,0.0169306,,True
562.141599,4.94,101,183457,131,0.0161416,,True
562.141600,5.05,128,187784,131,0.0167479,,True
562.141601,4.93,49,366054,555,0.0140996,,True
562.141602,4.98,127,279050,12,0.0115089,,True
562.141603,4.97,112,162156,131,0.01664,,True
562.141604,5.24,522,17253,131,0.0172076,over 500 contigs (too fragmented),False
562.141605,4.93,114,149235,131,0.0164259,,True
562.141606,5.02,135,127543,550,0.0136496,,True
562.141607,5.16,206,146056,131,0.0170629,,True
562.141608,5.0,94,245338,73,0.012344,,True
562.141609,5.0,60,315152,73,0.012344,,True
562.141610,5.25,537,16012,131,0.0172076,over 500 contigs (too fragmented),False
562.141611,5.07,160,202320,73,0.0126725,,True
562.141612,5.33,394,86504,200,0.0346306,,True
562.141613,5.33,400,95815,200,0.0346646,,True
562.141614,4.96,104,150716,457,0.0273375,,True
562.141615,5.07,160,168391,73,0.0126961,,True
562.141616,5.1,121,156104,315,0.0323748,,True
562.141617,5.04,152,203755,95,0.012386,,True
562.141618,5.04,147,196556,95,0.0124,,True
562.141619,5.01,144,136877,964,0.0313661,,True
562.141620,5.04,148,203755,95,0.0123906,,True
562.141621,5.1,304,57640,40,0.0357749,,True
562.141622,5.01,151,118730,964,0.0313863,,True
562.141623,5.23,139,145407,349,0.0323538,,True
562.141624,4.97,148,128942,227,0.0333773,,True
562.141625,5.07,168,114387,410,0.0338588,,True
562.141626,4.95,51,370487,12,0.0108139,,True
562.141627,4.96,116,163308,131,0.0165778,,True
562.141628,5.08,165,171728,88,0.0329036,,True
562.141630,5.1,164,168190,88,0.032893,,True
562.141631,5.0,112,217517,73,0.012414,,True
562.141632,5.04,129,229791,131,0.0171496,,True
562.141633,4.99,120,123199,131,0.0164595,,True
562.141634,5.13,481,27146,2973,0.0351683,,True
562.141635,5.36,155,273483,648,0.0294706,,True
562.141636,5.05,118,142697,131,0.0169421,,True
562.141637,5.28,173,150454,131,0.0177063,,True
562.141638,5.17,94,268249,95,0.0133254,,True
562.141639,5.13,154,168966,648,0.0283785,,True
562.141640,4.98,110,138727,131,0.0167479,,True
562.141641,5.23,143,190973,131,0.0166854,,True
562.141642,5.09,195,178346,131,0.0168791,,True
562.141643,5.12,235,53259,2003,0.0311044,,True
562.141644,5.1,116,267943,131,0.0168676,,True
562.141645,5.17,161,145435,2003,0.0310944,,True
562.141646,4.96,180,118446,131,0.0175585,,True
562.141647,5.27,147,164691,131,0.0167991,,True
562.141648,4.9,182,102402,14589,0.0329357,,True
562.141649,5.2,107,259951,131,0.0174292,,True
562.141650,5.01,99,162694,131,0.0167422,,True
562.141655,4.97,104,307172,73,0.0123673,,True
562.141658,5.18,257,126840,14571,0.0338699,,True
562.141661,4.7,109,85940,155,0.0335296,,True
562.141667,5.15,118,196098,1193,0.0142467,,True
562.141668,4.99,110,158936,131,0.0164539,,True
562.141669,4.97,155,155072,131,0.0166797,,True
562.141670,5.05,103,186887,1193,0.0140744,,True
562.141671,5.07,128,227934,131,0.0167365,,True
562.141673,5.25,110,185354,131,0.0177954,,True
562.141674,4.76,139,151587,10,0.0337047,,True
562.141675,5.09,121,177451,95,0.0129246,,True
562.141676,5.05,138,190807,131,0.0163978,,True
562.141677,5.11,306,58507,40,0.0350991,,True
562.141678,5.11,134,145377,131,0.0170918,,True
562.141680,5.0,60,337784,555,0.0152084,,True
562.141681,5.28,209,102842,69,0.0324903,,True
562.141683,4.8,69,209196,131,0.0161194,,True
562.141684,5.11,108,281751,95,0.0131797,,True
562.141686,5.13,93,287603,73,0.0129198,,True
562.141689,5.1,99,281747,95,0.0130734,,True
562.141690,5.16,139,203329,127,0.0121263,,True
562.141691,4.96,58,370411,12,0.0109833,,True
562.141692,5.04,110,177922,95,0.0129581,,True
562.141694,5.16,82,350172,12,0.0118927,,True
562.141695,5.22,171,120416,405,0.032,,True
562.141696,5.11,107,241104,95,0.0131458,,True
562.141697,4.97,123,148008,550,0.0134722,,True
562.141698,4.86,82,229935,73,0.0117927,,True
562.141699,4.99,191,112495,448,0.0348011,,True
562.141700,5.26,197,216690,95,0.013615,,True
562.141701,5.18,142,240555,95,0.0134085,,True
562.141702,5.07,74,314538,12,0.0115358,,True
562.141703,5.2,195,183792,127,0.012228,,True
562.141705,5.23,147,150748,95,0.0135016,,True
562.141706,4.95,106,307273,73,0.0122882,,True
562.141707,5.12,120,174835,1193,0.0146212,,True
562.141708,5.06,164,214153,131,0.0176885,,True
562.141709,5.03,127,245905,73,0.0124654,,True
562.141710,5.02,120,287570,73,0.012442,,True
562.141711,5.22,155,163815,131,0.0166174,,True
562.141712,4.95,96,155175,14590,0.0163195,,True
562.141713,5.18,177,170800,131,0.0166683,,True
562.141714,5.17,108,190328,95,0.0128815,,True
562.141717,5.43,279,130112,38,0.0318042,,True
562.141718,5.1,104,173578,131,0.0170053,,True
562.141719,5.08,116,155570,38,0.0306573,,True
562.141720,5.1,135,209202,131,0.0169651,,True
562.141721,5.05,110,185338,73,0.013006,,True
562.141722,4.99,148,131241,38,0.0305785,,True
562.141723,5.1,107,183229,131,0.0171091,,True
562.141724,5.1,147,180470,131,0.0170918,,True
562.141725,4.88,129,123734,2722,0.0334207,,True
562.141726,5.03,124,142052,131,0.0166117,,True
562.141727,5.26,122,185431,131,0.0168105,,True
562.141728,5.16,105,150486,101,0.0337597,,True
562.141729,5.2,168,185470,131,0.0172308,,True
562.141730,5.26,191,190808,131,0.0167592,,True
562.141731,5.04,100,201117,131,0.0167365,,True
562.141733,5.2,90,378815,2792,0.0344385,,True
562.141734,5.07,114,275942,131,0.0170802,,True
562.141735,4.99,107,186292,131,0.016782,,True
562.141736,4.99,84,335188,131,0.0163363,,True
562.141737,5.05,138,155574,38,0.0306474,,True
562.141738,5.37,175,137865,38,0.032,,True
562.141739,5.25,197,190808,131,0.0170456,,True
562.141740,4.88,89,211204,131,0.0165102,,True
562.141741,4.95,120,246032,131,0.0166174,,True
562.141745,5.24,222,162919,131,0.0178491,,True
562.141746,4.97,122,183432,1193,0.0135558,,True
562.141747,5.11,328,31841,405,0.0319071,,True
562.141748,5.15,175,120540,405,0.031794,,True
562.141749,5.06,144,185429,131,0.0169996,,True
562.141750,5.34,224,122796,69,0.0322389,,True
562.141751,5.05,176,96886,405,0.0318762,,True
562.141752,5.06,162,110283,405,0.0317632,,True
562.141753,5.22,206,56074,131,0.0177241,,True
562.141757,5.24,210,183847,648,0.0291141,,True
562.141759,5.16,166,181611,131,0.0169249,,True
562.141760,5.15,176,148582,5150,0.0309745,,True
562.141761,5.2,226,69400,38,0.03162,,True
562.141762,5.23,186,105585,1177,0.0313156,,True
562.141763,5.19,180,277571,131,0.0169364,,True
562.141764,5.31,294,97626,69,0.0325851,,True
562.141765,5.15,141,200882,131,0.0163084,,True
562.141766,5.01,111,201641,73,0.0125029,,True
562.141767,5.1,81,237649,131,0.0164652,,True
562.141768,5.0,139,135121,224,0.0334751,,True
562.141769,5.18,128,217273,127,0.0120482,,True
562.141770,5.05,224,95159,453,0.0334207,,True
562.141771,4.97,100,232012,73,0.0123673,,True
562.141772,4.93,109,241075,12,0.0113396,,True
562.141773,5.08,127,241202,73,0.0127056,,True
562.141774,5.31,188,172781,648,0.0281977,,True
562.141775,5.02,124,187791,1722,0.0284603,,True
562.141776,5.07,149,143812,5038,0.0254434,,True
562.141777,5.12,159,280448,73,0.0129485,,True
562.141778,4.95,98,340279,12,0.0113352,,True
562.141779,5.02,119,307169,73,0.0124514,,True
562.141780,5.04,108,196779,131,0.0166061,,True
562.141781,4.94,75,194523,131,0.0162359,,True
562.141782,5.21,105,323036,141,0.00513863,,True
562.141783,5.21,103,323036,141,0.00512897,,True
562.141784,5.17,179,225385,131,0.0166117,,True
562.141786,4.9,119,108896,131,0.0163531,,True
562.141787,4.99,91,201317,131,0.0163531,,True
562.141788,5.12,138,200578,131,0.0175408,,True
562.141789,5.18,142,144042,131,0.0171612,,True
562.141790,5.19,158,284266,131,0.0169192,,True
562.141791,5.06,112,229743,131,0.016902,,True
562.141792,5.4,201,135061,131,0.0175055,,True
562.141793,5.04,118,123597,131,0.0167877,,True
562.141794,4.91,148,133903,38,0.0303533,,True
562.141795,5.09,90,240921,73,0.0127151,,True
562.141796,4.86,127,103111,354,0.0276094,,True
562.141797,5.36,155,186326,131,0.0172018,,True
562.141798,5.18,172,190808,131,0.0175821,,True
562.141799,5.02,196,191061,131,0.0172076,,True
562.141800,5.02,112,200121,131,0.0170341,,True
562.141801,5.06,138,209226,131,0.0165496,,True
562.141802,5.02,157,132600,73,0.0119383,,True
562.141803,5.29,173,147668,131,0.0171902,,True
562.141804,5.04,187,87573,162,0.0337817,,True
562.141805,5.05,127,202419,73,0.0127245,,True
562.141806,5.13,119,129859,38,0.0315588,,True
562.141807,4.78,99,184808,162,0.0330213,,True
562.141808,5.05,60,382791,14586,0.0121725,,True
562.141809,5.16,120,216962,127,0.0119565,,True
562.141810,5.16,165,190808,131,0.017359,,True
562.141811,4.98,102,227381,73,0.0124093,,True
562.141812,5.11,101,340297,12,0.0118835,,True
562.141813,5.06,107,216319,1193,0.0141553,,True
562.141814,4.9,173,100788,10,0.0342477,,True
562.141815,5.24,160,147311,131,0.0171033,,True
562.141816,4.95,109,170673,131,0.015943,,True
562.141818,5.04,145,209199,131,0.0164259,,True
562.141819,5.22,211,209225,131,0.0174879,,True
562.141820,5.16,125,205566,648,0.0286612,,True
562.141821,5.02,211,56448,131,0.0170802,,True
562.141822,4.97,155,129228,73,0.0126205,,True
562.141824,5.46,198,147491,131,0.0175055,,True
562.141825,5.04,123,173578,131,0.0168905,,True
562.141826,5.18,157,158936,131,0.0171728,,True
562.141827,5.09,147,139781,131,0.0172366,,True
562.141828,4.93,106,269713,131,0.0167194,,True
562.141830,4.72,303,34432,93,0.0323224,,True
562.141831,4.82,371,20877,83,0.0164539,,True
562.141832,5.25,324,41831,1177,0.0315181,,True
562.141833,5.04,166,66982,131,0.0175349,,True
562.141834,5.15,156,133906,38,0.0312752,,True
562.141839,5.22,89,297257,131,0.0168448,,True
562.141853,4.82,100,209224,131,0.0160255,,True
562.141854,4.56,106,127570,93,0.032564,,True
562.141855,4.86,186,76519,93,0.0331179,,True
562.141857,5.2,202,190802,131,0.0171438,,True
562.141858,4.73,124,202364,73,0.0121679,,True
562.141859,5.01,122,268844,131,0.0170399,,True
562.141860,5.02,143,225834,73,0.0125123,,True
562.141861,5.06,124,190808,131,0.0168334,,True
562.141862,5.04,109,239059,73,0.0128053,,True
562.141863,5.2,128,160245,131,0.017529,,True
562.141864,5.04,109,307307,73,0.0128005,,True
562.141865,5.2,116,190808,131,0.0175526,,True
562.141866,5.37,127,237642,131,0.0169364,,True
562.141867,5.1,85,340706,73,0.0127958,,True
562.141868,5.37,123,272675,131,0.0169536,,True
562.141869,5.07,96,287574,73,0.0126347,,True
562.141870,5.26,191,99114,2659,0.0326168,,True
562.141871,5.12,80,232884,131,0.0159925,,True
562.141872,4.99,112,178848,131,0.0164371,,True
562.141873,4.94,106,196099,1193,0.0133645,,True
562.141874,5.03,107,209588,131,0.0162304,,True
562.141875,5.06,132,184887,131,0.0167934,,True
562.141876,5.01,147,141010,131,0.0162137,,True
562.141877,4.84,108,170831,88,0.0327864,,True
562.141878,5.23,169,205526,5389,0.0130927,,True
562.141879,4.98,94,244031,1485,0.0274074,,True
562.141880,4.9,87,212721,1300,0.0335842,,True
562.141881,5.22,224,202446,73,0.0138036,,True
562.141882,4.92,117,134322,1193,0.0141401,,True
562.141883,4.99,180,134439,9748,0.0169421,,True
562.141884,5.29,161,104030,349,0.0330213,,True
562.141885,4.98,123,141594,58,0.0327758,,True
562.141886,5.26,209,209821,648,0.0290118,,True
562.141887,5.0,239,67651,38,0.031508,,True
562.141888,4.97,114,140327,131,0.0163642,,True
562.141889,5.14,139,168681,131,0.0170687,,True
562.141890,5.26,183,147666,8189,0.0175173,,True
562.141891,4.9,286,66306,48,0.0349153,,True
562.141892,5.04,160,108993,131,0.0174409,,True
562.141893,5.21,133,329943,80,0.0124607,,True
562.141894,5.09,106,222182,131,0.0171786,,True
562.141895,5.06,175,110374,405,0.0314775,,True
562.141896,4.99,114,160553,131,0.0165327,,True
562.141897,5.15,140,147571,131,0.016691,,True
562.141898,5.43,185,158936,131,0.0174351,,True
562.141899,5.18,174,152340,2973,0.0341918,,True
562.141900,5.38,166,134759,131,0.0176767,,True
562.141903,5.08,148,158936,131,0.0174175,,True
562.141904,4.98,110,148444,131,0.0165835,,True
562.141905,5.03,114,213534,131,0.0171265,,True
562.141906,5.32,128,189012,131,0.0178073,,True
562.141907,4.94,125,108987,131,0.0167763,,True
562.141908,4.74,94,165475,345,0.0327971,,True
562.141909,5.17,137,158936,131,0.0173123,,True
562.141910,5.01,147,148399,131,0.0164146,,True
562.141911,5.19,138,149819,131,0.0174938,,True
562.141912,5.08,76,302477,135,0.0111981,,True
562.141915,5.34,81,358373,2792,0.0346987,,True
562.141921,5.11,119,139622,1193,0.0142976,,True
562.141922,5.04,153,143340,131,0.0169881,,True
562.141923,5.12,104,308915,131,0.0170514,,True
562.141924,4.96,105,158936,131,0.0171554,,True
562.141925,5.2,150,150098,38,0.0312651,,True
562.141926,5.1,147,222081,131,0.0161028,,True
562.141927,5.07,123,218417,131,0.0168505,,True
562.141928,5.15,109,226783,131,0.0162137,,True
562.141929,5.25,178,215959,131,0.0175762,,True
562.141930,5.2,210,166665,95,0.0138185,,True
562.141931,5.04,102,248832,131,0.0165948,,True
562.141932,5.12,170,134806,131,0.0162415,,True
562.141933,5.21,153,329275,73,0.0132816,,True
562.141934,5.05,98,202436,73,0.0130927,,True
562.141935,5.06,133,143992,131,0.0170168,,True
562.141936,5.11,86,355496,73,0.0127958,,True
562.141937,5.28,222,198297,95,0.0132136,,True
562.141938,5.24,206,191405,131,0.0173999,,True
562.141939,4.92,83,325921,12,0.012191,,True
562.141940,5.12,145,172391,1193,0.0144562,,True
562.141941,5.16,169,191874,140,0.0131797,,True
562.141942,5.08,89,288244,73,0.0127388,,True
562.141943,5.07,126,165391,131,0.0168391,,True
562.141944,5.17,153,225385,131,0.0166004,,True
562.141945,5.17,134,190808,131,0.0172599,,True
562.141946,4.99,125,135695,131,0.0169478,,True
562.141947,5.26,127,158804,131,0.0167991,,True
562.141948,4.94,121,175712,648,0.0282879,,True
562.141949,5.18,224,183367,550,0.014206,,True
562.141954,4.88,189,111155,93,0.0331179,,True
562.141956,5.06,111,190472,131,0.0169823,,True
562.141957,5.06,106,221822,1193,0.0141401,,True
562.141958,5.15,172,140591,95,0.0117202,,True
562.141959,5.09,209,126076,550,0.014585,,True
562.141960,5.18,156,125960,131,0.0163195,,True
562.141961,5.24,202,137610,38,0.0317017,,True
562.141962,4.75,60,387740,28,0.0135607,,True
562.141963,5.24,186,182396,131,0.0175644,,True
562.141964,5.2,195,143264,602,0.0335187,,True
562.141965,5.04,227,59438,-,0.0172482,,True
562.141966,5.08,127,148200,131,0.0167194,,True
562.141967,5.08,150,173578,131,0.0168448,,True
562.141968,5.11,81,374204,1994,0.0115896,,True
562.141969,4.92,184,78704,69,0.0318351,,True
562.141970,5.12,125,220467,131,0.0171265,,True
562.141971,5.26,201,62995,131,0.0177479,,True
562.141972,5.08,139,226502,73,0.0127056,,True
562.141973,5.06,155,115647,38,0.0307758,,True
562.141974,5.04,99,239949,95,0.0129246,,True
562.141975,5.08,165,166154,12,0.0115806,,True
562.141976,5.18,165,114421,372,0.0114955,,True
562.141977,5.14,151,244633,95,0.0131168,,True
562.141978,5.39,178,115600,38,0.031969,,True
562.141979,5.12,145,129864,131,0.0170918,,True
562.141980,5.27,210,111130,80,0.0130253,,True
562.141981,5.19,183,109298,131,0.0173473,,True
562.141982,4.86,97,203983,73,0.0118927,,True
562.141983,5.15,141,158945,131,0.0173123,,True
562.141984,4.94,129,138534,14552,0.0141148,,True
562.141985,4.94,266,47275,68,0.0316404,,True
562.141986,5.22,155,157239,648,0.0284967,,True
562.141987,5.26,211,106043,1177,0.031569,,True
562.141988,4.92,120,139951,1193,0.0146315,,True
562.141989,5.15,180,130145,2003,0.0309247,,True
562.141990,5.06,209,92609,131,0.0169996,,True
562.141993,5.39,274,89786,405,0.0329999,,True
562.141994,5.0,77,316402,73,0.0125358,,True
562.141995,5.09,161,129828,73,0.0130686,,True
562.141996,5.08,137,203625,73,0.0127198,,True
562.141997,5.16,158,130372,127,0.011639,,True
562.141998,5.09,107,191342,73,0.0127103,,True
562.141999,5.09,127,135354,73,0.0127198,,True
562.142000,5.1,91,287603,14564,0.0127293,,True
562.142001,4.99,106,150392,73,0.0123813,,True
562.142002,5.11,199,98949,73,0.01281,,True
562.142003,5.09,174,162277,95,0.0131361,,True
562.142004,5.02,112,121207,73,0.0124982,,True
562.142005,5.0,150,131438,38,0.0303241,,True
562.142006,5.07,204,79310,6448,0.0333773,,True
562.142007,5.09,102,154823,95,0.0132864,,True
562.142008,4.95,135,94797,73,0.0123394,,True
562.142009,5.05,168,127754,131,0.016691,,True
562.142010,5.23,258,74693,5150,0.0314369,,True
562.142011,5.02,149,153761,131,0.016657,,True
562.142012,4.99,156,101592,1193,0.0142721,,True
562.142015,5.07,103,229785,131,0.0167592,,True
562.142016,5.16,171,190808,131,0.0172773,,True
562.142017,5.07,162,141195,131,0.0160863,,True
562.142018,5.31,169,102572,131,0.0172424,,True
562.142019,5.08,112,182951,131,0.0167365,,True
562.142020,5.11,190,85985,73,0.0132719,,True
562.142021,5.14,128,191290,131,0.0171322,,True
562.142022,5.2,210,101369,69,0.0318248,,True
562.142023,4.95,150,128693,131,0.0167763,,True
562.142024,4.99,113,174570,58,0.0340471,,True
562.142025,5.38,227,85475,2003,0.0321764,,True
562.142026,5.05,151,109626,1193,0.0146471,,True
562.142027,5.25,236,73619,2003,0.0319277,,True
562.142028,4.82,107,138222,131,0.0165552,,True
562.142029,5.06,146,107109,1193,0.0143231,,True
562.142030,5.15,148,104260,131,0.017653,,True
562.142031,5.22,294,77800,131,0.0170802,,True
562.142032,5.08,123,151562,34,0.0335952,,True
562.142033,4.9,173,62244,1597,0.015331,,True
562.142034,5.07,303,36977,131,0.0172192,,True
562.142035,5.08,203,76237,23,0.0340804,,True
562.142036,4.9,204,98677,131,0.0170053,,True
562.142037,10.46,600,38718,-,0.0500882,size outside 4.5-6.0 Mb,False
562.142038,5.19,184,71380,95,0.0137687,,True
562.142039,5.32,202,84781,963,0.0311646,,True
562.142040,5.12,152,140655,131,0.0171207,,True
562.142041,4.7,161,106304,940,0.0327971,,True
562.142042,5.28,144,190808,131,0.0169192,,True
562.142043,4.96,338,36874,1193,0.0138785,,True
562.142044,5.09,122,209202,131,0.0170456,,True
562.142045,5.57,376,106015,4937,0.035226,,True
562.142046,4.92,114,254753,131,0.0169536,,True
562.142047,5.12,167,191289,131,0.0169996,,True
562.142048,5.08,137,152746,131,0.0167024,,True
562.142049,5.01,366,50765,95,0.0122094,,True
562.142050,5.33,245,157761,69,0.0330964,,True
562.142051,5.16,132,191052,131,0.0170976,,True
562.142052,5.01,111,201317,131,0.0164708,,True
562.142053,4.74,172,92163,44,0.0334642,,True
562.142054,5.32,159,106067,7647,0.0352724,,True
562.142055,5.16,193,141878,38,0.0313661,,True
562.142056,5.11,146,222081,131,0.016125,,True
562.142057,5.25,154,133181,38,0.0319174,,True
562.142058,5.05,100,210287,1193,0.0141401,,True
562.142059,5.05,173,138727,5640,0.0167877,,True
562.142060,5.23,142,147491,131,0.0166513,,True
562.142061,5.18,149,190802,131,0.0171438,,True
562.142069,5.09,95,372234,73,0.0127008,,True
562.142070,5.08,184,137591,131,0.0170226,,True
562.142071,5.01,63,370487,12,0.0111321,,True
562.142072,5.07,195,114118,73,0.0128291,,True
562.142073,5.11,139,169534,131,0.0167137,,True
562.142074,5.07,107,190808,131,0.0167592,,True
562.142075,5.13,99,233497,2015,0.0112953,,True
562.142076,5.28,131,140873,998,0.00393292,,True
562.142077,5.13,178,162051,131,0.0170456,,True
562.142096,5.02,152,322556,73,0.0124093,,True
562.142101,4.88,121,233048,131,0.016674,,True
562.142102,5.29,216,143941,73,0.0139687,,True
562.142103,5.35,249,146201,131,0.0179148,,True
562.142104,5.42,157,140397,131,0.0179627,,True
562.142105,5.25,253,123751,69,0.0321348,,True
562.142106,5.19,169,128620,117,0.0255084,,True
562.142107,4.9,96,133266,357,0.0163531,,True
562.142108,5.39,214,108987,131,0.0173473,,True
562.142109,5.14,233,107213,405,0.0323958,,True
562.142110,5.0,81,215880,1193,0.013714,,True
562.142111,5.07,116,174740,1193,0.0140341,,True
562.142112,5.09,103,218109,131,0.0168276,,True
562.142117,4.99,152,155763,550,0.0135558,,True
562.142118,5.02,114,190557,73,0.012517,,True
562.142119,4.79,138,193069,14559,0.0325219,,True
562.142120,4.92,69,199190,83,0.0156214,,True
562.142121,5.25,130,215959,131,0.0174996,,True
562.142122,5.1,229,131301,550,0.01413,,True
562.142123,5.03,175,54608,131,0.0163084,,True
562.142124,5.14,235,86133,1380,0.0331072,,True
562.142126,5.09,298,74893,69,0.0328823,,True
562.142127,5.16,330,47933,69,0.0324587,,True
562.142129,4.99,98,196366,12,0.0119565,,True
562.142130,5.06,113,186992,11309,0.0168905,,True
562.142131,5.14,140,355496,73,0.0129437,,True
562.142132,5.06,106,190807,11309,0.0168905,,True
562.142133,5.1,117,173690,131,0.0169766,,True
562.142134,5.27,150,128414,95,0.0134329,,True
562.142135,5.09,161,190808,131,0.0168963,,True
562.142136,5.01,130,241318,73,0.0124327,,True
562.142137,5.04,143,166871,131,0.0165778,,True
562.142138,4.99,137,149257,131,0.0164483,,True
562.142139,4.99,119,229685,73,0.0112025,,True
562.142140,4.96,109,202434,73,0.0123813,,True
562.142141,5.04,150,190833,131,0.0170514,,True
562.142142,5.11,152,181277,131,0.017086,,True
562.142143,5.07,104,145219,131,0.0166457,,True
562.142144,5.02,109,145524,131,0.0165665,,True
562.142145,4.96,177,80265,453,0.0328716,,True
562.142146,5.36,203,96310,405,0.0326274,,True
562.142147,5.1,127,139951,1193,0.014267,,True
562.142148,4.94,119,212981,73,0.0116751,,True
562.142149,5.12,426,27965,648,0.0282879,,True
562.142150,5.15,159,109703,550,0.0142619,,True
562.142151,5.05,137,156074,131,0.0167649,,True
562.142152,5.2,159,154510,162,0.0342813,,True
562.142153,4.92,136,161469,1463,0.0335842,,True
562.142154,5.2,160,205222,131,0.017289,,True
562.142155,4.92,71,317164,1196,0.0327439,,True
562.142156,5.33,184,181202,131,0.0171322,,True
562.142157,5.15,175,278671,127,0.0121771,,True
562.142158,5.23,184,190808,14560,0.0173181,,True
562.142159,5.12,117,185418,131,0.0170918,,True
562.142164,4.96,102,159107,1722,0.027742,,True
562.142165,5.26,180,115702,14578,0.0182888,,True
562.142166,4.99,199,67589,405,0.0314572,,True
562.142167,5.03,185,89575,73,0.0127672,,True
562.142168,5.0,233,66239,648,0.0286704,,True
562.142169,5.04,188,124392,131,0.0170341,,True
562.142170,5.18,139,109691,131,0.0172192,,True
562.142171,5.1,190,66054,131,0.016674,,True
562.142172,5.22,213,108349,69,0.0317427,,True
562.142173,5.12,159,163637,95,0.0126677,,True
562.142174,5.03,127,151700,73,0.012772,,True
562.142175,5.11,227,139823,14558,0.0175173,,True
562.142176,5.31,237,86342,1564,0.0348582,,True
562.142177,4.7,118,117076,10,0.0340582,,True
562.142178,4.89,106,153698,38,0.030256,,True
562.142179,5.07,133,199293,131,0.0166967,,True
562.142180,4.83,100,125791,131,0.0164539,,True
562.142181,5.53,291,76822,648,0.0301107,,True
562.142182,4.97,126,147570,38,0.0302949,,True
562.142183,5.02,123,172059,1193,0.0138435,,True
562.142184,4.8,261,36897,354,0.0274775,,True
562.142185,5.39,259,55597,648,0.0296696,,True
562.142186,5.0,312,41481,131,0.0166854,,True
562.142187,5.14,139,204331,131,0.0170572,,True
562.142188,4.73,294,40917,1598,0.0338037,,True
562.142189,5.14,217,112445,95,0.0133303,,True
562.142190,5.1,138,169457,131,0.0170053,,True
562.142191,5.19,156,196081,131,0.017359,,True
562.142192,5.19,343,63476,40,0.0353885,,True
562.142193,5.08,102,234340,73,0.0127198,,True
562.142194,5.25,156,180897,394,0.0332906,,True
562.142195,5.02,143,209198,131,0.0159485,,True
562.142196,5.1,90,305446,73,0.0127435,,True
562.142197,5.32,177,118623,405,0.0324167,,True
562.142198,5.05,131,241787,73,0.0126394,,True
562.142199,5.17,135,120632,14566,0.0330749,,True
562.142200,4.87,106,322863,73,0.0119474,,True
562.142201,5.0,131,136854,1193,0.0137836,,True
562.142202,4.97,113,170028,1193,0.013714,,True
562.142203,4.91,113,170538,38,0.0303339,,True
562.142204,5.03,133,184108,73,0.0128863,,True
562.142205,5.1,140,161313,131,0.0162304,,True
562.142206,5.11,85,355496,73,0.0127625,,True
562.142207,4.99,276,42618,131,0.0170226,,True
562.142208,5.03,99,227666,1193,0.0140039,,True
562.142216,5.11,295,44541,131,0.0175114,,True
562.142218,5.28,227,91105,405,0.032893,,True
562.142219,5.08,136,139633,1193,0.0141249,,True
562.142220,5.05,164,100976,1193,0.0140089,,True
562.142221,5.29,225,113210,405,0.0328503,,True
562.142223,5.14,141,125931,131,0.0174879,,True
562.142224,5.19,151,161224,131,0.0165496,,True
562.142225,4.97,166,130606,10,0.0344723,,True
562.142226,5.12,120,172090,1193,0.0144203,,True
562.142227,4.61,144,83760,746,0.0339805,,True
562.142228,5.14,149,135695,131,0.0172192,,True
562.142229,4.88,97,177731,131,0.0165722,,True
562.142230,5.07,115,242335,131,0.0167365,,True
562.142231,5.2,85,276511,131,0.0175114,,True
562.142232,4.98,151,84609,131,0.016482,,True
562.142233,5.0,114,246032,131,0.0170111,,True
562.142234,5.01,85,210289,1193,0.0140542,,True
562.142235,5.13,217,81068,38,0.0312249,,True
562.142236,4.86,145,141410,131,0.0166287,,True
562.142237,5.14,132,125895,131,0.0171149,,True
562.142238,5.05,211,73750,405,0.0323748,,True
562.142239,5.03,95,170157,1193,0.0142162,,True
562.142240,5.15,226,76706,2003,0.0313156,,True
562.142241,5.18,267,68047,95,0.0126064,,True
562.142242,5.05,69,178406,357,0.0161028,,True
562.142243,5.17,240,65184,648,0.0279555,,True
562.142244,5.01,118,185078,38,0.0307165,,True
562.142246,5.31,179,176794,131,0.017482,,True
562.142247,5.3,154,216223,127,0.0124748,,True
562.142248,5.01,73,492828,131,0.0156268,,True
562.142249,5.23,223,114787,69,0.0318659,,True
562.142250,5.27,185,129997,371,0.0346987,,True
562.142251,4.82,149,111755,5905,0.0335405,,True
562.142252,5.2,203,134979,69,0.0317632,,True
562.142253,5.13,161,199945,131,0.0162805,,True
562.142254,5.22,138,170182,144,0.01317,,True
562.142255,5.16,158,158936,131,0.0173065,,True
562.142256,5.0,109,192043,131,0.0165496,,True
562.142257,5.13,140,213495,648,0.0283151,,True
562.142258,5.07,131,175510,131,0.0170456,,True
562.142259,5.11,178,155133,416,0.0129677,,True
562.142260,5.18,212,135420,131,0.0178252,,True
562.142261,5.21,116,149693,38,0.031508,,True
562.142262,5.39,239,138727,131,0.0172482,,True
562.142263,4.97,152,102196,162,0.0339583,,True
562.142264,5.1,102,334429,131,0.0169881,,True
562.142265,5.08,123,172420,1193,0.0145231,,True
562.142266,4.95,97,182126,131,0.016125,,True
562.142267,5.09,141,279751,73,0.0126914,,True
562.142268,5.27,178,129626,2659,0.0321348,,True
562.142269,5.13,137,205155,73,0.0128624,,True
562.142270,5.44,219,136718,648,0.0292355,,True
562.142271,5.12,146,225872,131,0.0162415,,True
562.142272,4.96,128,192746,131,0.015616,,True
562.142273,5.04,69,284266,131,0.0164876,,True
562.142274,5.06,117,215875,131,0.0168219,,True
562.142275,5.12,140,202436,73,0.0128386,,True
562.142276,4.97,82,371222,1618,0.0124607,,True
562.142277,5.13,129,227216,73,0.0128481,,True
562.142278,5.3,213,134461,38,0.0312048,,True
562.142279,5.25,236,130373,69,0.0321868,,True
562.142280,5.03,167,172391,1193,0.0137389,,True
562.142281,5.09,93,239997,131,0.0168334,,True
562.142282,5.36,131,264758,12,0.0129677,,True
562.142283,5.21,178,163518,69,0.0325957,,True
562.142284,5.0,157,174153,11630,0.0337157,,True
562.142285,5.17,143,147580,2003,0.031245,,True
562.142286,4.92,177,81952,216,0.0341138,,True
562.142287,5.3,128,209202,131,0.0169938,,True
562.142288,5.16,134,185965,131,0.0169421,,True
562.142289,5.14,133,190798,131,0.0170226,,True
562.142290,5.35,80,239095,8262,0.0345287,,True
562.142291,5.1,130,163575,38,0.0309845,,True
562.142292,5.17,142,225048,131,0.0171554,,True
562.142293,4.83,316,39577,1201,0.0342589,,True
562.142294,5.08,193,80488,131,0.0161748,,True
562.142295,4.9,257,61139,131,0.0172424,,True
562.142296,5.18,125,170220,1193,0.0142619,,True
562.142297,5.11,142,213150,131,0.0164259,,True
562.142298,4.92,391,33828,648,0.0271549,,True
562.142299,5.31,274,35962,1406,0.0324377,,True
562.142300,5.03,398,29829,362,0.0316813,,True
562.142301,5.2,162,84701,3520,0.0349841,,True
562.142302,5.06,113,190808,131,0.0168048,,True
562.142303,5.23,172,83610,95,0.0141756,,True
562.142304,5.03,124,269713,131,0.0160531,,True
562.142306,4.92,138,105101,131,0.0167535,,True
562.142307,4.98,183,53664,73,0.0126914,,True
562.142308,5.15,214,61136,69,0.0329036,,True
562.142309,5.3,128,158936,131,0.018077,,True
562.142310,5.0,60,362349,12,0.0111717,,True
562.142311,5.11,81,355496,73,0.0127958,,True
562.142312,4.75,140,107802,361,0.0341249,,True
562.142313,5.19,171,131259,131,0.0180468,,True
562.142314,5.27,161,196511,127,0.0114241,,True
562.142315,5.19,231,53360,59,0.028433,,True
562.142316,5.12,188,115091,62,0.027077,,True
562.142317,5.03,119,185404,131,0.0165609,,True
562.142318,5.2,219,126759,131,0.017529,,True
562.142319,5.22,118,178494,131,0.0163195,,True
562.142320,5.3,115,333433,998,0.00489218,,True
562.142321,5.13,126,225872,131,0.0162359,,True
562.142322,5.1,188,109783,448,0.0346987,,True
562.142324,5.21,140,209191,131,0.0174703,,True
562.142325,5.42,137,162299,69,0.0339916,,True
562.142329,5.11,83,355495,73,0.0128053,,True
562.142333,4.88,87,156608,485,0.039983,,True
562.142335,5.01,130,140791,131,0.0175467,,True
562.142336,5.13,118,170142,1722,0.0284148,,True
562.142337,5.11,194,115648,316,0.034371,,True
562.142338,5.05,173,184079,131,0.0172308,,True
562.142339,5.11,158,136240,131,0.0185395,,True
562.142340,5.04,124,172890,131,0.016782,,True
562.142341,5.42,326,199900,69,0.032829,,True
562.142342,5.08,157,157224,73,0.0131023,,True
562.142343,4.72,122,109872,940,0.033486,,True
562.142344,5.15,121,209200,131,0.0170399,,True
562.142345,5.34,173,196560,648,0.0298318,,True
562.142346,5.34,138,167136,2792,0.0346533,,True
562.142347,5.1,220,52378,131,0.0169823,,True
562.142348,4.74,119,113521,14562,0.0326063,,True
562.142349,5.01,116,138860,131,0.0168619,,True
562.142350,4.94,177,69678,131,0.0162081,,True
562.142351,5.4,342,99597,405,0.032218,,True
562.142352,5.08,216,57157,131,0.0172599,,True
562.142353,5.01,118,159518,131,0.0167365,,True
562.142354,5.06,215,69699,131,0.0162415,,True
562.142355,4.96,141,234518,131,0.0168276,,True
562.142356,5.26,152,137291,224,0.0340582,,True
562.142357,5.35,213,98704,405,0.0323224,,True
562.142358,5.22,166,168491,131,0.0175232,,True
562.142359,5.08,158,213152,131,0.0160697,,True
562.142360,5.19,86,223453,354,0.0279465,,True
562.142361,5.25,170,162570,131,0.0176057,,True
562.142362,4.82,178,111369,744,0.034371,,True
562.142363,5.03,116,157933,1193,0.0137438,,True
562.142364,5.03,121,261508,131,0.0166344,,True
562.142365,5.17,231,130145,2003,0.0313964,,True
562.142366,5.07,102,210287,1193,0.0141654,,True
562.142367,5.35,298,123287,69,0.0323643,,True
562.142368,4.81,63,542339,8418,0.0312853,,True
562.142369,5.1,117,196099,1193,0.014267,,True
562.142370,5.25,151,163484,131,0.0176471,,True
562.142371,5.21,175,153171,550,0.0143691,,True
562.142372,5.14,109,174958,1193,0.0145025,,True
562.142373,4.91,140,165138,117,0.0251205,,True
562.142374,5.02,108,190808,131,0.0165045,,True
562.142375,5.08,180,146221,38,0.0309546,,True
562.142377,4.87,270,41566,617,0.0334751,,True
562.142380,5.12,194,160885,131,0.0174468,,True
562.142381,5.09,139,168353,1193,0.0139938,,True
562.142385,5.0,138,138725,131,0.0166854,,True
562.142386,5.38,264,75857,69,0.0331287,,True
562.142387,5.06,173,137438,38,0.0308154,,True
562.142388,5.0,126,141249,131,0.0165383,,True
562.142389,5.03,126,158202,131,0.0167024,,True
562.142390,5.04,222,94498,394,0.032893,,True
562.142391,4.99,132,128756,2179,0.0337267,,True
562.142392,4.78,131,136959,167,0.0335078,,True
562.142393,5.25,115,170770,38,0.0318453,,True
562.142394,5.39,162,209908,131,0.0172832,,True
562.142395,4.91,108,119401,2179,0.0336061,,True
562.142396,4.97,160,93927,131,0.0164371,,True
562.142397,5.11,93,336036,131,0.0169708,,True
562.142398,5.26,127,169294,131,0.016782,,True
562.142399,5.06,226,43295,624,0.0276977,,True
562.142400,5.19,206,136340,69,0.0319484,,True
562.142401,4.97,110,186403,410,0.0325113,,True
562.142402,5.22,280,126839,3570,0.0340693,,True
562.142403,4.96,94,210287,1193,0.0136694,,True
562.142404,5.16,143,267078,95,0.012265,,True
562.142405,4.99,234,49573,1193,0.0138435,,True
562.142406,5.37,213,89171,1177,0.0321348,,True
562.142407,5.26,196,147582,2003,0.0316506,,True
562.142413,4.89,402,26045,501,0.0328503,,True
562.142414,4.95,127,110772,131,0.0160973,,True
562.142419,4.97,183,63099,93,0.0335733,,True
562.142420,4.91,136,93494,2599,0.0335405,,True
562.142421,5.0,147,148219,131,0.0166457,,True
562.142422,5.14,149,213034,131,0.0162526,,True
562.142424,5.37,175,147311,131,0.0173415,,True
562.142426,5.1,201,147491,131,0.0169536,,True
562.142427,5.13,144,166056,357,0.0164259,,True
562.142428,5.17,130,190808,131,0.0165609,,True
562.142429,4.99,130,140119,354,0.0277066,,True
562.142430,5.18,111,353306,961,0.011952,,True
562.142431,5.18,222,72468,131,0.0183436,,True
562.142432,4.9,94,186954,131,0.0170399,,True
562.142433,5.08,96,249449,131,0.0174409,,True
562.142434,4.93,116,133920,88,0.0331825,,True
562.142435,4.97,91,189152,131,0.0165271,,True
562.142437,4.96,124,185188,1193,0.0136991,,True
562.142438,5.03,61,350169,12,0.0112201,,True
562.142439,4.81,219,88119,744,0.0340582,,True
562.142440,5.15,130,225634,131,0.0162638,,True
562.142441,5.05,172,126019,131,0.0175585,,True
562.142442,5.14,184,209087,131,0.0171612,,True
562.142443,5.19,92,293286,131,0.0164933,,True
562.142444,5.23,462,18216,648,0.0294895,,True
562.142445,4.93,98,188589,23,0.0334316,,True
562.142446,5.17,137,172659,131,0.0175762,,True
562.142447,4.96,129,244415,69,0.0316608,,True
562.142448,5.14,126,164696,131,0.0171091,,True
562.142449,5.37,170,161224,131,0.0173356,,True
562.142450,5.2,164,127421,131,0.0171149,,True
562.142451,5.07,119,210803,394,0.0330964,,True
562.142452,4.84,180,95854,48,0.0341361,,True
562.142453,5.15,212,158936,131,0.0176944,,True
562.142454,5.18,144,163778,1193,0.0147093,,True
562.142455,5.15,125,158936,131,0.0174527,,True
562.142456,5.09,121,158936,131,0.0170168,,True
562.142457,5.09,126,190808,131,0.016691,,True
562.142458,5.01,145,119021,167,0.0344385,,True
562.142459,5.39,115,142831,131,0.0185702,,True
562.142460,5.01,148,121776,167,0.0344385,,True
562.142461,5.01,152,121776,167,0.0344498,,True
562.142462,4.73,100,129587,101,0.0329357,,True
562.142463,5.19,154,104894,131,0.0178969,,True
562.142464,5.01,144,121776,167,0.0344498,,True
562.142465,5.17,205,188745,131,0.0174644,,True
562.142466,5.34,111,173865,131,0.0183558,,True
562.142467,5.23,144,161224,131,0.0167251,,True
562.142468,5.26,167,161224,131,0.0168505,,True
562.142469,5.21,199,127519,617,0.0347442,,True
562.142470,5.03,129,138229,131,0.0165891,,True
562.142471,5.09,131,143615,1193,0.0145953,,True
562.142472,5.26,154,175609,131,0.0168505,,True
562.142473,5.18,239,93931,405,0.0319071,,True
562.142474,4.8,339,30377,131,0.0166967,,True
562.142475,5.46,241,59104,405,0.0324167,,True
562.142476,4.96,98,207370,38,0.0307956,,True
562.142477,5.13,318,33191,14563,0.0165665,,True
562.142478,4.69,80,177843,196,0.032564,,True
562.142479,5.17,107,237084,1193,0.0146885,,True
562.142481,4.92,208,89345,697,0.033161,,True
562.142482,5.25,111,158215,38,0.0327227,,True
562.142483,5.21,121,222183,131,0.0166854,,True
562.142484,5.2,190,143321,131,0.0174116,,True
562.142485,5.26,222,146908,5150,0.0314775,,True
562.142486,5.3,181,134470,405,0.0321972,,True
562.142487,5.2,185,143321,131,0.0174058,,True
562.142488,5.0,55,319575,131,0.0154542,,True
562.142489,5.27,145,190808,131,0.0174409,,True
562.142490,5.14,149,127685,131,0.016902,,True
562.142491,5.15,146,191607,131,0.0168676,,True
562.142492,5.08,144,180610,131,0.0165496,,True
562.142493,5.42,154,145179,131,0.0177657,,True
562.142494,5.09,161,106619,69,0.0318762,,True
562.142495,5.26,196,166917,131,0.0174703,,True
562.142496,5.22,145,158936,131,0.0173298,,True
562.142497,5.27,171,127807,131,0.0178969,,True
562.142498,4.95,168,87164,155,0.0339141,,True
562.142499,4.9,185,84367,131,0.0168448,,True
562.142500,4.88,300,42004,131,0.0169421,,True
562.142501,5.12,149,181802,648,0.0286887,,True
562.142502,5.02,253,56799,131,0.0161416,,True
562.142503,5.03,122,124483,131,0.0167194,,True
562.142504,5.25,194,100308,131,0.0167251,,True
562.142505,4.89,105,127900,131,0.0164933,,True
562.142506,5.08,325,41231,131,0.01664,,True
562.142507,4.94,83,147114,131,0.0161693,,True
562.142508,5.08,216,78148,131,0.0172599,,True
562.142509,5.03,138,138726,131,0.0165552,,True
562.142510,5.28,249,158701,131,0.0169306,,True
562.142511,5.13,157,128632,127,0.0110488,,True
562.142512,5.0,438,28249,2003,0.0312954,,True
562.142514,5.08,121,214924,14561,0.0168334,,True
562.142515,5.05,115,177063,1193,0.0147249,,True
562.142516,4.75,101,104377,4380,0.0319484,,True
562.142517,4.86,76,205348,73,0.0117474,,True
562.142519,5.06,174,241318,73,0.0126017,,True
562.142520,5.02,122,222777,73,0.012442,,True
562.142521,4.82,113,205823,410,0.0327121,,True
562.142522,5.28,229,221963,131,0.0169536,,True
562.142523,5.19,182,92133,131,0.0177122,,True
562.142524,5.1,86,299627,73,0.0127103,,True
562.142525,5.04,105,190808,131,0.0169996,,True
562.142527,5.28,185,127743,69,0.0326909,,True
562.142528,5.11,87,192162,1193,0.0143384,,True
562.142529,5.23,190,134974,1177,0.0313964,,True
562.142530,5.03,101,211477,1193,0.0141553,,True
562.142534,5.07,174,242233,131,0.0169593,,True
562.142535,4.97,152,136191,131,0.0170341,,True
562.142536,5.14,179,215316,131,0.017086,,True
562.142537,4.94,115,152613,1193,0.0136249,,True
562.142538,5.02,108,188141,1193,0.0138735,,True
562.142539,4.82,110,125367,131,0.0166797,,True
562.142540,4.59,124,92854,10,0.0331502,,True
562.142541,5.11,117,196099,14548,0.0140744,,True
562.142542,5.1,143,184808,131,0.0173123,,True
562.142543,5.28,173,212175,131,0.0176944,,True
562.142544,5.08,75,237085,1193,0.0140089,,True
562.142545,4.93,130,118252,131,0.0169536,,True
562.142546,5.09,107,308831,131,0.0168105,,True
562.142547,5.2,252,82442,359,0.034203,,True
562.142548,5.06,131,139849,131,0.0167649,,True
562.142549,5.17,157,158205,11762,0.0325746,,True
562.142550,5.01,122,322860,73,0.0124701,,True
562.142551,5.22,95,340019,12,0.012131,,True
562.142552,5.17,133,215046,1193,0.0143537,,True
562.142553,5.16,83,372234,73,0.0129868,,True
562.142554,5.13,129,156819,131,0.0168562,,True
562.142555,5.09,119,210287,1193,0.0142823,,True
562.142556,5.2,200,104676,69,0.0326168,,True
562.142557,5.07,155,129949,1193,0.0142619,,True
562.142558,5.27,149,216238,127,0.0125687,,True
562.142559,5.11,91,355497,73,0.0130301,,True
562.142560,5.08,129,162041,131,0.0171091,,True
562.142561,5.06,122,200277,131,0.0166967,,True
562.142562,5.14,209,168928,131,0.0176234,,True
562.142563,5.16,182,138725,131,0.0171496,,True
562.142565,5.04,162,123596,131,0.0169364,,True
562.142566,5.16,131,209196,131,0.0171207,,True
562.142567,4.96,1178,7745,131,0.0167592,over 500 contigs (too fragmented),False
562.142568,5.06,112,209199,131,0.0168505,,True
562.142569,5.03,161,102629,131,0.0167649,,True
562.142570,5.16,177,127609,131,0.0174351,,True
562.142571,4.93,574,13709,1193,0.0141756,over 500 contigs (too fragmented),False
562.142572,4.94,161,150284,131,0.0164989,,True
562.142573,5.1,170,114472,131,0.0161416,,True
562.142574,5.01,127,153054,131,0.0169651,,True
562.142581,5.14,214,308521,88,0.033032,,True
562.142582,5.38,179,123595,131,0.0174761,,True
562.142583,4.92,165,151917,131,0.0172482,,True
562.142584,5.05,179,123597,131,0.0166967,,True
562.142585,5.15,142,129091,131,0.0176057,,True
562.142586,5.35,212,110490,131,0.0171554,,True
562.142587,5.03,137,142982,131,0.0162916,,True
562.142588,5.06,89,234340,73,0.0125687,,True
562.142589,5.14,173,111487,131,0.0170341,,True
562.142590,5.11,175,123053,131,0.0161859,,True
562.142591,5.24,200,124483,131,0.0172192,,True
562.142592,5.15,148,190808,131,0.0172134,,True
562.142593,5.13,148,111332,131,0.0171091,,True
562.142594,4.99,198,71744,131,0.0164315,,True
562.142595,5.31,171,153700,95,0.0139586,,True
562.142596,5.15,139,154484,131,0.0172541,,True
562.142597,5.3,183,110772,131,0.0170399,,True
562.142598,5.11,183,188976,131,0.0163978,,True
562.142599,4.92,131,151862,131,0.0164933,,True
562.142600,5.3,175,158995,95,0.0139586,,True
562.142601,5.34,217,142907,95,0.014267,,True
562.142602,4.94,152,190833,131,0.0167308,,True
562.142603,5.22,120,223988,131,0.016782,,True
562.142604,5.33,266,96952,95,0.0142111,,True
562.142605,5.13,155,123597,14607,0.0172657,,True
562.142607,4.65,189,65712,345,0.0329357,,True
562.142608,4.91,274,53718,69,0.0324062,,True
562.142609,5.43,192,132362,95,0.0143589,,True
562.142610,5.3,216,86852,2003,0.0322076,,True
562.142611,4.95,161,167280,131,0.016657,,True
562.142612,5.04,283,59056,767,0.0336389,,True
562.142613,5.22,211,65643,38,0.0319587,,True
562.142614,5.27,293,53906,648,0.0292168,,True
562.142615,5.1,446,34195,70,0.0320207,,True
562.142616,4.71,111,93209,2954,0.0323015,,True
562.142617,5.09,280,46896,648,0.028306,,True
562.142618,5.19,223,88967,38,0.0312651,,True
562.142624,5.04,168,183432,1193,0.0146626,,True
562.142626,5.13,150,225857,131,0.0162693,,True
562.142627,5.2,201,117044,69,0.0326168,,True
562.142628,5.27,174,138092,131,0.0168791,,True
562.142629,5.11,129,262444,127,0.0118153,,True
562.142632,5.11,82,307690,73,0.0127815,,True
562.142634,5.04,129,153972,131,0.0175821,,True
562.142635,5.16,154,136830,131,0.0168105,,True
562.142636,5.37,246,59533,131,0.017225,,True
562.142637,5.1,124,168353,1193,0.0143691,,True
562.142638,5.19,194,138384,131,0.0173882,,True
562.142639,5.17,150,196099,1193,0.0152244,,True
562.142640,5.1,156,198506,131,0.0168448,,True
562.142641,5.16,121,197777,131,0.0173765,,True
562.142642,5.36,152,190821,131,0.017324,,True
562.142643,5.1,113,176848,131,0.0173707,,True
562.142644,5.41,165,135331,648,0.0297649,,True
562.142645,5.07,129,244415,69,0.0321868,,True
562.142646,5.16,189,229620,131,0.0174116,,True
562.142647,5.11,134,188778,131,0.017359,,True
562.142648,5.06,113,190808,131,0.0167535,,True
562.142649,5.11,146,126957,131,0.0169766,,True
562.142650,4.99,122,169681,131,0.0165665,,True
562.142651,5.05,116,155413,38,0.030549,,True
562.142652,5.17,181,156484,131,0.0172192,,True
562.142653,5.11,99,237138,1193,0.0142467,,True
562.142654,4.71,45,307850,2622,0.0113352,,True
562.142655,5.22,134,184785,4663,0.0338368,,True
562.142658,5.26,136,191832,648,0.0297935,,True
562.142659,5.41,309,163387,69,0.0334533,,True
562.142660,5.01,113,144982,38,0.0309048,,True
562.142672,5.05,193,142006,131,0.0165271,,True
562.142679,5.24,180,92292,2003,0.0318145,,True
562.142680,5.11,103,165849,73,0.0127815,,True
562.142682,5.1,110,138420,73,0.012791,,True
562.142684,4.66,74,342217,2536,0.0327227,,True
562.142685,4.93,121,108987,131,0.0162693,,True
562.142686,4.79,284,47570,10,0.0324377,,True
562.142687,5.04,207,84399,131,0.0169996,,True
562.142688,4.95,146,137153,73,0.0122558,,True
562.142689,5.03,94,220435,73,0.0126772,,True
562.142690,5.37,246,106210,405,0.0326909,,True
562.142691,4.81,105,157463,14553,0.0163195,,True
562.142692,4.99,150,130859,131,0.0181736,,True
562.142693,5.02,123,121128,73,0.0127151,,True
562.142694,5.12,149,134759,131,0.0174761,,True
562.142695,5.09,211,70093,131,0.0166117,,True
562.142696,4.88,134,79163,550,0.0131651,,True
562.142697,4.94,197,105552,131,0.0170572,,True
562.142698,5.1,99,202436,73,0.0127293,,True
562.142699,5.0,151,125672,131,0.0168848,,True
562.142700,5.08,145,131967,131,0.0173181,,True
562.142701,5.39,261,89045,405,0.032564,,True
562.142703,5.16,168,119333,405,0.0316506,,True
562.142707,5.05,87,290075,73,0.0127625,,True
562.142708,5.02,142,136375,131,0.017588,,True
562.142711,5.08,158,268207,95,0.0129102,,True
562.142712,5.16,143,161328,38,0.0311646,,True
562.142713,5.0,112,279364,10391,0.0335187,,True
562.142714,5.19,150,143929,131,0.0167592,,True
562.142715,5.03,100,198478,131,0.0163419,,True
562.142716,5.24,256,88956,405,0.031969,,True
562.142717,5.14,138,150098,38,0.0305883,,True
562.142718,5.28,295,108085,38,0.0311445,,True
562.142719,5.04,161,118530,38,0.030677,,True
562.142720,5.3,244,198631,69,0.0322911,,True
562.142721,5.32,163,206962,69,0.0324798,,True
562.142722,5.11,121,187231,127,0.0121033,,True
562.142723,5.18,191,93324,38,0.0312048,,True
562.142724,5.13,170,237486,73,0.0134869,,True
562.142725,4.91,194,87449,131,0.0170629,,True
562.142726,5.24,305,90826,3258,0.0261014,,True
562.142727,4.93,281,42864,7013,0.0341472,,True
562.142728,5.13,332,37692,69,0.0325746,,True
562.142729,5.14,173,215959,131,0.0170111,,True
562.142730,4.96,180,93258,131,0.016782,,True
562.142731,5.31,213,106835,69,0.0326274,,True
562.142732,5.31,269,94963,69,0.0331933,,True
562.142733,5.02,147,104403,131,0.0166797,,True
562.142734,4.95,116,185018,131,0.0169364,,True
562.142735,5.17,184,106219,405,0.0318351,,True
562.142736,5.08,108,207312,1193,0.0141857,,True
562.142737,5.2,132,189521,95,0.0130445,,True
562.142738,5.07,90,283072,12,0.0115402,,True
562.142739,5.01,123,307311,73,0.0123906,,True
562.142740,5.0,127,190808,131,0.0164595,,True
562.142741,5.08,116,194774,131,0.0170918,,True
562.142742,4.86,159,77904,131,0.0168562,,True
562.142743,5.12,103,190808,131,0.0166117,,True
562.142744,5.04,120,159384,131,0.0171322,,True
562.142745,5.16,243,161070,95,0.0134427,,True
562.142746,4.96,141,217464,73,0.0123347,,True
562.142747,4.91,170,93707,73,0.0125734,,True
562.142748,4.84,120,209773,38,0.0309944,,True
562.142749,5.04,120,158936,131,0.0171149,,True
562.142751,5.16,138,279719,550,0.0136892,,True
562.142753,5.18,99,283372,131,0.0175173,,True
562.142754,5.34,234,88062,131,0.0173298,,True
562.142755,5.06,187,96657,131,0.0165214,,True
562.142756,5.13,334,61306,5150,0.0313459,,True
562.142757,5.16,159,156513,131,0.0164539,,True
562.142758,4.94,115,167968,131,0.0165271,,True
562.142760,5.3,197,123386,2792,0.034574,,True
562.142761,5.29,144,95859,1485,0.0290769,,True
562.142762,5.44,274,134564,38,0.0327758,,True
562.142763,4.99,94,210513,3268,0.0324903,,True
562.142764,4.99,102,191612,2179,0.0338809,,True
562.142765,4.98,64,308593,1485,0.0277597,,True
562.142766,5.14,117,191622,131,0.0171149,,True
562.142767,5.28,111,225781,131,0.0165948,,True
562.142768,5.02,98,199418,457,0.0275302,,True
562.142769,5.25,150,118712,405,0.0319484,,True
562.142770,5.27,126,164786,131,0.0165778,,True
562.142771,5.14,99,315626,73,0.0129916,,True
562.142772,5.14,199,111452,550,0.014024,,True
562.142773,5.01,118,262444,127,0.0113573,,True
562.142774,5.22,182,131369,405,0.0318659,,True
562.142775,4.99,148,138724,131,0.0172424,,True
562.142776,5.22,142,131286,69,0.0322493,,True
562.142777,5.04,222,68845,127,0.0115402,,True
562.142778,5.05,130,139950,1193,0.0148867,,True
562.142779,4.88,71,287574,73,0.0125076,,True
562.142780,4.92,139,133102,14554,0.0335842,,True
562.142781,5.2,241,137569,1177,0.0312349,,True
562.142782,4.89,131,123597,131,0.0163698,,True
562.142783,4.76,163,88454,450,0.034416,,True
562.142784,5.08,82,340706,73,0.0126677,,True
562.142785,5.08,98,311657,73,0.012663,,True
562.142786,5.1,87,287574,73,0.012753,,True
562.142787,5.14,85,307102,73,0.0129677,,True
562.142788,4.94,67,302153,73,0.012191,,True
562.142789,5.12,174,96133,12,0.0111497,,True
562.142790,5.06,141,191678,349,0.0314167,,True
562.142791,5.01,63,547229,73,0.0125499,,True
562.142792,4.99,106,242313,131,0.0164652,,True
562.142793,5.02,95,337397,73,0.0125546,,True
562.142794,5.2,120,195948,68,0.0320725,,True
562.142795,5.06,135,137116,38,0.030677,,True
562.142797,5.11,79,355496,73,0.0128815,,True
562.142798,5.05,125,287570,73,0.0125405,,True
562.142799,5.08,231,64203,550,0.0140794,,True
562.142800,5.04,172,241317,73,0.012753,,True
562.142801,4.98,71,547216,73,0.0122836,,True
562.142803,5.03,95,343173,12,0.0117021,,True
562.142805,5.01,113,190808,131,0.0160863,,True
562.142808,5.0,70,547205,73,0.012344,,True
562.142809,4.99,90,157292,457,0.0275918,,True
562.142810,5.0,71,547205,73,0.012344,,True
562.142811,5.09,161,83395,73,0.0129916,,True
562.142812,5.05,87,306333,73,0.0125311,,True
562.142813,5.03,108,228159,88,0.0319587,,True
562.142814,5.23,179,160975,69,0.0318865,,True
562.142815,5.07,93,203096,12,0.0117972,,True
562.142816,5.04,134,149215,131,0.0170111,,True
562.142817,5.0,94,133296,12,0.0117927,,True
562.142818,5.03,98,286149,73,0.0124561,,True
562.142819,5.02,213,106493,73,0.0125969,,True
562.142820,4.99,173,84847,131,0.0169823,,True
562.142821,5.34,299,120011,69,0.0319794,,True
562.142823,5.12,129,172027,131,0.0166117,,True
562.142824,5.46,193,88582,95,0.0126017,,True
562.142825,5.02,240,130241,131,0.0172773,,True
562.142827,4.83,166,61716,73,0.0125499,,True
562.142828,5.02,143,122496,73,0.0128624,,True
562.142829,5.11,86,355496,73,0.0128529,,True
562.142830,5.23,229,136338,69,0.0318248,,True
562.142831,5.04,153,93622,-,0.0129964,,True
562.142833,5.11,113,313804,12,0.0117745,,True
562.142836,5.09,159,183503,131,0.0169306,,True
562.142838,5.14,126,149506,131,0.0175408,,True
562.142839,5.11,154,210287,1193,0.0143231,,True
562.142840,5.09,222,92659,405,0.0318453,,True
562.142841,4.99,129,147030,40,0.034371,,True
562.142842,5.2,182,120416,405,0.0318042,,True
562.142843,5.14,128,149503,131,0.0175055,,True
562.142844,5.25,216,105263,648,0.0298031,,True
562.142845,4.92,94,189458,357,0.0155565,,True
562.142846,5.11,84,355496,73,0.0127625,,True
562.142847,5.0,168,77006,12,0.0115268,,True
562.142848,5.13,126,145523,131,0.016409,,True
562.142849,5.15,107,118044,131,0.0173473,,True
562.142850,5.1,146,109609,38,0.030875,,True
562.142851,5.06,91,238649,12,0.0114731,,True
562.142852,4.97,169,97782,58,0.0343823,,True
562.142853,5.13,170,118846,131,0.0176589,,True
562.142854,4.9,165,79289,10,0.0334533,,True
562.142855,5.2,267,96577,95,0.0134918,,True
562.142856,5.12,184,97570,131,0.0176234,,True
562.142857,5.28,243,198222,12,0.0127815,,True
562.142858,5.08,101,185364,131,0.0167991,,True
562.142859,4.98,118,128991,73,0.0123533,,True
562.142860,5.08,159,152201,73,0.0127293,,True
562.142861,5.16,152,113448,405,0.0317427,,True
562.142862,5.17,261,61639,69,0.0318865,,True
562.142863,5.04,236,107424,117,0.0256145,,True
562.142864,5.09,127,287804,73,0.0126772,,True
562.142865,5.17,252,158707,131,0.0173473,,True
562.142866,5.24,174,118620,405,0.032166,,True
562.142867,5.03,258,48116,73,0.0128768,,True
562.142869,5.47,109,143975,131,0.0179627,,True
562.142873,5.19,114,286217,95,0.0134869,,True
562.142874,5.05,122,268926,73,0.0127388,,True
562.142877,5.14,129,223339,73,0.0129437,,True
562.142878,5.33,183,113449,405,0.032,,True
562.142883,5.12,101,175884,131,0.017225,,True
562.142890,4.82,125,127720,1193,0.0146626,,True
562.142891,5.2,159,126280,131,0.0164539,,True
562.142892,4.79,136,110772,4468,0.0170053,,True
562.142893,5.01,187,148771,23,0.0335405,,True
562.142894,5.23,166,175521,131,0.01664,,True
562.142895,4.86,91,133392,4468,0.0162193,,True
562.142896,5.2,216,82880,131,0.0172832,,True
562.142897,5.09,144,105875,131,0.0172192,,True
562.142898,5.07,122,139951,1193,0.0141908,,True
562.142899,5.34,218,110772,131,0.0171438,,True
562.142900,5.36,243,86517,648,0.0289561,,True
562.142901,5.18,215,116109,131,0.0172424,,True
562.142902,4.93,129,107456,4684,0.0338037,,True
562.142903,5.2,247,80564,69,0.0319484,,True
562.142904,5.1,83,355424,73,0.012772,,True
562.142905,5.29,219,156774,131,0.0168734,,True
562.142906,5.04,510,16467,73,0.0130253,over 500 contigs (too fragmented),False
562.142907,5.03,215,70722,38,0.0304706,,True
562.142908,5.23,209,135509,131,0.0179867,,True
562.142909,4.87,1024,9112,95,0.0124748,over 500 contigs (too fragmented),False
562.142910,4.95,135,111945,162,0.0340138,,True
562.142911,5.08,207,139934,131,0.0167535,,True
562.142912,5.11,82,355424,73,0.0127672,,True
562.142914,5.15,93,203096,14555,0.0122002,,True
562.142918,5.06,85,287574,73,0.0126064,,True
562.142920,5.11,81,355424,73,0.0127672,,True
562.142921,5.16,169,118713,405,0.031671,,True
562.142922,5.02,84,355496,73,0.012414,,True
562.142923,5.05,150,322862,73,0.0125781,,True
562.142924,5.13,102,355497,73,0.0128577,,True
562.142925,5.05,100,167691,550,0.0132816,,True
562.142926,5.11,82,315625,73,0.0127625,,True
562.142927,4.9,167,108719,410,0.0332906,,True
562.142928,5.07,82,372415,73,0.0125969,,True
562.142929,5.1,82,331493,73,0.0127482,,True
562.142930,5.18,133,251858,127,0.0122048,,True
562.142931,5.1,88,355424,73,0.0127435,,True
562.142935,5.11,85,325694,73,0.012772,,True
562.142937,5.08,132,129106,131,0.0166797,,True
562.142938,5.11,163,117496,131,0.0175585,,True
562.142939,5.04,175,96867,1193,0.0144716,,True
562.142940,5.06,145,209202,131,0.0170226,,True
562.142941,5.28,150,217664,131,0.0170226,,True
562.142942,5.27,140,222183,131,0.0168391,,True
562.142943,5.08,180,148324,131,0.0170687,,True
562.142944,5.25,277,172353,8371,0.0335514,,True
562.142945,4.98,99,234719,131,0.0166457,,True
562.142946,5.07,151,190833,131,0.0170802,,True
562.142949,5.17,160,118713,405,0.0317324,,True
562.142953,5.15,178,159681,131,0.0175821,,True
562.142954,5.14,135,252524,648,0.0284603,,True
562.142956,5.24,185,116514,131,0.0171322,,True
562.142957,5.28,246,90567,38,0.0309745,,True
562.142958,5.38,241,72543,14556,0.0292262,,True
562.142959,5.16,193,91392,131,0.0174644,,True
562.142960,5.22,124,192426,14557,0.0285058,,True
562.142961,5.35,196,163458,648,0.0283422,,True
562.142962,4.96,144,135390,1193,0.0135656,,True
562.142963,5.1,201,80643,131,0.0169536,,True
562.142964,5.05,283,38999,38,0.0307857,,True
562.142965,5.27,163,147872,131,0.0173356,,True
562.142966,5.1,123,184731,131,0.0170514,,True
562.142967,5.11,145,222081,131,0.0162471,,True
562.142968,5.17,148,191609,131,0.0181192,,True
562.142969,5.05,163,148290,2853,0.0338478,,True
562.142970,5.15,147,134474,405,0.0315181,,True
562.142971,5.63,369,65714,2309,0.0334642,,True
562.142972,5.15,140,124220,162,0.0341695,,True
562.142973,5.34,184,158983,648,0.0292918,,True
562.142974,5.12,138,165612,73,0.0128386,,True
562.142975,5.05,175,133903,38,0.0310744,,True
562.142976,5.11,162,215959,131,0.0168963,,True
562.142977,5.03,118,158950,131,0.0165271,,True
562.142978,5.1,124,210287,1193,0.014364,,True
562.142979,5.08,106,206550,131,0.0166457,,True
562.142980,5.25,140,182853,131,0.0172366,,True
562.142981,5.36,235,158936,131,0.0170976,,True
562.142982,4.95,111,205495,131,0.0168676,,True
562.142983,5.19,204,108981,131,0.0169766,,True
562.142984,5.1,105,210287,1193,0.0143384,,True
562.142985,5.39,207,147795,131,0.0170802,,True
562.142986,5.3,207,90485,131,0.0173473,,True
562.142987,5.2,114,159510,95,0.0131071,,True
562.142988,4.62,29,490071,372,0.0114687,,True
562.142989,5.08,155,138727,131,0.0171612,,True
562.142990,4.99,128,141105,131,0.0168448,,True
562.142991,5.04,122,144012,131,0.0166004,,True
562.142992,5.07,104,227876,14584,0.0168048,,True
562.142993,5.15,141,212653,131,0.017196,,True
562.142994,5.15,140,134376,38,0.0311746,,True
562.142995,5.12,133,152710,141,0.00573148,,True
562.142996,5.26,212,111637,131,0.0177063,,True
562.142997,5.34,262,101105,69,0.0324798,,True
562.142998,5.09,115,223448,14584,0.0169421,,True
562.142999,5.03,205,104894,131,0.016691,,True
562.143000,5.0,145,191061,131,0.0167479,,True
562.143001,5.13,145,120557,131,0.0168963,,True
562.143002,5.16,115,203745,131,0.0164146,,True
562.143003,5.16,166,190808,131,0.0175526,,True
562.143004,5.19,139,205753,131,0.0165102,,True
562.143005,5.34,288,68347,14585,0.0316813,,True
562.143006,5.06,177,85828,131,0.0167592,,True
562.143007,4.99,236,57149,131,0.0174585,,True
562.143008,5.17,205,190807,131,0.0172715,,True
562.143009,5.1,210,67590,131,0.0173999,,True
562.143010,5.26,220,110772,131,0.0177004,,True
562.143013,5.04,76,361972,12,0.0114731,,True
562.143018,4.98,159,146259,131,0.0172134,,True
562.143019,4.75,162,60184,156,0.0331825,,True
562.143020,4.86,189,78768,58,0.0335405,,True
562.143021,5.6,335,93334,131,0.0181978,,True
562.143022,5.22,156,117510,131,0.017359,,True
562.143023,5.32,170,154878,131,0.0170745,,True
562.143024,5.32,252,94206,155,0.0355986,,True
562.143025,4.87,338,38735,131,0.0171554,,True
562.143026,4.98,164,159610,14587,0.0168734,,True
562.143035,5.18,106,215971,131,0.0162193,,True
562.143036,5.35,212,110772,131,0.0172192,,True
562.143038,4.99,145,184585,38,0.0306868,,True
562.143039,5.24,220,138710,131,0.0175232,,True
562.143040,5.25,125,166379,131,0.017653,,True
562.143041,5.13,188,138727,131,0.017482,,True
562.143042,5.07,108,126105,648,0.0270424,,True
562.143043,5.14,168,267563,131,0.0173123,,True
562.143045,5.31,184,70041,131,0.0184842,,True
562.143046,5.18,192,158936,131,0.0170629,,True
562.143047,5.02,122,178470,131,0.0166513,,True
562.143048,5.16,137,199995,131,0.0172134,,True
562.143049,5.1,872,11531,131,0.0173941,over 500 contigs (too fragmented),False
562.143050,5.02,118,161386,162,0.033892,,True
562.143051,5.16,294,69047,48,0.0351106,,True
562.143052,4.97,117,121086,73,0.0123161,,True
562.143053,5.28,164,123597,131,0.0169708,,True
562.143054,4.83,118,111669,93,0.0329464,,True
562.143055,5.13,116,158762,131,0.017359,,True
562.143056,5.13,91,302152,73,0.012872,,True
562.143057,5.09,120,129088,73,0.0127625,,True
562.143058,5.12,235,121260,3570,0.0337267,,True
562.143059,5.08,153,119843,73,0.0128005,,True
562.143061,5.27,191,157609,69,0.0324587,,True
562.143063,5.21,171,106219,405,0.0318762,,True
562.143064,5.1,82,372369,73,0.0127767,,True
562.143066,5.03,77,300574,73,0.012772,,True
562.143067,4.92,108,156017,131,0.0163642,,True
562.143069,4.95,82,230676,131,0.0166344,,True
562.143070,5.17,148,208160,73,0.0131651,,True
562.143072,5.28,211,108987,131,0.0170629,,True
562.143073,5.02,175,181250,131,0.0168562,,True
562.143074,4.99,295,55291,131,0.0159375,,True
562.143075,5.03,121,143634,550,0.0135755,,True
562.143076,5.04,94,223651,73,0.0125217,,True
562.143077,5.1,148,138725,131,0.0172424,,True
562.143078,4.8,117,113392,1193,0.0141908,,True
562.143079,4.91,110,218712,131,0.0161582,,True
562.143080,4.91,185,85683,73,0.0130253,,True
562.143081,5.11,156,98320,131,0.0173707,,True
562.143082,5.25,197,109229,95,0.013199,,True
562.143083,5.09,94,185368,131,0.0168448,,True
562.143084,5.01,146,152253,14605,0.0124842,,True
562.143085,4.99,143,122537,12,0.0115447,,True
562.143086,5.34,264,41557,2003,0.0320104,,True
562.143087,4.91,139,158605,-,0.0130782,,True
562.143088,5.18,254,66867,1177,0.0315181,,True
562.143089,5.01,131,131884,73,0.0130301,,True
562.143090,5.05,101,185776,73,0.0125922,,True
562.143091,5.0,108,172319,73,0.0126866,,True
562.143092,4.79,154,134115,131,0.0165778,,True
562.143093,5.02,134,112499,73,0.0124327,,True
562.143094,5.16,261,86410,88,0.0337927,,True
562.143095,5.01,125,109935,131,0.0175939,,True
562.143096,5.02,175,84348,131,0.0174585,,True
562.143099,5.29,178,143955,131,0.0169077,,True
562.143100,5.28,244,123164,69,0.0329571,,True
562.143101,5.11,95,340349,73,0.0126394,,True
562.143102,5.16,164,152411,648,0.0289283,,True
562.143103,4.73,91,182287,14565,0.0326803,,True
562.143104,5.18,172,139507,131,0.0173824,,True
562.143105,4.99,144,181028,131,0.0169306,,True
562.143106,5.1,208,80022,69,0.0323643,,True
562.143107,5.25,268,158936,131,0.0170976,,True
562.143108,5.19,209,115035,131,0.0173065,,True
562.143109,4.93,86,354388,73,0.0122511,,True
562.143110,5.1,208,174285,73,0.0133547,,True
562.143111,4.94,86,190246,73,0.012344,,True
562.143112,5.19,358,73800,131,0.0173824,,True
562.143113,5.19,193,171581,131,0.017086,,True
562.143114,5.07,121,138727,14597,0.0168734,,True
562.143115,5.18,210,66353,131,0.0167194,,True
562.143116,5.03,87,187709,131,0.0166117,,True
562.143117,4.98,85,139929,131,0.0173648,,True
562.143118,5.14,171,118305,1193,0.0145953,,True
562.143119,5.19,191,189556,131,0.0177122,,True
562.143120,5.17,155,141130,131,0.0174996,,True
562.143121,5.14,111,142166,131,0.0171033,,True
562.143122,4.92,170,132572,131,0.0171612,,True
562.143123,5.11,184,80557,131,0.0176648,,True
562.143124,5.01,152,136366,131,0.0168334,,True
562.143125,5.09,182,190833,131,0.0179088,,True
562.143126,5.03,112,160223,131,0.0168105,,True
562.143127,5.19,159,158936,131,0.0176352,,True
562.143128,5.14,158,145380,10982,0.0326803,,True
562.143129,5.12,169,140482,131,0.016691,,True
562.143130,4.99,136,127225,1722,0.0279823,,True
562.143131,5.12,175,159402,131,0.0171091,,True
562.143132,5.11,140,189244,127,0.0116616,,True
562.143133,4.96,79,322861,73,0.0123161,,True
562.143134,5.14,160,140481,131,0.0172366,,True
562.143135,5.03,87,232800,12,0.0115582,,True
562.143136,5.19,159,190808,131,0.0173473,,True
562.143137,5.04,71,685901,648,0.0275302,,True
562.143138,4.9,71,242613,1485,0.0272852,,True
562.143139,5.02,98,340027,12,0.0112997,,True
562.143141,5.06,165,128580,73,0.0126725,,True
562.143142,4.88,100,252488,131,0.0162582,,True
562.143143,5.2,133,208793,73,0.0126347,,True
562.143144,5.19,139,232789,73,0.0126347,,True
562.143145,5.12,145,136366,131,0.0167479,,True
562.143146,5.12,162,213152,131,0.0162471,,True
562.143147,5.12,321,46726,-,0.0172366,,True
562.143148,5.04,201,64082,1193,0.0147093,,True
562.143149,5.19,168,130789,131,0.0165665,,True
562.143150,4.93,96,276389,131,0.015235,,True
562.143151,5.03,163,73775,131,0.0167649,,True
562.143152,5.11,146,139989,69,0.0325957,,True
562.143153,4.88,313,31435,1675,0.0352029,,True
562.143154,5.05,90,147280,131,0.0172134,,True
562.143155,5.12,133,158714,131,0.0172308,,True
562.143156,5.12,133,190808,131,0.0172424,,True
562.143157,5.08,95,276205,131,0.0169077,,True
562.143158,5.16,132,209199,131,0.017196,,True
562.143159,4.83,135,131438,38,0.0313661,,True
562.143160,5.33,161,190808,131,0.0171612,,True
562.143161,5.21,123,181936,95,0.013615,,True
562.143162,5.2,206,155527,131,0.0171033,,True
562.143163,5.11,214,75237,131,0.0169192,,True
562.143164,5.1,191,94702,131,0.0167535,,True
562.143165,5.09,173,127920,38,0.031245,,True
562.143166,4.72,156,103509,4682,0.0327652,,True
562.143167,5.06,137,102263,131,0.0169364,,True
562.143168,4.91,344,29779,131,0.0167422,,True
562.143169,5.12,184,90130,131,0.0172832,,True
562.143170,5.11,176,104785,131,0.0170226,,True
562.143171,5.06,190,84632,131,0.0165778,,True
562.143172,5.07,281,41625,131,0.0169249,,True
562.143173,5.04,129,138197,131,0.0167194,,True
562.143174,5.16,169,122333,95,0.013615,,True
562.143175,5.05,195,129123,131,0.0170399,,True
562.143176,5.1,189,109331,131,0.0171786,,True
562.143177,5.13,232,93258,131,0.0170802,,True
562.143181,4.99,169,87421,1193,0.0139637,,True
562.143192,4.69,190,43400,8324,0.032925,,True
562.143193,4.85,345,25319,297,0.0329571,,True
562.143194,4.9,103,163960,297,0.0330213,,True
562.143195,5.09,119,201317,131,0.0170053,,True
562.143196,5.02,80,284763,457,0.027539,,True
562.143197,4.84,128,161396,2541,0.0335514,,True
562.143200,5.15,132,175140,131,0.0170918,,True
562.143201,4.89,161,95484,38,0.0317324,,True
562.143202,5.61,459,132117,69,0.0338588,,True
562.143203,5.05,162,143253,131,0.0167251,,True
562.143204,4.93,157,131956,10,0.0346646,,True
562.143205,4.98,163,151585,10,0.0346987,,True
562.143207,5.29,169,175528,131,0.0169708,,True
562.143209,4.93,90,175411,131,0.0162359,,True
562.143210,5.19,137,174835,1193,0.0151395,,True
562.143212,5.28,161,203776,95,0.0134673,,True
562.143215,5.18,148,148630,131,0.0174058,,True
562.143222,5.17,137,308590,1485,0.0277243,,True
562.143223,5.12,84,201367,131,0.0161084,,True
562.143228,5.07,164,153847,3258,0.02559,,True
562.143229,5.2,153,288028,95,0.0113707,,True
562.143230,5.19,151,135746,648,0.0286337,,True
562.143231,4.84,89,205090,23,0.0332581,,True
562.143232,5.11,149,267582,131,0.017086,,True
562.143233,4.69,97,246141,131,0.0170802,,True
562.143234,5.25,147,155814,7962,0.0322389,,True
562.143235,5.13,154,143301,131,0.0170687,,True
562.143236,5.07,136,267563,131,0.0168505,,True
562.143237,5.09,186,150098,5150,0.030865,,True
562.143238,4.77,105,170435,3580,0.032861,,True
562.143239,4.95,430,26018,131,0.0169077,,True
562.143240,5.07,204,93064,38,0.0307857,,True
562.143241,5.05,105,145707,131,0.0166117,,True
562.143242,5.16,144,205690,14,0.0136892,,True
562.143243,5.01,83,148682,91,0.0155619,,True
562.143244,5.04,130,143035,1193,0.0140039,,True
562.143245,4.93,102,187610,162,0.0336499,,True
562.143246,5.13,150,189556,131,0.0177063,,True
562.143247,5.14,213,203742,95,0.0133547,,True
562.143248,5.13,162,146247,131,0.0171438,,True
562.143249,5.16,204,190808,131,0.017086,,True
562.143250,5.04,104,165425,131,0.0165609,,True
562.143251,5.09,138,97528,131,0.0171496,,True
562.143252,5.13,119,173576,131,0.0170918,,True
562.143253,5.08,168,188612,117,0.02559,,True
562.143254,4.63,79,136475,641,0.032218,,True
562.143255,5.49,265,81633,3258,0.0271635,,True
562.143256,4.88,121,171655,131,0.0175703,,True
562.143257,5.33,170,147618,131,0.0178133,,True
562.143258,5.02,172,129167,38,0.0307066,,True
562.143259,5.13,114,172901,349,0.0320829,,True
562.143260,5.11,132,183441,1193,0.0141047,,True
562.143261,4.98,139,133903,38,0.0307263,,True
562.143262,4.67,193,67589,14591,0.0136645,,True
562.143263,5.18,290,88807,117,0.02568,,True
562.143264,5.04,154,129485,131,0.0166287,,True
562.143265,4.6,1091,7526,937,0.0334642,over 500 contigs (too fragmented),False
562.143266,5.28,178,129929,7962,0.0323538,,True
562.143267,4.94,350,25127,131,0.0170572,,True
562.143268,5.23,134,214162,131,0.0174996,,True
562.143269,4.84,229,68158,58,0.0342925,,True
562.143270,5.02,152,161021,349,0.0312853,,True
562.143271,5.12,119,244035,1485,0.0276535,,True
562.143272,5.09,115,213768,131,0.0169593,,True
562.143273,5.03,77,547215,73,0.0124093,,True
562.143274,5.13,152,167440,162,0.0339916,,True
562.143275,5.21,140,146445,38,0.0316608,,True
562.143276,5.07,90,266166,131,0.0169823,,True
562.143277,5.03,122,190993,131,0.0170053,,True
562.143278,4.98,126,159313,131,0.0166627,,True
562.143279,5.07,191,153633,131,0.0177716,,True
562.143280,5.06,101,218858,14599,0.0143129,,True
562.143281,5.02,84,222183,131,0.0168905,,True
562.143282,5.29,158,158936,131,0.0169478,,True
562.143283,5.24,163,129501,131,0.016782,,True
562.143284,5.15,138,151864,131,0.0171786,,True
562.143285,4.97,132,209208,131,0.0166627,,True
562.143286,4.94,89,218362,457,0.02746,,True
562.143287,4.92,421,27041,131,0.0175585,,True
562.143288,5.2,130,155489,131,0.016314,,True
562.143289,5.1,139,195910,69,0.0325429,,True
562.143290,4.73,204,88510,10,0.0329571,,True
562.143291,4.97,141,97437,70,0.0308849,,True
562.143292,5.2,166,195701,1193,0.0148187,,True
562.143293,4.94,93,158976,131,0.0161194,,True
562.143294,4.97,104,158935,131,0.0169996,,True
562.143295,5.25,326,71114,69,0.032312,,True
562.143296,5.29,101,246694,2792,0.0343935,,True
562.143297,5.17,185,138996,131,0.0174468,,True
562.143298,5.22,141,180633,131,0.0180408,,True
562.143299,5.1,145,147434,38,0.0308253,,True
562.143300,4.96,128,261726,357,0.0158499,,True
562.143301,5.38,227,125095,14598,0.0264113,,True
562.143302,5.13,145,185294,131,0.0172773,,True
562.143308,5.06,86,372415,73,0.0126064,,True
562.143309,5.17,115,232577,131,0.0167251,,True
562.143312,4.93,155,294821,131,0.016674,,True
562.143313,4.92,196,88332,1163,0.0257046,,True
562.143314,5.05,295,46154,1485,0.0275038,,True
562.143315,5.19,362,36531,354,0.0294046,,True
562.143316,5.28,173,122639,648,0.0283513,,True
562.143317,5.27,206,67245,648,0.0282879,,True
562.143318,5.26,199,71909,648,0.0282518,,True
562.143319,5.11,112,192504,1196,0.0333664,,True
562.143320,4.71,81,166424,4360,0.0326909,,True
562.143321,4.99,111,201318,131,0.0169134,,True
562.143322,5.15,126,148760,5150,0.0309147,,True
562.143323,5.03,136,137114,38,0.0307461,,True
562.143324,5.49,185,100020,2003,0.0325851,,True
562.143325,5.16,686,16477,131,0.0173006,over 500 contigs (too fragmented),False
562.143326,4.77,67,382548,1385,0.014616,,True
562.143327,5.15,120,169320,131,0.0172832,,True
562.143328,5.0,141,239678,131,0.0169823,,True
562.143329,5.03,145,137116,38,0.0307659,,True
562.143330,4.68,61,182457,2351,0.0329892,,True
562.143331,5.14,154,117548,131,0.0171786,,True
562.143332,5.01,122,139673,131,0.0167194,,True
562.143333,5.17,152,102761,131,0.0180288,,True
562.143334,4.79,208,70580,6215,0.0331933,,True
562.143335,4.96,73,294808,131,0.01664,,True
562.143336,5.25,141,136981,131,0.0166174,,True
562.143337,5.28,149,158912,131,0.0173181,,True
562.143338,4.92,125,277500,88,0.032893,,True
562.143339,5.08,106,218373,131,0.0171033,,True
562.143340,5.0,116,307311,73,0.0124,,True
562.143341,4.87,112,157001,131,0.0165948,,True
562.143342,4.98,107,166958,131,0.0161527,,True
562.143343,5.19,145,175113,131,0.0177122,,True
562.143344,4.83,89,183076,10,0.033032,,True
562.143345,5.23,147,154073,68,0.0322806,,True
562.143346,5.21,133,147311,131,0.0164371,,True
562.143347,5.03,154,115732,131,0.0167706,,True
562.143348,5.07,94,174024,131,0.0169192,,True
562.143349,5.09,166,138729,131,0.0174938,,True
562.143350,5.1,165,119533,131,0.0173999,,True
562.143351,5.0,166,94758,744,0.0344273,,True
562.143352,5.26,148,281767,95,0.0136694,,True
562.143353,5.1,142,216326,131,0.0168505,,True
562.143354,5.06,121,158937,131,0.0168848,,True
562.143355,5.1,215,63364,131,0.0179927,,True
562.143356,5.23,138,158940,131,0.0176057,,True
562.143357,5.01,79,259662,73,0.0123673,,True
562.143358,5.2,133,205735,131,0.0165102,,True
562.143359,5.03,98,210287,1193,0.0138036,,True
562.143360,5.39,200,147588,2003,0.0319794,,True
562.143361,5.02,118,246032,131,0.0162693,,True
562.143362,4.99,135,183508,131,0.0166117,,True
562.143363,5.08,119,281137,131,0.0165552,,True
562.143364,5.06,85,314344,73,0.0125875,,True
562.143365,5.09,186,82424,131,0.0169823,,True
562.143366,5.04,152,129023,131,0.0168562,,True
562.143367,5.08,133,137380,38,0.0314572,,True
562.143368,4.87,64,232920,12,0.0114597,,True
562.143369,5.1,163,149856,131,0.017324,,True
562.143370,4.96,116,190808,131,0.0164371,,True
562.143371,5.0,164,100306,744,0.0344611,,True
562.143372,5.0,107,173647,131,0.0167024,,True
562.143373,5.08,129,143040,131,0.016544,,True
562.143375,5.07,189,85508,131,0.0167422,,True
562.143376,5.03,157,139697,131,0.017225,,True
562.143377,5.02,113,287634,73,0.0124327,,True
562.143378,5.01,111,173641,131,0.0168905,,True
562.143379,4.85,185,87004,73,0.0119977,,True
562.143380,4.92,143,134329,131,0.01664,,True
562.143381,5.23,139,221504,131,0.0166683,,True
562.143382,5.05,119,130271,131,0.0171265,,True
562.143383,5.23,201,135947,131,0.0168391,,True
562.143385,4.99,137,190808,131,0.0162137,,True
562.143387,5.24,88,277834,131,0.0166797,,True
562.143388,4.96,90,355496,73,0.0125499,,True
562.143397,5.1,77,372281,73,0.0127198,,True
562.143399,5.11,120,313148,73,0.0127245,,True
562.143400,5.06,81,372305,73,0.0125828,,True
562.143401,5.05,67,547099,73,0.0126205,,True
562.143403,5.06,149,88901,73,0.0128481,,True
562.143406,5.1,197,139584,131,0.0171554,,True
562.143407,5.11,180,145544,131,0.017167,,True
562.143412,5.11,182,159634,131,0.0171612,,True
562.143414,5.09,108,196399,372,0.0108919,,True
562.143416,5.11,159,126017,131,0.0170111,,True
562.143417,5.0,144,87164,131,0.0165891,,True
562.143418,4.91,102,130097,14610,0.0169593,,True
562.143419,5.06,185,81677,131,0.0169536,,True
562.143420,5.05,157,110772,131,0.0165891,,True
562.143421,5.14,190,138727,131,0.0172018,,True
562.143422,4.95,192,83638,7285,0.0342142,,True
562.143423,5.03,140,138724,131,0.0170226,,True
562.143424,4.96,86,238891,131,0.0163251,,True
562.143425,4.99,154,128853,38,0.030608,,True
562.143426,5.06,132,158701,131,0.0167706,,True
562.143427,5.05,127,190808,131,0.0168334,,True
562.143428,5.17,198,161616,131,0.0173123,,True
562.143429,5.18,141,114787,38,0.031508,,True
562.143430,5.34,201,74664,70,0.0321972,,True
562.143431,5.07,149,84520,131,0.0168448,,True
562.143432,5.1,289,62398,648,0.0289283,,True
562.143433,5.18,123,189539,131,0.0172482,,True
562.143434,5.04,142,166972,131,0.0168334,,True
562.143435,4.92,76,178945,3052,0.0312249,,True
562.143436,5.08,122,213334,131,0.0168391,,True
562.143437,4.85,95,196098,1193,0.0141098,,True
562.143438,5.21,189,158935,131,0.0173765,,True
562.143439,4.48,299,24345,120,0.0342701,size outside 4.5-6.0 Mb,False
562.143441,5.1,221,68779,131,0.0169134,,True
562.143442,5.13,125,209196,131,0.0170111,,True
562.143443,4.95,252,84103,-,0.0174292,,True
562.143444,5.15,153,110772,131,0.0171091,,True
562.143445,5.4,135,286222,648,0.0294612,,True
562.143449,5.04,106,209202,131,0.0167251,,True
562.143450,5.02,124,138727,131,0.0165948,,True
562.143451,5.17,149,140125,131,0.0167024,,True
562.143453,5.2,166,153947,131,0.0173065,,True
562.143459,5.09,123,177657,1193,0.0142162,,True
562.143461,5.22,164,154634,131,0.0170168,,True
562.143462,5.2,168,138727,131,0.0175173,,True
562.143463,5.18,189,165108,131,0.0172599,,True
562.143464,5.04,125,204060,1193,0.014024,,True
562.143466,5.06,96,210602,131,0.0168391,,True
562.143475,5.04,192,191061,131,0.0170687,,True
562.143476,5.16,146,167632,131,0.0173473,,True
562.143477,5.19,167,145948,131,0.0172948,,True
562.143478,5.04,143,137288,131,0.0171902,,True
562.143479,4.79,83,190802,131,0.0166174,,True
562.143480,5.13,156,180869,131,0.017167,,True
562.143481,5.13,157,108987,131,0.0166457,,True
562.143483,5.13,148,108987,131,0.016623,,True
562.143484,5.18,174,86389,131,0.0173006,,True
562.143485,5.15,173,170739,73,0.013428,,True
562.143486,5.12,139,152223,73,0.0132913,,True
562.143487,5.12,171,158466,73,0.0133059,,True
562.143488,5.25,167,136110,131,0.0169134,,True
562.143489,5.28,229,75307,131,0.0170745,,True
562.143490,5.16,187,141873,73,0.0134673,,True
562.143491,5.15,182,113139,73,0.0134085,,True
562.143492,5.19,139,120286,131,0.018216,,True
562.143493,5.05,180,165553,73,0.0139035,,True
562.143494,5.18,200,127442,131,0.0173707,,True
562.143495,5.19,172,174775,73,0.0135903,,True
562.143496,5.13,147,145205,73,0.0133596,,True
562.143497,5.24,142,174711,12,0.0133596,,True
562.143498,5.19,201,250622,73,0.0136348,,True
562.143499,5.03,152,190833,131,0.0175644,,True
562.143500,5.11,83,355496,73,0.0128291,,True
562.143503,5.02,122,201317,131,0.0165665,,True
562.143504,5.15,162,191289,131,0.017138,,True
562.143505,5.09,137,209202,131,0.0168505,,True
562.143506,5.11,83,372375,73,0.0129629,,True
562.143507,5.11,90,314639,73,0.012772,,True
562.143508,5.24,136,360244,12,0.0124982,,True
562.143509,5.11,85,355496,73,0.0128386,,True
562.143510,5.06,83,267897,73,0.0125546,,True
562.143511,5.11,89,306963,73,0.0128434,,True
562.143512,5.1,85,355496,73,0.0127245,,True
562.143513,5.05,122,287633,73,0.0125593,,True
562.143514,5.16,111,201314,131,0.0171207,,True
562.143515,5.06,80,372375,73,0.0125828,,True
562.143519,5.11,83,313792,73,0.01281,,True
562.143520,5.01,110,307311,73,0.012414,,True
562.143521,4.96,71,547214,73,0.0126441,,True
562.143522,5.08,84,331510,73,0.0126819,,True
562.143523,5.06,82,372375,73,0.0125969,,True
562.143524,5.13,162,136366,131,0.0170629,,True
562.143527,5.1,90,306979,73,0.0127388,,True
562.143528,5.08,116,135865,73,0.012663,,True
562.143529,5.08,86,355497,73,0.0127435,,True
562.143530,5.06,84,372422,73,0.0125969,,True
562.143531,5.21,111,216292,1193,0.0147613,,True
562.143532,5.08,150,203754,95,0.0130638,,True
562.143533,5.06,76,547206,73,0.0125875,,True
562.143534,5.24,138,340998,12,0.0125311,,True
562.143535,5.15,138,139754,131,0.0172308,,True
562.143536,5.06,78,372619,73,0.0125969,,True
562.143537,4.97,116,128927,73,0.0122975,,True
562.143538,5.22,159,104371,12,0.0125452,,True
562.143539,5.13,111,209191,131,0.0172599,,True
562.143540,5.2,327,43263,5150,0.0316506,,True
562.143541,5.25,174,98258,131,0.0167649,,True
562.143542,5.26,158,195863,131,0.0168219,,True
562.143543,5.11,294,37678,131,0.0162359,,True
562.143544,5.18,176,206903,73,0.0130108,,True
562.143545,4.97,607,13403,131,0.0174703,over 500 contigs (too fragmented),False
562.143546,5.03,1534,6104,-,0.0133791,over 500 contigs (too fragmented),False
562.143547,4.9,47,544020,357,0.0155457,,True
562.143548,4.92,143,113455,131,0.0170918,,True
562.143549,5.15,100,203177,131,0.0172366,,True
562.143550,5.19,275,76085,69,0.0325851,,True
562.143551,5.15,198,169030,73,0.0127435,,True
562.143552,5.06,87,547215,73,0.0126158,,True
562.143553,5.06,77,330265,73,0.0128911,,True
562.143554,5.36,206,148876,69,0.0328183,,True
562.143555,4.95,63,315153,73,0.012191,,True
562.143556,5.0,86,306963,73,0.0123673,,True
562.143557,5.03,352,28020,131,0.0174761,,True
562.143558,5.12,122,154226,131,0.0169536,,True
562.143559,5.14,171,182584,131,0.0171207,,True
562.143560,4.93,285,29634,73,0.0125593,,True
562.143561,5.03,127,135085,131,0.0165383,,True
562.143562,5.09,123,124834,73,0.012734,,True
562.143563,5.35,256,188086,131,0.0179388,,True
562.143564,5.02,599,13553,73,0.0129246,over 500 contigs (too fragmented),False
562.143565,5.21,348,27120,405,0.0320621,,True
562.143566,5.09,134,155337,131,0.0168963,,True
562.143567,5.19,218,75238,12,0.0125969,,True
562.143568,4.94,146,152239,73,0.0127388,,True
562.143569,4.97,57,350171,12,0.010931,,True
562.143570,5.08,119,128202,73,0.0127293,,True
562.143571,5.1,155,184585,38,0.0310744,,True
562.143572,4.88,80,191062,131,0.0169938,,True
562.143573,4.97,64,354845,12,0.0109702,,True
562.143574,4.98,244,53110,-,0.0128815,,True
562.143575,4.91,123,241727,73,0.0119886,,True
562.143576,5.11,88,355496,73,0.0128053,,True
562.143577,4.95,113,324618,12,0.0112864,,True
562.143578,5.15,150,154066,131,0.0171033,,True
562.143579,4.92,218,76136,73,0.0130205,,True
562.143580,5.15,183,113100,405,0.0318042,,True
562.143581,5.15,204,144226,73,0.0135311,,True
562.143582,5.07,103,267582,131,0.0167991,,True
562.143583,4.89,136,108947,58,0.0332581,,True
562.143584,5.16,167,132116,131,0.0167934,,True
562.143585,5.12,159,183447,131,0.0170168,,True
562.143586,5.04,198,79695,38,0.0308452,,True
562.143587,5.06,166,188629,131,0.0170341,,True
562.143588,5.05,144,154074,131,0.016623,,True
562.143589,5.04,131,158936,131,0.0166004,,True
562.143590,4.9,52,420710,538,0.0159101,,True
562.143591,5.23,136,157052,131,0.0175232,,True
562.143592,5.2,214,117005,155,0.0351221,,True
562.143593,5.32,170,148817,362,0.0319381,,True
562.143594,5.11,107,183423,131,0.0171728,,True
562.143595,5.01,139,134971,38,0.0303046,,True
562.143596,5.08,174,123087,38,0.03162,,True
562.143597,5.0,135,111589,453,0.0339473,,True
562.143598,5.2,208,168891,14,0.0138135,,True
562.143599,4.89,97,177720,1193,0.014029,,True
562.143600,5.1,115,196099,1193,0.0142721,,True
562.143601,5.32,259,149182,11,0.0366481,,True
562.143602,4.97,150,207040,131,0.0174996,,True
562.143603,5.04,110,155413,38,0.0306375,,True
562.143604,5.21,212,173575,131,0.0169249,,True
562.143605,4.92,74,244155,357,0.0156268,,True
562.143606,4.93,102,209294,457,0.0271635,,True
562.143607,5.22,132,213990,429,0.0162026,,True
562.143608,5.19,160,196081,131,0.0173473,,True
562.143609,5.1,66,226179,91,0.016009,,True
562.143610,5.03,91,190808,131,0.0169708,,True
562.143611,5.06,145,138727,131,0.0167251,,True
562.143612,5.03,186,91122,131,0.0168105,,True
562.143613,5.11,354,51536,-,0.0296791,,True
562.143614,4.98,117,106800,12,0.0115716,,True
562.143615,5.01,131,136083,349,0.0319381,,True
562.143616,5.13,247,109820,131,0.0174527,,True
562.143617,5.22,195,99734,131,0.0167763,,True
562.143618,5.37,307,89961,405,0.0324693,,True
562.143619,5.12,136,123597,131,0.0174175,,True
562.143620,4.88,177,92831,9956,0.0330213,,True
562.143621,4.98,102,146503,131,0.0169249,,True
562.143622,5.19,115,281987,95,0.0134918,,True
562.143623,5.06,65,171679,14592,0.0408492,,True
562.143624,4.98,119,93389,91,0.0155134,,True
562.143625,5.19,354,53740,3570,0.0339362,,True
562.143626,4.84,101,155998,155,0.0334751,,True
562.143628,5.01,111,333680,73,0.0123301,,True
562.143630,5.01,105,203802,14600,0.0166854,,True
562.143642,5.25,165,140221,349,0.032114,,True
562.143644,5.18,212,89839,405,0.0323958,,True
562.143645,4.92,121,166920,131,0.0168105,,True
562.143646,5.19,143,152889,1193,0.0143486,,True
562.143647,5.22,172,243747,131,0.0169306,,True
562.143648,5.14,112,287337,372,0.0112201,,True
562.143649,5.07,336,59554,40,0.0349382,,True
562.143650,5.28,169,124874,2003,0.0317632,,True
562.143651,4.92,127,128447,73,0.0123115,,True
562.143652,4.88,191,218729,131,0.0170341,,True
562.143653,5.12,204,51198,1193,0.0147405,,True
562.143654,5.2,106,168353,1193,0.0147926,,True
562.143655,5.18,214,138712,131,0.0173415,,True
562.143656,5.37,312,134912,5150,0.0317734,,True
562.143657,5.06,87,355496,73,0.0125969,,True
562.143658,4.96,57,367737,12,0.0109223,,True
562.143659,5.18,122,190650,131,0.0171554,,True
562.143660,5.11,86,307109,73,0.012772,,True
562.143661,4.99,176,82643,131,0.0173006,,True
562.143662,4.99,133,169455,131,0.0167479,,True
562.143663,5.17,203,70246,69,0.0320104,,True
562.143664,5.16,139,138725,131,0.0170572,,True
562.143665,5.12,81,205229,720,0.0319277,,True
562.143666,5.09,222,106217,10,0.0341249,,True
562.143667,4.9,222,70763,773,0.0328716,,True
562.143678,5.06,141,158936,131,0.0167024,,True
562.143679,4.85,113,176294,23,0.0338147,,True
562.143681,5.08,123,190808,131,0.0176411,,True
562.143682,5.13,122,287592,73,0.0128481,,True
562.143683,4.97,141,191089,131,0.0162693,,True
562.143684,5.07,185,191061,131,0.0173999,,True
562.143685,5.2,138,200877,131,0.0165496,,True
562.143686,5.27,141,205356,131,0.0175055,,True
562.143687,5.23,130,173690,131,0.0172657,,True
562.143696,4.84,119,206159,131,0.0158554,,True
562.143698,5.03,104,173691,131,0.0168963,,True
562.143700,5.06,202,119809,73,0.0125311,,True
562.143701,5.09,118,161355,131,0.0172541,,True
562.143702,5.13,156,108993,131,0.0170745,,True
562.143703,5.16,194,123270,362,0.0328396,,True
562.143704,5.3,188,202052,131,0.0170053,,True
562.143705,5.01,99,249409,131,0.0164933,,True
562.143706,5.18,161,170145,1193,0.0142823,,True
562.143707,5.11,133,158936,131,0.0170341,,True
562.143708,5.03,122,138725,131,0.016902,,True
562.143709,5.08,138,191067,131,0.0168905,,True
562.143710,4.96,111,112447,131,0.0165552,,True
562.143711,5.12,159,123597,131,0.0170687,,True
562.143712,4.9,133,144332,131,0.0169478,,True
562.143713,5.2,218,146908,5150,0.031245,,True
562.143714,4.99,145,158818,131,0.0163531,,True
562.143715,4.89,106,181478,131,0.0163922,,True
562.143716,5.04,182,132138,131,0.0164876,,True
562.143717,5.14,133,213881,73,0.0119565,,True
562.143718,5.04,116,129690,131,0.0167649,,True
562.143719,4.93,144,153947,131,0.0165891,,True
562.143720,5.03,121,158364,131,0.0162471,,True
562.143721,5.16,125,185409,131,0.016782,,True
562.143723,4.94,165,108987,131,0.0169996,,True
562.143728,4.99,95,303786,131,0.0164034,,True
562.143730,5.28,141,217273,131,0.0176826,,True
562.143731,5.1,130,201204,131,0.0166174,,True
562.143732,5.13,153,112292,14609,0.0322598,,True
562.143733,4.98,120,145075,131,0.016381,,True
562.143734,5.1,164,178356,131,0.0169766,,True
562.143735,4.99,135,124483,131,0.0164708,,True
562.143736,4.99,169,172602,131,0.0169881,,True
562.143738,5.08,104,158399,73,0.0127482,,True
562.143739,5.11,126,168353,1193,0.0143589,,True
562.143740,5.01,126,111578,131,0.0170341,,True
562.143741,5.28,189,107011,405,0.0320933,,True
562.143742,5.29,180,105922,405,0.0320518,,True
562.143743,5.02,159,111665,131,0.0171496,,True
562.143744,5.12,126,175556,131,0.0162304,,True
562.143745,5.2,140,136814,131,0.0170745,,True
562.143746,5.26,113,144051,95,0.0116525,,True
562.143747,5.08,155,114000,131,0.0167251,,True
562.143748,5.06,182,118930,69,0.0314065,,True
562.143749,5.27,211,145955,131,0.017324,,True
562.143750,4.79,89,149527,131,0.0163475,,True
562.143760,5.04,126,128457,95,0.0129629,,True
562.143761,5.07,249,43414,405,0.0320829,,True
562.143762,5.12,191,91997,405,0.0320829,,True
562.143763,5.1,81,355496,73,0.0127435,,True
562.143764,5.19,211,81929,405,0.0324167,,True
562.143766,5.14,155,307259,73,0.0130397,,True
562.143767,5.16,180,146377,131,0.0166287,,True
562.143768,4.92,76,247514,38,0.031356,,True
562.143769,4.84,531,17869,155,0.034203,over 500 contigs (too fragmented),False
562.143770,4.89,266,29716,73,0.012734,,True
562.143771,5.29,195,92755,405,0.0321036,,True
562.143772,4.98,129,307284,73,0.0123673,,True
562.143773,5.1,175,202436,73,0.01281,,True
562.143774,5.08,118,298423,73,0.0122233,,True
562.143775,5.07,140,151480,73,0.0121356,,True
562.143776,5.0,121,239680,131,0.0168505,,True
562.143780,5.11,107,284985,648,0.0285058,,True
562.143781,4.99,166,94702,73,0.0124514,,True
562.143782,4.9,210,82785,3168,0.0351914,,True
562.143783,4.79,227,83260,1290,0.0334969,,True
562.143784,5.07,114,183444,1193,0.0141148,,True
562.143785,5.11,146,176112,131,0.0169651,,True
562.143786,5.15,121,196099,1193,0.0143998,,True
562.143787,5.03,144,175193,131,0.0165214,,True
562.143788,5.1,139,156261,1193,0.014019,,True
562.143789,5.01,149,146322,131,0.0164315,,True
562.143790,5.05,142,204336,131,0.0167422,,True
562.143791,5.22,152,190808,131,0.0173765,,True
562.143792,5.2,143,190808,131,0.0173531,,True
562.143793,4.99,136,155372,131,0.0163922,,True
562.143794,5.18,213,217158,127,0.0118744,,True
562.143795,5.01,145,150670,131,0.0168048,,True
562.143796,5.11,144,225272,131,0.016125,,True
562.143797,5.11,103,205805,1193,0.0143333,,True
562.143798,5.16,173,169395,131,0.0172192,,True
562.143799,5.13,227,190833,2784,0.0162193,,True
562.143800,5.05,184,190833,131,0.0171786,,True
562.143801,5.14,128,262948,95,0.0128911,,True
562.143802,5.1,157,223247,131,0.0161471,,True
562.143803,5.26,148,225943,131,0.0167592,,True
562.143804,5.31,174,158936,131,0.0177776,,True
562.143805,5.09,130,146114,131,0.0172773,,True
562.143806,5.3,152,142243,998,0.00407202,,True
562.143807,5.12,124,172703,1193,0.0146626,,True
562.143808,5.18,255,94863,10,0.0332473,,True
562.143809,5.17,167,135365,131,0.0171612,,True
562.143810,5.0,145,145894,131,0.0163978,,True
562.143811,5.27,194,123505,131,0.0168105,,True
562.143812,5.34,150,155367,131,0.0171149,,True
562.143813,5.02,145,166912,131,0.0167479,,True
562.143814,5.07,126,139604,1193,0.0141047,,True
562.143815,4.88,141,104756,155,0.0337707,,True
562.143816,5.05,193,77095,405,0.031969,,True
562.143817,5.1,151,94404,58,0.0342254,,True
562.143818,5.23,168,110274,38,0.0319587,,True
562.143819,5.16,131,181844,131,0.0173999,,True
562.143820,5.17,193,153695,131,0.0172948,,True
562.143823,5.16,137,190808,131,0.0173941,,True
562.143828,5.16,201,148764,131,0.0166854,,True
562.143829,5.03,75,372375,73,0.0125734,,True
562.143830,5.15,79,355495,73,0.012982,,True
562.143832,5.05,127,268355,73,0.0125264,,True
562.143833,5.11,143,241318,73,0.0128338,,True
562.143835,5.13,99,206213,73,0.0130205,,True
562.143836,5.09,127,303910,73,0.0125828,,True
562.143838,4.96,88,345439,73,0.0124187,,True
562.143839,5.14,173,93581,405,0.0320621,,True
562.143840,5.14,127,172611,1193,0.0147405,,True
562.143841,5.11,178,135534,14594,0.016902,,True
562.143842,5.14,151,123597,131,0.0169306,,True
562.143843,5.07,109,229705,131,0.0169651,,True
562.143844,5.02,134,147955,73,0.0124888,,True
562.143846,5.27,151,120364,131,0.0177716,,True
562.143847,5.25,118,209192,131,0.0171496,,True
562.143848,5.42,215,120712,38,0.0319484,,True
562.143849,5.04,240,142514,2178,0.0341472,,True
562.143857,5.27,197,137115,38,0.0316404,,True
562.143859,4.68,139,91072,206,0.0339251,,True
562.143862,5.2,186,108993,131,0.0169306,,True
562.143863,4.96,50,704246,357,0.0157353,,True
562.143864,4.98,210,92902,162,0.0342365,,True
562.143865,4.94,133,206180,73,0.0119291,,True
562.143866,5.11,157,215959,131,0.0170283,,True
562.143867,5.24,177,190808,131,0.0175349,,True
562.143869,4.7,134,80871,354,0.0272417,,True
562.143870,4.72,84,265521,101,0.0326697,,True
562.143871,4.83,107,152436,131,0.0162248,,True
562.143872,5.17,149,195462,131,0.0163028,,True
562.143873,5.11,165,130002,131,0.0170168,,True
562.143874,4.83,123,146022,131,0.0161084,,True
562.143875,5.19,215,121099,95,0.0139035,,True
562.143876,4.99,134,114586,12,0.0115358,,True
562.143877,4.83,158,109029,131,0.0161859,,True
562.143878,4.93,68,226376,91,0.0154811,,True
562.143879,4.94,166,97214,131,0.0165609,,True
562.143880,5.07,165,129398,73,0.0128386,,True
562.143881,4.98,128,119334,12,0.0116255,,True
562.143882,5.1,112,132390,73,0.0126017,,True
562.143883,4.69,98,135774,2563,0.0325113,,True
562.143884,4.69,96,148602,2563,0.0326168,,True
562.143885,5.01,97,234340,73,0.0125405,,True
562.143886,5.0,174,90638,131,0.0168448,,True
562.143887,5.13,115,126102,73,0.0129485,,True
562.143888,4.98,180,95203,58,0.0337597,,True
562.143889,5.06,83,355497,73,0.0126205,,True
562.143890,5.04,178,64375,73,0.0130975,,True
562.143891,5.09,112,176047,73,0.01317,,True
562.143892,4.97,178,85650,131,0.0167137,,True
562.143893,4.91,123,196846,131,0.016409,,True
562.143894,5.21,131,208295,131,0.0166061,,True
562.143895,5.08,150,156698,131,0.016782,,True
562.143896,5.11,235,158701,131,0.0174644,,True
562.143897,4.96,136,185392,131,0.016691,,True
562.143898,5.18,161,161224,131,0.0171902,,True
562.143899,5.2,163,190808,131,0.0166061,,True
562.143900,5.13,282,70475,131,0.0168963,,True
562.143901,5.13,115,162021,131,0.0171265,,True
562.143902,4.94,115,177003,131,0.0166513,,True
562.143903,4.89,191,59340,131,0.0164652,,True
562.143904,4.82,168,79142,131,0.0160476,,True
562.143905,5.19,225,122694,69,0.0321244,,True
562.143906,5.13,132,287592,73,0.0128624,,True
562.143907,4.86,74,274658,538,0.0158827,,True
562.143908,4.95,133,173683,131,0.0166797,,True
562.143909,4.81,370,24409,131,0.0167991,,True
562.143910,4.86,103,191061,14595,0.0165496,,True
562.143911,5.01,126,334068,73,0.0132233,,True
562.143922,5.28,204,184888,95,0.0136793,,True
562.143923,4.91,168,69971,131,0.015987,,True
562.143927,5.04,188,80859,405,0.0318453,,True
562.143928,5.2,147,90624,131,0.0169708,,True
562.143929,5.16,161,102598,131,0.017086,,True
562.143930,4.94,140,95025,359,0.0338037,,True
562.143931,5.04,171,85055,131,0.0167649,,True
562.143932,5.05,150,123898,162,0.0341138,,True
562.143934,5.15,166,147311,131,0.0175998,,True
562.143935,4.95,174,138481,131,0.0169364,,True
562.143936,5.11,120,169780,131,0.0168276,,True
562.143937,5.06,152,141364,131,0.0169708,,True
562.143938,5.1,169,113259,73,0.0127103,,True
562.143939,5.15,187,128935,131,0.016125,,True
562.143940,5.22,198,94216,429,0.0164259,,True
562.143941,4.87,289,41295,93,0.0327121,,True
562.143942,5.13,187,74421,131,0.0165271,,True
562.143943,5.04,120,153395,1618,0.012517,,True
562.143944,5.18,297,56277,69,0.032218,,True
562.143945,5.07,172,119062,73,0.0132719,,True
562.143946,5.1,129,108993,14541,0.0171265,,True
562.143947,5.04,136,123597,14541,0.0174468,,True
562.143949,5.05,171,109035,131,0.0171902,,True
562.143950,4.67,79,161711,278,0.0327439,,True
562.143952,5.22,227,123597,131,0.0173531,,True
562.143953,5.02,115,187004,1193,0.0140341,,True
562.143954,5.1,151,120315,131,0.0168162,,True
562.143955,4.93,123,149877,131,0.0175408,,True
562.143956,5.43,178,134866,2171,0.028652,,True
562.143957,5.16,161,126025,131,0.0177895,,True
562.143958,5.12,135,160547,73,0.0128768,,True
562.143959,5.0,179,93258,131,0.0166174,,True
562.143960,4.98,135,143762,131,0.0165552,,True
562.143961,4.91,95,158934,131,0.0163084,,True
562.143962,5.22,184,71492,69,0.0326168,,True
562.143963,5.24,234,158938,131,0.0178789,,True
562.143964,8.86,454,81721,73,0.0290862,size outside 4.5-6.0 Mb,False
562.143965,5.17,176,128050,73,0.01281,,True
562.143966,5.09,236,56711,1011,0.033323,,True
562.143967,5.08,185,138725,131,0.0170745,,True
562.143968,4.71,107,114879,3858,0.0332257,,True
562.143969,5.01,113,121144,131,0.017289,,True
562.143970,4.92,125,185438,131,0.0167991,,True
562.143971,5.25,160,161224,131,0.0168162,,True
562.143972,5.04,146,99757,131,0.0167137,,True
562.143973,5.06,122,190831,131,0.0173181,,True
562.143974,5.22,197,100273,131,0.0166967,,True
562.143975,5.14,238,64821,131,0.0170514,,True
562.143976,4.98,227,53095,131,0.0167308,,True
562.143977,5.18,174,135755,131,0.0173707,,True
562.143978,5.12,204,74119,131,0.0171149,,True
562.143979,5.2,173,125990,131,0.017196,,True
562.143980,4.97,114,120127,1618,0.012517,,True
562.143981,5.25,236,70665,14574,0.0323329,,True
562.143982,5.08,117,167968,131,0.0170456,,True
562.143986,4.89,106,241305,73,0.0119657,,True
562.143990,5.14,277,49545,131,0.0173648,,True
562.143992,4.91,106,287804,73,0.0120023,,True
562.143993,4.84,97,269713,131,0.0162471,,True
562.143994,5.05,187,231239,73,0.0125781,,True
562.143995,5.2,190,124874,14543,0.0321036,,True
562.143996,4.77,105,150498,131,0.0162137,,True
562.143997,4.98,182,168391,73,0.0122743,,True
562.143998,5.16,107,202897,131,0.0172134,,True
562.143999,4.99,112,201317,131,0.0163642,,True
562.144000,5.42,226,133342,131,0.0177954,,True
562.144001,5.22,233,140386,131,0.0169421,,True
562.144002,5.03,107,175628,131,0.0158718,,True
562.144003,5.12,173,138727,131,0.0171612,,True
562.144004,5.02,84,267897,73,0.0126866,,True
562.144005,5.21,161,158936,131,0.0172948,,True
562.144006,4.86,214,75363,131,0.0163363,,True
562.144007,4.84,129,124558,3549,0.0330642,,True
562.144008,4.94,109,354961,12,0.011344,,True
562.144009,5.08,131,158936,131,0.0170514,,True
562.144010,5.28,149,187709,131,0.016902,,True
562.144012,5.08,115,182663,131,0.0170629,,True
562.144015,5.12,148,179725,73,0.0129389,,True
562.144016,4.96,178,229429,131,0.016657,,True
562.144017,5.21,166,174355,131,0.0168505,,True
562.144018,4.93,105,191061,131,0.0167194,,True
562.144019,4.78,84,224729,73,0.0120619,,True
562.144020,5.04,105,201514,131,0.0169881,,True
562.144021,5.4,265,190808,131,0.0173707,,True
562.144022,5.04,110,215880,1193,0.0138385,,True
562.144023,4.93,70,352768,12,0.0109876,,True
562.144024,5.03,141,182439,38,0.0307362,,True
562.144025,5.13,89,343338,12,0.0106845,,True
562.144026,5.27,154,190808,131,0.0168162,,True
562.144027,4.97,97,158936,131,0.0166117,,True
562.144028,4.75,120,128081,58,0.0332041,,True
562.144029,5.11,123,187807,131,0.0171033,,True
562.144030,5.21,204,188960,131,0.0173882,,True
562.144031,5.06,111,158936,131,0.0168048,,True
562.144032,5.08,127,173548,131,0.01664,,True
562.144033,5.04,109,222183,131,0.0169134,,True
562.144034,5.03,97,209196,131,0.0165552,,True
562.144035,4.95,81,215885,1193,0.01361,,True
562.144036,5.05,125,152084,38,0.0307362,,True
562.144037,5.14,93,210287,1193,0.0142212,,True
562.144038,5.27,152,161138,131,0.0171438,,True
562.144039,4.81,88,203409,10,0.033032,,True
562.144043,5.12,217,98060,131,0.017086,,True
562.144044,5.02,119,146264,131,0.0167479,,True
562.144051,4.94,219,59477,131,0.0167592,,True
562.144052,5.12,150,311376,95,0.0133938,,True
562.144053,5.1,161,144824,550,0.0138635,,True
562.144054,5.0,136,125869,131,0.0165778,,True
562.144059,5.08,134,226149,73,0.0127056,,True
562.144061,4.99,104,199262,349,0.0311345,,True
562.144070,5.09,139,363219,73,0.0127103,,True
562.144071,5.02,148,140379,131,0.0167251,,True
562.144072,5.28,165,141152,131,0.0168905,,True
562.144073,4.89,115,169766,155,0.034371,,True
562.144074,5.09,141,137753,6753,0.0343935,,True
562.144075,4.99,102,204558,1193,0.0139235,,True
562.144076,5.28,137,330965,141,0.00536889,,True
562.144077,5.07,173,138725,131,0.0166854,,True
562.144078,5.21,189,100642,69,0.0327227,,True
562.144079,5.08,133,138727,131,0.0169478,,True
562.144080,5.02,126,138727,131,0.0168391,,True
562.144087,4.89,59,518171,357,0.015422,,True
562.144090,5.13,150,183825,550,0.0137836,,True
562.144094,4.98,125,159959,354,0.02768,,True
562.144097,5.06,79,372375,73,0.0125593,,True
562.144101,5.46,196,196560,648,0.030101,,True
562.144104,5.14,111,210208,349,0.0324167,,True
562.144105,5.24,153,157120,131,0.0175232,,True
562.144106,5.02,113,165883,38,0.0309147,,True
562.144107,4.82,85,229200,201,0.0338588,,True
562.144108,5.06,197,168740,131,0.0175998,,True
562.144109,5.1,153,158936,131,0.0173298,,True
562.144110,5.37,172,148652,131,0.0180048,,True
562.144111,4.99,109,150098,315,0.0309745,,True
562.144112,5.08,140,166912,131,0.0168734,,True
562.144113,5.15,145,251928,394,0.0322911,,True
562.144114,4.86,113,113857,3018,0.0337927,,True
562.144115,5.05,176,101883,31,0.0324798,,True
562.144116,5.2,169,115984,131,0.0172308,,True
562.144117,5.1,127,157564,131,0.0170514,,True
562.144118,5.02,164,87899,193,0.0347328,,True
562.144119,5.18,172,185983,69,0.0324272,,True
562.144120,5.19,113,215089,131,0.0177895,,True
562.144121,5.08,75,332178,127,0.0120482,,True
562.144122,5.26,160,136854,1193,0.0149706,,True
562.144123,5.07,148,159103,131,0.0170283,,True
562.144124,5.3,224,88675,131,0.0171149,,True
562.144125,5.01,751,9811,131,0.0172482,over 500 contigs (too fragmented),False
562.144126,5.13,134,173837,131,0.0175585,,True
562.144127,5.28,128,134577,127,0.0135311,,True
562.144128,5.32,166,188313,127,0.013384,,True
562.144129,5.11,547,15524,131,0.0178193,over 500 contigs (too fragmented),False
562.144130,5.05,272,162010,14598,0.0250005,,True
562.144131,5.28,232,301573,12,0.0123254,,True
562.144132,5.11,143,191061,131,0.0161194,,True
562.144133,5.05,166,138544,131,0.017225,,True
562.144134,5.05,105,183433,131,0.0168276,,True
562.144135,5.17,184,108403,354,0.0280987,,True
562.144136,5.17,387,23317,38,0.0312148,,True
562.144137,5.12,134,188699,131,0.0174233,,True
562.144138,5.16,161,202436,73,0.012772,,True
562.144139,4.91,220,41876,131,0.0153631,,True
562.144140,4.89,109,156256,131,0.0163419,,True
562.144142,5.19,206,102845,69,0.0317632,,True
562.144143,5.11,82,355496,73,0.0127815,,True
562.144144,5.19,196,195954,95,0.0137339,,True
562.144145,5.08,93,398359,73,0.0126583,,True
562.144146,5.07,84,372688,73,0.0126725,,True
562.144147,5.11,89,355496,73,0.0128195,,True
562.144148,5.03,140,136357,131,0.0168676,,True
562.144149,5.17,170,229845,95,0.0115492,,True
562.144152,5.07,109,199259,101,0.0339251,,True
562.144153,5.07,106,199259,101,0.0339251,,True
562.144154,5.12,124,204987,131,0.0172482,,True
562.144159,5.35,183,303997,131,0.0176411,,True
562.144169,4.91,77,303607,10,0.0334969,,True
562.144170,4.85,63,386419,538,0.0157245,,True
562.144176,4.88,95,192467,1049,0.0338037,,True
562.144179,4.83,70,258337,349,0.0313762,,True
562.144180,5.21,141,266575,1485,0.0287162,,True
562.144181,4.88,102,184999,1049,0.0338037,,True
562.144184,4.63,85,199542,7416,0.0752053,not E. coli (Mash distance > 0.05),False
562.144189,4.93,89,273614,155,0.0338588,,True
562.144192,4.86,97,154147,7696,0.0325746,,True
562.144197,4.88,98,243244,1611,0.0335733,,True
562.144201,5.11,118,197542,131,0.0168676,,True
562.144203,5.04,119,238541,131,0.0173999,,True
562.144207,4.88,38,733716,357,0.0151607,,True
562.144208,4.82,104,193977,297,0.0331287,,True
562.144210,4.8,80,235815,6178,0.0329999,,True
562.144220,5.18,172,298338,12770,0.0177241,,True
562.144226,5.15,130,139303,8820,0.0326486,,True
562.144229,5.14,83,236829,1193,0.0147041,,True
562.144245,5.13,130,298088,8822,0.0168162,,True
562.144251,5.04,144,208945,1079,0.0338478,,True
562.144258,5.19,76,251415,57,0.0340693,,True
562.144261,5.06,93,233729,38,0.0311245,,True
562.144262,4.71,73,269147,423,0.0323434,,True
562.144264,5.13,168,173262,648,0.0283513,,True
562.144266,4.87,78,156892,336,0.0333339,,True
562.144267,5.25,132,314042,12,0.012428,,True
562.144270,5.4,220,164693,404,0.0147301,,True
562.144271,5.01,114,272922,367,0.0333122,,True
562.144272,4.78,83,193173,4360,0.0331072,,True
562.144275,5.09,136,245907,131,0.017482,,True
562.144276,5.0,122,224618,10,0.0343486,,True
562.144277,5.05,102,165907,162,0.0339805,,True
562.144279,5.0,116,245285,10,0.0343598,,True
562.144280,5.0,113,245285,10,0.0343486,,True
562.144293,4.86,97,223177,162,0.0333339,,True
562.144309,4.68,82,147297,10,0.0324587,,True
562.144312,5.13,99,190808,131,0.0172541,,True
562.144313,5.15,95,201845,68,0.0319794,,True
562.144317,5.17,103,207369,38,0.0314369,,True
562.144323,5.25,145,284322,141,0.00662843,,True
562.144327,5.14,140,159848,8818,0.0335296,,True
562.144334,5.13,168,76859,399,0.0346533,,True
562.144335,5.06,139,199690,88,0.0329785,,True
562.144399,4.83,166,103116,1284,0.0341027,,True
562.144400,5.07,128,262451,127,0.0117474,,True
562.144401,5.26,164,146825,38,0.0319174,,True
562.144402,5.32,175,124082,69,0.0323748,,True
562.144403,4.68,96,155729,616,0.0329785,,True
562.144404,5.1,98,190808,131,0.0169249,,True
562.144405,4.95,147,154405,443,0.033617,,True
562.144406,5.11,119,213419,80,0.0124935,,True
562.144407,4.96,133,180718,1722,0.0280091,,True
562.144408,5.16,152,204229,131,0.0174351,,True
562.144409,5.56,302,68424,68,0.0338699,,True
562.144410,5.12,110,227260,73,0.0128529,,True
562.144411,4.84,89,440587,538,0.0153631,,True
562.144412,5.09,128,240319,95,0.0114196,,True
562.144413,5.17,231,66886,38,0.0317324,,True
562.144414,5.04,176,158259,79,0.0133059,,True
562.144415,5.27,144,134970,38,0.0320311,,True
562.144416,5.27,112,202565,131,0.0167592,,True
562.144417,5.04,100,215096,131,0.0170514,,True
562.144418,5.09,129,124128,405,0.0320414,,True
562.144419,5.03,99,140761,131,0.0170918,,True
562.144420,5.11,139,118713,405,0.0317734,,True
562.144421,5.14,79,307923,131,0.0173473,,True
562.144422,5.21,171,112292,405,0.0321348,,True
562.144423,5.27,163,105290,405,0.0321036,,True
562.144424,5.15,132,112292,405,0.0323748,,True
562.144425,5.2,122,150103,963,0.0291048,,True
562.144426,5.03,88,162058,38,0.0306277,,True
562.144427,5.43,189,103882,405,0.0328503,,True
562.144428,5.08,73,246005,131,0.0163251,,True
562.144429,5.16,168,92808,361,0.0352839,,True
562.144430,5.22,101,197649,11120,0.032114,,True
562.144431,5.14,153,150723,131,0.0173298,,True
562.144441,5.41,160,227918,95,0.0128529,,True
562.144450,5.23,99,221711,131,0.0167137,,True
562.144461,4.92,147,119028,167,0.0342477,,True
562.144473,5.37,188,106219,405,0.0320104,,True
562.144483,5.24,134,138092,617,0.0344723,,True
562.144485,4.76,119,178074,744,0.0337927,,True
562.144502,5.1,132,141309,6206,0.0331502,,True
562.144503,5.12,126,243634,117,0.0272939,,True
562.144505,4.76,139,127949,226,0.0328077,,True
562.144507,5.14,207,124220,457,0.0289006,,True
562.144508,5.23,114,171420,212,0.0336389,,True
562.144511,4.91,137,111487,155,0.0343149,,True
562.144512,5.03,154,164997,2001,0.0330106,,True
562.144513,4.8,190,99123,8777,0.0335514,,True
562.144515,5.38,256,60697,4243,0.0342254,,True
562.144516,4.92,156,167033,165,0.0335733,,True
562.144517,5.02,219,69486,1564,0.0342925,,True
562.144523,5.19,348,51625,189,0.0341472,,True
562.144525,4.83,75,276398,2005,0.0327333,,True
562.144527,5.15,172,139933,1193,0.0145385,,True
562.144536,5.08,101,328851,23,0.0333773,,True
562.144538,5.01,133,178222,5940,0.0249128,,True
562.144542,5.02,120,171027,8253,0.0336608,,True
562.144544,4.82,115,154281,847,0.0335296,,True
562.144545,5.53,404,58465,7283,0.0339694,,True
562.144546,5.2,97,215762,998,0.00450225,,True
562.144548,4.77,145,91185,746,0.0341695,,True
562.144550,5.03,182,116615,641,0.0345287,,True
562.144552,5.31,186,141074,69,0.0328716,,True
562.144553,5.07,169,90619,2690,0.0345513,,True
562.144554,5.54,184,111369,115,0.033399,,True
562.144557,5.09,252,103739,156,0.0339473,,True
562.144559,5.11,163,145584,2040,0.0335952,,True
562.144561,5.15,172,84097,679,0.0341695,,True
562.144562,4.97,227,97125,1137,0.0341807,,True
562.144563,5.35,204,88229,1140,0.0345627,,True
562.144566,4.9,119,113609,4134,0.0419852,,True
562.144572,5.09,165,228249,88,0.0333014,,True
562.144573,5.23,146,175072,1084,0.0335733,,True
562.144576,4.95,72,141367,8587,0.0339141,,True
562.144578,4.98,100,248406,-,0.0349726,,True
562.144586,5.0,123,191229,2705,0.0340249,,True
562.144591,4.94,207,78177,773,0.032638,,True
562.144596,5.02,139,87788,2253,0.0330642,,True
562.144613,4.88,196,78665,3006,0.0337047,,True
562.144616,5.14,106,161793,7303,0.033399,,True
562.144618,4.85,131,183489,205,0.0338257,,True
562.144619,5.28,178,123362,295,0.0348011,,True
562.144620,4.98,45,283703,4110,0.0161194,,True
562.144621,5.14,166,154252,5796,0.0259105,,True
562.144625,4.77,142,146190,602,0.0335078,,True
562.144626,4.96,204,115972,328,0.0342589,,True
562.144627,5.04,182,309361,144,0.0120206,,True
562.144628,5.51,325,94932,10,0.0355635,,True
562.144629,5.14,133,115140,58,0.0340693,,True
562.144630,5.06,247,88630,48,0.0347897,,True
562.144631,5.06,170,116556,2025,0.0331825,,True
562.144633,4.97,253,62252,1968,0.0353187,,True
562.144634,4.96,86,137757,4162,0.0349841,,True
562.144636,5.29,224,120972,665,0.0345175,,True
562.144637,5.23,158,111687,13515,0.0351106,,True
562.144642,5.03,100,223482,1011,0.0334424,,True
562.144644,5.25,117,189953,355,0.0120849,,True
562.144647,5.22,154,209899,393,0.0324167,,True
562.144648,5.09,97,268182,101,0.033903,,True
562.144649,5.05,149,156627,2522,0.0337047,,True
562.144650,4.92,125,185773,410,0.0329677,,True
562.144652,5.66,371,61648,770,0.0418121,,True
562.144657,5.2,156,129510,349,0.0318556,,True
562.144659,5.09,172,111267,162,0.0338257,,True
562.144663,4.86,99,193210,1049,0.0342142,,True
562.144665,5.44,319,89794,1594,0.0342701,,True
562.144666,5.19,175,159402,5539,0.0340915,,True
562.144668,5.22,139,110492,38,0.0329999,,True
562.144672,4.59,105,127498,93,0.0323434,,True
562.144676,5.1,120,208082,13514,0.0280898,,True
562.144678,5.17,156,129969,1201,0.0341918,,True
562.144679,5.29,112,283289,648,0.0287254,,True
562.144681,5.33,168,144605,13513,0.0322598,,True
562.144686,5.51,183,93758,57,0.035505,,True
562.144691,4.96,80,306466,1304,0.0329785,,True
562.144693,5.06,122,128614,1611,0.0337927,,True
562.144699,5.53,172,119077,967,0.0304902,,True
562.144702,5.16,307,75066,1403,0.0336937,,True
562.144712,5.12,163,173578,13510,0.0167991,,True
562.144716,5.34,114,203992,542,0.0350415,,True
562.144720,5.07,82,384814,1946,0.0132184,,True
562.144725,5.44,139,135079,13509,0.0352145,,True
562.144726,5.42,334,47674,302,0.035622,,True
562.144729,5.28,243,141623,5150,0.0315792,,True
562.144730,5.49,315,89213,4253,0.0355167,,True
562.144731,5.29,361,54788,4550,0.0344498,,True
562.144736,5.16,184,207369,2073,0.0335624,,True
562.144738,4.73,71,201347,9862,0.032829,,True
562.144739,5.03,103,203127,5459,0.0281797,,True
562.144743,5.85,269,83606,2614,0.0368186,,True
562.144750,5.24,143,173578,2279,0.0169536,,True
562.144752,5.08,208,135107,191,0.0347328,,True
562.144756,5.19,106,186831,973,0.031712,,True
562.144762,4.89,155,89907,1251,0.0341027,,True
562.144770,5.19,135,148555,297,0.03454,,True
562.144771,5.55,384,64803,2309,0.033628,,True
562.144773,5.24,144,203389,3057,0.0413128,,True
562.144780,5.25,318,88843,5853,0.0327864,,True
562.144781,5.03,123,196973,13508,0.017653,,True
562.144787,5.32,119,202514,5840,0.0329999,,True
562.144794,5.52,318,96502,5307,0.0358575,,True
562.144795,4.89,98,128553,7098,0.0335405,,True
562.144796,5.06,189,170957,5881,0.0250965,,True
562.144800,5.29,110,258643,3721,0.0338588,,True
562.144803,5.39,972,13885,550,0.0147405,over 500 contigs (too fragmented),False
562.144805,4.96,184,79727,13507,0.0343261,,True
562.144806,4.81,136,122523,1303,0.0335952,,True
562.144807,5.06,224,123239,963,0.0310644,,True
562.144810,5.22,1351,7576,-,0.0207133,over 500 contigs (too fragmented),False
562.144816,5.36,117,167759,1485,0.0294706,,True
562.144825,5.11,124,126491,192,0.033486,,True
562.144831,5.4,174,130505,1141,0.0353885,,True
562.144841,4.97,192,144966,2223,0.0340915,,True
562.144845,5.06,119,267489,428,0.0179448,,True
562.144860,5.08,126,240505,354,0.0275742,,True
562.144863,4.85,203,106084,-,0.0315283,,True
562.144872,4.95,140,104686,3764,0.0340582,,True
562.144876,5.57,308,102333,1914,0.0347214,,True
562.144882,5.03,152,102663,1431,0.033892,,True
562.144883,4.74,135,101111,13512,0.0329464,,True
562.144889,5.19,226,109207,616,0.0351336,,True
562.144895,4.91,178,203407,13511,0.0166797,,True
562.144897,4.89,135,91848,8953,0.033903,,True
562.144900,4.87,85,315786,491,0.0125781,,True
562.144905,4.79,76,200898,9528,0.0326486,,True
562.144906,4.75,86,142659,6316,0.0323538,,True
562.144908,5.1,160,146412,5026,0.0318351,,True
562.145318,4.96,74,281471,1323,0.0311345,,True
562.145319,4.61,109,110344,93,0.0314877,,True
562.145320,5.09,139,287629,73,0.0119018,,True
562.145321,5.17,137,353748,95,0.0124888,,True
562.145322,5.25,201,147002,131,0.0176471,,True
562.145323,5.06,190,213502,73,0.0118017,,True
562.145324,5.28,156,173267,648,0.0290862,,True
562.145325,4.6,135,83492,216,0.0325851,,True
562.145326,5.13,79,360044,95,0.0131845,,True
562.145327,5.19,130,286888,73,0.0121402,,True
562.145328,5.16,126,336690,537,0.0127958,,True
562.145329,5.18,129,307082,95,0.0129581,,True
562.145330,5.27,218,182719,1057,0.0128911,,True
562.145331,4.84,123,110474,10,0.0330427,,True
562.145332,4.97,58,370142,12,0.0112555,,True
562.145333,5.1,155,174308,12,0.0119337,,True
562.145334,5.07,109,286737,127,0.0115178,,True
562.145335,4.66,237,52360,120,0.0347897,,True
562.145336,5.18,363,65476,80,0.0120115,,True
562.145337,4.92,127,134947,58,0.0333339,,True
562.145338,5.03,220,59176,59,0.0276359,,True
562.145339,5.22,246,136606,69,0.0326909,,True
562.145340,5.29,170,96860,69,0.0325113,,True
562.145341,5.17,340,103338,2079,0.0339583,,True
562.145342,5.03,85,276423,131,0.0144203,,True
562.145343,5.26,201,222972,69,0.0322806,,True
562.145344,4.8,50,562540,1858,0.0117293,,True
562.145345,4.92,161,130517,11759,0.0304804,,True
562.145346,4.7,33,569684,1236,0.0147093,,True
562.145347,4.7,83,229528,1723,0.0324903,,True
562.145348,5.06,133,291469,73,0.0122743,,True
562.145349,4.89,87,238354,1092,0.0138685,,True
562.145350,4.97,73,233496,2015,0.0105645,,True
562.145351,4.84,141,65980,388,0.0332581,,True
562.145352,5.04,163,88126,7011,0.0328183,,True
562.145353,5.01,108,132489,73,0.0128815,,True
562.145354,4.89,105,190322,349,0.0311245,,True
562.145355,5.0,71,260287,567,0.0117338,,True
562.145356,4.94,95,244147,69,0.0320933,,True
562.145357,5.09,165,169886,11758,0.0119748,,True
562.145358,4.82,112,173777,11757,0.0333447,,True
562.145359,5.17,186,153575,162,0.0342925,,True
562.145360,5.16,192,93823,10,0.0348582,,True
562.145361,4.97,148,125954,80,0.0128005,,True
562.145362,5.14,75,310367,83,0.0169996,,True
562.145363,5.17,117,190066,1193,0.0147457,,True
562.145364,5.07,80,310417,95,0.0129006,,True
562.145365,5.29,228,124783,38,0.0317222,,True
562.145366,5.12,90,115602,5936,0.0314978,,True
562.145367,5.28,193,140027,73,0.0129581,,True
562.145368,5.11,201,103295,69,0.0323224,,True
562.145369,5.15,134,287122,73,0.0119474,,True
562.145370,5.11,67,190808,131,0.015976,,True
562.145371,5.18,177,236662,95,0.0133791,,True
562.145374,5.0,208,135413,155,0.0337707,,True
562.145375,5.41,347,107925,25,0.0352955,,True
562.145376,4.46,49,344884,3568,0.0686601,size outside 4.5-6.0 Mb,False
562.145377,4.99,97,153175,357,0.0155457,,True
562.145438,5.04,121,198380,7036,0.0334207,,True
562.145444,5.06,128,202419,73,0.0125922,,True
562.145445,5.21,184,172637,95,0.0112864,,True
562.145446,5.04,127,330335,73,0.0127151,,True
562.145447,4.91,100,152867,1193,0.0138685,,True
562.145448,5.2,289,190709,131,0.0172308,,True
562.145449,5.03,116,307311,73,0.0124467,,True
562.145450,4.98,59,351913,12,0.0116525,,True
562.145451,5.01,137,147259,73,0.012414,,True
562.145452,5.18,117,163667,95,0.0112069,,True
562.145453,5.33,156,149786,38,0.0319071,,True
562.145454,5.2,211,117485,405,0.0320933,,True
562.145455,5.08,126,209226,131,0.0168219,,True
562.145456,5.27,172,143966,131,0.0168848,,True
562.145457,5.1,97,231259,73,0.0127293,,True
562.145458,5.02,229,80172,12,0.0120252,,True
562.145459,5.0,222,106483,131,0.0171033,,True
562.145460,5.07,143,217120,101,0.0335296,,True
562.145461,5.03,101,207370,38,0.0322598,,True
562.145462,5.07,101,193205,131,0.0168391,,True
562.145463,5.04,103,196099,13307,0.0139837,,True
562.145464,5.08,138,136366,131,0.0169708,,True
562.145465,5.02,115,201317,131,0.0170283,,True
562.145466,5.04,115,158881,131,0.0169651,,True
562.145467,5.03,175,152382,69,0.0309048,,True
562.145468,5.23,147,188923,70,0.031671,,True
562.145469,5.26,134,184978,131,0.0168848,,True
562.145470,5.05,117,207370,131,0.0167137,,True
562.145471,5.15,180,105372,131,0.0172599,,True
562.145477,4.92,210,65156,-,0.0169823,,True
562.145478,5.02,129,142767,1193,0.0139335,,True
562.145479,5.11,149,209196,131,0.017138,,True
562.145480,5.17,167,127324,131,0.0173123,,True
562.145481,5.14,161,131102,1193,0.0153417,,True
562.145482,5.28,290,50297,131,0.0179807,,True
562.145483,5.29,283,55993,131,0.0179029,,True
562.145484,5.23,240,91301,2003,0.0312048,,True
562.145485,5.26,296,66133,315,0.0314471,,True
562.145486,5.35,198,130815,131,0.0171728,,True
562.145487,4.9,251,43382,38,0.0304706,,True
562.145488,4.96,136,106979,1193,0.0138036,,True
562.145489,5.19,152,138885,131,0.0171902,,True
562.145490,5.1,165,100353,38,0.030875,,True
562.145491,5.02,149,94385,131,0.0166287,,True
562.145492,5.01,237,52065,131,0.0166344,,True
562.145493,5.1,99,304798,73,0.012772,,True
562.145494,4.77,139,109615,744,0.0338478,,True
562.145495,5.22,164,133622,95,0.0133205,,True
562.145496,5.04,93,305129,73,0.0128529,,True
562.145497,5.1,112,281747,95,0.0130975,,True
562.145498,5.16,155,171582,131,0.0173298,,True
562.145499,5.1,158,212922,14596,0.0128338,,True
562.145500,5.03,214,83025,48,0.0350071,,True
562.145501,5.1,170,159280,73,0.0128005,,True
562.145503,5.24,170,87929,131,0.0168448,,True
562.145504,5.0,184,106487,167,0.0344498,,True
562.145505,5.09,154,213154,131,0.0161194,,True
562.145506,5.05,135,123597,131,0.0167081,,True
562.145508,5.21,125,222183,131,0.0166797,,True
562.145509,5.09,159,190808,131,0.0169478,,True
562.145510,5.07,138,241787,73,0.0126158,,True
562.145511,5.06,106,209199,131,0.0166344,,True
562.145513,5.41,224,90414,69,0.0334533,,True
562.145514,5.11,122,196152,73,0.0119886,,True
562.145515,5.0,123,208429,131,0.0168162,,True
562.145516,5.14,131,205619,1193,0.0142925,,True
562.145517,5.07,139,158936,131,0.0167763,,True
562.145518,5.2,215,160731,95,0.013541,,True
562.145519,5.29,191,151785,349,0.0328396,,True
562.145520,5.07,152,156679,131,0.0167194,,True
562.145521,5.01,118,141318,131,0.0169421,,True
562.145523,5.11,165,110465,38,0.0309446,,True
562.145524,4.97,565,14269,416,0.0125358,over 500 contigs (too fragmented),False
562.145525,4.96,122,145261,131,0.0167479,,True
562.145526,5.05,115,164763,131,0.0167535,,True
562.145527,5.13,218,98016,1193,0.0147717,,True
562.145528,5.1,134,216605,95,0.013112,,True
562.145529,5.03,132,145212,131,0.0170514,,True
562.145530,5.23,129,220123,131,0.0168848,,True
562.145531,5.11,156,145777,131,0.0169881,,True
562.145533,5.21,176,190807,131,0.0172832,,True
562.145535,5.11,132,145404,7358,0.0321764,,True
562.145537,5.13,114,210287,1193,0.0143333,,True
562.145538,5.05,142,170060,10891,0.0325851,,True
562.145540,5.36,167,183358,131,0.0173531,,True
562.145541,5.01,70,287116,73,0.0124327,,True
562.145542,5.0,118,262444,127,0.0113307,,True
562.145543,5.18,97,221074,95,0.0113174,,True
562.145544,5.06,96,340303,12,0.0119109,,True
562.145545,5.05,121,190807,131,0.0172424,,True
562.145546,5.06,141,99434,73,0.0127103,,True
562.145548,5.23,178,150098,38,0.0322285,,True
562.145550,5.3,168,147655,131,0.0172657,,True
562.145552,5.22,109,209069,131,0.016782,,True
562.145553,4.69,75,192415,348,0.0322702,,True
562.145557,5.37,205,99594,405,0.0325219,,True
562.145562,5.24,185,105739,405,0.0319381,,True
562.145563,5.04,147,137115,38,0.030677,,True
562.145564,5.13,259,49468,405,0.0322911,,True
562.145566,5.07,175,123087,38,0.0308353,,True
562.145567,5.28,187,141280,131,0.0169077,,True
562.145568,5.22,192,81292,405,0.0322389,,True
562.145569,4.94,255,43269,131,0.0169823,,True
562.145570,4.91,294,43770,-,0.0138335,,True
562.145571,5.1,212,55407,38,0.0309645,,True
562.145572,5.03,145,123597,131,0.0164483,,True
562.145573,5.2,263,80229,95,0.0138585,,True
562.145574,5.03,223,60171,131,0.0172424,,True
562.145575,5.21,171,158936,131,0.0173181,,True
562.145576,5.32,213,144315,131,0.017196,,True
562.145578,5.11,100,179834,73,0.0126064,,True
562.145579,5.05,118,195759,127,0.0119657,,True
562.145580,5.12,195,143060,297,0.032925,,True
562.145581,5.05,89,203096,12,0.011838,,True
562.145582,5.06,142,203703,73,0.0127103,,True
562.145583,5.04,81,306978,73,0.0127862,,True
562.145584,5.16,83,355497,73,0.0130541,,True
562.145585,5.0,87,303954,73,0.0124467,,True
562.145586,5.17,206,98640,405,0.0320725,,True
562.145587,4.95,114,260172,2954,0.0337487,,True
562.145588,5.16,90,326631,73,0.0130493,,True
562.145589,5.1,84,315587,73,0.0127435,,True
562.145590,5.14,86,355496,73,0.0129629,,True
562.145591,4.88,91,196249,517,0.0334969,,True
562.145592,5.11,130,278597,127,0.0116796,,True
562.145593,5.14,166,287833,73,0.0128529,,True
562.145594,5.15,86,355496,73,0.0129868,,True
562.145595,5.0,125,363228,73,0.0124373,,True
562.145596,5.14,181,303330,73,0.0128434,,True
562.145597,5.01,119,307172,73,0.0124233,,True
562.145599,4.97,103,209200,131,0.0166967,,True
562.145600,4.99,141,209202,131,0.0167308,,True
562.145601,5.07,176,99234,4468,0.0168963,,True
562.145604,4.99,172,108987,4468,0.0167706,,True
562.145605,4.94,74,386814,357,0.0155889,,True
562.145606,5.17,303,76960,405,0.0321244,,True
562.145607,5.07,82,372375,73,0.0124982,,True
562.145610,5.14,179,138593,131,0.0172308,,True
562.145611,5.38,167,166774,131,0.0172482,,True
562.145612,4.99,103,182249,131,0.0167763,,True
562.145613,4.79,168,68313,224,0.032861,,True
562.145614,5.24,112,190807,131,0.0167763,,True
562.145616,5.03,81,295580,73,0.0130638,,True
562.145617,5.08,122,162058,131,0.0169996,,True
562.145618,5.08,126,129226,73,0.0125922,,True
562.145619,5.31,209,117509,131,0.0169766,,True
562.145620,5.13,193,91085,131,0.0169593,,True
562.145622,5.05,299,40471,131,0.0169421,,True
562.145623,5.12,193,91157,131,0.0169249,,True
562.145626,5.07,121,132363,131,0.0174527,,True
562.145627,5.06,167,158697,131,0.0167308,,True
562.145628,5.06,140,167080,131,0.0167934,,True
562.145629,5.12,143,267582,131,0.0170976,,True
562.145630,5.14,126,159687,1193,0.0145179,,True
562.145631,5.17,197,85452,131,0.0170399,,True
562.145632,5.38,158,147311,131,0.0170976,,True
562.145635,5.03,149,190336,131,0.0159211,,True
562.145637,5.3,144,245081,131,0.0169881,,True
562.145638,5.0,148,102751,38,0.0305196,,True
562.145639,5.05,113,205155,73,0.0129868,,True
562.145641,5.1,260,190393,14547,0.0339473,,True
562.145642,5.14,175,202436,73,0.0133938,,True
562.145644,4.85,416,26783,131,0.0167251,,True
562.145645,5.0,117,183721,131,0.0167194,,True
562.145646,5.1,208,123752,69,0.0319484,,True
562.145647,5.14,118,313620,73,0.0129246,,True
562.145648,4.97,56,370427,12,0.010931,,True
562.145649,5.08,173,259585,73,0.0130734,,True
562.145650,5.1,97,333641,73,0.012753,,True
562.145651,5.1,91,355496,73,0.0127672,,True
562.145652,5.15,176,138725,131,0.0171091,,True
562.145653,5.25,157,201175,648,0.0287714,,True
562.145654,5.03,109,324627,12,0.0113974,,True
562.145655,5.03,131,147800,131,0.0166967,,True
562.145656,5.19,124,177843,95,0.0135311,,True
562.145657,5.63,330,109892,69,0.0338588,,True
562.145660,5.25,322,54899,131,0.0172134,,True
562.145661,4.78,91,190833,131,0.0162081,,True
562.145662,5.18,155,183095,131,0.017289,,True
562.145663,5.03,176,84357,12,0.0118744,,True
562.145664,4.86,110,195478,131,0.0162248,,True
562.145665,5.0,123,241317,73,0.01281,,True
562.145666,5.15,127,137039,131,0.0173707,,True
562.145667,5.09,117,201316,131,0.0171612,,True
562.145668,4.91,120,149063,131,0.0164034,,True
562.145669,4.95,135,176180,131,0.0167251,,True
562.145670,4.84,107,209196,131,0.0161194,,True
562.145671,5.05,139,138861,131,0.0167081,,True
562.145672,5.1,87,246939,73,0.012734,,True
562.145673,5.11,136,340162,12,0.011603,,True
562.145674,5.08,123,172111,117,0.024881,,True
562.145675,5.27,138,173548,131,0.0173473,,True
562.145676,5.15,108,129394,998,0.00365796,,True
562.145677,4.81,114,208101,131,0.0177004,,True
562.145678,4.98,131,134422,131,0.016782,,True
562.145679,4.99,70,152591,12,0.0112422,,True
562.145680,5.0,72,232920,12,0.0111849,,True
562.145681,5.11,138,116279,2179,0.0336937,,True
562.145682,4.69,118,135296,847,0.0326063,,True
562.145683,5.0,80,277918,12,0.0120711,,True
562.145684,5.18,114,158854,131,0.017289,,True
562.145685,5.02,118,231751,12,0.0114464,,True
562.145686,5.1,172,149785,38,0.0313257,,True
562.145687,5.1,91,292378,73,0.0127435,,True
562.145688,5.16,87,355496,73,0.0129389,,True
562.145689,5.14,133,164677,131,0.0176707,,True
562.145690,5.11,105,272767,12,0.0120665,,True
562.145691,5.08,139,190808,131,0.0168162,,True
562.145692,4.86,99,104103,357,0.0164427,,True
562.145693,5.12,96,230992,73,0.0128386,,True
562.145694,5.11,95,313912,73,0.0128148,,True
562.145695,5.2,114,202822,131,0.0174233,,True
562.145696,5.13,99,188379,73,0.0129581,,True
562.145697,5.15,193,158936,131,0.0173941,,True
562.145698,4.89,115,122349,131,0.0165383,,True
562.145699,4.99,102,173691,131,0.0169823,,True
562.145700,4.96,108,224301,73,0.0127862,,True
562.145701,4.91,83,198793,131,0.0165778,,True
562.145702,5.09,78,203426,12,0.0116841,,True
562.145703,5.24,257,149531,131,0.0177895,,True
562.145704,5.2,114,275942,131,0.017359,,True
562.145705,5.02,132,322866,73,0.0124701,,True
562.145707,5.22,235,102238,405,0.0325324,,True
562.145708,5.08,109,159597,73,0.0127435,,True
562.145709,5.0,176,94816,602,0.033892,,True
562.145711,5.11,78,355497,73,0.0127577,,True
562.145712,4.99,118,279030,12,0.0112731,,True
562.145716,4.75,55,241587,1236,0.0153684,,True
562.145717,5.09,102,299663,73,0.0127293,,True
562.145718,5.06,120,111257,73,0.0127245,,True
562.145719,4.88,78,222183,131,0.0163978,,True
562.145721,4.94,117,158936,131,0.0165609,,True
562.145722,4.97,103,166448,73,0.0123115,,True
562.145723,5.14,113,196100,1193,0.0144871,,True
562.145724,5.34,201,147113,131,0.0171728,,True
562.145725,5.07,338,35122,131,0.0181494,,True
562.145726,5.08,62,360601,12,0.0115716,,True
562.145727,5.09,85,315153,73,0.0128053,,True
562.145728,5.06,84,355496,73,0.0125828,,True
562.145729,4.99,111,198832,131,0.0166854,,True
562.145730,5.09,128,124419,14549,0.0127672,,True
562.145731,5.07,79,355496,73,0.0127245,,True
562.145732,4.95,76,520685,357,0.0160145,,True
562.145733,5.13,127,196100,1193,0.0144973,,True
562.145739,5.25,192,146308,131,0.0166683,,True
562.145740,5.19,109,209425,1193,0.0147041,,True
562.145741,5.07,109,190808,131,0.0170283,,True
562.145742,5.43,151,161212,131,0.017482,,True
562.145743,5.14,169,190792,131,0.0170572,,True
562.145744,5.32,293,158936,131,0.0169364,,True
562.145745,5.27,200,166624,131,0.0167422,,True
562.145746,4.99,103,193516,1193,0.0146108,,True
562.145747,4.58,84,148528,155,0.0329999,,True
562.145748,5.08,144,158701,131,0.0170168,,True
562.145749,5.2,163,136022,131,0.0161748,,True
562.145750,5.18,218,202436,73,0.0130541,,True
562.145751,4.95,88,211148,131,0.0165496,,True
562.145752,4.97,113,279030,12,0.0112953,,True
562.145753,4.91,122,114603,744,0.0344273,,True
562.145755,5.04,126,162205,131,0.0164483,,True
562.145756,5.09,127,144546,131,0.0166061,,True
562.145757,5.2,151,139491,131,0.0164708,,True
562.145758,5.42,239,93192,405,0.0326803,,True
562.145759,5.37,316,99897,57,0.0346079,,True
562.145760,5.24,168,143956,131,0.0169478,,True
562.145761,5.22,155,114852,131,0.0163698,,True
562.145762,5.05,146,86212,14550,0.0140996,,True
562.145763,5.21,149,134760,131,0.0168105,,True
562.145764,4.98,93,231654,14540,0.0319381,,True
562.145765,5.13,131,130316,131,0.0171091,,True
562.145766,5.19,243,155434,131,0.0176767,,True
562.145767,4.96,124,195012,1193,0.0152084,,True
562.145768,5.07,145,229823,131,0.0174527,,True
562.145769,5.02,143,234554,131,0.017529,,True
562.145770,5.13,157,164477,131,0.0169766,,True
562.145771,5.15,112,161681,457,0.0284694,,True
562.145772,5.16,148,190808,131,0.0170226,,True
562.145773,5.26,248,171399,131,0.0175232,,True
562.145774,4.96,123,222183,131,0.0162972,,True
562.145775,5.1,184,140647,131,0.0168905,,True
562.145776,5.19,153,104902,38,0.0314572,,True
562.145777,4.97,148,173691,131,0.0167081,,True
562.145778,5.32,136,244235,648,0.0290025,,True
562.145779,5.15,123,155437,131,0.0172424,,True
562.145780,5.1,209,111903,131,0.0169881,,True
562.145781,5.03,118,158936,131,0.0166061,,True
562.145782,5.45,260,85381,131,0.0175998,,True
562.145783,5.03,234,69930,131,0.0168676,,True
562.145784,5.05,176,85521,131,0.0175055,,True
562.145785,5.17,185,114512,131,0.0179567,,True
562.145787,5.32,279,146307,131,0.0169708,,True
562.145793,5.05,98,172704,1193,0.01413,,True
562.145797,5.14,186,63118,12,0.0126866,,True
562.145802,5.06,139,138727,131,0.0170341,,True
562.145803,5.1,218,84964,1193,0.014135,,True
562.145806,4.95,118,108987,131,0.0162137,,True
562.145809,4.96,168,125826,38,0.0303631,,True
562.145810,5.03,140,183351,131,0.0169249,,True
562.145811,5.26,222,147219,131,0.0177954,,True
562.145813,5.07,81,372375,73,0.0126111,,True
562.145814,5.04,151,217469,73,0.0125687,,True
562.17733,5.42,594,74711,21,0.0340471,over 500 contigs (too fragmented),False
562.19177,5.08,681,18827,5730,0.0335078,over 500 contigs (too fragmented),False
562.19178,5.12,591,24586,5730,0.0334207,over 500 contigs (too fragmented),False
562.19179,5.13,576,30286,5730,0.0334533,over 500 contigs (too fragmented),False
562.19180,5.21,440,45176,5730,0.0335733,,True
562.19181,5.21,364,58096,5730,0.0336061,,True
562.19182,5.19,458,42281,5730,0.033486,,True
562.19183,5.13,555,27714,5730,0.0334424,over 500 contigs (too fragmented),False
562.19184,4.8,172,90738,5731,0.0331718,,True
562.19185,4.81,103,213321,5731,0.0332041,,True
562.19186,5.3,133,155776,973,0.0323329,,True
562.19187,5.17,404,42853,5730,0.0334642,,True
562.19188,5.16,468,37061,5730,0.033486,,True
562.19189,4.82,247,85136,5731,0.0332473,,True
562.19190,5.61,417,62828,306,0.035505,,True
562.19191,5.08,437,48231,5730,0.0334969,,True
562.19194,5.21,130,170916,349,0.032114,,True
562.19195,5.02,166,68003,297,0.0335842,,True
562.19196,4.98,189,112395,540,0.0336828,,True
562.19197,4.9,116,124348,23,0.0335187,,True
562.19198,5.38,257,112554,117,0.0264535,,True
562.19199,5.27,223,84215,3580,0.034371,,True
562.19200,5.39,205,112146,117,0.0258857,,True
562.19201,5.27,149,197429,117,0.026462,,True
562.21897,4.91,97,140444,101,0.0323224,,True
562.21898,4.98,108,115320,10,0.0348468,,True
562.21899,4.98,140,119267,540,0.0334533,,True
562.22828,4.96,75,185986,421,0.0128148,,True
562.22829,4.93,84,183504,73,0.0118835,,True
562.22830,5.13,106,164996,127,0.012228,,True
562.22831,5.14,119,192819,5346,0.0124233,,True
562.22832,5.22,120,127414,73,0.0131748,,True
562.22833,5.06,118,186519,73,0.0120665,,True
562.22834,5.07,70,231235,967,0.0279912,,True
562.22835,5.13,155,90255,405,0.0319897,,True
562.22836,5.17,144,179692,73,0.0131313,,True
562.22837,5.07,121,139373,95,0.013006,,True
562.22838,5.1,109,156881,14,0.0131603,,True
562.22839,5.12,75,190476,12,0.0129725,,True
562.22840,5.24,132,172578,14,0.014364,,True
562.22841,5.2,132,152516,14,0.0137737,,True
562.22842,4.91,67,186458,681,0.0121863,,True
562.22843,4.89,104,131052,155,0.0335514,,True
562.22844,5.06,86,192262,95,0.0128481,,True
562.22845,5.07,88,186574,95,0.0133059,,True
562.22846,5.19,109,185952,73,0.0133449,,True
562.22847,5.26,152,83851,405,0.0325008,,True
562.22848,5.09,105,185736,144,0.0131458,,True
562.22849,4.97,69,239096,12,0.0114865,,True
562.22850,4.72,50,234001,126,0.0110751,,True
562.22851,5.19,114,185736,144,0.0136397,,True
562.22852,5.0,103,181020,550,0.0136447,,True
562.22853,5.09,81,199189,372,0.0124187,,True
562.22854,5.19,127,148339,68,0.0321244,,True
562.22855,5.02,91,165660,80,0.0120619,,True
562.22856,5.19,104,179332,73,0.0133011,,True
562.22857,4.97,86,185951,73,0.012265,,True
562.22858,4.95,98,137051,10,0.0334316,,True
562.22859,5.17,100,175903,95,0.0138435,,True
562.22860,5.14,129,90254,405,0.0320414,,True
562.22861,5.08,76,223048,1257,0.0136744,,True
562.22862,5.15,195,80443,10,0.033628,,True
562.22863,4.91,77,192188,91,0.015235,,True
562.22864,5.1,116,162667,79,0.013482,,True
562.22865,4.8,102,127854,410,0.0331933,,True
562.22866,5.13,99,196399,127,0.01192,,True
562.22867,4.8,104,127774,410,0.033161,,True
562.22868,5.17,121,179415,73,0.0125405,,True
562.22869,4.88,98,112433,10,0.0333014,,True
562.22870,5.19,97,195515,372,0.0120206,,True
562.22871,5.24,162,132451,73,0.0133303,,True
562.22881,4.93,118,117947,10,0.0333773,,True
562.22882,5.15,81,180273,95,0.0131071,,True
562.22883,4.9,43,245794,357,0.0151448,,True
562.22884,5.1,116,179496,73,0.0120528,,True
562.22885,4.8,87,119108,1288,0.0332581,,True
562.22886,4.87,81,153869,1670,0.0310844,,True
562.22887,4.84,79,181396,297,0.0333881,,True
562.22888,5.23,136,154760,144,0.0129868,,True
562.22889,5.02,59,189453,95,0.0127862,,True
562.22890,4.82,74,158444,345,0.0332797,,True
562.22891,5.06,99,216295,5417,0.0111497,,True
562.22892,5.25,110,163025,404,0.0142874,,True
562.22893,5.16,138,156244,12,0.0134771,,True
562.22894,5.26,121,152504,80,0.0128291,,True
562.22895,4.61,102,112406,10,0.0323434,,True
562.22896,5.27,97,152036,1531,0.0143844,,True
562.22897,5.09,95,158185,393,0.0320414,,True
562.22898,5.17,111,203109,12,0.0122372,,True
562.22899,5.03,101,179415,73,0.0130397,,True
562.22900,5.0,101,160822,636,0.0128672,,True
562.22901,5.19,114,163057,404,0.0140341,,True
562.22902,5.02,122,139690,641,0.0333122,,True
562.22903,5.01,143,149215,117,0.0249606,,True
562.22904,5.02,99,179332,73,0.0120941,,True
562.22905,5.13,102,185305,73,0.0125029,,True
562.22906,5.07,60,268876,12,0.0113929,,True
562.22907,4.91,79,190993,91,0.0152883,,True
562.22908,4.81,135,135622,767,0.0332149,,True
562.22963,5.04,194,58217,59,0.0278485,,True
562.22984,5.12,158,133302,12,0.0129246,,True
562.23011,5.22,116,172731,73,0.012564,,True
562.23135,5.0,85,188324,88,0.032925,,True
562.23141,4.79,81,154632,539,0.0329677,,True
562.23158,5.34,145,108928,69,0.0332257,,True
562.23307,5.09,109,173799,131,0.0173298,,True
562.23337,5.0,95,186013,416,0.0121263,,True
562.23351,5.17,104,180447,131,0.0172482,,True
562.23355,5.53,121,143267,95,0.0149286,,True
562.23397,5.1,101,173576,95,0.0127625,,True
562.23404,4.77,89,128889,10,0.0340138,,True
562.23405,5.13,115,157133,131,0.0172657,,True
562.23434,5.14,90,158185,393,0.0322076,,True
562.23466,5.24,79,185987,95,0.013199,,True
562.23659,5.09,103,173799,131,0.0171322,,True
562.23660,5.06,81,203107,12,0.01163,,True
562.23661,5.0,72,197987,537,0.0126536,,True
562.23662,5.21,133,161173,80,0.0127815,,True
562.23663,4.91,141,75074,453,0.0331933,,True
562.23664,5.09,106,166923,131,0.0171496,,True
562.23665,4.98,56,245821,357,0.0153203,,True
562.23666,5.18,123,174136,73,0.0124467,,True
562.23667,5.05,76,206255,95,0.0119063,,True
562.23668,5.02,75,152077,998,0.00380686,,True
562.23669,5.16,116,196711,80,0.012428,,True
562.23670,4.96,88,181439,2914,0.0320725,,True
562.23671,5.26,117,135235,404,0.0143129,,True
562.23672,5.17,134,152625,5661,0.0125828,,True
562.23673,5.1,105,180700,117,0.0256063,,True
562.23674,5.14,98,203107,12,0.0131313,,True
562.23675,5.11,204,85137,10,0.0335624,,True
562.23676,5.07,98,186375,95,0.0133011,,True
562.23677,5.13,133,145351,73,0.0125687,,True
562.23678,5.07,106,186498,73,0.0120665,,True
562.23679,5.03,104,182538,73,0.0121956,,True
562.23680,5.29,111,169140,73,0.01317,,True
562.23681,5.01,87,158999,349,0.0313964,,True
562.23682,5.06,158,82299,167,0.033892,,True
562.23683,5.1,118,173971,73,0.0126725,,True
562.23684,5.1,115,128396,38,0.0312148,,True
562.23685,4.79,70,186484,446,0.0331287,,True
562.23686,5.06,62,244793,357,0.0157626,,True
562.23687,5.15,109,202447,73,0.0122187,,True
562.23688,5.03,111,182622,73,0.0120206,,True
562.23689,5.14,96,180607,12,0.0133108,,True
562.23690,4.99,85,189587,95,0.0129868,,True
562.23691,5.12,111,203864,95,0.0134231,,True
562.23692,5.14,115,164469,14,0.0138085,,True
562.23693,4.93,61,214005,1618,0.0115537,,True
562.23694,5.17,180,76182,62,0.0280718,,True
562.23695,5.2,184,84428,62,0.0277863,,True
562.23696,5.08,87,202447,73,0.012016,,True
562.23697,5.0,90,188335,90,0.0337157,,True
562.23698,5.21,114,121068,14,0.013719,,True
562.23699,5.14,107,164481,69,0.0322911,,True
562.23700,5.19,117,146580,69,0.0327971,,True
562.23701,5.01,86,196405,127,0.0114731,,True
562.23702,5.07,113,179496,73,0.0124046,,True
562.23703,5.07,94,185716,74,0.0126536,,True
562.23704,5.04,89,179070,127,0.0115626,,True
562.23705,5.08,102,138859,80,0.0124,,True
562.23706,5.24,109,188324,88,0.0339694,,True
562.23707,4.8,50,224639,538,0.0151766,,True
562.23708,4.99,104,185868,73,0.0124187,,True
562.23709,4.85,73,154580,1423,0.0337817,,True
562.23710,5.23,99,174536,127,0.0123208,,True
562.23711,4.91,73,186697,73,0.0117655,,True
562.23712,5.11,130,132634,117,0.0253866,,True
562.23713,5.07,70,198969,91,0.0158499,,True
562.23714,5.12,79,174168,3290,0.0143793,,True
562.23715,5.12,130,172549,95,0.0123673,,True
562.23716,5.03,109,176944,83,0.0154972,,True
562.23717,4.93,83,149909,38,0.0305687,,True
562.23718,4.97,91,186695,73,0.0123627,,True
562.23719,4.92,164,78693,1972,0.0341918,,True
562.23720,4.88,105,179598,73,0.011879,,True
562.23721,5.33,155,102459,405,0.0326486,,True
562.23722,5.11,104,202475,73,0.0118927,,True
562.23723,4.83,78,175873,69,0.0315487,,True
562.23724,5.42,148,107184,69,0.0333773,,True
562.23725,4.87,89,192227,95,0.0123115,,True
562.23726,5.02,88,192055,95,0.012753,,True
562.23727,5.3,145,161609,131,0.0178491,,True
562.23728,4.93,152,113022,10,0.0319794,,True
562.23729,5.14,114,173864,12,0.0119886,,True
562.23730,5.14,110,173837,12,0.012016,,True
562.23731,5.05,61,192482,95,0.0129054,,True
562.23732,5.16,91,196399,127,0.0121863,,True
562.23733,4.9,61,164920,567,0.0117202,,True
562.23734,4.76,120,118915,617,0.0335624,,True
562.23735,4.88,61,193897,372,0.0127958,,True
562.23736,5.08,98,202475,73,0.0117836,,True
562.23737,5.05,95,180448,131,0.0170283,,True
562.23738,5.24,127,172538,95,0.0133645,,True
562.23739,5.15,108,185488,73,0.0122187,,True
562.23740,5.11,156,119343,69,0.0324482,,True
562.23741,5.17,91,180310,131,0.0165158,,True
562.23742,5.01,115,174008,73,0.0123766,,True
562.23743,5.1,110,143339,88,0.0326274,,True
562.23744,4.99,89,181144,73,0.012386,,True
562.23745,4.88,85,175491,127,0.0113086,,True
562.23746,5.01,97,151975,73,0.0123022,,True
562.23747,5.24,133,106014,69,0.0325429,,True
562.23748,5.06,112,173683,421,0.0130686,,True
562.23749,5.27,141,146465,69,0.0325535,,True
562.23750,5.11,78,180447,131,0.0171091,,True
562.23751,5.15,112,182538,73,0.0122419,,True
562.23752,5.06,93,203862,95,0.0132378,,True
562.23753,4.82,104,143322,410,0.0326063,,True
562.23754,5.01,87,182537,73,0.0120252,,True
562.23755,5.08,104,186005,95,0.013006,,True
562.23756,4.93,225,58357,10,0.0343261,,True
562.23757,5.04,104,172388,95,0.012982,,True
562.23758,5.13,86,178679,131,0.017289,,True
562.23759,5.06,112,122867,973,0.030875,,True
562.23760,5.11,110,139817,131,0.0172482,,True
562.23761,4.99,85,185842,73,0.0126488,,True
562.23762,4.72,76,158137,58,0.0331287,,True
562.23763,5.16,81,196816,372,0.012663,,True
562.23764,5.15,85,189273,95,0.0134673,,True
562.23765,5.14,89,158185,1394,0.0324272,,True
562.23766,5.06,125,186498,73,0.0120895,,True
562.23767,4.99,82,228040,73,0.0126725,,True
562.23768,4.97,66,202447,1618,0.0121356,,True
562.23769,5.25,113,159843,131,0.0168391,,True
562.23770,4.7,87,140472,58,0.0328396,,True
562.23771,4.55,119,63240,398,0.0332581,,True
562.23772,5.01,77,203109,12,0.012734,,True
562.23773,5.12,199,57420,10,0.0330642,,True
562.23774,4.97,74,182326,88,0.0334751,,True
562.23775,5.19,133,182697,73,0.0126725,,True
562.23776,5.05,92,186498,73,0.0120115,,True
562.23777,5.14,115,169140,73,0.0122697,,True
562.23778,5.13,113,168513,73,0.0130253,,True
562.23779,5.16,99,156625,998,0.00377996,,True
562.23780,4.95,77,245960,538,0.0158171,,True
562.23781,4.98,203,60540,450,0.0335842,,True
562.23782,4.87,166,69628,48,0.033323,,True
562.23783,4.79,97,120283,448,0.0335296,,True
562.23784,4.85,66,175670,69,0.03162,,True
562.23785,5.16,152,102663,62,0.0276006,,True
562.23786,4.98,112,118385,69,0.0323224,,True
562.23787,4.86,118,102288,1125,0.0340471,,True
562.23788,5.24,105,113470,68,0.0318556,,True
562.23789,5.13,111,185580,73,0.0119931,,True
562.23793,5.2,104,165175,131,0.0175055,,True
562.23794,5.26,168,95408,405,0.0312349,,True
562.23795,4.88,63,193936,681,0.0125593,,True
562.23796,5.25,114,134249,393,0.0324693,,True
562.23797,5.12,97,151273,73,0.0124982,,True
562.23798,5.1,94,186529,88,0.0329677,,True
562.23799,5.11,72,203863,390,0.0122836,,True
562.23800,5.18,142,84085,405,0.0321348,,True
562.23801,5.17,128,146601,69,0.0324693,,True
562.23802,5.03,107,179415,73,0.0120252,,True
562.23803,4.99,66,189385,95,0.0129485,,True
562.23804,5.08,88,173037,131,0.0170341,,True
562.23805,5.15,108,182622,73,0.0123347,,True
562.23806,5.16,114,179403,73,0.0123394,,True
562.23807,4.94,68,220895,1333,0.0127056,,True
562.23808,5.23,180,78581,10,0.0333556,,True
562.23809,5.16,80,203864,5526,0.0134085,,True
562.23810,5.02,54,268800,141,0.00435974,,True
562.23811,5.15,114,173904,73,0.0124233,,True
562.23812,5.09,99,182538,5242,0.0127482,,True
562.23813,5.21,70,203862,95,0.0134133,,True
562.23814,5.48,201,162924,104,0.0136447,,True
562.23815,5.17,87,174865,12,0.0132039,,True
562.23816,5.15,114,179415,73,0.0133449,,True
562.23817,5.14,125,146489,69,0.0324272,,True
562.23818,5.12,109,180601,12,0.0120895,,True
562.23819,5.15,82,178556,131,0.016544,,True
562.23820,5.21,88,180447,131,0.0164989,,True
562.23821,5.15,117,159218,131,0.0174116,,True
562.23822,5.24,118,161182,131,0.0175526,,True
562.23823,5.09,71,180722,131,0.0160807,,True
562.23824,4.93,43,298677,357,0.0154811,,True
562.23825,5.11,79,221686,428,0.0168448,,True
562.23826,4.8,97,114023,453,0.0322911,,True
562.23827,4.83,81,203627,680,0.012753,,True
562.23828,5.14,152,124910,69,0.0321972,,True
562.23829,5.04,68,185897,95,0.0129581,,True
562.23830,5.09,113,180450,131,0.0161637,,True
562.23831,5.24,172,102893,69,0.0329892,,True
562.23832,5.17,137,144224,131,0.0174468,,True
562.23833,4.86,71,175158,38,0.0312853,,True
562.23834,5.09,94,180608,12,0.011829,,True
562.23835,4.96,87,153796,127,0.0128291,,True
562.23836,4.79,75,153558,10,0.0327864,,True
562.23837,5.06,102,157480,393,0.0320104,,True
562.23838,5.25,106,163355,404,0.0145695,,True
562.23839,5.23,171,102893,69,0.0329677,,True
562.23840,4.89,96,126410,345,0.0333339,,True
562.23841,5.11,96,169292,73,0.0128195,,True
562.23842,5.23,195,68302,62,0.0281707,,True
562.23843,5.02,73,203863,95,0.012016,,True
562.23844,5.12,90,175469,131,0.0160421,,True
562.23845,5.07,95,186027,95,0.0132378,,True
562.23846,4.94,92,174701,95,0.0125969,,True
562.23847,4.92,183,58840,59,0.0277775,,True
562.23848,4.98,92,181789,131,0.0169478,,True
562.23849,5.22,98,139879,131,0.0167422,,True
562.23850,5.36,127,159114,131,0.0175703,,True
562.23851,5.1,103,182622,73,0.0118017,,True
562.23852,5.25,76,189396,95,0.0135804,,True
562.23853,5.23,95,176088,95,0.0140139,,True
562.23855,5.08,174,68812,46,0.034036,,True
562.23856,5.07,186,62479,59,0.0278396,,True
562.23857,4.95,73,150221,38,0.0314268,,True
562.23858,5.05,84,178661,131,0.0170572,,True
562.23859,4.84,110,106303,617,0.0339362,,True
562.23860,5.15,99,178678,131,0.0172541,,True
562.23861,5.18,120,177980,144,0.0127245,,True
562.23862,5.41,138,128947,394,0.0331718,,True
562.23863,5.27,111,175503,127,0.0126017,,True
562.23864,5.23,212,51580,59,0.0285149,,True
562.23865,5.15,126,172373,144,0.0124888,,True
562.23868,4.76,88,160970,410,0.0339916,,True
562.23869,4.86,110,96080,167,0.0331933,,True
562.23870,4.9,87,175878,162,0.0332906,,True
562.23871,4.98,105,173832,73,0.0123208,,True
562.23872,5.28,157,103377,88,0.0338588,,True
562.23873,4.94,71,186679,640,0.016136,,True
562.23874,5.07,87,173037,131,0.0170514,,True
562.23875,5.04,78,202447,73,0.0126914,,True
562.23876,5.09,112,165657,80,0.0123068,,True
562.23877,4.98,69,242699,1155,0.0166683,,True
562.23878,4.97,100,123670,2307,0.0340582,,True
562.23879,5.23,168,98707,69,0.0329357,,True
562.23880,4.7,51,202368,372,0.0120436,,True
562.23881,5.1,66,175467,131,0.0162137,,True
562.23882,5.05,112,205921,144,0.012772,,True
562.23883,5.05,68,230787,131,0.0158827,,True
562.23884,5.29,124,165297,131,0.0178909,,True
562.23885,5.13,96,174535,127,0.011952,,True
562.23886,5.09,103,183533,95,0.0135311,,True
562.23887,5.03,90,198576,141,0.00535911,,True
562.23888,5.09,99,158185,393,0.0320207,,True
562.23889,4.95,85,174701,95,0.0125969,,True
562.23890,5.21,142,112750,73,0.0128291,,True
562.23891,5.14,103,192151,95,0.0135361,,True
562.23892,5.12,97,166657,10,0.03503,,True
562.23893,5.29,150,120652,69,0.0327864,,True
562.23894,5.19,106,166933,131,0.0176352,,True
562.23895,5.17,108,186463,131,0.0165271,,True
562.23896,4.88,91,174701,95,0.0123347,,True
562.23897,5.02,117,105057,405,0.0310444,,True
562.23898,5.04,102,145110,394,0.0327652,,True
562.23899,5.22,112,162133,131,0.0166967,,True
562.23900,5.14,121,152901,131,0.0174058,,True
562.23901,5.41,132,131484,648,0.0294046,,True
562.23902,5.27,164,136894,69,0.0327439,,True
562.23903,4.97,92,204732,141,0.00517735,,True
562.23904,5.11,120,131882,973,0.0320207,,True
562.23905,4.84,59,273124,73,0.011433,,True
562.23906,5.1,167,103377,10,0.0338478,,True
562.23907,4.98,85,186996,131,0.0170514,,True
562.23908,4.99,103,185841,73,0.0123487,,True
562.23909,5.3,144,166801,131,0.0170341,,True
562.23910,5.2,124,125614,38,0.0314572,,True
562.23911,5.12,106,166692,131,0.0174351,,True
562.23912,5.02,114,142101,73,0.0121956,,True
562.23913,4.94,45,239224,998,0.000810681,,True
562.23914,4.97,102,101608,641,0.033628,,True
562.23915,5.01,85,202447,73,0.0118471,,True
562.23916,5.0,97,174132,12,0.0129389,,True
562.23917,5.17,103,186097,95,0.01361,,True
562.23918,5.14,94,201013,12,0.0122511,,True
562.23919,4.97,71,231810,12,0.0115537,,True
562.23920,4.88,143,68774,2253,0.0321036,,True
562.23921,5.07,59,193291,95,0.0131265,,True
562.23922,5.12,81,196008,1442,0.0138185,,True
562.23923,5.08,101,172787,131,0.0170053,,True
562.23924,4.92,86,202430,73,0.012154,,True
562.23925,5.2,142,168513,73,0.0126394,,True
562.23926,4.87,62,189273,95,0.012663,,True
562.23927,5.22,151,95061,69,0.0326063,,True
562.23928,5.03,93,157298,393,0.0322493,,True
562.23929,5.04,105,202446,73,0.011657,,True
562.23930,4.84,93,129181,10,0.0337597,,True
562.23931,5.11,80,219244,144,0.0120895,,True
562.23932,5.08,105,185524,73,0.0117519,,True
562.23933,5.24,120,203109,12,0.0125358,,True
562.23934,5.05,87,174535,127,0.0115986,,True
562.23935,5.17,134,170604,95,0.0133011,,True
562.23936,5.01,94,254448,73,0.0114642,,True
562.26272,5.37,161,121256,329,0.0343374,,True
562.26273,5.1,101,138674,58,0.033628,,True
562.26274,5.19,160,94783,119,0.0360116,,True
562.26275,5.58,216,63945,336,0.0362143,,True
562.26276,4.9,48,209939,6418,0.0337377,,True
562.26277,4.97,53,261970,1196,0.0333664,,True
562.26278,5.13,247,51481,6415,0.0344723,,True
562.26279,5.5,169,100427,730,0.0343598,,True
562.26280,4.97,121,101740,10,0.0338368,,True
562.26281,5.05,71,196059,1704,0.0332689,,True
562.26282,5.05,77,181169,1704,0.0332149,,True
562.26283,5.1,113,133572,58,0.0344949,,True
562.26284,5.28,64,347804,4985,0.0339805,,True
562.26285,5.01,49,314748,10,0.0343598,,True
562.26286,5.04,109,143289,278,0.0337377,,True
562.26287,5.29,144,106588,327,0.0351221,,True
562.26288,4.93,154,121436,10,0.0334424,,True
562.26289,5.03,61,186234,278,0.0339473,,True
562.26290,4.94,71,192763,3602,0.033892,,True
562.26291,5.14,98,147681,925,0.0325324,,True
562.26292,4.83,84,181476,10,0.0333881,,True
562.26293,4.84,126,131364,10,0.0336937,,True
562.26294,5.24,179,73093,10,0.0347669,,True
562.26295,4.97,82,185403,156,0.0335296,,True
562.26296,4.92,71,157080,278,0.0329892,,True
562.26297,5.08,102,119458,10,0.0339916,,True
562.26298,4.77,78,124156,48,0.0332257,,True
562.26299,5.28,163,97313,300,0.0349039,,True
562.26300,5.03,61,186234,278,0.033892,,True
562.26301,5.03,68,169742,278,0.0339805,,True
562.26302,5.06,98,108930,1122,0.0338037,,True
562.26303,5.0,58,231793,10,0.0335514,,True
562.26304,4.91,84,131823,6416,0.0352724,,True
562.26305,4.72,71,132018,6416,0.0340693,,True
562.26306,4.88,60,329961,165,0.0328823,,True
562.26307,5.21,119,121550,1611,0.035342,,True
562.26308,5.0,74,184847,906,0.0337267,,True
562.26309,4.92,60,209759,1727,0.0333664,,True
562.26310,4.78,64,163240,1121,0.0335514,,True
562.26311,5.03,133,104856,10,0.0337927,,True
562.26312,5.2,113,140700,109,0.0340693,,True
562.26313,4.98,119,99777,156,0.033903,,True
562.26314,5.07,193,63619,206,0.0337377,,True
562.26315,5.11,110,148862,109,0.0340249,,True
562.26316,5.28,87,168319,2522,0.0342365,,True
562.26317,5.24,190,83265,278,0.0340249,,True
562.26318,5.12,116,194448,4198,0.0336389,,True
562.28111,4.81,130,110948,10,0.0331287,,True
562.28112,4.92,141,86030,5727,0.033323,,True
562.28113,4.66,213,69758,5204,0.0322598,,True
562.28114,4.62,59,282672,5728,0.0330857,,True
562.28810,4.6,170,64951,5728,0.033032,,True
562.28811,4.61,147,67266,5728,0.0330857,,True
562.28981,4.62,119,81805,5728,0.0330535,,True
562.28982,4.62,56,240083,5728,0.0330857,,True
562.28997,4.63,309,35221,5204,0.032218,,True
562.28998,4.91,204,56569,5727,0.0332906,,True
562.28999,4.91,221,49238,5727,0.0333122,,True
562.29000,4.91,246,52734,5727,0.0332689,,True
562.29001,4.93,110,122732,5727,0.0333339,,True
562.29002,4.93,96,111796,5727,0.0333664,,True
562.30304,4.85,120,211772,155,0.0337707,,True
562.30305,4.82,299,39007,155,0.0336499,,True
562.30306,4.85,106,288589,155,0.0337817,,True
562.30307,4.85,113,179208,155,0.0337817,,True
562.30308,4.85,109,193455,155,0.0337817,,True
562.30309,5.23,194,83425,117,0.0255166,,True
562.30310,5.17,154,89182,117,0.0253785,,True
562.42662,5.23,112,246502,131,0.016657,,True
562.42666,5.08,240,92815,10,0.0341584,,True
562.42697,5.28,270,149212,165,0.0344048,,True
562.42717,5.11,56,383786,7221,0.0160863,,True
562.42739,5.25,240,202612,131,0.0166344,,True
562.42745,4.88,105,175450,156,0.0335842,,True
562.42759,5.0,122,185513,2179,0.0331287,,True
562.45395,5.09,3,5052397,2179,0.0339251,,True
562.45397,4.85,5,4824995,410,0.0325429,,True
562.45403,5.03,8,4845984,224,0.0332797,,True
562.45590,4.91,57,203341,533,0.0334969,,True
562.45592,5.41,141,180840,117,0.0270683,,True
562.45600,5.09,103,154185,117,0.025484,,True
562.45604,5.05,132,129700,117,0.025225,,True
562.45610,5.09,165,106079,212,0.033903,,True
562.45613,5.15,112,175506,95,0.0131603,,True
562.45621,5.05,153,134162,212,0.0338368,,True
562.45638,4.86,49,204336,23,0.0329464,,True
562.45645,5.08,121,154151,11404,0.0339583,,True
562.45647,5.01,162,95369,1564,0.0342477,,True
562.45661,5.14,118,169869,23,0.0336499,,True
562.45846,4.78,80,122944,7522,0.0329892,,True
562.45847,4.79,98,95182,448,0.0336061,,True
562.45848,4.81,55,180800,349,0.0309645,,True
562.45849,4.99,117,110111,38,0.0303729,,True
562.45850,5.28,109,114962,38,0.0322911,,True
562.45851,4.9,60,182505,372,0.0125969,,True
562.45852,4.69,140,69843,10,0.0329892,,True
562.45853,5.05,68,158767,315,0.0312349,,True
562.45910,5.2,86,138227,131,0.0173941,,True
562.45916,5.14,88,167536,131,0.0172076,,True
562.45964,5.78,152,114535,38,0.0323329,,True
562.48345,5.75,332,58316,-,0.034574,,True
562.48346,5.4,225,96730,88,0.0334533,,True
562.48348,5.4,229,111063,88,0.0334316,,True
562.48349,5.34,218,111063,88,0.0332473,,True
562.52539,4.94,348,126454,744,0.0346419,,True
562.52540,5.81,2269,70311,48,0.038027,over 500 contigs (too fragmented),False
562.52541,5.19,732,95312,6910,0.0347669,over 500 contigs (too fragmented),False
562.52542,4.92,675,83907,206,0.0342701,over 500 contigs (too fragmented),False
562.52543,5.15,1174,80343,6908,0.0344273,over 500 contigs (too fragmented),False
562.52544,4.76,421,74634,730,0.0336389,,True
562.52545,5.13,600,76355,226,0.0353885,over 500 contigs (too fragmented),False
562.52546,5.22,276,225825,1011,0.0346987,,True
562.52547,5.03,605,102680,6395,0.0337597,over 500 contigs (too fragmented),False
562.52548,4.79,747,55868,5222,0.0344949,over 500 contigs (too fragmented),False
562.52549,4.73,375,150169,744,0.0337267,,True
562.52550,5.13,614,114883,6831,0.0345627,over 500 contigs (too fragmented),False
562.52551,5.2,959,104815,206,0.0355167,over 500 contigs (too fragmented),False
562.52552,5.19,258,328959,1011,0.034574,,True
562.52553,5.18,513,123796,6831,0.0348239,over 500 contigs (too fragmented),False
562.52554,4.87,307,89270,48,0.0339694,,True
562.52555,4.96,524,119381,34,0.033617,over 500 contigs (too fragmented),False
562.52556,4.88,436,265171,10,0.0341807,,True
562.52557,5.02,611,92041,206,0.0341361,over 500 contigs (too fragmented),False
562.52558,5.04,753,83907,206,0.0342925,over 500 contigs (too fragmented),False
562.52559,4.75,280,127926,744,0.0336937,,True
562.52560,4.9,545,120036,744,0.0341027,over 500 contigs (too fragmented),False
562.52561,5.48,1483,119275,744,0.0350185,over 500 contigs (too fragmented),False
562.52562,4.9,525,145684,6907,0.0337597,over 500 contigs (too fragmented),False
562.52563,4.8,284,176900,515,0.0343598,,True
562.52564,4.86,371,145684,6907,0.0336718,,True
562.52565,4.82,417,79349,193,0.0342813,,True
562.52566,4.9,307,111639,1178,0.0338257,,True
562.52570,4.98,491,107137,34,0.0332797,,True
562.52571,5.24,1377,105003,1114,0.0337377,over 500 contigs (too fragmented),False
562.52573,5.39,545,119275,167,0.0358221,over 500 contigs (too fragmented),False
562.52574,4.97,517,120072,1638,0.0337377,over 500 contigs (too fragmented),False
562.52575,4.62,368,71615,609,0.0332041,,True
562.52576,4.89,464,104177,542,0.0334642,,True
562.52577,5.17,1092,106240,1178,0.0339694,over 500 contigs (too fragmented),False
562.52578,4.81,270,107300,1178,0.0332365,,True
562.52579,4.81,234,107348,1178,0.0332257,,True
562.52580,4.81,281,107348,1178,0.0332257,,True
562.52581,4.88,267,120066,7366,0.0349382,,True
562.52583,4.97,288,98992,1114,0.0335296,,True
562.52584,4.93,334,77664,6793,0.0348353,,True
562.52585,4.96,529,89058,48,0.0344611,over 500 contigs (too fragmented),False
562.52586,4.84,398,89441,48,0.0339694,,True
562.52587,5.32,1560,97150,746,0.0354467,over 500 contigs (too fragmented),False
562.52588,5.01,430,97628,48,0.0341584,,True
562.52590,4.84,154,80141,206,0.03454,,True
562.52591,4.78,95,120769,361,0.0340804,,True
562.52592,4.82,183,93340,206,0.0340138,,True
562.52593,4.7,151,87264,48,0.0331933,,True
562.52594,5.01,171,125571,6756,0.0343935,,True
562.52595,4.66,176,74356,226,0.0340027,,True
562.52596,4.69,165,91108,206,0.0336061,,True
562.52597,4.69,169,97617,48,0.033617,,True
562.52598,4.83,219,73217,206,0.0341472,,True
562.52599,4.85,159,96983,8670,0.0344385,,True
562.52600,4.73,171,85152,7054,0.0343374,,True
562.52601,5.97,1464,32498,48,0.0353768,over 500 contigs (too fragmented),False
562.52602,6.18,2814,11873,-,0.0347328,size outside 4.5-6.0 Mb,False
562.52603,5.05,282,118907,167,0.0337817,,True
562.52604,4.71,222,50195,48,0.0341918,,True
562.52605,4.85,93,151087,8666,0.0337927,,True
562.52606,5.24,466,136803,167,0.0344048,,True
562.52607,5.03,355,104750,744,0.0348011,,True
562.52608,5.54,1428,64910,8669,0.035342,over 500 contigs (too fragmented),False
562.52609,4.8,251,75304,48,0.0337267,,True
562.52610,4.92,184,74066,226,0.0346533,,True
562.52611,5.13,594,74039,8669,0.0346646,over 500 contigs (too fragmented),False
562.52612,4.84,313,111744,1178,0.0333773,,True
562.52613,4.87,214,83903,8667,0.0341027,,True
562.52614,4.87,152,151416,8666,0.0338478,,True
562.52615,4.94,491,87028,48,0.0344498,,True
562.52616,4.78,425,74634,730,0.0337377,,True
562.52617,4.79,552,147687,206,0.033628,over 500 contigs (too fragmented),False
562.52618,5.5,1420,224270,5919,0.0352492,over 500 contigs (too fragmented),False
562.52619,4.93,435,270757,5728,0.0347783,,True
562.52620,5.08,346,131589,48,0.0339251,,True
562.52621,5.67,1190,117721,10,0.0359048,over 500 contigs (too fragmented),False
562.52622,4.97,248,212414,181,0.0339362,,True
562.52623,5.36,829,211341,648,0.0298893,over 500 contigs (too fragmented),False
562.52624,4.9,377,153598,195,0.0343261,,True
562.52625,5.21,695,94610,6910,0.0349382,over 500 contigs (too fragmented),False
562.52626,5.1,272,233159,224,0.0332906,,True
562.52627,5.13,475,62784,3856,0.035716,,True
562.52628,5.06,326,76829,8668,0.0350185,,True
562.52629,5.27,664,211341,648,0.0293199,over 500 contigs (too fragmented),False
562.52630,5.13,326,74092,46,0.0350875,,True
562.52631,5.26,125,100347,1638,0.0352492,,True
562.52640,5.04,154,128599,48,0.0339805,,True
562.5419,5.07,156,170917,88,0.033032,,True
562.5420,5.14,217,131461,4198,0.0335952,,True
562.5421,5.25,255,72208,278,0.0341138,,True
562.5422,5.28,135,116145,2522,0.0342477,,True
562.5423,5.01,197,111918,515,0.0348353,,True
562.5424,5.12,211,88172,109,0.0339694,,True
562.5425,5.14,246,71671,515,0.0350875,,True
562.5426,5.45,202,115333,329,0.0345513,,True
562.5427,4.98,255,71346,156,0.0338478,,True
562.5428,5.2,185,113637,109,0.0339805,,True
562.5429,4.78,104,109113,1121,0.0335078,,True
562.5430,4.92,80,156112,1727,0.0333339,,True
562.5431,4.84,85,185187,6419,0.0329785,,True
562.5432,5.01,118,119367,906,0.0337047,,True
562.5433,5.02,111,112306,1706,0.0334969,,True
562.5434,4.46,145,84055,46,0.032925,size outside 4.5-6.0 Mb,False
562.5435,5.2,200,94661,1611,0.035342,,True
562.5436,4.88,105,208845,165,0.0328503,,True
562.5437,4.88,149,142290,165,0.0328396,,True
562.5438,4.71,93,138107,6416,0.0340693,,True
562.5439,5.01,89,163587,10,0.0335514,,True
562.5440,5.05,157,95769,1122,0.0337597,,True
562.5441,5.01,103,135701,278,0.0339141,,True
562.5442,5.03,91,192624,278,0.0339141,,True
562.5443,5.29,290,85473,300,0.0349039,,True
562.5444,4.75,141,84670,48,0.033161,,True
562.5445,5.08,154,84492,10,0.033892,,True
562.5446,4.92,105,136021,278,0.032893,,True
562.5447,4.95,142,103389,156,0.0334751,,True
562.5448,4.84,194,98689,10,0.0336718,,True
562.5449,4.83,156,132506,10,0.0334207,,True
562.5450,5.13,151,117436,925,0.0324693,,True
562.5451,5.17,214,153437,101,0.0338257,,True
562.5452,5.16,227,74642,1140,0.0339694,,True
562.5453,4.95,182,119762,3602,0.0336608,,True
562.5454,5.05,116,166241,3381,0.0338588,,True
562.5455,4.85,98,135874,162,0.0333664,,True
562.5456,4.94,253,106276,10,0.0333881,,True
562.5457,5.05,138,129965,278,0.0336499,,True
562.5458,5.1,143,117309,58,0.0345175,,True
562.5459,5.05,107,148517,1704,0.033161,,True
562.5460,5.06,122,195794,1704,0.0331502,,True
562.5461,5.22,279,73753,329,0.0336499,,True
562.5462,4.99,107,154487,58,0.033903,,True
562.5463,5.51,299,83360,730,0.0344273,,True
562.5464,5.03,106,137211,3714,0.0340804,,True
562.5465,4.94,147,111742,101,0.0337487,,True
562.5466,4.98,83,207518,1196,0.0333881,,True
562.5467,5.22,245,79822,156,0.0341027,,True
562.5468,4.9,82,199292,6418,0.0337597,,True
562.5469,5.6,344,62024,336,0.0362502,,True
562.5470,5.19,311,71052,119,0.0359404,,True
562.5471,5.09,186,108140,58,0.033628,,True
562.5671,5.06,335,60216,206,0.0337707,,True
562.5676,4.95,146,91839,641,0.0337157,,True
562.56760,5.49,515,55971,354,0.028652,over 500 contigs (too fragmented),False
562.56761,5.45,462,77460,69,0.0324062,,True
562.56762,4.92,266,79417,10,0.0336061,,True
562.56763,5.29,269,84805,141,0.00608779,,True
562.56764,5.14,361,88061,453,0.0325008,,True
562.56765,5.03,189,209600,457,0.0275654,,True
562.56766,4.92,264,62777,355,0.010352,,True
562.56767,5.09,181,184975,1463,0.0332149,,True
562.56768,5.24,360,107069,963,0.0309048,,True
562.56769,4.99,264,61962,224,0.0332257,,True
562.56770,5.03,389,40270,453,0.0327015,,True
562.56771,5.12,244,174589,448,0.034036,,True
562.56772,5.24,341,315896,131,0.0166797,,True
562.56773,5.12,330,57195,23,0.0337817,,True
562.56774,5.32,180,227318,131,0.0173473,,True
562.56775,5.25,349,95941,38,0.0318659,,True
562.56776,5.25,319,319828,131,0.0171322,,True
562.56777,5.04,310,123539,86,0.0339694,,True
562.56778,5.05,224,198850,38,0.0308551,,True
562.56779,5.51,338,257000,69,0.0327758,,True
562.56780,5.49,884,19001,420,0.0140341,over 500 contigs (too fragmented),False
562.56781,5.46,469,36878,69,0.0332581,,True
562.56782,5.05,296,57771,10,0.0340915,,True
562.56783,5.59,473,58623,115,0.0330106,,True
562.56784,5.6,712,28161,38,0.0337817,over 500 contigs (too fragmented),False
562.56785,5.53,326,111664,117,0.0268275,,True
562.56786,5.53,346,103948,68,0.0333773,,True
562.56787,5.57,401,183392,354,0.0295084,,True
562.56788,5.33,917,11338,57,0.0355401,over 500 contigs (too fragmented),False
562.56789,5.29,262,293450,131,0.017588,,True
562.56790,5.16,217,116621,155,0.0338588,,True
562.56791,5.63,305,107810,57,0.0351798,,True
562.56792,5.86,603,92510,38,0.0342925,over 500 contigs (too fragmented),False
562.56793,5.16,198,128890,155,0.0338478,,True
562.56794,4.95,465,60584,2450,0.0341807,,True
562.56795,5.63,375,105358,57,0.0349497,,True
562.56796,5.62,325,97023,57,0.0351683,,True
562.56797,4.92,371,184728,540,0.0334751,,True
562.56798,5.21,272,308752,131,0.0166797,,True
562.56799,5.46,398,246410,117,0.0267506,,True
562.56800,5.4,683,47481,38,0.0325851,over 500 contigs (too fragmented),False
562.56801,6.1,479,105355,57,0.0372986,size outside 4.5-6.0 Mb,False
562.56802,5.59,337,113270,57,0.0354933,,True
562.56803,5.78,500,122459,38,0.0338478,,True
562.56804,5.36,254,262523,131,0.0174233,,True
562.56805,5.33,266,320433,131,0.0172599,,True
562.56806,5.03,172,129265,58,0.0332473,,True
562.56807,5.83,1042,209618,1196,0.0354001,over 500 contigs (too fragmented),False
562.56808,5.35,368,83926,117,0.0256882,,True
562.56809,5.28,299,217428,117,0.0257785,,True
562.5681,5.02,345,70045,10,0.0337597,,True
562.56810,8.8,6336,2342,-,0.036636,size outside 4.5-6.0 Mb,False
562.56811,5.22,306,193341,212,0.0337377,,True
562.56812,5.27,330,246410,117,0.0260099,,True
562.56813,5.06,785,12550,-,0.0129916,over 500 contigs (too fragmented),False
562.56814,5.2,286,193685,162,0.0340804,,True
562.56815,5.2,314,188053,2040,0.0338257,,True
562.56816,5.69,480,161068,1158,0.0342925,,True
562.56817,5.53,434,126312,38,0.033161,,True
562.56818,5.24,399,176602,2040,0.0335187,,True
562.56819,5.89,352,195612,350,0.0354001,,True
562.56820,5.17,328,125075,10,0.0346646,,True
562.56821,5.17,364,176203,2040,0.0336937,,True
562.56822,5.33,411,104077,3778,0.026118,,True
562.56823,5.28,358,101053,3778,0.0259767,,True
562.56824,5.35,309,272504,429,0.0163698,,True
562.56825,6.19,1023,85159,2309,0.034371,size outside 4.5-6.0 Mb,False
562.56826,9.89,11080,2119,-,0.0380525,size outside 4.5-6.0 Mb,False
562.56827,5.35,288,318754,429,0.0163978,,True
562.56828,5.16,403,124071,155,0.0341918,,True
562.56829,5.52,441,143882,420,0.0132767,,True
562.56830,5.61,513,125296,38,0.0331395,over 500 contigs (too fragmented),False
562.56831,5.23,208,408318,2485,0.0340804,,True
562.56832,5.27,306,154098,117,0.0259767,,True
562.56833,5.29,320,154099,3778,0.0260265,,True
562.56834,5.45,269,353419,131,0.0173473,,True
562.56835,5.32,435,156918,117,0.0260348,,True
562.56836,5.23,315,277405,131,0.016691,,True
562.56837,5.61,395,127240,38,0.033161,,True
562.56838,5.62,423,127229,38,0.0332906,,True
562.56839,5.21,274,327827,131,0.0167535,,True
562.56840,5.39,365,147940,1196,0.0340915,,True
562.56841,5.86,981,34979,4937,0.0357749,over 500 contigs (too fragmented),False
562.56842,5.39,373,153641,1196,0.0341249,,True
562.56843,5.44,382,147940,1196,0.0342813,,True
562.56844,5.28,357,183312,2040,0.0340138,,True
562.56845,5.27,356,259107,1196,0.0337597,,True
562.56846,5.61,526,115412,1594,0.0352145,over 500 contigs (too fragmented),False
562.56847,5.26,341,314887,1196,0.0337487,,True
562.56848,5.33,394,104077,3778,0.0260847,,True
562.56849,5.26,350,259487,1196,0.0337487,,True
562.56850,6.09,437,105312,57,0.0372366,size outside 4.5-6.0 Mb,False
562.56851,5.3,215,100090,2040,0.0343149,,True
562.56852,5.31,577,27610,117,0.0257621,over 500 contigs (too fragmented),False
562.56853,4.88,329,173272,38,0.0306967,,True
562.56854,4.98,255,72298,1421,0.0337487,,True
562.56855,5.31,836,15092,393,0.0334424,over 500 contigs (too fragmented),False
562.56856,5.28,477,36676,59,0.0285058,,True
562.56857,5.3,373,138542,93,0.0333773,,True
562.56858,5.35,302,53217,75,0.0330535,,True
562.56859,5.24,300,256988,69,0.0320311,,True
562.5686,4.78,187,94688,1121,0.0335187,,True
562.56860,5.12,370,113561,58,0.0338368,,True
562.56861,5.05,208,243424,131,0.0161693,,True
562.56862,5.14,452,40028,10,0.0341807,,True
562.56863,5.26,423,35705,3778,0.0258279,,True
562.56864,5.23,428,185707,58,0.0332365,,True
562.56865,5.31,382,59575,69,0.0323538,,True
562.56866,4.72,256,87320,10,0.0329571,,True
562.56867,5.27,448,59889,694,0.0344048,,True
562.56868,5.27,301,55565,429,0.0162081,,True
562.56869,5.21,315,414915,1844,0.033617,,True
562.56870,4.91,275,113272,744,0.0342477,,True
562.56871,5.44,340,243345,362,0.033486,,True
562.56872,5.27,588,26798,648,0.028027,over 500 contigs (too fragmented),False
562.56873,5.01,270,180893,4759,0.0343935,,True
562.56874,5.27,235,226342,131,0.0166117,,True
562.56875,4.95,217,110244,348,0.0335405,,True
562.56876,5.02,264,198851,38,0.0307066,,True
562.56877,5.49,483,72453,88,0.0338809,,True
562.56878,5.5,391,96163,752,0.0354117,,True
562.56879,5.31,267,75071,117,0.0261931,,True
562.56880,5.23,200,143802,117,0.0261014,,True
562.56881,5.63,441,60794,38,0.033486,,True
562.56882,5.19,341,83813,2040,0.0335187,,True
562.56883,5.47,514,35042,38,0.033323,over 500 contigs (too fragmented),False
562.56884,5.58,310,82961,131,0.0181675,,True
562.56885,5.71,403,114837,69,0.0343374,,True
562.56886,5.5,407,44391,69,0.0334207,,True
562.56887,5.34,278,93624,117,0.0265889,,True
562.56888,5.15,240,392273,569,0.0121725,,True
562.56889,5.08,193,109012,58,0.0334642,,True
562.5689,4.9,134,131606,6416,0.0352492,,True
562.56890,5.48,129,250402,69,0.0327546,,True
562.56891,5.29,264,90598,6008,0.0346646,,True
562.56892,5.53,220,139447,131,0.0182281,,True
562.56893,5.14,173,170997,1463,0.0333556,,True
562.56894,5.32,234,165662,108,0.0326063,,True
562.56895,5.03,185,109231,58,0.0332473,,True
562.56896,5.33,144,186048,57,0.0343149,,True
562.56897,5.65,332,116935,38,0.033486,,True
562.56898,5.07,195,101365,5763,0.0345175,,True
562.56899,5.15,142,231375,117,0.02568,,True
562.5690,4.89,153,119341,993,0.0341695,,True
562.56900,5.45,244,135238,354,0.0288083,,True
562.56901,5.15,311,105817,1286,0.0340915,,True
562.56902,5.69,732,102234,10,0.035505,over 500 contigs (too fragmented),False
562.56903,5.24,250,128355,2040,0.0337817,,True
562.56904,5.38,203,173622,117,0.0258197,,True
562.56905,5.17,596,125946,10,0.0345287,over 500 contigs (too fragmented),False
562.56906,5.03,168,156092,10,0.0343935,,True
562.56907,5.55,321,118343,38,0.0332149,,True
562.56908,5.32,87,359861,429,0.0163028,,True
562.56909,5.55,295,146489,68,0.0334098,,True
562.5691,5.07,155,112052,58,0.0340693,,True
562.56910,5.32,109,214458,429,0.0162916,,True
562.56911,5.1,150,210848,8124,0.0334424,,True
562.56912,5.09,166,192009,58,0.0334424,,True
562.56913,5.44,573,93994,373,0.03454,over 500 contigs (too fragmented),False
562.56914,5.07,262,83857,1818,0.0346079,,True
562.56915,5.46,388,66214,38,0.0330106,,True
562.56916,5.91,504,67415,38,0.0344048,over 500 contigs (too fragmented),False
562.56917,5.18,335,133545,58,0.0335296,,True
562.56918,5.81,436,86656,115,0.0337597,,True
562.56919,5.27,213,116293,429,0.0162749,,True
562.5692,5.23,267,60206,10,0.03471,,True
562.56920,5.45,380,73164,38,0.0330427,,True
562.56921,5.35,524,38309,1594,0.0343261,over 500 contigs (too fragmented),False
562.56922,5.18,439,53152,10,0.0344723,,True
562.5693,5.05,120,197114,224,0.0329143,,True
562.5694,5.64,321,81332,730,0.0350875,,True
562.5695,4.83,134,119251,10,0.0334207,,True
562.5696,5.13,226,134000,109,0.033892,,True
562.5697,5.11,190,111740,58,0.03471,,True
562.5698,5.3,257,96252,327,0.0349841,,True
562.5699,5.0,97,193789,10,0.0343037,,True
562.5700,5.28,113,234152,4985,0.0339805,,True
562.5701,4.96,206,90563,10,0.0338368,,True
562.5702,5.12,394,47955,6415,0.0344498,,True
562.5703,5.14,96,207258,224,0.0337267,,True
562.5704,4.93,185,101452,316,0.0330106,,True
562.5705,4.95,144,106428,278,0.0332581,,True
562.5706,5.37,302,76563,329,0.0342589,,True
562.5708,5.03,79,185960,278,0.0339141,,True
562.57378,7.26,4901,2785,-,0.0219701,size outside 4.5-6.0 Mb,False
562.57387,4.84,204,56836,6624,0.0343935,,True
562.57395,5.41,219,92601,5949,0.0350415,,True
562.57397,5.08,176,76147,877,0.0349153,,True
562.57408,4.91,145,85039,877,0.0340693,,True
562.57423,4.81,234,63951,4214,0.0333014,,True
562.57445,4.75,130,195898,196,0.0325746,,True
562.57461,5.04,194,74302,1585,0.0344048,,True
562.57476,4.96,80,209014,457,0.0271722,,True
562.57477,5.3,184,137182,69,0.0325957,,True
562.57488,4.83,152,82112,617,0.0328823,,True
562.57501,4.94,101,176807,2186,0.033892,,True
562.58629,5.02,288,43865,-,0.0331072,,True
562.58648,4.76,259,81209,6102,0.0342142,,True
562.59217,5.06,257,87798,617,0.034036,,True
562.59218,4.83,138,152061,410,0.0330427,,True
562.59219,5.36,213,155528,131,0.0170572,,True
562.59220,5.11,172,121234,354,0.0274337,,True
562.59221,4.79,134,138982,156,0.0327439,,True
562.59222,4.96,247,58540,5474,0.0343598,,True
562.59223,4.93,157,109843,5474,0.0343486,,True
562.59224,4.83,158,130234,410,0.0330749,,True
562.59225,4.93,197,76618,5474,0.0343598,,True
562.59226,5.06,316,80863,224,0.0334533,,True
562.59227,4.96,289,70890,5474,0.0345287,,True
562.59228,4.95,311,113531,167,0.0336937,,True
562.59229,5.01,280,106569,5474,0.0346419,,True
562.64824,5.12,123,358571,73,0.0121863,,True
562.64825,4.95,85,256907,491,0.0130253,,True
562.64826,4.86,170,86707,607,0.0333447,,True
562.64827,5.31,170,118081,69,0.0326274,,True
562.64828,5.01,92,209196,131,0.0167479,,True
562.64829,4.97,49,319583,131,0.0158007,,True
562.64830,5.06,97,305048,12,0.0116165,,True
562.64831,4.87,101,173559,410,0.0331933,,True
562.64832,5.16,103,221809,14,0.013615,,True
562.64833,5.2,233,72477,59,0.0279465,,True
562.64834,5.07,88,281684,95,0.0128338,,True
562.64835,4.72,96,175453,2332,0.0322076,,True
562.64836,5.13,147,166193,12,0.0119428,,True
562.64837,5.08,159,213893,73,0.0115851,,True
562.64838,5.07,88,366154,1994,0.0113885,,True
562.64839,5.17,58,374902,998,0.00413285,,True
562.64840,4.83,109,185979,73,0.0119886,,True
562.64841,4.76,184,72248,46,0.0341918,,True
562.64842,4.82,105,192184,2166,0.0337377,,True
562.64843,5.16,87,464755,131,0.0164427,,True
562.64844,5.27,210,93262,62,0.0279823,,True
562.64845,5.19,146,145497,602,0.0339141,,True
562.64846,5.05,86,332463,127,0.0107448,,True
562.64847,5.22,105,276426,131,0.017359,,True
562.64848,5.08,69,377028,12,0.0114508,,True
562.64849,5.24,231,128449,69,0.0327227,,True
562.64850,4.91,173,118819,10,0.0321244,,True
562.64851,5.23,161,152404,131,0.0177657,,True
562.64852,5.28,123,173578,131,0.0176057,,True
562.64853,5.35,135,142748,3101,0.0340471,,True
562.64854,5.04,114,326242,11974,0.0115941,,True
562.64855,5.31,112,112487,69,0.0330857,,True
562.64856,4.78,53,294336,349,0.0309944,,True
562.64857,5.08,83,232786,9698,0.0131506,,True
562.64858,5.13,79,330077,416,0.0124561,,True
562.64859,5.01,109,254768,140,0.0122094,,True
562.64860,4.71,50,596832,420,0.0104623,,True
562.64861,5.21,124,213356,404,0.0141249,,True
562.64862,5.23,165,259727,73,0.0126725,,True
562.64863,5.1,94,251210,131,0.0160145,,True
562.64864,5.1,221,58078,59,0.0276535,,True
562.64865,5.25,143,266374,131,0.0166683,,True
562.64866,5.21,111,294533,95,0.0137488,,True
562.64867,5.17,157,151413,10,0.033161,,True
562.64868,5.02,125,240583,88,0.0332581,,True
562.64869,5.27,106,366147,80,0.0126819,,True
562.64870,5.21,163,148847,131,0.0168448,,True
562.64871,5.17,207,104973,69,0.0318865,,True
562.64872,5.04,88,283621,1193,0.0140694,,True
562.64873,5.21,125,213707,-,0.0173065,,True
562.64874,5.11,73,402370,95,0.0130879,,True
562.64875,5.23,86,237787,131,0.0166797,,True
562.64876,5.06,126,207278,144,0.0116345,,True
562.64877,4.95,61,348797,69,0.031671,,True
562.64878,4.89,66,246032,131,0.0165271,,True
562.64879,5.07,123,242156,131,0.017196,,True
562.64880,4.76,90,141444,410,0.0331718,,True
562.64881,4.94,81,253066,12,0.0117112,,True
562.64882,4.93,102,270568,416,0.0115313,,True
562.64883,5.07,85,281685,95,0.0128291,,True
562.64884,5.34,138,252441,131,0.0181615,,True
562.64885,5.1,101,294921,127,0.0120023,,True
562.64886,5.18,184,175460,127,0.0121771,,True
562.64887,4.91,86,345283,73,0.0114731,,True
562.64888,5.33,302,153001,117,0.025927,,True
562.64889,5.15,126,210770,12,0.0119931,,True
562.64890,5.31,119,116331,69,0.0324482,,True
562.64891,4.9,160,126980,1049,0.0342477,,True
562.64892,5.02,63,319381,978,0.0116255,,True
562.64893,5.44,172,102940,69,0.0331825,,True
562.64894,5.23,122,205456,14,0.0139185,,True
562.64895,5.26,128,254261,12,0.0134231,,True
562.64896,4.94,161,294729,131,0.0165891,,True
562.64897,5.0,96,190913,2279,0.016125,,True
562.64898,4.67,107,122873,540,0.0327546,,True
562.64899,5.11,100,301129,73,0.0113218,,True
562.64900,4.73,102,88007,9788,0.0142568,,True
562.64901,5.18,125,210627,69,0.0321036,,True
562.64902,4.8,140,131442,10,0.0337047,,True
562.64903,5.17,119,215352,345,0.0348925,,True
562.64904,5.17,79,281982,95,0.0130782,,True
562.64905,4.98,116,262451,127,0.0112953,,True
562.64906,5.11,122,241751,367,0.0336499,,True
562.64907,4.77,40,490475,9506,0.0402144,,True
562.64908,5.06,77,375743,1193,0.0139787,,True
562.64909,5.15,100,354132,144,0.0121863,,True
562.64910,4.89,117,147297,10,0.0328396,,True
562.64911,5.22,308,68880,746,0.0349039,,True
562.64912,5.13,176,140002,73,0.0130301,,True
562.64913,5.13,105,207863,69,0.0328716,,True
562.64914,4.73,99,130052,453,0.0322702,,True
562.64915,5.38,140,151075,69,0.0326274,,True
562.64916,4.94,93,294729,131,0.0166513,,True
562.64917,4.98,81,303893,73,0.0124093,,True
562.64918,5.09,51,411343,1946,0.013541,,True
562.64919,4.84,59,272541,1722,0.0274775,,True
562.64920,5.1,53,276425,131,0.0167194,,True
562.64921,5.22,145,202430,73,0.012428,,True
562.64922,5.15,97,221386,131,0.0174409,,True
562.64923,5.12,123,209196,131,0.0170283,,True
562.64924,5.11,188,118883,10,0.0333014,,True
562.64925,5.28,170,245384,404,0.0143998,,True
562.64926,5.38,178,199611,1057,0.013141,,True
562.64927,5.05,161,134751,144,0.0122882,,True
562.64928,5.17,194,124053,38,0.031671,,True
562.64929,5.14,46,660622,999,0.0157462,,True
562.64930,4.72,197,88133,6447,0.0342477,,True
562.64931,5.04,81,287729,640,0.0166627,,True
562.64932,5.37,259,115072,223,0.0340804,,True
562.64933,5.15,149,265969,73,0.0126017,,True
562.64934,4.68,56,296198,196,0.0318865,,True
562.64935,5.11,110,222680,140,0.0127577,,True
562.64936,4.41,141,66954,-,0.0337597,size outside 4.5-6.0 Mb,False
562.64937,5.08,80,542167,73,0.0125593,,True
562.64938,5.05,102,273765,95,0.0129629,,True
562.64939,5.16,166,109740,10,0.0332797,,True
562.64940,4.87,69,333967,23,0.0329892,,True
562.64941,5.0,75,236596,1193,0.0137836,,True
562.64942,5.08,105,136661,69,0.0312954,,True
562.64943,5.02,82,185224,362,0.031569,,True
562.64944,5.24,115,294533,95,0.0139335,,True
562.64945,5.33,142,169348,69,0.0324377,,True
562.64946,5.09,135,213669,73,0.0120252,,True
562.64947,5.01,78,263829,10,0.0339362,,True
562.64948,4.66,35,328121,363,0.00981378,,True
562.64949,5.32,171,266638,80,0.0131942,,True
562.64950,4.95,112,234293,73,0.0124701,,True
562.64951,4.89,91,219835,538,0.0158062,,True
562.64952,5.24,150,196106,404,0.0144562,,True
562.64953,5.22,114,190808,131,0.0173765,,True
562.64954,5.03,81,370410,12,0.0111189,,True
562.64955,4.8,81,196624,69,0.0316608,,True
562.64956,4.98,96,204864,95,0.012734,,True
562.64957,5.23,139,169473,69,0.032564,,True
562.64958,5.03,133,332698,73,0.0120206,,True
562.64959,5.03,60,276425,131,0.0169766,,True
562.64960,5.15,130,231966,73,0.0125123,,True
562.64961,5.04,121,144651,69,0.0323434,,True
562.64962,5.11,70,351726,131,0.0160421,,True
562.64963,5.2,114,136440,624,0.0275478,,True
562.64964,5.02,80,155370,127,0.0113618,,True
562.64965,4.9,82,229434,127,0.011251,,True
562.64966,5.28,148,102941,69,0.0325851,,True
562.64967,4.89,62,269713,131,0.0165102,,True
562.64968,4.87,40,436357,357,0.0149181,,True
562.64969,5.25,161,211804,12,0.0124514,,True
562.64970,5.17,141,141371,69,0.0323748,,True
562.64971,5.07,93,319616,12,0.0117564,,True
562.64972,5.3,141,197587,131,0.0168448,,True
562.64973,5.2,54,370302,12,0.0137986,,True
562.64974,5.32,150,167075,12,0.0125922,,True
562.64975,4.97,98,159734,34,0.0332689,,True
562.64976,4.58,92,152148,-,0.0332257,,True
562.64977,5.21,102,198871,2973,0.034676,,True
562.64978,5.14,66,355581,95,0.0131651,,True
562.64979,5.35,190,101399,2141,0.0289654,,True
562.64980,5.08,61,358106,95,0.0129006,,True
562.64981,4.73,78,189773,8323,0.0318762,,True
562.64982,5.22,143,272821,69,0.0320518,,True
562.64983,5.12,110,202436,73,0.0125217,,True
562.64984,5.04,88,275354,69,0.0324903,,True
562.64985,5.26,134,271701,131,0.0168048,,True
562.64986,5.18,105,219841,69,0.0325219,,True
562.64987,4.84,51,339554,978,0.0127958,,True
562.64988,5.28,164,165124,1057,0.012734,,True
562.64989,5.18,165,229753,131,0.0174409,,True
562.64990,5.14,135,106575,69,0.0327121,,True
562.64991,5.17,126,275909,127,0.0116751,,True
562.64992,5.18,62,543049,95,0.0127151,,True
562.64993,5.25,76,285655,131,0.0176175,,True
562.64994,5.1,82,229727,131,0.0169306,,True
562.64995,5.2,117,190808,131,0.0173999,,True
562.64996,5.14,87,272932,95,0.013199,,True
562.64997,4.86,71,261900,362,0.0309944,,True
562.64998,5.18,201,193270,144,0.0128959,,True
562.64999,5.0,88,268169,95,0.0127388,,True
562.65000,5.24,112,209167,131,0.0167763,,True
562.65001,5.15,95,301113,6375,0.0130301,,True
562.65002,5.08,130,202436,73,0.0122141,,True
562.65003,4.81,52,310580,538,0.0165891,,True
562.65004,5.07,87,268256,95,0.0128529,,True
562.65005,5.09,150,356906,73,0.0118063,,True
562.65006,4.98,153,113792,56,0.0331933,,True
562.65007,5.16,115,245910,12,0.0130301,,True
562.65008,5.07,98,348387,70,0.0310144,,True
562.65009,5.0,142,181381,12,0.0124373,,True
562.65010,5.05,103,276692,73,0.0120573,,True
562.65011,4.96,84,279585,131,0.0167081,,True
562.65012,4.78,112,250361,10,0.0336828,,True
562.65013,5.46,232,169153,73,0.0132184,,True
562.65014,5.16,115,305548,73,0.0126725,,True
562.65015,4.8,91,187809,410,0.0326274,,True
562.65016,5.01,128,234294,73,0.012228,,True
562.65017,5.04,35,728168,998,0.00066608,,True
562.65018,4.91,59,259696,3052,0.0314167,,True
562.65019,4.8,54,653369,538,0.0152138,,True
562.65020,4.86,97,268260,1092,0.0136793,,True
562.65021,5.08,127,358682,1262,0.0123161,,True
562.65022,5.23,116,177201,131,0.0173356,,True
562.65023,4.73,27,768515,-,0.011282,,True
562.65024,4.81,88,185176,847,0.0333773,,True
562.65025,4.96,46,359326,998,0.00321007,,True
562.65026,5.11,135,269104,141,0.004756,,True
562.65027,5.38,129,249515,117,0.0259933,,True
562.65028,5.12,154,202436,73,0.012734,,True
562.65029,4.92,148,268834,95,0.0125264,,True
562.65030,5.03,82,176281,12,0.0127482,,True
562.65031,4.88,107,244600,88,0.0330535,,True
562.65032,5.22,94,271416,131,0.0167137,,True
562.65033,5.02,84,302395,131,0.0165778,,True
562.65034,5.2,149,226924,73,0.0122882,,True
562.65035,5.35,117,291448,144,0.0141148,,True
562.65036,5.25,142,227401,12,0.0139285,,True
562.65037,4.72,65,266583,349,0.0302657,,True
562.65038,4.94,88,269713,131,0.0166854,,True
562.65039,5.14,137,268224,95,0.0135804,,True
562.65040,5.14,205,109752,62,0.0275478,,True
562.65041,5.06,83,299118,416,0.0122048,,True
562.65042,5.02,91,203754,95,0.0125734,,True
562.65043,5.17,235,53583,59,0.0284785,,True
562.65044,5.22,94,286218,95,0.0135952,,True
562.65045,4.76,140,106517,10,0.0333556,,True
562.65046,5.22,159,200327,73,0.0127245,,True
562.65047,5.22,85,276425,131,0.0175349,,True
562.65048,4.86,89,202437,73,0.0124982,,True
562.65049,4.75,111,132777,540,0.0330535,,True
562.65050,5.28,191,200258,73,0.0128386,,True
562.65051,5.19,113,202077,12,0.0132913,,True
562.65052,5.1,125,239867,95,0.0120528,,True
562.65053,4.83,63,425447,569,0.0110663,,True
562.65054,4.67,67,175485,23,0.032829,,True
562.65055,4.72,33,484791,1236,0.0149601,,True
562.65056,5.4,164,190799,131,0.0171902,,True
562.65057,5.1,101,223233,144,0.0129198,,True
562.65058,5.23,87,364399,127,0.0121771,,True
562.65059,5.2,93,315384,393,0.0322285,,True
562.65060,5.12,149,206169,73,0.0118335,,True
562.65061,5.35,118,171985,1406,0.0326168,,True
562.65062,5.24,156,197548,69,0.032312,,True
562.65063,5.15,72,368296,95,0.01317,,True
562.65064,4.93,133,162989,131,0.0169823,,True
562.65065,5.17,69,355491,-,0.0132962,,True
562.65066,5.02,159,208410,131,0.0172541,,True
562.65067,5.19,199,142872,117,0.0258197,,True
562.65068,4.91,120,124489,93,0.0322806,,True
562.65069,4.79,89,213653,6163,0.0273113,,True
562.65070,5.12,242,94280,88,0.033032,,True
562.65071,5.01,74,162664,69,0.0318659,,True
562.65072,5.1,112,294340,73,0.0122882,,True
562.65073,5.22,175,233659,73,0.0124982,,True
562.65074,5.01,96,205742,550,0.0136002,,True
562.65075,4.83,110,167039,131,0.016009,,True
562.65076,5.05,125,202179,95,0.012791,,True
562.65077,5.15,124,213881,73,0.0119109,,True
562.65078,5.12,122,278971,144,0.0120987,,True
562.65079,5.4,150,155830,38,0.032218,,True
562.65080,5.04,95,357387,410,0.0327015,,True
562.65081,4.92,65,297821,1884,0.0318556,,True
562.65082,4.79,99,146055,10,0.0332797,,True
562.65083,5.02,105,361968,73,0.0131555,,True
562.65084,5.08,106,217884,73,0.0123906,,True
562.65085,5.14,122,244421,69,0.0321764,,True
562.65086,5.13,156,291739,416,0.0122511,,True
562.65087,5.17,89,207065,131,0.0170341,,True
562.65088,5.07,99,249525,681,0.0134085,,True
562.65089,5.17,209,98432,2617,0.0280002,,True
562.65090,5.21,110,151664,88,0.0334316,,True
562.65091,5.34,105,124384,-,0.0321868,,True
562.65092,5.15,107,342542,73,0.0118562,,True
562.65093,5.34,148,108855,69,0.0324798,,True
562.65094,4.56,110,103481,46,0.0325324,,True
562.65095,5.04,257,82513,603,0.0344048,,True
562.65097,4.73,124,119372,227,0.0328077,,True
562.65098,5.04,75,323029,1193,0.0140694,,True
562.65099,5.06,89,204145,69,0.0312148,,True
562.65100,5.15,103,348711,73,0.0130638,,True
562.65102,4.94,88,326782,136,0.0126677,,True
562.65103,5.21,177,227272,73,0.0125405,,True
562.65104,5.07,67,350172,12,0.0114464,,True
562.65105,5.13,88,241261,68,0.0322285,,True
562.65106,5.22,103,370457,421,0.0135804,,True
562.65107,5.04,97,312169,73,0.0119109,,True
562.65108,5.06,98,360027,11777,0.012915,,True
562.65109,5.27,158,136661,69,0.0326803,,True
562.65110,5.3,144,124589,88,0.0338257,,True
562.65111,5.03,186,113299,69,0.0321348,,True
562.65112,5.2,148,239540,-,0.0120069,,True
562.65113,5.21,139,199316,73,0.0130157,,True
562.65114,5.33,57,387172,95,0.0137737,,True
562.65115,5.05,90,286896,127,0.0119155,,True
562.65116,5.1,109,358066,95,0.0133157,,True
562.65117,5.17,176,251472,131,0.0173765,,True
562.65118,4.97,82,345706,88,0.0321868,,True
562.65119,5.24,169,154160,131,0.0169881,,True
562.65120,4.91,87,201268,372,0.0127103,,True
562.65121,5.07,73,224972,12,0.0116616,,True
562.65122,5.27,157,218390,73,0.0126536,,True
562.65123,5.17,105,215200,12,0.0133596,,True
562.65124,5.29,193,190808,131,0.0165552,,True
562.65125,5.12,176,102363,405,0.0323434,,True
562.65126,5.21,165,110204,69,0.0324167,,True
562.65127,5.26,176,165732,69,0.0328077,,True
562.65128,5.36,112,204587,131,0.0171438,,True
562.65129,4.96,122,116064,10,0.033032,,True
562.65130,5.32,132,222972,69,0.0324587,,True
562.65131,5.37,200,182330,69,0.0323853,,True
562.65132,4.79,39,680345,1861,0.0121586,,True
562.65133,5.05,66,354116,12,0.0130782,,True
562.65134,5.28,171,173576,131,0.0167592,,True
562.65135,5.43,187,102940,69,0.0331179,,True
562.65136,5.21,199,103731,10,0.0348239,,True
562.65137,5.21,134,272385,73,0.0122419,,True
562.65138,5.03,116,147688,963,0.0302852,,True
562.65139,4.74,37,325913,538,0.0159815,,True
562.65140,4.69,84,349747,23,0.0320518,,True
562.65141,5.05,136,275390,1406,0.0315385,,True
562.65142,5.15,123,289970,141,0.00546707,,True
562.65143,5.16,107,229058,404,0.0138735,,True
562.65144,5.24,186,227718,73,0.0135459,,True
562.65145,5.15,117,303988,73,0.0118927,,True
562.65146,5.26,174,147765,69,0.0318248,,True
562.65147,5.01,91,727015,135,0.0111014,,True
562.65148,5.11,97,364227,127,0.0118608,,True
562.65149,5.3,213,202436,73,0.0127008,,True
562.65150,5.19,165,213892,73,0.0120849,,True
562.65151,4.99,105,262451,127,0.0112466,,True
562.65152,5.2,80,358080,95,0.0135459,,True
562.65153,5.07,62,370411,12,0.0114018,,True
562.65154,5.14,73,417556,95,0.0132281,,True
562.65155,5.43,149,108266,69,0.0333773,,True
562.65156,5.2,232,138573,144,0.0126677,,True
562.65157,5.15,87,296099,-,0.0118471,,True
562.65158,4.97,95,278669,127,0.0110357,,True
562.65159,5.22,133,287632,73,0.0121863,,True
562.65160,5.1,149,87766,453,0.0337377,,True
562.65161,5.18,116,304101,73,0.011952,,True
562.65162,5.22,117,247139,73,0.0131797,,True
562.65163,5.14,112,304091,131,0.0171554,,True
562.65164,5.1,73,164255,457,0.0277597,,True
562.65166,5.01,75,209056,131,0.0170399,,True
562.65167,5.04,58,382239,95,0.0128338,,True
562.65168,5.06,160,148693,216,0.0343149,,True
562.65169,5.17,217,173056,117,0.0252976,,True
562.65170,5.25,119,262107,1604,0.0135706,,True
562.65171,4.72,114,235305,162,0.0323958,,True
562.65172,5.04,94,210683,69,0.0311445,,True
562.65173,5.11,134,234339,73,0.0125969,,True
562.65174,5.15,197,81893,2795,0.0356103,,True
562.65175,5.14,113,228151,95,0.0129868,,True
562.65178,5.11,123,319000,73,0.0121356,,True
562.65180,4.9,106,173571,410,0.031569,,True
562.65181,5.04,113,205329,131,0.0166287,,True
562.65182,5.09,89,367889,127,0.0119703,,True
562.65183,5.02,94,202022,131,0.016782,,True
562.65184,5.17,156,233363,73,0.0124046,,True
562.65185,5.1,109,287399,73,0.0130638,,True
562.65186,5.35,118,316944,144,0.0141199,,True
562.65187,5.09,200,202436,73,0.0124093,,True
562.65188,5.27,160,89965,6453,0.0335078,,True
562.65189,5.16,198,180659,69,0.0322285,,True
562.65193,5.19,84,283602,127,0.0118426,,True
562.65196,5.25,167,203644,80,0.0129868,,True
562.65197,5.07,88,277741,127,0.0119611,,True
562.65198,5.01,74,365467,73,0.0122511,,True
562.65199,4.95,68,481295,428,0.0159321,,True
562.65200,5.15,116,203752,95,0.0128386,,True
562.65201,4.97,103,306689,421,0.0126914,,True
562.65202,5.17,155,213894,73,0.012517,,True
562.65203,4.87,60,366497,372,0.0126772,,True
562.65204,5.07,87,281684,95,0.0128291,,True
562.65205,4.98,104,216309,127,0.0120665,,True
562.65206,4.98,106,199916,636,0.0129772,,True
562.65207,5.25,109,307923,131,0.0176057,,True
562.65208,5.15,237,63220,59,0.0280539,,True
562.65209,5.03,108,280844,428,0.015828,,True
562.65210,4.66,84,196953,155,0.0327121,,True
562.65211,5.31,137,260305,73,0.0136645,,True
562.65212,4.96,51,299115,648,0.0274337,,True
562.65213,4.94,116,182854,362,0.0314268,,True
562.65214,5.36,105,223819,372,0.0122604,,True
562.65215,4.99,92,244201,421,0.0127245,,True
562.65216,5.13,155,182868,362,0.0322702,,True
562.65217,4.95,125,166190,297,0.0334424,,True
562.65218,5.19,120,304097,73,0.0120711,,True
562.65219,5.09,140,147301,10,0.0333664,,True
562.65220,5.76,232,150803,1158,0.0348011,,True
562.65221,5.1,84,209693,131,0.0169364,,True
562.65222,5.25,114,202822,73,0.0131361,,True
562.65223,5.4,143,188804,648,0.0294234,,True
562.65224,5.15,133,187010,14,0.0133157,,True
562.65225,5.03,149,201209,131,0.0168048,,True
562.65226,5.25,156,188225,88,0.0327015,,True
562.65227,5.0,141,175563,73,0.0123254,,True
562.65228,5.19,224,209060,131,0.0176234,,True
562.65229,5.49,322,77538,-,0.0322493,,True
562.65230,5.15,100,203598,80,0.0125781,,True
562.65231,5.02,37,646681,357,0.0155835,,True
562.65232,5.04,91,357433,410,0.0327652,,True
562.65233,5.2,160,217343,73,0.0121632,,True
562.65234,5.08,83,281685,95,0.0129389,,True
562.65235,5.15,150,185397,73,0.0128911,,True
562.65236,5.08,59,298375,357,0.0161471,,True
562.65237,5.34,198,94951,69,0.0325113,,True
562.65238,5.16,106,229163,648,0.0286154,,True
562.65239,5.0,87,362169,73,0.0124327,,True
562.65240,4.91,201,74181,399,0.0351914,,True
562.65241,5.1,185,100781,10,0.0333014,,True
562.65242,5.3,119,222183,131,0.0169938,,True
562.65243,5.13,112,190808,131,0.0173765,,True
562.65244,4.75,70,192942,3858,0.0329357,,True
562.65245,5.0,108,268624,95,0.0128815,,True
562.65246,5.14,81,263542,131,0.0172715,,True
562.65247,4.84,45,400190,1152,0.0335187,,True
562.65248,5.11,99,201233,131,0.0167422,,True
562.65249,5.05,89,197550,69,0.0326909,,True
562.65250,5.29,216,83515,59,0.0279019,,True
562.65251,5.01,146,129963,10,0.033161,,True
562.65252,5.2,79,313173,95,0.0113796,,True
562.65253,5.43,186,193000,1057,0.0134036,,True
562.65254,5.08,104,214300,73,0.0126677,,True
562.65255,5.05,111,345229,73,0.0116616,,True
562.65256,5.11,147,202436,73,0.0122094,,True
562.65257,5.4,228,135469,69,0.0330964,,True
562.65258,5.05,156,276426,131,0.0165722,,True
562.65259,5.07,91,185962,847,0.0339473,,True
562.65260,4.93,60,538228,73,0.0124842,,True
562.65261,5.06,87,299029,73,0.0124093,,True
562.65262,4.84,74,323676,1193,0.0131942,,True
562.65263,5.05,162,202436,73,0.0120803,,True
562.65264,4.94,53,220097,12,0.0115178,,True
562.65265,4.99,91,194422,162,0.0335842,,True
562.65266,5.24,132,279642,73,0.0124467,,True
562.65267,4.91,168,83714,216,0.034574,,True
562.65268,5.4,202,129986,69,0.0327439,,True
562.65269,5.1,136,257828,95,0.0121494,,True
562.65270,5.17,97,326120,73,0.0119474,,True
562.65271,5.1,148,113964,443,0.0344723,,True
562.65272,5.28,247,119912,69,0.0329892,,True
562.65273,5.25,96,249447,127,0.012442,,True
562.65274,5.13,94,275141,-,0.0118562,,True
562.65275,5.09,113,210928,69,0.0316915,,True
562.65276,5.06,100,365467,73,0.0119109,,True
562.65277,5.3,120,278451,127,0.0125264,,True
562.65278,5.23,77,345245,95,0.0134967,,True
562.65279,5.11,103,287523,144,0.0128815,,True
562.65280,4.93,116,108947,58,0.033486,,True
562.65281,5.08,108,313484,5351,0.01177,,True
562.65282,4.95,88,267735,636,0.0130349,,True
562.65283,5.13,73,260498,95,0.0132816,,True
562.65284,4.74,63,279577,-,0.0327333,,True
562.65285,5.23,132,296144,12,0.0120849,,True
562.65286,4.83,57,435456,569,0.0110619,,True
562.65287,4.97,120,173083,34,0.0326486,,True
562.65288,4.86,69,235295,23,0.0335514,,True
562.65289,5.02,85,222062,1193,0.0139035,,True
562.65290,4.93,89,202497,345,0.034036,,True
562.65291,5.01,91,208566,23,0.033032,,True
562.65292,4.83,73,352684,372,0.0106459,,True
562.65293,5.15,250,83279,4750,0.0345853,,True
562.65294,5.18,81,345229,73,0.0123068,,True
562.65295,5.24,183,101399,2141,0.0284876,,True
562.65296,5.04,94,219918,550,0.0129916,,True
562.65297,4.96,181,118688,10,0.0332797,,True
562.65298,5.11,222,106366,69,0.0323224,,True
562.65299,5.01,116,291809,416,0.0119155,,True
562.65300,5.35,187,100550,2141,0.0289932,,True
562.65301,5.07,76,245527,12,0.011612,,True
562.65302,5.16,116,303961,73,0.0119703,,True
562.65303,5.2,135,240027,73,0.0122697,,True
562.65304,5.14,93,190808,131,0.0170456,,True
562.65305,5.13,109,297680,73,0.0126299,,True
562.65306,4.95,113,226794,73,0.0115178,,True
562.65307,4.73,158,138430,540,0.0331933,,True
562.65308,5.28,182,139425,144,0.0132087,,True
562.65309,5.38,206,245384,404,0.0147822,,True
562.65310,5.27,122,153792,69,0.0328077,,True
562.65311,5.2,95,222573,12,0.0139737,,True
562.65312,4.96,127,128062,428,0.0161139,,True
562.65313,5.34,157,173578,131,0.0171091,,True
562.65314,5.32,179,96760,405,0.0324798,,True
562.65315,5.43,304,74202,405,0.032,,True
562.65316,5.21,80,345575,95,0.0135656,,True
562.65317,5.13,54,269069,15296,0.0168562,,True
562.65318,4.83,105,107679,410,0.032114,,True
562.65319,5.25,169,172809,73,0.0126205,,True
562.65320,5.24,92,337925,95,0.0126536,,True
562.65321,5.17,105,245117,544,0.0129054,,True
562.65322,5.01,117,321820,73,0.0122836,,True
562.65323,5.1,80,354861,88,0.0334207,,True
562.65324,5.17,94,308833,95,0.0129485,,True
562.65325,5.0,59,704298,428,0.0160311,,True
562.65326,4.7,71,225096,-,0.0319484,,True
562.65327,5.08,105,338690,537,0.0121956,,True
562.65328,5.19,159,200455,131,0.0170745,,True
562.65329,5.04,57,376546,91,0.0158663,,True
562.65330,5.11,77,358153,95,0.0130975,,True
562.65331,5.19,121,270007,73,0.0120711,,True
562.65332,5.02,68,261337,1674,0.0284239,,True
562.65333,5.34,155,115264,69,0.032829,,True
562.65334,5.23,77,307947,131,0.0172192,,True
562.65335,5.28,81,307924,131,0.0168791,,True
562.65336,5.03,88,262451,127,0.0113041,,True
562.65337,5.18,102,266633,80,0.0125781,,True
562.65338,5.06,72,281993,95,0.0129102,,True
562.65339,5.15,85,244581,131,0.0165327,,True
562.65340,5.27,156,218390,73,0.012663,,True
562.65341,5.16,114,325532,73,0.0119611,,True
562.65342,5.24,134,160114,38,0.0314572,,True
562.65343,4.96,89,237105,83,0.0153738,,True
562.65344,4.99,78,237105,83,0.015347,,True
562.65345,5.26,142,155112,38,0.0316506,,True
562.65346,5.03,84,229786,131,0.0168848,,True
562.65347,5.05,132,232341,95,0.0128386,,True
562.65348,5.29,154,173552,106,0.033032,,True
562.65349,5.22,111,330025,80,0.0128195,,True
562.65350,5.12,109,215538,73,0.0117836,,True
562.65351,5.15,63,281995,95,0.0132719,,True
562.65352,5.31,139,200932,14,0.0144562,,True
562.65353,4.96,77,323676,1193,0.0137538,,True
562.65354,4.87,119,186511,131,0.0163698,,True
562.65355,5.15,194,206796,73,0.0124514,,True
562.65356,5.16,72,282432,929,0.0114152,,True
562.65357,4.74,73,251175,196,0.0323224,,True
562.65358,5.14,116,222183,131,0.0173356,,True
562.65359,5.23,115,158737,69,0.0326697,,True
562.65360,5.13,106,204530,131,0.0171091,,True
562.65361,4.81,67,174821,2570,0.0309944,,True
562.65362,5.08,140,119254,10,0.032861,,True
562.65363,5.16,133,287101,73,0.0119383,,True
562.65364,5.11,130,236543,73,0.0127151,,True
562.65365,5.09,160,202436,73,0.0126866,,True
562.65366,5.55,253,146802,69,0.0335733,,True
562.65367,5.2,176,136661,69,0.0320414,,True
562.65368,5.13,117,234057,131,0.0171786,,True
562.65369,5.15,91,361971,73,0.0117881,,True
562.65370,4.85,99,181728,162,0.0338037,,True
562.65371,5.25,155,189213,1057,0.0130397,,True
562.65372,4.78,43,347216,676,0.0155242,,True
562.65373,5.12,110,320257,-,0.012016,,True
562.65374,5.06,86,237253,95,0.0129054,,True
562.65375,5.11,66,635249,569,0.0122558,,True
562.65376,5.16,122,215756,95,0.0135459,,True
562.65377,5.09,107,374615,73,0.012154,,True
562.65378,5.15,166,219550,73,0.0123533,,True
562.65379,4.99,66,547105,73,0.0118608,,True
562.65380,4.86,140,105059,5208,0.0339251,,True
562.65381,5.06,130,185649,88,0.0332365,,True
562.65382,5.25,131,159871,69,0.0327227,,True
562.65383,4.73,149,94204,48,0.032861,,True
562.65384,5.18,146,263627,73,0.0131603,,True
562.65385,4.97,86,294243,95,0.0125029,,True
562.65386,5.19,128,261853,95,0.0136793,,True
562.65387,5.29,175,199602,1057,0.0127388,,True
562.65388,5.03,111,218723,5484,0.0129006,,True
562.65389,5.01,88,203754,95,0.0127198,,True
562.65390,5.06,151,361933,73,0.0117564,,True
562.65391,5.07,46,417657,95,0.0129629,,True
562.65392,5.16,111,210627,69,0.031969,,True
562.65393,4.65,74,193179,162,0.0325324,,True
562.65395,5.03,115,262451,127,0.011344,,True
562.65396,5.12,91,149674,69,0.0324798,,True
562.65397,4.89,80,210061,2521,0.0337707,,True
562.65398,5.14,63,417817,2619,0.0133693,,True
562.65399,5.04,235,85282,635,0.034574,,True
562.65400,5.13,113,217927,73,0.012791,,True
562.65401,4.9,78,243004,23,0.0327333,,True
562.65402,4.69,106,136796,155,0.0338037,,True
562.65403,5.21,108,206044,131,0.0170341,,True
562.65404,5.06,97,304097,73,0.0114196,,True
562.65405,5.06,59,415346,95,0.0129006,,True
562.65406,5.26,129,190650,131,0.0176411,,True
562.65407,5.03,119,287182,73,0.0117655,,True
562.65408,5.17,157,87105,88,0.0337927,,True
562.65409,5.33,149,155070,69,0.0333556,,True
562.65410,5.0,151,219550,73,0.0121679,,True
562.65411,4.81,117,125897,10,0.0336061,,True
562.65412,5.12,77,209196,131,0.016409,,True
562.65413,5.06,67,355426,95,0.0129581,,True
562.65414,5.06,99,303823,73,0.0120757,,True
562.65415,5.14,106,268267,95,0.0122975,,True
562.65416,5.02,97,327956,73,0.0123953,,True
562.65417,5.02,84,281512,11777,0.012872,,True
562.65418,5.0,92,269713,131,0.0168676,,True
562.65419,4.7,69,224789,607,0.0327652,,True
562.65420,4.73,43,231507,91,0.0148291,,True
562.65421,5.2,141,199904,131,0.0174116,,True
562.65422,4.99,43,440532,538,0.0160642,,True
562.65423,5.25,227,182446,73,0.012734,,True
562.65424,4.69,148,80849,409,0.0340915,,True
562.65425,5.28,207,125358,10,0.0340027,,True
562.65426,5.12,100,247295,131,0.0170976,,True
562.65427,5.09,82,352879,12,0.0121863,,True
562.65428,5.01,71,359789,12,0.0118426,,True
562.65429,5.29,153,192083,14,0.0144665,,True
562.65430,5.32,265,186765,144,0.0133498,,True
562.65431,5.21,134,222769,73,0.0121956,,True
562.65432,5.05,159,203752,95,0.0129533,,True
562.65433,5.23,182,213902,73,0.0124654,,True
562.65434,5.3,140,139399,394,0.031712,,True
562.65435,5.1,98,258712,28,0.0152404,,True
562.65436,5.13,151,202860,421,0.0135262,,True
562.65437,4.94,108,236073,23,0.0327439,,True
562.65438,5.17,144,139144,69,0.0317734,,True
562.65439,5.07,156,279083,141,0.00507751,,True
562.65440,4.94,109,303007,23,0.0327652,,True
562.65441,5.12,122,260384,73,0.0126299,,True
562.65442,5.29,68,357864,95,0.0136397,,True
562.65443,5.12,122,205155,73,0.0128481,,True
562.65444,5.13,157,267916,73,0.0117157,,True
562.65445,5.0,108,265386,95,0.0127435,,True
562.65446,4.89,96,308758,131,0.0164539,,True
562.65447,5.24,193,219283,73,0.0125781,,True
562.65448,5.2,133,287234,73,0.0125922,,True
562.65449,5.03,129,239677,131,0.0170918,,True
562.65450,5.1,221,58078,59,0.0277331,,True
562.65451,5.2,97,169328,69,0.0327121,,True
562.65452,5.09,138,213657,73,0.0120482,,True
562.65453,5.11,138,232080,73,0.0123533,,True
562.65454,5.22,110,197538,1161,0.0123533,,True
562.65455,5.05,119,202436,73,0.0120482,,True
562.65456,4.98,139,116179,399,0.0346419,,True
562.65457,5.05,84,396395,428,0.0160807,,True
562.65458,4.94,102,140151,56,0.0336937,,True
562.65459,4.85,189,83992,399,0.0336061,,True
562.65460,4.96,92,269029,141,0.00512897,,True
562.65461,5.0,98,206026,73,0.0115941,,True
562.65462,4.89,87,362967,73,0.0113529,,True
562.65463,4.92,33,725242,357,0.0152404,,True
562.65464,5.07,139,393961,144,0.0122002,,True
562.65465,4.96,121,269713,131,0.0167535,,True
562.65466,4.95,54,307913,131,0.0163028,,True
562.65467,5.06,98,246032,131,0.0170341,,True
562.65468,5.22,138,196106,404,0.0140946,,True
562.65469,5.06,59,484276,538,0.0164708,,True
562.65470,5.18,113,370302,12,0.0130638,,True
562.65471,5.03,116,260922,5853,0.031712,,True
562.65472,5.38,202,106575,69,0.0327015,,True
562.65473,5.21,142,119339,68,0.0326168,,True
562.65474,5.14,182,136606,-,0.0325746,,True
562.65475,5.28,183,199602,1057,0.0127435,,True
562.65476,5.36,220,145404,405,0.0325429,,True
562.65477,5.22,91,190650,131,0.0175232,,True
562.65478,4.92,122,113009,58,0.0332365,,True
562.65479,5.39,121,184244,131,0.0172366,,True
562.65480,5.05,68,328043,1828,0.0125405,,True
562.65481,5.15,146,307259,73,0.0130301,,True
562.65482,5.12,95,363375,127,0.0117338,,True
562.65483,4.85,30,730458,999,0.0148344,,True
562.65484,5.2,74,238740,131,0.0174233,,True
562.65485,5.09,125,231799,73,0.0131893,,True
562.65486,4.89,52,303666,538,0.0155296,,True
562.65487,5.26,170,114999,69,0.0323748,,True
562.65488,5.16,124,326115,73,0.0119383,,True
562.65489,5.11,121,268298,95,0.0131603,,True
562.65490,5.38,207,245383,404,0.0147822,,True
562.65491,5.08,205,100850,399,0.034881,,True
562.65492,5.16,147,362185,73,0.0122141,,True
562.65493,5.09,128,303884,73,0.0119657,,True
562.65494,5.21,105,224847,1670,0.0328077,,True
562.65495,5.17,157,277571,131,0.0168048,,True
562.65496,4.59,60,252344,5463,0.0824095,not E. coli (Mash distance > 0.05),False
562.65497,5.21,91,319726,12,0.0125828,,True
562.65498,5.25,135,110036,405,0.0321556,,True
562.65499,5.29,145,147627,38,0.0311646,,True
562.65500,5.24,95,436291,95,0.0126111,,True
562.65501,5.12,91,276205,131,0.0169077,,True
562.65502,5.07,110,202464,73,0.0120482,,True
562.65503,5.06,87,215880,1193,0.0139536,,True
562.65504,4.87,156,154452,-,0.0332041,,True
562.65505,5.06,99,214301,73,0.0130012,,True
562.65506,5.24,132,249135,131,0.0180228,,True
562.65507,4.87,167,100807,44,0.0332581,,True
562.65508,5.28,119,274334,14,0.014206,,True
562.65509,4.92,248,76073,34,0.0342477,,True
562.65510,5.29,150,217062,-,0.0326486,,True
562.65511,5.11,101,262451,127,0.0117338,,True
562.65512,5.13,131,216903,131,0.0171322,,True
562.65513,5.21,198,201476,88,0.033486,,True
562.65514,5.25,125,286055,73,0.0123766,,True
562.65515,4.89,100,169492,23,0.0329464,,True
562.65516,5.13,86,209196,131,0.0171322,,True
562.65517,5.25,123,222972,69,0.0322389,,True
562.65518,5.28,108,151838,720,0.032893,,True
562.65519,5.23,265,63193,59,0.0284785,,True
562.65520,4.91,70,476507,127,0.0118335,,True
562.65521,5.08,137,264761,127,0.0114865,,True
562.65522,5.18,61,456912,95,0.0134085,,True
562.65523,5.27,114,222972,69,0.0328396,,True
562.65524,5.11,93,213885,69,0.0320414,,True
562.65525,4.96,148,119021,10,0.0338147,,True
562.65526,5.07,86,268243,5484,0.0130205,,True
562.65527,5.05,115,203096,12,0.0131555,,True
562.65528,5.23,138,296144,12,0.0120803,,True
562.65529,5.2,114,221810,14,0.0137538,,True
562.65530,5.22,123,263725,131,0.0180228,,True
562.65531,5.17,115,215074,73,0.011984,,True
562.65532,5.09,116,142787,88,0.032829,,True
562.65533,5.21,251,80247,59,0.0279287,,True
562.65534,5.2,129,267784,80,0.0125499,,True
562.65535,5.12,170,203098,12,0.0119611,,True
562.65536,5.29,173,175308,69,0.0329571,,True
562.65537,5.26,183,230826,117,0.0261597,,True
562.65538,5.08,163,142988,58,0.0335187,,True
562.65539,5.14,163,342121,1262,0.0120895,,True
562.65540,5.05,178,174025,162,0.0337487,,True
562.65541,5.13,166,152521,73,0.0124795,,True
562.65542,5.19,85,238146,95,0.0131797,,True
562.65543,5.1,166,360027,11777,0.0130253,,True
562.65544,4.97,49,319583,131,0.0157953,,True
562.65545,5.06,113,216406,127,0.0119748,,True
562.65546,4.97,72,279061,88,0.0329464,,True
562.65547,4.89,83,173999,640,0.015828,,True
562.65548,5.43,175,162957,38,0.0325429,,True
562.65549,4.83,92,225907,636,0.0130493,,True
562.65550,5.26,155,148953,144,0.0131023,,True
562.65551,5.15,217,145361,10,0.0331395,,True
562.65552,5.2,82,456869,95,0.0134182,,True
562.65553,4.88,178,89718,399,0.0343598,,True
562.65554,5.2,108,267346,537,0.0129437,,True
562.65555,5.27,97,268250,95,0.0138935,,True
562.65556,5.03,59,456772,95,0.012872,,True
562.65557,5.25,156,178747,80,0.0132767,,True
562.65558,5.03,56,499819,80,0.0116706,,True
562.65559,5.33,99,240088,131,0.0177479,,True
562.65560,5.19,166,153352,69,0.0325219,,True
562.65561,5.17,95,230080,69,0.0321764,,True
562.65562,4.96,114,246032,131,0.0168734,,True
562.65563,5.28,147,252037,429,0.0163866,,True
562.65564,5.17,163,125200,12,0.012154,,True
562.65565,4.87,71,282186,23,0.0334424,,True
562.65566,5.26,112,208994,131,0.0167194,,True
562.65567,5.22,88,225715,929,0.0115358,,True
562.65568,5.02,109,206904,73,0.0124842,,True
562.65569,5.15,95,176317,69,0.0326803,,True
562.65570,5.2,164,126319,69,0.032564,,True
562.65571,5.1,72,461627,131,0.016657,,True
562.65572,5.15,96,381620,73,0.013006,,True
562.65573,5.04,105,136665,69,0.0311646,,True
562.65574,5.22,125,182276,14,0.0140946,,True
562.65575,5.21,189,132630,69,0.0320311,,True
562.65576,5.04,88,268268,95,0.0128815,,True
562.65577,5.07,66,355325,12,0.0116525,,True
562.65578,5.14,81,319576,131,0.0165045,,True
562.65579,5.33,216,162660,69,0.0318865,,True
562.65580,5.16,122,231808,9297,0.013233,,True
562.65581,5.3,137,196106,404,0.0143129,,True
562.65583,5.2,98,307936,131,0.0163084,,True
562.65584,5.19,72,417766,95,0.0134427,,True
562.65585,1.06,2,634005,-,0.0597207,size outside 4.5-6.0 Mb,False
562.65586,5.21,233,63244,59,0.0283513,,True
562.65587,5.05,99,248027,144,0.0128672,,True
562.65588,5.21,184,317162,144,0.0132719,,True
562.65589,5.04,55,358088,95,0.0128481,,True
562.65590,5.09,94,267741,69,0.0318556,,True
562.65593,5.22,91,337925,95,0.0126394,,True
562.65594,4.86,130,134395,58,0.0339251,,True
562.65595,5.09,56,317423,131,0.0158062,,True
562.65596,5.16,66,574672,95,0.0131023,,True
562.65597,5.19,161,111167,5331,0.0331179,,True
562.65598,5.32,161,232335,73,0.0127767,,True
562.65599,4.89,66,228571,362,0.0313156,,True
562.65600,5.01,128,174579,95,0.012442,,True
562.65601,4.68,54,247722,7348,0.08157,not E. coli (Mash distance > 0.05),False
562.65602,5.14,121,222183,131,0.0173473,,True
562.65603,5.13,167,219293,73,0.0117383,,True
562.65604,5.05,132,105448,73,0.0132621,,True
562.65605,4.73,115,131542,10,0.0333339,,True
562.65606,4.99,112,191061,131,0.0170168,,True
562.65607,5.01,80,222053,1193,0.0138785,,True
562.65608,5.03,157,203380,88,0.0330857,,True
562.65609,5.04,236,94647,-,0.0331502,,True
562.65610,5.15,101,216962,127,0.0117972,,True
562.65611,5.19,152,163627,1083,0.0329892,,True
562.65612,5.17,113,326119,73,0.012016,,True
562.65613,5.21,138,322324,73,0.0123115,,True
562.65614,4.86,147,153882,167,0.0339805,,True
562.65615,4.89,104,277237,131,0.0166344,,True
562.65616,5.22,169,195663,73,0.013112,,True
562.65617,4.96,91,337164,141,0.00518381,,True
562.65618,5.01,82,208568,23,0.0333881,,True
562.65619,5.23,94,395646,12,0.0123487,,True
562.65620,5.08,114,228521,144,0.0119063,,True
562.65621,5.02,73,569086,73,0.0125029,,True
562.65622,5.2,108,281655,95,0.0134133,,True
562.65623,5.18,114,161877,648,0.0285332,,True
562.65624,5.1,161,202436,73,0.0120344,,True
562.65625,5.22,133,180715,69,0.0326063,,True
562.65626,5.16,125,326120,73,0.0119337,,True
562.65627,4.89,93,256653,69,0.0319381,,True
562.65628,5.05,202,246212,5566,0.0827683,not E. coli (Mash distance > 0.05),False
562.65629,5.23,219,111607,62,0.0277509,,True
562.65630,5.31,221,76437,10276,0.0314268,,True
562.65631,5.17,137,211439,69,0.0319794,,True
562.65632,5.06,87,203098,7523,0.0128386,,True
562.65633,5.18,117,197623,131,0.0173531,,True
562.65634,4.96,101,217048,127,0.0111409,,True
562.65635,4.87,60,497498,-,0.0107534,,True
562.65636,5.06,146,158701,131,0.0167763,,True
562.65637,5.22,237,221038,73,0.0128577,,True
562.65638,5.13,71,358095,11777,0.0133596,,True
562.65639,5.14,117,135276,69,0.0322911,,True
562.65640,5.16,108,282014,95,0.0133889,,True
562.65641,5.29,124,180654,69,0.0328503,,True
562.65642,5.06,202,118919,10,0.0328503,,True
562.65643,5.15,72,285689,95,0.013384,,True
562.65644,5.09,98,286983,73,0.0117655,,True
562.65645,5.25,193,202435,73,0.0129293,,True
562.65646,5.21,99,197905,95,0.0130927,,True
562.65647,5.26,141,124113,9265,0.0319794,,True
562.65648,5.15,108,270390,95,0.0129725,,True
562.65649,4.72,128,96012,10,0.0327439,,True
562.65650,5.27,157,112661,405,0.0321764,,True
562.65651,4.94,60,263935,4993,0.0314369,,True
562.65652,5.15,128,227081,73,0.0116255,,True
562.65653,5.12,115,190807,131,0.0171033,,True
562.65654,5.16,97,230465,69,0.0324167,,True
562.65655,5.13,107,229676,73,0.012131,,True
562.65656,5.2,149,220690,73,0.012279,,True
562.65657,5.3,145,245601,404,0.0143998,,True
562.65658,5.01,113,163793,12,0.0135508,,True
562.65659,5.01,80,198993,69,0.031712,,True
562.65660,5.01,107,283839,127,0.011313,,True
562.65661,5.32,121,169682,544,0.0134182,,True
562.65662,5.28,171,219283,73,0.0129964,,True
562.65663,5.08,72,307935,131,0.016314,,True
562.65664,5.28,107,164682,624,0.0279644,,True
562.65665,5.13,121,187011,14,0.0132378,,True
562.65666,5.15,82,364341,372,0.011657,,True
562.65667,5.27,157,218179,73,0.013006,,True
562.65668,5.16,231,173058,117,0.0251526,,True
562.65669,5.25,155,219240,95,0.0134085,,True
562.65670,5.02,103,406846,73,0.0113974,,True
562.65671,5.08,107,206032,73,0.012982,,True
562.65672,4.56,136,75279,3202,0.0342365,,True
562.65673,5.37,193,115847,69,0.0326274,,True
562.65674,5.05,59,264238,131,0.0171091,,True
562.65675,4.96,88,286895,127,0.0110838,,True
562.65676,5.13,144,269099,12,0.0119611,,True
562.65677,4.93,102,310270,131,0.0164203,,True
562.65678,5.14,172,118188,48,0.0338478,,True
562.65679,5.05,122,215646,428,0.0161139,,True
562.65680,5.21,142,246241,404,0.0141959,,True
562.65681,5.23,130,229732,131,0.017653,,True
562.65682,4.88,104,240708,355,0.0106845,,True
562.65683,5.12,119,279032,73,0.0125123,,True
562.65684,5.1,80,321857,95,0.01192,,True
562.65685,5.0,81,235852,83,0.0153684,,True
562.65686,5.11,107,215958,131,0.0168105,,True
562.65687,5.18,150,112142,69,0.0319174,,True
562.65688,5.01,120,287015,73,0.0122141,,True
562.65689,5.18,55,390113,95,0.0131023,,True
562.65690,4.75,32,720280,363,0.0102172,,True
562.65691,4.99,102,258988,491,0.0128672,,True
562.65692,5.2,122,177193,69,0.0325324,,True
562.65693,5.35,159,189087,69,0.0326697,,True
562.65694,5.05,159,115040,58,0.0338147,,True
562.65695,5.43,188,180634,69,0.0329785,,True
562.65696,4.95,82,219806,550,0.013199,,True
562.65697,4.85,96,136774,667,0.034416,,True
562.65698,5.01,176,226696,117,0.0249208,,True
562.65699,5.03,101,134332,58,0.0338037,,True
562.65700,5.1,107,170355,69,0.0314369,,True
562.65701,5.04,93,259146,4260,0.0132573,,True
562.65702,5.3,178,69434,950,0.0343598,,True
562.65703,4.8,52,344453,127,0.0118608,,True
562.65704,5.19,127,300028,12,0.0125452,,True
562.65705,5.14,145,213891,73,0.0119657,,True
562.65706,4.96,116,283240,421,0.0127767,,True
562.65707,5.01,130,170861,88,0.0327333,,True
562.65708,4.95,77,371166,1618,0.0114063,,True
562.65709,5.06,79,267729,69,0.0311345,,True
562.65710,5.06,101,271399,12,0.011612,,True
562.65711,5.06,117,125086,58,0.0335187,,True
562.65712,5.37,205,203644,80,0.013199,,True
562.65713,5.0,82,300410,358,0.0117745,,True
562.65714,4.93,74,235852,83,0.0149496,,True
562.65715,4.56,134,78276,3202,0.0339473,,True
562.65716,5.3,157,197587,131,0.0168676,,True
562.65717,4.84,55,387884,135,0.010125,,True
562.65718,5.31,231,94242,2020,0.0320725,,True
562.65719,5.16,131,181353,12,0.0119109,,True
562.65720,5.08,132,190833,131,0.016902,,True
562.65721,5.04,109,278584,127,0.0114999,,True
562.65722,5.28,95,423809,95,0.0130397,,True
562.65723,5.22,127,150098,38,0.0312853,,True
562.65724,5.04,178,287025,73,0.0125076,,True
562.65725,5.39,168,164986,131,0.0173123,,True
562.65726,4.85,84,243218,131,0.0164371,,True
562.65727,5.02,105,198542,95,0.012772,,True
562.65728,5.0,219,184999,58,0.0341027,,True
562.65729,5.31,136,200932,14,0.0144511,,True
562.65730,4.86,38,383064,357,0.0149391,,True
562.65731,4.69,62,250981,7630,0.0821425,not E. coli (Mash distance > 0.05),False
562.65732,5.08,63,222993,106,0.032564,,True
562.65733,5.25,147,106575,69,0.0322285,,True
562.65734,4.7,125,112349,398,0.0327227,,True
562.65735,5.28,141,174956,404,0.0142976,,True
562.65736,5.17,157,252015,80,0.012414,,True
562.65737,5.34,201,109579,405,0.0314978,,True
562.65738,5.09,130,202436,73,0.0118699,,True
562.65739,5.3,90,162608,69,0.0321348,,True
562.65740,5.27,158,160917,69,0.0323748,,True
562.65741,4.95,90,203754,95,0.0126677,,True
562.65742,5.24,202,94951,69,0.0322076,,True
562.65743,5.12,125,287398,73,0.0117519,,True
562.65744,5.41,237,132530,69,0.0327864,,True
562.65745,5.09,209,111963,452,0.014803,,True
562.65746,5.22,135,281756,95,0.0134624,,True
562.65747,5.15,88,345974,95,0.0132524,,True
562.65748,5.05,125,262722,144,0.0125499,,True
562.65749,5.36,112,210617,69,0.0324587,,True
562.65750,4.85,69,361841,73,0.0121356,,True
562.65751,5.15,76,300289,95,0.0131603,,True
562.65752,5.37,155,243347,648,0.0297649,,True
562.65753,5.05,52,357966,95,0.0127862,,True
562.65754,4.7,190,81417,409,0.0340249,,True
562.65755,5.26,127,265090,73,0.0129533,,True
562.65756,5.04,61,379945,95,0.0130397,,True
562.65757,5.07,120,202659,144,0.0123254,,True
562.65758,5.05,99,268258,95,0.0127008,,True
562.65759,5.05,140,107931,405,0.031969,,True
562.65760,5.24,120,180276,73,0.0131942,,True
562.65761,5.11,210,115701,10,0.0331502,,True
562.65762,4.94,101,190833,131,0.0167024,,True
562.65763,5.29,127,221852,117,0.025894,,True
562.65764,5.05,105,229676,73,0.0114687,,True
562.65765,5.06,128,231587,131,0.0173181,,True
562.65797,4.93,154,127634,410,0.0325008,,True
562.65921,5.23,88,307923,131,0.0174175,,True
562.73348,5.44,191,162781,607,0.0356103,,True
562.73364,5.44,178,168079,607,0.0356103,,True
562.73367,5.23,160,120191,399,0.0356807,,True
562.73373,5.48,103,316880,224,0.035053,,True
562.73381,5.68,152,259384,131,0.0192381,,True
562.73396,6.1,55,3673505,635,0.0377487,size outside 4.5-6.0 Mb,False
562.7699,5.45,179,161317,335,0.0351106,,True
562.7794,5.18,282,223227,121,0.0154596,,True
562.96418,5.14,154,130972,443,0.0345175,,True
562.96419,5.14,160,130972,443,0.0344949,,True
562.96423,5.14,165,120010,443,0.0345175,,True
562.96424,5.14,150,131097,443,0.034574,,True
562.96425,5.14,148,130973,443,0.0345175,,True
562.96426,4.72,134,101676,7101,0.0330964,,True
562.96427,5.14,157,131096,443,0.0344949,,True
562.96428,5.11,164,128608,443,0.034371,,True
562.96429,5.14,161,128669,443,0.0344949,,True
562.96430,4.9,174,144026,7091,0.032925,,True
562.96431,4.9,166,150463,7091,0.0329036,,True
562.96432,5.12,157,130972,443,0.0344385,,True
562.96433,5.14,156,130972,443,0.0344949,,True
562.96434,4.87,182,115482,7091,0.032893,,True
562.96435,4.89,172,150463,7091,0.0329036,,True
562.96436,4.71,149,83199,7101,0.0330857,,True
562.96437,4.72,131,101676,7101,0.0331072,,True
562.96438,4.8,101,231575,162,0.0330427,,True
562.96439,4.71,146,91484,7101,0.0331287,,True
562.96440,4.72,134,101676,7101,0.0331072,,True
562.96441,5.2,180,276205,131,0.0171091,,True
562.96442,5.19,189,249248,131,0.0170976,,True
562.96443,5.19,188,249248,131,0.0171033,,True
562.96444,5.13,226,159496,131,0.017086,,True
562.96445,5.19,193,234496,131,0.0171265,,True
562.96446,5.19,191,229682,131,0.0171149,,True
562.96447,4.84,126,217323,212,0.0324798,,True
562.96448,4.84,119,217323,212,0.0324798,,True
562.96449,4.62,161,64249,3202,0.0336499,,True
562.96450,4.62,162,67509,3202,0.0336389,,True
562.96451,4.62,157,68283,3202,0.0336499,,True
562.96452,4.62,160,67508,3202,0.0336499,,True
562.96453,5.19,184,276205,131,0.017086,,True
562.96454,5.2,176,276205,131,0.0170976,,True
562.96455,4.84,117,208739,212,0.0325113,,True
562.96456,4.84,115,208739,212,0.0325008,,True
562.96457,5.19,188,234496,131,0.0171207,,True
562.96458,4.84,126,208739,212,0.0324798,,True
562.96459,5.19,184,276205,131,0.0171091,,True
562.96460,5.13,121,314635,1196,0.0337047,,True
562.96461,4.94,127,240853,131,0.0166627,,True
562.96462,5.08,102,258213,1196,0.0337927,,True
562.96463,4.94,129,239678,131,0.0166457,,True
562.96464,5.08,114,258213,1196,0.0337927,,True
562.96465,4.97,121,262451,127,0.0112776,,True
562.96466,4.96,137,262451,127,0.0112731,,True
562.96467,5.08,112,329317,5351,0.0119383,,True
562.96468,5.07,121,273380,5351,0.011952,,True
562.96469,4.97,120,262451,127,0.0112731,,True
562.96470,4.97,122,262451,127,0.011251,,True
562.96471,4.62,161,67508,3202,0.0336389,,True
562.96472,5.28,198,182640,69,0.0328503,,True
562.96473,4.97,122,262451,127,0.0112599,,True
562.96474,5.28,197,196518,69,0.032861,,True
562.96475,5.28,201,182641,69,0.0329143,,True
562.96476,5.25,210,168470,69,0.0328823,,True
562.96477,4.97,128,262451,127,0.0112908,,True
562.96478,5.28,202,182640,69,0.0329036,,True
562.96479,5.04,149,286924,73,0.0123627,,True
562.96480,5.16,132,190808,131,0.0175467,,True
562.96481,4.95,109,240853,131,0.01664,,True
562.96482,4.94,131,239678,131,0.016657,,True
562.96483,5.13,173,126406,10,0.0345966,,True
562.96484,5.16,137,190808,131,0.0175408,,True
562.96485,5.16,133,206044,131,0.0175585,,True
562.96486,4.95,106,246032,131,0.0166457,,True
562.96487,5.16,123,206044,131,0.0175585,,True
562.96488,5.16,124,190808,131,0.0175526,,True
562.96489,5.16,132,190808,131,0.0175585,,True
562.96490,5.16,130,206044,131,0.0175408,,True
562.96491,5.16,128,190808,131,0.0175526,,True
562.96492,5.16,136,206044,131,0.0175526,,True
562.96493,5.17,139,206044,131,0.0175821,,True
562.96494,5.16,130,173691,131,0.0175526,,True
562.96495,5.16,129,206044,131,0.0175526,,True
562.96496,5.16,141,190808,131,0.0175526,,True
562.96497,5.04,149,307062,73,0.0123906,,True
562.96498,5.13,184,116485,10,0.0345853,,True
562.96499,5.13,175,107342,10,0.0346193,,True
562.96500,4.62,160,67508,3202,0.0336389,,True
562.96501,4.62,160,67508,3202,0.0336608,,True
562.96502,4.62,160,67508,3202,0.0336389,,True
562.96503,4.62,159,67508,3202,0.0336499,,True
562.96504,4.85,103,318615,1304,0.0323015,,True
562.96505,4.62,159,67508,3202,0.0336389,,True
562.96506,5.12,182,126406,10,0.0345513,,True
562.96507,5.03,114,283610,117,0.024471,,True
562.96508,5.16,132,190808,131,0.0175585,,True
562.96509,5.15,152,190808,131,0.0175585,,True
562.96510,5.16,129,190808,131,0.0175585,,True
562.96511,5.16,132,190808,131,0.0175526,,True
562.96512,4.98,127,179716,131,0.0164427,,True
562.96513,4.98,118,190808,131,0.0164259,,True
562.96514,4.98,117,190808,131,0.0164259,,True
562.96515,5.16,133,190808,131,0.0175998,,True
562.96516,5.15,145,190808,131,0.017529,,True
562.96517,4.98,119,190808,131,0.0164371,,True
562.96518,5.16,131,190808,131,0.0175526,,True
562.96519,5.16,142,173691,131,0.0175526,,True
562.96520,5.16,128,206044,131,0.0175526,,True
562.96521,4.98,121,190808,131,0.0164371,,True
562.96522,5.16,154,190808,131,0.0175585,,True
562.96523,5.09,147,210589,69,0.0323748,,True
562.96524,5.11,139,221802,69,0.0323434,,True
562.96525,5.19,148,210589,69,0.0327333,,True
562.96526,5.11,135,221802,69,0.0323434,,True
562.96527,5.12,130,258214,1196,0.0337047,,True
562.96528,4.97,166,119578,93,0.0344498,,True
562.96529,4.98,122,190808,131,0.0164259,,True
562.96530,4.55,67,210184,10,0.0324587,,True
562.96531,4.75,84,235778,101,0.0325219,,True
562.96532,5.22,171,105922,93,0.0349956,,True
562.96533,5.13,121,258214,1196,0.0337157,,True
562.96534,4.75,82,235778,101,0.0325324,,True
562.96535,5.18,176,104955,93,0.0348239,,True
562.96536,4.55,67,210184,10,0.0324693,,True
562.96537,4.63,82,197406,10,0.0327121,,True
562.96538,4.55,65,232692,10,0.0324587,,True
562.96539,4.98,126,190808,131,0.0164427,,True
562.96540,4.94,121,190289,131,0.0162972,,True
562.96541,5.0,173,105922,93,0.0340582,,True
562.96542,5.19,175,105922,93,0.0348353,,True
562.96543,5.12,136,236059,69,0.0323015,,True
562.96544,5.13,124,258214,1196,0.0337047,,True
562.96545,5.13,126,196969,1196,0.0336937,,True
562.96546,4.98,121,190808,131,0.0164427,,True
562.96547,5.08,115,258213,1196,0.0337817,,True
562.96548,4.55,70,210184,10,0.0324587,,True
562.96549,4.97,128,178813,131,0.0164483,,True
562.96550,4.81,82,241346,101,0.032861,,True
562.96551,4.9,97,300940,90,0.0331502,,True
562.96552,4.9,94,300940,90,0.0331395,,True
562.96553,4.89,100,300940,90,0.0331502,,True
562.96554,4.9,100,266596,90,0.0331287,,True
562.96555,4.9,93,300940,90,0.0331287,,True
562.96556,4.91,79,391971,90,0.0331502,,True
562.96557,4.9,93,300940,90,0.0331395,,True
562.96558,5.02,110,300940,90,0.0337377,,True
562.96559,4.91,96,300940,90,0.0331502,,True
562.96560,4.9,80,239713,90,0.0331395,,True
562.96561,4.9,72,301180,90,0.0331502,,True
562.96562,4.9,95,300940,90,0.0331287,,True
562.96563,5.03,131,134801,641,0.0334751,,True
562.96564,5.03,130,134801,641,0.033486,,True
562.96565,5.03,131,142753,641,0.033486,,True
562.96566,5.02,136,134801,641,0.0334424,,True
562.96567,5.02,140,131641,641,0.0334751,,True
562.96568,4.55,67,210184,10,0.0324587,,True
562.96569,4.54,60,232692,10,0.0323958,,True
562.96570,4.55,66,232692,10,0.0324587,,True
562.96571,4.98,187,68541,635,0.034574,,True
562.96572,5.03,202,66229,635,0.0347214,,True
562.96573,4.64,79,197406,10,0.0327121,,True
562.96574,4.55,67,210184,10,0.0324693,,True
562.96575,4.91,185,86130,401,0.0351452,,True
562.96576,4.91,192,70522,635,0.0342813,,True
562.96577,4.92,180,86129,401,0.0351683,,True
562.96578,4.62,137,78639,4959,0.0332257,,True
562.96579,4.92,183,86130,401,0.0351567,,True
562.96580,5.21,275,55176,59,0.0292355,,True
562.96581,4.98,187,68541,635,0.0345966,,True
562.96582,4.62,138,78640,4959,0.0332149,,True
562.96583,4.91,180,77081,401,0.0351221,,True
562.96584,4.62,138,78640,4959,0.0332149,,True
562.96585,5.04,215,66756,635,0.0347214,,True
562.96586,4.61,137,78639,4959,0.0332257,,True
562.96587,4.62,135,78639,4959,0.0332257,,True
562.96588,4.61,146,73418,4959,0.0332365,,True
562.96589,4.61,140,78640,4959,0.0332365,,True
562.96590,5.09,103,258214,1196,0.0337817,,True
562.96591,4.61,143,75650,4959,0.0332365,,True
562.96592,5.12,126,258214,1196,0.0337047,,True
562.96593,4.62,137,78639,4959,0.0332149,,True
562.96594,5.08,113,258213,1196,0.0337927,,True
562.96595,4.62,135,78639,4959,0.0332149,,True
562.96596,5.08,116,253617,1196,0.0337927,,True
562.96597,4.69,105,115558,226,0.0341249,,True
562.96598,5.08,113,310660,1196,0.0337817,,True
562.96599,5.08,247,63222,59,0.027583,,True
562.96600,5.08,114,258213,1196,0.0337597,,True
562.96601,5.08,243,63222,59,0.0275566,,True
562.96602,5.14,137,174539,648,0.0282337,,True
562.96603,4.69,116,99892,226,0.0341138,,True
562.96604,5.07,121,258213,1196,0.0338037,,True
562.96605,4.99,219,65530,7095,0.0355635,,True
562.96606,4.99,225,65530,7095,0.0355635,,True
562.96607,5.09,104,251166,1196,0.0337597,,True
562.96608,4.99,222,65626,7095,0.0355752,,True
562.96609,5.08,251,63266,59,0.0275566,,True
562.96610,5.08,238,63222,59,0.0275742,,True
562.96611,4.99,220,66753,7095,0.0355635,,True
562.96612,5.13,122,196969,1196,0.0336937,,True
562.96613,5.08,116,258213,1196,0.0337817,,True
562.96614,4.7,114,101202,226,0.0341472,,True
562.96615,5.04,202,93969,6151,0.0346193,,True
562.96616,5.0,135,193171,162,0.0333339,,True
562.96617,5.03,203,93479,6151,0.0346646,,True
562.96618,5.0,131,262480,162,0.033323,,True
562.96619,4.69,106,101202,226,0.0341138,,True
562.96620,5.04,199,93479,6151,0.0346306,,True
562.96621,4.99,129,262480,162,0.0333339,,True
562.96622,4.69,116,113714,155,0.0332689,,True
562.96623,5.01,170,117762,1297,0.0338809,,True
562.96624,4.69,109,99893,226,0.0341138,,True
562.96625,4.65,106,113664,155,0.0330749,,True
562.96626,5.14,251,92406,48,0.0342701,,True
562.96627,5.14,254,93226,48,0.0342813,,True
562.96628,5.0,139,262480,162,0.033323,,True
562.96629,5.15,233,92409,48,0.0342925,,True
562.96630,5.04,198,93970,6151,0.0346306,,True
562.96631,5.03,200,83152,6151,0.0346533,,True
562.96632,4.92,60,307923,131,0.0164146,,True
562.96633,4.92,62,307923,131,0.0164203,,True
562.96634,4.92,70,243781,131,0.0164259,,True
562.96635,4.7,117,111465,155,0.0332906,,True
562.96636,5.36,286,91139,62,0.0289283,,True
562.96637,4.59,111,113714,155,0.0328183,,True
562.96638,4.91,78,186162,131,0.0164427,,True
562.96639,4.92,58,307923,131,0.0164146,,True
562.96640,5.01,170,106603,1297,0.033892,,True
562.96641,5.01,168,120224,1297,0.0338699,,True
562.96642,4.93,143,120551,1297,0.0335187,,True
562.96643,5.01,166,120224,1297,0.033892,,True
562.96644,5.15,139,171813,648,0.0282247,,True
562.96645,5.14,128,175273,648,0.0282247,,True
562.96646,5.01,166,117762,1297,0.0338809,,True
562.96647,5.13,153,163446,648,0.0282608,,True
562.96648,5.09,138,171813,648,0.0279823,,True
562.96649,4.63,114,109571,155,0.0327971,,True
562.96650,4.63,116,109571,155,0.032829,,True
562.96651,4.63,116,111701,155,0.0328183,,True
562.96652,4.63,114,109571,155,0.032829,,True
562.96653,4.66,111,111701,155,0.0331718,,True
562.96654,5.09,128,186839,648,0.0279823,,True
562.96655,5.03,198,93479,6151,0.0346646,,True
562.96656,5.04,204,93479,6151,0.0346306,,True
562.96657,5.2,110,237085,1193,0.0141604,,True
562.96658,5.2,124,237085,1193,0.0141604,,True
562.96659,5.06,208,93479,6151,0.034676,,True
562.96660,5.2,125,210287,1193,0.0141806,,True
562.96661,5.04,195,93479,6151,0.0346193,,True
562.96662,5.2,114,283621,1193,0.0141604,,True
562.96663,5.19,134,183407,1193,0.0141806,,True
562.96664,5.2,125,216313,1193,0.0141553,,True
562.96665,5.06,214,93479,6151,0.034676,,True
562.96666,5.12,83,246074,1193,0.0138435,,True
562.96667,4.77,84,284460,155,0.0339805,,True
562.96668,4.77,87,225612,155,0.0339805,,True
562.96669,4.77,89,225612,155,0.0339916,,True
562.96670,5.2,119,237085,1193,0.0141654,,True
562.96671,5.2,113,283621,1193,0.0141604,,True
562.96672,4.92,71,243781,131,0.0164203,,True
562.96673,5.2,121,237085,1193,0.0141604,,True
562.96674,4.92,62,307923,131,0.0164146,,True
562.96675,4.75,94,161226,155,0.0339141,,True
562.96676,4.77,84,284460,155,0.0339694,,True
562.96677,4.92,65,191220,131,0.0164371,,True
562.96678,4.92,50,333728,131,0.0164203,,True
562.96679,4.91,81,173689,131,0.0164315,,True
562.96680,5.03,172,528037,428,0.0160642,,True
562.96681,5.03,181,415929,428,0.0160642,,True
562.96682,5.05,147,415929,428,0.0160973,,True
562.96683,5.05,146,528149,428,0.0160863,,True
562.96684,5.05,153,528149,428,0.0160918,,True
562.96685,5.04,167,283401,428,0.0160752,,True
562.96686,5.03,180,273053,428,0.0160642,,True
562.96687,5.04,169,273053,428,0.0160586,,True
562.96688,5.03,178,273053,428,0.0160642,,True
562.96689,5.04,177,528149,428,0.0160642,,True
562.96690,5.05,154,528149,428,0.0160918,,True
562.96691,5.02,137,528150,428,0.0159815,,True
562.96692,5.03,175,528038,428,0.0160697,,True
562.96693,5.02,191,320320,428,0.0160863,,True
562.96694,5.05,151,415833,428,0.0160918,,True
562.96695,5.19,118,210287,1193,0.0142568,,True
562.96696,5.2,108,283621,1193,0.0142619,,True
562.96697,4.94,77,363894,648,0.0274424,,True
562.96698,4.95,74,258090,648,0.0274424,,True
562.96699,5.2,111,237085,1193,0.0142568,,True
562.96700,5.2,125,237084,1193,0.0142518,,True
562.96701,5.2,113,272661,1193,0.0142568,,True
562.96702,4.94,77,363895,648,0.0274424,,True
562.96703,5.2,121,237085,1193,0.0142518,,True
562.96704,4.95,75,258090,648,0.0274337,,True
562.96705,5.2,116,283621,1193,0.0142619,,True
562.96706,5.2,130,237085,1193,0.0142518,,True
562.96707,5.2,121,235150,1193,0.0142467,,True
562.96708,5.2,117,235150,1193,0.0142467,,True
562.96709,5.2,113,283621,1193,0.0142619,,True
562.96710,5.2,126,272676,1193,0.0142518,,True
562.96711,5.2,112,237085,1193,0.0142568,,True
562.96712,5.19,124,235150,1193,0.0142263,,True
562.96713,5.2,120,283621,1193,0.0142619,,True
562.96714,5.25,190,162282,69,0.0328396,,True
562.96715,4.78,163,103088,472,0.0346306,,True
562.96716,5.25,190,162282,69,0.0328396,,True
562.96717,4.78,162,103088,472,0.0346306,,True
562.96718,4.78,163,103108,472,0.0346193,,True
562.96719,5.25,187,162238,69,0.0328503,,True
562.96720,5.24,202,162338,69,0.0328716,,True
562.96721,5.25,177,162238,69,0.0328823,,True
562.96722,5.25,178,162238,69,0.0328823,,True
562.96723,5.25,190,162238,69,0.0328716,,True
562.96724,5.25,183,162238,69,0.032861,,True
562.96725,5.1,111,158701,131,0.017736,,True
562.96726,5.12,106,158936,131,0.0176293,,True
562.96727,5.1,110,158701,131,0.0177538,,True
562.96728,5.09,117,158701,131,0.0177419,,True
562.96729,5.1,107,158701,131,0.0177419,,True
562.96730,5.25,185,162138,69,0.032861,,True
562.96731,5.25,186,162138,69,0.0328823,,True
562.96732,4.99,214,66756,7095,0.0355635,,True
562.96733,4.99,211,66753,7095,0.0355518,,True
562.96734,4.99,216,65530,7095,0.0355635,,True
562.96735,5.09,106,158701,131,0.017482,,True
562.96736,4.98,214,59354,7095,0.0355986,,True
562.96737,4.93,116,176944,448,0.0334316,,True
562.96738,4.93,122,176944,448,0.0334533,,True
562.96739,4.96,144,175014,448,0.0333881,,True
562.96740,4.93,125,176944,448,0.0334533,,True
562.96741,4.96,142,175014,448,0.0334098,,True
562.96742,4.93,211,68040,7095,0.0352955,,True
562.96743,5.09,106,158701,131,0.0174703,,True
562.96744,5.09,107,172129,131,0.0174409,,True
562.96745,4.97,208,112198,10,0.0329036,,True
562.96746,4.92,202,112198,10,0.0327439,,True
562.96747,4.93,197,112198,10,0.0327758,,True
562.96748,4.77,92,158162,388,0.0328183,,True
562.96749,4.71,94,125917,10,0.0324377,,True
562.96750,4.95,196,112198,10,0.0328823,,True
562.96751,5.23,267,162635,156,0.0337817,,True
562.96752,4.71,93,125918,10,0.0324377,,True
562.96753,4.92,196,112198,10,0.0327546,,True
562.96754,5.22,262,162635,156,0.0337707,,True
562.96755,5.05,148,415833,428,0.0161084,,True
562.96756,5.05,153,415833,428,0.0160697,,True
562.96757,5.17,228,125312,405,0.0320104,,True
562.96758,5.26,137,187859,354,0.0282789,,True
562.96759,5.27,132,192301,354,0.0282608,,True
562.96760,5.27,129,210995,354,0.0282608,,True
562.96761,5.05,142,528039,428,0.0160752,,True
562.96762,5.05,153,415929,428,0.0160918,,True
562.96763,4.88,83,205193,448,0.0337047,,True
562.96764,5.05,142,528149,428,0.0160863,,True
562.96765,5.27,131,192301,354,0.0282699,,True
562.96766,5.17,229,113212,405,0.0319897,,True
562.96767,5.26,133,187859,354,0.0282789,,True
562.96768,5.05,145,528038,428,0.0160918,,True
562.96769,5.05,147,415929,428,0.0160973,,True
562.96770,5.05,153,342353,428,0.0160973,,True
562.96771,5.23,265,160999,156,0.0337927,,True
562.96772,5.05,149,528149,428,0.0160807,,True
562.96773,5.18,210,110189,405,0.0319897,,True
562.96774,5.22,125,212593,394,0.0314775,,True
562.96775,4.95,163,194166,88,0.0326168,,True
562.96776,5.18,206,125309,405,0.032,,True
562.96777,4.93,164,196000,88,0.0328183,,True
562.96778,5.22,124,203999,394,0.0314877,,True
562.96779,5.22,127,203998,394,0.0314978,,True
562.96780,5.26,199,116400,443,0.0351221,,True
562.96781,5.32,199,99358,443,0.0353071,,True
562.96782,5.15,148,202822,131,0.0171612,,True
562.96783,5.26,193,112297,443,0.0351106,,True
562.96784,5.32,199,116400,443,0.0352955,,True
562.96785,5.32,200,112297,443,0.0352955,,True
562.96786,5.32,197,112297,443,0.0352955,,True
562.96787,5.27,200,104016,443,0.0351106,,True
562.96788,5.32,203,104016,443,0.0352839,,True
562.96789,5.32,199,104012,443,0.0352839,,True
562.96790,5.31,198,112297,443,0.0352955,,True
562.96791,5.32,197,107405,443,0.0353187,,True
562.96792,5.32,195,114060,443,0.0352839,,True
562.96793,4.95,119,190833,131,0.0167877,,True
562.96794,4.93,131,183135,131,0.0167877,,True
562.96795,5.32,198,114060,443,0.0352955,,True
562.96796,5.32,196,114060,443,0.0352839,,True
562.96797,4.95,112,190833,131,0.016782,,True
562.96798,4.94,120,190945,131,0.0167649,,True
562.96799,5.14,113,287024,73,0.0121171,,True
562.96800,4.68,99,141978,540,0.0329357,,True
562.96801,5.14,108,287024,73,0.0120941,,True
562.96802,5.13,110,287024,73,0.0121033,,True
562.96803,5.14,110,295055,73,0.0120987,,True
562.96804,5.12,126,202434,73,0.0121171,,True
562.96805,5.09,164,184800,73,0.0121171,,True
562.96806,5.16,153,350833,141,0.00564513,,True
562.96807,5.17,154,302981,141,0.00562857,,True
562.96808,5.17,155,281966,141,0.00565507,,True
562.96809,5.12,135,186318,73,0.0121171,,True
562.96810,5.13,111,287024,73,0.0120895,,True
562.96811,5.14,112,287024,73,0.0121033,,True
562.96812,5.14,106,287024,73,0.0120941,,True
562.96813,5.32,216,136828,38,0.0333447,,True
562.96814,4.4,117,83471,398,0.0327758,size outside 4.5-6.0 Mb,False
562.96815,5.16,164,150098,38,0.0310544,,True
562.96816,4.99,109,192962,1079,0.0335405,,True
562.96817,4.4,116,83471,398,0.0327758,size outside 4.5-6.0 Mb,False
562.96818,4.4,118,83483,398,0.0327758,size outside 4.5-6.0 Mb,False
562.96819,4.4,120,83471,398,0.0327758,size outside 4.5-6.0 Mb,False
562.96820,4.99,120,185601,1079,0.0335296,,True
562.96821,5.32,215,136828,38,0.0333664,,True
562.96822,4.99,115,192962,1079,0.0335296,,True
562.96823,5.17,151,350833,141,0.00564181,,True
562.96824,4.67,70,209791,7093,0.0326274,,True
562.96825,4.7,92,196667,58,0.0328077,,True
562.96826,5.11,123,368537,7102,0.0335733,,True
562.96827,5.11,122,302537,7102,0.0335733,,True
562.96828,5.2,167,146960,38,0.0313156,,True
562.96829,4.72,88,192966,58,0.0328077,,True
562.96830,5.2,168,146960,38,0.0313055,,True
562.96831,5.2,172,146960,38,0.0313055,,True
562.96832,5.09,116,283621,1193,0.0143691,,True
562.96833,5.09,120,283621,1193,0.0143793,,True
562.96834,5.09,116,283722,1193,0.0143691,,True
562.96835,5.09,101,237085,1193,0.0143844,,True
562.96836,5.09,112,283621,1193,0.0143742,,True
562.96837,4.68,82,236048,58,0.0328716,,True
562.96838,5.03,138,126832,7094,0.0333447,,True
562.96839,4.99,134,126832,7094,0.0332041,,True
562.96840,4.96,71,316449,136,0.0132816,,True
562.96841,4.87,191,68541,635,0.0342254,,True
562.96842,5.14,173,130906,38,0.0311044,,True
562.96843,4.87,138,134744,7094,0.0326486,,True
562.96844,5.2,168,146960,38,0.0312853,,True
562.96845,4.99,136,126832,7094,0.0332149,,True
562.96846,5.05,113,276540,95,0.0132039,,True
562.96847,4.75,84,196940,1723,0.0331825,,True
562.96848,5.05,130,255642,95,0.0131555,,True
562.96849,5.05,115,272295,95,0.0132087,,True
562.96850,5.05,115,255728,95,0.0131942,,True
562.96851,4.75,87,195606,1723,0.0331718,,True
562.96852,4.75,85,196630,1723,0.0331825,,True
562.96853,4.75,82,258315,1723,0.0331825,,True
562.96854,4.75,81,258315,1723,0.0331718,,True
562.96855,4.74,104,190681,1723,0.033161,,True
562.96856,4.75,87,195606,1723,0.0331825,,True
562.96857,4.75,80,217579,1723,0.0331825,,True
562.96858,4.68,104,154323,336,0.0321556,,True
562.96859,4.68,102,154323,336,0.032114,,True
562.96860,4.74,97,195606,1723,0.0331825,,True
562.96861,4.68,103,154323,336,0.0321556,,True
562.96862,4.75,84,196823,1723,0.0331825,,True
562.96863,4.68,103,154323,336,0.0321556,,True
562.96864,5.0,103,208730,349,0.0316404,,True
562.96865,4.84,81,288719,155,0.0337597,,True
562.96866,4.83,88,288719,155,0.0337487,,True
562.96867,4.84,81,288842,155,0.0337487,,True
562.96868,4.84,86,288719,155,0.0337377,,True
562.96869,4.83,90,288719,155,0.0337377,,True
562.96870,4.94,78,218843,38,0.0319484,,True
562.96871,5.23,266,80761,3877,0.0336608,,True
562.96872,5.22,271,75757,3877,0.0336937,,True
562.96873,4.65,77,268622,906,0.0318351,,True
562.96874,5.23,268,80199,3877,0.0336718,,True
562.96875,5.32,265,80589,3877,0.033903,,True
562.96876,4.83,183,130142,10,0.033617,,True
562.96877,5.02,101,168611,351,0.033892,,True
562.96878,5.23,264,80651,3877,0.0336937,,True
562.96879,4.71,82,196671,58,0.0328183,,True
562.96880,5.23,264,80199,3877,0.0336828,,True
562.96881,5.17,244,76355,3877,0.0334424,,True
562.96882,5.23,266,80761,3877,0.0337047,,True
562.96883,5.1,124,336058,7102,0.0335842,,True
562.96884,5.23,267,80651,3877,0.0337157,,True
562.96885,5.24,255,80761,3877,0.0336828,,True
562.96886,5.11,124,417998,7102,0.033617,,True
562.96887,5.1,127,283081,7102,0.0335842,,True
562.96888,5.11,124,368424,7102,0.0335733,,True
562.96889,5.23,266,80761,3877,0.0336608,,True
562.96890,5.06,101,314108,88,0.0332041,,True
562.96891,5.06,98,314108,88,0.0332041,,True
562.96892,5.06,102,314108,88,0.0332149,,True
562.96893,5.06,100,314108,88,0.0332041,,True
562.96894,5.22,182,212979,131,0.0175467,,True
562.96895,5.22,190,212979,131,0.0175644,,True
562.96896,5.06,100,314108,88,0.0331933,,True
562.96897,5.21,204,190808,131,0.0175703,,True
562.96898,5.22,190,203187,131,0.0175467,,True
562.96899,5.22,183,212979,131,0.0175467,,True
562.96900,5.22,184,212979,131,0.0175349,,True
562.96901,5.22,187,212979,131,0.0175467,,True
562.96902,5.22,183,212979,131,0.0175467,,True
562.96903,5.22,192,212979,131,0.0175703,,True
562.96904,5.22,174,212979,131,0.0175644,,True
562.96905,5.22,186,212979,131,0.0175526,,True
562.96906,5.22,187,203330,131,0.0175467,,True
562.96907,5.22,183,212979,131,0.0175526,,True
562.96908,5.22,177,212979,131,0.0175467,,True
562.96909,5.22,181,212979,131,0.0175408,,True
562.96910,4.84,85,288719,155,0.0337487,,True
562.96911,4.83,87,288606,155,0.0337487,,True
562.96912,5.04,152,169704,162,0.0340693,,True
562.96913,4.97,89,169835,162,0.0339694,,True
562.96914,4.84,80,288842,155,0.0337597,,True
562.96915,4.97,90,193178,162,0.0339583,,True
562.96916,4.83,93,288719,155,0.0337487,,True
562.96917,4.84,80,288842,155,0.0337377,,True
562.96918,4.97,88,193178,162,0.0339694,,True
562.96919,5.01,89,397283,7092,0.0156431,,True
562.96920,4.97,90,169835,162,0.0339583,,True
562.96921,5.01,93,400905,7092,0.0156539,,True
562.96922,4.78,156,91651,1434,0.0335514,,True
562.96923,4.77,158,91695,1434,0.0335514,,True
562.96924,4.78,154,89768,1434,0.0335514,,True
562.96925,5.16,103,217517,131,0.0171612,,True
562.96926,5.01,92,397283,7092,0.0156756,,True
562.96927,5.11,130,268774,141,0.00522262,,True
562.96928,5.11,127,269175,141,0.00521614,,True
562.96929,4.78,132,98341,216,0.0331179,,True
562.96930,5.02,82,397518,7092,0.0156864,,True
562.96931,5.18,180,234597,131,0.017086,,True
562.96932,4.94,87,321742,2006,0.0332257,,True
562.96933,5.32,155,196560,648,0.0290118,,True
562.96934,5.32,155,196560,648,0.0290025,,True
562.96935,5.19,189,214857,131,0.0171091,,True
562.96936,5.16,140,190808,131,0.0175526,,True
562.96937,4.92,89,321742,2006,0.0331287,,True
562.96938,5.16,106,217517,131,0.0171612,,True
562.96939,5.16,114,201317,131,0.0171322,,True
562.96940,5.42,195,161224,131,0.0174292,,True
562.96941,5.23,266,80651,3877,0.0337047,,True
562.96942,5.23,268,80761,3877,0.0336608,,True
562.96943,5.24,261,80761,3877,0.0337047,,True
562.96944,5.23,258,80761,3877,0.0337267,,True
562.96945,5.29,274,80651,3877,0.0338478,,True
562.96946,5.22,264,80199,3877,0.0336718,,True
562.96947,5.23,258,80761,3877,0.0337047,,True
562.96948,5.22,267,80199,3877,0.0336608,,True
562.96949,5.23,119,173578,131,0.0175703,,True
562.96950,5.23,259,80199,3877,0.0336499,,True
562.96951,5.22,260,80201,3877,0.0336828,,True
562.96952,5.15,213,159531,131,0.0170456,,True
562.96953,5.42,198,173691,131,0.0174409,,True
562.96954,5.29,269,80589,3877,0.0338478,,True
562.96955,5.23,257,80651,3877,0.0336608,,True
562.96956,5.22,249,82341,3877,0.0336499,,True
562.96957,5.23,124,173691,131,0.0175644,,True
562.96958,5.23,118,190412,131,0.0175703,,True
562.96959,5.27,115,172097,131,0.0177182,,True
562.96960,5.29,122,154777,131,0.0178133,,True
562.96961,5.27,120,154409,131,0.0177597,,True
562.96962,4.84,153,87884,409,0.0343261,,True
562.96963,4.97,89,231293,162,0.0339583,,True
562.96964,5.11,240,94690,10,0.0333664,,True
562.96965,5.23,127,173691,131,0.0175703,,True
562.96966,5.1,237,94690,10,0.0333339,,True
562.96967,5.07,281,88191,10,0.033399,,True
562.96968,4.82,138,105179,409,0.0341472,,True
562.96969,5.1,275,88125,10,0.033399,,True
562.96970,5.46,278,175559,648,0.0300431,,True
562.96971,5.45,267,175559,648,0.0300238,,True
562.96972,4.81,141,93727,409,0.0341361,,True
562.96973,4.82,142,97898,409,0.0341138,,True
562.96974,5.29,134,158698,131,0.017861,,True
562.96975,5.23,126,158698,131,0.0175644,,True
562.96976,5.26,150,150432,131,0.0177716,,True
562.96977,5.29,116,154760,131,0.0178133,,True
562.96978,5.23,126,173578,131,0.0175644,,True
562.96979,5.23,121,173691,131,0.0175585,,True
562.96980,5.23,124,172097,131,0.0175585,,True
562.96981,5.23,118,158698,131,0.0175703,,True
562.96982,5.22,185,205623,354,0.0281707,,True
562.96983,5.22,178,205623,354,0.0281707,,True
562.96984,5.19,189,136066,354,0.0281617,,True
562.96985,5.19,190,153206,354,0.0281617,,True
562.96986,5.22,172,212597,354,0.0281887,,True
562.96987,5.43,286,137917,648,0.0300334,,True
562.96988,5.45,270,158673,648,0.0300431,,True
562.96989,4.81,146,179033,517,0.0335624,,True
562.96990,5.45,267,206495,648,0.0300334,,True
562.96991,4.81,157,179033,517,0.0335514,,True
562.96992,5.43,289,135411,648,0.0300527,,True
562.96993,5.45,270,206495,648,0.0300431,,True
562.96994,5.43,292,137914,648,0.0300238,,True
562.96995,5.46,280,175559,648,0.0300431,,True
562.96996,5.45,280,158672,648,0.0300334,,True
562.96997,5.46,281,206527,648,0.0300431,,True
562.96998,5.46,254,175559,648,0.0300238,,True
562.96999,5.45,277,175559,648,0.0300334,,True
562.97000,5.45,278,175559,648,0.0300334,,True
562.97001,5.06,101,314108,88,0.0332041,,True
562.97002,5.06,97,314108,88,0.0332149,,True
562.97003,5.06,101,314108,88,0.0332041,,True
562.97004,5.43,286,158779,648,0.0300046,,True
562.97005,5.05,102,313827,88,0.0332257,,True
562.97006,5.14,88,263600,131,0.0162582,,True
562.97007,5.14,88,263600,131,0.0162638,,True
562.97008,5.14,91,251935,131,0.0162638,,True
562.97009,5.12,90,263600,131,0.0162415,,True
562.97010,4.99,100,313827,88,0.0329892,,True
562.97011,4.9,126,158292,2598,0.0330964,,True
562.97012,4.72,102,107206,1973,0.0329357,,True
562.97013,4.9,124,158292,2598,0.0331072,,True
562.97014,4.76,133,111444,409,0.0341027,,True
562.97015,4.9,129,154433,2598,0.0331179,,True
562.97016,5.14,86,263600,131,0.0162526,,True
562.97017,5.06,136,139938,58,0.0347783,,True
562.97018,5.06,135,154428,58,0.0347783,,True
562.97019,5.06,140,139938,58,0.0347442,,True
562.97020,5.07,129,154428,58,0.0347555,,True
562.97021,5.07,134,154428,58,0.0347555,,True
562.97022,5.06,134,155007,58,0.0347783,,True
562.97023,5.06,136,139938,58,0.0347783,,True
562.97024,4.9,132,154472,2598,0.0331179,,True
562.97025,5.07,127,154428,58,0.0347669,,True
562.97026,5.01,122,239533,164,0.0328823,,True
562.97027,5.07,127,155007,58,0.0347555,,True
562.97028,5.06,136,145616,58,0.0347442,,True
562.97029,5.07,131,154428,58,0.0347669,,True
562.97030,5.06,138,154428,58,0.0346987,,True
562.97031,4.95,141,158292,2598,0.0333664,,True
562.97032,5.07,131,154428,58,0.0347783,,True
562.97033,5.07,130,155007,58,0.0347783,,True
562.97034,4.9,133,158292,2598,0.0331179,,True
562.97035,4.9,135,154458,2598,0.0331072,,True
562.97036,4.9,128,158292,2598,0.0331072,,True
562.97037,5.01,116,254864,164,0.0328823,,True
562.97038,5.01,112,257762,164,0.0328716,,True
562.97039,4.97,156,128378,117,0.0245729,,True
562.97040,5.01,173,101565,117,0.0246988,,True
562.97041,5.0,172,111761,117,0.0247225,,True
562.97042,5.0,173,111761,117,0.024691,,True
562.97043,5.01,123,187185,164,0.0328823,,True
562.97044,5.03,146,111761,117,0.0246831,,True
562.97045,5.0,120,239417,164,0.0328503,,True
562.97046,4.92,166,84643,2967,0.0341807,,True
562.97047,4.92,168,83957,2967,0.0341807,,True
562.97048,4.92,168,84643,2967,0.0341807,,True
562.97049,4.97,186,72331,2967,0.034416,,True
562.97050,4.92,162,83957,2967,0.0341807,,True
562.97051,5.18,127,149024,1431,0.0340249,,True
562.97052,5.17,110,154439,1431,0.0339473,,True
562.97053,5.19,118,166582,1431,0.0340582,,True
562.97054,5.19,116,154439,1431,0.0340804,,True
562.97055,5.14,243,91953,6150,0.0356103,,True
562.97056,5.15,255,87022,6150,0.035716,,True
562.97057,5.22,113,149024,1431,0.0342701,,True
562.97058,5.12,127,314539,1196,0.0337267,,True
562.97059,5.12,147,192429,1196,0.0337267,,True
562.97060,5.13,120,196969,1196,0.0336937,,True
562.97061,5.23,125,173691,131,0.0175644,,True
562.97062,5.22,127,190650,131,0.0176057,,True
562.97063,5.02,182,122310,216,0.0342925,,True
562.97064,5.02,178,122310,216,0.0343037,,True
562.97065,5.13,117,314635,1196,0.0336937,,True
562.97066,5.1,273,85084,6150,0.0354933,,True
562.97067,5.13,123,314635,1196,0.0337267,,True
562.97068,5.23,129,173578,131,0.0175644,,True
562.97069,5.22,128,158698,131,0.0176057,,True
562.97070,5.23,126,173578,131,0.0175644,,True
562.97071,5.23,128,173578,131,0.0175644,,True
562.97072,5.23,126,173691,131,0.0175644,,True
562.97073,5.2,158,196560,648,0.0286887,,True
562.97074,5.22,115,172142,131,0.0175585,,True
562.97075,5.22,117,173578,131,0.0175644,,True
562.97076,5.23,128,173691,131,0.0175644,,True
562.97077,5.19,167,196560,648,0.0286429,,True
562.97078,5.21,155,196560,648,0.0286704,,True
562.97079,5.2,160,249382,648,0.0287162,,True
562.97080,4.88,188,70522,635,0.0342254,,True
562.97081,4.87,205,65133,635,0.0342813,,True
562.97082,4.95,139,154472,2598,0.033323,,True
562.97083,4.94,135,154433,2598,0.0333447,,True
562.97084,5.37,238,182261,404,0.0144254,,True
562.97085,4.95,138,154458,2598,0.033323,,True
562.97086,5.37,228,196106,404,0.0144408,,True
562.97087,5.37,233,212559,404,0.0144665,,True
562.97088,5.36,227,196106,404,0.0144152,,True
562.97089,5.36,232,196106,404,0.0144203,,True
562.97090,4.88,193,70522,635,0.0342254,,True
562.97091,4.88,192,70522,635,0.0342254,,True
562.97092,4.94,139,158292,2598,0.0333447,,True
562.97093,5.22,167,205623,354,0.0281707,,True
562.97094,5.2,180,192301,354,0.0281617,,True
562.97095,4.95,137,158292,2598,0.0333339,,True
562.97096,5.23,166,212569,354,0.0281617,,True
562.97097,5.23,170,210917,354,0.0281617,,True
562.97098,4.62,73,206353,7096,0.0322806,,True
562.97099,4.88,65,685865,648,0.027539,,True
562.97100,4.73,173,117673,7097,0.033486,,True
562.97101,4.62,76,173976,7096,0.0322911,,True
562.97102,4.88,63,685865,648,0.0275214,,True
562.97103,4.74,170,117672,7097,0.0334533,,True
562.97104,4.88,65,432807,648,0.0275214,,True
562.97105,4.74,160,117674,7097,0.0334751,,True
562.97106,4.74,170,116002,7097,0.0334533,,True
562.97107,4.6,69,302994,10,0.032218,,True
562.97108,4.74,166,117672,7097,0.0334533,,True
562.97109,4.74,170,117672,7097,0.0334533,,True
562.97110,4.73,179,117673,7097,0.0334751,,True
562.97111,5.02,141,153511,10,0.032893,,True
562.97112,5.02,141,153511,10,0.0328716,,True
562.97113,4.85,64,432807,648,0.0273375,,True
562.97114,4.74,170,117673,7097,0.0334533,,True
562.97115,5.02,144,153511,10,0.0329036,,True
562.97116,4.74,170,117673,7097,0.0334533,,True
562.97117,4.92,205,86330,399,0.0341361,,True
562.97118,4.74,161,117674,7097,0.0334751,,True
562.97119,4.92,201,85031,399,0.0341584,,True
562.97120,4.74,161,117674,7097,0.033486,,True
562.97121,4.98,191,68541,635,0.0345966,,True
562.97122,4.98,75,432807,648,0.0279912,,True
562.97123,5.19,182,153206,354,0.0281707,,True
562.97124,4.97,208,68539,635,0.0346646,,True
562.97125,4.96,225,68541,635,0.0346306,,True
562.97126,4.97,195,68541,635,0.0346193,,True
562.97127,4.98,190,68541,635,0.0346079,,True
562.97128,5.0,152,259856,144,0.0123953,,True
562.97129,4.98,168,259141,144,0.0124046,,True
562.97130,5.32,143,143908,69,0.0326486,,True
562.97131,5.3,169,124717,69,0.0326803,,True
562.97132,5.0,138,259856,144,0.0124,,True
562.97133,5.0,147,259856,144,0.0123813,,True
562.97134,4.87,113,102637,1122,0.0334424,,True
562.97135,5.33,150,143908,69,0.0326274,,True
562.97136,5.02,153,128352,117,0.0246831,,True
562.97137,5.01,166,128352,117,0.024691,,True
562.97138,5.02,160,128373,117,0.0246673,,True
562.97139,5.02,159,128352,117,0.0246752,,True
562.97140,4.87,123,102636,1122,0.0334316,,True
562.97141,5.32,157,161623,69,0.0326274,,True
562.97142,5.02,157,128378,117,0.0246831,,True
562.97143,5.31,170,184759,69,0.0326168,,True
562.97144,5.31,160,161675,69,0.0326063,,True
562.97145,5.31,174,161621,69,0.0326274,,True
562.97146,5.0,133,350833,141,0.00527449,,True
562.97147,5.32,143,162162,69,0.0326168,,True
562.97148,5.01,134,320784,141,0.00527774,,True
562.97149,5.01,131,268773,141,0.00528099,,True
562.97150,5.01,117,334921,141,0.005268,,True
562.97151,5.0,142,320784,141,0.00527124,,True
562.97152,4.93,122,177148,58,0.0333447,,True
562.97153,4.92,125,145335,58,0.0333447,,True
562.97154,4.99,107,210589,69,0.031356,,True
562.97155,5.03,110,181927,69,0.0317017,,True
562.97156,4.93,119,151552,58,0.0333447,,True
562.97157,5.02,118,182256,69,0.0315588,,True
562.97158,4.99,103,210589,69,0.0313661,,True
562.97159,4.98,105,210589,69,0.0313863,,True
562.97160,4.92,126,145335,58,0.0333447,,True
562.97161,5.16,158,120010,443,0.0345513,,True
562.97162,5.16,151,129419,443,0.0345627,,True
562.97163,4.93,117,151552,58,0.0333339,,True
562.97164,5.16,157,117347,443,0.0345627,,True
562.97165,5.16,149,120010,443,0.0345513,,True
562.97166,5.16,146,132822,443,0.034574,,True
562.97167,5.16,151,120010,443,0.0345627,,True
562.97168,5.16,158,120010,443,0.0345513,,True
562.97169,5.16,145,132822,443,0.0345513,,True
562.97170,5.15,170,120010,443,0.0345287,,True
562.97171,5.16,158,132822,443,0.0345513,,True
562.97172,5.16,146,132822,443,0.0345627,,True
562.97173,5.16,156,120010,443,0.034574,,True
562.97174,5.16,148,120010,443,0.0345627,,True
562.97175,5.16,140,132822,443,0.0345627,,True
562.97176,4.83,79,172916,7098,0.0327652,,True
562.97177,5.16,154,132822,443,0.0345627,,True
562.97178,5.05,118,255728,95,0.0132039,,True
562.97179,5.05,123,255728,95,0.0132039,,True
562.97180,5.05,126,255728,95,0.0132039,,True
562.97181,5.05,118,272603,95,0.0131942,,True
562.97182,4.82,93,158532,7098,0.0327652,,True
562.97183,4.83,79,167324,7098,0.0327652,,True
562.97184,4.82,90,163611,7098,0.0327652,,True
562.97185,5.04,130,255642,95,0.0131506,,True
562.97186,5.05,123,255728,95,0.013199,,True
562.97187,5.05,118,272296,95,0.0132039,,True
562.97188,4.83,82,172916,7098,0.0327652,,True
562.97189,5.05,116,272406,95,0.0132039,,True
562.97190,5.05,120,255728,95,0.0132039,,True
562.97191,5.05,118,255728,95,0.013199,,True
562.97192,5.2,146,221388,14,0.0136545,,True
562.97193,5.19,139,221388,14,0.0136496,,True
562.97194,5.19,136,231577,14,0.0136397,,True
562.97195,5.2,142,196075,14,0.0136447,,True
562.97196,5.2,149,231719,14,0.0136694,,True
562.97197,5.02,120,182256,69,0.0315588,,True
562.97198,4.72,66,240737,196,0.0321036,,True
562.97199,4.89,90,195589,2521,0.0331395,,True
562.97200,4.61,62,279211,196,0.031794,,True
562.97201,4.86,98,195589,2521,0.0330213,,True
562.97202,4.82,99,174901,7100,0.0327546,,True
562.97203,4.86,126,195166,2178,0.0329036,,True
562.97204,4.81,97,196278,7100,0.0327546,,True
562.97205,4.82,99,192511,7100,0.0327121,,True
562.97206,5.02,115,210589,69,0.031569,,True
562.97207,4.95,165,94286,409,0.034881,,True
562.97208,5.02,119,182256,69,0.0315792,,True
562.97209,5.02,110,181927,69,0.0315588,,True
562.97210,5.19,123,283621,1193,0.0147665,,True
562.97211,4.82,100,178282,7100,0.0327227,,True
562.97212,4.82,99,196278,7100,0.0327121,,True
562.97213,5.12,154,145470,1193,0.0145643,,True
562.97214,4.93,214,57903,7095,0.0354001,,True
562.97215,5.11,94,220792,108,0.0326063,,True
562.97216,5.01,94,258593,108,0.0322493,,True
562.97217,5.19,129,237085,1193,0.0147613,,True
562.97218,4.95,212,65530,7095,0.03547,,True
562.97219,4.96,204,66759,7095,0.0354583,,True
562.97220,4.96,205,66759,7095,0.0354583,,True
562.97221,4.96,205,68043,7095,0.0354583,,True
562.97222,5.16,149,120010,443,0.034574,,True
562.97223,5.16,158,120010,443,0.034574,,True
562.97224,5.16,141,132823,443,0.0345513,,True
562.97225,5.16,157,132822,443,0.0345513,,True
562.97226,5.16,159,120010,443,0.0345627,,True
562.97227,5.16,158,117347,443,0.034574,,True
562.97228,5.13,186,112188,443,0.0345287,,True
562.97229,5.17,138,132821,443,0.0345627,,True
562.97230,5.16,159,132822,443,0.0345513,,True
562.97231,5.16,145,129532,443,0.0345513,,True
562.97232,4.99,140,134744,7094,0.0332149,,True
562.97233,4.99,139,134744,7094,0.0332149,,True
562.97234,4.99,134,134744,7094,0.0332149,,True
562.97235,5.16,147,120010,443,0.0345627,,True
562.97236,5.16,146,120010,443,0.0345513,,True
562.97237,4.95,213,66226,7095,0.0354467,,True
562.97238,5.16,141,120010,443,0.0345513,,True
562.97239,5.16,153,117237,443,0.0345627,,True
562.97240,4.71,77,217576,1723,0.0329785,,True
562.97241,4.71,71,260309,1723,0.0329785,,True
562.97242,4.7,83,253276,1723,0.0329785,,True
562.97243,5.16,145,132544,443,0.034574,,True
562.97244,4.71,79,258315,1723,0.0329677,,True
562.97245,4.71,74,287126,1723,0.0329892,,True
562.97246,4.71,75,284255,1723,0.0329785,,True
562.97247,4.71,76,287126,1723,0.0329677,,True
562.97248,4.84,95,184451,2521,0.0328716,,True
562.97249,5.26,155,283916,131,0.0164764,,True
562.97250,5.17,140,132822,443,0.034574,,True
562.97251,4.8,93,195589,2521,0.0327121,,True
562.97252,5.26,156,283916,131,0.016482,,True
562.97253,4.71,80,258315,1723,0.0329785,,True
562.97254,5.16,158,120010,443,0.0345627,,True
562.97255,4.91,157,82310,409,0.0346533,,True
562.97256,4.92,159,88941,409,0.0346987,,True
562.97257,4.62,58,318297,196,0.0318042,,True
562.97258,5.16,151,129419,443,0.0345513,,True
562.97259,5.16,158,132822,443,0.034574,,True
562.97260,5.16,141,132823,443,0.0345627,,True
562.97261,4.92,167,88941,409,0.0346873,,True
562.97262,5.26,151,283916,131,0.016482,,True
562.97263,5.25,160,276206,131,0.0164876,,True
562.97264,4.92,160,91439,409,0.0346873,,True
562.97265,5.16,142,132822,443,0.0345513,,True
562.97266,5.16,147,120010,443,0.0345627,,True
562.97267,5.25,153,283916,131,0.0164764,,True
562.97268,5.16,157,132251,443,0.034574,,True
562.97269,4.84,89,195589,2521,0.0328396,,True
562.97270,4.71,75,284255,1723,0.0329785,,True
562.97271,4.71,75,287126,1723,0.0329785,,True
562.97272,4.8,89,195589,2521,0.0327121,,True
562.97273,5.16,158,120010,443,0.0345627,,True
562.97274,5.16,158,120010,443,0.0345513,,True
562.97275,5.16,160,120010,443,0.0345627,,True
562.97276,5.16,159,129419,443,0.034574,,True
562.97277,5.16,145,132822,443,0.0345513,,True
562.97278,5.16,155,120010,443,0.0345513,,True
562.97279,5.06,163,210928,69,0.0323748,,True
562.97280,5.3,167,167695,69,0.0325113,,True
562.97281,5.06,163,210928,69,0.0323643,,True
562.97282,5.08,170,210928,69,0.032312,,True
562.97283,5.3,170,167695,69,0.0325219,,True
562.97284,5.1,146,132822,443,0.0343261,,True
562.97285,5.42,189,161224,131,0.0174233,,True
562.97286,5.42,186,161224,131,0.0174292,,True
562.97287,5.42,193,161224,131,0.0174468,,True
562.97288,5.42,192,161224,131,0.0174351,,True
562.97289,5.42,194,173578,131,0.0174233,,True
562.97290,5.42,193,173691,131,0.0174351,,True
562.97291,4.98,102,197757,131,0.0165158,,True
562.97292,5.42,197,158701,131,0.0174292,,True
562.97293,5.42,196,161224,131,0.0174409,,True
562.97294,4.98,99,197757,131,0.0165158,,True
562.97295,5.41,194,170248,131,0.0174527,,True
562.97296,5.41,204,161224,131,0.0174351,,True
562.97297,4.98,98,222051,131,0.0165158,,True
562.97298,4.98,99,197757,131,0.0165214,,True
562.97299,4.98,99,212399,131,0.0165158,,True
562.97300,4.98,96,197757,131,0.0165158,,True
562.97301,4.98,98,222051,131,0.0165158,,True
562.97302,4.98,99,212399,131,0.0165158,,True
562.97303,4.97,103,190808,131,0.0165271,,True
562.97304,4.98,102,191236,131,0.0165158,,True
562.97305,4.98,107,197757,131,0.0165271,,True
562.97306,4.98,99,197757,131,0.0165158,,True
562.97307,4.98,100,212399,131,0.0165327,,True
562.97308,4.98,103,190808,131,0.0165158,,True
562.97309,4.98,99,197757,131,0.0165158,,True
562.97310,5.05,261,57958,59,0.0276359,,True
562.97311,5.05,251,57707,59,0.0276447,,True
562.97312,5.05,257,57708,59,0.0276359,,True
562.97313,5.04,249,57958,59,0.0276359,,True
562.97314,4.7,35,569454,569,0.0102424,,True
562.97315,5.05,255,57708,59,0.0276271,,True
562.97316,5.11,139,117837,59,0.0275566,,True
562.97317,5.11,143,129617,59,0.0275566,,True
562.97318,5.43,170,162664,69,0.0337377,,True
562.97319,4.7,37,569454,569,0.0102382,,True
562.97320,5.11,148,126129,59,0.027539,,True
562.97321,4.7,36,569454,569,0.0102382,,True
562.97322,5.11,143,129478,59,0.0275566,,True
562.97323,5.12,138,129478,59,0.0275566,,True
562.97324,4.65,31,569454,569,0.00999575,,True
562.97325,5.39,173,162664,69,0.0337487,,True
562.97326,4.7,32,689587,569,0.0102424,,True
562.97327,5.05,252,57708,59,0.0276182,,True
562.97328,5.39,170,162664,69,0.0337377,,True
562.97329,5.44,174,162664,69,0.0337377,,True
562.97330,5.43,159,162664,69,0.0337817,,True
562.97331,5.43,174,162664,69,0.0337487,,True
562.97332,5.43,170,162664,69,0.0337487,,True
562.97333,5.44,171,162664,69,0.0337487,,True
562.97334,4.97,183,249514,6286,0.0247621,,True
562.97335,5.43,172,162664,69,0.0337597,,True
562.97336,5.4,151,174532,69,0.0337377,,True
562.97337,4.97,190,237545,6286,0.0247541,,True
562.97338,5.43,166,170567,69,0.0337707,,True
562.97339,5.05,252,57958,59,0.0276271,,True
562.97340,5.43,170,162664,69,0.0337927,,True
562.97341,5.44,172,162664,69,0.0337707,,True
562.97342,5.44,166,162664,69,0.0337707,,True
562.97343,5.05,252,57958,59,0.0276447,,True
562.97344,5.05,257,57708,59,0.0276271,,True
562.97345,5.05,250,57958,59,0.0276182,,True
562.97346,5.39,167,162664,69,0.0337267,,True
562.97347,4.98,185,249514,6286,0.0247779,,True
562.97348,4.98,185,249514,6286,0.02477,,True
562.97349,5.11,140,129478,59,0.0275566,,True
562.97350,5.11,151,117438,59,0.0275478,,True
562.97351,5.11,149,129478,59,0.0275478,,True
562.97352,4.98,188,237545,6286,0.0248016,,True
562.97353,4.96,98,298731,5430,0.0118835,,True
562.97354,4.97,102,267714,5430,0.0119428,,True
562.97355,5.11,148,129478,59,0.027539,,True
562.97356,4.93,217,65530,7095,0.0352839,,True
562.97357,5.11,146,129478,59,0.0275478,,True
562.97358,5.22,304,56572,59,0.0288267,,True
562.97359,5.03,98,323169,1193,0.0139637,,True
562.97360,5.03,96,283621,1193,0.0139637,,True
562.97361,5.03,100,215880,1193,0.0139637,,True
562.97362,5.03,92,237085,1193,0.0139637,,True
562.97363,5.03,98,283621,1193,0.0139637,,True
562.97364,4.92,100,267119,5430,0.0116886,,True
562.97365,4.93,86,300252,5430,0.0116841,,True
562.97366,5.22,308,58078,59,0.0287898,,True
562.97367,4.89,134,115840,58,0.0344611,,True
562.97368,5.23,304,56572,59,0.0288544,,True
562.97369,4.89,136,115840,58,0.0344723,,True
562.97370,5.22,301,58079,59,0.0288267,,True
562.97371,4.89,124,115270,58,0.0344723,,True
562.97372,4.89,120,115270,58,0.0344723,,True
562.97373,5.18,153,188485,421,0.0137936,,True
562.97374,4.89,131,111494,58,0.0344836,,True
562.97375,5.18,152,178406,421,0.0138185,,True
562.97376,5.16,167,164280,421,0.0137787,,True
562.97377,4.89,122,115840,58,0.0344723,,True
562.97378,5.18,153,178403,421,0.0137986,,True
562.97379,4.89,121,111495,58,0.0344723,,True
562.97380,4.86,126,115270,58,0.0343823,,True
562.97381,5.19,144,188485,421,0.0138135,,True
562.97382,4.98,209,65530,7095,0.0355167,,True
562.97383,4.9,116,115840,58,0.0344723,,True
562.97384,4.91,185,70521,635,0.0343374,,True
562.97385,4.98,209,65434,7095,0.0355284,,True
562.97386,4.91,184,70522,635,0.0343486,,True
562.97387,4.9,190,65692,635,0.0343598,,True
562.97388,4.89,130,115840,58,0.0344723,,True
562.97389,4.78,78,201297,7099,0.0331825,,True
562.97390,4.78,79,201297,7099,0.0331825,,True
562.97391,5.19,130,283621,1193,0.0147613,,True
562.97392,5.18,135,215879,1193,0.0147613,,True
562.97393,5.19,128,283621,1193,0.0147665,,True
562.97394,5.19,133,215880,1193,0.0147613,,True
562.97395,5.09,105,323169,1193,0.0143333,,True
562.97396,4.98,118,199844,131,0.0169708,,True
562.97397,4.78,79,201297,7099,0.0331825,,True
562.97398,4.99,114,214803,131,0.0169823,,True
562.97399,4.99,115,215062,131,0.0169766,,True
562.97400,4.99,108,199844,131,0.0169766,,True
562.97401,4.78,75,201297,7099,0.0331825,,True
562.97402,4.99,108,214913,131,0.0169881,,True
562.97403,4.97,123,190833,131,0.0169593,,True
562.97404,4.55,111,83641,216,0.0327015,,True
562.97405,4.99,116,206654,131,0.0169823,,True
562.97406,4.99,111,199844,131,0.0169766,,True
562.97407,4.51,107,101357,4087,0.0324903,,True
562.97408,4.51,103,103026,4087,0.0324903,,True
562.97409,4.94,167,137390,131,0.0169478,,True
562.97410,4.78,79,201297,7099,0.0331825,,True
562.97411,4.99,107,203010,131,0.0169938,,True
562.97412,4.52,87,150403,540,0.0323643,,True
562.97413,4.53,86,158555,540,0.0323643,,True
562.97414,5.01,211,198467,95,0.0131506,,True
562.97415,5.43,172,162659,69,0.0337597,,True
562.97416,5.0,216,198467,95,0.0131506,,True
562.97417,5.39,180,162666,69,0.0337267,,True
562.97418,5.43,173,162659,69,0.0337597,,True
562.97419,4.99,110,199844,131,0.0169766,,True
562.97420,4.97,125,190833,131,0.0169593,,True
562.97421,4.95,207,68327,7095,0.035435,,True
562.97422,5.39,176,162664,69,0.0337377,,True
562.97423,4.94,216,57903,7095,0.0354234,,True
562.97424,5.39,173,162666,69,0.0337267,,True
562.97425,4.95,219,65530,7095,0.0354583,,True
562.97426,4.98,248,198467,95,0.0130686,,True
562.97427,5.43,161,170567,69,0.0337707,,True
562.97428,5.0,210,66759,7095,0.0355635,,True
562.97429,5.39,157,162666,69,0.0337487,,True
562.97430,5.39,160,162666,69,0.0337597,,True
562.97431,4.94,214,57903,7095,0.035435,,True
562.97432,4.95,207,68043,7095,0.0354583,,True
562.97433,5.39,168,162666,69,0.0337267,,True
562.97434,5.43,176,162664,69,0.0337597,,True
562.97435,4.53,90,146698,540,0.0323643,,True
562.97436,4.98,241,198467,95,0.013083,,True
562.97437,5.0,219,198467,95,0.0131313,,True
562.97438,4.89,198,68327,7095,0.0351336,,True
562.97439,4.88,214,65530,7095,0.0350991,,True
562.97440,4.88,214,68043,7095,0.0351106,,True
562.97441,4.92,218,74271,10,0.0328183,,True
562.97442,4.96,208,68327,7095,0.0354583,,True
562.97443,4.95,201,68043,7095,0.0353885,,True
562.97444,4.96,184,86966,10,0.032861,,True
562.97445,4.54,115,118079,155,0.0331395,,True
562.97446,4.43,180,47528,1494,0.0335514,size outside 4.5-6.0 Mb,False
562.97447,4.99,119,201086,131,0.0169881,,True
562.97448,4.97,125,190833,131,0.0169536,,True
562.97449,4.97,113,258305,88,0.0326697,,True
562.97450,4.97,114,245744,88,0.0326591,,True
562.97451,4.96,116,245737,88,0.0326486,,True
562.97452,4.99,121,190833,131,0.0169938,,True
562.97453,4.99,107,199844,131,0.0169823,,True
562.97454,4.97,125,169918,131,0.0169593,,True
562.97455,4.56,104,132798,2690,0.032925,,True
562.97456,4.94,124,185433,88,0.0326803,,True
562.97457,5.08,168,85801,3006,0.0345966,,True
562.97458,5.08,162,88119,3006,0.0345966,,True
562.97459,5.08,168,85801,3006,0.0345853,,True
562.97460,5.08,168,85636,3006,0.034574,,True
562.97461,5.08,167,86710,3006,0.0345966,,True
562.97462,5.08,169,85801,3006,0.034574,,True
562.97463,4.98,99,222051,131,0.0165214,,True
562.97464,5.08,165,86710,3006,0.034574,,True
562.97465,4.9,101,191011,410,0.0332906,,True
562.97466,5.41,201,170361,131,0.0174351,,True
562.97467,4.98,95,212399,131,0.0165327,,True
562.97468,4.9,97,164298,410,0.0332906,,True
562.97469,5.08,169,86616,3006,0.034574,,True
562.97470,5.08,167,86710,3006,0.034574,,True
562.97471,5.08,171,85801,3006,0.034574,,True
562.97472,4.99,90,342592,357,0.0153043,,True
562.97473,5.12,128,258535,127,0.011648,,True
562.97474,4.98,105,197757,131,0.0165214,,True
562.97475,5.02,95,215880,1193,0.0139988,,True
562.97476,5.12,107,275043,127,0.011648,,True
562.97477,4.98,100,212399,131,0.0165271,,True
562.97478,4.91,97,193171,162,0.0333881,,True
562.97479,4.97,105,211463,131,0.0165214,,True
562.97480,5.23,205,124874,38,0.031969,,True
562.97481,5.32,182,126280,69,0.0325324,,True
562.97482,5.18,231,190833,131,0.0177776,,True
562.97483,5.06,136,153944,345,0.0342589,,True
562.97484,5.06,88,358092,95,0.0129772,,True
562.97485,4.98,98,197757,131,0.0165214,,True
562.97486,4.86,154,107199,617,0.0336828,,True
562.97487,4.86,163,107199,617,0.0337157,,True
562.97488,4.61,142,75647,4959,0.0332365,,True
562.97489,5.22,107,154439,1431,0.0342701,,True
562.97490,5.13,115,154439,1431,0.033903,,True
562.97491,4.61,139,78639,4959,0.0332257,,True
562.97492,4.98,93,212399,131,0.0165383,,True
562.97493,5.05,146,101200,226,0.0350071,,True
562.97494,5.06,132,108702,226,0.0350185,,True
562.97495,4.8,100,149220,162,0.0329357,,True
562.97496,5.06,251,96104,6150,0.0356103,,True
562.97497,4.73,85,156455,10,0.0322806,,True
562.97498,4.98,102,191237,131,0.0165214,,True
562.97499,4.98,93,212399,131,0.0165271,,True
562.97500,4.98,93,212399,131,0.0165158,,True
562.97501,5.35,136,186309,69,0.0326591,,True
562.97502,5.03,95,272662,1193,0.0139737,,True
562.97503,5.03,106,215880,1193,0.0139637,,True
562.97504,5.03,106,215880,1193,0.0139637,,True
562.97505,4.97,151,246047,131,0.0168391,,True
562.97506,5.03,100,283621,1193,0.0139737,,True
562.97507,5.03,108,196099,1193,0.0139586,,True
562.97508,5.03,102,215880,1193,0.0139637,,True
562.97509,5.03,109,237085,1193,0.0139737,,True
562.97510,5.03,97,283621,1193,0.0139586,,True
562.97514,5.02,115,210288,1193,0.0139637,,True
562.97515,5.02,115,196099,1193,0.0139586,,True
562.97776,4.84,94,191061,131,0.0165327,,True
562.97808,5.24,119,314146,12,0.0122604,,True
562.97876,4.99,129,153117,88,0.0329143,,True
562.97961,5.22,156,252564,73,0.0125546,,True
562.98995,5.01,104,234964,131,0.0168105,,True
562.99254,5.13,121,221490,69,0.0324903,,True
562.99378,5.27,122,268102,95,0.0129054,,True
562.99400,5.05,85,205664,1193,0.0141502,,True
562.99406,5.2,109,222972,69,0.0322285,,True
562.99459,5.13,104,326110,73,0.0117338,,True
562.99466,4.95,205,71101,716,0.0348011,,True
562.99469,4.89,94,246032,131,0.0164595,,True
562.99497,4.98,146,163186,706,0.0119611,,True
