data/genomes/562.100000.fna.gz	0.0174879
data/genomes/562.100001.fna.gz	0
data/genomes/562.100002.fna.gz	0.00501979
data/genomes/562.100003.fna.gz	0.0175408
data/genomes/562.100004.fna.gz	0.033399
data/genomes/562.100005.fna.gz	0.0330213
data/genomes/562.100006.fna.gz	0.0114597
data/genomes/562.100007.fna.gz	0.0327227
data/genomes/562.100008.fna.gz	0.0119383
data/genomes/562.100009.fna.gz	0.0336389
data/genomes/562.100010.fna.gz	0.0113307
data/genomes/562.100011.fna.gz	0.0119018
data/genomes/562.100012.fna.gz	0.0117655
data/genomes/562.100013.fna.gz	0.0129246
data/genomes/562.100014.fna.gz	0.0327758
data/genomes/562.100015.fna.gz	0.0132962
data/genomes/562.100016.fna.gz	0.0339473
data/genomes/562.100017.fna.gz	0.0125217
data/genomes/562.100018.fna.gz	0.0170399
data/genomes/562.100019.fna.gz	0.014318
data/genomes/562.100020.fna.gz	0.0127862
data/genomes/562.100021.fna.gz	0.0321244
data/genomes/562.100022.fna.gz	0.0323853
data/genomes/562.100023.fna.gz	0.0178312
data/genomes/562.100024.fna.gz	0.0116075
data/genomes/562.100025.fna.gz	0.0331179
data/genomes/562.100026.fna.gz	0.0121956
data/genomes/562.100027.fna.gz	0.0341695
data/genomes/562.100028.fna.gz	0.0119155
data/genomes/562.100029.fna.gz	0.0115134
data/genomes/562.100030.fna.gz	0.0121679
data/genomes/562.100031.fna.gz	0.0323643
data/genomes/562.100032.fna.gz	0.0125076
data/genomes/562.100033.fna.gz	0.0333339
data/genomes/562.100034.fna.gz	0.0323224
data/genomes/562.100035.fna.gz	0.0152031
data/genomes/562.100036.fna.gz	0.012131
data/genomes/562.100037.fna.gz	0.0160586
data/genomes/562.100038.fna.gz	0.0310244
data/genomes/562.100039.fna.gz	0.032312
data/genomes/562.100040.fna.gz	0.0132621
data/genomes/562.100041.fna.gz	0.0120482
data/genomes/562.100042.fna.gz	0.0126441
data/genomes/562.100043.fna.gz	0.0330535
data/genomes/562.100044.fna.gz	0.0174996
data/genomes/562.100045.fna.gz	0.0328716
data/genomes/562.100046.fna.gz	0.033628
data/genomes/562.100047.fna.gz	0.017167
data/genomes/562.100048.fna.gz	0.0326803
data/genomes/562.100049.fna.gz	0.0344048
data/genomes/562.100050.fna.gz	0.0318556
data/genomes/562.100051.fna.gz	0.0119063
data/genomes/562.100052.fna.gz	0.0337597
data/genomes/562.100053.fna.gz	0.0125452
data/genomes/562.100054.fna.gz	0.00512897
data/genomes/562.100055.fna.gz	0.0252411
data/genomes/562.100056.fna.gz	0.0123208
data/genomes/562.100057.fna.gz	0.0124187
data/genomes/562.100058.fna.gz	0.0173181
data/genomes/562.100059.fna.gz	0.0323643
data/genomes/562.100060.fna.gz	0.0118471
data/genomes/562.100061.fna.gz	0.0332689
data/genomes/562.100062.fna.gz	0.01192
data/genomes/562.100063.fna.gz	0.0329464
data/genomes/562.100064.fna.gz	0.012358
data/genomes/562.100065.fna.gz	0.0335078
data/genomes/562.100066.fna.gz	0.0112599
data/genomes/562.100067.fna.gz	0.0322285
data/genomes/562.100068.fna.gz	0.0117383
data/genomes/562.100069.fna.gz	0.0342925
data/genomes/562.100070.fna.gz	0.0166967
data/genomes/562.100071.fna.gz	0.0134085
data/genomes/562.100072.fna.gz	0.0319277
data/genomes/562.100073.fna.gz	0.0330106
data/genomes/562.100074.fna.gz	0.0144768
data/genomes/562.100075.fna.gz	0.0311847
data/genomes/562.100076.fna.gz	0.033903
data/genomes/562.100077.fna.gz	0.0320104
data/genomes/562.100078.fna.gz	0.012428
data/genomes/562.100079.fna.gz	0.0128243
data/genomes/562.100080.fna.gz	0.0117881
data/genomes/562.100081.fna.gz	0.0110007
data/genomes/562.100082.fna.gz	0.0324693
data/genomes/562.100083.fna.gz	0.0345287
data/genomes/562.100084.fna.gz	0.0170802
data/genomes/562.100085.fna.gz	0.0170514
data/genomes/562.100086.fna.gz	0.0321036
data/genomes/562.100087.fna.gz	0.0121863
data/genomes/562.100088.fna.gz	0.0332365
data/genomes/562.100089.fna.gz	0.0121632
data/genomes/562.100090.fna.gz	0.0340138
data/genomes/562.100091.fna.gz	0.0103605
data/genomes/562.100092.fna.gz	0.0132184
data/genomes/562.100093.fna.gz	0.0109746
data/genomes/562.100094.fna.gz	0.0150232
data/genomes/562.100095.fna.gz	0.0314065
data/genomes/562.100096.fna.gz	0.0117293
data/genomes/562.100097.fna.gz	0.0129006
data/genomes/562.100098.fna.gz	0.0345175
data/genomes/562.100099.fna.gz	0.0147093
data/genomes/562.100100.fna.gz	0.0122465
data/genomes/562.100101.fna.gz	0.011639
data/genomes/562.100102.fna.gz	0.015076
data/genomes/562.100103.fna.gz	0.0111189
data/genomes/562.100104.fna.gz	0.0322076
data/genomes/562.100105.fna.gz	0.0129868
data/genomes/562.100106.fna.gz	0.00947089
data/genomes/562.100107.fna.gz	0.0323434
data/genomes/562.100108.fna.gz	0.0324798
data/genomes/562.100109.fna.gz	0.0339251
data/genomes/562.100110.fna.gz	0.033323
data/genomes/562.100111.fna.gz	0.00558889
data/genomes/562.100112.fna.gz	0.0249606
data/genomes/562.100113.fna.gz	0.0117428
data/genomes/562.100114.fna.gz	0.0168505
data/genomes/562.100115.fna.gz	0.0335514
data/genomes/562.100116.fna.gz	0.0170341
data/genomes/562.100117.fna.gz	0.01441
data/genomes/562.100118.fna.gz	0.0328077
data/genomes/562.100119.fna.gz	0.0176767
data/genomes/562.100120.fna.gz	0.0120941
data/genomes/562.100121.fna.gz	0.0170226
data/genomes/562.100122.fna.gz	0.028306
data/genomes/562.100123.fna.gz	0.0335405
data/genomes/562.100124.fna.gz	0.0135755
data/genomes/562.100125.fna.gz	0.0121263
data/genomes/562.100126.fna.gz	0.0132524
data/genomes/562.100127.fna.gz	0.00969473
data/genomes/562.100128.fna.gz	0.0113885
data/genomes/562.100129.fna.gz	0.0119109
data/genomes/562.100130.fna.gz	0.0131506
data/genomes/562.100131.fna.gz	0.0129102
data/genomes/562.100132.fna.gz	0.0119611
data/genomes/562.100133.fna.gz	0.0116841
data/genomes/562.100134.fna.gz	0.012915
data/genomes/562.100135.fna.gz	0.0119063
data/genomes/562.100136.fna.gz	0.0136645
data/genomes/562.100137.fna.gz	0.0121448
data/genomes/562.100138.fna.gz	0.0335405
data/genomes/562.100139.fna.gz	0.0130734
data/genomes/562.100140.fna.gz	0.0121494
data/genomes/562.100141.fna.gz	0.013112
data/genomes/562.100142.fna.gz	0.0120619
data/genomes/562.100143.fna.gz	0.0335624
data/genomes/562.100144.fna.gz	0.0330857
data/genomes/562.100145.fna.gz	0.0116616
data/genomes/562.100146.fna.gz	0.0126819
data/genomes/562.100147.fna.gz	0.0171207
data/genomes/562.100148.fna.gz	0.0125828
data/genomes/562.100149.fna.gz	0.0329999
data/genomes/562.100150.fna.gz	0.0127008
data/genomes/562.100151.fna.gz	0.0134967
data/genomes/562.100152.fna.gz	0.0130782
data/genomes/562.100153.fna.gz	0.0132864
data/genomes/562.100154.fna.gz	0.0329036
data/genomes/562.100155.fna.gz	0.0122836
data/genomes/562.100156.fna.gz	0.0331395
data/genomes/562.100157.fna.gz	0.0131313
data/genomes/562.100158.fna.gz	0.0281527
data/genomes/562.100159.fna.gz	0.0121217
data/genomes/562.100160.fna.gz	0.0339473
data/genomes/562.100161.fna.gz	0.0170053
data/genomes/562.100162.fna.gz	0.0120757
data/genomes/562.100163.fna.gz	0.0130975
data/genomes/562.100164.fna.gz	0.0120069
data/genomes/562.100165.fna.gz	0.0119018
data/genomes/562.100166.fna.gz	0.0129485
data/genomes/562.100167.fna.gz	0.0336937
data/genomes/562.100168.fna.gz	0.0328823
data/genomes/562.100169.fna.gz	0.0332257
data/genomes/562.100170.fna.gz	0.0324272
data/genomes/562.100171.fna.gz	0.00501338
data/genomes/562.100172.fna.gz	0.0117247
data/genomes/562.100173.fna.gz	0.0286429
data/genomes/562.100174.fna.gz	0.0318762
data/genomes/562.100175.fna.gz	0.0133352
data/genomes/562.100176.fna.gz	0.0122882
data/genomes/562.100177.fna.gz	0.0119977
data/genomes/562.100178.fna.gz	0.0313964
data/genomes/562.100179.fna.gz	0.0328183
data/genomes/562.100180.fna.gz	0.0337267
data/genomes/562.100181.fna.gz	0.0114107
data/genomes/562.100182.fna.gz	0.0103689
data/genomes/562.100183.fna.gz	0.0169077
data/genomes/562.100184.fna.gz	0.0128005
data/genomes/562.100185.fna.gz	0.0318968
data/genomes/562.100186.fna.gz	0.0159211
data/genomes/562.100187.fna.gz	0.0119246
data/genomes/562.100188.fna.gz	0.0065761
data/genomes/562.100189.fna.gz	0.0280808
data/genomes/562.100190.fna.gz	0.013006
data/genomes/562.100191.fna.gz	0.0125217
data/genomes/562.100192.fna.gz	0.0176707
data/genomes/562.100193.fna.gz	0.0117474
data/genomes/562.100194.fna.gz	0.0126064
data/genomes/562.100195.fna.gz	0.0125076
data/genomes/562.100196.fna.gz	0.0274863
data/genomes/562.100197.fna.gz	0.0129485
data/genomes/562.100198.fna.gz	0.0121263
data/genomes/562.100199.fna.gz	0.0118063
data/genomes/562.100200.fna.gz	0.0125452
data/genomes/562.100201.fna.gz	0.0324693
data/genomes/562.100202.fna.gz	0.0294989
data/genomes/562.100203.fna.gz	0.0116616
data/genomes/562.100204.fna.gz	0.0336608
data/genomes/562.100205.fna.gz	0.017167
data/genomes/562.100206.fna.gz	0.0167934
data/genomes/562.100207.fna.gz	0.0133987
data/genomes/562.100208.fna.gz	0.0328716
data/genomes/562.100209.fna.gz	0.0172599
data/genomes/562.100210.fna.gz	0.0120344
data/genomes/562.100211.fna.gz	0.0277243
data/genomes/562.100212.fna.gz	0.0329464
data/genomes/562.100213.fna.gz	0.0122836
data/genomes/562.100214.fna.gz	0.0123068
data/genomes/562.100215.fna.gz	0.0127056
data/genomes/562.100216.fna.gz	0.0125217
data/genomes/562.100217.fna.gz	0.0126536
data/genomes/562.100218.fna.gz	0.0167934
data/genomes/562.100219.fna.gz	0.0161084
data/genomes/562.100220.fna.gz	0.0126488
data/genomes/562.100221.fna.gz	0.011657
data/genomes/562.100222.fna.gz	0.0321036
data/genomes/562.100223.fna.gz	0.0347783
data/genomes/562.100224.fna.gz	0.0100707
data/genomes/562.100225.fna.gz	0.0123766
data/genomes/562.100226.fna.gz	0.0126111
data/genomes/562.100227.fna.gz	0.0100748
data/genomes/562.100228.fna.gz	0.00622063
data/genomes/562.100229.fna.gz	0.0326168
data/genomes/562.100230.fna.gz	0.0345853
data/genomes/562.100231.fna.gz	0.0158116
data/genomes/562.100232.fna.gz	0.0321764
data/genomes/562.100233.fna.gz	0.0329892
data/genomes/562.100234.fna.gz	0.0324693
data/genomes/562.100235.fna.gz	0.0128005
data/genomes/562.100236.fna.gz	0.0173707
data/genomes/562.100237.fna.gz	0.0138785
data/genomes/562.100238.fna.gz	0.0106931
data/genomes/562.100239.fna.gz	0.0121033
data/genomes/562.100240.fna.gz	0.0128768
data/genomes/562.100241.fna.gz	0.0124561
data/genomes/562.100242.fna.gz	0.0273375
data/genomes/562.100243.fna.gz	0.0120023
data/genomes/562.100244.fna.gz	0.015465
data/genomes/562.100245.fna.gz	0.0324167
data/genomes/562.100246.fna.gz	0.0126819
data/genomes/562.100247.fna.gz	0.0125969
data/genomes/562.100248.fna.gz	0.0130879
data/genomes/562.100249.fna.gz	0.0338699
data/genomes/562.100250.fna.gz	0.0131506
data/genomes/562.100251.fna.gz	0.0122558
data/genomes/562.100252.fna.gz	0.0313661
data/genomes/562.100253.fna.gz	0.0328183
data/genomes/562.100254.fna.gz	0.0162081
data/genomes/562.100255.fna.gz	0.0114597
data/genomes/562.100256.fna.gz	0.0136496
data/genomes/562.100257.fna.gz	0.00529723
data/genomes/562.100258.fna.gz	0.0126819
data/genomes/562.100259.fna.gz	0.0118653
data/genomes/562.100260.fna.gz	0.0309446
data/genomes/562.100261.fna.gz	0.0131555
data/genomes/562.100262.fna.gz	0.0167535
data/genomes/562.100263.fna.gz	0.034036
data/genomes/562.100264.fna.gz	0.012228
data/genomes/562.100265.fna.gz	0.0339251
data/genomes/562.100266.fna.gz	0.0331502
data/genomes/562.100267.fna.gz	0.00541137
data/genomes/562.100268.fna.gz	0.0124561
data/genomes/562.100269.fna.gz	0.0325113
data/genomes/562.100270.fna.gz	0.0114508
data/genomes/562.100271.fna.gz	0.0130012
data/genomes/562.100272.fna.gz	0.0120895
data/genomes/562.100273.fna.gz	0.033486
data/genomes/562.100274.fna.gz	0.0118972
data/genomes/562.100275.fna.gz	0.0171322
data/genomes/562.100276.fna.gz	0.011657
data/genomes/562.100277.fna.gz	0.0113618
data/genomes/562.100278.fna.gz	0.0172308
data/genomes/562.100279.fna.gz	0.0129198
data/genomes/562.100280.fna.gz	0.0109484
data/genomes/562.100281.fna.gz	0.0170514
data/genomes/562.100282.fna.gz	0.0119794
data/genomes/562.100283.fna.gz	0.0163642
data/genomes/562.100284.fna.gz	0.0118699
data/genomes/562.100285.fna.gz	0.0246515
data/genomes/562.100286.fna.gz	0.0322285
data/genomes/562.100287.fna.gz	0.0121863
data/genomes/562.100288.fna.gz	0.0131313
data/genomes/562.100289.fna.gz	0.031245
data/genomes/562.100290.fna.gz	0.0119611
data/genomes/562.100291.fna.gz	0.0100207
data/genomes/562.100292.fna.gz	0.0135706
data/genomes/562.100293.fna.gz	0.034416
data/genomes/562.100294.fna.gz	0.0113885
data/genomes/562.100295.fna.gz	0.0120482
data/genomes/562.100296.fna.gz	0.0174116
data/genomes/562.100297.fna.gz	0.0160035
data/genomes/562.100298.fna.gz	0.0128053
data/genomes/562.100299.fna.gz	0.0130927
data/genomes/562.100300.fna.gz	0.0311245
data/genomes/562.100301.fna.gz	0.0169881
data/genomes/562.100302.fna.gz	0.012772
data/genomes/562.100303.fna.gz	0.0155026
data/genomes/562.100304.fna.gz	0.0320933
data/genomes/562.100305.fna.gz	0.0136595
data/genomes/562.100306.fna.gz	0.0035958
data/genomes/562.100307.fna.gz	0.00562857
data/genomes/562.100308.fna.gz	0.016782
data/genomes/562.100309.fna.gz	0.0328077
data/genomes/562.100310.fna.gz	0.0128863
data/genomes/562.100311.fna.gz	0.0128148
data/genomes/562.100312.fna.gz	0.0116255
data/genomes/562.100313.fna.gz	0.0324272
data/genomes/562.100314.fna.gz	0.0123022
data/genomes/562.100315.fna.gz	0.0111277
data/genomes/562.100316.fna.gz	0.028036
data/genomes/562.100317.fna.gz	0.0328823
data/genomes/562.100318.fna.gz	0.0111277
data/genomes/562.100319.fna.gz	0.0119337
data/genomes/562.100320.fna.gz	0.0122187
data/genomes/562.100321.fna.gz	0.0315894
data/genomes/562.100322.fna.gz	0.0135066
data/genomes/562.100323.fna.gz	0.0315487
data/genomes/562.100324.fna.gz	0.0327546
data/genomes/562.100325.fna.gz	0.0117927
data/genomes/562.100326.fna.gz	0.00511287
data/genomes/562.100327.fna.gz	0.0321972
data/genomes/562.100328.fna.gz	0.0243851
data/genomes/562.100329.fna.gz	0.012428
data/genomes/562.100330.fna.gz	0.0327227
data/genomes/562.100331.fna.gz	0.0168676
data/genomes/562.100332.fna.gz	0.0119383
data/genomes/562.100333.fna.gz	0.00517412
data/genomes/562.100334.fna.gz	0.0324062
data/genomes/562.100335.fna.gz	0.0313762
data/genomes/562.100336.fna.gz	0.0126111
data/genomes/562.100337.fna.gz	0.0336718
data/genomes/562.100338.fna.gz	0.0127767
data/genomes/562.100339.fna.gz	0.0117247
data/genomes/562.100340.fna.gz	0.0314775
data/genomes/562.100341.fna.gz	0.0130638
data/genomes/562.100342.fna.gz	0.0118063
data/genomes/562.100343.fna.gz	0.01602
data/genomes/562.100344.fna.gz	0.0335187
data/genomes/562.100345.fna.gz	0.0289098
data/genomes/562.100346.fna.gz	0.0123347
data/genomes/562.100347.fna.gz	0.0168734
data/genomes/562.100348.fna.gz	0.032893
data/genomes/562.100349.fna.gz	0.0326591
data/genomes/562.100351.fna.gz	0.0131506
data/genomes/562.100352.fna.gz	0.0339251
data/genomes/562.100354.fna.gz	0.0247621
data/genomes/562.100355.fna.gz	0.0328183
data/genomes/562.100356.fna.gz	0.0276889
data/genomes/562.100357.fna.gz	0.0343037
data/genomes/562.100358.fna.gz	0.0168219
data/genomes/562.100359.fna.gz	0.0117021
data/genomes/562.100360.fna.gz	0.0137041
data/genomes/562.100361.fna.gz	0.017167
data/genomes/562.100362.fna.gz	0.0167649
data/genomes/562.100363.fna.gz	0.0155026
data/genomes/562.100364.fna.gz	0.0322493
data/genomes/562.100365.fna.gz	0.0128243
data/genomes/562.100366.fna.gz	0.0114152
data/genomes/562.100367.fna.gz	0.0131603
data/genomes/562.100368.fna.gz	0.0124748
data/genomes/562.100369.fna.gz	0.0325535
data/genomes/562.100370.fna.gz	0.015251
data/genomes/562.100371.fna.gz	0.0122697
data/genomes/562.100372.fna.gz	0.0170456
data/genomes/562.100373.fna.gz	0.0119337
data/genomes/562.100374.fna.gz	0.0343261
data/genomes/562.100375.fna.gz	0.0170456
data/genomes/562.100376.fna.gz	0.0109964
data/genomes/562.100377.fna.gz	0.0126725
data/genomes/562.100378.fna.gz	0.00523233
data/genomes/562.100379.fna.gz	0.0115761
data/genomes/562.100380.fna.gz	0.0122048
data/genomes/562.100381.fna.gz	0.00513219
data/genomes/562.100382.fna.gz	0.0120298
data/genomes/562.100383.fna.gz	0.0115044
data/genomes/562.100384.fna.gz	0.032218
data/genomes/562.100385.fna.gz	0.0321036
data/genomes/562.100386.fna.gz	0.0177182
data/genomes/562.100387.fna.gz	0.0126488
data/genomes/562.100388.fna.gz	0.0171265
data/genomes/562.100389.fna.gz	0.015828
data/genomes/562.100390.fna.gz	0.0329036
data/genomes/562.100391.fna.gz	0.0133742
data/genomes/562.100392.fna.gz	0.0115223
data/genomes/562.100393.fna.gz	0.0315792
data/genomes/562.100394.fna.gz	0.0324693
data/genomes/562.100395.fna.gz	0.0325324
data/genomes/562.100396.fna.gz	0.0156647
data/genomes/562.100397.fna.gz	0.0324062
data/genomes/562.100398.fna.gz	0.0122929
data/genomes/562.100399.fna.gz	0.0155188
data/genomes/562.100400.fna.gz	0.0314369
data/genomes/562.100401.fna.gz	0.0170802
data/genomes/562.100402.fna.gz	0.0122511
data/genomes/562.100403.fna.gz	0.0151395
data/genomes/562.100404.fna.gz	0.0117474
data/genomes/562.100405.fna.gz	0.016482
data/genomes/562.100406.fna.gz	0.0118835
data/genomes/562.100407.fna.gz	0.0118335
data/genomes/562.100408.fna.gz	0.000933857
data/genomes/562.100409.fna.gz	0.0332906
data/genomes/562.100410.fna.gz	0.0129629
data/genomes/562.100411.fna.gz	0.0325746
data/genomes/562.100412.fna.gz	0.0334533
data/genomes/562.100413.fna.gz	0.0131797
data/genomes/562.100414.fna.gz	0.0119291
data/genomes/562.100415.fna.gz	0.0121863
data/genomes/562.100416.fna.gz	0.0318351
data/genomes/562.100417.fna.gz	0.0126961
data/genomes/562.100418.fna.gz	0.0133938
data/genomes/562.100419.fna.gz	0.0130541
data/genomes/562.100420.fna.gz	0.0167365
data/genomes/562.100421.fna.gz	0.0129437
data/genomes/562.100422.fna.gz	0.0120803
data/genomes/562.100423.fna.gz	0.013719
data/genomes/562.100424.fna.gz	0.0317324
data/genomes/562.100425.fna.gz	0.016136
data/genomes/562.100426.fna.gz	0.0127625
data/genomes/562.100427.fna.gz	0.0167535
data/genomes/562.100428.fna.gz	0.0111673
data/genomes/562.100429.fna.gz	0.0169766
data/genomes/562.100430.fna.gz	0.0332689
data/genomes/562.100431.fna.gz	0.0103351
data/genomes/562.100432.fna.gz	0.032114
data/genomes/562.100433.fna.gz	0.0319484
data/genomes/562.100434.fna.gz	0.013112
data/genomes/562.100435.fna.gz	0.031356
data/genomes/562.100436.fna.gz	0.013233
data/genomes/562.100437.fna.gz	0.0334316
data/genomes/562.100438.fna.gz	0.0318865
data/genomes/562.100439.fna.gz	0.034416
data/genomes/562.100440.fna.gz	0.0333881
data/genomes/562.100441.fna.gz	0.00414504
data/genomes/562.100442.fna.gz	0.031794
data/genomes/562.100443.fna.gz	0.0160311
data/genomes/562.100444.fna.gz	0.0324587
data/genomes/562.100445.fna.gz	0.0135755
data/genomes/562.100446.fna.gz	0.0336499
data/genomes/562.100447.fna.gz	0.0113174
data/genomes/562.100448.fna.gz	0.0157408
data/genomes/562.100449.fna.gz	0.0170053
data/genomes/562.100450.fna.gz	0.0118972
data/genomes/562.100451.fna.gz	0.00529723
data/genomes/562.100452.fna.gz	0.0315385
data/genomes/562.100453.fna.gz	0.0330964
data/genomes/562.100454.fna.gz	0.0112599
data/genomes/562.100455.fna.gz	0.0126252
data/genomes/562.100456.fna.gz	0.0122697
data/genomes/562.100457.fna.gz	0.00424287
data/genomes/562.100458.fna.gz	0.0117021
data/genomes/562.100459.fna.gz	0.00500059
data/genomes/562.100460.fna.gz	0.0114865
data/genomes/562.100461.fna.gz	0.0133742
data/genomes/562.100462.fna.gz	0.034203
data/genomes/562.100463.fna.gz	0.0117836
data/genomes/562.100464.fna.gz	0.013199
data/genomes/562.100465.fna.gz	0.0120665
data/genomes/562.100466.fna.gz	0.0145902
data/genomes/562.100467.fna.gz	0.011657
data/genomes/562.100468.fna.gz	0.0165948
data/genomes/562.100469.fna.gz	0.0130541
data/genomes/562.100470.fna.gz	0.0126772
data/genomes/562.100471.fna.gz	0.00511609
data/genomes/562.100472.fna.gz	0.0326063
data/genomes/562.100473.fna.gz	0.012915
data/genomes/562.100474.fna.gz	0.0331395
data/genomes/562.100475.fna.gz	0.0172134
data/genomes/562.100476.fna.gz	0.0129389
data/genomes/562.100477.fna.gz	0.0138935
data/genomes/562.100478.fna.gz	0.0335842
data/genomes/562.100479.fna.gz	0.0321972
data/genomes/562.100480.fna.gz	0.0121033
data/genomes/562.100481.fna.gz	0.0329357
data/genomes/562.100482.fna.gz	0.0331825
data/genomes/562.100483.fna.gz	0.0164708
data/genomes/562.100484.fna.gz	0.0406962
data/genomes/562.100485.fna.gz	0.0273375
data/genomes/562.100486.fna.gz	0.0137637
data/genomes/562.100487.fna.gz	0.013141
data/genomes/562.100488.fna.gz	0.016902
data/genomes/562.100489.fna.gz	0.0320933
data/genomes/562.100490.fna.gz	0.0335405
data/genomes/562.100491.fna.gz	0.01192
data/genomes/562.100492.fna.gz	0.0324167
data/genomes/562.100493.fna.gz	0.033161
data/genomes/562.100494.fna.gz	0.0133693
data/genomes/562.100495.fna.gz	0.0320829
data/genomes/562.100496.fna.gz	0.0120941
data/genomes/562.100497.fna.gz	0.0168448
data/genomes/562.100498.fna.gz	0.0129341
data/genomes/562.100499.fna.gz	0.0122141
data/genomes/562.100500.fna.gz	0.0116435
data/genomes/562.100501.fna.gz	0.0170687
data/genomes/562.100502.fna.gz	0.0315588
data/genomes/562.100503.fna.gz	0.0251526
data/genomes/562.100504.fna.gz	0.0326168
data/genomes/562.100505.fna.gz	0.0127103
data/genomes/562.100506.fna.gz	0.0327333
data/genomes/562.100507.fna.gz	0.0328077
data/genomes/562.100508.fna.gz	0.0322389
data/genomes/562.100509.fna.gz	0.0335296
data/genomes/562.100510.fna.gz	0.0171496
data/genomes/562.100511.fna.gz	0.0322598
data/genomes/562.100512.fna.gz	0.0129437
data/genomes/562.100513.fna.gz	0.0134085
data/genomes/562.100514.fna.gz	0.0251687
data/genomes/562.100515.fna.gz	0.0317017
data/genomes/562.100516.fna.gz	0.0315487
data/genomes/562.100517.fna.gz	0.0129629
data/genomes/562.100518.fna.gz	0.0133449
data/genomes/562.100519.fna.gz	0.0126536
data/genomes/562.100520.fna.gz	0.0113352
data/genomes/562.100521.fna.gz	0.0338478
data/genomes/562.100522.fna.gz	0.011879
data/genomes/562.100523.fna.gz	0.0312651
data/genomes/562.100524.fna.gz	0.0132184
data/genomes/562.100525.fna.gz	0.0342142
data/genomes/562.100526.fna.gz	0.0172832
data/genomes/562.100527.fna.gz	0.0161804
data/genomes/562.100528.fna.gz	0.013233
data/genomes/562.100529.fna.gz	0.0163531
data/genomes/562.100530.fna.gz	0.0311044
data/genomes/562.100531.fna.gz	0.0318968
data/genomes/562.100532.fna.gz	0.0347783
data/genomes/562.100533.fna.gz	0.0171322
data/genomes/562.100534.fna.gz	0.032861
data/genomes/562.100535.fna.gz	0.0121448
data/genomes/562.100536.fna.gz	0.0150707
data/genomes/562.100537.fna.gz	0.0131216
data/genomes/562.100538.fna.gz	0.0154113
data/genomes/562.100539.fna.gz	0.0124842
data/genomes/562.100540.fna.gz	0.032861
data/genomes/562.100541.fna.gz	0.01602
data/genomes/562.100542.fna.gz	0.0134329
data/genomes/562.100543.fna.gz	0.0329036
data/genomes/562.100544.fna.gz	0.0317529
data/genomes/562.100545.fna.gz	0.0272678
data/genomes/562.100546.fna.gz	0.0321972
data/genomes/562.100547.fna.gz	0.0342142
data/genomes/562.100548.fna.gz	0.0128195
data/genomes/562.100549.fna.gz	0.0176175
data/genomes/562.100550.fna.gz	0.0117202
data/genomes/562.100551.fna.gz	0.0124607
data/genomes/562.100552.fna.gz	0.0129964
data/genomes/562.100553.fna.gz	0.0138935
data/genomes/562.100554.fna.gz	0.0168505
data/genomes/562.100555.fna.gz	0.0173941
data/genomes/562.100556.fna.gz	0.0324482
data/genomes/562.100557.fna.gz	0.0110051
data/genomes/562.100558.fna.gz	0.0318453
data/genomes/562.100559.fna.gz	0.0334533
data/genomes/562.100560.fna.gz	0.0141756
data/genomes/562.100561.fna.gz	0.0311144
data/genomes/562.100562.fna.gz	0.0126064
data/genomes/562.100563.fna.gz	0.0144152
data/genomes/562.100564.fna.gz	0.0335405
data/genomes/562.100565.fna.gz	0.0179508
data/genomes/562.100566.fna.gz	0.0163754
data/genomes/562.100567.fna.gz	0.0327758
data/genomes/562.100568.fna.gz	0.0248016
data/genomes/562.100569.fna.gz	0.0122836
data/genomes/562.100570.fna.gz	0.0320725
data/genomes/562.100571.fna.gz	0.015987
data/genomes/562.100572.fna.gz	0.0109876
data/genomes/562.100573.fna.gz	0.0111277
data/genomes/562.100574.fna.gz	0.0324062
data/genomes/562.100575.fna.gz	0.0116435
data/genomes/562.100576.fna.gz	0.0142467
data/genomes/562.100577.fna.gz	0.0126961
data/genomes/562.100578.fna.gz	0.0129198
data/genomes/562.100579.fna.gz	0.0135508
data/genomes/562.100580.fna.gz	0.0124467
data/genomes/562.100581.fna.gz	0.0114241
data/genomes/562.100582.fna.gz	0.0128148
data/genomes/562.100583.fna.gz	0.0169651
data/genomes/562.100584.fna.gz	0.0129341
data/genomes/562.100585.fna.gz	0.0141604
data/genomes/562.100586.fna.gz	0.0147874
data/genomes/562.100587.fna.gz	0.0162749
data/genomes/562.100588.fna.gz	0.0124046
data/genomes/562.100589.fna.gz	0.0137986
data/genomes/562.100590.fna.gz	0.0132427
data/genomes/562.100591.fna.gz	0.0122141
data/genomes/562.100592.fna.gz	0.0288636
data/genomes/562.100593.fna.gz	0.0125734
data/genomes/562.100594.fna.gz	0.0120941
data/genomes/562.100595.fna.gz	0.0130253
data/genomes/562.100596.fna.gz	0.0127198
data/genomes/562.100597.fna.gz	0.01177
data/genomes/562.100598.fna.gz	0.011639
data/genomes/562.100599.fna.gz	0.0110226
data/genomes/562.100600.fna.gz	0.0132573
data/genomes/562.100601.fna.gz	0.00509357
data/genomes/562.100602.fna.gz	0.00522262
data/genomes/562.100603.fna.gz	0.0337377
data/genomes/562.100604.fna.gz	0.0132281
data/genomes/562.100605.fna.gz	0.0170514
data/genomes/562.100606.fna.gz	0.0134085
data/genomes/562.100607.fna.gz	0.0132719
data/genomes/562.100608.fna.gz	0.0118699
data/genomes/562.100609.fna.gz	0.0139235
data/genomes/562.100610.fna.gz	0.0131071
data/genomes/562.100611.fna.gz	0.0121448
data/genomes/562.100612.fna.gz	0.034036
data/genomes/562.100613.fna.gz	0.0322702
data/genomes/562.100614.fna.gz	0.0337267
data/genomes/562.100615.fna.gz	0.0325113
data/genomes/562.100616.fna.gz	0.0283694
data/genomes/562.100617.fna.gz	0.0160145
data/genomes/562.100618.fna.gz	0.0324062
data/genomes/562.100619.fna.gz	0.0144306
data/genomes/562.100620.fna.gz	0.0151342
data/genomes/562.100621.fna.gz	0.0125593
data/genomes/562.100622.fna.gz	0.0165665
data/genomes/562.100623.fna.gz	0.0128624
data/genomes/562.100624.fna.gz	0.0128529
data/genomes/562.100625.fna.gz	0.0332797
data/genomes/562.100626.fna.gz	0.0329999
data/genomes/562.100627.fna.gz	0.012265
data/genomes/562.100628.fna.gz	0.0324798
data/genomes/562.100629.fna.gz	0.0110663
data/genomes/562.100630.fna.gz	0.031356
data/genomes/562.100631.fna.gz	0.015465
data/genomes/562.100632.fna.gz	0.0170514
data/genomes/562.100633.fna.gz	0.0112599
data/genomes/562.100634.fna.gz	0.0122233
data/genomes/562.100635.fna.gz	0.0118608
data/genomes/562.100636.fna.gz	0.0140089
data/genomes/562.100637.fna.gz	0.0123394
data/genomes/562.100638.fna.gz	0.0154811
data/genomes/562.100639.fna.gz	0.0127245
data/genomes/562.100640.fna.gz	0.0139586
data/genomes/562.100641.fna.gz	0.0119657
data/genomes/562.100642.fna.gz	0.0134722
data/genomes/562.100643.fna.gz	0.033161
data/genomes/562.100644.fna.gz	0.032564
data/genomes/562.100645.fna.gz	0.0134624
data/genomes/562.100646.fna.gz	0.0327015
data/genomes/562.100647.fna.gz	0.0103562
data/genomes/562.100648.fna.gz	0.0132719
data/genomes/562.100649.fna.gz	0.00761458
data/genomes/562.100650.fna.gz	0.0322702
data/genomes/562.100651.fna.gz	0.0328396
data/genomes/562.100652.fna.gz	0.0121079
data/genomes/562.100653.fna.gz	0.0175526
data/genomes/562.100654.fna.gz	0.0119703
data/genomes/562.100655.fna.gz	0.0325219
data/genomes/562.100656.fna.gz	0.032564
data/genomes/562.100657.fna.gz	0.0124046
data/genomes/562.100658.fna.gz	0.011984
data/genomes/562.100659.fna.gz	0.0162026
data/genomes/562.100660.fna.gz	0.0127388
data/genomes/562.100661.fna.gz	0.0320933
data/genomes/562.100662.fna.gz	0.0317837
data/genomes/562.100663.fna.gz	0.0321036
data/genomes/562.100664.fna.gz	0.0248254
data/genomes/562.100665.fna.gz	0.0165835
data/genomes/562.100666.fna.gz	0.0169766
data/genomes/562.100667.fna.gz	0.013199
data/genomes/562.100668.fna.gz	0.0125123
data/genomes/562.100669.fna.gz	0.0319794
data/genomes/562.100670.fna.gz	0.0119657
data/genomes/562.100671.fna.gz	0.0331179
data/genomes/562.100672.fna.gz	0.0322911
data/genomes/562.100673.fna.gz	0.0126441
data/genomes/562.100674.fna.gz	0.0327439
data/genomes/562.100675.fna.gz	0.0322389
data/genomes/562.100676.fna.gz	0.016136
data/genomes/562.100677.fna.gz	0.0128005
data/genomes/562.100678.fna.gz	0.0168276
data/genomes/562.100679.fna.gz	0.0313357
data/genomes/562.100680.fna.gz	0.0166457
data/genomes/562.100681.fna.gz	0.0324062
data/genomes/562.100682.fna.gz	0.0335952
data/genomes/562.100683.fna.gz	0.0313661
data/genomes/562.100684.fna.gz	0.0128148
data/genomes/562.100685.fna.gz	0.00487629
data/genomes/562.100686.fna.gz	0.0330964
data/genomes/562.100687.fna.gz	0.0122836
data/genomes/562.100688.fna.gz	0.0168505
data/genomes/562.100689.fna.gz	0.02416
data/genomes/562.100690.fna.gz	0.033628
data/genomes/562.100691.fna.gz	0.012791
data/genomes/562.100692.fna.gz	0.0147509
data/genomes/562.100693.fna.gz	0.0318659
data/genomes/562.100694.fna.gz	0.0328077
data/genomes/562.100695.fna.gz	0.0329677
data/genomes/562.100696.fna.gz	0.0122697
data/genomes/562.100697.fna.gz	0.0318453
data/genomes/562.100698.fna.gz	0.032829
data/genomes/562.100699.fna.gz	0.0123953
data/genomes/562.100700.fna.gz	0.0309048
data/genomes/562.100701.fna.gz	0.0122141
data/genomes/562.100702.fna.gz	0.012915
data/genomes/562.100703.fna.gz	0.0334207
data/genomes/562.100704.fna.gz	0.0136298
data/genomes/562.100705.fna.gz	0.0315996
data/genomes/562.100706.fna.gz	0.0331825
data/genomes/562.100707.fna.gz	0.0181131
data/genomes/562.100708.fna.gz	0.0141249
data/genomes/562.100709.fna.gz	0.0139837
data/genomes/562.100710.fna.gz	0.00348094
data/genomes/562.100711.fna.gz	0.0148605
data/genomes/562.100712.fna.gz	0.0113396
data/genomes/562.100713.fna.gz	0.0337817
data/genomes/562.100714.fna.gz	0.0255084
data/genomes/562.100715.fna.gz	0.0140542
data/genomes/562.100716.fna.gz	0.0125969
data/genomes/562.100717.fna.gz	0.0117021
data/genomes/562.100718.fna.gz	0.0121079
data/genomes/562.100719.fna.gz	0.0168905
data/genomes/562.100720.fna.gz	0.0334316
data/genomes/562.100721.fna.gz	0.0293763
data/genomes/562.100722.fna.gz	0.0129006
data/genomes/562.100723.fna.gz	0.00627198
data/genomes/562.100724.fna.gz	0.0341584
data/genomes/562.100725.fna.gz	0.0118471
data/genomes/562.100726.fna.gz	0.0137091
data/genomes/562.100727.fna.gz	0.011282
data/genomes/562.100728.fna.gz	0.0310844
data/genomes/562.100729.fna.gz	0.016009
data/genomes/562.100730.fna.gz	0.0121448
data/genomes/562.100731.fna.gz	0.0144408
data/genomes/562.100732.fna.gz	0.01177
data/genomes/562.100733.fna.gz	0.0114508
data/genomes/562.100734.fna.gz	0.0319897
data/genomes/562.100735.fna.gz	0.0113796
data/genomes/562.100736.fna.gz	0.0128959
data/genomes/562.100737.fna.gz	0.013083
data/genomes/562.100738.fna.gz	0.0305785
data/genomes/562.100739.fna.gz	0.0121494
data/genomes/562.100740.fna.gz	0.0123813
data/genomes/562.100741.fna.gz	0.0134182
data/genomes/562.100742.fna.gz	0.0166344
data/genomes/562.100743.fna.gz	0.0131071
data/genomes/562.100744.fna.gz	0.0308055
data/genomes/562.100745.fna.gz	0.0155565
data/genomes/562.100746.fna.gz	0.025419
data/genomes/562.100747.fna.gz	0.0170572
data/genomes/562.100748.fna.gz	0.0118017
data/genomes/562.100749.fna.gz	0.0108876
data/genomes/562.100750.fna.gz	0.0323538
data/genomes/562.100751.fna.gz	0.017289
data/genomes/562.100752.fna.gz	0.0310544
data/genomes/562.100753.fna.gz	0.0132621
data/genomes/562.100754.fna.gz	0.0115044
data/genomes/562.100755.fna.gz	0.0172366
data/genomes/562.100756.fna.gz	0.0128529
data/genomes/562.100757.fna.gz	0.0135164
data/genomes/562.100758.fna.gz	0.0327439
data/genomes/562.100759.fna.gz	0.0123161
data/genomes/562.100760.fna.gz	0.0124701
data/genomes/562.100761.fna.gz	0.0167081
data/genomes/562.100762.fna.gz	0.0328396
data/genomes/562.100763.fna.gz	0.0128672
data/genomes/562.100764.fna.gz	0.0156539
data/genomes/562.100765.fna.gz	0.0117609
data/genomes/562.100766.fna.gz	0.0152138
data/genomes/562.100767.fna.gz	0.0125217
data/genomes/562.100768.fna.gz	0.0319794
data/genomes/562.100769.fna.gz	0.0128911
data/genomes/562.100770.fna.gz	0.0127056
data/genomes/562.100771.fna.gz	0.0119063
data/genomes/562.100772.fna.gz	0.0345287
data/genomes/562.100773.fna.gz	0.0324062
data/genomes/562.100774.fna.gz	0.0322493
data/genomes/562.100775.fna.gz	0.0284785
data/genomes/562.100776.fna.gz	0.00722837
data/genomes/562.100777.fna.gz	0.0106073
data/genomes/562.100778.fna.gz	0.0316098
data/genomes/562.100779.fna.gz	0.0131458
data/genomes/562.100780.fna.gz	0.00463651
data/genomes/562.100781.fna.gz	0.0121402
data/genomes/562.100782.fna.gz	0.00753377
data/genomes/562.100783.fna.gz	0.0342589
data/genomes/562.100784.fna.gz	0.0138785
data/genomes/562.100785.fna.gz	0.00486359
data/genomes/562.100786.fna.gz	0.0258032
data/genomes/562.100787.fna.gz	0.0114018
data/genomes/562.100788.fna.gz	0.0122929
data/genomes/562.100789.fna.gz	0.0119565
data/genomes/562.100790.fna.gz	0.0282789
data/genomes/562.100791.fna.gz	0.0137637
data/genomes/562.100792.fna.gz	0.0120482
data/genomes/562.100793.fna.gz	0.0163195
data/genomes/562.100794.fna.gz	0.0152244
data/genomes/562.100795.fna.gz	0.0252815
data/genomes/562.100796.fna.gz	0.0130205
data/genomes/562.100797.fna.gz	0.0117655
data/genomes/562.100798.fna.gz	0.0132864
data/genomes/562.100799.fna.gz	0.0121494
data/genomes/562.100800.fna.gz	0.02948
data/genomes/562.100801.fna.gz	0.0151342
data/genomes/562.100802.fna.gz	0.016623
data/genomes/562.100803.fna.gz	0.0174468
data/genomes/562.100804.fna.gz	0.0118972
data/genomes/562.100805.fna.gz	0.0157571
data/genomes/562.100806.fna.gz	0.0316813
data/genomes/562.100807.fna.gz	0.0153363
data/genomes/562.100808.fna.gz	0.0120757
data/genomes/562.100809.fna.gz	0.0333881
data/genomes/562.100810.fna.gz	0.0172018
data/genomes/562.100811.fna.gz	0.0315792
data/genomes/562.100812.fna.gz	0.0127151
data/genomes/562.100813.fna.gz	0.0112025
data/genomes/562.100814.fna.gz	0.0121125
data/genomes/562.100815.fna.gz	0.0123254
data/genomes/562.100816.fna.gz	0.0107664
data/genomes/562.100817.fna.gz	0.0320104
data/genomes/562.100818.fna.gz	0.0315588
data/genomes/562.100819.fna.gz	0.0333014
data/genomes/562.100820.fna.gz	0.0147301
data/genomes/562.100821.fna.gz	0.0281617
data/genomes/562.100822.fna.gz	0.0164933
data/genomes/562.100823.fna.gz	0.0141604
data/genomes/562.100824.fna.gz	0.0118972
data/genomes/562.100825.fna.gz	0.0169766
data/genomes/562.100826.fna.gz	0.0314268
data/genomes/562.100827.fna.gz	0.0116841
data/genomes/562.100828.fna.gz	0.0118927
data/genomes/562.100829.fna.gz	0.0137687
data/genomes/562.100830.fna.gz	0.0114597
data/genomes/562.100831.fna.gz	0.0327758
data/genomes/562.100832.fna.gz	0.0118653
data/genomes/562.100833.fna.gz	0.0116796
data/genomes/562.100834.fna.gz	0.0143589
data/genomes/562.100835.fna.gz	0.0119977
data/genomes/562.100836.fna.gz	0.0318865
data/genomes/562.100837.fna.gz	0.0316404
data/genomes/562.100838.fna.gz	0.0167308
data/genomes/562.100839.fna.gz	0.0119291
data/genomes/562.100840.fna.gz	0.0319381
data/genomes/562.100841.fna.gz	0.0116075
data/genomes/562.100842.fna.gz	0.0325429
data/genomes/562.100843.fna.gz	0.0171438
data/genomes/562.100844.fna.gz	0.0324482
data/genomes/562.100845.fna.gz	0.0150127
data/genomes/562.100846.fna.gz	0.0317632
data/genomes/562.100847.fna.gz	0.0132962
data/genomes/562.100848.fna.gz	0.0320829
data/genomes/562.100849.fna.gz	0.0128053
data/genomes/562.100850.fna.gz	0.0117474
data/genomes/562.100851.fna.gz	0.0122419
data/genomes/562.100852.fna.gz	0.0328716
data/genomes/562.100853.fna.gz	0.0135755
data/genomes/562.100854.fna.gz	0.0126488
data/genomes/562.100855.fna.gz	0.0164989
data/genomes/562.100856.fna.gz	0.0326486
data/genomes/562.100857.fna.gz	0.0324693
data/genomes/562.100858.fna.gz	0.0325324
data/genomes/562.100859.fna.gz	0.0324587
data/genomes/562.100860.fna.gz	0.0135016
data/genomes/562.100861.fna.gz	0.031712
data/genomes/562.100862.fna.gz	0.0144306
data/genomes/562.100863.fna.gz	0.0172657
data/genomes/562.100864.fna.gz	0.0323958
data/genomes/562.100865.fna.gz	0.0122419
data/genomes/562.100866.fna.gz	0.0121586
data/genomes/562.100867.fna.gz	0.0123347
data/genomes/562.100868.fna.gz	0.0326909
data/genomes/562.100869.fna.gz	0.0136645
data/genomes/562.100870.fna.gz	0.0150074
data/genomes/562.100871.fna.gz	0.0133157
data/genomes/562.100872.fna.gz	0.0276094
data/genomes/562.100873.fna.gz	0.014029
data/genomes/562.100874.fna.gz	0.0128053
data/genomes/562.100875.fna.gz	0.0126252
data/genomes/562.100876.fna.gz	0.0333664
data/genomes/562.100877.fna.gz	0.0323853
data/genomes/562.100878.fna.gz	0.0135952
data/genomes/562.100879.fna.gz	0.0116075
data/genomes/562.100880.fna.gz	0.0323329
data/genomes/562.100881.fna.gz	0.0144716
data/genomes/562.100882.fna.gz	0.0139235
data/genomes/562.100883.fna.gz	0.0120115
data/genomes/562.100884.fna.gz	0.0313964
data/genomes/562.100885.fna.gz	0.0132476
data/genomes/562.100886.fna.gz	0.0182888
data/genomes/562.100887.fna.gz	0.0129293
data/genomes/562.100888.fna.gz	0.0121632
data/genomes/562.100889.fna.gz	0.0313257
data/genomes/562.100890.fna.gz	0.0136298
data/genomes/562.100891.fna.gz	0.0124935
data/genomes/562.100892.fna.gz	0.0342589
data/genomes/562.100893.fna.gz	0.0327546
data/genomes/562.100894.fna.gz	0.00714559
data/genomes/562.100895.fna.gz	0.0122233
data/genomes/562.100896.fna.gz	0.0117791
data/genomes/562.100897.fna.gz	0.0124093
data/genomes/562.100898.fna.gz	0.0339362
data/genomes/562.100899.fna.gz	0.0337157
data/genomes/562.100900.fna.gz	0.0133352
data/genomes/562.100901.fna.gz	0.0128672
data/genomes/562.100902.fna.gz	0.0325746
data/genomes/562.100903.fna.gz	0.013233
data/genomes/562.100904.fna.gz	0.0330857
data/genomes/562.100905.fna.gz	0.00535584
data/genomes/562.100906.fna.gz	0.0131555
data/genomes/562.100907.fna.gz	0.0336718
data/genomes/562.100908.fna.gz	0.0130782
data/genomes/562.100909.fna.gz	0.0316302
data/genomes/562.100910.fna.gz	0.0330427
data/genomes/562.100911.fna.gz	0.0142823
data/genomes/562.100912.fna.gz	0.0339583
data/genomes/562.100913.fna.gz	0.0341584
data/genomes/562.100914.fna.gz	0.0140039
data/genomes/562.100915.fna.gz	0.0120298
data/genomes/562.100916.fna.gz	0.0326697
data/genomes/562.100917.fna.gz	0.0170976
data/genomes/562.100918.fna.gz	0.0110226
data/genomes/562.100919.fna.gz	0.00571484
data/genomes/562.100920.fna.gz	0.0323643
data/genomes/562.100921.fna.gz	0.0168905
data/genomes/562.100922.fna.gz	0.00513219
data/genomes/562.100923.fna.gz	0.0125593
data/genomes/562.100924.fna.gz	0.0321972
data/genomes/562.100925.fna.gz	0.016691
data/genomes/562.100926.fna.gz	0.0330749
data/genomes/562.100927.fna.gz	0.00497183
data/genomes/562.100928.fna.gz	0.0331718
data/genomes/562.100929.fna.gz	0.0322389
data/genomes/562.100930.fna.gz	0.00544084
data/genomes/562.100931.fna.gz	0.0119291
data/genomes/562.100932.fna.gz	0.0121448
data/genomes/562.100933.fna.gz	0.0119383
data/genomes/562.100934.fna.gz	0.0128291
data/genomes/562.100935.fna.gz	0.0131797
data/genomes/562.100936.fna.gz	0.012663
data/genomes/562.100937.fna.gz	0.0326697
data/genomes/562.100938.fna.gz	0.0126536
data/genomes/562.100939.fna.gz	0.0140895
data/genomes/562.100940.fna.gz	0.0115402
data/genomes/562.100941.fna.gz	0.0167535
data/genomes/562.100942.fna.gz	0.0116976
data/genomes/562.100943.fna.gz	0.0122326
data/genomes/562.100944.fna.gz	0.0337487
data/genomes/562.100945.fna.gz	0.0112776
data/genomes/562.100946.fna.gz	0.0323853
data/genomes/562.100947.fna.gz	0.0340249
data/genomes/562.100948.fna.gz	0.0165665
data/genomes/562.100949.fna.gz	0.0131216
data/genomes/562.100950.fna.gz	0.0123953
data/genomes/562.100951.fna.gz	0.0397669
data/genomes/562.100952.fna.gz	0.015954
data/genomes/562.100953.fna.gz	0.0330535
data/genomes/562.100954.fna.gz	0.012428
data/genomes/562.100955.fna.gz	0.012915
data/genomes/562.100956.fna.gz	0.014024
data/genomes/562.100957.fna.gz	0.0340693
data/genomes/562.100958.fna.gz	0.0117609
data/genomes/562.100959.fna.gz	0.0334533
data/genomes/562.100960.fna.gz	0.014029
data/genomes/562.100961.fna.gz	0.0315894
data/genomes/562.100962.fna.gz	0.0321868
data/genomes/562.100963.fna.gz	0.0336937
data/genomes/562.100964.fna.gz	0.0127767
data/genomes/562.100965.fna.gz	0.0166457
data/genomes/562.11346.fna.gz	0.0161804
data/genomes/562.11347.fna.gz	0.0337597
data/genomes/562.11349.fna.gz	0.033323
data/genomes/562.11557.fna.gz	0.034881
data/genomes/562.12959.fna.gz	0.0181131
data/genomes/562.12960.fna.gz	0.0341695
data/genomes/562.12961.fna.gz	0.186761
data/genomes/562.12962.fna.gz	0.17663
data/genomes/562.13502.fna.gz	0.0343037
data/genomes/562.135559.fna.gz	0.0342813
data/genomes/562.135560.fna.gz	0.034036
data/genomes/562.135561.fna.gz	0.0333339
data/genomes/562.135562.fna.gz	0.0329677
data/genomes/562.135563.fna.gz	0.0170918
data/genomes/562.135564.fna.gz	0.0327971
data/genomes/562.135565.fna.gz	0.0348468
data/genomes/562.135567.fna.gz	0.0347555
data/genomes/562.135568.fna.gz	0.0345627
data/genomes/562.135569.fna.gz	0.033892
data/genomes/562.135570.fna.gz	0.0328716
data/genomes/562.135571.fna.gz	0.0346306
data/genomes/562.135572.fna.gz	0.0336499
data/genomes/562.135573.fna.gz	0.0346873
data/genomes/562.135574.fna.gz	0.0298127
data/genomes/562.135575.fna.gz	0.0339694
data/genomes/562.135576.fna.gz	0.0349268
data/genomes/562.135577.fna.gz	0.0347442
data/genomes/562.135578.fna.gz	0.034676
data/genomes/562.135579.fna.gz	0.0340693
data/genomes/562.135580.fna.gz	0.0338588
data/genomes/562.135581.fna.gz	0.0339694
data/genomes/562.135582.fna.gz	0.0340027
data/genomes/562.135583.fna.gz	0.0328396
data/genomes/562.135584.fna.gz	0.0327652
data/genomes/562.135585.fna.gz	0.0330106
data/genomes/562.135586.fna.gz	0.0344723
data/genomes/562.135587.fna.gz	0.0348582
data/genomes/562.135588.fna.gz	0.0171207
data/genomes/562.135589.fna.gz	0.0329143
data/genomes/562.135590.fna.gz	0.0329571
data/genomes/562.135591.fna.gz	0.0344273
data/genomes/562.135592.fna.gz	0.0330749
data/genomes/562.135593.fna.gz	0.0336061
data/genomes/562.135594.fna.gz	0.0326486
data/genomes/562.13671.fna.gz	0.0336608
data/genomes/562.140824.fna.gz	0.0167137
data/genomes/562.140825.fna.gz	0.0167194
data/genomes/562.140826.fna.gz	0.0166797
data/genomes/562.140827.fna.gz	0.0167422
data/genomes/562.140828.fna.gz	0.016674
data/genomes/562.140829.fna.gz	0.0167308
data/genomes/562.140830.fna.gz	0.016691
data/genomes/562.140831.fna.gz	0.016674
data/genomes/562.140832.fna.gz	0.01664
data/genomes/562.140833.fna.gz	0.016674
data/genomes/562.140834.fna.gz	0.0166627
data/genomes/562.140835.fna.gz	0.0166627
data/genomes/562.140836.fna.gz	0.0166683
data/genomes/562.140837.fna.gz	0.0166683
data/genomes/562.140838.fna.gz	0.0166683
data/genomes/562.140839.fna.gz	0.016657
data/genomes/562.140840.fna.gz	0.0166967
data/genomes/562.140841.fna.gz	0.0166627
data/genomes/562.140842.fna.gz	0.0166683
data/genomes/562.140843.fna.gz	0.0166797
data/genomes/562.140844.fna.gz	0.0166627
data/genomes/562.140845.fna.gz	0.0166683
data/genomes/562.140846.fna.gz	0.0166627
data/genomes/562.140847.fna.gz	0.016674
data/genomes/562.140848.fna.gz	0.0164595
data/genomes/562.140849.fna.gz	0.0167194
data/genomes/562.140850.fna.gz	0.0166627
data/genomes/562.140851.fna.gz	0.0167194
data/genomes/562.140852.fna.gz	0.0167649
data/genomes/562.140853.fna.gz	0.0167251
data/genomes/562.140854.fna.gz	0.0167592
data/genomes/562.140855.fna.gz	0.0167649
data/genomes/562.140856.fna.gz	0.0166854
data/genomes/562.140857.fna.gz	0.0167592
data/genomes/562.140858.fna.gz	0.0168162
data/genomes/562.140859.fna.gz	0.0167763
data/genomes/562.140860.fna.gz	0.0169364
data/genomes/562.140861.fna.gz	0.0166683
data/genomes/562.140862.fna.gz	0.0175467
data/genomes/562.140863.fna.gz	0.0167877
data/genomes/562.140864.fna.gz	0.017138
data/genomes/562.140865.fna.gz	0.0171322
data/genomes/562.140866.fna.gz	0.0171612
data/genomes/562.140867.fna.gz	0.0170341
data/genomes/562.140868.fna.gz	0.0170168
data/genomes/562.140869.fna.gz	0.0170341
data/genomes/562.140870.fna.gz	0.0171265
data/genomes/562.140871.fna.gz	0.0175939
data/genomes/562.140872.fna.gz	0.0175467
data/genomes/562.140873.fna.gz	0.0169996
data/genomes/562.140874.fna.gz	0.0172308
data/genomes/562.140875.fna.gz	0.0170976
data/genomes/562.140876.fna.gz	0.017289
data/genomes/562.140877.fna.gz	0.0324587
data/genomes/562.140878.fna.gz	0.0172192
data/genomes/562.140879.fna.gz	0.0173473
data/genomes/562.140880.fna.gz	0.0172715
data/genomes/562.140881.fna.gz	0.0170745
data/genomes/562.140882.fna.gz	0.0171207
data/genomes/562.140883.fna.gz	0.0170976
data/genomes/562.140884.fna.gz	0.0171438
data/genomes/562.140885.fna.gz	0.0171438
data/genomes/562.140886.fna.gz	0.0171265
data/genomes/562.140887.fna.gz	0.0171265
data/genomes/562.140888.fna.gz	0.0171322
data/genomes/562.140889.fna.gz	0.0171149
data/genomes/562.140890.fna.gz	0.0168448
data/genomes/562.140891.fna.gz	0.0168276
data/genomes/562.140892.fna.gz	0.0167877
data/genomes/562.140893.fna.gz	0.0167934
data/genomes/562.140894.fna.gz	0.0167024
data/genomes/562.140895.fna.gz	0.0168162
data/genomes/562.140896.fna.gz	0.0168334
data/genomes/562.140897.fna.gz	0.0168276
data/genomes/562.140898.fna.gz	0.0325851
data/genomes/562.140899.fna.gz	0.0168905
data/genomes/562.140900.fna.gz	0.0167194
data/genomes/562.140901.fna.gz	0.0322285
data/genomes/562.140902.fna.gz	0.0322702
data/genomes/562.140903.fna.gz	0.0167081
data/genomes/562.140904.fna.gz	0.0119977
data/genomes/562.140905.fna.gz	0.0166004
data/genomes/562.140906.fna.gz	0.0167649
data/genomes/562.140907.fna.gz	0.0321868
data/genomes/562.140908.fna.gz	0.0323643
data/genomes/562.140909.fna.gz	0.0323853
data/genomes/562.140910.fna.gz	0.0168276
data/genomes/562.140911.fna.gz	0.0172134
data/genomes/562.140912.fna.gz	0.0172018
data/genomes/562.140913.fna.gz	0.0171786
data/genomes/562.140914.fna.gz	0.0171786
data/genomes/562.140915.fna.gz	0.0172018
data/genomes/562.140918.fna.gz	0.0171265
data/genomes/562.140919.fna.gz	0.0322598
data/genomes/562.140964.fna.gz	0.0119611
data/genomes/562.144150.fna.gz	0.0338809
data/genomes/562.144151.fna.gz	0.0810057
data/genomes/562.144155.fna.gz	0.0335405
data/genomes/562.144156.fna.gz	0.0338809
data/genomes/562.144157.fna.gz	0.0316608
data/genomes/562.144158.fna.gz	0.0334207
data/genomes/562.144160.fna.gz	0.0308253
data/genomes/562.144161.fna.gz	0.0339141
data/genomes/562.144162.fna.gz	0.0171844
data/genomes/562.144163.fna.gz	0.017867
data/genomes/562.144164.fna.gz	0.0329571
data/genomes/562.144165.fna.gz	0.0118881
data/genomes/562.144166.fna.gz	0.0310844
data/genomes/562.144167.fna.gz	0.0285514
data/genomes/562.144168.fna.gz	0.0177716
data/genomes/562.144171.fna.gz	0.0322806
data/genomes/562.144172.fna.gz	0.0327864
data/genomes/562.144173.fna.gz	0.0348353
data/genomes/562.144174.fna.gz	0.0105006
data/genomes/562.144175.fna.gz	0.0335405
data/genomes/562.144177.fna.gz	0.0321868
data/genomes/562.144178.fna.gz	0.0165271
data/genomes/562.144182.fna.gz	0.03471
data/genomes/562.144183.fna.gz	0.010706
data/genomes/562.144185.fna.gz	0.0151554
data/genomes/562.144186.fna.gz	0.033892
data/genomes/562.144187.fna.gz	0.031356
data/genomes/562.144188.fna.gz	0.0308353
data/genomes/562.144190.fna.gz	0.0126111
data/genomes/562.144191.fna.gz	0.0133059
data/genomes/562.144193.fna.gz	0.0169077
data/genomes/562.144194.fna.gz	0.0346873
data/genomes/562.144195.fna.gz	0.0359522
data/genomes/562.144196.fna.gz	0.012154
data/genomes/562.144198.fna.gz	0.0341138
data/genomes/562.144199.fna.gz	0.0318453
data/genomes/562.144200.fna.gz	0.0335187
data/genomes/562.144202.fna.gz	0.0336608
data/genomes/562.144204.fna.gz	0.0312249
data/genomes/562.144205.fna.gz	0.0159815
data/genomes/562.144206.fna.gz	0.00506787
data/genomes/562.144209.fna.gz	0.0167649
data/genomes/562.144211.fna.gz	0.0318351
data/genomes/562.144212.fna.gz	0.0344611
data/genomes/562.144213.fna.gz	0.0175703
data/genomes/562.144214.fna.gz	0.03162
data/genomes/562.144215.fna.gz	0.0318968
data/genomes/562.144216.fna.gz	0.0153257
data/genomes/562.144217.fna.gz	0.0344949
data/genomes/562.144218.fna.gz	0.0347555
data/genomes/562.144219.fna.gz	0.0178849
data/genomes/562.144221.fna.gz	0.0820096
data/genomes/562.144222.fna.gz	0.0281437
data/genomes/562.144223.fna.gz	0.0325219
data/genomes/562.144224.fna.gz	0.0319484
data/genomes/562.144225.fna.gz	0.0344273
data/genomes/562.144227.fna.gz	0.0338037
data/genomes/562.144228.fna.gz	0.0341138
data/genomes/562.144230.fna.gz	0.0151978
data/genomes/562.144231.fna.gz	0.0339916
data/genomes/562.144232.fna.gz	0.0112599
data/genomes/562.144233.fna.gz	0.0335296
data/genomes/562.144234.fna.gz	0.0353187
data/genomes/562.144235.fna.gz	0.0355986
data/genomes/562.144236.fna.gz	0.017138
data/genomes/562.144237.fna.gz	0.0321868
data/genomes/562.144238.fna.gz	0.0345287
data/genomes/562.144239.fna.gz	0.0344611
data/genomes/562.144240.fna.gz	0.0334098
data/genomes/562.144241.fna.gz	0.0311345
data/genomes/562.144242.fna.gz	0.0124373
data/genomes/562.144243.fna.gz	0.017861
data/genomes/562.144244.fna.gz	0.0335842
data/genomes/562.144246.fna.gz	0.0131555
data/genomes/562.144247.fna.gz	0.0353187
data/genomes/562.144248.fna.gz	0.0129102
data/genomes/562.144249.fna.gz	0.031794
data/genomes/562.144250.fna.gz	0.0311545
data/genomes/562.144252.fna.gz	0.032925
data/genomes/562.144253.fna.gz	0.0337047
data/genomes/562.144254.fna.gz	0.0340915
data/genomes/562.144255.fna.gz	0.0277775
data/genomes/562.144256.fna.gz	0.0333556
data/genomes/562.144257.fna.gz	0.0280539
data/genomes/562.144259.fna.gz	0.0117881
data/genomes/562.144260.fna.gz	0.0117293
data/genomes/562.144263.fna.gz	0.0167024
data/genomes/562.144265.fna.gz	0.033486
data/genomes/562.144268.fna.gz	0.0331287
data/genomes/562.144269.fna.gz	0.0342589
data/genomes/562.144273.fna.gz	0.0362262
data/genomes/562.144274.fna.gz	0.017196
data/genomes/562.144278.fna.gz	0.0130589
data/genomes/562.144281.fna.gz	0.0136051
data/genomes/562.144282.fna.gz	0.013141
data/genomes/562.144283.fna.gz	0.0177597
data/genomes/562.144284.fna.gz	0.0134574
data/genomes/562.144286.fna.gz	0.0130445
data/genomes/562.144287.fna.gz	0.0343823
data/genomes/562.144288.fna.gz	0.0339583
data/genomes/562.144289.fna.gz	0.0172076
data/genomes/562.144290.fna.gz	0.0139586
data/genomes/562.144291.fna.gz	0.0359404
data/genomes/562.144294.fna.gz	0.0345853
data/genomes/562.144295.fna.gz	0.0311646
data/genomes/562.144296.fna.gz	0.0311445
data/genomes/562.144297.fna.gz	0.0345853
data/genomes/562.144298.fna.gz	0.0340471
data/genomes/562.144299.fna.gz	0.0176707
data/genomes/562.144300.fna.gz	0.0169593
data/genomes/562.144301.fna.gz	0.0355752
data/genomes/562.144302.fna.gz	0.0344949
data/genomes/562.144303.fna.gz	0.0315894
data/genomes/562.144304.fna.gz	0.0325429
data/genomes/562.144305.fna.gz	0.0339251
data/genomes/562.144306.fna.gz	0.0316608
data/genomes/562.144307.fna.gz	0.0337817
data/genomes/562.144308.fna.gz	0.0128243
data/genomes/562.144310.fna.gz	0.0327227
data/genomes/562.144311.fna.gz	0.0349268
data/genomes/562.144314.fna.gz	0.033892
data/genomes/562.144315.fna.gz	0.0142162
data/genomes/562.144316.fna.gz	0.0324482
data/genomes/562.144318.fna.gz	0.0335952
data/genomes/562.144319.fna.gz	0.0336061
data/genomes/562.144320.fna.gz	0.0323958
data/genomes/562.144321.fna.gz	0.0336499
data/genomes/562.144322.fna.gz	0.033617
data/genomes/562.144324.fna.gz	0.0351336
data/genomes/562.144325.fna.gz	0.0311545
data/genomes/562.144326.fna.gz	0.0333556
data/genomes/562.144328.fna.gz	0.0171902
data/genomes/562.144329.fna.gz	0.0333556
data/genomes/562.144330.fna.gz	0.0322806
data/genomes/562.144331.fna.gz	0.0317734
data/genomes/562.144332.fna.gz	0.0343598
data/genomes/562.144333.fna.gz	0.0347214
data/genomes/562.144911.fna.gz	0.034036
data/genomes/562.144912.fna.gz	0.0342813
data/genomes/562.144913.fna.gz	0.0329571
data/genomes/562.144914.fna.gz	0.0170918
data/genomes/562.144915.fna.gz	0.0333339
data/genomes/562.144916.fna.gz	0.0348468
data/genomes/562.144917.fna.gz	0.0327971
data/genomes/562.144918.fna.gz	0.0345513
data/genomes/562.144919.fna.gz	0.0347555
data/genomes/562.144920.fna.gz	0.033903
data/genomes/562.144921.fna.gz	0.0328716
data/genomes/562.144922.fna.gz	0.0346533
data/genomes/562.144923.fna.gz	0.0336499
data/genomes/562.144924.fna.gz	0.0339805
data/genomes/562.144925.fna.gz	0.0346873
data/genomes/562.144926.fna.gz	0.0298127
data/genomes/562.144927.fna.gz	0.0347442
data/genomes/562.144928.fna.gz	0.034676
data/genomes/562.144929.fna.gz	0.0340693
data/genomes/562.144930.fna.gz	0.0338588
data/genomes/562.144931.fna.gz	0.0339694
data/genomes/562.144932.fna.gz	0.0340027
data/genomes/562.144933.fna.gz	0.0328396
data/genomes/562.144934.fna.gz	0.0327652
data/genomes/562.144935.fna.gz	0.0330213
data/genomes/562.144936.fna.gz	0.0348582
data/genomes/562.144937.fna.gz	0.0344723
data/genomes/562.144938.fna.gz	0.0171207
data/genomes/562.144939.fna.gz	0.0329036
data/genomes/562.144940.fna.gz	0.0330749
data/genomes/562.144941.fna.gz	0.0326486
data/genomes/562.144942.fna.gz	0.0344385
data/genomes/562.144943.fna.gz	0.0336061
data/genomes/562.144944.fna.gz	0.0332149
data/genomes/562.144945.fna.gz	0.0399695
data/genomes/562.144946.fna.gz	0.0361664
data/genomes/562.144947.fna.gz	0.0341918
data/genomes/562.144948.fna.gz	0.0343486
data/genomes/562.144949.fna.gz	0.0343037
data/genomes/562.144950.fna.gz	0.0339362
data/genomes/562.144951.fna.gz	0.0279644
data/genomes/562.144952.fna.gz	0.0351683
data/genomes/562.144953.fna.gz	0.0332149
data/genomes/562.144954.fna.gz	0.0356455
data/genomes/562.144955.fna.gz	0.0337267
data/genomes/562.144956.fna.gz	0.0338257
data/genomes/562.144957.fna.gz	0.0278663
data/genomes/562.144958.fna.gz	0.0358575
data/genomes/562.144959.fna.gz	0.0335296
data/genomes/562.144960.fna.gz	0.0340249
data/genomes/562.144961.fna.gz	0.0342589
data/genomes/562.144962.fna.gz	0.0357631
data/genomes/562.144963.fna.gz	0.0325219
data/genomes/562.144964.fna.gz	0.0331287
data/genomes/562.144965.fna.gz	0.0390879
data/genomes/562.144966.fna.gz	0.0339916
data/genomes/562.144967.fna.gz	0.0280898
data/genomes/562.144968.fna.gz	0.0337157
data/genomes/562.144969.fna.gz	0.0329677
data/genomes/562.144970.fna.gz	0.0364304
data/genomes/562.144971.fna.gz	0.0135755
data/genomes/562.144972.fna.gz	0.034881
data/genomes/562.144973.fna.gz	0.0335514
data/genomes/562.144974.fna.gz	0.0277863
data/genomes/562.144975.fna.gz	0.0353768
data/genomes/562.144976.fna.gz	0.0356925
data/genomes/562.144977.fna.gz	0.0340915
data/genomes/562.144978.fna.gz	0.0355167
data/genomes/562.144979.fna.gz	0.0359878
data/genomes/562.144980.fna.gz	0.0337817
data/genomes/562.144981.fna.gz	0.034676
data/genomes/562.144982.fna.gz	0.0365149
data/genomes/562.144983.fna.gz	0.0355167
data/genomes/562.144984.fna.gz	0.0352029
data/genomes/562.144985.fna.gz	0.0340582
data/genomes/562.144986.fna.gz	0.0343823
data/genomes/562.144987.fna.gz	0.0339694
data/genomes/562.144988.fna.gz	0.0343486
data/genomes/562.144989.fna.gz	0.0277331
data/genomes/562.144990.fna.gz	0.0346079
data/genomes/562.144991.fna.gz	0.0318556
data/genomes/562.144992.fna.gz	0.0324062
data/genomes/562.144993.fna.gz	0.0339583
data/genomes/562.144994.fna.gz	0.0340582
data/genomes/562.144995.fna.gz	0.0335733
data/genomes/562.144996.fna.gz	0.0338588
data/genomes/562.144997.fna.gz	0.0357631
data/genomes/562.144998.fna.gz	0.0340027
data/genomes/562.144999.fna.gz	0.0332689
data/genomes/562.145000.fna.gz	0.035226
data/genomes/562.145001.fna.gz	0.0349841
data/genomes/562.145002.fna.gz	0.028027
data/genomes/562.145003.fna.gz	0.0355635
data/genomes/562.145004.fna.gz	0.0355401
data/genomes/562.145005.fna.gz	0.032829
data/genomes/562.145006.fna.gz	0.0345175
data/genomes/562.145007.fna.gz	0.0339251
data/genomes/562.145008.fna.gz	0.04339
data/genomes/562.145009.fna.gz	0.0338257
data/genomes/562.145010.fna.gz	0.0351798
data/genomes/562.145011.fna.gz	0.0353885
data/genomes/562.145012.fna.gz	0.0354001
data/genomes/562.145013.fna.gz	0.0336608
data/genomes/562.145014.fna.gz	0.0334751
data/genomes/562.145015.fna.gz	0.0339141
data/genomes/562.145016.fna.gz	0.0283513
data/genomes/562.145017.fna.gz	0.0350415
data/genomes/562.145018.fna.gz	0.0349841
data/genomes/562.145019.fna.gz	0.0360829
data/genomes/562.145020.fna.gz	0.0329464
data/genomes/562.145021.fna.gz	0.0348011
data/genomes/562.145022.fna.gz	0.0341138
data/genomes/562.145023.fna.gz	0.0341807
data/genomes/562.145024.fna.gz	0.032893
data/genomes/562.145025.fna.gz	0.0338257
data/genomes/562.145026.fna.gz	0.0332797
data/genomes/562.145027.fna.gz	0.0353536
data/genomes/562.145028.fna.gz	0.0339473
data/genomes/562.145029.fna.gz	0.0279019
data/genomes/562.145030.fna.gz	0.0349612
data/genomes/562.145031.fna.gz	0.0338368
data/genomes/562.145032.fna.gz	0.0174527
data/genomes/562.145033.fna.gz	0.0349497
data/genomes/562.145034.fna.gz	0.0355869
data/genomes/562.145035.fna.gz	0.0354583
data/genomes/562.145036.fna.gz	0.0822757
data/genomes/562.145037.fna.gz	0.0340915
data/genomes/562.145038.fna.gz	0.0354001
data/genomes/562.145039.fna.gz	0.0335514
data/genomes/562.145040.fna.gz	0.027813
data/genomes/562.145041.fna.gz	0.0338147
data/genomes/562.145042.fna.gz	0.0337377
data/genomes/562.145043.fna.gz	0.033628
data/genomes/562.145044.fna.gz	0.032638
data/genomes/562.145045.fna.gz	0.0325851
data/genomes/562.145046.fna.gz	0.0338147
data/genomes/562.145047.fna.gz	0.0335733
data/genomes/562.145048.fna.gz	0.0354117
data/genomes/562.145049.fna.gz	0.0340471
data/genomes/562.145050.fna.gz	0.0357513
data/genomes/562.145051.fna.gz	0.033617
data/genomes/562.145052.fna.gz	0.0347214
data/genomes/562.145053.fna.gz	0.032861
data/genomes/562.145054.fna.gz	0.0359167
data/genomes/562.145055.fna.gz	0.0338809
data/genomes/562.145056.fna.gz	0.0336718
data/genomes/562.145057.fna.gz	0.0334316
data/genomes/562.145058.fna.gz	0.0345853
data/genomes/562.145059.fna.gz	0.034036
data/genomes/562.145060.fna.gz	0.0183071
data/genomes/562.145061.fna.gz	0.0359878
data/genomes/562.145062.fna.gz	0.0489202
data/genomes/562.145063.fna.gz	0.0363462
data/genomes/562.145064.fna.gz	0.035716
data/genomes/562.145065.fna.gz	0.0341695
data/genomes/562.145066.fna.gz	0.0149811
data/genomes/562.145067.fna.gz	0.0340804
data/genomes/562.145068.fna.gz	0.0356572
data/genomes/562.145069.fna.gz	0.033617
data/genomes/562.145070.fna.gz	0.034574
data/genomes/562.145071.fna.gz	0.0339583
data/genomes/562.145072.fna.gz	0.0165158
data/genomes/562.145073.fna.gz	0.035505
data/genomes/562.145074.fna.gz	0.0337707
data/genomes/562.145075.fna.gz	0.0331502
data/genomes/562.145076.fna.gz	0.0348125
data/genomes/562.145077.fna.gz	0.0335952
data/genomes/562.145078.fna.gz	0.0321036
data/genomes/562.145079.fna.gz	0.0342925
data/genomes/562.145080.fna.gz	0.0362741
data/genomes/562.145081.fna.gz	0.0341695
data/genomes/562.145372.fna.gz	0.0349268
data/genomes/562.145373.fna.gz	0.0329571
data/genomes/562.145378.fna.gz	0.0349039
data/genomes/562.145379.fna.gz	0.0349039
data/genomes/562.145380.fna.gz	0.0310444
data/genomes/562.145381.fna.gz	0.0349039
data/genomes/562.145383.fna.gz	0.0334642
data/genomes/562.145384.fna.gz	0.034881
data/genomes/562.145385.fna.gz	0.0349039
data/genomes/562.145386.fna.gz	0.0339916
data/genomes/562.145387.fna.gz	0.0334424
data/genomes/562.145388.fna.gz	0.0339916
data/genomes/562.145389.fna.gz	0.0349268
data/genomes/562.145390.fna.gz	0.0349153
data/genomes/562.145391.fna.gz	0.0352492
data/genomes/562.145392.fna.gz	0.0349497
data/genomes/562.145393.fna.gz	0.0334751
data/genomes/562.145394.fna.gz	0.0350071
data/genomes/562.145395.fna.gz	0.0348582
data/genomes/562.145396.fna.gz	0.033486
data/genomes/562.145397.fna.gz	0.0350415
data/genomes/562.145398.fna.gz	0.0341138
data/genomes/562.145399.fna.gz	0.028433
data/genomes/562.145400.fna.gz	0.0336499
data/genomes/562.145401.fna.gz	0.0310244
data/genomes/562.145402.fna.gz	0.0337817
data/genomes/562.145403.fna.gz	0.0330857
data/genomes/562.145404.fna.gz	0.0351683
data/genomes/562.145405.fna.gz	0.0334642
data/genomes/562.145406.fna.gz	0.0353187
data/genomes/562.145407.fna.gz	0.0350875
data/genomes/562.145408.fna.gz	0.0350991
data/genomes/562.145409.fna.gz	0.0336389
data/genomes/562.145410.fna.gz	0.0353187
data/genomes/562.145411.fna.gz	0.034881
data/genomes/562.145412.fna.gz	0.0353652
data/genomes/562.145413.fna.gz	0.0336718
data/genomes/562.145414.fna.gz	0.0352492
data/genomes/562.145415.fna.gz	0.0348925
data/genomes/562.145416.fna.gz	0.0335405
data/genomes/562.145417.fna.gz	0.0334533
data/genomes/562.145418.fna.gz	0.0342142
data/genomes/562.145419.fna.gz	0.0334642
data/genomes/562.145420.fna.gz	0.0348696
data/genomes/562.145421.fna.gz	0.0349039
data/genomes/562.145422.fna.gz	0.0338147
data/genomes/562.145423.fna.gz	0.0336608
data/genomes/562.145424.fna.gz	0.034881
data/genomes/562.145425.fna.gz	0.033399
data/genomes/562.145426.fna.gz	0.0335514
data/genomes/562.145427.fna.gz	0.0257703
data/genomes/562.145428.fna.gz	0.0352492
data/genomes/562.145429.fna.gz	0.03503
data/genomes/562.145430.fna.gz	0.035435
data/genomes/562.145431.fna.gz	0.0354817
data/genomes/562.145432.fna.gz	0.0312551
data/genomes/562.145433.fna.gz	0.0257621
data/genomes/562.145434.fna.gz	0.0263524
data/genomes/562.145435.fna.gz	0.0336718
data/genomes/562.145436.fna.gz	0.0348696
data/genomes/562.145437.fna.gz	0.0252573
data/genomes/562.145439.fna.gz	0.013615
data/genomes/562.145440.fna.gz	0.00688878
data/genomes/562.145441.fna.gz	0.0129677
data/genomes/562.145442.fna.gz	0.0325535
data/genomes/562.145443.fna.gz	0.0334316
data/genomes/562.145812.fna.gz	0.0249686
data/genomes/562.145816.fna.gz	0.0160973
data/genomes/562.145817.fna.gz	0.0304902
data/genomes/562.145818.fna.gz	0.0334424
data/genomes/562.145819.fna.gz	0.012791
data/genomes/562.145820.fna.gz	0.0319174
data/genomes/562.145821.fna.gz	0.0142619
data/genomes/562.145822.fna.gz	0.0323224
data/genomes/562.16324.fna.gz	0.0343486
data/genomes/562.16325.fna.gz	0.032638
data/genomes/562.16326.fna.gz	0.0331933
data/genomes/562.16327.fna.gz	0.0176352
data/genomes/562.16466.fna.gz	0.0344611
data/genomes/562.17359.fna.gz	0.0167535
data/genomes/562.17620.fna.gz	0.0336937
data/genomes/562.17621.fna.gz	0.0337267
data/genomes/562.17721.fna.gz	0.0345175
data/genomes/562.17722.fna.gz	0.0181494
data/genomes/562.19090.fna.gz	0.0342254
data/genomes/562.19151.fna.gz	0.0337707
data/genomes/562.19631.fna.gz	0.0332365
data/genomes/562.19632.fna.gz	0.0169134
data/genomes/562.19633.fna.gz	0.0345513
data/genomes/562.19821.fna.gz	0.0331502
data/genomes/562.19823.fna.gz	0.0342254
data/genomes/562.20499.fna.gz	0.0343374
data/genomes/562.22426.fna.gz	0.0343374
data/genomes/562.22428.fna.gz	0.00971931
data/genomes/562.22429.fna.gz	0.0330106
data/genomes/562.22430.fna.gz	0.0114285
data/genomes/562.22431.fna.gz	0.0338699
data/genomes/562.22432.fna.gz	0.0181615
data/genomes/562.22433.fna.gz	0.0128959
data/genomes/562.22434.fna.gz	0.0292636
data/genomes/562.22435.fna.gz	0.0324377
data/genomes/562.22436.fna.gz	0.0320518
data/genomes/562.22437.fna.gz	0.0131603
data/genomes/562.22438.fna.gz	0.0110663
data/genomes/562.22439.fna.gz	0.012428
data/genomes/562.22440.fna.gz	0.0166287
data/genomes/562.22441.fna.gz	0.0131651
data/genomes/562.22442.fna.gz	0.0170976
data/genomes/562.22443.fna.gz	0.0123813
data/genomes/562.22444.fna.gz	0.0100915
data/genomes/562.22445.fna.gz	0.0167422
data/genomes/562.22446.fna.gz	0.0119428
data/genomes/562.22447.fna.gz	0.0133157
data/genomes/562.22448.fna.gz	0.0124935
data/genomes/562.22449.fna.gz	0.032861
data/genomes/562.22450.fna.gz	0.0114687
data/genomes/562.22451.fna.gz	0.013006
data/genomes/562.22452.fna.gz	0.0284148
data/genomes/562.22453.fna.gz	0.0344723
data/genomes/562.22454.fna.gz	0.0139436
data/genomes/562.22455.fna.gz	0.0171902
data/genomes/562.22457.fna.gz	0.028433
data/genomes/562.22458.fna.gz	0.0324062
data/genomes/562.22459.fna.gz	0.0336718
data/genomes/562.22460.fna.gz	0.0317529
data/genomes/562.22461.fna.gz	0.0332149
data/genomes/562.22462.fna.gz	0.0326803
data/genomes/562.22463.fna.gz	0.0127862
data/genomes/562.22464.fna.gz	0.0322285
data/genomes/562.22465.fna.gz	0.0174175
data/genomes/562.22466.fna.gz	0.0324167
data/genomes/562.22467.fna.gz	0.0123627
data/genomes/562.22468.fna.gz	0.0126347
data/genomes/562.22469.fna.gz	0.013233
data/genomes/562.22470.fna.gz	0.0326803
data/genomes/562.22471.fna.gz	0.0330749
data/genomes/562.22472.fna.gz	0.0132039
data/genomes/562.22473.fna.gz	0.0316915
data/genomes/562.22474.fna.gz	0.0124654
data/genomes/562.22476.fna.gz	0.0325219
data/genomes/562.22477.fna.gz	0.0124327
data/genomes/562.22478.fna.gz	0.0169077
data/genomes/562.22479.fna.gz	0.0182463
data/genomes/562.22480.fna.gz	0.0332906
data/genomes/562.22481.fna.gz	0.0281707
data/genomes/562.22482.fna.gz	0.0279287
data/genomes/562.22483.fna.gz	0.0178789
data/genomes/562.22484.fna.gz	0.0322493
data/genomes/562.22485.fna.gz	0.0329677
data/genomes/562.22486.fna.gz	0.0274074
data/genomes/562.22487.fna.gz	0.015113
data/genomes/562.22488.fna.gz	0.0177241
data/genomes/562.22489.fna.gz	0.0130493
data/genomes/562.22490.fna.gz	0.0134133
data/genomes/562.22491.fna.gz	0.0172308
data/genomes/562.22492.fna.gz	0.0119611
data/genomes/562.22493.fna.gz	0.0148814
data/genomes/562.22494.fna.gz	0.013141
data/genomes/562.22495.fna.gz	0.0349153
data/genomes/562.22496.fna.gz	0.0333664
data/genomes/562.22497.fna.gz	0.0134378
data/genomes/562.22498.fna.gz	0.0325219
data/genomes/562.22499.fna.gz	0.016657
data/genomes/562.22500.fna.gz	0.0118699
data/genomes/562.22501.fna.gz	0.0340471
data/genomes/562.22502.fna.gz	0.0115537
data/genomes/562.22503.fna.gz	0.0279823
data/genomes/562.22504.fna.gz	0.0122836
data/genomes/562.22505.fna.gz	0.0119886
data/genomes/562.22506.fna.gz	0.0124748
data/genomes/562.22507.fna.gz	0.0315283
data/genomes/562.22508.fna.gz	0.0324903
data/genomes/562.22509.fna.gz	0.01317
data/genomes/562.22510.fna.gz	0.0137588
data/genomes/562.22511.fna.gz	0.0332041
data/genomes/562.22512.fna.gz	0.0141047
data/genomes/562.22513.fna.gz	0.0120665
data/genomes/562.22514.fna.gz	0.0172541
data/genomes/562.22515.fna.gz	0.0325429
data/genomes/562.22516.fna.gz	0.0321556
data/genomes/562.22517.fna.gz	0.0138285
data/genomes/562.22518.fna.gz	0.0169938
data/genomes/562.22519.fna.gz	0.0119291
data/genomes/562.22520.fna.gz	0.0320311
data/genomes/562.22521.fna.gz	0.032
data/genomes/562.22522.fna.gz	0.0327758
data/genomes/562.22523.fna.gz	0.0129198
data/genomes/562.22524.fna.gz	0.01281
data/genomes/562.22525.fna.gz	0.0120069
data/genomes/562.22526.fna.gz	0.0118517
data/genomes/562.22527.fna.gz	0.0321348
data/genomes/562.22528.fna.gz	0.0119474
data/genomes/562.22529.fna.gz	0.0310344
data/genomes/562.22530.fna.gz	0.0119611
data/genomes/562.22531.fna.gz	0.0327015
data/genomes/562.22532.fna.gz	0.0128434
data/genomes/562.22533.fna.gz	0.0120436
data/genomes/562.22534.fna.gz	0.0140089
data/genomes/562.22535.fna.gz	0.0137787
data/genomes/562.22536.fna.gz	0.0178789
data/genomes/562.22537.fna.gz	0.0119246
data/genomes/562.22538.fna.gz	0.0129533
data/genomes/562.22539.fna.gz	0.0172366
data/genomes/562.22540.fna.gz	0.0125311
data/genomes/562.22541.fna.gz	0.0169708
data/genomes/562.22542.fna.gz	0.0331825
data/genomes/562.22543.fna.gz	0.0167308
data/genomes/562.22544.fna.gz	0.0325429
data/genomes/562.22545.fna.gz	0.0128911
data/genomes/562.22546.fna.gz	0.0333447
data/genomes/562.22547.fna.gz	0.0254434
data/genomes/562.22548.fna.gz	0.033323
data/genomes/562.22549.fna.gz	0.0273812
data/genomes/562.22550.fna.gz	0.0134574
data/genomes/562.22551.fna.gz	0.0172832
data/genomes/562.22552.fna.gz	0.0123301
data/genomes/562.22553.fna.gz	0.0126583
data/genomes/562.22554.fna.gz	0.0332906
data/genomes/562.22555.fna.gz	0.0162248
data/genomes/562.22556.fna.gz	0.0313661
data/genomes/562.22557.fna.gz	0.0130589
data/genomes/562.22558.fna.gz	0.0132621
data/genomes/562.22559.fna.gz	0.0136348
data/genomes/562.22560.fna.gz	0.0124046
data/genomes/562.22561.fna.gz	0.0171033
data/genomes/562.22562.fna.gz	0.0322598
data/genomes/562.22563.fna.gz	0.0125546
data/genomes/562.22564.fna.gz	0.0128768
data/genomes/562.22565.fna.gz	0.0171438
data/genomes/562.22566.fna.gz	0.0138335
data/genomes/562.22567.fna.gz	0.0330857
data/genomes/562.22568.fna.gz	0.0125687
data/genomes/562.22569.fna.gz	0.0118153
data/genomes/562.22570.fna.gz	0.0119246
data/genomes/562.22571.fna.gz	0.012039
data/genomes/562.22572.fna.gz	0.0122326
data/genomes/562.22573.fna.gz	0.0129246
data/genomes/562.22574.fna.gz	0.0125922
data/genomes/562.22576.fna.gz	0.0130205
data/genomes/562.22577.fna.gz	0.0119109
data/genomes/562.22578.fna.gz	0.0281437
data/genomes/562.22579.fna.gz	0.0127625
data/genomes/562.22580.fna.gz	0.0156647
data/genomes/562.22581.fna.gz	0.0126961
data/genomes/562.22582.fna.gz	0.0167365
data/genomes/562.22583.fna.gz	0.0321244
data/genomes/562.22584.fna.gz	0.01177
data/genomes/562.22585.fna.gz	0.0125828
data/genomes/562.22586.fna.gz	0.0324167
data/genomes/562.22587.fna.gz	0.0125076
data/genomes/562.22588.fna.gz	0.0173298
data/genomes/562.22589.fna.gz	0.0112113
data/genomes/562.22590.fna.gz	0.0156322
data/genomes/562.22591.fna.gz	0.0323853
data/genomes/562.22592.fna.gz	0.0119383
data/genomes/562.22593.fna.gz	0.0125781
data/genomes/562.22594.fna.gz	0.0121448
data/genomes/562.22595.fna.gz	0.0172657
data/genomes/562.22596.fna.gz	0.0169364
data/genomes/562.22597.fna.gz	0.0162471
data/genomes/562.22598.fna.gz	0.0114865
data/genomes/562.22599.fna.gz	0.0110313
data/genomes/562.22600.fna.gz	0.0326063
data/genomes/562.22601.fna.gz	0.017873
data/genomes/562.22602.fna.gz	0.0326274
data/genomes/562.22603.fna.gz	0.0125781
data/genomes/562.22604.fna.gz	0.0133645
data/genomes/562.22605.fna.gz	0.0137289
data/genomes/562.22606.fna.gz	0.0123627
data/genomes/562.22607.fna.gz	0.0251848
data/genomes/562.22608.fna.gz	0.0332041
data/genomes/562.22609.fna.gz	0.0111365
data/genomes/562.22610.fna.gz	0.01664
data/genomes/562.22611.fna.gz	0.016657
data/genomes/562.22612.fna.gz	0.0165102
data/genomes/562.22613.fna.gz	0.0122372
data/genomes/562.22614.fna.gz	0.0326486
data/genomes/562.22615.fna.gz	0.0120482
data/genomes/562.22617.fna.gz	0.013141
data/genomes/562.22618.fna.gz	0.028036
data/genomes/562.22619.fna.gz	0.032166
data/genomes/562.22620.fna.gz	0.0176293
data/genomes/562.22621.fna.gz	0.0116435
data/genomes/562.22622.fna.gz	0.0174703
data/genomes/562.22623.fna.gz	0.0123254
data/genomes/562.22624.fna.gz	0.01192
data/genomes/562.22625.fna.gz	0.0149759
data/genomes/562.22626.fna.gz	0.0172541
data/genomes/562.22627.fna.gz	0.0121125
data/genomes/562.22628.fna.gz	0.034881
data/genomes/562.22629.fna.gz	0.0127435
data/genomes/562.22630.fna.gz	0.0177895
data/genomes/562.22631.fna.gz	0.0165102
data/genomes/562.22632.fna.gz	0.0133938
data/genomes/562.22633.fna.gz	0.0331825
data/genomes/562.22634.fna.gz	0.0116075
data/genomes/562.22635.fna.gz	0.0156214
data/genomes/562.22636.fna.gz	0.0323538
data/genomes/562.22637.fna.gz	0.0159266
data/genomes/562.22638.fna.gz	0.0119155
data/genomes/562.22639.fna.gz	0.0315588
data/genomes/562.22640.fna.gz	0.0332689
data/genomes/562.22641.fna.gz	0.0118562
data/genomes/562.22642.fna.gz	0.0172424
data/genomes/562.22643.fna.gz	0.033032
data/genomes/562.22644.fna.gz	0.0123906
data/genomes/562.22645.fna.gz	0.0105645
data/genomes/562.22646.fna.gz	0.0170111
data/genomes/562.22647.fna.gz	0.0130301
data/genomes/562.22648.fna.gz	0.0136942
data/genomes/562.22649.fna.gz	0.0129533
data/genomes/562.22650.fna.gz	0.0173356
data/genomes/562.22651.fna.gz	0.0323643
data/genomes/562.22652.fna.gz	0.0319174
data/genomes/562.22653.fna.gz	0.0338588
data/genomes/562.22654.fna.gz	0.015235
data/genomes/562.22655.fna.gz	0.0172134
data/genomes/562.22656.fna.gz	0.0120115
data/genomes/562.22657.fna.gz	0.0169651
data/genomes/562.22658.fna.gz	0.00431967
data/genomes/562.22659.fna.gz	0.0288728
data/genomes/562.22660.fna.gz	0.0328396
data/genomes/562.22661.fna.gz	0.0130493
data/genomes/562.22662.fna.gz	0.033032
data/genomes/562.22663.fna.gz	0.0116075
data/genomes/562.22664.fna.gz	0.011384
data/genomes/562.22665.fna.gz	0.0136397
data/genomes/562.22666.fna.gz	0.0273026
data/genomes/562.22667.fna.gz	0.0160586
data/genomes/562.22668.fna.gz	0.0134085
data/genomes/562.22669.fna.gz	0.0170226
data/genomes/562.22670.fna.gz	0.015976
data/genomes/562.22671.fna.gz	0.0142467
data/genomes/562.22672.fna.gz	0.0323643
data/genomes/562.22673.fna.gz	0.0123533
data/genomes/562.22674.fna.gz	0.0124701
data/genomes/562.22675.fna.gz	0.0118063
data/genomes/562.22676.fna.gz	0.0331179
data/genomes/562.22677.fna.gz	0.0342701
data/genomes/562.22678.fna.gz	0.0154542
data/genomes/562.22679.fna.gz	0.0307659
data/genomes/562.22680.fna.gz	0.0177716
data/genomes/562.22681.fna.gz	0.0130782
data/genomes/562.22682.fna.gz	0.0125875
data/genomes/562.22683.fna.gz	0.0126488
data/genomes/562.22684.fna.gz	0.0121171
data/genomes/562.22685.fna.gz	0.0171786
data/genomes/562.22686.fna.gz	0.0125828
data/genomes/562.22687.fna.gz	0.0334098
data/genomes/562.22688.fna.gz	0.032893
data/genomes/562.22689.fna.gz	0.0129725
data/genomes/562.22690.fna.gz	0.0326803
data/genomes/562.22691.fna.gz	0.0162638
data/genomes/562.22692.fna.gz	0.0332906
data/genomes/562.22693.fna.gz	0.0325324
data/genomes/562.22694.fna.gz	0.0170168
data/genomes/562.22695.fna.gz	0.0314674
data/genomes/562.22696.fna.gz	0.0119657
data/genomes/562.22697.fna.gz	0.0151872
data/genomes/562.22698.fna.gz	0.0133011
data/genomes/562.22699.fna.gz	0.0168676
data/genomes/562.22700.fna.gz	0.0336937
data/genomes/562.22701.fna.gz	0.0328716
data/genomes/562.22702.fna.gz	0.0126725
data/genomes/562.22703.fna.gz	0.0123673
data/genomes/562.22704.fna.gz	0.0133889
data/genomes/562.22705.fna.gz	0.0125875
data/genomes/562.22706.fna.gz	0.0140946
data/genomes/562.22707.fna.gz	0.0343261
data/genomes/562.22708.fna.gz	0.0291328
data/genomes/562.22709.fna.gz	0.0127672
data/genomes/562.22710.fna.gz	0.0119703
data/genomes/562.22711.fna.gz	0.0130975
data/genomes/562.22712.fna.gz	0.0123906
data/genomes/562.22713.fna.gz	0.0321556
data/genomes/562.22714.fna.gz	0.0125734
data/genomes/562.22715.fna.gz	0.00388479
data/genomes/562.22716.fna.gz	0.0159101
data/genomes/562.22717.fna.gz	0.0177004
data/genomes/562.22718.fna.gz	0.0181011
data/genomes/562.22719.fna.gz	0.012265
data/genomes/562.22720.fna.gz	0.0329999
data/genomes/562.22721.fna.gz	0.0130108
data/genomes/562.22722.fna.gz	0.0327864
data/genomes/562.22723.fna.gz	0.0136843
data/genomes/562.22724.fna.gz	0.0334533
data/genomes/562.22725.fna.gz	0.0119246
data/genomes/562.22726.fna.gz	0.0120298
data/genomes/562.22727.fna.gz	0.0132719
data/genomes/562.22728.fna.gz	0.0136843
data/genomes/562.22729.fna.gz	0.0134427
data/genomes/562.22730.fna.gz	0.0136397
data/genomes/562.22731.fna.gz	0.0109964
data/genomes/562.22732.fna.gz	0.0131023
data/genomes/562.22733.fna.gz	0.0167137
data/genomes/562.22734.fna.gz	0.0309845
data/genomes/562.22735.fna.gz	0.0330427
data/genomes/562.22736.fna.gz	0.0126677
data/genomes/562.22737.fna.gz	0.031508
data/genomes/562.22738.fna.gz	0.012791
data/genomes/562.22740.fna.gz	0.0153845
data/genomes/562.22741.fna.gz	0.0320933
data/genomes/562.22742.fna.gz	0.013199
data/genomes/562.22743.fna.gz	0.0121956
data/genomes/562.22744.fna.gz	0.0130638
data/genomes/562.22745.fna.gz	0.013233
data/genomes/562.22746.fna.gz	0.0320621
data/genomes/562.22747.fna.gz	0.0336718
data/genomes/562.22748.fna.gz	0.0115626
data/genomes/562.22749.fna.gz	0.0324272
data/genomes/562.22750.fna.gz	0.0312954
data/genomes/562.22751.fna.gz	0.0327864
data/genomes/562.22752.fna.gz	0.0136942
data/genomes/562.22753.fna.gz	0.0125452
data/genomes/562.22754.fna.gz	0.0170802
data/genomes/562.22755.fna.gz	0.0173531
data/genomes/562.22756.fna.gz	0.0119109
data/genomes/562.22757.fna.gz	0.0278841
data/genomes/562.22758.fna.gz	0.0327758
data/genomes/562.22759.fna.gz	0.0119337
data/genomes/562.22760.fna.gz	0.0321348
data/genomes/562.22761.fna.gz	0.0118835
data/genomes/562.22762.fna.gz	0.0167137
data/genomes/562.22763.fna.gz	0.0309645
data/genomes/562.22764.fna.gz	0.03162
data/genomes/562.22765.fna.gz	0.0321556
data/genomes/562.22766.fna.gz	0.0131651
data/genomes/562.22767.fna.gz	0.0134085
data/genomes/562.22768.fna.gz	0.0171496
data/genomes/562.22769.fna.gz	0.0131071
data/genomes/562.22770.fna.gz	0.0334642
data/genomes/562.22771.fna.gz	0.00371142
data/genomes/562.22772.fna.gz	0.0321244
data/genomes/562.22773.fna.gz	0.016136
data/genomes/562.22774.fna.gz	0.0119748
data/genomes/562.22775.fna.gz	0.0332581
data/genomes/562.22776.fna.gz	0.0152883
data/genomes/562.22777.fna.gz	0.0115582
data/genomes/562.22778.fna.gz	0.0169421
data/genomes/562.22779.fna.gz	0.0327439
data/genomes/562.22780.fna.gz	0.0338809
data/genomes/562.22781.fna.gz	0.0115986
data/genomes/562.22782.fna.gz	0.0122882
data/genomes/562.22783.fna.gz	0.0169192
data/genomes/562.22784.fna.gz	0.0160311
data/genomes/562.22785.fna.gz	0.0328503
data/genomes/562.22786.fna.gz	0.0329036
data/genomes/562.22787.fna.gz	0.0125922
data/genomes/562.22788.fna.gz	0.0119291
data/genomes/562.22789.fna.gz	0.013384
data/genomes/562.22790.fna.gz	0.0130349
data/genomes/562.22791.fna.gz	0.0155889
data/genomes/562.22792.fna.gz	0.0312551
data/genomes/562.22793.fna.gz	0.0121632
data/genomes/562.22794.fna.gz	0.0135459
data/genomes/562.22795.fna.gz	0.0151183
data/genomes/562.22796.fna.gz	0.0123115
data/genomes/562.22797.fna.gz	0.0170572
data/genomes/562.22798.fna.gz	0.0136892
data/genomes/562.22799.fna.gz	0.0125499
data/genomes/562.22800.fna.gz	0.0120344
data/genomes/562.22801.fna.gz	0.0117519
data/genomes/562.22802.fna.gz	0.0320829
data/genomes/562.22803.fna.gz	0.0130349
data/genomes/562.22804.fna.gz	0.0129246
data/genomes/562.22805.fna.gz	0.0129102
data/genomes/562.22806.fna.gz	0.0172482
data/genomes/562.22807.fna.gz	0.0276271
data/genomes/562.22808.fna.gz	0.0138385
data/genomes/562.22809.fna.gz	0.0339694
data/genomes/562.22810.fna.gz	0.0329999
data/genomes/562.22811.fna.gz	0.0166061
data/genomes/562.22812.fna.gz	0.0128148
data/genomes/562.22813.fna.gz	0.0176175
data/genomes/562.22814.fna.gz	0.0168105
data/genomes/562.22815.fna.gz	0.0167308
data/genomes/562.22816.fna.gz	0.0123953
data/genomes/562.22817.fna.gz	0.0116931
data/genomes/562.22818.fna.gz	0.0127151
data/genomes/562.22819.fna.gz	0.0121263
data/genomes/562.22820.fna.gz	0.0159156
data/genomes/562.22821.fna.gz	0.017359
data/genomes/562.22822.fna.gz	0.017138
data/genomes/562.22823.fna.gz	0.0153096
data/genomes/562.22824.fna.gz	0.0114687
data/genomes/562.22825.fna.gz	0.0126064
data/genomes/562.22826.fna.gz	0.0132378
data/genomes/562.22827.fna.gz	0.0112997
data/genomes/562.22872.fna.gz	0.012191
data/genomes/562.22873.fna.gz	0.0125311
data/genomes/562.22874.fna.gz	0.0334207
data/genomes/562.22875.fna.gz	0.0336389
data/genomes/562.22876.fna.gz	0.0165891
data/genomes/562.22877.fna.gz	0.0122372
data/genomes/562.22878.fna.gz	0.0162304
data/genomes/562.22879.fna.gz	0.0272417
data/genomes/562.22880.fna.gz	0.0326591
data/genomes/562.22909.fna.gz	0.0327652
data/genomes/562.22910.fna.gz	0.0137289
data/genomes/562.22911.fna.gz	0.0130253
data/genomes/562.22912.fna.gz	0.0111365
data/genomes/562.22913.fna.gz	0.0319381
data/genomes/562.22914.fna.gz	0.0130445
data/genomes/562.22915.fna.gz	0.0119246
data/genomes/562.22916.fna.gz	0.0119383
data/genomes/562.22917.fna.gz	0.012265
data/genomes/562.22918.fna.gz	0.0324482
data/genomes/562.22919.fna.gz	0.0138235
data/genomes/562.22920.fna.gz	0.0322076
data/genomes/562.22921.fna.gz	0.032861
data/genomes/562.22922.fna.gz	0.0125076
data/genomes/562.22923.fna.gz	0.0280539
data/genomes/562.22924.fna.gz	0.0126064
data/genomes/562.22925.fna.gz	0.013141
data/genomes/562.22926.fna.gz	0.0124795
data/genomes/562.22927.fna.gz	0.0332149
data/genomes/562.22928.fna.gz	0.0138335
data/genomes/562.22929.fna.gz	0.0327652
data/genomes/562.22930.fna.gz	0.0334207
data/genomes/562.22931.fna.gz	0.012228
data/genomes/562.22932.fna.gz	0.0127435
data/genomes/562.22933.fna.gz	0.0325008
data/genomes/562.22934.fna.gz	0.0330535
data/genomes/562.22935.fna.gz	0.0113352
data/genomes/562.22936.fna.gz	0.034881
data/genomes/562.22937.fna.gz	0.0328716
data/genomes/562.22938.fna.gz	0.012131
data/genomes/562.22939.fna.gz	0.0138235
data/genomes/562.22940.fna.gz	0.0120206
data/genomes/562.22941.fna.gz	0.0126866
data/genomes/562.22942.fna.gz	0.0324482
data/genomes/562.22943.fna.gz	0.0128911
data/genomes/562.22944.fna.gz	0.0126441
data/genomes/562.22945.fna.gz	0.0157953
data/genomes/562.22946.fna.gz	0.0127388
data/genomes/562.22947.fna.gz	0.0148553
data/genomes/562.22948.fna.gz	0.0132767
data/genomes/562.22949.fna.gz	0.011952
data/genomes/562.22950.fna.gz	0.0325324
data/genomes/562.22951.fna.gz	0.0279465
data/genomes/562.22952.fna.gz	0.01602
data/genomes/562.22953.fna.gz	0.0124187
data/genomes/562.22954.fna.gz	0.0304119
data/genomes/562.22955.fna.gz	0.0277154
data/genomes/562.22956.fna.gz	0.027539
data/genomes/562.22957.fna.gz	0.0118199
data/genomes/562.22958.fna.gz	0.0136348
data/genomes/562.22959.fna.gz	0.0124935
data/genomes/562.22960.fna.gz	0.0164708
data/genomes/562.22961.fna.gz	0.0124467
data/genomes/562.22962.fna.gz	0.0343261
data/genomes/562.22964.fna.gz	0.0160973
data/genomes/562.22965.fna.gz	0.0119977
data/genomes/562.22966.fna.gz	0.0313661
data/genomes/562.22967.fna.gz	0.0128815
data/genomes/562.22968.fna.gz	0.0120528
data/genomes/562.22969.fna.gz	0.0131603
data/genomes/562.22970.fna.gz	0.0284876
data/genomes/562.22971.fna.gz	0.032925
data/genomes/562.22972.fna.gz	0.0252895
data/genomes/562.22973.fna.gz	0.0119018
data/genomes/562.22974.fna.gz	0.0121356
data/genomes/562.22975.fna.gz	0.0123115
data/genomes/562.22976.fna.gz	0.0333339
data/genomes/562.22977.fna.gz	0.0134869
data/genomes/562.22978.fna.gz	0.0128624
data/genomes/562.22979.fna.gz	0.0134085
data/genomes/562.22980.fna.gz	0.00497183
data/genomes/562.22981.fna.gz	0.0110838
data/genomes/562.22982.fna.gz	0.0334207
data/genomes/562.22983.fna.gz	0.0129341
data/genomes/562.22985.fna.gz	0.0312349
data/genomes/562.22986.fna.gz	0.0119428
data/genomes/562.22987.fna.gz	0.00526151
data/genomes/562.22988.fna.gz	0.0325957
data/genomes/562.22989.fna.gz	0.0327758
data/genomes/562.22990.fna.gz	0.016544
data/genomes/562.22991.fna.gz	0.0280898
data/genomes/562.22992.fna.gz	0.0282067
data/genomes/562.22993.fna.gz	0.0105432
data/genomes/562.22994.fna.gz	0.00393593
data/genomes/562.22995.fna.gz	0.0115178
data/genomes/562.22996.fna.gz	0.0320518
data/genomes/562.22997.fna.gz	0.0323853
data/genomes/562.22998.fna.gz	0.0132524
data/genomes/562.22999.fna.gz	0.0334533
data/genomes/562.23000.fna.gz	0.0119977
data/genomes/562.23001.fna.gz	0.012982
data/genomes/562.23002.fna.gz	0.0136892
data/genomes/562.23003.fna.gz	0.00572482
data/genomes/562.23004.fna.gz	0.033323
data/genomes/562.23005.fna.gz	0.0326274
data/genomes/562.23006.fna.gz	0.0333556
data/genomes/562.23007.fna.gz	0.0133645
data/genomes/562.23008.fna.gz	0.0117745
data/genomes/562.23009.fna.gz	0.0124748
data/genomes/562.23010.fna.gz	0.0122604
data/genomes/562.23012.fna.gz	0.0277066
data/genomes/562.23013.fna.gz	0.0281437
data/genomes/562.23014.fna.gz	0.0327333
data/genomes/562.23015.fna.gz	0.0122141
data/genomes/562.23016.fna.gz	0.012791
data/genomes/562.23017.fna.gz	0.0277331
data/genomes/562.23018.fna.gz	0.0177004
data/genomes/562.23019.fna.gz	0.0116075
data/genomes/562.23020.fna.gz	0.0127815
data/genomes/562.23021.fna.gz	0.0272243
data/genomes/562.23022.fna.gz	0.0137389
data/genomes/562.23023.fna.gz	0.0158937
data/genomes/562.23024.fna.gz	0.0319174
data/genomes/562.23025.fna.gz	0.0163531
data/genomes/562.23026.fna.gz	0.0122929
data/genomes/562.23027.fna.gz	0.0125452
data/genomes/562.23028.fna.gz	0.0172948
data/genomes/562.23029.fna.gz	0.0321036
data/genomes/562.23030.fna.gz	0.0128815
data/genomes/562.23031.fna.gz	0.0332365
data/genomes/562.23032.fna.gz	0.016674
data/genomes/562.23033.fna.gz	0.012131
data/genomes/562.23034.fna.gz	0.0121171
data/genomes/562.23035.fna.gz	0.012428
data/genomes/562.23036.fna.gz	0.0124327
data/genomes/562.23037.fna.gz	0.0119748
data/genomes/562.23038.fna.gz	0.0130975
data/genomes/562.23039.fna.gz	0.0130397
data/genomes/562.23040.fna.gz	0.0122604
data/genomes/562.23041.fna.gz	0.0119931
data/genomes/562.23042.fna.gz	0.0324693
data/genomes/562.23043.fna.gz	0.0114955
data/genomes/562.23044.fna.gz	0.0333664
data/genomes/562.23045.fna.gz	0.00361649
data/genomes/562.23046.fna.gz	0.0327652
data/genomes/562.23047.fna.gz	0.0342701
data/genomes/562.23048.fna.gz	0.0135262
data/genomes/562.23049.fna.gz	0.031508
data/genomes/562.23050.fna.gz	0.0123906
data/genomes/562.23051.fna.gz	0.0122836
data/genomes/562.23052.fna.gz	0.032893
data/genomes/562.23053.fna.gz	0.0166117
data/genomes/562.23054.fna.gz	0.0333881
data/genomes/562.23055.fna.gz	0.027742
data/genomes/562.23056.fna.gz	0.0111497
data/genomes/562.23057.fna.gz	0.0310644
data/genomes/562.23058.fna.gz	0.0323643
data/genomes/562.23059.fna.gz	0.0114955
data/genomes/562.23060.fna.gz	0.0323224
data/genomes/562.23061.fna.gz	0.0172076
data/genomes/562.23062.fna.gz	0.0131603
data/genomes/562.23063.fna.gz	0.0254434
data/genomes/562.23064.fna.gz	0.0332906
data/genomes/562.23065.fna.gz	0.0172657
data/genomes/562.23066.fna.gz	0.0173123
data/genomes/562.23067.fna.gz	0.0319381
data/genomes/562.23068.fna.gz	0.0161748
data/genomes/562.23069.fna.gz	0.0117791
data/genomes/562.23070.fna.gz	0.0122419
data/genomes/562.23071.fna.gz	0.0118063
data/genomes/562.23072.fna.gz	0.0129868
data/genomes/562.23073.fna.gz	0.0134378
data/genomes/562.23074.fna.gz	0.0162415
data/genomes/562.23075.fna.gz	0.0132039
data/genomes/562.23076.fna.gz	0.0294706
data/genomes/562.23077.fna.gz	0.0137886
data/genomes/562.23078.fna.gz	0.0322598
data/genomes/562.23079.fna.gz	0.0319897
data/genomes/562.23080.fna.gz	0.0127151
data/genomes/562.23081.fna.gz	0.0117428
data/genomes/562.23082.fna.gz	0.0129006
data/genomes/562.23083.fna.gz	0.0123022
data/genomes/562.23084.fna.gz	0.0122511
data/genomes/562.23085.fna.gz	0.0124467
data/genomes/562.23086.fna.gz	0.0134133
data/genomes/562.23087.fna.gz	0.0135804
data/genomes/562.23088.fna.gz	0.0327546
data/genomes/562.23089.fna.gz	0.0127198
data/genomes/562.23090.fna.gz	0.01163
data/genomes/562.23091.fna.gz	0.0125358
data/genomes/562.23092.fna.gz	0.0328183
data/genomes/562.23093.fna.gz	0.0121217
data/genomes/562.23094.fna.gz	0.0129006
data/genomes/562.23095.fna.gz	0.0115716
data/genomes/562.23096.fna.gz	0.0173356
data/genomes/562.23097.fna.gz	0.0120252
data/genomes/562.23098.fna.gz	0.0324903
data/genomes/562.23099.fna.gz	0.0121356
data/genomes/562.23100.fna.gz	0.0169134
data/genomes/562.23101.fna.gz	0.0329785
data/genomes/562.23102.fna.gz	0.0125264
data/genomes/562.23103.fna.gz	0.011984
data/genomes/562.23104.fna.gz	0.0128863
data/genomes/562.23105.fna.gz	0.0129677
data/genomes/562.23106.fna.gz	0.0126205
data/genomes/562.23107.fna.gz	0.0117745
data/genomes/562.23108.fna.gz	0.0169823
data/genomes/562.23109.fna.gz	0.0122975
data/genomes/562.23110.fna.gz	0.0139185
data/genomes/562.23111.fna.gz	0.0131942
data/genomes/562.23112.fna.gz	0.0169536
data/genomes/562.23113.fna.gz	0.0125076
data/genomes/562.23114.fna.gz	0.0120252
data/genomes/562.23115.fna.gz	0.0140593
data/genomes/562.23116.fna.gz	0.0327439
data/genomes/562.23117.fna.gz	0.0316098
data/genomes/562.23118.fna.gz	0.013724
data/genomes/562.23119.fna.gz	0.0127056
data/genomes/562.23120.fna.gz	0.0127245
data/genomes/562.23121.fna.gz	0.0118881
data/genomes/562.23122.fna.gz	0.0129581
data/genomes/562.23123.fna.gz	0.0127862
data/genomes/562.23124.fna.gz	0.0115358
data/genomes/562.23125.fna.gz	0.0326063
data/genomes/562.23126.fna.gz	0.0317837
data/genomes/562.23127.fna.gz	0.0047781
data/genomes/562.23128.fna.gz	0.0132039
data/genomes/562.23129.fna.gz	0.032564
data/genomes/562.23130.fna.gz	0.0327652
data/genomes/562.23131.fna.gz	0.0327971
data/genomes/562.23132.fna.gz	0.0310544
data/genomes/562.23133.fna.gz	0.0309845
data/genomes/562.23134.fna.gz	0.0342589
data/genomes/562.23136.fna.gz	0.0125452
data/genomes/562.23137.fna.gz	0.0123115
data/genomes/562.23138.fna.gz	0.0321348
data/genomes/562.23139.fna.gz	0.01192
data/genomes/562.23140.fna.gz	0.0316813
data/genomes/562.23142.fna.gz	0.0166344
data/genomes/562.23143.fna.gz	0.01334
data/genomes/562.23144.fna.gz	0.0171322
data/genomes/562.23145.fna.gz	0.0318659
data/genomes/562.23146.fna.gz	0.0126441
data/genomes/562.23147.fna.gz	0.012228
data/genomes/562.23148.fna.gz	0.0138235
data/genomes/562.23149.fna.gz	0.0283604
data/genomes/562.23150.fna.gz	0.0320311
data/genomes/562.23151.fna.gz	0.013482
data/genomes/562.23152.fna.gz	0.0131603
data/genomes/562.23153.fna.gz	0.0333447
data/genomes/562.23154.fna.gz	0.0126819
data/genomes/562.23155.fna.gz	0.0136447
data/genomes/562.23156.fna.gz	0.0119383
data/genomes/562.23157.fna.gz	0.0281167
data/genomes/562.23159.fna.gz	0.0169077
data/genomes/562.23160.fna.gz	0.011879
data/genomes/562.23161.fna.gz	0.0129293
data/genomes/562.23162.fna.gz	0.0127862
data/genomes/562.23163.fna.gz	0.0335952
data/genomes/562.23164.fna.gz	0.0280181
data/genomes/562.23165.fna.gz	0.0331825
data/genomes/562.23166.fna.gz	0.0331287
data/genomes/562.23167.fna.gz	0.0173707
data/genomes/562.23168.fna.gz	0.0117428
data/genomes/562.23169.fna.gz	0.013083
data/genomes/562.23170.fna.gz	0.0325113
data/genomes/562.23171.fna.gz	0.032
data/genomes/562.23172.fna.gz	0.0163531
data/genomes/562.23173.fna.gz	0.0283876
data/genomes/562.23174.fna.gz	0.0130349
data/genomes/562.23175.fna.gz	0.012791
data/genomes/562.23176.fna.gz	0.0274687
data/genomes/562.23177.fna.gz	0.0250724
data/genomes/562.23178.fna.gz	0.030677
data/genomes/562.23179.fna.gz	0.00521614
data/genomes/562.23180.fna.gz	0.0127435
data/genomes/562.23181.fna.gz	0.0167991
data/genomes/562.23182.fna.gz	0.0119931
data/genomes/562.23183.fna.gz	0.0128053
data/genomes/562.23184.fna.gz	0.0123161
data/genomes/562.23185.fna.gz	0.0129389
data/genomes/562.23186.fna.gz	0.0331179
data/genomes/562.23187.fna.gz	0.0116706
data/genomes/562.23188.fna.gz	0.0122094
data/genomes/562.23189.fna.gz	0.0172192
data/genomes/562.23190.fna.gz	0.0124561
data/genomes/562.23191.fna.gz	0.0171322
data/genomes/562.23192.fna.gz	0.0133352
data/genomes/562.23193.fna.gz	0.0132378
data/genomes/562.23194.fna.gz	0.0172134
data/genomes/562.23195.fna.gz	0.0170226
data/genomes/562.23196.fna.gz	0.0121217
data/genomes/562.23197.fna.gz	0.0127056
data/genomes/562.23198.fna.gz	0.0130879
data/genomes/562.23199.fna.gz	0.0170399
data/genomes/562.23200.fna.gz	0.0172482
data/genomes/562.23201.fna.gz	0.0127198
data/genomes/562.23202.fna.gz	0.0134967
data/genomes/562.23203.fna.gz	0.0134574
data/genomes/562.23204.fna.gz	0.00465846
data/genomes/562.23205.fna.gz	0.0318351
data/genomes/562.23206.fna.gz	0.0332797
data/genomes/562.23207.fna.gz	0.0124888
data/genomes/562.23208.fna.gz	0.0117021
data/genomes/562.23209.fna.gz	0.0119155
data/genomes/562.23210.fna.gz	0.0120573
data/genomes/562.23211.fna.gz	0.0126064
data/genomes/562.23212.fna.gz	0.0172832
data/genomes/562.23213.fna.gz	0.0123394
data/genomes/562.23214.fna.gz	0.0118927
data/genomes/562.23215.fna.gz	0.0155242
data/genomes/562.23216.fna.gz	0.0327971
data/genomes/562.23217.fna.gz	0.0132427
data/genomes/562.23218.fna.gz	0.0128243
data/genomes/562.23219.fna.gz	0.0126961
data/genomes/562.23220.fna.gz	0.0110138
data/genomes/562.23221.fna.gz	0.0333773
data/genomes/562.23222.fna.gz	0.0133938
data/genomes/562.23223.fna.gz	0.0162193
data/genomes/562.23224.fna.gz	0.0121817
data/genomes/562.23225.fna.gz	0.0133938
data/genomes/562.23226.fna.gz	0.017138
data/genomes/562.23227.fna.gz	0.0125875
data/genomes/562.23228.fna.gz	0.0138185
data/genomes/562.23229.fna.gz	0.0180589
data/genomes/562.23230.fna.gz	0.0126866
data/genomes/562.23231.fna.gz	0.0176885
data/genomes/562.23232.fna.gz	0.033161
data/genomes/562.23233.fna.gz	0.0322702
data/genomes/562.23234.fna.gz	0.0130493
data/genomes/562.23235.fna.gz	0.0158116
data/genomes/562.23236.fna.gz	0.0128911
data/genomes/562.23237.fna.gz	0.0123394
data/genomes/562.23238.fna.gz	0.012915
data/genomes/562.23239.fna.gz	0.0169938
data/genomes/562.23240.fna.gz	0.0133352
data/genomes/562.23241.fna.gz	0.0120619
data/genomes/562.23242.fna.gz	0.013267
data/genomes/562.23243.fna.gz	0.0119565
data/genomes/562.23244.fna.gz	0.011829
data/genomes/562.23245.fna.gz	0.0285971
data/genomes/562.23246.fna.gz	0.0326063
data/genomes/562.23247.fna.gz	0.0118335
data/genomes/562.23248.fna.gz	0.0180649
data/genomes/562.23249.fna.gz	0.01177
data/genomes/562.23250.fna.gz	0.0320414
data/genomes/562.23251.fna.gz	0.0130975
data/genomes/562.23252.fna.gz	0.0284603
data/genomes/562.23253.fna.gz	0.0158171
data/genomes/562.23254.fna.gz	0.0332365
data/genomes/562.23255.fna.gz	0.0292262
data/genomes/562.23256.fna.gz	0.0274863
data/genomes/562.23257.fna.gz	0.013267
data/genomes/562.23258.fna.gz	0.0331072
data/genomes/562.23259.fna.gz	0.0167763
data/genomes/562.23260.fna.gz	0.0326697
data/genomes/562.23261.fna.gz	0.0170283
data/genomes/562.23262.fna.gz	0.0120482
data/genomes/562.23263.fna.gz	0.015267
data/genomes/562.23264.fna.gz	0.0325851
data/genomes/562.23265.fna.gz	0.0332365
data/genomes/562.23266.fna.gz	0.012131
data/genomes/562.23267.fna.gz	0.0124888
data/genomes/562.23268.fna.gz	0.0115268
data/genomes/562.23269.fna.gz	0.0162805
data/genomes/562.23270.fna.gz	0.0133987
data/genomes/562.23271.fna.gz	0.011657
data/genomes/562.23272.fna.gz	0.0330535
data/genomes/562.23273.fna.gz	0.0177895
data/genomes/562.23274.fna.gz	0.0118017
data/genomes/562.23275.fna.gz	0.0124888
data/genomes/562.23276.fna.gz	0.0131893
data/genomes/562.23277.fna.gz	0.0137438
data/genomes/562.23278.fna.gz	0.0320933
data/genomes/562.23279.fna.gz	0.0320621
data/genomes/562.23280.fna.gz	0.0126725
data/genomes/562.23281.fna.gz	0.0334316
data/genomes/562.23282.fna.gz	0.0180288
data/genomes/562.23283.fna.gz	0.0148553
data/genomes/562.23284.fna.gz	0.0177597
data/genomes/562.23285.fna.gz	0.016674
data/genomes/562.23286.fna.gz	0.0342589
data/genomes/562.23287.fna.gz	0.0317427
data/genomes/562.23288.fna.gz	0.033323
data/genomes/562.23289.fna.gz	0.0124654
data/genomes/562.23290.fna.gz	0.0335624
data/genomes/562.23291.fna.gz	0.0118426
data/genomes/562.23292.fna.gz	0.013615
data/genomes/562.23293.fna.gz	0.011612
data/genomes/562.23294.fna.gz	0.01163
data/genomes/562.23295.fna.gz	0.0115806
data/genomes/562.23296.fna.gz	0.0136645
data/genomes/562.23297.fna.gz	0.0158335
data/genomes/562.23298.fna.gz	0.0336061
data/genomes/562.23299.fna.gz	0.0126961
data/genomes/562.23300.fna.gz	0.0116435
data/genomes/562.23301.fna.gz	0.0127198
data/genomes/562.23302.fna.gz	0.0334316
data/genomes/562.23303.fna.gz	0.0119155
data/genomes/562.23304.fna.gz	0.0121771
data/genomes/562.23305.fna.gz	0.0173707
data/genomes/562.23306.fna.gz	0.0173707
data/genomes/562.23308.fna.gz	0.0120757
data/genomes/562.23309.fna.gz	0.0118517
data/genomes/562.23310.fna.gz	0.0119063
data/genomes/562.23311.fna.gz	0.0177538
data/genomes/562.23312.fna.gz	0.0117021
data/genomes/562.23313.fna.gz	0.0122419
data/genomes/562.23314.fna.gz	0.0339362
data/genomes/562.23315.fna.gz	0.0137389
data/genomes/562.23316.fna.gz	0.0119063
data/genomes/562.23317.fna.gz	0.0341695
data/genomes/562.23318.fna.gz	0.0157789
data/genomes/562.23319.fna.gz	0.0129102
data/genomes/562.23320.fna.gz	0.0116661
data/genomes/562.23321.fna.gz	0.0172715
data/genomes/562.23322.fna.gz	0.0333664
data/genomes/562.23323.fna.gz	0.0141756
data/genomes/562.23324.fna.gz	0.011097
data/genomes/562.23325.fna.gz	0.0126347
data/genomes/562.23326.fna.gz	0.0157082
data/genomes/562.23327.fna.gz	0.0325008
data/genomes/562.23328.fna.gz	0.0170918
data/genomes/562.23329.fna.gz	0.016482
data/genomes/562.23330.fna.gz	0.0349726
data/genomes/562.23331.fna.gz	0.0140794
data/genomes/562.23332.fna.gz	0.0283785
data/genomes/562.23333.fna.gz	0.013199
data/genomes/562.23334.fna.gz	0.0127056
data/genomes/562.23335.fna.gz	0.0130541
data/genomes/562.23336.fna.gz	0.0158827
data/genomes/562.23338.fna.gz	0.0169996
data/genomes/562.23339.fna.gz	0.0128672
data/genomes/562.23340.fna.gz	0.0131845
data/genomes/562.23341.fna.gz	0.0327546
data/genomes/562.23342.fna.gz	0.0120849
data/genomes/562.23343.fna.gz	0.0121771
data/genomes/562.23344.fna.gz	0.0149234
data/genomes/562.23345.fna.gz	0.0335405
data/genomes/562.23346.fna.gz	0.0149443
data/genomes/562.23347.fna.gz	0.0180348
data/genomes/562.23348.fna.gz	0.0177835
data/genomes/562.23349.fna.gz	0.0132476
data/genomes/562.23350.fna.gz	0.013482
data/genomes/562.23352.fna.gz	0.0129581
data/genomes/562.23353.fna.gz	0.0336828
data/genomes/562.23354.fna.gz	0.0120895
data/genomes/562.23356.fna.gz	0.032
data/genomes/562.23357.fna.gz	0.013482
data/genomes/562.23358.fna.gz	0.0118335
data/genomes/562.23359.fna.gz	0.0172076
data/genomes/562.23360.fna.gz	0.015535
data/genomes/562.23361.fna.gz	0.00340479
data/genomes/562.23362.fna.gz	0.0254596
data/genomes/562.23363.fna.gz	0.0114063
data/genomes/562.23364.fna.gz	0.0248572
data/genomes/562.23365.fna.gz	0.0177063
data/genomes/562.23366.fna.gz	0.0328077
data/genomes/562.23367.fna.gz	0.027893
data/genomes/562.23368.fna.gz	0.0310244
data/genomes/562.23369.fna.gz	0.0337927
data/genomes/562.23370.fna.gz	0.0320725
data/genomes/562.23371.fna.gz	0.0174527
data/genomes/562.23372.fna.gz	0.0317427
data/genomes/562.23373.fna.gz	0.0323015
data/genomes/562.23374.fna.gz	0.0133498
data/genomes/562.23375.fna.gz	0.0174175
data/genomes/562.23376.fna.gz	0.013233
data/genomes/562.23377.fna.gz	0.0174585
data/genomes/562.23378.fna.gz	0.0120619
data/genomes/562.23379.fna.gz	0.0134427
data/genomes/562.23380.fna.gz	0.0116075
data/genomes/562.23381.fna.gz	0.0121632
data/genomes/562.23382.fna.gz	0.015299
data/genomes/562.23383.fna.gz	0.0331825
data/genomes/562.23384.fna.gz	0.0291141
data/genomes/562.23385.fna.gz	0.03454
data/genomes/562.23386.fna.gz	0.0125875
data/genomes/562.23387.fna.gz	0.0325851
data/genomes/562.23388.fna.gz	0.012154
data/genomes/562.23389.fna.gz	0.0276624
data/genomes/562.23390.fna.gz	0.0320311
data/genomes/562.23391.fna.gz	0.0323538
data/genomes/562.23392.fna.gz	0.0120665
data/genomes/562.23393.fna.gz	0.0172018
data/genomes/562.23394.fna.gz	0.00583497
data/genomes/562.23395.fna.gz	0.0167934
data/genomes/562.23396.fna.gz	0.0174527
data/genomes/562.23398.fna.gz	0.017086
data/genomes/562.23399.fna.gz	0.0170456
data/genomes/562.23400.fna.gz	0.0334098
data/genomes/562.23401.fna.gz	0.0162861
data/genomes/562.23402.fna.gz	0.0306671
data/genomes/562.23403.fna.gz	0.0177182
data/genomes/562.23406.fna.gz	0.0317222
data/genomes/562.23407.fna.gz	0.0153738
data/genomes/562.23408.fna.gz	0.0134722
data/genomes/562.23409.fna.gz	0.0121771
data/genomes/562.23410.fna.gz	0.0181554
data/genomes/562.23411.fna.gz	0.0128863
data/genomes/562.23412.fna.gz	0.0136595
data/genomes/562.23413.fna.gz	0.0170976
data/genomes/562.23414.fna.gz	0.0130782
data/genomes/562.23415.fna.gz	0.031356
data/genomes/562.23416.fna.gz	0.0117383
data/genomes/562.23417.fna.gz	0.0111057
data/genomes/562.23418.fna.gz	0.0123533
data/genomes/562.23419.fna.gz	0.0121033
data/genomes/562.23420.fna.gz	0.032638
data/genomes/562.23421.fna.gz	0.0121863
data/genomes/562.23422.fna.gz	0.0120252
data/genomes/562.23423.fna.gz	0.0111849
data/genomes/562.23424.fna.gz	0.0155296
data/genomes/562.23425.fna.gz	0.0140139
data/genomes/562.23426.fna.gz	0.0128624
data/genomes/562.23427.fna.gz	0.0126111
data/genomes/562.23428.fna.gz	0.0177241
data/genomes/562.23429.fna.gz	0.0326063
data/genomes/562.23430.fna.gz	0.0122465
data/genomes/562.23431.fna.gz	0.0110794
data/genomes/562.23432.fna.gz	0.0327015
data/genomes/562.23433.fna.gz	0.0332689
data/genomes/562.23435.fna.gz	0.0331395
data/genomes/562.23436.fna.gz	0.0325957
data/genomes/562.23437.fna.gz	0.032893
data/genomes/562.23438.fna.gz	0.0328823
data/genomes/562.23439.fna.gz	0.0127958
data/genomes/562.23440.fna.gz	0.0328183
data/genomes/562.23441.fna.gz	0.0315181
data/genomes/562.23442.fna.gz	0.0119428
data/genomes/562.23443.fna.gz	0.0333014
data/genomes/562.23444.fna.gz	0.0126299
data/genomes/562.23445.fna.gz	0.0137637
data/genomes/562.23446.fna.gz	0.0122511
data/genomes/562.23447.fna.gz	0.0300046
data/genomes/562.23448.fna.gz	0.0314877
data/genomes/562.23449.fna.gz	0.0122141
data/genomes/562.23450.fna.gz	0.0314572
data/genomes/562.23451.fna.gz	0.0170456
data/genomes/562.23452.fna.gz	0.0335078
data/genomes/562.23453.fna.gz	0.0318248
data/genomes/562.23454.fna.gz	0.0170687
data/genomes/562.23455.fna.gz	0.000651194
data/genomes/562.23456.fna.gz	0.0156268
data/genomes/562.23457.fna.gz	0.0175762
data/genomes/562.23458.fna.gz	0.0169364
data/genomes/562.23459.fna.gz	0.0134133
data/genomes/562.23460.fna.gz	0.0125029
data/genomes/562.23461.fna.gz	0.0174879
data/genomes/562.23462.fna.gz	0.0319897
data/genomes/562.23463.fna.gz	0.0177241
data/genomes/562.23464.fna.gz	0.0124748
data/genomes/562.23465.fna.gz	0.0332797
data/genomes/562.23467.fna.gz	0.0326909
data/genomes/562.23468.fna.gz	0.0334207
data/genomes/562.23469.fna.gz	0.0143691
data/genomes/562.23470.fna.gz	0.0331287
data/genomes/562.23471.fna.gz	0.0122882
data/genomes/562.23472.fna.gz	0.0333122
data/genomes/562.23473.fna.gz	0.0322285
data/genomes/562.23474.fna.gz	0.0170918
data/genomes/562.23475.fna.gz	0.0130541
data/genomes/562.23476.fna.gz	0.0344836
data/genomes/562.23477.fna.gz	0.0324272
data/genomes/562.23478.fna.gz	0.017653
data/genomes/562.23479.fna.gz	0.0133791
data/genomes/562.23480.fna.gz	0.0169708
data/genomes/562.23481.fna.gz	0.0293763
data/genomes/562.23482.fna.gz	0.0114285
data/genomes/562.23483.fna.gz	0.0165722
data/genomes/562.23484.fna.gz	0.0322389
data/genomes/562.23485.fna.gz	0.0124187
data/genomes/562.23486.fna.gz	0.0322285
data/genomes/562.23487.fna.gz	0.017736
data/genomes/562.23488.fna.gz	0.017138
data/genomes/562.23489.fna.gz	0.0115806
data/genomes/562.23490.fna.gz	0.0330749
data/genomes/562.23491.fna.gz	0.0326486
data/genomes/562.23492.fna.gz	0.0127482
data/genomes/562.23493.fna.gz	0.0161804
data/genomes/562.23494.fna.gz	0.0322076
data/genomes/562.23495.fna.gz	0.0146937
data/genomes/562.23496.fna.gz	0.01334
data/genomes/562.23497.fna.gz	0.0326063
data/genomes/562.23498.fna.gz	0.0128386
data/genomes/562.23499.fna.gz	0.0280987
data/genomes/562.23500.fna.gz	0.0133303
data/genomes/562.23501.fna.gz	0.0173415
data/genomes/562.23502.fna.gz	0.0120757
data/genomes/562.23503.fna.gz	0.0321036
data/genomes/562.23504.fna.gz	0.0282157
data/genomes/562.23505.fna.gz	0.0173941
data/genomes/562.23506.fna.gz	0.0132864
data/genomes/562.23507.fna.gz	0.0317222
data/genomes/562.23508.fna.gz	0.0169938
data/genomes/562.23509.fna.gz	0.016009
data/genomes/562.23510.fna.gz	0.0333339
data/genomes/562.23511.fna.gz	0.0335624
data/genomes/562.23512.fna.gz	0.0125875
data/genomes/562.23513.fna.gz	0.012772
data/genomes/562.23514.fna.gz	0.0332257
data/genomes/562.23515.fna.gz	0.0327652
data/genomes/562.23516.fna.gz	0.0130541
data/genomes/562.23517.fna.gz	0.0126488
data/genomes/562.23518.fna.gz	0.0126725
data/genomes/562.23519.fna.gz	0.0127815
data/genomes/562.23520.fna.gz	0.0320829
data/genomes/562.23521.fna.gz	0.0323329
data/genomes/562.23522.fna.gz	0.0100582
data/genomes/562.23523.fna.gz	0.0124795
data/genomes/562.23524.fna.gz	0.0332041
data/genomes/562.23525.fna.gz	0.0329892
data/genomes/562.23526.fna.gz	0.0127958
data/genomes/562.23527.fna.gz	0.0126536
data/genomes/562.23528.fna.gz	0.028588
data/genomes/562.23529.fna.gz	0.0330427
data/genomes/562.23530.fna.gz	0.0334424
data/genomes/562.23531.fna.gz	0.0328183
data/genomes/562.23532.fna.gz	0.0179687
data/genomes/562.23533.fna.gz	0.0119886
data/genomes/562.23534.fna.gz	0.0120757
data/genomes/562.23535.fna.gz	0.0320414
data/genomes/562.23536.fna.gz	0.0310344
data/genomes/562.23537.fna.gz	0.0049846
data/genomes/562.23538.fna.gz	0.0324167
data/genomes/562.23539.fna.gz	0.0173006
data/genomes/562.23540.fna.gz	0.0117881
data/genomes/562.23541.fna.gz	0.0282518
data/genomes/562.23542.fna.gz	0.0174351
data/genomes/562.23543.fna.gz	0.0312651
data/genomes/562.23544.fna.gz	0.0130686
data/genomes/562.23545.fna.gz	0.0125029
data/genomes/562.23546.fna.gz	0.0130205
data/genomes/562.23547.fna.gz	0.0119565
data/genomes/562.23548.fna.gz	0.0124373
data/genomes/562.23549.fna.gz	0.011491
data/genomes/562.23550.fna.gz	0.0316915
data/genomes/562.23551.fna.gz	0.0174116
data/genomes/562.23552.fna.gz	0.0113174
data/genomes/562.23553.fna.gz	0.032638
data/genomes/562.23554.fna.gz	0.0330213
data/genomes/562.23555.fna.gz	0.0331502
data/genomes/562.23556.fna.gz	0.0121079
data/genomes/562.23557.fna.gz	0.0156973
data/genomes/562.23558.fna.gz	0.0179328
data/genomes/562.23559.fna.gz	0.0285058
data/genomes/562.23560.fna.gz	0.0120665
data/genomes/562.23561.fna.gz	0.0124327
data/genomes/562.23562.fna.gz	0.0323434
data/genomes/562.23563.fna.gz	0.0125875
data/genomes/562.23564.fna.gz	0.0128386
data/genomes/562.23565.fna.gz	0.0163754
data/genomes/562.23566.fna.gz	0.018089
data/genomes/562.23567.fna.gz	0.0163754
data/genomes/562.23568.fna.gz	0.0327546
data/genomes/562.23569.fna.gz	0.0282067
data/genomes/562.23570.fna.gz	0.0121632
data/genomes/562.23571.fna.gz	0.0174527
data/genomes/562.23572.fna.gz	0.0163531
data/genomes/562.23573.fna.gz	0.0321452
data/genomes/562.23574.fna.gz	0.0170745
data/genomes/562.23575.fna.gz	0.0122882
data/genomes/562.23576.fna.gz	0.0122141
data/genomes/562.23577.fna.gz	0.0122836
data/genomes/562.23578.fna.gz	0.0124935
data/genomes/562.23579.fna.gz	0.0117745
data/genomes/562.23580.fna.gz	0.0314572
data/genomes/562.23581.fna.gz	0.0288451
data/genomes/562.23582.fna.gz	0.0323853
data/genomes/562.23583.fna.gz	0.0349497
data/genomes/562.23584.fna.gz	0.0119246
data/genomes/562.23585.fna.gz	0.0116931
data/genomes/562.23586.fna.gz	0.0111409
data/genomes/562.23587.fna.gz	0.0137339
data/genomes/562.23588.fna.gz	0.0116165
data/genomes/562.23589.fna.gz	0.025419
data/genomes/562.23590.fna.gz	0.0136942
data/genomes/562.23591.fna.gz	0.0326591
data/genomes/562.23592.fna.gz	0.0328396
data/genomes/562.23593.fna.gz	0.0173648
data/genomes/562.23594.fna.gz	0.0317324
data/genomes/562.23595.fna.gz	0.0316915
data/genomes/562.23596.fna.gz	0.01104
data/genomes/562.23597.fna.gz	0.012386
data/genomes/562.23598.fna.gz	0.012772
data/genomes/562.23599.fna.gz	0.0125593
data/genomes/562.23600.fna.gz	0.0324062
data/genomes/562.23601.fna.gz	0.0321348
data/genomes/562.23602.fna.gz	0.0119291
data/genomes/562.23603.fna.gz	0.0328716
data/genomes/562.23604.fna.gz	0.0126725
data/genomes/562.23605.fna.gz	0.0132233
data/genomes/562.23606.fna.gz	0.0329571
data/genomes/562.23607.fna.gz	0.0331718
data/genomes/562.23608.fna.gz	0.0329892
data/genomes/562.23609.fna.gz	0.011984
data/genomes/562.23610.fna.gz	0.0174585
data/genomes/562.23611.fna.gz	0.027893
data/genomes/562.23612.fna.gz	0.0328396
data/genomes/562.23613.fna.gz	0.0125734
data/genomes/562.23614.fna.gz	0.015331
data/genomes/562.23615.fna.gz	0.0171902
data/genomes/562.23616.fna.gz	0.0315181
data/genomes/562.23617.fna.gz	0.0172308
data/genomes/562.23618.fna.gz	0.0328823
data/genomes/562.23619.fna.gz	0.0124935
data/genomes/562.23620.fna.gz	0.0129581
data/genomes/562.23621.fna.gz	0.0326591
data/genomes/562.23622.fna.gz	0.0126064
data/genomes/562.23623.fna.gz	0.0174058
data/genomes/562.23624.fna.gz	0.0243228
data/genomes/562.23625.fna.gz	0.00347214
data/genomes/562.23626.fna.gz	0.0327227
data/genomes/562.23627.fna.gz	0.0122002
data/genomes/562.23628.fna.gz	0.0130349
data/genomes/562.23629.fna.gz	0.0124
data/genomes/562.23630.fna.gz	0.0248016
data/genomes/562.23631.fna.gz	0.0166627
data/genomes/562.23632.fna.gz	0.0115134
data/genomes/562.23633.fna.gz	0.0176234
data/genomes/562.23634.fna.gz	0.0119886
data/genomes/562.23635.fna.gz	0.0120941
data/genomes/562.23636.fna.gz	0.0335514
data/genomes/562.23637.fna.gz	0.0116796
data/genomes/562.23638.fna.gz	0.0051
data/genomes/562.23639.fna.gz	0.032861
data/genomes/562.23640.fna.gz	0.0337487
data/genomes/562.23641.fna.gz	0.0284876
data/genomes/562.23642.fna.gz	0.0169536
data/genomes/562.23643.fna.gz	0.0121263
data/genomes/562.23644.fna.gz	0.0156376
data/genomes/562.23645.fna.gz	0.0317017
data/genomes/562.23646.fna.gz	0.0173065
data/genomes/562.23647.fna.gz	0.012228
data/genomes/562.23648.fna.gz	0.0324272
data/genomes/562.23649.fna.gz	0.0274337
data/genomes/562.23650.fna.gz	0.00478758
data/genomes/562.23651.fna.gz	0.0140492
data/genomes/562.23652.fna.gz	0.0283785
data/genomes/562.23653.fna.gz	0.0176648
data/genomes/562.23654.fna.gz	0.0143589
data/genomes/562.23655.fna.gz	0.0120711
data/genomes/562.23656.fna.gz	0.0128863
data/genomes/562.23657.fna.gz	0.0132281
data/genomes/562.23658.fna.gz	0.0302172
data/genomes/562.23790.fna.gz	0.0329677
data/genomes/562.23791.fna.gz	0.0166287
data/genomes/562.23792.fna.gz	0.0170053
data/genomes/562.23854.fna.gz	0.032638
data/genomes/562.23866.fna.gz	0.0334533
data/genomes/562.23867.fna.gz	0.0136645
data/genomes/562.28131.fna.gz	0.0348696
data/genomes/562.28132.fna.gz	0.0343823
data/genomes/562.28389.fna.gz	0.0273637
data/genomes/562.28434.fna.gz	0.031969
data/genomes/562.28435.fna.gz	0.0333014
data/genomes/562.28563.fna.gz	0.0332041
data/genomes/562.28565.fna.gz	0.0314978
data/genomes/562.28566.fna.gz	0.0326909
data/genomes/562.28567.fna.gz	0.0169249
data/genomes/562.28805.fna.gz	0.033032
data/genomes/562.28838.fna.gz	0.0178969
data/genomes/562.28839.fna.gz	0.0168276
data/genomes/562.28840.fna.gz	0.033399
data/genomes/562.28841.fna.gz	0.0343486
data/genomes/562.28844.fna.gz	0.0179088
data/genomes/562.28845.fna.gz	0.0181131
data/genomes/562.28846.fna.gz	0.0173707
data/genomes/562.29003.fna.gz	0.01773
data/genomes/562.29006.fna.gz	0.0332473
data/genomes/562.29007.fna.gz	0.0353536
data/genomes/562.29008.fna.gz	0.0342142
data/genomes/562.29139.fna.gz	0.0179867
data/genomes/562.30349.fna.gz	0.0296601
data/genomes/562.30362.fna.gz	0.0343598
data/genomes/562.30434.fna.gz	0.0326697
data/genomes/562.30435.fna.gz	0.0173531
data/genomes/562.31449.fna.gz	0.0337597
data/genomes/562.31450.fna.gz	0.0335624
data/genomes/562.31451.fna.gz	0.0336937
data/genomes/562.31452.fna.gz	0.0334751
data/genomes/562.31454.fna.gz	0.0327439
data/genomes/562.31457.fna.gz	0.0342254
data/genomes/562.31458.fna.gz	0.03454
data/genomes/562.31459.fna.gz	0.0143027
data/genomes/562.31460.fna.gz	0.032925
data/genomes/562.31462.fna.gz	0.0112731
data/genomes/562.31463.fna.gz	0.0325008
data/genomes/562.31464.fna.gz	0.0335296
data/genomes/562.31465.fna.gz	0.0113751
data/genomes/562.31466.fna.gz	0.0336828
data/genomes/562.33280.fna.gz	0.0309845
data/genomes/562.33281.fna.gz	0.0326697
data/genomes/562.34085.fna.gz	0.0174175
data/genomes/562.34086.fna.gz	0.0282067
data/genomes/562.34088.fna.gz	0.0325113
data/genomes/562.34089.fna.gz	0.016482
data/genomes/562.37106.fna.gz	0.0123254
data/genomes/562.37108.fna.gz	0.0322076
data/genomes/562.37109.fna.gz	0.0337927
data/genomes/562.37111.fna.gz	0.0338699
data/genomes/562.37112.fna.gz	0.0332797
data/genomes/562.42634.fna.gz	0.0173765
data/genomes/562.42635.fna.gz	0.0171786
data/genomes/562.42636.fna.gz	0.0136892
data/genomes/562.42637.fna.gz	0.0166004
data/genomes/562.42638.fna.gz	0.0166797
data/genomes/562.42639.fna.gz	0.0333556
data/genomes/562.42640.fna.gz	0.0166967
data/genomes/562.42641.fna.gz	0.033617
data/genomes/562.42642.fna.gz	0.0339583
data/genomes/562.42643.fna.gz	0.0129389
data/genomes/562.42644.fna.gz	0.0174527
data/genomes/562.42645.fna.gz	0.0167763
data/genomes/562.42646.fna.gz	0.0339141
data/genomes/562.42647.fna.gz	0.0324062
data/genomes/562.42648.fna.gz	0.0144562
data/genomes/562.42649.fna.gz	0.0335952
data/genomes/562.42650.fna.gz	0.017529
data/genomes/562.42651.fna.gz	0.0315487
data/genomes/562.42652.fna.gz	0.0168848
data/genomes/562.42653.fna.gz	0.0171265
data/genomes/562.42654.fna.gz	0.0327439
data/genomes/562.42655.fna.gz	0.0327121
data/genomes/562.42656.fna.gz	0.0325957
data/genomes/562.42657.fna.gz	0.0326803
data/genomes/562.42658.fna.gz	0.0340804
data/genomes/562.42659.fna.gz	0.0174351
data/genomes/562.42660.fna.gz	0.0339141
data/genomes/562.42661.fna.gz	0.0163251
data/genomes/562.42663.fna.gz	0.0168391
data/genomes/562.42664.fna.gz	0.0291234
data/genomes/562.42665.fna.gz	0.0344048
data/genomes/562.42667.fna.gz	0.0172482
data/genomes/562.42668.fna.gz	0.033032
data/genomes/562.42669.fna.gz	0.0326591
data/genomes/562.42670.fna.gz	0.0170226
data/genomes/562.42671.fna.gz	0.0168505
data/genomes/562.42672.fna.gz	0.0170283
data/genomes/562.42673.fna.gz	0.0332797
data/genomes/562.42674.fna.gz	0.0325851
data/genomes/562.42675.fna.gz	0.0170226
data/genomes/562.42676.fna.gz	0.0165835
data/genomes/562.42677.fna.gz	0.0340249
data/genomes/562.42678.fna.gz	0.0324062
data/genomes/562.42679.fna.gz	0.0326697
data/genomes/562.42680.fna.gz	0.0330964
data/genomes/562.42681.fna.gz	0.0168848
data/genomes/562.42682.fna.gz	0.0169996
data/genomes/562.42683.fna.gz	0.0167706
data/genomes/562.42684.fna.gz	0.020056
data/genomes/562.42685.fna.gz	0.0335624
data/genomes/562.42686.fna.gz	0.0343261
data/genomes/562.42687.fna.gz	0.0340693
data/genomes/562.42688.fna.gz	0.0336828
data/genomes/562.42689.fna.gz	0.0284239
data/genomes/562.42690.fna.gz	0.0329357
data/genomes/562.42691.fna.gz	0.0325219
data/genomes/562.42692.fna.gz	0.0322702
data/genomes/562.42693.fna.gz	0.0170226
data/genomes/562.42694.fna.gz	0.0174116
data/genomes/562.42695.fna.gz	0.0170226
data/genomes/562.42696.fna.gz	0.017861
data/genomes/562.42698.fna.gz	0.0178491
data/genomes/562.42699.fna.gz	0.0323434
data/genomes/562.42700.fna.gz	0.0280987
data/genomes/562.42701.fna.gz	0.0330642
data/genomes/562.42702.fna.gz	0.0169881
data/genomes/562.42703.fna.gz	0.0318145
data/genomes/562.42704.fna.gz	0.0170168
data/genomes/562.42705.fna.gz	0.0311044
data/genomes/562.42706.fna.gz	0.0179328
data/genomes/562.42707.fna.gz	0.0321348
data/genomes/562.42708.fna.gz	0.011879
data/genomes/562.42709.fna.gz	0.0364666
data/genomes/562.42710.fna.gz	0.0341584
data/genomes/562.42711.fna.gz	0.0318042
data/genomes/562.42712.fna.gz	0.0168219
data/genomes/562.42713.fna.gz	0.0294612
data/genomes/562.42714.fna.gz	0.0332689
data/genomes/562.42715.fna.gz	0.0160586
data/genomes/562.42716.fna.gz	0.0130927
data/genomes/562.42718.fna.gz	0.0178193
data/genomes/562.42719.fna.gz	0.0173415
data/genomes/562.42720.fna.gz	0.016902
data/genomes/562.42721.fna.gz	0.0322598
data/genomes/562.42722.fna.gz	0.0315588
data/genomes/562.42723.fna.gz	0.0171612
data/genomes/562.42724.fna.gz	0.0334098
data/genomes/562.42725.fna.gz	0.0165271
data/genomes/562.42726.fna.gz	0.0173065
data/genomes/562.42727.fna.gz	0.0169708
data/genomes/562.42728.fna.gz	0.0326909
data/genomes/562.42729.fna.gz	0.0338588
data/genomes/562.42730.fna.gz	0.0129341
data/genomes/562.42731.fna.gz	0.0169536
data/genomes/562.42732.fna.gz	0.032829
data/genomes/562.42733.fna.gz	0.0333014
data/genomes/562.42734.fna.gz	0.0171786
data/genomes/562.42735.fna.gz	0.0165045
data/genomes/562.42736.fna.gz	0.0140492
data/genomes/562.42737.fna.gz	0.028027
data/genomes/562.42738.fna.gz	0.0173123
data/genomes/562.42740.fna.gz	0.0285058
data/genomes/562.42741.fna.gz	0.0148135
data/genomes/562.42742.fna.gz	0.0314775
data/genomes/562.42743.fna.gz	0.030608
data/genomes/562.42744.fna.gz	0.0175526
data/genomes/562.42746.fna.gz	0.0170456
data/genomes/562.42747.fna.gz	0.0176352
data/genomes/562.42748.fna.gz	0.0312853
data/genomes/562.42749.fna.gz	0.0175408
data/genomes/562.42750.fna.gz	0.0176471
data/genomes/562.42751.fna.gz	0.0175644
data/genomes/562.42752.fna.gz	0.0325746
data/genomes/562.42753.fna.gz	0.0170976
data/genomes/562.42754.fna.gz	0.0317324
data/genomes/562.42755.fna.gz	0.017588
data/genomes/562.42756.fna.gz	0.0167365
data/genomes/562.42757.fna.gz	0.0341361
data/genomes/562.42758.fna.gz	0.0165214
data/genomes/562.42761.fna.gz	0.0171207
data/genomes/562.42762.fna.gz	0.0171554
data/genomes/562.42763.fna.gz	0.0336061
data/genomes/562.42764.fna.gz	0.0335842
data/genomes/562.42765.fna.gz	0.0174761
data/genomes/562.42766.fna.gz	0.0335842
data/genomes/562.42767.fna.gz	0.0173999
data/genomes/562.42768.fna.gz	0.0177538
data/genomes/562.42769.fna.gz	0.0335733
data/genomes/562.42770.fna.gz	0.0343823
data/genomes/562.42771.fna.gz	0.0335624
data/genomes/562.42772.fna.gz	0.0170341
data/genomes/562.42773.fna.gz	0.0168048
data/genomes/562.42774.fna.gz	0.0335952
data/genomes/562.42775.fna.gz	0.0335733
data/genomes/562.42776.fna.gz	0.0168391
data/genomes/562.42777.fna.gz	0.0172599
data/genomes/562.42778.fna.gz	0.0168505
data/genomes/562.42779.fna.gz	0.0169536
data/genomes/562.42780.fna.gz	0.0164427
data/genomes/562.42781.fna.gz	0.0172599
data/genomes/562.42782.fna.gz	0.0169077
data/genomes/562.42783.fna.gz	0.0335078
data/genomes/562.42784.fna.gz	0.0173999
data/genomes/562.42785.fna.gz	0.0158554
data/genomes/562.42786.fna.gz	0.0323329
data/genomes/562.42787.fna.gz	0.0177716
data/genomes/562.42788.fna.gz	0.0174761
data/genomes/562.42789.fna.gz	0.0174996
data/genomes/562.42790.fna.gz	0.0173298
data/genomes/562.42791.fna.gz	0.0175114
data/genomes/562.42792.fna.gz	0.0177657
data/genomes/562.42794.fna.gz	0.035226
data/genomes/562.42796.fna.gz	0.0158554
data/genomes/562.42797.fna.gz	0.0175644
data/genomes/562.42799.fna.gz	0.0177895
data/genomes/562.42800.fna.gz	0.0174761
data/genomes/562.42801.fna.gz	0.0174703
data/genomes/562.42802.fna.gz	0.0174996
data/genomes/562.42803.fna.gz	0.0176411
data/genomes/562.42804.fna.gz	0.0177479
data/genomes/562.42805.fna.gz	0.0174996
data/genomes/562.42806.fna.gz	0.0174996
data/genomes/562.42807.fna.gz	0.0167706
data/genomes/562.42808.fna.gz	0.0177954
data/genomes/562.42809.fna.gz	0.0172308
data/genomes/562.42810.fna.gz	0.0174703
data/genomes/562.42811.fna.gz	0.0407517
data/genomes/562.42812.fna.gz	0.0173648
data/genomes/562.42813.fna.gz	0.0177479
data/genomes/562.42814.fna.gz	0.0177182
data/genomes/562.42815.fna.gz	0.0407656
data/genomes/562.42816.fna.gz	0.0341249
data/genomes/562.42817.fna.gz	0.0174351
data/genomes/562.42818.fna.gz	0.161274
data/genomes/562.42819.fna.gz	0.0335733
data/genomes/562.42820.fna.gz	0.0174761
data/genomes/562.42821.fna.gz	0.0285971
data/genomes/562.42822.fna.gz	0.0329036
data/genomes/562.42823.fna.gz	0.0174996
data/genomes/562.42824.fna.gz	0.0335842
data/genomes/562.42825.fna.gz	0.0339805
data/genomes/562.42826.fna.gz	0.0176175
data/genomes/562.42827.fna.gz	0.017873
data/genomes/562.42828.fna.gz	0.0335078
data/genomes/562.42829.fna.gz	0.0172366
data/genomes/562.42830.fna.gz	0.032638
data/genomes/562.42831.fna.gz	0.0174058
data/genomes/562.42832.fna.gz	0.017653
data/genomes/562.42833.fna.gz	0.0172366
data/genomes/562.42834.fna.gz	0.0174585
data/genomes/562.42835.fna.gz	0.0311847
data/genomes/562.42836.fna.gz	0.0171091
data/genomes/562.42837.fna.gz	0.016482
data/genomes/562.42838.fna.gz	0.0105091
data/genomes/562.42839.fna.gz	0.0177063
data/genomes/562.42840.fna.gz	0.0172832
data/genomes/562.42841.fna.gz	0.0177895
data/genomes/562.42842.fna.gz	0.0330427
data/genomes/562.42843.fna.gz	0.0337377
data/genomes/562.42844.fna.gz	0.0124561
data/genomes/562.42845.fna.gz	0.01192
data/genomes/562.42846.fna.gz	0.0341027
data/genomes/562.42847.fna.gz	0.0162582
data/genomes/562.42848.fna.gz	0.0142874
data/genomes/562.42849.fna.gz	0.017138
data/genomes/562.42850.fna.gz	0.0321556
data/genomes/562.42851.fna.gz	0.0142365
data/genomes/562.42852.fna.gz	0.0167877
data/genomes/562.42853.fna.gz	0.0167081
data/genomes/562.42854.fna.gz	0.0344048
data/genomes/562.42855.fna.gz	0.0171033
data/genomes/562.42856.fna.gz	0.0165778
data/genomes/562.42857.fna.gz	0.178567
data/genomes/562.42858.fna.gz	0.0171554
data/genomes/562.42859.fna.gz	0.0181252
data/genomes/562.42860.fna.gz	0.0329464
data/genomes/562.42861.fna.gz	0.0170687
data/genomes/562.42862.fna.gz	0.017736
data/genomes/562.42863.fna.gz	0.0176471
data/genomes/562.42864.fna.gz	0.0322389
data/genomes/562.42865.fna.gz	0.017861
data/genomes/562.42866.fna.gz	0.0329677
data/genomes/562.42867.fna.gz	0.0175703
data/genomes/562.42868.fna.gz	0.0343037
data/genomes/562.42869.fna.gz	0.0343823
data/genomes/562.42870.fna.gz	0.0305294
data/genomes/562.42871.fna.gz	0.0142263
data/genomes/562.42872.fna.gz	0.028433
data/genomes/562.42873.fna.gz	0.0172018
data/genomes/562.45394.fna.gz	0.0331287
data/genomes/562.45396.fna.gz	0.0339694
data/genomes/562.45398.fna.gz	0.0139386
data/genomes/562.45399.fna.gz	0.0341027
data/genomes/562.45400.fna.gz	0.0332149
data/genomes/562.45401.fna.gz	0.0330535
data/genomes/562.45404.fna.gz	0.0172482
data/genomes/562.45585.fna.gz	0.0352029
data/genomes/562.45587.fna.gz	0.0342477
data/genomes/562.45588.fna.gz	0.0333881
data/genomes/562.45589.fna.gz	0.0342589
data/genomes/562.45591.fna.gz	0.0328503
data/genomes/562.45593.fna.gz	0.0345513
data/genomes/562.45594.fna.gz	0.0337377
data/genomes/562.45595.fna.gz	0.0330106
data/genomes/562.45596.fna.gz	0.0344836
data/genomes/562.45597.fna.gz	0.0331825
data/genomes/562.45598.fna.gz	0.0338257
data/genomes/562.45599.fna.gz	0.0337267
data/genomes/562.45601.fna.gz	0.0334316
data/genomes/562.45602.fna.gz	0.0341027
data/genomes/562.45603.fna.gz	0.0356925
data/genomes/562.45605.fna.gz	0.0339694
data/genomes/562.45606.fna.gz	0.0357278
data/genomes/562.45607.fna.gz	0.0336828
data/genomes/562.45608.fna.gz	0.0338478
data/genomes/562.45609.fna.gz	0.03471
data/genomes/562.45611.fna.gz	0.0340027
data/genomes/562.45612.fna.gz	0.033892
data/genomes/562.45614.fna.gz	0.0342925
data/genomes/562.45615.fna.gz	0.0341027
data/genomes/562.45616.fna.gz	0.0341249
data/genomes/562.45617.fna.gz	0.0320104
data/genomes/562.45618.fna.gz	0.0344611
data/genomes/562.45619.fna.gz	0.0333556
data/genomes/562.45620.fna.gz	0.0168619
data/genomes/562.45622.fna.gz	0.0351914
data/genomes/562.45623.fna.gz	0.0339583
data/genomes/562.45624.fna.gz	0.0340915
data/genomes/562.45625.fna.gz	0.0338147
data/genomes/562.45626.fna.gz	0.0347555
data/genomes/562.45627.fna.gz	0.0322076
data/genomes/562.45628.fna.gz	0.0336937
data/genomes/562.45629.fna.gz	0.0278663
data/genomes/562.45630.fna.gz	0.0343935
data/genomes/562.45631.fna.gz	0.0343598
data/genomes/562.45632.fna.gz	0.0254434
data/genomes/562.45633.fna.gz	0.0341249
data/genomes/562.45634.fna.gz	0.0330106
data/genomes/562.45635.fna.gz	0.0327015
data/genomes/562.45636.fna.gz	0.0339916
data/genomes/562.45637.fna.gz	0.0348468
data/genomes/562.45639.fna.gz	0.0340471
data/genomes/562.45640.fna.gz	0.0341361
data/genomes/562.45641.fna.gz	0.0341027
data/genomes/562.45642.fna.gz	0.0338257
data/genomes/562.45643.fna.gz	0.0254434
data/genomes/562.45644.fna.gz	0.0340138
data/genomes/562.45646.fna.gz	0.0346533
data/genomes/562.45648.fna.gz	0.0341027
data/genomes/562.45649.fna.gz	0.0334533
data/genomes/562.45650.fna.gz	0.033903
data/genomes/562.45651.fna.gz	0.0332581
data/genomes/562.45652.fna.gz	0.0347783
data/genomes/562.45653.fna.gz	0.0337267
data/genomes/562.45654.fna.gz	0.0254922
data/genomes/562.45655.fna.gz	0.0342142
data/genomes/562.45656.fna.gz	0.0254434
data/genomes/562.45657.fna.gz	0.0330213
data/genomes/562.45658.fna.gz	0.0345966
data/genomes/562.45659.fna.gz	0.0349612
data/genomes/562.45660.fna.gz	0.0336828
data/genomes/562.45662.fna.gz	0.0343935
data/genomes/562.45663.fna.gz	0.032638
data/genomes/562.45664.fna.gz	0.0251848
data/genomes/562.45665.fna.gz	0.0328396
data/genomes/562.45666.fna.gz	0.026302
data/genomes/562.45667.fna.gz	0.032564
data/genomes/562.45668.fna.gz	0.0334316
data/genomes/562.45669.fna.gz	0.0320414
data/genomes/562.45670.fna.gz	0.0335733
data/genomes/562.45671.fna.gz	0.0320311
data/genomes/562.45672.fna.gz	0.0336937
data/genomes/562.45673.fna.gz	0.0344498
data/genomes/562.45674.fna.gz	0.0351798
data/genomes/562.45675.fna.gz	0.0345513
data/genomes/562.45676.fna.gz	0.0342589
data/genomes/562.45677.fna.gz	0.0342365
data/genomes/562.45845.fna.gz	0.0324062
data/genomes/562.52722.fna.gz	0.0342589
data/genomes/562.53932.fna.gz	0.0366481
data/genomes/562.57076.fna.gz	0.032114
data/genomes/562.57077.fna.gz	0.0177004
data/genomes/562.57078.fna.gz	0.0174351
data/genomes/562.57079.fna.gz	0.0140441
data/genomes/562.57080.fna.gz	0.0174292
data/genomes/562.57081.fna.gz	0.0337377
data/genomes/562.57082.fna.gz	0.0177122
data/genomes/562.57083.fna.gz	0.0338257
data/genomes/562.57084.fna.gz	0.0310044
data/genomes/562.57085.fna.gz	0.0323538
data/genomes/562.57086.fna.gz	0.0138735
data/genomes/562.57087.fna.gz	0.0172366
data/genomes/562.57088.fna.gz	0.0170976
data/genomes/562.57089.fna.gz	0.0169823
data/genomes/562.57090.fna.gz	0.0284148
data/genomes/562.57091.fna.gz	0.0172599
data/genomes/562.57092.fna.gz	0.00962528
data/genomes/562.57093.fna.gz	0.0338478
data/genomes/562.57094.fna.gz	0.0334207
data/genomes/562.57095.fna.gz	0.034416
data/genomes/562.57096.fna.gz	0.0328183
data/genomes/562.57097.fna.gz	0.0306868
data/genomes/562.57098.fna.gz	0.0116435
data/genomes/562.57099.fna.gz	0.0325219
data/genomes/562.57100.fna.gz	0.032861
data/genomes/562.57101.fna.gz	0.00608779
data/genomes/562.57102.fna.gz	0.0339362
data/genomes/562.57103.fna.gz	0.0330749
data/genomes/562.57104.fna.gz	0.0320207
data/genomes/562.57105.fna.gz	0.0326803
data/genomes/562.57106.fna.gz	0.0329143
data/genomes/562.57107.fna.gz	0.0113263
data/genomes/562.57108.fna.gz	0.0343486
data/genomes/562.57109.fna.gz	0.0323853
data/genomes/562.57110.fna.gz	0.0311545
data/genomes/562.57111.fna.gz	0.0328183
data/genomes/562.57112.fna.gz	0.0325113
data/genomes/562.57113.fna.gz	0.0355284
data/genomes/562.57114.fna.gz	0.0335624
data/genomes/562.57115.fna.gz	0.0340138
data/genomes/562.57116.fna.gz	0.0341361
data/genomes/562.57117.fna.gz	0.0322285
data/genomes/562.57118.fna.gz	0.0326803
data/genomes/562.57119.fna.gz	0.0292824
data/genomes/562.57120.fna.gz	0.0172948
data/genomes/562.57121.fna.gz	0.0312954
data/genomes/562.57122.fna.gz	0.0335078
data/genomes/562.57123.fna.gz	0.0146885
data/genomes/562.57124.fna.gz	0.0287622
data/genomes/562.57125.fna.gz	0.0320414
data/genomes/562.57126.fna.gz	0.0125781
data/genomes/562.57127.fna.gz	0.032114
data/genomes/562.57128.fna.gz	0.0331933
data/genomes/562.57129.fna.gz	0.0279109
data/genomes/562.57130.fna.gz	0.0337817
data/genomes/562.57131.fna.gz	0.0274162
data/genomes/562.57132.fna.gz	0.0326274
data/genomes/562.57133.fna.gz	0.017289
data/genomes/562.57134.fna.gz	0.0355518
data/genomes/562.57135.fna.gz	0.0342254
data/genomes/562.57136.fna.gz	0.0343037
data/genomes/562.57137.fna.gz	0.0333447
data/genomes/562.57138.fna.gz	0.0337927
data/genomes/562.57139.fna.gz	0.032829
data/genomes/562.57140.fna.gz	0.0122141
data/genomes/562.57141.fna.gz	0.0346306
data/genomes/562.57142.fna.gz	0.0139637
data/genomes/562.57143.fna.gz	0.00363721
data/genomes/562.57144.fna.gz	0.0329571
data/genomes/562.57145.fna.gz	0.0347214
data/genomes/562.57146.fna.gz	0.0351106
data/genomes/562.57147.fna.gz	0.0344611
data/genomes/562.57148.fna.gz	0.0331287
data/genomes/562.57149.fna.gz	0.0118608
data/genomes/562.57150.fna.gz	0.0333014
data/genomes/562.57151.fna.gz	0.0117564
data/genomes/562.57152.fna.gz	0.0337157
data/genomes/562.57153.fna.gz	0.0161028
data/genomes/562.57154.fna.gz	0.0130397
data/genomes/562.57155.fna.gz	0.0129389
data/genomes/562.57156.fna.gz	0.0321348
data/genomes/562.57157.fna.gz	0.0338588
data/genomes/562.57158.fna.gz	0.0349726
data/genomes/562.57159.fna.gz	0.0321556
data/genomes/562.57160.fna.gz	0.0324587
data/genomes/562.57161.fna.gz	0.0326168
data/genomes/562.57162.fna.gz	0.0323643
data/genomes/562.57163.fna.gz	0.0353071
data/genomes/562.57164.fna.gz	0.0332257
data/genomes/562.57165.fna.gz	0.03503
data/genomes/562.57166.fna.gz	0.0340582
data/genomes/562.57167.fna.gz	0.0365996
data/genomes/562.57168.fna.gz	0.0343374
data/genomes/562.57169.fna.gz	0.0136002
data/genomes/562.57170.fna.gz	0.0328183
data/genomes/562.57171.fna.gz	0.033903
data/genomes/562.57172.fna.gz	0.0120115
data/genomes/562.57173.fna.gz	0.0337927
data/genomes/562.57174.fna.gz	0.0330213
data/genomes/562.57175.fna.gz	0.035076
data/genomes/562.57176.fna.gz	0.0333447
data/genomes/562.57177.fna.gz	0.012372
data/genomes/562.57178.fna.gz	0.011657
data/genomes/562.57179.fna.gz	0.0351106
data/genomes/562.57180.fna.gz	0.033892
data/genomes/562.57181.fna.gz	0.0112466
data/genomes/562.57182.fna.gz	0.0313357
data/genomes/562.57183.fna.gz	0.017855
data/genomes/562.57184.fna.gz	0.0330964
data/genomes/562.57185.fna.gz	0.0351683
data/genomes/562.57186.fna.gz	0.0337487
data/genomes/562.57187.fna.gz	0.0177063
data/genomes/562.57188.fna.gz	0.0833583
data/genomes/562.57189.fna.gz	0.0307362
data/genomes/562.57190.fna.gz	0.0333664
data/genomes/562.57191.fna.gz	0.013233
data/genomes/562.57192.fna.gz	0.0337707
data/genomes/562.57193.fna.gz	0.0282337
data/genomes/562.57194.fna.gz	0.0307362
data/genomes/562.57195.fna.gz	0.0331933
data/genomes/562.57196.fna.gz	0.0130782
data/genomes/562.57197.fna.gz	0.0176648
data/genomes/562.57198.fna.gz	0.0348582
data/genomes/562.57199.fna.gz	0.031794
data/genomes/562.57200.fna.gz	0.0275478
data/genomes/562.57201.fna.gz	0.0336718
data/genomes/562.57202.fna.gz	0.0275478
data/genomes/562.57203.fna.gz	0.0166627
data/genomes/562.57205.fna.gz	0.0170629
data/genomes/562.57206.fna.gz	0.0135903
data/genomes/562.57207.fna.gz	0.0320311
data/genomes/562.57208.fna.gz	0.034036
data/genomes/562.57209.fna.gz	0.0338809
data/genomes/562.57210.fna.gz	0.0125687
data/genomes/562.57211.fna.gz	0.031671
data/genomes/562.57212.fna.gz	0.0328183
data/genomes/562.57213.fna.gz	0.0327864
data/genomes/562.57214.fna.gz	0.01192
data/genomes/562.57215.fna.gz	0.0114464
data/genomes/562.57216.fna.gz	0.0343149
data/genomes/562.57217.fna.gz	0.0315792
data/genomes/562.57218.fna.gz	0.0167592
data/genomes/562.57219.fna.gz	0.0281887
data/genomes/562.57220.fna.gz	0.0341249
data/genomes/562.57221.fna.gz	0.0282067
data/genomes/562.57222.fna.gz	0.0316813
data/genomes/562.57223.fna.gz	0.0248175
data/genomes/562.57224.fna.gz	0.0348353
data/genomes/562.57225.fna.gz	0.0169766
data/genomes/562.57226.fna.gz	0.0118881
data/genomes/562.57227.fna.gz	0.0342701
data/genomes/562.57228.fna.gz	0.0118835
data/genomes/562.57229.fna.gz	0.0280808
data/genomes/562.57230.fna.gz	0.0317837
data/genomes/562.57231.fna.gz	0.0124654
data/genomes/562.57232.fna.gz	0.0328183
data/genomes/562.57233.fna.gz	0.0329571
data/genomes/562.57234.fna.gz	0.0333773
data/genomes/562.57235.fna.gz	0.0168219
data/genomes/562.57236.fna.gz	0.0317222
data/genomes/562.57237.fna.gz	0.0274687
data/genomes/562.57238.fna.gz	0.0120573
data/genomes/562.57239.fna.gz	0.0342365
data/genomes/562.57240.fna.gz	0.0335514
data/genomes/562.57241.fna.gz	0.0336828
data/genomes/562.57242.fna.gz	0.032564
data/genomes/562.57243.fna.gz	0.0323853
data/genomes/562.57244.fna.gz	0.0324167
data/genomes/562.57245.fna.gz	0.0311044
data/genomes/562.57246.fna.gz	0.0312853
data/genomes/562.57247.fna.gz	0.0309147
data/genomes/562.57248.fna.gz	0.0174938
data/genomes/562.57249.fna.gz	0.0337157
data/genomes/562.57250.fna.gz	0.0168963
data/genomes/562.57251.fna.gz	0.0277154
data/genomes/562.57252.fna.gz	0.0343598
data/genomes/562.57253.fna.gz	0.0286979
data/genomes/562.57254.fna.gz	0.0168276
data/genomes/562.57255.fna.gz	0.0330106
data/genomes/562.57256.fna.gz	0.0177004
data/genomes/562.57257.fna.gz	0.0116345
data/genomes/562.57258.fna.gz	0.0320207
data/genomes/562.57259.fna.gz	0.0285332
data/genomes/562.57260.fna.gz	0.0139085
data/genomes/562.57261.fna.gz	0.0337157
data/genomes/562.57262.fna.gz	0.034036
data/genomes/562.57263.fna.gz	0.0328823
data/genomes/562.57264.fna.gz	0.0290211
data/genomes/562.57265.fna.gz	0.0327333
data/genomes/562.57266.fna.gz	0.032564
data/genomes/562.57267.fna.gz	0.0286979
data/genomes/562.57268.fna.gz	0.0325957
data/genomes/562.57269.fna.gz	0.0123533
data/genomes/562.57270.fna.gz	0.031969
data/genomes/562.57271.fna.gz	0.0284876
data/genomes/562.57273.fna.gz	0.0176293
data/genomes/562.57274.fna.gz	0.0177479
data/genomes/562.57275.fna.gz	0.0341807
data/genomes/562.57276.fna.gz	0.0335187
data/genomes/562.57277.fna.gz	0.0173006
data/genomes/562.57278.fna.gz	0.0175467
data/genomes/562.57279.fna.gz	0.0175349
data/genomes/562.57280.fna.gz	0.0311646
data/genomes/562.57281.fna.gz	0.0274951
data/genomes/562.57282.fna.gz	0.0338809
data/genomes/562.57283.fna.gz	0.0172773
data/genomes/562.57284.fna.gz	0.0170341
data/genomes/562.57285.fna.gz	0.0326063
data/genomes/562.57286.fna.gz	0.032925
data/genomes/562.57287.fna.gz	0.0173941
data/genomes/562.57288.fna.gz	0.0309446
data/genomes/562.57289.fna.gz	0.0313863
data/genomes/562.57290.fna.gz	0.0341807
data/genomes/562.57291.fna.gz	0.0332473
data/genomes/562.57292.fna.gz	0.0341918
data/genomes/562.57293.fna.gz	0.0123813
data/genomes/562.57294.fna.gz	0.0299757
data/genomes/562.57295.fna.gz	0.033628
data/genomes/562.57296.fna.gz	0.0322702
data/genomes/562.57297.fna.gz	0.0117428
data/genomes/562.57298.fna.gz	0.0323748
data/genomes/562.57299.fna.gz	0.033628
data/genomes/562.57300.fna.gz	0.0312752
data/genomes/562.57301.fna.gz	0.0327864
data/genomes/562.57302.fna.gz	0.0338147
data/genomes/562.57303.fna.gz	0.0343823
data/genomes/562.57304.fna.gz	0.013724
data/genomes/562.57305.fna.gz	0.0355986
data/genomes/562.57306.fna.gz	0.0333664
data/genomes/562.57307.fna.gz	0.00601327
data/genomes/562.57308.fna.gz	0.0352376
data/genomes/562.57309.fna.gz	0.0112422
data/genomes/562.57310.fna.gz	0.0306868
data/genomes/562.57311.fna.gz	0.0124561
data/genomes/562.57312.fna.gz	0.0117157
data/genomes/562.57313.fna.gz	0.0339251
data/genomes/562.57314.fna.gz	0.0337707
data/genomes/562.57315.fna.gz	0.0652511
data/genomes/562.57316.fna.gz	0.0152297
data/genomes/562.57317.fna.gz	0.0338257
data/genomes/562.57318.fna.gz	0.0327652
data/genomes/562.57319.fna.gz	0.0328077
data/genomes/562.57320.fna.gz	0.0347328
data/genomes/562.57321.fna.gz	0.0320829
data/genomes/562.57322.fna.gz	0.0132864
data/genomes/562.57323.fna.gz	0.0331825
data/genomes/562.57324.fna.gz	0.0324272
data/genomes/562.57325.fna.gz	0.0131023
data/genomes/562.57326.fna.gz	0.0342589
data/genomes/562.57327.fna.gz	0.0331072
data/genomes/562.57328.fna.gz	0.033617
data/genomes/562.57329.fna.gz	0.0322076
data/genomes/562.57330.fna.gz	0.0322285
data/genomes/562.57331.fna.gz	0.0117836
data/genomes/562.57363.fna.gz	0.0311847
data/genomes/562.57364.fna.gz	0.0137687
data/genomes/562.57365.fna.gz	0.0322493
data/genomes/562.57366.fna.gz	0.0325324
data/genomes/562.57367.fna.gz	0.0317734
data/genomes/562.57368.fna.gz	0.0339694
data/genomes/562.57369.fna.gz	0.0164876
data/genomes/562.57370.fna.gz	0.0336608
data/genomes/562.57371.fna.gz	0.0165948
data/genomes/562.57372.fna.gz	0.0290396
data/genomes/562.57373.fna.gz	0.0287346
data/genomes/562.57374.fna.gz	0.0340915
data/genomes/562.57375.fna.gz	0.0164203
data/genomes/562.57376.fna.gz	0.0334098
data/genomes/562.57377.fna.gz	0.0344385
data/genomes/562.57379.fna.gz	0.0278841
data/genomes/562.57380.fna.gz	0.0171496
data/genomes/562.57381.fna.gz	0.0162805
data/genomes/562.57382.fna.gz	0.0146522
data/genomes/562.57383.fna.gz	0.0343935
data/genomes/562.57384.fna.gz	0.0276006
data/genomes/562.57385.fna.gz	0.0337927
data/genomes/562.57386.fna.gz	0.0332041
data/genomes/562.57388.fna.gz	0.034676
data/genomes/562.57389.fna.gz	0.033399
data/genomes/562.57390.fna.gz	0.0314572
data/genomes/562.57391.fna.gz	0.0326909
data/genomes/562.57392.fna.gz	0.0343935
data/genomes/562.57393.fna.gz	0.033323
data/genomes/562.57394.fna.gz	0.033892
data/genomes/562.57396.fna.gz	0.03454
data/genomes/562.57398.fna.gz	0.033903
data/genomes/562.57399.fna.gz	0.033032
data/genomes/562.57400.fna.gz	0.0311245
data/genomes/562.57401.fna.gz	0.034036
data/genomes/562.57402.fna.gz	0.0336061
data/genomes/562.57403.fna.gz	0.0174351
data/genomes/562.57404.fna.gz	0.0338037
data/genomes/562.57405.fna.gz	0.0163531
data/genomes/562.57406.fna.gz	0.0329571
data/genomes/562.57407.fna.gz	0.0341584
data/genomes/562.57409.fna.gz	0.0338588
data/genomes/562.57410.fna.gz	0.0353652
data/genomes/562.57411.fna.gz	0.0334424
data/genomes/562.57412.fna.gz	0.0330106
data/genomes/562.57413.fna.gz	0.0333339
data/genomes/562.57414.fna.gz	0.0339583
data/genomes/562.57415.fna.gz	0.0311044
data/genomes/562.57416.fna.gz	0.0333339
data/genomes/562.57417.fna.gz	0.0337267
data/genomes/562.57418.fna.gz	0.0341361
data/genomes/562.57419.fna.gz	0.0348468
data/genomes/562.57420.fna.gz	0.0333773
data/genomes/562.57421.fna.gz	0.0334969
data/genomes/562.57422.fna.gz	0.0333556
data/genomes/562.57424.fna.gz	0.0331287
data/genomes/562.57425.fna.gz	0.0338257
data/genomes/562.57426.fna.gz	0.0166174
data/genomes/562.57427.fna.gz	0.0333773
data/genomes/562.57428.fna.gz	0.0330106
data/genomes/562.57429.fna.gz	0.0337927
data/genomes/562.57430.fna.gz	0.0321348
data/genomes/562.57431.fna.gz	0.03454
data/genomes/562.57432.fna.gz	0.0338368
data/genomes/562.57433.fna.gz	0.0323853
data/genomes/562.57434.fna.gz	0.0316915
data/genomes/562.57435.fna.gz	0.035053
data/genomes/562.57436.fna.gz	0.0333773
data/genomes/562.57437.fna.gz	0.0337047
data/genomes/562.57438.fna.gz	0.0338478
data/genomes/562.57439.fna.gz	0.0324587
data/genomes/562.57440.fna.gz	0.032829
data/genomes/562.57441.fna.gz	0.0336937
data/genomes/562.57442.fna.gz	0.0344723
data/genomes/562.57443.fna.gz	0.035076
data/genomes/562.57444.fna.gz	0.032312
data/genomes/562.57446.fna.gz	0.0336718
data/genomes/562.57447.fna.gz	0.028027
data/genomes/562.57448.fna.gz	0.0337157
data/genomes/562.57449.fna.gz	0.0266909
data/genomes/562.57450.fna.gz	0.0327652
data/genomes/562.57451.fna.gz	0.0318042
data/genomes/562.57452.fna.gz	0.0168619
data/genomes/562.57453.fna.gz	0.0334098
data/genomes/562.57454.fna.gz	0.0162805
data/genomes/562.57455.fna.gz	0.0345287
data/genomes/562.57456.fna.gz	0.033399
data/genomes/562.57457.fna.gz	0.0164595
data/genomes/562.57458.fna.gz	0.0330213
data/genomes/562.57459.fna.gz	0.0334424
data/genomes/562.57460.fna.gz	0.0117067
data/genomes/562.57462.fna.gz	0.0276094
data/genomes/562.57463.fna.gz	0.0282157
data/genomes/562.57464.fna.gz	0.0284603
data/genomes/562.57465.fna.gz	0.0333447
data/genomes/562.57466.fna.gz	0.0137886
data/genomes/562.57467.fna.gz	0.0348125
data/genomes/562.57468.fna.gz	0.0170053
data/genomes/562.57469.fna.gz	0.0326697
data/genomes/562.57470.fna.gz	0.0326591
data/genomes/562.57471.fna.gz	0.0339583
data/genomes/562.57472.fna.gz	0.0282789
data/genomes/562.57473.fna.gz	0.016623
data/genomes/562.57474.fna.gz	0.0170918
data/genomes/562.57475.fna.gz	0.0165835
data/genomes/562.57478.fna.gz	0.0286245
data/genomes/562.57479.fna.gz	0.0314572
data/genomes/562.57480.fna.gz	0.0326591
data/genomes/562.57481.fna.gz	0.0165891
data/genomes/562.57482.fna.gz	0.0325324
data/genomes/562.57483.fna.gz	0.0324062
data/genomes/562.57484.fna.gz	0.0322076
data/genomes/562.57485.fna.gz	0.0166004
data/genomes/562.57486.fna.gz	0.0317017
data/genomes/562.57487.fna.gz	0.0332365
data/genomes/562.57489.fna.gz	0.0168734
data/genomes/562.57490.fna.gz	0.0310644
data/genomes/562.57491.fna.gz	0.0323643
data/genomes/562.57492.fna.gz	0.016657
data/genomes/562.57493.fna.gz	0.0161859
data/genomes/562.57494.fna.gz	0.0172948
data/genomes/562.57495.fna.gz	0.0332581
data/genomes/562.57496.fna.gz	0.0333122
data/genomes/562.57497.fna.gz	0.0165778
data/genomes/562.57498.fna.gz	0.0169249
data/genomes/562.57499.fna.gz	0.0279644
data/genomes/562.57500.fna.gz	0.0164146
data/genomes/562.57502.fna.gz	0.0166061
data/genomes/562.57503.fna.gz	0.0161804
data/genomes/562.57504.fna.gz	0.0313762
data/genomes/562.57505.fna.gz	0.0169192
data/genomes/562.57506.fna.gz	0.0342365
data/genomes/562.57507.fna.gz	0.0277863
data/genomes/562.57508.fna.gz	0.0164652
data/genomes/562.57509.fna.gz	0.034036
data/genomes/562.57510.fna.gz	0.0340693
data/genomes/562.58621.fna.gz	0.0391011
data/genomes/562.58622.fna.gz	0.0185641
data/genomes/562.58623.fna.gz	0.033323
data/genomes/562.58624.fna.gz	0.0325429
data/genomes/562.58625.fna.gz	0.0288267
data/genomes/562.58626.fna.gz	0.0381034
data/genomes/562.58627.fna.gz	0.0166854
data/genomes/562.58628.fna.gz	0.0323748
data/genomes/562.58630.fna.gz	0.0342589
data/genomes/562.58631.fna.gz	0.0179328
data/genomes/562.58632.fna.gz	0.0205925
data/genomes/562.58633.fna.gz	0.0171207
data/genomes/562.58634.fna.gz	0.033486
data/genomes/562.58635.fna.gz	0.017736
data/genomes/562.58636.fna.gz	0.0340471
data/genomes/562.58637.fna.gz	0.0191244
data/genomes/562.58638.fna.gz	0.0190867
data/genomes/562.58640.fna.gz	0.00496225
data/genomes/562.58641.fna.gz	0.017167
data/genomes/562.58642.fna.gz	0.0310744
data/genomes/562.58643.fna.gz	0.0335078
data/genomes/562.58644.fna.gz	0.0306277
data/genomes/562.58645.fna.gz	0.0208551
data/genomes/562.58646.fna.gz	0.0130975
data/genomes/562.58647.fna.gz	0.0113352
data/genomes/562.58649.fna.gz	0.0180288
data/genomes/562.58650.fna.gz	0.0328077
data/genomes/562.58651.fna.gz	0.0140341
data/genomes/562.58703.fna.gz	0.051511
data/genomes/562.58704.fna.gz	0.0357042
data/genomes/562.58705.fna.gz	0.033628
data/genomes/562.58706.fna.gz	0.0351452
data/genomes/562.58707.fna.gz	0.0335952
data/genomes/562.58708.fna.gz	0.0335078
data/genomes/562.58709.fna.gz	0.0364424
data/genomes/562.58710.fna.gz	0.0342813
data/genomes/562.58711.fna.gz	0.034371
data/genomes/562.58712.fna.gz	0.0343374
data/genomes/562.58713.fna.gz	0.0341027
data/genomes/562.58714.fna.gz	0.0336828
data/genomes/562.58715.fna.gz	0.0298701
data/genomes/562.58716.fna.gz	0.0344048
data/genomes/562.58717.fna.gz	0.0169536
data/genomes/562.58718.fna.gz	0.03471
data/genomes/562.58719.fna.gz	0.0337267
data/genomes/562.58720.fna.gz	0.0344498
data/genomes/562.58721.fna.gz	0.0342477
data/genomes/562.58722.fna.gz	0.0347328
data/genomes/562.58723.fna.gz	0.0341584
data/genomes/562.58724.fna.gz	0.0347783
data/genomes/562.58725.fna.gz	0.0276182
data/genomes/562.58726.fna.gz	0.0344723
data/genomes/562.58727.fna.gz	0.034676
data/genomes/562.58728.fna.gz	0.0338147
data/genomes/562.58729.fna.gz	0.0346646
data/genomes/562.58730.fna.gz	0.0322285
data/genomes/562.58731.fna.gz	0.0337707
data/genomes/562.58732.fna.gz	0.0336389
data/genomes/562.58733.fna.gz	0.0352029
data/genomes/562.58734.fna.gz	0.0343261
data/genomes/562.58735.fna.gz	0.0332906
data/genomes/562.58736.fna.gz	0.0329464
data/genomes/562.58737.fna.gz	0.0329571
data/genomes/562.58738.fna.gz	0.033161
data/genomes/562.58739.fna.gz	0.0339694
data/genomes/562.58740.fna.gz	0.0252653
data/genomes/562.58741.fna.gz	0.034203
data/genomes/562.58742.fna.gz	0.0340471
data/genomes/562.58743.fna.gz	0.0339473
data/genomes/562.58745.fna.gz	0.0339583
data/genomes/562.58746.fna.gz	0.0551687
data/genomes/562.58748.fna.gz	0.0335405
data/genomes/562.58749.fna.gz	0.0340582
data/genomes/562.58751.fna.gz	0.0349497
data/genomes/562.58752.fna.gz	0.0333014
data/genomes/562.58753.fna.gz	0.0383337
data/genomes/562.58754.fna.gz	0.0319174
data/genomes/562.58755.fna.gz	0.0341361
data/genomes/562.58757.fna.gz	0.032925
data/genomes/562.58758.fna.gz	0.0354583
data/genomes/562.58759.fna.gz	0.033892
data/genomes/562.58760.fna.gz	0.0335733
data/genomes/562.58761.fna.gz	0.0177597
data/genomes/562.58762.fna.gz	0.0337157
data/genomes/562.58763.fna.gz	0.0346987
data/genomes/562.58765.fna.gz	0.0339694
data/genomes/562.58766.fna.gz	0.0343374
data/genomes/562.58767.fna.gz	0.0335733
data/genomes/562.58768.fna.gz	0.0149234
data/genomes/562.58769.fna.gz	0.0330427
data/genomes/562.58770.fna.gz	0.0336389
data/genomes/562.58771.fna.gz	0.0329892
data/genomes/562.58772.fna.gz	0.0333447
data/genomes/562.58773.fna.gz	0.0339805
data/genomes/562.58774.fna.gz	0.0335405
data/genomes/562.58775.fna.gz	0.0325429
data/genomes/562.58776.fna.gz	0.0335187
data/genomes/562.58777.fna.gz	0.0336499
data/genomes/562.58778.fna.gz	0.0344949
data/genomes/562.58779.fna.gz	0.0323538
data/genomes/562.58780.fna.gz	0.0345853
data/genomes/562.58781.fna.gz	0.0337817
data/genomes/562.58782.fna.gz	0.0337707
data/genomes/562.58783.fna.gz	0.0344949
data/genomes/562.58784.fna.gz	0.0338809
data/genomes/562.58785.fna.gz	0.0339583
data/genomes/562.58786.fna.gz	0.0333881
data/genomes/562.58787.fna.gz	0.033323
data/genomes/562.58788.fna.gz	0.033323
data/genomes/562.58789.fna.gz	0.0122141
data/genomes/562.58790.fna.gz	0.0328077
data/genomes/562.58791.fna.gz	0.0338588
data/genomes/562.58792.fna.gz	0.0324062
data/genomes/562.65780.fna.gz	0.0333773
data/genomes/562.65781.fna.gz	0.0334316
data/genomes/562.65782.fna.gz	0.0339805
data/genomes/562.65783.fna.gz	0.032564
data/genomes/562.65784.fna.gz	0.0342142
data/genomes/562.65785.fna.gz	0.033486
data/genomes/562.65786.fna.gz	0.0334098
data/genomes/562.65787.fna.gz	0.0329999
data/genomes/562.65788.fna.gz	0.0339916
data/genomes/562.65789.fna.gz	0.0348011
data/genomes/562.65790.fna.gz	0.0347783
data/genomes/562.65791.fna.gz	0.0337157
data/genomes/562.65793.fna.gz	0.0339583
data/genomes/562.65794.fna.gz	0.0336828
data/genomes/562.65795.fna.gz	0.0336499
data/genomes/562.65796.fna.gz	0.0333339
data/genomes/562.65798.fna.gz	0.0329892
data/genomes/562.65799.fna.gz	0.0332041
data/genomes/562.65800.fna.gz	0.0340027
data/genomes/562.65801.fna.gz	0.0326591
data/genomes/562.65802.fna.gz	0.0339916
data/genomes/562.65803.fna.gz	0.0329999
data/genomes/562.65804.fna.gz	0.0330535
data/genomes/562.65805.fna.gz	0.0340138
data/genomes/562.65806.fna.gz	0.033486
data/genomes/562.65807.fna.gz	0.0334098
data/genomes/562.65808.fna.gz	0.0333014
data/genomes/562.65809.fna.gz	0.0336061
data/genomes/562.65810.fna.gz	0.0335514
data/genomes/562.65811.fna.gz	0.0328077
data/genomes/562.65812.fna.gz	0.032638
data/genomes/562.65813.fna.gz	0.0335842
data/genomes/562.65814.fna.gz	0.0336389
data/genomes/562.65815.fna.gz	0.033617
data/genomes/562.65816.fna.gz	0.0340138
data/genomes/562.65817.fna.gz	0.0332365
data/genomes/562.65818.fna.gz	0.0326063
data/genomes/562.65819.fna.gz	0.0340582
data/genomes/562.73346.fna.gz	0.0347214
data/genomes/562.73347.fna.gz	0.0356455
data/genomes/562.73349.fna.gz	0.033617
data/genomes/562.73350.fna.gz	0.0356455
data/genomes/562.73351.fna.gz	0.0356338
data/genomes/562.73352.fna.gz	0.0366117
data/genomes/562.73353.fna.gz	0.0337157
data/genomes/562.73354.fna.gz	0.0356455
data/genomes/562.73355.fna.gz	0.0349841
data/genomes/562.73356.fna.gz	0.0338588
data/genomes/562.73357.fna.gz	0.0349956
data/genomes/562.73358.fna.gz	0.0364424
data/genomes/562.73359.fna.gz	0.035053
data/genomes/562.73360.fna.gz	0.0335733
data/genomes/562.73363.fna.gz	0.0336499
data/genomes/562.73365.fna.gz	0.0337487
data/genomes/562.73366.fna.gz	0.0341472
data/genomes/562.73368.fna.gz	0.034371
data/genomes/562.73369.fna.gz	0.0331395
data/genomes/562.73370.fna.gz	0.033161
data/genomes/562.73372.fna.gz	0.033617
data/genomes/562.73374.fna.gz	0.0344498
data/genomes/562.73376.fna.gz	0.0341138
data/genomes/562.73377.fna.gz	0.0338037
data/genomes/562.73378.fna.gz	0.0337377
data/genomes/562.73379.fna.gz	0.0337377
data/genomes/562.73380.fna.gz	0.0349841
data/genomes/562.73382.fna.gz	0.0338257
data/genomes/562.73383.fna.gz	0.0365996
data/genomes/562.73385.fna.gz	0.033617
data/genomes/562.73386.fna.gz	0.0337927
data/genomes/562.73387.fna.gz	0.0339362
data/genomes/562.73390.fna.gz	0.0348011
data/genomes/562.73392.fna.gz	0.0353071
data/genomes/562.73393.fna.gz	0.0349956
data/genomes/562.73397.fna.gz	0.0346873
data/genomes/562.73398.fna.gz	0.0338037
data/genomes/562.7565.fna.gz	0.0338478
data/genomes/562.7566.fna.gz	0.0333122
data/genomes/562.7567.fna.gz	0.0354817
data/genomes/562.7568.fna.gz	0.0327015
data/genomes/562.7569.fna.gz	0.0337817
data/genomes/562.7570.fna.gz	0.0338368
data/genomes/562.7571.fna.gz	0.0340582
data/genomes/562.7572.fna.gz	0.034574
data/genomes/562.7573.fna.gz	0.0348925
data/genomes/562.7575.fna.gz	0.0331072
data/genomes/562.7576.fna.gz	0.0341361
data/genomes/562.7577.fna.gz	0.0341138
data/genomes/562.7578.fna.gz	0.0326591
data/genomes/562.7579.fna.gz	0.0338478
data/genomes/562.7580.fna.gz	0.035435
data/genomes/562.7581.fna.gz	0.015315
data/genomes/562.7582.fna.gz	0.0333122
data/genomes/562.7583.fna.gz	0.0334969
data/genomes/562.7584.fna.gz	0.0152563
data/genomes/562.7617.fna.gz	0.0340027
data/genomes/562.7618.fna.gz	0.0335733
data/genomes/562.7619.fna.gz	0.0353536
data/genomes/562.7621.fna.gz	0.0202335
data/genomes/562.7623.fna.gz	0.0339916
data/genomes/562.7624.fna.gz	0.0341695
data/genomes/562.7625.fna.gz	0.035076
data/genomes/562.7626.fna.gz	0.0349039
data/genomes/562.7627.fna.gz	0.052474
data/genomes/562.7628.fna.gz	0.0342589
data/genomes/562.7629.fna.gz	0.033892
data/genomes/562.7631.fna.gz	0.0338699
data/genomes/562.7632.fna.gz	0.0338257
data/genomes/562.7633.fna.gz	0.0341472
data/genomes/562.7634.fna.gz	0.0342701
data/genomes/562.7635.fna.gz	0.0341249
data/genomes/562.7636.fna.gz	0.0343598
data/genomes/562.7637.fna.gz	0.0342142
data/genomes/562.7638.fna.gz	0.035226
data/genomes/562.7639.fna.gz	0.0340693
data/genomes/562.7640.fna.gz	0.0343149
data/genomes/562.7642.fna.gz	0.0336389
data/genomes/562.7643.fna.gz	0.0333447
data/genomes/562.7644.fna.gz	0.0339694
data/genomes/562.7645.fna.gz	0.0338588
data/genomes/562.7646.fna.gz	0.0339916
data/genomes/562.7647.fna.gz	0.0342254
data/genomes/562.7648.fna.gz	0.0338478
data/genomes/562.7649.fna.gz	0.0337157
data/genomes/562.7650.fna.gz	0.0338257
data/genomes/562.7652.fna.gz	0.015828
data/genomes/562.7653.fna.gz	0.0146782
data/genomes/562.7654.fna.gz	0.0324062
data/genomes/562.7655.fna.gz	0.0340249
data/genomes/562.7656.fna.gz	0.0342254
data/genomes/562.7657.fna.gz	0.033399
data/genomes/562.7658.fna.gz	0.0341807
data/genomes/562.7659.fna.gz	0.0158992
data/genomes/562.7660.fna.gz	0.0351914
data/genomes/562.7661.fna.gz	0.0344836
data/genomes/562.7662.fna.gz	0.0346987
data/genomes/562.7663.fna.gz	0.0340804
data/genomes/562.7664.fna.gz	0.0342925
data/genomes/562.7665.fna.gz	0.0325957
data/genomes/562.7666.fna.gz	0.034416
data/genomes/562.7667.fna.gz	0.068817
data/genomes/562.7668.fna.gz	0.0368186
data/genomes/562.7669.fna.gz	0.0335514
data/genomes/562.7670.fna.gz	0.0342813
data/genomes/562.7671.fna.gz	0.0344611
data/genomes/562.7672.fna.gz	0.0332797
data/genomes/562.7673.fna.gz	0.0333664
data/genomes/562.7674.fna.gz	0.0162526
data/genomes/562.7677.fna.gz	0.033892
data/genomes/562.7678.fna.gz	0.0348925
data/genomes/562.7679.fna.gz	0.0150022
data/genomes/562.7680.fna.gz	0.033617
data/genomes/562.7681.fna.gz	0.0342365
data/genomes/562.7682.fna.gz	0.0333339
data/genomes/562.7683.fna.gz	0.0351106
data/genomes/562.7684.fna.gz	0.0341695
data/genomes/562.7685.fna.gz	0.0343261
data/genomes/562.7686.fna.gz	0.0342701
data/genomes/562.7687.fna.gz	0.0350875
data/genomes/562.7688.fna.gz	0.033399
data/genomes/562.7689.fna.gz	0.0352839
data/genomes/562.7690.fna.gz	0.0323958
data/genomes/562.7691.fna.gz	0.0158663
data/genomes/562.7693.fna.gz	0.0340915
data/genomes/562.7694.fna.gz	0.0685975
data/genomes/562.7695.fna.gz	0.0336389
data/genomes/562.7696.fna.gz	0.0133108
data/genomes/562.7697.fna.gz	0.0152404
data/genomes/562.7698.fna.gz	0.0341361
data/genomes/562.7700.fna.gz	0.0342365
data/genomes/562.7701.fna.gz	0.0355284
data/genomes/562.7702.fna.gz	0.0329143
data/genomes/562.7703.fna.gz	0.0348696
data/genomes/562.7704.fna.gz	0.0329143
data/genomes/562.7705.fna.gz	0.0340693
data/genomes/562.7706.fna.gz	0.0331287
data/genomes/562.7707.fna.gz	0.0341138
data/genomes/562.7708.fna.gz	0.0582312
data/genomes/562.7709.fna.gz	0.0342142
data/genomes/562.7710.fna.gz	0.0344498
data/genomes/562.7712.fna.gz	0.0341584
data/genomes/562.7713.fna.gz	0.0341807
data/genomes/562.7714.fna.gz	0.0345627
data/genomes/562.7717.fna.gz	0.0186998
data/genomes/562.7718.fna.gz	0.0329143
data/genomes/562.7719.fna.gz	0.0328077
data/genomes/562.7720.fna.gz	0.0324798
data/genomes/562.7721.fna.gz	0.0342813
data/genomes/562.7722.fna.gz	0.0334969
data/genomes/562.7723.fna.gz	0.0337927
data/genomes/562.7724.fna.gz	0.0344723
data/genomes/562.7725.fna.gz	0.0341027
data/genomes/562.7726.fna.gz	0.0344611
data/genomes/562.7727.fna.gz	0.0335514
data/genomes/562.7728.fna.gz	0.0337157
data/genomes/562.7729.fna.gz	0.0623675
data/genomes/562.7730.fna.gz	0.0341138
data/genomes/562.7731.fna.gz	0.0342701
data/genomes/562.7732.fna.gz	0.0335514
data/genomes/562.7733.fna.gz	0.0350185
data/genomes/562.7734.fna.gz	0.0345287
data/genomes/562.7735.fna.gz	0.0340915
data/genomes/562.7737.fna.gz	0.0340471
data/genomes/562.7738.fna.gz	0.0332689
data/genomes/562.7739.fna.gz	0.0457593
data/genomes/562.7740.fna.gz	0.0332906
data/genomes/562.7741.fna.gz	0.033323
data/genomes/562.7742.fna.gz	0.0150127
data/genomes/562.7743.fna.gz	0.0341361
data/genomes/562.7744.fna.gz	0.0337047
data/genomes/562.7745.fna.gz	0.0154059
data/genomes/562.7746.fna.gz	0.03547
data/genomes/562.7747.fna.gz	0.0335405
data/genomes/562.7749.fna.gz	0.035076
data/genomes/562.7750.fna.gz	0.0339583
data/genomes/562.7752.fna.gz	0.0153203
data/genomes/562.7753.fna.gz	0.0331072
data/genomes/562.7754.fna.gz	0.0341027
data/genomes/562.7755.fna.gz	0.033628
data/genomes/562.7757.fna.gz	0.0337597
data/genomes/562.7758.fna.gz	0.0338368
data/genomes/562.7759.fna.gz	0.0347669
data/genomes/562.7760.fna.gz	0.0153845
data/genomes/562.7761.fna.gz	0.0334098
data/genomes/562.7762.fna.gz	0.033892
data/genomes/562.7763.fna.gz	0.0412986
data/genomes/562.7765.fna.gz	0.0341807
data/genomes/562.7766.fna.gz	0.0327546
data/genomes/562.7767.fna.gz	0.0330857
data/genomes/562.7769.fna.gz	0.0341807
data/genomes/562.7770.fna.gz	0.0331395
data/genomes/562.7771.fna.gz	0.0351914
data/genomes/562.7772.fna.gz	0.0333447
data/genomes/562.7774.fna.gz	0.035076
data/genomes/562.7775.fna.gz	0.0346533
data/genomes/562.7776.fna.gz	0.0247621
data/genomes/562.7777.fna.gz	0.0342365
data/genomes/562.7778.fna.gz	0.0341249
data/genomes/562.7779.fna.gz	0.0338037
data/genomes/562.7780.fna.gz	0.0334969
data/genomes/562.7781.fna.gz	0.032925
data/genomes/562.7782.fna.gz	0.033161
data/genomes/562.7783.fna.gz	0.0137787
data/genomes/562.7784.fna.gz	0.0131845
data/genomes/562.7785.fna.gz	0.0340915
data/genomes/562.7786.fna.gz	0.0337817
data/genomes/562.7788.fna.gz	0.0340249
data/genomes/562.7789.fna.gz	0.0129341
data/genomes/562.7790.fna.gz	0.0353652
data/genomes/562.7791.fna.gz	0.0342365
data/genomes/562.7792.fna.gz	0.0159101
data/genomes/562.7793.fna.gz	0.0337047
data/genomes/562.97749.fna.gz	0.012372
data/genomes/562.97750.fna.gz	0.0114642
data/genomes/562.97751.fna.gz	0.0170745
data/genomes/562.97752.fna.gz	0.0118017
data/genomes/562.97753.fna.gz	0.0332473
data/genomes/562.97754.fna.gz	0.033323
data/genomes/562.97755.fna.gz	0.0132039
data/genomes/562.97756.fna.gz	0.0337927
data/genomes/562.97757.fna.gz	0.0130205
data/genomes/562.97758.fna.gz	0.0331718
data/genomes/562.97759.fna.gz	0.0120711
data/genomes/562.97760.fna.gz	0.0130541
data/genomes/562.97761.fna.gz	0.00355448
data/genomes/562.97762.fna.gz	0.0323434
data/genomes/562.97763.fna.gz	0.016482
data/genomes/562.97764.fna.gz	0.0284421
data/genomes/562.97765.fna.gz	0.0114419
data/genomes/562.97766.fna.gz	0.0120298
data/genomes/562.97767.fna.gz	0.0132039
data/genomes/562.97768.fna.gz	0.0114241
data/genomes/562.97769.fna.gz	0.029784
data/genomes/562.97770.fna.gz	0.0281077
data/genomes/562.97771.fna.gz	0.0122419
data/genomes/562.97772.fna.gz	0.0129389
data/genomes/562.97773.fna.gz	0.0130734
data/genomes/562.97774.fna.gz	0.0120206
data/genomes/562.97775.fna.gz	0.0145643
data/genomes/562.97777.fna.gz	0.0320104
data/genomes/562.97778.fna.gz	0.0136892
data/genomes/562.97779.fna.gz	0.0326168
data/genomes/562.97780.fna.gz	0.0323434
data/genomes/562.97781.fna.gz	0.0125358
data/genomes/562.97782.fna.gz	0.0337707
data/genomes/562.97783.fna.gz	0.0133303
data/genomes/562.97784.fna.gz	0.0280629
data/genomes/562.97786.fna.gz	0.0128291
data/genomes/562.97787.fna.gz	0.0317427
data/genomes/562.97788.fna.gz	0.012428
data/genomes/562.97789.fna.gz	0.0322076
data/genomes/562.97790.fna.gz	0.0125922
data/genomes/562.97791.fna.gz	0.0153631
data/genomes/562.97793.fna.gz	0.0326803
data/genomes/562.97794.fna.gz	0.0330857
data/genomes/562.97795.fna.gz	0.0120711
data/genomes/562.97796.fna.gz	0.0333122
data/genomes/562.97797.fna.gz	0.0125123
data/genomes/562.97798.fna.gz	0.0120619
data/genomes/562.97799.fna.gz	0.0342813
data/genomes/562.97800.fna.gz	0.0129293
data/genomes/562.97801.fna.gz	0.0111189
data/genomes/562.97802.fna.gz	0.012663
data/genomes/562.97803.fna.gz	0.0126488
data/genomes/562.97804.fna.gz	0.0119931
data/genomes/562.97805.fna.gz	0.0325535
data/genomes/562.97806.fna.gz	0.0331072
data/genomes/562.97807.fna.gz	0.0130879
data/genomes/562.97809.fna.gz	0.0250245
data/genomes/562.97810.fna.gz	0.0117202
data/genomes/562.97811.fna.gz	0.0128243
data/genomes/562.97812.fna.gz	0.0137936
data/genomes/562.97813.fna.gz	0.012191
data/genomes/562.97814.fna.gz	0.0333773
data/genomes/562.97815.fna.gz	0.0327971
data/genomes/562.97816.fna.gz	0.0120023
data/genomes/562.97817.fna.gz	0.0120206
data/genomes/562.97818.fna.gz	0.0118335
data/genomes/562.97819.fna.gz	0.0124701
data/genomes/562.97820.fna.gz	0.0278307
data/genomes/562.97821.fna.gz	0.0328183
data/genomes/562.97822.fna.gz	0.00489854
data/genomes/562.97823.fna.gz	0.0116435
data/genomes/562.97824.fna.gz	0.0324482
data/genomes/562.97825.fna.gz	0.0119886
data/genomes/562.97826.fna.gz	0.0132816
data/genomes/562.97827.fna.gz	0.0347442
data/genomes/562.97828.fna.gz	0.0130397
data/genomes/562.97829.fna.gz	0.0133352
data/genomes/562.97830.fna.gz	0.0321868
data/genomes/562.97831.fna.gz	0.0116525
data/genomes/562.97832.fna.gz	0.0133596
data/genomes/562.97833.fna.gz	0.0146885
data/genomes/562.97834.fna.gz	0.0322598
data/genomes/562.97835.fna.gz	0.0130253
data/genomes/562.97836.fna.gz	0.0328716
data/genomes/562.97837.fna.gz	0.0129054
data/genomes/562.97838.fna.gz	0.0123813
data/genomes/562.97839.fna.gz	0.0344498
data/genomes/562.97840.fna.gz	0.0143896
data/genomes/562.97841.fna.gz	0.0320207
data/genomes/562.97842.fna.gz	0.0141806
data/genomes/562.97843.fna.gz	0.0133742
data/genomes/562.97844.fna.gz	0.011639
data/genomes/562.97845.fna.gz	0.0129725
data/genomes/562.97846.fna.gz	0.0318968
data/genomes/562.97847.fna.gz	0.0123347
data/genomes/562.97849.fna.gz	0.0316506
data/genomes/562.97850.fna.gz	0.0162081
data/genomes/562.97851.fna.gz	0.0132524
data/genomes/562.97852.fna.gz	0.016623
data/genomes/562.97853.fna.gz	0.0347214
data/genomes/562.97854.fna.gz	0.0118471
data/genomes/562.97855.fna.gz	0.0110707
data/genomes/562.97856.fna.gz	0.0278396
data/genomes/562.97857.fna.gz	0.0127388
data/genomes/562.97858.fna.gz	0.0130349
data/genomes/562.97859.fna.gz	0.0315792
data/genomes/562.97860.fna.gz	0.0330535
data/genomes/562.97861.fna.gz	0.0115806
data/genomes/562.97862.fna.gz	0.0126441
data/genomes/562.97863.fna.gz	0.0139135
data/genomes/562.97864.fna.gz	0.0119474
data/genomes/562.97865.fna.gz	0.015998
data/genomes/562.97866.fna.gz	0.0321036
data/genomes/562.97867.fna.gz	0.0327546
data/genomes/562.97868.fna.gz	0.0288821
data/genomes/562.97869.fna.gz	0.0122141
data/genomes/562.97870.fna.gz	0.0131797
data/genomes/562.97871.fna.gz	0.0128434
data/genomes/562.97872.fna.gz	0.0321764
data/genomes/562.97873.fna.gz	0.0323538
data/genomes/562.97874.fna.gz	0.0323958
data/genomes/562.97875.fna.gz	0.012753
data/genomes/562.97877.fna.gz	0.0318351
data/genomes/562.97878.fna.gz	0.0129533
data/genomes/562.97879.fna.gz	0.0130012
data/genomes/562.97880.fna.gz	0.0323958
data/genomes/562.97881.fna.gz	0.00474969
data/genomes/562.97882.fna.gz	0.0115134
data/genomes/562.97883.fna.gz	0.0322076
data/genomes/562.97884.fna.gz	0.0328077
data/genomes/562.97885.fna.gz	0.0136002
data/genomes/562.97886.fna.gz	0.012753
data/genomes/562.97887.fna.gz	0.0117247
data/genomes/562.97888.fna.gz	0.0326486
data/genomes/562.97889.fna.gz	0.0129485
data/genomes/562.97890.fna.gz	0.01192
data/genomes/562.97891.fna.gz	0.0332149
data/genomes/562.97892.fna.gz	0.0274687
data/genomes/562.97893.fna.gz	0.0120803
data/genomes/562.97894.fna.gz	0.0134427
data/genomes/562.97895.fna.gz	0.0141806
data/genomes/562.97896.fna.gz	0.0339583
data/genomes/562.97897.fna.gz	0.0115716
data/genomes/562.97898.fna.gz	0.0322076
data/genomes/562.97899.fna.gz	0.011639
data/genomes/562.97900.fna.gz	0.0329892
data/genomes/562.97901.fna.gz	0.011648
data/genomes/562.97902.fna.gz	0.0139185
data/genomes/562.97903.fna.gz	0.0337267
data/genomes/562.97904.fna.gz	0.0117745
data/genomes/562.97905.fna.gz	0.0111585
data/genomes/562.97906.fna.gz	0.0114464
data/genomes/562.97907.fna.gz	0.0329464
data/genomes/562.97908.fna.gz	0.0159046
data/genomes/562.97909.fna.gz	0.0127577
data/genomes/562.97910.fna.gz	0.032893
data/genomes/562.97911.fna.gz	0.0323329
data/genomes/562.97912.fna.gz	0.0325535
data/genomes/562.97913.fna.gz	0.0124982
data/genomes/562.97914.fna.gz	0.0325008
data/genomes/562.97915.fna.gz	0.00570154
data/genomes/562.97916.fna.gz	0.012131
data/genomes/562.97917.fna.gz	0.0124046
data/genomes/562.97918.fna.gz	0.0118017
data/genomes/562.97919.fna.gz	0.0122558
data/genomes/562.97920.fna.gz	0.0318453
data/genomes/562.97921.fna.gz	0.0119383
data/genomes/562.97922.fna.gz	0.0283241
data/genomes/562.97923.fna.gz	0.0119063
data/genomes/562.97924.fna.gz	0.0115313
data/genomes/562.97925.fna.gz	0.012564
data/genomes/562.97926.fna.gz	0.0111717
data/genomes/562.97927.fna.gz	0.0110488
data/genomes/562.97928.fna.gz	0.0130734
data/genomes/562.97929.fna.gz	0.0122048
data/genomes/562.97930.fna.gz	0.0124982
data/genomes/562.97931.fna.gz	0.032114
data/genomes/562.97932.fna.gz	0.0137091
data/genomes/562.97933.fna.gz	0.0320725
data/genomes/562.97934.fna.gz	0.0152883
data/genomes/562.97935.fna.gz	0.0344498
data/genomes/562.97936.fna.gz	0.0124561
data/genomes/562.97937.fna.gz	0.0323434
data/genomes/562.97938.fna.gz	0.0323853
data/genomes/562.97939.fna.gz	0.0314167
data/genomes/562.97940.fna.gz	0.0116616
data/genomes/562.97941.fna.gz	0.0327015
data/genomes/562.97942.fna.gz	0.0330964
data/genomes/562.97943.fna.gz	0.0322076
data/genomes/562.97944.fna.gz	0.0320414
data/genomes/562.97945.fna.gz	0.0121217
data/genomes/562.97946.fna.gz	0.0115537
data/genomes/562.97947.fna.gz	0.0137389
data/genomes/562.97948.fna.gz	0.031969
data/genomes/562.97949.fna.gz	0.0327015
data/genomes/562.97950.fna.gz	0.0276094
data/genomes/562.97951.fna.gz	0.0125123
data/genomes/562.97952.fna.gz	0.016381
data/genomes/562.97953.fna.gz	0.0126536
data/genomes/562.97954.fna.gz	0.0121632
data/genomes/562.97955.fna.gz	0.0317837
data/genomes/562.97956.fna.gz	0.0298222
data/genomes/562.97957.fna.gz	0.0130975
data/genomes/562.97958.fna.gz	0.0132621
data/genomes/562.97959.fna.gz	0.0119611
data/genomes/562.97960.fna.gz	0.012428
data/genomes/562.97962.fna.gz	0.0119886
data/genomes/562.97963.fna.gz	0.004889
data/genomes/562.97964.fna.gz	0.0324798
data/genomes/562.97965.fna.gz	0.0134869
data/genomes/562.97966.fna.gz	0.0122465
data/genomes/562.97967.fna.gz	0.0131168
data/genomes/562.97968.fna.gz	0.0341361
data/genomes/562.97969.fna.gz	0.0119018
data/genomes/562.97970.fna.gz	0.0314065
data/genomes/562.97971.fna.gz	0.0120023
data/genomes/562.97972.fna.gz	0.0111893
data/genomes/562.97973.fna.gz	0.0123533
data/genomes/562.97974.fna.gz	0.0329785
data/genomes/562.97975.fna.gz	0.0120206
data/genomes/562.97976.fna.gz	0.0127293
data/genomes/562.97977.fna.gz	0.00553611
data/genomes/562.97978.fna.gz	0.0338147
data/genomes/562.97979.fna.gz	0.01192
data/genomes/562.97980.fna.gz	0.0118426
data/genomes/562.97981.fna.gz	0.0320829
data/genomes/562.97982.fna.gz	0.0124795
data/genomes/562.97983.fna.gz	0.0120757
data/genomes/562.97984.fna.gz	0.012016
data/genomes/562.97985.fna.gz	0.0168848
data/genomes/562.97986.fna.gz	0.0119428
data/genomes/562.97987.fna.gz	0.0303533
data/genomes/562.97988.fna.gz	0.0325008
data/genomes/562.97989.fna.gz	0.0113263
data/genomes/562.97990.fna.gz	0.0130541
data/genomes/562.97991.fna.gz	0.0150971
data/genomes/562.97992.fna.gz	0.0321556
data/genomes/562.97993.fna.gz	0.0325324
data/genomes/562.97994.fna.gz	0.0169077
data/genomes/562.97995.fna.gz	0.0124093
data/genomes/562.97996.fna.gz	0.01281
data/genomes/562.97997.fna.gz	0.0340693
data/genomes/562.97998.fna.gz	0.0175762
data/genomes/562.97999.fna.gz	0.0127198
data/genomes/562.98000.fna.gz	0.0120115
data/genomes/562.98001.fna.gz	0.0321556
data/genomes/562.98002.fna.gz	0.0326063
data/genomes/562.98003.fna.gz	0.0119246
data/genomes/562.98004.fna.gz	0.0337157
data/genomes/562.98005.fna.gz	0.0118562
data/genomes/562.98006.fna.gz	0.011657
data/genomes/562.98007.fna.gz	0.011384
data/genomes/562.98008.fna.gz	0.0316302
data/genomes/562.98009.fna.gz	0.032312
data/genomes/562.98010.fna.gz	0.0328183
data/genomes/562.98011.fna.gz	0.0318865
data/genomes/562.98012.fna.gz	0.0280539
data/genomes/562.98013.fna.gz	0.011384
data/genomes/562.98014.fna.gz	0.032925
data/genomes/562.98015.fna.gz	0.0123068
data/genomes/562.98016.fna.gz	0.0115761
data/genomes/562.98017.fna.gz	0.0145643
data/genomes/562.98018.fna.gz	0.0127862
data/genomes/562.98019.fna.gz	0.0316404
data/genomes/562.98020.fna.gz	0.0129629
data/genomes/562.98021.fna.gz	0.0312954
data/genomes/562.98022.fna.gz	0.0111057
data/genomes/562.98023.fna.gz	0.0124701
data/genomes/562.98024.fna.gz	0.0130686
data/genomes/562.98025.fna.gz	0.0122465
data/genomes/562.98026.fna.gz	0.0122419
data/genomes/562.98027.fna.gz	0.0126772
data/genomes/562.98028.fna.gz	0.0126394
data/genomes/562.98029.fna.gz	0.012191
data/genomes/562.98030.fna.gz	0.0121771
data/genomes/562.98031.fna.gz	0.0128005
data/genomes/562.98032.fna.gz	0.0121079
data/genomes/562.98033.fna.gz	0.0143486
data/genomes/562.98034.fna.gz	0.0321764
data/genomes/562.98035.fna.gz	0.0119018
data/genomes/562.98036.fna.gz	0.0127862
data/genomes/562.98037.fna.gz	0.011952
data/genomes/562.98038.fna.gz	0.0117247
data/genomes/562.98039.fna.gz	0.0323853
data/genomes/562.98040.fna.gz	0.0109528
data/genomes/562.98041.fna.gz	0.0330213
data/genomes/562.98042.fna.gz	0.0153043
data/genomes/562.98043.fna.gz	0.032893
data/genomes/562.98044.fna.gz	0.013006
data/genomes/562.98045.fna.gz	0.0330427
data/genomes/562.98046.fna.gz	0.0117067
data/genomes/562.98047.fna.gz	0.0117338
data/genomes/562.98048.fna.gz	0.0149969
data/genomes/562.98049.fna.gz	0.0120115
data/genomes/562.98050.fna.gz	0.0130493
data/genomes/562.98051.fna.gz	0.0320414
data/genomes/562.98052.fna.gz	0.0132621
data/genomes/562.98053.fna.gz	0.012131
data/genomes/562.98054.fna.gz	0.0323853
data/genomes/562.98055.fna.gz	0.0337597
data/genomes/562.98056.fna.gz	0.0117972
data/genomes/562.98057.fna.gz	0.0125687
data/genomes/562.98058.fna.gz	0.0274775
data/genomes/562.98059.fna.gz	0.033032
data/genomes/562.98060.fna.gz	0.0122326
data/genomes/562.98061.fna.gz	0.0124233
data/genomes/562.98062.fna.gz	0.0132039
data/genomes/562.98063.fna.gz	0.0337817
data/genomes/562.98064.fna.gz	0.0158937
data/genomes/562.98065.fna.gz	0.0118063
data/genomes/562.98066.fna.gz	0.0332365
data/genomes/562.98067.fna.gz	0.0121079
data/genomes/562.98068.fna.gz	0.0305982
data/genomes/562.98069.fna.gz	0.0145385
data/genomes/562.98070.fna.gz	0.0132136
data/genomes/562.98071.fna.gz	0.0127672
data/genomes/562.98072.fna.gz	0.0113218
data/genomes/562.98073.fna.gz	0.0320518
data/genomes/562.98074.fna.gz	0.0344385
data/genomes/562.98075.fna.gz	0.0326274
data/genomes/562.98076.fna.gz	0.00570154
data/genomes/562.98077.fna.gz	0.0030061
data/genomes/562.98078.fna.gz	0.0119109
data/genomes/562.98079.fna.gz	0.0322493
data/genomes/562.98080.fna.gz	0.0136051
data/genomes/562.98081.fna.gz	0.0139737
data/genomes/562.98082.fna.gz	0.0121956
data/genomes/562.98083.fna.gz	0.0340138
data/genomes/562.98084.fna.gz	0.0134722
data/genomes/562.98085.fna.gz	0.0135706
data/genomes/562.98086.fna.gz	0.0339694
data/genomes/562.98087.fna.gz	0.0318659
data/genomes/562.98088.fna.gz	0.00408417
data/genomes/562.98089.fna.gz	0.0110007
data/genomes/562.98090.fna.gz	0.0280181
data/genomes/562.98091.fna.gz	0.0118744
data/genomes/562.98092.fna.gz	0.0325324
data/genomes/562.98093.fna.gz	0.0279465
data/genomes/562.98094.fna.gz	0.0112466
data/genomes/562.98095.fna.gz	0.0126583
data/genomes/562.98096.fna.gz	0.0141959
data/genomes/562.98097.fna.gz	0.0131313
data/genomes/562.98098.fna.gz	0.0131071
data/genomes/562.98099.fna.gz	0.0277863
data/genomes/562.98100.fna.gz	0.00459894
data/genomes/562.98101.fna.gz	0.0335187
data/genomes/562.98102.fna.gz	0.0134771
data/genomes/562.98103.fna.gz	0.0130782
data/genomes/562.98104.fna.gz	0.0339473
data/genomes/562.98105.fna.gz	0.0128863
data/genomes/562.98106.fna.gz	0.0122326
data/genomes/562.98107.fna.gz	0.0336499
data/genomes/562.98108.fna.gz	0.0282247
data/genomes/562.98109.fna.gz	0.0324062
data/genomes/562.98110.fna.gz	0.0340582
data/genomes/562.98111.fna.gz	0.0322076
data/genomes/562.98112.fna.gz	0.0123115
data/genomes/562.98113.fna.gz	0.0122836
data/genomes/562.98114.fna.gz	0.0135558
data/genomes/562.98115.fna.gz	0.0154166
data/genomes/562.98116.fna.gz	0.011612
data/genomes/562.98117.fna.gz	0.0322598
data/genomes/562.98118.fna.gz	0.0131361
data/genomes/562.98119.fna.gz	0.0119794
data/genomes/562.98120.fna.gz	0.0342589
data/genomes/562.98121.fna.gz	0.0134378
data/genomes/562.98122.fna.gz	0.0332257
data/genomes/562.98123.fna.gz	0.0347214
data/genomes/562.98124.fna.gz	0.0123394
data/genomes/562.98125.fna.gz	0.0103943
data/genomes/562.98126.fna.gz	0.0133059
data/genomes/562.98127.fna.gz	0.0115089
data/genomes/562.98128.fna.gz	0.0134673
data/genomes/562.98129.fna.gz	0.0321556
data/genomes/562.98130.fna.gz	0.0141654
data/genomes/562.98131.fna.gz	0.0120895
data/genomes/562.98132.fna.gz	0.0163754
data/genomes/562.98133.fna.gz	0.0160752
data/genomes/562.98134.fna.gz	0.0276006
data/genomes/562.98135.fna.gz	0.0130879
data/genomes/562.98136.fna.gz	0.0120941
data/genomes/562.98137.fna.gz	0.0136991
data/genomes/562.98138.fna.gz	0.032564
data/genomes/562.98139.fna.gz	0.0142009
data/genomes/562.98140.fna.gz	0.0326063
data/genomes/562.98141.fna.gz	0.0138285
data/genomes/562.98142.fna.gz	0.0121448
data/genomes/562.98143.fna.gz	0.0321764
data/genomes/562.98144.fna.gz	0.0137687
data/genomes/562.98145.fna.gz	0.033032
data/genomes/562.98146.fna.gz	0.0281167
data/genomes/562.98147.fna.gz	0.0325113
data/genomes/562.98148.fna.gz	0.0290025
data/genomes/562.98149.fna.gz	0.0136496
data/genomes/562.98150.fna.gz	0.0121217
data/genomes/562.98151.fna.gz	0.0128291
data/genomes/562.98152.fna.gz	0.0347555
data/genomes/562.98153.fna.gz	0.0248334
data/genomes/562.98154.fna.gz	0.0139335
data/genomes/562.98155.fna.gz	0.0113662
data/genomes/562.98156.fna.gz	0.0117927
data/genomes/562.98157.fna.gz	0.0120344
data/genomes/562.98158.fna.gz	0.0159595
data/genomes/562.98159.fna.gz	0.011984
data/genomes/562.98160.fna.gz	0.0127815
data/genomes/562.98161.fna.gz	0.0163084
data/genomes/562.98162.fna.gz	0.0330427
data/genomes/562.98163.fna.gz	0.0114553
data/genomes/562.98164.fna.gz	0.0339583
data/genomes/562.98165.fna.gz	0.012386
data/genomes/562.98166.fna.gz	0.0129198
data/genomes/562.98167.fna.gz	0.0130205
data/genomes/562.98168.fna.gz	0.0132719
data/genomes/562.98169.fna.gz	0.0131748
data/genomes/562.98170.fna.gz	0.0116886
data/genomes/562.98171.fna.gz	0.0127198
data/genomes/562.98172.fna.gz	0.0113707
data/genomes/562.98173.fna.gz	0.015235
data/genomes/562.98174.fna.gz	0.012791
data/genomes/562.98175.fna.gz	0.0129006
data/genomes/562.98176.fna.gz	0.0160863
data/genomes/562.98177.fna.gz	0.0123673
data/genomes/562.98178.fna.gz	0.0337487
data/genomes/562.98179.fna.gz	0.0114285
data/genomes/562.98180.fna.gz	0.0312249
data/genomes/562.98181.fna.gz	0.00572482
data/genomes/562.98182.fna.gz	0.0127482
data/genomes/562.98183.fna.gz	0.0332689
data/genomes/562.98184.fna.gz	0.0119337
data/genomes/562.98185.fna.gz	0.0319587
data/genomes/562.98186.fna.gz	0.0114107
data/genomes/562.98187.fna.gz	0.0125452
data/genomes/562.98188.fna.gz	0.0121263
data/genomes/562.98189.fna.gz	0.0118699
data/genomes/562.98190.fna.gz	0.030756
data/genomes/562.98191.fna.gz	0.0119063
data/genomes/562.98192.fna.gz	0.0160366
data/genomes/562.98193.fna.gz	0.0133205
data/genomes/562.98194.fna.gz	0.011648
data/genomes/562.98195.fna.gz	0.0330964
data/genomes/562.98196.fna.gz	0.0339362
data/genomes/562.98197.fna.gz	0.012915
data/genomes/562.98198.fna.gz	0.0320829
data/genomes/562.98199.fna.gz	0.0314775
data/genomes/562.98200.fna.gz	0.0322076
data/genomes/562.98201.fna.gz	0.00550649
data/genomes/562.98202.fna.gz	0.0119794
data/genomes/562.98203.fna.gz	0.0127577
data/genomes/562.98204.fna.gz	0.0136249
data/genomes/562.98205.fna.gz	0.0132184
data/genomes/562.98206.fna.gz	0.0119383
data/genomes/562.98207.fna.gz	0.0128911
data/genomes/562.98208.fna.gz	0.0128815
data/genomes/562.98209.fna.gz	0.0338147
data/genomes/562.98210.fna.gz	0.0129581
data/genomes/562.98211.fna.gz	0.0114597
data/genomes/562.98212.fna.gz	0.0333881
data/genomes/562.98213.fna.gz	0.0114152
data/genomes/562.98214.fna.gz	0.0129868
data/genomes/562.98215.fna.gz	0.0115178
data/genomes/562.98216.fna.gz	0.0120665
data/genomes/562.98217.fna.gz	0.0110313
data/genomes/562.98218.fna.gz	0.0337047
data/genomes/562.98219.fna.gz	0.0325113
data/genomes/562.98220.fna.gz	0.0114553
data/genomes/562.98221.fna.gz	0.0106802
data/genomes/562.98222.fna.gz	0.0323434
data/genomes/562.98223.fna.gz	0.0126725
data/genomes/562.98224.fna.gz	0.013112
data/genomes/562.98225.fna.gz	0.0173882
data/genomes/562.98226.fna.gz	0.0111321
data/genomes/562.98227.fna.gz	0.0120528
data/genomes/562.98228.fna.gz	0.0120252
data/genomes/562.98229.fna.gz	0.0329357
data/genomes/562.98230.fna.gz	0.0158007
data/genomes/562.98231.fna.gz	0.0154327
data/genomes/562.98232.fna.gz	0.0127245
data/genomes/562.98233.fna.gz	0.0115716
data/genomes/562.98234.fna.gz	0.0327333
data/genomes/562.98235.fna.gz	0.0170283
data/genomes/562.98236.fna.gz	0.012982
data/genomes/562.98237.fna.gz	0.0317837
data/genomes/562.98238.fna.gz	0.0329785
data/genomes/562.98239.fna.gz	0.0141098
data/genomes/562.98240.fna.gz	0.0114865
data/genomes/562.98241.fna.gz	0.0159815
data/genomes/562.98242.fna.gz	0.0334424
data/genomes/562.98243.fna.gz	0.0125734
data/genomes/562.98244.fna.gz	0.0323538
data/genomes/562.98245.fna.gz	0.0131942
data/genomes/562.98246.fna.gz	0.0133254
data/genomes/562.98247.fna.gz	0.0113396
data/genomes/562.98248.fna.gz	0.0114597
data/genomes/562.98249.fna.gz	0.0319071
data/genomes/562.98250.fna.gz	0.0131168
data/genomes/562.98251.fna.gz	0.0164315
data/genomes/562.98252.fna.gz	0.0123394
data/genomes/562.98253.fna.gz	0.0276271
data/genomes/562.98254.fna.gz	0.0168048
data/genomes/562.98255.fna.gz	0.0119109
data/genomes/562.98256.fna.gz	0.0117791
data/genomes/562.98257.fna.gz	0.0129581
data/genomes/562.98258.fna.gz	0.0117112
data/genomes/562.98259.fna.gz	0.0129054
data/genomes/562.98260.fna.gz	0.0167479
data/genomes/562.98261.fna.gz	0.0138036
data/genomes/562.98262.fna.gz	0.034371
data/genomes/562.98263.fna.gz	0.0121263
data/genomes/562.98264.fna.gz	0.0122836
data/genomes/562.98265.fna.gz	0.00360171
data/genomes/562.98266.fna.gz	0.012772
data/genomes/562.98267.fna.gz	0.0132573
data/genomes/562.98268.fna.gz	0.0117972
data/genomes/562.98269.fna.gz	0.0134574
data/genomes/562.98270.fna.gz	0.0138085
data/genomes/562.98271.fna.gz	0.013719
data/genomes/562.98272.fna.gz	0.0129581
data/genomes/562.98273.fna.gz	0.0123115
data/genomes/562.98274.fna.gz	0.0113707
data/genomes/562.98275.fna.gz	0.0125781
data/genomes/562.98276.fna.gz	0.011251
data/genomes/562.98277.fna.gz	0.0121263
data/genomes/562.98278.fna.gz	0.0310144
data/genomes/562.98279.fna.gz	0.0321244
data/genomes/562.98280.fna.gz	0.0132864
data/genomes/562.98281.fna.gz	0.0132184
data/genomes/562.98282.fna.gz	0.0119931
data/genomes/562.98283.fna.gz	0.0161416
data/genomes/562.98284.fna.gz	0.0122187
data/genomes/562.98285.fna.gz	0.0134624
data/genomes/562.98286.fna.gz	0.013541
data/genomes/562.98287.fna.gz	0.0283513
data/genomes/562.98288.fna.gz	0.0131361
data/genomes/562.98289.fna.gz	0.0320207
data/genomes/562.98290.fna.gz	0.0170283
data/genomes/562.98291.fna.gz	0.012428
data/genomes/562.98292.fna.gz	0.0129772
data/genomes/562.98293.fna.gz	0.0124654
data/genomes/562.98294.fna.gz	0.0320104
data/genomes/562.98295.fna.gz	0.0120573
data/genomes/562.98296.fna.gz	0.0130445
data/genomes/562.98297.fna.gz	0.0123906
data/genomes/562.98298.fna.gz	0.012372
data/genomes/562.98299.fna.gz	0.0111805
data/genomes/562.98300.fna.gz	0.0168448
data/genomes/562.98301.fna.gz	0.0330427
data/genomes/562.98302.fna.gz	0.0341361
data/genomes/562.98303.fna.gz	0.0281257
data/genomes/562.98304.fna.gz	0.0131797
data/genomes/562.98305.fna.gz	0.00514186
data/genomes/562.98306.fna.gz	0.0276977
data/genomes/562.98307.fna.gz	0.0150496
data/genomes/562.98308.fna.gz	0.0119291
data/genomes/562.98309.fna.gz	0.0125217
data/genomes/562.98310.fna.gz	0.0326168
data/genomes/562.98311.fna.gz	0.0320414
data/genomes/562.98312.fna.gz	0.0317017
data/genomes/562.98313.fna.gz	0.0114241
data/genomes/562.98314.fna.gz	0.0134182
data/genomes/562.98315.fna.gz	0.0115134
data/genomes/562.98316.fna.gz	0.0123394
data/genomes/562.98317.fna.gz	0.0279287
data/genomes/562.98318.fna.gz	0.0157462
data/genomes/562.98319.fna.gz	0.0133547
data/genomes/562.98320.fna.gz	0.0120619
data/genomes/562.98321.fna.gz	0.0137438
data/genomes/562.98322.fna.gz	0.0278218
data/genomes/562.98323.fna.gz	0.0299757
data/genomes/562.98324.fna.gz	0.032893
data/genomes/562.98325.fna.gz	0.0121171
data/genomes/562.98326.fna.gz	0.0322389
data/genomes/562.98327.fna.gz	0.0130541
data/genomes/562.98328.fna.gz	0.0114241
data/genomes/562.98329.fna.gz	0.031356
data/genomes/562.98330.fna.gz	0.0126299
data/genomes/562.98331.fna.gz	0.0111014
data/genomes/562.98332.fna.gz	0.027233
data/genomes/562.98333.fna.gz	0.0332041
data/genomes/562.98334.fna.gz	0.0151501
data/genomes/562.98335.fna.gz	0.0137538
data/genomes/562.98336.fna.gz	0.0313156
data/genomes/562.98337.fna.gz	0.0122882
data/genomes/562.98338.fna.gz	0.0347669
data/genomes/562.98339.fna.gz	0.013083
data/genomes/562.98340.fna.gz	0.0328077
data/genomes/562.98341.fna.gz	0.0344611
data/genomes/562.98342.fna.gz	0.0142823
data/genomes/562.98343.fna.gz	0.0127672
data/genomes/562.98344.fna.gz	0.0329677
data/genomes/562.98345.fna.gz	0.0113041
data/genomes/562.98346.fna.gz	0.0167649
data/genomes/562.98347.fna.gz	0.0111761
data/genomes/562.98348.fna.gz	0.0333447
data/genomes/562.98349.fna.gz	0.012131
data/genomes/562.98350.fna.gz	0.00932572
data/genomes/562.98351.fna.gz	0.0320414
data/genomes/562.98352.fna.gz	0.0169192
data/genomes/562.98353.fna.gz	0.0128911
data/genomes/562.98354.fna.gz	0.0127008
data/genomes/562.98355.fna.gz	0.0128959
data/genomes/562.98356.fna.gz	0.0124093
data/genomes/562.98357.fna.gz	0.0119246
data/genomes/562.98358.fna.gz	0.0129677
data/genomes/562.98359.fna.gz	0.0133498
data/genomes/562.98360.fna.gz	0.0124093
data/genomes/562.98361.fna.gz	0.0117202
data/genomes/562.98362.fna.gz	0.0322598
data/genomes/562.98363.fna.gz	0.00495906
data/genomes/562.98364.fna.gz	0.0125593
data/genomes/562.98365.fna.gz	0.0111761
data/genomes/562.98366.fna.gz	0.0130879
data/genomes/562.98367.fna.gz	0.0120711
data/genomes/562.98368.fna.gz	0.015166
data/genomes/562.98369.fna.gz	0.0122419
data/genomes/562.98370.fna.gz	0.0340915
data/genomes/562.98371.fna.gz	0.0144357
data/genomes/562.98372.fna.gz	0.0172424
data/genomes/562.98373.fna.gz	0.0129389
data/genomes/562.98374.fna.gz	0.0127245
data/genomes/562.98375.fna.gz	0.0131265
data/genomes/562.98376.fna.gz	0.0333773
data/genomes/562.98377.fna.gz	0.0167991
data/genomes/562.98378.fna.gz	0.0129916
data/genomes/562.98379.fna.gz	0.0334207
data/genomes/562.98380.fna.gz	0.0323748
data/genomes/562.98381.fna.gz	0.0325324
data/genomes/562.98382.fna.gz	0.0321972
data/genomes/562.98383.fna.gz	0.0329036
data/genomes/562.98384.fna.gz	0.0335624
data/genomes/562.98385.fna.gz	0.0327439
data/genomes/562.98386.fna.gz	0.0120803
data/genomes/562.98387.fna.gz	0.0126961
data/genomes/562.98388.fna.gz	0.0129725
data/genomes/562.98389.fna.gz	0.0320518
data/genomes/562.98390.fna.gz	0.0109571
data/genomes/562.98391.fna.gz	0.0334424
data/genomes/562.98392.fna.gz	0.00496863
data/genomes/562.98393.fna.gz	0.0134673
data/genomes/562.98394.fna.gz	0.0123347
data/genomes/562.98395.fna.gz	0.0324798
data/genomes/562.98396.fna.gz	0.00494949
data/genomes/562.98397.fna.gz	0.0173123
data/genomes/562.98398.fna.gz	0.0323434
data/genomes/562.98399.fna.gz	0.0327227
data/genomes/562.98400.fna.gz	0.0320621
data/genomes/562.98401.fna.gz	0.0338368
data/genomes/562.98402.fna.gz	0.0118744
data/genomes/562.98403.fna.gz	0.0127577
data/genomes/562.98404.fna.gz	0.0323958
data/genomes/562.98405.fna.gz	0.0318248
data/genomes/562.98406.fna.gz	0.0320725
data/genomes/562.98407.fna.gz	0.0339805
data/genomes/562.98408.fna.gz	0.0116345
data/genomes/562.98409.fna.gz	0.0128195
data/genomes/562.98410.fna.gz	0.0315283
data/genomes/562.98411.fna.gz	0.0128624
data/genomes/562.98412.fna.gz	0.0133011
data/genomes/562.98413.fna.gz	0.0123347
data/genomes/562.98414.fna.gz	0.0134722
data/genomes/562.98415.fna.gz	0.0118699
data/genomes/562.98416.fna.gz	0.0136645
data/genomes/562.98417.fna.gz	0.0318865
data/genomes/562.98418.fna.gz	0.0115806
data/genomes/562.98419.fna.gz	0.0335952
data/genomes/562.98420.fna.gz	0.0114018
data/genomes/562.98421.fna.gz	0.0127008
data/genomes/562.98422.fna.gz	0.012915
data/genomes/562.98423.fna.gz	0.0121725
data/genomes/562.98424.fna.gz	0.0325008
data/genomes/562.98425.fna.gz	0.00484139
data/genomes/562.98426.fna.gz	0.0125264
data/genomes/562.98427.fna.gz	0.0325429
data/genomes/562.98428.fna.gz	0.0111145
data/genomes/562.98429.fna.gz	0.0124701
data/genomes/562.98430.fna.gz	0.011491
data/genomes/562.98431.fna.gz	0.0111189
data/genomes/562.98432.fna.gz	0.0129389
data/genomes/562.98433.fna.gz	0.0124514
data/genomes/562.98434.fna.gz	0.0121679
data/genomes/562.98435.fna.gz	0.0116345
data/genomes/562.98436.fna.gz	0.0130493
data/genomes/562.98437.fna.gz	0.0170745
data/genomes/562.98438.fna.gz	0.0311245
data/genomes/562.98439.fna.gz	0.0127245
data/genomes/562.98440.fna.gz	0.0120252
data/genomes/562.98441.fna.gz	0.0336718
data/genomes/562.98442.fna.gz	0.0327439
data/genomes/562.98443.fna.gz	0.0115896
data/genomes/562.98444.fna.gz	0.0130205
data/genomes/562.98445.fna.gz	0.0323958
data/genomes/562.98446.fna.gz	0.0134427
data/genomes/562.98447.fna.gz	0.0247304
data/genomes/562.98448.fna.gz	0.0128768
data/genomes/562.98449.fna.gz	0.012358
data/genomes/562.98450.fna.gz	0.012772
data/genomes/562.98451.fna.gz	0.0325324
data/genomes/562.98452.fna.gz	0.0114107
data/genomes/562.98453.fna.gz	0.0319897
data/genomes/562.98454.fna.gz	0.0323748
data/genomes/562.98455.fna.gz	0.0131555
data/genomes/562.98456.fna.gz	0.0324798
data/genomes/562.98457.fna.gz	0.0120344
data/genomes/562.98458.fna.gz	0.0129437
data/genomes/562.98459.fna.gz	0.0131361
data/genomes/562.98460.fna.gz	0.0129341
data/genomes/562.98461.fna.gz	0.013112
data/genomes/562.98462.fna.gz	0.00501659
data/genomes/562.98463.fna.gz	0.0312954
data/genomes/562.98464.fna.gz	0.0323434
data/genomes/562.98465.fna.gz	0.0119657
data/genomes/562.98466.fna.gz	0.012517
data/genomes/562.98467.fna.gz	0.0119657
data/genomes/562.98468.fna.gz	0.01192
data/genomes/562.98469.fna.gz	0.0166627
data/genomes/562.98470.fna.gz	0.0121125
data/genomes/562.98471.fna.gz	0.0276182
data/genomes/562.98472.fna.gz	0.0333014
data/genomes/562.98473.fna.gz	0.0160752
data/genomes/562.98474.fna.gz	0.0130686
data/genomes/562.98475.fna.gz	0.033486
data/genomes/562.98476.fna.gz	0.0120298
data/genomes/562.98477.fna.gz	0.0126158
data/genomes/562.98478.fna.gz	0.0326486
data/genomes/562.98479.fna.gz	0.0279376
data/genomes/562.98480.fna.gz	0.0338147
data/genomes/562.98481.fna.gz	0.0330964
data/genomes/562.98482.fna.gz	0.0130253
data/genomes/562.98483.fna.gz	0.0181857
data/genomes/562.98484.fna.gz	0.0317427
data/genomes/562.98485.fna.gz	0.0096661
data/genomes/562.98486.fna.gz	0.0125781
data/genomes/562.98487.fna.gz	0.0117791
data/genomes/562.98488.fna.gz	0.0165496
data/genomes/562.98489.fna.gz	0.0118881
data/genomes/562.98490.fna.gz	0.0359522
data/genomes/562.98491.fna.gz	0.0121632
data/genomes/562.98492.fna.gz	0.0130012
data/genomes/562.98493.fna.gz	0.0117927
data/genomes/562.98494.fna.gz	0.0124467
data/genomes/562.98495.fna.gz	0.00558228
data/genomes/562.98496.fna.gz	0.0163531
data/genomes/562.98497.fna.gz	0.0118335
data/genomes/562.98498.fna.gz	0.0118153
data/genomes/562.98499.fna.gz	0.0125828
data/genomes/562.98500.fna.gz	0.0119657
data/genomes/562.98501.fna.gz	0.0115806
data/genomes/562.98502.fna.gz	0.012154
data/genomes/562.98503.fna.gz	0.0108876
data/genomes/562.98504.fna.gz	0.0166344
data/genomes/562.98505.fna.gz	0.0124093
data/genomes/562.98506.fna.gz	0.0317734
data/genomes/562.98507.fna.gz	0.0137588
data/genomes/562.98508.fna.gz	0.0132427
data/genomes/562.98509.fna.gz	0.0128959
data/genomes/562.98510.fna.gz	0.0125311
data/genomes/562.98511.fna.gz	0.0324482
data/genomes/562.98512.fna.gz	0.0115896
data/genomes/562.98513.fna.gz	0.0113974
data/genomes/562.98514.fna.gz	0.0135755
data/genomes/562.98515.fna.gz	0.0276359
data/genomes/562.98516.fna.gz	0.0335405
data/genomes/562.98517.fna.gz	0.0332689
data/genomes/562.98518.fna.gz	0.013482
data/genomes/562.98519.fna.gz	0.0140694
data/genomes/562.98520.fna.gz	0.0127198
data/genomes/562.98521.fna.gz	0.0170168
data/genomes/562.98522.fna.gz	0.0129198
data/genomes/562.98523.fna.gz	0.0125311
data/genomes/562.98524.fna.gz	0.0125076
data/genomes/562.98525.fna.gz	0.0320621
data/genomes/562.98526.fna.gz	0.0332906
data/genomes/562.98527.fna.gz	0.0118335
data/genomes/562.98528.fna.gz	0.0125687
data/genomes/562.98529.fna.gz	0.0146419
data/genomes/562.98530.fna.gz	0.0114508
data/genomes/562.98531.fna.gz	0.0322285
data/genomes/562.98532.fna.gz	0.0133596
data/genomes/562.98533.fna.gz	0.0155026
data/genomes/562.98534.fna.gz	0.0144152
data/genomes/562.98535.fna.gz	0.00978498
data/genomes/562.98536.fna.gz	0.0314978
data/genomes/562.98537.fna.gz	0.011984
data/genomes/562.98538.fna.gz	0.0134869
data/genomes/562.98539.fna.gz	0.00612176
data/genomes/562.98540.fna.gz	0.0329464
data/genomes/562.98541.fna.gz	0.012131
data/genomes/562.98542.fna.gz	0.0163028
data/genomes/562.98543.fna.gz	0.0340471
data/genomes/562.98544.fna.gz	0.0136298
data/genomes/562.98545.fna.gz	0.0172424
data/genomes/562.98546.fna.gz	0.0329464
data/genomes/562.98547.fna.gz	0.0129102
data/genomes/562.98548.fna.gz	0.0119383
data/genomes/562.98549.fna.gz	0.0024194
data/genomes/562.98550.fna.gz	0.0117202
data/genomes/562.98551.fna.gz	0.0321244
data/genomes/562.98552.fna.gz	0.0121448
data/genomes/562.98553.fna.gz	0.0329036
data/genomes/562.98554.fna.gz	0.0118562
data/genomes/562.98555.fna.gz	0.0302366
data/genomes/562.98556.fna.gz	0.0124561
data/genomes/562.98557.fna.gz	0.0323958
data/genomes/562.98558.fna.gz	0.027355
data/genomes/562.98559.fna.gz	0.0124748
data/genomes/562.98560.fna.gz	0.0329999
data/genomes/562.98561.fna.gz	0.0172134
data/genomes/562.98562.fna.gz	0.0121125
data/genomes/562.98563.fna.gz	0.0136051
data/genomes/562.98564.fna.gz	0.0335296
data/genomes/562.98565.fna.gz	0.0329143
data/genomes/562.98566.fna.gz	0.0313257
data/genomes/562.98567.fna.gz	0.0167649
data/genomes/562.98568.fna.gz	0.00383979
data/genomes/562.98569.fna.gz	0.0144614
data/genomes/562.98570.fna.gz	0.0129629
data/genomes/562.98571.fna.gz	0.0128863
data/genomes/562.98572.fna.gz	0.0125593
data/genomes/562.98573.fna.gz	0.0120528
data/genomes/562.98574.fna.gz	0.0336937
data/genomes/562.98575.fna.gz	0.0321036
data/genomes/562.98576.fna.gz	0.0132719
data/genomes/562.98577.fna.gz	0.0135755
data/genomes/562.98578.fna.gz	0.0254759
data/genomes/562.98579.fna.gz	0.0126914
data/genomes/562.98580.fna.gz	0.012279
data/genomes/562.98581.fna.gz	0.0122929
data/genomes/562.98582.fna.gz	0.0337707
data/genomes/562.98583.fna.gz	0.031969
data/genomes/562.98584.fna.gz	0.0117112
data/genomes/562.98585.fna.gz	0.0122002
data/genomes/562.98586.fna.gz	0.00547035
data/genomes/562.98587.fna.gz	0.0325113
data/genomes/562.98588.fna.gz	0.032638
data/genomes/562.98589.fna.gz	0.0336499
data/genomes/562.98590.fna.gz	0.0113174
data/genomes/562.98591.fna.gz	0.0121494
data/genomes/562.98592.fna.gz	0.0312651
data/genomes/562.98593.fna.gz	0.0151236
data/genomes/562.98594.fna.gz	0.004924
data/genomes/562.98595.fna.gz	0.0127862
data/genomes/562.98596.fna.gz	0.0161804
data/genomes/562.98597.fna.gz	0.0323224
data/genomes/562.98598.fna.gz	0.0315385
data/genomes/562.98599.fna.gz	0.0117881
data/genomes/562.98600.fna.gz	0.0118426
data/genomes/562.98601.fna.gz	0.0131942
data/genomes/562.98602.fna.gz	0.0130927
data/genomes/562.98603.fna.gz	0.0324062
data/genomes/562.98604.fna.gz	0.033617
data/genomes/562.98605.fna.gz	0.0126914
data/genomes/562.98606.fna.gz	0.0129772
data/genomes/562.98607.fna.gz	0.0118017
data/genomes/562.98608.fna.gz	0.0112157
data/genomes/562.98609.fna.gz	0.0336061
data/genomes/562.98610.fna.gz	0.0123906
data/genomes/562.98611.fna.gz	0.0309845
data/genomes/562.98612.fna.gz	0.0133693
data/genomes/562.98613.fna.gz	0.0126017
data/genomes/562.98614.fna.gz	0.00474969
data/genomes/562.98615.fna.gz	0.0341472
data/genomes/562.98616.fna.gz	0.0322598
data/genomes/562.98617.fna.gz	0.0133645
data/genomes/562.98618.fna.gz	0.0322806
data/genomes/562.98619.fna.gz	0.0125499
data/genomes/562.98620.fna.gz	0.0129772
data/genomes/562.98621.fna.gz	0.011097
data/genomes/562.98622.fna.gz	0.01104
data/genomes/562.98623.fna.gz	0.0131797
data/genomes/562.98624.fna.gz	0.0121356
data/genomes/562.98625.fna.gz	0.0332581
data/genomes/562.98626.fna.gz	0.0319381
data/genomes/562.98627.fna.gz	0.00435665
data/genomes/562.98628.fna.gz	0.014446
data/genomes/562.98629.fna.gz	0.0132524
data/genomes/562.98630.fna.gz	0.013083
data/genomes/562.98631.fna.gz	0.0285697
data/genomes/562.98632.fna.gz	0.0121863
data/genomes/562.98633.fna.gz	0.0119977
data/genomes/562.98634.fna.gz	0.0321036
data/genomes/562.98635.fna.gz	0.0122141
data/genomes/562.98636.fna.gz	0.0134624
data/genomes/562.98637.fna.gz	0.0135755
data/genomes/562.98638.fna.gz	0.0167592
data/genomes/562.98639.fna.gz	0.032893
data/genomes/562.98640.fna.gz	0.0118063
data/genomes/562.98641.fna.gz	0.0121263
data/genomes/562.98642.fna.gz	0.0166797
data/genomes/562.98643.fna.gz	0.0128148
data/genomes/562.98644.fna.gz	0.0336718
data/genomes/562.98645.fna.gz	0.0120573
data/genomes/562.98646.fna.gz	0.0125264
data/genomes/562.98647.fna.gz	0.00507429
data/genomes/562.98648.fna.gz	0.0323748
data/genomes/562.98649.fna.gz	0.0120436
data/genomes/562.98650.fna.gz	0.0122372
data/genomes/562.98651.fna.gz	0.0120619
data/genomes/562.98652.fna.gz	0.0333014
data/genomes/562.98653.fna.gz	0.0124327
data/genomes/562.98654.fna.gz	0.0120023
data/genomes/562.98655.fna.gz	0.0125687
data/genomes/562.98656.fna.gz	0.0331287
data/genomes/562.98657.fna.gz	0.0343935
data/genomes/562.98658.fna.gz	0.0109789
data/genomes/562.98659.fna.gz	0.0118517
data/genomes/562.98660.fna.gz	0.0129198
data/genomes/562.98661.fna.gz	0.01334
data/genomes/562.98662.fna.gz	0.0324062
data/genomes/562.98663.fna.gz	0.0111541
data/genomes/562.98664.fna.gz	0.0127245
data/genomes/562.98665.fna.gz	0.0111014
data/genomes/562.98666.fna.gz	0.0322806
data/genomes/562.98667.fna.gz	0.0133547
data/genomes/562.98668.fna.gz	0.0131071
data/genomes/562.98669.fna.gz	0.0128911
data/genomes/562.98670.fna.gz	0.0128195
data/genomes/562.98671.fna.gz	0.0119383
data/genomes/562.98672.fna.gz	0.0049049
data/genomes/562.98673.fna.gz	0.0112776
data/genomes/562.98674.fna.gz	0.0335514
data/genomes/562.98675.fna.gz	0.0130349
data/genomes/562.98676.fna.gz	0.0131603
data/genomes/562.98677.fna.gz	0.0134476
data/genomes/562.98678.fna.gz	0.011952
data/genomes/562.98679.fna.gz	0.0320725
data/genomes/562.98680.fna.gz	0.0333556
data/genomes/562.98681.fna.gz	0.0130493
data/genomes/562.98682.fna.gz	0.0323958
data/genomes/562.98683.fna.gz	0.0157245
data/genomes/562.98684.fna.gz	0.0329143
data/genomes/562.98685.fna.gz	0.011491
data/genomes/562.98686.fna.gz	0.0247858
data/genomes/562.98687.fna.gz	0.0157898
data/genomes/562.98688.fna.gz	0.0123533
data/genomes/562.98689.fna.gz	0.0112466
data/genomes/562.98690.fna.gz	0.00523557
data/genomes/562.98691.fna.gz	0.0319071
data/genomes/562.98692.fna.gz	0.0323958
data/genomes/562.98693.fna.gz	0.00358398
data/genomes/562.98694.fna.gz	0.0125499
data/genomes/562.98695.fna.gz	0.0117745
data/genomes/562.98696.fna.gz	0.0119886
data/genomes/562.98697.fna.gz	0.0129868
data/genomes/562.98698.fna.gz	0.0128481
data/genomes/562.98700.fna.gz	0.0127435
data/genomes/562.98701.fna.gz	0.0313357
data/genomes/562.98702.fna.gz	0.0316915
data/genomes/562.98703.fna.gz	0.0337377
data/genomes/562.98704.fna.gz	0.0335078
data/genomes/562.98705.fna.gz	0.0109833
data/genomes/562.98706.fna.gz	0.0283332
data/genomes/562.98707.fna.gz	0.0128053
data/genomes/562.98708.fna.gz	0.0315487
data/genomes/562.98709.fna.gz	0.0115896
data/genomes/562.98710.fna.gz	0.0128529
data/genomes/562.98711.fna.gz	0.0323538
data/genomes/562.98712.fna.gz	0.0119155
data/genomes/562.98713.fna.gz	0.0128815
data/genomes/562.98714.fna.gz	0.0124888
data/genomes/562.98715.fna.gz	0.0168219
data/genomes/562.98716.fna.gz	0.0318145
data/genomes/562.98717.fna.gz	0.0318351
data/genomes/562.98718.fna.gz	0.0125546
data/genomes/562.98719.fna.gz	0.0314572
data/genomes/562.98720.fna.gz	0.012564
data/genomes/562.98721.fna.gz	0.0139035
data/genomes/562.98722.fna.gz	0.0121356
data/genomes/562.98723.fna.gz	0.027813
data/genomes/562.98724.fna.gz	0.0114553
data/genomes/562.98725.fna.gz	0.0136744
data/genomes/562.98726.fna.gz	0.0115402
data/genomes/562.98727.fna.gz	0.0281707
data/genomes/562.98728.fna.gz	0.01334
data/genomes/562.98729.fna.gz	0.0282428
data/genomes/562.98730.fna.gz	0.012753
data/genomes/562.98731.fna.gz	0.0121171
data/genomes/562.98732.fna.gz	0.0326274
data/genomes/562.98733.fna.gz	0.012358
data/genomes/562.98734.fna.gz	0.0118426
data/genomes/562.98735.fna.gz	0.0125734
data/genomes/562.98736.fna.gz	0.0168676
data/genomes/562.98737.fna.gz	0.0327227
data/genomes/562.98738.fna.gz	0.0120069
data/genomes/562.98739.fna.gz	0.0131603
data/genomes/562.98740.fna.gz	0.0168562
data/genomes/562.98741.fna.gz	0.0115402
data/genomes/562.98742.fna.gz	0.0321764
data/genomes/562.98743.fna.gz	0.0323643
data/genomes/562.98744.fna.gz	0.0129629
data/genomes/562.98745.fna.gz	0.0123953
data/genomes/562.98746.fna.gz	0.0160531
data/genomes/562.98747.fna.gz	0.032925
data/genomes/562.98748.fna.gz	0.012915
data/genomes/562.98749.fna.gz	0.0136051
data/genomes/562.98750.fna.gz	0.014206
data/genomes/562.98751.fna.gz	0.0127625
data/genomes/562.98752.fna.gz	0.0115941
data/genomes/562.98753.fna.gz	0.0124046
data/genomes/562.98754.fna.gz	0.0120436
data/genomes/562.98755.fna.gz	0.0339916
data/genomes/562.98756.fna.gz	0.0124795
data/genomes/562.98757.fna.gz	0.0328503
data/genomes/562.98758.fna.gz	0.0133303
data/genomes/562.98759.fna.gz	0.0161416
data/genomes/562.98760.fna.gz	0.0166004
data/genomes/562.98761.fna.gz	0.0134574
data/genomes/562.98762.fna.gz	0.0136002
data/genomes/562.98763.fna.gz	0.0159375
data/genomes/562.98764.fna.gz	0.0119246
data/genomes/562.98765.fna.gz	0.0321452
data/genomes/562.98766.fna.gz	0.0165045
data/genomes/562.98767.fna.gz	0.0287254
data/genomes/562.98768.fna.gz	0.0107146
data/genomes/562.98769.fna.gz	0.0128959
data/genomes/562.98770.fna.gz	0.0130108
data/genomes/562.98771.fna.gz	0.0124701
data/genomes/562.98772.fna.gz	0.0165045
data/genomes/562.98773.fna.gz	0.0174703
data/genomes/562.98774.fna.gz	0.0156431
data/genomes/562.98775.fna.gz	0.0114865
data/genomes/562.98776.fna.gz	0.0340138
data/genomes/562.98777.fna.gz	0.011229
data/genomes/562.98778.fna.gz	0.012016
data/genomes/562.98779.fna.gz	0.0119155
data/genomes/562.98780.fna.gz	0.0122419
data/genomes/562.98781.fna.gz	0.0125922
data/genomes/562.98782.fna.gz	0.0168448
data/genomes/562.98783.fna.gz	0.0122511
data/genomes/562.98784.fna.gz	0.0157517
data/genomes/562.98785.fna.gz	0.0339583
data/genomes/562.98786.fna.gz	0.0118199
data/genomes/562.98787.fna.gz	0.032312
data/genomes/562.98788.fna.gz	0.0115537
data/genomes/562.98789.fna.gz	0.0120711
data/genomes/562.98790.fna.gz	0.0337707
data/genomes/562.98791.fna.gz	0.0118108
data/genomes/562.98792.fna.gz	0.0319897
data/genomes/562.98793.fna.gz	0.0345627
data/genomes/562.98794.fna.gz	0.0175349
data/genomes/562.98795.fna.gz	0.0123813
data/genomes/562.98796.fna.gz	0.028652
data/genomes/562.98797.fna.gz	0.0120115
data/genomes/562.98798.fna.gz	0.0126299
data/genomes/562.98799.fna.gz	0.0121402
data/genomes/562.98800.fna.gz	0.0322389
data/genomes/562.98801.fna.gz	0.0104028
data/genomes/562.98802.fna.gz	0.013083
data/genomes/562.98803.fna.gz	0.0340138
data/genomes/562.98804.fna.gz	0.00527124
data/genomes/562.98805.fna.gz	0.0127815
data/genomes/562.98806.fna.gz	0.032312
data/genomes/562.98807.fna.gz	0.0177063
data/genomes/562.98808.fna.gz	0.0138685
data/genomes/562.98809.fna.gz	0.0124842
data/genomes/562.98810.fna.gz	0.0123208
data/genomes/562.98811.fna.gz	0.0330642
data/genomes/562.98812.fna.gz	0.0317222
data/genomes/562.98813.fna.gz	0.0110313
data/genomes/562.98814.fna.gz	0.0326803
data/genomes/562.98815.fna.gz	0.0328823
data/genomes/562.98816.fna.gz	0.0302852
data/genomes/562.98817.fna.gz	0.0321972
data/genomes/562.98818.fna.gz	0.0133059
data/genomes/562.98819.fna.gz	0.0134085
data/genomes/562.98820.fna.gz	0.0332473
data/genomes/562.98821.fna.gz	0.0124748
data/genomes/562.98822.fna.gz	0.013267
data/genomes/562.98823.fna.gz	0.0335624
data/genomes/562.98824.fna.gz	0.0325851
data/genomes/562.98825.fna.gz	0.0325957
data/genomes/562.98826.fna.gz	0.0169766
data/genomes/562.98827.fna.gz	0.0119246
data/genomes/562.98828.fna.gz	0.0332041
data/genomes/562.98829.fna.gz	0.0130975
data/genomes/562.98830.fna.gz	0.0135361
data/genomes/562.98831.fna.gz	0.0117247
data/genomes/562.98832.fna.gz	0.0323329
data/genomes/562.98833.fna.gz	0.0119428
data/genomes/562.98834.fna.gz	0.0127862
data/genomes/562.98835.fna.gz	0.0252411
data/genomes/562.98836.fna.gz	0.012564
data/genomes/562.98837.fna.gz	0.0120206
data/genomes/562.98838.fna.gz	0.0119063
data/genomes/562.98839.fna.gz	0.0340138
data/genomes/562.98840.fna.gz	0.00480339
data/genomes/562.98841.fna.gz	0.0120206
data/genomes/562.98842.fna.gz	0.0324482
data/genomes/562.98843.fna.gz	0.0130782
data/genomes/562.98844.fna.gz	0.0105945
data/genomes/562.98845.fna.gz	0.0323329
data/genomes/562.98846.fna.gz	0.0162638
data/genomes/562.98847.fna.gz	0.0151766
data/genomes/562.98848.fna.gz	0.0124373
data/genomes/562.98849.fna.gz	0.0326168
data/genomes/562.98850.fna.gz	0.0125311
data/genomes/562.98851.fna.gz	0.0117927
data/genomes/562.98852.fna.gz	0.0124373
data/genomes/562.98853.fna.gz	0.015768
data/genomes/562.98854.fna.gz	0.0319484
data/genomes/562.98855.fna.gz	0.0109615
data/genomes/562.98856.fna.gz	0.0125029
data/genomes/562.98857.fna.gz	0.0133742
data/genomes/562.98858.fna.gz	0.0111277
data/genomes/562.98859.fna.gz	0.0288913
data/genomes/562.98860.fna.gz	0.0130782
data/genomes/562.98861.fna.gz	0.032312
data/genomes/562.98862.fna.gz	0.0315181
data/genomes/562.98863.fna.gz	0.01177
data/genomes/562.98864.fna.gz	0.0304217
data/genomes/562.98865.fna.gz	0.0328716
data/genomes/562.98866.fna.gz	0.012982
data/genomes/562.98867.fna.gz	0.0120803
data/genomes/562.98868.fna.gz	0.0129198
data/genomes/562.98869.fna.gz	0.0117293
data/genomes/562.98870.fna.gz	0.0124327
data/genomes/562.98871.fna.gz	0.0127815
data/genomes/562.98872.fna.gz	0.0119428
data/genomes/562.98873.fna.gz	0.0115089
data/genomes/562.98874.fna.gz	0.0114508
data/genomes/562.98875.fna.gz	0.0324377
data/genomes/562.98876.fna.gz	0.0133742
data/genomes/562.98877.fna.gz	0.0131361
data/genomes/562.98878.fna.gz	0.0125217
data/genomes/562.98879.fna.gz	0.013083
data/genomes/562.98880.fna.gz	0.012372
data/genomes/562.98881.fna.gz	0.0119474
data/genomes/562.98882.fna.gz	0.0278041
data/genomes/562.98883.fna.gz	0.0120987
data/genomes/562.98884.fna.gz	0.0153043
data/genomes/562.98885.fna.gz	0.0130879
data/genomes/562.98886.fna.gz	0.0128911
data/genomes/562.98887.fna.gz	0.0147874
data/genomes/562.98888.fna.gz	0.0114285
data/genomes/562.98889.fna.gz	0.0171496
data/genomes/562.98890.fna.gz	0.0133889
data/genomes/562.98891.fna.gz	0.012663
data/genomes/562.98892.fna.gz	0.0321036
data/genomes/562.98893.fna.gz	0.0324062
data/genomes/562.98894.fna.gz	0.032
data/genomes/562.98895.fna.gz	0.0338478
data/genomes/562.98896.fna.gz	0.01177
data/genomes/562.98897.fna.gz	0.0114687
data/genomes/562.98898.fna.gz	0.0117021
data/genomes/562.98899.fna.gz	0.0141199
data/genomes/562.98900.fna.gz	0.0131893
data/genomes/562.98901.fna.gz	0.0119703
data/genomes/562.98902.fna.gz	0.0127245
data/genomes/562.98903.fna.gz	0.0323853
data/genomes/562.98904.fna.gz	0.0161139
data/genomes/562.98905.fna.gz	0.0122836
data/genomes/562.98906.fna.gz	0.0122002
data/genomes/562.98907.fna.gz	0.0136942
data/genomes/562.98908.fna.gz	0.0131361
data/genomes/562.98909.fna.gz	0.0138835
data/genomes/562.98910.fna.gz	0.0129293
data/genomes/562.98911.fna.gz	0.0120528
data/genomes/562.98912.fna.gz	0.0333773
data/genomes/562.98913.fna.gz	0.0148396
data/genomes/562.98914.fna.gz	0.017588
data/genomes/562.98915.fna.gz	0.015267
data/genomes/562.98916.fna.gz	0.0049846
data/genomes/562.98917.fna.gz	0.0119383
data/genomes/562.98918.fna.gz	0.0128529
data/genomes/562.98919.fna.gz	0.0116976
data/genomes/562.98920.fna.gz	0.012279
data/genomes/562.98921.fna.gz	0.0332581
data/genomes/562.98922.fna.gz	0.0116075
data/genomes/562.98923.fna.gz	0.0117972
data/genomes/562.98924.fna.gz	0.0110488
data/genomes/562.98925.fna.gz	0.0127958
data/genomes/562.98926.fna.gz	0.0127672
data/genomes/562.98927.fna.gz	0.0110838
data/genomes/562.98928.fna.gz	0.0332581
data/genomes/562.98929.fna.gz	0.0110269
data/genomes/562.98930.fna.gz	0.0118471
data/genomes/562.98931.fna.gz	0.0323015
data/genomes/562.98932.fna.gz	0.0169881
data/genomes/562.98933.fna.gz	0.0109658
data/genomes/562.98934.fna.gz	0.0254678
data/genomes/562.98935.fna.gz	0.012517
data/genomes/562.98936.fna.gz	0.0138985
data/genomes/562.98937.fna.gz	0.013112
data/genomes/562.98938.fna.gz	0.0154972
data/genomes/562.98939.fna.gz	0.0122697
data/genomes/562.98940.fna.gz	0.0115268
data/genomes/562.98941.fna.gz	0.028297
data/genomes/562.98942.fna.gz	0.0275126
data/genomes/562.98943.fna.gz	0.0329357
data/genomes/562.98944.fna.gz	0.0127815
data/genomes/562.98945.fna.gz	0.0119155
data/genomes/562.98946.fna.gz	0.0157571
data/genomes/562.98947.fna.gz	0.004924
data/genomes/562.98948.fna.gz	0.0122929
data/genomes/562.98949.fna.gz	0.0164708
data/genomes/562.98950.fna.gz	0.0130493
data/genomes/562.98951.fna.gz	0.0275742
data/genomes/562.98952.fna.gz	0.0158772
data/genomes/562.98953.fna.gz	0.0125076
data/genomes/562.98954.fna.gz	0.0251687
data/genomes/562.98955.fna.gz	0.0122465
data/genomes/562.98956.fna.gz	0.0157245
data/genomes/562.98957.fna.gz	0.033628
data/genomes/562.98958.fna.gz	0.0105133
data/genomes/562.98959.fna.gz	0.0323434
data/genomes/562.98960.fna.gz	0.012982
data/genomes/562.98961.fna.gz	0.0174585
data/genomes/562.98962.fna.gz	0.0132864
data/genomes/562.98963.fna.gz	0.0324482
data/genomes/562.98964.fna.gz	0.00507429
data/genomes/562.98965.fna.gz	0.013267
data/genomes/562.98966.fna.gz	0.0134673
data/genomes/562.98967.fna.gz	0.0169478
data/genomes/562.98968.fna.gz	0.0284057
data/genomes/562.98969.fna.gz	0.0334316
data/genomes/562.98970.fna.gz	0.00536563
data/genomes/562.98971.fna.gz	0.0117881
data/genomes/562.98972.fna.gz	0.0114196
data/genomes/562.98973.fna.gz	0.0319484
data/genomes/562.98974.fna.gz	0.0101836
data/genomes/562.98975.fna.gz	0.0324377
data/genomes/562.98976.fna.gz	0.0308154
data/genomes/562.98977.fna.gz	0.0122558
data/genomes/562.98978.fna.gz	0.0128959
data/genomes/562.98979.fna.gz	0.0323015
data/genomes/562.98980.fna.gz	0.0120573
data/genomes/562.98981.fna.gz	0.0133205
data/genomes/562.98982.fna.gz	0.0325851
data/genomes/562.98983.fna.gz	0.0125828
data/genomes/562.98984.fna.gz	0.0128529
data/genomes/562.98985.fna.gz	0.0122419
data/genomes/562.98986.fna.gz	0.0129246
data/genomes/562.98987.fna.gz	0.00560872
data/genomes/562.98988.fna.gz	0.0127482
data/genomes/562.98989.fna.gz	0.0129533
data/genomes/562.98990.fna.gz	0.0332149
data/genomes/562.98991.fna.gz	0.0136545
data/genomes/562.98992.fna.gz	0.0312048
data/genomes/562.98993.fna.gz	0.0124327
data/genomes/562.98994.fna.gz	0.0132621
data/genomes/562.98996.fna.gz	0.032925
data/genomes/562.98997.fna.gz	0.0130157
data/genomes/562.98998.fna.gz	0.00546707
data/genomes/562.98999.fna.gz	0.0312048
data/genomes/562.99000.fna.gz	0.0322389
data/genomes/562.99001.fna.gz	0.0132719
data/genomes/562.99002.fna.gz	0.0117021
data/genomes/562.99003.fna.gz	0.0327971
data/genomes/562.99004.fna.gz	0.0322911
data/genomes/562.99005.fna.gz	0.0136397
data/genomes/562.99006.fna.gz	0.0165891
data/genomes/562.99007.fna.gz	0.0112113
data/genomes/562.99008.fna.gz	0.0167081
data/genomes/562.99009.fna.gz	0.0123208
data/genomes/562.99010.fna.gz	0.0168562
data/genomes/562.99011.fna.gz	0.0326168
data/genomes/562.99012.fna.gz	0.0126583
data/genomes/562.99013.fna.gz	0.0146471
data/genomes/562.99014.fna.gz	0.012154
data/genomes/562.99015.fna.gz	0.01281
data/genomes/562.99016.fna.gz	0.0118108
data/genomes/562.99017.fna.gz	0.0117609
data/genomes/562.99018.fna.gz	0.0143078
data/genomes/562.99019.fna.gz	0.0118927
data/genomes/562.99020.fna.gz	0.0333664
data/genomes/562.99021.fna.gz	0.0332906
data/genomes/562.99022.fna.gz	0.0119246
data/genomes/562.99023.fna.gz	0.0329785
data/genomes/562.99024.fna.gz	0.0120298
data/genomes/562.99025.fna.gz	0.012872
data/genomes/562.99026.fna.gz	0.012016
data/genomes/562.99027.fna.gz	0.0128148
data/genomes/562.99028.fna.gz	0.0100165
data/genomes/562.99029.fna.gz	0.01317
data/genomes/562.99030.fna.gz	0.012228
data/genomes/562.99031.fna.gz	0.0324062
data/genomes/562.99032.fna.gz	0.0130301
data/genomes/562.99033.fna.gz	0.0166344
data/genomes/562.99034.fna.gz	0.0281347
data/genomes/562.99035.fna.gz	0.0118244
data/genomes/562.99036.fna.gz	0.0130927
data/genomes/562.99037.fna.gz	0.0330642
data/genomes/562.99038.fna.gz	0.0317427
data/genomes/562.99039.fna.gz	0.0333447
data/genomes/562.99040.fna.gz	0.015998
data/genomes/562.99041.fna.gz	0.0117293
data/genomes/562.99042.fna.gz	0.0133011
data/genomes/562.99043.fna.gz	0.0303046
data/genomes/562.99044.fna.gz	0.0160145
data/genomes/562.99045.fna.gz	0.0118608
data/genomes/562.99046.fna.gz	0.0141959
data/genomes/562.99047.fna.gz	0.0143742
data/genomes/562.99048.fna.gz	0.034574
data/genomes/562.99049.fna.gz	0.0129102
data/genomes/562.99050.fna.gz	0.0124327
data/genomes/562.99051.fna.gz	0.012517
data/genomes/562.99052.fna.gz	0.0137538
data/genomes/562.99053.fna.gz	0.0130975
data/genomes/562.99054.fna.gz	0.0123068
data/genomes/562.99055.fna.gz	0.0332365
data/genomes/562.99056.fna.gz	0.015987
data/genomes/562.99057.fna.gz	0.0127958
data/genomes/562.99058.fna.gz	0.0125452
data/genomes/562.99059.fna.gz	0.0123673
data/genomes/562.99060.fna.gz	0.0320933
data/genomes/562.99061.fna.gz	0.0323853
data/genomes/562.99062.fna.gz	0.0129964
data/genomes/562.99063.fna.gz	0.0318145
data/genomes/562.99064.fna.gz	0.0112201
data/genomes/562.99065.fna.gz	0.012982
data/genomes/562.99066.fna.gz	0.0323748
data/genomes/562.99067.fna.gz	0.0102172
data/genomes/562.99068.fna.gz	0.0326063
data/genomes/562.99069.fna.gz	0.0323224
data/genomes/562.99070.fna.gz	0.0119657
data/genomes/562.99071.fna.gz	0.0120757
data/genomes/562.99072.fna.gz	0.0130782
data/genomes/562.99073.fna.gz	0.012564
data/genomes/562.99074.fna.gz	0.0322598
data/genomes/562.99075.fna.gz	0.0129102
data/genomes/562.99076.fna.gz	0.0147249
data/genomes/562.99077.fna.gz	0.0130253
data/genomes/562.99078.fna.gz	0.0335733
data/genomes/562.99079.fna.gz	0.0126111
data/genomes/562.99080.fna.gz	0.0121863
data/genomes/562.99081.fna.gz	0.0125311
data/genomes/562.99082.fna.gz	0.0114955
data/genomes/562.99083.fna.gz	0.0115671
data/genomes/562.99084.fna.gz	0.0170053
data/genomes/562.99085.fna.gz	0.0325324
data/genomes/562.99086.fna.gz	0.0111893
data/genomes/562.99087.fna.gz	0.0135459
data/genomes/562.99088.fna.gz	0.0319794
data/genomes/562.99089.fna.gz	0.00524853
data/genomes/562.99090.fna.gz	0.0120987
data/genomes/562.99091.fna.gz	0.0253218
data/genomes/562.99092.fna.gz	0.0128577
data/genomes/562.99093.fna.gz	0.0155403
data/genomes/562.99094.fna.gz	0.0161637
data/genomes/562.99095.fna.gz	0.0316608
data/genomes/562.99096.fna.gz	0.0121494
data/genomes/562.99097.fna.gz	0.0139185
data/genomes/562.99098.fna.gz	0.0115851
data/genomes/562.99099.fna.gz	0.0135066
data/genomes/562.99100.fna.gz	0.0117202
data/genomes/562.99101.fna.gz	0.0114152
data/genomes/562.99102.fna.gz	0.0127958
data/genomes/562.99103.fna.gz	0.0127672
data/genomes/562.99104.fna.gz	0.0124233
data/genomes/562.99105.fna.gz	0.0319381
data/genomes/562.99106.fna.gz	0.0119337
data/genomes/562.99107.fna.gz	0.0132281
data/genomes/562.99108.fna.gz	0.031969
data/genomes/562.99109.fna.gz	0.0316813
data/genomes/562.99110.fna.gz	0.0119474
data/genomes/562.99111.fna.gz	0.0127958
data/genomes/562.99112.fna.gz	0.015998
data/genomes/562.99113.fna.gz	0.0122233
data/genomes/562.99114.fna.gz	0.0131313
data/genomes/562.99115.fna.gz	0.0123022
data/genomes/562.99116.fna.gz	0.0117474
data/genomes/562.99117.fna.gz	0.0281527
data/genomes/562.99118.fna.gz	0.0335842
data/genomes/562.99119.fna.gz	0.0320621
data/genomes/562.99120.fna.gz	0.0117881
data/genomes/562.99121.fna.gz	0.0323853
data/genomes/562.99122.fna.gz	0.0323224
data/genomes/562.99123.fna.gz	0.0129964
data/genomes/562.99124.fna.gz	0.0119611
data/genomes/562.99125.fna.gz	0.0132427
data/genomes/562.99126.fna.gz	0.0326063
data/genomes/562.99127.fna.gz	0.016657
data/genomes/562.99128.fna.gz	0.0118835
data/genomes/562.99129.fna.gz	0.0324693
data/genomes/562.99130.fna.gz	0.0121632
data/genomes/562.99131.fna.gz	0.012915
data/genomes/562.99132.fna.gz	0.0167934
data/genomes/562.99133.fna.gz	0.0128624
data/genomes/562.99134.fna.gz	0.0169536
data/genomes/562.99135.fna.gz	0.0325113
data/genomes/562.99136.fna.gz	0.0315996
data/genomes/562.99137.fna.gz	0.0337817
data/genomes/562.99138.fna.gz	0.0136348
data/genomes/562.99139.fna.gz	0.0116976
data/genomes/562.99140.fna.gz	0.0173531
data/genomes/562.99141.fna.gz	0.0122558
data/genomes/562.99142.fna.gz	0.0129341
data/genomes/562.99143.fna.gz	0.0255084
data/genomes/562.99144.fna.gz	0.0324693
data/genomes/562.99145.fna.gz	0.0157299
data/genomes/562.99146.fna.gz	0.031794
data/genomes/562.99147.fna.gz	0.0122372
data/genomes/562.99148.fna.gz	0.0117338
data/genomes/562.99149.fna.gz	0.0109615
data/genomes/562.99150.fna.gz	0.032114
data/genomes/562.99151.fna.gz	0.0121171
data/genomes/562.99152.fna.gz	0.0314877
data/genomes/562.99153.fna.gz	0.0280002
data/genomes/562.99154.fna.gz	0.0324482
data/genomes/562.99155.fna.gz	0.0117247
data/genomes/562.99156.fna.gz	0.033399
data/genomes/562.99157.fna.gz	0.0131361
data/genomes/562.99158.fna.gz	0.0131603
data/genomes/562.99159.fna.gz	0.0169134
data/genomes/562.99160.fna.gz	0.0119931
data/genomes/562.99161.fna.gz	0.0126205
data/genomes/562.99162.fna.gz	0.0333664
data/genomes/562.99163.fna.gz	0.0124467
data/genomes/562.99164.fna.gz	0.0140794
data/genomes/562.99165.fna.gz	0.0341695
data/genomes/562.99166.fna.gz	0.0124327
data/genomes/562.99167.fna.gz	0.0153417
data/genomes/562.99168.fna.gz	0.0150074
data/genomes/562.99169.fna.gz	0.0172366
data/genomes/562.99170.fna.gz	0.0122094
data/genomes/562.99171.fna.gz	0.0168791
data/genomes/562.99172.fna.gz	0.0122187
data/genomes/562.99173.fna.gz	0.0165327
data/genomes/562.99174.fna.gz	0.0125076
data/genomes/562.99175.fna.gz	0.0320621
data/genomes/562.99176.fna.gz	0.0126111
data/genomes/562.99177.fna.gz	0.033323
data/genomes/562.99178.fna.gz	0.0129102
data/genomes/562.99179.fna.gz	0.0124467
data/genomes/562.99180.fna.gz	0.01177
data/genomes/562.99181.fna.gz	0.0115402
data/genomes/562.99182.fna.gz	0.0272504
data/genomes/562.99183.fna.gz	0.032893
data/genomes/562.99184.fna.gz	0.0133303
data/genomes/562.99185.fna.gz	0.0117474
data/genomes/562.99186.fna.gz	0.0123906
data/genomes/562.99187.fna.gz	0.0129916
data/genomes/562.99188.fna.gz	0.0330642
data/genomes/562.99189.fna.gz	0.0168048
data/genomes/562.99190.fna.gz	0.0156702
data/genomes/562.99191.fna.gz	0.0114553
data/genomes/562.99192.fna.gz	0.0324167
data/genomes/562.99193.fna.gz	0.012386
data/genomes/562.99194.fna.gz	0.0332906
data/genomes/562.99195.fna.gz	0.0120941
data/genomes/562.99196.fna.gz	0.032829
data/genomes/562.99197.fna.gz	0.0330106
data/genomes/562.99198.fna.gz	0.00945066
data/genomes/562.99199.fna.gz	0.0278574
data/genomes/562.99200.fna.gz	0.0324272
data/genomes/562.99201.fna.gz	0.031569
data/genomes/562.99202.fna.gz	0.0125687
data/genomes/562.99203.fna.gz	0.0137389
data/genomes/562.99204.fna.gz	0.0178371
data/genomes/562.99205.fna.gz	0.0126158
data/genomes/562.99206.fna.gz	0.016691
data/genomes/562.99207.fna.gz	0.00385777
data/genomes/562.99208.fna.gz	0.0126536
data/genomes/562.99209.fna.gz	0.0287254
data/genomes/562.99210.fna.gz	0.0128959
data/genomes/562.99211.fna.gz	0.0119657
data/genomes/562.99212.fna.gz	0.0321452
data/genomes/562.99213.fna.gz	0.0155026
data/genomes/562.99214.fna.gz	0.0329999
data/genomes/562.99215.fna.gz	0.0115986
data/genomes/562.99216.fna.gz	0.0118744
data/genomes/562.99217.fna.gz	0.0122048
data/genomes/562.99218.fna.gz	0.0324693
data/genomes/562.99219.fna.gz	0.0128195
data/genomes/562.99220.fna.gz	0.0323434
data/genomes/562.99221.fna.gz	0.0113573
data/genomes/562.99223.fna.gz	0.0141705
data/genomes/562.99224.fna.gz	0.0127435
data/genomes/562.99225.fna.gz	0.0125969
data/genomes/562.99226.fna.gz	0.00527124
data/genomes/562.99227.fna.gz	0.0330535
data/genomes/562.99228.fna.gz	0.0116841
data/genomes/562.99229.fna.gz	0.0327015
data/genomes/562.99230.fna.gz	0.0117383
data/genomes/562.99231.fna.gz	0.031969
data/genomes/562.99232.fna.gz	0.0323748
data/genomes/562.99233.fna.gz	0.0329036
data/genomes/562.99234.fna.gz	0.0136397
data/genomes/562.99235.fna.gz	0.0122743
data/genomes/562.99236.fna.gz	0.0345062
data/genomes/562.99237.fna.gz	0.0332041
data/genomes/562.99238.fna.gz	0.0325324
data/genomes/562.99239.fna.gz	0.0327121
data/genomes/562.99240.fna.gz	0.011879
data/genomes/562.99241.fna.gz	0.0319277
data/genomes/562.99242.fna.gz	0.0138835
data/genomes/562.99243.fna.gz	0.0113573
data/genomes/562.99244.fna.gz	0.0153096
data/genomes/562.99245.fna.gz	0.0166797
data/genomes/562.99246.fna.gz	0.0137836
data/genomes/562.99247.fna.gz	0.0128481
data/genomes/562.99248.fna.gz	0.0127198
data/genomes/562.99249.fna.gz	0.0164595
data/genomes/562.99250.fna.gz	0.0331933
data/genomes/562.99251.fna.gz	0.0342254
data/genomes/562.99252.fna.gz	0.0338809
data/genomes/562.99253.fna.gz	0.0130205
data/genomes/562.99256.fna.gz	0.0126205
data/genomes/562.99257.fna.gz	0.0125922
data/genomes/562.99258.fna.gz	0.0127151
data/genomes/562.99259.fna.gz	0.0124
data/genomes/562.99260.fna.gz	0.0125969
data/genomes/562.99261.fna.gz	0.0126536
data/genomes/562.99262.fna.gz	0.0332473
data/genomes/562.99263.fna.gz	0.0120298
data/genomes/562.99264.fna.gz	0.0326274
data/genomes/562.99265.fna.gz	0.0323853
data/genomes/562.99266.fna.gz	0.0338809
data/genomes/562.99267.fna.gz	0.033399
data/genomes/562.99268.fna.gz	0.0324693
data/genomes/562.99270.fna.gz	0.0131555
data/genomes/562.99271.fna.gz	0.0327333
data/genomes/562.99272.fna.gz	0.017196
data/genomes/562.99273.fna.gz	0.0122048
data/genomes/562.99274.fna.gz	0.0124467
data/genomes/562.99275.fna.gz	0.013615
data/genomes/562.99276.fna.gz	0.01334
data/genomes/562.99277.fna.gz	0.0108182
data/genomes/562.99278.fna.gz	0.0127008
data/genomes/562.99279.fna.gz	0.0112113
data/genomes/562.99280.fna.gz	0.011829
data/genomes/562.99281.fna.gz	0.0327864
data/genomes/562.99283.fna.gz	0.0124187
data/genomes/562.99284.fna.gz	0.0333122
data/genomes/562.99285.fna.gz	0.0166287
data/genomes/562.99286.fna.gz	0.033617
data/genomes/562.99287.fna.gz	0.0336608
data/genomes/562.99289.fna.gz	0.0127767
data/genomes/562.99290.fna.gz	0.0132719
data/genomes/562.99291.fna.gz	0.0132767
data/genomes/562.99292.fna.gz	0.032861
data/genomes/562.99293.fna.gz	0.00667391
data/genomes/562.99294.fna.gz	0.0121079
data/genomes/562.99295.fna.gz	0.0340471
data/genomes/562.99296.fna.gz	0.0279644
data/genomes/562.99297.fna.gz	0.0131603
data/genomes/562.99298.fna.gz	0.011984
data/genomes/562.99299.fna.gz	0.0323748
data/genomes/562.99300.fna.gz	0.012872
data/genomes/562.99301.fna.gz	0.0318556
data/genomes/562.99302.fna.gz	0.0059155
data/genomes/562.99303.fna.gz	0.0105945
data/genomes/562.99304.fna.gz	0.012358
data/genomes/562.99305.fna.gz	0.00531349
data/genomes/562.99306.fna.gz	0.0343598
data/genomes/562.99307.fna.gz	0.0131071
data/genomes/562.99308.fna.gz	0.0122465
data/genomes/562.99309.fna.gz	0.0153203
data/genomes/562.99310.fna.gz	0.00416029
data/genomes/562.99311.fna.gz	0.0321452
data/genomes/562.99312.fna.gz	0.0124561
data/genomes/562.99313.fna.gz	0.0344385
data/genomes/562.99314.fna.gz	0.0130638
data/genomes/562.99315.fna.gz	0.012442
data/genomes/562.99316.fna.gz	0.0129725
data/genomes/562.99317.fna.gz	0.0341361
data/genomes/562.99318.fna.gz	0.0274863
data/genomes/562.99319.fna.gz	0.0301978
data/genomes/562.99320.fna.gz	0.0320621
data/genomes/562.99321.fna.gz	0.0311445
data/genomes/562.99322.fna.gz	0.0129102
data/genomes/562.99323.fna.gz	0.0175703
data/genomes/562.99324.fna.gz	0.0142314
data/genomes/562.99325.fna.gz	0.012872
data/genomes/562.99326.fna.gz	0.0338147
data/genomes/562.99327.fna.gz	0.0120573
data/genomes/562.99328.fna.gz	0.00969064
data/genomes/562.99329.fna.gz	0.0323538
data/genomes/562.99330.fna.gz	0.0129725
data/genomes/562.99331.fna.gz	0.0328503
data/genomes/562.99332.fna.gz	0.0172541
data/genomes/562.99333.fna.gz	0.0325429
data/genomes/562.99334.fna.gz	0.0130157
data/genomes/562.99335.fna.gz	0.0132913
data/genomes/562.99336.fna.gz	0.0321868
data/genomes/562.99337.fna.gz	0.0125264
data/genomes/562.99338.fna.gz	0.0326168
data/genomes/562.99339.fna.gz	0.0323015
data/genomes/562.99340.fna.gz	0.0334751
data/genomes/562.99341.fna.gz	0.0329785
data/genomes/562.99342.fna.gz	0.0168619
data/genomes/562.99343.fna.gz	0.028306
data/genomes/562.99344.fna.gz	0.0274775
data/genomes/562.99345.fna.gz	0.0170572
data/genomes/562.99346.fna.gz	0.0168276
data/genomes/562.99347.fna.gz	0.0162137
data/genomes/562.99348.fna.gz	0.0171033
data/genomes/562.99349.fna.gz	0.0314978
data/genomes/562.99350.fna.gz	0.0136348
data/genomes/562.99351.fna.gz	0.0137339
data/genomes/562.99352.fna.gz	0.0317222
data/genomes/562.99353.fna.gz	0.0114419
data/genomes/562.99354.fna.gz	0.0323958
data/genomes/562.99355.fna.gz	0.0149864
data/genomes/562.99356.fna.gz	0.0280898
data/genomes/562.99357.fna.gz	0.0322806
data/genomes/562.99358.fna.gz	0.0128959
data/genomes/562.99359.fna.gz	0.0138485
data/genomes/562.99360.fna.gz	0.0320104
data/genomes/562.99361.fna.gz	0.0112334
data/genomes/562.99362.fna.gz	0.0324798
data/genomes/562.99363.fna.gz	0.0126158
data/genomes/562.99364.fna.gz	0.0124982
data/genomes/562.99365.fna.gz	0.0129677
data/genomes/562.99366.fna.gz	0.0321244
data/genomes/562.99368.fna.gz	0.0119931
data/genomes/562.99370.fna.gz	0.0120619
data/genomes/562.99371.fna.gz	0.0332041
data/genomes/562.99372.fna.gz	0.0321036
data/genomes/562.99373.fna.gz	0.0337157
data/genomes/562.99374.fna.gz	0.0135706
data/genomes/562.99375.fna.gz	0.0167535
data/genomes/562.99376.fna.gz	0.0136694
data/genomes/562.99377.fna.gz	0.0102929
data/genomes/562.99379.fna.gz	0.032638
data/genomes/562.99380.fna.gz	0.013615
data/genomes/562.99381.fna.gz	0.0345853
data/genomes/562.99382.fna.gz	0.0125687
data/genomes/562.99383.fna.gz	0.0177716
data/genomes/562.99384.fna.gz	0.0124093
data/genomes/562.99385.fna.gz	0.0138036
data/genomes/562.99386.fna.gz	0.0278485
data/genomes/562.99387.fna.gz	0.0119748
data/genomes/562.99388.fna.gz	0.0132816
data/genomes/562.99389.fna.gz	0.0130879
data/genomes/562.99390.fna.gz	0.0134574
data/genomes/562.99391.fna.gz	0.0320621
data/genomes/562.99392.fna.gz	0.011952
data/genomes/562.99393.fna.gz	0.0144819
data/genomes/562.99394.fna.gz	0.0328396
data/genomes/562.99395.fna.gz	0.0152138
data/genomes/562.99396.fna.gz	0.010054
data/genomes/562.99397.fna.gz	0.0323224
data/genomes/562.99398.fna.gz	0.011621
data/genomes/562.99399.fna.gz	0.012191
data/genomes/562.99402.fna.gz	0.0127767
data/genomes/562.99403.fna.gz	0.0253623
data/genomes/562.99404.fna.gz	0.011838
data/genomes/562.99405.fna.gz	0.0162638
data/genomes/562.99407.fna.gz	0.0283967
data/genomes/562.99408.fna.gz	0.0121125
data/genomes/562.99409.fna.gz	0.0330642
data/genomes/562.99411.fna.gz	0.0124795
data/genomes/562.99412.fna.gz	0.012915
data/genomes/562.99413.fna.gz	0.0174879
data/genomes/562.99414.fna.gz	0.0333881
data/genomes/562.99415.fna.gz	0.0136051
data/genomes/562.99416.fna.gz	0.00493674
data/genomes/562.99417.fna.gz	0.0328716
data/genomes/562.99418.fna.gz	0.0175114
data/genomes/562.99419.fna.gz	0.0124327
data/genomes/562.99420.fna.gz	0.0329357
data/genomes/562.99421.fna.gz	0.0116661
data/genomes/562.99422.fna.gz	0.0121817
data/genomes/562.99423.fna.gz	0.0290118
data/genomes/562.99424.fna.gz	0.0122048
data/genomes/562.99425.fna.gz	0.0122326
data/genomes/562.99426.fna.gz	0.0110182
data/genomes/562.99427.fna.gz	0.0325746
data/genomes/562.99429.fna.gz	0.031969
data/genomes/562.99430.fna.gz	0.0125029
data/genomes/562.99431.fna.gz	0.0124561
data/genomes/562.99433.fna.gz	0.0176767
data/genomes/562.99434.fna.gz	0.0100332
data/genomes/562.99435.fna.gz	0.0168391
data/genomes/562.99436.fna.gz	0.012358
data/genomes/562.99437.fna.gz	0.0127293
data/genomes/562.99438.fna.gz	0.0135607
data/genomes/562.99439.fna.gz	0.015998
data/genomes/562.99440.fna.gz	0.0134378
data/genomes/562.99441.fna.gz	0.0112776
data/genomes/562.99442.fna.gz	0.011952
data/genomes/562.99443.fna.gz	0.013141
data/genomes/562.99444.fna.gz	0.0128815
data/genomes/562.99445.fna.gz	0.0123068
data/genomes/562.99446.fna.gz	0.0115223
data/genomes/562.99447.fna.gz	0.0151024
data/genomes/562.99448.fna.gz	0.0158226
data/genomes/562.99449.fna.gz	0.0315283
data/genomes/562.99450.fna.gz	0.0105432
data/genomes/562.99451.fna.gz	0.0318968
data/genomes/562.99452.fna.gz	0.0102256
data/genomes/562.99453.fna.gz	0.0132913
data/genomes/562.99454.fna.gz	0.0128911
data/genomes/562.99455.fna.gz	0.0136545
data/genomes/562.99456.fna.gz	0.0123347
data/genomes/562.99457.fna.gz	0.013267
data/genomes/562.99458.fna.gz	0.0128291
data/genomes/562.99460.fna.gz	0.0332689
data/genomes/562.99463.fna.gz	0.0339141
data/genomes/562.99464.fna.gz	0.014446
data/genomes/562.99465.fna.gz	0.0118744
data/genomes/562.99467.fna.gz	0.0132913
data/genomes/562.99468.fna.gz	0.0350415
data/genomes/562.99470.fna.gz	0.0130782
data/genomes/562.99471.fna.gz	0.010125
data/genomes/562.99472.fna.gz	0.0123394
data/genomes/562.99473.fna.gz	0.0134231
data/genomes/562.99474.fna.gz	0.0172424
data/genomes/562.99475.fna.gz	0.0101166
data/genomes/562.99476.fna.gz	0.0149443
data/genomes/562.99477.fna.gz	0.0115134
data/genomes/562.99478.fna.gz	0.0286795
data/genomes/562.99479.fna.gz	0.011984
data/genomes/562.99480.fna.gz	0.0133693
data/genomes/562.99481.fna.gz	0.00959675
data/genomes/562.99482.fna.gz	0.0117202
data/genomes/562.99483.fna.gz	0.0326274
data/genomes/562.99484.fna.gz	0.0125264
data/genomes/562.99485.fna.gz	0.0119428
data/genomes/562.99486.fna.gz	0.0152616
data/genomes/562.99487.fna.gz	0.0327439
data/genomes/562.99488.fna.gz	0.0125875
data/genomes/562.99489.fna.gz	0.033617
data/genomes/562.99490.fna.gz	0.0325429
data/genomes/562.99491.fna.gz	0.0132621
data/genomes/562.99492.fna.gz	0.0172018
data/genomes/562.99493.fna.gz	0.0341472
data/genomes/562.99494.fna.gz	0.0327864
data/genomes/562.99495.fna.gz	0.0116661
data/genomes/562.99496.fna.gz	0.0314978
data/genomes/562.99498.fna.gz	0.012734
data/genomes/562.99499.fna.gz	0.0325324
data/genomes/562.99500.fna.gz	0.0323538
data/genomes/562.99501.fna.gz	0.0178789
data/genomes/562.99502.fna.gz	0.0120757
data/genomes/562.99503.fna.gz	0.0112466
data/genomes/562.99504.fna.gz	0.0144511
data/genomes/562.99507.fna.gz	0.0170341
data/genomes/562.99508.fna.gz	0.0138085
data/genomes/562.99509.fna.gz	0.0129677
data/genomes/562.99510.fna.gz	0.0134231
data/genomes/562.99511.fna.gz	0.0335187
data/genomes/562.99512.fna.gz	0.0132281
data/genomes/562.99513.fna.gz	0.0125358
data/genomes/562.99514.fna.gz	0.0324903
data/genomes/562.99515.fna.gz	0.0127482
data/genomes/562.99516.fna.gz	0.0122372
data/genomes/562.99517.fna.gz	0.030756
data/genomes/562.99518.fna.gz	0.0324693
data/genomes/562.99519.fna.gz	0.0331179
data/genomes/562.99520.fna.gz	0.0170918
data/genomes/562.99521.fna.gz	0.00522909
data/genomes/562.99522.fna.gz	0.016125
data/genomes/562.99523.fna.gz	0.0168734
data/genomes/562.99524.fna.gz	0.0315181
data/genomes/562.99525.fna.gz	0.0319277
data/genomes/562.99526.fna.gz	0.0140845
data/genomes/562.99527.fna.gz	0.0169192
data/genomes/562.99528.fna.gz	0.0335187
data/genomes/562.99529.fna.gz	0.0111321
data/genomes/562.99530.fna.gz	0.0131797
data/genomes/562.99531.fna.gz	0.0311245
data/genomes/562.99532.fna.gz	0.0123347
data/genomes/562.99533.fna.gz	0.0138485
data/genomes/562.99534.fna.gz	0.0335187
data/genomes/562.99535.fna.gz	0.0129916
data/genomes/562.99536.fna.gz	0.0118153
data/genomes/562.99537.fna.gz	0.0326168
data/genomes/562.99538.fna.gz	0.0169364
data/genomes/562.99539.fna.gz	0.0284512
data/genomes/562.99540.fna.gz	0.0333014
data/genomes/562.99541.fna.gz	0.0132864
data/genomes/562.99542.fna.gz	0.0172018
data/genomes/562.99543.fna.gz	0.0321764
data/genomes/562.99544.fna.gz	0.0331502
data/genomes/562.99545.fna.gz	0.0122929
data/genomes/562.99546.fna.gz	0.0111805
data/genomes/562.99547.fna.gz	0.0143537
data/genomes/562.99549.fna.gz	0.0124233
data/genomes/562.99550.fna.gz	0.0330857
data/genomes/562.99551.fna.gz	0.0318762
data/genomes/562.99552.fna.gz	0.013384
data/genomes/562.99553.fna.gz	0.0130157
data/genomes/562.99554.fna.gz	0.0282699
data/genomes/562.99555.fna.gz	0.0161637
data/genomes/562.99556.fna.gz	0.0130927
data/genomes/562.99557.fna.gz	0.0122836
data/genomes/562.99558.fna.gz	0.031794
data/genomes/562.99559.fna.gz	0.0319484
data/genomes/562.99560.fna.gz	0.0163866
data/genomes/562.99561.fna.gz	0.0318968
data/genomes/562.99562.fna.gz	0.0119977
data/genomes/562.99563.fna.gz	0.0323434
data/genomes/562.99564.fna.gz	0.0134329
data/genomes/562.99565.fna.gz	0.012265
data/genomes/562.99566.fna.gz	0.0114018
data/genomes/562.99567.fna.gz	0.0115313
data/genomes/562.99568.fna.gz	0.0131458
data/genomes/562.99569.fna.gz	0.0130975
data/genomes/562.99570.fna.gz	0.011639
data/genomes/562.99571.fna.gz	0.0139536
data/genomes/562.99572.fna.gz	0.0171496
data/genomes/562.99573.fna.gz	0.0337597
data/genomes/562.99574.fna.gz	0.0108009
data/genomes/562.99575.fna.gz	0.0332581
data/genomes/562.99576.fna.gz	0.0142365
data/genomes/562.99577.fna.gz	0.0115896
data/genomes/562.99578.fna.gz	0.0318556
data/genomes/562.99579.fna.gz	0.0168505
data/genomes/562.99580.fna.gz	0.0324482
data/genomes/562.99581.fna.gz	0.0340138
data/genomes/562.99582.fna.gz	0.0316404
data/genomes/562.99583.fna.gz	0.0326909
data/genomes/562.99584.fna.gz	0.0273288
data/genomes/562.99585.fna.gz	0.0160035
data/genomes/562.99586.fna.gz	0.0247858
data/genomes/562.99587.fna.gz	0.0332906
data/genomes/562.99588.fna.gz	0.0143384
data/genomes/562.99589.fna.gz	0.0322389
data/genomes/562.99590.fna.gz	0.013199
data/genomes/562.99591.fna.gz	0.0117655
data/genomes/562.99592.fna.gz	0.0110532
data/genomes/562.99593.fna.gz	0.0117836
data/genomes/562.99594.fna.gz	0.0120436
data/genomes/562.99595.fna.gz	0.0279912
data/genomes/562.99596.fna.gz	0.0128053
data/genomes/562.99597.fna.gz	0.0176116
data/genomes/562.99598.fna.gz	0.0119886
data/genomes/562.99599.fna.gz	0.0327971
data/genomes/562.99600.fna.gz	0.013541
data/genomes/562.99601.fna.gz	0.0325113
data/genomes/562.99602.fna.gz	0.0125593
data/genomes/562.99603.fna.gz	0.0330857
data/genomes/562.99604.fna.gz	0.0133303
data/genomes/562.99605.fna.gz	0.0334316
data/genomes/562.99606.fna.gz	0.0136348
data/genomes/562.99607.fna.gz	0.0134574
data/genomes/562.99608.fna.gz	0.0120941
data/genomes/562.99609.fna.gz	0.034036
data/genomes/562.99610.fna.gz	0.0138885
data/genomes/562.99611.fna.gz	0.0130734
data/genomes/562.99612.fna.gz	0.0325219
data/genomes/562.99613.fna.gz	0.0158062
data/genomes/562.99614.fna.gz	0.0321972
data/genomes/562.99615.fna.gz	0.0134574
data/genomes/562.99616.fna.gz	0.0113707
data/genomes/562.99617.fna.gz	0.0331718
data/genomes/562.99618.fna.gz	0.0132233
data/genomes/562.99619.fna.gz	0.0334751
data/genomes/562.99620.fna.gz	0.00356038
data/genomes/562.99621.fna.gz	0.030875
data/genomes/562.99622.fna.gz	0.0132719
data/genomes/562.99623.fna.gz	0.00546707
data/genomes/562.99624.fna.gz	0.0339473
data/genomes/562.99625.fna.gz	0.0330964
data/genomes/562.99626.fna.gz	0.013006
data/genomes/562.99627.fna.gz	0.0328503
data/genomes/562.99628.fna.gz	0.0314877
data/genomes/562.99629.fna.gz	0.0161139
data/genomes/562.99630.fna.gz	0.0174527
data/genomes/562.99631.fna.gz	0.0320104
data/genomes/562.99632.fna.gz	0.0290118
data/genomes/562.99633.fna.gz	0.0165778
data/genomes/562.99634.fna.gz	0.0165383
data/genomes/562.99635.fna.gz	0.0315792
data/genomes/562.99636.fna.gz	0.0343486
data/genomes/562.99637.fna.gz	0.0140039
data/genomes/562.99638.fna.gz	0.032861
data/genomes/562.99639.fna.gz	0.0316098
data/genomes/562.99640.fna.gz	0.0130205
data/genomes/562.99641.fna.gz	0.0126205
data/genomes/562.99642.fna.gz	0.0306573
data/genomes/562.99643.fna.gz	0.0117655
data/genomes/562.99644.fna.gz	0.0172948
data/genomes/562.99645.fna.gz	0.0173181
data/genomes/562.99646.fna.gz	0.034371
data/genomes/562.99647.fna.gz	0.0328077
data/genomes/562.99648.fna.gz	0.0141199
data/genomes/562.99649.fna.gz	0.0132378
data/genomes/562.99650.fna.gz	0.0321972
data/genomes/562.99651.fna.gz	0.0339583
data/genomes/562.99652.fna.gz	0.0335405
data/genomes/562.99653.fna.gz	0.0130975
data/genomes/562.99654.fna.gz	0.0337377
data/genomes/562.99656.fna.gz	0.0133742
data/genomes/562.99657.fna.gz	0.0157626
data/genomes/562.99658.fna.gz	0.0320104
data/genomes/562.99659.fna.gz	0.0165214
data/genomes/562.99660.fna.gz	0.0143793
data/genomes/562.99661.fna.gz	0.0279465
data/genomes/562.99662.fna.gz	0.0115178
data/genomes/562.99663.fna.gz	0.0313156
data/genomes/562.99664.fna.gz	0.00427662
data/genomes/562.99665.fna.gz	0.0325219
data/genomes/562.99666.fna.gz	0.0138735
data/genomes/562.99667.fna.gz	0.0125593
data/genomes/562.99669.fna.gz	0.0116345
data/genomes/562.99670.fna.gz	0.0256636
data/genomes/562.99671.fna.gz	0.0122604
data/genomes/562.99672.fna.gz	0.0280181
data/genomes/562.99673.fna.gz	0.0343486
data/genomes/562.99674.fna.gz	0.0139586
data/genomes/562.99675.fna.gz	0.0129389
data/genomes/562.99676.fna.gz	0.02477
data/genomes/562.99677.fna.gz	0.0113751
data/genomes/562.99678.fna.gz	0.032564
data/genomes/562.99679.fna.gz	0.0154811
data/genomes/562.99680.fna.gz	0.0127577
data/genomes/562.99681.fna.gz	0.016623
data/genomes/562.99682.fna.gz	0.0327121
data/genomes/562.99683.fna.gz	0.0121402
data/genomes/562.99684.fna.gz	0.0173999
data/genomes/562.99685.fna.gz	0.0127245
data/genomes/562.99686.fna.gz	0.0341249
data/genomes/562.99687.fna.gz	0.0163028
data/genomes/562.99688.fna.gz	0.0128386
data/genomes/562.99689.fna.gz	0.0127245
data/genomes/562.99690.fna.gz	0.0122697
data/genomes/562.99691.fna.gz	0.0323224
data/genomes/562.99692.fna.gz	0.0168048
data/genomes/562.99693.fna.gz	0.0340693
data/genomes/562.99694.fna.gz	0.0120069
data/genomes/562.99695.fna.gz	0.0326697
data/genomes/562.99696.fna.gz	0.0118108
data/genomes/562.99697.fna.gz	0.0117157
data/genomes/562.99698.fna.gz	0.0155997
data/genomes/562.99699.fna.gz	0.0319277
data/genomes/562.99700.fna.gz	0.027742
data/genomes/562.99701.fna.gz	0.0182039
data/genomes/562.99702.fna.gz	0.0175349
data/genomes/562.99703.fna.gz	0.0279109
data/genomes/562.99704.fna.gz	0.0111849
data/genomes/562.99705.fna.gz	0.0313661
data/genomes/562.99706.fna.gz	0.0315385
data/genomes/562.99707.fna.gz	0.0289376
data/genomes/562.99708.fna.gz	0.0115851
data/genomes/562.99709.fna.gz	0.0123953
data/genomes/562.99710.fna.gz	0.0327333
data/genomes/562.99711.fna.gz	0.013541
data/genomes/562.99712.fna.gz	0.0124561
data/genomes/562.99713.fna.gz	0.0161915
data/genomes/562.99714.fna.gz	0.0176648
data/genomes/562.99715.fna.gz	0.0164259
data/genomes/562.99716.fna.gz	0.0119383
data/genomes/562.99717.fna.gz	0.0153684
data/genomes/562.99718.fna.gz	0.0340804
data/genomes/562.99719.fna.gz	0.0115447
data/genomes/562.99720.fna.gz	0.0323643
data/genomes/562.99721.fna.gz	0.0169249
data/genomes/562.99722.fna.gz	0.0122743
data/genomes/562.99723.fna.gz	0.0323434
data/genomes/562.99724.fna.gz	0.0323434
data/genomes/562.99725.fna.gz	0.0294423
data/genomes/562.99726.fna.gz	0.0286612
data/genomes/562.99727.fna.gz	0.0166457
data/genomes/562.99728.fna.gz	0.0110051
data/genomes/562.99729.fna.gz	0.031508
data/genomes/562.99730.fna.gz	0.0327121
data/genomes/562.99731.fna.gz	0.0318351
data/genomes/562.99732.fna.gz	0.0317734
data/genomes/562.99733.fna.gz	0.0295462
data/genomes/562.99734.fna.gz	0.0122141
data/genomes/562.99735.fna.gz	0.00480339
data/genomes/562.99736.fna.gz	0.0118244
data/genomes/562.99737.fna.gz	0.0333556
data/genomes/562.99738.fna.gz	0.0147353
data/genomes/562.99739.fna.gz	0.0165722
data/genomes/562.99740.fna.gz	0.01192
data/genomes/562.99741.fna.gz	0.0118744
data/genomes/562.99742.fna.gz	0.0164371
data/genomes/562.99743.fna.gz	0.0170918
data/genomes/562.99744.fna.gz	0.0131458
data/genomes/562.99745.fna.gz	0.0347669
data/genomes/562.99746.fna.gz	0.0119063
data/genomes/562.99747.fna.gz	0.0331502
data/genomes/562.99748.fna.gz	0.0120482
data/genomes/562.99749.fna.gz	0.0334098
data/genomes/562.99750.fna.gz	0.0251767
data/genomes/562.99751.fna.gz	0.0164259
data/genomes/562.99752.fna.gz	0.0131458
data/genomes/562.99753.fna.gz	0.0164315
data/genomes/562.99754.fna.gz	0.0310244
data/genomes/562.99755.fna.gz	0.0139235
data/genomes/562.99756.fna.gz	0.0326591
data/genomes/562.99757.fna.gz	0.0120573
data/genomes/562.99758.fna.gz	0.0331718
data/genomes/562.99759.fna.gz	0.0144408
data/genomes/562.99760.fna.gz	0.0132087
data/genomes/562.99761.fna.gz	0.0130157
data/genomes/562.99762.fna.gz	0.0124607
data/genomes/562.99763.fna.gz	0.0276359
data/genomes/562.99764.fna.gz	0.0140492
data/genomes/562.99765.fna.gz	0.0320829
data/genomes/562.99766.fna.gz	0.0126205
data/genomes/562.99767.fna.gz	0.0129102
data/genomes/562.99768.fna.gz	0.0337927
data/genomes/562.99769.fna.gz	0.0131023
data/genomes/562.99770.fna.gz	0.0130445
data/genomes/562.99771.fna.gz	0.0334207
data/genomes/562.99772.fna.gz	0.0115941
data/genomes/562.99773.fna.gz	0.012228
data/genomes/562.99774.fna.gz	0.0130879
data/genomes/562.99775.fna.gz	0.013006
data/genomes/562.99776.fna.gz	0.01177
data/genomes/562.99777.fna.gz	0.033399
data/genomes/562.99778.fna.gz	0.0125499
data/genomes/562.99779.fna.gz	0.0329785
data/genomes/562.99780.fna.gz	0.0320104
data/genomes/562.99781.fna.gz	0.0165665
data/genomes/562.99782.fna.gz	0.0128291
data/genomes/562.99783.fna.gz	0.0125264
data/genomes/562.99784.fna.gz	0.0132767
data/genomes/562.99785.fna.gz	0.0306573
data/genomes/562.99786.fna.gz	0.033486
data/genomes/562.99787.fna.gz	0.0335514
data/genomes/562.99788.fna.gz	0.0159266
data/genomes/562.99789.fna.gz	0.0130734
data/genomes/562.99790.fna.gz	0.013267
data/genomes/562.99791.fna.gz	0.025217
data/genomes/562.99792.fna.gz	0.0123022
data/genomes/562.99793.fna.gz	0.0124701
data/genomes/562.99794.fna.gz	0.0124514
data/genomes/562.99795.fna.gz	0.0175526
data/genomes/562.99796.fna.gz	0.0315894
data/genomes/562.99797.fna.gz	0.0170629
data/genomes/562.99798.fna.gz	0.0122233
data/genomes/562.99799.fna.gz	0.012414
data/genomes/562.99800.fna.gz	0.0176589
data/genomes/562.99801.fna.gz	0.0137986
data/genomes/562.99802.fna.gz	0.0162693
data/genomes/562.99803.fna.gz	0.0118199
data/genomes/562.99804.fna.gz	0.0118471
data/genomes/562.99805.fna.gz	0.0120711
data/genomes/562.99806.fna.gz	0.031794
data/genomes/562.99807.fna.gz	0.0330535
data/genomes/562.99808.fna.gz	0.0148291
data/genomes/562.99809.fna.gz	0.00561864
data/genomes/562.99810.fna.gz	0.0117927
data/genomes/562.99811.fna.gz	0.00562195
data/genomes/562.99812.fna.gz	0.0124561
data/genomes/562.99813.fna.gz	0.0131458
data/genomes/562.99814.fna.gz	0.0125781
data/genomes/562.99815.fna.gz	0.03162
data/genomes/562.99816.fna.gz	0.0162861
data/genomes/562.99817.fna.gz	0.013199
data/genomes/562.99818.fna.gz	0.0339141
data/genomes/562.99819.fna.gz	0.0115402
data/genomes/562.99820.fna.gz	0.0112113
data/genomes/562.99821.fna.gz	0.0319381
data/genomes/562.99822.fna.gz	0.0148553
data/genomes/562.99823.fna.gz	0.00987563
data/genomes/562.99824.fna.gz	0.010918
data/genomes/562.99825.fna.gz	0.0145747
data/genomes/562.99826.fna.gz	0.0134133
data/genomes/562.99827.fna.gz	0.0149076
data/genomes/562.99828.fna.gz	0.0111365
data/genomes/562.99829.fna.gz	0.0164764
data/genomes/562.99830.fna.gz	0.028524
data/genomes/562.99831.fna.gz	0.0160531
data/genomes/562.99832.fna.gz	0.013112
data/genomes/562.99833.fna.gz	0.0127435
data/genomes/562.99834.fna.gz	0.0321244
data/genomes/562.99835.fna.gz	0.017225
data/genomes/562.99836.fna.gz	0.0129198
data/genomes/562.99837.fna.gz	0.0328823
data/genomes/562.99838.fna.gz	0.0327652
data/genomes/562.99839.fna.gz	0.0140039
data/genomes/562.99840.fna.gz	0.0122882
data/genomes/562.99841.fna.gz	0.0332365
data/genomes/562.99842.fna.gz	0.0165271
data/genomes/562.99843.fna.gz	0.0126914
data/genomes/562.99844.fna.gz	0.0162749
data/genomes/562.99845.fna.gz	0.0130734
data/genomes/562.99846.fna.gz	0.0330427
data/genomes/562.99847.fna.gz	0.0318659
data/genomes/562.99848.fna.gz	0.0313964
data/genomes/562.99849.fna.gz	0.0326274
data/genomes/562.99850.fna.gz	0.012663
data/genomes/562.99851.fna.gz	0.0119931
data/genomes/562.99852.fna.gz	0.0311044
data/genomes/562.99853.fna.gz	0.0325113
data/genomes/562.99854.fna.gz	0.0117927
data/genomes/562.99855.fna.gz	0.0127625
data/genomes/562.99856.fna.gz	0.0136348
data/genomes/562.99857.fna.gz	0.0150022
data/genomes/562.99858.fna.gz	0.011657
data/genomes/562.99859.fna.gz	0.0164652
data/genomes/562.99860.fna.gz	0.0337597
data/genomes/562.99861.fna.gz	0.0306474
data/genomes/562.99862.fna.gz	0.0167991
data/genomes/562.99863.fna.gz	0.033161
data/genomes/562.99864.fna.gz	0.0133449
data/genomes/562.99865.fna.gz	0.0129341
data/genomes/562.99866.fna.gz	0.0120436
data/genomes/562.99867.fna.gz	0.03471
data/genomes/562.99868.fna.gz	0.0129916
data/genomes/562.99869.fna.gz	0.0127245
data/genomes/562.99870.fna.gz	0.012734
data/genomes/562.99871.fna.gz	0.0166004
data/genomes/562.99872.fna.gz	0.0327971
data/genomes/562.99873.fna.gz	0.0330964
data/genomes/562.99874.fna.gz	0.011657
data/genomes/562.99875.fna.gz	0.0147145
data/genomes/562.99876.fna.gz	0.0314877
data/genomes/562.99877.fna.gz	0.0123906
data/genomes/562.99878.fna.gz	0.0333881
data/genomes/562.99879.fna.gz	0.0338809
data/genomes/562.99880.fna.gz	0.0118881
data/genomes/562.99881.fna.gz	0.0329143
data/genomes/562.99882.fna.gz	0.0171033
data/genomes/562.99883.fna.gz	0.0128577
data/genomes/562.99884.fna.gz	0.0170745
data/genomes/562.99885.fna.gz	0.0330964
data/genomes/562.99886.fna.gz	0.0128005
data/genomes/562.99887.fna.gz	0.0128338
data/genomes/562.99888.fna.gz	0.0283694
data/genomes/562.99889.fna.gz	0.01177
data/genomes/562.99890.fna.gz	0.0119657
data/genomes/562.99891.fna.gz	0.032312
data/genomes/562.99892.fna.gz	0.031671
data/genomes/562.99893.fna.gz	0.012791
data/genomes/562.99894.fna.gz	0.0320933
data/genomes/562.99895.fna.gz	0.0130301
data/genomes/562.99896.fna.gz	0.0317734
data/genomes/562.99897.fna.gz	0.0130686
data/genomes/562.99898.fna.gz	0.0119474
data/genomes/562.99899.fna.gz	0.0125358
data/genomes/562.99900.fna.gz	0.0113796
data/genomes/562.99901.fna.gz	0.012265
data/genomes/562.99902.fna.gz	0.0115806
data/genomes/562.99903.fna.gz	0.0117791
data/genomes/562.99904.fna.gz	0.0169192
data/genomes/562.99905.fna.gz	0.0303826
data/genomes/562.99906.fna.gz	0.0120987
data/genomes/562.99907.fna.gz	0.0315181
data/genomes/562.99908.fna.gz	0.0153898
data/genomes/562.99909.fna.gz	0.0136397
data/genomes/562.99910.fna.gz	0.0124093
data/genomes/562.99911.fna.gz	0.0126914
data/genomes/562.99912.fna.gz	0.011612
data/genomes/562.99913.fna.gz	0.0115089
data/genomes/562.99914.fna.gz	0.0131506
data/genomes/562.99915.fna.gz	0.0120941
data/genomes/562.99916.fna.gz	0.0131265
data/genomes/562.99917.fna.gz	0.0171554
data/genomes/562.99918.fna.gz	0.0124373
data/genomes/562.99919.fna.gz	0.033486
data/genomes/562.99920.fna.gz	0.0328823
data/genomes/562.99921.fna.gz	0.0337487
data/genomes/562.99922.fna.gz	0.01192
data/genomes/562.99923.fna.gz	0.0129054
data/genomes/562.99924.fna.gz	0.013199
data/genomes/562.99925.fna.gz	0.0113707
data/genomes/562.99926.fna.gz	0.0311445
data/genomes/562.99927.fna.gz	0.0167649
data/genomes/562.99928.fna.gz	0.0329143
data/genomes/562.99929.fna.gz	0.0138435
data/genomes/562.99930.fna.gz	0.0132281
data/genomes/562.99931.fna.gz	0.0341138
data/genomes/562.99932.fna.gz	0.0133449
data/genomes/562.99933.fna.gz	0.0128481
data/genomes/562.99934.fna.gz	0.0119977
data/genomes/562.99935.fna.gz	0.00554599
data/genomes/562.99936.fna.gz	0.0167991
data/genomes/562.99937.fna.gz	0.0118108
data/genomes/562.99938.fna.gz	0.0173181
data/genomes/562.99939.fna.gz	0.0323853
data/genomes/562.99940.fna.gz	0.012279
data/genomes/562.99941.fna.gz	0.0312249
data/genomes/562.99942.fna.gz	0.0312954
data/genomes/562.99943.fna.gz	0.0117881
data/genomes/562.99944.fna.gz	0.0332581
data/genomes/562.99945.fna.gz	0.0178133
data/genomes/562.99946.fna.gz	0.0176057
data/genomes/562.99947.fna.gz	0.0315996
data/genomes/562.99948.fna.gz	0.0171496
data/genomes/562.99949.fna.gz	0.0279733
data/genomes/562.99950.fna.gz	0.00461459
data/genomes/562.99951.fna.gz	0.0135311
data/genomes/562.99952.fna.gz	0.0128672
data/genomes/562.99953.fna.gz	0.0126441
data/genomes/562.99954.fna.gz	0.0114152
data/genomes/562.99955.fna.gz	0.0158499
data/genomes/562.99956.fna.gz	0.0314572
data/genomes/562.99957.fna.gz	0.0126111
data/genomes/562.99958.fna.gz	0.0340471
data/genomes/562.99959.fna.gz	0.0118608
data/genomes/562.99960.fna.gz	0.0335296
data/genomes/562.99961.fna.gz	0.0127245
data/genomes/562.99962.fna.gz	0.0049049
data/genomes/562.99963.fna.gz	0.0130397
data/genomes/562.99964.fna.gz	0.0123906
data/genomes/562.99965.fna.gz	0.0113707
data/genomes/562.99966.fna.gz	0.0133596
data/genomes/562.99967.fna.gz	0.0128624
data/genomes/562.99968.fna.gz	0.0333773
data/genomes/562.99969.fna.gz	0.013719
data/genomes/562.99970.fna.gz	0.0133303
data/genomes/562.99971.fna.gz	0.0334642
data/genomes/562.99972.fna.gz	0.0113751
data/genomes/562.99973.fna.gz	0.0133108
data/genomes/562.99974.fna.gz	0.0118108
data/genomes/562.99975.fna.gz	0.027539
data/genomes/562.99976.fna.gz	0.0170456
data/genomes/562.99977.fna.gz	0.0334098
data/genomes/562.99978.fna.gz	0.0140441
data/genomes/562.99979.fna.gz	0.0344048
data/genomes/562.99980.fna.gz	0.0279644
data/genomes/562.99981.fna.gz	0.0323224
data/genomes/562.99982.fna.gz	0.0135115
data/genomes/562.99983.fna.gz	0.0122743
data/genomes/562.99984.fna.gz	0.0125828
data/genomes/562.99985.fna.gz	0.032166
data/genomes/562.99986.fna.gz	0.0320104
data/genomes/562.99987.fna.gz	0.0133205
data/genomes/562.99988.fna.gz	0.0133645
data/genomes/562.99989.fna.gz	0.0122604
data/genomes/562.99990.fna.gz	0.0330535
data/genomes/562.99991.fna.gz	0.0132816
data/genomes/562.99992.fna.gz	0.0315283
data/genomes/562.99993.fna.gz	0.0142162
data/genomes/562.99994.fna.gz	0.0124888
data/genomes/562.99995.fna.gz	0.0319071
data/genomes/562.99996.fna.gz	0.0321556
data/genomes/562.99997.fna.gz	0.013267
data/genomes/562.99998.fna.gz	0.0123627
data/genomes/562.99999.fna.gz	0.0117112
